person_id,name,pen_taken,pen_scored,gk_faced,gk_saved,fifa_pen,source,url,checked,note,upl_taken,upl_scored,upl_gk_faced,upl_gk_saved,pen_saved_by_gk,gk_conceded,games_tm,games_tracked,tracked_seasons,tm_id,mainpos,line,max_rating,seasons,upl_apps_pool,upl_goals_pool
w:1976-09-29:shevchenko,Андрій Шевченко,52,44,0,0,,transfermarkt (tmapi performance-game),https://www.transfermarkt.com/andriy-shevchenko/profil/spieler/3522 https://tmapi.transfermarkt.technology/player/3522/performance-game,2026-09-30,"tm id: data/class: repo link (data/foot, data/positions)",6,6,0,0,5,0,822,822,1992–2012,3522,ST,FW,97,8,172,83
tm:69015,Андрій Ярмоленко,39,33,0,0,,transfermarkt (tmapi performance-game),https://www.transfermarkt.com/andriy-yarmolenko/profil/spieler/69015 https://tmapi.transfermarkt.technology/player/69015/performance-game,2026-09-30,,22,21,0,0,2,0,777,777,2006–2027,69015,RW,FW,93,14,288,123
w:1974-06-03:rebrov,Сергій Ребров,43,37,0,0,,transfermarkt (tmapi performance-game),https://www.transfermarkt.com/sergiy-rebrov/profil/spieler/3122 https://tmapi.transfermarkt.technology/player/3122/performance-game,2026-09-30,"tm id: data/class: repo link (data/foot, data/positions)",28,24,0,0,4,0,667,667,1990–2010,3122,ST,FW,93,11,242,113
tm:58949,Євгеній Коноплянка,15,11,0,0,,transfermarkt (tmapi performance-game),https://www.transfermarkt.com/yevgen-konoplyanka/profil/spieler/58949 https://tmapi.transfermarkt.technology/player/58949/performance-game,2026-09-30,,4,3,0,0,2,0,536,536,2007–2024,58949,LW,MF,90,10,178,38
tm:59411,Марко Девич,41,32,0,0,,transfermarkt (tmapi performance-game),https://www.transfermarkt.com/marko-devic/profil/spieler/59411 https://tmapi.transfermarkt.technology/player/59411/performance-game,2026-09-30,,20,17,0,0,6,0,436,436,2004–2020,59411,ST,MF,90,10,219,90
tm:9800,Артем Мілевський,22,15,0,0,,transfermarkt (tmapi performance-game),https://www.transfermarkt.com/artem-milevskyi/profil/spieler/9800 https://tmapi.transfermarkt.technology/player/9800/performance-game,2026-09-30,,11,7,0,0,5,0,615,615,2002–2021,9800,ST,FW,90,12,188,57
tm:14945,Андрій Воробєй,10,7,0,0,,transfermarkt (tmapi performance-game),https://www.transfermarkt.com/andriy-vorobey/profil/spieler/14945 https://tmapi.transfermarkt.technology/player/14945/performance-game,2026-09-30,,6,5,0,0,3,0,525,525,1995–2013,14945,ST,FW,89,16,315,105
tm:264372,Віктор Циганков,34,27,0,0,,transfermarkt (tmapi performance-game),https://www.transfermarkt.com/viktor-tsygankov/profil/spieler/264372 https://tmapi.transfermarkt.technology/player/264372/performance-game,2026-09-30,,23,19,0,0,5,0,462,462,2011–2027,264372,RW,FW,89,7,131,60
tm:343537,Артем Довбик,33,28,0,0,,transfermarkt (tmapi performance-game),https://www.transfermarkt.com/artem-dovbyk/profil/spieler/343537 https://tmapi.transfermarkt.technology/player/343537/performance-game,2026-09-30,,16,13,0,0,4,0,359,359,2014–2027,343537,ST,FW,89,4,93,50
tm:52915,Жуніор Мораес,39,28,0,0,,transfermarkt (tmapi performance-game),https://www.transfermarkt.com/junior-moraes/profil/spieler/52915 https://tmapi.transfermarkt.technology/player/52915/performance-game,2026-09-30,,18,13,0,0,8,0,399,392,2006–2023,52915,ST,FW,89,10,172,97
tm:66515,Алекс Тейшейра,19,18,0,0,,transfermarkt (tmapi performance-game),https://www.transfermarkt.com/alex-teixeira/profil/spieler/66515 https://tmapi.transfermarkt.technology/player/66515/performance-game,2026-09-30,,7,6,0,0,1,0,611,611,2006–2027,66515,CAM,MF,89,7,146,67
tm:9796,Олександр Алієв,33,30,0,0,,transfermarkt (tmapi performance-game),https://www.transfermarkt.com/oleksandr-aliev/profil/spieler/9796 https://tmapi.transfermarkt.technology/player/9796/performance-game,2026-09-30,,8,6,0,0,2,0,412,412,2001–2016,9796,CAM,MF,89,10,106,27
w:1970-08-18:matvev,Олег Матвєєв,30,25,0,0,,transfermarkt (tmapi performance-game),https://www.transfermarkt.com/oleg-matveyev/profil/spieler/86709 https://tmapi.transfermarkt.technology/player/86709/performance-game,2026-09-30,"tm id: data/class: repo link (data/foot, data/positions)",24,20,0,0,4,0,347,347,1986–2003,86709,ST,MF,89,11,200,80
tm:48974,Луїс Адріано,30,22,0,0,,transfermarkt (tmapi performance-game),https://www.transfermarkt.com/luiz-adriano/profil/spieler/48974 https://tmapi.transfermarkt.technology/player/48974/performance-game,2026-09-30,,10,8,0,0,7,0,612,612,2005–2024,48974,ST,FW,88,9,162,76
tm:623325,Георгій Судаков,13,10,0,0,,transfermarkt (tmapi performance-game),https://www.transfermarkt.com/georgiy-sudakov/profil/spieler/623325 https://tmapi.transfermarkt.technology/player/623325/performance-game,2026-09-30,,6,5,0,0,2,0,276,276,2017–2027,623325,CAM,MF,88,6,100,29
tm:68778,Марлос,23,17,0,0,,transfermarkt (tmapi performance-game),https://www.transfermarkt.com/marlos/profil/spieler/68778 https://tmapi.transfermarkt.technology/player/68778/performance-game,2026-09-30,,14,10,0,0,4,0,601,589,2005–2022,68778,RW,FW,88,11,214,58
tm:93795,Факундо Феррейра,5,3,0,0,,transfermarkt (tmapi performance-game),https://www.transfermarkt.com/facundo-ferreyra/profil/spieler/93795 https://tmapi.transfermarkt.technology/player/93795/performance-game,2026-09-30,,2,2,0,0,2,0,326,326,2008–2024,93795,ST,FW,88,4,66,39
tm:9794,Олег Гусєв,20,17,0,0,,transfermarkt (tmapi performance-game),https://www.transfermarkt.com/oleg-gusev/profil/spieler/9794 https://tmapi.transfermarkt.technology/player/9794/performance-game,2026-09-30,,10,9,0,0,1,0,578,578,2002–2018,9794,LW,MF,88,16,318,59
tm:9798,Максим Шацьких,12,9,0,0,,transfermarkt (tmapi performance-game),https://www.transfermarkt.com/maksim-shatskikh/profil/spieler/9798 https://tmapi.transfermarkt.technology/player/9798/performance-game,2026-09-30,,8,7,0,0,0,0,654,654,1995–2015,9798,ST,FW,88,16,341,124
w:1969-10-05:leonenko,Віктор Леоненко,23,16,0,0,,transfermarkt (tmapi performance-game),https://www.transfermarkt.com/viktor-leonenko/profil/spieler/107652 https://tmapi.transfermarkt.technology/player/107652/performance-game,2026-09-30,"tm id: data/class: repo link (data/foot, data/positions)",15,9,0,0,3,0,348,348,1987–2002,107652,ST,FW,88,8,113,64
w:1986-02-28:avelino,Жажа,12,9,0,0,,transfermarkt (tmapi performance-game),https://www.transfermarkt.com/jaja-coelho/profil/spieler/27245 https://tmapi.transfermarkt.technology/player/27245/performance-game,2026-09-30,tm id: data/class: wikidata P2446 + dob,7,6,0,0,1,0,383,377,2003–2021,27245,ST,FW,88,6,74,36
tm:1074053,Матвій Пономаренко,9,9,0,0,,transfermarkt (tmapi performance-game),https://www.transfermarkt.com/matviy-ponomarenko/profil/spieler/1074053 https://tmapi.transfermarkt.technology/player/1074053/performance-game,2026-09-30,,1,1,0,0,0,0,118,118,2022–2027,1074053,ST,FW,87,3,25,15
tm:167722,Віталій Буяльський,10,9,0,0,,transfermarkt (tmapi performance-game),https://www.transfermarkt.com/vitaliy-buyalskyi/profil/spieler/167722 https://tmapi.transfermarkt.technology/player/167722/performance-game,2026-09-30,,8,8,0,0,1,0,470,470,2010–2027,167722,CAM,MF,87,14,263,67
tm:24043,Сергій Назаренко,22,20,0,0,,transfermarkt (tmapi performance-game),https://www.transfermarkt.com/sergiy-nazarenko/profil/spieler/24043 https://tmapi.transfermarkt.technology/player/24043/performance-game,2026-09-30,,19,17,0,0,2,0,544,544,1999–2017,24043,CAM,MF,87,17,373,73
tm:371256,Тете,6,5,0,0,,transfermarkt (tmapi performance-game),https://www.transfermarkt.com/tete/profil/spieler/371256 https://tmapi.transfermarkt.technology/player/371256/performance-game,2026-09-30,,2,2,0,0,1,0,323,323,2014–2026,371256,RW,FW,87,3,59,19
tm:46504,Ерік Бікфалві,21,15,0,0,,transfermarkt (tmapi performance-game),https://www.transfermarkt.com/erik-bicfalvi/profil/spieler/46504 https://tmapi.transfermarkt.technology/player/46504/performance-game,2026-09-30,,7,5,0,0,4,0,520,520,2006–2026,46504,CAM,MF,87,3,73,26
tm:52769,Віллян,14,13,0,0,,transfermarkt (tmapi performance-game),https://www.transfermarkt.com/willian/profil/spieler/52769 https://tmapi.transfermarkt.technology/player/52769/performance-game,2026-09-30,,1,0,0,0,1,0,893,893,2005–2026,52769,LW,MF,87,6,140,20
tm:537854,Артем Бондаренко,13,12,0,0,,transfermarkt (tmapi performance-game),https://www.transfermarkt.com/artem-bondarenko/profil/spieler/537854 https://tmapi.transfermarkt.technology/player/537854/performance-game,2026-09-30,,7,7,0,0,1,0,249,249,2016–2027,537854,CAM,MF,87,7,134,38
tm:57895,Денис Олійник,17,10,0,0,,transfermarkt (tmapi performance-game),https://www.transfermarkt.com/denys-oliynyk/profil/spieler/57895 https://tmapi.transfermarkt.technology/player/57895/performance-game,2026-09-30,,3,1,0,0,7,0,518,518,2003–2026,57895,LW,FW,87,9,173,40
tm:59908,Євген Селезньов,48,43,0,0,,transfermarkt (tmapi performance-game),https://www.transfermarkt.com/yevgen-seleznyov/profil/spieler/59908 https://tmapi.transfermarkt.technology/player/59908/performance-game,2026-09-30,,19,16,0,0,3,0,564,564,2003–2023,59908,ST,FW,87,14,257,117
tm:631821,Владислав Ванат,11,11,0,0,,transfermarkt (tmapi performance-game),https://www.transfermarkt.com/vladyslav-vanat/profil/spieler/631821 https://tmapi.transfermarkt.technology/player/631821/performance-game,2026-09-30,,5,5,0,0,0,0,218,218,2017–2027,631821,ST,FW,87,6,100,47
tm:64308,Браун Ідейє,8,6,0,0,,transfermarkt (tmapi performance-game),https://www.transfermarkt.com/brown-ideye/profil/spieler/64308 https://tmapi.transfermarkt.technology/player/64308/performance-game,2026-09-30,,1,1,0,0,1,0,461,461,2006–2025,64308,ST,FW,87,3,74,34
tm:76028,Тайсон,8,7,0,0,,transfermarkt (tmapi performance-game),https://www.transfermarkt.com/taison/profil/spieler/76028 https://tmapi.transfermarkt.technology/player/76028/performance-game,2026-09-30,,5,4,0,0,1,0,757,757,2007–2027,76028,LW,FW,87,11,216,46
w:1964-01-30:petrov,Ігор Петров,28,23,0,0,,transfermarkt (tmapi performance-game),https://www.transfermarkt.com/igor-petrov/profil/spieler/182210 https://tmapi.transfermarkt.technology/player/182210/performance-game,2026-09-30,tm id: data/class: wikidata P2446 + dob,6,5,0,0,2,0,516,516,1981–1998,182210,CAM,MF,87,3,68,18
w:1973-01-27:bialkevich,Валентин Бялькевич,8,5,0,0,,transfermarkt (tmapi performance-game),https://www.transfermarkt.com/valentin-belkevich/profil/spieler/9784 https://tmapi.transfermarkt.technology/player/9784/performance-game,2026-09-30,"tm id: data/class: repo link (data/foot, data/positions)",5,4,0,0,2,0,601,601,1990–2009,9784,CAM,MF,87,12,224,51
w:1976-01-13:shischenko,Сергій Шищенко,9,6,0,0,,transfermarkt (tmapi performance-game),https://www.transfermarkt.com/sergiy-shyshchenko/profil/spieler/29243 https://tmapi.transfermarkt.technology/player/29243/performance-game,2026-09-30,"tm id: data/class: repo link (data/foot, data/positions)",9,6,0,0,3,0,454,454,1992–2010,29243,RW,MF,87,18,363,54
w:1976-08-17:zakarliuka,Сергій Закарлюка,31,28,0,0,,transfermarkt (tmapi performance-game),https://www.transfermarkt.com/sergiy-zakarlyuka/profil/spieler/14946 https://tmapi.transfermarkt.technology/player/14946/performance-game,2026-09-30,tm id: data/class: wikidata P2446 + dob,25,23,0,0,3,0,513,513,1993–2013,14946,CAM,MF,87,17,356,75
w:1976-09-26:demetradze,Георгій Деметрадзе,30,23,0,0,,transfermarkt (tmapi performance-game),https://www.transfermarkt.com/giorgi-demetradze/profil/spieler/24002 https://tmapi.transfermarkt.technology/player/24002/performance-game,2026-09-30,"tm id: data/class: repo link (data/foot, data/positions)",8,6,0,0,7,0,354,354,1994–2010,24002,ST,FW,87,8,130,52
w:1977-09-12:zubov,Геннадій Зубов,19,16,0,0,,transfermarkt (tmapi performance-game),https://www.transfermarkt.com/gennadiy-zubov/profil/spieler/14947 https://tmapi.transfermarkt.technology/player/14947/performance-game,2026-09-30,"tm id: data/class: repo link (data/foot, data/positions)",14,12,0,0,3,0,434,434,1993–2008,14947,RM,MF,87,13,254,63
w:1978-05-06:rikun,Олександр Рикун,20,15,0,0,,transfermarkt (tmapi performance-game),https://www.transfermarkt.com/oleksandr-rykun/profil/spieler/24047 https://tmapi.transfermarkt.technology/player/24047/performance-game,2026-09-30,"tm id: data/class: repo link (data/foot, data/positions)",14,9,0,0,4,0,366,366,1995–2011,24047,CAM,MF,87,14,291,48
w:1979-07-19:vukich,Звонимир Вукич,9,7,0,0,,transfermarkt (tmapi performance-game),https://www.transfermarkt.com/zvonimir-vukic/profil/spieler/14542 https://tmapi.transfermarkt.technology/player/14542/performance-game,2026-09-30,"tm id: data/class: repo link (data/foot, data/positions)",1,1,0,0,2,0,302,301,1997–2015,14542,CAM,MF,87,5,73,12
w:1980-04-18:dioho,Діого Рінкон,20,18,0,0,,transfermarkt (tmapi performance-game),https://www.transfermarkt.com/diogo-rincon/profil/spieler/9789 https://tmapi.transfermarkt.technology/player/9789/performance-game,2026-09-30,tm id: data/class: wikidata P2446 + dob,15,14,0,0,1,0,309,276,1996–2012,9789,CAM,MF,87,6,129,46
w:1980-06-16:evaeverson,Брандао,14,12,0,0,,transfermarkt (tmapi performance-game),https://www.transfermarkt.com/brandao/profil/spieler/14948 https://tmapi.transfermarkt.technology/player/14948/performance-game,2026-09-30,"tm id: data/class: repo link (data/foot, data/positions)",9,7,0,0,2,0,493,493,2001–2018,14948,ST,FW,87,7,140,65
w:1985-01-02:banhura,Ісмаель Бангура,21,17,0,0,,transfermarkt (tmapi performance-game),https://www.transfermarkt.com/ismael-bangoura/profil/spieler/34529 https://tmapi.transfermarkt.technology/player/34529/performance-game,2026-09-30,tm id: data/class: wikidata P2446 + dob,3,2,0,0,3,0,436,436,2004–2020,34529,ST,FW,87,2,46,28
tm:118022,Юнес Бельханда,22,19,0,0,,transfermarkt (tmapi performance-game),https://www.transfermarkt.com/younes-belhanda/profil/spieler/118022 https://tmapi.transfermarkt.technology/player/118022/performance-game,2026-09-30,,0,0,0,0,2,0,611,610,2008–2027,118022,CAM,MF,86,3,56,8
tm:14927,Олексій Бєлік,3,2,0,0,,transfermarkt (tmapi performance-game),https://www.transfermarkt.com/oleksiy-belik/profil/spieler/14927 https://tmapi.transfermarkt.technology/player/14927/performance-game,2026-09-30,,0,0,0,0,1,0,377,377,1998–2013,14927,ST,FW,86,12,177,55
tm:15067,Максим Калініченко,5,3,0,0,,transfermarkt (tmapi performance-game),https://www.transfermarkt.com/maksym-kalynychenko/profil/spieler/15067 https://tmapi.transfermarkt.technology/player/15067/performance-game,2026-09-30,,1,0,0,0,2,0,464,464,1996–2014,15067,LM,MF,86,10,168,30
tm:167556,Владислав Кулач,12,10,0,0,,transfermarkt (tmapi performance-game),https://www.transfermarkt.com/vladyslav-kulach/profil/spieler/167556 https://tmapi.transfermarkt.technology/player/167556/performance-game,2026-09-30,,11,9,0,0,0,0,273,273,2009–2027,167556,ST,FW,86,11,141,38
tm:20137,Хосе Соса,16,13,0,0,,transfermarkt (tmapi performance-game),https://www.transfermarkt.com/jose-sosa/profil/spieler/20137 https://tmapi.transfermarkt.technology/player/20137/performance-game,2026-09-30,,1,1,0,0,2,0,806,806,2002–2026,20137,CAM,MF,86,3,64,17
tm:24633,Едуардо,19,18,0,0,,transfermarkt (tmapi performance-game),https://www.transfermarkt.com/eduardo/profil/spieler/24633 https://tmapi.transfermarkt.technology/player/24633/performance-game,2026-09-30,,1,1,0,0,1,0,502,502,2003–2019,24633,ST,FW,86,6,110,38
tm:25845,Олексій Антонов,9,9,0,0,,transfermarkt (tmapi performance-game),https://www.transfermarkt.com/oleksiy-antonov/profil/spieler/25845 https://tmapi.transfermarkt.technology/player/25845/performance-game,2026-09-30,,5,5,0,0,0,0,314,314,2003–2018,25845,ST,FW,86,9,167,46
tm:27378,Клейтон Шав'єр,19,18,0,0,,transfermarkt (tmapi performance-game),https://www.transfermarkt.com/cleiton-xavier/profil/spieler/27378 https://tmapi.transfermarkt.technology/player/27378/performance-game,2026-09-30,,9,9,0,0,1,0,498,477,2001–2018,27378,CAM,MF,86,5,109,46
tm:289075,Олександр Зубков,3,1,0,0,,transfermarkt (tmapi performance-game),https://www.transfermarkt.com/oleksandr-zubkov/profil/spieler/289075 https://tmapi.transfermarkt.technology/player/289075/performance-game,2026-09-30,,1,0,0,0,1,0,406,406,2013–2027,289075,RW,FW,86,7,80,19
tm:36371,Нікола Калинич,26,22,0,0,,transfermarkt (tmapi performance-game),https://www.transfermarkt.com/nikola-kalinic/profil/spieler/36371 https://tmapi.transfermarkt.technology/player/36371/performance-game,2026-09-30,,5,5,0,0,4,0,572,572,2004–2024,36371,ST,FW,86,5,86,37
tm:423606,Богдан Леднєв,5,3,0,0,,transfermarkt (tmapi performance-game),https://www.transfermarkt.com/bogdan-lednev/profil/spieler/423606 https://tmapi.transfermarkt.technology/player/423606/performance-game,2026-09-30,,3,1,0,0,1,0,219,219,2012–2026,423606,CAM,MF,86,7,107,18
tm:43332,Олександр Ковпак,20,14,0,0,,transfermarkt (tmapi performance-game),https://www.transfermarkt.com/oleksandr-kovpak/profil/spieler/43332 https://tmapi.transfermarkt.technology/player/43332/performance-game,2026-09-30,,16,12,0,0,3,0,400,400,2003–2020,43332,ST,FW,86,13,282,74
tm:44624,Дьомерсі Мбокані,26,18,0,0,,transfermarkt (tmapi performance-game),https://www.transfermarkt.com/dieumerci-mbokani/profil/spieler/44624 https://tmapi.transfermarkt.technology/player/44624/performance-game,2026-09-30,,0,0,0,0,6,0,527,527,2005–2024,44624,ST,FW,86,3,49,24
tm:52937,Ілсіньйо,3,2,0,0,,transfermarkt (tmapi performance-game),https://www.transfermarkt.com/ilsinho/profil/spieler/52937 https://tmapi.transfermarkt.technology/player/52937/performance-game,2026-09-30,,0,0,0,0,1,0,420,420,2005–2021,52937,RM,MF,86,7,109,17
tm:53270,Олександр Гладкий,,,,,,,https://www.transfermarkt.com/oleksandr-gladkyi/profil/spieler/53270,,дані TM ще не зібрано (бюджет/помилка),,,,,,,,,,53270,ST,FW,86,17,352,97
tm:58405,Артем Кравець,,,,,,,https://www.transfermarkt.com/artem-kravets/profil/spieler/58405,,дані TM ще не зібрано (бюджет/помилка),,,,,,,,,,58405,ST,FW,86,11,101,36
tm:70754,Денис Гармаш,,,,,,,https://www.transfermarkt.com/denys-garmash/profil/spieler/70754,,дані TM ще не зібрано (бюджет/помилка),,,,,,,,,,70754,CAM,MF,86,13,215,34
tm:75615,Дуглас Коста,,,,,,,https://www.transfermarkt.com/douglas-costa/profil/spieler/75615,,дані TM ще не зібрано (бюджет/помилка),,,,,,,,,,75615,RW,FW,86,6,141,29
tm:8480,Сіто Рієра,,,,,,,https://www.transfermarkt.com/sito-riera/profil/spieler/8480,,дані TM ще не зібрано (бюджет/помилка),,,,,,,,,,8480,LW,MF,86,3,37,3
w:1972-12-16:shkapenko,Павло Шкапенко,,,,,,,https://www.transfermarkt.com/pavlo-shkapenko/profil/spieler/25842,,tm id: data/class: wikidata P2446 + dob; дані TM ще не зібрано (бюджет/помилка),,,,,,,,,,25842,CAM,MF,86,7,135,35
w:1981-06-14:blumer,Елано,,,,,,,https://www.transfermarkt.com/elano/profil/spieler/20053,,tm id: data/class: wikidata P2446 + dob; дані TM ще не зібрано (бюджет/помилка),,,,,,,,,,20053,CAM,MF,86,3,49,14
w:1983-10-05:jadson,Жадсон,,,,,,,https://www.transfermarkt.com/jadson/profil/spieler/29261,,"tm id: data/class: repo link (data/foot, data/positions); дані TM ще не зібрано (бюджет/помилка)",,,,,,,,,,29261,CAM,MF,86,8,174,41
tm:1029207,Глейкер Мендоса,,,,,,,https://www.transfermarkt.com/gleiker-mendoza/profil/spieler/1029207,,дані TM ще не зібрано (бюджет/помилка),,,,,,,,,,1029207,LW,FW,85,2,31,12
tm:104505,Алан Патрік,,,,,,,https://www.transfermarkt.com/alan-patrick/profil/spieler/104505,,дані TM ще не зібрано (бюджет/помилка),,,,,,,,,,104505,CAM,MF,85,8,98,13
tm:1219752,Ісаке,,,,,,,https://www.transfermarkt.com/isaque/profil/spieler/1219752,,дані TM ще не зібрано (бюджет/помилка),,,,,,,,,,1219752,CAM,MF,85,1,24,5
tm:127349,Майкон Олівейра,,,,,,,https://www.transfermarkt.com/maicon-oliveira/profil/spieler/127349,,дані TM ще не зібрано (бюджет/помилка),,,,,,,,,,127349,ST,FW,85,4,59,20
tm:17206,Александар Тришович,,,,,,,https://www.transfermarkt.com/aleksandar-trisovic/profil/spieler/17206,,дані TM ще не зібрано (бюджет/помилка),,,,,,,,,,17206,LM,MF,85,10,122,11
tm:175169,Бернард,,,,,,,https://www.transfermarkt.com/bernard/profil/spieler/175169,,дані TM ще не зібрано (бюджет/помилка),,,,,,,,,,175169,LW,FW,85,5,95,14
tm:188180,Беньямін Вербич,,,,,,,https://www.transfermarkt.com/benjamin-verbic/profil/spieler/188180,,дані TM ще не зібрано (бюджет/помилка),,,,,,,,,,188180,LW,FW,85,5,59,21
tm:203842,Віктор Коваленко,,,,,,,https://www.transfermarkt.com/viktor-kovalenko/profil/spieler/203842,,дані TM ще не зібрано (бюджет/помилка),,,,,,,,,,203842,CAM,MF,85,7,107,20
tm:212232,Амбросій Чачуа,,,,,,,https://www.transfermarkt.com/ambrosiy-chachua/profil/spieler/212232,,дані TM ще не зібрано (бюджет/помилка),,,,,,,,,,212232,CAM,MF,85,7,149,20
tm:237623,Олександр Філіппов,,,,,,,https://www.transfermarkt.com/oleksandr-filippov/profil/spieler/237623,,дані TM ще не зібрано (бюджет/помилка),,,,,,,,,,237623,ST,FW,85,8,119,40
tm:248932,Владислав Кочергін,,,,,,,https://www.transfermarkt.com/vladyslav-kochergin/profil/spieler/248932,,дані TM ще не зібрано (бюджет/помилка),,,,,,,,,,248932,CAM,MF,85,6,101,22
tm:254985,Таулант Сефері,,,,,,,https://www.transfermarkt.com/taulant-seferi/profil/spieler/254985,,дані TM ще не зібрано (бюджет/помилка),,,,,,,,,,254985,ST,FW,85,1,28,13
tm:277777,Андрій Тотовицький,,,,,,,https://www.transfermarkt.com/andriy-totovytskyi/profil/spieler/277777,,дані TM ще не зібрано (бюджет/помилка),,,,,,,,,,277777,CAM,MF,85,12,133,31
tm:287015,Олів'є Тілль,,,,,,,https://www.transfermarkt.com/olivier-thill/profil/spieler/287015,,дані TM ще не зібрано (бюджет/помилка),,,,,,,,,,287015,CAM,MF,85,4,61,12
tm:296366,Олексій Гуцуляк,,,,,,,https://www.transfermarkt.com/oleksiy-gutsulyak/profil/spieler/296366,,дані TM ще не зібрано (бюджет/помилка),,,,,,,,,,296366,RW,FW,85,11,202,45
tm:34771,Олександр Косирін,,,,,,,https://www.transfermarkt.com/oleksandr-kosyrin/profil/spieler/34771,,дані TM ще не зібрано (бюджет/помилка),,,,,,,,,,34771,ST,FW,85,15,240,84
tm:35245,Матеус,,,,,,,https://www.transfermarkt.com/matheus/profil/spieler/35245,,дані TM ще не зібрано (бюджет/помилка),,,,,,,,,,35245,RW,FW,85,6,114,35
tm:359247,Мар'ян Швед,,,,,,,https://www.transfermarkt.com/maryan-shved/profil/spieler/359247,,дані TM ще не зібрано (бюджет/помилка),,,,,,,,,,359247,RW,FW,85,8,77,21
tm:366729,Назарій Русин,,,,,,,https://www.transfermarkt.com/nazariy-rusyn/profil/spieler/366729,,дані TM ще не зібрано (бюджет/помилка),,,,,,,,,,366729,ST,FW,85,7,70,23
tm:37303,Желько Любенович,,,,,,,https://www.transfermarkt.com/zeljko-ljubenovic/profil/spieler/37303,,дані TM ще не зібрано (бюджет/помилка),,,,,,,,,,37303,CAM,MF,85,13,302,41
tm:38497,Джеремейн Ленс,,,,,,,https://www.transfermarkt.com/jeremain-lens/profil/spieler/38497,,дані TM ще не зібрано (бюджет/помилка),,,,,,,,,,38497,RW,FW,85,2,49,10
tm:396638,Манор Соломон,,,,,,,https://www.transfermarkt.com/manor-solomon/profil/spieler/396638,,дані TM ще не зібрано (бюджет/помилка),,,,,,,,,,396638,LW,FW,85,4,55,14
tm:404846,Сергій Булеца,,,,,,,https://www.transfermarkt.com/sergiy-buletsa/profil/spieler/404846,,дані TM ще не зібрано (бюджет/помилка),,,,,,,,,,404846,CAM,MF,85,6,107,15
tm:417228,Данило Сікан,,,,,,,https://www.transfermarkt.com/danylo-sikan/profil/spieler/417228,,дані TM ще не зібрано (бюджет/помилка),,,,,,,,,,417228,ST,FW,85,7,98,28
tm:43359,Павло Ребенок,,,,,,,https://www.transfermarkt.com/pavlo-rebenok/profil/spieler/43359,,дані TM ще не зібрано (бюджет/помилка),,,,,,,,,,43359,LM,MF,85,16,282,17
tm:48740,Мілош Нінкович,,,,,,,https://www.transfermarkt.com/milos-ninkovic/profil/spieler/48740,,дані TM ще не зібрано (бюджет/помилка),,,,,,,,,,48740,CAM,MF,85,9,109,14
tm:502842,Едуардо Герреро,,,,,,,https://www.transfermarkt.com/eduardo-guerrero/profil/spieler/502842,,дані TM ще не зібрано (бюджет/помилка),,,,,,,,,,502842,ST,FW,85,4,77,20
tm:53299,Костянтин Ярошенко,,,,,,,https://www.transfermarkt.com/kostyantyn-yaroshenko/profil/spieler/53299,,дані TM ще не зібрано (бюджет/помилка),,,,,,,,,,53299,CAM,MF,85,11,214,35
tm:537860,Михайло Мудрик,,,,,,,https://www.transfermarkt.com/mykhaylo-mudryk/profil/spieler/537860,,дані TM ще не зібрано (бюджет/помилка),,,,,,,,,,537860,LW,FW,85,4,38,9
tm:54375,Джуліано,,,,,,,https://www.transfermarkt.com/giuliano/profil/spieler/54375,,дані TM ще не зібрано (бюджет/помилка),,,,,,,,,,54375,CAM,MF,85,4,87,16
tm:551695,Лассіна Траоре,,,,,,,https://www.transfermarkt.com/lassina-traore/profil/spieler/551695,,дані TM ще не зібрано (бюджет/помилка),,,,,,,,,,551695,ST,FW,85,5,79,26
tm:58514,Еліс Бакай,,,,,,,https://www.transfermarkt.com/elis-bakaj/profil/spieler/58514,,дані TM ще не зібрано (бюджет/помилка),,,,,,,,,,58514,CAM,MF,85,3,34,9
tm:70767,Роман Зозуля,,,,,,,https://www.transfermarkt.com/roman-zozulya/profil/spieler/70767,,дані TM ще не зібрано (бюджет/помилка),,,,,,,,,,70767,ST,FW,85,9,120,25
tm:758845,Єгор Твердохліб,,,,,,,https://www.transfermarkt.com/yegor-tverdokhlib/profil/spieler/758845,,дані TM ще не зібрано (бюджет/помилка),,,,,,,,,,758845,CAM,MF,85,4,102,30
tm:99863,Пилип Будківський,,,,,,,https://www.transfermarkt.com/pylyp-budkivskyi/profil/spieler/99863,,дані TM ще не зібрано (бюджет/помилка),,,,,,,,,,99863,ST,FW,85,12,210,57
w:1967-07-01:husev,Сергій Гусєв,,,,,,,https://www.transfermarkt.com/sergiy-gusev/profil/spieler/185481,,tm id: data/class: transfermarkt search + dob; дані TM ще не зібрано (бюджет/помилка),,,,,,,,,,185481,ST,FW,85,2,41,18
w:1967-08-07:haidash,Олександр Гайдаш,,,,,,,https://www.transfermarkt.com/oleksandr-gaydash/profil/spieler/183435,,"tm id: data/class: repo link (data/foot, data/positions); дані TM ще не зібрано (бюджет/помилка)",,,,,,,,,,183435,ST,FW,85,12,259,95
w:1968-01-24:huseinov,Тімєрлан Гусейнов,,,,,,,https://www.transfermarkt.com/tymerlan-guseynov/profil/spieler/98750,,"tm id: data/class: repo link (data/foot, data/positions); дані TM ще не зібрано (бюджет/помилка)",,,,,,,,,,98750,ST,FW,85,7,200,74
w:1968-04-06:hetsko,Іван Гецко,,,,,,,https://www.transfermarkt.com/ivan-getsko/profil/spieler/93359,,"tm id: data/class: repo link (data/foot, data/positions); дані TM ще не зібрано (бюджет/помилка)",,,,,,,,,,93359,ST,FW,85,5,99,57
w:1968-12-08:maksimov,Юрій Максимов,,,,,,,https://www.transfermarkt.com/yuriy-maksymov/profil/spieler/531,,"tm id: data/class: repo link (data/foot, data/positions); дані TM ще не зібрано (бюджет/помилка)",,,,,,,,,,531,CAM,MF,85,8,152,45
w:1970-07-23:orbu,Геннадій Орбу,,,,,,,https://www.transfermarkt.com/gennadiy-orbu/profil/spieler/98989,,"tm id: data/class: repo link (data/foot, data/positions); дані TM ще не зібрано (бюджет/помилка)",,,,,,,,,,98989,LW,MF,85,9,197,40
w:1971-09-18:sharan,Володимир Шаран,,,,,,,https://www.transfermarkt.com/volodymyr-sharan/profil/spieler/175951,,"tm id: data/class: repo link (data/foot, data/positions); дані TM ще не зібрано (бюджет/помилка)",,,,,,,,,,175951,CAM,MF,85,11,187,33
w:1971-11-25:antiuhin,Олексій Антюхін,,,,,,,https://www.transfermarkt.com/oleksiy-antyukhin/profil/spieler/305751,,"tm id: data/class: repo link (data/foot, data/positions); дані TM ще не зібрано (бюджет/помилка)",,,,,,,,,,305751,ST,FW,85,9,172,63
w:1972-02-29:palianitsia,Олександр Паляниця,,,,,,,https://www.transfermarkt.com/oleksandr-palyanytsya/profil/spieler/142526,,"tm id: data/class: repo link (data/foot, data/positions); дані TM ще не зібрано (бюджет/помилка)",,,,,,,,,,142526,ST,FW,85,11,253,78
w:1972-05-09:kobzar,Віталій Кобзар,,,,,,,https://www.transfermarkt.com/vitaliy-kobzar/profil/spieler/369492,,tm id: data/class: wikidata P2446 + dob; дані TM ще не зібрано (бюджет/помилка),,,,,,,,,,369492,ST,MF,85,9,222,20
w:1972-09-25:mizin,Сергій Мізін,,,,,,,https://www.transfermarkt.com/sergiy-mizin/profil/spieler/59869,,"tm id: data/class: repo link (data/foot, data/positions); дані TM ще не зібрано (бюджет/помилка)",,,,,,,,,,59869,CAM,MF,85,16,342,90
w:1973-08-11:kosovski,Віталій Косовський,,,,,,,https://www.transfermarkt.com/vitaliy-kosovskyi/profil/spieler/117021,,"tm id: data/class: repo link (data/foot, data/positions); дані TM ще не зібрано (бюджет/помилка)",,,,,,,,,,117021,LW,MF,85,9,160,26
w:1974-07-13:pushkutsa,Віталій Пушкуца,,,,,,,https://www.transfermarkt.com/vitaliy-pushkutsa/profil/spieler/535482,,"tm id: data/class: repo link (data/foot, data/positions); дані TM ще не зібрано (бюджет/помилка)",,,,,,,,,,535482,ST,FW,85,9,181,41
w:1978-03-21:venhlinski,Олег Венглінський,,,,,,,https://www.transfermarkt.com/oleg-venglynskyi/profil/spieler/16004,,"tm id: data/class: repo link (data/foot, data/positions); дані TM ще не зібрано (бюджет/помилка)",,,,,,,,,,16004,ST,FW,85,11,129,40
w:1978-04-26:andres,Андрес Мендоса,,,,,,,https://www.transfermarkt.com/hernan-sarmiento/profil/spieler/74433,,tm id: data/class: wikidata P2446 + dob; дані TM ще не зібрано (бюджет/помилка),,,,,,,,,,74433,ST,FW,85,3,53,22
w:1978-12-13:melaschenko,Олександр Мелащенко,,,,,,,https://www.transfermarkt.com/oleksandr-melashchenko/profil/spieler/9797,,"tm id: data/class: repo link (data/foot, data/positions); дані TM ще не зібрано (бюджет/помилка)",,,,,,,,,,9797,ST,FW,85,13,226,46
w:1979-03-11:ivanov,Георгі Пеєв,,,,,,,https://www.transfermarkt.com/georgi-peev/profil/spieler/9786,,tm id: data/class: wikidata P2446 + dob; дані TM ще не зібрано (бюджет/помилка),,,,,,,,,,9786,RM,MF,85,6,95,8
w:1979-05-13:oleksenko,Олександр Олексієнко,,,,,,,https://www.transfermarkt.com/oleksandr-oleksienko/profil/spieler/23987,,"tm id: data/class: repo link (data/foot, data/positions); дані TM ще не зібрано (бюджет/помилка)",,,,,,,,,,23987,RM,MF,85,9,99,16
w:1980-05-10:chernat,Флорін Чернат,,,,,,,,,немає Transfermarkt ID (не знайдено/не підтверджено датою народження),,,,,,,,,,,CAM,MF,85,8,130,28
w:1982-02-12:ahahova,Джуліус Агахова,,,,,,,https://www.transfermarkt.com/julius-aghahowa/profil/spieler/14925,,tm id: data/class: wikidata P2446 + dob; дані TM ще не зібрано (бюджет/помилка),,,,,,,,,,14925,ST,FW,85,9,110,35
w:1983-06-14:karnilenka,Сергій Корніленко,,,,,,,https://www.transfermarkt.com/sergey-kornilenko/profil/spieler/15881,,tm id: data/class: wikidata P2446 + dob; дані TM ще не зібрано (бюджет/помилка),,,,,,,,,,15881,ST,FW,85,6,89,25
w:1983-07-18:djihani,Паріт Джіхані,,,,,,,,,немає Transfermarkt ID (не знайдено/не підтверджено датою народження),,,,,,,,,,,CAM,MF,85,3,50,13
w:1983-08-12:djakomase,Клебер,,,,,,,https://www.transfermarkt.com/kleber/profil/spieler/15880,,"tm id: data/class: repo link (data/foot, data/positions); дані TM ще не зібрано (бюджет/помилка)",,,,,,,,,,15880,ST,FW,85,5,74,28
w:1983-11-21:emanuel,Еммануель Окодува,,,,,,,https://www.transfermarkt.com/emmanuel-osei-okoduwa/profil/spieler/44360,,"tm id: data/class: repo link (data/foot, data/positions); дані TM ще не зібрано (бюджет/помилка)",,,,,,,,,,44360,ST,FW,85,7,135,37
w:1987-03-19:eremenko,Роман Єременко,,,,,,,https://www.transfermarkt.com/roman-eremenko/profil/spieler/44367,,tm id: data/class: wikidata P2446 + dob; дані TM ще не зібрано (бюджет/помилка),,,,,,,,,,44367,CAM,MF,85,4,77,5
tm:1033963,Егіналдо,,,,,,,https://www.transfermarkt.com/eguinaldo/profil/spieler/1033963,,дані TM ще не зібрано (бюджет/помилка),,,,,,,,,,1033963,LW,FW,84,3,55,15
tm:1041630,Проспер Оба,,,,,,,https://www.transfermarkt.com/prosper-obah/profil/spieler/1041630,,дані TM ще не зібрано (бюджет/помилка),,,,,,,,,,1041630,RW,FW,84,1,26,10
tm:108710,Владислав Калітвінцев,,,,,,,https://www.transfermarkt.com/vladyslav-kalitvintsev/profil/spieler/108710,,дані TM ще не зібрано (бюджет/помилка),,,,,,,,,,108710,RM,MF,84,16,189,22
tm:1119009,Кауа Еліас,,,,,,,https://www.transfermarkt.com/kaua-elias/profil/spieler/1119009,,дані TM ще не зібрано (бюджет/помилка),,,,,,,,,,1119009,ST,FW,84,2,27,6
tm:1179658,Пітер Ітодо,,,,,,,https://www.transfermarkt.com/peter-itodo/profil/spieler/1179658,,дані TM ще не зібрано (бюджет/помилка),,,,,,,,,,1179658,ST,FW,84,1,25,10
tm:122088,Артем Громов,,,,,,,https://www.transfermarkt.com/artem-gromov/profil/spieler/122088,,дані TM ще не зібрано (бюджет/помилка),,,,,,,,,,122088,LW,FW,84,14,225,44
tm:140676,Кирило Ковалець,,,,,,,https://www.transfermarkt.com/kyrylo-kovalets/profil/spieler/140676,,дані TM ще не зібрано (бюджет/помилка),,,,,,,,,,140676,CAM,MF,84,12,212,29
tm:147998,Флорентін Матей,,,,,,,https://www.transfermarkt.com/florentin-matei/profil/spieler/147998,,дані TM ще не зібрано (бюджет/помилка),,,,,,,,,,147998,CAM,MF,84,3,54,10
tm:15033,Велізар Дімітров,,,,,,,https://www.transfermarkt.com/velizar-dimitrov/profil/spieler/15033,,дані TM ще не зібрано (бюджет/помилка),,,,,,,,,,15033,ST,MF,84,6,108,18
tm:15593,Сергій Самодін,,,,,,,https://www.transfermarkt.com/sergey-samodin/profil/spieler/15593,,дані TM ще не зібрано (бюджет/помилка),,,,,,,,,,15593,ST,FW,84,8,139,34
tm:157373,Владлен Юрченко,,,,,,,https://www.transfermarkt.com/vladlen-yurchenko/profil/spieler/157373,,дані TM ще не зібрано (бюджет/помилка),,,,,,,,,,157373,CAM,MF,84,6,91,17
tm:16746,Ніко Кранчар,,,,,,,https://www.transfermarkt.com/niko-kranjcar/profil/spieler/16746,,дані TM ще не зібрано (бюджет/помилка),,,,,,,,,,16746,CAM,MF,84,1,13,4
tm:181006,Густаво Бланко Лещук,,,,,,,https://www.transfermarkt.com/gustavo-blanco-leschuk/profil/spieler/181006,,дані TM ще не зібрано (бюджет/помилка),,,,,,,,,,181006,ST,FW,84,4,52,14
tm:222079,Руслан Степанюк,,,,,,,https://www.transfermarkt.com/ruslan-stepanyuk/profil/spieler/222079,,дані TM ще не зібрано (бюджет/помилка),,,,,,,,,,222079,ST,FW,84,10,174,33
tm:24026,Костянтин Кравченко,,,,,,,https://www.transfermarkt.com/kostyantyn-kravchenko/profil/spieler/24026,,дані TM ще не зібрано (бюджет/помилка),,,,,,,,,,24026,CAM,MF,84,11,124,19
tm:257740,Карлос де Пена,,,,,,,https://www.transfermarkt.com/carlos-de-pena/profil/spieler/257740,,дані TM ще не зібрано (бюджет/помилка),,,,,,,,,,257740,LW,MF,84,3,54,10
tm:261550,Неманя Анджушич,,,,,,,https://www.transfermarkt.com/nemanja-andjusic/profil/spieler/261550,,дані TM ще не зібрано (бюджет/помилка),,,,,,,,,,261550,CAM,MF,84,1,21,7
tm:269371,Денис Безбородько,,,,,,,https://www.transfermarkt.com/denys-bezborodko/profil/spieler/269371,,дані TM ще не зібрано (бюджет/помилка),,,,,,,,,,269371,ST,FW,84,11,153,25
tm:28179,Младен Бартулович,,,,,,,https://www.transfermarkt.com/mladen-bartulovic/profil/spieler/28179,,дані TM ще не зібрано (бюджет/помилка),,,,,,,,,,28179,LM,MF,84,13,252,37
tm:305415,Артем Бєсєдін,,,,,,,https://www.transfermarkt.com/artem-besedin/profil/spieler/305415,,дані TM ще не зібрано (бюджет/помилка),,,,,,,,,,305415,ST,FW,84,8,97,25
tm:325429,Максим Задерака,,,,,,,https://www.transfermarkt.com/maksym-zaderaka/profil/spieler/325429,,дані TM ще не зібрано (бюджет/помилка),,,,,,,,,,325429,RW,MF,84,11,190,18
tm:343492,Олег Кожушко,,,,,,,https://www.transfermarkt.com/oleg-kozhushko/profil/spieler/343492,,дані TM ще не зібрано (бюджет/помилка),,,,,,,,,,343492,ST,FW,84,7,108,12
tm:343963,Петар Мічин,,,,,,,https://www.transfermarkt.com/petar-micin/profil/spieler/343963,,дані TM ще не зібрано (бюджет/помилка),,,,,,,,,,343963,CAM,MF,84,3,67,11
tm:350828,Шахаб Захеді,,,,,,,https://www.transfermarkt.com/shahab-zahedi/profil/spieler/350828,,дані TM ще не зібрано (бюджет/помилка),,,,,,,,,,350828,ST,FW,84,3,55,19
tm:36149,Йован Маркоскі,,,,,,,https://www.transfermarkt.com/jovan-markoski/profil/spieler/36149,,дані TM ще не зібрано (бюджет/помилка),,,,,,,,,,36149,CAM,MF,84,9,226,19
tm:362529,Андрій Сторчоус,,,,,,,https://www.transfermarkt.com/andriy-storchous/profil/spieler/362529,,дані TM ще не зібрано (бюджет/помилка),,,,,,,,,,362529,CAM,MF,84,1,27,12
tm:366450,Юрі Кастільйо,,,,,,,https://www.transfermarkt.com/iury-castilho/profil/spieler/366450,,дані TM ще не зібрано (бюджет/помилка),,,,,,,,,,366450,ST,FW,84,1,17,7
tm:376445,Маріо Чуже,,,,,,,https://www.transfermarkt.com/mario-cuze/profil/spieler/376445,,дані TM ще не зібрано (бюджет/помилка),,,,,,,,,,376445,LW,MF,84,2,26,9
tm:39253,Антон Шиндер,,,,,,,https://www.transfermarkt.com/anton-shynder/profil/spieler/39253,,дані TM ще не зібрано (бюджет/помилка),,,,,,,,,,39253,ST,FW,84,8,145,34
tm:396530,Артем Козак,,,,,,,https://www.transfermarkt.com/artem-kozak/profil/spieler/396530,,дані TM ще не зібрано (бюджет/помилка),,,,,,,,,,396530,RM,MF,84,5,69,6
tm:43060,Сергій Кузнецов,,,,,,,https://www.transfermarkt.com/sergey-kuznetsov/profil/spieler/43060,,дані TM ще не зібрано (бюджет/помилка),,,,,,,,,,43060,ST,FW,84,7,87,27
tm:43276,Жуніор,,,,,,,https://www.transfermarkt.com/juninho/profil/spieler/43276,,дані TM ще не зібрано (бюджет/помилка),,,,,,,,,,43276,CAM,MF,84,8,138,18
tm:43309,Володимир Гоменюк,,,,,,,https://www.transfermarkt.com/volodymyr-gomenyuk/profil/spieler/43309,,дані TM ще не зібрано (бюджет/помилка),,,,,,,,,,43309,ST,FW,84,12,226,54
tm:43934,Йонуц Мазілу,,,,,,,https://www.transfermarkt.com/ionut-mazilu/profil/spieler/43934,,дані TM ще не зібрано (бюджет/помилка),,,,,,,,,,43934,ST,FW,84,6,96,27
tm:480975,Аллахьяр Сайядманеш,,,,,,,https://www.transfermarkt.com/allahyar-sayyadmanesh/profil/spieler/480975,,дані TM ще не зібрано (бюджет/помилка),,,,,,,,,,480975,RW,FW,84,2,35,12
tm:495920,Олександр Назаренко,,,,,,,https://www.transfermarkt.com/oleksandr-nazarenko/profil/spieler/495920,,дані TM ще не зібрано (бюджет/помилка),,,,,,,,,,495920,LW,FW,84,7,153,24
tm:515208,Педріньйо,,,,,,,https://www.transfermarkt.com/pedrinho/profil/spieler/515208,,дані TM ще не зібрано (бюджет/помилка),,,,,,,,,,515208,RW,FW,84,3,58,10
tm:517284,Мухаррем Яшарі,,,,,,,https://www.transfermarkt.com/muharrem-jashari/profil/spieler/517284,,дані TM ще не зібрано (бюджет/помилка),,,,,,,,,,517284,CAM,MF,84,3,62,8
tm:53477,Джонатан Крістальдо,,,,,,,https://www.transfermarkt.com/jonatan-cristaldo/profil/spieler/53477,,дані TM ще не зібрано (бюджет/помилка),,,,,,,,,,53477,ST,FW,84,4,62,27
tm:543380,Ібрагім Кане,,,,,,,https://www.transfermarkt.com/ibrahim-kane/profil/spieler/543380,,дані TM ще не зібрано (бюджет/помилка),,,,,,,,,,543380,RM,MF,84,8,155,14
tm:54576,Себастьян Бланко,,,,,,,https://www.transfermarkt.com/sebastian-blanco/profil/spieler/54576,,дані TM ще не зібрано (бюджет/помилка),,,,,,,,,,54576,CAM,MF,84,3,68,10
tm:56698,Александер Кобахідзе,,,,,,,https://www.transfermarkt.com/aleksandre-kobakhidze/profil/spieler/56698,,дані TM ще не зібрано (бюджет/помилка),,,,,,,,,,56698,RM,MF,84,12,152,24
tm:577260,Факундо Батіста,,,,,,,https://www.transfermarkt.com/facundo-batista/profil/spieler/577260,,дані TM ще не зібрано (бюджет/помилка),,,,,,,,,,577260,ST,FW,84,1,13,6
tm:57901,В'ячеслав Шарпар,,,,,,,https://www.transfermarkt.com/vyacheslav-sharpar/profil/spieler/57901,,дані TM ще не зібрано (бюджет/помилка),,,,,,,,,,57901,CAM,MF,84,10,176,23
tm:58042,Ігор Худоб'як,,,,,,,https://www.transfermarkt.com/igor-khudobyak/profil/spieler/58042,,дані TM ще не зібрано (бюджет/помилка),,,,,,,,,,58042,CAM,MF,84,11,278,33
tm:584083,Бруніньйо,,,,,,,https://www.transfermarkt.com/bruninho/profil/spieler/584083,,дані TM ще не зібрано (бюджет/помилка),,,,,,,,,,584083,CAM,MF,84,2,50,16
tm:59269,Лакі Ідахор,,,,,,,https://www.transfermarkt.com/lucky-idahor/profil/spieler/59269,,дані TM ще не зібрано (бюджет/помилка),,,,,,,,,,59269,ST,FW,84,11,221,54
tm:59440,Антон Поступаленко,,,,,,,https://www.transfermarkt.com/anton-postupalenko/profil/spieler/59440,,дані TM ще не зібрано (бюджет/помилка),,,,,,,,,,59440,CAM,MF,84,7,67,10
tm:598629,Бруно Дуарте,,,,,,,https://www.transfermarkt.com/bruno-duarte/profil/spieler/598629,,дані TM ще не зібрано (бюджет/помилка),,,,,,,,,,598629,ST,FW,84,2,22,8
tm:59896,Дмитро Хомченовський,,,,,,,https://www.transfermarkt.com/dmytro-khomchenovskyi/profil/spieler/59896,,дані TM ще не зібрано (бюджет/помилка),,,,,,,,,,59896,LM,MF,84,13,234,21
tm:60979,Янік Болі,,,,,,,https://www.transfermarkt.com/yannick-boli/profil/spieler/60979,,дані TM ще не зібрано (бюджет/помилка),,,,,,,,,,60979,ST,FW,84,2,36,14
tm:646153,Теді Цара,,,,,,,https://www.transfermarkt.com/tedi-cara/profil/spieler/646153,,дані TM ще не зібрано (бюджет/помилка),,,,,,,,,,646153,LW,FW,84,2,40,12
tm:723621,Денис Кузик,,,,,,,https://www.transfermarkt.com/denys-kuzyk/profil/spieler/723621,,дані TM ще не зібрано (бюджет/помилка),,,,,,,,,,723621,RM,MF,84,5,116,10
tm:726034,Назар Волошин,,,,,,,https://www.transfermarkt.com/nazar-voloshyn/profil/spieler/726034,,дані TM ще не зібрано (бюджет/помилка),,,,,,,,,,726034,RW,FW,84,4,103,19
tm:73185,Лукас Перес,,,,,,,https://www.transfermarkt.com/lucas-perez/profil/spieler/73185,,дані TM ще не зібрано (бюджет/помилка),,,,,,,,,,73185,ST,FW,84,3,51,14
tm:740732,Таллес Бренер,,,,,,,https://www.transfermarkt.com/talles-brener/profil/spieler/740732,,дані TM ще не зібрано (бюджет/помилка),,,,,,,,,,740732,CAM,MF,84,5,87,13
tm:843683,Автанділ Капанадзе,,,,,,,https://www.transfermarkt.com/avtandil-kapanadze/profil/spieler/843683,,дані TM ще не зібрано (бюджет/помилка),,,,,,,,,,843683,ST,FW,84,2,57,25
tm:93077,Сергій Старенький,,,,,,,https://www.transfermarkt.com/sergiy-starenkyi/profil/spieler/93077,,дані TM ще не зібрано (бюджет/помилка),,,,,,,,,,93077,RM,MF,84,8,107,14
tm:936825,Ілля Квасниця,,,,,,,https://www.transfermarkt.com/ilya-kvasnytsya/profil/spieler/936825,,дані TM ще не зібрано (бюджет/помилка),,,,,,,,,,936825,RW,FW,84,4,82,13
w:1962-12-01:kapanadze,Таріел Капанадзе,,,,,,,https://www.transfermarkt.com/tariel-kapanadze/profil/spieler/843175,,tm id: data/class: transfermarkt search + dob; дані TM ще не зібрано (бюджет/помилка),,,,,,,,,,843175,CAM,MF,84,6,149,26
w:1965-09-28:mikolaenko,Юрій Миколаєнко,,,,,,,,,немає Transfermarkt ID (не знайдено/не підтверджено датою народження),,,,,,,,,,,ST,MF,84,5,70,10
w:1966-04-24:sheihametov,Толят Шейхаметов,,,,,,,https://www.transfermarkt.com/tolyat-sheykhametov/profil/spieler/183487,,tm id: data/class: wikidata P2446 + dob; дані TM ще не зібрано (бюджет/помилка),,,,,,,,,,183487,ST,FW,84,5,70,16
w:1966-07-19:kislov,Ігор Кислов,,,,,,,https://www.transfermarkt.com/igor-kyslov/profil/spieler/180921,,"tm id: data/class: repo link (data/foot, data/positions); дані TM ще не зібрано (бюджет/помилка)",,,,,,,,,,180921,ST,FW,84,5,124,26
w:1967-03-12:kolesnik,Вадим Колесник,,,,,,,https://www.transfermarkt.com/vadym-kolesnyk/profil/spieler/305474,,tm id: data/class: transfermarkt search + dob; дані TM ще не зібрано (бюджет/помилка),,,,,,,,,,305474,ST,FW,84,6,129,30
w:1968-02-02:finkel,Борис Фінкель,,,,,,,https://www.transfermarkt.com/borys-finkel/profil/spieler/346655,,tm id: data/class: wikidata P2446 + dob; дані TM ще не зібрано (бюджет/помилка),,,,,,,,,,346655,ST,FW,84,3,90,28
w:1968-05-05:kalitvintsev,Юрій Калитвинцев,,,,,,,https://www.transfermarkt.com/yuriy-kalitvintsev/profil/spieler/67108,,"tm id: data/class: repo link (data/foot, data/positions); дані TM ще не зібрано (бюджет/помилка)",,,,,,,,,,67108,CAM,MF,84,6,103,16
w:1968-10-25:chuichenko,Сергій Чуйченко,,,,,,,,,немає Transfermarkt ID (не знайдено/не підтверджено датою народження),,,,,,,,,,,ST,FW,84,6,102,30
w:1969-09-07:kosheliuk,Олег Кошелюк,,,,,,,https://www.transfermarkt.com/oleg-koshelyuk/profil/spieler/207870,,tm id: data/class: wikidata P2446 + dob; дані TM ще не зібрано (бюджет/помилка),,,,,,,,,,207870,CAM,MF,84,3,49,6
w:1970-02-01:irichuk,Павло Ірічук,,,,,,,https://www.transfermarkt.com/paolo-rachini/profil/spieler/288479,,tm id: data/class: wikidata P2446 + dob; дані TM ще не зібрано (бюджет/помилка),,,,,,,,,,288479,ST,FW,84,7,141,30
w:1970-02-17:herasimenko,Олексій Герасименко,,,,,,,,,немає Transfermarkt ID (не знайдено/не підтверджено датою народження),,,,,,,,,,,ST,DF,84,4,51,3
w:1971-01-31:prizetko,Олександр Призетко,,,,,,,https://www.transfermarkt.com/oleksandr-pryzetko/profil/spieler/93267,,"tm id: data/class: repo link (data/foot, data/positions); дані TM ще не зібрано (бюджет/помилка)",,,,,,,,,,93267,CAM,MF,84,4,80,12
w:1971-04-18:nichenko,Ігор Ніченко,,,,,,,https://www.transfermarkt.com/igor-nichenko/profil/spieler/170569,,tm id: data/class: wikidata P2446 + dob; дані TM ще не зібрано (бюджет/помилка),,,,,,,,,,170569,ST,FW,84,3,79,24
w:1971-06-21:pokladok,Андрій Покладок,,,,,,,https://www.transfermarkt.com/andriy-pokladok/profil/spieler/373877,,"tm id: data/class: repo link (data/foot, data/positions); дані TM ще не зібрано (бюджет/помилка)",,,,,,,,,,373877,ST,FW,84,11,241,62
w:1971-07-04:fedkov,Андрій Федьков,,,,,,,https://www.transfermarkt.com/andrey-fedkov/profil/spieler/24127,,"tm id: data/class: repo link (data/foot, data/positions); дані TM ще не зібрано (бюджет/помилка)",,,,,,,,,,24127,ST,FW,84,5,115,39
w:1971-11-25:pohlebaev,Євген Похлебаєв,,,,,,,https://www.transfermarkt.com/yevgen-pokhlebaev/profil/spieler/346654,,tm id: data/class: wikidata P2446 + dob; дані TM ще не зібрано (бюджет/помилка),,,,,,,,,,346654,RM,MF,84,5,132,20
w:1972-01-08:atelkin,Сергій Ателькін,,,,,,,https://www.transfermarkt.com/sergiy-atelkin/profil/spieler/59956,,"tm id: data/class: repo link (data/foot, data/positions); дані TM ще не зібрано (бюджет/помилка)",,,,,,,,,,59956,ST,FW,84,10,193,65
w:1972-03-28:korobchenko,Олексій Коробченко,,,,,,,https://www.transfermarkt.com/aleksey-korobchenko/profil/spieler/774168,,tm id: data/class: transfermarkt search + dob; дані TM ще не зібрано (бюджет/помилка),,,,,,,,,,774168,RW,MF,84,4,113,23
w:1972-11-18:skachenko,Сергій Скаченко,,,,,,,https://www.transfermarkt.com/sergiy-skachenko/profil/spieler/4912,,tm id: data/class: wikidata P2446 + dob; дані TM ще не зібрано (бюджет/помилка),,,,,,,,,,4912,ST,FW,84,4,56,18
w:1972-12-02:kandaurov,Сергій Кандауров,,,,,,,https://www.transfermarkt.com/sergiy-kandaurov/profil/spieler/172251,,tm id: data/class: wikidata P2446 + dob; дані TM ще не зібрано (бюджет/помилка),,,,,,,,,,172251,CAM,MF,84,2,33,6
w:1973-07-21:emerson,Емерсон,,,,,,,,,немає Transfermarkt ID (не знайдено/не підтверджено датою народження),,,,,,,,,,,ST,FW,84,1,14,7
w:1974-07-08:shtoltsers,Андрій Штолцерс,,,,,,,https://www.transfermarkt.com/andrejs-stolcers/profil/spieler/3724,,tm id: data/class: wikidata P2446 + dob; дані TM ще не зібрано (бюджет/помилка),,,,,,,,,,3724,ST,FW,84,3,49,14
w:1974-09-27:mochuliak,Олег Мочуляк,,,,,,,,,немає Transfermarkt ID (не знайдено/не підтверджено датою народження),,,,,,,,,,,ST,FW,84,8,114,30
w:1975-02-28:miterev,Юрій Мітерєв,,,,,,,https://www.transfermarkt.com/yuriy-miterev/profil/spieler/60198,,tm id: data/class: wikidata P2446 + dob; дані TM ще не зібрано (бюджет/помилка),,,,,,,,,,60198,ST,MF,84,5,89,14
w:1975-05-03:sachko,Василь Сачко,,,,,,,https://www.transfermarkt.com/vasyl-sachko/profil/spieler/59127,,"tm id: data/class: repo link (data/foot, data/positions); дані TM ще не зібрано (бюджет/помилка)",,,,,,,,,,59127,ST,FW,84,11,260,68
w:1975-08-09:kozakevich,Олександр Козакевич,,,,,,,https://www.transfermarkt.com/oleksandr-kozakevich/profil/spieler/169752,,tm id: data/class: wikidata P2446 + dob; дані TM ще не зібрано (бюджет/помилка),,,,,,,,,,169752,ST,FW,84,5,69,8
w:1976-08-20:demchenko,Андрій Демченко,,,,,,,https://www.transfermarkt.com/andrey-demchenko/profil/spieler/24487,,tm id: data/class: wikidata P2446 + dob; дані TM ще не зібрано (бюджет/помилка),,,,,,,,,,24487,CAM,MF,84,12,192,35
w:1976-09-01:serebrenikov,Сергій Серебренников,,,,,,,https://www.transfermarkt.com/sergiy-serebrennikov/profil/spieler/9631,,tm id: data/class: wikidata P2446 + dob; дані TM ще не зібрано (бюджет/помилка),,,,,,,,,,9631,ST,FW,84,4,30,8
w:1977-01-16:tereschenko,В'ячеслав Терещенко,,,,,,,https://www.transfermarkt.com/vyacheslav-tereshchenko/profil/spieler/27215,,tm id: data/class: wikidata P2446 + dob; дані TM ще не зібрано (бюджет/помилка),,,,,,,,,,27215,ST,FW,84,5,106,25
w:1977-06-03:hihiadze,Васіл Гігіадзе,,,,,,,https://www.transfermarkt.com/vasil-gigiadze/profil/spieler/57878,,"tm id: data/class: repo link (data/foot, data/positions); дані TM ще не зібрано (бюджет/помилка)",,,,,,,,,,57878,CAM,FW,84,11,245,61
w:1977-10-26:iaschuk,Олег Ящук,,,,,,,https://www.transfermarkt.com/oleg-yashchuk/profil/spieler/9596,,tm id: data/class: wikidata P2446 + dob; дані TM ще не зібрано (бюджет/помилка),,,,,,,,,,9596,ST,FW,84,2,34,10
w:1978-04-21:fernandes,Рікардо Фернандес,,,,,,,https://www.transfermarkt.com/ricardo-fernandes/profil/spieler/9833,,tm id: data/class: wikidata P2446 + dob; дані TM ще не зібрано (бюджет/помилка),,,,,,,,,,9833,CAM,MF,84,4,58,14
w:1978-06-13:kripak,Яків Кріпак,,,,,,,https://www.transfermarkt.com/yakiv-kripak/profil/spieler/418361,,tm id: data/class: wikidata P2446 + dob; дані TM ще не зібрано (бюджет/помилка),,,,,,,,,,418361,ST,FW,84,8,118,30
w:1979-08-18:molokutsko,Степан Молокуцько,,,,,,,https://www.transfermarkt.com/stepan-molokutsko/profil/spieler/544243,,tm id: data/class: transfermarkt search + dob; дані TM ще не зібрано (бюджет/помилка),,,,,,,,,,544243,ST,FW,84,6,103,22
w:1979-10-15:maris,Маріс Верпаковськіс,,,,,,,https://www.transfermarkt.com/maris-verpakovskis/profil/spieler/15404,,tm id: data/class: wikidata P2446 + dob; дані TM ще не зібрано (бюджет/помилка),,,,,,,,,,15404,ST,FW,84,4,49,11
w:1980-07-27:batista,Батіста,,,,,,,https://www.transfermarkt.com/william-batista/profil/spieler/25563,,tm id: data/class: wikidata P2446 + dob; дані TM ще не зібрано (бюджет/помилка),,,,,,,,,,25563,ST,FW,84,6,110,30
w:1980-08-08:bilikbashi,Доріан Биликбаші,,,,,,,https://www.transfermarkt.com/dorian-bylykbashi/profil/spieler/59025,,tm id: data/class: wikidata P2446 + dob; дані TM ще не зібрано (бюджет/помилка),,,,,,,,,,59025,CAM,MF,84,4,79,11
w:1980-08-14:aphazava,Шалва Апхазава,,,,,,,https://www.transfermarkt.com/shalva-apkhazava/profil/spieler/713659,,tm id: data/class: transfermarkt search + dob; дані TM ще не зібрано (бюджет/помилка),,,,,,,,,,713659,ST,FW,84,2,38,17
w:1980-11-04:akobian,Ара Акобян,,,,,,,https://www.transfermarkt.com/ara-hakobyan/profil/spieler/23986,,tm id: data/class: wikidata P2446 + dob; дані TM ще не зібрано (бюджет/помилка),,,,,,,,,,23986,ST,FW,84,5,78,14
w:1985-10-02:chiprian,Чіпріан Маріка,,,,,,,https://www.transfermarkt.com/ciprian-marica/profil/spieler/16833,,"tm id: data/class: repo link (data/foot, data/positions); дані TM ще не зібрано (бюджет/помилка)",,,,,,,,,,16833,ST,FW,84,5,75,17
tm:1007020,Хоакінете,,,,,,,https://www.transfermarkt.com/joaquinete/profil/spieler/1007020,,дані TM ще не зібрано (бюджет/помилка),,,,,,,,,,1007020,LW,FW,83,1,30,8
tm:1033040,Марк Ассінор,,,,,,,https://www.transfermarkt.com/mark-assinor/profil/spieler/1033040,,дані TM ще не зібрано (бюджет/помилка),,,,,,,,,,1033040,ST,FW,83,2,31,9
tm:1045187,Ігор Краснопір,,,,,,,https://www.transfermarkt.com/igor-krasnopir/profil/spieler/1045187,,дані TM ще не зібрано (бюджет/помилка),,,,,,,,,,1045187,ST,FW,83,3,88,19
tm:1061628,Євген Пастух,,,,,,,https://www.transfermarkt.com/yevgeniy-pastukh/profil/spieler/1061628,,дані TM ще не зібрано (бюджет/помилка),,,,,,,,,,1061628,CAM,MF,83,3,79,6
tm:1082823,Невертон,,,,,,,https://www.transfermarkt.com/newerton/profil/spieler/1082823,,дані TM ще не зібрано (бюджет/помилка),,,,,,,,,,1082823,LW,FW,83,3,55,10
tm:1083965,Жуан Безерра,,,,,,,https://www.transfermarkt.com/juan-bezerra/profil/spieler/1083965,,дані TM ще не зібрано (бюджет/помилка),,,,,,,,,,1083965,RW,FW,83,3,38,9
tm:1220143,Лука Мейреллес,,,,,,,https://www.transfermarkt.com/luca-meirelles/profil/spieler/1220143,,дані TM ще не зібрано (бюджет/помилка),,,,,,,,,,1220143,ST,FW,83,1,20,6
tm:131553,В'ячеслав Чурко,,,,,,,https://www.transfermarkt.com/vyacheslav-churko/profil/spieler/131553,,дані TM ще не зібрано (бюджет/помилка),,,,,,,,,,131553,RW,MF,83,12,184,22
tm:156137,Редван Мемешев,,,,,,,https://www.transfermarkt.com/redvan-memeshev/profil/spieler/156137,,дані TM ще не зібрано (бюджет/помилка),,,,,,,,,,156137,RM,MF,83,5,94,6
tm:157849,Лукаш Теодорчик,,,,,,,https://www.transfermarkt.com/lukasz-teodorczyk/profil/spieler/157849,,дані TM ще не зібрано (бюджет/помилка),,,,,,,,,,157849,ST,FW,83,2,24,10
tm:176412,Олексій Хобленко,,,,,,,https://www.transfermarkt.com/oleksiy-khoblenko/profil/spieler/176412,,дані TM ще не зібрано (бюджет/помилка),,,,,,,,,,176412,ST,FW,83,8,144,22
tm:192347,Джон Хайро Руїс,,,,,,,https://www.transfermarkt.com/john-jairo-ruiz/profil/spieler/192347,,дані TM ще не зібрано (бюджет/помилка),,,,,,,,,,192347,LW,FW,83,1,14,6
tm:203074,Іван Петряк,,,,,,,https://www.transfermarkt.com/ivan-petryak/profil/spieler/203074,,дані TM ще не зібрано (бюджет/помилка),,,,,,,,,,203074,LW,FW,83,10,127,11
tm:203854,Андрій Борячук,,,,,,,https://www.transfermarkt.com/andriy-boryachuk/profil/spieler/203854,,дані TM ще не зібрано (бюджет/помилка),,,,,,,,,,203854,ST,FW,83,9,106,27
tm:210689,Владислав Кабаєв,,,,,,,https://www.transfermarkt.com/vladyslav-kabaev/profil/spieler/210689,,дані TM ще не зібрано (бюджет/помилка),,,,,,,,,,210689,LM,FW,83,12,219,17
tm:244904,Артур Авагімян,,,,,,,https://www.transfermarkt.com/artur-avagimyan/profil/spieler/244904,,дані TM ще не зібрано (бюджет/помилка),,,,,,,,,,244904,CAM,MF,83,7,84,9
tm:248938,Максим Третьяков,,,,,,,https://www.transfermarkt.com/maksym-tretyakov/profil/spieler/248938,,дані TM ще не зібрано (бюджет/помилка),,,,,,,,,,248938,LW,FW,83,10,179,25
tm:251676,Ріфет Капич,,,,,,,https://www.transfermarkt.com/rifet-kapic/profil/spieler/251676,,дані TM ще не зібрано (бюджет/помилка),,,,,,,,,,251676,CAM,MF,83,1,23,6
tm:316280,Моха Рхарсалла,,,,,,,https://www.transfermarkt.com/mohammed-rharsalla/profil/spieler/316280,,дані TM ще не зібрано (бюджет/помилка),,,,,,,,,,316280,LW,FW,83,4,70,12
tm:320247,Артем Ситало,,,,,,,https://www.transfermarkt.com/artem-sitalo/profil/spieler/320247,,дані TM ще не зібрано (бюджет/помилка),,,,,,,,,,320247,ST,FW,83,8,138,21
tm:35435,Лучан Бурдужан,,,,,,,https://www.transfermarkt.com/lucian-burdujan/profil/spieler/35435,,дані TM ще не зібрано (бюджет/помилка),,,,,,,,,,35435,ST,FW,83,4,56,10
tm:357776,Хрвоє Ілич,,,,,,,https://www.transfermarkt.com/hrvoje-ilic/profil/spieler/357776,,дані TM ще не зібрано (бюджет/помилка),,,,,,,,,,357776,CAM,MF,83,3,44,6
tm:359796,Дмитро Шастал,,,,,,,https://www.transfermarkt.com/dmytro-shastal/profil/spieler/359796,,дані TM ще не зібрано (бюджет/помилка),,,,,,,,,,359796,LW,FW,83,7,85,14
tm:36238,Руслан Фомін,,,,,,,https://www.transfermarkt.com/ruslan-fomin/profil/spieler/36238,,дані TM ще не зібрано (бюджет/помилка),,,,,,,,,,36238,ST,FW,83,13,194,42
tm:36732,Драман Траоре,,,,,,,https://www.transfermarkt.com/dramane-traore/profil/spieler/36732,,дані TM ще не зібрано (бюджет/помилка),,,,,,,,,,36732,ST,FW,83,2,49,14
tm:41885,Сергій Сілюк,,,,,,,https://www.transfermarkt.com/sergiy-silyuk/profil/spieler/41885,,дані TM ще не зібрано (бюджет/помилка),,,,,,,,,,41885,ST,FW,83,11,180,24
tm:419061,Владислав Супряга,,,,,,,https://www.transfermarkt.com/vladyslav-supryaga/profil/spieler/419061,,дані TM ще не зібрано (бюджет/помилка),,,,,,,,,,419061,ST,FW,83,7,84,13
tm:501612,Юрій Климчук,,,,,,,https://www.transfermarkt.com/yuriy-klymchuk/profil/spieler/501612,,дані TM ще не зібрано (бюджет/помилка),,,,,,,,,,501612,ST,FW,83,8,148,33
tm:509837,Максим Прядун,,,,,,,https://www.transfermarkt.com/maksym-pryadun/profil/spieler/509837,,дані TM ще не зібрано (бюджет/помилка),,,,,,,,,,509837,ST,FW,83,4,71,17
tm:52787,Дентіньйо,,,,,,,https://www.transfermarkt.com/dentinho/profil/spieler/52787,,дані TM ще не зібрано (бюджет/помилка),,,,,,,,,,52787,ST,FW,83,11,122,19
tm:542597,Марлісон,,,,,,,https://www.transfermarkt.com/marlyson/profil/spieler/542597,,дані TM ще не зібрано (бюджет/помилка),,,,,,,,,,542597,ST,FW,83,2,25,8
tm:54816,Дмитро Льопа,,,,,,,https://www.transfermarkt.com/dmytro-lyopa/profil/spieler/54816,,дані TM ще не зібрано (бюджет/помилка),,,,,,,,,,54816,CAM,MF,83,9,133,10
tm:570743,Анатолій Нурієв,,,,,,,https://www.transfermarkt.com/anatoliy-nuriyev/profil/spieler/570743,,дані TM ще не зібрано (бюджет/помилка),,,,,,,,,,570743,CAM,MF,83,3,38,11
tm:581782,Андрій Штогрин,,,,,,,https://www.transfermarkt.com/andriy-shtogrin/profil/spieler/581782,,дані TM ще не зібрано (бюджет/помилка),,,,,,,,,,581782,LW,FW,83,4,62,8
tm:58403,Денис Кожанов,,,,,,,https://www.transfermarkt.com/denys-kozhanov/profil/spieler/58403,,дані TM ще не зібрано (бюджет/помилка),,,,,,,,,,58403,RW,FW,83,12,235,28
tm:58515,Віталій Балашов,,,,,,,https://www.transfermarkt.com/vitaliy-balashov/profil/spieler/58515,,дані TM ще не зібрано (бюджет/помилка),,,,,,,,,,58515,LW,FW,83,8,112,15
tm:59150,Ахмед Янузі,,,,,,,https://www.transfermarkt.com/ahmed-januzi/profil/spieler/59150,,дані TM ще не зібрано (бюджет/помилка),,,,,,,,,,59150,ST,FW,83,9,170,28
tm:59982,Володимир Аржанов,,,,,,,https://www.transfermarkt.com/volodymyr-arzhanov/profil/spieler/59982,,дані TM ще не зібрано (бюджет/помилка),,,,,,,,,,59982,LM,MF,83,12,197,28
tm:62515,Іван Бобко,,,,,,,https://www.transfermarkt.com/ivan-bobko/profil/spieler/62515,,дані TM ще не зібрано (бюджет/помилка),,,,,,,,,,62515,CAM,MF,83,7,106,5
tm:62610,Дмитро Хльобас,,,,,,,https://www.transfermarkt.com/dmytro-khlyobas/profil/spieler/62610,,дані TM ще не зібрано (бюджет/помилка),,,,,,,,,,62610,ST,FW,83,7,104,29
tm:688714,Віталій Дахновський,,,,,,,https://www.transfermarkt.com/vitaliy-dakhnovskyi/profil/spieler/688714,,дані TM ще не зібрано (бюджет/помилка),,,,,,,,,,688714,LM,MF,83,4,92,11
tm:708241,Олег Очеретько,,,,,,,https://www.transfermarkt.com/oleg-ocheretko/profil/spieler/708241,,дані TM ще не зібрано (бюджет/помилка),,,,,,,,,,708241,CAM,MF,83,6,110,8
tm:755174,Данило Алефіренко,,,,,,,https://www.transfermarkt.com/danyil-alefirenko/profil/spieler/755174,,дані TM ще не зібрано (бюджет/помилка),,,,,,,,,,755174,LW,FW,83,6,80,12
tm:789583,Ярослав Карабін,,,,,,,https://www.transfermarkt.com/yaroslav-karabin/profil/spieler/789583,,дані TM ще не зібрано (бюджет/помилка),,,,,,,,,,789583,ST,FW,83,6,92,11
tm:794617,Ян Костенко,,,,,,,https://www.transfermarkt.com/yan-kostenko/profil/spieler/794617,,дані TM ще не зібрано (бюджет/помилка),,,,,,,,,,794617,LM,MF,83,2,51,6
tm:85430,Джаба Ліпартія,,,,,,,https://www.transfermarkt.com/jaba-lipartia/profil/spieler/85430,,дані TM ще не зібрано (бюджет/помилка),,,,,,,,,,85430,CAM,MF,83,8,147,11
tm:860701,Микола Гайдучик,,,,,,,https://www.transfermarkt.com/mykola-gayduchyk/profil/spieler/860701,,дані TM ще не зібрано (бюджет/помилка),,,,,,,,,,860701,ST,FW,83,5,119,21
tm:885150,Карлос Парако,,,,,,,https://www.transfermarkt.com/carlos-paraco/profil/spieler/885150,,дані TM ще не зібрано (бюджет/помилка),,,,,,,,,,885150,ST,FW,83,1,28,8
tm:888023,Кевін Келсі,,,,,,,https://www.transfermarkt.com/kevin-kelsy/profil/spieler/888023,,дані TM ще не зібрано (бюджет/помилка),,,,,,,,,,888023,ST,FW,83,2,27,7
tm:892054,Еміль Мустафаєв,,,,,,,https://www.transfermarkt.com/emil-mustafayev/profil/spieler/892054,,дані TM ще не зібрано (бюджет/помилка),,,,,,,,,,892054,CAM,MF,83,5,64,5
tm:900195,Кевін,,,,,,,https://www.transfermarkt.com/kevin/profil/spieler/900195,,дані TM ще не зібрано (бюджет/помилка),,,,,,,,,,900195,LW,FW,83,2,38,9
tm:91425,Юрій Коломоєць,,,,,,,https://www.transfermarkt.com/yuriy-kolomoets/profil/spieler/91425,,дані TM ще не зібрано (бюджет/помилка),,,,,,,,,,91425,ST,FW,83,6,101,20
tm:94925,Єгор Картушов,,,,,,,https://www.transfermarkt.com/yegor-kartushov/profil/spieler/94925,,дані TM ще не зібрано (бюджет/помилка),,,,,,,,,,94925,LM,MF,83,7,132,4
tm:97567,Роман Безус,,,,,,,https://www.transfermarkt.com/roman-bezus/profil/spieler/97567,,дані TM ще не зібрано (бюджет/помилка),,,,,,,,,,97567,CAM,MF,83,8,155,29
w:1957-11-24:shari,Іван Шарій,,,,,,,,,немає Transfermarkt ID (не знайдено/не підтверджено датою народження),,,,,,,,,,,ST,FW,83,3,46,9
w:1959-06-09:iavorski,Ігор Яворський,,,,,,,https://www.transfermarkt.com/igor-yavorskyi/profil/spieler/826122,,tm id: data/class: wikidata P2446 + dob; дані TM ще не зібрано (бюджет/помилка),,,,,,,,,,826122,ST,FW,83,5,75,25
w:1963-01-03:mhlinets,Віктор Мглинець,,,,,,,https://www.transfermarkt.com/viktor-mglynets/profil/spieler/985367,,tm id: data/class: transfermarkt search + dob; дані TM ще не зібрано (бюджет/помилка),,,,,,,,,,985367,CAM,MF,83,2,53,9
w:1966-08-14:bondarenko,Роман Бондаренко,,,,,,,https://www.transfermarkt.com/roman-bondarenko/profil/spieler/764456,,"tm id: data/class: repo link (data/foot, data/positions); дані TM ще не зібрано (бюджет/помилка)",,,,,,,,,,764456,ST,FW,83,7,214,48
w:1969-02-13:korponai,Іван Корпонай,,,,,,,https://www.transfermarkt.com/jan-palinek/profil/spieler/21097,,tm id: data/class: wikidata P2446 + dob; дані TM ще не зібрано (бюджет/помилка),,,,,,,,,,21097,ST,FW,83,8,147,38
w:1969-05-04:parahnevich,Віталій Парахневич,,,,,,,https://www.transfermarkt.com/vitaliy-parakhnevich/profil/spieler/190300,,tm id: data/class: wikidata P2446 + dob; дані TM ще не зібрано (бюджет/помилка),,,,,,,,,,190300,ST,FW,83,4,47,14
w:1969-07-18:sevidov,Олександр Севідов,,,,,,,https://www.transfermarkt.com/oleksandr-sevidov/profil/spieler/492214,,tm id: data/class: wikidata P2446 + dob; дані TM ще не зібрано (бюджет/помилка),,,,,,,,,,492214,ST,FW,83,8,118,28
w:1970-01-03:fursov,Володимир Фурсов,,,,,,,https://www.transfermarkt.com/volodymyr-fursov/profil/spieler/305759,,tm id: data/class: wikidata P2446 + dob; дані TM ще не зібрано (бюджет/помилка),,,,,,,,,,305759,ST,FW,83,6,103,23
w:1970-11-20:rusak,Петро Русак,,,,,,,https://www.transfermarkt.com/petro-rusak/profil/spieler/213795,,tm id: data/class: wikidata P2446 + dob; дані TM ще не зібрано (бюджет/помилка),,,,,,,,,,213795,ST,FW,83,4,90,25
w:1971-01-04:filimonov,Денис Філімонов,,,,,,,https://www.transfermarkt.com/denys-filimonov/profil/spieler/785002,,tm id: data/class: transfermarkt search + dob; дані TM ще не зібрано (бюджет/помилка),,,,,,,,,,785002,ST,MF,83,7,140,24
w:1971-03-10:zabranski,Руслан Забранський,,,,,,,https://www.transfermarkt.com/ruslan-zabranskyi/profil/spieler/577162,,tm id: data/class: wikidata P2446 + dob; дані TM ще не зібрано (бюджет/помилка),,,,,,,,,,577162,ST,FW,83,6,91,20
w:1971-06-23:djamarauli,Гоча Джамараулі,,,,,,,,,немає Transfermarkt ID (не знайдено/не підтверджено датою народження),,,,,,,,,,,CAM,MF,83,3,59,5
w:1971-12-11:shved,Василь Швед,,,,,,,https://www.transfermarkt.com/vasyl-shved/profil/spieler/915860,,tm id: data/class: transfermarkt search + dob; дані TM ще не зібрано (бюджет/помилка),,,,,,,,,,915860,ST,FW,83,4,75,16
w:1972-10-29:mintenko,Віталій Мінтенко,,,,,,,https://www.transfermarkt.com/vitaliy-mintenko/profil/spieler/358918,,tm id: data/class: wikidata P2446 + dob; дані TM ще не зібрано (бюджет/помилка),,,,,,,,,,358918,ST,FW,83,9,107,22
w:1973-03-11:musolitin,Володимир Мусолітін,,,,,,,https://www.transfermarkt.com/volodymyr-musolitin/profil/spieler/172234,,"tm id: data/class: repo link (data/foot, data/positions); дані TM ще не зібрано (бюджет/помилка)",,,,,,,,,,172234,ST,FW,83,10,227,37
w:1973-06-24:tsihmeistruk,Едуард Цихмейструк,,,,,,,https://www.transfermarkt.com/eduard-tsykhmeystruk/profil/spieler/58223,,"tm id: data/class: repo link (data/foot, data/positions); дані TM ще не зібрано (бюджет/помилка)",,,,,,,,,,58223,CAM,MF,83,12,286,25
w:1974-06-14:maksimiuk,Роман Максимюк,,,,,,,https://www.transfermarkt.com/roman-maksymyuk/profil/spieler/24034,,"tm id: data/class: repo link (data/foot, data/positions); дані TM ще не зібрано (бюджет/помилка)",,,,,,,,,,24034,LM,MF,83,12,199,14
w:1975-01-06:spivak,Олександр Співак,,,,,,,https://www.transfermarkt.com/oleksandr-spivak/profil/spieler/15664,,tm id: data/class: wikidata P2446 + dob; дані TM ще не зібрано (бюджет/помилка),,,,,,,,,,15664,CAM,MF,83,6,124,14
w:1975-03-27:moroz,Геннадій Мороз,,,,,,,https://www.transfermarkt.com/gennadiy-moroz/profil/spieler/123213,,"tm id: data/class: repo link (data/foot, data/positions); дані TM ще не зібрано (бюджет/помилка)",,,,,,,,,,123213,CAM,FW,83,11,200,45
w:1975-05-06:babich,Костянтин Бабич,,,,,,,https://www.transfermarkt.com/kostyantyn-babych/profil/spieler/71010,,"tm id: data/class: repo link (data/foot, data/positions); дані TM ще не зібрано (бюджет/помилка)",,,,,,,,,,71010,ST,FW,83,13,289,66
w:1975-08-12:potshveria,Михайло Поцхверія,,,,,,,https://www.transfermarkt.com/mikhail-potskhveria/profil/spieler/247597,,tm id: data/class: wikidata P2446 + dob; дані TM ще не зібрано (бюджет/помилка),,,,,,,,,,247597,ST,FW,83,7,126,41
w:1975-10-04:kristiano,Крістіано Лукареллі,,,,,,,https://www.transfermarkt.com/cristiano-lucarelli/profil/spieler/21408,,tm id: data/class: wikidata P2446 + dob; дані TM ще не зібрано (бюджет/помилка),,,,,,,,,,21408,ST,FW,83,1,12,4
w:1976-02-29:prodan,Ігор Продан,,,,,,,https://www.transfermarkt.com/igor-prodan/profil/spieler/167028,,"tm id: data/class: repo link (data/foot, data/positions); дані TM ще не зібрано (бюджет/помилка)",,,,,,,,,,167028,ST,FW,83,6,84,22
w:1976-06-16:rimshin,Євген Римшин,,,,,,,https://www.transfermarkt.com/yevgen-rymshyn/profil/spieler/859168,,tm id: data/class: transfermarkt search + dob; дані TM ще не зібрано (бюджет/помилка),,,,,,,,,,859168,ST,FW,83,8,154,27
w:1976-12-13:mladenovich,Ненад Младенович,,,,,,,https://www.transfermarkt.com/nenad-mladenovic/profil/spieler/24041,,tm id: data/class: wikidata P2446 + dob; дані TM ще не зібрано (бюджет/помилка),,,,,,,,,,24041,ST,FW,83,2,29,6
w:1977-09-01:dranov,Сергій Дранов,,,,,,,https://www.transfermarkt.com/sergiy-dranov/profil/spieler/92464,,tm id: data/class: wikidata P2446 + dob; дані TM ще не зібрано (бюджет/помилка),,,,,,,,,,92464,ST,FW,83,11,123,27
w:1977-09-28:maziar,Володимир Мазяр,,,,,,,https://www.transfermarkt.com/volodymyr-mazyar/profil/spieler/118430,,tm id: data/class: wikidata P2446 + dob; дані TM ще не зібрано (бюджет/помилка),,,,,,,,,,118430,ST,FW,83,7,85,16
w:1979-04-14:alev,Самір Алієв,,,,,,,https://www.transfermarkt.com/samir-aliyev/profil/spieler/60975,,tm id: data/class: wikidata P2446 + dob; дані TM ще не зібрано (бюджет/помилка),,,,,,,,,,60975,ST,FW,83,2,33,10
w:1980-09-10:danilav,Олександр Данилов,,,,,,,https://www.transfermarkt.com/aleksandr-danilov/profil/spieler/42623,,"tm id: data/class: repo link (data/foot, data/positions); дані TM ще не зібрано (бюджет/помилка)",,,,,,,,,,42623,RM,MF,83,7,121,4
w:1981-01-29:pischur,Олександр Пищур,,,,,,,https://www.transfermarkt.com/aleksandr-zhabokritskiy/profil/spieler/91349,,tm id: data/class: wikidata P2446 + dob; дані TM ще не зібрано (бюджет/помилка),,,,,,,,,,91349,ST,FW,83,5,83,9
w:1981-02-02:chiprian,Чіпріан Тенасе,,,,,,,https://www.transfermarkt.com/ciprian-tanasa/profil/spieler/46661,,tm id: data/class: wikidata P2446 + dob; дані TM ще не зібрано (бюджет/помилка),,,,,,,,,,46661,ST,FW,83,3,52,14
w:1981-11-13:karakevich,Роман Каракевич,,,,,,,https://www.transfermarkt.com/roman-karakevych/profil/spieler/57879,,tm id: data/class: wikidata P2446 + dob; дані TM ще не зібрано (бюджет/помилка),,,,,,,,,,57879,ST,FW,83,5,53,12
w:1981-11-17:hribanov,Сергій Грибанов,,,,,,,https://www.transfermarkt.com/sergiy-grybanov/profil/spieler/91214,,tm id: data/class: wikidata P2446 + dob; дані TM ще не зібрано (бюджет/помилка),,,,,,,,,,91214,ST,MF,83,6,78,13
w:1982-05-06:milian,Мілян Мрдакович,,,,,,,https://www.transfermarkt.com/miljan-mrdakovic/profil/spieler/13748,,tm id: data/class: wikidata P2446 + dob; дані TM ще не зібрано (бюджет/помилка),,,,,,,,,,13748,ST,FW,83,2,27,7
w:1982-08-13:balabanov,Костянтин Балабанов,,,,,,,https://www.transfermarkt.com/kostyantyn-balabanov/profil/spieler/34766,,"tm id: data/class: repo link (data/foot, data/positions); дані TM ще не зібрано (бюджет/помилка)",,,,,,,,,,34766,ST,FW,83,7,106,22
w:1983-02-16:anderson,Міхаель,,,,,,,https://www.transfermarkt.com/michael/profil/spieler/52276,,tm id: data/class: wikidata P2446 + dob; дані TM ще не зібрано (бюджет/помилка),,,,,,,,,,52276,LM,MF,83,1,8,3
w:1986-03-03:hlavina,Деніс Главіна,,,,,,,https://www.transfermarkt.com/denis-glavina/profil/spieler/27826,,"tm id: data/class: repo link (data/foot, data/positions); дані TM ще не зібрано (бюджет/помилка)",,,,,,,,,,27826,LW,MF,83,5,103,14
w:1986-07-29:kovel,Леонід Ковель,,,,,,,https://www.transfermarkt.com/leonid-kovel/profil/spieler/26348,,tm id: data/class: wikidata P2446 + dob; дані TM ще не зібрано (бюджет/помилка),,,,,,,,,,26348,ST,FW,83,2,29,12
w:1999-00-00:vitino,Вітінью,,,,,,,,,немає Transfermarkt ID (невідома дата народження в id),,,,,,,,,,,ST,FW,83,1,8,3
tm:1067497,Вадим Сидун,,,,,,,https://www.transfermarkt.com/vadym-sydun/profil/spieler/1067497,,дані TM ще не зібрано (бюджет/помилка),,,,,,,,,,1067497,ST,FW,82,2,30,8
tm:1111025,Бабукарр Фаал,,,,,,,https://www.transfermarkt.com/baboucarr-faal/profil/spieler/1111025,,дані TM ще не зібрано (бюджет/помилка),,,,,,,,,,1111025,ST,FW,82,2,37,12
tm:15568,Бруно Гама,,,,,,,https://www.transfermarkt.com/bruno-gama/profil/spieler/15568,,дані TM ще не зібрано (бюджет/помилка),,,,,,,,,,15568,LW,FW,82,3,56,9
tm:160109,Арні Вільхамссон,,,,,,,https://www.transfermarkt.com/arni-vilhjalmsson/profil/spieler/160109,,дані TM ще не зібрано (бюджет/помилка),,,,,,,,,,160109,ST,FW,82,2,10,3
tm:177818,Андрій Блізніченко,,,,,,,https://www.transfermarkt.com/andriy-bliznichenko/profil/spieler/177818,,дані TM ще не зібрано (бюджет/помилка),,,,,,,,,,177818,RW,FW,82,6,55,11
tm:18860,Франк Джа Джедже,,,,,,,https://www.transfermarkt.com/franck-dja-djedje/profil/spieler/18860,,дані TM ще не зібрано (бюджет/помилка),,,,,,,,,,18860,LW,FW,82,2,38,7
tm:241700,Ніка Січінава,,,,,,,https://www.transfermarkt.com/nika-sichinava/profil/spieler/241700,,дані TM ще не зібрано (бюджет/помилка),,,,,,,,,,241700,ST,FW,82,1,21,6
tm:243841,Михайло Сергійчук,,,,,,,https://www.transfermarkt.com/mykhaylo-sergiychuk/profil/spieler/243841,,дані TM ще не зібрано (бюджет/помилка),,,,,,,,,,243841,ST,FW,82,7,112,13
tm:25891,Анатолій Діденко,,,,,,,https://www.transfermarkt.com/anatoliy-didenko/profil/spieler/25891,,дані TM ще не зібрано (бюджет/помилка),,,,,,,,,,25891,ST,FW,82,13,223,30
tm:282734,Жерсон Родрігес,,,,,,,https://www.transfermarkt.com/gerson-rodrigues/profil/spieler/282734,,дані TM ще не зібрано (бюджет/помилка),,,,,,,,,,282734,ST,FW,82,3,33,6
tm:296781,Станіслав Куліш,,,,,,,https://www.transfermarkt.com/stanislav-kulish/profil/spieler/296781,,дані TM ще не зібрано (бюджет/помилка),,,,,,,,,,296781,ST,FW,82,4,63,11
tm:34773,Володимир Прийомов,,,,,,,https://www.transfermarkt.com/volodymyr-pryiomov/profil/spieler/34773,,дані TM ще не зібрано (бюджет/помилка),,,,,,,,,,34773,ST,FW,82,9,148,25
tm:366446,Денис Костишин,,,,,,,https://www.transfermarkt.com/denys-kostyshyn/profil/spieler/366446,,дані TM ще не зібрано (бюджет/помилка),,,,,,,,,,366446,CAM,MF,82,6,52,9
tm:404848,Андрій Кулаков,,,,,,,https://www.transfermarkt.com/andriy-kulakov/profil/spieler/404848,,дані TM ще не зібрано (бюджет/помилка),,,,,,,,,,404848,ST,FW,82,7,103,11
tm:40608,Алекс да Сілва,,,,,,,https://www.transfermarkt.com/alex-da-silva/profil/spieler/40608,,дані TM ще не зібрано (бюджет/помилка),,,,,,,,,,40608,CAM,MF,82,2,42,3
tm:448854,Еммануель Денніс,,,,,,,https://www.transfermarkt.com/emmanuel-dennis/profil/spieler/448854,,дані TM ще не зібрано (бюджет/помилка),,,,,,,,,,448854,ST,FW,82,1,22,6
tm:495923,Олег Ільїн,,,,,,,https://www.transfermarkt.com/oleg-ilyin/profil/spieler/495923,,дані TM ще не зібрано (бюджет/помилка),,,,,,,,,,495923,RM,MF,82,7,138,8
tm:58103,Руслан Платон,,,,,,,https://www.transfermarkt.com/ruslan-platon/profil/spieler/58103,,дані TM ще не зібрано (бюджет/помилка),,,,,,,,,,58103,ST,FW,82,12,169,23
tm:58467,Мусавенкосі Мгуні,,,,,,,https://www.transfermarkt.com/musa-mguni/profil/spieler/58467,,дані TM ще не зібрано (бюджет/помилка),,,,,,,,,,58467,ST,FW,82,3,34,10
tm:59047,Василь Грицук,,,,,,,https://www.transfermarkt.com/vasyl-grytsuk/profil/spieler/59047,,дані TM ще не зібрано (бюджет/помилка),,,,,,,,,,59047,CAM,MF,82,10,110,14
tm:608760,Арінальдо Рапай,,,,,,,https://www.transfermarkt.com/arinaldo-rrapaj/profil/spieler/608760,,дані TM ще не зібрано (бюджет/помилка),,,,,,,,,,608760,CAM,MF,82,2,33,3
tm:622410,Денис Устименко,,,,,,,https://www.transfermarkt.com/denys-ustymenko/profil/spieler/622410,,дані TM ще не зібрано (бюджет/помилка),,,,,,,,,,622410,ST,FW,82,7,122,15
tm:624920,Бені Макуана,,,,,,,https://www.transfermarkt.com/beni-makouana/profil/spieler/624920,,дані TM ще не зібрано (бюджет/помилка),,,,,,,,,,624920,LW,FW,82,2,31,5
tm:627227,Пеглоу,,,,,,,https://www.transfermarkt.com/peglow/profil/spieler/627227,,дані TM ще не зібрано (бюджет/помилка),,,,,,,,,,627227,LW,FW,82,1,13,3
tm:654385,Альваро Вієйра,,,,,,,https://www.transfermarkt.com/alvaro-vieira/profil/spieler/654385,,дані TM ще не зібрано (бюджет/помилка),,,,,,,,,,654385,CAM,MF,82,4,46,7
tm:729781,Владислав Велетень,,,,,,,https://www.transfermarkt.com/vladyslav-veleten/profil/spieler/729781,,дані TM ще не зібрано (бюджет/помилка),,,,,,,,,,729781,RW,FW,82,5,83,10
tm:819249,Луан Кампос,,,,,,,https://www.transfermarkt.com/luan-campos/profil/spieler/819249,,дані TM ще не зібрано (бюджет/помилка),,,,,,,,,,819249,RW,FW,82,1,26,5
tm:82608,Павло Худзік,,,,,,,https://www.transfermarkt.com/pavlo-khudzik/profil/spieler/82608,,дані TM ще не зібрано (бюджет/помилка),,,,,,,,,,82608,LM,MF,82,6,96,13
tm:85626,Сергій Зеньов,,,,,,,https://www.transfermarkt.com/sergei-zenjov/profil/spieler/85626,,дані TM ще не зібрано (бюджет/помилка),,,,,,,,,,85626,RW,FW,82,7,137,21
tm:89556,Віталій Федотов,,,,,,,https://www.transfermarkt.com/vitaliy-fedotov/profil/spieler/89556,,дані TM ще не зібрано (бюджет/помилка),,,,,,,,,,89556,RM,MF,82,5,101,7
tm:90769,Віталій Пономар,,,,,,,https://www.transfermarkt.com/vitaliy-ponomar/profil/spieler/90769,,дані TM ще не зібрано (бюджет/помилка),,,,,,,,,,90769,ST,FW,82,6,96,14
tm:909138,Даніель Сосах,,,,,,,https://www.transfermarkt.com/daniel-sosah/profil/spieler/909138,,дані TM ще не зібрано (бюджет/помилка),,,,,,,,,,909138,ST,FW,82,3,47,5
tm:91259,Юрій Штурко,,,,,,,https://www.transfermarkt.com/yuriy-shturko/profil/spieler/91259,,дані TM ще не зібрано (бюджет/помилка),,,,,,,,,,91259,LM,MF,82,4,69,10
tm:91549,Валерій Куценко,,,,,,,https://www.transfermarkt.com/valeriy-kutsenko/profil/spieler/91549,,дані TM ще не зібрано (бюджет/помилка),,,,,,,,,,91549,CAM,MF,82,6,76,7
tm:98536,Адіс Яхович,,,,,,,https://www.transfermarkt.com/adis-jahovic/profil/spieler/98536,,дані TM ще не зібрано (бюджет/помилка),,,,,,,,,,98536,ST,FW,82,1,18,6
w:1962-02-15:diki,Володимир Дикий,,,,,,,,,немає Transfermarkt ID (не знайдено/не підтверджено датою народження),,,,,,,,,,,ST,FW,82,4,104,20
w:1962-05-25:turianski,Сергій Турянський,,,,,,,https://www.transfermarkt.com/sergiy-turyanskyi/profil/spieler/565971,,tm id: wikidata P2446 + dob; дані TM ще не зібрано (бюджет/помилка),,,,,,,,,,565971,ST,FW,82,4,65,17
w:1964-01-28:mozoliuk,Володимир Мозолюк,,,,,,,,,немає Transfermarkt ID (не знайдено/не підтверджено датою народження),,,,,,,,,,,ST,FW,82,4,98,24
w:1965-02-03:hromov,Віктор Громов,,,,,,,,,немає Transfermarkt ID (не знайдено/не підтверджено датою народження),,,,,,,,,,,ST,FW,82,7,172,26
w:1965-03-22:hrihorchuk,Роман Григорчук,,,,,,,https://www.transfermarkt.com/roman-grygorchuk/profil/spieler/172013,,tm id: wikidata P2446 + dob; дані TM ще не зібрано (бюджет/помилка),,,,,,,,,,172013,ST,FW,82,2,33,11
w:1967-04-27:pilipchuk,Роман Пилипчук,,,,,,,,,немає Transfermarkt ID (не знайдено/не підтверджено датою народження),,,,,,,,,,,ST,FW,82,4,65,15
w:1968-01-19:snihirov,Олексій Снігірьов,,,,,,,https://www.transfermarkt.com/aleksey-snigirev/profil/spieler/430252,,tm id: wikidata P2446 + dob; дані TM ще не зібрано (бюджет/помилка),,,,,,,,,,430252,ST,FW,82,1,13,6
w:1968-09-05:kovalets,Сергій Ковалець,,,,,,,https://www.transfermarkt.com/sergiy-kovalets/profil/spieler/107039,,"tm id: repo link (data/foot, data/positions); дані TM ще не зібрано (бюджет/помилка)",,,,,,,,,,107039,CAM,MF,82,13,245,27
w:1971-06-15:hritsina,Юрій Гріцина,,,,,,,https://www.transfermarkt.com/yuriy-gritsyna/profil/spieler/178675,,tm id: wikidata P2446 + dob; дані TM ще не зібрано (бюджет/помилка),,,,,,,,,,178675,ST,MF,82,2,30,2
w:1972-10-11:savu,Маріан Саву,,,,,,,https://www.transfermarkt.com/marian-savu/profil/spieler/42799,,tm id: wikidata P2446 + dob; дані TM ще не зібрано (бюджет/помилка),,,,,,,,,,42799,ST,FW,82,1,13,3
w:1973-09-25:atso,Ацо Васілєвич,,,,,,,,,немає Transfermarkt ID (не знайдено/не підтверджено датою народження),,,,,,,,,,,ST,FW,82,3,13,5
w:1974-04-17:borisenko,Сергій Борисенко,,,,,,,https://www.transfermarkt.com/sergiy-borysenko/profil/spieler/369954,,tm id: wikidata P2446 + dob; дані TM ще не зібрано (бюджет/помилка),,,,,,,,,,369954,ST,FW,82,5,84,18
w:1976-09-02:bernar,Бернар Чутанг,,,,,,,https://www.transfermarkt.com/bernard-samuel-tchoutang/profil/spieler/32170,,tm id: wikidata P2446 + dob; дані TM ще не зібрано (бюджет/помилка),,,,,,,,,,32170,ST,MF,82,1,17,3
w:1976-09-04:makovei,Ігор Маковей,,,,,,,https://www.transfermarkt.com/igor-makovey/profil/spieler/560690,,"tm id: repo link (data/foot, data/positions); дані TM ще не зібрано (бюджет/помилка)",,,,,,,,,,560690,ST,MF,82,10,192,26
w:1976-12-29:mikuliak,Олександр Микуляк,,,,,,,https://www.transfermarkt.com/oleksandr-mykulyak/profil/spieler/94721,,tm id: wikidata P2446 + dob; дані TM ще не зібрано (бюджет/помилка),,,,,,,,,,94721,ST,FW,82,7,55,6
w:1978-12-07:mitich,Саша Митич,,,,,,,https://www.transfermarkt.com/sasa-mitic/profil/spieler/46961,,tm id: wikidata P2446 + dob; дані TM ще не зібрано (бюджет/помилка),,,,,,,,,,46961,ST,FW,82,3,42,8
w:1979-02-10:tkachenko,Сергій Ткаченко,,,,,,,https://www.transfermarkt.com/sergiy-tkachenko/profil/spieler/24059,,"tm id: repo link (data/foot, data/positions); дані TM ще не зібрано (бюджет/помилка)",,,,,,,,,,24059,LM,MF,82,13,227,16
w:1979-04-18:tselih,Юрій Целих,,,,,,,https://www.transfermarkt.com/yuriy-tselykh/profil/spieler/58255,,tm id: wikidata P2446 + dob; дані TM ще не зібрано (бюджет/помилка),,,,,,,,,,58255,ST,FW,82,9,117,21
w:1980-01-17:monarov,Роман Монарьов,,,,,,,https://www.transfermarkt.com/roman-monarev/profil/spieler/48501,,tm id: wikidata P2446 + dob; дані TM ще не зібрано (бюджет/помилка),,,,,,,,,,48501,ST,FW,82,6,63,13
w:1980-08-20:djakobia,Лаша Джакобія,,,,,,,https://www.transfermarkt.com/lasha-jakobia/profil/spieler/42636,,tm id: wikidata P2446 + dob; дані TM ще не зібрано (бюджет/помилка),,,,,,,,,,42636,ST,FW,82,6,78,14
w:1981-01-23:kabanov,Тарас Кабанов,,,,,,,https://www.transfermarkt.com/taras-kabanov/profil/spieler/35352,,"tm id: repo link (data/foot, data/positions); дані TM ще не зібрано (бюджет/помилка)",,,,,,,,,,35352,ST,FW,82,11,190,31
w:1981-07-02:anderson,Андерсон Рібейро,,,,,,,https://www.transfermarkt.com/anderson-mendes-ribeiro/profil/spieler/58081,,tm id: wikidata P2446 + dob; дані TM ще не зібрано (бюджет/помилка),,,,,,,,,,58081,ST,FW,82,6,111,20
w:1982-07-06:motuz,Сергій Мотуз,,,,,,,https://www.transfermarkt.com/sergiy-motuz/profil/spieler/24042,,"tm id: repo link (data/foot, data/positions); дані TM ще не зібрано (бюджет/помилка)",,,,,,,,,,24042,ST,FW,82,10,113,13
w:1982-10-01:aruna,Аруна Бабангіда,,,,,,,https://www.transfermarkt.com/haruna-babangida/profil/spieler/8139,,tm id: wikidata P2446 + dob; дані TM ще не зібрано (бюджет/помилка),,,,,,,,,,8139,ST,MF,82,2,10,2
w:1983-01-09:danel,Осмар Феррейра,,,,,,,https://www.transfermarkt.com/osmar-ferreyra/profil/spieler/16682,,tm id: wikidata P2446 + dob; дані TM ще не зібрано (бюджет/помилка),,,,,,,,,,16682,LW,MF,82,4,62,5
w:1983-01-31:leviha,Руслан Левига,,,,,,,https://www.transfermarkt.com/ruslan-levyga/profil/spieler/59081,,tm id: wikidata P2446 + dob; дані TM ще не зібрано (бюджет/помилка),,,,,,,,,,59081,ST,FW,82,6,114,14
w:1984-00-00:markos,Маркос Піццеллі,,,,,,,,,немає Transfermarkt ID (невідома дата народження в id),,,,,,,,,,,CAM,MF,82,1,18,4
w:1984-01-07:kucherenko,Сергій Кучеренко,,,,,,,https://www.transfermarkt.com/sergiy-kucherenko/profil/spieler/93065,,tm id: wikidata P2446 + dob; дані TM ще не зібрано (бюджет/помилка),,,,,,,,,,93065,CAM,MF,82,2,24,4
w:1985-06-13:alenkor,Герсон Маграо,,,,,,,https://www.transfermarkt.com/gerson-magrao/profil/spieler/27303,,tm id: wikidata P2446 + dob; дані TM ще не зібрано (бюджет/помилка),,,,,,,,,,27303,LM,MF,82,2,27,3
w:1994-00-00:lukas,Лукас Ранжел,,,,,,,,,немає Transfermarkt ID (невідома дата народження в id),,,,,,,,,,,ST,FW,82,1,12,4
tm:110028,Артем Чорній,,,,,,,https://www.transfermarkt.com/artem-chorniy/profil/spieler/110028,,дані TM ще не зібрано (бюджет/помилка),,,,,,,,,,110028,LM,MF,81,6,67,4
tm:121988,Веллінгтон Нем,,,,,,,https://www.transfermarkt.com/wellington-nem/profil/spieler/121988,,дані TM ще не зібрано (бюджет/помилка),,,,,,,,,,121988,RW,FW,81,5,39,7
tm:137939,Торніке Окріашвілі,,,,,,,https://www.transfermarkt.com/tornike-okriashvili/profil/spieler/137939,,дані TM ще не зібрано (бюджет/помилка),,,,,,,,,,137939,LW,FW,81,4,67,7
tm:182577,Дерліс Гонсалес,,,,,,,https://www.transfermarkt.com/derlis-gonzalez/profil/spieler/182577,,дані TM ще не зібрано (бюджет/помилка),,,,,,,,,,182577,LW,FW,81,3,47,6
tm:193158,Сергій Мякушко,,,,,,,https://www.transfermarkt.com/sergiy-myakushko/profil/spieler/193158,,дані TM ще не зібрано (бюджет/помилка),,,,,,,,,,193158,LW,FW,81,10,151,18
tm:221958,Роман Яремчук,,,,,,,https://www.transfermarkt.com/roman-yaremchuk/profil/spieler/221958,,дані TM ще не зібрано (бюджет/помилка),,,,,,,,,,221958,ST,FW,81,1,23,5
tm:242854,Дмитро Юсов,,,,,,,https://www.transfermarkt.com/dmytro-yusov/profil/spieler/242854,,дані TM ще не зібрано (бюджет/помилка),,,,,,,,,,242854,ST,FW,81,6,91,10
tm:261780,Артем Шулянський,,,,,,,https://www.transfermarkt.com/artem-shulyanskyi/profil/spieler/261780,,дані TM ще не зібрано (бюджет/помилка),,,,,,,,,,261780,LW,FW,81,4,53,6
tm:264063,Сергій Болбат,,,,,,,https://www.transfermarkt.com/sergiy-bolbat/profil/spieler/264063,,дані TM ще не зібрано (бюджет/помилка),,,,,,,,,,264063,RW,FW,81,9,143,14
tm:269374,Сергій Грин,,,,,,,https://www.transfermarkt.com/sergiy-gryn/profil/spieler/269374,,дані TM ще не зібрано (бюджет/помилка),,,,,,,,,,269374,LW,FW,81,6,66,13
tm:274058,Франсіско Ді Франко,,,,,,,https://www.transfermarkt.com/francisco-di-franco/profil/spieler/274058,,дані TM ще не зібрано (бюджет/помилка),,,,,,,,,,274058,CAM,MF,81,5,94,3
tm:285127,Домінго Бланко,,,,,,,https://www.transfermarkt.com/domingo-blanco/profil/spieler/285127,,дані TM ще не зібрано (бюджет/помилка),,,,,,,,,,285127,LW,FW,81,2,21,4
tm:289487,Ростислав Русин,,,,,,,https://www.transfermarkt.com/rostyslav-rusyn/profil/spieler/289487,,дані TM ще не зібрано (бюджет/помилка),,,,,,,,,,289487,RW,FW,81,3,57,7
tm:30732,Леван Кенія,,,,,,,https://www.transfermarkt.com/levan-kenia/profil/spieler/30732,,дані TM ще не зібрано (бюджет/помилка),,,,,,,,,,30732,CAM,MF,81,1,20,3
tm:315236,Геннадій Пасіч,,,,,,,https://www.transfermarkt.com/gennadiy-pasich/profil/spieler/315236,,дані TM ще не зібрано (бюджет/помилка),,,,,,,,,,315236,LM,MF,81,8,172,13
tm:321417,Микита Татарков,,,,,,,https://www.transfermarkt.com/mykyta-tatarkov/profil/spieler/321417,,дані TM ще не зібрано (бюджет/помилка),,,,,,,,,,321417,CAM,MF,81,10,141,6
tm:383325,Денис Антюх,,,,,,,https://www.transfermarkt.com/denys-antyukh/profil/spieler/383325,,дані TM ще не зібрано (бюджет/помилка),,,,,,,,,,383325,RW,FW,81,7,121,13
tm:401822,Максим Луньов,,,,,,,https://www.transfermarkt.com/maksym-lunyov/profil/spieler/401822,,дані TM ще не зібрано (бюджет/помилка),,,,,,,,,,401822,LW,FW,81,9,136,7
tm:404845,Владислав Наумець,,,,,,,https://www.transfermarkt.com/vladyslav-naumets/profil/spieler/404845,,дані TM ще не зібрано (бюджет/помилка),,,,,,,,,,404845,RW,FW,81,3,71,7
tm:404851,Денис Янаков,,,,,,,https://www.transfermarkt.com/denis-yanakov/profil/spieler/404851,,дані TM ще не зібрано (бюджет/помилка),,,,,,,,,,404851,LW,FW,81,5,61,10
tm:41037,Данило,,,,,,,https://www.transfermarkt.com/danilo/profil/spieler/41037,,дані TM ще не зібрано (бюджет/помилка),,,,,,,,,,41037,ST,FW,81,2,48,14
tm:428746,Ерік Рамірес,,,,,,,https://www.transfermarkt.com/eric-ramirez/profil/spieler/428746,,дані TM ще не зібрано (бюджет/помилка),,,,,,,,,,428746,ST,FW,81,2,17,4
tm:470831,Вікентій Волошин,,,,,,,https://www.transfermarkt.com/vikentiy-voloshyn/profil/spieler/470831,,дані TM ще не зібрано (бюджет/помилка),,,,,,,,,,470831,CAM,MF,81,4,45,3
tm:48508,Махач Гаджиєв,,,,,,,https://www.transfermarkt.com/makhach-gadzhiev/profil/spieler/48508,,дані TM ще не зібрано (бюджет/помилка),,,,,,,,,,48508,LM,MF,81,1,16,3
tm:511669,Станіслав Біленький,,,,,,,https://www.transfermarkt.com/stanislav-bilenkyi/profil/spieler/511669,,дані TM ще не зібрано (бюджет/помилка),,,,,,,,,,511669,ST,FW,81,3,25,5
tm:51232,Данило,,,,,,,https://www.transfermarkt.com/danilo/profil/spieler/51232,,дані TM ще не зібрано (бюджет/помилка),,,,,,,,,,51232,CAM,MF,81,3,44,2
tm:526578,Владислав Вакула,,,,,,,https://www.transfermarkt.com/vladyslav-vakula/profil/spieler/526578,,дані TM ще не зібрано (бюджет/помилка),,,,,,,,,,526578,LW,FW,81,8,82,8
tm:540186,Данило Кондраков,,,,,,,https://www.transfermarkt.com/daniil-kondrakov/profil/spieler/540186,,дані TM ще не зібрано (бюджет/помилка),,,,,,,,,,540186,ST,FW,81,3,38,6
tm:543493,Наджиб Якубу,,,,,,,https://www.transfermarkt.com/najeeb-yakubu/profil/spieler/543493,,дані TM ще не зібрано (бюджет/помилка),,,,,,,,,,543493,LM,MF,81,5,59,1
tm:55115,Давид Таргамадзе,,,,,,,https://www.transfermarkt.com/david-targamadze/profil/spieler/55115,,дані TM ще не зібрано (бюджет/помилка),,,,,,,,,,55115,CAM,MF,81,5,78,9
tm:58413,Володимир Лисенко,,,,,,,https://www.transfermarkt.com/volodymyr-lysenko/profil/spieler/58413,,дані TM ще не зібрано (бюджет/помилка),,,,,,,,,,58413,ST,FW,81,15,225,29
tm:58946,Артур Карноза,,,,,,,https://www.transfermarkt.com/artur-karnoza/profil/spieler/58946,,дані TM ще не зібрано (бюджет/помилка),,,,,,,,,,58946,CAM,MF,81,7,69,8
tm:59142,Олександр Ситнік,,,,,,,https://www.transfermarkt.com/oleksandr-sytnik/profil/spieler/59142,,дані TM ще не зібрано (бюджет/помилка),,,,,,,,,,59142,ST,FW,81,4,55,4
tm:59636,Бой Деул,,,,,,,https://www.transfermarkt.com/boy-deul/profil/spieler/59636,,дані TM ще не зібрано (бюджет/помилка),,,,,,,,,,59636,CAM,MF,81,1,18,2
tm:59964,Євген Пісоцький,,,,,,,https://www.transfermarkt.com/yevgen-pisotskyi/profil/spieler/59964,,дані TM ще не зібрано (бюджет/помилка),,,,,,,,,,59964,RM,MF,81,7,112,7
tm:59984,Тарас Лазарович,,,,,,,https://www.transfermarkt.com/taras-lazarovych/profil/spieler/59984,,дані TM ще не зібрано (бюджет/помилка),,,,,,,,,,59984,RW,FW,81,8,139,17
tm:634023,Луїфер Ернандес,,,,,,,https://www.transfermarkt.com/luifer-hernandez/profil/spieler/634023,,дані TM ще не зібрано (бюджет/помилка),,,,,,,,,,634023,ST,FW,81,2,19,5
tm:648076,Джованні Болівар,,,,,,,https://www.transfermarkt.com/jovanny-bolivar/profil/spieler/648076,,дані TM ще не зібрано (бюджет/помилка),,,,,,,,,,648076,ST,FW,81,1,20,3
tm:678783,Євген Підлепенець,,,,,,,https://www.transfermarkt.com/yevgen-pidlepenets/profil/spieler/678783,,дані TM ще не зібрано (бюджет/помилка),,,,,,,,,,678783,RW,FW,81,3,66,6
tm:695310,Максим Брагару,,,,,,,https://www.transfermarkt.com/maksym-bragaru/profil/spieler/695310,,дані TM ще не зібрано (бюджет/помилка),,,,,,,,,,695310,LW,FW,81,5,114,9
tm:808971,Денис Ндукве,,,,,,,https://www.transfermarkt.com/denys-ndukve/profil/spieler/808971,,дані TM ще не зібрано (бюджет/помилка),,,,,,,,,,808971,ST,FW,81,3,58,10
tm:821535,Артур Ременяк,,,,,,,https://www.transfermarkt.com/artur-remenyak/profil/spieler/821535,,дані TM ще не зібрано (бюджет/помилка),,,,,,,,,,821535,RW,FW,81,5,64,9
tm:831697,Яго Сікейра,,,,,,,https://www.transfermarkt.com/iago-siqueira/profil/spieler/831697,,дані TM ще не зібрано (бюджет/помилка),,,,,,,,,,831697,CAM,MF,81,2,42,4
tm:837005,Раймонд Овусу,,,,,,,https://www.transfermarkt.com/raymond-owusu/profil/spieler/837005,,дані TM ще не зібрано (бюджет/помилка),,,,,,,,,,837005,ST,FW,81,4,48,6
tm:86502,Іван Кривошеєнко,,,,,,,https://www.transfermarkt.com/ivan-kryvosheenko/profil/spieler/86502,,дані TM ще не зібрано (бюджет/помилка),,,,,,,,,,86502,RM,FW,81,12,270,24
tm:91365,Андрій Воронков,,,,,,,https://www.transfermarkt.com/andrey-voronkov/profil/spieler/91365,,дані TM ще не зібрано (бюджет/помилка),,,,,,,,,,91365,ST,FW,81,4,62,16
tm:91377,Дмитро Трухін,,,,,,,https://www.transfermarkt.com/dmytro-trukhin/profil/spieler/91377,,дані TM ще не зібрано (бюджет/помилка),,,,,,,,,,91377,LM,MF,81,3,64,5
tm:91380,Дмитро Коркішко,,,,,,,https://www.transfermarkt.com/dmytro-korkishko/profil/spieler/91380,,дані TM ще не зібрано (бюджет/помилка),,,,,,,,,,91380,LW,FW,81,7,90,14
w:1960-02-21:valenko,Едуард Валенко,,,,,,,,,немає Transfermarkt ID (не знайдено/не підтверджено датою народження),,,,,,,,,,,ST,FW,81,2,49,9
w:1960-07-31:scherbakov,Олександр Щербаков,,,,,,,https://www.transfermarkt.com/oleksandr-shcherbakov/profil/spieler/135317,,tm id: wikidata P2446 + dob; дані TM ще не зібрано (бюджет/помилка),,,,,,,,,,135317,ST,FW,81,1,10,4
w:1964-03-28:bonetski,Сергій Бонецький,,,,,,,,,немає Transfermarkt ID (не знайдено/не підтверджено датою народження),,,,,,,,,,,ST,MF,81,2,24,4
w:1970-04-03:nemeshkalo,Владислав Немешкало,,,,,,,,,немає Transfermarkt ID (не знайдено/не підтверджено датою народження),,,,,,,,,,,ST,FW,81,2,13,4
w:1970-04-18:saprikin,Євген Саприкін,,,,,,,,,немає Transfermarkt ID (не знайдено/не підтверджено датою народження),,,,,,,,,,,ST,FW,81,2,28,7
w:1970-08-05:solodki,Вадим Солодкий,,,,,,,https://www.transfermarkt.com/vadym-solodkyi/profil/spieler/882986,,tm id: wikidata P2446 + dob; дані TM ще не зібрано (бюджет/помилка),,,,,,,,,,882986,ST,FW,81,4,73,11
w:1971-10-13:shemetev,Олександр Шеметєв,,,,,,,,,немає Transfermarkt ID (не знайдено/не підтверджено датою народження),,,,,,,,,,,ST,FW,81,2,16,3
w:1973-07-24:skidan,Геннадій Скідан,,,,,,,https://www.transfermarkt.com/gennadiy-skidan/profil/spieler/494661,,tm id: wikidata P2446 + dob; дані TM ще не зібрано (бюджет/помилка),,,,,,,,,,494661,ST,MF,81,3,53,7
w:1975-05-10:kudinov,Юрій Кудінов,,,,,,,https://www.transfermarkt.com/yuriy-kudinov/profil/spieler/91548,,"tm id: repo link (data/foot, data/positions); дані TM ще не зібрано (бюджет/помилка)",,,,,,,,,,91548,ST,FW,81,5,89,10
w:1975-12-31:shevtsov,Сергій Шевцов,,,,,,,https://www.transfermarkt.com/sergiy-shevtsov/profil/spieler/751165,,tm id: wikidata P2446 + dob; дані TM ще не зібрано (бюджет/помилка),,,,,,,,,,751165,ST,FW,81,6,120,22
w:1976-01-26:voskoboinik,Олександр Воскобойник,,,,,,,https://www.transfermarkt.com/aleksandr-voskoboynik/profil/spieler/556907,,"tm id: repo link (data/foot, data/positions); дані TM ще не зібрано (бюджет/помилка)",,,,,,,,,,556907,LW,FW,81,10,182,23
w:1976-04-03:bohatirov,Сергій Богатирьов,,,,,,,https://www.transfermarkt.com/sergiy-bogatyrev/profil/spieler/943315,,"tm id: repo link (data/foot, data/positions); дані TM ще не зібрано (бюджет/помилка)",,,,,,,,,,943315,CAM,MF,81,3,33,4
w:1977-04-16:vishnevski,В'ячеслав Вишневський,,,,,,,https://www.transfermarkt.com/vyacheslav-vishnevskiy/profil/spieler/43390,,tm id: wikidata P2446 + dob; дані TM ще не зібрано (бюджет/помилка),,,,,,,,,,43390,ST,FW,81,2,24,7
w:1977-04-23:makovski,Володимир Маковський,,,,,,,https://www.transfermarkt.com/vladimir-makovskiy/profil/spieler/158439,,tm id: wikidata P2446 + dob; дані TM ще не зібрано (бюджет/помилка),,,,,,,,,,158439,ST,FW,81,4,42,5
w:1977-06-30:adev,Магомед Адієв,,,,,,,https://www.transfermarkt.com/magomed-adiev/profil/spieler/24117,,tm id: wikidata P2446 + dob; дані TM ще не зібрано (бюджет/помилка),,,,,,,,,,24117,ST,MF,81,2,31,6
w:1977-08-05:holovko,Андрій Головко,,,,,,,https://www.transfermarkt.com/andriy-golovko/profil/spieler/169012,,tm id: wikidata P2446 + dob; дані TM ще не зібрано (бюджет/помилка),,,,,,,,,,169012,ST,FW,81,10,146,26
w:1977-10-24:salahovich,Сеад Салахович,,,,,,,https://www.transfermarkt.com/sead-salahovic/profil/spieler/139973,,tm id: wikidata P2446 + dob; дані TM ще не зібрано (бюджет/помилка),,,,,,,,,,139973,ST,FW,81,2,30,6
w:1978-02-04:aliutse,Маріан Аліуце,,,,,,,https://www.transfermarkt.com/marcin-molek/profil/spieler/280347,,tm id: wikidata P2446 + dob; дані TM ще не зібрано (бюджет/помилка),,,,,,,,,,280347,CAM,MF,81,4,70,3
w:1978-04-01:kariaka,Андрій Каряка,,,,,,,https://www.transfermarkt.com/andrey-karyaka/profil/spieler/15907,,"tm id: repo link (data/foot, data/positions); дані TM ще не зібрано (бюджет/помилка)",,,,,,,,,,15907,LW,MF,81,5,72,10
w:1980-10-18:dos,Жоземар,,,,,,,,,немає Transfermarkt ID (не знайдено/не підтверджено датою народження),,,,,,,,,,,ST,FW,81,4,79,14
w:1981-07-20:bidnenko,Руслан Бідненко,,,,,,,https://www.transfermarkt.com/ruslan-bidnenko/profil/spieler/15878,,"tm id: repo link (data/foot, data/positions); дані TM ще не зібрано (бюджет/помилка)",,,,,,,,,,15878,CAM,MF,81,6,59,3
w:1983-07-10:biurnel,Бюрнель Окана-Стазі,,,,,,,https://www.transfermarkt.com/burnel-okana-stasi/profil/spieler/86670,,tm id: wikidata P2446 + dob; дані TM ще не зібрано (бюджет/помилка),,,,,,,,,,86670,ST,MF,81,2,49,3
w:1986-10-16:alozi,Міхаель Алозі,,,,,,,https://www.transfermarkt.com/michael-chidi-alozie/profil/spieler/72387,,"tm id: repo link (data/foot, data/positions); дані TM ще не зібрано (бюджет/помилка)",,,,,,,,,,72387,ST,FW,81,5,79,12
w:1987-06-18:marselo,Марсело Морено,,,,,,,https://www.transfermarkt.com/marcelo-martins/profil/spieler/54162,,tm id: wikidata P2446 + dob; дані TM ще не зібрано (бюджет/помилка),,,,,,,,,,54162,ST,FW,81,2,32,7
w:1989-04-27:bili,Максим Білий,,,,,,,https://www.transfermarkt.com/maksym-iv-bilyi/profil/spieler/57970,,"tm id: repo link (data/foot, data/positions); дані TM ще не зібрано (бюджет/помилка)",,,,,,,,,,57970,ST,MF,81,5,111,10
tm:1052373,Артур Шах,,,,,,,https://www.transfermarkt.com/artur-shakh/profil/spieler/1052373,,дані TM ще не зібрано (бюджет/помилка),,,,,,,,,,1052373,CAM,MF,80,2,44,3
tm:1083070,Алісон,,,,,,,https://www.transfermarkt.com/alisson/profil/spieler/1083070,,дані TM ще не зібрано (бюджет/помилка),,,,,,,,,,1083070,RW,FW,80,2,21,1
tm:120144,Євген Будник,,,,,,,https://www.transfermarkt.com/yevgen-budnik/profil/spieler/120144,,дані TM ще не зібрано (бюджет/помилка),,,,,,,,,,120144,ST,FW,80,5,60,7
tm:182912,Анж-Фредді Плюмен,,,,,,,https://www.transfermarkt.com/ange-freddy-plumain/profil/spieler/182912,,дані TM ще не зібрано (бюджет/помилка),,,,,,,,,,182912,LW,FW,80,2,25,3
tm:187622,Кваме Карікарі,,,,,,,https://www.transfermarkt.com/kwame-karikari/profil/spieler/187622,,дані TM ще не зібрано (бюджет/помилка),,,,,,,,,,187622,ST,FW,80,1,26,7
tm:193323,Максим Дегтярьов,,,,,,,https://www.transfermarkt.com/maksim-degtyarov/profil/spieler/193323,,дані TM ще не зібрано (бюджет/помилка),,,,,,,,,,193323,ST,FW,80,6,75,9
tm:20005,Папу Гомес,,,,,,,https://www.transfermarkt.com/papu-gomez/profil/spieler/20005,,дані TM ще не зібрано (бюджет/помилка),,,,,,,,,,20005,LW,FW,80,1,23,3
tm:221955,Сергій Шестаков,,,,,,,https://www.transfermarkt.com/sergiy-shestakov/profil/spieler/221955,,дані TM ще не зібрано (бюджет/помилка),,,,,,,,,,221955,RM,MF,80,6,89,5
tm:262182,Роман Дебелко,,,,,,,https://www.transfermarkt.com/roman-debelko/profil/spieler/262182,,дані TM ще не зібрано (бюджет/помилка),,,,,,,,,,262182,ST,FW,80,6,82,11
tm:321165,Михайло Шестаков,,,,,,,https://www.transfermarkt.com/mykhaylo-shestakov/profil/spieler/321165,,дані TM ще не зібрано (бюджет/помилка),,,,,,,,,,321165,ST,FW,80,3,63,7
tm:404849,Олексій Кащук,,,,,,,https://www.transfermarkt.com/oleksiy-kashchuk/profil/spieler/404849,,дані TM ще не зібрано (бюджет/помилка),,,,,,,,,,404849,RW,FW,80,4,48,7
tm:491960,Беніто,,,,,,,https://www.transfermarkt.com/benito/profil/spieler/491960,,дані TM ще не зібрано (бюджет/помилка),,,,,,,,,,491960,RW,FW,80,4,54,6
tm:520400,Владислав Шарай,,,,,,,https://www.transfermarkt.com/vladyslav-sharay/profil/spieler/520400,,дані TM ще не зібрано (бюджет/помилка),,,,,,,,,,520400,LW,FW,80,5,128,14
tm:55734,Геворг Казарян,,,,,,,https://www.transfermarkt.com/gevorg-ghazaryan/profil/spieler/55734,,дані TM ще не зібрано (бюджет/помилка),,,,,,,,,,55734,LW,FW,80,3,59,6
tm:58008,Максим Фещук,,,,,,,https://www.transfermarkt.com/maksym-feshchuk/profil/spieler/58008,,дані TM ще не зібрано (бюджет/помилка),,,,,,,,,,58008,ST,FW,80,11,205,32
tm:59060,Олександр Іващенко,,,,,,,https://www.transfermarkt.com/oleksandr-ivashchenko/profil/spieler/59060,,дані TM ще не зібрано (бюджет/помилка),,,,,,,,,,59060,ST,FW,80,9,109,15
tm:705337,Марко Мрвальєвич,,,,,,,https://www.transfermarkt.com/marko-mrvaljevic/profil/spieler/705337,,дані TM ще не зібрано (бюджет/помилка),,,,,,,,,,705337,ST,FW,80,2,25,6
tm:726036,Артур Микитишин,,,,,,,https://www.transfermarkt.com/artur-mykytyshyn/profil/spieler/726036,,дані TM ще не зібрано (бюджет/помилка),,,,,,,,,,726036,LW,FW,80,5,94,8
tm:73769,Зе Соарес,,,,,,,https://www.transfermarkt.com/ze-soares/profil/spieler/73769,,дані TM ще не зібрано (бюджет/помилка),,,,,,,,,,73769,RW,MF,80,5,80,7
tm:89010,Сілвано Комваліус,,,,,,,https://www.transfermarkt.com/sylvano-comvalius/profil/spieler/89010,,дані TM ще не зібрано (бюджет/помилка),,,,,,,,,,89010,ST,FW,80,1,17,5
tm:92635,Олександр Мандзюк,,,,,,,https://www.transfermarkt.com/oleksandr-mandzyuk/profil/spieler/92635,,дані TM ще не зібрано (бюджет/помилка),,,,,,,,,,92635,ST,FW,80,7,117,17
w:1968-01-12:androsov,Андрій Андросов,,,,,,,,,немає Transfermarkt ID (не знайдено/не підтверджено датою народження),,,,,,,,,,,ST,FW,80,3,47,8
w:1968-02-25:dumenko,Сергій Думенко,,,,,,,https://www.transfermarkt.com/sergiy-dumenko/profil/spieler/559442,,"tm id: repo link (data/foot, data/positions); дані TM ще не зібрано (бюджет/помилка)",,,,,,,,,,559442,ST,FW,80,6,86,10
w:1968-04-09:lipinski,Микола Липинський,,,,,,,,,немає Transfermarkt ID (не знайдено/не підтверджено датою народження),,,,,,,,,,,ST,FW,80,2,16,4
w:1968-10-29:borisenko,Анатолій Борисенко,,,,,,,,,немає Transfermarkt ID (не знайдено/не підтверджено датою народження),,,,,,,,,,,ST,FW,80,3,20,5
w:1971-09-21:holovan,Олег Головань,,,,,,,https://www.transfermarkt.com/oleg-golovan/profil/spieler/11103,,tm id: wikidata P2446 + dob; дані TM ще не зібрано (бюджет/помилка),,,,,,,,,,11103,ST,FW,80,1,24,6
w:1971-10-21:prohorenkov,Олексій Прохоренков,,,,,,,https://www.transfermarkt.com/aleksey-gushchin/profil/spieler/181973,,tm id: wikidata P2446 + dob; дані TM ще не зібрано (бюджет/помилка),,,,,,,,,,181973,ST,FW,80,2,41,7
w:1972-01-18:mizenko,Олександр Мизенко,,,,,,,,,немає Transfermarkt ID (не знайдено/не підтверджено датою народження),,,,,,,,,,,ST,FW,80,5,100,16
w:1972-05-11:haiduk,Олександр Гайдук,,,,,,,https://www.transfermarkt.com/oleksandr-gayduk/profil/spieler/184371,,tm id: wikidata P2446 + dob; дані TM ще не зібрано (бюджет/помилка),,,,,,,,,,184371,ST,FW,80,1,16,4
w:1973-02-21:kovalchuk,Тарас Ковальчук,,,,,,,https://www.transfermarkt.com/taras-kovalchuk/profil/spieler/515671,,tm id: wikidata P2446 + dob; дані TM ще не зібрано (бюджет/помилка),,,,,,,,,,515671,CAM,MF,80,7,115,7
w:1973-06-07:baston,Євген Бастон,,,,,,,,,немає Transfermarkt ID (не знайдено/не підтверджено датою народження),,,,,,,,,,,ST,FW,80,3,27,5
w:1973-09-29:liubarski,Руслан Любарський,,,,,,,https://www.transfermarkt.com/ruslan-lyubarskyi/profil/spieler/25015,,"tm id: repo link (data/foot, data/positions); дані TM ще не зібрано (бюджет/помилка)",,,,,,,,,,25015,CAM,MF,80,4,96,4
w:1976-06-22:ibrahimov,Ельдар Ібрагімов,,,,,,,https://www.transfermarkt.com/eldar-ibragimov/profil/spieler/91298,,tm id: wikidata P2446 + dob; дані TM ще не зібрано (бюджет/помилка),,,,,,,,,,91298,CAM,MF,80,4,54,4
w:1979-07-07:stolitsia,Ілія Століца,,,,,,,,,немає Transfermarkt ID (не знайдено/не підтверджено датою народження),,,,,,,,,,,ST,FW,80,3,20,5
w:1979-08-25:postolatev,Володимир Постолатьєв,,,,,,,https://www.transfermarkt.com/volodymyr-postolatyev/profil/spieler/91453,,tm id: wikidata P2446 + dob; дані TM ще не зібрано (бюджет/помилка),,,,,,,,,,91453,ST,FW,80,2,29,5
w:1980-03-09:aristarhov,Максим Арістархов,,,,,,,https://www.transfermarkt.com/maksim-aristarkhov/profil/spieler/25881,,tm id: wikidata P2446 + dob; дані TM ще не зібрано (бюджет/помилка),,,,,,,,,,25881,ST,FW,80,3,30,6
w:1981-06-17:venans,Венанс Зезе,,,,,,,https://www.transfermarkt.com/zezeto/profil/spieler/13758,,"tm id: repo link (data/foot, data/positions); дані TM ще не зібрано (бюджет/помилка)",,,,,,,,,,13758,RW,FW,80,5,75,9
w:1981-09-09:eke,Санні Еке,,,,,,,https://www.transfermarkt.com/sunny-kingsley/profil/spieler/14318,,tm id: wikidata P2446 + dob; дані TM ще не зібрано (бюджет/помилка),,,,,,,,,,14318,CAM,MF,80,2,53,4
w:1983-07-20:bito,Сендлей Біто,,,,,,,https://www.transfermarkt.com/sendley-bito/profil/spieler/59802,,tm id: wikidata P2446 + dob; дані TM ще не зібрано (бюджет/помилка),,,,,,,,,,59802,ST,FW,80,5,67,5
w:1984-10-04:modebadze,Іраклі Модебадзе,,,,,,,https://www.transfermarkt.com/irakli-modebadze/profil/spieler/25045,,tm id: wikidata P2446 + dob; дані TM ще не зібрано (бюджет/помилка),,,,,,,,,,25045,ST,FW,80,8,93,17
w:1985-05-10:vorobei,Дмитро Воробей,,,,,,,https://www.transfermarkt.com/dmytro-vorobey/profil/spieler/58257,,"tm id: repo link (data/foot, data/positions); дані TM ще не зібрано (бюджет/помилка)",,,,,,,,,,58257,RW,FW,80,5,68,11
tm:106632,Санжар Турсунов,,,,,,,https://www.transfermarkt.com/sanzhar-tursunov/profil/spieler/106632,,дані TM ще не зібрано (бюджет/помилка),,,,,,,,,,106632,RM,FW,79,4,64,11
tm:337198,Богдан Бойчук,,,,,,,https://www.transfermarkt.com/bogdan-boychuk/profil/spieler/337198,,дані TM ще не зібрано (бюджет/помилка),,,,,,,,,,337198,RW,FW,79,5,86,7
tm:353252,Орест Кузик,,,,,,,https://www.transfermarkt.com/orest-kuzyk/profil/spieler/353252,,дані TM ще не зібрано (бюджет/помилка),,,,,,,,,,353252,LW,FW,79,8,133,13
tm:54565,Душан Савич,,,,,,,https://www.transfermarkt.com/dusan-savic/profil/spieler/54565,,дані TM ще не зібрано (бюджет/помилка),,,,,,,,,,54565,ST,FW,79,3,36,7
tm:550495,Фернандо,,,,,,,https://www.transfermarkt.com/fernando/profil/spieler/550495,,дані TM ще не зібрано (бюджет/помилка),,,,,,,,,,550495,ST,FW,79,4,39,8
tm:562484,Олег Вишневський,,,,,,,https://www.transfermarkt.com/oleg-vyshnevskyi/profil/spieler/562484,,дані TM ще не зібрано (бюджет/помилка),,,,,,,,,,562484,ST,FW,79,3,63,7
tm:58440,Сергій Шевчук,,,,,,,https://www.transfermarkt.com/sergiy-shevchuk/profil/spieler/58440,,дані TM ще не зібрано (бюджет/помилка),,,,,,,,,,58440,LM,DF,79,9,135,8
tm:620368,Остап Притула,,,,,,,https://www.transfermarkt.com/ostap-prytula/profil/spieler/620368,,дані TM ще не зібрано (бюджет/помилка),,,,,,,,,,620368,CAM,MF,79,7,121,6
tm:892053,Денис Нагнойний,,,,,,,https://www.transfermarkt.com/denys-nagnoynyi/profil/spieler/892053,,дані TM ще не зібрано (бюджет/помилка),,,,,,,,,,892053,CAM,MF,79,5,49,3
tm:91450,Олег Міщенко,,,,,,,https://www.transfermarkt.com/oleg-mishchenko/profil/spieler/91450,,дані TM ще не зібрано (бюджет/помилка),,,,,,,,,,91450,RW,FW,79,7,75,10
tm:95707,Володимир Танчик,,,,,,,https://www.transfermarkt.com/volodymyr-tanchyk/profil/spieler/95707,,дані TM ще не зібрано (бюджет/помилка),,,,,,,,,,95707,RM,DF,79,6,77,6
w:1969-04-14:djuheli,Іван Джугелі,,,,,,,https://www.transfermarkt.com/mamuka-jugeli/profil/spieler/831725,,tm id: wikidata P2446 + dob; дані TM ще не зібрано (бюджет/помилка),,,,,,,,,,831725,ST,FW,79,5,68,11
w:1970-03-06:lobas,Володимир Лобас,,,,,,,https://www.transfermarkt.com/volodymyr-lobas/profil/spieler/519256,,tm id: wikidata P2446 + dob; дані TM ще не зібрано (бюджет/помилка),,,,,,,,,,519256,ST,FW,79,4,77,7
w:1970-06-29:rudniak,Дмитро Рудняк,,,,,,,https://www.transfermarkt.com/mirco-gubellini/profil/spieler/21927,,tm id: wikidata P2446 + dob; дані TM ще не зібрано (бюджет/помилка),,,,,,,,,,21927,ST,FW,79,5,91,9
w:1971-09-05:atamanchuk,Орест Атаманчук,,,,,,,,,немає Transfermarkt ID (не знайдено/не підтверджено датою народження),,,,,,,,,,,ST,FW,79,3,38,6
w:1977-04-09:aleksandru,Александру Поповічі,,,,,,,https://www.transfermarkt.com/alexandru-popovici/profil/spieler/58246,,"tm id: repo link (data/foot, data/positions); дані TM ще не зібрано (бюджет/помилка)",,,,,,,,,,58246,ST,FW,79,6,88,11
tm:116302,Едгар Малакян,,,,,,,https://www.transfermarkt.com/edgar-malakyan/profil/spieler/116302,,дані TM ще не зібрано (бюджет/помилка),,,,,,,,,,116302,LW,FW,78,3,52,4
tm:1187437,Тарас Лях,,,,,,,https://www.transfermarkt.com/taras-lyakh/profil/spieler/1187437,,дані TM ще не зібрано (бюджет/помилка),,,,,,,,,,1187437,ST,FW,78,3,17,3
tm:177688,Міхель Бабатунде,,,,,,,https://www.transfermarkt.com/michel-babatunde/profil/spieler/177688,,дані TM ще не зібрано (бюджет/помилка),,,,,,,,,,177688,RW,MF,78,6,82,6
tm:215596,Шериф Іса,,,,,,,https://www.transfermarkt.com/sheriff-isa/profil/spieler/215596,,дані TM ще не зібрано (бюджет/помилка),,,,,,,,,,215596,CAM,MF,78,3,28,2
tm:224164,Ростислав Тарануха,,,,,,,https://www.transfermarkt.com/rostyslav-taranukha/profil/spieler/224164,,дані TM ще не зібрано (бюджет/помилка),,,,,,,,,,224164,ST,FW,78,3,60,6
tm:259461,Пауліньйо,,,,,,,https://www.transfermarkt.com/paulinho/profil/spieler/259461,,дані TM ще не зібрано (бюджет/помилка),,,,,,,,,,259461,LW,FW,78,3,40,4
tm:35633,Іржі Єслінек,,,,,,,https://www.transfermarkt.com/jiri-jeslinek/profil/spieler/35633,,дані TM ще не зібрано (бюджет/помилка),,,,,,,,,,35633,RW,MF,78,3,52,4
tm:365692,Дмитро Топалов,,,,,,,https://www.transfermarkt.com/dmytro-topalov/profil/spieler/365692,,дані TM ще не зібрано (бюджет/помилка),,,,,,,,,,365692,LW,FW,78,6,99,11
tm:375180,Олександр Козак,,,,,,,https://www.transfermarkt.com/oleksandr-kozak/profil/spieler/375180,,дані TM ще не зібрано (бюджет/помилка),,,,,,,,,,375180,LW,FW,78,7,104,10
tm:49030,Денис Васін,,,,,,,https://www.transfermarkt.com/denys-vasin/profil/spieler/49030,,дані TM ще не зібрано (бюджет/помилка),,,,,,,,,,49030,RW,FW,78,13,157,13
tm:497719,Шина,,,,,,,https://www.transfermarkt.com/china/profil/spieler/497719,,дані TM ще не зібрано (бюджет/помилка),,,,,,,,,,497719,ST,FW,78,4,49,6
tm:522091,Ренан Олівейра,,,,,,,https://www.transfermarkt.com/renan-oliveira/profil/spieler/522091,,дані TM ще не зібрано (бюджет/помилка),,,,,,,,,,522091,ST,FW,78,3,34,6
tm:524031,Олександр Бєляєв,,,,,,,https://www.transfermarkt.com/oleksandr-belyaev/profil/spieler/524031,,дані TM ще не зібрано (бюджет/помилка),,,,,,,,,,524031,LM,MF,78,4,57,4
tm:659886,Білл,,,,,,,https://www.transfermarkt.com/bill/profil/spieler/659886,,дані TM ще не зібрано (бюджет/помилка),,,,,,,,,,659886,LW,MF,78,3,20,1
tm:748940,Василь Рунич,,,,,,,https://www.transfermarkt.com/vasyl-runich/profil/spieler/748940,,дані TM ще не зібрано (бюджет/помилка),,,,,,,,,,748940,LW,FW,78,6,105,8
tm:935109,Артем Слесар,,,,,,,https://www.transfermarkt.com/artem-slesar/profil/spieler/935109,,дані TM ще не зібрано (бюджет/помилка),,,,,,,,,,935109,RW,FW,78,3,53,4
tm:94926,Олександр Кас'ян,,,,,,,https://www.transfermarkt.com/oleksandr-kasyan/profil/spieler/94926,,дані TM ще не зібрано (бюджет/помилка),,,,,,,,,,94926,ST,FW,78,4,69,10
w:1970-06-03:ostashov,Олександр Осташов,,,,,,,,,немає Transfermarkt ID (не знайдено/не підтверджено датою народження),,,,,,,,,,,ST,FW,78,5,62,11
w:1977-03-06:kovalchik,Мацей Ковальчик,,,,,,,https://www.transfermarkt.com/maciej-kowalczyk/profil/spieler/27164,,tm id: wikidata P2446 + dob; дані TM ще не зібрано (бюджет/помилка),,,,,,,,,,27164,ST,FW,78,4,71,12
w:1977-09-17:husev,Ролан Гусєв,,,,,,,https://www.transfermarkt.com/rolan-gusev/profil/spieler/15365,,"tm id: repo link (data/foot, data/positions); дані TM ще не зібрано (бюджет/помилка)",,,,,,,,,,15365,RM,MF,78,4,63,3
w:1977-11-08:larin,Володимир Ларін,,,,,,,,,немає Transfermarkt ID (не знайдено/не підтверджено датою народження),,,,,,,,,,,ST,FW,78,4,61,5
w:1984-05-11:brovkin,Дмитро Бровкін,,,,,,,https://www.transfermarkt.com/dmitriy-brovkin/profil/spieler/50480,,tm id: wikidata P2446 + dob; дані TM ще не зібрано (бюджет/помилка),,,,,,,,,,50480,ST,FW,78,3,52,7
tm:131444,Артем Полярус,,,,,,,https://www.transfermarkt.com/artem-polyarus/profil/spieler/131444,,дані TM ще не зібрано (бюджет/помилка),,,,,,,,,,131444,RM,FW,77,5,70,7
tm:166745,Гегам Кадимян,,,,,,,https://www.transfermarkt.com/gegam-kadimyan/profil/spieler/166745,,дані TM ще не зібрано (бюджет/помилка),,,,,,,,,,166745,LW,FW,77,6,83,8
tm:315930,Максім До Куто,,,,,,,https://www.transfermarkt.com/maxime-do-couto/profil/spieler/315930,,дані TM ще не зібрано (бюджет/помилка),,,,,,,,,,315930,LW,FW,77,3,59,6
tm:43404,Олексій Чичиков,,,,,,,https://www.transfermarkt.com/oleksiy-chychykov/profil/spieler/43404,,дані TM ще не зібрано (бюджет/помилка),,,,,,,,,,43404,RW,FW,77,12,148,14
tm:567880,Євген Протасов,,,,,,,https://www.transfermarkt.com/yevgen-protasov/profil/spieler/567880,,дані TM ще не зібрано (бюджет/помилка),,,,,,,,,,567880,LM,MF,77,4,36,0
tm:59083,Олег Бараннік,,,,,,,https://www.transfermarkt.com/oleg-barannik/profil/spieler/59083,,дані TM ще не зібрано (бюджет/помилка),,,,,,,,,,59083,ST,FW,77,7,57,5
tm:85563,Домінік Адійя,,,,,,,https://www.transfermarkt.com/dominic-adiyiah/profil/spieler/85563,,дані TM ще не зібрано (бюджет/помилка),,,,,,,,,,85563,RW,FW,77,3,40,7
tm:892025,Антон Салабай,,,,,,,https://www.transfermarkt.com/anton-salabay/profil/spieler/892025,,дані TM ще не зібрано (бюджет/помилка),,,,,,,,,,892025,LW,FW,77,5,65,6
tm:89427,Євген Пічкур,,,,,,,https://www.transfermarkt.com/yevgen-pichkur/profil/spieler/89427,,дані TM ще не зібрано (бюджет/помилка),,,,,,,,,,89427,LM,MF,77,3,50,2
w:1963-03-25:samardak,Богдан Самардак,,,,,,,,,немає Transfermarkt ID (не знайдено/не підтверджено датою народження),,,,,,,,,,,ST,MF,77,6,122,8
w:1973-02-06:bespalih,Сергій Беспалих,,,,,,,,,немає Transfermarkt ID (не знайдено/не підтверджено датою народження),,,,,,,,,,,ST,FW,77,3,29,5
w:1973-02-09:popovich,Геннадій Попович,,,,,,,https://www.transfermarkt.com/gennadiy-popovych/profil/spieler/63155,,tm id: wikidata P2446 + dob; дані TM ще не зібрано (бюджет/помилка),,,,,,,,,,63155,ST,FW,77,5,98,9
w:1974-08-03:efimenko,В'ячеслав Єфіменко,,,,,,,https://www.transfermarkt.com/vyacheslav-yefimenko/profil/spieler/558569,,tm id: wikidata P2446 + dob; дані TM ще не зібрано (бюджет/помилка),,,,,,,,,,558569,ST,FW,77,3,43,6
w:1974-08-10:baranovski,Сергій Барановський,,,,,,,https://www.transfermarkt.com/sergiy-baranovskyi/profil/spieler/748726,,tm id: wikidata P2446 + dob; дані TM ще не зібрано (бюджет/помилка),,,,,,,,,,748726,ST,FW,77,4,31,6
w:1975-01-01:lipski,Олег Липський,,,,,,,,,немає Transfermarkt ID (не знайдено/не підтверджено датою народження),,,,,,,,,,,ST,FW,77,5,48,7
w:1978-11-02:kaidarashvili,Олександр Кайдарашвілі,,,,,,,https://www.transfermarkt.com/alexander-kaidarashvili/profil/spieler/556040,,tm id: wikidata P2446 + dob; дані TM ще не зібрано (бюджет/помилка),,,,,,,,,,556040,ST,FW,77,3,37,7
w:1978-11-17:chomahidze,Шота Чомахідзе,,,,,,,https://www.transfermarkt.com/charles-lota/profil/spieler/254587,,tm id: wikidata P2446 + dob; дані TM ще не зібрано (бюджет/помилка),,,,,,,,,,254587,ST,MF,77,5,53,5
w:1979-10-03:paholiuk,Роман Пахолюк,,,,,,,https://www.transfermarkt.com/roman-pakholyuk/profil/spieler/86470,,tm id: wikidata P2446 + dob; дані TM ще не зібрано (бюджет/помилка),,,,,,,,,,86470,ST,FW,77,5,22,2
w:1985-03-14:shvets,Ігор Швець,,,,,,,https://www.transfermarkt.com/igor-shvets/profil/spieler/43369,,tm id: wikidata P2446 + dob; дані TM ще не зібрано (бюджет/помилка),,,,,,,,,,43369,ST,FW,77,5,27,2
tm:123279,Артем Щедрий,,,,,,,https://www.transfermarkt.com/artem-shchedryi/profil/spieler/123279,,дані TM ще не зібрано (бюджет/помилка),,,,,,,,,,123279,LM,MF,76,4,48,0
tm:164292,Фран Соль,,,,,,,https://www.transfermarkt.com/fran-sol/profil/spieler/164292,,дані TM ще не зібрано (бюджет/помилка),,,,,,,,,,164292,ST,FW,76,3,15,2
tm:204348,Дмитро Білоног,,,,,,,https://www.transfermarkt.com/dmytro-bilonog/profil/spieler/204348,,дані TM ще не зібрано (бюджет/помилка),,,,,,,,,,204348,RW,FW,76,4,39,5
tm:282280,Вадим Страшкевич,,,,,,,https://www.transfermarkt.com/vadym-strashkevych/profil/spieler/282280,,дані TM ще не зібрано (бюджет/помилка),,,,,,,,,,282280,CAM,MF,76,4,35,4
tm:308436,Денис Баланюк,,,,,,,https://www.transfermarkt.com/denys-balanyuk/profil/spieler/308436,,дані TM ще не зібрано (бюджет/помилка),,,,,,,,,,308436,ST,FW,76,5,37,4
tm:325420,Богдан Мишенко,,,,,,,https://www.transfermarkt.com/bogdan-myshenko/profil/spieler/325420,,дані TM ще не зібрано (бюджет/помилка),,,,,,,,,,325420,LM,MF,76,4,45,2
tm:396411,Владислав Бугай,,,,,,,https://www.transfermarkt.com/vladyslav-bugay/profil/spieler/396411,,дані TM ще не зібрано (бюджет/помилка),,,,,,,,,,396411,ST,FW,76,4,63,7
tm:44662,Шумахер,,,,,,,https://www.transfermarkt.com/schumacher-santos/profil/spieler/44662,,дані TM ще не зібрано (бюджет/помилка),,,,,,,,,,44662,ST,FW,76,3,34,4
tm:491264,Сергій Суханов,,,,,,,https://www.transfermarkt.com/sergiy-sukhanov/profil/spieler/491264,,дані TM ще не зібрано (бюджет/помилка),,,,,,,,,,491264,ST,FW,76,4,78,8
tm:523903,Назарій Нич,,,,,,,https://www.transfermarkt.com/nazariy-nych/profil/spieler/523903,,дані TM ще не зібрано (бюджет/помилка),,,,,,,,,,523903,ST,FW,76,5,62,5
tm:751363,Данило Кравчук,,,,,,,https://www.transfermarkt.com/danylo-kravchuk/profil/spieler/751363,,дані TM ще не зібрано (бюджет/помилка),,,,,,,,,,751363,ST,FW,76,4,61,6
tm:887142,Іван Нестеренко,,,,,,,https://www.transfermarkt.com/ivan-nesterenko/profil/spieler/887142,,дані TM ще не зібрано (бюджет/помилка),,,,,,,,,,887142,CAM,MF,76,5,70,5
tm:913115,Костянтин Бичек,,,,,,,https://www.transfermarkt.com/kostyantyn-bychek/profil/spieler/913115,,дані TM ще не зібрано (бюджет/помилка),,,,,,,,,,913115,LW,FW,76,4,76,4
tm:91571,Дмитро Леонов,,,,,,,https://www.transfermarkt.com/dmytro-leonov/profil/spieler/91571,,дані TM ще не зібрано (бюджет/помилка),,,,,,,,,,91571,RM,MF,76,3,43,1
w:1962-03-19:iaremchuk,Іван Яремчук,,,,,,,https://www.transfermarkt.com/ivan-yaremchuk/profil/spieler/117396,,"tm id: repo link (data/foot, data/positions); дані TM ще не зібрано (бюджет/помилка)",,,,,,,,,,117396,RM,MF,76,3,25,2
w:1971-12-19:iakovenko,Юрій Яковенко,,,,,,,,,немає Transfermarkt ID (не знайдено/не підтверджено датою народження),,,,,,,,,,,ST,FW,76,5,109,12
w:1973-08-17:ivanov,Олександр Іванов,,,,,,,,,немає Transfermarkt ID (не знайдено/не підтверджено датою народження),,,,,,,,,,,ST,FW,76,5,62,9
w:1975-04-03:maltsev,Владислав Мальцев,,,,,,,https://www.transfermarkt.com/vladislav-maltsev/profil/spieler/885303,,tm id: wikidata P2446 + dob; дані TM ще не зібрано (бюджет/помилка),,,,,,,,,,885303,ST,FW,76,5,55,8
w:1977-11-03:jura,Сергій Згура,,,,,,,https://www.transfermarkt.com/sergiy-zgura/profil/spieler/92506,,tm id: wikidata P2446 + dob; дані TM ще не зібрано (бюджет/помилка),,,,,,,,,,92506,CAM,MF,76,7,89,1
w:1978-08-02:esip,Богдан Єсип,,,,,,,https://www.transfermarkt.com/bogdan-yesyp/profil/spieler/57874,,"tm id: repo link (data/foot, data/positions); дані TM ще не зібрано (бюджет/помилка)",,,,,,,,,,57874,ST,MF,76,5,58,3
w:1979-10-06:slabishev,Юрій Слабишев,,,,,,,https://www.transfermarkt.com/yuriy-slabyshev/profil/spieler/232526,,tm id: wikidata P2446 + dob; дані TM ще не зібрано (бюджет/помилка),,,,,,,,,,232526,ST,FW,76,8,70,8
w:1980-10-26:burduli,Владімер Бурдулі,,,,,,,https://www.transfermarkt.com/vladimer-burduli/profil/spieler/25741,,"tm id: repo link (data/foot, data/positions); дані TM ще не зібрано (бюджет/помилка)",,,,,,,,,,25741,RM,MF,76,4,45,1
w:1981-02-21:emako,Ернест Сіанкам,,,,,,,https://www.transfermarkt.com/ernest-siankam-emako/profil/spieler/32173,,tm id: wikidata P2446 + dob; дані TM ще не зібрано (бюджет/помилка),,,,,,,,,,32173,ST,FW,76,3,41,3
w:1981-06-02:kirilov,Вадим Кирилов,,,,,,,https://www.transfermarkt.com/vadym-kyrylov/profil/spieler/44274,,tm id: wikidata P2446 + dob; дані TM ще не зібрано (бюджет/помилка),,,,,,,,,,44274,ST,FW,76,4,28,4
tm:1130335,Дмитро Годя,,,,,,,https://www.transfermarkt.com/dmytro-godya/profil/spieler/1130335,,дані TM ще не зібрано (бюджет/помилка),,,,,,,,,,1130335,CAM,MF,75,4,47,0
tm:114937,Дуду,,,,,,,https://www.transfermarkt.com/dudu/profil/spieler/114937,,дані TM ще не зібрано (бюджет/помилка),,,,,,,,,,114937,LW,FW,75,3,24,2
tm:320248,Олег Слободян,,,,,,,https://www.transfermarkt.com/oleg-slobodyan/profil/spieler/320248,,дані TM ще не зібрано (бюджет/помилка),,,,,,,,,,320248,CAM,MF,75,3,54,4
tm:343769,Сергій Петров,,,,,,,https://www.transfermarkt.com/sergiy-petrov/profil/spieler/343769,,дані TM ще не зібрано (бюджет/помилка),,,,,,,,,,343769,ST,FW,75,5,51,4
tm:380376,Євген Морозко,,,,,,,https://www.transfermarkt.com/yevgeniy-morozko/profil/spieler/380376,,дані TM ще не зібрано (бюджет/помилка),,,,,,,,,,380376,LM,DF,75,5,66,6
tm:395069,Володимир Одарюк,,,,,,,https://www.transfermarkt.com/volodymyr-odaryuk/profil/spieler/395069,,дані TM ще не зібрано (бюджет/помилка),,,,,,,,,,395069,RW,FW,75,8,126,9
tm:464619,Владислав Дмитренко,,,,,,,https://www.transfermarkt.com/vladyslav-dmytrenko/profil/spieler/464619,,дані TM ще не зібрано (бюджет/помилка),,,,,,,,,,464619,LW,FW,75,4,47,4
tm:47375,Іван Родич,,,,,,,https://www.transfermarkt.com/ivan-rodic/profil/spieler/47375,,дані TM ще не зібрано (бюджет/помилка),,,,,,,,,,47375,LW,FW,75,4,34,3
tm:497221,Андрій Ременюк,,,,,,,https://www.transfermarkt.com/andriy-remenyuk/profil/spieler/497221,,дані TM ще не зібрано (бюджет/помилка),,,,,,,,,,497221,LW,FW,75,5,55,2
tm:581000,Ейнел Соареш,,,,,,,https://www.transfermarkt.com/eynel-soares/profil/spieler/581000,,дані TM ще не зібрано (бюджет/помилка),,,,,,,,,,581000,LW,FW,75,3,35,3
tm:60324,Грегорі Нелсон,,,,,,,https://www.transfermarkt.com/gregory-nelson/profil/spieler/60324,,дані TM ще не зібрано (бюджет/помилка),,,,,,,,,,60324,RW,FW,75,4,81,6
tm:97808,Дмитро Козьбан,,,,,,,https://www.transfermarkt.com/dmytro-kozban/profil/spieler/97808,,дані TM ще не зібрано (бюджет/помилка),,,,,,,,,,97808,ST,FW,75,4,40,6
w:1968-01-08:moskvin,Валентин Москвін,,,,,,,https://www.transfermarkt.com/valentyn-moskvin/profil/spieler/185482,,tm id: wikidata P2446 + dob; дані TM ще не зібрано (бюджет/помилка),,,,,,,,,,185482,ST,FW,75,5,95,11
w:1970-07-03:suharev,Олександр Сухарєв,,,,,,,https://www.transfermarkt.com/alexandru-suharev/profil/spieler/149184,,tm id: wikidata P2446 + dob; дані TM ще не зібрано (бюджет/помилка),,,,,,,,,,149184,ST,FW,75,3,38,5
w:1974-03-03:karabuta,Олександр Карабута,,,,,,,,,немає Transfermarkt ID (не знайдено/не підтверджено датою народження),,,,,,,,,,,ST,FW,75,5,79,6
w:1975-03-07:morhunov,Олексій Моргунов,,,,,,,,,немає Transfermarkt ID (не знайдено/не підтверджено датою народження),,,,,,,,,,,ST,FW,75,3,38,3
w:1976-01-28:holokolosov,Олександр Голоколосов,,,,,,,https://www.transfermarkt.com/oleksandr-golokolosov/profil/spieler/253201,,tm id: wikidata P2446 + dob; дані TM ще не зібрано (бюджет/помилка),,,,,,,,,,253201,ST,FW,75,3,33,6
w:1976-11-04:hrebenojko,Олександр Гребеножко,,,,,,,https://www.transfermarkt.com/oleksandr-grebenozhko/profil/spieler/126621,,tm id: wikidata P2446 + dob; дані TM ще не зібрано (бюджет/помилка),,,,,,,,,,126621,ST,FW,75,4,49,5
w:1976-12-22:bundash,Мирослав Бундаш,,,,,,,https://www.transfermarkt.com/myroslav-bundash/profil/spieler/57859,,tm id: wikidata P2446 + dob; дані TM ще не зібрано (бюджет/помилка),,,,,,,,,,57859,ST,FW,75,3,45,6
w:1978-10-10:aniamke,Едвард Аньямке,,,,,,,,,немає Transfermarkt ID (не знайдено/не підтверджено датою народження),,,,,,,,,,,ST,FW,75,3,49,3
w:1978-10-25:shpak,Андрій Шпак,,,,,,,,,немає Transfermarkt ID (не знайдено/не підтверджено датою народження),,,,,,,,,,,ST,FW,75,5,75,6
w:1985-11-09:aleksander,Александер Гурулі,,,,,,,https://www.transfermarkt.com/aleksandre-guruli/profil/spieler/88588,,tm id: wikidata P2446 + dob; дані TM ще не зібрано (бюджет/помилка),,,,,,,,,,88588,RW,FW,75,4,72,1
tm:214448,Ярослав Богунов,,,,,,,https://www.transfermarkt.com/yaroslav-bogunov/profil/spieler/214448,,дані TM ще не зібрано (бюджет/помилка),,,,,,,,,,214448,LW,FW,74,4,42,3
tm:325386,Максим Марусич,,,,,,,https://www.transfermarkt.com/maksym-marusych/profil/spieler/325386,,дані TM ще не зібрано (бюджет/помилка),,,,,,,,,,325386,ST,FW,74,3,58,5
tm:376227,Денис Галенков,,,,,,,https://www.transfermarkt.com/denys-galenkov/profil/spieler/376227,,дані TM ще не зібрано (бюджет/помилка),,,,,,,,,,376227,LM,MF,74,3,30,1
tm:42624,Сергій Давидов,,,,,,,https://www.transfermarkt.com/sergiy-davydov/profil/spieler/42624,,дані TM ще не зібрано (бюджет/помилка),,,,,,,,,,42624,ST,FW,74,8,65,4
tm:520517,Михаіл Гечев,,,,,,,https://www.transfermarkt.com/mihail-ghecev/profil/spieler/520517,,дані TM ще не зібрано (бюджет/помилка),,,,,,,,,,520517,LM,MF,74,3,53,1
tm:58051,Михайло Кополовець,,,,,,,https://www.transfermarkt.com/mykhaylo-kopolovets/profil/spieler/58051,,дані TM ще не зібрано (бюджет/помилка),,,,,,,,,,58051,LW,FW,74,11,173,6
tm:58950,Володимир Коробка,,,,,,,https://www.transfermarkt.com/volodymyr-korobka/profil/spieler/58950,,дані TM ще не зібрано (бюджет/помилка),,,,,,,,,,58950,RW,FW,74,5,45,4
tm:669305,Віктор Близніченко,,,,,,,https://www.transfermarkt.com/viktor-bliznichenko/profil/spieler/669305,,дані TM ще не зібрано (бюджет/помилка),,,,,,,,,,669305,LW,FW,74,4,47,3
tm:718409,Владислав Погорілий,,,,,,,https://www.transfermarkt.com/vladyslav-pogorilyi/profil/spieler/718409,,дані TM ще не зібрано (бюджет/помилка),,,,,,,,,,718409,ST,FW,74,3,36,2
tm:726016,Денис Шостак,,,,,,,https://www.transfermarkt.com/denys-shostak/profil/spieler/726016,,дані TM ще не зібрано (бюджет/помилка),,,,,,,,,,726016,CAM,MF,74,4,66,2
w:1962-03-23:zaets,Олександр Заєць,,,,,,,,,немає Transfermarkt ID (не знайдено/не підтверджено датою народження),,,,,,,,,,,ST,FW,74,3,37,4
w:1969-08-29:stolovitski,Ігор Столовицький,,,,,,,https://www.transfermarkt.com/igor-stolovytskyi/profil/spieler/596120,,tm id: wikidata P2446 + dob; дані TM ще не зібрано (бюджет/помилка),,,,,,,,,,596120,ST,FW,74,5,101,5
w:1971-05-27:burhan,Євген Бурхан,,,,,,,,,немає Transfermarkt ID (не знайдено/не підтверджено датою народження),,,,,,,,,,,ST,FW,74,6,95,7
w:1972-05-17:duhnovski,Ігор Духновський,,,,,,,,,немає Transfermarkt ID (не знайдено/не підтверджено датою народження),,,,,,,,,,,ST,FW,74,6,72,3
w:1973-12-22:kovalenko,Сергій Коваленко,,,,,,,,,немає Transfermarkt ID (не знайдено/не підтверджено датою народження),,,,,,,,,,,ST,FW,74,3,38,3
w:1975-03-09:kosenko,Олексій Косенко,,,,,,,,,немає Transfermarkt ID (не знайдено/не підтверджено датою народження),,,,,,,,,,,ST,FW,74,6,83,11
w:1979-03-23:jolt,Жолт Нодь,,,,,,,,,немає Transfermarkt ID (не знайдено/не підтверджено датою народження),,,,,,,,,,,ST,FW,74,3,26,3
w:1979-03-26:sokolovski,Денис Соколовський,,,,,,,https://www.transfermarkt.com/denys-sokolovskyi/profil/spieler/20918,,tm id: wikidata P2446 + dob; дані TM ще не зібрано (бюджет/помилка),,,,,,,,,,20918,ST,MF,74,5,50,3
w:1980-08-24:zapoiaska,В'ячеслав Запояска,,,,,,,https://www.transfermarkt.com/vyacheslav-zapoyaska/profil/spieler/103746,,tm id: wikidata P2446 + dob; дані TM ще не зібрано (бюджет/помилка),,,,,,,,,,103746,CAM,MF,74,3,20,1
w:1982-06-26:draholiuk,Андрій Драголюк,,,,,,,https://www.transfermarkt.com/andriy-dragolyuk/profil/spieler/145909,,tm id: wikidata P2446 + dob; дані TM ще не зібрано (бюджет/помилка),,,,,,,,,,145909,ST,MF,74,4,41,2
tm:104351,Рамон Лопес,,,,,,,https://www.transfermarkt.com/ramon-lopes/profil/spieler/104351,,дані TM ще не зібрано (бюджет/помилка),,,,,,,,,,104351,RM,MF,73,4,51,5
tm:539441,Євген Ісаєнко,,,,,,,https://www.transfermarkt.com/yevgeniy-isaenko/profil/spieler/539441,,дані TM ще не зібрано (бюджет/помилка),,,,,,,,,,539441,ST,FW,73,3,51,3
tm:649030,Самба Діалло,,,,,,,https://www.transfermarkt.com/samba-diallo/profil/spieler/649030,,дані TM ще не зібрано (бюджет/помилка),,,,,,,,,,649030,LW,FW,73,3,22,1
tm:687881,Дієго Каріока,,,,,,,https://www.transfermarkt.com/diego-carioca/profil/spieler/687881,,дані TM ще не зібрано (бюджет/помилка),,,,,,,,,,687881,LW,FW,73,3,30,2
tm:699842,Антон Байдал,,,,,,,https://www.transfermarkt.com/anton-baydal/profil/spieler/699842,,дані TM ще не зібрано (бюджет/помилка),,,,,,,,,,699842,LW,FW,73,4,26,2
tm:830079,Родіон Плакса,,,,,,,https://www.transfermarkt.com/rodion-plaksa/profil/spieler/830079,,дані TM ще не зібрано (бюджет/помилка),,,,,,,,,,830079,CAM,MF,73,5,24,2
w:1975-11-04:marchel,Марчел Решітка,,,,,,,https://www.transfermarkt.com/marcel-resitca/profil/spieler/54962,,tm id: wikidata P2446 + dob; дані TM ще не зібрано (бюджет/помилка),,,,,,,,,,54962,ST,FW,73,4,37,2
w:1981-01-20:katalin,Каталін Лікіою,,,,,,,,,немає Transfermarkt ID (не знайдено/не підтверджено датою народження),,,,,,,,,,,ST,FW,73,3,38,4
w:1981-08-30:sernetski,Сергій Сернецький,,,,,,,https://www.transfermarkt.com/sergiy-sernetskyi/profil/spieler/53285,,tm id: wikidata P2446 + dob; дані TM ще не зібрано (бюджет/помилка),,,,,,,,,,53285,ST,FW,73,3,30,4
w:1982-12-20:iliashov,Андрій Ільяшов,,,,,,,https://www.transfermarkt.com/andriy-ilyashov/profil/spieler/91299,,tm id: wikidata P2446 + dob; дані TM ще не зібрано (бюджет/помилка),,,,,,,,,,91299,ST,FW,73,5,25,2
w:1984-06-26:buhaiov,Ігор Бугайов,,,,,,,https://www.transfermarkt.com/igor-bugaev/profil/spieler/48982,,tm id: wikidata P2446 + dob; дані TM ще не зібрано (бюджет/помилка),,,,,,,,,,48982,ST,FW,73,4,28,3
tm:105534,Артур Каськов,,,,,,,https://www.transfermarkt.com/artur-kaskov/profil/spieler/105534,,дані TM ще не зібрано (бюджет/помилка),,,,,,,,,,105534,ST,FW,72,5,58,4
tm:320265,Міккель Дуелунд,,,,,,,https://www.transfermarkt.com/mikkel-duelund/profil/spieler/320265,,дані TM ще не зібрано (бюджет/помилка),,,,,,,,,,320265,CAM,FW,72,3,14,1
tm:349107,Олег Синиця,,,,,,,https://www.transfermarkt.com/oleg-synytsya/profil/spieler/349107,,дані TM ще не зібрано (бюджет/помилка),,,,,,,,,,349107,RW,FW,72,3,32,1
tm:425707,Артем Дудік,,,,,,,https://www.transfermarkt.com/artem-dudik/profil/spieler/425707,,дані TM ще не зібрано (бюджет/помилка),,,,,,,,,,425707,RW,FW,72,3,31,4
tm:435665,Владислав Хомутов,,,,,,,https://www.transfermarkt.com/vladyslav-khomutov/profil/spieler/435665,,дані TM ще не зібрано (бюджет/помилка),,,,,,,,,,435665,CAM,MF,72,3,28,1
tm:717392,Антон Глущенко,,,,,,,https://www.transfermarkt.com/anton-glushchenko/profil/spieler/717392,,дані TM ще не зібрано (бюджет/помилка),,,,,,,,,,717392,CAM,MF,72,4,27,4
tm:774067,Ігор Горбач,,,,,,,https://www.transfermarkt.com/igor-gorbach/profil/spieler/774067,,дані TM ще не зібрано (бюджет/помилка),,,,,,,,,,774067,ST,FW,72,3,62,3
tm:90255,Франтішек Кубік,,,,,,,https://www.transfermarkt.com/frantisek-kubik/profil/spieler/90255,,дані TM ще не зібрано (бюджет/помилка),,,,,,,,,,90255,LM,DF,72,3,17,0
tm:97859,Євген Павлов,,,,,,,https://www.transfermarkt.com/evgeniy-pavlov/profil/spieler/97859,,дані TM ще не зібрано (бюджет/помилка),,,,,,,,,,97859,ST,FW,72,4,54,4
w:1975-11-14:siharulidze,Автанділ Сіхарулідзе,,,,,,,https://www.transfermarkt.com/avtandil-sikharulidze/profil/spieler/885304,,tm id: wikidata P2446 + dob; дані TM ще не зібрано (бюджет/помилка),,,,,,,,,,885304,ST,FW,72,4,33,3
w:1984-02-24:tsihirlash,Ігор Цигирлаш,,,,,,,https://www.transfermarkt.com/igor-tigirlas/profil/spieler/44387,,tm id: wikidata P2446 + dob; дані TM ще не зібрано (бюджет/помилка),,,,,,,,,,44387,ST,FW,72,5,52,2
w:1984-06-13:alberto,Нері Кастільо,,,,,,,https://www.transfermarkt.com/nery-castillo/profil/spieler/9711,,tm id: wikidata P2446 + dob; дані TM ще не зібрано (бюджет/помилка),,,,,,,,,,9711,ST,FW,72,3,15,1
tm:1041334,Клайвер,,,,,,,https://www.transfermarkt.com/klayver/profil/spieler/1041334,,дані TM ще не зібрано (бюджет/помилка),,,,,,,,,,1041334,LW,FW,71,3,36,2
tm:1134218,Артем Гусол,,,,,,,https://www.transfermarkt.com/artem-gusol/profil/spieler/1134218,,дані TM ще не зібрано (бюджет/помилка),,,,,,,,,,1134218,RW,FW,71,4,46,1
tm:198264,Артур Загорулько,,,,,,,https://www.transfermarkt.com/artur-zagorulko/profil/spieler/198264,,дані TM ще не зібрано (бюджет/помилка),,,,,,,,,,198264,ST,FW,71,4,38,2
tm:383229,Микола Мусолітін,,,,,,,https://www.transfermarkt.com/mykola-musolitin/profil/spieler/383229,,дані TM ще не зібрано (бюджет/помилка),,,,,,,,,,383229,RM,MF,71,3,47,1
tm:419067,Георгій Цитаїшвілі,,,,,,,https://www.transfermarkt.com/giorgi-tsitaishvili/profil/spieler/419067,,дані TM ще не зібрано (бюджет/помилка),,,,,,,,,,419067,LW,FW,71,4,25,2
tm:74843,Віталій Іванко,,,,,,,https://www.transfermarkt.com/vitaliy-ivanko/profil/spieler/74843,,дані TM ще не зібрано (бюджет/помилка),,,,,,,,,,74843,LW,FW,71,6,48,2
tm:789478,Богдан Кобзар,,,,,,,https://www.transfermarkt.com/bogdan-kobzar/profil/spieler/789478,,дані TM ще не зібрано (бюджет/помилка),,,,,,,,,,789478,ST,FW,71,3,45,2
w:1975-05-09:savenchuk,Олександр Савенчук,,,,,,,,,немає Transfermarkt ID (не знайдено/не підтверджено датою народження),,,,,,,,,,,ST,MF,71,3,31,1
w:1975-12-18:mahonin,Віталій Махонін,,,,,,,,,немає Transfermarkt ID (не знайдено/не підтверджено датою народження),,,,,,,,,,,ST,FW,71,3,41,3
w:1976-09-07:halstian,Овік Галстян,,,,,,,,,немає Transfermarkt ID (не знайдено/не підтверджено датою народження),,,,,,,,,,,ST,FW,71,4,35,3
w:1977-10-25:homenko,Сергій Хоменко,,,,,,,,,немає Transfermarkt ID (не знайдено/не підтверджено датою народження),,,,,,,,,,,ST,FW,71,4,43,4
w:1978-07-30:poroshin,Андрій Порошин,,,,,,,,,немає Transfermarkt ID (не знайдено/не підтверджено датою народження),,,,,,,,,,,ST,FW,71,3,38,2
w:1981-02-02:huvanchmuhamed,Гуванчмухамед Овеков,,,,,,,https://www.transfermarkt.com/guvanchmukhammet-ovekov/profil/spieler/27194,,tm id: wikidata P2446 + dob; дані TM ще не зібрано (бюджет/помилка),,,,,,,,,,27194,ST,MF,71,5,57,3
w:1982-08-25:pihur,Олександр Піхур,,,,,,,https://www.transfermarkt.com/oleksandr-pikhur/profil/spieler/58101,,tm id: wikidata P2446 + dob; дані TM ще не зібрано (бюджет/помилка),,,,,,,,,,58101,ST,FW,71,3,38,3
w:1983-01-14:tovkatski,Василь Товкацький,,,,,,,https://www.transfermarkt.com/vasyl-tovkatskyi/profil/spieler/121038,,tm id: wikidata P2446 + dob; дані TM ще не зібрано (бюджет/помилка),,,,,,,,,,121038,ST,FW,71,3,40,3
tm:383198,Ілля Шевцов,,,,,,,https://www.transfermarkt.com/ilya-shevtsov/profil/spieler/383198,,дані TM ще не зібрано (бюджет/помилка),,,,,,,,,,383198,ST,FW,70,3,39,4
tm:58947,Віталій Каверін,,,,,,,https://www.transfermarkt.com/vitaliy-kaverin/profil/spieler/58947,,дані TM ще не зібрано (бюджет/помилка),,,,,,,,,,58947,LW,FW,70,8,46,2
tm:59290,Антон Савін,,,,,,,https://www.transfermarkt.com/anton-savin/profil/spieler/59290,,дані TM ще не зібрано (бюджет/помилка),,,,,,,,,,59290,RW,MF,70,3,28,0
tm:722371,Денис Світюха,,,,,,,https://www.transfermarkt.com/denys-svityukha/profil/spieler/722371,,дані TM ще не зібрано (бюджет/помилка),,,,,,,,,,722371,RW,FW,70,3,33,1
tm:726035,Кирило Попов,,,,,,,https://www.transfermarkt.com/kiril-popov/profil/spieler/726035,,дані TM ще не зібрано (бюджет/помилка),,,,,,,,,,726035,ST,FW,70,3,61,1
tm:819493,Ельдар Кулієв,,,,,,,https://www.transfermarkt.com/eldar-kuliyev/profil/spieler/819493,,дані TM ще не зібрано (бюджет/помилка),,,,,,,,,,819493,LM,MF,70,3,38,1
w:1972-09-18:bohdanov,Юрій Богданов,,,,,,,,,немає Transfermarkt ID (не знайдено/не підтверджено датою народження),,,,,,,,,,,ST,FW,70,5,72,4
w:1978-09-13:besarab,Олександр Бессараб,,,,,,,https://www.transfermarkt.com/oleksandr-bessarab/profil/spieler/494578,,tm id: wikidata P2446 + dob; дані TM ще не зібрано (бюджет/помилка),,,,,,,,,,494578,ST,FW,70,6,64,4
w:1979-08-13:bledi,Бледі Шкембі,,,,,,,https://www.transfermarkt.com/bledi-shkembi/profil/spieler/35615,,tm id: wikidata P2446 + dob; дані TM ще не зібрано (бюджет/помилка),,,,,,,,,,35615,CAM,MF,70,3,27,0
w:1979-09-12:rijih,Сергій Рижих,,,,,,,,,немає Transfermarkt ID (не знайдено/не підтверджено датою народження),,,,,,,,,,,ST,FW,70,5,32,3
w:1983-11-30:kilikevich,Володимир Кілікевич,,,,,,,https://www.transfermarkt.com/volodymyr-kilikevych/profil/spieler/75235,,tm id: wikidata P2446 + dob; дані TM ще не зібрано (бюджет/помилка),,,,,,,,,,75235,ST,MF,70,6,36,0
w:1986-01-16:timchenko,Ігор Тимченко,,,,,,,https://www.transfermarkt.com/igor-tymchenko/profil/spieler/63206,,tm id: wikidata P2446 + dob; дані TM ще не зібрано (бюджет/помилка),,,,,,,,,,63206,ST,FW,70,6,48,5
tm:539448,Даниїл Сухоручко,,,,,,,https://www.transfermarkt.com/danyil-sukhoruchko/profil/spieler/539448,,дані TM ще не зібрано (бюджет/помилка),,,,,,,,,,539448,ST,FW,69,4,43,2
tm:882717,Денис Теслюк,,,,,,,https://www.transfermarkt.com/denys-teslyuk/profil/spieler/882717,,дані TM ще не зібрано (бюджет/помилка),,,,,,,,,,882717,ST,FW,69,4,53,2
w:1974-08-10:horobets,Дмитро Горобець,,,,,,,,,немає Transfermarkt ID (не знайдено/не підтверджено датою народження),,,,,,,,,,,ST,FW,69,5,40,2
w:1979-07-03:uchechukvu,Учечукву Увакве,,,,,,,,,немає Transfermarkt ID (не знайдено/не підтверджено датою народження),,,,,,,,,,,ST,FW,69,3,14,1
w:1981-05-06:matvev,Андрій Матвеєв,,,,,,,,,немає Transfermarkt ID (не знайдено/не підтверджено датою народження),,,,,,,,,,,ST,FW,69,3,21,1
w:1984-02-28:kalonas,Міндаугас Калонас,,,,,,,https://www.transfermarkt.com/mindaugas-kalonas/profil/spieler/43951,,tm id: wikidata P2446 + dob; дані TM ще не зібрано (бюджет/помилка),,,,,,,,,,43951,ST,FW,69,3,31,1
tm:120996,Володимир Гудима,,,,,,,https://www.transfermarkt.com/volodymyr-gudyma/profil/spieler/120996,,дані TM ще не зібрано (бюджет/помилка),,,,,,,,,,120996,ST,FW,68,5,14,1
tm:134761,Олександр Волков,,,,,,,https://www.transfermarkt.com/oleksandr-volkov/profil/spieler/134761,,дані TM ще не зібрано (бюджет/помилка),,,,,,,,,,134761,LM,FW,68,5,33,1
tm:213984,Тарас Завійський,,,,,,,https://www.transfermarkt.com/taras-zaviyskyi/profil/spieler/213984,,дані TM ще не зібрано (бюджет/помилка),,,,,,,,,,213984,CAM,DF,68,4,40,1
tm:265267,Віктор Хомченко,,,,,,,https://www.transfermarkt.com/viktor-khomchenko/profil/spieler/265267,,дані TM ще не зібрано (бюджет/помилка),,,,,,,,,,265267,ST,FW,68,4,29,2
tm:297008,Ігор Кошман,,,,,,,https://www.transfermarkt.com/igor-koshman/profil/spieler/297008,,дані TM ще не зібрано (бюджет/помилка),,,,,,,,,,297008,CAM,MF,68,4,18,0
tm:66472,Бесарт Ібраїмі,,,,,,,https://www.transfermarkt.com/besart-ibraimi/profil/spieler/66472,,дані TM ще не зібрано (бюджет/помилка),,,,,,,,,,66472,ST,FW,68,3,24,3
tm:85973,Андрій Гринченко,,,,,,,https://www.transfermarkt.com/andriy-grynchenko/profil/spieler/85973,,дані TM ще не зібрано (бюджет/помилка),,,,,,,,,,85973,LM,DF,68,5,53,0
w:1968-04-25:ovcharenko,Юрій Овчаренко,,,,,,,,,немає Transfermarkt ID (не знайдено/не підтверджено датою народження),,,,,,,,,,,ST,FW,68,3,29,1
w:1973-03-25:miroshnichenko,Роман Мірошниченко,,,,,,,https://www.transfermarkt.com/roman-miroshnychenko/profil/spieler/227569,,tm id: wikidata P2446 + dob; дані TM ще не зібрано (бюджет/помилка),,,,,,,,,,227569,ST,FW,68,4,47,3
w:1978-01-22:demidiak,Василь Демидяк,,,,,,,,,немає Transfermarkt ID (не знайдено/не підтверджено датою народження),,,,,,,,,,,ST,FW,68,3,27,2
w:1980-10-21:teliatnikov,Олексій Телятников,,,,,,,,,немає Transfermarkt ID (не знайдено/не підтверджено датою народження),,,,,,,,,,,ST,FW,68,7,68,3
w:1983-07-27:poltavets,Роман Полтавець,,,,,,,https://www.transfermarkt.com/roman-poltavets/profil/spieler/85967,,tm id: wikidata P2446 + dob; дані TM ще не зібрано (бюджет/помилка),,,,,,,,,,85967,ST,MF,68,3,22,1
w:1985-08-20:jura,Олександр Згура,,,,,,,https://www.transfermarkt.com/oleksandr-zgura/profil/spieler/49033,,tm id: wikidata P2446 + dob; дані TM ще не зібрано (бюджет/помилка),,,,,,,,,,49033,ST,MF,68,3,11,0
tm:130907,Євген Зарічнюк,,,,,,,https://www.transfermarkt.com/yevgen-zarichnyuk/profil/spieler/130907,,дані TM ще не зібрано (бюджет/помилка),,,,,,,,,,130907,LM,MF,67,3,14,0
tm:176413,Тарас Пучковський,,,,,,,https://www.transfermarkt.com/taras-puchkovskyi/profil/spieler/176413,,дані TM ще не зібрано (бюджет/помилка),,,,,,,,,,176413,LW,FW,67,3,13,1
tm:354717,Євген Мурашов,,,,,,,https://www.transfermarkt.com/yevgen-murashov/profil/spieler/354717,,дані TM ще не зібрано (бюджет/помилка),,,,,,,,,,354717,LW,FW,67,3,19,1
tm:581405,Іван Головкін,,,,,,,https://www.transfermarkt.com/ivan-golovkin/profil/spieler/581405,,дані TM ще не зібрано (бюджет/помилка),,,,,,,,,,581405,RW,MF,67,4,23,1
tm:58933,Євген Бохашвілі,,,,,,,https://www.transfermarkt.com/yevgen-bokhashvili/profil/spieler/58933,,дані TM ще не зібрано (бюджет/помилка),,,,,,,,,,58933,ST,FW,67,4,22,1
tm:62533,Ігор Силантьєв,,,,,,,https://www.transfermarkt.com/igor-sylantjev/profil/spieler/62533,,дані TM ще не зібрано (бюджет/помилка),,,,,,,,,,62533,ST,MF,67,3,10,0
w:1973-03-21:zaichenko,Юрій Зайченко,,,,,,,,,немає Transfermarkt ID (не знайдено/не підтверджено датою народження),,,,,,,,,,,ST,FW,67,3,22,2
w:1974-09-26:hritsai,Олег Грицай,,,,,,,,,немає Transfermarkt ID (не знайдено/не підтверджено датою народження),,,,,,,,,,,ST,FW,67,3,24,1
w:1975-03-21:nesterchuk,Павло Нестерчук,,,,,,,,,немає Transfermarkt ID (не знайдено/не підтверджено датою народження),,,,,,,,,,,ST,FW,67,3,46,2
w:1979-07-12:onisko,Павло Онисько,,,,,,,https://www.transfermarkt.com/pavlo-onysko/profil/spieler/91474,,tm id: wikidata P2446 + dob; дані TM ще не зібрано (бюджет/помилка),,,,,,,,,,91474,ST,FW,67,7,46,1
tm:122361,Адерінсола Есеола,,,,,,,https://www.transfermarkt.com/aderinsola-habib-eseola/profil/spieler/122361,,дані TM ще не зібрано (бюджет/помилка),,,,,,,,,,122361,ST,FW,66,5,27,1
tm:392091,Дмитро Семенів,,,,,,,https://www.transfermarkt.com/dmytro-semeniv/profil/spieler/392091,,дані TM ще не зібрано (бюджет/помилка),,,,,,,,,,392091,LW,FW,66,4,35,1
tm:72899,Олександр Ситник,,,,,,,https://www.transfermarkt.com/oleksandr-sytnyk/profil/spieler/72899,,дані TM ще не зібрано (бюджет/помилка),,,,,,,,,,72899,RM,MF,66,4,42,1
tm:92575,Юрій Габовда,,,,,,,https://www.transfermarkt.com/yuriy-gabovda/profil/spieler/92575,,дані TM ще не зібрано (бюджет/помилка),,,,,,,,,,92575,RM,MF,66,5,52,0
w:1970-10-07:korenev,Дмитро Корєнєв,,,,,,,https://www.transfermarkt.com/dimitar-ivanov/profil/spieler/372232,,tm id: wikidata P2446 + dob; дані TM ще не зібрано (бюджет/помилка),,,,,,,,,,372232,ST,FW,66,5,27,1
w:1974-07-18:petrov,Юрій Петров,,,,,,,https://www.transfermarkt.com/yuriy-petrov/profil/spieler/4602,,tm id: wikidata P2446 + dob; дані TM ще не зібрано (бюджет/помилка),,,,,,,,,,4602,ST,FW,66,3,23,1
w:1975-04-13:cherevan,Андрій Черевань,,,,,,,,,немає Transfermarkt ID (не знайдено/не підтверджено датою народження),,,,,,,,,,,ST,MF,66,3,9,1
w:1975-09-27:borisiuk,Андрій Борисюк,,,,,,,,,немає Transfermarkt ID (не знайдено/не підтверджено датою народження),,,,,,,,,,,ST,MF,66,3,28,1
w:1976-02-14:hohil,Ігор Гогіль,,,,,,,,,немає Transfermarkt ID (не знайдено/не підтверджено датою народження),,,,,,,,,,,ST,FW,66,5,37,2
w:1976-04-06:martinov,Володимир Мартинов,,,,,,,https://www.transfermarkt.com/volodymyr-martynov/profil/spieler/91278,,tm id: wikidata P2446 + dob; дані TM ще не зібрано (бюджет/помилка),,,,,,,,,,91278,ST,FW,66,7,41,2
w:1978-12-29:antonenko,Олександр Антоненко,,,,,,,https://www.transfermarkt.com/oleksandr-kozhemyachenko/profil/spieler/110232,,tm id: wikidata P2446 + dob; дані TM ще не зібрано (бюджет/помилка),,,,,,,,,,110232,ST,FW,66,4,13,1
w:1988-10-22:hilerme,Гільєрме,,,,,,,https://www.transfermarkt.com/guilherme/profil/spieler/54160,,tm id: wikidata P2446 + dob; дані TM ще не зібрано (бюджет/помилка),,,,,,,,,,54160,ST,FW,66,3,11,5
tm:203851,Євген Трояновський,,,,,,,https://www.transfermarkt.com/yevgen-troyanovskyi/profil/spieler/203851,,дані TM ще не зібрано (бюджет/помилка),,,,,,,,,,203851,LM,MF,65,3,14,0
tm:278857,Дмитро Задерецький,,,,,,,https://www.transfermarkt.com/dmytro-zaderetskyi/profil/spieler/278857,,дані TM ще не зібрано (бюджет/помилка),,,,,,,,,,278857,LM,MF,65,3,45,0
tm:381430,Фабрісіо Альваренга,,,,,,,https://www.transfermarkt.com/fabricio-alvarenga/profil/spieler/381430,,дані TM ще не зібрано (бюджет/помилка),,,,,,,,,,381430,RW,FW,65,4,51,2
tm:97835,Дмитро Єременко,,,,,,,https://www.transfermarkt.com/dmytro-yeremenko/profil/spieler/97835,,дані TM ще не зібрано (бюджет/помилка),,,,,,,,,,97835,RW,FW,65,4,42,1
tm:268697,Данило Книш,,,,,,,https://www.transfermarkt.com/danylo-knysh/profil/spieler/268697,,дані TM ще не зібрано (бюджет/помилка),,,,,,,,,,268697,RW,FW,64,4,52,1
tm:269669,Володимир Барілко,,,,,,,https://www.transfermarkt.com/volodymyr-barilko/profil/spieler/269669,,дані TM ще не зібрано (бюджет/помилка),,,,,,,,,,269669,ST,FW,64,3,25,1
tm:913387,Данило Колесник,,,,,,,https://www.transfermarkt.com/danylo-kolesnyk/profil/spieler/913387,,дані TM ще не зібрано (бюджет/помилка),,,,,,,,,,913387,ST,FW,64,3,17,0
w:1981-03-28:ribich,Владимир Рібич,,,,,,,https://www.transfermarkt.com/vladimir-ribic/profil/spieler/72360,,tm id: wikidata P2446 + dob; дані TM ще не зібрано (бюджет/помилка),,,,,,,,,,72360,ST,MF,64,4,18,1
w:1984-05-27:bobal,Матвій Бобаль,,,,,,,https://www.transfermarkt.com/matviy-bobal/profil/spieler/70747,,tm id: wikidata P2446 + dob; дані TM ще не зібрано (бюджет/помилка),,,,,,,,,,70747,ST,FW,64,4,12,0
w:1986-10-28:batalski,Олександр Батальський,,,,,,,https://www.transfermarkt.com/oleksandr-batalskyi/profil/spieler/59796,,tm id: wikidata P2446 + dob; дані TM ще не зібрано (бюджет/помилка),,,,,,,,,,59796,ST,FW,64,4,39,1
tm:204406,Артем Радченко,,,,,,,https://www.transfermarkt.com/artem-radchenko/profil/spieler/204406,,дані TM ще не зібрано (бюджет/помилка),,,,,,,,,,204406,CAM,FW,63,4,11,0
tm:82610,Михайло Козак,,,,,,,https://www.transfermarkt.com/mykhaylo-kozak/profil/spieler/82610,,дані TM ще не зібрано (бюджет/помилка),,,,,,,,,,82610,RW,FW,63,5,49,0
w:1972-08-28:holubka,Петро Голубка,,,,,,,,,немає Transfermarkt ID (не знайдено/не підтверджено датою народження),,,,,,,,,,,ST,FW,63,3,20,0
w:1975-08-05:parshin,Павло Паршин,,,,,,,https://www.transfermarkt.com/pavlo-parshyn/profil/spieler/494574,,tm id: wikidata P2446 + dob; дані TM ще не зібрано (бюджет/помилка),,,,,,,,,,494574,ST,FW,63,3,58,2
w:1978-09-16:shevchenko,Олег Шевченко,,,,,,,,,немає Transfermarkt ID (не знайдено/не підтверджено датою народження),,,,,,,,,,,ST,FW,63,5,42,1
w:1984-02-23:nesin,Віталій Несін,,,,,,,https://www.transfermarkt.com/vitaliy-nesin/profil/spieler/895742,,tm id: wikidata P2446 + dob; дані TM ще не зібрано (бюджет/помилка),,,,,,,,,,895742,ST,FW,63,3,25,0
tm:263217,Руслан Кисіль,,,,,,,https://www.transfermarkt.com/ruslan-kisil/profil/spieler/263217,,дані TM ще не зібрано (бюджет/помилка),,,,,,,,,,263217,ST,FW,62,5,21,1
tm:59407,Сергій Барілко,,,,,,,https://www.transfermarkt.com/sergiy-barilko/profil/spieler/59407,,дані TM ще не зібрано (бюджет/помилка),,,,,,,,,,59407,RM,MF,62,7,24,0
w:1966-11-30:laba,Роман Лаба,,,,,,,,,немає Transfermarkt ID (не знайдено/не підтверджено датою народження),,,,,,,,,,,ST,FW,62,3,33,1
w:1984-11-28:tretiak,Сергій Третяк,,,,,,,https://www.transfermarkt.com/sergiy-tretyak/profil/spieler/167748,,tm id: wikidata P2446 + dob; дані TM ще не зібрано (бюджет/помилка),,,,,,,,,,167748,ST,FW,62,3,27,1
w:1986-01-03:morozov,Сергій Морозов,,,,,,,,,немає Transfermarkt ID (не знайдено/не підтверджено датою народження),,,,,,,,,,,ST,MF,62,3,7,1
tm:168830,Ігор Мединський,,,,,,,https://www.transfermarkt.com/igor-medynskyi/profil/spieler/168830,,дані TM ще не зібрано (бюджет/помилка),,,,,,,,,,168830,RW,FW,60,3,55,0
tm:25821,Олександр Бондаренко,,,,,,,https://www.transfermarkt.com/oleksandr-bondarenko/profil/spieler/25821,,дані TM ще не зібрано (бюджет/помилка),,,,,,,,,,25821,ST,FW,60,5,31,0
tm:965929,Владислав Островський,,,,,,,https://www.transfermarkt.com/vladyslav-ostrovskyi/profil/spieler/965929,,дані TM ще не зібрано (бюджет/помилка),,,,,,,,,,965929,ST,FW,60,4,25,0
w:1981-06-23:hrebiniuk,Олександр Гребінюк,,,,,,,https://www.transfermarkt.com/oleksandr-grebinyuk/profil/spieler/77864,,tm id: wikidata P2446 + dob; дані TM ще не зібрано (бюджет/помилка),,,,,,,,,,77864,ST,FW,60,4,34,1
w:1982-07-19:horkun,Валентин Горкун,,,,,,,https://www.transfermarkt.com/valentyn-gorkun/profil/spieler/95696,,tm id: wikidata P2446 + dob; дані TM ще не зібрано (бюджет/помилка),,,,,,,,,,95696,ST,FW,60,3,10,0
w:1984-02-05:chesnauskis,Едгарас Чеснаускіс,,,,,,,https://www.transfermarkt.com/edgaras-cesnauskis/profil/spieler/15008,,"tm id: repo link (data/foot, data/positions); дані TM ще не зібрано (бюджет/помилка)",,,,,,,,,,15008,LM,MF,60,3,5,0
w:1984-10-19:pivnenko,Сергій Півненко,,,,,,,https://www.transfermarkt.com/sergiy-pivnenko/profil/spieler/85945,,tm id: wikidata P2446 + dob; дані TM ще не зібрано (бюджет/помилка),,,,,,,,,,85945,ST,FW,60,3,22,0
tm:429157,Юрій Козиренко,,,,,,,https://www.transfermarkt.com/yuriy-kozyrenko/profil/spieler/429157,,дані TM ще не зібрано (бюджет/помилка),,,,,,,,,,429157,RW,FW,59,3,29,0
w:1984-07-14:martsvaladze,Отар Марцваладзе,,,,,,,https://www.transfermarkt.com/otar-martsvaladze/profil/spieler/44359,,tm id: wikidata P2446 + dob; дані TM ще не зібрано (бюджет/помилка),,,,,,,,,,44359,ST,FW,59,3,23,1
tm:91563,Олексій Бабир,,,,,,,https://www.transfermarkt.com/aleksey-babyr/profil/spieler/91563,,дані TM ще не зібрано (бюджет/помилка),,,,,,,,,,91563,ST,FW,58,4,47,0
w:1970-07-01:pilipenko,Василь Пилипенко,,,,,,,,,немає Transfermarkt ID (не знайдено/не підтверджено датою народження),,,,,,,,,,,ST,FW,58,3,20,0
w:1983-01-21:korobkin,Владислав Коробкін,,,,,,,https://www.transfermarkt.com/vladyslav-korobkin/profil/spieler/156025,,tm id: wikidata P2446 + dob; дані TM ще не зібрано (бюджет/помилка),,,,,,,,,,156025,ST,FW,58,3,10,0
tm:59985,Євген Сантрапинських,,,,,,,https://www.transfermarkt.com/yevgen-santrapynskykh/profil/spieler/59985,,дані TM ще не зібрано (бюджет/помилка),,,,,,,,,,59985,ST,MF,57,3,16,1
tm:415860,Сілвіо Жуніор,,,,,,,https://www.transfermarkt.com/silvio-junior/profil/spieler/415860,,дані TM ще не зібрано (бюджет/помилка),,,,,,,,,,415860,ST,FW,56,3,12,0
tm:70919,Володимир Бідловський,,,,,,,https://www.transfermarkt.com/volodymyr-bidlovskyi/profil/spieler/70919,,дані TM ще не зібрано (бюджет/помилка),,,,,,,,,,70919,LM,MF,56,4,10,0
w:1983-05-07:lujankov,Олександр Лужанков,,,,,,,https://www.transfermarkt.com/alexander-mosquera/profil/spieler/178115,,tm id: wikidata P2446 + dob; дані TM ще не зібрано (бюджет/помилка),,,,,,,,,,178115,ST,FW,56,3,11,0
w:1988-11-24:ribalchenko,Вадим Рибальченко,,,,,,,https://www.transfermarkt.com/vadym-rybalchenko/profil/spieler/59890,,tm id: wikidata P2446 + dob; дані TM ще не зібрано (бюджет/помилка),,,,,,,,,,59890,ST,FW,56,3,7,0
tm:155843,Антон Кіча,,,,,,,https://www.transfermarkt.com/anton-kicha/profil/spieler/155843,,дані TM ще не зібрано (бюджет/помилка),,,,,,,,,,155843,LW,FW,55,3,6,0
tm:91366,Олександр Акименко,,,,,,,https://www.transfermarkt.com/oleksandr-akymenko/profil/spieler/91366,,дані TM ще не зібрано (бюджет/помилка),,,,,,,,,,91366,ST,FW,55,4,16,0
tm:937918,Руслан Непейпієв,,,,,,,https://www.transfermarkt.com/ruslan-nepeypiev/profil/spieler/937918,,дані TM ще не зібрано (бюджет/помилка),,,,,,,,,,937918,LW,FW,55,3,6,0
w:1980-09-20:pisni,Андрій Пісний,,,,,,,https://www.transfermarkt.com/andriy-pisnyi/profil/spieler/57897,,tm id: wikidata P2446 + dob; дані TM ще не зібрано (бюджет/помилка),,,,,,,,,,57897,ST,MF,55,3,17,0
w:1982-02-20:ponomarenko,Сергій Пономаренко,,,,,,,https://www.transfermarkt.com/sergiy-ponomarenko/profil/spieler/95948,,tm id: wikidata P2446 + dob; дані TM ще не зібрано (бюджет/помилка),,,,,,,,,,95948,ST,FW,55,3,6,1
w:1988-07-29:sikorski,Ігор Сікорський,,,,,,,https://www.transfermarkt.com/igor-sikorskyi/profil/spieler/74752,,tm id: wikidata P2446 + dob; дані TM ще не зібрано (бюджет/помилка),,,,,,,,,,74752,ST,FW,55,3,8,0
w:1978-06-20:apian,Артур Апіян,,,,,,,https://www.transfermarkt.com/jan-paul-saeijs/profil/spieler/6766,,tm id: wikidata P2446 + dob; дані TM ще не зібрано (бюджет/помилка),,,,,,,,,,6766,ST,FW,54,3,4,0
w:1978-07-24:malimon,Іван Малімон,,,,,,,https://www.transfermarkt.com/ivan-bugli/profil/spieler/301626,,tm id: wikidata P2446 + dob; дані TM ще не зібрано (бюджет/помилка),,,,,,,,,,301626,ST,FW,54,4,9,0
w:1976-08-18:efimov,Андрій Єфімов,,,,,,,,,немає Transfermarkt ID (не знайдено/не підтверджено датою народження),,,,,,,,,,,ST,FW,53,3,10,0
tm:383211,Ярослав Деда,,,,,,,https://www.transfermarkt.com/yaroslav-deda/profil/spieler/383211,,дані TM ще не зібрано (бюджет/помилка),,,,,,,,,,383211,LW,FW,52,3,20,0
w:1973-06-03:vasiliv,Зіновій Василів,,,,,,,,,немає Transfermarkt ID (не знайдено/не підтверджено датою народження),,,,,,,,,,,ST,FW,52,3,4,0
tm:9775,Олександр Шовковський,,,,,,,https://www.transfermarkt.com/oleksandr-shovkovskyi/profil/spieler/9775,,дані TM ще не зібрано (бюджет/помилка),,,,,,,,,,9775,GK,GK,93,24,426,0
tm:39996,Андрій П'ятов,,,,,,,https://www.transfermarkt.com/andriy-pyatov/profil/spieler/39996,,дані TM ще не зібрано (бюджет/помилка),,,,,,,,,,39996,GK,GK,91,20,324,0
tm:112953,Дмитро Безотосний,,,,,,,https://www.transfermarkt.com/dmytro-bezotosnyi/profil/spieler/112953,,дані TM ще не зібрано (бюджет/помилка),,,,,,,,,,112953,GK,GK,88,7,123,0
tm:206888,Георгій Бущан,,,,,,,https://www.transfermarkt.com/georgiy-bushchan/profil/spieler/206888,,дані TM ще не зібрано (бюджет/помилка),,,,,,,,,,206888,GK,GK,88,9,112,0
tm:537844,Анатолій Трубін,,,,,,,https://www.transfermarkt.com/anatoliy-trubin/profil/spieler/537844,,дані TM ще не зібрано (бюджет/помилка),,,,,,,,,,537844,GK,GK,88,4,62,0
w:1969-01-02:suslov,Олег Суслов,,,,,,,https://www.transfermarkt.com/oleg-suslov/profil/spieler/94903,,tm id: data/class: wikidata P2446 + dob; дані TM ще не зібрано (бюджет/помилка),,,,,,,,,,94903,GK,GK,88,5,139,0
tm:597880,Дмитро Ризник,,,,,,,https://www.transfermarkt.com/dmytro-riznyk/profil/spieler/597880,,дані TM ще не зібрано (бюджет/помилка),,,,,,,,,,597880,GK,GK,86,7,141,0
w:1965-12-17:kutepov,Ігор Кутєпов,,,,,,,https://www.transfermarkt.com/igor-kutepov/profil/spieler/93319,,tm id: data/class: wikidata P2446 + dob; дані TM ще не зібрано (бюджет/помилка),,,,,,,,,,93319,GK,GK,86,3,34,0
w:1973-07-28:blizniuk,Ілля Близнюк,,,,,,,https://www.transfermarkt.com/ilya-blyznyuk/profil/spieler/25059,,tm id: data/class: wikidata P2446 + dob; дані TM ще не зібрано (бюджет/помилка),,,,,,,,,,25059,GK,GK,86,9,131,0
w:1974-05-04:virt,Юрій Вірт,,,,,,,https://www.transfermarkt.com/yuriy-virt/profil/spieler/24063,,tm id: data/class: wikidata P2446 + dob; дані TM ще не зібрано (бюджет/помилка),,,,,,,,,,24063,GK,GK,86,10,182,0
w:1979-01-08:pletikosa,Стіпе Плетікоса,,,,,,,https://www.transfermarkt.com/stipe-pletikosa/profil/spieler/14937,,tm id: data/class: wikidata P2446 + dob; дані TM ще не зібрано (бюджет/помилка),,,,,,,,,,14937,GK,GK,86,3,32,0
tm:120211,Максим Коваль,,,,,,,https://www.transfermarkt.com/maksym-koval/profil/spieler/120211,,дані TM ще не зібрано (бюджет/помилка),,,,,,,,,,120211,GK,GK,85,8,117,0
tm:166581,Євген Волинець,,,,,,,https://www.transfermarkt.com/yevgen-volynets/profil/spieler/166581,,дані TM ще не зібрано (бюджет/помилка),,,,,,,,,,166581,GK,GK,85,7,143,0
tm:19619,Олександр Рибка,,,,,,,https://www.transfermarkt.com/oleksandr-rybka/profil/spieler/19619,,дані TM ще не зібрано (бюджет/помилка),,,,,,,,,,19619,GK,GK,85,12,112,0
tm:19702,Владимир Дишленкович,,,,,,,https://www.transfermarkt.com/vladimir-disljenkovic/profil/spieler/19702,,дані TM ще не зібрано (бюджет/помилка),,,,,,,,,,19702,GK,GK,85,11,146,0
tm:28186,Ян Лаштувка,,,,,,,https://www.transfermarkt.com/jan-lastuvka/profil/spieler/28186,,дані TM ще не зібрано (бюджет/помилка),,,,,,,,,,28186,GK,GK,85,10,140,0
tm:42631,Олександр Горяінов,,,,,,,https://www.transfermarkt.com/oleksandr-goryainov/profil/spieler/42631,,дані TM ще не зібрано (бюджет/помилка),,,,,,,,,,42631,GK,GK,85,20,391,0
tm:49016,Євген Паст,,,,,,,https://www.transfermarkt.com/yevgen-past/profil/spieler/49016,,дані TM ще не зібрано (бюджет/помилка),,,,,,,,,,49016,GK,GK,85,13,162,0
tm:58939,Олексій Паламарчук,,,,,,,https://www.transfermarkt.com/oleksiy-palamarchuk/profil/spieler/58939,,дані TM ще не зібрано (бюджет/помилка),,,,,,,,,,58939,GK,GK,85,4,72,0
tm:59933,Станіслав Богуш,,,,,,,https://www.transfermarkt.com/stanislav-bogush/profil/spieler/59933,,дані TM ще не зібрано (бюджет/помилка),,,,,,,,,,59933,GK,GK,85,8,82,0
tm:775709,Георгій Єрмаков,,,,,,,https://www.transfermarkt.com/georgiy-yermakov/profil/spieler/775709,,дані TM ще не зібрано (бюджет/помилка),,,,,,,,,,775709,GK,GK,85,2,38,0
tm:91931,Денис Бойко,,,,,,,https://www.transfermarkt.com/denys-boyko/profil/spieler/91931,,дані TM ще не зібрано (бюджет/помилка),,,,,,,,,,91931,GK,GK,85,14,177,0
tm:9779,Віталій Рева,,,,,,,https://www.transfermarkt.com/vitaliy-reva/profil/spieler/9779,,дані TM ще не зібрано (бюджет/помилка),,,,,,,,,,9779,GK,GK,85,18,341,0
w:1968-01-13:strontsitski,Богдан Стронціцький,,,,,,,https://www.transfermarkt.com/bogdan-strontsitskyi/profil/spieler/373475,,tm id: data/class: wikidata P2446 + dob; дані TM ще не зібрано (бюджет/помилка),,,,,,,,,,373475,GK,GK,85,11,198,0
w:1972-04-03:shutkov,Дмитро Шутков,,,,,,,https://www.transfermarkt.com/dobromir-mitov/profil/spieler/619988,,tm id: data/class: wikidata P2446 + dob; дані TM ще не зібрано (бюджет/помилка),,,,,,,,,,619988,GK,GK,85,15,247,0
w:1972-05-04:medin,Микола Медін,,,,,,,https://www.transfermarkt.com/mykola-medin/profil/spieler/24037,,tm id: data/class: wikidata P2446 + dob; дані TM ще не зібрано (бюджет/помилка),,,,,,,,,,24037,GK,GK,85,13,205,0
w:1972-12-15:lavrentsov,Олександр Лавренцов,,,,,,,https://www.transfermarkt.com/oleksandr-lavrentsov/profil/spieler/25008,,tm id: data/class: wikidata P2446 + dob; дані TM ще не зібрано (бюджет/помилка),,,,,,,,,,25008,GK,GK,85,2,57,0
w:1976-06-04:kernozenko,В'ячеслав Кернозенко,,,,,,,https://www.transfermarkt.com/vyacheslav-kernozenko/profil/spieler/24022,,tm id: data/class: wikidata P2446 + dob; дані TM ще не зібрано (бюджет/помилка),,,,,,,,,,24022,GK,GK,85,14,195,0
tm:102572,Юрій Паньків,,,,,,,https://www.transfermarkt.com/yuriy-pankiv/profil/spieler/102572,,дані TM ще не зібрано (бюджет/помилка),,,,,,,,,,102572,GK,GK,84,12,243,0
tm:136537,Олексій Шевченко,,,,,,,https://www.transfermarkt.com/oleksiy-shevchenko/profil/spieler/136537,,дані TM ще не зібрано (бюджет/помилка),,,,,,,,,,136537,GK,GK,84,9,47,0
tm:190190,Андрій Кліщук,,,,,,,https://www.transfermarkt.com/andriy-klishchuk/profil/spieler/190190,,дані TM ще не зібрано (бюджет/помилка),,,,,,,,,,190190,GK,GK,84,5,68,0
tm:24004,Сергій Долганський,,,,,,,https://www.transfermarkt.com/sergiy-dolganskyi/profil/spieler/24004,,дані TM ще не зібрано (бюджет/помилка),,,,,,,,,,24004,GK,GK,84,18,328,0
tm:248454,Нікола Василь,,,,,,,https://www.transfermarkt.com/nikola-vasilj/profil/spieler/248454,,дані TM ще не зібрано (бюджет/помилка),,,,,,,,,,248454,GK,GK,84,2,17,0
tm:38297,Богдан Шуст,,,,,,,https://www.transfermarkt.com/bogdan-shust/profil/spieler/38297,,дані TM ще не зібрано (бюджет/помилка),,,,,,,,,,38297,GK,GK,84,15,167,0
tm:417242,Руслан Нещерет,,,,,,,https://www.transfermarkt.com/ruslan-neshcheret/profil/spieler/417242,,дані TM ще не зібрано (бюджет/помилка),,,,,,,,,,417242,GK,GK,84,5,67,0
tm:449084,Олег Білик,,,,,,,https://www.transfermarkt.com/oleg-bilyk/profil/spieler/449084,,дані TM ще не зібрано (бюджет/помилка),,,,,,,,,,449084,GK,GK,84,6,76,0
tm:49022,Віталій Руденко,,,,,,,https://www.transfermarkt.com/vitaliy-rudenko/profil/spieler/49022,,дані TM ще не зібрано (бюджет/помилка),,,,,,,,,,49022,GK,GK,84,11,179,0
tm:592336,Макс Валеф,,,,,,,https://www.transfermarkt.com/max-walef/profil/spieler/592336,,дані TM ще не зібрано (бюджет/помилка),,,,,,,,,,592336,GK,GK,84,1,16,0
tm:678503,Данило Варакута,,,,,,,https://www.transfermarkt.com/danylo-varakuta/profil/spieler/678503,,дані TM ще не зібрано (бюджет/помилка),,,,,,,,,,678503,GK,GK,84,4,56,0
tm:80312,Микита Шевченко,,,,,,,https://www.transfermarkt.com/mykyta-shevchenko/profil/spieler/80312,,дані TM ще не зібрано (бюджет/помилка),,,,,,,,,,80312,GK,GK,84,12,129,0
tm:85949,Ігор Шуховцев,,,,,,,https://www.transfermarkt.com/igor-shukhovtsev/profil/spieler/85949,,дані TM ще не зібрано (бюджет/помилка),,,,,,,,,,85949,GK,GK,84,17,333,0
tm:85969,Олександр Бандура,,,,,,,https://www.transfermarkt.com/oleksandr-bandura/profil/spieler/85969,,дані TM ще не зібрано (бюджет/помилка),,,,,,,,,,85969,GK,GK,84,15,217,0
tm:936008,Олександр Сапутін,,,,,,,https://www.transfermarkt.com/oleksandr-saputin/profil/spieler/936008,,дані TM ще не зібрано (бюджет/помилка),,,,,,,,,,936008,GK,GK,84,4,74,0
tm:937917,Дмитро Ледвій,,,,,,,https://www.transfermarkt.com/dmytro-ledviy/profil/spieler/937917,,дані TM ще не зібрано (бюджет/помилка),,,,,,,,,,937917,GK,GK,84,4,60,0
w:1965-08-12:tiapushkin,Дмитро Тяпушкін,,,,,,,,,немає Transfermarkt ID (не знайдено/не підтверджено датою народження),,,,,,,,,,,GK,GK,84,2,63,0
w:1965-10-03:martinkenas,Вальдемарас Мартінкенас,,,,,,,,,немає Transfermarkt ID (не знайдено/не підтверджено датою народження),,,,,,,,,,,GK,GK,84,1,12,0
w:1968-02-28:kovtun,Андрій Ковтун,,,,,,,https://www.transfermarkt.com/andriy-kovtun/profil/spieler/190291,,tm id: data/class: wikidata P2446 + dob; дані TM ще не зібрано (бюджет/помилка),,,,,,,,,,190291,GK,GK,84,9,184,0
w:1970-01-14:vorobiov,Валерій Воробйов,,,,,,,https://www.transfermarkt.com/valeriy-vorobjov/profil/spieler/15598,,tm id: data/class: wikidata P2446 + dob; дані TM ще не зібрано (бюджет/помилка),,,,,,,,,,15598,GK,GK,84,5,105,0
w:1972-11-26:levitski,Максим Левицький,,,,,,,https://www.transfermarkt.com/maksym-levitskyi/profil/spieler/41048,,tm id: data/class: wikidata P2446 + dob; дані TM ще не зібрано (бюджет/помилка),,,,,,,,,,41048,GK,GK,84,7,139,0
w:1974-02-01:lutsenko,Тарас Луценко,,,,,,,https://www.transfermarkt.com/taras-lutsenko/profil/spieler/35142,,tm id: data/class: wikidata P2446 + dob; дані TM ще не зібрано (бюджет/помилка),,,,,,,,,,35142,GK,GK,84,5,38,0
w:1974-03-18:hluschenko,Андрій Глущенко,,,,,,,https://www.transfermarkt.com/andriy-glushchenko/profil/spieler/24401,,tm id: data/class: wikidata P2446 + dob; дані TM ще не зібрано (бюджет/помилка),,,,,,,,,,24401,GK,GK,84,15,226,0
w:1977-10-27:ostapenko,Олег Остапенко,,,,,,,https://www.transfermarkt.com/oleg-ostapenko/profil/spieler/59112,,tm id: data/class: wikidata P2446 + dob; дані TM ще не зібрано (бюджет/помилка),,,,,,,,,,59112,GK,GK,84,11,95,0
w:1979-03-07:tlumak,Андрій Тлумак,,,,,,,https://www.transfermarkt.com/andriy-tlumak/profil/spieler/59447,,tm id: data/class: wikidata P2446 + dob; дані TM ще не зібрано (бюджет/помилка),,,,,,,,,,59447,GK,GK,84,12,160,0
tm:1083190,Іван Пахолюк,,,,,,,https://www.transfermarkt.com/ivan-pakholyuk/profil/spieler/1083190,,дані TM ще не зібрано (бюджет/помилка),,,,,,,,,,1083190,GK,GK,83,2,53,0
tm:1161403,Назар Домчак,,,,,,,https://www.transfermarkt.com/nazar-domchak/profil/spieler/1161403,,дані TM ще не зібрано (бюджет/помилка),,,,,,,,,,1161403,GK,GK,83,1,27,0
tm:58043,Рустам Худжамов,,,,,,,https://www.transfermarkt.com/rustam-khudzhamov/profil/spieler/58043,,дані TM ще не зібрано (бюджет/помилка),,,,,,,,,,58043,GK,GK,83,14,178,0
tm:58945,Антон Каніболоцький,,,,,,,https://www.transfermarkt.com/anton-kanibolotskyi/profil/spieler/58945,,дані TM ще не зібрано (бюджет/помилка),,,,,,,,,,58945,GK,GK,83,11,80,0
tm:58976,Максим Старцев,,,,,,,https://www.transfermarkt.com/maksim-startsev/profil/spieler/58976,,дані TM ще не зібрано (бюджет/помилка),,,,,,,,,,58976,GK,GK,83,14,180,0
tm:751977,Кирило Фесюн,,,,,,,https://www.transfermarkt.com/kiril-fesyun/profil/spieler/751977,,дані TM ще не зібрано (бюджет/помилка),,,,,,,,,,751977,GK,GK,83,5,44,0
w:1966-08-01:tsitkin,Володимир Циткін,,,,,,,https://www.transfermarkt.com/volodymyr-tsytkin/profil/spieler/494527,,tm id: data/class: wikidata P2446 + dob; дані TM ще не зібрано (бюджет/помилка),,,,,,,,,,494527,GK,GK,83,7,90,0
w:1967-03-21:marchuk,Володимир Марчук,,,,,,,https://www.transfermarkt.com/volodymyr-marchuk/profil/spieler/965926,,tm id: data/class: wikidata P2446 + dob; дані TM ще не зібрано (бюджет/помилка),,,,,,,,,,965926,GK,GK,83,5,129,0
w:1969-01-06:bereski,Олег Береський,,,,,,,https://www.transfermarkt.com/oleg-bereskyi/profil/spieler/883467,,tm id: data/class: wikidata P2446 + dob; дані TM ще не зібрано (бюджет/помилка),,,,,,,,,,883467,GK,GK,83,2,22,0
w:1971-08-23:hrebeniuk,Тарас Гребенюк,,,,,,,https://www.transfermarkt.com/taras-grebenyuk/profil/spieler/882338,,tm id: data/class: transfermarkt search + dob; дані TM ще не зібрано (бюджет/помилка),,,,,,,,,,882338,GK,GK,83,7,152,0
w:1972-01-08:nikitin,Андрій Нікітін,,,,,,,https://www.transfermarkt.com/andriy-nikitin/profil/spieler/58092,,tm id: data/class: wikidata P2446 + dob; дані TM ще не зібрано (бюджет/помилка),,,,,,,,,,58092,GK,GK,83,15,227,0
w:1974-03-26:sasha,Саша Тодич,,,,,,,https://www.transfermarkt.com/sasa-todic/profil/spieler/28701,,tm id: data/class: wikidata P2446 + dob; дані TM ще не зібрано (бюджет/помилка),,,,,,,,,,28701,GK,GK,83,4,58,0
w:1977-03-24:romanenko,Всеволод Романенко,,,,,,,https://www.transfermarkt.com/vsevolod-romanenko/profil/spieler/27204,,tm id: data/class: wikidata P2446 + dob; дані TM ще не зібрано (бюджет/помилка),,,,,,,,,,27204,GK,GK,83,12,177,0
w:1977-05-11:kovalevski,Войцех Ковалевський,,,,,,,https://www.transfermarkt.com/wojciech-kowalewski/profil/spieler/15101,,tm id: data/class: wikidata P2446 + dob; дані TM ще не зібрано (бюджет/помилка),,,,,,,,,,15101,GK,GK,83,2,19,0
w:1979-05-22:altman,Геннадій Альтман,,,,,,,https://www.transfermarkt.com/gennadiy-altman/profil/spieler/48975,,tm id: data/class: wikidata P2446 + dob; дані TM ще не зібрано (бюджет/помилка),,,,,,,,,,48975,GK,GK,83,7,36,0
tm:117481,Роман Мисак,,,,,,,https://www.transfermarkt.com/roman-mysak/profil/spieler/117481,,дані TM ще не зібрано (бюджет/помилка),,,,,,,,,,117481,GK,GK,82,8,71,0
tm:166575,Заурі Махарадзе,,,,,,,https://www.transfermarkt.com/zauri-makharadze/profil/spieler/166575,,дані TM ще не зібрано (бюджет/помилка),,,,,,,,,,166575,GK,GK,82,6,97,0
tm:292396,Валерій Юрчук,,,,,,,https://www.transfermarkt.com/valeriy-yurchuk/profil/spieler/292396,,дані TM ще не зібрано (бюджет/помилка),,,,,,,,,,292396,GK,GK,82,4,34,0
tm:36109,Дамір Кахріман,,,,,,,https://www.transfermarkt.com/damir-kahriman/profil/spieler/36109,,дані TM ще не зібрано (бюджет/помилка),,,,,,,,,,36109,GK,GK,82,4,77,0
tm:375659,Герман Пеньков,,,,,,,https://www.transfermarkt.com/german-penkov/profil/spieler/375659,,дані TM ще не зібрано (бюджет/помилка),,,,,,,,,,375659,GK,GK,82,8,57,0
tm:59024,Євген Боровик,,,,,,,https://www.transfermarkt.com/yevgen-borovyk/profil/spieler/59024,,дані TM ще не зібрано (бюджет/помилка),,,,,,,,,,59024,GK,GK,82,11,176,0
tm:71725,Олександр Надь,,,,,,,https://www.transfermarkt.com/oleksandr-nad/profil/spieler/71725,,дані TM ще не зібрано (бюджет/помилка),,,,,,,,,,71725,GK,GK,82,6,43,0
tm:92046,Сергій Погорілий,,,,,,,https://www.transfermarkt.com/sergiy-pogorilyi/profil/spieler/92046,,дані TM ще не зібрано (бюджет/помилка),,,,,,,,,,92046,GK,GK,82,7,81,0
w:1964-10-01:dudka,Валерій Дудка,,,,,,,,,немає Transfermarkt ID (не знайдено/не підтверджено датою народження),,,,,,,,,,,GK,GK,82,5,52,0
w:1967-09-29:sirotin,Павло Сіротін,,,,,,,,,немає Transfermarkt ID (не знайдено/не підтверджено датою народження),,,,,,,,,,,GK,GK,82,7,95,0
w:1970-10-01:sirota,Святослав Сирота,,,,,,,https://www.transfermarkt.com/svyatoslav-syrota/profil/spieler/779841,,tm id: wikidata P2446 + dob; дані TM ще не зібрано (бюджет/помилка),,,,,,,,,,779841,GK,GK,82,4,75,0
w:1971-10-11:pomazun,Олександр Помазун,,,,,,,https://www.transfermarkt.com/aleksandr-pomazun/profil/spieler/120712,,tm id: wikidata P2446 + dob; дані TM ще не зібрано (бюджет/помилка),,,,,,,,,,120712,GK,GK,82,1,27,0
w:1972-12-19:kuraev,Андрій Кураєв,,,,,,,https://www.transfermarkt.com/andriy-kuraev/profil/spieler/160490,,tm id: wikidata P2446 + dob; дані TM ще не зібрано (бюджет/помилка),,,,,,,,,,160490,GK,GK,82,12,166,0
w:1993-00-00:dmitri,Дмитро Мацапура,,,,,,,,,немає Transfermarkt ID (невідома дата народження в id),,,,,,,,,,,GK,GK,82,1,14,0
w:1995-00-00:kojokaru,Валентин Кожокару,,,,,,,,,немає Transfermarkt ID (невідома дата народження в id),,,,,,,,,,,GK,GK,82,1,14,0
tm:129646,Артур Рудько,,,,,,,https://www.transfermarkt.com/artur-rudko/profil/spieler/129646,,дані TM ще не зібрано (бюджет/помилка),,,,,,,,,,129646,GK,GK,81,5,62,0
tm:34670,Віталій Постранський,,,,,,,https://www.transfermarkt.com/vitaliy-postranskyi/profil/spieler/34670,,дані TM ще не зібрано (бюджет/помилка),,,,,,,,,,34670,GK,GK,81,12,168,0
tm:58073,Юрій Мартищук,,,,,,,https://www.transfermarkt.com/yuriy-martyshchuk/profil/spieler/58073,,дані TM ще не зібрано (бюджет/помилка),,,,,,,,,,58073,GK,GK,81,5,39,0
tm:725356,Валентин Горох,,,,,,,https://www.transfermarkt.com/valentyn-gorokh/profil/spieler/725356,,дані TM ще не зібрано (бюджет/помилка),,,,,,,,,,725356,GK,GK,81,4,32,0
tm:77847,Дмитро Непогодов,,,,,,,https://www.transfermarkt.com/dmitriy-nepogodov/profil/spieler/77847,,дані TM ще не зібрано (бюджет/помилка),,,,,,,,,,77847,GK,GK,81,8,93,0
tm:880039,Владислав Рибак,,,,,,,https://www.transfermarkt.com/vladyslav-rybak/profil/spieler/880039,,дані TM ще не зібрано (бюджет/помилка),,,,,,,,,,880039,GK,GK,81,1,13,0
w:1959-03-10:petrov,Олександр Петров,,,,,,,,,немає Transfermarkt ID (не знайдено/не підтверджено датою народження),,,,,,,,,,,GK,GK,81,1,23,0
w:1960-03-25:afsarohli,Ельхан Расулов,,,,,,,,,немає Transfermarkt ID (не знайдено/не підтверджено датою народження),,,,,,,,,,,GK,GK,81,5,71,0
w:1961-02-14:horodov,Валерій Городов,,,,,,,https://www.transfermarkt.com/valeriy-gorodov/profil/spieler/510192,,tm id: wikidata P2446 + dob; дані TM ще не зібрано (бюджет/помилка),,,,,,,,,,510192,GK,GK,81,2,22,0
w:1974-08-07:bairashevski,Роман Байрашевський,,,,,,,,,немає Transfermarkt ID (не знайдено/не підтверджено датою народження),,,,,,,,,,,GK,GK,81,5,31,0
w:1978-03-31:matsei,Мацей Налєпа,,,,,,,https://www.transfermarkt.com/maciej-nalepa/profil/spieler/29731,,tm id: wikidata P2446 + dob; дані TM ще не зібрано (бюджет/помилка),,,,,,,,,,29731,GK,GK,81,6,80,0
tm:174213,Олександр Ткаченко,,,,,,,https://www.transfermarkt.com/oleksandr-tkachenko/profil/spieler/174213,,дані TM ще не зібрано (бюджет/помилка),,,,,,,,,,174213,GK,GK,80,6,36,0
tm:27126,Ігор Бажан,,,,,,,https://www.transfermarkt.com/igor-bazhan/profil/spieler/27126,,дані TM ще не зібрано (бюджет/помилка),,,,,,,,,,27126,GK,GK,80,13,123,0
tm:573907,Луїс Феліпе,,,,,,,https://www.transfermarkt.com/luiz-felipe/profil/spieler/573907,,дані TM ще не зібрано (бюджет/помилка),,,,,,,,,,573907,GK,GK,80,1,11,0
tm:70923,Богдан Когут,,,,,,,https://www.transfermarkt.com/bogdan-kogut/profil/spieler/70923,,дані TM ще не зібрано (бюджет/помилка),,,,,,,,,,70923,GK,GK,80,5,64,0
tm:952943,Яків Кінарейкін,,,,,,,https://www.transfermarkt.com/yakiv-kinareykin/profil/spieler/952943,,дані TM ще не зібрано (бюджет/помилка),,,,,,,,,,952943,GK,GK,80,2,21,0
w:1974-03-28:nikitenko,Юрій Нікітенко,,,,,,,https://www.transfermarkt.com/yuriy-nikitenko/profil/spieler/93068,,tm id: wikidata P2446 + dob; дані TM ще не зібрано (бюджет/помилка),,,,,,,,,,93068,GK,GK,80,10,76,0
w:1982-02-02:komaritski,Андрій Комарицький,,,,,,,https://www.transfermarkt.com/andriy-komarytskyi/profil/spieler/58048,,tm id: wikidata P2446 + dob; дані TM ще не зібрано (бюджет/помилка),,,,,,,,,,58048,GK,GK,80,5,80,0
tm:289060,Олег Мозіль,,,,,,,https://www.transfermarkt.com/oleg-mozil/profil/spieler/289060,,дані TM ще не зібрано (бюджет/помилка),,,,,,,,,,289060,GK,GK,79,2,47,0
tm:341485,Олег Кудрик,,,,,,,https://www.transfermarkt.com/oleg-kudryk/profil/spieler/341485,,дані TM ще не зібрано (бюджет/помилка),,,,,,,,,,341485,GK,GK,79,7,53,0
tm:50346,Кршеван Сантіні,,,,,,,https://www.transfermarkt.com/krsevan-santini/profil/spieler/50346,,дані TM ще не зібрано (бюджет/помилка),,,,,,,,,,50346,GK,GK,79,4,31,0
w:1958-01-13:sivuha,Юрій Сивуха,,,,,,,,,немає Transfermarkt ID (не знайдено/не підтверджено датою народження),,,,,,,,,,,GK,GK,79,3,38,0
w:1962-02-09:beloshapka,Борис Белошапка,,,,,,,https://www.transfermarkt.com/boris-beloshapka/profil/spieler/814680,,tm id: wikidata P2446 + dob; дані TM ще не зібрано (бюджет/помилка),,,,,,,,,,814680,GK,GK,79,3,43,0
w:1969-02-15:kolesov,Олег Колесов,,,,,,,https://www.transfermarkt.com/oleg-kolesov/profil/spieler/183479,,tm id: wikidata P2446 + dob; дані TM ще не зібрано (бюджет/помилка),,,,,,,,,,183479,GK,GK,79,8,121,0
w:1970-12-10:nohin,Олександр Ногін,,,,,,,,,немає Transfermarkt ID (не знайдено/не підтверджено датою народження),,,,,,,,,,,GK,GK,79,5,87,0
w:1972-07-28:ripan,Олег Рипан,,,,,,,https://www.transfermarkt.com/oleg-rypan/profil/spieler/519160,,tm id: wikidata P2446 + dob; дані TM ще не зібрано (бюджет/помилка),,,,,,,,,,519160,GK,GK,79,4,62,0
tm:244620,Владислав Леванідов,,,,,,,https://www.transfermarkt.com/vladyslav-levanidov/profil/spieler/244620,,дані TM ще не зібрано (бюджет/помилка),,,,,,,,,,244620,GK,GK,78,3,34,0
tm:294723,Володимир Маханьков,,,,,,,https://www.transfermarkt.com/volodymyr-makhankov/profil/spieler/294723,,дані TM ще не зібрано (бюджет/помилка),,,,,,,,,,294723,GK,GK,78,4,23,0
tm:404839,Андрій Лунін,,,,,,,https://www.transfermarkt.com/andriy-lunin/profil/spieler/404839,,дані TM ще не зібрано (бюджет/помилка),,,,,,,,,,404839,GK,GK,78,2,41,0
tm:59022,Євген Гальчук,,,,,,,https://www.transfermarkt.com/yevgen-galchuk/profil/spieler/59022,,дані TM ще не зібрано (бюджет/помилка),,,,,,,,,,59022,GK,GK,78,7,87,0
tm:726033,Павло Ісенко,,,,,,,https://www.transfermarkt.com/pavlo-isenko/profil/spieler/726033,,дані TM ще не зібрано (бюджет/помилка),,,,,,,,,,726033,GK,GK,78,3,73,0
tm:91540,Артем Штанько,,,,,,,https://www.transfermarkt.com/artem-shtanko/profil/spieler/91540,,дані TM ще не зібрано (бюджет/помилка),,,,,,,,,,91540,GK,GK,77,4,33,0
w:1976-10-06:humeniuk,Олександр Гуменюк,,,,,,,https://www.transfermarkt.com/oleksandr-gumenyuk/profil/spieler/97319,,tm id: wikidata P2446 + dob; дані TM ще не зібрано (бюджет/помилка),,,,,,,,,,97319,GK,GK,77,6,67,0
w:1980-08-06:onikenko,Андрій Оникієнко,,,,,,,,,немає Transfermarkt ID (не знайдено/не підтверджено датою народження),,,,,,,,,,,GK,GK,77,3,22,0
w:1981-07-07:kusli,Артем Куслій,,,,,,,https://www.transfermarkt.com/artem-kusliy/profil/spieler/24028,,tm id: wikidata P2446 + dob; дані TM ще не зібрано (бюджет/помилка),,,,,,,,,,24028,GK,GK,77,8,59,0
tm:120966,Олександр Ільющенков,,,,,,,https://www.transfermarkt.com/oleksandr-ilyushchenkov/profil/spieler/120966,,дані TM ще не зібрано (бюджет/помилка),,,,,,,,,,120966,GK,GK,76,6,55,0
tm:177276,Богдан Сарнавський,,,,,,,https://www.transfermarkt.com/bogdan-sarnavskyi/profil/spieler/177276,,дані TM ще не зібрано (бюджет/помилка),,,,,,,,,,177276,GK,GK,76,8,59,0
tm:278917,Роман Підківка,,,,,,,https://www.transfermarkt.com/roman-pidkivka/profil/spieler/278917,,дані TM ще не зібрано (бюджет/помилка),,,,,,,,,,278917,GK,GK,76,7,62,0
tm:537841,Євген Кучеренко,,,,,,,https://www.transfermarkt.com/yevgeniy-kucherenko/profil/spieler/537841,,дані TM ще не зібрано (бюджет/помилка),,,,,,,,,,537841,GK,GK,76,2,34,0
tm:57856,Дмитро Бабенко,,,,,,,https://www.transfermarkt.com/dmytro-babenko/profil/spieler/57856,,дані TM ще не зібрано (бюджет/помилка),,,,,,,,,,57856,GK,GK,76,7,93,0
tm:58093,Андрій Новак,,,,,,,https://www.transfermarkt.com/andriy-novak/profil/spieler/58093,,дані TM ще не зібрано (бюджет/помилка),,,,,,,,,,58093,GK,GK,76,4,35,0
tm:59446,Денис Сидоренко,,,,,,,https://www.transfermarkt.com/denys-sydorenko/profil/spieler/59446,,дані TM ще не зібрано (бюджет/помилка),,,,,,,,,,59446,GK,GK,76,4,30,0
tm:709478,Микита Турбаєвський,,,,,,,https://www.transfermarkt.com/mykyta-turbayevskyi/profil/spieler/709478,,дані TM ще не зібрано (бюджет/помилка),,,,,,,,,,709478,GK,GK,76,3,31,0
w:1962-04-08:chumak,Юрій Чумак,,,,,,,https://www.transfermarkt.com/yuriy-chumak/profil/spieler/625448,,tm id: wikidata P2446 + dob; дані TM ще не зібрано (бюджет/помилка),,,,,,,,,,625448,GK,GK,76,8,133,0
w:1967-01-24:losev,Геннадій Лосєв,,,,,,,,,немає Transfermarkt ID (не знайдено/не підтверджено датою народження),,,,,,,,,,,GK,GK,76,3,35,0
w:1975-02-03:stoiko,Дмитро Стойко,,,,,,,https://www.transfermarkt.com/dmytro-stoyko/profil/spieler/58141,,tm id: wikidata P2446 + dob; дані TM ще не зібрано (бюджет/помилка),,,,,,,,,,58141,GK,GK,76,7,101,0
w:1976-08-09:velichko,Сергій Величко,,,,,,,https://www.transfermarkt.com/sergey-velichko/profil/spieler/57909,,tm id: wikidata P2446 + dob; дані TM ще не зібрано (бюджет/помилка),,,,,,,,,,57909,GK,GK,76,15,127,0
tm:427341,Данило Кучер,,,,,,,https://www.transfermarkt.com/danylo-kucher/profil/spieler/427341,,дані TM ще не зібрано (бюджет/помилка),,,,,,,,,,427341,GK,GK,75,3,23,0
tm:729638,Олександр Кемкін,,,,,,,https://www.transfermarkt.com/oleksandr-kemkin/profil/spieler/729638,,дані TM ще не зібрано (бюджет/помилка),,,,,,,,,,729638,GK,GK,75,4,57,0
w:1962-01-09:zolotnitski,Сергій Золотницький,,,,,,,https://www.transfermarkt.com/sergiy-zolotnitskiy/profil/spieler/824426,,tm id: wikidata P2446 + dob; дані TM ще не зібрано (бюджет/помилка),,,,,,,,,,824426,GK,GK,75,3,20,0
w:1969-07-11:tarahti,Андрій Тарахтій,,,,,,,https://www.transfermarkt.com/andrey-tarakhtiy/profil/spieler/804289,,tm id: wikidata P2446 + dob; дані TM ще не зібрано (бюджет/помилка),,,,,,,,,,804289,GK,GK,75,6,27,0
w:1972-02-02:chopik,Тарас Чопик,,,,,,,https://www.transfermarkt.com/taras-chopyk/profil/spieler/521567,,tm id: wikidata P2446 + dob; дані TM ще не зібрано (бюджет/помилка),,,,,,,,,,521567,GK,GK,75,2,42,0
w:1979-05-10:maruschak,Мар'ян Марущак,,,,,,,https://www.transfermarkt.com/marian-marushchak/profil/spieler/81633,,tm id: wikidata P2446 + dob; дані TM ще не зібрано (бюджет/помилка),,,,,,,,,,81633,GK,GK,75,5,29,0
tm:93105,Ігор Литовка,,,,,,,https://www.transfermarkt.com/igor-lytovka/profil/spieler/93105,,дані TM ще не зібрано (бюджет/помилка),,,,,,,,,,93105,GK,GK,74,7,60,0
w:1975-07-25:vinokurov,Вадим Деонас,,,,,,,https://www.transfermarkt.com/vadym-deonas/profil/spieler/59812,,tm id: wikidata P2446 + dob; дані TM ще не зібрано (бюджет/помилка),,,,,,,,,,59812,GK,GK,74,10,92,0
tm:522831,Максим Механів,,,,,,,https://www.transfermarkt.com/maksym-mekhaniv/profil/spieler/522831,,дані TM ще не зібрано (бюджет/помилка),,,,,,,,,,522831,GK,GK,73,1,30,0
w:1972-03-03:sobeschakov,Сергій Собещаков,,,,,,,,,немає Transfermarkt ID (не знайдено/не підтверджено датою народження),,,,,,,,,,,GK,GK,73,3,55,0
tm:248930,Данило Каневцев,,,,,,,https://www.transfermarkt.com/danylo-kanevtsev/profil/spieler/248930,,дані TM ще не зібрано (бюджет/помилка),,,,,,,,,,248930,GK,GK,72,3,11,0
tm:26303,Мартін Богатінов,,,,,,,https://www.transfermarkt.com/martin-bogatinov/profil/spieler/26303,,дані TM ще не зібрано (бюджет/помилка),,,,,,,,,,26303,GK,GK,72,3,42,0
tm:775832,Дмитро Мацапура,,,,,,,https://www.transfermarkt.com/dmytro-matsapura/profil/spieler/775832,,дані TM ще не зібрано (бюджет/помилка),,,,,,,,,,775832,GK,GK,72,4,20,0
w:1971-04-25:blajaev,Павло Блажаєв,,,,,,,,,немає Transfermarkt ID (не знайдено/не підтверджено датою народження),,,,,,,,,,,GK,GK,72,4,19,0
w:1980-10-15:hidi,Іслі Хіді,,,,,,,https://www.transfermarkt.com/isli-hidi/profil/spieler/35608,,tm id: wikidata P2446 + dob; дані TM ще не зібрано (бюджет/помилка),,,,,,,,,,35608,GK,GK,72,3,39,0
w:1984-02-22:shiriaev,Євген Ширяєв,,,,,,,https://www.transfermarkt.com/yevgen-shyryaev/profil/spieler/49023,,tm id: wikidata P2446 + dob; дані TM ще не зібрано (бюджет/помилка),,,,,,,,,,49023,GK,GK,72,4,33,0
tm:88879,Артем Кичак,,,,,,,https://www.transfermarkt.com/artem-kychak/profil/spieler/88879,,дані TM ще не зібрано (бюджет/помилка),,,,,,,,,,88879,GK,GK,71,9,72,0
tm:91533,Віталій Неділько,,,,,,,https://www.transfermarkt.com/vitaliy-nedilko/profil/spieler/91533,,дані TM ще не зібрано (бюджет/помилка),,,,,,,,,,91533,GK,GK,71,10,79,0
w:1971-09-05:kovalenko,Олександр Коваленко,,,,,,,,,немає Transfermarkt ID (не знайдено/не підтверджено датою народження),,,,,,,,,,,GK,GK,71,3,12,0
w:1975-02-25:zbarah,Микола Збарах,,,,,,,,,немає Transfermarkt ID (не знайдено/не підтверджено датою народження),,,,,,,,,,,GK,GK,71,4,21,0
tm:128813,Сергій Літовченко,,,,,,,https://www.transfermarkt.com/sergiy-litovchenko/profil/spieler/128813,,дані TM ще не зібрано (бюджет/помилка),,,,,,,,,,128813,GK,GK,70,5,47,0
tm:213973,Дмитро Безрук,,,,,,,https://www.transfermarkt.com/dmytro-bezruk/profil/spieler/213973,,дані TM ще не зібрано (бюджет/помилка),,,,,,,,,,213973,GK,GK,70,3,21,0
tm:305418,Назарій Федорівський,,,,,,,https://www.transfermarkt.com/nazariy-fedorivskyi/profil/spieler/305418,,дані TM ще не зібрано (бюджет/помилка),,,,,,,,,,305418,GK,GK,70,3,45,0
tm:332144,Володимир Кринський,,,,,,,https://www.transfermarkt.com/volodymyr-krynskyi/profil/spieler/332144,,дані TM ще не зібрано (бюджет/помилка),,,,,,,,,,332144,GK,GK,70,3,33,0
tm:58972,Денис Шеліхов,,,,,,,https://www.transfermarkt.com/denys-shelikhov/profil/spieler/58972,,дані TM ще не зібрано (бюджет/помилка),,,,,,,,,,58972,GK,GK,70,4,20,0
tm:717394,Юрій-Володимир Герета,,,,,,,https://www.transfermarkt.com/yuriy-volodymyr-gereta/profil/spieler/717394,,дані TM ще не зібрано (бюджет/помилка),,,,,,,,,,717394,GK,GK,70,4,33,0
w:1977-08-27:vorobiov,Дмитро Воробйов,,,,,,,,,немає Transfermarkt ID (не знайдено/не підтверджено датою народження),,,,,,,,,,,GK,GK,70,8,44,0
w:1978-03-22:startsev,Вадим Старцев,,,,,,,https://www.transfermarkt.com/vadym-startsev/profil/spieler/128852,,tm id: wikidata P2446 + dob; дані TM ще не зібрано (бюджет/помилка),,,,,,,,,,128852,GK,GK,70,2,33,0
w:1978-05-27:ian,Ян Золна,,,,,,,https://www.transfermarkt.com/jan-zolna/profil/spieler/46685,,tm id: wikidata P2446 + dob; дані TM ще не зібрано (бюджет/помилка),,,,,,,,,,46685,GK,GK,70,3,18,0
tm:113888,Ігор Левченко,,,,,,,https://www.transfermarkt.com/igor-levchenko/profil/spieler/113888,,дані TM ще не зібрано (бюджет/помилка),,,,,,,,,,113888,GK,GK,68,4,12,0
w:1966-05-14:krapivkin,Ігор Крапивкін,,,,,,,,,немає Transfermarkt ID (не знайдено/не підтверджено датою народження),,,,,,,,,,,GK,GK,68,5,48,0
w:1969-08-03:jilkin,Геннадій Жилкін,,,,,,,https://www.transfermarkt.com/gennadiy-zhylkin/profil/spieler/434481,,tm id: wikidata P2446 + dob; дані TM ще не зібрано (бюджет/помилка),,,,,,,,,,434481,GK,GK,68,4,32,0
w:1969-10-07:bohodelov,В'ячеслав Богодєлов,,,,,,,https://www.transfermarkt.com/vyacheslav-bogodelov/profil/spieler/369826,,tm id: wikidata P2446 + dob; дані TM ще не зібрано (бюджет/помилка),,,,,,,,,,369826,GK,GK,68,4,18,0
w:1974-11-02:polischuk,Сергій Поліщук,,,,,,,,,немає Transfermarkt ID (не знайдено/не підтверджено датою народження),,,,,,,,,,,GK,GK,68,2,32,0
w:1977-09-04:perhun,Сергій Перхун,,,,,,,https://www.transfermarkt.com/sergiy-perkhun/profil/spieler/490488,,tm id: wikidata P2446 + dob; дані TM ще не зібрано (бюджет/помилка),,,,,,,,,,490488,GK,GK,68,4,23,0
tm:82508,Лібор Грдлічка,,,,,,,https://www.transfermarkt.com/libor-hrdlicka/profil/spieler/82508,,дані TM ще не зібрано (бюджет/помилка),,,,,,,,,,82508,GK,GK,67,3,25,0
w:1976-11-08:hrenko,Юрій Хрієнко,,,,,,,https://www.transfermarkt.com/yuriy-khriyenko/profil/spieler/847553,,tm id: wikidata P2446 + dob; дані TM ще не зібрано (бюджет/помилка),,,,,,,,,,847553,GK,GK,66,3,16,0
w:1985-03-12:tovt,Андрій Товт,,,,,,,https://www.transfermarkt.com/andre-carvalho/profil/spieler/89540,,tm id: wikidata P2446 + dob; дані TM ще не зібрано (бюджет/помилка),,,,,,,,,,89540,GK,GK,66,3,20,0
tm:467240,Андрій Кожухар,,,,,,,https://www.transfermarkt.com/andrey-kozhukhar/profil/spieler/467240,,дані TM ще не зібрано (бюджет/помилка),,,,,,,,,,467240,GK,GK,65,3,34,0
tm:747315,Орест Костик,,,,,,,https://www.transfermarkt.com/orest-kostyk/profil/spieler/747315,,дані TM ще не зібрано (бюджет/помилка),,,,,,,,,,747315,GK,GK,65,3,32,0
tm:497190,Бетім Халімі,,,,,,,https://www.transfermarkt.com/betim-halimi/profil/spieler/497190,,дані TM ще не зібрано (бюджет/помилка),,,,,,,,,,497190,GK,GK,64,3,15,0
w:1966-05-15:lutkov,Олег Лутков,,,,,,,https://www.transfermarkt.com/oleg-lutkov/profil/spieler/829857,,tm id: wikidata P2446 + dob; дані TM ще не зібрано (бюджет/помилка),,,,,,,,,,829857,GK,GK,64,5,15,0
tm:59277,Дмитро Козаченко,,,,,,,https://www.transfermarkt.com/dmytro-kozachenko/profil/spieler/59277,,дані TM ще не зібрано (бюджет/помилка),,,,,,,,,,59277,GK,GK,62,4,29,0
w:1969-03-16:baisarovich,Андрій Байсарович,,,,,,,,,немає Transfermarkt ID (не знайдено/не підтверджено датою народження),,,,,,,,,,,GK,GK,62,3,7,0
w:1971-03-21:stashko,Сергій Сташко,,,,,,,,,немає Transfermarkt ID (не знайдено/не підтверджено датою народження),,,,,,,,,,,GK,GK,62,3,17,0
w:1979-02-03:babak,Олександр Бабак,,,,,,,https://www.transfermarkt.com/oleksandr-babak/profil/spieler/91369,,tm id: wikidata P2446 + dob; дані TM ще не зібрано (бюджет/помилка),,,,,,,,,,91369,GK,GK,62,3,12,0
w:1976-10-08:derenov,Сергій Деренов,,,,,,,https://www.transfermarkt.com/andrey-cherenkov/profil/spieler/532358,,tm id: wikidata P2446 + dob; дані TM ще не зібрано (бюджет/помилка),,,,,,,,,,532358,GK,GK,61,3,8,0
w:1982-05-04:suhina,Євген Сухина,,,,,,,https://www.transfermarkt.com/brian-tuhiana/profil/spieler/76312,,tm id: wikidata P2446 + dob; дані TM ще не зібрано (бюджет/помилка),,,,,,,,,,76312,GK,GK,61,3,15,0
w:1971-04-29:malihin,Юрій Малигін,,,,,,,https://www.transfermarkt.com/yuriy-malygin/profil/spieler/785638,,tm id: wikidata P2446 + dob; дані TM ще не зібрано (бюджет/помилка),,,,,,,,,,785638,GK,GK,58,2,32,0
w:1960-04-15:burch,Михайло Бурч,,,,,,,,,немає Transfermarkt ID (не знайдено/не підтверджено датою народження),,,,,,,,,,,GK,GK,57,3,28,0
tm:935048,Денис Твардовський,,,,,,,https://www.transfermarkt.com/denys-tvardovskyi/profil/spieler/935048,,дані TM ще не зібрано (бюджет/помилка),,,,,,,,,,935048,GK,GK,56,3,5,0
tm:106928,Сергій Ситало,,,,,,,https://www.transfermarkt.com/sergiy-sitalo/profil/spieler/106928,,дані TM ще не зібрано (бюджет/помилка),,,,,,,,,,106928,GK,GK,55,4,19,0
w:1978-10-30:ovsenko,Володимир Овсієнко,,,,,,,https://www.transfermarkt.com/volodymyr-ovsienko/profil/spieler/91475,,tm id: wikidata P2446 + dob; дані TM ще не зібрано (бюджет/помилка),,,,,,,,,,91475,GK,GK,55,3,14,0
w:1968-08-15:serchenko,Валерій Серченко,,,,,,,,,немає Transfermarkt ID (не знайдено/не підтверджено датою народження),,,,,,,,,,,GK,GK,54,4,13,0
tm:14942,Дарійо Срна,,,,,,,https://www.transfermarkt.com/darijo-srna/profil/spieler/14942,,дані TM ще не зібрано (бюджет/помилка),,,,,,,,,,14942,RB,DF,93,15,339,33
tm:26267,Фернандіньйо,,,,,,,https://www.transfermarkt.com/fernandinho/profil/spieler/26267,,дані TM ще не зібрано (бюджет/помилка),,,,,,,,,,26267,CDM,MF,90,8,184,31
tm:55735,Генріх Мхітарян,,,,,,,https://www.transfermarkt.com/henrikh-mkhitaryan/profil/spieler/55735,,дані TM ще не зібрано (бюджет/помилка),,,,,,,,,,55735,CM,FW,90,4,109,50
tm:124028,Ісмаїлі,,,,,,,https://www.transfermarkt.com/ismaily/profil/spieler/124028,,дані TM ще не зібрано (бюджет/помилка),,,,,,,,,,124028,LB,DF,89,10,130,12
tm:14940,Разван Рац,,,,,,,https://www.transfermarkt.com/razvan-rat/profil/spieler/14940,,дані TM ще не зібрано (бюджет/помилка),,,,,,,,,,14940,LB,DF,89,10,174,6
tm:25732,Дмитро Чигринський,,,,,,,https://www.transfermarkt.com/dmytro-chygrynskyi/profil/spieler/25732,,дані TM ще не зібрано (бюджет/помилка),,,,,,,,,,25732,CB,DF,89,13,153,14
tm:404842,Віталій Миколенко,,,,,,,https://www.transfermarkt.com/vitaliy-mykolenko/profil/spieler/404842,,дані TM ще не зібрано (бюджет/помилка),,,,,,,,,,404842,LB,DF,89,5,73,4
tm:59032,Александар Драгович,,,,,,,https://www.transfermarkt.com/aleksandar-dragovic/profil/spieler/59032,,дані TM ще не зібрано (бюджет/помилка),,,,,,,,,,59032,CB,DF,89,4,66,0
tm:89222,Ярослав Ракицький,,,,,,,https://www.transfermarkt.com/yaroslav-rakitskyi/profil/spieler/89222,,дані TM ще не зібрано (бюджет/помилка),,,,,,,,,,89222,CB,DF,89,13,235,10
w:1968-08-05:lujni,Олег Лужний,,,,,,,https://www.transfermarkt.com/oleg-luzhnyi/profil/spieler/3196,,"tm id: data/class: repo link (data/foot, data/positions); дані TM ще не зібрано (бюджет/помилка)",,,,,,,,,,3196,RB,DF,89,7,173,11
w:1978-08-02:havranchich,Горан Гавранчич,,,,,,,https://www.transfermarkt.com/goran-gavrancic/profil/spieler/9791,,tm id: data/class: wikidata P2446 + dob; дані TM ще не зібрано (бюджет/помилка),,,,,,,,,,9791,CB,DF,89,8,136,22
tm:289059,Микола Матвієнко,,,,,,,https://www.transfermarkt.com/mykola-matvienko/profil/spieler/289059,,дані TM ще не зібрано (бюджет/помилка),,,,,,,,,,289059,CB,DF,88,11,196,14
tm:401529,Додо,,,,,,,https://www.transfermarkt.com/dodo/profil/spieler/401529,,дані TM ще не зібрано (бюджет/помилка),,,,,,,,,,401529,RB,DF,88,3,52,3
tm:46083,Домагой Віда,,,,,,,https://www.transfermarkt.com/domagoj-vida/profil/spieler/46083,,дані TM ще не зібрано (бюджет/помилка),,,,,,,,,,46083,CB,DF,88,6,103,10
tm:61952,Данило Сілва,,,,,,,https://www.transfermarkt.com/danilo-silva/profil/spieler/61952,,дані TM ще не зібрано (бюджет/помилка),,,,,,,,,,61952,RB,DF,88,8,154,3
w:1970-08-09:bejenar,Сергій Беженар,,,,,,,https://www.transfermarkt.com/sergiy-bezhenar/profil/spieler/116986,,"tm id: data/class: repo link (data/foot, data/positions); дані TM ще не зібрано (бюджет/помилка)",,,,,,,,,,116986,CB,DF,88,8,189,26
w:1971-04-22:popov,Сергій Попов,,,,,,,https://www.transfermarkt.com/sergiy-popov/profil/spieler/14938,,"tm id: data/class: repo link (data/foot, data/positions); дані TM ще не зібрано (бюджет/помилка)",,,,,,,,,,14938,CB,DF,88,13,250,40
w:1979-03-30:timoschuk,Анатолій Тимощук,,,,,,,https://www.transfermarkt.com/anatoliy-tymoshchuk/profil/spieler/14944,,"tm id: data/class: repo link (data/foot, data/positions); дані TM ще не зібрано (бюджет/помилка)",,,,,,,,,,14944,CDM,MF,88,11,237,33
tm:14934,Маріуш Левандовський,,,,,,,https://www.transfermarkt.com/mariusz-lewandowski/profil/spieler/14934,,дані TM ще не зібрано (бюджет/помилка),,,,,,,,,,14934,CDM,MF,87,11,215,29
tm:181118,Томаш Кендзьора,,,,,,,https://www.transfermarkt.com/tomasz-kedziora/profil/spieler/181118,,дані TM ще не зібрано (бюджет/помилка),,,,,,,,,,181118,RB,DF,87,6,97,5
tm:22378,Лео Матос,,,,,,,https://www.transfermarkt.com/leo-matos/profil/spieler/22378,,дані TM ще не зібрано (бюджет/помилка),,,,,,,,,,22378,RB,DF,87,6,108,11
tm:24049,Руслан Ротань,,,,,,,https://www.transfermarkt.com/ruslan-rotan/profil/spieler/24049,,дані TM ще не зібрано (бюджет/помилка),,,,,,,,,,24049,CM,MF,87,19,368,39
tm:59322,Олександр Караваєв,,,,,,,https://www.transfermarkt.com/oleksandr-karavaev/profil/spieler/59322,,дані TM ще не зібрано (бюджет/помилка),,,,,,,,,,59322,RB,DF,87,13,268,35
tm:59970,Тарас Степаненко,,,,,,,https://www.transfermarkt.com/taras-stepanenko/profil/spieler/59970,,дані TM ще не зібрано (бюджет/помилка),,,,,,,,,,59970,CDM,MF,87,20,354,21
tm:659089,Ілля Забарний,,,,,,,https://www.transfermarkt.com/ilya-zabarnyi/profil/spieler/659089,,дані TM ще не зібрано (бюджет/помилка),,,,,,,,,,659089,CB,DF,87,3,50,1
w:1972-01-06:holovko,Олександр Головко,,,,,,,https://www.transfermarkt.com/oleksandr-golovko/profil/spieler/9782,,"tm id: data/class: repo link (data/foot, data/positions); дані TM ще не зібрано (бюджет/помилка)",,,,,,,,,,9782,CB,DF,87,14,301,9
w:1975-01-02:vaschuk,Владислав Ващук,,,,,,,https://www.transfermarkt.com/vladyslav-vashchuk/profil/spieler/15114,,"tm id: data/class: repo link (data/foot, data/positions); дані TM ще не зібрано (бюджет/помилка)",,,,,,,,,,15114,CB,DF,87,17,343,16
w:1979-02-28:nesmachni,Андрій Несмачний,,,,,,,https://www.transfermarkt.com/andriy-nesmachnyi/profil/spieler/9787,,"tm id: data/class: repo link (data/foot, data/positions); дані TM ще не зібрано (бюджет/помилка)",,,,,,,,,,9787,LB,DF,87,13,228,11
w:1980-06-10:franselino,Матузалем,,,,,,,https://www.transfermarkt.com/matuzalem/profil/spieler/5974,,tm id: data/class: wikidata P2446 + dob; дані TM ще не зібрано (бюджет/помилка),,,,,,,,,,5974,CM,MF,87,3,68,25
w:1980-08-27:baldaso,Родріго,,,,,,,https://www.transfermarkt.com/rodrigo/profil/spieler/26133,,tm id: data/class: wikidata P2446 + dob; дані TM ще не зібрано (бюджет/помилка),,,,,,,,,,26133,CB,DF,87,4,44,7
w:1982-10-23:bispo,Родольфо,,,,,,,https://www.transfermarkt.com/rodolfo/profil/spieler/25737,,tm id: data/class: wikidata P2446 + dob; дані TM ще не зібрано (бюджет/помилка),,,,,,,,,,25737,CB,DF,87,3,56,7
w:1983-01-16:rusol,Андрій Русол,,,,,,,https://www.transfermarkt.com/andriy-rusol/profil/spieler/24050,,"tm id: data/class: repo link (data/foot, data/positions); дані TM ще не зібрано (бюджет/помилка)",,,,,,,,,,24050,CB,DF,87,14,252,9
tm:124182,Сергій Сидорчук,,,,,,,https://www.transfermarkt.com/sergiy-sydorchuk/profil/spieler/124182,,дані TM ще не зібрано (бюджет/помилка),,,,,,,,,,124182,CDM,MF,86,14,236,17
tm:191614,Фред,,,,,,,https://www.transfermarkt.com/fred/profil/spieler/191614,,дані TM ще не зібрано (бюджет/помилка),,,,,,,,,,191614,CM,MF,86,5,92,9
tm:27172,Павло Кутас,,,,,,,https://www.transfermarkt.com/pavlo-kutas/profil/spieler/27172,,дані TM ще не зібрано (бюджет/помилка),,,,,,,,,,27172,RB,DF,86,11,191,3
tm:368611,Микола Шапаренко,,,,,,,https://www.transfermarkt.com/mykola-shaparenko/profil/spieler/368611,,дані TM ще не зібрано (бюджет/помилка),,,,,,,,,,368611,CM,MF,86,10,142,25
tm:44357,Олександр Кучер,,,,,,,https://www.transfermarkt.com/oleksandr-kucher/profil/spieler/44357,,дані TM ще не зібрано (бюджет/помилка),,,,,,,,,,44357,CB,DF,86,16,207,9
tm:58606,Сергій Політило,,,,,,,https://www.transfermarkt.com/sergiy-politylo/profil/spieler/58606,,дані TM ще не зібрано (бюджет/помилка),,,,,,,,,,58606,CM,MF,86,14,248,13
tm:64711,Пабло Фонтанельйо,,,,,,,https://www.transfermarkt.com/pablo-fontanello/profil/spieler/64711,,дані TM ще не зібрано (бюджет/помилка),,,,,,,,,,64711,CB,DF,86,3,58,4
tm:69004,Євген Хачеріді,,,,,,,https://www.transfermarkt.com/yevgen-khacheridi/profil/spieler/69004,,дані TM ще не зібрано (бюджет/помилка),,,,,,,,,,69004,CB,DF,86,9,150,6
tm:8669,Мілан Обрадович,,,,,,,https://www.transfermarkt.com/milan-obradovic/profil/spieler/8669,,дані TM ще не зібрано (бюджет/помилка),,,,,,,,,,8669,CB,DF,86,7,158,7
tm:9688,Томаш Гюбшман,,,,,,,https://www.transfermarkt.com/tomas-huebschman/profil/spieler/9688,,дані TM ще не зібрано (бюджет/помилка),,,,,,,,,,9688,CDM,DF,86,10,168,4
w:1971-05-28:avakov,Арсен Аваков,,,,,,,https://www.transfermarkt.com/arsen-avakov/profil/spieler/93263,,"tm id: data/class: repo link (data/foot, data/positions); дані TM ще не зібрано (бюджет/помилка)",,,,,,,,,,93263,CB,DF,86,3,78,29
w:1973-07-31:kriventsov,Валерій Кривенцов,,,,,,,https://www.transfermarkt.com/valeriy-kryventsov/profil/spieler/121014,,tm id: data/class: wikidata P2446 + dob; дані TM ще не зібрано (бюджет/помилка),,,,,,,,,,121014,CDM,MF,86,13,229,48
w:1973-10-19:hatskevich,Олександр Хацкевич,,,,,,,https://www.transfermarkt.com/aleksandr-khatskevich/profil/spieler/9792,,"tm id: data/class: repo link (data/foot, data/positions); дані TM ще не зібрано (бюджет/помилка)",,,,,,,,,,9792,CDM,MF,86,8,135,26
w:1974-07-28:schekotilin,Геннадій Щекотилін,,,,,,,https://www.transfermarkt.com/gennadiy-shchekotylin/profil/spieler/175885,,tm id: data/class: transfermarkt search + dob; дані TM ще не зібрано (бюджет/помилка),,,,,,,,,,175885,CDM,MF,86,6,89,20
w:1974-08-01:asan,Ассан Ндіайе,,,,,,,https://www.transfermarkt.com/assane-n-diaye/profil/spieler/14935,,tm id: data/class: wikidata P2446 + dob; дані TM ще не зібрано (бюджет/помилка),,,,,,,,,,14935,CB,DF,86,3,57,4
w:1974-09-11:parfonov,Дмитро Парфьонов,,,,,,,https://www.transfermarkt.com/dmitriy-parfenov/profil/spieler/15107,,"tm id: data/class: repo link (data/foot, data/positions); дані TM ще не зібрано (бюджет/помилка)",,,,,,,,,,15107,RB,DF,86,7,173,13
w:1975-02-18:fedorov,Сергій Федоров,,,,,,,https://www.transfermarkt.com/sergiy-fedorov/profil/spieler/9781,,"tm id: data/class: repo link (data/foot, data/positions); дані TM ще не зібрано (бюджет/помилка)",,,,,,,,,,9781,CB,DF,86,14,154,13
w:1975-04-18:poltavets,Валентин Полтавець,,,,,,,https://www.transfermarkt.com/valentyn-poltavets/profil/spieler/9555,,tm id: data/class: wikidata P2446 + dob; дані TM ще не зібрано (бюджет/помилка),,,,,,,,,,9555,CDM,MF,86,13,322,77
w:1979-02-15:babich,Олександр Бабич,,,,,,,https://www.transfermarkt.com/oleksandr-babych/profil/spieler/59406,,tm id: data/class: wikidata P2446 + dob; дані TM ще не зібрано (бюджет/помилка),,,,,,,,,,59406,CB,DF,86,9,104,11
w:1981-06-18:hioane,Тіберіу Гіоане,,,,,,,https://www.transfermarkt.com/tiberiu-ghioane/profil/spieler/9793,,"tm id: data/class: repo link (data/foot, data/positions); дані TM ще не зібрано (бюджет/помилка)",,,,,,,,,,9793,CM,MF,86,10,168,32
tm:1067225,Тарас Михавко,,,,,,,https://www.transfermarkt.com/taras-mykhavko/profil/spieler/1067225,,дані TM ще не зібрано (бюджет/помилка),,,,,,,,,,1067225,CB,DF,85,4,63,6
tm:118850,Іван Ордець,,,,,,,https://www.transfermarkt.com/ivan-ordets/profil/spieler/118850,,дані TM ще не зібрано (бюджет/помилка),,,,,,,,,,118850,CB,DF,85,6,98,7
tm:165825,Давид Хочолава,,,,,,,https://www.transfermarkt.com/davit-khocholava/profil/spieler/165825,,дані TM ще не зібрано (бюджет/помилка),,,,,,,,,,165825,CB,DF,85,6,80,4
tm:18445,Бетао,,,,,,,https://www.transfermarkt.com/betao/profil/spieler/18445,,дані TM ще не зібрано (бюджет/помилка),,,,,,,,,,18445,CB,DF,85,5,106,0
tm:207877,Руслан Маліновський,,,,,,,https://www.transfermarkt.com/ruslan-malinovskyi/profil/spieler/207877,,дані TM ще не зібрано (бюджет/помилка),,,,,,,,,,207877,CM,MF,85,3,44,7
tm:213865,Микита Бурда,,,,,,,https://www.transfermarkt.com/mykyta-burda/profil/spieler/213865,,дані TM ще не зібрано (бюджет/помилка),,,,,,,,,,213865,CB,DF,85,9,97,6
tm:236468,Артем Шабанов,,,,,,,https://www.transfermarkt.com/artem-shabanov/profil/spieler/236468,,дані TM ще не зібрано (бюджет/помилка),,,,,,,,,,236468,CB,DF,85,12,206,5
tm:24006,Володимир Єзерський,,,,,,,https://www.transfermarkt.com/volodymyr-yezerskyi/profil/spieler/24006,,дані TM ще не зібрано (бюджет/помилка),,,,,,,,,,24006,RB,DF,85,17,303,16
tm:242272,Євген Банада,,,,,,,https://www.transfermarkt.com/yevgen-banada/profil/spieler/242272,,дані TM ще не зібрано (бюджет/помилка),,,,,,,,,,242272,CM,MF,85,9,175,15
tm:25820,В'ячеслав Шевчук,,,,,,,https://www.transfermarkt.com/vyacheslav-shevchuk/profil/spieler/25820,,дані TM ще не зібрано (бюджет/помилка),,,,,,,,,,25820,LB,DF,85,17,206,6
tm:25823,Віталій Денисов,,,,,,,https://www.transfermarkt.com/vitaliy-denisov/profil/spieler/25823,,дані TM ще не зібрано (бюджет/помилка),,,,,,,,,,25823,LB,DF,85,7,135,2
tm:273663,Володимир Адамюк,,,,,,,https://www.transfermarkt.com/volodymyr-adamyuk/profil/spieler/273663,,дані TM ще не зібрано (бюджет/помилка),,,,,,,,,,273663,CB,DF,85,11,202,14
tm:289095,Денис Фаворов,,,,,,,https://www.transfermarkt.com/denys-favorov/profil/spieler/289095,,дані TM ще не зібрано (бюджет/помилка),,,,,,,,,,289095,RB,DF,85,4,80,8
tm:294730,Богдан Михайличенко,,,,,,,https://www.transfermarkt.com/bogdan-mykhaylichenko/profil/spieler/294730,,дані TM ще не зібрано (бюджет/помилка),,,,,,,,,,294730,LB,DF,85,8,143,4
tm:294780,Олександр Піхальонок,,,,,,,https://www.transfermarkt.com/oleksandr-pikhalyonok/profil/spieler/294780,,дані TM ще не зібрано (бюджет/помилка),,,,,,,,,,294780,CM,MF,85,9,127,18
tm:335744,Мігел Кампуш,,,,,,,https://www.transfermarkt.com/miguel-campos/profil/spieler/335744,,дані TM ще не зібрано (бюджет/помилка),,,,,,,,,,335744,CB,DF,85,3,61,6
tm:366723,Владислав Дубинчак,,,,,,,https://www.transfermarkt.com/vladyslav-dubinchak/profil/spieler/366723,,дані TM ще не зібрано (бюджет/помилка),,,,,,,,,,366723,LB,DF,85,8,150,1
tm:370399,Микита Кравченко,,,,,,,https://www.transfermarkt.com/mykyta-kravchenko/profil/spieler/370399,,дані TM ще не зібрано (бюджет/помилка),,,,,,,,,,370399,RB,DF,85,9,110,0
tm:396394,Валерій Бондар,,,,,,,https://www.transfermarkt.com/valeriy-bondar/profil/spieler/396394,,дані TM ще не зібрано (бюджет/помилка),,,,,,,,,,396394,CB,DF,85,7,128,5
tm:42621,Віталі Бордіян,,,,,,,https://www.transfermarkt.com/vitalie-bordian/profil/spieler/42621,,дані TM ще не зібрано (бюджет/помилка),,,,,,,,,,42621,RB,DF,85,9,174,4
tm:43297,Дебатік Цуррі,,,,,,,https://www.transfermarkt.com/debatik-curri/profil/spieler/43297,,дані TM ще не зібрано (бюджет/помилка),,,,,,,,,,43297,CB,DF,85,7,160,18
tm:43848,Мігел Велозу,,,,,,,https://www.transfermarkt.com/miguel-veloso/profil/spieler/43848,,дані TM ще не зібрано (бюджет/помилка),,,,,,,,,,43848,CDM,MF,85,4,78,6
tm:44361,Олексій Гай,,,,,,,https://www.transfermarkt.com/oleksiy-gay/profil/spieler/44361,,дані TM ще не зібрано (бюджет/помилка),,,,,,,,,,44361,CM,MF,85,16,245,33
tm:44699,Антунеш,,,,,,,https://www.transfermarkt.com/antunes/profil/spieler/44699,,дані TM ще не зібрано (бюджет/помилка),,,,,,,,,,44699,LB,DF,85,3,49,3
tm:4678,Маркус Бергер,,,,,,,https://www.transfermarkt.com/markus-berger/profil/spieler/4678,,дані TM ще не зібрано (бюджет/помилка),,,,,,,,,,4678,CB,DF,85,3,52,0
tm:49008,Віталій Мандзюк,,,,,,,https://www.transfermarkt.com/vitaliy-mandzyuk/profil/spieler/49008,,дані TM ще не зібрано (бюджет/помилка),,,,,,,,,,49008,RB,DF,85,8,132,2
tm:537852,Дмитро Криськів,,,,,,,https://www.transfermarkt.com/dmytro-kryskiv/profil/spieler/537852,,дані TM ще не зібрано (бюджет/помилка),,,,,,,,,,537852,CM,MF,85,5,99,14
tm:549960,Тимур Стецков,,,,,,,https://www.transfermarkt.com/tymur-stetskov/profil/spieler/549960,,дані TM ще не зібрано (бюджет/помилка),,,,,,,,,,549960,CB,DF,85,9,104,5
tm:57987,Євген Чеберячко,,,,,,,https://www.transfermarkt.com/yevgen-cheberyachko/profil/spieler/57987,,дані TM ще не зібрано (бюджет/помилка),,,,,,,,,,57987,CB,DF,85,13,281,8
tm:58000,Артем Федецький,,,,,,,https://www.transfermarkt.com/artem-fedetskyi/profil/spieler/58000,,дані TM ще не зібрано (бюджет/помилка),,,,,,,,,,58000,RB,DF,85,12,215,21
tm:59389,Микола Морозюк,,,,,,,https://www.transfermarkt.com/mykola-morozyuk/profil/spieler/59389,,дані TM ще не зібрано (бюджет/помилка),,,,,,,,,,59389,RB,MF,85,13,225,17
tm:59414,Папа Гуйе,,,,,,,https://www.transfermarkt.com/papa-gueye/profil/spieler/59414,,дані TM ще не зібрано (бюджет/помилка),,,,,,,,,,59414,CB,DF,85,14,291,5
tm:64313,Тамаш Кадар,,,,,,,https://www.transfermarkt.com/tamas-kadar/profil/spieler/64313,,дані TM ще не зібрано (бюджет/помилка),,,,,,,,,,64313,CB,DF,85,4,58,0
tm:669306,Володимир Бражко,,,,,,,https://www.transfermarkt.com/volodymyr-brazhko/profil/spieler/669306,,дані TM ще не зібрано (бюджет/помилка),,,,,,,,,,669306,CDM,MF,85,4,100,19
tm:678778,Едуард Сарапій,,,,,,,https://www.transfermarkt.com/eduard-sarapiy/profil/spieler/678778,,дані TM ще не зібрано (бюджет/помилка),,,,,,,,,,678778,CB,DF,85,4,107,14
tm:719652,Олександр Мартинюк,,,,,,,https://www.transfermarkt.com/oleksandr-martynyuk/profil/spieler/719652,,дані TM ще не зібрано (бюджет/помилка),,,,,,,,,,719652,LB,DF,85,3,68,0
tm:74089,Сергій Кривцов,,,,,,,https://www.transfermarkt.com/sergiy-kryvtsov/profil/spieler/74089,,дані TM ще не зібрано (бюджет/помилка),,,,,,,,,,74089,CB,DF,85,16,179,13
tm:858712,Педро Енріке,,,,,,,https://www.transfermarkt.com/pedro-henrique/profil/spieler/858712,,дані TM ще не зібрано (бюджет/помилка),,,,,,,,,,858712,LB,DF,85,3,54,0
tm:85964,Андерсон Мінейро,,,,,,,https://www.transfermarkt.com/anderson-santana/profil/spieler/85964,,дані TM ще не зібрано (бюджет/помилка),,,,,,,,,,85964,LB,DF,85,2,40,3
tm:863919,Іван Дібанго,,,,,,,https://www.transfermarkt.com/yvan-dibango/profil/spieler/863919,,дані TM ще не зібрано (бюджет/помилка),,,,,,,,,,863919,LB,DF,85,4,91,1
w:1959-02-19:demianenko,Анатолій Дем'яненко,,,,,,,https://www.transfermarkt.com/anatoliy-demyanenko/profil/spieler/117378,,"tm id: data/class: repo link (data/foot, data/positions); дані TM ще не зібрано (бюджет/помилка)",,,,,,,,,,117378,LB,DF,85,1,14,1
w:1966-09-25:topchev,Дмитро Топчієв,,,,,,,https://www.transfermarkt.com/dmytro-topchiev/profil/spieler/178679,,tm id: data/class: wikidata P2446 + dob; дані TM ще не зібрано (бюджет/помилка),,,,,,,,,,178679,CDM,MF,85,9,140,19
w:1967-01-29:shmatovalenko,Сергій Шматоваленко,,,,,,,,,немає Transfermarkt ID (не знайдено/не підтверджено датою народження),,,,,,,,,,,LB,DF,85,6,98,1
w:1968-04-27:heraschenko,Володимир Геращенко,,,,,,,https://www.transfermarkt.com/volodymyr-gerashchenko/profil/spieler/250352,,"tm id: data/class: repo link (data/foot, data/positions); дані TM ще не зібрано (бюджет/помилка)",,,,,,,,,,250352,CB,DF,85,3,49,5
w:1969-11-19:skripnik,Віктор Скрипник,,,,,,,https://www.transfermarkt.com/viktor-skrypnyk/profil/spieler/535,,"tm id: data/class: repo link (data/foot, data/positions); дані TM ще не зібрано (бюджет/помилка)",,,,,,,,,,535,LB,DF,85,5,124,23
w:1970-08-05:ivanenko,Віктор Іваненко,,,,,,,https://www.transfermarkt.com/viktor-ivanenko/profil/spieler/792784,,tm id: data/class: transfermarkt search + dob; дані TM ще не зібрано (бюджет/помилка),,,,,,,,,,792784,CB,DF,85,4,87,17
w:1970-12-06:hashkin,Андрій Гашкін,,,,,,,https://www.transfermarkt.com/andrey-gashkin/profil/spieler/93264,,"tm id: data/class: repo link (data/foot, data/positions); дані TM ще не зібрано (бюджет/помилка)",,,,,,,,,,93264,CM,MF,85,3,67,17
w:1971-04-18:diriavka,Сергій Дірявка,,,,,,,https://www.transfermarkt.com/sergiy-diryavka/profil/spieler/182206,,tm id: data/class: wikidata P2446 + dob; дані TM ще не зібрано (бюджет/помилка),,,,,,,,,,182206,CB,DF,85,12,259,4
w:1971-06-22:bukel,Юрій Букель,,,,,,,,,немає Transfermarkt ID (не знайдено/не підтверджено датою народження),,,,,,,,,,,CB,DF,85,8,165,0
w:1972-03-01:konovalov,Сергій Коновалов,,,,,,,https://www.transfermarkt.com/sergiy-konovalov/profil/spieler/27159,,"tm id: data/class: repo link (data/foot, data/positions); дані TM ще не зібрано (бюджет/помилка)",,,,,,,,,,27159,CM,FW,85,11,186,44
w:1972-03-13:volosianko,Микола Волосянко,,,,,,,https://www.transfermarkt.com/mykola-volosyanko/profil/spieler/76929,,"tm id: data/class: repo link (data/foot, data/positions); дані TM ще не зібрано (бюджет/помилка)",,,,,,,,,,76929,CB,DF,85,9,166,13
w:1972-12-11:husin,Андрій Гусін,,,,,,,https://www.transfermarkt.com/andriy-gusin/profil/spieler/9788,,"tm id: data/class: repo link (data/foot, data/positions); дані TM ще не зібрано (бюджет/помилка)",,,,,,,,,,9788,CDM,MF,85,11,214,35
w:1973-10-13:starostiak,Михайло Старостяк,,,,,,,https://www.transfermarkt.com/mykhaylo-starostyak/profil/spieler/14943,,"tm id: data/class: repo link (data/foot, data/positions); дані TM ще не зібрано (бюджет/помилка)",,,,,,,,,,14943,CB,DF,85,12,254,1
w:1973-10-26:onopko,Сергій Онопко,,,,,,,https://www.transfermarkt.com/sergiy-onopko/profil/spieler/368652,,tm id: data/class: wikidata P2446 + dob; дані TM ще не зібрано (бюджет/помилка),,,,,,,,,,368652,CM,MF,85,13,263,36
w:1973-11-11:kundenok,Олександр Кундєнок,,,,,,,https://www.transfermarkt.com/aleksandr-kundenok/profil/spieler/305763,,tm id: data/class: wikidata P2446 + dob; дані TM ще не зібрано (бюджет/помилка),,,,,,,,,,305763,CM,MF,85,9,214,35
w:1974-04-25:beno,Юрій Беньо,,,,,,,https://www.transfermarkt.com/yuriy-benyo/profil/spieler/59801,,tm id: data/class: wikidata P2446 + dob; дані TM ще не зібрано (бюджет/помилка),,,,,,,,,,59801,CB,DF,85,12,290,8
w:1974-09-27:oksimets,Андрій Оксимець,,,,,,,https://www.transfermarkt.com/andriy-oksymets/profil/spieler/367810,,tm id: data/class: wikidata P2446 + dob; дані TM ще не зібрано (бюджет/помилка),,,,,,,,,,367810,CB,DF,85,7,87,4
w:1975-04-29:iashkin,Артем Яшкін,,,,,,,https://www.transfermarkt.com/artem-yashkin/profil/spieler/66092,,tm id: data/class: wikidata P2446 + dob; дані TM ще не зібрано (бюджет/помилка),,,,,,,,,,66092,CM,MF,85,6,64,10
w:1975-11-02:osipov,Олексій Осіпов,,,,,,,https://www.transfermarkt.com/aleksey-osipov/profil/spieler/43349,,tm id: data/class: wikidata P2446 + dob; дані TM ще не зібрано (бюджет/помилка),,,,,,,,,,43349,CM,MF,85,9,115,23
w:1975-12-18:seleznov,Юрій Селезньов,,,,,,,https://www.transfermarkt.com/yuriy-seleznyov/profil/spieler/92461,,tm id: data/class: wikidata P2446 + dob; дані TM ще не зібрано (бюджет/помилка),,,,,,,,,,92461,CDM,MF,85,11,200,28
w:1976-11-24:flavius,Флавіус Стойкан,,,,,,,https://www.transfermarkt.com/lorenzo-stovini/profil/spieler/6446,,tm id: data/class: wikidata P2446 + dob; дані TM ще не зібрано (бюджет/помилка),,,,,,,,,,6446,RB,DF,85,4,50,1
w:1977-01-08:kostishin,Руслан Костишин,,,,,,,https://www.transfermarkt.com/ruslan-kostyshyn/profil/spieler/24025,,tm id: data/class: wikidata P2446 + dob; дані TM ще не зібрано (бюджет/помилка),,,,,,,,,,24025,CM,MF,85,16,359,30
w:1977-04-02:koniushenko,Андрій Конюшенко,,,,,,,https://www.transfermarkt.com/andriy-konyushenko/profil/spieler/58050,,"tm id: data/class: repo link (data/foot, data/positions); дані TM ще не зібрано (бюджет/помилка)",,,,,,,,,,58050,CB,DF,85,14,251,28
w:1978-02-27:kaladze,Каха Каладзе,,,,,,,https://www.transfermarkt.com/kakhaber-kaladze/profil/spieler/3430,,"tm id: data/class: repo link (data/foot, data/positions); дані TM ще не зібрано (бюджет/помилка)",,,,,,,,,,3430,CB,MF,85,4,72,6
w:1979-02-25:bodnar,Ласло Боднар,,,,,,,https://www.transfermarkt.com/laszlo-bodnar/profil/spieler/9783,,"tm id: data/class: repo link (data/foot, data/positions); дані TM ще не зібрано (бюджет/помилка)",,,,,,,,,,9783,RB,DF,85,4,58,3
w:1979-07-06:karitska,Володимир Коритько,,,,,,,https://www.transfermarkt.com/vladimir-korytko/profil/spieler/27019,,tm id: data/class: wikidata P2446 + dob; дані TM ще не зібрано (бюджет/помилка),,,,,,,,,,27019,CM,MF,85,4,72,21
w:1979-10-19:chernov,Андрій Чернов,,,,,,,https://www.transfermarkt.com/andriy-chernov/profil/spieler/27133,,tm id: data/class: wikidata P2446 + dob; дані TM ще не зібрано (бюджет/помилка),,,,,,,,,,27133,CB,DF,85,5,90,7
w:1981-01-31:badr,Бадр Ель-Каддурі,,,,,,,https://www.transfermarkt.com/badr-el-kaddouri/profil/spieler/9790,,"tm id: data/class: repo link (data/foot, data/positions); дані TM ще не зібрано (бюджет/помилка)",,,,,,,,,,9790,LB,DF,85,10,123,4
w:1981-08-20:danilovski,Сергій Даниловський,,,,,,,https://www.transfermarkt.com/sergiy-danylovskyi/profil/spieler/48985,,tm id: data/class: wikidata P2446 + dob; дані TM ще не зібрано (бюджет/помилка),,,,,,,,,,48985,CM,MF,85,12,182,13
w:1981-11-22:danel,Северин Ганчаржик,,,,,,,https://www.transfermarkt.com/seweryn-gancarczyk/profil/spieler/33176,,tm id: data/class: wikidata P2446 + dob; дані TM ще не зібрано (бюджет/помилка),,,,,,,,,,33176,LB,DF,85,8,122,7
tm:100163,Сергій Борзенко,,,,,,,https://www.transfermarkt.com/sergiy-borzenko/profil/spieler/100163,,дані TM ще не зібрано (бюджет/помилка),,,,,,,,,,100163,CB,DF,84,5,73,3
tm:10288,Ігор Дуляй,,,,,,,https://www.transfermarkt.com/igor-duljaj/profil/spieler/10288,,дані TM ще не зібрано (бюджет/помилка),,,,,,,,,,10288,CDM,MF,84,9,150,5
tm:104590,Рафаел Форстер,,,,,,,https://www.transfermarkt.com/rafael-forster/profil/spieler/104590,,дані TM ще не зібрано (бюджет/помилка),,,,,,,,,,104590,CB,DF,84,3,34,6
tm:130824,Євген Зубейко,,,,,,,https://www.transfermarkt.com/yevgeniy-zubeyko/profil/spieler/130824,,дані TM ще не зібрано (бюджет/помилка),,,,,,,,,,130824,RB,DF,84,8,133,0
tm:14939,Адріан Пуканич,,,,,,,https://www.transfermarkt.com/adrian-pukanych/profil/spieler/14939,,дані TM ще не зібрано (бюджет/помилка),,,,,,,,,,14939,CM,MF,84,11,171,17
tm:15596,Богдан Шершун,,,,,,,https://www.transfermarkt.com/bogdan-shershun/profil/spieler/15596,,дані TM ще не зібрано (бюджет/помилка),,,,,,,,,,15596,CB,DF,84,14,247,8
tm:155964,Андрій Цуріков,,,,,,,https://www.transfermarkt.com/andriy-tsurikov/profil/spieler/155964,,дані TM ще не зібрано (бюджет/помилка),,,,,,,,,,155964,LB,DF,84,14,251,24
tm:170245,Артем Фаворов,,,,,,,https://www.transfermarkt.com/artem-favorov/profil/spieler/170245,,дані TM ще не зібрано (бюджет/помилка),,,,,,,,,,170245,CM,MF,84,4,56,10
tm:19721,Горан Попов,,,,,,,https://www.transfermarkt.com/goran-popov/profil/spieler/19721,,дані TM ще не зібрано (бюджет/помилка),,,,,,,,,,19721,LB,DF,84,3,32,2
tm:201671,Ігор Пердута,,,,,,,https://www.transfermarkt.com/igor-perduta/profil/spieler/201671,,дані TM ще не зібрано (бюджет/помилка),,,,,,,,,,201671,RB,DF,84,15,301,5
tm:207074,Олександр Андрієвський,,,,,,,https://www.transfermarkt.com/oleksandr-andriyevskyi/profil/spieler/207074,,дані TM ще не зібрано (бюджет/помилка),,,,,,,,,,207074,CM,MF,84,13,153,16
tm:23443,Ондржей Мазух,,,,,,,https://www.transfermarkt.com/ondrej-mazuch/profil/spieler/23443,,дані TM ще не зібрано (бюджет/помилка),,,,,,,,,,23443,CB,DF,84,4,65,0
tm:24000,В'ячеслав Чечер,,,,,,,https://www.transfermarkt.com/vyacheslav-checher/profil/spieler/24000,,дані TM ще не зібрано (бюджет/помилка),,,,,,,,,,24000,CB,DF,84,19,400,36
tm:24010,Олександр Грицай,,,,,,,https://www.transfermarkt.com/oleksandr-grytsay/profil/spieler/24010,,дані TM ще не зібрано (бюджет/помилка),,,,,,,,,,24010,CDM,MF,84,16,354,8
tm:24032,Віталій Лисицький,,,,,,,https://www.transfermarkt.com/vitaliy-lysytskyi/profil/spieler/24032,,дані TM ще не зібрано (бюджет/помилка),,,,,,,,,,24032,CB,DF,84,16,294,17
tm:24054,Олег Шелаєв,,,,,,,https://www.transfermarkt.com/oleg-shelayev/profil/spieler/24054,,дані TM ще не зібрано (бюджет/помилка),,,,,,,,,,24054,CDM,MF,84,21,412,34
tm:24061,Сергій Валяєв,,,,,,,https://www.transfermarkt.com/sergiy-valyaev/profil/spieler/24061,,дані TM ще не зібрано (бюджет/помилка),,,,,,,,,,24061,CM,MF,84,15,285,24
tm:245021,Сергій Чоботенко,,,,,,,https://www.transfermarkt.com/sergiy-chobotenko/profil/spieler/245021,,дані TM ще не зібрано (бюджет/помилка),,,,,,,,,,245021,CB,DF,84,8,166,6
tm:25780,Аїла Юссуф,,,,,,,https://www.transfermarkt.com/ayila-yussuf/profil/spieler/25780,,дані TM ще не зібрано (бюджет/помилка),,,,,,,,,,25780,CB,MF,84,12,131,12
tm:27954,Огнєн Вукоєвич,,,,,,,https://www.transfermarkt.com/ognjen-vukojevic/profil/spieler/27954,,дані TM ще не зібрано (бюджет/помилка),,,,,,,,,,27954,CDM,MF,84,6,141,10
tm:287792,Олександр Тимчик,,,,,,,https://www.transfermarkt.com/oleksandr-tymchyk/profil/spieler/287792,,дані TM ще не зібрано (бюджет/помилка),,,,,,,,,,287792,RB,DF,84,10,144,6
tm:28922,Тайє Тайво,,,,,,,https://www.transfermarkt.com/taye-taiwo/profil/spieler/28922,,дані TM ще не зібрано (бюджет/помилка),,,,,,,,,,28922,LB,DF,84,1,20,0
tm:30803,Крістіан Вільягра,,,,,,,https://www.transfermarkt.com/cristian-villagra/profil/spieler/30803,,дані TM ще не зібрано (бюджет/помилка),,,,,,,,,,30803,RB,DF,84,5,101,5
tm:35607,Арменд Даллку,,,,,,,https://www.transfermarkt.com/armend-dallku/profil/spieler/35607,,дані TM ще не зібрано (бюджет/помилка),,,,,,,,,,35607,CB,DF,84,11,292,5
tm:376228,Дмитро Іванісеня,,,,,,,https://www.transfermarkt.com/dmytro-ivanisenya/profil/spieler/376228,,дані TM ще не зібрано (бюджет/помилка),,,,,,,,,,376228,CDM,MF,84,2,42,6
tm:39799,Іван Стрінич,,,,,,,https://www.transfermarkt.com/ivan-strinic/profil/spieler/39799,,дані TM ще не зібрано (бюджет/помилка),,,,,,,,,,39799,LB,DF,84,5,85,4
tm:404841,Денис Попов,,,,,,,https://www.transfermarkt.com/denys-popov/profil/spieler/404841,,дані TM ще не зібрано (бюджет/помилка),,,,,,,,,,404841,CB,DF,84,7,101,8
tm:421935,Майкон,,,,,,,https://www.transfermarkt.com/maycon/profil/spieler/421935,,дані TM ще не зібрано (бюджет/помилка),,,,,,,,,,421935,CM,MF,84,4,60,5
tm:44138,Олексій Годін,,,,,,,https://www.transfermarkt.com/oleksiy-godin/profil/spieler/44138,,дані TM ще не зібрано (бюджет/помилка),,,,,,,,,,44138,CM,MF,84,12,191,19
tm:45812,Джордже Лазич,,,,,,,https://www.transfermarkt.com/djordje-lazic/profil/spieler/45812,,дані TM ще не зібрано (бюджет/помилка),,,,,,,,,,45812,CM,MF,84,8,163,23
tm:467250,Юхим Конопля,,,,,,,https://www.transfermarkt.com/yukhym-konoplya/profil/spieler/467250,,дані TM ще не зібрано (бюджет/помилка),,,,,,,,,,467250,RB,DF,84,7,116,7
tm:522833,Андрій Понєдєльнік,,,,,,,https://www.transfermarkt.com/andriy-ponedelnik/profil/spieler/522833,,дані TM ще не зібрано (бюджет/помилка),,,,,,,,,,522833,RB,DF,84,4,108,5
tm:530696,Іраклі Азарові,,,,,,,https://www.transfermarkt.com/irakli-azarovi/profil/spieler/530696,,дані TM ще не зібрано (бюджет/помилка),,,,,,,,,,530696,LB,DF,84,3,48,0
tm:533318,Назарій Муравський,,,,,,,https://www.transfermarkt.com/nazariy-muravskyi/profil/spieler/533318,,дані TM ще не зібрано (бюджет/помилка),,,,,,,,,,533318,CB,DF,84,6,99,1
tm:539738,Олег Горін,,,,,,,https://www.transfermarkt.com/oleg-gorin/profil/spieler/539738,,дані TM ще не зібрано (бюджет/помилка),,,,,,,,,,539738,CB,DF,84,5,72,4
tm:55484,Марсіо Азеведо,,,,,,,https://www.transfermarkt.com/marcio-azevedo/profil/spieler/55484,,дані TM ще не зібрано (бюджет/помилка),,,,,,,,,,55484,LB,DF,84,6,55,0
tm:57888,Павло Ксьонз,,,,,,,https://www.transfermarkt.com/pavlo-ksyonz/profil/spieler/57888,,дані TM ще не зібрано (бюджет/помилка),,,,,,,,,,57888,RB,DF,84,13,243,10
tm:58046,Василь Кобін,,,,,,,https://www.transfermarkt.com/vasyl-kobin/profil/spieler/58046,,дані TM ще не зібрано (бюджет/помилка),,,,,,,,,,58046,RB,MF,84,14,212,14
tm:58238,Микита Каменюка,,,,,,,https://www.transfermarkt.com/mykyta-kamenyuka/profil/spieler/58238,,дані TM ще не зібрано (бюджет/помилка),,,,,,,,,,58238,RB,MF,84,13,253,17
tm:58252,Сергій Сімінін,,,,,,,https://www.transfermarkt.com/sergiy-siminin/profil/spieler/58252,,дані TM ще не зібрано (бюджет/помилка),,,,,,,,,,58252,RB,DF,84,10,192,3
tm:58425,Ігор Ощипко,,,,,,,https://www.transfermarkt.com/igor-oshchypko/profil/spieler/58425,,дані TM ще не зібрано (бюджет/помилка),,,,,,,,,,58425,LB,DF,84,8,109,11
tm:58970,Євген Шахов,,,,,,,https://www.transfermarkt.com/yevgen-shakhov/profil/spieler/58970,,дані TM ще не зібрано (бюджет/помилка),,,,,,,,,,58970,CM,MF,84,11,125,16
tm:59129,Вадим Сапай,,,,,,,https://www.transfermarkt.com/vadym-sapay/profil/spieler/59129,,дані TM ще не зібрано (бюджет/помилка),,,,,,,,,,59129,RB,DF,84,13,201,3
tm:59148,Олександр Воловик,,,,,,,https://www.transfermarkt.com/oleksandr-volovyk/profil/spieler/59148,,дані TM ще не зібрано (бюджет/помилка),,,,,,,,,,59148,CB,DF,84,8,138,7
tm:59442,Євген Селін,,,,,,,https://www.transfermarkt.com/yevgen-selin/profil/spieler/59442,,дані TM ще не зібрано (бюджет/помилка),,,,,,,,,,59442,LB,DF,84,10,141,7
tm:665048,Арсеній Батагов,,,,,,,https://www.transfermarkt.com/arseniy-batagov/profil/spieler/665048,,дані TM ще не зібрано (бюджет/помилка),,,,,,,,,,665048,CB,DF,84,5,83,3
tm:668235,Марлон Гомес,,,,,,,https://www.transfermarkt.com/marlon-gomes/profil/spieler/668235,,дані TM ще не зібрано (бюджет/помилка),,,,,,,,,,668235,CM,MF,84,3,53,8
tm:771914,Євген Павлюк,,,,,,,https://www.transfermarkt.com/yevgen-pavlyuk/profil/spieler/771914,,дані TM ще не зібрано (бюджет/помилка),,,,,,,,,,771914,CB,DF,84,5,98,4
tm:81649,Сергій Рибалка,,,,,,,https://www.transfermarkt.com/sergiy-rybalka/profil/spieler/81649,,дані TM ще не зібрано (бюджет/помилка),,,,,,,,,,81649,CDM,MF,84,7,124,7
tm:86931,Євген Опанасенко,,,,,,,https://www.transfermarkt.com/yevgen-opanasenko/profil/spieler/86931,,дані TM ще не зібрано (бюджет/помилка),,,,,,,,,,86931,RB,DF,84,13,207,9
tm:889438,Ілля Крупський,,,,,,,https://www.transfermarkt.com/ilya-krupskyi/profil/spieler/889438,,дані TM ще не зібрано (бюджет/помилка),,,,,,,,,,889438,RB,DF,84,6,89,1
tm:94922,Богдан Бутко,,,,,,,https://www.transfermarkt.com/bogdan-butko/profil/spieler/94922,,дані TM ще не зібрано (бюджет/помилка),,,,,,,,,,94922,RB,DF,84,12,224,9
tm:94924,Максим Імереков,,,,,,,https://www.transfermarkt.com/maksym-imerekov/profil/spieler/94924,,дані TM ще не зібрано (бюджет/помилка),,,,,,,,,,94924,CB,DF,84,8,113,11
w:1960-05-15:shevchenko,Сергій Шевченко,,,,,,,https://www.transfermarkt.com/sergey-shevchenko/profil/spieler/183488,,tm id: data/class: wikidata P2446 + dob; дані TM ще не зібрано (бюджет/помилка),,,,,,,,,,183488,CM,MF,84,2,35,10
w:1960-09-05:iurchenko,Ігор Юрченко,,,,,,,https://www.transfermarkt.com/igor-yurchenko/profil/spieler/135315,,tm id: data/class: transfermarkt search + dob; дані TM ще не зібрано (бюджет/помилка),,,,,,,,,,135315,CM,MF,84,4,71,15
w:1964-12-13:belichenko,Юрій Бєліченко,,,,,,,https://www.transfermarkt.com/yuriy-belichenko/profil/spieler/596124,,tm id: data/class: transfermarkt search + dob; дані TM ще не зібрано (бюджет/помилка),,,,,,,,,,596124,CM,MF,84,7,101,17
w:1965-03-13:volkov,Ігор Волков,,,,,,,https://www.transfermarkt.com/igor-volkov/profil/spieler/183491,,tm id: data/class: wikidata P2446 + dob; дані TM ще не зібрано (бюджет/помилка),,,,,,,,,,183491,CB,DF,84,6,136,16
w:1965-06-05:martinov,Юрій Мартинов,,,,,,,https://www.transfermarkt.com/yuriy-martynov/profil/spieler/174762,,tm id: data/class: wikidata P2446 + dob; дані TM ще не зібрано (бюджет/помилка),,,,,,,,,,174762,CM,MF,84,5,94,20
w:1966-01-22:vernidub,Юрій Вернидуб,,,,,,,https://www.transfermarkt.com/yuriy-vernydub/profil/spieler/63168,,"tm id: data/class: repo link (data/foot, data/positions); дані TM ще не зібрано (бюджет/помилка)",,,,,,,,,,63168,CB,DF,84,4,85,11
w:1966-04-12:telesnenko,Андрій Телесненко,,,,,,,https://www.transfermarkt.com/andriy-telesnenko/profil/spieler/116800,,tm id: data/class: wikidata P2446 + dob; дані TM ще не зібрано (бюджет/помилка),,,,,,,,,,116800,CB,DF,84,3,53,3
w:1967-01-03:sak,Юрій Сак,,,,,,,https://www.transfermarkt.com/yuriy-sak/profil/spieler/86933,,tm id: data/class: wikidata P2446 + dob; дані TM ще не зібрано (бюджет/помилка),,,,,,,,,,86933,CDM,DF,84,9,145,10
w:1967-09-14:leonov,Ігор Леонов,,,,,,,https://www.transfermarkt.com/igor-leonov/profil/spieler/204769,,tm id: data/class: wikidata P2446 + dob; дані TM ще не зібрано (бюджет/помилка),,,,,,,,,,204769,CM,DF,84,8,172,5
w:1967-11-05:chuhleba,Олег Чухлєба,,,,,,,https://www.transfermarkt.com/oleg-chukhleba/profil/spieler/510201,,tm id: data/class: wikidata P2446 + dob; дані TM ще не зібрано (бюджет/помилка),,,,,,,,,,510201,CB,DF,84,2,36,0
w:1968-05-24:homin,Андрій Хомин,,,,,,,https://www.transfermarkt.com/andriy-khomyn/profil/spieler/96458,,"tm id: data/class: repo link (data/foot, data/positions); дані TM ще не зібрано (бюджет/помилка)",,,,,,,,,,96458,CB,MF,84,7,139,12
w:1968-07-01:jabchenko,Ігор Жабченко,,,,,,,https://www.transfermarkt.com/igor-zhabchenko/profil/spieler/174870,,tm id: data/class: wikidata P2446 + dob; дані TM ще не зібрано (бюджет/помилка),,,,,,,,,,174870,CDM,MF,84,6,125,18
w:1968-07-09:babi,Олександр Бабій,,,,,,,https://www.transfermarkt.com/oleksandr-babiy/profil/spieler/63125,,"tm id: data/class: repo link (data/foot, data/positions); дані TM ще не зібрано (бюджет/помилка)",,,,,,,,,,63125,CB,DF,84,7,137,15
w:1969-01-23:ponomarenko,Віталій Пономаренко,,,,,,,https://www.transfermarkt.com/vitaliy-ponomarenko/profil/spieler/178676,,tm id: data/class: transfermarkt search + dob; дані TM ще не зібрано (бюджет/помилка),,,,,,,,,,178676,CB,DF,84,2,34,0
w:1969-05-02:ternavski,Владислав Тернавський,,,,,,,https://www.transfermarkt.com/vladislav-ternavskiy/profil/spieler/102596,,"tm id: data/class: repo link (data/foot, data/positions); дані TM ще не зібрано (бюджет/помилка)",,,,,,,,,,102596,CB,DF,84,4,61,10
w:1970-08-18:pantilov,Віталій Пантілов,,,,,,,https://www.transfermarkt.com/vitaliy-pantilov/profil/spieler/883858,,tm id: data/class: transfermarkt search + dob; дані TM ще не зібрано (бюджет/помилка),,,,,,,,,,883858,CM,MF,84,7,182,29
w:1970-08-19:muschinka,Анатолій Мущинка,,,,,,,https://www.transfermarkt.com/anatoliy-mushchynka/profil/spieler/1003,,tm id: data/class: wikidata P2446 + dob; дані TM ще не зібрано (бюджет/помилка),,,,,,,,,,1003,CM,MF,84,1,28,8
w:1970-10-11:evtushok,Олександр Євтушок,,,,,,,,,немає Transfermarkt ID (не знайдено/не підтверджено датою народження),,,,,,,,,,,CB,DF,84,8,169,13
w:1970-10-30:osadchi,Сергій Осадчий,,,,,,,https://www.transfermarkt.com/sergiy-osadchyi/profil/spieler/916059,,tm id: data/class: transfermarkt search + dob; дані TM ще не зібрано (бюджет/помилка),,,,,,,,,,916059,CB,DF,84,4,100,5
w:1971-01-02:zavialov,Андрій Зав'ялов,,,,,,,https://www.transfermarkt.com/andriy-zavyalov/profil/spieler/514030,,tm id: data/class: transfermarkt search + dob; дані TM ще не зібрано (бюджет/помилка),,,,,,,,,,514030,CM,MF,84,9,150,20
w:1971-01-19:markin,Юрій Маркін,,,,,,,https://www.transfermarkt.com/yuriy-markin/profil/spieler/774911,,tm id: data/class: transfermarkt search + dob; дані TM ще не зібрано (бюджет/помилка),,,,,,,,,,774911,CB,DF,84,9,229,20
w:1971-02-23:naduda,Олег Надуда,,,,,,,https://www.transfermarkt.com/oleg-naduda/profil/spieler/80319,,"tm id: data/class: repo link (data/foot, data/positions); дані TM ще не зібрано (бюджет/помилка)",,,,,,,,,,80319,CM,MF,84,1,31,8
w:1971-03-05:polunin,Андрій Полунін,,,,,,,https://www.transfermarkt.com/andriy-polunin/profil/spieler/2715,,tm id: data/class: wikidata P2446 + dob; дані TM ще не зібрано (бюджет/помилка),,,,,,,,,,2715,CM,MF,84,8,176,24
w:1971-05-06:iakovenko,Дмитро Яковенко,,,,,,,https://www.transfermarkt.com/dmytro-yakovenko/profil/spieler/524420,,"tm id: data/class: repo link (data/foot, data/positions); дані TM ще не зібрано (бюджет/помилка)",,,,,,,,,,524420,CB,DF,84,5,92,2
w:1971-05-27:chijevski,Олександр Чижевський,,,,,,,https://www.transfermarkt.com/oleksandr-chyzhevskyi/profil/spieler/57863,,"tm id: data/class: repo link (data/foot, data/positions); дані TM ще не зібрано (бюджет/помилка)",,,,,,,,,,57863,CB,DF,84,16,393,3
w:1971-08-04:lejentsev,Сергій Леженцев,,,,,,,https://www.transfermarkt.com/sergey-lezhentsev/profil/spieler/156498,,"tm id: data/class: repo link (data/foot, data/positions); дані TM ще не зібрано (бюджет/помилка)",,,,,,,,,,156498,CB,DF,84,10,170,3
w:1972-01-02:haschin,Володимир Гащин,,,,,,,https://www.transfermarkt.com/volodymyr-gashchyn/profil/spieler/167029,,"tm id: data/class: repo link (data/foot, data/positions); дані TM ще не зібрано (бюджет/помилка)",,,,,,,,,,167029,CM,MF,84,10,168,29
w:1972-09-07:dichko,Володимир Дичко,,,,,,,https://www.transfermarkt.com/volodymyr-dychko/profil/spieler/858942,,tm id: data/class: wikidata P2446 + dob; дані TM ще не зібрано (бюджет/помилка),,,,,,,,,,858942,CB,DF,84,6,116,6
w:1972-10-29:ponomarenko,Володимир Пономаренко,,,,,,,https://www.transfermarkt.com/volodymyr-ponomarenko/profil/spieler/92466,,tm id: data/class: wikidata P2446 + dob; дані TM ще не зібрано (бюджет/помилка),,,,,,,,,,92466,CM,MF,84,9,215,17
w:1973-01-14:kardash,Василь Кардаш,,,,,,,https://www.transfermarkt.com/vasyl-kardash/profil/spieler/27154,,"tm id: data/class: repo link (data/foot, data/positions); дані TM ще не зібрано (бюджет/помилка)",,,,,,,,,,27154,CM,MF,84,13,171,24
w:1973-07-01:krukovets,Сергій Круковець,,,,,,,https://www.transfermarkt.com/sergiy-krukovets/profil/spieler/93265,,tm id: data/class: wikidata P2446 + dob; дані TM ще не зібрано (бюджет/помилка),,,,,,,,,,93265,CB,DF,84,4,90,13
w:1973-07-13:mihailenko,Дмитро Михайленко,,,,,,,https://www.transfermarkt.com/dmytro-mykhaylenko/profil/spieler/24039,,tm id: data/class: wikidata P2446 + dob; дані TM ще не зібрано (бюджет/помилка),,,,,,,,,,24039,CDM,MF,84,14,275,31
w:1973-09-13:ostrovski,Андрій Островський,,,,,,,https://www.transfermarkt.com/andrey-ostrovskiy/profil/spieler/49014,,tm id: data/class: wikidata P2446 + dob; дані TM ще не зібрано (бюджет/помилка),,,,,,,,,,49014,CB,DF,84,5,78,2
w:1973-11-19:luchkevich,Ігор Лучкевич,,,,,,,,,немає Transfermarkt ID (не знайдено/не підтверджено датою народження),,,,,,,,,,,CM,MF,84,14,301,23
w:1974-05-03:koval,Олександр Коваль,,,,,,,https://www.transfermarkt.com/oleksandr-koval/profil/spieler/190199,,tm id: data/class: wikidata P2446 + dob; дані TM ще не зібрано (бюджет/помилка),,,,,,,,,,190199,RB,DF,84,8,188,4
w:1974-11-21:kirlik,Андрій Кірлік,,,,,,,https://www.transfermarkt.com/andriy-kirlyk/profil/spieler/48996,,tm id: data/class: wikidata P2446 + dob; дані TM ще не зібрано (бюджет/помилка),,,,,,,,,,48996,CM,MF,84,15,331,33
w:1975-01-22:poklonski,Олександр Поклонський,,,,,,,https://www.transfermarkt.com/oleksandr-poklonskyi/profil/spieler/24044,,"tm id: data/class: repo link (data/foot, data/positions); дані TM ще не зібрано (бюджет/помилка)",,,,,,,,,,24044,CB,DF,84,11,218,11
w:1975-02-10:dmitrulin,Юрій Дмитрулін,,,,,,,https://www.transfermarkt.com/yuriy-dmytrulin/profil/spieler/9780,,"tm id: data/class: repo link (data/foot, data/positions); дані TM ще не зібрано (бюджет/помилка)",,,,,,,,,,9780,LB,DF,84,12,196,6
w:1975-02-23:zotov,Олександр Зотов,,,,,,,https://www.transfermarkt.com/oleksandr-zotov/profil/spieler/24067,,tm id: data/class: wikidata P2446 + dob; дані TM ще не зібрано (бюджет/помилка),,,,,,,,,,24067,CM,MF,84,16,351,31
w:1975-03-31:balanchuk,Сергій Баланчук,,,,,,,https://www.transfermarkt.com/sergiy-snytko/profil/spieler/25870,,tm id: data/class: wikidata P2446 + dob; дані TM ще не зібрано (бюджет/помилка),,,,,,,,,,25870,CB,DF,84,5,101,3
w:1975-04-16:anischenko,Андрій Аніщенко,,,,,,,https://www.transfermarkt.com/andriy-anishchenko/profil/spieler/367811,,tm id: data/class: wikidata P2446 + dob; дані TM ще не зібрано (бюджет/помилка),,,,,,,,,,367811,CB,DF,84,6,108,1
w:1975-08-26:mischenko,Віталій Міщенко,,,,,,,https://www.transfermarkt.com/vitaliy-mishchenko/profil/spieler/894516,,tm id: data/class: transfermarkt search + dob; дані TM ще не зібрано (бюджет/помилка),,,,,,,,,,894516,CM,MF,84,2,43,6
w:1975-09-14:kostiuk,Ігор Костюк,,,,,,,https://www.transfermarkt.com/igor-kostyuk/profil/spieler/27162,,tm id: data/class: wikidata P2446 + dob; дані TM ще не зібрано (бюджет/помилка),,,,,,,,,,27162,CM,MF,84,11,138,20
w:1975-12-10:dotsenko,Віктор Доценко,,,,,,,https://www.transfermarkt.com/viktor-dotsenko/profil/spieler/134509,,tm id: data/class: wikidata P2446 + dob; дані TM ще не зібрано (бюджет/помилка),,,,,,,,,,134509,CB,DF,84,13,250,5
w:1975-12-18:danel,Даніель Флоря,,,,,,,https://www.transfermarkt.com/daniel-florea/profil/spieler/14930,,tm id: data/class: wikidata P2446 + dob; дані TM ще не зібрано (бюджет/помилка),,,,,,,,,,14930,LB,DF,84,5,84,1
w:1976-03-11:hranovski,Олександр Грановський,,,,,,,https://www.transfermarkt.com/oleksandr-granovskyi/profil/spieler/59042,,tm id: data/class: wikidata P2446 + dob; дані TM ще не зібрано (бюджет/помилка),,,,,,,,,,59042,CB,DF,84,14,180,1
w:1976-07-19:radchenko,Олександр Радченко,,,,,,,https://www.transfermarkt.com/oleksandr-radchenko/profil/spieler/24046,,"tm id: data/class: repo link (data/foot, data/positions); дані TM ще не зібрано (бюджет/помилка)",,,,,,,,,,24046,LB,DF,84,11,163,4
w:1977-01-15:platonov,Валентин Платонов,,,,,,,https://www.transfermarkt.com/valentyn-platonov/profil/spieler/58220,,tm id: data/class: wikidata P2446 + dob; дані TM ще не зібрано (бюджет/помилка),,,,,,,,,,58220,CB,MF,84,14,265,32
w:1977-02-04:iaksmanitski,Володимир Яксманицький,,,,,,,https://www.transfermarkt.com/volodymyr-yaksmanytskyi/profil/spieler/58167,,"tm id: data/class: repo link (data/foot, data/positions); дані TM ще не зібрано (бюджет/помилка)",,,,,,,,,,58167,LB,DF,84,12,243,14
w:1977-06-23:pershin,Олександр Першин,,,,,,,https://www.transfermarkt.com/oleksandr-pershin/profil/spieler/43352,,tm id: data/class: wikidata P2446 + dob; дані TM ще не зібрано (бюджет/помилка),,,,,,,,,,43352,CB,DF,84,12,264,8
w:1977-09-15:sliusar,Валентин Слюсар,,,,,,,https://www.transfermarkt.com/valentyn-slyusar/profil/spieler/42660,,tm id: data/class: wikidata P2446 + dob; дані TM ще не зібрано (бюджет/помилка),,,,,,,,,,42660,CDM,MF,84,11,245,23
w:1977-11-08:mazurenko,Олег Мазуренко,,,,,,,https://www.transfermarkt.com/oleg-mazurenko/profil/spieler/27182,,tm id: data/class: wikidata P2446 + dob; дані TM ще не зібрано (бюджет/помилка),,,,,,,,,,27182,CM,MF,84,7,143,13
w:1978-08-05:berkeuan,Космін Беркеуан,,,,,,,https://www.transfermarkt.com/cosmin-barcauan/profil/spieler/22099,,tm id: data/class: wikidata P2446 + dob; дані TM ще не зібрано (бюджет/помилка),,,,,,,,,,22099,CB,DF,84,2,21,1
w:1979-01-28:branislav,Браніслав Круніч,,,,,,,https://www.transfermarkt.com/branislav-krunic/profil/spieler/38686,,tm id: data/class: wikidata P2446 + dob; дані TM ще не зібрано (бюджет/помилка),,,,,,,,,,38686,CM,MF,84,2,29,5
w:1980-04-09:erko,Єрко Леко,,,,,,,https://www.transfermarkt.com/jerko-leko/profil/spieler/9799,,"tm id: data/class: repo link (data/foot, data/positions); дані TM ще не зібрано (бюджет/помилка)",,,,,,,,,,9799,CDM,MF,84,4,62,7
w:1980-08-08:omelianchuk,Сергій Омельянчук,,,,,,,https://www.transfermarkt.com/sergey-omeljanchuk/profil/spieler/27193,,tm id: data/class: wikidata P2446 + dob; дані TM ще не зібрано (бюджет/помилка),,,,,,,,,,27193,CB,DF,84,3,53,7
w:1980-12-29:karlos,Корреа,,,,,,,https://www.transfermarkt.com/correa/profil/spieler/43818,,tm id: data/class: wikidata P2446 + dob; дані TM ще не зібрано (бюджет/помилка),,,,,,,,,,43818,CDM,MF,84,5,75,12
w:1984-03-19:nevmivaka,Дмитро Невмивака,,,,,,,https://www.transfermarkt.com/dmytro-nevmyvaka/profil/spieler/59959,,"tm id: data/class: repo link (data/foot, data/positions); дані TM ще не зібрано (бюджет/помилка)",,,,,,,,,,59959,CB,DF,84,9,173,9
w:1987-03-14:almeida,Леандро Алмейда,,,,,,,https://www.transfermarkt.com/leandro-almeida/profil/spieler/52960,,tm id: data/class: wikidata P2446 + dob; дані TM ще не зібрано (бюджет/помилка),,,,,,,,,,52960,CB,DF,84,3,52,3
tm:101304,Дуглас,,,,,,,https://www.transfermarkt.com/douglas/profil/spieler/101304,,дані TM ще не зібрано (бюджет/помилка),,,,,,,,,,101304,CB,DF,83,5,67,3
tm:104331,Лукман Аруна,,,,,,,https://www.transfermarkt.com/lukman-haruna/profil/spieler/104331,,дані TM ще не зібрано (бюджет/помилка),,,,,,,,,,104331,CM,MF,83,4,55,8
tm:1050852,Віталій Холод,,,,,,,https://www.transfermarkt.com/vitaliy-kholod/profil/spieler/1050852,,дані TM ще не зібрано (бюджет/помилка),,,,,,,,,,1050852,CB,DF,83,4,74,1
tm:139943,Івиця Жунич,,,,,,,https://www.transfermarkt.com/ivica-zunic/profil/spieler/139943,,дані TM ще не зібрано (бюджет/помилка),,,,,,,,,,139943,CB,DF,83,3,66,7
tm:140561,Майкл Одібе,,,,,,,https://www.transfermarkt.com/michael-odibe/profil/spieler/140561,,дані TM ще не зібрано (бюджет/помилка),,,,,,,,,,140561,CB,DF,83,3,35,5
tm:146725,Мілош Стаменкович,,,,,,,https://www.transfermarkt.com/milos-stamenkovic/profil/spieler/146725,,дані TM ще не зібрано (бюджет/помилка),,,,,,,,,,146725,CB,DF,83,3,51,0
tm:206717,Едуард Соболь,,,,,,,https://www.transfermarkt.com/eduard-sobol/profil/spieler/206717,,дані TM ще не зібрано (бюджет/помилка),,,,,,,,,,206717,LB,DF,83,5,80,1
tm:212243,Дмитро Мишньов,,,,,,,https://www.transfermarkt.com/dmytro-myshnyov/profil/spieler/212243,,дані TM ще не зібрано (бюджет/помилка),,,,,,,,,,212243,CM,MF,83,11,233,12
tm:213976,Ігор Харатін,,,,,,,https://www.transfermarkt.com/igor-kharatin/profil/spieler/213976,,дані TM ще не зібрано (бюджет/помилка),,,,,,,,,,213976,CDM,MF,83,7,107,13
tm:227199,Ігор Солдат,,,,,,,https://www.transfermarkt.com/igor-soldat/profil/spieler/227199,,дані TM ще не зібрано (бюджет/помилка),,,,,,,,,,227199,RB,DF,83,2,31,2
tm:23379,Володимир Польовий,,,,,,,https://www.transfermarkt.com/volodymyr-polyovyi/profil/spieler/23379,,дані TM ще не зібрано (бюджет/помилка),,,,,,,,,,23379,LB,DF,83,15,296,6
tm:244262,Денис Мірошніченко,,,,,,,https://www.transfermarkt.com/denys-miroshnichenko/profil/spieler/244262,,дані TM ще не зібрано (бюджет/помилка),,,,,,,,,,244262,RB,DF,83,14,280,9
tm:244271,Олександр Сваток,,,,,,,https://www.transfermarkt.com/oleksandr-svatok/profil/spieler/244271,,дані TM ще не зібрано (бюджет/помилка),,,,,,,,,,244271,CB,DF,83,10,162,3
tm:245048,Василь Кравець,,,,,,,https://www.transfermarkt.com/vasyl-kravets/profil/spieler/245048,,дані TM ще не зібрано (бюджет/помилка),,,,,,,,,,245048,LB,DF,83,5,78,3
tm:248936,Павло Оріховський,,,,,,,https://www.transfermarkt.com/pavlo-orikhovskyi/profil/spieler/248936,,дані TM ще не зібрано (бюджет/помилка),,,,,,,,,,248936,CM,MF,83,10,141,18
tm:25618,Сергій Пшеничних,,,,,,,https://www.transfermarkt.com/sergiy-pshenychnykh/profil/spieler/25618,,дані TM ще не зібрано (бюджет/помилка),,,,,,,,,,25618,RB,DF,83,14,247,5
tm:25734,Денис Кулаков,,,,,,,https://www.transfermarkt.com/denys-kulakov/profil/spieler/25734,,дані TM ще не зібрано (бюджет/помилка),,,,,,,,,,25734,RB,MF,83,12,187,8
tm:267330,Джоель Абу Ханна,,,,,,,https://www.transfermarkt.com/joel-abu-hanna/profil/spieler/267330,,дані TM ще не зібрано (бюджет/помилка),,,,,,,,,,267330,CB,DF,83,2,34,1
tm:271665,Ігор Загальський,,,,,,,https://www.transfermarkt.com/igor-zagalskyi/profil/spieler/271665,,дані TM ще не зібрано (бюджет/помилка),,,,,,,,,,271665,CM,MF,83,3,51,6
tm:294746,Володимир Шепелєв,,,,,,,https://www.transfermarkt.com/volodymyr-shepelev/profil/spieler/294746,,дані TM ще не зібрано (бюджет/помилка),,,,,,,,,,294746,CM,MF,83,10,161,5
tm:343153,Євген Чеберко,,,,,,,https://www.transfermarkt.com/yevgen-cheberko/profil/spieler/343153,,дані TM ще не зібрано (бюджет/помилка),,,,,,,,,,343153,CB,DF,83,4,45,2
tm:36364,Михайло Сіваков,,,,,,,https://www.transfermarkt.com/mikhail-sivakov/profil/spieler/36364,,дані TM ще не зібрано (бюджет/помилка),,,,,,,,,,36364,CB,DF,83,3,46,2
tm:373302,Сілас,,,,,,,https://www.transfermarkt.com/silas/profil/spieler/373302,,дані TM ще не зібрано (бюджет/помилка),,,,,,,,,,373302,CM,MF,83,2,31,4
tm:376082,Данило Ігнатенко,,,,,,,https://www.transfermarkt.com/danylo-ignatenko/profil/spieler/376082,,дані TM ще не зібрано (бюджет/помилка),,,,,,,,,,376082,CM,MF,83,6,62,5
tm:43299,Едмар,,,,,,,https://www.transfermarkt.com/edmar-galovskyi/profil/spieler/43299,,дані TM ще не зібрано (бюджет/помилка),,,,,,,,,,43299,CM,MF,83,14,316,40
tm:448331,Ардін Даллку,,,,,,,https://www.transfermarkt.com/ardin-dallku/profil/spieler/448331,,дані TM ще не зібрано (бюджет/помилка),,,,,,,,,,448331,CB,DF,83,3,48,2
tm:448868,Ігор Когут,,,,,,,https://www.transfermarkt.com/igor-kogut/profil/spieler/448868,,дані TM ще не зібрано (бюджет/помилка),,,,,,,,,,448868,CM,MF,83,7,114,9
tm:45196,Тарас Михалик,,,,,,,https://www.transfermarkt.com/taras-mykhalyk/profil/spieler/45196,,дані TM ще не зібрано (бюджет/помилка),,,,,,,,,,45196,CB,MF,83,8,142,11
tm:505463,Олександр Сирота,,,,,,,https://www.transfermarkt.com/oleksandr-syrota/profil/spieler/505463,,дані TM ще не зібрано (бюджет/помилка),,,,,,,,,,505463,CB,DF,83,4,56,2
tm:51531,Артем Касьянов,,,,,,,https://www.transfermarkt.com/artem-kasyanov/profil/spieler/51531,,дані TM ще не зібрано (бюджет/помилка),,,,,,,,,,51531,CDM,MF,83,6,77,6
tm:521997,Віталій Бойко,,,,,,,https://www.transfermarkt.com/vitaliy-boyko/profil/spieler/521997,,дані TM ще не зібрано (бюджет/помилка),,,,,,,,,,521997,CM,MF,83,5,86,8
tm:530673,Шота Нонікашвілі,,,,,,,https://www.transfermarkt.com/shota-nonikashvili/profil/spieler/530673,,дані TM ще не зібрано (бюджет/помилка),,,,,,,,,,530673,CDM,MF,83,2,39,4
tm:567873,Владислав Бабогло,,,,,,,https://www.transfermarkt.com/vladyslav-baboglo/profil/spieler/567873,,дані TM ще не зібрано (бюджет/помилка),,,,,,,,,,567873,CB,DF,83,9,141,13
tm:58016,Олег Голодюк,,,,,,,https://www.transfermarkt.com/oleg-golodyuk/profil/spieler/58016,,дані TM ще не зібрано (бюджет/помилка),,,,,,,,,,58016,CM,MF,83,15,221,15
tm:58427,Кирило Петров,,,,,,,https://www.transfermarkt.com/kyrylo-petrov/profil/spieler/58427,,дані TM ще не зібрано (бюджет/помилка),,,,,,,,,,58427,CB,DF,83,10,134,6
tm:58930,Володимир Чеснаков,,,,,,,https://www.transfermarkt.com/volodymyr-chesnakov/profil/spieler/58930,,дані TM ще не зібрано (бюджет/помилка),,,,,,,,,,58930,CB,DF,83,17,331,12
tm:58961,Павло Пашаєв,,,,,,,https://www.transfermarkt.com/pavlo-pashayev/profil/spieler/58961,,дані TM ще не зібрано (бюджет/помилка),,,,,,,,,,58961,RB,DF,83,12,206,0
tm:59076,Сергій Кравченко,,,,,,,https://www.transfermarkt.com/sergiy-kravchenko/profil/spieler/59076,,дані TM ще не зібрано (бюджет/помилка),,,,,,,,,,59076,CM,MF,83,16,281,25
tm:59249,Іван Матяж,,,,,,,https://www.transfermarkt.com/ivan-matyazh/profil/spieler/59249,,дані TM ще не зібрано (бюджет/помилка),,,,,,,,,,59249,CM,MF,83,8,113,13
tm:59973,Віталій Вернидуб,,,,,,,https://www.transfermarkt.com/vitaliy-vernydub/profil/spieler/59973,,дані TM ще не зібрано (бюджет/помилка),,,,,,,,,,59973,CB,DF,83,14,242,13
tm:60790,Тоні Шунич,,,,,,,https://www.transfermarkt.com/toni-sunjic/profil/spieler/60790,,дані TM ще не зібрано (бюджет/помилка),,,,,,,,,,60790,CB,DF,83,3,63,0
tm:623319,Олександр Драмбаєв,,,,,,,https://www.transfermarkt.com/oleksandr-drambayev/profil/spieler/623319,,дані TM ще не зібрано (бюджет/помилка),,,,,,,,,,623319,LB,DF,83,4,72,1
tm:629567,Яніс Амаш,,,,,,,https://www.transfermarkt.com/yanis-hamache/profil/spieler/629567,,дані TM ще не зібрано (бюджет/помилка),,,,,,,,,,629567,LB,DF,83,1,11,2
tm:636237,Костянтин Вівчаренко,,,,,,,https://www.transfermarkt.com/kostyantyn-vivcharenko/profil/spieler/636237,,дані TM ще не зібрано (бюджет/помилка),,,,,,,,,,636237,LB,DF,83,4,74,3
tm:702561,Роман Дідик,,,,,,,https://www.transfermarkt.com/roman-didyk/profil/spieler/702561,,дані TM ще не зібрано (бюджет/помилка),,,,,,,,,,702561,CB,DF,83,5,112,5
tm:717199,Богдан Слюбик,,,,,,,https://www.transfermarkt.com/bogdan-slyubyk/profil/spieler/717199,,дані TM ще не зібрано (бюджет/помилка),,,,,,,,,,717199,CB,DF,83,4,77,4
tm:726019,Олександр Яцик,,,,,,,https://www.transfermarkt.com/oleksandr-yatsyk/profil/spieler/726019,,дані TM ще не зібрано (бюджет/помилка),,,,,,,,,,726019,CM,MF,83,4,67,11
tm:743587,Вінісіус Тобіас,,,,,,,https://www.transfermarkt.com/vinicius-tobias/profil/spieler/743587,,дані TM ще не зібрано (бюджет/помилка),,,,,,,,,,743587,RB,DF,83,2,38,2
tm:748939,Олексій Сич,,,,,,,https://www.transfermarkt.com/oleksiy-sych/profil/spieler/748939,,дані TM ще не зібрано (бюджет/помилка),,,,,,,,,,748939,RB,DF,83,6,85,1
tm:86466,Євгеній Ткачук,,,,,,,https://www.transfermarkt.com/yevgeniy-tkachuk/profil/spieler/86466,,дані TM ще не зібрано (бюджет/помилка),,,,,,,,,,86466,CB,DF,83,11,117,3
tm:91312,Антон Шендрік,,,,,,,https://www.transfermarkt.com/anton-shendrik/profil/spieler/91312,,дані TM ще не зібрано (бюджет/помилка),,,,,,,,,,91312,CB,DF,83,5,83,4
tm:91727,Андрій Гітченко,,,,,,,https://www.transfermarkt.com/andriy-gitchenko/profil/spieler/91727,,дані TM ще не зібрано (бюджет/помилка),,,,,,,,,,91727,CB,DF,83,11,198,8
tm:91801,Олександр Скляр,,,,,,,https://www.transfermarkt.com/oleksandr-sklyar/profil/spieler/91801,,дані TM ще не зібрано (бюджет/помилка),,,,,,,,,,91801,CM,MF,83,14,234,15
tm:92640,Андрій Мостовий,,,,,,,https://www.transfermarkt.com/andriy-mostovyi/profil/spieler/92640,,дані TM ще не зібрано (бюджет/помилка),,,,,,,,,,92640,LB,DF,83,3,58,1
tm:97727,Ігор Тищенко,,,,,,,https://www.transfermarkt.com/igor-tyshchenko/profil/spieler/97727,,дані TM ще не зібрано (бюджет/помилка),,,,,,,,,,97727,RB,MF,83,11,159,15
w:1958-08-05:fedetski,Андрій Федецький,,,,,,,https://www.transfermarkt.com/andriy-fedetskyi/profil/spieler/826134,,tm id: data/class: transfermarkt search + dob; дані TM ще не зібрано (бюджет/помилка),,,,,,,,,,826134,CM,MF,83,4,85,10
w:1960-08-11:biskup,Ігор Біскуп,,,,,,,https://www.transfermarkt.com/igor-biskup/profil/spieler/884103,,tm id: data/class: transfermarkt search + dob; дані TM ще не зібрано (бюджет/помилка),,,,,,,,,,884103,CB,DF,83,9,228,9
w:1961-06-15:panchishin,Іван Панчишин,,,,,,,https://www.transfermarkt.com/ivan-panchyshyn/profil/spieler/305477,,tm id: data/class: wikidata P2446 + dob; дані TM ще не зібрано (бюджет/помилка),,,,,,,,,,305477,CB,DF,83,4,88,3
w:1962-01-28:smihunov,Віктор Смігунов,,,,,,,https://www.transfermarkt.com/viktor-smigunov/profil/spieler/596119,,tm id: data/class: wikidata P2446 + dob; дані TM ще не зібрано (бюджет/помилка),,,,,,,,,,596119,CB,DF,83,8,210,4
w:1962-03-18:hruslov,В'ячеслав Хруслов,,,,,,,,,немає Transfermarkt ID (не знайдено/не підтверджено датою народження),,,,,,,,,,,CB,DF,83,2,21,2
w:1962-11-13:raliuchenko,Сергій Ралюченко,,,,,,,https://www.transfermarkt.com/sergiy-ralyuchenko/profil/spieler/754808,,tm id: data/class: transfermarkt search + dob; дані TM ще не зібрано (бюджет/помилка),,,,,,,,,,754808,CM,MF,83,4,80,13
w:1964-12-04:rudnitski,Віталій Рудницький,,,,,,,https://www.transfermarkt.com/vitaliy-rudnytskyi/profil/spieler/992888,,tm id: data/class: transfermarkt search + dob; дані TM ще не зібрано (бюджет/помилка),,,,,,,,,,992888,CM,MF,83,5,100,10
w:1965-01-12:bondarchuk,Василь Бондарчук,,,,,,,https://www.transfermarkt.com/vasyl-bondarchuk/profil/spieler/754819,,tm id: data/class: transfermarkt search + dob; дані TM ще не зібрано (бюджет/помилка),,,,,,,,,,754819,CM,MF,83,4,82,6
w:1965-07-13:vasilitchuk,Андрій Василитчук,,,,,,,https://www.transfermarkt.com/andriy-vasylytchuk/profil/spieler/159693,,tm id: data/class: transfermarkt search + dob; дані TM ще не зібрано (бюджет/помилка),,,,,,,,,,159693,CB,DF,83,5,93,1
w:1966-04-18:korponai,Адальберт Корпонай,,,,,,,,,немає Transfermarkt ID (не знайдено/не підтверджено датою народження),,,,,,,,,,,CM,MF,83,5,108,12
w:1966-06-09:plotko,Ігор Плотко,,,,,,,https://www.transfermarkt.com/igor-plotko/profil/spieler/857997,,tm id: data/class: transfermarkt search + dob; дані TM ще не зібрано (бюджет/помилка),,,,,,,,,,857997,CM,MF,83,11,240,26
w:1966-09-10:tsveiba,Ахрік Цвейба,,,,,,,https://www.transfermarkt.com/akhrik-tsveiba/profil/spieler/101037,,"tm id: data/class: repo link (data/foot, data/positions); дані TM ще не зібрано (бюджет/помилка)",,,,,,,,,,101037,CB,DF,83,1,12,0
w:1967-01-17:harkivschenko,Ігор Харківщенко,,,,,,,https://www.transfermarkt.com/igor-kharkivshchenko/profil/spieler/721984,,tm id: data/class: wikidata P2446 + dob; дані TM ще не зібрано (бюджет/помилка),,,,,,,,,,721984,CB,DF,83,4,80,6
w:1967-02-16:zub,Роман Зуб,,,,,,,,,немає Transfermarkt ID (не знайдено/не підтверджено датою народження),,,,,,,,,,,CM,MF,83,9,109,11
w:1968-05-27:oparin,Андрій Опарін,,,,,,,https://www.transfermarkt.com/andrey-oparin/profil/spieler/183484,,tm id: data/class: wikidata P2446 + dob; дані TM ще не зібрано (бюджет/помилка),,,,,,,,,,183484,CM,MF,83,9,244,18
w:1968-05-27:sisoev,Євген Сисоєв,,,,,,,,,немає Transfermarkt ID (не знайдено/не підтверджено датою народження),,,,,,,,,,,CB,DF,83,4,62,0
w:1968-09-26:dudnik,Юрій Дуднік,,,,,,,https://www.transfermarkt.com/yuriy-dudnyk/profil/spieler/168976,,tm id: data/class: wikidata P2446 + dob; дані TM ще не зібрано (бюджет/помилка),,,,,,,,,,168976,CM,MF,83,10,151,23
w:1968-12-11:tolochko,Роман Толочко,,,,,,,https://www.transfermarkt.com/roman-tolochko/profil/spieler/771153,,tm id: data/class: transfermarkt search + dob; дані TM ще не зібрано (бюджет/помилка),,,,,,,,,,771153,CM,MF,83,8,129,12
w:1969-08-18:zaets,Сергій Заєць,,,,,,,https://www.transfermarkt.com/sergiy-zayets/profil/spieler/209544,,tm id: data/class: wikidata P2446 + dob; дані TM ще не зібрано (бюджет/помилка),,,,,,,,,,209544,CB,DF,83,2,19,3
w:1969-09-26:sosenko,Костянтин Сосенко,,,,,,,https://www.transfermarkt.com/kostyantyn-sosenko/profil/spieler/306274,,tm id: data/class: wikidata P2446 + dob; дані TM ще не зібрано (бюджет/помилка),,,,,,,,,,306274,CB,DF,83,5,104,0
w:1970-03-03:machohan,Ігор Мачоган,,,,,,,https://www.transfermarkt.com/igor-machogan/profil/spieler/369493,,tm id: data/class: wikidata P2446 + dob; дані TM ще не зібрано (бюджет/помилка),,,,,,,,,,369493,CB,DF,83,7,123,3
w:1970-03-29:eremev,В'ячеслав Єремеєв,,,,,,,,,немає Transfermarkt ID (не знайдено/не підтверджено датою народження),,,,,,,,,,,CM,MF,83,3,34,5
w:1970-06-14:kulik,Костянтин Кулик,,,,,,,https://www.transfermarkt.com/kostyantyn-kulyk/profil/spieler/116801,,tm id: data/class: wikidata P2446 + dob; дані TM ще не зібрано (бюджет/помилка),,,,,,,,,,116801,CM,MF,83,4,69,10
w:1970-07-05:rati,Олег Ратій,,,,,,,https://www.transfermarkt.com/oleg-yakovlev/profil/spieler/751152,,tm id: data/class: wikidata P2446 + dob; дані TM ще не зібрано (бюджет/помилка),,,,,,,,,,751152,CB,DF,83,11,226,14
w:1970-08-25:liuti,Владислав Лютий,,,,,,,,,немає Transfermarkt ID (не знайдено/не підтверджено датою народження),,,,,,,,,,,CDM,MF,83,6,122,16
w:1970-10-16:mokritski,Юрій Мокрицький,,,,,,,https://www.transfermarkt.com/yuriy-mokrytskyi/profil/spieler/524476,,tm id: data/class: wikidata P2446 + dob; дані TM ще не зібрано (бюджет/помилка),,,,,,,,,,524476,CB,DF,83,8,182,2
w:1971-02-25:revut,Сергій Ревут,,,,,,,https://www.transfermarkt.com/sergiy-revut/profil/spieler/251344,,"tm id: data/class: repo link (data/foot, data/positions); дані TM ще не зібрано (бюджет/помилка)",,,,,,,,,,251344,CB,DF,83,7,118,6
w:1971-03-04:kovalov,Альберт Ковальов,,,,,,,,,немає Transfermarkt ID (не знайдено/не підтверджено датою народження),,,,,,,,,,,CB,DF,83,7,106,3
w:1971-08-26:korol,Ігор Король,,,,,,,https://www.transfermarkt.com/igor-korol/profil/spieler/529570,,tm id: data/class: transfermarkt search + dob; дані TM ще не зібрано (бюджет/помилка),,,,,,,,,,529570,CB,DF,83,4,63,3
w:1971-09-05:nahorniak,Сергій Нагорняк,,,,,,,https://www.transfermarkt.com/sergiy-nagornyak/profil/spieler/136144,,"tm id: data/class: repo link (data/foot, data/positions); дані TM ще не зібрано (бюджет/помилка)",,,,,,,,,,136144,CM,FW,83,10,169,31
w:1971-09-12:huralski,Олександр Гуральський,,,,,,,https://www.transfermarkt.com/oleksandr-guralskyi/profil/spieler/883012,,tm id: data/class: transfermarkt search + dob; дані TM ще не зібрано (бюджет/помилка),,,,,,,,,,883012,CM,MF,83,5,111,10
w:1971-09-23:kozar,Геннадій Козар,,,,,,,,,немає Transfermarkt ID (не знайдено/не підтверджено датою народження),,,,,,,,,,,CB,DF,83,11,221,0
w:1971-11-15:demianchuk,Михайло Дем'янчук,,,,,,,,,немає Transfermarkt ID (не знайдено/не підтверджено датою народження),,,,,,,,,,,CM,MF,83,8,180,22
w:1972-01-23:nazarov,Євгеній Назаров,,,,,,,https://www.transfermarkt.com/yevgeniy-nazarov/profil/spieler/373479,,tm id: data/class: wikidata P2446 + dob; дані TM ще не зібрано (бюджет/помилка),,,,,,,,,,373479,CM,MF,83,11,234,18
w:1972-08-21:mamedov,Раміз Мамедов,,,,,,,https://www.transfermarkt.com/ramiz-mamedov/profil/spieler/67117,,"tm id: data/class: repo link (data/foot, data/positions); дані TM ще не зібрано (бюджет/помилка)",,,,,,,,,,67117,RB,DF,83,1,13,0
w:1972-08-29:kurilenko,Олексій Куриленко,,,,,,,https://www.transfermarkt.com/oleksiy-kurylenko/profil/spieler/2210,,tm id: data/class: wikidata P2446 + dob; дані TM ще не зібрано (бюджет/помилка),,,,,,,,,,2210,CM,DF,83,6,125,6
w:1972-09-29:buhai,Сергій Бугай,,,,,,,,,немає Transfermarkt ID (не знайдено/не підтверджено датою народження),,,,,,,,,,,CB,DF,83,7,144,11
w:1973-03-14:pajin,Предраг Пажін,,,,,,,https://www.transfermarkt.com/predrag-pazin/profil/spieler/7380,,tm id: data/class: wikidata P2446 + dob; дані TM ще не зібрано (бюджет/помилка),,,,,,,,,,7380,CB,DF,83,2,22,1
w:1973-08-27:kliuchik,Сергій Ключик,,,,,,,https://www.transfermarkt.com/sergiy-klyuchyk/profil/spieler/169274,,tm id: data/class: wikidata P2446 + dob; дані TM ще не зібрано (бюджет/помилка),,,,,,,,,,169274,CM,MF,83,13,257,21
w:1974-03-31:nivinski,В'ячеслав Нівінський,,,,,,,https://www.transfermarkt.com/vyacheslav-nivinskyi/profil/spieler/91550,,tm id: data/class: wikidata P2446 + dob; дані TM ще не зібрано (бюджет/помилка),,,,,,,,,,91550,CB,DF,83,5,106,3
w:1974-09-09:piatenko,Володимир П'ятенко,,,,,,,https://www.transfermarkt.com/volodymyr-pyatenko/profil/spieler/356529,,tm id: data/class: wikidata P2446 + dob; дані TM ще не зібрано (бюджет/помилка),,,,,,,,,,356529,CB,DF,83,9,147,5
w:1975-06-18:smirnov,Денис Смірнов,,,,,,,https://www.transfermarkt.com/denys-smirnov/profil/spieler/59986,,tm id: data/class: wikidata P2446 + dob; дані TM ще не зібрано (бюджет/помилка),,,,,,,,,,59986,CM,MF,83,15,239,21
w:1975-10-30:maltsev,Олександр Мальцев,,,,,,,https://www.transfermarkt.com/oleksandr-maltsev/profil/spieler/132448,,tm id: data/class: wikidata P2446 + dob; дані TM ще не зібрано (бюджет/помилка),,,,,,,,,,132448,CB,DF,83,9,157,9
w:1976-01-03:simakov,Олег Сімаков,,,,,,,https://www.transfermarkt.com/oleg-simakov/profil/spieler/33806,,tm id: data/class: wikidata P2446 + dob; дані TM ще не зібрано (бюджет/помилка),,,,,,,,,,33806,CM,MF,83,5,92,15
w:1976-01-04:spevak,Андрій Спєвак,,,,,,,https://www.transfermarkt.com/andriy-spevak/profil/spieler/168988,,tm id: data/class: wikidata P2446 + dob; дані TM ще не зібрано (бюджет/помилка),,,,,,,,,,168988,CM,MF,83,9,156,10
w:1976-01-16:anikev,Володимир Анікеєв,,,,,,,,,немає Transfermarkt ID (не знайдено/не підтверджено датою народження),,,,,,,,,,,CB,DF,83,9,196,13
w:1976-02-20:zadorojni,Сергій Задорожний,,,,,,,https://www.transfermarkt.com/sergiy-zadorozhnyi/profil/spieler/96879,,tm id: data/class: wikidata P2446 + dob; дані TM ще не зібрано (бюджет/помилка),,,,,,,,,,96879,CB,DF,83,11,158,8
w:1976-03-24:kovalenko,Олександр Коваленко,,,,,,,https://www.transfermarkt.com/oleksandr-kovalenko/profil/spieler/341515,,"tm id: data/class: repo link (data/foot, data/positions); дані TM ще не зібрано (бюджет/помилка)",,,,,,,,,,341515,CM,MF,83,8,115,6
w:1976-05-09:trapaidze,Гоча Трапаідзе,,,,,,,https://www.transfermarkt.com/gocha-trapaidze/profil/spieler/267709,,tm id: data/class: wikidata P2446 + dob; дані TM ще не зібрано (бюджет/помилка),,,,,,,,,,267709,CM,MF,83,4,67,7
w:1976-09-12:epurianu,Сергій Епуряну,,,,,,,https://www.transfermarkt.com/sergiu-epureanu/profil/spieler/44269,,tm id: data/class: wikidata P2446 + dob; дані TM ще не зібрано (бюджет/помилка),,,,,,,,,,44269,CM,MF,83,3,65,8
w:1977-01-17:seihan,Толга Сейхан,,,,,,,https://www.transfermarkt.com/tolga-seyhan/profil/spieler/6966,,"tm id: data/class: repo link (data/foot, data/positions); дані TM ще не зібрано (бюджет/помилка)",,,,,,,,,,6966,CB,DF,83,1,15,0
w:1977-05-03:dainius,Дайнюс Глевецкас,,,,,,,,,немає Transfermarkt ID (не знайдено/не підтверджено датою народження),,,,,,,,,,,CB,DF,83,7,72,1
w:1977-10-13:kolchin,Денис Колчін,,,,,,,https://www.transfermarkt.com/denys-kolchin/profil/spieler/60183,,"tm id: data/class: repo link (data/foot, data/positions); дані TM ще не зібрано (бюджет/помилка)",,,,,,,,,,60183,CB,DF,83,10,110,1
w:1977-12-29:cheliadzinski,Артем Челядинський,,,,,,,https://www.transfermarkt.com/artem-chelyadinskiy/profil/spieler/26175,,tm id: data/class: wikidata P2446 + dob; дані TM ще не зібрано (бюджет/помилка),,,,,,,,,,26175,CB,DF,83,6,111,6
w:1978-05-01:isak,Ісаак Окоронкво,,,,,,,https://www.transfermarkt.com/isaac-okoronkwo/profil/spieler/6176,,tm id: data/class: wikidata P2446 + dob; дані TM ще не зібрано (бюджет/помилка),,,,,,,,,,6176,CB,DF,83,3,53,0
w:1978-09-10:kutarba,Герман Кутарба,,,,,,,https://www.transfermarkt.com/german-kutarba/profil/spieler/59282,,"tm id: data/class: repo link (data/foot, data/positions); дані TM ще не зібрано (бюджет/помилка)",,,,,,,,,,59282,CM,MF,83,3,40,10
w:1978-11-09:markovich,Слободан Маркович,,,,,,,https://www.transfermarkt.com/slobodan-markovic/profil/spieler/24035,,"tm id: data/class: repo link (data/foot, data/positions); дані TM ще не зібрано (бюджет/помилка)",,,,,,,,,,24035,CB,DF,83,7,129,4
w:1979-01-02:lashankov,Євген Лошанков,,,,,,,https://www.transfermarkt.com/evgeniy-loshankov/profil/spieler/49006,,tm id: data/class: wikidata P2446 + dob; дані TM ще не зібрано (бюджет/помилка),,,,,,,,,,49006,CM,MF,83,3,35,7
w:1979-07-15:bilozor,Сергій Білозор,,,,,,,https://www.transfermarkt.com/sergiy-bilozor/profil/spieler/48980,,"tm id: data/class: repo link (data/foot, data/positions); дані TM ще не зібрано (бюджет/помилка)",,,,,,,,,,48980,CB,DF,83,10,221,6
w:1979-08-04:horan,Горан Саблич,,,,,,,https://www.transfermarkt.com/goran-sablic/profil/spieler/9785,,tm id: data/class: wikidata P2446 + dob; дані TM ще не зібрано (бюджет/помилка),,,,,,,,,,9785,CB,DF,83,6,52,2
w:1979-08-09:hunchak,Руслан Гунчак,,,,,,,https://www.transfermarkt.com/ruslan-gunchak/profil/spieler/58026,,"tm id: data/class: repo link (data/foot, data/positions); дані TM ще не зібрано (бюджет/помилка)",,,,,,,,,,58026,CB,MF,83,7,162,16
w:1979-08-31:iarosh,Руслан Ярош,,,,,,,https://www.transfermarkt.com/ruslan-yarosh/profil/spieler/59922,,tm id: data/class: wikidata P2446 + dob; дані TM ще не зібрано (бюджет/помилка),,,,,,,,,,59922,CM,MF,83,6,98,7
w:1980-01-15:akopian,Армен Акопян,,,,,,,https://www.transfermarkt.com/armen-akopyan/profil/spieler/59981,,tm id: data/class: wikidata P2446 + dob; дані TM ще не зібрано (бюджет/помилка),,,,,,,,,,59981,CM,MF,83,11,211,15
w:1980-03-21:matiuhin,Сергій Матюхін,,,,,,,https://www.transfermarkt.com/sergiy-matyukhin/profil/spieler/24036,,"tm id: data/class: repo link (data/foot, data/positions); дані TM ще не зібрано (бюджет/помилка)",,,,,,,,,,24036,CB,DF,83,15,185,10
w:1980-06-27:dato,Дато Квірквелія,,,,,,,https://www.transfermarkt.com/davit-kvirkvelia/profil/spieler/25761,,tm id: data/class: wikidata P2446 + dob; дані TM ще не зібрано (бюджет/помилка),,,,,,,,,,25761,CB,DF,83,3,50,6
w:1980-10-05:kashevski,Микола Кашевський,,,,,,,https://www.transfermarkt.com/nikolay-kashevskiy/profil/spieler/25472,,"tm id: data/class: repo link (data/foot, data/positions); дані TM ще не зібрано (бюджет/помилка)",,,,,,,,,,25472,CB,MF,83,8,172,17
w:1980-11-04:maidana,Родріго Васкес,,,,,,,,,немає Transfermarkt ID (не знайдено/не підтверджено датою народження),,,,,,,,,,,CM,MF,83,3,44,8
w:1981-07-28:leal,Маріо Сержіо,,,,,,,https://www.transfermarkt.com/mario-sergio/profil/spieler/14513,,tm id: data/class: wikidata P2446 + dob; дані TM ще не зібрано (бюджет/помилка),,,,,,,,,,14513,RB,DF,83,4,103,4
w:1981-09-28:markovich,Мар'ян Маркович,,,,,,,https://www.transfermarkt.com/marjan-markovic/profil/spieler/14539,,"tm id: data/class: repo link (data/foot, data/positions); дані TM ще не зібрано (бюджет/помилка)",,,,,,,,,,14539,RB,DF,83,3,37,2
w:1983-11-03:aparesido,Вінісіус,,,,,,,,,немає Transfermarkt ID (не знайдено/не підтверджено датою народження),,,,,,,,,,,LB,MF,83,3,43,7
tm:119717,Сергій Басов,,,,,,,https://www.transfermarkt.com/sergiy-basov/profil/spieler/119717,,дані TM ще не зібрано (бюджет/помилка),,,,,,,,,,119717,CB,DF,82,3,53,0
tm:120262,Дмитро Немчанінов,,,,,,,https://www.transfermarkt.com/dmytro-nemchaninov/profil/spieler/120262,,дані TM ще не зібрано (бюджет/помилка),,,,,,,,,,120262,CB,DF,82,9,151,4
tm:1266282,Ярослав Шевченко,,,,,,,https://www.transfermarkt.com/yaroslav-shevchenko/profil/spieler/1266282,,дані TM ще не зібрано (бюджет/помилка),,,,,,,,,,1266282,CM,MF,82,3,32,4
tm:130041,Дмитро Гречишкін,,,,,,,https://www.transfermarkt.com/dmytro-grechyshkin/profil/spieler/130041,,дані TM ще не зібрано (бюджет/помилка),,,,,,,,,,130041,CDM,MF,82,11,181,10
tm:156128,Андрій Пилявський,,,,,,,https://www.transfermarkt.com/andriy-pylyavskyi/profil/spieler/156128,,дані TM ще не зібрано (бюджет/помилка),,,,,,,,,,156128,CB,DF,82,3,46,3
tm:167555,Олександр Чорноморець,,,,,,,https://www.transfermarkt.com/oleksandr-chornomorets/profil/spieler/167555,,дані TM ще не зібрано (бюджет/помилка),,,,,,,,,,167555,LB,DF,82,6,101,2
tm:201625,Ігор Гончар,,,,,,,https://www.transfermarkt.com/igor-gonchar/profil/spieler/201625,,дані TM ще не зібрано (бюджет/помилка),,,,,,,,,,201625,RB,DF,82,4,78,1
tm:202659,Андрейс Циганікс,,,,,,,https://www.transfermarkt.com/andrejs-ciganiks/profil/spieler/202659,,дані TM ще не зібрано (бюджет/помилка),,,,,,,,,,202659,LB,DF,82,2,19,0
tm:208469,Володимир Костевич,,,,,,,https://www.transfermarkt.com/volodymyr-kostevych/profil/spieler/208469,,дані TM ще не зібрано (бюджет/помилка),,,,,,,,,,208469,LB,DF,82,5,85,4
tm:242279,Олексій Дитятьєв,,,,,,,https://www.transfermarkt.com/oleksiy-dytyatyev/profil/spieler/242279,,дані TM ще не зібрано (бюджет/помилка),,,,,,,,,,242279,CB,DF,82,4,80,4
tm:248934,Валерій Лучкевич,,,,,,,https://www.transfermarkt.com/valeriy-luchkevych/profil/spieler/248934,,дані TM ще не зібрано (бюджет/помилка),,,,,,,,,,248934,RB,DF,82,11,138,9
tm:251328,Віталій Левченко,,,,,,,https://www.transfermarkt.com/vitaliy-levchenko/profil/spieler/251328,,дані TM ще не зібрано (бюджет/помилка),,,,,,,,,,251328,LB,DF,82,6,119,3
tm:25758,Джаба Канкава,,,,,,,https://www.transfermarkt.com/jaba-kankava/profil/spieler/25758,,дані TM ще не зібрано (бюджет/помилка),,,,,,,,,,25758,CDM,MF,82,10,157,10
tm:27108,Константінос Макрідіс,,,,,,,https://www.transfermarkt.com/konstantinos-makridis/profil/spieler/27108,,дані TM ще не зібрано (бюджет/помилка),,,,,,,,,,27108,CM,MF,82,5,96,6
tm:271482,Артем Гордієнко,,,,,,,https://www.transfermarkt.com/artem-gordienko/profil/spieler/271482,,дані TM ще не зібрано (бюджет/помилка),,,,,,,,,,271482,CDM,MF,82,9,95,10
tm:273236,Марлон,,,,,,,https://www.transfermarkt.com/marlon/profil/spieler/273236,,дані TM ще не зібрано (бюджет/помилка),,,,,,,,,,273236,CB,DF,82,2,24,0
tm:341424,Невен Джурасек,,,,,,,https://www.transfermarkt.com/neven-djurasek/profil/spieler/341424,,дані TM ще не зібрано (бюджет/помилка),,,,,,,,,,341424,CDM,MF,82,1,18,1
tm:343151,Іван Калюжний,,,,,,,https://www.transfermarkt.com/ivan-kalyuzhnyi/profil/spieler/343151,,дані TM ще не зібрано (бюджет/помилка),,,,,,,,,,343151,CM,MF,82,5,102,6
tm:365540,Валерій Бондаренко,,,,,,,https://www.transfermarkt.com/valeriy-bondarenko/profil/spieler/365540,,дані TM ще не зібрано (бюджет/помилка),,,,,,,,,,365540,CB,DF,82,9,143,6
tm:39792,Марин Любичич,,,,,,,https://www.transfermarkt.com/marin-ljubicic/profil/spieler/39792,,дані TM ще не зібрано (бюджет/помилка),,,,,,,,,,39792,CDM,MF,82,3,71,4
tm:428603,Богдан Кушніренко,,,,,,,https://www.transfermarkt.com/bogdan-kushnirenko/profil/spieler/428603,,дані TM ще не зібрано (бюджет/помилка),,,,,,,,,,428603,CDM,MF,82,4,68,4
tm:428783,Вітао,,,,,,,https://www.transfermarkt.com/vitao/profil/spieler/428783,,дані TM ще не зібрано (бюджет/помилка),,,,,,,,,,428783,CB,DF,82,2,19,0
tm:43288,Олександр Чижов,,,,,,,https://www.transfermarkt.com/oleksandr-chyzhov/profil/spieler/43288,,дані TM ще не зібрано (бюджет/помилка),,,,,,,,,,43288,CB,DF,82,14,159,6
tm:43308,Денис Голайдо,,,,,,,https://www.transfermarkt.com/denys-golaydo/profil/spieler/43308,,дані TM ще не зібрано (бюджет/помилка),,,,,,,,,,43308,LB,MF,82,13,242,8
tm:43393,Григорій Ярмаш,,,,,,,https://www.transfermarkt.com/grygoriy-yarmash/profil/spieler/43393,,дані TM ще не зібрано (бюджет/помилка),,,,,,,,,,43393,RB,DF,82,12,226,2
tm:45826,Йосип Піварич,,,,,,,https://www.transfermarkt.com/josip-pivaric/profil/spieler/45826,,дані TM ще не зібрано (бюджет/помилка),,,,,,,,,,45826,LB,DF,82,3,20,0
tm:463845,Олександр Демченко,,,,,,,https://www.transfermarkt.com/oleksandr-demchenko/profil/spieler/463845,,дані TM ще не зібрано (бюджет/помилка),,,,,,,,,,463845,CDM,MF,82,5,116,5
tm:49024,Сергій Симоненко,,,,,,,https://www.transfermarkt.com/sergiy-symonenko/profil/spieler/49024,,дані TM ще не зібрано (бюджет/помилка),,,,,,,,,,49024,CB,DF,82,12,228,12
tm:511909,Артем Челядін,,,,,,,https://www.transfermarkt.com/artem-chelyadin/profil/spieler/511909,,дані TM ще не зібрано (бюджет/помилка),,,,,,,,,,511909,CDM,MF,82,7,125,4
tm:523907,Данило Бескоровайний,,,,,,,https://www.transfermarkt.com/danylo-beskorovaynyi/profil/spieler/523907,,дані TM ще не зібрано (бюджет/помилка),,,,,,,,,,523907,CB,DF,82,4,42,3
tm:53523,Марко Торсільєрі,,,,,,,https://www.transfermarkt.com/marco-torsiglieri/profil/spieler/53523,,дані TM ще не зібрано (бюджет/помилка),,,,,,,,,,53523,CB,DF,82,3,42,1
tm:539436,Крістіан Біловар,,,,,,,https://www.transfermarkt.com/kristian-bilovar/profil/spieler/539436,,дані TM ще не зібрано (бюджет/помилка),,,,,,,,,,539436,CB,DF,82,4,50,0
tm:540056,Георгій Гочолейшвілі,,,,,,,https://www.transfermarkt.com/giorgi-gocholeishvili/profil/spieler/540056,,дані TM ще не зібрано (бюджет/помилка),,,,,,,,,,540056,RB,DF,82,3,32,1
tm:553772,Олександр Романчук,,,,,,,https://www.transfermarkt.com/oleksandr-romanchuk/profil/spieler/553772,,дані TM ще не зібрано (бюджет/помилка),,,,,,,,,,553772,CB,DF,82,3,58,2
tm:55975,Уча Лобжанідзе,,,,,,,https://www.transfermarkt.com/ucha-lobjanidze/profil/spieler/55975,,дані TM ще не зібрано (бюджет/помилка),,,,,,,,,,55975,RB,DF,82,5,74,0
tm:58035,Микола Іщенко,,,,,,,https://www.transfermarkt.com/mykola-ishchenko/profil/spieler/58035,,дані TM ще не зібрано (бюджет/помилка),,,,,,,,,,58035,CB,DF,82,16,248,3
tm:58956,Олександр Максимов,,,,,,,https://www.transfermarkt.com/oleksandr-maksymov/profil/spieler/58956,,дані TM ще не зібрано (бюджет/помилка),,,,,,,,,,58956,CM,MF,82,10,157,11
tm:59038,Віталій Гавриш,,,,,,,https://www.transfermarkt.com/vitaliy-gavrysh/profil/spieler/59038,,дані TM ще не зібрано (бюджет/помилка),,,,,,,,,,59038,CB,DF,82,11,121,7
tm:59266,Ілля Галюза,,,,,,,https://www.transfermarkt.com/ilya-galyuza/profil/spieler/59266,,дані TM ще не зібрано (бюджет/помилка),,,,,,,,,,59266,CDM,MF,82,10,173,15
tm:59893,Олександр Романчук,,,,,,,https://www.transfermarkt.com/oleksandr-romanchuk/profil/spieler/59893,,дані TM ще не зібрано (бюджет/помилка),,,,,,,,,,59893,LB,DF,82,11,128,2
tm:60323,Антон Монахов,,,,,,,https://www.transfermarkt.com/anton-monakhov/profil/spieler/60323,,дані TM ще не зібрано (бюджет/помилка),,,,,,,,,,60323,CB,DF,82,11,141,6
tm:606952,Жуніньйо,,,,,,,https://www.transfermarkt.com/juninho/profil/spieler/606952,,дані TM ще не зібрано (бюджет/помилка),,,,,,,,,,606952,LB,DF,82,4,75,2
tm:626475,Микола Михайленко,,,,,,,https://www.transfermarkt.com/mykola-mykhaylenko/profil/spieler/626475,,дані TM ще не зібрано (бюджет/помилка),,,,,,,,,,626475,CDM,MF,82,5,94,12
tm:64341,Антон Кравченко,,,,,,,https://www.transfermarkt.com/anton-kravchenko/profil/spieler/64341,,дані TM ще не зібрано (бюджет/помилка),,,,,,,,,,64341,CB,DF,82,6,74,6
tm:666943,Валентин Рубчинський,,,,,,,https://www.transfermarkt.com/valentyn-rubchynskyi/profil/spieler/666943,,дані TM ще не зібрано (бюджет/помилка),,,,,,,,,,666943,CM,MF,82,4,88,4
tm:68915,Олег Краснопьоров,,,,,,,https://www.transfermarkt.com/oleg-krasnopyorov/profil/spieler/68915,,дані TM ще не зібрано (бюджет/помилка),,,,,,,,,,68915,CDM,MF,82,13,302,6
tm:69913,Кирило Ковальчук,,,,,,,https://www.transfermarkt.com/kyrylo-kovalchuk/profil/spieler/69913,,дані TM ще не зібрано (бюджет/помилка),,,,,,,,,,69913,CM,MF,82,6,115,2
tm:708240,Едуард Козік,,,,,,,https://www.transfermarkt.com/eduard-kozik/profil/spieler/708240,,дані TM ще не зібрано (бюджет/помилка),,,,,,,,,,708240,CB,DF,82,4,55,1
tm:726014,Максим Дячук,,,,,,,https://www.transfermarkt.com/maksym-dyachuk/profil/spieler/726014,,дані TM ще не зібрано (бюджет/помилка),,,,,,,,,,726014,CB,DF,82,3,46,1
tm:726038,Віталій Роман,,,,,,,https://www.transfermarkt.com/vitaliy-roman/profil/spieler/726038,,дані TM ще не зібрано (бюджет/помилка),,,,,,,,,,726038,LB,DF,82,5,103,4
tm:814830,Микола Миронюк,,,,,,,https://www.transfermarkt.com/mykola-myronyuk/profil/spieler/814830,,дані TM ще не зібрано (бюджет/помилка),,,,,,,,,,814830,CM,MF,82,1,29,2
tm:82599,Валерій Федорчук,,,,,,,https://www.transfermarkt.com/valeriy-fedorchuk/profil/spieler/82599,,дані TM ще не зібрано (бюджет/помилка),,,,,,,,,,82599,CM,MF,82,15,247,20
tm:844373,Борис Крушинський,,,,,,,https://www.transfermarkt.com/borys-krushynskyi/profil/spieler/844373,,дані TM ще не зібрано (бюджет/помилка),,,,,,,,,,844373,CDM,MF,82,6,98,7
tm:85506,Каспарс Дубра,,,,,,,https://www.transfermarkt.com/kaspars-dubra/profil/spieler/85506,,дані TM ще не зібрано (бюджет/помилка),,,,,,,,,,85506,CB,DF,82,3,47,2
tm:91465,Андрій Запорожан,,,,,,,https://www.transfermarkt.com/andriy-zaporozhan/profil/spieler/91465,,дані TM ще не зібрано (бюджет/помилка),,,,,,,,,,91465,CDM,MF,82,8,120,12
tm:91479,Сергій Яворський,,,,,,,https://www.transfermarkt.com/sergiy-yavorskyi/profil/spieler/91479,,дані TM ще не зібрано (бюджет/помилка),,,,,,,,,,91479,CB,DF,82,12,220,8
tm:930106,Володимир Салюк,,,,,,,https://www.transfermarkt.com/volodymyr-salyuk/profil/spieler/930106,,дані TM ще не зібрано (бюджет/помилка),,,,,,,,,,930106,CB,DF,82,3,72,3
tm:962090,Артем Смоляков,,,,,,,https://www.transfermarkt.com/artem-smolyakov/profil/spieler/962090,,дані TM ще не зібрано (бюджет/помилка),,,,,,,,,,962090,LB,DF,82,4,68,4
w:1959-05-20:haidarji,Леонід Гайдаржи,,,,,,,https://www.transfermarkt.com/leonid-gaydarzhy/profil/spieler/494568,,tm id: wikidata P2446 + dob; дані TM ще не зібрано (бюджет/помилка),,,,,,,,,,494568,CB,DF,82,4,101,11
w:1962-02-21:bahmut,Володимир Багмут,,,,,,,https://www.transfermarkt.com/volodymyr-bagmut/profil/spieler/214378,,"tm id: repo link (data/foot, data/positions); дані TM ще не зібрано (бюджет/помилка)",,,,,,,,,,214378,CM,MF,82,5,104,12
w:1964-09-16:horoshinski,Валерій Горошинський,,,,,,,,,немає Transfermarkt ID (не знайдено/не підтверджено датою народження),,,,,,,,,,,CB,MF,82,2,57,1
w:1965-10-11:horili,Володимир Горілий,,,,,,,https://www.transfermarkt.com/volodymyr-gorilyi/profil/spieler/176887,,tm id: wikidata P2446 + dob; дані TM ще не зібрано (бюджет/помилка),,,,,,,,,,176887,CB,DF,82,3,64,0
w:1966-10-12:rusnak,Іван Руснак,,,,,,,,,немає Transfermarkt ID (не знайдено/не підтверджено датою народження),,,,,,,,,,,CB,DF,82,5,111,0
w:1967-03-17:mazur,Дмитро Мазур,,,,,,,,,немає Transfermarkt ID (не знайдено/не підтверджено датою народження),,,,,,,,,,,CB,DF,82,9,218,18
w:1967-06-28:iudin,Андрій Юдін,,,,,,,https://www.transfermarkt.com/andrey-yudin/profil/spieler/214375,,tm id: wikidata P2446 + dob; дані TM ще не зібрано (бюджет/помилка),,,,,,,,,,214375,CB,DF,82,4,58,1
w:1968-01-19:sobol,Олександр Соболь,,,,,,,,,немає Transfermarkt ID (не знайдено/не підтверджено датою народження),,,,,,,,,,,CB,DF,82,8,159,4
w:1968-09-01:habiskiria,Юрій Габіскірія,,,,,,,https://www.transfermarkt.com/iuri-gabiskiria/profil/spieler/43026,,tm id: wikidata P2446 + dob; дані TM ще не зібрано (бюджет/помилка),,,,,,,,,,43026,CM,MF,82,3,60,8
w:1969-01-21:anenkov,Андрій Анненков,,,,,,,https://www.transfermarkt.com/andriy-annenkov/profil/spieler/178673,,"tm id: repo link (data/foot, data/positions); дані TM ще не зібрано (бюджет/помилка)",,,,,,,,,,178673,CDM,MF,82,12,185,7
w:1969-01-21:bezsmertni,Анатолій Безсмертний,,,,,,,https://www.transfermarkt.com/anatoliy-bezsmertnyi/profil/spieler/178674,,"tm id: repo link (data/foot, data/positions); дані TM ще не зібрано (бюджет/помилка)",,,,,,,,,,178674,CB,DF,82,2,17,0
w:1969-05-11:bohatir,Віктор Богатир,,,,,,,https://www.transfermarkt.com/viktor-bogatyr/profil/spieler/305858,,tm id: wikidata P2446 + dob; дані TM ще не зібрано (бюджет/помилка),,,,,,,,,,305858,CM,MF,82,7,73,5
w:1969-06-21:pets,Роман Пець,,,,,,,https://www.transfermarkt.com/roman-pets/profil/spieler/305478,,tm id: wikidata P2446 + dob; дані TM ще не зібрано (бюджет/помилка),,,,,,,,,,305478,CB,DF,82,7,163,6
w:1969-08-26:vovchuk,Любомир Вовчук,,,,,,,https://www.transfermarkt.com/lyubomyr-vovchuk/profil/spieler/373480,,tm id: wikidata P2446 + dob; дані TM ще не зібрано (бюджет/помилка),,,,,,,,,,373480,CM,MF,82,11,282,9
w:1970-02-14:shkolnikov,Ян Школьніков,,,,,,,https://www.transfermarkt.com/jason-beckford/profil/spieler/951000,,tm id: wikidata P2446 + dob; дані TM ще не зібрано (бюджет/помилка),,,,,,,,,,951000,CM,MF,82,4,91,9
w:1970-09-22:omelchuk,Олександр Омельчук,,,,,,,https://www.transfermarkt.com/oleksandr-omelchuk/profil/spieler/368653,,tm id: wikidata P2446 + dob; дані TM ще не зібрано (бюджет/помилка),,,,,,,,,,368653,CM,MF,82,7,137,15
w:1970-12-06:nosenko,Владислав Носенко,,,,,,,https://www.transfermarkt.com/vladislav-nosenko/profil/spieler/211204,,tm id: wikidata P2446 + dob; дані TM ще не зібрано (бюджет/помилка),,,,,,,,,,211204,CB,DF,82,7,116,1
w:1971-04-08:zubkov,Владислав Зубков,,,,,,,https://www.transfermarkt.com/vladyslav-zubkov/profil/spieler/492421,,tm id: wikidata P2446 + dob; дані TM ще не зібрано (бюджет/помилка),,,,,,,,,,492421,CDM,MF,82,5,64,4
w:1971-05-14:moshevich,Ігор Мошевич,,,,,,,https://www.transfermarkt.com/igor-moshevych/profil/spieler/234066,,tm id: wikidata P2446 + dob; дані TM ще не зібрано (бюджет/помилка),,,,,,,,,,234066,CB,DF,82,5,94,0
w:1971-07-09:koniushenko,Сергій Конюшенко,,,,,,,https://www.transfermarkt.com/sergiy-konyushenko/profil/spieler/27160,,tm id: wikidata P2446 + dob; дані TM ще не зібрано (бюджет/помилка),,,,,,,,,,27160,CB,DF,82,3,84,0
w:1971-09-09:saharov,Костянтин Сахаров,,,,,,,https://www.transfermarkt.com/kostyantyn-sakharov/profil/spieler/804258,,tm id: wikidata P2446 + dob; дані TM ще не зібрано (бюджет/помилка),,,,,,,,,,804258,CM,MF,82,8,186,10
w:1971-11-22:kovalov,Сергій Ковальов,,,,,,,https://www.transfermarkt.com/sergiy-kovalyov/profil/spieler/136535,,tm id: data/class: transfermarkt search + dob; дані TM ще не зібрано (бюджет/помилка),,,,,,,,,,136535,CM,MF,82,8,148,9
w:1972-07-24:martiuk,Олександр Мартюк,,,,,,,https://www.transfermarkt.com/oleksandr-martyuk/profil/spieler/700226,,tm id: wikidata P2446 + dob; дані TM ще не зібрано (бюджет/помилка),,,,,,,,,,700226,CB,DF,82,6,61,3
w:1972-10-08:rusanovski,Роман Русановський,,,,,,,,,немає Transfermarkt ID (не знайдено/не підтверджено датою народження),,,,,,,,,,,CB,DF,82,7,149,1
w:1972-11-18:holdin,Вадим Гольдін,,,,,,,,,немає Transfermarkt ID (не знайдено/не підтверджено датою народження),,,,,,,,,,,CM,MF,82,5,90,9
w:1973-01-16:doroshenko,Ігор Дорошенко,,,,,,,,,немає Transfermarkt ID (не знайдено/не підтверджено датою народження),,,,,,,,,,,CB,DF,82,5,48,1
w:1973-02-20:holovko,Олександр Головко,,,,,,,,,немає Transfermarkt ID (не знайдено/не підтверджено датою народження),,,,,,,,,,,CB,DF,82,6,97,1
w:1973-08-14:prihodko,Геннадій Приходько,,,,,,,https://www.transfermarkt.com/gennadiy-prykhodko/profil/spieler/495932,,tm id: wikidata P2446 + dob; дані TM ще не зібрано (бюджет/помилка),,,,,,,,,,495932,CM,MF,82,7,162,5
w:1973-08-30:svistunov,Олександр Свистунов,,,,,,,https://www.transfermarkt.com/oleksandr-svystunov/profil/spieler/231421,,tm id: wikidata P2446 + dob; дані TM ще не зібрано (бюджет/помилка),,,,,,,,,,231421,CM,MF,82,7,125,15
w:1974-02-13:tofan,Василь Тофан,,,,,,,,,немає Transfermarkt ID (не знайдено/не підтверджено датою народження),,,,,,,,,,,CB,DF,82,6,77,6
w:1974-10-12:romanchuk,Руслан Романчук,,,,,,,https://www.transfermarkt.com/ruslan-romanchuk/profil/spieler/131010,,tm id: wikidata P2446 + dob; дані TM ще не зібрано (бюджет/помилка),,,,,,,,,,131010,CM,MF,82,7,123,13
w:1974-10-29:polischuk,Володимир Поліщук,,,,,,,,,немає Transfermarkt ID (не знайдено/не підтверджено датою народження),,,,,,,,,,,CDM,DF,82,9,142,9
w:1974-11-29:venhlinski,Олександр Венглінський,,,,,,,,,немає Transfermarkt ID (не знайдено/не підтверджено датою народження),,,,,,,,,,,CDM,MF,82,3,54,3
w:1975-02-07:medvedev,Геннадій Медведєв,,,,,,,https://www.transfermarkt.com/gennadiy-medvedev/profil/spieler/43337,,tm id: wikidata P2446 + dob; дані TM ще не зібрано (бюджет/помилка),,,,,,,,,,43337,CB,DF,82,13,260,2
w:1975-02-17:seleznov,Сергій Селезньов,,,,,,,https://www.transfermarkt.com/sergiy-lavrynenko/profil/spieler/885346,,tm id: wikidata P2446 + dob; дані TM ще не зібрано (бюджет/помилка),,,,,,,,,,885346,CB,DF,82,9,125,11
w:1975-04-02:esin,Сергій Єсін,,,,,,,https://www.transfermarkt.com/sergiy-ussoltsev/profil/spieler/80090,,tm id: wikidata P2446 + dob; дані TM ще не зібрано (бюджет/помилка),,,,,,,,,,80090,CB,DF,82,14,254,14
w:1975-12-07:harchenkojukovski,Вадим Харченко,,,,,,,https://www.transfermarkt.com/vadym-kharchenko/profil/spieler/57882,,tm id: wikidata P2446 + dob; дані TM ще не зібрано (бюджет/помилка),,,,,,,,,,57882,CM,MF,82,4,55,4
w:1976-04-02:hiuzelov,Ігор Гюзелов,,,,,,,https://www.transfermarkt.com/igor-gjuzelov/profil/spieler/24013,,tm id: wikidata P2446 + dob; дані TM ще не зібрано (бюджет/помилка),,,,,,,,,,24013,CB,DF,82,5,63,4
w:1976-06-27:pavlovich,Зоран Павлович,,,,,,,,,немає Transfermarkt ID (не знайдено/не підтверджено датою народження),,,,,,,,,,,CM,MF,82,2,15,5
w:1976-08-12:pavliuh,Іван Павлюх,,,,,,,https://www.transfermarkt.com/ivan-pavlyukh/profil/spieler/373476,,tm id: wikidata P2446 + dob; дані TM ще не зібрано (бюджет/помилка),,,,,,,,,,373476,CB,DF,82,10,177,4
w:1976-10-12:baharev,Олексій Бахарєв,,,,,,,https://www.transfermarkt.com/aleksey-bakharev/profil/spieler/14926,,"tm id: data/class: repo link (data/foot, data/positions); дані TM ще не зібрано (бюджет/помилка)",,,,,,,,,,14926,CM,MF,82,7,124,10
w:1977-01-07:hilazev,Руслан Гілазєв,,,,,,,https://www.transfermarkt.com/ruslan-gilazev/profil/spieler/48988,,"tm id: repo link (data/foot, data/positions); дані TM ще не зібрано (бюджет/помилка)",,,,,,,,,,48988,CM,MF,82,6,117,6
w:1977-03-15:zubchenko,Андрій Зубченко,,,,,,,https://www.transfermarkt.com/andriy-zubchenko/profil/spieler/232529,,tm id: wikidata P2446 + dob; дані TM ще не зібрано (бюджет/помилка),,,,,,,,,,232529,CM,MF,82,8,161,9
w:1977-11-14:olinik,Олексій Олійник,,,,,,,https://www.transfermarkt.com/oleksiy-oliynyk/profil/spieler/42656,,tm id: wikidata P2446 + dob; дані TM ще не зібрано (бюджет/помилка),,,,,,,,,,42656,CM,MF,82,7,129,12
w:1978-08-10:kotov,Євген Котов,,,,,,,https://www.transfermarkt.com/yevgen-kotov/profil/spieler/98479,,tm id: wikidata P2446 + dob; дані TM ще не зібрано (бюджет/помилка),,,,,,,,,,98479,CB,DF,82,7,113,5
w:1978-10-25:cherniak,Сергій Черняк,,,,,,,,,немає Transfermarkt ID (не знайдено/не підтверджено датою народження),,,,,,,,,,,LB,DF,82,6,76,1
w:1978-11-01:kornev,Андрій Корнєв,,,,,,,https://www.transfermarkt.com/andriy-kornev/profil/spieler/43330,,tm id: wikidata P2446 + dob; дані TM ще не зібрано (бюджет/помилка),,,,,,,,,,43330,CM,MF,82,9,190,6
w:1979-01-12:andrius,Андрюс Йокшас,,,,,,,https://www.transfermarkt.com/andrius-joksas/profil/spieler/43316,,tm id: wikidata P2446 + dob; дані TM ще не зібрано (бюджет/помилка),,,,,,,,,,43316,CDM,MF,82,9,95,8
w:1980-04-15:esin,Дмитро Єсін,,,,,,,https://www.transfermarkt.com/dmytro-yesin/profil/spieler/68909,,tm id: wikidata P2446 + dob; дані TM ще не зібрано (бюджет/помилка),,,,,,,,,,68909,CM,MF,82,11,232,13
w:1980-08-11:melnik,Віктор Мельник,,,,,,,https://www.transfermarkt.com/viktor-melnyk/profil/spieler/59093,,tm id: wikidata P2446 + dob; дані TM ще не зібрано (бюджет/помилка),,,,,,,,,,59093,CM,MF,82,10,137,4
w:1981-01-05:serhev,Лев Сергеєв,,,,,,,,,немає Transfermarkt ID (не знайдено/не підтверджено датою народження),,,,,,,,,,,CM,MF,82,2,29,4
w:1981-12-12:harison,Гаррісон Омоко,,,,,,,https://www.transfermarkt.com/harrison-omokoh/profil/spieler/43348,,tm id: wikidata P2446 + dob; дані TM ще не зібрано (бюджет/помилка),,,,,,,,,,43348,CB,DF,82,9,181,6
w:1982-02-11:klimenko,Олександр Клименко,,,,,,,https://www.transfermarkt.com/oleksandr-klymenko/profil/spieler/91471,,tm id: wikidata P2446 + dob; дані TM ще не зібрано (бюджет/помилка),,,,,,,,,,91471,CB,DF,82,6,61,3
w:1983-05-13:hnehneri,Яя Туре,,,,,,,https://www.transfermarkt.com/yaya-toure/profil/spieler/13091,,tm id: wikidata P2446 + dob; дані TM ще не зібрано (бюджет/помилка),,,,,,,,,,13091,CM,MF,82,2,33,3
w:1984-06-21:diakat,Пап Діакате,,,,,,,https://www.transfermarkt.com/pape-diakhate/profil/spieler/28318,,"tm id: repo link (data/foot, data/positions); дані TM ще не зібрано (бюджет/помилка)",,,,,,,,,,28318,CB,DF,82,4,37,1
w:1990-00-00:taras,Тарас Завійський,,,,,,,,,немає Transfermarkt ID (невідома дата народження в id),,,,,,,,,,,RB,MF,82,1,18,3
tm:107803,Максим Білий,,,,,,,https://www.transfermarkt.com/maksym-bilyi/profil/spieler/107803,,дані TM ще не зібрано (бюджет/помилка),,,,,,,,,,107803,CB,DF,81,10,148,3
tm:109314,Андрій Нестеров,,,,,,,https://www.transfermarkt.com/andriy-nesterov/profil/spieler/109314,,дані TM ще не зібрано (бюджет/помилка),,,,,,,,,,109314,CB,DF,81,8,109,5
tm:111074,Артур Западня,,,,,,,https://www.transfermarkt.com/artur-zapadnya/profil/spieler/111074,,дані TM ще не зібрано (бюджет/помилка),,,,,,,,,,111074,LB,DF,81,9,60,1
tm:111556,Йоонас Тамм,,,,,,,https://www.transfermarkt.com/joonas-tamm/profil/spieler/111556,,дані TM ще не зібрано (бюджет/помилка),,,,,,,,,,111556,CB,DF,81,3,39,2
tm:123543,Артем Сухоцький,,,,,,,https://www.transfermarkt.com/artem-sukhotskyi/profil/spieler/123543,,дані TM ще не зібрано (бюджет/помилка),,,,,,,,,,123543,LB,DF,81,4,66,2
tm:173079,Олександр Васильєв,,,,,,,https://www.transfermarkt.com/oleksandr-vasyliev/profil/spieler/173079,,дані TM ще не зібрано (бюджет/помилка),,,,,,,,,,173079,CDM,MF,81,4,66,4
tm:18091,Дерек Боатенг,,,,,,,https://www.transfermarkt.com/derek-boateng/profil/spieler/18091,,дані TM ще не зібрано (бюджет/помилка),,,,,,,,,,18091,CDM,MF,81,2,23,2
tm:213980,В'ячеслав Танковський,,,,,,,https://www.transfermarkt.com/vyacheslav-tankovskyi/profil/spieler/213980,,дані TM ще не зібрано (бюджет/помилка),,,,,,,,,,213980,CM,MF,81,10,132,4
tm:250416,Фране Чир'як,,,,,,,https://www.transfermarkt.com/frane-cirjak/profil/spieler/250416,,дані TM ще не зібрано (бюджет/помилка),,,,,,,,,,250416,CM,MF,81,2,35,1
tm:256213,Максим Малишев,,,,,,,https://www.transfermarkt.com/maksym-malyshev/profil/spieler/256213,,дані TM ще не зібрано (бюджет/помилка),,,,,,,,,,256213,CDM,MF,81,5,67,6
tm:257937,Олег Данченко,,,,,,,https://www.transfermarkt.com/oleg-danchenko/profil/spieler/257937,,дані TM ще не зібрано (бюджет/помилка),,,,,,,,,,257937,RB,DF,81,7,100,0
tm:273341,Валерій Кучеров,,,,,,,https://www.transfermarkt.com/valeriy-kucherov/profil/spieler/273341,,дані TM ще не зібрано (бюджет/помилка),,,,,,,,,,273341,CDM,MF,81,7,130,6
tm:28964,Саулюс Міколюнас,,,,,,,https://www.transfermarkt.com/saulius-mikoliunas/profil/spieler/28964,,дані TM ще не зібрано (бюджет/помилка),,,,,,,,,,28964,RB,MF,81,5,87,6
tm:294188,Дмитро Кльоц,,,,,,,https://www.transfermarkt.com/dmytro-klyots/profil/spieler/294188,,дані TM ще не зібрано (бюджет/помилка),,,,,,,,,,294188,CM,MF,81,11,183,9
tm:312799,Вадим Парамонов,,,,,,,https://www.transfermarkt.com/vadym-paramonov/profil/spieler/312799,,дані TM ще не зібрано (бюджет/помилка),,,,,,,,,,312799,CB,DF,81,3,42,2
tm:315237,Євген Пасіч,,,,,,,https://www.transfermarkt.com/yevgeniy-pasich/profil/spieler/315237,,дані TM ще не зібрано (бюджет/помилка),,,,,,,,,,315237,RB,DF,81,9,141,7
tm:330060,Сідклей,,,,,,,https://www.transfermarkt.com/sidcley/profil/spieler/330060,,дані TM ще не зібрано (бюджет/помилка),,,,,,,,,,330060,LB,DF,81,3,19,3
tm:36934,Іван Мілошевич,,,,,,,https://www.transfermarkt.com/ivan-milosevic/profil/spieler/36934,,дані TM ще не зібрано (бюджет/помилка),,,,,,,,,,36934,CB,DF,81,5,116,4
tm:387928,Лукас Тейлор,,,,,,,https://www.transfermarkt.com/lucas-taylor/profil/spieler/387928,,дані TM ще не зібрано (бюджет/помилка),,,,,,,,,,387928,RB,DF,81,6,77,5
tm:396532,Євген Смирний,,,,,,,https://www.transfermarkt.com/yevgeniy-smyrnyi/profil/spieler/396532,,дані TM ще не зібрано (бюджет/помилка),,,,,,,,,,396532,CM,MF,81,8,102,11
tm:396536,Роман Вантух,,,,,,,https://www.transfermarkt.com/roman-vantukh/profil/spieler/396536,,дані TM ще не зібрано (бюджет/помилка),,,,,,,,,,396536,LB,DF,81,8,133,9
tm:418173,Джихад Бізімана,,,,,,,https://www.transfermarkt.com/djihad-bizimana/profil/spieler/418173,,дані TM ще не зібрано (бюджет/помилка),,,,,,,,,,418173,CDM,MF,81,2,44,2
tm:42622,Леандро,,,,,,,https://www.transfermarkt.com/leandro/profil/spieler/42622,,дані TM ще не зібрано (бюджет/помилка),,,,,,,,,,42622,RB,DF,81,3,37,1
tm:42641,Андрій Хомин,,,,,,,https://www.transfermarkt.com/andriy-khomyn/profil/spieler/42641,,дані TM ще не зібрано (бюджет/помилка),,,,,,,,,,42641,RB,DF,81,12,211,6
tm:430190,Єгор Назарина,,,,,,,https://www.transfermarkt.com/yegor-nazaryna/profil/spieler/430190,,дані TM ще не зібрано (бюджет/помилка),,,,,,,,,,430190,CM,MF,81,8,131,10
tm:432658,Юрій Копина,,,,,,,https://www.transfermarkt.com/yuriy-kopyna/profil/spieler/432658,,дані TM ще не зібрано (бюджет/помилка),,,,,,,,,,432658,RB,DF,81,7,95,2
tm:433219,Папе-Аліун Ндіає,,,,,,,https://www.transfermarkt.com/pape-alioune-ndiaye/profil/spieler/433219,,дані TM ще не зібрано (бюджет/помилка),,,,,,,,,,433219,CB,DF,81,2,31,0
tm:45341,Джордже Флореску,,,,,,,https://www.transfermarkt.com/george-florescu/profil/spieler/45341,,дані TM ще не зібрано (бюджет/помилка),,,,,,,,,,45341,CDM,MF,81,2,32,2
tm:468301,Маркос Антоніо,,,,,,,https://www.transfermarkt.com/marcos-antonio/profil/spieler/468301,,дані TM ще не зібрано (бюджет/помилка),,,,,,,,,,468301,CM,MF,81,4,54,4
tm:49018,Олексій Полянський,,,,,,,https://www.transfermarkt.com/oleksiy-polyanskyi/profil/spieler/49018,,дані TM ще не зібрано (бюджет/помилка),,,,,,,,,,49018,CB,MF,81,12,176,12
tm:54031,Андерсон Піко,,,,,,,https://www.transfermarkt.com/anderson-pico/profil/spieler/54031,,дані TM ще не зібрано (бюджет/помилка),,,,,,,,,,54031,LB,DF,81,3,19,2
tm:546532,Жордан,,,,,,,https://www.transfermarkt.com/jordan/profil/spieler/546532,,дані TM ще не зібрано (бюджет/помилка),,,,,,,,,,546532,CB,DF,81,3,84,7
tm:569805,Маркіньйос Сіпріано,,,,,,,https://www.transfermarkt.com/marquinhos-cipriano/profil/spieler/569805,,дані TM ще не зібрано (бюджет/помилка),,,,,,,,,,569805,LB,DF,81,3,16,0
tm:57869,Денис Дедечко,,,,,,,https://www.transfermarkt.com/denys-dedechko/profil/spieler/57869,,дані TM ще не зібрано (бюджет/помилка),,,,,,,,,,57869,CDM,MF,81,8,91,9
tm:57971,Андрій Березовчук,,,,,,,https://www.transfermarkt.com/andriy-berezovchuk/profil/spieler/57971,,дані TM ще не зібрано (бюджет/помилка),,,,,,,,,,57971,CB,DF,81,14,221,10
tm:58150,Андрій Ткачук,,,,,,,https://www.transfermarkt.com/andriy-tkachuk/profil/spieler/58150,,дані TM ще не зібрано (бюджет/помилка),,,,,,,,,,58150,CDM,MF,81,15,268,9
tm:58417,Станіслав Микицей,,,,,,,https://www.transfermarkt.com/stanislav-mykytsey/profil/spieler/58417,,дані TM ще не зібрано (бюджет/помилка),,,,,,,,,,58417,RB,DF,81,7,88,5
tm:59423,Олексій Курілов,,,,,,,https://www.transfermarkt.com/aleksey-kurilov/profil/spieler/59423,,дані TM ще не зібрано (бюджет/помилка),,,,,,,,,,59423,CB,DF,81,9,94,5
tm:59434,Артем Путівцев,,,,,,,https://www.transfermarkt.com/artem-putivtsev/profil/spieler/59434,,дані TM ще не зібрано (бюджет/помилка),,,,,,,,,,59434,CB,DF,81,7,124,3
tm:59826,Олег Герасимюк,,,,,,,https://www.transfermarkt.com/oleg-gerasymyuk/profil/spieler/59826,,дані TM ще не зібрано (бюджет/помилка),,,,,,,,,,59826,CM,MF,81,10,165,6
tm:59913,Артем Старгородський,,,,,,,https://www.transfermarkt.com/artem-stargorodskyi/profil/spieler/59913,,дані TM ще не зібрано (бюджет/помилка),,,,,,,,,,59913,CM,MF,81,10,142,5
tm:59950,Дам'єн Ле Таллек,,,,,,,https://www.transfermarkt.com/damien-le-tallec/profil/spieler/59950,,дані TM ще не зібрано (бюджет/помилка),,,,,,,,,,59950,CDM,MF,81,2,41,7
tm:633850,Артур Рябов,,,,,,,https://www.transfermarkt.com/artur-ryabov/profil/spieler/633850,,дані TM ще не зібрано (бюджет/помилка),,,,,,,,,,633850,CM,MF,81,2,44,3
tm:642947,Еліас Теллес,,,,,,,https://www.transfermarkt.com/elias-telles/profil/spieler/642947,,дані TM ще не зібрано (бюджет/помилка),,,,,,,,,,642947,CDM,MF,81,2,37,4
tm:656172,Яков Башич,,,,,,,https://www.transfermarkt.com/jakov-basic/profil/spieler/656172,,дані TM ще не зібрано (бюджет/помилка),,,,,,,,,,656172,CDM,MF,81,3,59,3
tm:658060,Ніка Гагнідзе,,,,,,,https://www.transfermarkt.com/nika-gagnidze/profil/spieler/658060,,дані TM ще не зібрано (бюджет/помилка),,,,,,,,,,658060,CM,MF,81,2,47,2
tm:672616,Ян Юрчец,,,,,,,https://www.transfermarkt.com/jan-jurcec/profil/spieler/672616,,дані TM ще не зібрано (бюджет/помилка),,,,,,,,,,672616,RB,DF,81,2,36,1
tm:91419,Олексій Довгий,,,,,,,https://www.transfermarkt.com/oleksiy-dovgyi/profil/spieler/91419,,дані TM ще не зібрано (бюджет/помилка),,,,,,,,,,91419,CDM,MF,81,12,168,15
tm:92567,Андрій Богданов,,,,,,,https://www.transfermarkt.com/andriy-bogdanov/profil/spieler/92567,,дані TM ще не зібрано (бюджет/помилка),,,,,,,,,,92567,CM,MF,81,15,245,14
tm:9369,Айоделе Аделеє,,,,,,,https://www.transfermarkt.com/dele-adeleye/profil/spieler/9369,,дані TM ще не зібрано (бюджет/помилка),,,,,,,,,,9369,CB,DF,81,3,46,4
tm:94931,Віталій Віценець,,,,,,,https://www.transfermarkt.com/vitaliy-vitsenets/profil/spieler/94931,,дані TM ще не зібрано (бюджет/помилка),,,,,,,,,,94931,CM,MF,81,6,75,7
tm:97335,Ігор Пластун,,,,,,,https://www.transfermarkt.com/igor-plastun/profil/spieler/97335,,дані TM ще не зібрано (бюджет/помилка),,,,,,,,,,97335,CB,DF,81,7,150,7
w:1963-01-28:fedorov,Леонід Федоров,,,,,,,,,немає Transfermarkt ID (не знайдено/не підтверджено датою народження),,,,,,,,,,,CM,MF,81,7,157,8
w:1963-09-28:lukash,Сергій Лукаш,,,,,,,,,немає Transfermarkt ID (не знайдено/не підтверджено датою народження),,,,,,,,,,,CB,DF,81,5,137,11
w:1963-12-13:fediukov,Олег Федюков,,,,,,,,,немає Transfermarkt ID (не знайдено/не підтверджено датою народження),,,,,,,,,,,CB,DF,81,6,149,4
w:1965-11-23:konovalchuk,Володимир Коновальчук,,,,,,,,,немає Transfermarkt ID (не знайдено/не підтверджено датою народження),,,,,,,,,,,CM,MF,81,6,156,11
w:1966-01-03:fokin,Юрій Фокін,,,,,,,,,немає Transfermarkt ID (не знайдено/не підтверджено датою народження),,,,,,,,,,,CM,MF,81,8,158,7
w:1966-03-11:kolokolov,Руслан Колоколов,,,,,,,https://www.transfermarkt.com/ruslan-kolokolov/profil/spieler/298297,,"tm id: repo link (data/foot, data/positions); дані TM ще не зібрано (бюджет/помилка)",,,,,,,,,,298297,CB,DF,81,5,103,0
w:1968-11-12:tanasiuk,Сергій Танасюк,,,,,,,https://www.transfermarkt.com/sergiy-tanasyuk/profil/spieler/373477,,tm id: wikidata P2446 + dob; дані TM ще не зібрано (бюджет/помилка),,,,,,,,,,373477,CB,DF,81,6,119,5
w:1969-01-27:dorohov,Олександр Дорохов,,,,,,,,,немає Transfermarkt ID (не знайдено/не підтверджено датою народження),,,,,,,,,,,CB,DF,81,4,83,0
w:1969-06-03:evhlevski,Сергій Євглевський,,,,,,,https://www.transfermarkt.com/sergiy-yevglevskyi/profil/spieler/373880,,tm id: wikidata P2446 + dob; дані TM ще не зібрано (бюджет/помилка),,,,,,,,,,373880,CM,MF,81,6,116,5
w:1969-06-11:demianenko,Дмитро Дем'яненко,,,,,,,https://www.transfermarkt.com/dmytro-demyanenko/profil/spieler/305752,,tm id: wikidata P2446 + dob; дані TM ще не зібрано (бюджет/помилка),,,,,,,,,,305752,CB,DF,81,9,81,0
w:1969-08-11:zaharov,Олександр Захаров,,,,,,,https://www.transfermarkt.com/aleksandr-zakharov/profil/spieler/366171,,tm id: wikidata P2446 + dob; дані TM ще не зібрано (бюджет/помилка),,,,,,,,,,366171,CM,MF,81,6,109,7
w:1969-08-25:rosliakov,Андрій Росляков,,,,,,,https://www.transfermarkt.com/andriy-roslyakov/profil/spieler/210317,,tm id: wikidata P2446 + dob; дані TM ще не зібрано (бюджет/помилка),,,,,,,,,,210317,CM,MF,81,4,81,2
w:1969-09-04:sushka,Ігор Сушка,,,,,,,,,немає Transfermarkt ID (не знайдено/не підтверджено датою народження),,,,,,,,,,,CB,DF,81,9,193,2
w:1969-11-10:iankovski,Олександр Янковський,,,,,,,,,немає Transfermarkt ID (не знайдено/не підтверджено датою народження),,,,,,,,,,,CDM,MF,81,4,84,14
w:1970-01-09:redushko,Анатолій Редушко,,,,,,,,,немає Transfermarkt ID (не знайдено/не підтверджено датою народження),,,,,,,,,,,CM,MF,81,5,88,7
w:1970-04-28:mikitin,Володимир Микитін,,,,,,,https://www.transfermarkt.com/volodymyr-mykytin/profil/spieler/190194,,tm id: wikidata P2446 + dob; дані TM ще не зібрано (бюджет/помилка),,,,,,,,,,190194,CB,DF,81,9,197,7
w:1970-06-07:kut,Віталій Куть,,,,,,,,,немає Transfermarkt ID (не знайдено/не підтверджено датою народження),,,,,,,,,,,CB,DF,81,2,41,1
w:1970-07-08:borovski,Станіслав Боровський,,,,,,,,,немає Transfermarkt ID (не знайдено/не підтверджено датою народження),,,,,,,,,,,CB,DF,81,2,48,0
w:1970-08-01:shevchuk,Віталій Шевчук,,,,,,,,,немає Transfermarkt ID (не знайдено/не підтверджено датою народження),,,,,,,,,,,CM,MF,81,3,67,6
w:1970-08-15:pervak,Віталій Первак,,,,,,,https://www.transfermarkt.com/vitaliy-pervak/profil/spieler/858024,,tm id: wikidata P2446 + dob; дані TM ще не зібрано (бюджет/помилка),,,,,,,,,,858024,CB,DF,81,5,131,4
w:1970-08-29:kastorni,Олег Касторний,,,,,,,https://www.transfermarkt.com/oleg-kastornyi/profil/spieler/305473,,tm id: wikidata P2446 + dob; дані TM ще не зібрано (бюджет/помилка),,,,,,,,,,305473,CB,DF,81,3,50,0
w:1971-01-20:solovenko,Юрій Солов'єнко,,,,,,,,,немає Transfermarkt ID (не знайдено/не підтверджено датою народження),,,,,,,,,,,CB,DF,81,7,140,0
w:1971-10-09:karas,Ігор Карась,,,,,,,https://www.transfermarkt.com/igor-karas/profil/spieler/885426,,tm id: wikidata P2446 + dob; дані TM ще не зібрано (бюджет/помилка),,,,,,,,,,885426,CB,DF,81,3,64,1
w:1972-01-14:bondarenko,Юрій Бондаренко,,,,,,,https://www.transfermarkt.com/yuriy-bondarenko/profil/spieler/991921,,tm id: wikidata P2446 + dob; дані TM ще не зібрано (бюджет/помилка),,,,,,,,,,991921,CB,DF,81,4,89,9
w:1972-03-03:kovaliuk,Володимир Ковалюк,,,,,,,https://www.transfermarkt.com/volodymyr-kovalyuk/profil/spieler/91530,,tm id: wikidata P2446 + dob; дані TM ще не зібрано (бюджет/помилка),,,,,,,,,,91530,CM,MF,81,11,179,10
w:1972-05-17:shumski,Віталій Шумський,,,,,,,https://www.transfermarkt.com/vitaliy-shumskyi/profil/spieler/981330,,tm id: wikidata P2446 + dob; дані TM ще не зібрано (бюджет/помилка),,,,,,,,,,981330,CB,MF,81,7,151,9
w:1973-02-25:belkin,Віктор Бєлкін,,,,,,,https://www.transfermarkt.com/viktor-belkin/profil/spieler/557179,,tm id: wikidata P2446 + dob; дані TM ще не зібрано (бюджет/помилка),,,,,,,,,,557179,CM,MF,81,4,49,4
w:1973-06-10:kolesnichenko,Віталій Колесніченко,,,,,,,https://www.transfermarkt.com/vitaliy-kolesnichenko/profil/spieler/157852,,tm id: wikidata P2446 + dob; дані TM ще не зібрано (бюджет/помилка),,,,,,,,,,157852,CM,MF,81,6,129,4
w:1973-06-22:prudius,Владислав Прудіус,,,,,,,https://www.transfermarkt.com/vladyslav-prudius/profil/spieler/430990,,tm id: wikidata P2446 + dob; дані TM ще не зібрано (бюджет/помилка),,,,,,,,,,430990,CM,MF,81,5,47,5
w:1973-12-09:hrehul,Валентин Грегуль,,,,,,,https://www.transfermarkt.com/valentyn-gregul/profil/spieler/251311,,tm id: wikidata P2446 + dob; дані TM ще не зібрано (бюджет/помилка),,,,,,,,,,251311,CB,DF,81,9,169,9
w:1974-01-23:semchuk,Дмитро Семчук,,,,,,,https://www.transfermarkt.com/dmitriy-proshin/profil/spieler/117937,,tm id: wikidata P2446 + dob; дані TM ще не зібрано (бюджет/помилка),,,,,,,,,,117937,CB,DF,81,7,101,3
w:1974-04-24:honcharenko,Сергій Гончаренко,,,,,,,,,немає Transfermarkt ID (не знайдено/не підтверджено датою народження),,,,,,,,,,,CM,MF,81,11,157,9
w:1974-06-01:dranitski,Сергій Драницький,,,,,,,,,немає Transfermarkt ID (не знайдено/не підтверджено датою народження),,,,,,,,,,,CM,MF,81,4,21,5
w:1974-06-12:amilehin,Сергій Амілехін,,,,,,,https://www.transfermarkt.com/sergiy-amilekhin/profil/spieler/986112,,tm id: wikidata P2446 + dob; дані TM ще не зібрано (бюджет/помилка),,,,,,,,,,986112,CM,MF,81,5,67,5
w:1974-06-22:damian,Оскар Родрігес,,,,,,,,,немає Transfermarkt ID (не знайдено/не підтверджено датою народження),,,,,,,,,,,CB,DF,81,1,8,1
w:1974-08-05:pestriakov,Олег Пестряков,,,,,,,https://www.transfermarkt.com/oleg-pestryakov/profil/spieler/15073,,"tm id: repo link (data/foot, data/positions); дані TM ще не зібрано (бюджет/помилка)",,,,,,,,,,15073,CM,MF,81,9,78,7
w:1975-02-07:datsishin,Віталій Дацишин,,,,,,,,,немає Transfermarkt ID (не знайдено/не підтверджено датою народження),,,,,,,,,,,CM,MF,81,3,22,3
w:1975-04-24:bohatir,Іван Богатир,,,,,,,https://www.transfermarkt.com/ivan-bogatyr/profil/spieler/882525,,tm id: wikidata P2446 + dob; дані TM ще не зібрано (бюджет/помилка),,,,,,,,,,882525,CM,MF,81,10,183,6
w:1975-11-08:hramtsov,Олексій Храмцов,,,,,,,https://www.transfermarkt.com/oleksiy-khramtsov/profil/spieler/58041,,"tm id: repo link (data/foot, data/positions); дані TM ще не зібрано (бюджет/помилка)",,,,,,,,,,58041,CB,DF,81,10,162,3
w:1976-01-27:doniushkin,Юрій Донюшкін,,,,,,,https://www.transfermarkt.com/yuriy-donyushkin/profil/spieler/91705,,tm id: wikidata P2446 + dob; дані TM ще не зібрано (бюджет/помилка),,,,,,,,,,91705,CB,DF,81,9,188,1
w:1976-08-27:shapovalov,Валерій Шаповалов,,,,,,,https://www.transfermarkt.com/valeriy-shapovalov/profil/spieler/418674,,tm id: wikidata P2446 + dob; дані TM ще не зібрано (бюджет/помилка),,,,,,,,,,418674,CB,DF,81,5,74,5
w:1976-10-06:kundenok,Геннадій Кундєнок,,,,,,,,,немає Transfermarkt ID (не знайдено/не підтверджено датою народження),,,,,,,,,,,CM,MF,81,8,90,10
w:1977-06-07:nijehorodov,Геннадій Нижегородов,,,,,,,https://www.transfermarkt.com/gennadiy-nizhegorodov/profil/spieler/9653,,tm id: wikidata P2446 + dob; дані TM ще не зібрано (бюджет/помилка),,,,,,,,,,9653,CB,DF,81,3,70,0
w:1977-06-20:nerius,Неріюс Васіляускас,,,,,,,https://www.transfermarkt.com/nerijus-vasiliauskas/profil/spieler/43388,,tm id: wikidata P2446 + dob; дані TM ще не зібрано (бюджет/помилка),,,,,,,,,,43388,CM,MF,81,3,39,4
w:1977-07-20:kariaka,Дмитро Каряка,,,,,,,https://www.transfermarkt.com/dmytro-karyaka/profil/spieler/855951,,"tm id: repo link (data/foot, data/positions); дані TM ще не зібрано (бюджет/помилка)",,,,,,,,,,855951,CM,MF,81,5,80,6
w:1977-08-03:nazarov,Дмитро Назаров,,,,,,,https://www.transfermarkt.com/dmitriy-nazarov/profil/spieler/69914,,tm id: wikidata P2446 + dob; дані TM ще не зібрано (бюджет/помилка),,,,,,,,,,69914,CB,DF,81,13,142,1
w:1977-11-01:buta,Корнел Бута,,,,,,,https://www.transfermarkt.com/cornel-buta/profil/spieler/47494,,"tm id: repo link (data/foot, data/positions); дані TM ще не зібрано (бюджет/помилка)",,,,,,,,,,47494,RB,MF,81,4,62,5
w:1977-11-01:mitrofanov,Олександр Митрофанов,,,,,,,https://www.transfermarkt.com/oleksandr-mitrofanov/profil/spieler/84495,,tm id: wikidata P2446 + dob; дані TM ще не зібрано (бюджет/помилка),,,,,,,,,,84495,CM,MF,81,9,150,11
w:1978-01-09:ivanov,Олексій Іванов,,,,,,,https://www.transfermarkt.com/oleksiy-ivanov/profil/spieler/28924,,tm id: wikidata P2446 + dob; дані TM ще не зібрано (бюджет/помилка),,,,,,,,,,28924,CM,MF,81,9,205,6
w:1978-06-15:shopin,Ігор Шопін,,,,,,,https://www.transfermarkt.com/igor-shopin/profil/spieler/57903,,"tm id: repo link (data/foot, data/positions); дані TM ще не зібрано (бюджет/помилка)",,,,,,,,,,57903,CM,MF,81,10,177,8
w:1978-08-22:balitski,Віталій Балицький,,,,,,,,,немає Transfermarkt ID (не знайдено/не підтверджено датою народження),,,,,,,,,,,CB,DF,81,6,97,2
w:1978-09-15:onischenko,Денис Онищенко,,,,,,,https://www.transfermarkt.com/denys-onyshchenko/profil/spieler/9795,,tm id: wikidata P2446 + dob; дані TM ще не зібрано (бюджет/помилка),,,,,,,,,,9795,CDM,MF,81,5,44,3
w:1979-01-25:semochko,Дмитро Семочко,,,,,,,https://www.transfermarkt.com/dmytro-semochko/profil/spieler/24053,,"tm id: repo link (data/foot, data/positions); дані TM ще не зібрано (бюджет/помилка)",,,,,,,,,,24053,CB,MF,81,8,63,5
w:1979-04-19:savinov,Олексій Савінов,,,,,,,https://www.transfermarkt.com/alexei-savinov/profil/spieler/61019,,tm id: wikidata P2446 + dob; дані TM ще не зібрано (бюджет/помилка),,,,,,,,,,61019,CB,DF,81,5,76,2
w:1979-04-21:kondratiuk,Петро Кондратюк,,,,,,,https://www.transfermarkt.com/petro-kondratyuk/profil/spieler/59071,,tm id: wikidata P2446 + dob; дані TM ще не зібрано (бюджет/помилка),,,,,,,,,,59071,CB,MF,81,6,84,3
w:1979-05-13:alehandro,Альваро Мельо,,,,,,,https://www.transfermarkt.com/alvaro-mello/profil/spieler/58588,,tm id: wikidata P2446 + dob; дані TM ще не зібрано (бюджет/помилка),,,,,,,,,,58588,CM,FW,81,3,34,5
w:1979-06-19:koteliuh,Олег Котелюх,,,,,,,https://www.transfermarkt.com/oleg-kotelyukh/profil/spieler/59073,,tm id: wikidata P2446 + dob; дані TM ще не зібрано (бюджет/помилка),,,,,,,,,,59073,CB,DF,81,6,109,0
w:1979-07-21:skoropad,Павло Скоропад,,,,,,,https://www.transfermarkt.com/pavlo-skoropad/profil/spieler/49025,,"tm id: repo link (data/foot, data/positions); дані TM ще не зібрано (бюджет/помилка)",,,,,,,,,,49025,CB,DF,81,8,105,5
w:1979-08-01:djurichich,Саша Джурічич,,,,,,,https://www.transfermarkt.com/sascha-baecker/profil/spieler/1802,,tm id: wikidata P2446 + dob; дані TM ще не зібрано (бюджет/помилка),,,,,,,,,,1802,CB,DF,81,7,123,3
w:1979-09-14:kozoriz,Іван Козоріз,,,,,,,https://www.transfermarkt.com/ivan-balasko/profil/spieler/84958,,tm id: wikidata P2446 + dob; дані TM ще не зібрано (бюджет/помилка),,,,,,,,,,84958,CM,MF,81,6,111,9
w:1979-11-03:kuzniatsov,Сергій Кузнецов,,,,,,,https://www.transfermarkt.com/sergey-kuznetsov/profil/spieler/42650,,tm id: wikidata P2446 + dob; дані TM ще не зібрано (бюджет/помилка),,,,,,,,,,42650,CDM,MF,81,5,113,7
w:1980-01-03:irmartas,Ірмартас Зельмікас,,,,,,,https://www.transfermarkt.com/irmantas-zelmikas/profil/spieler/42668,,tm id: wikidata P2446 + dob; дані TM ще не зібрано (бюджет/помилка),,,,,,,,,,42668,CB,DF,81,2,30,1
w:1980-04-19:harmash,Денис Гармаш,,,,,,,,,немає Transfermarkt ID (не знайдено/не підтверджено датою народження),,,,,,,,,,,CM,MF,81,2,24,1
w:1980-09-27:bechiri,Елвін Бечірі,,,,,,,https://www.transfermarkt.com/elvin-beqiri/profil/spieler/23994,,tm id: wikidata P2446 + dob; дані TM ще не зібрано (бюджет/помилка),,,,,,,,,,23994,CB,DF,81,4,58,0
w:1981-01-22:smalko,Андрій Смалько,,,,,,,https://www.transfermarkt.com/andriy-smalko/profil/spieler/58137,,"tm id: repo link (data/foot, data/positions); дані TM ще не зібрано (бюджет/помилка)",,,,,,,,,,58137,RB,MF,81,5,74,5
w:1981-08-24:stoian,Денис Стоян,,,,,,,https://www.transfermarkt.com/denys-stoyan/profil/spieler/43377,,"tm id: repo link (data/foot, data/positions); дані TM ще не зібрано (бюджет/помилка)",,,,,,,,,,43377,LB,DF,81,5,112,1
w:1981-10-10:alehbe,Тоні Алегбе,,,,,,,https://www.transfermarkt.com/anthony-alegbe/profil/spieler/32627,,tm id: wikidata P2446 + dob; дані TM ще не зібрано (бюджет/помилка),,,,,,,,,,32627,CDM,MF,81,5,92,3
w:1982-01-20:kovalchuk,Сергій Ковальчук,,,,,,,https://www.transfermarkt.com/serghei-covalciuc/profil/spieler/20575,,tm id: wikidata P2446 + dob; дані TM ще не зібрано (бюджет/помилка),,,,,,,,,,20575,CM,MF,81,4,83,4
w:1984-02-09:eschenko,Андрій Єщенко,,,,,,,https://www.transfermarkt.com/andrey-eshchenko/profil/spieler/48987,,"tm id: repo link (data/foot, data/positions); дані TM ще не зібрано (бюджет/помилка)",,,,,,,,,,48987,RB,DF,81,6,98,2
w:1984-04-08:nemania,Неманья Тубич,,,,,,,https://www.transfermarkt.com/nemanja-tubic/profil/spieler/46706,,tm id: wikidata P2446 + dob; дані TM ще не зібрано (бюджет/помилка),,,,,,,,,,46706,CB,DF,81,3,50,1
w:1985-05-23:panas,Вадим Панас,,,,,,,https://www.transfermarkt.com/vadym-panas/profil/spieler/82620,,"tm id: repo link (data/foot, data/positions); дані TM ще не зібрано (бюджет/помилка)",,,,,,,,,,82620,CM,MF,81,7,94,5
w:1985-07-29:djonatan,Джонатан Майдана,,,,,,,https://www.transfermarkt.com/jonatan-maidana/profil/spieler/39095,,tm id: wikidata P2446 + dob; дані TM ще не зібрано (бюджет/помилка),,,,,,,,,,39095,CB,DF,81,2,34,0
w:1992-00-00:batiushin,Юрій Батюшин,,,,,,,,,немає Transfermarkt ID (невідома дата народження в id),,,,,,,,,,,CM,MF,81,1,15,3
tm:1090422,Жан Педрозо,,,,,,,https://www.transfermarkt.com/jean-pedroso/profil/spieler/1090422,,дані TM ще не зібрано (бюджет/помилка),,,,,,,,,,1090422,CB,DF,80,2,41,4
tm:1140013,Володимир Вілівальд,,,,,,,https://www.transfermarkt.com/volodymyr-vilivald/profil/spieler/1140013,,дані TM ще не зібрано (бюджет/помилка),,,,,,,,,,1140013,CB,DF,80,3,44,3
tm:121009,Максим Каленчук,,,,,,,https://www.transfermarkt.com/maksym-kalenchuk/profil/spieler/121009,,дані TM ще не зібрано (бюджет/помилка),,,,,,,,,,121009,CM,MF,80,4,76,2
tm:130040,Олександр Голіков,,,,,,,https://www.transfermarkt.com/oleksandr-golikov/profil/spieler/130040,,дані TM ще не зібрано (бюджет/помилка),,,,,,,,,,130040,LB,DF,80,1,19,1
tm:167093,Александар Пантич,,,,,,,https://www.transfermarkt.com/aleksandar-pantic/profil/spieler/167093,,дані TM ще не зібрано (бюджет/помилка),,,,,,,,,,167093,CB,DF,80,2,15,0
tm:168292,Леван Арвеладзе,,,,,,,https://www.transfermarkt.com/levan-arveladze/profil/spieler/168292,,дані TM ще не зібрано (бюджет/помилка),,,,,,,,,,168292,CM,MF,80,4,55,2
tm:203855,Ігор Кирюханцев,,,,,,,https://www.transfermarkt.com/igor-kyryukhantsev/profil/spieler/203855,,дані TM ще не зібрано (бюджет/помилка),,,,,,,,,,203855,RB,DF,80,9,132,9
tm:204040,Александру Влад,,,,,,,https://www.transfermarkt.com/alexandru-vlad/profil/spieler/204040,,дані TM ще не зібрано (бюджет/помилка),,,,,,,,,,204040,LB,DF,80,3,37,0
tm:216579,Павло Полегенько,,,,,,,https://www.transfermarkt.com/pavlo-polegenko/profil/spieler/216579,,дані TM ще не зібрано (бюджет/помилка),,,,,,,,,,216579,RB,DF,80,10,159,5
tm:24011,Бобан Грнчаров,,,,,,,https://www.transfermarkt.com/boban-grncarov/profil/spieler/24011,,дані TM ще не зібрано (бюджет/помилка),,,,,,,,,,24011,CB,DF,80,5,51,2
tm:24038,Єгіше Мелікян,,,,,,,https://www.transfermarkt.com/eghishe-melikyan/profil/spieler/24038,,дані TM ще не зібрано (бюджет/помилка),,,,,,,,,,24038,LB,MF,80,7,86,4
tm:24976,Ванче Шиков,,,,,,,https://www.transfermarkt.com/vance-sikov/profil/spieler/24976,,дані TM ще не зібрано (бюджет/помилка),,,,,,,,,,24976,CB,DF,80,3,68,3
tm:289472,Микита Безуглий,,,,,,,https://www.transfermarkt.com/mykyta-bezuglyi/profil/spieler/289472,,дані TM ще не зібрано (бюджет/помилка),,,,,,,,,,289472,CB,DF,80,2,48,4
tm:295845,Ігор Курило,,,,,,,https://www.transfermarkt.com/igor-kurylo/profil/spieler/295845,,дані TM ще не зібрано (бюджет/помилка),,,,,,,,,,295845,CB,DF,80,2,46,0
tm:310782,Андрій Бацула,,,,,,,https://www.transfermarkt.com/andriy-batsula/profil/spieler/310782,,дані TM ще не зібрано (бюджет/помилка),,,,,,,,,,310782,LB,DF,80,6,114,4
tm:332132,Валерій Рогозинський,,,,,,,https://www.transfermarkt.com/valeriy-rogozynskyi/profil/spieler/332132,,дані TM ще не зібрано (бюджет/помилка),,,,,,,,,,332132,LB,DF,80,3,51,1
tm:343622,Петро Стасюк,,,,,,,https://www.transfermarkt.com/petro-stasyuk/profil/spieler/343622,,дані TM ще не зібрано (бюджет/помилка),,,,,,,,,,343622,LB,DF,80,4,88,2
tm:381268,Гліб Бухал,,,,,,,https://www.transfermarkt.com/glib-bukhal/profil/spieler/381268,,дані TM ще не зібрано (бюджет/помилка),,,,,,,,,,381268,CB,DF,80,4,20,1
tm:396400,Ілля Путря,,,,,,,https://www.transfermarkt.com/ilya-putrya/profil/spieler/396400,,дані TM ще не зібрано (бюджет/помилка),,,,,,,,,,396400,RB,DF,80,7,105,10
tm:42933,Аніс Бусаїді,,,,,,,https://www.transfermarkt.com/anis-boussaidi/profil/spieler/42933,,дані TM ще не зібрано (бюджет/помилка),,,,,,,,,,42933,RB,DF,80,7,121,4
tm:467243,Віктор Корнієнко,,,,,,,https://www.transfermarkt.com/viktor-korniyenko/profil/spieler/467243,,дані TM ще не зібрано (бюджет/помилка),,,,,,,,,,467243,LB,DF,80,6,59,3
tm:58418,Вадим Мілько,,,,,,,https://www.transfermarkt.com/vadym-milko/profil/spieler/58418,,дані TM ще не зібрано (бюджет/помилка),,,,,,,,,,58418,CM,MF,80,12,193,13
tm:59253,Андрій Бойко,,,,,,,https://www.transfermarkt.com/andriy-boyko/profil/spieler/59253,,дані TM ще не зібрано (бюджет/помилка),,,,,,,,,,59253,CB,DF,80,9,126,2
tm:59877,Руслан Черненко,,,,,,,https://www.transfermarkt.com/ruslan-chernenko/profil/spieler/59877,,дані TM ще не зібрано (бюджет/помилка),,,,,,,,,,59877,CM,MF,80,5,76,4
tm:620722,Деян Попара,,,,,,,https://www.transfermarkt.com/dejan-popara/profil/spieler/620722,,дані TM ще не зібрано (бюджет/помилка),,,,,,,,,,620722,CDM,MF,80,2,39,2
tm:624808,Ілір Краснічі,,,,,,,https://www.transfermarkt.com/ilir-krasniqi/profil/spieler/624808,,дані TM ще не зібрано (бюджет/помилка),,,,,,,,,,624808,CB,DF,80,2,48,1
tm:627222,Таллес Коста,,,,,,,https://www.transfermarkt.com/talles-costa/profil/spieler/627222,,дані TM ще не зібрано (бюджет/помилка),,,,,,,,,,627222,CM,MF,80,3,37,0
tm:631819,Даніл Скорко,,,,,,,https://www.transfermarkt.com/danil-skorko/profil/spieler/631819,,дані TM ще не зібрано (бюджет/помилка),,,,,,,,,,631819,RB,DF,80,4,64,4
tm:685375,Кай Ціпот,,,,,,,https://www.transfermarkt.com/kai-cipot/profil/spieler/685375,,дані TM ще не зібрано (бюджет/помилка),,,,,,,,,,685375,CB,DF,80,1,29,2
tm:87893,Василь Прийма,,,,,,,https://www.transfermarkt.com/vasyl-pryima/profil/spieler/87893,,дані TM ще не зібрано (бюджет/помилка),,,,,,,,,,87893,CB,DF,80,10,139,5
tm:892097,Андрусв Араухо,,,,,,,https://www.transfermarkt.com/andrusw-araujo/profil/spieler/892097,,дані TM ще не зібрано (бюджет/помилка),,,,,,,,,,892097,CDM,MF,80,1,26,0
tm:91358,Євген Новак,,,,,,,https://www.transfermarkt.com/yevgeniy-novak/profil/spieler/91358,,дані TM ще не зібрано (бюджет/помилка),,,,,,,,,,91358,CB,DF,80,5,63,3
tm:91527,Роман Карасюк,,,,,,,https://www.transfermarkt.com/roman-karasyuk/profil/spieler/91527,,дані TM ще не зібрано (бюджет/помилка),,,,,,,,,,91527,CDM,MF,80,8,107,4
tm:91991,Сергій Люлька,,,,,,,https://www.transfermarkt.com/sergiy-lyulka/profil/spieler/91991,,дані TM ще не зібрано (бюджет/помилка),,,,,,,,,,91991,RB,DF,80,7,115,0
tm:951439,Максим Сміян,,,,,,,https://www.transfermarkt.com/maksym-smiyan/profil/spieler/951439,,дані TM ще не зібрано (бюджет/помилка),,,,,,,,,,951439,LB,DF,80,4,57,2
w:1959-06-28:iaschenko,Сергій Ященко,,,,,,,,,немає Transfermarkt ID (не знайдено/не підтверджено датою народження),,,,,,,,,,,CM,MF,80,3,93,1
w:1960-01-07:shoh,Антон Шох,,,,,,,https://www.transfermarkt.com/anton-shokh/profil/spieler/214452,,tm id: wikidata P2446 + dob; дані TM ще не зібрано (бюджет/помилка),,,,,,,,,,214452,CDM,MF,80,2,13,3
w:1962-08-24:suharev,Сергій Сухарев,,,,,,,,,немає Transfermarkt ID (не знайдено/не підтверджено датою народження),,,,,,,,,,,CB,DF,80,2,48,1
w:1963-05-25:vatamaniuk,Ярослав Ватаманюк,,,,,,,,,немає Transfermarkt ID (не знайдено/не підтверджено датою народження),,,,,,,,,,,CB,DF,80,6,132,0
w:1963-11-05:romanov,Юрій Романов,,,,,,,,,немає Transfermarkt ID (не знайдено/не підтверджено датою народження),,,,,,,,,,,CB,DF,80,3,68,0
w:1963-12-20:leskiv,Василь Леськів,,,,,,,https://www.transfermarkt.com/vasyl-leskiv/profil/spieler/883495,,tm id: wikidata P2446 + dob; дані TM ще не зібрано (бюджет/помилка),,,,,,,,,,883495,CM,MF,80,5,76,5
w:1964-02-19:salimov,Фанас Салімов,,,,,,,,,немає Transfermarkt ID (не знайдено/не підтверджено датою народження),,,,,,,,,,,CM,MF,80,4,88,3
w:1964-12-19:iakovenko,Павло Яковенко,,,,,,,https://www.transfermarkt.com/pavlo-yakovenko/profil/spieler/117395,,tm id: wikidata P2446 + dob; дані TM ще не зібрано (бюджет/помилка),,,,,,,,,,117395,CM,MF,80,1,9,1
w:1965-01-17:danilishin,Віктор Данилишин,,,,,,,,,немає Transfermarkt ID (не знайдено/не підтверджено датою народження),,,,,,,,,,,CM,MF,80,2,26,6
w:1967-05-01:vilchinski,Володимир Вільчинський,,,,,,,,,немає Transfermarkt ID (не знайдено/не підтверджено датою народження),,,,,,,,,,,CB,DF,80,4,72,3
w:1967-10-01:chihradze,Георгій Чіхрадзе,,,,,,,https://www.transfermarkt.com/giorgi-chikhradze/profil/spieler/174330,,"tm id: repo link (data/foot, data/positions); дані TM ще не зібрано (бюджет/помилка)",,,,,,,,,,174330,CDM,DF,80,4,93,3
w:1968-02-01:sarnavski,Ігор Сарнавський,,,,,,,,,немає Transfermarkt ID (не знайдено/не підтверджено датою народження),,,,,,,,,,,CB,DF,80,3,62,2
w:1969-03-12:shmarko,Олександр Шмарко,,,,,,,https://www.transfermarkt.com/aleksandr-shmarko/profil/spieler/24166,,"tm id: repo link (data/foot, data/positions); дані TM ще не зібрано (бюджет/помилка)",,,,,,,,,,24166,CB,DF,80,2,12,0
w:1969-08-23:homuha,Дмитро Хомуха,,,,,,,https://www.transfermarkt.com/dmitriy-khomukha/profil/spieler/24143,,"tm id: repo link (data/foot, data/positions); дані TM ще не зібрано (бюджет/помилка)",,,,,,,,,,24143,CM,MF,80,2,37,2
w:1970-06-23:antonel,Іонел Пірву,,,,,,,https://www.transfermarkt.com/ionel-parvu/profil/spieler/99769,,tm id: wikidata P2446 + dob; дані TM ще не зібрано (бюджет/помилка),,,,,,,,,,99769,CM,MF,80,5,80,5
w:1971-04-02:laktionov,Олександр Лактіонов,,,,,,,,,немає Transfermarkt ID (не знайдено/не підтверджено датою народження),,,,,,,,,,,CM,MF,80,3,65,9
w:1971-06-27:muraviov,Олег Муравйов,,,,,,,,,немає Transfermarkt ID (не знайдено/не підтверджено датою народження),,,,,,,,,,,CB,DF,80,3,78,0
w:1971-08-23:skish,Віталій Скиш,,,,,,,,,немає Transfermarkt ID (не знайдено/не підтверджено датою народження),,,,,,,,,,,CB,DF,80,8,114,13
w:1972-10-11:zuenko,Микола Зуєнко,,,,,,,,,немає Transfermarkt ID (не знайдено/не підтверджено датою народження),,,,,,,,,,,CB,DF,80,8,167,8
w:1973-01-08:vasilkiv,Руслан Васильків,,,,,,,https://www.transfermarkt.com/ruslan-vasylkiv/profil/spieler/123760,,tm id: wikidata P2446 + dob; дані TM ще не зібрано (бюджет/помилка),,,,,,,,,,123760,CM,MF,80,2,29,3
w:1973-02-19:huzenko,Андрій Гузенко,,,,,,,https://www.transfermarkt.com/andriy-guzenko/profil/spieler/529621,,tm id: wikidata P2446 + dob; дані TM ще не зібрано (бюджет/помилка),,,,,,,,,,529621,CM,MF,80,10,178,13
w:1973-08-01:bohunov,Сергій Богунов,,,,,,,,,немає Transfermarkt ID (не знайдено/не підтверджено датою народження),,,,,,,,,,,CM,MF,80,4,108,4
w:1974-02-17:homa,Ярослав Хома,,,,,,,https://www.transfermarkt.com/yaroslav-khoma/profil/spieler/27158,,tm id: wikidata P2446 + dob; дані TM ще не зібрано (бюджет/помилка),,,,,,,,,,27158,CM,MF,80,8,112,4
w:1974-07-12:abramov,Віталій Абрамов,,,,,,,https://www.transfermarkt.com/vitaliy-abramov/profil/spieler/109647,,tm id: wikidata P2446 + dob; дані TM ще не зібрано (бюджет/помилка),,,,,,,,,,109647,CM,MF,80,3,32,2
w:1974-10-01:kiriuhin,Олександр Кірюхін,,,,,,,https://www.transfermarkt.com/oleksandr-kiryukhin/profil/spieler/135968,,"tm id: repo link (data/foot, data/positions); дані TM ще не зібрано (бюджет/помилка)",,,,,,,,,,135968,CB,DF,80,6,43,1
w:1974-10-04:bulihinshramko,Сергій Булигін-Шрамко,,,,,,,,,немає Transfermarkt ID (не знайдено/не підтверджено датою народження),,,,,,,,,,,CB,DF,80,3,35,0
w:1975-02-03:zakotiuk,Микола Закотюк,,,,,,,,,немає Transfermarkt ID (не знайдено/не підтверджено датою народження),,,,,,,,,,,CM,MF,80,9,165,8
w:1975-02-17:lavrinenko,Сергій Лавриненко,,,,,,,https://www.transfermarkt.com/sergiy-lavrynenko/profil/spieler/885346,,tm id: wikidata P2446 + dob; дані TM ще не зібрано (бюджет/помилка),,,,,,,,,,885346,CB,DF,80,8,136,1
w:1975-11-21:lutsishin,Михайло Луцишин,,,,,,,https://www.transfermarkt.com/mykhaylo-gurka/profil/spieler/95210,,tm id: wikidata P2446 + dob; дані TM ще не зібрано (бюджет/помилка),,,,,,,,,,95210,CM,MF,80,4,51,2
w:1976-03-21:demenko,Максим Деменко,,,,,,,https://www.transfermarkt.com/maksim-demenko/profil/spieler/15063,,tm id: wikidata P2446 + dob; дані TM ще не зібрано (бюджет/помилка),,,,,,,,,,15063,CM,DF,80,2,13,0
w:1976-09-10:marius,Маріус Міту,,,,,,,https://www.transfermarkt.com/marius-mitu/profil/spieler/13118,,tm id: wikidata P2446 + dob; дані TM ще не зібрано (бюджет/помилка),,,,,,,,,,13118,CM,MF,80,3,41,3
w:1976-10-04:sapuha,Андрій Сапуга,,,,,,,https://www.transfermarkt.com/andriy-sapuga/profil/spieler/89111,,tm id: wikidata P2446 + dob; дані TM ще не зібрано (бюджет/помилка),,,,,,,,,,89111,CB,MF,80,8,132,5
w:1977-02-07:shuha,Іван Шуга,,,,,,,https://www.transfermarkt.com/ivan-shuga/profil/spieler/70765,,tm id: wikidata P2446 + dob; дані TM ще не зібрано (бюджет/помилка),,,,,,,,,,70765,CB,DF,80,4,86,1
w:1977-12-22:lalatovich,Ненад Лалатович,,,,,,,https://www.transfermarkt.com/nenad-lalatovic/profil/spieler/14541,,tm id: wikidata P2446 + dob; дані TM ще не зібрано (бюджет/помилка),,,,,,,,,,14541,CB,DF,80,2,14,0
w:1978-08-21:braila,Володимир Браіла,,,,,,,https://www.transfermarkt.com/volodymyr-braila/profil/spieler/57858,,tm id: wikidata P2446 + dob; дані TM ще не зібрано (бюджет/помилка),,,,,,,,,,57858,CM,MF,80,10,154,7
w:1979-04-04:kozir,Сергій Козир,,,,,,,https://www.transfermarkt.com/sergiy-kozyr/profil/spieler/169337,,tm id: wikidata P2446 + dob; дані TM ще не зібрано (бюджет/помилка),,,,,,,,,,169337,CM,MF,80,3,44,4
w:1979-04-09:valutsa,Едуард Валуца,,,,,,,https://www.transfermarkt.com/eduard-valuta/profil/spieler/57908,,tm id: wikidata P2446 + dob; дані TM ще не зібрано (бюджет/помилка),,,,,,,,,,57908,CB,DF,80,4,43,3
w:1979-07-11:kosilov,Сергій Косілов,,,,,,,https://www.transfermarkt.com/sergey-kosilov/profil/spieler/232036,,tm id: wikidata P2446 + dob; дані TM ще не зібрано (бюджет/помилка),,,,,,,,,,232036,CM,MF,80,6,73,7
w:1979-10-27:drahan,Драган Перішич,,,,,,,https://www.transfermarkt.com/dragan-perisic/profil/spieler/42509,,tm id: wikidata P2446 + dob; дані TM ще не зібрано (бюджет/помилка),,,,,,,,,,42509,CB,DF,80,3,33,3
w:1980-07-16:dmitruk,Олександр Дмитрук,,,,,,,,,немає Transfermarkt ID (не знайдено/не підтверджено датою народження),,,,,,,,,,,CM,MF,80,2,39,2
w:1980-08-11:bermudes,Дмитро Бермудес,,,,,,,,,немає Transfermarkt ID (не знайдено/не підтверджено датою народження),,,,,,,,,,,CM,MF,80,2,27,5
w:1980-11-10:lutsenko,Євген Луценко,,,,,,,https://www.transfermarkt.com/yevgen-lutsenko/profil/spieler/15690,,"tm id: repo link (data/foot, data/positions); дані TM ще не зібрано (бюджет/помилка)",,,,,,,,,,15690,CM,MF,80,7,102,5
w:1981-06-10:suchkov,Олексій Сучков,,,,,,,https://www.transfermarkt.com/aleksey-suchkov/profil/spieler/58142,,tm id: wikidata P2446 + dob; дані TM ще не зібрано (бюджет/помилка),,,,,,,,,,58142,CDM,MF,80,5,88,3
w:1981-10-24:popov,Володимир Попов,,,,,,,https://www.transfermarkt.com/volodymyr-popov/profil/spieler/43355,,tm id: wikidata P2446 + dob; дані TM ще не зібрано (бюджет/помилка),,,,,,,,,,43355,CM,MF,80,3,38,2
w:1982-02-07:lozinski,Євгеній Лозінський,,,,,,,https://www.transfermarkt.com/yevgeniy-lozinskyi/profil/spieler/21900,,tm id: wikidata P2446 + dob; дані TM ще не зібрано (бюджет/помилка),,,,,,,,,,21900,CB,DF,80,7,101,2
w:1983-03-04:ilnitski,Тарас Ільницький,,,,,,,https://www.transfermarkt.com/taras-ilnytskyi/profil/spieler/59270,,"tm id: repo link (data/foot, data/positions); дані TM ще не зібрано (бюджет/помилка)",,,,,,,,,,59270,LB,DF,80,6,111,1
w:1984-03-10:tsiharav,Ян Тігорєв,,,,,,,https://www.transfermarkt.com/yan-tigorev/profil/spieler/26357,,tm id: wikidata P2446 + dob; дані TM ще не зібрано (бюджет/помилка),,,,,,,,,,26357,CDM,DF,80,5,110,1
w:1984-04-30:karamushka,Олег Карамушка,,,,,,,https://www.transfermarkt.com/oleg-karamushka/profil/spieler/27191,,tm id: wikidata P2446 + dob; дані TM ще не зібрано (бюджет/помилка),,,,,,,,,,27191,CB,DF,80,8,92,3
w:1985-02-24:iatsenko,Олександр Яценко,,,,,,,https://www.transfermarkt.com/oleksandr-yatsenko/profil/spieler/9776,,"tm id: repo link (data/foot, data/positions); дані TM ще не зібрано (бюджет/помилка)",,,,,,,,,,9776,CB,DF,80,9,111,2
w:1986-03-19:aparesido,Леонардо,,,,,,,,,немає Transfermarkt ID (не знайдено/не підтверджено датою народження),,,,,,,,,,,CB,DF,80,2,15,0
tm:114658,Сергій Воронін,,,,,,,https://www.transfermarkt.com/sergiy-voronin/profil/spieler/114658,,дані TM ще не зібрано (бюджет/помилка),,,,,,,,,,114658,LB,DF,79,6,62,2
tm:122317,Віталій Гошкодеря,,,,,,,https://www.transfermarkt.com/vitaliy-goshkoderya/profil/spieler/122317,,дані TM ще не зібрано (бюджет/помилка),,,,,,,,,,122317,CM,DF,79,7,99,3
tm:166563,Денис Балан,,,,,,,https://www.transfermarkt.com/denys-balan/profil/spieler/166563,,дані TM ще не зібрано (бюджет/помилка),,,,,,,,,,166563,RB,DF,79,4,53,3
tm:197078,Давид Пуцлін,,,,,,,https://www.transfermarkt.com/david-puclin/profil/spieler/197078,,дані TM ще не зібрано (бюджет/помилка),,,,,,,,,,197078,CDM,MF,79,3,42,3
tm:203856,Іван Лобай,,,,,,,https://www.transfermarkt.com/ivan-lobay/profil/spieler/203856,,дані TM ще не зібрано (бюджет/помилка),,,,,,,,,,203856,CB,DF,79,5,54,1
tm:24670,Нікола Ігнятієвич,,,,,,,https://www.transfermarkt.com/nikola-ignjatijevic/profil/spieler/24670,,дані TM ще не зібрано (бюджет/помилка),,,,,,,,,,24670,LB,DF,79,4,64,0
tm:30694,Хуан Мануель Торрес,,,,,,,https://www.transfermarkt.com/juan-manuel-torres/profil/spieler/30694,,дані TM ще не зібрано (бюджет/помилка),,,,,,,,,,30694,CDM,MF,79,4,46,1
tm:37301,Велі Лампі,,,,,,,https://www.transfermarkt.com/veli-lampi/profil/spieler/37301,,дані TM ще не зібрано (бюджет/помилка),,,,,,,,,,37301,RB,DF,79,3,20,1
tm:382895,Роман Гончаренко,,,,,,,https://www.transfermarkt.com/roman-goncharenko/profil/spieler/382895,,дані TM ще не зібрано (бюджет/помилка),,,,,,,,,,382895,CB,DF,79,5,87,1
tm:45343,Олег Гуменюк,,,,,,,https://www.transfermarkt.com/oleg-gumenyuk/profil/spieler/45343,,дані TM ще не зібрано (бюджет/помилка),,,,,,,,,,45343,RB,DF,79,10,118,5
tm:517081,Владислав Приймак,,,,,,,https://www.transfermarkt.com/vladyslav-pryimak/profil/spieler/517081,,дані TM ще не зібрано (бюджет/помилка),,,,,,,,,,517081,CB,DF,79,5,98,2
tm:525576,Бандейра,,,,,,,https://www.transfermarkt.com/bandeira/profil/spieler/525576,,дані TM ще не зібрано (бюджет/помилка),,,,,,,,,,525576,RB,DF,79,3,31,1
tm:58002,Володимир Федорів,,,,,,,https://www.transfermarkt.com/volodymyr-fedoriv/profil/spieler/58002,,дані TM ще не зібрано (бюджет/помилка),,,,,,,,,,58002,RB,DF,79,5,102,0
tm:58402,Максим Ковальов,,,,,,,https://www.transfermarkt.com/maksym-kovalyov/profil/spieler/58402,,дані TM ще не зібрано (бюджет/помилка),,,,,,,,,,58402,CB,DF,79,10,130,5
tm:59265,Сергій Ференчак,,,,,,,https://www.transfermarkt.com/sergey-ferenchak/profil/spieler/59265,,дані TM ще не зібрано (бюджет/помилка),,,,,,,,,,59265,CM,MF,79,4,56,5
tm:773961,Олег Федор,,,,,,,https://www.transfermarkt.com/oleg-fedor/profil/spieler/773961,,дані TM ще не зібрано (бюджет/помилка),,,,,,,,,,773961,CM,MF,79,3,61,0
tm:795280,Тимур Кораблін,,,,,,,https://www.transfermarkt.com/tymur-korablin/profil/spieler/795280,,дані TM ще не зібрано (бюджет/помилка),,,,,,,,,,795280,CM,MF,79,3,46,5
tm:85938,Андрій Оберемко,,,,,,,https://www.transfermarkt.com/andriy-oberemko/profil/spieler/85938,,дані TM ще не зібрано (бюджет/помилка),,,,,,,,,,85938,CM,MF,79,9,100,4
tm:94923,Ігор Чайковський,,,,,,,https://www.transfermarkt.com/igor-chaykovskyi/profil/spieler/94923,,дані TM ще не зібрано (бюджет/помилка),,,,,,,,,,94923,CDM,MF,79,12,159,3
tm:94928,Руслан Бабенко,,,,,,,https://www.transfermarkt.com/ruslan-babenko/profil/spieler/94928,,дані TM ще не зібрано (бюджет/помилка),,,,,,,,,,94928,CM,MF,79,12,171,5
tm:96455,Євген Макаренко,,,,,,,https://www.transfermarkt.com/yevgen-makarenko/profil/spieler/96455,,дані TM ще не зібрано (бюджет/помилка),,,,,,,,,,96455,CDM,MF,79,5,64,3
w:1962-06-05:smotrich,Юрій Смотрич,,,,,,,https://www.transfermarkt.com/yuriy-smotrych/profil/spieler/190448,,tm id: wikidata P2446 + dob; дані TM ще не зібрано (бюджет/помилка),,,,,,,,,,190448,CB,DF,79,3,43,0
w:1963-03-01:novak,Володимир Новак,,,,,,,,,немає Transfermarkt ID (не знайдено/не підтверджено датою народження),,,,,,,,,,,CB,DF,79,3,90,0
w:1963-11-12:sobotiuk,Сергій Соботюк,,,,,,,,,немає Transfermarkt ID (не знайдено/не підтверджено датою народження),,,,,,,,,,,CB,DF,79,3,64,0
w:1964-05-04:bilozerski,Олександр Білозерський,,,,,,,,,немає Transfermarkt ID (не знайдено/не підтверджено датою народження),,,,,,,,,,,CB,DF,79,5,86,2
w:1965-12-06:fokin,Ігор Фокін,,,,,,,,,немає Transfermarkt ID (не знайдено/не підтверджено датою народження),,,,,,,,,,,CB,DF,79,6,169,3
w:1968-09-20:kochvar,Сергій Кочвар,,,,,,,https://www.transfermarkt.com/sergiy-kochvar/profil/spieler/306264,,tm id: wikidata P2446 + dob; дані TM ще не зібрано (бюджет/помилка),,,,,,,,,,306264,CB,DF,79,5,70,2
w:1971-01-11:pavliuchenko,Костянтин Павлюченко,,,,,,,https://www.transfermarkt.com/konstantin-pavlyuchenko/profil/spieler/510206,,tm id: wikidata P2446 + dob; дані TM ще не зібрано (бюджет/помилка),,,,,,,,,,510206,CB,MF,79,4,53,1
w:1971-08-02:jilin,Олег Жилін,,,,,,,,,немає Transfermarkt ID (не знайдено/не підтверджено датою народження),,,,,,,,,,,CDM,MF,79,4,94,5
w:1972-03-10:chorniavski,Олександр Чорнявський,,,,,,,,,немає Transfermarkt ID (не знайдено/не підтверджено датою народження),,,,,,,,,,,CB,DF,79,6,96,3
w:1972-08-07:ulianitski,Віктор Ульяницький,,,,,,,,,немає Transfermarkt ID (не знайдено/не підтверджено датою народження),,,,,,,,,,,CB,DF,79,5,90,3
w:1973-11-01:hnativ,Роман Гнатів,,,,,,,https://www.transfermarkt.com/roman-gnativ/profil/spieler/966704,,tm id: wikidata P2446 + dob; дані TM ще не зібрано (бюджет/помилка),,,,,,,,,,966704,CM,MF,79,6,81,6
w:1974-01-23:kormiltsev,Сергій Кормильцев,,,,,,,,,немає Transfermarkt ID (не знайдено/не підтверджено датою народження),,,,,,,,,,,CM,MF,79,3,31,1
w:1974-06-01:zaiats,Вадим Заяць,,,,,,,https://www.transfermarkt.com/vadym-zayats/profil/spieler/167992,,tm id: wikidata P2446 + dob; дані TM ще не зібрано (бюджет/помилка),,,,,,,,,,167992,CM,MF,79,9,135,4
w:1974-06-18:mishenin,Олег Мішенін,,,,,,,,,немає Transfermarkt ID (не знайдено/не підтверджено датою народження),,,,,,,,,,,CB,DF,79,4,68,0
w:1974-08-09:nikolaichuk,Матвій Николайчук,,,,,,,,,немає Transfermarkt ID (не знайдено/не підтверджено датою народження),,,,,,,,,,,CM,MF,79,9,136,10
w:1975-09-11:kostiukov,Сергій Костюков,,,,,,,,,немає Transfermarkt ID (не знайдено/не підтверджено датою народження),,,,,,,,,,,CM,MF,79,5,61,5
w:1977-11-25:opria,Анатолій Опря,,,,,,,https://www.transfermarkt.com/anatoliy-oprya/profil/spieler/59108,,tm id: wikidata P2446 + dob; дані TM ще не зібрано (бюджет/помилка),,,,,,,,,,59108,CDM,DF,79,8,154,6
w:1978-08-19:nikitsenka,Сергій Нікітенко,,,,,,,https://www.transfermarkt.com/sergey-nikitenko/profil/spieler/169789,,tm id: wikidata P2446 + dob; дані TM ще не зібрано (бюджет/помилка),,,,,,,,,,169789,CM,MF,79,3,40,2
w:1979-05-28:sanjar,Роман Санжар,,,,,,,https://www.transfermarkt.com/roman-sanzhar/profil/spieler/193280,,tm id: wikidata P2446 + dob; дані TM ще не зібрано (бюджет/помилка),,,,,,,,,,193280,CM,DF,79,3,45,1
w:1980-03-23:rojon,Віталій Розгон,,,,,,,https://www.transfermarkt.com/vitaliy-rozgon/profil/spieler/27205,,tm id: wikidata P2446 + dob; дані TM ще не зібрано (бюджет/помилка),,,,,,,,,,27205,CB,DF,79,7,133,0
w:1980-04-12:andrenko,Денис Андрієнко,,,,,,,https://www.transfermarkt.com/denys-andrienko/profil/spieler/23990,,"tm id: repo link (data/foot, data/positions); дані TM ще не зібрано (бюджет/помилка)",,,,,,,,,,23990,RB,DF,79,14,193,3
w:1981-05-16:riahn,Тааві Ряхн,,,,,,,https://www.transfermarkt.com/taavi-raehn/profil/spieler/44151,,tm id: wikidata P2446 + dob; дані TM ще не зібрано (бюджет/помилка),,,,,,,,,,44151,CB,MF,79,3,55,3
w:1981-08-02:komarnitski,Віталій Комарницький,,,,,,,https://www.transfermarkt.com/vitaliy-komarnytskyi/profil/spieler/58049,,"tm id: repo link (data/foot, data/positions); дані TM ще не зібрано (бюджет/помилка)",,,,,,,,,,58049,CB,DF,79,7,146,0
w:1981-12-13:chamba,Поль Ессола,,,,,,,https://www.transfermarkt.com/paul-essola/profil/spieler/5589,,tm id: wikidata P2446 + dob; дані TM ще не зібрано (бюджет/помилка),,,,,,,,,,5589,CDM,MF,79,4,53,1
w:1983-11-10:hiorhi,Гіоргі Цімакурідзе,,,,,,,https://www.transfermarkt.com/giorgi-tsimakuridze/profil/spieler/60903,,tm id: wikidata P2446 + dob; дані TM ще не зібрано (бюджет/помилка),,,,,,,,,,60903,CM,MF,79,5,80,5
w:1985-04-25:rojok,Сергій Рожок,,,,,,,https://www.transfermarkt.com/sergiy-rozhok/profil/spieler/91476,,tm id: wikidata P2446 + dob; дані TM ще не зібрано (бюджет/помилка),,,,,,,,,,91476,CM,MF,79,6,63,3
w:1987-04-16:evsev,Євген Євсєєв,,,,,,,https://www.transfermarkt.com/evgen-evseev/profil/spieler/59814,,tm id: wikidata P2446 + dob; дані TM ще не зібрано (бюджет/помилка),,,,,,,,,,59814,CB,DF,79,4,68,4
tm:110688,Сергій Логінов,,,,,,,https://www.transfermarkt.com/sergiy-loginov/profil/spieler/110688,,дані TM ще не зібрано (бюджет/помилка),,,,,,,,,,110688,CB,DF,78,8,130,4
tm:12064,Ігор Скоба,,,,,,,https://www.transfermarkt.com/igor-skoba/profil/spieler/12064,,дані TM ще не зібрано (бюджет/помилка),,,,,,,,,,12064,CM,MF,78,13,177,12
tm:167553,Антон Братков,,,,,,,https://www.transfermarkt.com/anton-bratkov/profil/spieler/167553,,дані TM ще не зібрано (бюджет/помилка),,,,,,,,,,167553,CB,DF,78,3,39,0
tm:169260,Віталій Єрмаков,,,,,,,https://www.transfermarkt.com/vitaliy-yermakov/profil/spieler/169260,,дані TM ще не зібрано (бюджет/помилка),,,,,,,,,,169260,CB,DF,78,7,117,6
tm:170354,Сергій Вакуленко,,,,,,,https://www.transfermarkt.com/sergiy-vakulenko/profil/spieler/170354,,дані TM ще не зібрано (бюджет/помилка),,,,,,,,,,170354,CB,DF,78,4,58,8
tm:232612,Євген Смирнов,,,,,,,https://www.transfermarkt.com/yevgen-smirnov/profil/spieler/232612,,дані TM ще не зібрано (бюджет/помилка),,,,,,,,,,232612,CDM,DF,78,5,59,4
tm:288857,Дмитро Нагієв,,,,,,,https://www.transfermarkt.com/dmitriy-nagiyev/profil/spieler/288857,,дані TM ще не зібрано (бюджет/помилка),,,,,,,,,,288857,RB,DF,78,3,60,1
tm:292570,Євген Мартиненко,,,,,,,https://www.transfermarkt.com/yevgen-martynenko/profil/spieler/292570,,дані TM ще не зібрано (бюджет/помилка),,,,,,,,,,292570,CB,DF,78,8,79,4
tm:307053,Сергій Панасенко,,,,,,,https://www.transfermarkt.com/sergiy-panasenko/profil/spieler/307053,,дані TM ще не зібрано (бюджет/помилка),,,,,,,,,,307053,CM,MF,78,3,49,4
tm:321146,Владислав Клименко,,,,,,,https://www.transfermarkt.com/vladyslav-klymenko/profil/spieler/321146,,дані TM ще не зібрано (бюджет/помилка),,,,,,,,,,321146,CM,MF,78,4,55,2
tm:376226,Євген Цимбалюк,,,,,,,https://www.transfermarkt.com/yevgeniy-tsymbalyuk/profil/spieler/376226,,дані TM ще не зібрано (бюджет/помилка),,,,,,,,,,376226,CB,DF,78,7,81,1
tm:396402,Володимир Якимець,,,,,,,https://www.transfermarkt.com/volodymyr-yakimets/profil/spieler/396402,,дані TM ще не зібрано (бюджет/помилка),,,,,,,,,,396402,LB,DF,78,4,61,1
tm:419062,Клим Приходько,,,,,,,https://www.transfermarkt.com/klim-prykhodko/profil/spieler/419062,,дані TM ще не зібрано (бюджет/помилка),,,,,,,,,,419062,CDM,MF,78,3,43,4
tm:48989,Дмитро Гришко,,,,,,,https://www.transfermarkt.com/dmytro-gryshko/profil/spieler/48989,,дані TM ще не зібрано (бюджет/помилка),,,,,,,,,,48989,CB,DF,78,11,206,8
tm:492354,Денис Норенков,,,,,,,https://www.transfermarkt.com/denys-norenkov/profil/spieler/492354,,дані TM ще не зібрано (бюджет/помилка),,,,,,,,,,492354,LB,DF,78,4,29,1
tm:501417,Кирило Дришлюк,,,,,,,https://www.transfermarkt.com/kyrylo-dryshlyuk/profil/spieler/501417,,дані TM ще не зібрано (бюджет/помилка),,,,,,,,,,501417,CM,MF,78,8,114,0
tm:533537,Ростислав Лях,,,,,,,https://www.transfermarkt.com/rostyslav-lyakh/profil/spieler/533537,,дані TM ще не зібрано (бюджет/помилка),,,,,,,,,,533537,LB,DF,78,7,106,1
tm:537859,Андрій Кравчук,,,,,,,https://www.transfermarkt.com/andriy-kravchuk/profil/spieler/537859,,дані TM ще не зібрано (бюджет/помилка),,,,,,,,,,537859,CM,MF,78,4,21,2
tm:57900,В'ячеслав Сердюк,,,,,,,https://www.transfermarkt.com/vyacheslav-serdyuk/profil/spieler/57900,,дані TM ще не зібрано (бюджет/помилка),,,,,,,,,,57900,CB,DF,78,9,149,2
tm:58020,Самсон Годвін,,,,,,,https://www.transfermarkt.com/samson-godwin/profil/spieler/58020,,дані TM ще не зібрано (бюджет/помилка),,,,,,,,,,58020,CDM,MF,78,10,174,2
tm:606743,Іван Литвиненко,,,,,,,https://www.transfermarkt.com/ivan-lytvynenko/profil/spieler/606743,,дані TM ще не зібрано (бюджет/помилка),,,,,,,,,,606743,CDM,MF,78,3,24,2
tm:775830,Семен Вовченко,,,,,,,https://www.transfermarkt.com/semen-vovchenko/profil/spieler/775830,,дані TM ще не зібрано (бюджет/помилка),,,,,,,,,,775830,CB,DF,78,4,94,5
tm:935047,Кирило Сігеєв,,,,,,,https://www.transfermarkt.com/kyrylo-sigeev/profil/spieler/935047,,дані TM ще не зібрано (бюджет/помилка),,,,,,,,,,935047,CM,MF,78,3,51,2
tm:95129,Євген Морозенко,,,,,,,https://www.transfermarkt.com/yevgen-morozenko/profil/spieler/95129,,дані TM ще не зібрано (бюджет/помилка),,,,,,,,,,95129,CM,MF,78,3,24,1
w:1961-02-10:volkov,Олександр Волков,,,,,,,https://www.transfermarkt.com/oleksandr-volkov/profil/spieler/991722,,tm id: wikidata P2446 + dob; дані TM ще не зібрано (бюджет/помилка),,,,,,,,,,991722,CB,DF,78,5,120,2
w:1961-09-01:chervoni,Олександр Червоний,,,,,,,,,немає Transfermarkt ID (не знайдено/не підтверджено датою народження),,,,,,,,,,,CDM,MF,78,6,103,2
w:1965-02-17:cherkun,Ігор Черкун,,,,,,,,,немає Transfermarkt ID (не знайдено/не підтверджено датою народження),,,,,,,,,,,CB,DF,78,6,121,0
w:1966-02-15:riznik,Володимир Різник,,,,,,,,,немає Transfermarkt ID (не знайдено/не підтверджено датою народження),,,,,,,,,,,CM,MF,78,5,85,2
w:1967-08-15:kozakov,Станіслав Козаков,,,,,,,,,немає Transfermarkt ID (не знайдено/не підтверджено датою народження),,,,,,,,,,,CM,MF,78,4,81,4
w:1968-12-10:kazmirchuk,Олег Казьмирчук,,,,,,,,,немає Transfermarkt ID (не знайдено/не підтверджено датою народження),,,,,,,,,,,CM,MF,78,4,71,3
w:1970-01-06:iablonski,Віктор Яблонський,,,,,,,https://www.transfermarkt.com/viktor-yablonskyi/profil/spieler/305460,,tm id: wikidata P2446 + dob; дані TM ще не зібрано (бюджет/помилка),,,,,,,,,,305460,CM,MF,78,3,39,2
w:1970-03-05:tutichenko,Дмитро Тутиченко,,,,,,,https://www.transfermarkt.com/dmytro-tutychenko/profil/spieler/533750,,"tm id: repo link (data/foot, data/positions); дані TM ще не зібрано (бюджет/помилка)",,,,,,,,,,533750,CM,MF,78,3,74,2
w:1970-03-07:vetrov,Олег Вєтров,,,,,,,,,немає Transfermarkt ID (не знайдено/не підтверджено датою народження),,,,,,,,,,,CB,FW,78,4,90,7
w:1970-09-21:dziubenko,Геннадій Дзюбенко,,,,,,,https://www.transfermarkt.com/gennadiy-dzyubenko/profil/spieler/305757,,tm id: wikidata P2446 + dob; дані TM ще не зібрано (бюджет/помилка),,,,,,,,,,305757,CM,MF,78,3,45,2
w:1971-03-07:soloviov,Сергій Соловйов,,,,,,,,,немає Transfermarkt ID (не знайдено/не підтверджено датою народження),,,,,,,,,,,CB,DF,78,4,43,0
w:1972-06-05:maksimenko,Андрій Максименко,,,,,,,,,немає Transfermarkt ID (не знайдено/не підтверджено датою народження),,,,,,,,,,,CB,DF,78,6,119,1
w:1973-05-24:kalian,Сергій Кальян,,,,,,,,,немає Transfermarkt ID (не знайдено/не підтверджено датою народження),,,,,,,,,,,CB,DF,78,3,38,2
w:1974-10-22:iakimenko,Олексій Якименко,,,,,,,https://www.transfermarkt.com/oleksiy-yakymenko/profil/spieler/91281,,tm id: wikidata P2446 + dob; дані TM ще не зібрано (бюджет/помилка),,,,,,,,,,91281,CM,MF,78,6,96,4
w:1975-05-14:matsihura,Володимир Мацігура,,,,,,,https://www.transfermarkt.com/volodymyr-matsigura/profil/spieler/306215,,"tm id: repo link (data/foot, data/positions); дані TM ще не зібрано (бюджет/помилка)",,,,,,,,,,306215,RB,DF,78,4,47,1
w:1975-08-26:burdin,Олександр Бурдін,,,,,,,,,немає Transfermarkt ID (не знайдено/не підтверджено датою народження),,,,,,,,,,,CM,MF,78,5,73,3
w:1976-09-03:kotiuk,Андрій Котюк,,,,,,,,,немає Transfermarkt ID (не знайдено/не підтверджено датою народження),,,,,,,,,,,CB,DF,78,10,143,7
w:1976-10-11:lapko,Микола Лапко,,,,,,,https://www.transfermarkt.com/mykola-lapko/profil/spieler/58058,,tm id: wikidata P2446 + dob; дані TM ще не зібрано (бюджет/помилка),,,,,,,,,,58058,CM,MF,78,11,123,3
w:1977-07-08:timchishin,Олег Тимчишин,,,,,,,https://www.transfermarkt.com/oleg-tymchyshyn/profil/spieler/133461,,tm id: wikidata P2446 + dob; дані TM ще не зібрано (бюджет/помилка),,,,,,,,,,133461,CB,DF,78,7,115,0
w:1977-09-24:havriushov,Андрій Гаврюшов,,,,,,,https://www.transfermarkt.com/andriy-gavryushov/profil/spieler/59039,,tm id: wikidata P2446 + dob; дані TM ще не зібрано (бюджет/помилка),,,,,,,,,,59039,CB,DF,78,7,129,2
w:1977-12-10:datsenko,Сергій Даценко,,,,,,,https://www.transfermarkt.com/sergiy-datsenko/profil/spieler/25067,,"tm id: repo link (data/foot, data/positions); дані TM ще не зібрано (бюджет/помилка)",,,,,,,,,,25067,CB,MF,78,4,42,1
w:1978-06-08:sokolenko,Андрій Соколенко,,,,,,,https://www.transfermarkt.com/andriy-sokolenko/profil/spieler/58138,,tm id: wikidata P2446 + dob; дані TM ще не зібрано (бюджет/помилка),,,,,,,,,,58138,CB,DF,78,8,77,3
w:1979-02-22:litovchak,Роман Литовчак,,,,,,,,,немає Transfermarkt ID (не знайдено/не підтверджено датою народження),,,,,,,,,,,CM,MF,78,3,32,2
w:1979-10-04:polovkov,Олександр Половков,,,,,,,https://www.transfermarkt.com/oleksandr-polovkov/profil/spieler/58104,,tm id: wikidata P2446 + dob; дані TM ще не зібрано (бюджет/помилка),,,,,,,,,,58104,CB,DF,78,5,78,2
w:1980-01-07:biletski,Максим Білецький,,,,,,,https://www.transfermarkt.com/maksym-biletskyi/profil/spieler/25648,,tm id: wikidata P2446 + dob; дані TM ще не зібрано (бюджет/помилка),,,,,,,,,,25648,CDM,DF,78,3,65,1
w:1980-01-21:bratislav,Братислав Рістич,,,,,,,https://www.transfermarkt.com/bratislav-ristic/profil/spieler/24048,,tm id: wikidata P2446 + dob; дані TM ще не зібрано (бюджет/помилка),,,,,,,,,,24048,CM,MF,78,4,65,1
w:1980-05-16:melnik,Вадим Мельник,,,,,,,https://www.transfermarkt.com/vadym-melnyk/profil/spieler/59092,,"tm id: repo link (data/foot, data/positions); дані TM ще не зібрано (бюджет/помилка)",,,,,,,,,,59092,CB,FW,78,8,167,16
w:1981-01-03:donets,Андрій Донець,,,,,,,https://www.transfermarkt.com/andriy-donets/profil/spieler/57871,,"tm id: repo link (data/foot, data/positions); дані TM ще не зібрано (бюджет/помилка)",,,,,,,,,,57871,RB,DF,78,11,101,5
w:1981-01-04:kirilchik,Павло Кірильчик,,,,,,,https://www.transfermarkt.com/pavel-kirilchik/profil/spieler/48995,,tm id: wikidata P2446 + dob; дані TM ще не зібрано (бюджет/помилка),,,,,,,,,,48995,CDM,MF,78,7,128,4
w:1982-02-26:boian,Боян Незірі,,,,,,,https://www.transfermarkt.com/bojan-neziri/profil/spieler/14936,,tm id: wikidata P2446 + dob; дані TM ще не зібрано (бюджет/помилка),,,,,,,,,,14936,LB,DF,78,4,51,1
tm:105362,Адольф Тейку,,,,,,,https://www.transfermarkt.com/adolphe-teikeu/profil/spieler/105362,,дані TM ще не зібрано (бюджет/помилка),,,,,,,,,,105362,CB,DF,77,6,108,4
tm:224736,Артем Барановський,,,,,,,https://www.transfermarkt.com/artem-baranovskyi/profil/spieler/224736,,дані TM ще не зібрано (бюджет/помилка),,,,,,,,,,224736,CB,DF,77,6,62,1
tm:230409,Євген Неплях,,,,,,,https://www.transfermarkt.com/yevgen-neplyakh/profil/spieler/230409,,дані TM ще не зібрано (бюджет/помилка),,,,,,,,,,230409,LB,DF,77,4,33,0
tm:248931,Олександр Каплієнко,,,,,,,https://www.transfermarkt.com/oleksandr-kapliyenko/profil/spieler/248931,,дані TM ще не зібрано (бюджет/помилка),,,,,,,,,,248931,LB,DF,77,8,106,6
tm:288853,Сергій Горбунов,,,,,,,https://www.transfermarkt.com/sergiy-gorbunov/profil/spieler/288853,,дані TM ще не зібрано (бюджет/помилка),,,,,,,,,,288853,LB,DF,77,7,64,1
tm:29671,Олег Шандрук,,,,,,,https://www.transfermarkt.com/oleg-shandruk/profil/spieler/29671,,дані TM ще не зібрано (бюджет/помилка),,,,,,,,,,29671,CB,DF,77,8,139,3
tm:316945,Мар'ян Мисик,,,,,,,https://www.transfermarkt.com/maryan-mysyk/profil/spieler/316945,,дані TM ще не зібрано (бюджет/помилка),,,,,,,,,,316945,LB,MF,77,10,119,1
tm:320953,Юрій Кравчук,,,,,,,https://www.transfermarkt.com/yuriy-kravchuk/profil/spieler/320953,,дані TM ще не зібрано (бюджет/помилка),,,,,,,,,,320953,CB,DF,77,3,36,4
tm:35908,Мірко Райчевич,,,,,,,https://www.transfermarkt.com/mirko-raicevic/profil/spieler/35908,,дані TM ще не зібрано (бюджет/помилка),,,,,,,,,,35908,CM,MF,77,5,95,8
tm:36075,Саша Стевич,,,,,,,https://www.transfermarkt.com/sasa-stevic/profil/spieler/36075,,дані TM ще не зібрано (бюджет/помилка),,,,,,,,,,36075,CM,MF,77,3,40,2
tm:369155,Юрій Вакулко,,,,,,,https://www.transfermarkt.com/yuriy-vakulko/profil/spieler/369155,,дані TM ще не зібрано (бюджет/помилка),,,,,,,,,,369155,CM,MF,77,6,95,2
tm:375657,Владислав Шаповал,,,,,,,https://www.transfermarkt.com/vladyslav-shapoval/profil/spieler/375657,,дані TM ще не зібрано (бюджет/помилка),,,,,,,,,,375657,LB,DF,77,6,78,4
tm:380554,Євген Запорожець,,,,,,,https://www.transfermarkt.com/yevgen-zaporozhets/profil/spieler/380554,,дані TM ще не зібрано (бюджет/помилка),,,,,,,,,,380554,CM,MF,77,5,97,1
tm:448867,Максим Лопирьонок,,,,,,,https://www.transfermarkt.com/maksym-lopyryonok/profil/spieler/448867,,дані TM ще не зібрано (бюджет/помилка),,,,,,,,,,448867,CB,DF,77,4,66,0
tm:58958,Олександр Матвєєв,,,,,,,https://www.transfermarkt.com/oleksandr-matveyev/profil/spieler/58958,,дані TM ще не зібрано (бюджет/помилка),,,,,,,,,,58958,CB,DF,77,6,55,2
tm:59074,Петро Ковальчук,,,,,,,https://www.transfermarkt.com/petro-kovalchuk/profil/spieler/59074,,дані TM ще не зібрано (бюджет/помилка),,,,,,,,,,59074,CB,DF,77,6,76,1
tm:598992,Рафаел Сабіно,,,,,,,https://www.transfermarkt.com/rafael-sabino/profil/spieler/598992,,дані TM ще не зібрано (бюджет/помилка),,,,,,,,,,598992,CM,MF,77,3,55,1
tm:96498,Олександр Насонов,,,,,,,https://www.transfermarkt.com/oleksandr-nasonov/profil/spieler/96498,,дані TM ще не зібрано (бюджет/помилка),,,,,,,,,,96498,RB,DF,77,9,111,0
w:1961-04-23:turchinenko,Микола Турчиненко,,,,,,,https://www.transfermarkt.com/mykola-turchinenko/profil/spieler/183489,,tm id: wikidata P2446 + dob; дані TM ще не зібрано (бюджет/помилка),,,,,,,,,,183489,CB,DF,77,3,62,1
w:1966-07-17:derevinski,Олег Деревінський,,,,,,,https://www.transfermarkt.com/oleg-derevinskyi/profil/spieler/754807,,tm id: wikidata P2446 + dob; дані TM ще не зібрано (бюджет/помилка),,,,,,,,,,754807,CM,MF,77,4,92,3
w:1969-06-08:shuliatitski,Андрій Шулятицький,,,,,,,,,немає Transfermarkt ID (не знайдено/не підтверджено датою народження),,,,,,,,,,,CM,MF,77,4,44,2
w:1970-05-13:junenko,Сергій Жуненко,,,,,,,https://www.transfermarkt.com/sergey-zhunenko/profil/spieler/250360,,"tm id: repo link (data/foot, data/positions); дані TM ще не зібрано (бюджет/помилка)",,,,,,,,,,250360,CDM,DF,77,3,17,1
w:1971-01-23:kuptsov,Андрій Купцов,,,,,,,https://www.transfermarkt.com/andriy-kuptsov/profil/spieler/763207,,tm id: wikidata P2446 + dob; дані TM ще не зібрано (бюджет/помилка),,,,,,,,,,763207,CB,DF,77,8,104,1
w:1971-09-06:novikov,Владислав Новіков,,,,,,,https://www.transfermarkt.com/vladislav-novikov/profil/spieler/183483,,tm id: wikidata P2446 + dob; дані TM ще не зібрано (бюджет/помилка),,,,,,,,,,183483,CM,MF,77,5,77,5
w:1971-11-17:kucher,Олег Кучер,,,,,,,,,немає Transfermarkt ID (не знайдено/не підтверджено датою народження),,,,,,,,,,,CM,MF,77,8,175,4
w:1972-06-15:balatski,Анатолій Балацький,,,,,,,,,немає Transfermarkt ID (не знайдено/не підтверджено датою народження),,,,,,,,,,,CB,DF,77,8,95,3
w:1974-06-02:mostovi,Руслан Мостовий,,,,,,,https://www.transfermarkt.com/ruslan-mostovyi/profil/spieler/47090,,tm id: wikidata P2446 + dob; дані TM ще не зібрано (бюджет/помилка),,,,,,,,,,47090,CB,DF,77,3,54,1
w:1975-06-12:shutov,Олександр Шутов,,,,,,,https://www.transfermarkt.com/oleksandr-shutov/profil/spieler/25917,,tm id: wikidata P2446 + dob; дані TM ще не зібрано (бюджет/помилка),,,,,,,,,,25917,CDM,MF,77,4,56,4
w:1975-11-21:hurka,Михайло Гурка,,,,,,,https://www.transfermarkt.com/mykhaylo-gurka/profil/spieler/95210,,tm id: wikidata P2446 + dob; дані TM ще не зібрано (бюджет/помилка),,,,,,,,,,95210,CM,MF,77,6,94,2
w:1976-01-10:kravchenko,Віктор Кравченко,,,,,,,,,немає Transfermarkt ID (не знайдено/не підтверджено датою народження),,,,,,,,,,,CM,MF,77,5,77,3
w:1976-03-11:hristov,Іордан Петков,,,,,,,https://www.transfermarkt.com/yordan-petkov/profil/spieler/29408,,tm id: wikidata P2446 + dob; дані TM ще не зібрано (бюджет/помилка),,,,,,,,,,29408,CB,DF,77,3,45,3
w:1976-09-17:artemenko,Сергій Артеменко,,,,,,,,,немає Transfermarkt ID (не знайдено/не підтверджено датою народження),,,,,,,,,,,CM,DF,77,4,50,3
w:1977-10-03:krivi,Сергій Кривий,,,,,,,,,немає Transfermarkt ID (не знайдено/не підтверджено датою народження),,,,,,,,,,,CM,MF,77,5,67,4
w:1978-02-05:bunevchevich,Мирко Буньєвчевич,,,,,,,https://www.transfermarkt.com/mirko-bunjevcevic/profil/spieler/27131,,tm id: wikidata P2446 + dob; дані TM ще не зібрано (бюджет/помилка),,,,,,,,,,27131,CB,DF,77,5,87,6
w:1978-06-25:raspopov,Андрій Распопов,,,,,,,https://www.transfermarkt.com/andriy-raspopov/profil/spieler/59886,,tm id: wikidata P2446 + dob; дані TM ще не зібрано (бюджет/помилка),,,,,,,,,,59886,CB,DF,77,5,62,1
w:1978-08-28:horodov,Олексій Городов,,,,,,,https://www.transfermarkt.com/oleksiy-gorodov/profil/spieler/58021,,tm id: wikidata P2446 + dob; дані TM ще не зібрано (бюджет/помилка),,,,,,,,,,58021,CM,MF,77,10,145,7
w:1979-01-30:litovchenko,Сергій Літовченко,,,,,,,https://www.transfermarkt.com/sergiy-litovchenko/profil/spieler/59860,,tm id: wikidata P2446 + dob; дані TM ще не зібрано (бюджет/помилка),,,,,,,,,,59860,CB,DF,77,6,73,2
w:1979-09-06:djudovich,Міодраг Джудович,,,,,,,https://www.transfermarkt.com/miodrag-dzudovic/profil/spieler/41773,,tm id: wikidata P2446 + dob; дані TM ще не зібрано (бюджет/помилка),,,,,,,,,,41773,CB,DF,77,3,39,1
w:1980-08-19:stoian,Максим Стоян,,,,,,,https://www.transfermarkt.com/maksym-stoyan/profil/spieler/93078,,tm id: wikidata P2446 + dob; дані TM ще не зібрано (бюджет/помилка),,,,,,,,,,93078,CB,DF,77,3,52,0
w:1980-11-25:ivaschenko,Валерій Іващенко,,,,,,,https://www.transfermarkt.com/valeriy-ivashchenko/profil/spieler/27152,,tm id: wikidata P2446 + dob; дані TM ще не зібрано (бюджет/помилка),,,,,,,,,,27152,CM,MF,77,6,44,2
w:1981-09-10:nakonechni,Микола Наконечний,,,,,,,https://www.transfermarkt.com/mykola-nakonechnyi/profil/spieler/27187,,tm id: wikidata P2446 + dob; дані TM ще не зібрано (бюджет/помилка),,,,,,,,,,27187,CM,MF,77,3,47,2
w:1982-09-18:boiarintsev,Леонід Бояринцев,,,,,,,https://www.transfermarkt.com/leonid-boyaryntsev/profil/spieler/107064,,tm id: wikidata P2446 + dob; дані TM ще не зібрано (бюджет/помилка),,,,,,,,,,107064,CB,DF,77,4,50,0
w:1982-11-18:despotovski,Філіп Деспотовський,,,,,,,https://www.transfermarkt.com/filip-despotovski/profil/spieler/17191,,tm id: wikidata P2446 + dob; дані TM ще не зібрано (бюджет/помилка),,,,,,,,,,17191,CDM,MF,77,3,49,2
w:1986-02-25:zborovski,Андрій Зборовський,,,,,,,https://www.transfermarkt.com/andrey-zborovskiy/profil/spieler/59329,,tm id: wikidata P2446 + dob; дані TM ще не зібрано (бюджет/помилка),,,,,,,,,,59329,CM,MF,77,5,62,3
tm:121026,Юрій Путраш,,,,,,,https://www.transfermarkt.com/yuriy-putrash/profil/spieler/121026,,дані TM ще не зібрано (бюджет/помилка),,,,,,,,,,121026,LB,DF,76,9,102,3
tm:166580,Іван Трубочкін,,,,,,,https://www.transfermarkt.com/ivan-trubochkin/profil/spieler/166580,,дані TM ще не зібрано (бюджет/помилка),,,,,,,,,,166580,LB,DF,76,3,40,1
tm:202840,Максим Драченко,,,,,,,https://www.transfermarkt.com/maksym-drachenko/profil/spieler/202840,,дані TM ще не зібрано (бюджет/помилка),,,,,,,,,,202840,CM,MF,76,4,83,3
tm:213974,Артем Габелок,,,,,,,https://www.transfermarkt.com/artem-gabelok/profil/spieler/213974,,дані TM ще не зібрано (бюджет/помилка),,,,,,,,,,213974,CM,MF,76,6,128,5
tm:295613,Іван Брікнер,,,,,,,https://www.transfermarkt.com/ivan-brikner/profil/spieler/295613,,дані TM ще не зібрано (бюджет/помилка),,,,,,,,,,295613,CM,MF,76,4,55,3
tm:34641,Даріян Матич,,,,,,,https://www.transfermarkt.com/darijan-matic/profil/spieler/34641,,дані TM ще не зібрано (бюджет/помилка),,,,,,,,,,34641,CDM,MF,76,3,50,2
tm:35259,Валентин Ілієв,,,,,,,https://www.transfermarkt.com/valentin-iliev/profil/spieler/35259,,дані TM ще не зібрано (бюджет/помилка),,,,,,,,,,35259,CB,DF,76,4,39,1
tm:363740,Євген Шевченко,,,,,,,https://www.transfermarkt.com/yevgeniy-shevchenko/profil/spieler/363740,,дані TM ще не зібрано (бюджет/помилка),,,,,,,,,,363740,LB,DF,76,3,71,3
tm:419119,Ігор Снурніцин,,,,,,,https://www.transfermarkt.com/igor-snurnitsyn/profil/spieler/419119,,дані TM ще не зібрано (бюджет/помилка),,,,,,,,,,419119,CB,DF,76,6,70,0
tm:467241,Олександр Сафронов,,,,,,,https://www.transfermarkt.com/oleksandr-safronov/profil/spieler/467241,,дані TM ще не зібрано (бюджет/помилка),,,,,,,,,,467241,CB,DF,76,3,31,0
tm:495918,Дмитро Семенов,,,,,,,https://www.transfermarkt.com/dmytro-semenov/profil/spieler/495918,,дані TM ще не зібрано (бюджет/помилка),,,,,,,,,,495918,CB,DF,76,3,60,1
tm:518654,Василь Мазур,,,,,,,https://www.transfermarkt.com/vasiliy-mazur/profil/spieler/518654,,дані TM ще не зібрано (бюджет/помилка),,,,,,,,,,518654,CB,MF,76,4,114,0
tm:53258,Владислав Лупашко,,,,,,,https://www.transfermarkt.com/vladyslav-lupashko/profil/spieler/53258,,дані TM ще не зібрано (бюджет/помилка),,,,,,,,,,53258,CDM,MF,76,9,104,2
tm:58954,Євген Пєсков,,,,,,,https://www.transfermarkt.com/yevgen-peskov/profil/spieler/58954,,дані TM ще не зібрано (бюджет/помилка),,,,,,,,,,58954,CB,DF,76,4,25,0
tm:64104,Саша Балич,,,,,,,https://www.transfermarkt.com/sasa-balic/profil/spieler/64104,,дані TM ще не зібрано (бюджет/помилка),,,,,,,,,,64104,CB,DF,76,4,47,0
tm:641426,Вадим Вітенчук,,,,,,,https://www.transfermarkt.com/vadym-vitenchuk/profil/spieler/641426,,дані TM ще не зібрано (бюджет/помилка),,,,,,,,,,641426,CDM,MF,76,3,86,5
tm:70869,Грегор Балажиц,,,,,,,https://www.transfermarkt.com/gregor-balazic/profil/spieler/70869,,дані TM ще не зібрано (бюджет/помилка),,,,,,,,,,70869,CB,DF,76,5,79,7
tm:76071,Леандро,,,,,,,https://www.transfermarkt.com/leandro/profil/spieler/76071,,дані TM ще не зібрано (бюджет/помилка),,,,,,,,,,76071,LB,DF,76,4,74,0
tm:812755,Денис Підгурський,,,,,,,https://www.transfermarkt.com/denys-pidgurskyi/profil/spieler/812755,,дані TM ще не зібрано (бюджет/помилка),,,,,,,,,,812755,CDM,MF,76,4,83,2
w:1960-08-30:olinik,Віктор Олійник,,,,,,,,,немає Transfermarkt ID (не знайдено/не підтверджено датою народження),,,,,,,,,,,CB,DF,76,3,38,5
w:1961-11-14:troitski,Сергій Троїцький,,,,,,,,,немає Transfermarkt ID (не знайдено/не підтверджено датою народження),,,,,,,,,,,CB,DF,76,4,99,1
w:1963-08-22:kulish,Юрій Куліш,,,,,,,https://www.transfermarkt.com/yuriy-kulish/profil/spieler/214381,,tm id: wikidata P2446 + dob; дані TM ще не зібрано (бюджет/помилка),,,,,,,,,,214381,CM,MF,76,3,42,2
w:1964-08-09:pankratev,Ігор Панкратьєв,,,,,,,https://www.transfermarkt.com/igoris-pankratjevas/profil/spieler/239345,,tm id: wikidata P2446 + dob; дані TM ще не зібрано (бюджет/помилка),,,,,,,,,,239345,CB,DF,76,3,37,4
w:1966-06-29:bondarenko,Олександр Бондаренко,,,,,,,https://www.transfermarkt.com/oleksandr-bondarenko/profil/spieler/374192,,"tm id: repo link (data/foot, data/positions); дані TM ще не зібрано (бюджет/помилка)",,,,,,,,,,374192,CB,DF,76,3,53,1
w:1969-10-21:benko,Олег Бенько,,,,,,,https://www.transfermarkt.com/oleg-benko/profil/spieler/214373,,tm id: wikidata P2446 + dob; дані TM ще не зібрано (бюджет/помилка),,,,,,,,,,214373,LB,DF,76,5,62,1
w:1971-07-14:mehanoshin,Олександр Механошин,,,,,,,,,немає Transfermarkt ID (не знайдено/не підтверджено датою народження),,,,,,,,,,,CM,MF,76,7,104,1
w:1972-12-04:lapa,Микола Лапа,,,,,,,,,немає Transfermarkt ID (не знайдено/не підтверджено датою народження),,,,,,,,,,,CB,DF,76,4,62,0
w:1973-07-18:boshniak,Споменко Бошняк,,,,,,,,,немає Transfermarkt ID (не знайдено/не підтверджено датою народження),,,,,,,,,,,CB,DF,76,4,50,5
w:1975-03-31:snitko,Сергій Снитко,,,,,,,https://www.transfermarkt.com/sergiy-snytko/profil/spieler/25870,,tm id: wikidata P2446 + dob; дані TM ще не зібрано (бюджет/помилка),,,,,,,,,,25870,CM,MF,76,3,50,0
w:1976-12-08:poliakov,Борис Поляков,,,,,,,https://www.transfermarkt.com/borys-polyakov/profil/spieler/86348,,tm id: wikidata P2446 + dob; дані TM ще не зібрано (бюджет/помилка),,,,,,,,,,86348,CB,DF,76,8,86,0
w:1977-09-08:bulhakov,Олексій Булгаков,,,,,,,,,немає Transfermarkt ID (не знайдено/не підтверджено датою народження),,,,,,,,,,,CB,DF,76,6,68,5
w:1977-09-15:voloshin,Микола Волошин,,,,,,,,,немає Transfermarkt ID (не знайдено/не підтверджено датою народження),,,,,,,,,,,CM,MF,76,4,35,2
w:1977-11-01:ilchenko,Сергій Ільченко,,,,,,,https://www.transfermarkt.com/sergiy-ilchenko/profil/spieler/418359,,tm id: wikidata P2446 + dob; дані TM ще не зібрано (бюджет/помилка),,,,,,,,,,418359,CB,DF,76,4,58,0
w:1978-04-12:kolodin,Дмитро Колодін,,,,,,,https://www.transfermarkt.com/dmytro-kolodin/profil/spieler/161640,,tm id: wikidata P2446 + dob; дані TM ще не зібрано (бюджет/помилка),,,,,,,,,,161640,CM,MF,76,5,41,2
w:1978-11-03:dmitrev,Сергій Дмитрієв,,,,,,,,,немає Transfermarkt ID (не знайдено/не підтверджено датою народження),,,,,,,,,,,CB,DF,76,5,61,0
w:1979-01-01:kolesnik,Сергій Колесник,,,,,,,,,немає Transfermarkt ID (не знайдено/не підтверджено датою народження),,,,,,,,,,,CM,MF,76,5,57,3
w:1979-08-08:hrol,Геннадій Хроль,,,,,,,,,немає Transfermarkt ID (не знайдено/не підтверджено датою народження),,,,,,,,,,,CM,MF,76,4,58,1
w:1979-10-21:miklashevich,Руслан Міклашевич,,,,,,,,,немає Transfermarkt ID (не знайдено/не підтверджено датою народження),,,,,,,,,,,CB,DF,76,3,39,2
w:1981-03-03:bulku,Ервін Булку,,,,,,,https://www.transfermarkt.com/ervin-bulku/profil/spieler/49114,,tm id: wikidata P2446 + dob; дані TM ще не зібрано (бюджет/помилка),,,,,,,,,,49114,CDM,MF,76,3,58,2
w:1982-01-01:sibiriakov,Сергій Сібіряков,,,,,,,https://www.transfermarkt.com/sergiy-sibiryakov/profil/spieler/43371,,tm id: wikidata P2446 + dob; дані TM ще не зібрано (бюджет/помилка),,,,,,,,,,43371,CM,MF,76,9,101,1
w:1982-04-15:dos,Жоао Педро,,,,,,,,,немає Transfermarkt ID (не знайдено/не підтверджено датою народження),,,,,,,,,,,RB,DF,76,4,54,2
w:1982-05-17:haiduchek,Павел Хайдучек,,,,,,,https://www.transfermarkt.com/pawel-hajduczek/profil/spieler/61196,,tm id: wikidata P2446 + dob; дані TM ще не зібрано (бюджет/помилка),,,,,,,,,,61196,CDM,MF,76,4,50,2
w:1982-09-10:bredun,Євген Бредун,,,,,,,https://www.transfermarkt.com/evgeniy-bredun/profil/spieler/14929,,tm id: wikidata P2446 + dob; дані TM ще не зібрано (бюджет/помилка),,,,,,,,,,14929,CM,MF,76,8,99,3
w:1984-02-03:petrivski,Тарас Петрівський,,,,,,,https://www.transfermarkt.com/taras-petrivskyi/profil/spieler/58100,,"tm id: repo link (data/foot, data/positions); дані TM ще не зібрано (бюджет/помилка)",,,,,,,,,,58100,CB,DF,76,6,86,2
w:1984-05-27:jdanov,Олександр Жданов,,,,,,,https://www.transfermarkt.com/oleksandr-zhdanov/profil/spieler/82636,,tm id: wikidata P2446 + dob; дані TM ще не зібрано (бюджет/помилка),,,,,,,,,,82636,CB,DF,76,4,73,0
w:1985-03-13:alsides,Алсідес,,,,,,,https://www.transfermarkt.com/alcides/profil/spieler/3835,,tm id: wikidata P2446 + dob; дані TM ще не зібрано (бюджет/помилка),,,,,,,,,,3835,RB,DF,76,3,17,0
w:1985-08-29:samborski,Володимир Самборський,,,,,,,https://www.transfermarkt.com/volodymyr-samborskyi/profil/spieler/58122,,tm id: wikidata P2446 + dob; дані TM ще не зібрано (бюджет/помилка),,,,,,,,,,58122,CB,DF,76,5,42,3
w:1986-07-22:baranets,Борис Баранець,,,,,,,https://www.transfermarkt.com/enzo-borges/profil/spieler/261100,,tm id: wikidata P2446 + dob; дані TM ще не зібрано (бюджет/помилка),,,,,,,,,,261100,CDM,MF,76,3,66,4
w:1986-10-28:holek,Маріо Голек,,,,,,,https://www.transfermarkt.com/mario-holek/profil/spieler/36410,,tm id: wikidata P2446 + dob; дані TM ще не зібрано (бюджет/помилка),,,,,,,,,,36410,CB,MF,76,5,60,1
tm:111072,Владислав Огіря,,,,,,,https://www.transfermarkt.com/vladyslav-ogirya/profil/spieler/111072,,дані TM ще не зібрано (бюджет/помилка),,,,,,,,,,111072,CDM,MF,75,8,142,1
tm:213429,Емерсон,,,,,,,https://www.transfermarkt.com/e-merson/profil/spieler/213429,,дані TM ще не зібрано (бюджет/помилка),,,,,,,,,,213429,CB,DF,75,3,37,0
tm:24008,Рубен Гомес,,,,,,,https://www.transfermarkt.com/ruben-gomez/profil/spieler/24008,,дані TM ще не зібрано (бюджет/помилка),,,,,,,,,,24008,CM,MF,75,10,185,5
tm:248935,Павло Лук'янчук,,,,,,,https://www.transfermarkt.com/pavlo-lukyanchuk/profil/spieler/248935,,дані TM ще не зібрано (бюджет/помилка),,,,,,,,,,248935,CB,DF,75,5,48,1
tm:255638,Дмитро Кравченко,,,,,,,https://www.transfermarkt.com/dmytro-kravchenko/profil/spieler/255638,,дані TM ще не зібрано (бюджет/помилка),,,,,,,,,,255638,CDM,MF,75,7,82,2
tm:26200,Крісті Вангелі,,,,,,,https://www.transfermarkt.com/kristi-vangjeli/profil/spieler/26200,,дані TM ще не зібрано (бюджет/помилка),,,,,,,,,,26200,RB,DF,75,3,25,0
tm:271228,Іван Цюпа,,,,,,,https://www.transfermarkt.com/ivan-tsyupa/profil/spieler/271228,,дані TM ще не зібрано (бюджет/помилка),,,,,,,,,,271228,LB,DF,75,4,43,1
tm:381273,Андрій Домбровський,,,,,,,https://www.transfermarkt.com/andriy-dombrovskyi/profil/spieler/381273,,дані TM ще не зібрано (бюджет/помилка),,,,,,,,,,381273,CM,MF,75,4,65,0
tm:385416,Михайло Шершень,,,,,,,https://www.transfermarkt.com/mykhaylo-shershen/profil/spieler/385416,,дані TM ще не зібрано (бюджет/помилка),,,,,,,,,,385416,CB,DF,75,4,46,1
tm:387198,Єгор Демченко,,,,,,,https://www.transfermarkt.com/yegor-demchenko/profil/spieler/387198,,дані TM ще не зібрано (бюджет/помилка),,,,,,,,,,387198,CM,MF,75,4,48,2
tm:524964,Орест Лебеденко,,,,,,,https://www.transfermarkt.com/orest-lebedenko/profil/spieler/524964,,дані TM ще не зібрано (бюджет/помилка),,,,,,,,,,524964,LB,DF,75,4,46,0
tm:576022,Владислав Ємець,,,,,,,https://www.transfermarkt.com/vladyslav-yemets/profil/spieler/576022,,дані TM ще не зібрано (бюджет/помилка),,,,,,,,,,576022,LB,DF,75,4,37,0
tm:58072,Ярослав Мартинюк,,,,,,,https://www.transfermarkt.com/yaroslav-martynyuk/profil/spieler/58072,,дані TM ще не зібрано (бюджет/помилка),,,,,,,,,,58072,CM,MF,75,12,133,4
tm:59136,Максим Жичиков,,,,,,,https://www.transfermarkt.com/maksym-zhychykov/profil/spieler/59136,,дані TM ще не зібрано (бюджет/помилка),,,,,,,,,,59136,RB,DF,75,6,60,0
tm:61462,Рінар Валєєв,,,,,,,https://www.transfermarkt.com/rinar-valeev/profil/spieler/61462,,дані TM ще не зібрано (бюджет/помилка),,,,,,,,,,61462,CM,MF,75,9,136,6
tm:708242,Андрій Булеза,,,,,,,https://www.transfermarkt.com/andriy-buleza/profil/spieler/708242,,дані TM ще не зібрано (бюджет/помилка),,,,,,,,,,708242,LB,DF,75,3,26,0
tm:87097,Сергій Рудика,,,,,,,https://www.transfermarkt.com/sergiy-rudyka/profil/spieler/87097,,дані TM ще не зібрано (бюджет/помилка),,,,,,,,,,87097,CDM,MF,75,9,131,5
tm:935095,Навін Малиш,,,,,,,https://www.transfermarkt.com/navin-malysh/profil/spieler/935095,,дані TM ще не зібрано (бюджет/помилка),,,,,,,,,,935095,CDM,MF,75,3,33,4
tm:99490,Муртаз Даушвілі,,,,,,,https://www.transfermarkt.com/murtaz-daushvili/profil/spieler/99490,,дані TM ще не зібрано (бюджет/помилка),,,,,,,,,,99490,CDM,MF,75,5,74,1
w:1961-07-29:tarasenko,Віталій Тарасенко,,,,,,,,,немає Transfermarkt ID (не знайдено/не підтверджено датою народження),,,,,,,,,,,CB,DF,75,3,65,0
w:1961-10-21:sapronov,Сергій Сапронов,,,,,,,,,немає Transfermarkt ID (не знайдено/не підтверджено датою народження),,,,,,,,,,,CB,DF,75,3,55,0
w:1962-11-12:savka,Михайло Савка,,,,,,,,,немає Transfermarkt ID (не знайдено/не підтверджено датою народження),,,,,,,,,,,CB,DF,75,3,49,1
w:1966-12-28:nefedov,Олександр Нефедов,,,,,,,https://www.transfermarkt.com/oleksandr-nefedov/profil/spieler/513867,,tm id: wikidata P2446 + dob; дані TM ще не зібрано (бюджет/помилка),,,,,,,,,,513867,CB,DF,75,5,101,1
w:1968-03-10:matviv,Степан Матвіїв,,,,,,,https://www.transfermarkt.com/stepan-matviiv/profil/spieler/970605,,tm id: wikidata P2446 + dob; дані TM ще не зібрано (бюджет/помилка),,,,,,,,,,970605,CM,MF,75,4,51,3
w:1969-11-24:makohon,Ігор Макогон,,,,,,,,,немає Transfermarkt ID (не знайдено/не підтверджено датою народження),,,,,,,,,,,CB,DF,75,5,76,1
w:1970-02-08:horshkov,Олександр Горшков,,,,,,,https://www.transfermarkt.com/aleksandr-gorshkov/profil/spieler/17107,,tm id: wikidata P2446 + dob; дані TM ще не зібрано (бюджет/помилка),,,,,,,,,,17107,CM,MF,75,3,51,1
w:1970-08-11:shuliatitski,Юрій Шулятицький,,,,,,,,,немає Transfermarkt ID (не знайдено/не підтверджено датою народження),,,,,,,,,,,CB,DF,75,3,38,2
w:1972-05-15:sherabokov,Сергій Шерабоков,,,,,,,,,немає Transfermarkt ID (не знайдено/не підтверджено датою народження),,,,,,,,,,,CM,MF,75,3,25,2
w:1972-11-27:nikitin,Руслан Нікітін,,,,,,,,,немає Transfermarkt ID (не знайдено/не підтверджено датою народження),,,,,,,,,,,CM,MF,75,4,86,2
w:1974-04-06:mihailiv,Євгеній Михайлів,,,,,,,,,немає Transfermarkt ID (не знайдено/не підтверджено датою народження),,,,,,,,,,,RB,DF,75,6,105,0
w:1974-09-25:suhoruchenko,Сергій Сухорученко,,,,,,,,,немає Transfermarkt ID (не знайдено/не підтверджено датою народження),,,,,,,,,,,CB,DF,75,3,23,1
w:1975-02-03:chebotari,Борис Чеботарі,,,,,,,https://www.transfermarkt.com/boris-cebotari/profil/spieler/44266,,tm id: wikidata P2446 + dob; дані TM ще не зібрано (бюджет/помилка),,,,,,,,,,44266,CDM,MF,75,3,56,2
w:1975-07-25:olinik,Роман Олійник,,,,,,,,,немає Transfermarkt ID (не знайдено/не підтверджено датою народження),,,,,,,,,,,CB,DF,75,5,66,0
w:1976-04-18:homenko,Ігор Хоменко,,,,,,,,,немає Transfermarkt ID (не знайдено/не підтверджено датою народження),,,,,,,,,,,CB,DF,75,8,119,3
w:1977-01-24:ivitsa,Івіца Пірич,,,,,,,https://www.transfermarkt.com/ivica-piric/profil/spieler/27200,,tm id: wikidata P2446 + dob; дані TM ще не зібрано (бюджет/помилка),,,,,,,,,,27200,CM,MF,75,5,72,0
w:1978-08-18:kutsi,Павло Куций,,,,,,,https://www.transfermarkt.com/pavlo-kutsyi/profil/spieler/91459,,tm id: wikidata P2446 + dob; дані TM ще не зібрано (бюджет/помилка),,,,,,,,,,91459,CB,DF,75,5,34,0
w:1978-09-05:hiom,Патрік Ібанда,,,,,,,https://www.transfermarkt.com/patrick-ebanda/profil/spieler/58236,,"tm id: repo link (data/foot, data/positions); дані TM ще не зібрано (бюджет/помилка)",,,,,,,,,,58236,CDM,MF,75,8,98,1
w:1978-11-08:simonov,Олександр Симонов,,,,,,,,,немає Transfermarkt ID (не знайдено/не підтверджено датою народження),,,,,,,,,,,CM,MF,75,3,31,1
w:1980-02-25:honchar,Олександр Гончар,,,,,,,https://www.transfermarkt.com/oleksandr-gonchar/profil/spieler/120066,,tm id: wikidata P2446 + dob; дані TM ще не зібрано (бюджет/помилка),,,,,,,,,,120066,CM,MF,75,7,91,2
w:1982-03-12:pohorelov,Іван Погорелов,,,,,,,https://www.transfermarkt.com/ivan-pogorelov/profil/spieler/91786,,tm id: wikidata P2446 + dob; дані TM ще не зібрано (бюджет/помилка),,,,,,,,,,91786,CM,MF,75,6,50,3
w:1982-04-08:krohmal,Володимир Крохмаль,,,,,,,,,немає Transfermarkt ID (не знайдено/не підтверджено датою народження),,,,,,,,,,,CB,DF,75,3,40,0
w:1982-07-22:vishniak,Ярослав Вишняк,,,,,,,https://www.transfermarkt.com/yaroslav-vyshnyak/profil/spieler/57910,,"tm id: repo link (data/foot, data/positions); дані TM ще не зібрано (бюджет/помилка)",,,,,,,,,,57910,CB,DF,75,5,63,0
w:1984-02-01:arakelian,Арарат Аракелян,,,,,,,https://www.transfermarkt.com/ararat-arakelyan/profil/spieler/51195,,tm id: wikidata P2446 + dob; дані TM ще не зібрано (бюджет/помилка),,,,,,,,,,51195,CDM,MF,75,3,24,3
tm:107274,Сергій Чеботаєв,,,,,,,https://www.transfermarkt.com/sergiy-chebotaev/profil/spieler/107274,,дані TM ще не зібрано (бюджет/помилка),,,,,,,,,,107274,RB,DF,74,3,42,0
tm:1134676,Данііл Ващенко,,,,,,,https://www.transfermarkt.com/daniil-vashchenko/profil/spieler/1134676,,дані TM ще не зібрано (бюджет/помилка),,,,,,,,,,1134676,CDM,MF,74,4,35,1
tm:123216,Дмитро Рижук,,,,,,,https://www.transfermarkt.com/dmytro-ryzhuk/profil/spieler/123216,,дані TM ще не зібрано (бюджет/помилка),,,,,,,,,,123216,CB,DF,74,3,49,3
tm:155275,Андрій Слінкін,,,,,,,https://www.transfermarkt.com/andriy-slinkin/profil/spieler/155275,,дані TM ще не зібрано (бюджет/помилка),,,,,,,,,,155275,LB,DF,74,5,35,0
tm:206054,Павло Мягков,,,,,,,https://www.transfermarkt.com/pavlo-myagkov/profil/spieler/206054,,дані TM ще не зібрано (бюджет/помилка),,,,,,,,,,206054,LB,DF,74,5,24,2
tm:211313,Олександр Азацький,,,,,,,https://www.transfermarkt.com/oleksandr-azatskyi/profil/spieler/211313,,дані TM ще не зібрано (бюджет/помилка),,,,,,,,,,211313,CB,DF,74,4,34,1
tm:297752,Микола Золотов,,,,,,,https://www.transfermarkt.com/nikolay-zolotov/profil/spieler/297752,,дані TM ще не зібрано (бюджет/помилка),,,,,,,,,,297752,LB,DF,74,4,47,0
tm:317467,Ловро Цвек,,,,,,,https://www.transfermarkt.com/lovro-cvek/profil/spieler/317467,,дані TM ще не зібрано (бюджет/помилка),,,,,,,,,,317467,CDM,MF,74,3,32,0
tm:325221,Ігор Жураховський,,,,,,,https://www.transfermarkt.com/igor-zhurakhovskyi/profil/spieler/325221,,дані TM ще не зібрано (бюджет/помилка),,,,,,,,,,325221,CM,MF,74,4,37,1
tm:339844,Зураб Очігава,,,,,,,https://www.transfermarkt.com/zurab-ochigava/profil/spieler/339844,,дані TM ще не зібрано (бюджет/помилка),,,,,,,,,,339844,CB,DF,74,4,27,1
tm:396401,Максим Чех,,,,,,,https://www.transfermarkt.com/maksym-chekh/profil/spieler/396401,,дані TM ще не зібрано (бюджет/помилка),,,,,,,,,,396401,CDM,MF,74,4,70,1
tm:41372,Ян Масло,,,,,,,https://www.transfermarkt.com/jan-maslo/profil/spieler/41372,,дані TM ще не зібрано (бюджет/помилка),,,,,,,,,,41372,CB,DF,74,3,60,1
tm:522327,Роман Гагун,,,,,,,https://www.transfermarkt.com/roman-gagun/profil/spieler/522327,,дані TM ще не зібрано (бюджет/помилка),,,,,,,,,,522327,RB,DF,74,4,55,0
tm:787776,Валерій Дубко,,,,,,,https://www.transfermarkt.com/valeriy-dubko/profil/spieler/787776,,дані TM ще не зібрано (бюджет/помилка),,,,,,,,,,787776,CB,DF,74,5,87,1
w:1963-12-07:petrik,Анатолій Петрик,,,,,,,,,немає Transfermarkt ID (не знайдено/не підтверджено датою народження),,,,,,,,,,,CM,MF,74,6,108,1
w:1966-02-13:sorokin,Вадим Сорокін,,,,,,,,,немає Transfermarkt ID (не знайдено/не підтверджено датою народження),,,,,,,,,,,CM,MF,74,3,19,5
w:1966-04-29:stelmah,Михайло Стельмах,,,,,,,https://www.transfermarkt.com/mykhaylo-stelmakh/profil/spieler/755501,,tm id: wikidata P2446 + dob; дані TM ще не зібрано (бюджет/помилка),,,,,,,,,,755501,CM,MF,74,4,52,0
w:1968-10-04:marchenko,Андрій Марченко,,,,,,,,,немає Transfermarkt ID (не знайдено/не підтверджено датою народження),,,,,,,,,,,CM,MF,74,4,58,1
w:1971-05-02:siletski,Сергій Сілецький,,,,,,,,,немає Transfermarkt ID (не знайдено/не підтверджено датою народження),,,,,,,,,,,CB,DF,74,4,74,0
w:1971-09-21:shulha,Владислав Шульга,,,,,,,,,немає Transfermarkt ID (не знайдено/не підтверджено датою народження),,,,,,,,,,,CM,MF,74,3,48,1
w:1971-12-27:parhomenko,Андрій Пархоменко,,,,,,,https://www.transfermarkt.com/andriy-parkhomenko/profil/spieler/638006,,tm id: wikidata P2446 + dob; дані TM ще не зібрано (бюджет/помилка),,,,,,,,,,638006,CM,MF,74,3,45,1
w:1972-04-01:ostroushko,В'ячеслав Остроушко,,,,,,,,,немає Transfermarkt ID (не знайдено/не підтверджено датою народження),,,,,,,,,,,CM,MF,74,3,36,1
w:1972-06-27:jenilenko,В'ячеслав Жениленко,,,,,,,,,немає Transfermarkt ID (не знайдено/не підтверджено датою народження),,,,,,,,,,,CB,DF,74,4,96,2
w:1975-04-05:shubin,Олексій Шубін,,,,,,,https://www.transfermarkt.com/oleksiy-shubin/profil/spieler/949664,,tm id: wikidata P2446 + dob; дані TM ще не зібрано (бюджет/помилка),,,,,,,,,,949664,CB,DF,74,4,61,2
w:1975-09-03:romanishin,Сергій Романишин,,,,,,,,,немає Transfermarkt ID (не знайдено/не підтверджено датою народження),,,,,,,,,,,CB,DF,74,5,62,1
w:1976-03-24:vetrenikov,Сергій Ветренніков,,,,,,,https://www.transfermarkt.com/sergey-vetrennikov/profil/spieler/91313,,tm id: wikidata P2446 + dob; дані TM ще не зібрано (бюджет/помилка),,,,,,,,,,91313,CDM,MF,74,10,135,1
w:1976-12-26:burhan,Кирило Бурхан,,,,,,,,,немає Transfermarkt ID (не знайдено/не підтверджено датою народження),,,,,,,,,,,CB,DF,74,6,70,4
w:1977-02-01:sizon,Олег Сизон,,,,,,,https://www.transfermarkt.com/libor-sionko/profil/spieler/9770,,tm id: wikidata P2446 + dob; дані TM ще не зібрано (бюджет/помилка),,,,,,,,,,9770,CB,DF,74,6,30,1
w:1977-09-02:kuptsov,Олексій Купцов,,,,,,,,,немає Transfermarkt ID (не знайдено/не підтверджено датою народження),,,,,,,,,,,CB,DF,74,7,56,1
w:1978-07-24:florin,Флорін Шоава,,,,,,,https://www.transfermarkt.com/florin-soava/profil/spieler/29253,,tm id: wikidata P2446 + dob; дані TM ще не зібрано (бюджет/помилка),,,,,,,,,,29253,RB,DF,74,3,38,2
w:1978-10-02:mjavanadze,Кахабер Мжаванадзе,,,,,,,https://www.transfermarkt.com/kakhaber-mzhavanadze/profil/spieler/49011,,tm id: wikidata P2446 + dob; дані TM ще не зібрано (бюджет/помилка),,,,,,,,,,49011,CB,DF,74,3,31,0
w:1978-10-27:daraselia,Віталій Дараселія,,,,,,,,,немає Transfermarkt ID (не знайдено/не підтверджено датою народження),,,,,,,,,,,CM,MF,74,4,20,2
w:1979-08-09:danchenko,Юрій Данченко,,,,,,,https://www.transfermarkt.com/yuriy-danchenko/profil/spieler/91704,,"tm id: repo link (data/foot, data/positions); дані TM ще не зібрано (бюджет/помилка)",,,,,,,,,,91704,LB,MF,74,7,88,1
w:1979-10-11:brovchenko,Віктор Бровченко,,,,,,,,,немає Transfermarkt ID (не знайдено/не підтверджено датою народження),,,,,,,,,,,CM,MF,74,5,81,4
w:1981-01-04:arsen,Арсен Не,,,,,,,https://www.transfermarkt.com/arsene-ne/profil/spieler/13079,,tm id: wikidata P2446 + dob; дані TM ще не зібрано (бюджет/помилка),,,,,,,,,,13079,CB,DF,74,4,49,0
w:1981-04-18:pankavets,Олексій Панковець,,,,,,,https://www.transfermarkt.com/aleksey-pankovets/profil/spieler/58099,,tm id: wikidata P2446 + dob; дані TM ще не зібрано (бюджет/помилка),,,,,,,,,,58099,CB,DF,74,3,56,0
w:1981-07-06:bondarenko,Володимир Бондаренко,,,,,,,https://www.transfermarkt.com/volodymyr-bondarenko/profil/spieler/55530,,"tm id: repo link (data/foot, data/positions); дані TM ще не зібрано (бюджет/помилка)",,,,,,,,,,55530,CDM,MF,74,5,56,3
w:1982-08-27:sheveliuhin,Олександр Шевелюхін,,,,,,,https://www.transfermarkt.com/oleksandr-shevelyukhin/profil/spieler/59133,,"tm id: repo link (data/foot, data/positions); дані TM ще не зібрано (бюджет/помилка)",,,,,,,,,,59133,CB,DF,74,7,96,5
w:1983-03-03:tarasenko,Євген Тарасенко,,,,,,,https://www.transfermarkt.com/yevgen-tarasenko/profil/spieler/104179,,tm id: wikidata P2446 + dob; дані TM ще не зібрано (бюджет/помилка),,,,,,,,,,104179,CB,DF,74,3,21,1
w:1984-08-02:kovalevski,Антон Ковалевський,,,,,,,https://www.transfermarkt.com/anton-kovalevskiy/profil/spieler/173418,,tm id: wikidata P2446 + dob; дані TM ще не зібрано (бюджет/помилка),,,,,,,,,,173418,CM,MF,74,4,16,1
tm:103950,Роман Ємельянов,,,,,,,https://www.transfermarkt.com/roman-emeljanov/profil/spieler/103950,,дані TM ще не зібрано (бюджет/помилка),,,,,,,,,,103950,CDM,MF,73,4,50,0
tm:134609,Микола Гібалюк,,,,,,,https://www.transfermarkt.com/mykola-gibalyuk/profil/spieler/134609,,дані TM ще не зібрано (бюджет/помилка),,,,,,,,,,134609,RB,DF,73,5,45,0
tm:244165,Микита Корзун,,,,,,,https://www.transfermarkt.com/nikita-korzun/profil/spieler/244165,,дані TM ще не зібрано (бюджет/помилка),,,,,,,,,,244165,CDM,MF,73,3,20,0
tm:398675,Микола Квасний,,,,,,,https://www.transfermarkt.com/mykola-kvasnyi/profil/spieler/398675,,дані TM ще не зібрано (бюджет/помилка),,,,,,,,,,398675,LB,DF,73,4,35,0
tm:404847,Олексій Хахльов,,,,,,,https://www.transfermarkt.com/oleksiy-khakhlyov/profil/spieler/404847,,дані TM ще не зібрано (бюджет/помилка),,,,,,,,,,404847,CM,MF,73,7,84,2
tm:418891,Олександр Мельник,,,,,,,https://www.transfermarkt.com/oleksandr-melnyk/profil/spieler/418891,,дані TM ще не зібрано (бюджет/помилка),,,,,,,,,,418891,CB,DF,73,5,41,0
tm:448783,Максим Грисьо,,,,,,,https://www.transfermarkt.com/maksym-grysyo/profil/spieler/448783,,дані TM ще не зібрано (бюджет/помилка),,,,,,,,,,448783,RB,DF,73,8,118,4
tm:49000,Ігор Коротецький,,,,,,,https://www.transfermarkt.com/igor-korotetskyi/profil/spieler/49000,,дані TM ще не зібрано (бюджет/помилка),,,,,,,,,,49000,CB,DF,73,10,115,1
tm:57894,Владислав Микуляк,,,,,,,https://www.transfermarkt.com/vladyslav-mykulyak/profil/spieler/57894,,дані TM ще не зібрано (бюджет/помилка),,,,,,,,,,57894,CM,MF,73,5,74,4
tm:58389,Олег Допілка,,,,,,,https://www.transfermarkt.com/oleg-dopilka/profil/spieler/58389,,дані TM ще не зібрано (бюджет/помилка),,,,,,,,,,58389,CB,DF,73,9,45,0
tm:58392,Віталій Федорів,,,,,,,https://www.transfermarkt.com/vitaliy-fedoriv/profil/spieler/58392,,дані TM ще не зібрано (бюджет/помилка),,,,,,,,,,58392,CB,DF,73,8,57,1
tm:59978,Євген Задоя,,,,,,,https://www.transfermarkt.com/yevgen-zadoya/profil/spieler/59978,,дані TM ще не зібрано (бюджет/помилка),,,,,,,,,,59978,CDM,MF,73,7,53,0
tm:606248,Данило Карась,,,,,,,https://www.transfermarkt.com/danylo-karas/profil/spieler/606248,,дані TM ще не зібрано (бюджет/помилка),,,,,,,,,,606248,CB,DF,73,4,59,3
tm:686332,Едсон Фернандо,,,,,,,https://www.transfermarkt.com/edson-fernando/profil/spieler/686332,,дані TM ще не зібрано (бюджет/помилка),,,,,,,,,,686332,CDM,MF,73,4,43,0
tm:892049,Марко Сапуга,,,,,,,https://www.transfermarkt.com/marko-sapuga/profil/spieler/892049,,дані TM ще не зібрано (бюджет/помилка),,,,,,,,,,892049,CDM,MF,73,6,58,1
tm:91359,Темур Парцванія,,,,,,,https://www.transfermarkt.com/temur-partsvaniya/profil/spieler/91359,,дані TM ще не зібрано (бюджет/помилка),,,,,,,,,,91359,RB,DF,73,7,65,0
w:1965-05-11:mustafaev,Асан Мустафаєв,,,,,,,,,немає Transfermarkt ID (не знайдено/не підтверджено датою народження),,,,,,,,,,,CB,DF,73,4,83,0
w:1965-08-01:ialovski,Віктор Яловський,,,,,,,https://www.transfermarkt.com/viktor-yalovskyi/profil/spieler/305480,,"tm id: repo link (data/foot, data/positions); дані TM ще не зібрано (бюджет/помилка)",,,,,,,,,,305480,CDM,MF,73,5,62,1
w:1966-03-05:chervoni,Віктор Червоний,,,,,,,,,немає Transfermarkt ID (не знайдено/не підтверджено датою народження),,,,,,,,,,,CM,MF,73,5,70,1
w:1972-04-06:lukash,Олег Лукаш,,,,,,,,,немає Transfermarkt ID (не знайдено/не підтверджено датою народження),,,,,,,,,,,CB,MF,73,3,16,2
w:1974-05-08:lemishko,Костянтин Лемішко,,,,,,,,,немає Transfermarkt ID (не знайдено/не підтверджено датою народження),,,,,,,,,,,CB,MF,73,4,32,2
w:1974-09-13:plahotin,Ігор Плахотін,,,,,,,,,немає Transfermarkt ID (не знайдено/не підтверджено датою народження),,,,,,,,,,,CM,MF,73,4,49,0
w:1975-03-01:samoilov,Віталій Самойлов,,,,,,,https://www.transfermarkt.com/vitaliy-samoylov/profil/spieler/515069,,tm id: wikidata P2446 + dob; дані TM ще не зібрано (бюджет/помилка),,,,,,,,,,515069,CM,MF,73,4,42,4
w:1979-03-27:alunderis,Відас Алундеріс,,,,,,,https://www.transfermarkt.com/vidas-alunderis/profil/spieler/32576,,tm id: wikidata P2446 + dob; дані TM ще не зібрано (бюджет/помилка),,,,,,,,,,32576,CB,DF,73,3,41,0
w:1979-07-23:audrius,Аудрюс Вейкутіс,,,,,,,https://www.transfermarkt.com/audrius-veikutis/profil/spieler/43389,,tm id: wikidata P2446 + dob; дані TM ще не зібрано (бюджет/помилка),,,,,,,,,,43389,CB,DF,73,3,22,0
w:1980-04-11:taran,Євген Таран,,,,,,,,,немає Transfermarkt ID (не знайдено/не підтверджено датою народження),,,,,,,,,,,CB,MF,73,4,34,0
w:1981-02-08:darko,Дарко Дун'їч,,,,,,,https://www.transfermarkt.com/darko-dunjic/profil/spieler/58230,,tm id: wikidata P2446 + dob; дані TM ще не зібрано (бюджет/помилка),,,,,,,,,,58230,RB,MF,73,4,81,2
w:1982-01-15:chernikov,Володимир Черніков,,,,,,,https://www.transfermarkt.com/vladimir-avsyuk/profil/spieler/73974,,tm id: wikidata P2446 + dob; дані TM ще не зібрано (бюджет/помилка),,,,,,,,,,73974,CM,DF,73,4,33,1
w:1985-06-07:shmakov,Євгеній Шмаков,,,,,,,https://www.transfermarkt.com/raphael-schaschko/profil/spieler/19115,,tm id: wikidata P2446 + dob; дані TM ще не зібрано (бюджет/помилка),,,,,,,,,,19115,CM,MF,73,4,48,1
w:1986-08-15:bolohan,Вадим Болохан,,,,,,,https://www.transfermarkt.com/vadim-bolohan/profil/spieler/54390,,tm id: wikidata P2446 + dob; дані TM ще не зібрано (бюджет/помилка),,,,,,,,,,54390,CB,DF,73,4,75,0
tm:143967,Артур Новотрясов,,,,,,,https://www.transfermarkt.com/artur-novotryasov/profil/spieler/143967,,дані TM ще не зібрано (бюджет/помилка),,,,,,,,,,143967,CB,DF,72,4,32,0
tm:166584,Микита Полюлях,,,,,,,https://www.transfermarkt.com/mykyta-polyulyakh/profil/spieler/166584,,дані TM ще не зібрано (бюджет/помилка),,,,,,,,,,166584,CM,MF,72,3,19,0
tm:264646,Олександр Осман,,,,,,,https://www.transfermarkt.com/oleksandr-osman/profil/spieler/264646,,дані TM ще не зібрано (бюджет/помилка),,,,,,,,,,264646,LB,DF,72,5,37,0
tm:358956,Олександр Кучеренко,,,,,,,https://www.transfermarkt.com/oleksandr-kucherenko/profil/spieler/358956,,дані TM ще не зібрано (бюджет/помилка),,,,,,,,,,358956,CDM,MF,72,4,92,3
tm:365195,Андрій Кухарук,,,,,,,https://www.transfermarkt.com/andriy-kukharuk/profil/spieler/365195,,дані TM ще не зібрано (бюджет/помилка),,,,,,,,,,365195,CM,MF,72,4,70,1
tm:39316,Серж Акакпо,,,,,,,https://www.transfermarkt.com/serge-akakpo/profil/spieler/39316,,дані TM ще не зібрано (бюджет/помилка),,,,,,,,,,39316,CB,DF,72,3,35,1
tm:396395,Олексій Биков,,,,,,,https://www.transfermarkt.com/oleksiy-bykov/profil/spieler/396395,,дані TM ще не зібрано (бюджет/помилка),,,,,,,,,,396395,CB,DF,72,3,44,0
tm:518723,Луїзао,,,,,,,https://www.transfermarkt.com/luizao/profil/spieler/518723,,дані TM ще не зібрано (бюджет/помилка),,,,,,,,,,518723,CDM,MF,72,3,29,1
tm:521841,Андрій Якимів,,,,,,,https://www.transfermarkt.com/andriy-yakymiv/profil/spieler/521841,,дані TM ще не зібрано (бюджет/помилка),,,,,,,,,,521841,CB,DF,72,4,51,3
tm:537538,Єгор Прокопенко,,,,,,,https://www.transfermarkt.com/yegor-prokopenko/profil/spieler/537538,,дані TM ще не зібрано (бюджет/помилка),,,,,,,,,,537538,LB,DF,72,3,51,0
tm:569743,Джойскім Дава,,,,,,,https://www.transfermarkt.com/joyskim-dawa/profil/spieler/569743,,дані TM ще не зібрано (бюджет/помилка),,,,,,,,,,569743,CB,DF,72,3,21,0
tm:774552,Денис Слюсар,,,,,,,https://www.transfermarkt.com/denys-slyusar/profil/spieler/774552,,дані TM ще не зібрано (бюджет/помилка),,,,,,,,,,774552,CB,DF,72,4,53,1
tm:88102,Карлен Мкртчян,,,,,,,https://www.transfermarkt.com/karlen-mkrtchyan/profil/spieler/88102,,дані TM ще не зібрано (бюджет/помилка),,,,,,,,,,88102,CDM,MF,72,4,47,0
tm:95649,Олександр Нойок,,,,,,,https://www.transfermarkt.com/oleksandr-noyok/profil/spieler/95649,,дані TM ще не зібрано (бюджет/помилка),,,,,,,,,,95649,CDM,MF,72,3,35,0
w:1968-05-05:alibaev,Сефер Алібаєв,,,,,,,,,немає Transfermarkt ID (не знайдено/не підтверджено датою народження),,,,,,,,,,,CB,DF,72,3,40,0
w:1970-06-02:chorni,Сергій Чорний,,,,,,,,,немає Transfermarkt ID (не знайдено/не підтверджено датою народження),,,,,,,,,,,CM,MF,72,3,14,0
w:1970-12-21:komziuk,Ярослав Комзюк,,,,,,,https://www.transfermarkt.com/yaroslav-komzyuk/profil/spieler/335044,,tm id: wikidata P2446 + dob; дані TM ще не зібрано (бюджет/помилка),,,,,,,,,,335044,CDM,DF,72,4,30,0
w:1972-02-26:dhebuadze,Кахабер Дгебуадзе,,,,,,,,,немає Transfermarkt ID (не знайдено/не підтверджено датою народження),,,,,,,,,,,CM,MF,72,3,42,3
w:1973-01-16:zarutski,Олег Заруцький,,,,,,,,,немає Transfermarkt ID (не знайдено/не підтверджено датою народження),,,,,,,,,,,CM,FW,72,4,41,3
w:1973-10-20:boitsan,Олександр Бойцан,,,,,,,https://www.transfermarkt.com/oleksandr-boytsan/profil/spieler/679098,,tm id: wikidata P2446 + dob; дані TM ще не зібрано (бюджет/помилка),,,,,,,,,,679098,CB,DF,72,4,36,0
w:1974-09-30:riabtsev,Олексій Рябцев,,,,,,,https://www.transfermarkt.com/oleksiy-ryabtsev/profil/spieler/410640,,tm id: wikidata P2446 + dob; дані TM ще не зібрано (бюджет/помилка),,,,,,,,,,410640,CM,MF,72,3,72,1
w:1975-05-30:bahirov,Едуард Багіров,,,,,,,,,немає Transfermarkt ID (не знайдено/не підтверджено датою народження),,,,,,,,,,,CB,MF,72,3,19,1
w:1976-10-21:chernov,Андрій Чернов,,,,,,,https://www.transfermarkt.com/andriy-chernov/profil/spieler/216942,,tm id: wikidata P2446 + dob; дані TM ще не зібрано (бюджет/помилка),,,,,,,,,,216942,CM,MF,72,4,45,3
w:1979-08-21:salhi,Тауфік Салхі,,,,,,,https://www.transfermarkt.com/taoufik-salhi/profil/spieler/58249,,tm id: wikidata P2446 + dob; дані TM ще не зібрано (бюджет/помилка),,,,,,,,,,58249,CDM,MF,72,4,59,2
w:1981-06-01:uvarov,Олексій Уваров,,,,,,,https://www.transfermarkt.com/aleksey-uvarov/profil/spieler/125805,,tm id: wikidata P2446 + dob; дані TM ще не зібрано (бюджет/помилка),,,,,,,,,,125805,CM,MF,72,3,30,0
w:1982-05-16:riabih,Андрій Рябих,,,,,,,https://www.transfermarkt.com/andrey-ryabykh/profil/spieler/791429,,tm id: wikidata P2446 + dob; дані TM ще не зібрано (бюджет/помилка),,,,,,,,,,791429,CM,MF,72,4,21,1
w:1985-02-15:chuchman,Ігор Чучман,,,,,,,https://www.transfermarkt.com/igor-chuchman/profil/spieler/57864,,tm id: wikidata P2446 + dob; дані TM ще не зібрано (бюджет/помилка),,,,,,,,,,57864,CB,DF,72,6,110,1
w:1985-03-15:ilkiv,Ігор Ільків,,,,,,,https://www.transfermarkt.com/igor-ilkiv/profil/spieler/82606,,"tm id: repo link (data/foot, data/positions); дані TM ще не зібрано (бюджет/помилка)",,,,,,,,,,82606,CB,DF,72,3,43,1
w:1985-04-28:kotenko,Іван Котенко,,,,,,,https://www.transfermarkt.com/ivan-kotenko/profil/spieler/25861,,tm id: wikidata P2446 + dob; дані TM ще не зібрано (бюджет/помилка),,,,,,,,,,25861,CM,MF,72,8,86,5
w:1985-12-22:kitsuta,Анатолій Кіцута,,,,,,,https://www.transfermarkt.com/anatoliy-kitsuta/profil/spieler/40705,,"tm id: repo link (data/foot, data/positions); дані TM ще не зібрано (бюджет/помилка)",,,,,,,,,,40705,CB,DF,72,6,89,1
w:1987-12-09:alan,Алан,,,,,,,https://www.transfermarkt.com/alan/profil/spieler/59154,,tm id: wikidata P2446 + dob; дані TM ще не зібрано (бюджет/помилка),,,,,,,,,,59154,CM,MF,72,3,32,2
tm:13028,Ерік Матуку,,,,,,,https://www.transfermarkt.com/eric-matoukou/profil/spieler/13028,,дані TM ще не зібрано (бюджет/помилка),,,,,,,,,,13028,CB,DF,71,3,21,0
tm:226208,Володимир Доронін,,,,,,,https://www.transfermarkt.com/volodymyr-doronin/profil/spieler/226208,,дані TM ще не зібрано (бюджет/помилка),,,,,,,,,,226208,CDM,MF,71,5,48,0
tm:498899,Тарас Саків,,,,,,,https://www.transfermarkt.com/taras-sakiv/profil/spieler/498899,,дані TM ще не зібрано (бюджет/помилка),,,,,,,,,,498899,LB,DF,71,8,61,1
tm:524965,Андрій Бусько,,,,,,,https://www.transfermarkt.com/andriy-busko/profil/spieler/524965,,дані TM ще не зібрано (бюджет/помилка),,,,,,,,,,524965,RB,DF,71,5,34,0
tm:884849,Данило Хрипчук,,,,,,,https://www.transfermarkt.com/daniil-khrypchuk/profil/spieler/884849,,дані TM ще не зібрано (бюджет/помилка),,,,,,,,,,884849,CB,DF,71,5,54,1
tm:90768,Ярослав Олійник,,,,,,,https://www.transfermarkt.com/yaroslav-oliynyk/profil/spieler/90768,,дані TM ще не зібрано (бюджет/помилка),,,,,,,,,,90768,RB,DF,71,4,47,0
w:1962-08-17:iarovenko,Євген Яровенко,,,,,,,https://www.transfermarkt.com/evgeniy-yarovenko/profil/spieler/214383,,tm id: wikidata P2446 + dob; дані TM ще не зібрано (бюджет/помилка),,,,,,,,,,214383,CB,DF,71,3,26,1
w:1965-06-21:storchak,Василь Сторчак,,,,,,,https://www.transfermarkt.com/vasyl-storchak/profil/spieler/493874,,tm id: wikidata P2446 + dob; дані TM ще не зібрано (бюджет/помилка),,,,,,,,,,493874,CB,DF,71,4,39,2
w:1965-09-14:esipov,Олександр Єсипов,,,,,,,,,немає Transfermarkt ID (не знайдено/не підтверджено датою народження),,,,,,,,,,,CM,MF,71,3,39,2
w:1971-01-08:dmitrev,Євген Дмитрієв,,,,,,,,,немає Transfermarkt ID (не знайдено/не підтверджено датою народження),,,,,,,,,,,CB,DF,71,3,21,0
w:1974-01-09:hvostunov,Олександр Хвостунов,,,,,,,https://www.transfermarkt.com/aleksandr-khvostunov/profil/spieler/88693,,tm id: wikidata P2446 + dob; дані TM ще не зібрано (бюджет/помилка),,,,,,,,,,88693,CB,DF,71,3,25,0
w:1974-10-11:kril,Ігор Кріль,,,,,,,,,немає Transfermarkt ID (не знайдено/не підтверджено датою народження),,,,,,,,,,,CB,DF,71,4,66,0
w:1975-04-18:kriulin,Станіслав Кріулін,,,,,,,https://www.transfermarkt.com/stanislav-kriulin/profil/spieler/169082,,tm id: wikidata P2446 + dob; дані TM ще не зібрано (бюджет/помилка),,,,,,,,,,169082,CDM,MF,71,3,13,0
w:1976-01-26:chali,Володимир Чалий,,,,,,,,,немає Transfermarkt ID (не знайдено/не підтверджено датою народження),,,,,,,,,,,CM,MF,71,5,74,1
w:1977-03-26:sahno,Віталій Сахно,,,,,,,,,немає Transfermarkt ID (не знайдено/не підтверджено датою народження),,,,,,,,,,,CM,MF,71,3,30,1
w:1977-11-14:bilokin,Сергій Білокінь,,,,,,,,,немає Transfermarkt ID (не знайдено/не підтверджено датою народження),,,,,,,,,,,CB,MF,71,3,27,1
w:1978-11-11:shevchuk,Юрій Шевчук,,,,,,,,,немає Transfermarkt ID (не знайдено/не підтверджено датою народження),,,,,,,,,,,CM,DF,71,5,41,0
w:1979-01-01:sviderski,В'ячеслав Свідерський,,,,,,,https://www.transfermarkt.com/vyacheslav-sviderskyi/profil/spieler/15681,,"tm id: repo link (data/foot, data/positions); дані TM ще не зібрано (бюджет/помилка)",,,,,,,,,,15681,CB,DF,71,5,38,0
w:1980-03-24:laschenkov,Сергій Лащенков,,,,,,,https://www.transfermarkt.com/serghei-lascencov/profil/spieler/44275,,tm id: wikidata P2446 + dob; дані TM ще не зібрано (бюджет/помилка),,,,,,,,,,44275,CB,DF,71,4,55,1
w:1987-05-08:vasilev,Денис Васільєв,,,,,,,https://www.transfermarkt.com/denys-vasilyev/profil/spieler/127353,,tm id: wikidata P2446 + dob; дані TM ще не зібрано (бюджет/помилка),,,,,,,,,,127353,CB,DF,71,3,41,0
tm:112364,В'ячеслав Рябов,,,,,,,https://www.transfermarkt.com/vyacheslav-ryabov/profil/spieler/112364,,дані TM ще не зібрано (бюджет/помилка),,,,,,,,,,112364,CB,DF,70,4,21,0
tm:177291,Станіслав Причиненко,,,,,,,https://www.transfermarkt.com/stanislav-prychynenko/profil/spieler/177291,,дані TM ще не зібрано (бюджет/помилка),,,,,,,,,,177291,CDM,MF,70,4,31,2
tm:226014,Сергій Ченбай,,,,,,,https://www.transfermarkt.com/sergiy-chenbay/profil/spieler/226014,,дані TM ще не зібрано (бюджет/помилка),,,,,,,,,,226014,LB,DF,70,4,27,0
tm:269365,Олексій Зозуля,,,,,,,https://www.transfermarkt.com/oleksiy-zozulya/profil/spieler/269365,,дані TM ще не зібрано (бюджет/помилка),,,,,,,,,,269365,RB,DF,70,4,38,0
tm:288856,Олександр Мігунов,,,,,,,https://www.transfermarkt.com/oleksandr-migunov/profil/spieler/288856,,дані TM ще не зібрано (бюджет/помилка),,,,,,,,,,288856,LB,DF,70,3,20,0
tm:353584,Сергій Петько,,,,,,,https://www.transfermarkt.com/sergiy-petko/profil/spieler/353584,,дані TM ще не зібрано (бюджет/помилка),,,,,,,,,,353584,CDM,MF,70,7,75,3
tm:717391,Максим Мельниченко,,,,,,,https://www.transfermarkt.com/maksym-melnychenko/profil/spieler/717391,,дані TM ще не зібрано (бюджет/помилка),,,,,,,,,,717391,CDM,MF,70,3,15,0
tm:718408,Дмитро Капінус,,,,,,,https://www.transfermarkt.com/dmytro-kapinus/profil/spieler/718408,,дані TM ще не зібрано (бюджет/помилка),,,,,,,,,,718408,RB,DF,70,3,43,1
tm:776033,Андрій Кітела,,,,,,,https://www.transfermarkt.com/andriy-kitela/profil/spieler/776033,,дані TM ще не зібрано (бюджет/помилка),,,,,,,,,,776033,RB,DF,70,3,35,0
tm:935046,Роман Савченко,,,,,,,https://www.transfermarkt.com/roman-savchenko/profil/spieler/935046,,дані TM ще не зібрано (бюджет/помилка),,,,,,,,,,935046,CB,DF,70,3,19,0
w:1957-04-16:sorokalet,Олександр Сорокалєт,,,,,,,https://www.transfermarkt.com/oleksandr-sorokalet/profil/spieler/250115,,"tm id: repo link (data/foot, data/positions); дані TM ще не зібрано (бюджет/помилка)",,,,,,,,,,250115,LB,DF,70,3,25,0
w:1963-09-18:tkachuk,Валерій Ткачук,,,,,,,https://www.transfermarkt.com/valeriy-tkachuk/profil/spieler/778894,,tm id: wikidata P2446 + dob; дані TM ще не зібрано (бюджет/помилка),,,,,,,,,,778894,CM,MF,70,3,32,2
w:1970-08-08:moroz,Юрій Мороз,,,,,,,,,немає Transfermarkt ID (не знайдено/не підтверджено датою народження),,,,,,,,,,,CB,DF,70,3,28,4
w:1971-11-19:pavlik,Ігор Павлик,,,,,,,,,немає Transfermarkt ID (не знайдено/не підтверджено датою народження),,,,,,,,,,,CM,MF,70,4,43,2
w:1971-12-25:hrin,Володимир Гринь,,,,,,,,,немає Transfermarkt ID (не знайдено/не підтверджено датою народження),,,,,,,,,,,CM,MF,70,6,79,1
w:1974-02-13:malevanov,Олександр Малєванов,,,,,,,,,немає Transfermarkt ID (не знайдено/не підтверджено датою народження),,,,,,,,,,,CB,DF,70,4,55,0
w:1974-04-27:filipenko,Павло Филипенко,,,,,,,,,немає Transfermarkt ID (не знайдено/не підтверджено датою народження),,,,,,,,,,,CB,DF,70,4,55,3
w:1974-08-23:hvianidze,Автанділ Гвіанідзе,,,,,,,,,немає Transfermarkt ID (не знайдено/не підтверджено датою народження),,,,,,,,,,,CM,MF,70,3,54,2
w:1975-01-31:muhin,Андрій Мухін,,,,,,,,,немає Transfermarkt ID (не знайдено/не підтверджено датою народження),,,,,,,,,,,CM,MF,70,3,39,2
w:1977-09-10:poliarush,Олег Поляруш,,,,,,,https://www.transfermarkt.com/oleg-polyarush/profil/spieler/232037,,tm id: wikidata P2446 + dob; дані TM ще не зібрано (бюджет/помилка),,,,,,,,,,232037,CM,MF,70,6,32,0
w:1978-06-11:stepanov,Андрій Степанов,,,,,,,https://www.transfermarkt.com/andrey-stepanov/profil/spieler/91541,,tm id: wikidata P2446 + dob; дані TM ще не зібрано (бюджет/помилка),,,,,,,,,,91541,CB,DF,70,4,39,1
w:1979-09-06:kovba,Денис Ковба,,,,,,,https://www.transfermarkt.com/denis-kovba/profil/spieler/25004,,tm id: wikidata P2446 + dob; дані TM ще не зібрано (бюджет/помилка),,,,,,,,,,25004,CDM,MF,70,3,42,1
w:1980-01-05:voinarovski,Роман Войнаровський,,,,,,,https://www.transfermarkt.com/roman-voynarovskiy/profil/spieler/91579,,tm id: wikidata P2446 + dob; дані TM ще не зібрано (бюджет/помилка),,,,,,,,,,91579,CM,MF,70,7,49,0
w:1980-09-23:hrubelich,Марко Грубелич,,,,,,,https://www.transfermarkt.com/marko-grubelic/profil/spieler/35998,,"tm id: repo link (data/foot, data/positions); дані TM ще не зібрано (бюджет/помилка)",,,,,,,,,,35998,LB,DF,70,3,55,0
w:1981-01-20:savin,Артем Савін,,,,,,,https://www.transfermarkt.com/artem-savin/profil/spieler/58123,,tm id: wikidata P2446 + dob; дані TM ще не зібрано (бюджет/помилка),,,,,,,,,,58123,CB,DF,70,7,107,0
w:1981-02-28:abdulae,Абдулає Джіре,,,,,,,https://www.transfermarkt.com/abdoulaye-djire/profil/spieler/15807,,tm id: wikidata P2446 + dob; дані TM ще не зібрано (бюджет/помилка),,,,,,,,,,15807,CM,MF,70,3,19,0
w:1981-05-19:karpenko,Сергій Карпенко,,,,,,,https://www.transfermarkt.com/sergiy-karpenko/profil/spieler/57880,,tm id: wikidata P2446 + dob; дані TM ще не зібрано (бюджет/помилка),,,,,,,,,,57880,CB,DF,70,3,39,1
w:1982-02-23:nefedov,Валентин Нєфьодов,,,,,,,https://www.transfermarkt.com/valentin-nefedov/profil/spieler/55383,,"tm id: repo link (data/foot, data/positions); дані TM ще не зібрано (бюджет/помилка)",,,,,,,,,,55383,RB,DF,70,3,44,0
w:1984-03-29:chavdar,Чавдар Янков,,,,,,,https://www.transfermarkt.com/chavdar-yankov/profil/spieler/16566,,tm id: wikidata P2446 + dob; дані TM ще не зібрано (бюджет/помилка),,,,,,,,,,16566,CM,MF,70,3,18,0
w:1985-05-14:joze,Леандро,,,,,,,https://www.transfermarkt.com/ze-leandro/profil/spieler/24106,,tm id: wikidata P2446 + dob; дані TM ще не зібрано (бюджет/помилка),,,,,,,,,,24106,CB,MF,70,4,26,0
w:1985-12-02:jersh,Роман Жерш,,,,,,,https://www.transfermarkt.com/roman-zhersh/profil/spieler/91701,,tm id: wikidata P2446 + dob; дані TM ще не зібрано (бюджет/помилка),,,,,,,,,,91701,CM,MF,70,4,31,0
tm:211734,Артем Філімонов,,,,,,,https://www.transfermarkt.com/artem-filimonov/profil/spieler/211734,,дані TM ще не зібрано (бюджет/помилка),,,,,,,,,,211734,CDM,MF,69,3,53,1
tm:365779,Лука Гучек,,,,,,,https://www.transfermarkt.com/luka-gucek/profil/spieler/365779,,дані TM ще не зібрано (бюджет/помилка),,,,,,,,,,365779,CB,DF,69,3,49,0
tm:369093,Андрій Ралюченко,,,,,,,https://www.transfermarkt.com/andriy-ralyuchenko/profil/spieler/369093,,дані TM ще не зібрано (бюджет/помилка),,,,,,,,,,369093,CDM,MF,69,3,46,0
tm:383565,Назар Вербний,,,,,,,https://www.transfermarkt.com/nazar-verbnyi/profil/spieler/383565,,дані TM ще не зібрано (бюджет/помилка),,,,,,,,,,383565,CDM,MF,69,4,40,0
tm:461666,Максим Мельничук,,,,,,,https://www.transfermarkt.com/maksym-melnychuk/profil/spieler/461666,,дані TM ще не зібрано (бюджет/помилка),,,,,,,,,,461666,LB,DF,69,5,46,0
tm:512496,Василь Курко,,,,,,,https://www.transfermarkt.com/vasyl-kurko/profil/spieler/512496,,дані TM ще не зібрано (бюджет/помилка),,,,,,,,,,512496,CDM,MF,69,4,85,1
tm:62180,Галь Шиш,,,,,,,https://www.transfermarkt.com/gal-shish/profil/spieler/62180,,дані TM ще не зібрано (бюджет/помилка),,,,,,,,,,62180,LB,DF,69,3,35,0
tm:625144,Владислав Семотюк,,,,,,,https://www.transfermarkt.com/vladyslav-semotyuk/profil/spieler/625144,,дані TM ще не зібрано (бюджет/помилка),,,,,,,,,,625144,CM,MF,69,4,30,0
tm:752691,Богдан Векляк,,,,,,,https://www.transfermarkt.com/bogdan-veklyak/profil/spieler/752691,,дані TM ще не зібрано (бюджет/помилка),,,,,,,,,,752691,CB,DF,69,4,32,1
w:1965-04-30:len,Юрій Лень,,,,,,,,,немає Transfermarkt ID (не знайдено/не підтверджено датою народження),,,,,,,,,,,CM,MF,69,3,49,1
w:1967-11-26:polischuk,Анатолій Поліщук,,,,,,,,,немає Transfermarkt ID (не знайдено/не підтверджено датою народження),,,,,,,,,,,CB,DF,69,3,33,0
w:1980-02-26:olefir,Володимир Олефір,,,,,,,https://www.transfermarkt.com/volodymyr-olefir/profil/spieler/60748,,tm id: wikidata P2446 + dob; дані TM ще не зібрано (бюджет/помилка),,,,,,,,,,60748,CB,DF,69,5,49,2
w:1981-02-09:batrachenko,Олександр Батраченко,,,,,,,https://www.transfermarkt.com/oleksandr-batrachenko/profil/spieler/91721,,tm id: wikidata P2446 + dob; дані TM ще не зібрано (бюджет/помилка),,,,,,,,,,91721,CB,DF,69,3,19,0
w:1981-02-24:kravchenko,Володимир Кравченко,,,,,,,,,немає Transfermarkt ID (не знайдено/не підтверджено датою народження),,,,,,,,,,,CM,DF,69,5,63,0
w:1981-06-24:rajkov,Ігор Рожков,,,,,,,https://www.transfermarkt.com/igor-rozhkov/profil/spieler/26353,,tm id: wikidata P2446 + dob; дані TM ще не зібрано (бюджет/помилка),,,,,,,,,,26353,CM,MF,69,3,44,0
w:1984-08-08:solianik,Руслан Соляник,,,,,,,https://www.transfermarkt.com/ruslan-solyanyk/profil/spieler/43374,,"tm id: repo link (data/foot, data/positions); дані TM ще не зібрано (бюджет/помилка)",,,,,,,,,,43374,RB,MF,69,5,50,0
w:1987-03-22:jeniuh,Олег Женюх,,,,,,,https://www.transfermarkt.com/oleg-zhenyukh/profil/spieler/58170,,tm id: wikidata P2446 + dob; дані TM ще не зібрано (бюджет/помилка),,,,,,,,,,58170,CM,MF,69,4,26,0
tm:204395,В'ячеслав Лухтанов,,,,,,,https://www.transfermarkt.com/vyacheslav-lukhtanov/profil/spieler/204395,,дані TM ще не зібрано (бюджет/помилка),,,,,,,,,,204395,CB,DF,68,3,22,0
tm:206053,Гор Малакян,,,,,,,https://www.transfermarkt.com/gor-malakyan/profil/spieler/206053,,дані TM ще не зібрано (бюджет/помилка),,,,,,,,,,206053,CM,MF,68,3,42,0
tm:468735,Олександр Маткобожик,,,,,,,https://www.transfermarkt.com/oleksandr-matkobozhyk/profil/spieler/468735,,дані TM ще не зібрано (бюджет/помилка),,,,,,,,,,468735,CB,DF,68,4,23,1
tm:59115,Віталій Павлов,,,,,,,https://www.transfermarkt.com/vitaliy-pavlov/profil/spieler/59115,,дані TM ще не зібрано (бюджет/помилка),,,,,,,,,,59115,CB,DF,68,5,30,0
tm:745252,Артем Кулаковський,,,,,,,https://www.transfermarkt.com/artem-kulakovskyi/profil/spieler/745252,,дані TM ще не зібрано (бюджет/помилка),,,,,,,,,,745252,CM,MF,68,4,41,1
tm:748838,Юрій Тлумак,,,,,,,https://www.transfermarkt.com/yuriy-tlumak/profil/spieler/748838,,дані TM ще не зібрано (бюджет/помилка),,,,,,,,,,748838,CM,DF,68,3,21,1
tm:838384,Антон Боль,,,,,,,https://www.transfermarkt.com/anton-bol/profil/spieler/838384,,дані TM ще не зібрано (бюджет/помилка),,,,,,,,,,838384,CB,DF,68,4,36,0
tm:91529,Ярослав Кінаш,,,,,,,https://www.transfermarkt.com/yaroslav-kinash/profil/spieler/91529,,дані TM ще не зібрано (бюджет/помилка),,,,,,,,,,91529,CM,MF,68,3,21,1
tm:92845,Андрій Сахневич,,,,,,,https://www.transfermarkt.com/andrey-sakhnevych/profil/spieler/92845,,дані TM ще не зібрано (бюджет/помилка),,,,,,,,,,92845,RB,DF,68,5,58,1
w:1964-05-07:kabanets,Ігор Кабанець,,,,,,,,,немає Transfermarkt ID (не знайдено/не підтверджено датою народження),,,,,,,,,,,CM,MF,68,3,36,1
w:1965-03-16:rolevich,Олександр Ролевич,,,,,,,https://www.transfermarkt.com/oleksandr-rolevych/profil/spieler/518651,,tm id: wikidata P2446 + dob; дані TM ще не зібрано (бюджет/помилка),,,,,,,,,,518651,CB,DF,68,3,38,0
w:1969-01-23:nikiforov,Андрій Никифоров,,,,,,,https://www.transfermarkt.com/andrey-kanchelskis/profil/spieler/3742,,tm id: wikidata P2446 + dob; дані TM ще не зібрано (бюджет/помилка),,,,,,,,,,3742,CM,MF,68,3,21,0
w:1971-05-13:portnov,Ігор Портнов,,,,,,,,,немає Transfermarkt ID (не знайдено/не підтверджено датою народження),,,,,,,,,,,CM,MF,68,3,44,1
w:1974-02-08:rizun,Микола Різун,,,,,,,,,немає Transfermarkt ID (не знайдено/не підтверджено датою народження),,,,,,,,,,,CB,DF,68,4,64,0
w:1979-08-03:hapon,Володимир Гапон,,,,,,,https://www.transfermarkt.com/volodymyr-gapon/profil/spieler/96897,,tm id: wikidata P2446 + dob; дані TM ще не зібрано (бюджет/помилка),,,,,,,,,,96897,CM,MF,68,4,41,0
w:1979-11-11:dombrae,Едді Домбрайе,,,,,,,https://www.transfermarkt.com/eddy-dombraye/profil/spieler/57870,,tm id: wikidata P2446 + dob; дані TM ще не зібрано (бюджет/помилка),,,,,,,,,,57870,CM,MF,68,4,38,1
w:1981-09-18:halchuk,Любомир Гальчук,,,,,,,https://www.transfermarkt.com/lyubomyr-galchuk/profil/spieler/82600,,tm id: wikidata P2446 + dob; дані TM ще не зібрано (бюджет/помилка),,,,,,,,,,82600,CB,DF,68,4,23,0
w:1982-07-13:milosavlevich,Урош Милосавлевич,,,,,,,https://www.transfermarkt.com/uros-milosavljevic/profil/spieler/36124,,tm id: wikidata P2446 + dob; дані TM ще не зібрано (бюджет/помилка),,,,,,,,,,36124,CM,MF,68,3,35,0
w:1985-08-01:trusevich,Максим Трусевич,,,,,,,https://www.transfermarkt.com/maksym-trusevych/profil/spieler/49028,,tm id: wikidata P2446 + dob; дані TM ще не зібрано (бюджет/помилка),,,,,,,,,,49028,CM,MF,68,5,40,0
w:1988-08-30:hurski,Андрій Гурський,,,,,,,https://www.transfermarkt.com/andriy-gurskyi/profil/spieler/70922,,tm id: wikidata P2446 + dob; дані TM ще не зібрано (бюджет/помилка),,,,,,,,,,70922,CB,DF,68,3,11,2
tm:1038054,Ярослав Кисіль,,,,,,,https://www.transfermarkt.com/yaroslav-kysil/profil/spieler/1038054,,дані TM ще не зібрано (бюджет/помилка),,,,,,,,,,1038054,LB,DF,67,4,37,0
tm:168041,Михайло Шишка,,,,,,,https://www.transfermarkt.com/mykhaylo-shyshka/profil/spieler/168041,,дані TM ще не зібрано (бюджет/помилка),,,,,,,,,,168041,CDM,MF,67,3,50,0
tm:241687,Андрій Міщенко,,,,,,,https://www.transfermarkt.com/andriy-mishchenko/profil/spieler/241687,,дані TM ще не зібрано (бюджет/помилка),,,,,,,,,,241687,CB,DF,67,4,29,0
tm:271635,Дмитро Фатєєв,,,,,,,https://www.transfermarkt.com/dmytro-fateev/profil/spieler/271635,,дані TM ще не зібрано (бюджет/помилка),,,,,,,,,,271635,RB,DF,67,4,30,0
tm:305423,Іван Зотько,,,,,,,https://www.transfermarkt.com/ivan-zotko/profil/spieler/305423,,дані TM ще не зібрано (бюджет/помилка),,,,,,,,,,305423,CB,DF,67,4,39,2
tm:343316,Сергій Косовський,,,,,,,https://www.transfermarkt.com/sergiy-kosovskyi/profil/spieler/343316,,дані TM ще не зібрано (бюджет/помилка),,,,,,,,,,343316,CDM,MF,67,3,38,0
tm:428380,Юрій Романюк,,,,,,,https://www.transfermarkt.com/yuriy-romanyuk/profil/spieler/428380,,дані TM ще не зібрано (бюджет/помилка),,,,,,,,,,428380,RB,DF,67,6,67,1
w:1968-09-06:bedni,Володимир Бєдний,,,,,,,,,немає Transfermarkt ID (не знайдено/не підтверджено датою народження),,,,,,,,,,,CB,DF,67,3,39,1
w:1971-02-07:sich,Микола Сич,,,,,,,https://www.transfermarkt.com/nikola-jokisic/profil/spieler/400938,,tm id: wikidata P2446 + dob; дані TM ще не зібрано (бюджет/помилка),,,,,,,,,,400938,CB,DF,67,3,38,0
w:1974-01-08:leliuk,Дмитро Лелюк,,,,,,,https://www.transfermarkt.com/dmitriy-balashov/profil/spieler/173664,,tm id: wikidata P2446 + dob; дані TM ще не зібрано (бюджет/помилка),,,,,,,,,,173664,CB,DF,67,3,25,0
w:1979-03-09:belikov,Віталій Бєліков,,,,,,,,,немає Transfermarkt ID (не знайдено/не підтверджено датою народження),,,,,,,,,,,CM,MF,67,6,50,0
tm:1173335,Даниїл Чечер,,,,,,,https://www.transfermarkt.com/danyil-checher/profil/spieler/1173335,,дані TM ще не зібрано (бюджет/помилка),,,,,,,,,,1173335,CB,DF,66,3,15,0
tm:244264,Владислав Павленко,,,,,,,https://www.transfermarkt.com/vladyslav-pavlenko/profil/spieler/244264,,дані TM ще не зібрано (бюджет/помилка),,,,,,,,,,244264,CM,MF,66,3,35,0
tm:522832,Тарас Мороз,,,,,,,https://www.transfermarkt.com/taras-moroz/profil/spieler/522832,,дані TM ще не зібрано (бюджет/помилка),,,,,,,,,,522832,CDM,MF,66,3,54,0
tm:91537,Віталій Приндета,,,,,,,https://www.transfermarkt.com/vitaliy-pryndeta/profil/spieler/91537,,дані TM ще не зібрано (бюджет/помилка),,,,,,,,,,91537,CB,DF,66,7,40,1
w:1971-05-25:jihulin,Спартак Жигулін,,,,,,,https://www.transfermarkt.com/spartak-zhygulin/profil/spieler/860902,,tm id: wikidata P2446 + dob; дані TM ще не зібрано (бюджет/помилка),,,,,,,,,,860902,CB,FW,66,4,49,2
w:1977-09-13:klimenko,Андрій Клименко,,,,,,,,,немає Transfermarkt ID (не знайдено/не підтверджено датою народження),,,,,,,,,,,CM,MF,66,4,40,0
w:1978-01-02:suhomlinov,Владислав Сухомлинов,,,,,,,https://www.transfermarkt.com/vladyslav-sukhomlynov/profil/spieler/214338,,tm id: wikidata P2446 + dob; дані TM ще не зібрано (бюджет/помилка),,,,,,,,,,214338,CM,MF,66,5,39,1
w:1980-10-06:nudni,Сергій Нудний,,,,,,,https://www.transfermarkt.com/sergiy-nudnyi/profil/spieler/59357,,tm id: wikidata P2446 + dob; дані TM ще не зібрано (бюджет/помилка),,,,,,,,,,59357,CM,MF,66,3,20,0
w:1983-01-11:ivanski,Любомир Іванський,,,,,,,https://www.transfermarkt.com/lyubomyr-ivanskyi/profil/spieler/121004,,tm id: wikidata P2446 + dob; дані TM ще не зібрано (бюджет/помилка),,,,,,,,,,121004,LB,MF,66,3,14,0
w:1988-08-16:zavarov,Валерій Заваров,,,,,,,https://www.transfermarkt.com/valeriy-zavarov/profil/spieler/59925,,tm id: wikidata P2446 + dob; дані TM ще не зібрано (бюджет/помилка),,,,,,,,,,59925,CM,MF,66,3,22,0
w:1989-09-24:zaharevich,Ярослав Захаревич,,,,,,,https://www.transfermarkt.com/yaroslav-zakharevych/profil/spieler/59924,,tm id: wikidata P2446 + dob; дані TM ще не зібрано (бюджет/помилка),,,,,,,,,,59924,CM,MF,66,5,16,0
tm:363063,Олексій Ковтун,,,,,,,https://www.transfermarkt.com/oleksiy-kovtun/profil/spieler/363063,,дані TM ще не зібрано (бюджет/помилка),,,,,,,,,,363063,CB,DF,65,5,24,0
tm:375955,Єгор Клименчук,,,,,,,https://www.transfermarkt.com/yegor-klymenchuk/profil/spieler/375955,,дані TM ще не зібрано (бюджет/помилка),,,,,,,,,,375955,LB,DF,65,5,31,0
tm:461663,Микита Петерман,,,,,,,https://www.transfermarkt.com/mykyta-peterman/profil/spieler/461663,,дані TM ще не зібрано (бюджет/помилка),,,,,,,,,,461663,CDM,MF,65,3,31,0
tm:57748,Матеус Лопес,,,,,,,https://www.transfermarkt.com/matheus-lopes/profil/spieler/57748,,дані TM ще не зібрано (бюджет/помилка),,,,,,,,,,57748,CB,DF,65,3,39,2
tm:935039,Мар'ян Фарина,,,,,,,https://www.transfermarkt.com/maryan-faryna/profil/spieler/935039,,дані TM ще не зібрано (бюджет/помилка),,,,,,,,,,935039,CB,DF,65,4,39,1
w:1963-11-27:iarmolich,Сергій Ярмолич,,,,,,,https://www.transfermarkt.com/sergiy-yarmolych/profil/spieler/514049,,tm id: wikidata P2446 + dob; дані TM ще не зібрано (бюджет/помилка),,,,,,,,,,514049,CB,DF,65,3,29,0
w:1977-06-17:matkevich,Анатолій Маткевич,,,,,,,https://www.transfermarkt.com/anatoliy-matkevych/profil/spieler/193271,,tm id: wikidata P2446 + dob; дані TM ще не зібрано (бюджет/помилка),,,,,,,,,,193271,CM,MF,65,7,54,0
w:1979-11-27:malihin,Олександр Малигін,,,,,,,https://www.transfermarkt.com/oleksandr-malygin/profil/spieler/118429,,tm id: wikidata P2446 + dob; дані TM ще не зібрано (бюджет/помилка),,,,,,,,,,118429,CB,DF,65,3,44,1
w:1982-10-01:shkred,Олег Шкред,,,,,,,https://www.transfermarkt.com/oleg-shkred/profil/spieler/60267,,tm id: wikidata P2446 + dob; дані TM ще не зібрано (бюджет/помилка),,,,,,,,,,60267,CB,MF,65,3,6,2
w:1986-05-31:horbushin,Дмитро Горбушин,,,,,,,https://www.transfermarkt.com/dmytro-gorbushyn/profil/spieler/58216,,tm id: wikidata P2446 + dob; дані TM ще не зібрано (бюджет/помилка),,,,,,,,,,58216,CM,MF,65,3,33,0
tm:155861,Руслан Зубков,,,,,,,https://www.transfermarkt.com/ruslan-zubkov/profil/spieler/155861,,дані TM ще не зібрано (бюджет/помилка),,,,,,,,,,155861,CB,DF,64,3,25,1
tm:322952,Роман Никитюк,,,,,,,https://www.transfermarkt.com/roman-nykytyuk/profil/spieler/322952,,дані TM ще не зібрано (бюджет/помилка),,,,,,,,,,322952,CB,DF,64,5,53,0
tm:347804,Андрій Коробенко,,,,,,,https://www.transfermarkt.com/andriy-korobenko/profil/spieler/347804,,дані TM ще не зібрано (бюджет/помилка),,,,,,,,,,347804,CM,MF,64,5,34,0
tm:964036,Олег Криворучко,,,,,,,https://www.transfermarkt.com/oleg-kryvoruchko/profil/spieler/964036,,дані TM ще не зібрано (бюджет/помилка),,,,,,,,,,964036,CM,MF,64,3,16,0
w:1968-04-29:sinitski,Олег Синицький,,,,,,,,,немає Transfermarkt ID (не знайдено/не підтверджено датою народження),,,,,,,,,,,CB,DF,64,3,37,1
w:1968-10-01:kovalenko,Валерій Коваленко,,,,,,,,,немає Transfermarkt ID (не знайдено/не підтверджено датою народження),,,,,,,,,,,CB,DF,64,3,29,0
w:1970-01-21:serikov,Володимир Сєріков,,,,,,,https://www.transfermarkt.com/volodymyr-serikov/profil/spieler/883417,,tm id: wikidata P2446 + dob; дані TM ще не зібрано (бюджет/помилка),,,,,,,,,,883417,CM,MF,64,3,11,0
w:1970-08-02:burimenko,Сергій Бурименко,,,,,,,https://www.transfermarkt.com/sergiy-burymenko/profil/spieler/257889,,tm id: wikidata P2446 + dob; дані TM ще не зібрано (бюджет/помилка),,,,,,,,,,257889,CB,DF,64,3,36,0
w:1972-10-15:zeleniuk,Ігор Зеленюк,,,,,,,,,немає Transfermarkt ID (не знайдено/не підтверджено датою народження),,,,,,,,,,,CB,DF,64,3,30,0
w:1973-10-27:michuda,Сергій Мічуда,,,,,,,,,немає Transfermarkt ID (не знайдено/не підтверджено датою народження),,,,,,,,,,,CB,DF,64,3,28,0
w:1974-12-15:ushtan,Володимир Уштан,,,,,,,,,немає Transfermarkt ID (не знайдено/не підтверджено датою народження),,,,,,,,,,,CM,MF,64,4,25,0
w:1976-02-11:sobkovich,Олександр Собкович,,,,,,,,,немає Transfermarkt ID (не знайдено/не підтверджено датою народження),,,,,,,,,,,CDM,MF,64,4,30,0
w:1976-02-23:kuznetsov,Олексій Кузнецов,,,,,,,https://www.transfermarkt.com/oleksiy-kuznetsov/profil/spieler/969948,,tm id: wikidata P2446 + dob; дані TM ще не зібрано (бюджет/помилка),,,,,,,,,,969948,CB,DF,64,5,15,0
w:1978-03-21:horban,Андрій Горбань,,,,,,,,,немає Transfermarkt ID (не знайдено/не підтверджено датою народження),,,,,,,,,,,CM,MF,64,4,23,0
w:1978-08-31:bohorodichenko,Сергій Богородіченко,,,,,,,,,немає Transfermarkt ID (не знайдено/не підтверджено датою народження),,,,,,,,,,,CM,MF,64,3,26,0
w:1983-01-12:buriak,Ігор Буряк,,,,,,,https://www.transfermarkt.com/igor-buryak/profil/spieler/91243,,tm id: wikidata P2446 + dob; дані TM ще не зібрано (бюджет/помилка),,,,,,,,,,91243,CB,DF,64,3,12,0
w:1984-01-04:radevich,Сергій Радевич,,,,,,,https://www.transfermarkt.com/sergiy-radevych/profil/spieler/43357,,tm id: wikidata P2446 + dob; дані TM ще не зібрано (бюджет/помилка),,,,,,,,,,43357,CB,MF,64,4,24,0
tm:461670,Богдан Білошевський,,,,,,,https://www.transfermarkt.com/bogdan-biloshevskyi/profil/spieler/461670,,дані TM ще не зібрано (бюджет/помилка),,,,,,,,,,461670,CDM,MF,63,6,42,0
tm:951690,Юрій Потімков,,,,,,,https://www.transfermarkt.com/yuriy-potimkov/profil/spieler/951690,,дані TM ще не зібрано (бюджет/помилка),,,,,,,,,,951690,CB,DF,63,3,13,0
w:1973-04-13:zaitsev,Сергій Зайцев,,,,,,,https://www.transfermarkt.com/sergiy-zaytsev/profil/spieler/1003735,,tm id: wikidata P2446 + dob; дані TM ще не зібрано (бюджет/помилка),,,,,,,,,,1003735,CB,DF,63,3,25,0
w:1978-07-18:martinenko,Андрій Мартиненко,,,,,,,https://www.transfermarkt.com/andriy-martynenko/profil/spieler/857996,,tm id: wikidata P2446 + dob; дані TM ще не зібрано (бюджет/помилка),,,,,,,,,,857996,CB,DF,63,4,27,0
w:1979-01-29:antoniuk,Олександр Антонюк,,,,,,,https://www.transfermarkt.com/oleksandr-antonyuk/profil/spieler/91562,,tm id: wikidata P2446 + dob; дані TM ще не зібрано (бюджет/помилка),,,,,,,,,,91562,CB,DF,63,3,34,0
w:1983-04-12:karmalita,Євген Кармаліта,,,,,,,https://www.transfermarkt.com/yevgen-karmalita/profil/spieler/91470,,tm id: wikidata P2446 + dob; дані TM ще не зібрано (бюджет/помилка),,,,,,,,,,91470,CB,MF,63,3,8,0
w:1986-02-25:hai,Антон Гай,,,,,,,https://www.transfermarkt.com/anton-gay/profil/spieler/59942,,tm id: wikidata P2446 + dob; дані TM ще не зібрано (бюджет/помилка),,,,,,,,,,59942,CM,MF,63,4,11,1
w:1988-09-02:semenenko,Артем Семененко,,,,,,,https://www.transfermarkt.com/artem-semenenko/profil/spieler/59968,,tm id: wikidata P2446 + dob; дані TM ще не зібрано (бюджет/помилка),,,,,,,,,,59968,CDM,MF,63,7,29,0
tm:289282,Роман Попов,,,,,,,https://www.transfermarkt.com/roman-popov/profil/spieler/289282,,дані TM ще не зібрано (бюджет/помилка),,,,,,,,,,289282,RB,DF,62,3,28,1
tm:426805,Андро Гіоргадзе,,,,,,,https://www.transfermarkt.com/andro-giorgadze/profil/spieler/426805,,дані TM ще не зібрано (бюджет/помилка),,,,,,,,,,426805,CB,DF,62,3,11,0
tm:497222,Олег Веремієнко,,,,,,,https://www.transfermarkt.com/oleg-veremiyenko/profil/spieler/497222,,дані TM ще не зібрано (бюджет/помилка),,,,,,,,,,497222,CB,DF,62,3,26,2
tm:58977,Сергій Вовкодав,,,,,,,https://www.transfermarkt.com/sergiy-vovkodav/profil/spieler/58977,,дані TM ще не зібрано (бюджет/помилка),,,,,,,,,,58977,RB,DF,62,5,17,0
w:1971-09-05:tolkach,Олександр Толкач,,,,,,,,,немає Transfermarkt ID (не знайдено/не підтверджено датою народження),,,,,,,,,,,CB,DF,62,4,12,0
w:1986-02-27:hrinchenko,Микола Грінченко,,,,,,,https://www.transfermarkt.com/mykola-grynchenko/profil/spieler/58025,,tm id: wikidata P2446 + dob; дані TM ще не зібрано (бюджет/помилка),,,,,,,,,,58025,CM,MF,62,3,12,1
w:1986-03-09:ermak,Олег Єрмак,,,,,,,https://www.transfermarkt.com/oleg-yermak/profil/spieler/60172,,tm id: wikidata P2446 + dob; дані TM ще не зібрано (бюджет/помилка),,,,,,,,,,60172,CB,MF,62,3,21,0
tm:1057222,Віктор Цуканов,,,,,,,https://www.transfermarkt.com/viktor-tsukanov/profil/spieler/1057222,,дані TM ще не зібрано (бюджет/помилка),,,,,,,,,,1057222,CM,MF,61,3,10,0
tm:130264,Юрій Бушман,,,,,,,https://www.transfermarkt.com/yuriy-bushman/profil/spieler/130264,,дані TM ще не зібрано (бюджет/помилка),,,,,,,,,,130264,LB,DF,61,3,25,0
tm:164247,Степан Гірський,,,,,,,https://www.transfermarkt.com/stepan-girskyi/profil/spieler/164247,,дані TM ще не зібрано (бюджет/помилка),,,,,,,,,,164247,CDM,DF,61,3,14,0
tm:255635,Євген Чумак,,,,,,,https://www.transfermarkt.com/yevgen-chumak/profil/spieler/255635,,дані TM ще не зібрано (бюджет/помилка),,,,,,,,,,255635,CM,MF,61,3,21,1
tm:280076,Семен Даценко,,,,,,,https://www.transfermarkt.com/semen-datsenko/profil/spieler/280076,,дані TM ще не зібрано (бюджет/помилка),,,,,,,,,,280076,CB,DF,61,3,13,0
tm:373044,Максим Казаков,,,,,,,https://www.transfermarkt.com/maksym-kazakov/profil/spieler/373044,,дані TM ще не зібрано (бюджет/помилка),,,,,,,,,,373044,CM,MF,61,3,6,0
w:1975-01-05:andriuschenko,Анатолій Андрющенко,,,,,,,,,немає Transfermarkt ID (не знайдено/не підтверджено датою народження),,,,,,,,,,,CB,DF,61,4,33,0
tm:123366,Роман Годований,,,,,,,https://www.transfermarkt.com/roman-godovanyi/profil/spieler/123366,,дані TM ще не зібрано (бюджет/помилка),,,,,,,,,,123366,CB,DF,60,3,15,0
w:1975-02-05:kondakov,Юрій Кондаков,,,,,,,,,немає Transfermarkt ID (не знайдено/не підтверджено датою народження),,,,,,,,,,,CB,DF,60,4,17,0
w:1976-05-16:levchenko,Олексій Левченко,,,,,,,,,немає Transfermarkt ID (не знайдено/не підтверджено датою народження),,,,,,,,,,,CB,DF,60,4,17,0
w:1976-11-29:shimanski,Сергій Шиманський,,,,,,,,,немає Transfermarkt ID (не знайдено/не підтверджено датою народження),,,,,,,,,,,CB,DF,60,4,31,0
w:1977-07-27:mitin,Сергій Мітін,,,,,,,,,немає Transfermarkt ID (не знайдено/не підтверджено датою народження),,,,,,,,,,,CB,DF,60,4,12,0
w:1983-04-02:veprik,Олег Веприк,,,,,,,https://www.transfermarkt.com/oleg-vepryk/profil/spieler/91577,,tm id: wikidata P2446 + dob; дані TM ще не зібрано (бюджет/помилка),,,,,,,,,,91577,CM,MF,60,3,10,0
w:1990-02-08:shevchuk,Антон Шевчук,,,,,,,https://www.transfermarkt.com/anton-shevchuk/profil/spieler/120989,,tm id: wikidata P2446 + dob; дані TM ще не зібрано (бюджет/помилка),,,,,,,,,,120989,CM,MF,60,3,18,0
tm:193812,Сергій Гаращенков,,,,,,,https://www.transfermarkt.com/sergiy-garashchenkov/profil/spieler/193812,,дані TM ще не зібрано (бюджет/помилка),,,,,,,,,,193812,RB,DF,59,3,11,0
tm:560110,Іван Коваленко,,,,,,,https://www.transfermarkt.com/ivan-kovalenko/profil/spieler/560110,,дані TM ще не зібрано (бюджет/помилка),,,,,,,,,,560110,LB,DF,59,3,7,0
tm:567735,Владислав Хамелюк,,,,,,,https://www.transfermarkt.com/vladyslav-khamelyuk/profil/spieler/567735,,дані TM ще не зібрано (бюджет/помилка),,,,,,,,,,567735,CM,MF,59,4,13,1
w:1972-04-24:karetnik,Володимир Каретник,,,,,,,,,немає Transfermarkt ID (не знайдено/не підтверджено датою народження),,,,,,,,,,,CM,MF,59,3,18,0
w:1985-08-16:leonidov,Олег Леонідов,,,,,,,https://www.transfermarkt.com/oleg-leonidov/profil/spieler/82614,,tm id: wikidata P2446 + dob; дані TM ще не зібрано (бюджет/помилка),,,,,,,,,,82614,CB,DF,59,3,11,0
w:1986-03-05:kostiuk,Сергій Костюк,,,,,,,https://www.transfermarkt.com/sergiy-kostyuk/profil/spieler/59420,,tm id: wikidata P2446 + dob; дані TM ще не зібрано (бюджет/помилка),,,,,,,,,,59420,CM,MF,59,4,8,0
tm:348839,Сергій Кулинич,,,,,,,https://www.transfermarkt.com/sergiy-kulynych/profil/spieler/348839,,дані TM ще не зібрано (бюджет/помилка),,,,,,,,,,348839,CB,DF,58,3,21,0
tm:92649,Дмитро Зозуля,,,,,,,https://www.transfermarkt.com/dmytro-zozulya/profil/spieler/92649,,дані TM ще не зібрано (бюджет/помилка),,,,,,,,,,92649,CB,DF,58,3,21,0
w:1977-03-28:fenin,Юрій Фенін,,,,,,,https://www.transfermarkt.com/yuriy-fenin/profil/spieler/257939,,tm id: wikidata P2446 + dob; дані TM ще не зібрано (бюджет/помилка),,,,,,,,,,257939,CM,MF,58,3,13,0
w:1978-06-23:evsiukov,Олександр Євсюков,,,,,,,,,немає Transfermarkt ID (не знайдено/не підтверджено датою народження),,,,,,,,,,,CM,MF,58,3,5,0
w:1980-02-21:mikula,Євген Микула,,,,,,,https://www.transfermarkt.com/yevgen-mykula/profil/spieler/860311,,tm id: wikidata P2446 + dob; дані TM ще не зібрано (бюджет/помилка),,,,,,,,,,860311,CB,DF,58,3,6,0
w:1985-01-01:hololobov,Дмитро Гололобов,,,,,,,https://www.transfermarkt.com/dmytro-gololobov/profil/spieler/91352,,tm id: wikidata P2446 + dob; дані TM ще не зібрано (бюджет/помилка),,,,,,,,,,91352,CB,DF,58,3,14,1
w:1988-03-31:hrihorik,Андрій Григорик,,,,,,,https://www.transfermarkt.com/andriy-grygoryk/profil/spieler/59044,,tm id: wikidata P2446 + dob; дані TM ще не зібрано (бюджет/помилка),,,,,,,,,,59044,CM,MF,58,3,13,0
w:1974-07-19:maksimich,Сергій Максимич,,,,,,,,,немає Transfermarkt ID (не знайдено/не підтверджено датою народження),,,,,,,,,,,CM,MF,57,3,21,0
w:1978-03-07:hrischenko,Олексій Грищенко,,,,,,,,,немає Transfermarkt ID (не знайдено/не підтверджено датою народження),,,,,,,,,,,CM,MF,57,4,8,1
w:1981-12-18:berlizev,Максим Берлізєв,,,,,,,,,немає Transfermarkt ID (не знайдено/не підтверджено датою народження),,,,,,,,,,,CM,MF,57,3,12,0
w:1986-02-10:kavatsiv,Ярема Каваців,,,,,,,https://www.transfermarkt.com/yarema-kavatsiv/profil/spieler/59948,,tm id: wikidata P2446 + dob; дані TM ще не зібрано (бюджет/помилка),,,,,,,,,,59948,CB,MF,57,3,13,0
tm:1035982,Дмитро Черниш,,,,,,,https://www.transfermarkt.com/dmytro-chernysh/profil/spieler/1035982,,дані TM ще не зібрано (бюджет/помилка),,,,,,,,,,1035982,CM,MF,56,4,15,0
tm:213452,Юрій Ткачук,,,,,,,https://www.transfermarkt.com/yuriy-tkachuk/profil/spieler/213452,,дані TM ще не зібрано (бюджет/помилка),,,,,,,,,,213452,CDM,MF,56,4,9,0
tm:343175,Ахмед Алібеков,,,,,,,https://www.transfermarkt.com/akhmed-alibekov/profil/spieler/343175,,дані TM ще не зібрано (бюджет/помилка),,,,,,,,,,343175,CDM,MF,56,3,19,1
tm:59045,Павло Грищенко,,,,,,,https://www.transfermarkt.com/pavlo-gryshchenko/profil/spieler/59045,,дані TM ще не зібрано (бюджет/помилка),,,,,,,,,,59045,CM,MF,56,3,6,0
w:1967-08-15:volotek,Олег Волотек,,,,,,,,,немає Transfermarkt ID (не знайдено/не підтверджено датою народження),,,,,,,,,,,CDM,MF,56,4,11,0
tm:267396,Ігор Калінін,,,,,,,https://www.transfermarkt.com/igor-kalinin/profil/spieler/267396,,дані TM ще не зібрано (бюджет/помилка),,,,,,,,,,267396,LB,DF,55,4,10,0
w:1971-09-25:chuprin,Дмитро Чупрін,,,,,,,,,немає Transfermarkt ID (не знайдено/не підтверджено датою народження),,,,,,,,,,,CM,MF,55,4,10,0
w:1972-02-11:chirva,Олексій Чирва,,,,,,,,,немає Transfermarkt ID (не знайдено/не підтверджено датою народження),,,,,,,,,,,CB,DF,55,3,28,0
w:1979-09-12:vasin,Денис Васін,,,,,,,https://www.transfermarkt.com/rick-van-der-stelt/profil/spieler/261224,,tm id: wikidata P2446 + dob; дані TM ще не зібрано (бюджет/помилка),,,,,,,,,,261224,CB,MF,55,3,11,0
w:1977-02-20:sautin,Артем Саутін,,,,,,,,,немає Transfermarkt ID (не знайдено/не підтверджено датою народження),,,,,,,,,,,CM,MF,54,3,5,0
w:1979-12-24:rachiba,Олексій Рачиба,,,,,,,https://www.transfermarkt.com/oleksiy-rachyba/profil/spieler/883297,,tm id: wikidata P2446 + dob; дані TM ще не зібрано (бюджет/помилка),,,,,,,,,,883297,CM,MF,54,3,7,0
w:1987-01-06:kucherenko,Іван Кучеренко,,,,,,,https://www.transfermarkt.com/ivan-kucherenko/profil/spieler/59078,,tm id: wikidata P2446 + dob; дані TM ще не зібрано (бюджет/помилка),,,,,,,,,,59078,CM,MF,53,3,4,0
w:1989-02-05:hovbosha,Дмитро Ховбоша,,,,,,,https://www.transfermarkt.com/dmytro-khovbosha/profil/spieler/58040,,tm id: wikidata P2446 + dob; дані TM ще не зібрано (бюджет/помилка),,,,,,,,,,58040,CDM,DF,53,3,6,0
tm:882224,Ілля Ухань,,,,,,,https://www.transfermarkt.com/ilya-ukhan/profil/spieler/882224,,дані TM ще не зібрано (бюджет/помилка),,,,,,,,,,882224,RB,DF,52,3,17,0
w:1978-08-15:pinenko,Олександр Піненко,,,,,,,,,немає Transfermarkt ID (не знайдено/не підтверджено датою народження),,,,,,,,,,,CM,MF,52,3,3,0
w:1984-11-22:diachenko,Сергій Дяченко,,,,,,,https://www.transfermarkt.com/sergiy-dyachenko/profil/spieler/43304,,tm id: wikidata P2446 + dob; дані TM ще не зібрано (бюджет/помилка),,,,,,,,,,43304,CM,MF,52,3,3,0
w:1989-01-26:meporia,Іка Мепорія,,,,,,,https://www.transfermarkt.com/ika-meporia/profil/spieler/59926,,tm id: wikidata P2446 + dob; дані TM ще не зібрано (бюджет/помилка),,,,,,,,,,59926,CM,MF,52,3,3,0
