season,round,date,home_slug,away_slug,home_goals,away_goals,source
1992,1,1992-03-06,mykolaiv,temp-shepetivka,1,0,transfermarkt
1992,1,1992-03-06,kremin-kremenchuk,nyva-vinnytsia,1,0,transfermarkt
1992,1,1992-03-06,tavriya-simferopol,torpedo-zaporizhzhia,2,0,transfermarkt
1992,1,1992-03-06,metalurh-zaporizhzhia,shakhtar-donetsk,1,1,transfermarkt
1992,1,1992-03-06,chornomorets-odesa,karpaty-lviv,2,2,transfermarkt
1992,1,1992-03-07,prykarpattia,volyn-lutsk,0,0,transfermarkt
1992,1,1992-03-07,ska-odesa,naftovyk-okhtyrka,0,1,transfermarkt
1992,1,1992-03-07,dnipro,zorya-luhansk,2,0,transfermarkt
1992,1,1992-03-07,bukovyna-chernivtsi,nyva-ternopil,2,1,transfermarkt
1992,1,1992-03-07,dynamo-kyiv,metalist-kharkiv,2,1,transfermarkt
1992,2,1992-03-09,mykolaiv,karpaty-lviv,1,1,transfermarkt
1992,2,1992-03-09,chornomorets-odesa,temp-shepetivka,3,1,transfermarkt
1992,2,1992-03-10,tavriya-simferopol,shakhtar-donetsk,1,1,transfermarkt
1992,2,1992-03-10,metalurh-zaporizhzhia,torpedo-zaporizhzhia,0,1,transfermarkt
1992,2,1992-03-10,prykarpattia,nyva-ternopil,0,0,transfermarkt
1992,2,1992-03-10,ska-odesa,metalist-kharkiv,0,3,transfermarkt
1992,2,1992-03-10,dynamo-kyiv,naftovyk-okhtyrka,1,0,transfermarkt
1992,2,1992-03-10,bukovyna-chernivtsi,volyn-lutsk,2,1,transfermarkt
1992,3,1992-03-18,shakhtar-donetsk,nyva-vinnytsia,5,0,transfermarkt
1992,3,1992-03-18,volyn-lutsk,dnipro,1,0,transfermarkt
1992,3,1992-03-18,metalist-kharkiv,prykarpattia,1,0,transfermarkt
1992,3,1992-03-18,nyva-ternopil,zorya-luhansk,2,0,transfermarkt
1992,3,1992-03-18,torpedo-zaporizhzhia,kremin-kremenchuk,0,0,transfermarkt
1992,3,1992-03-18,karpaty-lviv,tavriya-simferopol,0,2,transfermarkt
1992,3,1992-03-18,temp-shepetivka,metalurh-zaporizhzhia,0,2,transfermarkt
1992,3,1992-03-18,naftovyk-okhtyrka,bukovyna-chernivtsi,0,0,transfermarkt
1992,4,1992-03-21,karpaty-lviv,metalurh-zaporizhzhia,0,0,transfermarkt
1992,4,1992-03-21,temp-shepetivka,tavriya-simferopol,1,0,transfermarkt
1992,4,1992-03-21,mykolaiv,chornomorets-odesa,1,2,transfermarkt
1992,4,1992-03-21,shakhtar-donetsk,kremin-kremenchuk,2,0,transfermarkt
1992,4,1992-03-21,torpedo-zaporizhzhia,nyva-vinnytsia,4,0,transfermarkt
1992,4,1992-03-21,metalist-kharkiv,bukovyna-chernivtsi,0,0,transfermarkt
1992,4,1992-03-21,naftovyk-okhtyrka,prykarpattia,1,0,transfermarkt
1992,4,1992-03-21,nyva-ternopil,dnipro,1,0,transfermarkt
1992,4,1992-03-21,volyn-lutsk,zorya-luhansk,2,0,transfermarkt
1992,4,1992-03-23,ska-odesa,dynamo-kyiv,1,3,transfermarkt
1992,5,1992-03-27,tavriya-simferopol,chornomorets-odesa,1,0,transfermarkt
1992,5,1992-03-27,kremin-kremenchuk,temp-shepetivka,1,1,transfermarkt
1992,5,1992-03-27,metalurh-zaporizhzhia,mykolaiv,2,0,transfermarkt
1992,5,1992-03-27,nyva-vinnytsia,karpaty-lviv,3,0,transfermarkt
1992,5,1992-03-27,prykarpattia,dynamo-kyiv,0,0,transfermarkt
1992,5,1992-03-27,dnipro,metalist-kharkiv,2,1,transfermarkt
1992,5,1992-03-27,zorya-luhansk,naftovyk-okhtyrka,3,0,transfermarkt
1992,5,1992-03-27,bukovyna-chernivtsi,ska-odesa,3,1,transfermarkt
1992,6,1992-03-30,prykarpattia,ska-odesa,1,0,transfermarkt
1992,6,1992-03-30,volyn-lutsk,nyva-ternopil,1,0,transfermarkt
1992,6,1992-03-30,dnipro,naftovyk-okhtyrka,2,0,transfermarkt
1992,6,1992-03-30,zorya-luhansk,metalist-kharkiv,2,2,transfermarkt
1992,6,1992-03-30,nyva-vinnytsia,temp-shepetivka,0,0,transfermarkt
1992,6,1992-03-30,shakhtar-donetsk,torpedo-zaporizhzhia,0,0,transfermarkt
1992,6,1992-03-30,kremin-kremenchuk,karpaty-lviv,1,0,transfermarkt
1992,6,1992-03-30,tavriya-simferopol,mykolaiv,1,0,transfermarkt
1992,6,1992-03-30,metalurh-zaporizhzhia,chornomorets-odesa,1,1,transfermarkt
1992,7,1992-04-04,mykolaiv,kremin-kremenchuk,0,0,transfermarkt
1992,7,1992-04-04,chornomorets-odesa,nyva-vinnytsia,6,0,transfermarkt
1992,7,1992-04-05,karpaty-lviv,shakhtar-donetsk,1,0,transfermarkt
1992,7,1992-04-05,temp-shepetivka,torpedo-zaporizhzhia,1,1,transfermarkt
1992,7,1992-04-05,metalurh-zaporizhzhia,tavriya-simferopol,2,2,transfermarkt
1992,7,1992-04-05,naftovyk-okhtyrka,nyva-ternopil,0,0,transfermarkt
1992,7,1992-04-05,bukovyna-chernivtsi,prykarpattia,0,0,transfermarkt
1992,7,1992-04-05,ska-odesa,zorya-luhansk,0,1,transfermarkt
1992,7,1992-04-05,dynamo-kyiv,dnipro,2,2,transfermarkt
1992,7,1992-04-05,metalist-kharkiv,volyn-lutsk,3,1,transfermarkt
1992,8,1992-04-07,chornomorets-odesa,kremin-kremenchuk,1,1,transfermarkt
1992,8,1992-04-07,mykolaiv,nyva-vinnytsia,2,1,transfermarkt
1992,8,1992-04-08,karpaty-lviv,torpedo-zaporizhzhia,0,0,transfermarkt
1992,8,1992-04-08,temp-shepetivka,shakhtar-donetsk,0,4,transfermarkt
1992,8,1992-04-08,metalist-kharkiv,nyva-ternopil,0,0,transfermarkt
1992,8,1992-04-08,ska-odesa,dnipro,1,1,transfermarkt
1992,8,1992-04-08,naftovyk-okhtyrka,volyn-lutsk,2,1,transfermarkt
1992,8,1992-04-08,dynamo-kyiv,zorya-luhansk,2,1,transfermarkt
1992,9,1992-04-16,shakhtar-donetsk,chornomorets-odesa,0,0,transfermarkt
1992,9,1992-04-16,nyva-vinnytsia,tavriya-simferopol,0,1,transfermarkt
1992,9,1992-04-16,kremin-kremenchuk,metalurh-zaporizhzhia,0,1,transfermarkt
1992,9,1992-04-16,torpedo-zaporizhzhia,mykolaiv,2,0,transfermarkt
1992,9,1992-04-16,dnipro,bukovyna-chernivtsi,0,1,transfermarkt
1992,9,1992-04-16,nyva-ternopil,ska-odesa,1,0,transfermarkt
1992,9,1992-04-16,zorya-luhansk,prykarpattia,4,0,transfermarkt
1992,13,1992-04-16,volyn-lutsk,metalist-kharkiv,3,1,transfermarkt
1992,10,1992-04-19,torpedo-zaporizhzhia,chornomorets-odesa,0,2,transfermarkt
1992,10,1992-04-19,temp-shepetivka,karpaty-lviv,1,0,transfermarkt
1992,10,1992-04-19,nyva-vinnytsia,metalurh-zaporizhzhia,1,1,transfermarkt
1992,10,1992-04-19,kremin-kremenchuk,tavriya-simferopol,1,1,transfermarkt
1992,10,1992-04-19,shakhtar-donetsk,mykolaiv,2,0,transfermarkt
1992,10,1992-04-19,naftovyk-okhtyrka,metalist-kharkiv,1,0,transfermarkt
1992,10,1992-04-19,dnipro,prykarpattia,1,0,transfermarkt
1992,10,1992-04-19,zorya-luhansk,bukovyna-chernivtsi,2,1,transfermarkt
1992,10,1992-04-19,volyn-lutsk,ska-odesa,3,0,transfermarkt
1992,10,1992-04-20,nyva-ternopil,dynamo-kyiv,0,2,transfermarkt
1992,6,1992-04-23,bukovyna-chernivtsi,dynamo-kyiv,0,0,transfermarkt
1992,11,1992-04-24,ska-odesa,nyva-ternopil,0,1,transfermarkt
1992,11,1992-04-25,metalurh-zaporizhzhia,kremin-kremenchuk,1,0,transfermarkt
1992,11,1992-04-25,mykolaiv,torpedo-zaporizhzhia,1,1,transfermarkt
1992,11,1992-04-25,karpaty-lviv,temp-shepetivka,2,0,transfermarkt
1992,11,1992-04-25,chornomorets-odesa,shakhtar-donetsk,3,0,transfermarkt
1992,11,1992-04-25,tavriya-simferopol,nyva-vinnytsia,4,1,transfermarkt
1992,11,1992-04-25,metalist-kharkiv,naftovyk-okhtyrka,2,0,transfermarkt
1992,11,1992-04-25,prykarpattia,zorya-luhansk,2,1,transfermarkt
1992,11,1992-04-26,bukovyna-chernivtsi,dnipro,1,2,transfermarkt
1992,11,1992-04-26,dynamo-kyiv,volyn-lutsk,2,0,transfermarkt
1992,12,1992-04-28,tavriya-simferopol,kremin-kremenchuk,3,0,transfermarkt
1992,12,1992-04-28,metalurh-zaporizhzhia,nyva-vinnytsia,4,1,transfermarkt
1992,12,1992-04-29,ska-odesa,volyn-lutsk,0,2,transfermarkt
1992,12,1992-04-29,bukovyna-chernivtsi,zorya-luhansk,3,1,transfermarkt
1992,16,1992-05-02,nyva-ternopil,volyn-lutsk,2,0,transfermarkt
1992,13,1992-05-07,nyva-vinnytsia,chornomorets-odesa,0,0,transfermarkt
1992,13,1992-05-07,torpedo-zaporizhzhia,temp-shepetivka,2,0,transfermarkt
1992,13,1992-05-07,kremin-kremenchuk,mykolaiv,2,1,transfermarkt
1992,13,1992-05-07,tavriya-simferopol,metalurh-zaporizhzhia,2,1,transfermarkt
1992,13,1992-05-07,dnipro,dynamo-kyiv,0,1,transfermarkt
1992,13,1992-05-07,prykarpattia,bukovyna-chernivtsi,0,1,transfermarkt
1992,13,1992-05-07,zorya-luhansk,ska-odesa,1,0,transfermarkt
1992,13,1992-05-07,nyva-ternopil,naftovyk-okhtyrka,2,0,transfermarkt
1992,13,1992-05-08,shakhtar-donetsk,karpaty-lviv,1,0,transfermarkt
1992,14,1992-05-10,kremin-kremenchuk,chornomorets-odesa,1,1,transfermarkt
1992,14,1992-05-10,shakhtar-donetsk,temp-shepetivka,2,0,transfermarkt
1992,14,1992-05-10,nyva-vinnytsia,mykolaiv,2,0,transfermarkt
1992,14,1992-05-10,torpedo-zaporizhzhia,karpaty-lviv,2,1,transfermarkt
1992,14,1992-05-10,nyva-ternopil,metalist-kharkiv,1,1,transfermarkt
1992,14,1992-05-10,zorya-luhansk,dynamo-kyiv,1,1,transfermarkt
1992,14,1992-05-10,volyn-lutsk,naftovyk-okhtyrka,3,0,transfermarkt
1992,14,1992-05-10,dnipro,ska-odesa,4,3,transfermarkt
1992,12,1992-05-14,prykarpattia,dnipro,0,1,transfermarkt
1992,12,1992-05-14,dynamo-kyiv,nyva-ternopil,1,0,transfermarkt
1992,15,1992-05-18,karpaty-lviv,nyva-vinnytsia,2,1,transfermarkt
1992,15,1992-05-18,temp-shepetivka,kremin-kremenchuk,2,3,transfermarkt
1992,15,1992-05-18,chornomorets-odesa,tavriya-simferopol,0,0,transfermarkt
1992,15,1992-05-18,mykolaiv,metalurh-zaporizhzhia,1,0,transfermarkt
1992,15,1992-05-18,metalist-kharkiv,dnipro,1,0,transfermarkt
1992,15,1992-05-18,dynamo-kyiv,prykarpattia,2,0,transfermarkt
1992,15,1992-05-18,naftovyk-okhtyrka,zorya-luhansk,2,2,transfermarkt
1992,15,1992-05-18,ska-odesa,bukovyna-chernivtsi,3,0,transfermarkt
1992,16,1992-05-21,temp-shepetivka,nyva-vinnytsia,0,1,transfermarkt
1992,16,1992-05-21,karpaty-lviv,kremin-kremenchuk,1,1,transfermarkt
1992,16,1992-05-21,torpedo-zaporizhzhia,shakhtar-donetsk,1,2,transfermarkt
1992,16,1992-05-21,naftovyk-okhtyrka,dnipro,0,1,transfermarkt
1992,16,1992-05-21,ska-odesa,prykarpattia,1,0,transfermarkt
1992,16,1992-05-21,metalist-kharkiv,zorya-luhansk,1,0,transfermarkt
1992,16,1992-05-21,dynamo-kyiv,bukovyna-chernivtsi,1,0,transfermarkt
1992,16,1992-05-22,mykolaiv,tavriya-simferopol,1,2,transfermarkt
1992,16,1992-05-22,chornomorets-odesa,metalurh-zaporizhzhia,2,0,transfermarkt
1992,9,1992-06-03,volyn-lutsk,dynamo-kyiv,2,3,transfermarkt
1992,12,1992-06-03,mykolaiv,shakhtar-donetsk,1,6,transfermarkt
1992,12,1992-06-03,chornomorets-odesa,torpedo-zaporizhzhia,2,1,transfermarkt
1992,17,1992-06-06,nyva-vinnytsia,shakhtar-donetsk,0,0,transfermarkt
1992,17,1992-06-06,tavriya-simferopol,karpaty-lviv,1,0,transfermarkt
1992,17,1992-06-06,kremin-kremenchuk,torpedo-zaporizhzhia,1,1,transfermarkt
1992,17,1992-06-06,chornomorets-odesa,mykolaiv,2,1,transfermarkt
1992,17,1992-06-06,metalurh-zaporizhzhia,temp-shepetivka,3,1,transfermarkt
1992,17,1992-06-06,zorya-luhansk,nyva-ternopil,1,1,transfermarkt
1992,17,1992-06-06,prykarpattia,metalist-kharkiv,1,1,transfermarkt
1992,17,1992-06-06,dnipro,volyn-lutsk,3,0,transfermarkt
1992,17,1992-06-06,bukovyna-chernivtsi,naftovyk-okhtyrka,3,0,transfermarkt
1992,17,1992-06-06,dynamo-kyiv,ska-odesa,4,2,transfermarkt
1992,18,1992-06-09,metalurh-zaporizhzhia,karpaty-lviv,1,1,transfermarkt
1992,18,1992-06-09,kremin-kremenchuk,shakhtar-donetsk,2,3,transfermarkt
1992,18,1992-06-09,nyva-vinnytsia,torpedo-zaporizhzhia,3,1,transfermarkt
1992,18,1992-06-09,tavriya-simferopol,temp-shepetivka,6,0,transfermarkt
1992,18,1992-06-09,bukovyna-chernivtsi,metalist-kharkiv,0,1,transfermarkt
1992,18,1992-06-09,zorya-luhansk,volyn-lutsk,2,1,transfermarkt
1992,18,1992-06-09,dnipro,nyva-ternopil,4,1,transfermarkt
1992,18,1992-06-09,prykarpattia,naftovyk-okhtyrka,4,1,transfermarkt
1992,19,1992-06-14,torpedo-zaporizhzhia,tavriya-simferopol,1,1,transfermarkt
1992,19,1992-06-14,temp-shepetivka,mykolaiv,1,1,transfermarkt
1992,19,1992-06-14,shakhtar-donetsk,metalurh-zaporizhzhia,2,0,transfermarkt
1992,19,1992-06-14,karpaty-lviv,chornomorets-odesa,2,1,transfermarkt
1992,19,1992-06-14,nyva-ternopil,bukovyna-chernivtsi,1,0,transfermarkt
1992,19,1992-06-14,volyn-lutsk,prykarpattia,1,1,transfermarkt
1992,19,1992-06-14,metalist-kharkiv,dynamo-kyiv,2,1,transfermarkt
1992,19,1992-06-14,naftovyk-okhtyrka,ska-odesa,3,1,transfermarkt
1992,20,1992-06-17,shakhtar-donetsk,tavriya-simferopol,0,0,transfermarkt
1992,20,1992-06-17,temp-shepetivka,chornomorets-odesa,0,2,transfermarkt
1992,20,1992-06-17,karpaty-lviv,mykolaiv,2,0,transfermarkt
1992,20,1992-06-17,torpedo-zaporizhzhia,metalurh-zaporizhzhia,3,0,transfermarkt
1992,20,1992-06-17,nyva-vinnytsia,kremin-kremenchuk,4,2,transfermarkt
1992,20,1992-06-17,metalist-kharkiv,ska-odesa,0,2,transfermarkt
1992,20,1992-06-17,zorya-luhansk,dnipro,1,1,transfermarkt
1992,20,1992-06-17,naftovyk-okhtyrka,dynamo-kyiv,1,3,transfermarkt
1992,20,1992-06-17,volyn-lutsk,bukovyna-chernivtsi,2,0,transfermarkt
1992,20,1992-06-17,nyva-ternopil,prykarpattia,2,0,transfermarkt
1992,3rd place,1992-06-20,shakhtar-donetsk,dnipro,2,3,wikipedia_uk
1992,final,1992-06-21,tavriya-simferopol,dynamo-kyiv,1,0,wikipedia_uk
1992/93,1,1992-08-15,metalist-kharkiv,chornomorets-odesa,1,1,transfermarkt
1992/93,1,1992-08-16,shakhtar-donetsk,bukovyna-chernivtsi,0,0,transfermarkt
1992/93,1,1992-08-16,torpedo-zaporizhzhia,dnipro,0,1,transfermarkt
1992/93,1,1992-08-16,veres-rivne,karpaty-lviv,1,1,transfermarkt
1992/93,1,1992-08-16,volyn-lutsk,metalurh-zaporizhzhia,0,0,transfermarkt
1992/93,1,1992-08-16,dynamo-kyiv,kremin-kremenchuk,5,0,transfermarkt
1992/93,1,1992-08-16,kryvbas,nyva-ternopil,1,0,transfermarkt
1992/93,2,1992-08-22,chornomorets-odesa,shakhtar-donetsk,1,2,transfermarkt
1992/93,2,1992-08-22,bukovyna-chernivtsi,veres-rivne,1,0,transfermarkt
1992/93,2,1992-08-22,torpedo-zaporizhzhia,volyn-lutsk,4,1,transfermarkt
1992/93,2,1992-08-22,dnipro,tavriya-simferopol,3,0,transfermarkt
1992/93,2,1992-08-22,zorya-luhansk,dynamo-kyiv,1,0,transfermarkt
1992/93,2,1992-08-22,kremin-kremenchuk,metalist-kharkiv,0,0,transfermarkt
1992/93,2,1992-08-22,karpaty-lviv,kryvbas,1,0,transfermarkt
1992/93,2,1992-08-22,nyva-ternopil,metalurh-zaporizhzhia,2,1,transfermarkt
1992/93,3,1992-08-28,tavriya-simferopol,torpedo-zaporizhzhia,2,1,transfermarkt
1992/93,3,1992-08-30,shakhtar-donetsk,kremin-kremenchuk,1,0,transfermarkt
1992/93,3,1992-08-30,metalist-kharkiv,zorya-luhansk,6,0,transfermarkt
1992/93,3,1992-08-30,veres-rivne,chornomorets-odesa,1,2,transfermarkt
1992/93,3,1992-08-30,metalurh-zaporizhzhia,karpaty-lviv,3,0,transfermarkt
1992/93,3,1992-08-30,kryvbas,bukovyna-chernivtsi,0,1,transfermarkt
1992/93,3,1992-08-30,dynamo-kyiv,dnipro,2,1,transfermarkt
1992/93,3,1992-08-30,volyn-lutsk,nyva-ternopil,2,1,transfermarkt
1992/93,4,1992-09-06,kremin-kremenchuk,veres-rivne,1,0,transfermarkt
1992/93,4,1992-09-06,bukovyna-chernivtsi,metalurh-zaporizhzhia,0,1,transfermarkt
1992/93,4,1992-09-06,torpedo-zaporizhzhia,dynamo-kyiv,1,0,transfermarkt
1992/93,4,1992-09-06,dnipro,metalist-kharkiv,2,1,transfermarkt
1992/93,4,1992-09-06,zorya-luhansk,shakhtar-donetsk,1,0,transfermarkt
1992/93,4,1992-09-06,karpaty-lviv,nyva-ternopil,2,0,transfermarkt
1992/93,4,1992-09-06,chornomorets-odesa,kryvbas,1,0,transfermarkt
1992/93,4,1992-09-06,tavriya-simferopol,volyn-lutsk,2,0,transfermarkt
1992/93,5,1992-09-11,metalurh-zaporizhzhia,chornomorets-odesa,2,3,transfermarkt
1992/93,5,1992-09-11,dynamo-kyiv,tavriya-simferopol,1,0,transfermarkt
1992/93,5,1992-09-13,metalist-kharkiv,torpedo-zaporizhzhia,3,2,transfermarkt
1992/93,5,1992-09-13,nyva-ternopil,bukovyna-chernivtsi,0,0,transfermarkt
1992/93,5,1992-09-13,shakhtar-donetsk,dnipro,1,1,transfermarkt
1992/93,5,1992-09-13,volyn-lutsk,karpaty-lviv,3,2,transfermarkt
1992/93,5,1992-09-13,veres-rivne,zorya-luhansk,2,0,transfermarkt
1992/93,5,1992-09-13,kryvbas,kremin-kremenchuk,1,2,transfermarkt
1992/93,6,1992-09-20,kremin-kremenchuk,metalurh-zaporizhzhia,0,1,transfermarkt
1992/93,6,1992-09-20,bukovyna-chernivtsi,karpaty-lviv,4,2,transfermarkt
1992/93,6,1992-09-20,tavriya-simferopol,metalist-kharkiv,2,1,transfermarkt
1992/93,6,1992-09-20,torpedo-zaporizhzhia,shakhtar-donetsk,1,2,transfermarkt
1992/93,6,1992-09-20,dnipro,veres-rivne,4,1,transfermarkt
1992/93,6,1992-09-20,zorya-luhansk,kryvbas,1,1,transfermarkt
1992/93,6,1992-09-20,dynamo-kyiv,volyn-lutsk,0,0,transfermarkt
1992/93,6,1992-09-21,chornomorets-odesa,nyva-ternopil,1,0,transfermarkt
1992/93,7,1992-09-25,metalist-kharkiv,dynamo-kyiv,1,1,transfermarkt
1992/93,7,1992-09-25,shakhtar-donetsk,tavriya-simferopol,3,1,transfermarkt
1992/93,7,1992-09-25,karpaty-lviv,chornomorets-odesa,4,3,transfermarkt
1992/93,7,1992-09-27,nyva-ternopil,kremin-kremenchuk,2,0,transfermarkt
1992/93,7,1992-09-27,volyn-lutsk,bukovyna-chernivtsi,1,0,transfermarkt
1992/93,7,1992-09-27,veres-rivne,torpedo-zaporizhzhia,2,1,transfermarkt
1992/93,7,1992-09-27,metalurh-zaporizhzhia,zorya-luhansk,1,0,transfermarkt
1992/93,7,1992-09-27,kryvbas,dnipro,2,2,transfermarkt
1992/93,8,1992-10-04,metalist-kharkiv,volyn-lutsk,2,1,transfermarkt
1992/93,8,1992-10-04,kremin-kremenchuk,karpaty-lviv,0,0,transfermarkt
1992/93,8,1992-10-04,chornomorets-odesa,bukovyna-chernivtsi,1,2,transfermarkt
1992/93,8,1992-10-04,torpedo-zaporizhzhia,kryvbas,0,1,transfermarkt
1992/93,8,1992-10-04,dnipro,metalurh-zaporizhzhia,4,1,transfermarkt
1992/93,8,1992-10-04,zorya-luhansk,nyva-ternopil,0,0,transfermarkt
1992/93,8,1992-10-04,tavriya-simferopol,veres-rivne,3,2,transfermarkt
1992/93,8,1992-10-04,dynamo-kyiv,shakhtar-donetsk,2,0,transfermarkt
1992/93,9,1992-10-11,kryvbas,tavriya-simferopol,2,0,transfermarkt
1992/93,9,1992-10-11,nyva-ternopil,dnipro,0,1,transfermarkt
1992/93,9,1992-10-11,bukovyna-chernivtsi,kremin-kremenchuk,6,0,transfermarkt
1992/93,9,1992-10-11,volyn-lutsk,chornomorets-odesa,1,0,transfermarkt
1992/93,9,1992-10-11,shakhtar-donetsk,metalist-kharkiv,0,0,transfermarkt
1992/93,9,1992-10-11,veres-rivne,dynamo-kyiv,1,3,transfermarkt
1992/93,9,1992-10-11,metalurh-zaporizhzhia,torpedo-zaporizhzhia,1,1,transfermarkt
1992/93,9,1992-10-11,karpaty-lviv,zorya-luhansk,3,1,transfermarkt
1992/93,10,1992-10-16,kremin-kremenchuk,chornomorets-odesa,1,1,transfermarkt
1992/93,10,1992-10-16,tavriya-simferopol,metalurh-zaporizhzhia,2,0,transfermarkt
1992/93,10,1992-10-16,dynamo-kyiv,kryvbas,1,1,transfermarkt
1992/93,10,1992-10-18,metalist-kharkiv,veres-rivne,3,0,transfermarkt
1992/93,10,1992-10-18,shakhtar-donetsk,volyn-lutsk,6,1,transfermarkt
1992/93,10,1992-10-18,zorya-luhansk,bukovyna-chernivtsi,1,0,transfermarkt
1992/93,10,1992-10-18,torpedo-zaporizhzhia,nyva-ternopil,1,0,transfermarkt
1992/93,10,1992-10-18,dnipro,karpaty-lviv,1,0,transfermarkt
1992/93,11,1992-10-25,bukovyna-chernivtsi,dnipro,0,0,transfermarkt
1992/93,11,1992-10-25,chornomorets-odesa,zorya-luhansk,2,1,transfermarkt
1992/93,11,1992-10-25,kryvbas,metalist-kharkiv,0,2,transfermarkt
1992/93,11,1992-10-25,nyva-ternopil,tavriya-simferopol,0,0,transfermarkt
1992/93,11,1992-10-25,volyn-lutsk,kremin-kremenchuk,2,1,transfermarkt
1992/93,11,1992-10-25,veres-rivne,shakhtar-donetsk,0,2,transfermarkt
1992/93,11,1992-10-25,metalurh-zaporizhzhia,dynamo-kyiv,1,1,transfermarkt
1992/93,11,1992-10-25,karpaty-lviv,torpedo-zaporizhzhia,3,1,transfermarkt
1992/93,12,1992-10-30,dynamo-kyiv,nyva-ternopil,1,0,transfermarkt
1992/93,12,1992-11-01,dnipro,chornomorets-odesa,3,1,transfermarkt
1992/93,12,1992-11-01,metalist-kharkiv,metalurh-zaporizhzhia,1,4,transfermarkt
1992/93,12,1992-11-01,shakhtar-donetsk,kryvbas,5,1,transfermarkt
1992/93,12,1992-11-01,torpedo-zaporizhzhia,bukovyna-chernivtsi,0,0,transfermarkt
1992/93,12,1992-11-01,zorya-luhansk,kremin-kremenchuk,2,1,transfermarkt
1992/93,12,1992-11-01,tavriya-simferopol,karpaty-lviv,0,0,transfermarkt
1992/93,12,1992-11-01,veres-rivne,volyn-lutsk,2,1,transfermarkt
1992/93,1,1992-11-04,tavriya-simferopol,zorya-luhansk,2,1,transfermarkt
1992/93,13,1992-11-08,kryvbas,veres-rivne,1,0,transfermarkt
1992/93,13,1992-11-08,metalurh-zaporizhzhia,shakhtar-donetsk,1,1,transfermarkt
1992/93,13,1992-11-08,kremin-kremenchuk,dnipro,2,0,transfermarkt
1992/93,13,1992-11-08,bukovyna-chernivtsi,tavriya-simferopol,2,0,transfermarkt
1992/93,13,1992-11-08,nyva-ternopil,metalist-kharkiv,2,0,transfermarkt
1992/93,13,1992-11-08,karpaty-lviv,dynamo-kyiv,0,0,transfermarkt
1992/93,13,1992-11-08,chornomorets-odesa,torpedo-zaporizhzhia,2,1,transfermarkt
1992/93,13,1992-11-08,volyn-lutsk,zorya-luhansk,4,2,transfermarkt
1992/93,14,1992-11-15,kryvbas,volyn-lutsk,3,2,transfermarkt
1992/93,14,1992-11-15,metalist-kharkiv,karpaty-lviv,2,1,transfermarkt
1992/93,14,1992-11-15,shakhtar-donetsk,nyva-ternopil,1,0,transfermarkt
1992/93,14,1992-11-15,dynamo-kyiv,bukovyna-chernivtsi,1,0,transfermarkt
1992/93,14,1992-11-15,tavriya-simferopol,chornomorets-odesa,0,1,transfermarkt
1992/93,14,1992-11-15,torpedo-zaporizhzhia,kremin-kremenchuk,1,1,transfermarkt
1992/93,14,1992-11-15,veres-rivne,metalurh-zaporizhzhia,2,1,transfermarkt
1992/93,14,1992-11-15,dnipro,zorya-luhansk,4,0,transfermarkt
1992/93,15,1992-11-22,metalurh-zaporizhzhia,kryvbas,1,1,transfermarkt
1992/93,15,1992-11-22,nyva-ternopil,veres-rivne,1,1,transfermarkt
1992/93,15,1992-11-22,kremin-kremenchuk,tavriya-simferopol,0,0,transfermarkt
1992/93,15,1992-11-22,bukovyna-chernivtsi,metalist-kharkiv,2,0,transfermarkt
1992/93,15,1992-11-22,zorya-luhansk,torpedo-zaporizhzhia,0,0,transfermarkt
1992/93,15,1992-11-22,volyn-lutsk,dnipro,0,0,transfermarkt
1992/93,15,1992-11-22,chornomorets-odesa,dynamo-kyiv,1,1,transfermarkt
1992/93,15,1992-11-22,karpaty-lviv,shakhtar-donetsk,1,1,transfermarkt
1992/93,16,1993-03-14,kryvbas,metalurh-zaporizhzhia,0,2,transfermarkt
1992/93,16,1993-03-14,veres-rivne,nyva-ternopil,0,0,transfermarkt
1992/93,16,1993-03-14,shakhtar-donetsk,karpaty-lviv,0,0,transfermarkt
1992/93,16,1993-03-14,metalist-kharkiv,bukovyna-chernivtsi,1,0,transfermarkt
1992/93,16,1993-03-14,torpedo-zaporizhzhia,zorya-luhansk,1,0,transfermarkt
1992/93,16,1993-03-14,tavriya-simferopol,kremin-kremenchuk,0,3,transfermarkt;forfeit?
1992/93,16,1993-03-14,dnipro,volyn-lutsk,2,0,transfermarkt
1992/93,16,1993-03-14,dynamo-kyiv,chornomorets-odesa,1,0,transfermarkt
1992/93,17,1993-03-19,volyn-lutsk,kryvbas,3,1,transfermarkt
1992/93,17,1993-03-19,bukovyna-chernivtsi,dynamo-kyiv,0,5,transfermarkt
1992/93,17,1993-03-19,kremin-kremenchuk,torpedo-zaporizhzhia,1,1,transfermarkt
1992/93,17,1993-03-19,chornomorets-odesa,tavriya-simferopol,1,0,transfermarkt
1992/93,17,1993-03-19,metalurh-zaporizhzhia,veres-rivne,0,1,transfermarkt
1992/93,17,1993-03-19,karpaty-lviv,metalist-kharkiv,0,0,transfermarkt
1992/93,17,1993-03-19,zorya-luhansk,dnipro,1,2,transfermarkt
1992/93,17,1993-03-19,nyva-ternopil,shakhtar-donetsk,3,1,transfermarkt
1992/93,18,1993-03-28,veres-rivne,kryvbas,0,0,transfermarkt
1992/93,18,1993-03-28,shakhtar-donetsk,metalurh-zaporizhzhia,0,0,transfermarkt
1992/93,18,1993-03-28,metalist-kharkiv,nyva-ternopil,1,0,transfermarkt
1992/93,18,1993-03-28,dnipro,kremin-kremenchuk,2,0,transfermarkt
1992/93,18,1993-03-28,zorya-luhansk,volyn-lutsk,2,1,transfermarkt
1992/93,18,1993-03-28,torpedo-zaporizhzhia,chornomorets-odesa,0,1,transfermarkt
1992/93,18,1993-03-28,tavriya-simferopol,bukovyna-chernivtsi,1,0,transfermarkt
1992/93,18,1993-03-28,dynamo-kyiv,karpaty-lviv,0,0,transfermarkt
1992/93,19,1993-04-02,kremin-kremenchuk,zorya-luhansk,1,0,transfermarkt
1992/93,19,1993-04-02,chornomorets-odesa,dnipro,1,0,transfermarkt
1992/93,19,1993-04-02,volyn-lutsk,veres-rivne,1,0,transfermarkt
1992/93,19,1993-04-02,bukovyna-chernivtsi,torpedo-zaporizhzhia,0,1,transfermarkt
1992/93,19,1993-04-02,nyva-ternopil,dynamo-kyiv,0,1,transfermarkt
1992/93,19,1993-04-02,karpaty-lviv,tavriya-simferopol,2,0,transfermarkt
1992/93,19,1993-04-02,kryvbas,shakhtar-donetsk,2,2,transfermarkt
1992/93,19,1993-04-02,metalurh-zaporizhzhia,metalist-kharkiv,1,2,transfermarkt
1992/93,20,1993-04-11,zorya-luhansk,chornomorets-odesa,2,0,transfermarkt
1992/93,20,1993-04-11,shakhtar-donetsk,veres-rivne,1,1,transfermarkt
1992/93,20,1993-04-11,metalist-kharkiv,kryvbas,2,0,transfermarkt
1992/93,20,1993-04-11,dnipro,bukovyna-chernivtsi,5,1,transfermarkt
1992/93,20,1993-04-11,kremin-kremenchuk,volyn-lutsk,3,0,transfermarkt
1992/93,20,1993-04-11,tavriya-simferopol,nyva-ternopil,1,0,transfermarkt
1992/93,20,1993-04-11,dynamo-kyiv,metalurh-zaporizhzhia,4,1,transfermarkt
1992/93,21,1993-04-16,nyva-ternopil,torpedo-zaporizhzhia,2,0,transfermarkt
1992/93,21,1993-04-16,metalurh-zaporizhzhia,tavriya-simferopol,2,0,transfermarkt
1992/93,21,1993-04-16,chornomorets-odesa,kremin-kremenchuk,3,0,transfermarkt
1992/93,21,1993-04-16,volyn-lutsk,shakhtar-donetsk,1,1,transfermarkt
1992/93,21,1993-04-16,veres-rivne,metalist-kharkiv,1,0,transfermarkt
1992/93,21,1993-04-16,bukovyna-chernivtsi,zorya-luhansk,2,1,transfermarkt
1992/93,21,1993-04-16,kryvbas,dynamo-kyiv,1,0,transfermarkt
1992/93,21,1993-04-16,karpaty-lviv,dnipro,1,1,transfermarkt
1992/93,22,1993-04-23,zorya-luhansk,karpaty-lviv,2,0,transfermarkt
1992/93,22,1993-04-23,metalist-kharkiv,shakhtar-donetsk,1,3,transfermarkt
1992/93,22,1993-04-23,torpedo-zaporizhzhia,metalurh-zaporizhzhia,1,3,transfermarkt
1992/93,22,1993-04-23,dnipro,nyva-ternopil,3,1,transfermarkt
1992/93,22,1993-04-23,kremin-kremenchuk,bukovyna-chernivtsi,0,0,transfermarkt
1992/93,22,1993-04-23,chornomorets-odesa,volyn-lutsk,3,1,transfermarkt
1992/93,22,1993-04-23,tavriya-simferopol,kryvbas,5,0,transfermarkt
1992/93,22,1993-04-23,dynamo-kyiv,veres-rivne,6,0,transfermarkt
1992/93,20,1993-04-28,torpedo-zaporizhzhia,karpaty-lviv,3,2,transfermarkt
1992/93,23,1993-05-02,shakhtar-donetsk,dynamo-kyiv,1,1,transfermarkt
1992/93,23,1993-05-02,volyn-lutsk,metalist-kharkiv,3,2,transfermarkt
1992/93,23,1993-05-02,veres-rivne,tavriya-simferopol,3,1,transfermarkt
1992/93,23,1993-05-02,kryvbas,torpedo-zaporizhzhia,1,1,transfermarkt
1992/93,23,1993-05-02,metalurh-zaporizhzhia,dnipro,1,1,transfermarkt
1992/93,23,1993-05-02,bukovyna-chernivtsi,chornomorets-odesa,2,0,transfermarkt
1992/93,23,1993-05-02,karpaty-lviv,kremin-kremenchuk,0,0,transfermarkt
1992/93,23,1993-05-02,nyva-ternopil,zorya-luhansk,2,1,transfermarkt
1992/93,24,1993-05-07,chornomorets-odesa,karpaty-lviv,4,0,transfermarkt
1992/93,24,1993-05-07,kremin-kremenchuk,nyva-ternopil,1,1,transfermarkt
1992/93,24,1993-05-07,tavriya-simferopol,shakhtar-donetsk,3,1,transfermarkt
1992/93,24,1993-05-07,torpedo-zaporizhzhia,veres-rivne,1,0,transfermarkt
1992/93,24,1993-05-07,dnipro,kryvbas,0,0,transfermarkt
1992/93,24,1993-05-07,zorya-luhansk,metalurh-zaporizhzhia,2,1,transfermarkt
1992/93,24,1993-05-07,bukovyna-chernivtsi,volyn-lutsk,1,1,transfermarkt
1992/93,24,1993-05-07,dynamo-kyiv,metalist-kharkiv,2,0,transfermarkt
1992/93,25,1993-05-15,volyn-lutsk,dynamo-kyiv,1,3,transfermarkt
1992/93,25,1993-05-15,shakhtar-donetsk,torpedo-zaporizhzhia,2,2,transfermarkt
1992/93,25,1993-05-15,veres-rivne,dnipro,0,0,transfermarkt
1992/93,25,1993-05-15,kryvbas,zorya-luhansk,2,0,transfermarkt
1992/93,25,1993-05-15,metalurh-zaporizhzhia,kremin-kremenchuk,1,1,transfermarkt
1992/93,25,1993-05-15,nyva-ternopil,chornomorets-odesa,0,2,transfermarkt
1992/93,25,1993-05-15,karpaty-lviv,bukovyna-chernivtsi,3,1,transfermarkt
1992/93,25,1993-05-15,metalist-kharkiv,tavriya-simferopol,1,1,transfermarkt
1992/93,26,1993-05-23,chornomorets-odesa,metalurh-zaporizhzhia,1,0,transfermarkt
1992/93,26,1993-05-23,zorya-luhansk,veres-rivne,0,2,transfermarkt
1992/93,26,1993-05-23,torpedo-zaporizhzhia,metalist-kharkiv,1,0,transfermarkt
1992/93,26,1993-05-23,dnipro,shakhtar-donetsk,3,1,transfermarkt
1992/93,26,1993-05-23,kremin-kremenchuk,kryvbas,1,1,transfermarkt
1992/93,26,1993-05-23,karpaty-lviv,volyn-lutsk,2,1,transfermarkt
1992/93,26,1993-05-23,tavriya-simferopol,dynamo-kyiv,0,5,transfermarkt
1992/93,26,1993-05-23,bukovyna-chernivtsi,nyva-ternopil,0,0,transfermarkt
1992/93,27,1993-05-28,volyn-lutsk,tavriya-simferopol,1,3,transfermarkt
1992/93,27,1993-05-28,shakhtar-donetsk,zorya-luhansk,0,1,transfermarkt
1992/93,27,1993-05-28,kryvbas,chornomorets-odesa,1,1,transfermarkt
1992/93,27,1993-05-28,metalurh-zaporizhzhia,bukovyna-chernivtsi,3,1,transfermarkt
1992/93,27,1993-05-28,metalist-kharkiv,dnipro,1,0,transfermarkt
1992/93,27,1993-05-28,veres-rivne,kremin-kremenchuk,2,3,transfermarkt
1992/93,27,1993-06-03,nyva-ternopil,karpaty-lviv,2,1,transfermarkt
1992/93,27,1993-06-03,dynamo-kyiv,torpedo-zaporizhzhia,4,0,transfermarkt
1992/93,28,1993-06-07,kremin-kremenchuk,shakhtar-donetsk,2,1,transfermarkt
1992/93,28,1993-06-07,chornomorets-odesa,veres-rivne,1,0,transfermarkt
1992/93,28,1993-06-07,karpaty-lviv,metalurh-zaporizhzhia,2,0,transfermarkt
1992/93,28,1993-06-07,bukovyna-chernivtsi,kryvbas,0,0,transfermarkt
1992/93,28,1993-06-07,nyva-ternopil,volyn-lutsk,1,1,transfermarkt
1992/93,28,1993-06-07,torpedo-zaporizhzhia,tavriya-simferopol,3,0,transfermarkt
1992/93,28,1993-06-07,dnipro,dynamo-kyiv,1,0,transfermarkt
1992/93,28,1993-06-07,zorya-luhansk,metalist-kharkiv,1,1,transfermarkt
1992/93,29,1993-06-13,volyn-lutsk,torpedo-zaporizhzhia,2,1,transfermarkt
1992/93,29,1993-06-13,tavriya-simferopol,dnipro,0,1,transfermarkt
1992/93,29,1993-06-13,dynamo-kyiv,zorya-luhansk,4,0,transfermarkt
1992/93,29,1993-06-13,metalist-kharkiv,kremin-kremenchuk,2,0,transfermarkt
1992/93,29,1993-06-13,shakhtar-donetsk,chornomorets-odesa,4,1,transfermarkt
1992/93,29,1993-06-13,veres-rivne,bukovyna-chernivtsi,3,1,transfermarkt
1992/93,29,1993-06-13,kryvbas,karpaty-lviv,3,2,transfermarkt
1992/93,29,1993-06-13,metalurh-zaporizhzhia,nyva-ternopil,0,0,transfermarkt
1992/93,30,1993-06-20,kremin-kremenchuk,dynamo-kyiv,1,4,transfermarkt
1992/93,30,1993-06-20,chornomorets-odesa,metalist-kharkiv,3,0,transfermarkt
1992/93,30,1993-06-20,zorya-luhansk,tavriya-simferopol,2,1,transfermarkt
1992/93,30,1993-06-20,dnipro,torpedo-zaporizhzhia,3,1,transfermarkt
1992/93,30,1993-06-20,bukovyna-chernivtsi,shakhtar-donetsk,0,1,transfermarkt
1992/93,30,1993-06-20,karpaty-lviv,veres-rivne,2,1,transfermarkt
1992/93,30,1993-06-20,nyva-ternopil,kryvbas,2,0,transfermarkt
1992/93,30,1993-06-20,metalurh-zaporizhzhia,volyn-lutsk,4,1,transfermarkt
1993/94,1,1993-08-08,temp-shepetivka,tavriya-simferopol,1,1,transfermarkt
1993/94,1,1993-08-08,bukovyna-chernivtsi,nyva-ternopil,0,0,transfermarkt
1993/94,1,1993-08-08,zorya-luhansk,kryvbas,1,0,transfermarkt
1993/94,1,1993-08-08,metalurh-zaporizhzhia,shakhtar-donetsk,0,3,transfermarkt
1993/94,1,1993-08-08,metalist-kharkiv,dnipro,1,1,transfermarkt
1993/94,1,1993-08-08,veres-rivne,kremin-kremenchuk,2,0,transfermarkt
1993/94,1,1993-08-08,volyn-lutsk,chornomorets-odesa,0,0,transfermarkt
1993/94,1,1993-08-08,nyva-vinnytsia,torpedo-zaporizhzhia,0,0,transfermarkt
1993/94,1,1993-08-08,dynamo-kyiv,karpaty-lviv,2,1,transfermarkt
1993/94,2,1993-08-14,dnipro,dynamo-kyiv,2,3,transfermarkt
1993/94,2,1993-08-14,shakhtar-donetsk,torpedo-zaporizhzhia,1,0,transfermarkt
1993/94,2,1993-08-14,kryvbas,nyva-vinnytsia,3,0,transfermarkt
1993/94,2,1993-08-14,chornomorets-odesa,zorya-luhansk,4,1,transfermarkt
1993/94,2,1993-08-14,kremin-kremenchuk,temp-shepetivka,0,0,transfermarkt
1993/94,2,1993-08-14,karpaty-lviv,veres-rivne,0,0,transfermarkt
1993/94,2,1993-08-14,metalurh-zaporizhzhia,metalist-kharkiv,0,1,transfermarkt
1993/94,2,1993-08-14,tavriya-simferopol,bukovyna-chernivtsi,3,1,transfermarkt
1993/94,2,1993-08-14,nyva-ternopil,volyn-lutsk,2,1,transfermarkt
1993/94,3,1993-08-18,metalist-kharkiv,shakhtar-donetsk,1,1,transfermarkt
1993/94,3,1993-08-19,dynamo-kyiv,metalurh-zaporizhzhia,3,0,transfermarkt
1993/94,3,1993-08-22,temp-shepetivka,karpaty-lviv,1,1,transfermarkt
1993/94,3,1993-08-22,volyn-lutsk,tavriya-simferopol,1,0,transfermarkt
1993/94,3,1993-08-22,veres-rivne,dnipro,2,1,transfermarkt
1993/94,3,1993-08-22,bukovyna-chernivtsi,kremin-kremenchuk,1,0,transfermarkt
1993/94,3,1993-08-22,zorya-luhansk,nyva-ternopil,2,1,transfermarkt
1993/94,3,1993-08-22,nyva-vinnytsia,chornomorets-odesa,1,2,transfermarkt
1993/94,3,1993-08-22,torpedo-zaporizhzhia,kryvbas,0,0,transfermarkt
1993/94,4,1993-08-28,shakhtar-donetsk,kryvbas,1,0,transfermarkt
1993/94,4,1993-08-28,nyva-ternopil,nyva-vinnytsia,3,0,transfermarkt
1993/94,4,1993-08-28,kremin-kremenchuk,volyn-lutsk,1,0,transfermarkt
1993/94,4,1993-08-28,chornomorets-odesa,torpedo-zaporizhzhia,1,0,transfermarkt
1993/94,4,1993-08-28,tavriya-simferopol,zorya-luhansk,3,1,transfermarkt
1993/94,4,1993-08-28,karpaty-lviv,bukovyna-chernivtsi,1,0,transfermarkt
1993/94,4,1993-08-28,metalurh-zaporizhzhia,veres-rivne,1,0,transfermarkt
1993/94,4,1993-08-28,metalist-kharkiv,dynamo-kyiv,1,2,transfermarkt
1993/94,4,1993-08-28,dnipro,temp-shepetivka,1,0,transfermarkt
1993/94,5,1993-09-05,temp-shepetivka,metalurh-zaporizhzhia,3,1,transfermarkt
1993/94,5,1993-09-05,volyn-lutsk,karpaty-lviv,1,0,transfermarkt
1993/94,5,1993-09-05,zorya-luhansk,kremin-kremenchuk,1,0,transfermarkt
1993/94,5,1993-09-05,nyva-vinnytsia,tavriya-simferopol,1,0,transfermarkt
1993/94,5,1993-09-05,bukovyna-chernivtsi,dnipro,0,1,transfermarkt
1993/94,5,1993-09-05,dynamo-kyiv,shakhtar-donetsk,1,1,transfermarkt
1993/94,5,1993-09-05,veres-rivne,metalist-kharkiv,4,0,transfermarkt
1993/94,5,1993-09-05,torpedo-zaporizhzhia,nyva-ternopil,1,0,transfermarkt
1993/94,5,1993-09-05,kryvbas,chornomorets-odesa,1,0,transfermarkt
1993/94,6,1993-09-11,shakhtar-donetsk,chornomorets-odesa,4,1,transfermarkt
1993/94,6,1993-09-11,nyva-ternopil,kryvbas,3,0,transfermarkt
1993/94,6,1993-09-11,kremin-kremenchuk,nyva-vinnytsia,2,0,transfermarkt
1993/94,6,1993-09-11,tavriya-simferopol,torpedo-zaporizhzhia,3,0,transfermarkt
1993/94,6,1993-09-11,karpaty-lviv,zorya-luhansk,1,0,transfermarkt
1993/94,6,1993-09-11,dnipro,volyn-lutsk,1,0,transfermarkt
1993/94,6,1993-09-11,metalurh-zaporizhzhia,bukovyna-chernivtsi,1,1,transfermarkt
1993/94,6,1993-09-11,metalist-kharkiv,temp-shepetivka,1,1,transfermarkt
1993/94,6,1993-09-11,dynamo-kyiv,veres-rivne,2,1,transfermarkt
1993/94,7,1993-09-19,temp-shepetivka,dynamo-kyiv,0,1,transfermarkt
1993/94,7,1993-09-19,zorya-luhansk,dnipro,0,3,transfermarkt
1993/94,7,1993-09-19,chornomorets-odesa,nyva-ternopil,3,1,transfermarkt
1993/94,7,1993-09-19,bukovyna-chernivtsi,metalist-kharkiv,4,0,transfermarkt
1993/94,7,1993-09-19,volyn-lutsk,metalurh-zaporizhzhia,2,0,transfermarkt
1993/94,7,1993-09-19,nyva-vinnytsia,karpaty-lviv,1,1,transfermarkt
1993/94,7,1993-09-19,torpedo-zaporizhzhia,kremin-kremenchuk,2,0,transfermarkt
1993/94,7,1993-09-19,kryvbas,tavriya-simferopol,0,0,transfermarkt
1993/94,7,1993-09-19,veres-rivne,shakhtar-donetsk,2,0,transfermarkt
1993/94,8,1993-09-24,dnipro,nyva-vinnytsia,1,0,transfermarkt
1993/94,8,1993-09-25,metalist-kharkiv,volyn-lutsk,1,1,transfermarkt
1993/94,8,1993-09-25,shakhtar-donetsk,nyva-ternopil,2,1,transfermarkt
1993/94,8,1993-09-25,kremin-kremenchuk,kryvbas,0,1,transfermarkt
1993/94,8,1993-09-25,tavriya-simferopol,chornomorets-odesa,0,0,transfermarkt
1993/94,8,1993-09-25,torpedo-zaporizhzhia,karpaty-lviv,1,1,transfermarkt
1993/94,8,1993-09-25,metalurh-zaporizhzhia,zorya-luhansk,1,1,transfermarkt
1993/94,8,1993-09-25,veres-rivne,temp-shepetivka,0,0,transfermarkt
1993/94,8,1993-09-25,dynamo-kyiv,bukovyna-chernivtsi,3,1,transfermarkt
1993/94,9,1993-10-03,bukovyna-chernivtsi,veres-rivne,1,1,transfermarkt
1993/94,9,1993-10-03,zorya-luhansk,metalist-kharkiv,1,0,transfermarkt
1993/94,9,1993-10-03,volyn-lutsk,dynamo-kyiv,1,3,transfermarkt
1993/94,9,1993-10-03,temp-shepetivka,shakhtar-donetsk,3,1,transfermarkt
1993/94,9,1993-10-03,nyva-ternopil,tavriya-simferopol,2,0,transfermarkt
1993/94,9,1993-10-03,nyva-vinnytsia,metalurh-zaporizhzhia,0,0,transfermarkt
1993/94,9,1993-10-03,torpedo-zaporizhzhia,dnipro,1,1,transfermarkt
1993/94,9,1993-10-03,kryvbas,karpaty-lviv,2,0,transfermarkt
1993/94,9,1993-10-03,chornomorets-odesa,kremin-kremenchuk,4,1,transfermarkt
1993/94,10,1993-10-08,temp-shepetivka,bukovyna-chernivtsi,1,0,transfermarkt
1993/94,10,1993-10-08,kremin-kremenchuk,nyva-ternopil,0,0,transfermarkt
1993/94,10,1993-10-08,shakhtar-donetsk,tavriya-simferopol,2,0,transfermarkt
1993/94,10,1993-10-08,metalurh-zaporizhzhia,torpedo-zaporizhzhia,1,1,transfermarkt
1993/94,10,1993-10-08,metalist-kharkiv,nyva-vinnytsia,0,2,transfermarkt
1993/94,10,1993-10-08,veres-rivne,volyn-lutsk,0,0,transfermarkt
1993/94,10,1993-10-08,karpaty-lviv,chornomorets-odesa,0,1,transfermarkt
1993/94,10,1993-10-08,dnipro,kryvbas,2,1,transfermarkt
1993/94,10,1993-10-08,dynamo-kyiv,zorya-luhansk,1,0,transfermarkt
1993/94,11,1993-10-13,bukovyna-chernivtsi,shakhtar-donetsk,1,2,transfermarkt
1993/94,11,1993-10-13,volyn-lutsk,temp-shepetivka,0,0,transfermarkt
1993/94,11,1993-10-13,zorya-luhansk,veres-rivne,1,2,transfermarkt
1993/94,11,1993-10-13,torpedo-zaporizhzhia,metalist-kharkiv,3,0,transfermarkt
1993/94,11,1993-10-13,tavriya-simferopol,kremin-kremenchuk,3,0,transfermarkt
1993/94,11,1993-10-13,chornomorets-odesa,dnipro,2,1,transfermarkt
1993/94,11,1993-10-13,nyva-vinnytsia,dynamo-kyiv,2,2,transfermarkt
1993/94,11,1993-10-13,kryvbas,metalurh-zaporizhzhia,1,0,transfermarkt
1993/94,11,1993-10-13,nyva-ternopil,karpaty-lviv,1,1,transfermarkt
1993/94,12,1993-10-24,temp-shepetivka,zorya-luhansk,1,0,transfermarkt
1993/94,12,1993-10-24,shakhtar-donetsk,kremin-kremenchuk,1,1,transfermarkt
1993/94,12,1993-10-24,bukovyna-chernivtsi,volyn-lutsk,1,0,transfermarkt
1993/94,12,1993-10-24,metalist-kharkiv,kryvbas,1,0,transfermarkt
1993/94,12,1993-10-24,veres-rivne,nyva-vinnytsia,3,2,transfermarkt
1993/94,12,1993-10-24,karpaty-lviv,tavriya-simferopol,1,0,transfermarkt
1993/94,12,1993-10-24,dnipro,nyva-ternopil,3,1,transfermarkt
1993/94,13,1993-10-30,zorya-luhansk,bukovyna-chernivtsi,2,0,transfermarkt
1993/94,13,1993-10-30,kryvbas,dynamo-kyiv,1,1,transfermarkt
1993/94,13,1993-10-30,kremin-kremenchuk,karpaty-lviv,1,2,transfermarkt
1993/94,13,1993-10-30,volyn-lutsk,shakhtar-donetsk,2,2,transfermarkt
1993/94,13,1993-10-30,torpedo-zaporizhzhia,veres-rivne,1,1,transfermarkt
1993/94,13,1993-10-30,chornomorets-odesa,metalist-kharkiv,3,0,transfermarkt
1993/94,13,1993-10-30,nyva-ternopil,metalurh-zaporizhzhia,2,0,transfermarkt
1993/94,13,1993-10-30,nyva-vinnytsia,temp-shepetivka,2,0,transfermarkt
1993/94,13,1993-10-30,tavriya-simferopol,dnipro,1,0,transfermarkt
1993/94,14,1993-11-07,temp-shepetivka,torpedo-zaporizhzhia,3,0,transfermarkt
1993/94,14,1993-11-07,shakhtar-donetsk,karpaty-lviv,3,0,transfermarkt
1993/94,14,1993-11-07,bukovyna-chernivtsi,nyva-vinnytsia,0,0,transfermarkt
1993/94,14,1993-11-07,metalurh-zaporizhzhia,tavriya-simferopol,4,1,transfermarkt
1993/94,14,1993-11-07,metalist-kharkiv,nyva-ternopil,0,0,transfermarkt
1993/94,14,1993-11-07,veres-rivne,kryvbas,1,1,transfermarkt
1993/94,14,1993-11-07,volyn-lutsk,zorya-luhansk,2,1,transfermarkt
1993/94,14,1993-11-07,dnipro,kremin-kremenchuk,2,1,transfermarkt
1993/94,14,1993-11-07,dynamo-kyiv,chornomorets-odesa,2,0,transfermarkt
1993/94,12,1993-11-10,dynamo-kyiv,torpedo-zaporizhzhia,4,1,transfermarkt
1993/94,12,1993-11-11,metalurh-zaporizhzhia,chornomorets-odesa,0,0,transfermarkt
1993/94,15,1993-11-14,kremin-kremenchuk,metalurh-zaporizhzhia,2,0,transfermarkt
1993/94,15,1993-11-14,nyva-vinnytsia,volyn-lutsk,2,1,transfermarkt
1993/94,15,1993-11-14,zorya-luhansk,shakhtar-donetsk,0,4,transfermarkt
1993/94,15,1993-11-14,torpedo-zaporizhzhia,bukovyna-chernivtsi,2,0,transfermarkt
1993/94,15,1993-11-14,kryvbas,temp-shepetivka,2,1,transfermarkt
1993/94,15,1993-11-14,chornomorets-odesa,veres-rivne,1,1,transfermarkt
1993/94,15,1993-11-14,tavriya-simferopol,metalist-kharkiv,7,1,transfermarkt
1993/94,15,1993-11-14,karpaty-lviv,dnipro,3,1,transfermarkt
1993/94,15,1993-11-17,nyva-ternopil,dynamo-kyiv,0,0,transfermarkt
1993/94,16,1993-11-20,shakhtar-donetsk,dnipro,2,1,transfermarkt
1993/94,16,1993-11-20,temp-shepetivka,chornomorets-odesa,1,1,transfermarkt
1993/94,16,1993-11-20,zorya-luhansk,nyva-vinnytsia,0,1,transfermarkt
1993/94,16,1993-11-20,volyn-lutsk,torpedo-zaporizhzhia,2,0,transfermarkt
1993/94,16,1993-11-20,metalist-kharkiv,kremin-kremenchuk,3,2,transfermarkt
1993/94,16,1993-11-20,dynamo-kyiv,tavriya-simferopol,1,1,transfermarkt
1993/94,16,1993-11-20,veres-rivne,nyva-ternopil,0,0,transfermarkt
1993/94,16,1993-11-20,bukovyna-chernivtsi,kryvbas,2,0,transfermarkt
1993/94,16,1993-11-20,metalurh-zaporizhzhia,karpaty-lviv,0,1,transfermarkt
1993/94,17,1993-11-28,kremin-kremenchuk,dynamo-kyiv,0,2,transfermarkt
1993/94,17,1993-11-28,torpedo-zaporizhzhia,zorya-luhansk,1,0,transfermarkt
1993/94,17,1993-11-28,nyva-vinnytsia,shakhtar-donetsk,2,2,transfermarkt
1993/94,17,1993-11-28,kryvbas,volyn-lutsk,0,0,transfermarkt
1993/94,17,1993-11-28,tavriya-simferopol,veres-rivne,1,1,transfermarkt
1993/94,17,1993-11-28,chornomorets-odesa,bukovyna-chernivtsi,4,0,transfermarkt
1993/94,17,1993-11-28,nyva-ternopil,temp-shepetivka,3,0,transfermarkt
1993/94,17,1993-11-28,karpaty-lviv,metalist-kharkiv,3,0,transfermarkt
1993/94,17,1993-11-28,dnipro,metalurh-zaporizhzhia,7,0,transfermarkt
1993/94,18,1994-03-06,zorya-luhansk,torpedo-zaporizhzhia,1,1,transfermarkt
1993/94,18,1994-03-06,veres-rivne,tavriya-simferopol,0,0,transfermarkt
1993/94,18,1994-03-06,shakhtar-donetsk,nyva-vinnytsia,2,1,transfermarkt
1993/94,18,1994-03-06,dynamo-kyiv,kremin-kremenchuk,1,1,transfermarkt
1993/94,18,1994-03-06,metalist-kharkiv,karpaty-lviv,0,1,transfermarkt
1993/94,18,1994-03-06,bukovyna-chernivtsi,chornomorets-odesa,0,1,transfermarkt
1993/94,18,1994-03-06,volyn-lutsk,kryvbas,0,0,transfermarkt
1993/94,18,1994-03-06,metalurh-zaporizhzhia,dnipro,1,2,transfermarkt
1993/94,18,1994-03-06,temp-shepetivka,nyva-ternopil,1,0,transfermarkt
1993/94,19,1994-03-12,nyva-vinnytsia,zorya-luhansk,2,0,transfermarkt
1993/94,19,1994-03-12,dnipro,shakhtar-donetsk,2,1,transfermarkt
1993/94,19,1994-03-12,kremin-kremenchuk,metalist-kharkiv,1,0,transfermarkt
1993/94,19,1994-03-12,torpedo-zaporizhzhia,volyn-lutsk,1,0,transfermarkt
1993/94,19,1994-03-12,tavriya-simferopol,dynamo-kyiv,2,4,transfermarkt
1993/94,19,1994-03-12,nyva-ternopil,veres-rivne,3,0,transfermarkt
1993/94,19,1994-03-12,chornomorets-odesa,temp-shepetivka,2,0,transfermarkt
1993/94,19,1994-03-12,kryvbas,bukovyna-chernivtsi,3,0,transfermarkt
1993/94,19,1994-03-12,karpaty-lviv,metalurh-zaporizhzhia,2,0,transfermarkt
1993/94,20,1994-03-20,dynamo-kyiv,nyva-ternopil,1,0,transfermarkt
1993/94,20,1994-03-20,metalist-kharkiv,tavriya-simferopol,0,0,transfermarkt
1993/94,20,1994-03-20,shakhtar-donetsk,zorya-luhansk,3,0,transfermarkt
1993/94,20,1994-03-20,volyn-lutsk,nyva-vinnytsia,2,0,transfermarkt
1993/94,20,1994-03-20,bukovyna-chernivtsi,torpedo-zaporizhzhia,0,1,transfermarkt
1993/94,20,1994-03-20,veres-rivne,chornomorets-odesa,1,2,transfermarkt
1993/94,20,1994-03-20,metalurh-zaporizhzhia,kremin-kremenchuk,1,0,transfermarkt
1993/94,20,1994-03-20,dnipro,karpaty-lviv,1,1,transfermarkt
1993/94,20,1994-03-20,temp-shepetivka,kryvbas,1,0,transfermarkt
1993/94,21,1994-03-25,zorya-luhansk,volyn-lutsk,1,1,transfermarkt
1993/94,21,1994-03-25,chornomorets-odesa,dynamo-kyiv,1,2,transfermarkt
1993/94,21,1994-03-25,karpaty-lviv,shakhtar-donetsk,1,0,transfermarkt
1993/94,21,1994-03-25,kremin-kremenchuk,dnipro,0,0,transfermarkt
1993/94,21,1994-03-25,tavriya-simferopol,metalurh-zaporizhzhia,1,0,transfermarkt
1993/94,21,1994-03-25,torpedo-zaporizhzhia,temp-shepetivka,2,1,transfermarkt
1993/94,21,1994-03-25,nyva-ternopil,metalist-kharkiv,3,0,transfermarkt
1993/94,21,1994-03-25,nyva-vinnytsia,bukovyna-chernivtsi,3,1,transfermarkt
1993/94,21,1994-03-25,kryvbas,veres-rivne,1,0,transfermarkt
1993/94,22,1994-04-03,bukovyna-chernivtsi,zorya-luhansk,0,0,transfermarkt
1993/94,22,1994-04-03,temp-shepetivka,nyva-vinnytsia,3,0,transfermarkt
1993/94,22,1994-04-03,dynamo-kyiv,kryvbas,3,0,transfermarkt
1993/94,22,1994-04-03,metalist-kharkiv,chornomorets-odesa,1,2,transfermarkt
1993/94,22,1994-04-03,shakhtar-donetsk,volyn-lutsk,3,1,transfermarkt
1993/94,22,1994-04-03,veres-rivne,torpedo-zaporizhzhia,1,0,transfermarkt
1993/94,22,1994-04-03,dnipro,tavriya-simferopol,2,0,transfermarkt
1993/94,22,1994-04-03,metalurh-zaporizhzhia,nyva-ternopil,1,2,transfermarkt
1993/94,22,1994-04-03,karpaty-lviv,kremin-kremenchuk,1,0,transfermarkt
1993/94,23,1994-04-08,kremin-kremenchuk,shakhtar-donetsk,0,0,transfermarkt
1993/94,23,1994-04-08,torpedo-zaporizhzhia,dynamo-kyiv,0,0,transfermarkt
1993/94,23,1994-04-08,zorya-luhansk,temp-shepetivka,1,0,transfermarkt
1993/94,23,1994-04-08,chornomorets-odesa,metalurh-zaporizhzhia,1,0,transfermarkt
1993/94,23,1994-04-08,kryvbas,metalist-kharkiv,0,1,transfermarkt
1993/94,23,1994-04-08,volyn-lutsk,bukovyna-chernivtsi,2,0,transfermarkt
1993/94,23,1994-04-08,nyva-ternopil,dnipro,2,2,transfermarkt
1993/94,23,1994-04-08,tavriya-simferopol,karpaty-lviv,2,0,transfermarkt
1993/94,23,1994-04-08,nyva-vinnytsia,veres-rivne,2,1,transfermarkt
1993/94,24,1994-04-16,shakhtar-donetsk,bukovyna-chernivtsi,1,0,transfermarkt
1993/94,24,1994-04-16,metalist-kharkiv,torpedo-zaporizhzhia,2,1,transfermarkt
1993/94,24,1994-04-16,dynamo-kyiv,nyva-vinnytsia,3,1,transfermarkt
1993/94,24,1994-04-16,dnipro,chornomorets-odesa,0,0,transfermarkt
1993/94,24,1994-04-16,temp-shepetivka,volyn-lutsk,2,1,transfermarkt
1993/94,24,1994-04-16,metalurh-zaporizhzhia,kryvbas,1,1,transfermarkt
1993/94,24,1994-04-16,karpaty-lviv,nyva-ternopil,1,0,transfermarkt
1993/94,24,1994-04-16,kremin-kremenchuk,tavriya-simferopol,1,0,transfermarkt
1993/94,24,1994-04-16,veres-rivne,zorya-luhansk,2,1,transfermarkt
1993/94,25,1994-04-20,bukovyna-chernivtsi,temp-shepetivka,2,1,transfermarkt
1993/94,25,1994-04-22,zorya-luhansk,dynamo-kyiv,1,1,transfermarkt
1993/94,25,1994-04-22,chornomorets-odesa,karpaty-lviv,1,1,transfermarkt
1993/94,25,1994-04-22,tavriya-simferopol,shakhtar-donetsk,1,1,transfermarkt
1993/94,25,1994-04-22,nyva-ternopil,kremin-kremenchuk,4,1,transfermarkt
1993/94,25,1994-04-22,kryvbas,dnipro,0,0,transfermarkt
1993/94,25,1994-04-22,volyn-lutsk,veres-rivne,1,1,transfermarkt
1993/94,25,1994-04-22,torpedo-zaporizhzhia,metalurh-zaporizhzhia,1,2,transfermarkt
1993/94,25,1994-04-22,nyva-vinnytsia,metalist-kharkiv,2,1,transfermarkt
1993/94,26,1994-04-26,dynamo-kyiv,volyn-lutsk,0,0,transfermarkt
1993/94,26,1994-04-26,dnipro,torpedo-zaporizhzhia,0,0,transfermarkt
1993/94,26,1994-04-30,metalist-kharkiv,zorya-luhansk,0,2,transfermarkt
1993/94,26,1994-04-30,karpaty-lviv,kryvbas,1,0,transfermarkt
1993/94,26,1994-04-30,veres-rivne,bukovyna-chernivtsi,1,0,transfermarkt
1993/94,26,1994-04-30,metalurh-zaporizhzhia,nyva-vinnytsia,1,0,transfermarkt
1993/94,26,1994-04-30,kremin-kremenchuk,chornomorets-odesa,0,1,transfermarkt
1993/94,26,1994-04-30,tavriya-simferopol,nyva-ternopil,1,1,transfermarkt
1993/94,27,1994-05-07,nyva-ternopil,shakhtar-donetsk,1,1,transfermarkt
1993/94,27,1994-05-07,nyva-vinnytsia,dnipro,2,1,transfermarkt
1993/94,27,1994-05-07,zorya-luhansk,metalurh-zaporizhzhia,1,0,transfermarkt
1993/94,27,1994-05-07,volyn-lutsk,metalist-kharkiv,0,0,transfermarkt
1993/94,27,1994-05-07,bukovyna-chernivtsi,dynamo-kyiv,0,3,transfermarkt
1993/94,27,1994-05-07,chornomorets-odesa,tavriya-simferopol,3,1,transfermarkt
1993/94,27,1994-05-07,kryvbas,kremin-kremenchuk,1,0,transfermarkt
1993/94,27,1994-05-07,temp-shepetivka,veres-rivne,1,2,transfermarkt
1993/94,27,1994-05-07,karpaty-lviv,torpedo-zaporizhzhia,3,1,transfermarkt
1993/94,26,1994-05-11,shakhtar-donetsk,temp-shepetivka,3,1,transfermarkt
1993/94,28,1994-05-15,metalist-kharkiv,bukovyna-chernivtsi,1,1,transfermarkt
1993/94,28,1994-05-15,nyva-ternopil,chornomorets-odesa,0,0,transfermarkt
1993/94,28,1994-05-15,shakhtar-donetsk,veres-rivne,3,0,transfermarkt
1993/94,28,1994-05-15,dynamo-kyiv,temp-shepetivka,0,0,transfermarkt
1993/94,28,1994-05-15,metalurh-zaporizhzhia,volyn-lutsk,2,0,transfermarkt
1993/94,28,1994-05-15,dnipro,zorya-luhansk,0,0,transfermarkt
1993/94,28,1994-05-15,tavriya-simferopol,kryvbas,2,0,transfermarkt
1993/94,28,1994-05-15,kremin-kremenchuk,torpedo-zaporizhzhia,1,0,transfermarkt
1993/94,28,1994-05-15,karpaty-lviv,nyva-vinnytsia,2,1,transfermarkt
1993/94,29,1994-05-21,chornomorets-odesa,shakhtar-donetsk,0,1,transfermarkt
1993/94,29,1994-05-21,bukovyna-chernivtsi,metalurh-zaporizhzhia,2,0,transfermarkt
1993/94,29,1994-05-21,kryvbas,nyva-ternopil,2,1,transfermarkt
1993/94,29,1994-05-21,torpedo-zaporizhzhia,tavriya-simferopol,0,1,transfermarkt
1993/94,29,1994-05-21,zorya-luhansk,karpaty-lviv,1,0,transfermarkt
1993/94,29,1994-05-21,volyn-lutsk,dnipro,1,2,transfermarkt
1993/94,29,1994-05-21,veres-rivne,dynamo-kyiv,0,3,transfermarkt
1993/94,29,1994-05-21,nyva-vinnytsia,kremin-kremenchuk,1,1,transfermarkt
1993/94,29,1994-05-21,temp-shepetivka,metalist-kharkiv,3,1,transfermarkt
1993/94,30,1994-05-24,tavriya-simferopol,nyva-vinnytsia,2,2,transfermarkt
1993/94,30,1994-05-28,shakhtar-donetsk,dynamo-kyiv,1,0,transfermarkt
1993/94,30,1994-05-28,metalist-kharkiv,veres-rivne,2,1,transfermarkt
1993/94,30,1994-05-28,metalurh-zaporizhzhia,temp-shepetivka,2,1,transfermarkt
1993/94,30,1994-05-28,dnipro,bukovyna-chernivtsi,4,2,transfermarkt
1993/94,30,1994-05-28,nyva-ternopil,torpedo-zaporizhzhia,2,0,transfermarkt
1993/94,30,1994-05-28,karpaty-lviv,volyn-lutsk,1,2,transfermarkt
1993/94,30,1994-05-28,kremin-kremenchuk,zorya-luhansk,4,1,transfermarkt
1993/94,30,1994-06-02,chornomorets-odesa,kryvbas,2,0,transfermarkt
1993/94,31,1994-06-05,kryvbas,shakhtar-donetsk,2,1,transfermarkt
1993/94,31,1994-06-05,volyn-lutsk,kremin-kremenchuk,1,1,transfermarkt
1993/94,31,1994-06-05,torpedo-zaporizhzhia,chornomorets-odesa,1,0,transfermarkt
1993/94,31,1994-06-05,zorya-luhansk,tavriya-simferopol,1,0,transfermarkt
1993/94,31,1994-06-05,veres-rivne,metalurh-zaporizhzhia,0,1,transfermarkt
1993/94,31,1994-06-05,bukovyna-chernivtsi,karpaty-lviv,3,2,transfermarkt
1993/94,31,1994-06-06,nyva-vinnytsia,nyva-ternopil,1,0,transfermarkt
1993/94,31,1994-06-07,dynamo-kyiv,metalist-kharkiv,2,0,transfermarkt
1993/94,31,1994-06-08,temp-shepetivka,dnipro,3,2,transfermarkt
1993/94,32,1994-06-11,shakhtar-donetsk,metalist-kharkiv,3,1,transfermarkt
1993/94,32,1994-06-11,metalurh-zaporizhzhia,dynamo-kyiv,0,1,transfermarkt
1993/94,32,1994-06-11,kremin-kremenchuk,bukovyna-chernivtsi,2,0,transfermarkt
1993/94,32,1994-06-11,nyva-ternopil,zorya-luhansk,2,0,transfermarkt
1993/94,32,1994-06-11,chornomorets-odesa,nyva-vinnytsia,3,0,transfermarkt
1993/94,32,1994-06-11,kryvbas,torpedo-zaporizhzhia,1,0,transfermarkt
1993/94,32,1994-06-11,dnipro,veres-rivne,3,1,transfermarkt
1993/94,32,1994-06-11,karpaty-lviv,temp-shepetivka,2,1,transfermarkt
1993/94,32,1994-06-11,tavriya-simferopol,volyn-lutsk,2,1,transfermarkt;score_not_in_wiki_table
1993/94,33,1994-06-15,metalist-kharkiv,metalurh-zaporizhzhia,0,3,transfermarkt
1993/94,33,1994-06-15,torpedo-zaporizhzhia,shakhtar-donetsk,3,3,transfermarkt
1993/94,33,1994-06-15,zorya-luhansk,chornomorets-odesa,1,4,transfermarkt
1993/94,33,1994-06-15,volyn-lutsk,nyva-ternopil,1,0,transfermarkt
1993/94,33,1994-06-15,temp-shepetivka,kremin-kremenchuk,3,1,transfermarkt
1993/94,33,1994-06-15,veres-rivne,karpaty-lviv,0,0,transfermarkt
1993/94,33,1994-06-15,dynamo-kyiv,dnipro,2,0,transfermarkt
1993/94,33,1994-06-15,nyva-vinnytsia,kryvbas,0,1,transfermarkt
1993/94,33,1994-06-15,bukovyna-chernivtsi,tavriya-simferopol,1,2,transfermarkt
1993/94,34,1994-06-19,shakhtar-donetsk,metalurh-zaporizhzhia,5,2,transfermarkt
1993/94,34,1994-06-19,dnipro,metalist-kharkiv,3,1,transfermarkt
1993/94,34,1994-06-19,karpaty-lviv,dynamo-kyiv,1,2,transfermarkt
1993/94,34,1994-06-19,chornomorets-odesa,volyn-lutsk,2,0,transfermarkt
1993/94,34,1994-06-19,kremin-kremenchuk,veres-rivne,1,0,transfermarkt
1993/94,34,1994-06-19,nyva-ternopil,bukovyna-chernivtsi,3,0,transfermarkt
1993/94,34,1994-06-19,kryvbas,zorya-luhansk,1,0,transfermarkt
1993/94,34,1994-06-19,torpedo-zaporizhzhia,nyva-vinnytsia,1,3,transfermarkt
1993/94,34,1994-06-19,tavriya-simferopol,temp-shepetivka,2,1,transfermarkt
1994/95,1,1994-07-17,nyva-ternopil,temp-shepetivka,0,0,transfermarkt
1994/95,1,1994-07-17,kremin-kremenchuk,veres-rivne,1,1,transfermarkt
1994/95,1,1994-07-17,shakhtar-donetsk,chornomorets-odesa,2,0,transfermarkt
1994/95,1,1994-07-17,tavriya-simferopol,karpaty-lviv,3,0,transfermarkt
1994/95,1,1994-07-17,torpedo-zaporizhzhia,metalurh-zaporizhzhia,3,1,transfermarkt
1994/95,1,1994-07-17,mykolaiv,zorya-luhansk,2,1,transfermarkt
1994/95,1,1994-07-17,nyva-vinnytsia,volyn-lutsk,3,0,transfermarkt
1994/95,1,1994-07-19,prykarpattia,dnipro,1,1,transfermarkt
1994/95,2,1994-07-22,karpaty-lviv,volyn-lutsk,1,0,transfermarkt
1994/95,2,1994-07-22,temp-shepetivka,nyva-vinnytsia,2,1,transfermarkt
1994/95,2,1994-07-22,veres-rivne,nyva-ternopil,1,0,transfermarkt
1994/95,2,1994-07-22,zorya-luhansk,kremin-kremenchuk,1,0,transfermarkt
1994/95,2,1994-07-22,metalurh-zaporizhzhia,mykolaiv,4,1,transfermarkt
1994/95,2,1994-07-22,dynamo-kyiv,torpedo-zaporizhzhia,1,0,transfermarkt
1994/95,2,1994-07-22,tavriya-simferopol,shakhtar-donetsk,1,2,transfermarkt
1994/95,2,1994-07-23,dnipro,kryvbas,2,1,transfermarkt
1994/95,2,1994-07-23,chornomorets-odesa,prykarpattia,2,1,transfermarkt
1994/95,3,1994-07-27,volyn-lutsk,temp-shepetivka,1,0,transfermarkt
1994/95,3,1994-07-27,shakhtar-donetsk,karpaty-lviv,3,0,transfermarkt
1994/95,3,1994-07-27,torpedo-zaporizhzhia,dnipro,1,0,transfermarkt
1994/95,3,1994-07-27,kremin-kremenchuk,metalurh-zaporizhzhia,3,2,transfermarkt
1994/95,3,1994-07-27,prykarpattia,tavriya-simferopol,1,0,transfermarkt
1994/95,3,1994-07-27,kryvbas,chornomorets-odesa,1,1,transfermarkt
1994/95,3,1994-07-27,nyva-ternopil,zorya-luhansk,3,1,transfermarkt
1994/95,3,1994-07-27,mykolaiv,dynamo-kyiv,2,5,transfermarkt
1994/95,3,1994-07-27,nyva-vinnytsia,veres-rivne,2,0,transfermarkt
1994/95,4,1994-07-31,zorya-luhansk,nyva-vinnytsia,4,2,transfermarkt
1994/95,4,1994-07-31,karpaty-lviv,temp-shepetivka,0,0,transfermarkt
1994/95,4,1994-07-31,veres-rivne,volyn-lutsk,2,1,transfermarkt
1994/95,4,1994-07-31,chornomorets-odesa,torpedo-zaporizhzhia,3,0,transfermarkt
1994/95,4,1994-07-31,shakhtar-donetsk,prykarpattia,3,0,transfermarkt
1994/95,4,1994-07-31,metalurh-zaporizhzhia,nyva-ternopil,0,0,transfermarkt
1994/95,4,1994-07-31,dynamo-kyiv,kremin-kremenchuk,3,2,transfermarkt
1994/95,4,1994-07-31,dnipro,mykolaiv,3,1,transfermarkt
1994/95,4,1994-07-31,tavriya-simferopol,kryvbas,1,0,transfermarkt
1994/95,5,1994-08-05,kryvbas,shakhtar-donetsk,0,0,transfermarkt
1994/95,5,1994-08-05,torpedo-zaporizhzhia,tavriya-simferopol,0,1,transfermarkt
1994/95,5,1994-08-05,kremin-kremenchuk,dnipro,1,2,transfermarkt
1994/95,5,1994-08-05,volyn-lutsk,zorya-luhansk,3,1,transfermarkt
1994/95,5,1994-08-05,temp-shepetivka,veres-rivne,1,1,transfermarkt
1994/95,5,1994-08-05,prykarpattia,karpaty-lviv,1,1,transfermarkt
1994/95,5,1994-08-05,mykolaiv,chornomorets-odesa,1,0,transfermarkt
1994/95,5,1994-08-05,nyva-ternopil,dynamo-kyiv,1,1,transfermarkt
1994/95,5,1994-08-05,nyva-vinnytsia,metalurh-zaporizhzhia,3,0,transfermarkt
1994/95,6,1994-08-15,karpaty-lviv,veres-rivne,0,1,transfermarkt
1994/95,6,1994-08-15,zorya-luhansk,temp-shepetivka,2,0,transfermarkt
1994/95,6,1994-08-15,metalurh-zaporizhzhia,volyn-lutsk,1,0,transfermarkt
1994/95,6,1994-08-15,chornomorets-odesa,kremin-kremenchuk,3,0,transfermarkt
1994/95,6,1994-08-15,shakhtar-donetsk,torpedo-zaporizhzhia,4,0,transfermarkt
1994/95,6,1994-08-15,prykarpattia,kryvbas,0,1,transfermarkt
1994/95,6,1994-08-15,dynamo-kyiv,nyva-vinnytsia,2,1,transfermarkt
1994/95,6,1994-08-15,tavriya-simferopol,mykolaiv,3,1,transfermarkt
1994/95,6,1994-08-15,dnipro,nyva-ternopil,3,2,transfermarkt
1994/95,7,1994-08-19,kryvbas,karpaty-lviv,1,0,transfermarkt
1994/95,7,1994-08-19,kremin-kremenchuk,tavriya-simferopol,1,1,transfermarkt
1994/95,7,1994-08-19,torpedo-zaporizhzhia,prykarpattia,2,0,transfermarkt
1994/95,7,1994-08-19,nyva-ternopil,chornomorets-odesa,0,2,transfermarkt
1994/95,7,1994-08-19,nyva-vinnytsia,dnipro,0,2,transfermarkt
1994/95,7,1994-08-19,temp-shepetivka,metalurh-zaporizhzhia,4,0,transfermarkt
1994/95,7,1994-08-19,veres-rivne,zorya-luhansk,3,0,transfermarkt
1994/95,7,1994-08-19,mykolaiv,shakhtar-donetsk,1,6,transfermarkt
1994/95,7,1994-08-19,volyn-lutsk,dynamo-kyiv,2,2,transfermarkt
1994/95,1,1994-09-01,dynamo-kyiv,kryvbas,2,0,transfermarkt
1994/95,8,1994-09-09,dynamo-kyiv,temp-shepetivka,5,0,transfermarkt
1994/95,8,1994-09-10,karpaty-lviv,zorya-luhansk,4,3,transfermarkt
1994/95,8,1994-09-10,metalurh-zaporizhzhia,veres-rivne,1,0,transfermarkt
1994/95,8,1994-09-10,chornomorets-odesa,nyva-vinnytsia,2,1,transfermarkt
1994/95,8,1994-09-10,prykarpattia,mykolaiv,3,0,transfermarkt
1994/95,8,1994-09-10,kryvbas,torpedo-zaporizhzhia,2,1,transfermarkt
1994/95,8,1994-09-10,tavriya-simferopol,nyva-ternopil,3,2,transfermarkt
1994/95,8,1994-09-11,shakhtar-donetsk,kremin-kremenchuk,2,0,transfermarkt
1994/95,9,1994-09-18,torpedo-zaporizhzhia,karpaty-lviv,1,2,transfermarkt
1994/95,9,1994-09-18,zorya-luhansk,metalurh-zaporizhzhia,2,1,transfermarkt
1994/95,9,1994-09-18,nyva-vinnytsia,tavriya-simferopol,1,3,transfermarkt
1994/95,9,1994-09-18,kremin-kremenchuk,prykarpattia,2,0,transfermarkt
1994/95,9,1994-09-18,mykolaiv,kryvbas,0,1,transfermarkt
1994/95,9,1994-09-18,temp-shepetivka,dnipro,0,1,transfermarkt
1994/95,9,1994-09-18,veres-rivne,dynamo-kyiv,1,2,transfermarkt
1994/95,9,1994-09-19,volyn-lutsk,chornomorets-odesa,1,2,transfermarkt
1994/95,10,1994-09-23,karpaty-lviv,metalurh-zaporizhzhia,1,0,transfermarkt
1994/95,10,1994-09-23,torpedo-zaporizhzhia,mykolaiv,2,0,transfermarkt
1994/95,10,1994-09-23,kryvbas,kremin-kremenchuk,1,0,transfermarkt
1994/95,10,1994-09-23,prykarpattia,nyva-ternopil,3,2,transfermarkt
1994/95,10,1994-09-23,chornomorets-odesa,temp-shepetivka,3,2,transfermarkt
1994/95,10,1994-09-23,shakhtar-donetsk,nyva-vinnytsia,1,0,transfermarkt
1994/95,10,1994-09-23,dnipro,veres-rivne,4,2,transfermarkt
1994/95,10,1994-09-23,tavriya-simferopol,volyn-lutsk,6,0,transfermarkt
1994/95,10,1994-09-23,dynamo-kyiv,zorya-luhansk,4,0,transfermarkt
1994/95,11,1994-10-02,kremin-kremenchuk,torpedo-zaporizhzhia,5,1,transfermarkt
1994/95,11,1994-10-02,temp-shepetivka,tavriya-simferopol,0,1,transfermarkt
1994/95,11,1994-10-02,zorya-luhansk,dnipro,0,2,transfermarkt
1994/95,11,1994-10-02,nyva-ternopil,kryvbas,0,2,transfermarkt
1994/95,11,1994-10-02,mykolaiv,karpaty-lviv,1,1,transfermarkt
1994/95,11,1994-10-02,nyva-vinnytsia,prykarpattia,2,0,transfermarkt
1994/95,11,1994-10-02,volyn-lutsk,shakhtar-donetsk,1,1,transfermarkt
1994/95,11,1994-10-02,metalurh-zaporizhzhia,dynamo-kyiv,2,2,transfermarkt
1994/95,11,1994-10-03,veres-rivne,chornomorets-odesa,2,1,transfermarkt
1994/95,12,1994-10-07,prykarpattia,volyn-lutsk,3,0,transfermarkt
1994/95,12,1994-10-07,torpedo-zaporizhzhia,nyva-ternopil,3,2,transfermarkt
1994/95,12,1994-10-07,shakhtar-donetsk,temp-shepetivka,1,0,transfermarkt
1994/95,12,1994-10-07,chornomorets-odesa,zorya-luhansk,1,1,transfermarkt
1994/95,12,1994-10-07,tavriya-simferopol,veres-rivne,7,0,transfermarkt
1994/95,12,1994-10-07,mykolaiv,kremin-kremenchuk,0,1,transfermarkt
1994/95,12,1994-10-07,kryvbas,nyva-vinnytsia,0,1,transfermarkt
1994/95,12,1994-10-07,dnipro,metalurh-zaporizhzhia,1,1,transfermarkt
1994/95,12,1994-10-07,karpaty-lviv,dynamo-kyiv,0,1,transfermarkt
1994/95,13,1994-10-15,kremin-kremenchuk,karpaty-lviv,0,0,transfermarkt
1994/95,13,1994-10-15,temp-shepetivka,prykarpattia,3,0,transfermarkt
1994/95,13,1994-10-15,zorya-luhansk,tavriya-simferopol,4,2,transfermarkt
1994/95,13,1994-10-15,volyn-lutsk,kryvbas,1,0,transfermarkt
1994/95,13,1994-10-15,veres-rivne,shakhtar-donetsk,1,3,transfermarkt
1994/95,13,1994-10-15,nyva-vinnytsia,torpedo-zaporizhzhia,2,0,transfermarkt
1994/95,13,1994-10-15,nyva-ternopil,mykolaiv,2,0,transfermarkt
1994/95,13,1994-10-15,metalurh-zaporizhzhia,chornomorets-odesa,3,1,transfermarkt
1994/95,8,1994-10-19,dnipro,volyn-lutsk,3,1,transfermarkt
1994/95,14,1994-10-23,kremin-kremenchuk,nyva-ternopil,1,0,transfermarkt
1994/95,14,1994-10-23,chornomorets-odesa,dynamo-kyiv,1,1,transfermarkt
1994/95,14,1994-10-23,torpedo-zaporizhzhia,volyn-lutsk,2,0,transfermarkt
1994/95,14,1994-10-23,prykarpattia,veres-rivne,2,2,transfermarkt
1994/95,14,1994-10-23,karpaty-lviv,dnipro,3,1,transfermarkt
1994/95,14,1994-10-23,kryvbas,temp-shepetivka,0,0,transfermarkt
1994/95,14,1994-10-23,mykolaiv,nyva-vinnytsia,0,1,transfermarkt
1994/95,14,1994-10-23,shakhtar-donetsk,zorya-luhansk,2,0,transfermarkt
1994/95,14,1994-10-23,tavriya-simferopol,metalurh-zaporizhzhia,3,3,transfermarkt
1994/95,15,1994-10-28,temp-shepetivka,torpedo-zaporizhzhia,0,1,transfermarkt
1994/95,15,1994-10-28,nyva-ternopil,karpaty-lviv,2,1,transfermarkt
1994/95,15,1994-10-28,zorya-luhansk,prykarpattia,2,2,transfermarkt
1994/95,15,1994-10-28,metalurh-zaporizhzhia,shakhtar-donetsk,1,5,transfermarkt
1994/95,15,1994-10-28,veres-rivne,kryvbas,2,1,transfermarkt
1994/95,15,1994-10-28,volyn-lutsk,mykolaiv,0,1,transfermarkt
1994/95,15,1994-10-28,dynamo-kyiv,tavriya-simferopol,2,1,transfermarkt
1994/95,15,1994-10-28,nyva-vinnytsia,kremin-kremenchuk,0,1,transfermarkt
1994/95,15,1994-10-28,dnipro,chornomorets-odesa,0,2,transfermarkt
1994/95,16,1994-11-08,prykarpattia,metalurh-zaporizhzhia,1,0,transfermarkt
1994/95,16,1994-11-08,mykolaiv,temp-shepetivka,1,0,transfermarkt
1994/95,16,1994-11-08,kremin-kremenchuk,volyn-lutsk,1,0,transfermarkt
1994/95,16,1994-11-08,karpaty-lviv,chornomorets-odesa,0,0,transfermarkt
1994/95,16,1994-11-08,nyva-ternopil,nyva-vinnytsia,1,0,transfermarkt
1994/95,16,1994-11-08,tavriya-simferopol,dnipro,1,2,transfermarkt
1994/95,16,1994-11-08,kryvbas,zorya-luhansk,2,0,transfermarkt
1994/95,16,1994-11-08,shakhtar-donetsk,dynamo-kyiv,1,3,transfermarkt
1994/95,16,1994-11-08,torpedo-zaporizhzhia,veres-rivne,4,1,transfermarkt
1994/95,17,1994-11-18,temp-shepetivka,kremin-kremenchuk,1,2,transfermarkt
1994/95,17,1994-11-18,zorya-luhansk,torpedo-zaporizhzhia,0,0,transfermarkt
1994/95,17,1994-11-18,veres-rivne,mykolaiv,1,0,transfermarkt
1994/95,17,1994-11-18,metalurh-zaporizhzhia,kryvbas,0,2,transfermarkt
1994/95,17,1994-11-18,dnipro,shakhtar-donetsk,2,0,transfermarkt
1994/95,17,1994-11-18,volyn-lutsk,nyva-ternopil,2,1,transfermarkt
1994/95,17,1994-11-18,dynamo-kyiv,prykarpattia,4,0,transfermarkt
1994/95,17,1994-11-18,chornomorets-odesa,tavriya-simferopol,4,0,transfermarkt
1994/95,17,1994-11-18,nyva-vinnytsia,karpaty-lviv,1,1,transfermarkt
1994/95,9,1994-12-01,nyva-ternopil,shakhtar-donetsk,2,0,transfermarkt
1994/95,13,1994-12-01,dynamo-kyiv,dnipro,4,2,transfermarkt
1994/95,18,1995-03-04,kryvbas,metalurh-zaporizhzhia,0,0,transfermarkt
1994/95,18,1995-03-04,kremin-kremenchuk,temp-shepetivka,3,1,transfermarkt
1994/95,18,1995-03-04,shakhtar-donetsk,dnipro,1,1,transfermarkt
1994/95,18,1995-03-04,karpaty-lviv,nyva-vinnytsia,2,0,transfermarkt
1994/95,18,1995-03-04,nyva-ternopil,volyn-lutsk,3,0,transfermarkt
1994/95,18,1995-03-04,mykolaiv,veres-rivne,1,0,transfermarkt
1994/95,18,1995-03-04,tavriya-simferopol,chornomorets-odesa,2,0,transfermarkt
1994/95,18,1995-03-05,prykarpattia,dynamo-kyiv,1,2,transfermarkt
1994/95,18,1995-03-05,torpedo-zaporizhzhia,zorya-luhansk,4,0,transfermarkt
1994/95,19,1995-03-10,zorya-luhansk,kryvbas,1,1,transfermarkt
1994/95,19,1995-03-10,metalurh-zaporizhzhia,prykarpattia,0,0,transfermarkt
1994/95,19,1995-03-10,dnipro,tavriya-simferopol,0,0,transfermarkt
1994/95,19,1995-03-10,chornomorets-odesa,karpaty-lviv,2,1,transfermarkt
1994/95,19,1995-03-10,temp-shepetivka,mykolaiv,3,0,transfermarkt
1994/95,19,1995-03-10,volyn-lutsk,kremin-kremenchuk,3,2,transfermarkt
1994/95,19,1995-03-10,nyva-vinnytsia,nyva-ternopil,0,0,transfermarkt
1994/95,19,1995-03-10,veres-rivne,torpedo-zaporizhzhia,0,3,transfermarkt
1994/95,19,1995-03-10,dynamo-kyiv,shakhtar-donetsk,3,0,transfermarkt
1994/95,20,1995-03-14,kremin-kremenchuk,nyva-vinnytsia,4,0,transfermarkt
1994/95,20,1995-03-14,kryvbas,veres-rivne,1,1,transfermarkt
1994/95,20,1995-03-14,chornomorets-odesa,dnipro,2,0,transfermarkt
1994/95,20,1995-03-14,prykarpattia,zorya-luhansk,2,1,transfermarkt
1994/95,20,1995-03-14,shakhtar-donetsk,metalurh-zaporizhzhia,0,0,transfermarkt
1994/95,20,1995-03-14,tavriya-simferopol,dynamo-kyiv,0,0,transfermarkt
1994/95,20,1995-03-14,karpaty-lviv,nyva-ternopil,1,0,transfermarkt
1994/95,20,1995-03-14,torpedo-zaporizhzhia,temp-shepetivka,3,0,transfermarkt
1994/95,20,1995-03-14,mykolaiv,volyn-lutsk,1,0,transfermarkt
1994/95,21,1995-04-02,zorya-luhansk,shakhtar-donetsk,0,1,transfermarkt
1994/95,21,1995-04-02,nyva-ternopil,kremin-kremenchuk,5,0,transfermarkt
1994/95,21,1995-04-02,veres-rivne,prykarpattia,0,1,transfermarkt
1994/95,21,1995-04-02,volyn-lutsk,torpedo-zaporizhzhia,1,0,transfermarkt
1994/95,21,1995-04-02,temp-shepetivka,kryvbas,2,0,transfermarkt
1994/95,21,1995-04-02,dnipro,karpaty-lviv,2,1,transfermarkt
1994/95,21,1995-04-02,nyva-vinnytsia,mykolaiv,0,0,transfermarkt
1994/95,21,1995-04-02,metalurh-zaporizhzhia,tavriya-simferopol,0,2,transfermarkt
1994/95,21,1995-04-02,dynamo-kyiv,chornomorets-odesa,1,2,transfermarkt
1994/95,22,1995-04-06,chornomorets-odesa,metalurh-zaporizhzhia,2,1,transfermarkt
1994/95,22,1995-04-06,shakhtar-donetsk,veres-rivne,2,0,transfermarkt
1994/95,22,1995-04-06,kryvbas,volyn-lutsk,3,0,transfermarkt
1994/95,22,1995-04-06,torpedo-zaporizhzhia,nyva-vinnytsia,4,2,transfermarkt
1994/95,22,1995-04-06,prykarpattia,temp-shepetivka,2,1,transfermarkt
1994/95,22,1995-04-06,tavriya-simferopol,zorya-luhansk,1,1,transfermarkt
1994/95,22,1995-04-06,karpaty-lviv,kremin-kremenchuk,2,0,transfermarkt
1994/95,22,1995-04-06,mykolaiv,nyva-ternopil,2,1,transfermarkt
1994/95,22,1995-04-06,dnipro,dynamo-kyiv,2,2,transfermarkt
1994/95,23,1995-04-14,zorya-luhansk,chornomorets-odesa,0,1,transfermarkt
1994/95,23,1995-04-14,volyn-lutsk,prykarpattia,1,0,transfermarkt
1994/95,23,1995-04-14,metalurh-zaporizhzhia,dnipro,0,0,transfermarkt
1994/95,23,1995-04-14,veres-rivne,tavriya-simferopol,0,0,transfermarkt
1994/95,23,1995-04-14,nyva-vinnytsia,kryvbas,1,0,transfermarkt
1994/95,23,1995-04-14,nyva-ternopil,torpedo-zaporizhzhia,1,0,transfermarkt
1994/95,23,1995-04-14,temp-shepetivka,shakhtar-donetsk,1,0,transfermarkt
1994/95,23,1995-04-14,kremin-kremenchuk,mykolaiv,1,1,transfermarkt
1994/95,23,1995-04-14,dynamo-kyiv,karpaty-lviv,3,0,transfermarkt
1994/95,24,1995-04-21,dnipro,zorya-luhansk,6,0,transfermarkt
1994/95,24,1995-04-21,dynamo-kyiv,metalurh-zaporizhzhia,0,0,transfermarkt
1994/95,24,1995-04-21,shakhtar-donetsk,volyn-lutsk,1,0,transfermarkt
1994/95,24,1995-04-21,karpaty-lviv,mykolaiv,1,1,transfermarkt
1994/95,24,1995-04-21,chornomorets-odesa,veres-rivne,2,0,transfermarkt
1994/95,24,1995-04-21,kryvbas,nyva-ternopil,3,0,transfermarkt
1994/95,24,1995-04-21,tavriya-simferopol,temp-shepetivka,3,1,transfermarkt
1994/95,24,1995-04-21,prykarpattia,nyva-vinnytsia,3,1,transfermarkt
1994/95,24,1995-04-21,torpedo-zaporizhzhia,kremin-kremenchuk,4,0,transfermarkt
1994/95,25,1995-04-30,zorya-luhansk,dynamo-kyiv,0,5,transfermarkt
1994/95,25,1995-04-30,metalurh-zaporizhzhia,karpaty-lviv,1,0,transfermarkt
1994/95,25,1995-04-30,volyn-lutsk,tavriya-simferopol,1,0,transfermarkt
1994/95,25,1995-04-30,mykolaiv,torpedo-zaporizhzhia,2,1,transfermarkt
1994/95,25,1995-04-30,kremin-kremenchuk,kryvbas,0,0,transfermarkt
1994/95,25,1995-04-30,temp-shepetivka,chornomorets-odesa,0,1,transfermarkt
1994/95,25,1995-04-30,nyva-vinnytsia,shakhtar-donetsk,1,1,transfermarkt
1994/95,25,1995-04-30,nyva-ternopil,prykarpattia,3,0,transfermarkt
1994/95,25,1995-04-30,veres-rivne,dnipro,0,3,transfermarkt
1994/95,26,1995-05-04,shakhtar-donetsk,nyva-ternopil,0,0,transfermarkt
1994/95,26,1995-05-04,kryvbas,mykolaiv,1,0,transfermarkt
1994/95,26,1995-05-04,dnipro,temp-shepetivka,2,0,transfermarkt
1994/95,26,1995-05-04,tavriya-simferopol,nyva-vinnytsia,3,1,transfermarkt
1994/95,26,1995-05-04,metalurh-zaporizhzhia,zorya-luhansk,5,0,transfermarkt
1994/95,26,1995-05-04,prykarpattia,kremin-kremenchuk,2,1,transfermarkt
1994/95,26,1995-05-04,karpaty-lviv,torpedo-zaporizhzhia,3,1,transfermarkt
1994/95,26,1995-05-04,chornomorets-odesa,volyn-lutsk,4,0,transfermarkt
1994/95,26,1995-05-04,dynamo-kyiv,veres-rivne,7,0,transfermarkt
1994/95,27,1995-05-12,volyn-lutsk,dnipro,0,3,transfermarkt
1994/95,27,1995-05-12,zorya-luhansk,karpaty-lviv,1,0,transfermarkt
1994/95,27,1995-05-12,kremin-kremenchuk,shakhtar-donetsk,1,1,transfermarkt
1994/95,27,1995-05-12,veres-rivne,metalurh-zaporizhzhia,0,0,transfermarkt
1994/95,27,1995-05-12,temp-shepetivka,dynamo-kyiv,0,1,transfermarkt
1994/95,27,1995-05-12,torpedo-zaporizhzhia,kryvbas,1,1,transfermarkt
1994/95,27,1995-05-12,mykolaiv,prykarpattia,2,0,transfermarkt
1994/95,27,1995-05-12,nyva-ternopil,tavriya-simferopol,2,0,transfermarkt
1994/95,27,1995-05-12,nyva-vinnytsia,chornomorets-odesa,2,2,transfermarkt
1994/95,28,1995-05-20,prykarpattia,torpedo-zaporizhzhia,3,0,transfermarkt
1994/95,28,1995-05-20,dnipro,nyva-vinnytsia,1,0,transfermarkt
1994/95,28,1995-05-20,zorya-luhansk,veres-rivne,1,0,transfermarkt
1994/95,28,1995-05-20,metalurh-zaporizhzhia,temp-shepetivka,2,0,transfermarkt
1994/95,28,1995-05-20,tavriya-simferopol,kremin-kremenchuk,3,1,transfermarkt
1994/95,28,1995-05-20,shakhtar-donetsk,mykolaiv,3,2,transfermarkt
1994/95,28,1995-05-20,karpaty-lviv,kryvbas,1,0,transfermarkt
1994/95,28,1995-05-20,chornomorets-odesa,nyva-ternopil,1,0,transfermarkt
1994/95,28,1995-05-20,dynamo-kyiv,volyn-lutsk,3,1,transfermarkt
1994/95,29,1995-05-24,kremin-kremenchuk,chornomorets-odesa,0,2,transfermarkt
1994/95,29,1995-05-24,torpedo-zaporizhzhia,shakhtar-donetsk,1,0,transfermarkt
1994/95,29,1995-05-24,nyva-ternopil,dnipro,0,2,transfermarkt
1994/95,29,1995-05-24,volyn-lutsk,metalurh-zaporizhzhia,1,0,transfermarkt
1994/95,29,1995-05-24,nyva-vinnytsia,dynamo-kyiv,1,3,transfermarkt
1994/95,29,1995-05-24,veres-rivne,karpaty-lviv,2,0,transfermarkt
1994/95,29,1995-05-24,temp-shepetivka,zorya-luhansk,2,1,transfermarkt
1994/95,29,1995-05-24,mykolaiv,tavriya-simferopol,4,2,transfermarkt
1994/95,29,1995-05-24,kryvbas,prykarpattia,6,3,transfermarkt
1994/95,30,1995-06-01,shakhtar-donetsk,kryvbas,2,0,transfermarkt
1994/95,30,1995-06-01,metalurh-zaporizhzhia,nyva-vinnytsia,4,0,transfermarkt
1994/95,30,1995-06-01,karpaty-lviv,prykarpattia,0,0,transfermarkt
1994/95,30,1995-06-01,veres-rivne,temp-shepetivka,0,3,transfermarkt
1994/95,30,1995-06-01,zorya-luhansk,volyn-lutsk,1,0,transfermarkt
1994/95,30,1995-06-01,chornomorets-odesa,mykolaiv,3,0,transfermarkt
1994/95,30,1995-06-01,dnipro,kremin-kremenchuk,3,0,transfermarkt
1994/95,30,1995-06-01,tavriya-simferopol,torpedo-zaporizhzhia,3,1,transfermarkt
1994/95,30,1995-06-01,dynamo-kyiv,nyva-ternopil,3,0,transfermarkt
1994/95,31,1995-06-05,torpedo-zaporizhzhia,chornomorets-odesa,1,2,transfermarkt
1994/95,31,1995-06-05,temp-shepetivka,karpaty-lviv,0,2,transfermarkt
1994/95,31,1995-06-05,kryvbas,tavriya-simferopol,1,1,transfermarkt
1994/95,31,1995-06-05,prykarpattia,shakhtar-donetsk,1,2,transfermarkt
1994/95,31,1995-06-05,nyva-ternopil,metalurh-zaporizhzhia,1,6,transfermarkt
1994/95,31,1995-06-05,volyn-lutsk,veres-rivne,2,1,transfermarkt
1994/95,31,1995-06-05,nyva-vinnytsia,zorya-luhansk,3,1,transfermarkt
1994/95,31,1995-06-05,kremin-kremenchuk,dynamo-kyiv,0,4,transfermarkt
1994/95,31,1995-06-05,mykolaiv,dnipro,1,1,transfermarkt
1994/95,32,1995-06-15,veres-rivne,nyva-vinnytsia,1,1,transfermarkt
1994/95,32,1995-06-15,zorya-luhansk,nyva-ternopil,2,1,transfermarkt
1994/95,32,1995-06-15,dnipro,torpedo-zaporizhzhia,2,3,transfermarkt
1994/95,32,1995-06-15,karpaty-lviv,shakhtar-donetsk,3,1,transfermarkt
1994/95,32,1995-06-15,temp-shepetivka,volyn-lutsk,3,0,transfermarkt
1994/95,32,1995-06-15,tavriya-simferopol,prykarpattia,2,1,transfermarkt
1994/95,32,1995-06-15,dynamo-kyiv,mykolaiv,4,0,transfermarkt
1994/95,32,1995-06-15,chornomorets-odesa,kryvbas,5,2,transfermarkt
1994/95,32,1995-06-16,metalurh-zaporizhzhia,kremin-kremenchuk,2,1,transfermarkt
1994/95,33,1995-06-19,nyva-vinnytsia,temp-shepetivka,1,0,transfermarkt
1994/95,33,1995-06-19,torpedo-zaporizhzhia,dynamo-kyiv,1,1,transfermarkt
1994/95,33,1995-06-19,shakhtar-donetsk,tavriya-simferopol,0,2,transfermarkt
1994/95,33,1995-06-19,prykarpattia,chornomorets-odesa,2,2,transfermarkt
1994/95,33,1995-06-19,volyn-lutsk,karpaty-lviv,3,0,transfermarkt
1994/95,33,1995-06-19,nyva-ternopil,veres-rivne,3,0,transfermarkt
1994/95,33,1995-06-19,mykolaiv,metalurh-zaporizhzhia,3,2,transfermarkt
1994/95,33,1995-06-19,kremin-kremenchuk,zorya-luhansk,4,1,transfermarkt
1994/95,33,1995-06-19,kryvbas,dnipro,1,0,transfermarkt
1994/95,34,1995-06-22,kryvbas,dynamo-kyiv,0,1,transfermarkt
1994/95,34,1995-06-23,temp-shepetivka,nyva-ternopil,1,0,transfermarkt
1994/95,34,1995-06-23,metalurh-zaporizhzhia,torpedo-zaporizhzhia,4,0,transfermarkt
1994/95,34,1995-06-23,karpaty-lviv,tavriya-simferopol,0,0,transfermarkt
1994/95,34,1995-06-23,dnipro,prykarpattia,1,1,transfermarkt
1994/95,34,1995-06-23,zorya-luhansk,mykolaiv,2,1,transfermarkt
1994/95,34,1995-06-23,veres-rivne,kremin-kremenchuk,2,3,transfermarkt
1994/95,34,1995-06-23,volyn-lutsk,nyva-vinnytsia,3,3,transfermarkt
1994/95,34,1995-06-23,chornomorets-odesa,shakhtar-donetsk,1,1,transfermarkt
1995/96,1,1995-07-25,zirka-kropyvnytskyi,cska-kyiv,0,0,transfermarkt
1995/96,1,1995-07-25,zorya-luhansk,torpedo-zaporizhzhia,0,1,transfermarkt
1995/96,1,1995-07-25,kremin-kremenchuk,nyva-vinnytsia,0,1,transfermarkt
1995/96,1,1995-07-25,volyn-lutsk,dnipro,1,5,transfermarkt
1995/96,1,1995-07-25,dynamo-kyiv,karpaty-lviv,2,0,transfermarkt
1995/96,1,1995-07-25,chornomorets-odesa,kryvbas,2,0,transfermarkt
1995/96,1,1995-07-25,shakhtar-donetsk,nyva-ternopil,2,4,transfermarkt
1995/96,1,1995-07-25,metalurh-zaporizhzhia,mykolaiv,3,2,transfermarkt
1995/96,1,1995-07-25,prykarpattia,tavriya-simferopol,4,3,transfermarkt
1995/96,2,1995-07-29,kryvbas,tavriya-simferopol,2,0,transfermarkt
1995/96,2,1995-07-29,karpaty-lviv,prykarpattia,0,0,transfermarkt
1995/96,2,1995-07-29,dnipro,dynamo-kyiv,0,0,transfermarkt
1995/96,2,1995-07-29,torpedo-zaporizhzhia,volyn-lutsk,1,1,transfermarkt
1995/96,2,1995-07-29,nyva-ternopil,zorya-luhansk,3,1,transfermarkt
1995/96,2,1995-07-29,mykolaiv,shakhtar-donetsk,0,0,transfermarkt
1995/96,2,1995-07-29,nyva-vinnytsia,metalurh-zaporizhzhia,0,1,transfermarkt
1995/96,2,1995-07-29,cska-kyiv,kremin-kremenchuk,1,1,transfermarkt
1995/96,2,1995-07-29,chornomorets-odesa,zirka-kropyvnytskyi,1,1,transfermarkt
1995/96,3,1995-08-02,zirka-kropyvnytskyi,kryvbas,2,0,transfermarkt
1995/96,3,1995-08-02,kremin-kremenchuk,chornomorets-odesa,0,1,transfermarkt
1995/96,3,1995-08-02,metalurh-zaporizhzhia,cska-kyiv,0,1,transfermarkt
1995/96,3,1995-08-02,shakhtar-donetsk,nyva-vinnytsia,1,2,transfermarkt
1995/96,3,1995-08-02,zorya-luhansk,mykolaiv,0,0,transfermarkt
1995/96,3,1995-08-02,volyn-lutsk,nyva-ternopil,3,1,transfermarkt
1995/96,3,1995-08-02,dynamo-kyiv,torpedo-zaporizhzhia,2,0,transfermarkt
1995/96,3,1995-08-02,prykarpattia,dnipro,1,1,transfermarkt
1995/96,3,1995-08-02,tavriya-simferopol,karpaty-lviv,2,0,transfermarkt
1995/96,4,1995-08-06,kryvbas,karpaty-lviv,1,3,transfermarkt
1995/96,4,1995-08-06,dnipro,tavriya-simferopol,2,0,transfermarkt
1995/96,4,1995-08-06,torpedo-zaporizhzhia,prykarpattia,2,0,transfermarkt
1995/96,4,1995-08-06,mykolaiv,volyn-lutsk,0,3,transfermarkt
1995/96,4,1995-08-06,nyva-vinnytsia,zorya-luhansk,5,0,transfermarkt
1995/96,4,1995-08-06,cska-kyiv,shakhtar-donetsk,4,0,transfermarkt
1995/96,4,1995-08-06,zirka-kropyvnytskyi,kremin-kremenchuk,3,0,transfermarkt
1995/96,5,1995-08-12,zorya-luhansk,cska-kyiv,1,5,transfermarkt
1995/96,5,1995-08-13,kremin-kremenchuk,kryvbas,1,1,transfermarkt
1995/96,5,1995-08-13,metalurh-zaporizhzhia,zirka-kropyvnytskyi,1,1,transfermarkt
1995/96,5,1995-08-13,volyn-lutsk,nyva-vinnytsia,0,0,transfermarkt
1995/96,5,1995-08-13,dynamo-kyiv,mykolaiv,3,0,transfermarkt
1995/96,5,1995-08-13,prykarpattia,nyva-ternopil,3,1,transfermarkt
1995/96,5,1995-08-13,tavriya-simferopol,torpedo-zaporizhzhia,2,0,transfermarkt
1995/96,5,1995-08-13,karpaty-lviv,dnipro,2,1,transfermarkt
1995/96,6,1995-08-17,kryvbas,dnipro,1,0,transfermarkt
1995/96,6,1995-08-17,torpedo-zaporizhzhia,karpaty-lviv,1,1,transfermarkt
1995/96,6,1995-08-17,nyva-ternopil,tavriya-simferopol,1,0,transfermarkt
1995/96,6,1995-08-17,mykolaiv,prykarpattia,3,0,transfermarkt
1995/96,6,1995-08-17,nyva-vinnytsia,dynamo-kyiv,0,2,transfermarkt
1995/96,6,1995-08-17,chornomorets-odesa,zorya-luhansk,2,0,transfermarkt
1995/96,6,1995-08-17,kremin-kremenchuk,metalurh-zaporizhzhia,1,0,transfermarkt
1995/96,7,1995-08-27,metalurh-zaporizhzhia,kryvbas,2,1,transfermarkt
1995/96,7,1995-08-27,zorya-luhansk,zirka-kropyvnytskyi,2,1,transfermarkt
1995/96,7,1995-08-27,volyn-lutsk,chornomorets-odesa,0,3,transfermarkt
1995/96,7,1995-08-27,dynamo-kyiv,cska-kyiv,0,0,transfermarkt
1995/96,7,1995-08-27,prykarpattia,nyva-vinnytsia,2,1,transfermarkt
1995/96,7,1995-08-27,tavriya-simferopol,mykolaiv,5,2,transfermarkt
1995/96,7,1995-08-27,karpaty-lviv,nyva-ternopil,3,0,transfermarkt
1995/96,7,1995-08-27,dnipro,torpedo-zaporizhzhia,2,0,transfermarkt
1995/96,7,1995-08-28,shakhtar-donetsk,kremin-kremenchuk,4,1,transfermarkt
1995/96,8,1995-08-31,kryvbas,torpedo-zaporizhzhia,2,3,transfermarkt
1995/96,8,1995-08-31,nyva-ternopil,dnipro,0,1,transfermarkt
1995/96,8,1995-08-31,mykolaiv,karpaty-lviv,0,0,transfermarkt
1995/96,8,1995-08-31,nyva-vinnytsia,tavriya-simferopol,1,3,transfermarkt
1995/96,8,1995-08-31,cska-kyiv,prykarpattia,3,0,transfermarkt
1995/96,8,1995-08-31,chornomorets-odesa,dynamo-kyiv,1,0,transfermarkt
1995/96,8,1995-08-31,zirka-kropyvnytskyi,volyn-lutsk,1,0,transfermarkt
1995/96,8,1995-08-31,kremin-kremenchuk,zorya-luhansk,1,0,transfermarkt
1995/96,8,1995-08-31,metalurh-zaporizhzhia,shakhtar-donetsk,2,0,transfermarkt
1995/96,9,1995-09-10,shakhtar-donetsk,kryvbas,4,0,transfermarkt
1995/96,9,1995-09-10,zorya-luhansk,metalurh-zaporizhzhia,1,5,transfermarkt
1995/96,9,1995-09-10,volyn-lutsk,kremin-kremenchuk,2,0,transfermarkt
1995/96,9,1995-09-10,tavriya-simferopol,cska-kyiv,2,2,transfermarkt
1995/96,9,1995-09-10,karpaty-lviv,nyva-vinnytsia,3,0,transfermarkt
1995/96,9,1995-09-10,dnipro,mykolaiv,5,0,transfermarkt
1995/96,9,1995-09-10,torpedo-zaporizhzhia,nyva-ternopil,1,0,transfermarkt
1995/96,10,1995-09-17,kryvbas,nyva-ternopil,1,0,transfermarkt
1995/96,10,1995-09-17,mykolaiv,torpedo-zaporizhzhia,2,1,transfermarkt
1995/96,10,1995-09-17,nyva-vinnytsia,dnipro,2,0,transfermarkt
1995/96,10,1995-09-17,cska-kyiv,karpaty-lviv,2,1,transfermarkt
1995/96,10,1995-09-17,chornomorets-odesa,tavriya-simferopol,4,3,transfermarkt
1995/96,10,1995-09-17,zirka-kropyvnytskyi,prykarpattia,3,0,transfermarkt
1995/96,10,1995-09-17,kremin-kremenchuk,dynamo-kyiv,0,1,transfermarkt
1995/96,10,1995-09-17,metalurh-zaporizhzhia,volyn-lutsk,2,0,transfermarkt
1995/96,10,1995-09-18,shakhtar-donetsk,zorya-luhansk,3,0,transfermarkt
1995/96,11,1995-09-22,zorya-luhansk,kryvbas,1,0,transfermarkt
1995/96,11,1995-09-22,dynamo-kyiv,metalurh-zaporizhzhia,2,0,transfermarkt
1995/96,11,1995-09-22,prykarpattia,kremin-kremenchuk,5,2,transfermarkt
1995/96,11,1995-09-22,tavriya-simferopol,zirka-kropyvnytskyi,0,0,transfermarkt
1995/96,11,1995-09-22,karpaty-lviv,chornomorets-odesa,3,2,transfermarkt
1995/96,11,1995-09-22,dnipro,cska-kyiv,2,0,transfermarkt
1995/96,11,1995-09-22,torpedo-zaporizhzhia,nyva-vinnytsia,1,0,transfermarkt
1995/96,11,1995-09-22,nyva-ternopil,mykolaiv,4,1,transfermarkt
1995/96,11,1995-09-23,volyn-lutsk,shakhtar-donetsk,0,0,transfermarkt
1995/96,12,1995-09-27,kryvbas,mykolaiv,1,1,transfermarkt
1995/96,12,1995-09-27,nyva-vinnytsia,nyva-ternopil,3,2,transfermarkt
1995/96,12,1995-09-27,cska-kyiv,torpedo-zaporizhzhia,2,0,transfermarkt
1995/96,12,1995-09-27,zirka-kropyvnytskyi,karpaty-lviv,2,1,transfermarkt
1995/96,12,1995-09-27,kremin-kremenchuk,tavriya-simferopol,1,0,transfermarkt
1995/96,12,1995-09-27,metalurh-zaporizhzhia,prykarpattia,2,1,transfermarkt
1995/96,12,1995-09-27,zorya-luhansk,volyn-lutsk,3,2,transfermarkt
1995/96,6,1995-10-01,cska-kyiv,volyn-lutsk,3,1,transfermarkt
1995/96,12,1995-10-01,chornomorets-odesa,dnipro,2,1,transfermarkt
1995/96,12,1995-10-02,shakhtar-donetsk,dynamo-kyiv,2,3,transfermarkt
1995/96,13,1995-10-05,volyn-lutsk,kryvbas,0,0,transfermarkt
1995/96,13,1995-10-05,dynamo-kyiv,zorya-luhansk,1,0,transfermarkt
1995/96,13,1995-10-05,prykarpattia,shakhtar-donetsk,2,0,transfermarkt
1995/96,13,1995-10-05,tavriya-simferopol,metalurh-zaporizhzhia,1,1,transfermarkt
1995/96,13,1995-10-05,karpaty-lviv,kremin-kremenchuk,2,0,transfermarkt
1995/96,13,1995-10-05,dnipro,zirka-kropyvnytskyi,3,1,transfermarkt
1995/96,13,1995-10-05,torpedo-zaporizhzhia,chornomorets-odesa,2,1,transfermarkt
1995/96,13,1995-10-05,nyva-ternopil,cska-kyiv,1,0,transfermarkt
1995/96,13,1995-10-05,mykolaiv,nyva-vinnytsia,2,0,transfermarkt
1995/96,14,1995-10-15,kryvbas,nyva-vinnytsia,1,1,transfermarkt
1995/96,14,1995-10-15,cska-kyiv,mykolaiv,0,0,transfermarkt
1995/96,14,1995-10-15,zirka-kropyvnytskyi,torpedo-zaporizhzhia,1,0,transfermarkt
1995/96,14,1995-10-15,metalurh-zaporizhzhia,karpaty-lviv,1,1,transfermarkt
1995/96,14,1995-10-15,zorya-luhansk,prykarpattia,1,1,transfermarkt
1995/96,14,1995-10-16,kremin-kremenchuk,dnipro,0,3,transfermarkt
1995/96,14,1995-10-16,volyn-lutsk,dynamo-kyiv,0,2,transfermarkt
1995/96,6,1995-10-19,zirka-kropyvnytskyi,shakhtar-donetsk,0,1,transfermarkt
1995/96,15,1995-10-23,dynamo-kyiv,kryvbas,3,0,transfermarkt
1995/96,15,1995-10-23,prykarpattia,volyn-lutsk,3,0,transfermarkt
1995/96,15,1995-10-23,tavriya-simferopol,zorya-luhansk,3,0,transfermarkt
1995/96,15,1995-10-23,karpaty-lviv,shakhtar-donetsk,1,0,transfermarkt
1995/96,15,1995-10-23,dnipro,metalurh-zaporizhzhia,5,0,transfermarkt
1995/96,15,1995-10-23,torpedo-zaporizhzhia,kremin-kremenchuk,3,1,transfermarkt
1995/96,15,1995-10-23,nyva-ternopil,zirka-kropyvnytskyi,0,0,transfermarkt
1995/96,15,1995-10-23,mykolaiv,chornomorets-odesa,1,2,transfermarkt
1995/96,15,1995-10-23,nyva-vinnytsia,cska-kyiv,1,1,transfermarkt
1995/96,16,1995-10-27,dynamo-kyiv,prykarpattia,1,1,transfermarkt
1995/96,16,1995-10-27,kryvbas,cska-kyiv,2,0,transfermarkt
1995/96,16,1995-10-27,chornomorets-odesa,nyva-vinnytsia,2,0,transfermarkt
1995/96,16,1995-10-27,zirka-kropyvnytskyi,mykolaiv,0,1,transfermarkt
1995/96,16,1995-10-27,kremin-kremenchuk,nyva-ternopil,3,0,transfermarkt
1995/96,16,1995-10-27,metalurh-zaporizhzhia,torpedo-zaporizhzhia,2,0,transfermarkt
1995/96,16,1995-10-27,shakhtar-donetsk,dnipro,1,0,transfermarkt
1995/96,16,1995-10-27,volyn-lutsk,tavriya-simferopol,0,3,transfermarkt;forfeit?
1995/96,16,1995-10-27,zorya-luhansk,karpaty-lviv,1,1,transfermarkt
1995/96,14,1995-10-31,shakhtar-donetsk,tavriya-simferopol,0,0,transfermarkt
1995/96,9,1995-11-01,dynamo-kyiv,zirka-kropyvnytskyi,5,1,transfermarkt
1995/96,17,1995-11-04,dnipro,zorya-luhansk,3,1,transfermarkt
1995/96,17,1995-11-05,prykarpattia,kryvbas,1,0,transfermarkt
1995/96,17,1995-11-05,tavriya-simferopol,dynamo-kyiv,0,2,transfermarkt
1995/96,17,1995-11-05,karpaty-lviv,volyn-lutsk,2,1,transfermarkt
1995/96,17,1995-11-05,torpedo-zaporizhzhia,shakhtar-donetsk,3,0,transfermarkt
1995/96,17,1995-11-05,nyva-ternopil,metalurh-zaporizhzhia,2,1,transfermarkt
1995/96,17,1995-11-05,mykolaiv,kremin-kremenchuk,2,0,transfermarkt
1995/96,17,1995-11-05,nyva-vinnytsia,zirka-kropyvnytskyi,0,1,transfermarkt
1995/96,17,1995-11-05,cska-kyiv,chornomorets-odesa,1,0,transfermarkt
1995/96,4,1995-11-16,nyva-ternopil,dynamo-kyiv,1,0,transfermarkt
1995/96,5,1995-11-16,shakhtar-donetsk,chornomorets-odesa,2,0,transfermarkt
1995/96,4,1995-11-20,chornomorets-odesa,metalurh-zaporizhzhia,4,3,transfermarkt
1995/96,9,1995-11-24,prykarpattia,chornomorets-odesa,1,1,transfermarkt
1995/96,14,1995-11-28,chornomorets-odesa,nyva-ternopil,2,0,transfermarkt
1995/96,18,1996-03-13,kryvbas,prykarpattia,2,1,transfermarkt
1995/96,18,1996-03-13,dynamo-kyiv,tavriya-simferopol,2,0,transfermarkt
1995/96,18,1996-03-13,volyn-lutsk,karpaty-lviv,1,0,transfermarkt
1995/96,18,1996-03-13,zorya-luhansk,dnipro,0,3,transfermarkt
1995/96,18,1996-03-13,shakhtar-donetsk,torpedo-zaporizhzhia,2,1,transfermarkt
1995/96,18,1996-03-13,metalurh-zaporizhzhia,nyva-ternopil,1,0,transfermarkt
1995/96,18,1996-03-13,kremin-kremenchuk,mykolaiv,3,2,transfermarkt
1995/96,18,1996-03-13,zirka-kropyvnytskyi,nyva-vinnytsia,1,0,transfermarkt
1995/96,18,1996-03-13,chornomorets-odesa,cska-kyiv,1,0,transfermarkt
1995/96,19,1996-03-18,cska-kyiv,kryvbas,2,0,transfermarkt
1995/96,19,1996-03-18,nyva-vinnytsia,chornomorets-odesa,0,0,transfermarkt
1995/96,19,1996-03-18,mykolaiv,zirka-kropyvnytskyi,0,0,transfermarkt
1995/96,19,1996-03-18,nyva-ternopil,kremin-kremenchuk,0,0,transfermarkt
1995/96,19,1996-03-18,torpedo-zaporizhzhia,metalurh-zaporizhzhia,1,0,transfermarkt
1995/96,19,1996-03-18,dnipro,shakhtar-donetsk,2,2,transfermarkt
1995/96,19,1996-03-18,karpaty-lviv,zorya-luhansk,2,1,transfermarkt
1995/96,19,1996-03-18,tavriya-simferopol,volyn-lutsk,3,0,transfermarkt;forfeit?
1995/96,19,1996-03-18,prykarpattia,dynamo-kyiv,2,3,transfermarkt
1995/96,20,1996-03-23,kryvbas,dynamo-kyiv,2,2,transfermarkt
1995/96,20,1996-03-23,volyn-lutsk,prykarpattia,2,0,transfermarkt
1995/96,20,1996-03-23,zorya-luhansk,tavriya-simferopol,0,2,transfermarkt
1995/96,20,1996-03-23,shakhtar-donetsk,karpaty-lviv,2,0,transfermarkt
1995/96,20,1996-03-23,metalurh-zaporizhzhia,dnipro,2,1,transfermarkt
1995/96,20,1996-03-23,kremin-kremenchuk,torpedo-zaporizhzhia,3,2,transfermarkt
1995/96,20,1996-03-23,zirka-kropyvnytskyi,nyva-ternopil,1,0,transfermarkt
1995/96,20,1996-03-23,chornomorets-odesa,mykolaiv,1,0,transfermarkt
1995/96,20,1996-03-23,cska-kyiv,nyva-vinnytsia,1,0,transfermarkt
1995/96,21,1996-03-28,nyva-vinnytsia,kryvbas,1,1,transfermarkt
1995/96,21,1996-03-28,mykolaiv,cska-kyiv,0,2,transfermarkt
1995/96,21,1996-03-28,nyva-ternopil,chornomorets-odesa,0,1,transfermarkt
1995/96,21,1996-03-28,torpedo-zaporizhzhia,zirka-kropyvnytskyi,1,0,transfermarkt
1995/96,21,1996-03-28,dnipro,kremin-kremenchuk,2,0,transfermarkt
1995/96,21,1996-03-28,karpaty-lviv,metalurh-zaporizhzhia,1,0,transfermarkt
1995/96,21,1996-03-28,tavriya-simferopol,shakhtar-donetsk,1,3,transfermarkt
1995/96,21,1996-03-28,prykarpattia,zorya-luhansk,4,0,transfermarkt
1995/96,21,1996-03-28,dynamo-kyiv,volyn-lutsk,4,0,transfermarkt
1995/96,22,1996-04-06,kryvbas,volyn-lutsk,5,1,transfermarkt
1995/96,22,1996-04-06,zorya-luhansk,dynamo-kyiv,0,0,transfermarkt
1995/96,22,1996-04-06,shakhtar-donetsk,prykarpattia,1,0,transfermarkt
1995/96,22,1996-04-06,metalurh-zaporizhzhia,tavriya-simferopol,3,0,transfermarkt
1995/96,22,1996-04-06,kremin-kremenchuk,karpaty-lviv,6,1,transfermarkt
1995/96,22,1996-04-06,zirka-kropyvnytskyi,dnipro,1,1,transfermarkt
1995/96,22,1996-04-06,chornomorets-odesa,torpedo-zaporizhzhia,3,1,transfermarkt
1995/96,22,1996-04-06,cska-kyiv,nyva-ternopil,1,1,transfermarkt
1995/96,22,1996-04-06,nyva-vinnytsia,mykolaiv,2,1,transfermarkt
1995/96,23,1996-04-13,mykolaiv,kryvbas,2,1,transfermarkt
1995/96,23,1996-04-13,nyva-ternopil,nyva-vinnytsia,2,0,transfermarkt
1995/96,23,1996-04-13,torpedo-zaporizhzhia,cska-kyiv,0,1,transfermarkt
1995/96,23,1996-04-13,dnipro,chornomorets-odesa,0,2,transfermarkt
1995/96,23,1996-04-13,karpaty-lviv,zirka-kropyvnytskyi,2,0,transfermarkt
1995/96,23,1996-04-13,tavriya-simferopol,kremin-kremenchuk,1,2,transfermarkt
1995/96,23,1996-04-13,prykarpattia,metalurh-zaporizhzhia,4,1,transfermarkt
1995/96,23,1996-04-13,dynamo-kyiv,shakhtar-donetsk,3,1,transfermarkt
1995/96,23,1996-04-13,volyn-lutsk,zorya-luhansk,3,1,transfermarkt
1995/96,24,1996-04-17,kryvbas,zorya-luhansk,2,0,transfermarkt
1995/96,24,1996-04-17,shakhtar-donetsk,volyn-lutsk,1,1,transfermarkt
1995/96,24,1996-04-17,metalurh-zaporizhzhia,dynamo-kyiv,0,2,transfermarkt
1995/96,24,1996-04-17,kremin-kremenchuk,prykarpattia,4,2,transfermarkt
1995/96,24,1996-04-17,zirka-kropyvnytskyi,tavriya-simferopol,2,1,transfermarkt
1995/96,24,1996-04-17,chornomorets-odesa,karpaty-lviv,1,0,transfermarkt
1995/96,24,1996-04-17,cska-kyiv,dnipro,0,0,transfermarkt
1995/96,24,1996-04-17,nyva-vinnytsia,torpedo-zaporizhzhia,2,0,transfermarkt
1995/96,24,1996-04-17,mykolaiv,nyva-ternopil,2,0,transfermarkt
1995/96,25,1996-04-22,nyva-ternopil,kryvbas,3,1,transfermarkt
1995/96,25,1996-04-22,torpedo-zaporizhzhia,mykolaiv,2,1,transfermarkt
1995/96,25,1996-04-22,dnipro,nyva-vinnytsia,1,2,transfermarkt
1995/96,25,1996-04-22,karpaty-lviv,cska-kyiv,1,1,transfermarkt
1995/96,25,1996-04-22,tavriya-simferopol,chornomorets-odesa,0,0,transfermarkt
1995/96,25,1996-04-22,prykarpattia,zirka-kropyvnytskyi,0,0,transfermarkt
1995/96,25,1996-04-22,dynamo-kyiv,kremin-kremenchuk,2,0,transfermarkt
1995/96,25,1996-04-22,volyn-lutsk,metalurh-zaporizhzhia,2,1,transfermarkt
1995/96,25,1996-04-22,zorya-luhansk,shakhtar-donetsk,0,2,transfermarkt
1995/96,26,1996-04-27,metalurh-zaporizhzhia,zorya-luhansk,5,0,transfermarkt
1995/96,26,1996-04-27,chornomorets-odesa,prykarpattia,0,0,transfermarkt
1995/96,26,1996-04-27,cska-kyiv,tavriya-simferopol,2,0,transfermarkt
1995/96,26,1996-04-27,mykolaiv,dnipro,0,2,transfermarkt
1995/96,26,1996-04-27,nyva-ternopil,torpedo-zaporizhzhia,2,0,transfermarkt
1995/96,27,1996-05-06,torpedo-zaporizhzhia,kryvbas,3,1,transfermarkt
1995/96,27,1996-05-06,dnipro,nyva-ternopil,2,1,transfermarkt
1995/96,27,1996-05-06,karpaty-lviv,mykolaiv,3,0,transfermarkt
1995/96,27,1996-05-06,tavriya-simferopol,nyva-vinnytsia,1,0,transfermarkt
1995/96,27,1996-05-06,prykarpattia,cska-kyiv,3,2,transfermarkt
1995/96,27,1996-05-06,dynamo-kyiv,chornomorets-odesa,3,0,transfermarkt
1995/96,27,1996-05-06,volyn-lutsk,zirka-kropyvnytskyi,1,0,transfermarkt
1995/96,27,1996-05-06,zorya-luhansk,kremin-kremenchuk,1,3,transfermarkt
1995/96,27,1996-05-06,shakhtar-donetsk,metalurh-zaporizhzhia,1,2,transfermarkt
1995/96,28,1996-05-11,kryvbas,metalurh-zaporizhzhia,2,1,transfermarkt
1995/96,28,1996-05-11,kremin-kremenchuk,shakhtar-donetsk,3,2,transfermarkt
1995/96,28,1996-05-11,zirka-kropyvnytskyi,zorya-luhansk,2,0,transfermarkt
1995/96,28,1996-05-11,chornomorets-odesa,volyn-lutsk,4,1,transfermarkt
1995/96,28,1996-05-11,cska-kyiv,dynamo-kyiv,1,2,transfermarkt
1995/96,28,1996-05-11,nyva-vinnytsia,prykarpattia,1,0,transfermarkt
1995/96,28,1996-05-11,mykolaiv,tavriya-simferopol,1,2,transfermarkt
1995/96,28,1996-05-11,nyva-ternopil,karpaty-lviv,1,0,transfermarkt
1995/96,28,1996-05-11,torpedo-zaporizhzhia,dnipro,1,3,transfermarkt
1995/96,29,1996-05-16,dnipro,kryvbas,4,2,transfermarkt
1995/96,29,1996-05-16,karpaty-lviv,torpedo-zaporizhzhia,1,2,transfermarkt
1995/96,29,1996-05-16,tavriya-simferopol,nyva-ternopil,0,2,transfermarkt
1995/96,29,1996-05-16,prykarpattia,mykolaiv,2,2,transfermarkt
1995/96,29,1996-05-16,dynamo-kyiv,nyva-vinnytsia,1,0,transfermarkt
1995/96,29,1996-05-16,volyn-lutsk,cska-kyiv,1,1,transfermarkt
1995/96,29,1996-05-16,zorya-luhansk,chornomorets-odesa,0,3,transfermarkt
1995/96,29,1996-05-16,shakhtar-donetsk,zirka-kropyvnytskyi,1,0,transfermarkt
1995/96,29,1996-05-16,metalurh-zaporizhzhia,kremin-kremenchuk,1,0,transfermarkt
1995/96,30,1996-05-21,kryvbas,kremin-kremenchuk,2,1,transfermarkt
1995/96,30,1996-05-21,zirka-kropyvnytskyi,metalurh-zaporizhzhia,4,1,transfermarkt
1995/96,30,1996-05-21,chornomorets-odesa,shakhtar-donetsk,2,1,transfermarkt
1995/96,30,1996-05-21,cska-kyiv,zorya-luhansk,4,0,transfermarkt
1995/96,30,1996-05-21,nyva-vinnytsia,volyn-lutsk,2,0,transfermarkt
1995/96,30,1996-05-21,mykolaiv,dynamo-kyiv,0,2,transfermarkt
1995/96,30,1996-05-21,nyva-ternopil,prykarpattia,3,1,transfermarkt
1995/96,30,1996-05-21,torpedo-zaporizhzhia,tavriya-simferopol,2,3,transfermarkt
1995/96,30,1996-05-21,dnipro,karpaty-lviv,3,0,transfermarkt
1995/96,31,1996-05-25,karpaty-lviv,kryvbas,2,2,transfermarkt
1995/96,31,1996-05-25,tavriya-simferopol,dnipro,3,3,transfermarkt
1995/96,31,1996-05-25,prykarpattia,torpedo-zaporizhzhia,4,0,transfermarkt
1995/96,31,1996-05-25,volyn-lutsk,mykolaiv,3,3,transfermarkt
1995/96,31,1996-05-25,shakhtar-donetsk,cska-kyiv,2,3,transfermarkt
1995/96,31,1996-05-25,metalurh-zaporizhzhia,chornomorets-odesa,0,0,transfermarkt
1995/96,31,1996-05-25,kremin-kremenchuk,zirka-kropyvnytskyi,2,1,transfermarkt
1995/96,32,1996-05-31,kryvbas,zirka-kropyvnytskyi,5,4,transfermarkt
1995/96,32,1996-05-31,chornomorets-odesa,kremin-kremenchuk,6,1,transfermarkt
1995/96,32,1996-05-31,cska-kyiv,metalurh-zaporizhzhia,0,2,transfermarkt
1995/96,32,1996-05-31,nyva-vinnytsia,shakhtar-donetsk,0,0,transfermarkt
1995/96,32,1996-05-31,mykolaiv,zorya-luhansk,4,1,transfermarkt
1995/96,32,1996-05-31,nyva-ternopil,volyn-lutsk,1,2,transfermarkt
1995/96,32,1996-05-31,torpedo-zaporizhzhia,dynamo-kyiv,1,1,transfermarkt
1995/96,32,1996-05-31,dnipro,prykarpattia,1,0,transfermarkt
1995/96,32,1996-05-31,karpaty-lviv,tavriya-simferopol,1,1,transfermarkt
1995/96,26,1996-06-05,kryvbas,shakhtar-donetsk,1,0,transfermarkt
1995/96,26,1996-06-05,kremin-kremenchuk,volyn-lutsk,3,1,transfermarkt
1995/96,26,1996-06-05,zirka-kropyvnytskyi,dynamo-kyiv,2,1,transfermarkt
1995/96,26,1996-06-05,nyva-vinnytsia,karpaty-lviv,0,0,transfermarkt
1995/96,33,1996-06-09,tavriya-simferopol,kryvbas,1,1,transfermarkt
1995/96,33,1996-06-09,prykarpattia,karpaty-lviv,1,0,transfermarkt
1995/96,33,1996-06-09,dynamo-kyiv,dnipro,5,1,transfermarkt
1995/96,33,1996-06-09,volyn-lutsk,torpedo-zaporizhzhia,0,1,transfermarkt
1995/96,33,1996-06-09,zorya-luhansk,nyva-ternopil,3,0,transfermarkt;forfeit?
1995/96,33,1996-06-09,shakhtar-donetsk,mykolaiv,0,1,transfermarkt
1995/96,33,1996-06-09,metalurh-zaporizhzhia,nyva-vinnytsia,3,0,transfermarkt
1995/96,33,1996-06-09,kremin-kremenchuk,cska-kyiv,1,1,transfermarkt
1995/96,33,1996-06-09,zirka-kropyvnytskyi,chornomorets-odesa,0,2,transfermarkt
1995/96,31,1996-06-13,dynamo-kyiv,nyva-ternopil,2,0,transfermarkt
1995/96,31,1996-06-13,zorya-luhansk,nyva-vinnytsia,0,1,transfermarkt
1995/96,34,1996-06-17,kryvbas,chornomorets-odesa,0,0,transfermarkt
1995/96,34,1996-06-17,cska-kyiv,zirka-kropyvnytskyi,0,1,transfermarkt
1995/96,34,1996-06-17,nyva-vinnytsia,kremin-kremenchuk,0,2,transfermarkt
1995/96,34,1996-06-17,mykolaiv,metalurh-zaporizhzhia,1,0,transfermarkt
1995/96,34,1996-06-17,nyva-ternopil,shakhtar-donetsk,1,3,transfermarkt
1995/96,34,1996-06-17,torpedo-zaporizhzhia,zorya-luhansk,3,0,transfermarkt
1995/96,34,1996-06-17,dnipro,volyn-lutsk,2,1,transfermarkt
1995/96,34,1996-06-17,karpaty-lviv,dynamo-kyiv,1,1,transfermarkt
1995/96,34,1996-06-17,tavriya-simferopol,prykarpattia,3,0,transfermarkt
1996/97,1,1996-07-20,prykarpattia,vorskla-poltava,0,2,transfermarkt
1996/97,1,1996-07-20,cska-kyiv,dynamo-kyiv,0,1,transfermarkt
1996/97,1,1996-07-20,zirka-kropyvnytskyi,nyva-ternopil,1,0,transfermarkt
1996/97,1,1996-07-20,metalurh-zaporizhzhia,torpedo-zaporizhzhia,2,0,transfermarkt
1996/97,1,1996-07-20,dnipro,kryvbas,2,1,transfermarkt
1996/97,1,1996-07-20,karpaty-lviv,kremin-kremenchuk,4,0,transfermarkt
1996/97,1,1996-07-21,chornomorets-odesa,nyva-vinnytsia,0,0,transfermarkt
1996/97,2,1996-07-24,vorskla-poltava,kremin-kremenchuk,2,0,transfermarkt
1996/97,2,1996-07-24,shakhtar-donetsk,karpaty-lviv,0,0,transfermarkt
1996/97,2,1996-07-24,nyva-ternopil,tavriya-simferopol,1,0,transfermarkt
1996/97,2,1996-07-24,torpedo-zaporizhzhia,zirka-kropyvnytskyi,3,1,transfermarkt
1996/97,2,1996-07-24,dynamo-kyiv,metalurh-zaporizhzhia,1,2,transfermarkt
1996/97,2,1996-07-24,kryvbas,cska-kyiv,2,1,transfermarkt
1996/97,2,1996-07-24,dnipro,nyva-vinnytsia,4,0,transfermarkt
1996/97,2,1996-07-24,prykarpattia,chornomorets-odesa,2,4,transfermarkt
1996/97,3,1996-07-28,chornomorets-odesa,vorskla-poltava,0,3,transfermarkt
1996/97,3,1996-07-28,dnipro,prykarpattia,4,0,transfermarkt
1996/97,3,1996-07-28,cska-kyiv,nyva-vinnytsia,1,0,transfermarkt
1996/97,3,1996-07-28,metalurh-zaporizhzhia,kryvbas,1,1,transfermarkt
1996/97,3,1996-07-28,zirka-kropyvnytskyi,dynamo-kyiv,0,4,transfermarkt
1996/97,3,1996-07-28,tavriya-simferopol,torpedo-zaporizhzhia,2,1,transfermarkt
1996/97,3,1996-07-28,karpaty-lviv,nyva-ternopil,3,1,transfermarkt
1996/97,3,1996-07-28,kremin-kremenchuk,shakhtar-donetsk,0,1,transfermarkt
1996/97,4,1996-08-02,chornomorets-odesa,dnipro,3,0,transfermarkt
1996/97,4,1996-08-02,dynamo-kyiv,tavriya-simferopol,3,0,transfermarkt
1996/97,4,1996-08-03,vorskla-poltava,shakhtar-donetsk,1,1,transfermarkt
1996/97,4,1996-08-03,nyva-ternopil,kremin-kremenchuk,1,0,transfermarkt
1996/97,4,1996-08-03,torpedo-zaporizhzhia,karpaty-lviv,1,0,transfermarkt
1996/97,4,1996-08-03,kryvbas,zirka-kropyvnytskyi,0,2,transfermarkt
1996/97,4,1996-08-03,nyva-vinnytsia,metalurh-zaporizhzhia,0,0,transfermarkt
1996/97,4,1996-08-03,prykarpattia,cska-kyiv,0,0,transfermarkt
1996/97,5,1996-08-11,tavriya-simferopol,kryvbas,1,0,transfermarkt
1996/97,5,1996-08-11,karpaty-lviv,dynamo-kyiv,0,2,transfermarkt
1996/97,5,1996-08-11,kremin-kremenchuk,torpedo-zaporizhzhia,1,1,transfermarkt
1996/97,5,1996-08-11,shakhtar-donetsk,nyva-ternopil,5,0,transfermarkt
1996/97,5,1996-08-12,zirka-kropyvnytskyi,nyva-vinnytsia,2,1,transfermarkt
1996/97,1,1996-08-17,tavriya-simferopol,shakhtar-donetsk,0,2,transfermarkt
1996/97,5,1996-08-17,dnipro,vorskla-poltava,1,1,transfermarkt
1996/97,5,1996-08-17,cska-kyiv,chornomorets-odesa,1,2,transfermarkt
1996/97,5,1996-08-17,metalurh-zaporizhzhia,prykarpattia,3,2,transfermarkt
1996/97,6,1996-08-25,vorskla-poltava,nyva-ternopil,2,1,transfermarkt
1996/97,6,1996-08-25,torpedo-zaporizhzhia,shakhtar-donetsk,2,1,transfermarkt
1996/97,6,1996-08-25,dynamo-kyiv,kremin-kremenchuk,5,0,transfermarkt
1996/97,6,1996-08-25,kryvbas,karpaty-lviv,1,2,transfermarkt
1996/97,6,1996-08-25,prykarpattia,zirka-kropyvnytskyi,0,0,transfermarkt
1996/97,6,1996-08-25,chornomorets-odesa,metalurh-zaporizhzhia,2,1,transfermarkt
1996/97,6,1996-08-25,dnipro,cska-kyiv,2,1,transfermarkt
1996/97,6,1996-08-26,nyva-vinnytsia,tavriya-simferopol,0,0,transfermarkt
1996/97,7,1996-09-06,zirka-kropyvnytskyi,chornomorets-odesa,0,2,transfermarkt
1996/97,7,1996-09-06,shakhtar-donetsk,dynamo-kyiv,1,3,transfermarkt
1996/97,7,1996-09-07,cska-kyiv,vorskla-poltava,0,0,transfermarkt
1996/97,7,1996-09-07,metalurh-zaporizhzhia,dnipro,1,1,transfermarkt
1996/97,7,1996-09-07,tavriya-simferopol,prykarpattia,2,0,transfermarkt
1996/97,7,1996-09-07,karpaty-lviv,nyva-vinnytsia,1,2,transfermarkt
1996/97,7,1996-09-07,kremin-kremenchuk,kryvbas,2,1,transfermarkt
1996/97,7,1996-09-07,nyva-ternopil,torpedo-zaporizhzhia,2,1,transfermarkt
1996/97,8,1996-09-15,vorskla-poltava,torpedo-zaporizhzhia,2,0,transfermarkt
1996/97,8,1996-09-15,dynamo-kyiv,nyva-ternopil,1,0,transfermarkt
1996/97,8,1996-09-15,kryvbas,shakhtar-donetsk,1,3,transfermarkt
1996/97,8,1996-09-15,prykarpattia,karpaty-lviv,1,2,transfermarkt
1996/97,8,1996-09-15,chornomorets-odesa,tavriya-simferopol,5,1,transfermarkt
1996/97,8,1996-09-15,dnipro,zirka-kropyvnytskyi,4,0,transfermarkt
1996/97,8,1996-09-15,cska-kyiv,metalurh-zaporizhzhia,2,1,transfermarkt
1996/97,8,1996-09-17,nyva-vinnytsia,kremin-kremenchuk,2,1,transfermarkt
1996/97,9,1996-09-19,karpaty-lviv,chornomorets-odesa,1,0,transfermarkt
1996/97,9,1996-09-19,torpedo-zaporizhzhia,dynamo-kyiv,0,0,transfermarkt
1996/97,9,1996-09-21,metalurh-zaporizhzhia,vorskla-poltava,2,0,transfermarkt
1996/97,9,1996-09-21,zirka-kropyvnytskyi,cska-kyiv,2,0,transfermarkt
1996/97,9,1996-09-21,tavriya-simferopol,dnipro,0,0,transfermarkt
1996/97,9,1996-09-21,kremin-kremenchuk,prykarpattia,2,1,transfermarkt
1996/97,9,1996-09-21,shakhtar-donetsk,nyva-vinnytsia,1,0,transfermarkt
1996/97,9,1996-09-21,nyva-ternopil,kryvbas,2,0,transfermarkt
1996/97,10,1996-09-29,vorskla-poltava,dynamo-kyiv,4,3,transfermarkt
1996/97,10,1996-09-29,kryvbas,torpedo-zaporizhzhia,2,1,transfermarkt
1996/97,10,1996-09-29,prykarpattia,shakhtar-donetsk,2,1,transfermarkt
1996/97,10,1996-09-29,chornomorets-odesa,kremin-kremenchuk,1,0,transfermarkt
1996/97,10,1996-09-29,dnipro,karpaty-lviv,0,0,transfermarkt
1996/97,10,1996-09-29,cska-kyiv,tavriya-simferopol,2,1,transfermarkt
1996/97,10,1996-09-29,metalurh-zaporizhzhia,zirka-kropyvnytskyi,0,1,transfermarkt
1996/97,10,1996-09-30,nyva-vinnytsia,nyva-ternopil,0,0,transfermarkt
1996/97,11,1996-10-13,zirka-kropyvnytskyi,vorskla-poltava,2,0,transfermarkt
1996/97,11,1996-10-13,tavriya-simferopol,metalurh-zaporizhzhia,3,0,transfermarkt
1996/97,11,1996-10-13,karpaty-lviv,cska-kyiv,1,2,transfermarkt
1996/97,11,1996-10-13,kremin-kremenchuk,dnipro,1,1,transfermarkt
1996/97,11,1996-10-13,shakhtar-donetsk,chornomorets-odesa,3,0,transfermarkt
1996/97,11,1996-10-13,nyva-ternopil,prykarpattia,3,0,transfermarkt
1996/97,11,1996-10-13,torpedo-zaporizhzhia,nyva-vinnytsia,1,0,transfermarkt
1996/97,11,1996-10-13,dynamo-kyiv,kryvbas,5,0,transfermarkt
1996/97,12,1996-10-21,vorskla-poltava,kryvbas,4,0,transfermarkt
1996/97,12,1996-10-21,prykarpattia,torpedo-zaporizhzhia,2,1,transfermarkt
1996/97,12,1996-10-21,chornomorets-odesa,nyva-ternopil,2,0,transfermarkt
1996/97,12,1996-10-21,dnipro,shakhtar-donetsk,2,0,transfermarkt
1996/97,12,1996-10-21,cska-kyiv,kremin-kremenchuk,3,1,transfermarkt
1996/97,12,1996-10-21,metalurh-zaporizhzhia,karpaty-lviv,2,0,transfermarkt
1996/97,12,1996-10-21,zirka-kropyvnytskyi,tavriya-simferopol,2,1,transfermarkt
1996/97,12,1996-10-21,nyva-vinnytsia,dynamo-kyiv,0,1,transfermarkt
1996/97,13,1996-10-25,torpedo-zaporizhzhia,chornomorets-odesa,1,2,transfermarkt
1996/97,13,1996-10-26,tavriya-simferopol,vorskla-poltava,1,1,transfermarkt
1996/97,13,1996-10-26,karpaty-lviv,zirka-kropyvnytskyi,2,0,transfermarkt
1996/97,13,1996-10-26,kremin-kremenchuk,metalurh-zaporizhzhia,4,1,transfermarkt
1996/97,13,1996-10-26,shakhtar-donetsk,cska-kyiv,3,0,transfermarkt
1996/97,13,1996-10-26,nyva-ternopil,dnipro,2,2,transfermarkt
1996/97,13,1996-10-26,dynamo-kyiv,prykarpattia,2,1,transfermarkt
1996/97,13,1996-10-26,kryvbas,nyva-vinnytsia,3,0,transfermarkt
1996/97,14,1996-11-03,prykarpattia,kryvbas,2,0,transfermarkt
1996/97,14,1996-11-03,chornomorets-odesa,dynamo-kyiv,1,3,transfermarkt
1996/97,14,1996-11-03,dnipro,torpedo-zaporizhzhia,4,0,transfermarkt
1996/97,14,1996-11-03,cska-kyiv,nyva-ternopil,1,0,transfermarkt
1996/97,14,1996-11-03,metalurh-zaporizhzhia,shakhtar-donetsk,1,1,transfermarkt
1996/97,14,1996-11-03,zirka-kropyvnytskyi,kremin-kremenchuk,2,0,transfermarkt
1996/97,14,1996-11-03,tavriya-simferopol,karpaty-lviv,3,1,transfermarkt
1996/97,14,1996-11-03,vorskla-poltava,nyva-vinnytsia,3,0,transfermarkt
1996/97,15,1996-11-17,karpaty-lviv,vorskla-poltava,2,0,transfermarkt
1996/97,15,1996-11-17,kremin-kremenchuk,tavriya-simferopol,2,3,transfermarkt
1996/97,15,1996-11-17,shakhtar-donetsk,zirka-kropyvnytskyi,3,1,transfermarkt
1996/97,15,1996-11-17,nyva-ternopil,metalurh-zaporizhzhia,2,1,transfermarkt
1996/97,15,1996-11-17,torpedo-zaporizhzhia,cska-kyiv,3,0,transfermarkt;forfeit?
1996/97,15,1996-11-17,dynamo-kyiv,dnipro,2,2,transfermarkt
1996/97,15,1996-11-17,kryvbas,chornomorets-odesa,1,0,transfermarkt
1996/97,15,1996-11-17,nyva-vinnytsia,prykarpattia,1,2,transfermarkt
1996/97,16,1997-03-11,vorskla-poltava,karpaty-lviv,0,0,transfermarkt
1996/97,16,1997-03-11,tavriya-simferopol,kremin-kremenchuk,1,1,transfermarkt
1996/97,16,1997-03-11,chornomorets-odesa,kryvbas,0,0,transfermarkt
1996/97,16,1997-03-11,prykarpattia,nyva-vinnytsia,2,1,transfermarkt
1996/97,17,1997-03-15,kryvbas,prykarpattia,1,1,transfermarkt
1996/97,17,1997-03-15,dynamo-kyiv,chornomorets-odesa,2,0,transfermarkt
1996/97,17,1997-03-15,torpedo-zaporizhzhia,dnipro,1,3,transfermarkt
1996/97,17,1997-03-15,nyva-ternopil,cska-kyiv,0,0,transfermarkt
1996/97,17,1997-03-15,shakhtar-donetsk,metalurh-zaporizhzhia,4,2,transfermarkt
1996/97,17,1997-03-15,kremin-kremenchuk,zirka-kropyvnytskyi,1,0,transfermarkt
1996/97,17,1997-03-15,karpaty-lviv,tavriya-simferopol,1,1,transfermarkt
1996/97,17,1997-03-15,nyva-vinnytsia,vorskla-poltava,2,4,transfermarkt
1996/97,18,1997-03-19,chornomorets-odesa,torpedo-zaporizhzhia,2,0,transfermarkt
1996/97,18,1997-03-19,vorskla-poltava,tavriya-simferopol,1,0,transfermarkt
1996/97,18,1997-03-19,zirka-kropyvnytskyi,karpaty-lviv,2,0,transfermarkt
1996/97,18,1997-03-19,metalurh-zaporizhzhia,kremin-kremenchuk,3,2,transfermarkt
1996/97,18,1997-03-19,cska-kyiv,shakhtar-donetsk,1,1,transfermarkt
1996/97,18,1997-03-19,dnipro,nyva-ternopil,1,0,transfermarkt
1996/97,18,1997-03-19,prykarpattia,dynamo-kyiv,0,2,transfermarkt
1996/97,18,1997-03-19,nyva-vinnytsia,kryvbas,2,0,transfermarkt
1996/97,19,1997-04-06,kryvbas,vorskla-poltava,1,1,transfermarkt
1996/97,19,1997-04-06,torpedo-zaporizhzhia,prykarpattia,1,1,transfermarkt
1996/97,19,1997-04-06,nyva-ternopil,chornomorets-odesa,2,0,transfermarkt
1996/97,19,1997-04-06,shakhtar-donetsk,dnipro,1,0,transfermarkt
1996/97,19,1997-04-06,kremin-kremenchuk,cska-kyiv,0,2,transfermarkt
1996/97,19,1997-04-06,karpaty-lviv,metalurh-zaporizhzhia,1,0,transfermarkt
1996/97,19,1997-04-06,tavriya-simferopol,zirka-kropyvnytskyi,1,0,transfermarkt
1996/97,19,1997-04-06,dynamo-kyiv,nyva-vinnytsia,2,0,transfermarkt
1996/97,20,1997-04-10,vorskla-poltava,zirka-kropyvnytskyi,3,0,transfermarkt
1996/97,20,1997-04-10,metalurh-zaporizhzhia,tavriya-simferopol,8,1,transfermarkt
1996/97,20,1997-04-10,cska-kyiv,karpaty-lviv,0,1,transfermarkt
1996/97,20,1997-04-10,dnipro,kremin-kremenchuk,3,0,transfermarkt
1996/97,20,1997-04-10,chornomorets-odesa,shakhtar-donetsk,1,1,transfermarkt
1996/97,20,1997-04-10,nyva-vinnytsia,torpedo-zaporizhzhia,0,0,transfermarkt
1996/97,20,1997-04-10,kryvbas,dynamo-kyiv,0,2,transfermarkt
1996/97,21,1997-04-14,dynamo-kyiv,vorskla-poltava,2,1,transfermarkt
1996/97,21,1997-04-14,torpedo-zaporizhzhia,kryvbas,1,0,transfermarkt
1996/97,21,1997-04-14,shakhtar-donetsk,prykarpattia,2,0,transfermarkt
1996/97,21,1997-04-14,kremin-kremenchuk,chornomorets-odesa,1,0,transfermarkt
1996/97,21,1997-04-14,karpaty-lviv,dnipro,0,0,transfermarkt
1996/97,21,1997-04-14,tavriya-simferopol,cska-kyiv,2,1,transfermarkt
1996/97,21,1997-04-14,zirka-kropyvnytskyi,metalurh-zaporizhzhia,1,0,transfermarkt
1996/97,21,1997-04-14,nyva-ternopil,nyva-vinnytsia,3,0,transfermarkt
1996/97,22,1997-04-18,chornomorets-odesa,karpaty-lviv,0,0,transfermarkt
1996/97,22,1997-04-18,dynamo-kyiv,torpedo-zaporizhzhia,2,1,transfermarkt
1996/97,22,1997-04-18,vorskla-poltava,metalurh-zaporizhzhia,3,0,transfermarkt
1996/97,22,1997-04-18,cska-kyiv,zirka-kropyvnytskyi,1,2,transfermarkt
1996/97,22,1997-04-18,dnipro,tavriya-simferopol,1,0,transfermarkt
1996/97,22,1997-04-18,prykarpattia,kremin-kremenchuk,2,0,transfermarkt
1996/97,22,1997-04-18,nyva-vinnytsia,shakhtar-donetsk,1,2,transfermarkt
1996/97,22,1997-04-18,kryvbas,nyva-ternopil,2,0,transfermarkt
1996/97,23,1997-04-22,torpedo-zaporizhzhia,vorskla-poltava,2,3,transfermarkt
1996/97,23,1997-04-22,nyva-ternopil,dynamo-kyiv,1,0,transfermarkt
1996/97,23,1997-04-22,shakhtar-donetsk,kryvbas,6,0,transfermarkt
1996/97,23,1997-04-22,kremin-kremenchuk,nyva-vinnytsia,3,0,transfermarkt
1996/97,23,1997-04-22,karpaty-lviv,prykarpattia,3,1,transfermarkt
1996/97,23,1997-04-22,tavriya-simferopol,chornomorets-odesa,1,0,transfermarkt
1996/97,23,1997-04-22,zirka-kropyvnytskyi,dnipro,0,0,transfermarkt
1996/97,23,1997-04-22,metalurh-zaporizhzhia,cska-kyiv,4,2,transfermarkt
1996/97,20,1997-05-02,prykarpattia,nyva-ternopil,0,0,transfermarkt
1996/97,24,1997-05-12,chornomorets-odesa,zirka-kropyvnytskyi,5,1,transfermarkt
1996/97,24,1997-05-12,dynamo-kyiv,shakhtar-donetsk,3,1,transfermarkt
1996/97,24,1997-05-12,vorskla-poltava,cska-kyiv,1,0,transfermarkt
1996/97,24,1997-05-12,dnipro,metalurh-zaporizhzhia,4,0,transfermarkt
1996/97,24,1997-05-12,prykarpattia,tavriya-simferopol,1,2,transfermarkt
1996/97,24,1997-05-12,nyva-vinnytsia,karpaty-lviv,0,1,transfermarkt
1996/97,24,1997-05-12,kryvbas,kremin-kremenchuk,1,0,transfermarkt
1996/97,24,1997-05-12,torpedo-zaporizhzhia,nyva-ternopil,0,0,transfermarkt
1996/97,25,1997-05-16,nyva-ternopil,vorskla-poltava,1,0,transfermarkt
1996/97,25,1997-05-16,shakhtar-donetsk,torpedo-zaporizhzhia,9,1,transfermarkt
1996/97,25,1997-05-16,kremin-kremenchuk,dynamo-kyiv,1,4,transfermarkt
1996/97,25,1997-05-16,karpaty-lviv,kryvbas,5,1,transfermarkt
1996/97,25,1997-05-16,zirka-kropyvnytskyi,prykarpattia,2,4,transfermarkt
1996/97,25,1997-05-16,metalurh-zaporizhzhia,chornomorets-odesa,1,0,transfermarkt
1996/97,25,1997-05-16,cska-kyiv,dnipro,0,0,transfermarkt
1996/97,25,1997-05-16,tavriya-simferopol,nyva-vinnytsia,3,2,transfermarkt
1996/97,26,1997-05-20,vorskla-poltava,dnipro,0,0,transfermarkt
1996/97,26,1997-05-20,chornomorets-odesa,cska-kyiv,0,0,transfermarkt
1996/97,26,1997-05-20,prykarpattia,metalurh-zaporizhzhia,3,2,transfermarkt
1996/97,26,1997-05-20,kryvbas,tavriya-simferopol,1,0,transfermarkt
1996/97,26,1997-05-20,dynamo-kyiv,karpaty-lviv,2,0,transfermarkt
1996/97,26,1997-05-20,torpedo-zaporizhzhia,kremin-kremenchuk,1,0,transfermarkt
1996/97,26,1997-05-20,nyva-ternopil,shakhtar-donetsk,1,4,transfermarkt
1996/97,26,1997-05-20,nyva-vinnytsia,zirka-kropyvnytskyi,3,1,transfermarkt
1996/97,27,1997-05-24,tavriya-simferopol,dynamo-kyiv,1,3,transfermarkt
1996/97,27,1997-05-24,kremin-kremenchuk,nyva-ternopil,3,2,transfermarkt
1996/97,27,1997-05-24,karpaty-lviv,torpedo-zaporizhzhia,2,0,transfermarkt
1996/97,27,1997-05-24,zirka-kropyvnytskyi,kryvbas,1,1,transfermarkt
1996/97,27,1997-05-24,metalurh-zaporizhzhia,nyva-vinnytsia,2,0,transfermarkt
1996/97,27,1997-05-24,cska-kyiv,prykarpattia,2,1,transfermarkt
1996/97,28,1997-05-30,vorskla-poltava,chornomorets-odesa,2,1,transfermarkt
1996/97,28,1997-05-30,nyva-vinnytsia,cska-kyiv,2,2,transfermarkt
1996/97,28,1997-05-30,kryvbas,metalurh-zaporizhzhia,1,0,transfermarkt
1996/97,28,1997-05-30,dynamo-kyiv,zirka-kropyvnytskyi,6,1,transfermarkt
1996/97,28,1997-05-30,torpedo-zaporizhzhia,tavriya-simferopol,1,3,transfermarkt
1996/97,28,1997-05-30,nyva-ternopil,karpaty-lviv,1,1,transfermarkt
1996/97,28,1997-05-30,shakhtar-donetsk,kremin-kremenchuk,4,2,transfermarkt
1996/97,28,1997-05-30,prykarpattia,dnipro,2,2,transfermarkt
1996/97,27,1997-06-11,dnipro,chornomorets-odesa,3,2,transfermarkt
1996/97,27,1997-06-11,shakhtar-donetsk,vorskla-poltava,4,0,transfermarkt
1996/97,29,1997-06-15,kremin-kremenchuk,vorskla-poltava,0,4,transfermarkt
1996/97,29,1997-06-15,karpaty-lviv,shakhtar-donetsk,1,0,transfermarkt
1996/97,29,1997-06-15,tavriya-simferopol,nyva-ternopil,2,1,transfermarkt
1996/97,29,1997-06-15,zirka-kropyvnytskyi,torpedo-zaporizhzhia,1,2,transfermarkt
1996/97,29,1997-06-15,metalurh-zaporizhzhia,dynamo-kyiv,0,0,transfermarkt
1996/97,29,1997-06-15,cska-kyiv,kryvbas,1,2,transfermarkt
1996/97,29,1997-06-15,nyva-vinnytsia,dnipro,0,2,transfermarkt
1996/97,29,1997-06-15,chornomorets-odesa,prykarpattia,0,0,transfermarkt
1996/97,16,1997-06-19,zirka-kropyvnytskyi,shakhtar-donetsk,2,3,transfermarkt
1996/97,16,1997-06-19,metalurh-zaporizhzhia,nyva-ternopil,4,2,transfermarkt
1996/97,16,1997-06-19,cska-kyiv,torpedo-zaporizhzhia,5,1,transfermarkt
1996/97,16,1997-06-19,dnipro,dynamo-kyiv,0,1,transfermarkt
1996/97,30,1997-06-19,vorskla-poltava,prykarpattia,2,0,transfermarkt
1996/97,30,1997-06-19,nyva-vinnytsia,chornomorets-odesa,0,1,transfermarkt
1996/97,30,1997-06-23,kryvbas,dnipro,0,0,transfermarkt
1996/97,30,1997-06-23,dynamo-kyiv,cska-kyiv,2,2,transfermarkt
1996/97,30,1997-06-23,torpedo-zaporizhzhia,metalurh-zaporizhzhia,0,4,transfermarkt
1996/97,30,1997-06-23,nyva-ternopil,zirka-kropyvnytskyi,5,1,transfermarkt
1996/97,30,1997-06-23,shakhtar-donetsk,tavriya-simferopol,4,0,transfermarkt
1996/97,30,1997-06-23,kremin-kremenchuk,karpaty-lviv,0,1,transfermarkt
1997/98,1,1997-07-09,torpedo-zaporizhzhia,dynamo-kyiv,0,3,transfermarkt
1997/98,1,1997-07-09,mariupol,shakhtar-donetsk,0,5,transfermarkt
1997/98,1,1997-07-09,zirka-kropyvnytskyi,metalurh-zaporizhzhia,1,0,transfermarkt
1997/98,1,1997-07-09,metalurh-donetsk,chornomorets-odesa,1,0,transfermarkt
1997/98,1,1997-07-09,nyva-ternopil,tavriya-simferopol,1,0,transfermarkt
1997/98,1,1997-07-09,prykarpattia,cska-kyiv,2,0,transfermarkt
1997/98,1,1997-07-09,vorskla-poltava,kryvbas,2,0,transfermarkt
1997/98,1,1997-07-09,dnipro,karpaty-lviv,4,0,transfermarkt
1997/98,2,1997-07-13,zirka-kropyvnytskyi,dynamo-kyiv,1,3,transfermarkt
1997/98,2,1997-07-13,shakhtar-donetsk,chornomorets-odesa,4,1,transfermarkt
1997/98,2,1997-07-13,cska-kyiv,dnipro,1,1,transfermarkt
1997/98,2,1997-07-13,mariupol,vorskla-poltava,2,5,transfermarkt
1997/98,2,1997-07-13,karpaty-lviv,metalurh-donetsk,1,0,transfermarkt
1997/98,2,1997-07-13,tavriya-simferopol,metalurh-zaporizhzhia,0,2,transfermarkt
1997/98,2,1997-07-13,torpedo-zaporizhzhia,prykarpattia,2,2,transfermarkt
1997/98,2,1997-07-13,kryvbas,nyva-ternopil,2,1,transfermarkt
1997/98,3,1997-07-18,dynamo-kyiv,tavriya-simferopol,3,0,transfermarkt
1997/98,3,1997-07-18,vorskla-poltava,shakhtar-donetsk,0,3,transfermarkt
1997/98,3,1997-07-18,dnipro,torpedo-zaporizhzhia,4,0,transfermarkt
1997/98,3,1997-07-19,chornomorets-odesa,karpaty-lviv,1,0,transfermarkt
1997/98,3,1997-07-19,nyva-ternopil,mariupol,5,0,transfermarkt
1997/98,3,1997-07-19,metalurh-zaporizhzhia,kryvbas,2,0,transfermarkt
1997/98,3,1997-07-19,prykarpattia,zirka-kropyvnytskyi,4,1,transfermarkt
1997/98,3,1997-07-20,metalurh-donetsk,cska-kyiv,1,0,transfermarkt
1997/98,4,1997-07-26,shakhtar-donetsk,karpaty-lviv,2,1,transfermarkt
1997/98,4,1997-07-26,cska-kyiv,chornomorets-odesa,2,1,transfermarkt
1997/98,4,1997-07-26,tavriya-simferopol,prykarpattia,1,0,transfermarkt
1997/98,4,1997-07-26,mariupol,metalurh-zaporizhzhia,4,2,transfermarkt
1997/98,4,1997-07-26,torpedo-zaporizhzhia,metalurh-donetsk,1,1,transfermarkt
1997/98,5,1997-08-03,nyva-ternopil,shakhtar-donetsk,1,0,transfermarkt
1997/98,5,1997-08-03,karpaty-lviv,cska-kyiv,1,0,transfermarkt
1997/98,5,1997-08-03,chornomorets-odesa,torpedo-zaporizhzhia,5,0,transfermarkt
1997/98,5,1997-08-03,metalurh-donetsk,zirka-kropyvnytskyi,3,0,transfermarkt
1997/98,5,1997-08-03,prykarpattia,kryvbas,1,2,transfermarkt
1997/98,5,1997-08-04,dynamo-kyiv,mariupol,3,0,transfermarkt
1997/98,5,1997-08-04,dnipro,tavriya-simferopol,2,1,transfermarkt
1997/98,5,1997-08-04,metalurh-zaporizhzhia,vorskla-poltava,2,3,transfermarkt
1997/98,6,1997-08-08,vorskla-poltava,dynamo-kyiv,1,4,transfermarkt
1997/98,6,1997-08-08,kryvbas,dnipro,0,2,transfermarkt
1997/98,6,1997-08-09,shakhtar-donetsk,cska-kyiv,2,1,transfermarkt
1997/98,6,1997-08-09,torpedo-zaporizhzhia,karpaty-lviv,0,2,transfermarkt
1997/98,6,1997-08-09,zirka-kropyvnytskyi,chornomorets-odesa,2,3,transfermarkt
1997/98,6,1997-08-09,tavriya-simferopol,metalurh-donetsk,2,2,transfermarkt
1997/98,6,1997-08-09,nyva-ternopil,metalurh-zaporizhzhia,1,2,transfermarkt
1997/98,6,1997-08-09,mariupol,prykarpattia,0,3,transfermarkt
1997/98,7,1997-08-17,prykarpattia,vorskla-poltava,4,0,transfermarkt
1997/98,7,1997-08-17,karpaty-lviv,zirka-kropyvnytskyi,0,0,transfermarkt
1997/98,7,1997-08-17,cska-kyiv,torpedo-zaporizhzhia,2,0,transfermarkt
1997/98,7,1997-08-17,metalurh-donetsk,kryvbas,0,0,transfermarkt
1997/98,8,1997-08-23,tavriya-simferopol,karpaty-lviv,2,0,transfermarkt
1997/98,8,1997-08-23,kryvbas,chornomorets-odesa,0,0,transfermarkt
1997/98,8,1997-08-23,nyva-ternopil,prykarpattia,3,1,transfermarkt
1997/98,8,1997-08-23,zirka-kropyvnytskyi,cska-kyiv,2,1,transfermarkt
1997/98,8,1997-08-23,mariupol,metalurh-donetsk,0,0,transfermarkt
1997/98,9,1997-08-31,dnipro,nyva-ternopil,0,1,transfermarkt
1997/98,9,1997-08-31,metalurh-donetsk,vorskla-poltava,0,0,transfermarkt
1997/98,9,1997-08-31,karpaty-lviv,kryvbas,2,1,transfermarkt
1997/98,9,1997-08-31,chornomorets-odesa,mariupol,2,1,transfermarkt
1997/98,9,1997-08-31,cska-kyiv,tavriya-simferopol,3,1,transfermarkt
1997/98,9,1997-08-31,prykarpattia,metalurh-zaporizhzhia,2,2,transfermarkt
1997/98,9,1997-08-31,torpedo-zaporizhzhia,zirka-kropyvnytskyi,0,1,transfermarkt
1997/98,9,1997-09-01,dynamo-kyiv,shakhtar-donetsk,3,0,transfermarkt
1997/98,4,1997-09-04,zirka-kropyvnytskyi,dnipro,1,3,transfermarkt
1997/98,4,1997-09-04,vorskla-poltava,nyva-ternopil,2,1,transfermarkt
1997/98,4,1997-09-05,kryvbas,dynamo-kyiv,0,1,transfermarkt
1997/98,10,1997-09-07,mariupol,karpaty-lviv,0,0,transfermarkt
1997/98,10,1997-09-07,tavriya-simferopol,torpedo-zaporizhzhia,5,0,transfermarkt
1997/98,10,1997-09-08,shakhtar-donetsk,zirka-kropyvnytskyi,3,2,transfermarkt
1997/98,10,1997-09-08,metalurh-zaporizhzhia,dnipro,2,1,transfermarkt
1997/98,10,1997-09-08,nyva-ternopil,metalurh-donetsk,2,0,transfermarkt
1997/98,10,1997-09-08,vorskla-poltava,chornomorets-odesa,1,0,transfermarkt
1997/98,10,1997-09-09,kryvbas,cska-kyiv,1,1,transfermarkt
1997/98,10,1997-09-09,dynamo-kyiv,prykarpattia,4,0,transfermarkt
1997/98,11,1997-09-12,karpaty-lviv,vorskla-poltava,2,1,transfermarkt
1997/98,11,1997-09-13,prykarpattia,shakhtar-donetsk,0,2,transfermarkt
1997/98,11,1997-09-13,chornomorets-odesa,nyva-ternopil,1,1,transfermarkt
1997/98,11,1997-09-13,zirka-kropyvnytskyi,tavriya-simferopol,2,1,transfermarkt
1997/98,11,1997-09-13,metalurh-donetsk,metalurh-zaporizhzhia,3,2,transfermarkt
1997/98,11,1997-09-13,cska-kyiv,mariupol,1,0,transfermarkt
1997/98,11,1997-09-13,torpedo-zaporizhzhia,kryvbas,0,3,transfermarkt
1997/98,12,1997-09-21,dynamo-kyiv,metalurh-donetsk,0,1,transfermarkt
1997/98,12,1997-09-21,prykarpattia,dnipro,1,4,transfermarkt
1997/98,12,1997-09-21,vorskla-poltava,cska-kyiv,2,1,transfermarkt
1997/98,12,1997-09-21,nyva-ternopil,karpaty-lviv,0,1,transfermarkt
1997/98,12,1997-09-21,metalurh-zaporizhzhia,chornomorets-odesa,1,1,transfermarkt
1997/98,12,1997-09-21,kryvbas,zirka-kropyvnytskyi,4,0,transfermarkt
1997/98,12,1997-09-21,mariupol,torpedo-zaporizhzhia,3,1,transfermarkt
1997/98,12,1997-09-22,shakhtar-donetsk,tavriya-simferopol,1,0,transfermarkt
1997/98,13,1997-09-26,dnipro,shakhtar-donetsk,2,0,transfermarkt
1997/98,13,1997-09-26,torpedo-zaporizhzhia,vorskla-poltava,1,2,transfermarkt
1997/98,13,1997-09-26,chornomorets-odesa,dynamo-kyiv,1,1,transfermarkt
1997/98,13,1997-09-27,karpaty-lviv,metalurh-zaporizhzhia,1,1,transfermarkt
1997/98,13,1997-09-27,tavriya-simferopol,kryvbas,0,0,transfermarkt
1997/98,13,1997-09-27,cska-kyiv,nyva-ternopil,0,0,transfermarkt
1997/98,13,1997-09-27,zirka-kropyvnytskyi,mariupol,1,1,transfermarkt
1997/98,13,1997-09-27,metalurh-donetsk,prykarpattia,0,0,transfermarkt
1997/98,7,1997-09-30,dnipro,mariupol,3,0,transfermarkt
1997/98,7,1997-10-01,chornomorets-odesa,tavriya-simferopol,1,2,transfermarkt
1997/98,14,1997-10-05,dynamo-kyiv,karpaty-lviv,0,1,transfermarkt
1997/98,14,1997-10-05,dnipro,metalurh-donetsk,2,0,transfermarkt
1997/98,14,1997-10-05,vorskla-poltava,zirka-kropyvnytskyi,2,0,transfermarkt
1997/98,14,1997-10-05,prykarpattia,chornomorets-odesa,1,1,transfermarkt
1997/98,14,1997-10-05,mariupol,tavriya-simferopol,3,0,transfermarkt
1997/98,14,1997-10-05,nyva-ternopil,torpedo-zaporizhzhia,4,1,transfermarkt
1997/98,14,1997-10-05,metalurh-zaporizhzhia,cska-kyiv,1,1,transfermarkt
1997/98,14,1997-10-06,shakhtar-donetsk,kryvbas,1,1,transfermarkt
1997/98,15,1997-10-12,tavriya-simferopol,vorskla-poltava,3,1,transfermarkt
1997/98,15,1997-10-12,zirka-kropyvnytskyi,nyva-ternopil,2,0,transfermarkt
1997/98,15,1997-10-12,karpaty-lviv,prykarpattia,1,0,transfermarkt
1997/98,15,1997-10-12,kryvbas,mariupol,0,0,transfermarkt
1997/98,15,1997-10-12,torpedo-zaporizhzhia,metalurh-zaporizhzhia,1,1,transfermarkt
1997/98,15,1997-10-17,cska-kyiv,dynamo-kyiv,0,1,transfermarkt
1997/98,15,1997-10-17,shakhtar-donetsk,metalurh-donetsk,2,0,transfermarkt
1997/98,15,1997-10-17,chornomorets-odesa,dnipro,1,2,transfermarkt
1997/98,8,1997-11-05,vorskla-poltava,dnipro,2,1,transfermarkt
1997/98,7,1997-11-09,dynamo-kyiv,nyva-ternopil,4,2,transfermarkt
1997/98,7,1997-11-10,metalurh-zaporizhzhia,shakhtar-donetsk,0,1,transfermarkt
1997/98,8,1997-11-16,shakhtar-donetsk,torpedo-zaporizhzhia,4,0,transfermarkt
1997/98,8,1997-11-20,metalurh-zaporizhzhia,dynamo-kyiv,1,5,transfermarkt
1997/98,11,1997-12-01,dnipro,dynamo-kyiv,0,2,transfermarkt
1997/98,16,1998-03-17,vorskla-poltava,tavriya-simferopol,1,0,transfermarkt
1997/98,16,1998-03-17,nyva-ternopil,zirka-kropyvnytskyi,2,0,transfermarkt
1997/98,16,1998-03-17,prykarpattia,karpaty-lviv,0,0,transfermarkt
1997/98,16,1998-03-17,mariupol,kryvbas,1,1,transfermarkt
1997/98,16,1998-03-17,metalurh-zaporizhzhia,torpedo-zaporizhzhia,0,1,transfermarkt
1997/98,16,1998-03-17,metalurh-donetsk,shakhtar-donetsk,1,2,transfermarkt
1997/98,16,1998-03-17,dnipro,chornomorets-odesa,2,0,transfermarkt
1997/98,17,1998-03-22,karpaty-lviv,dynamo-kyiv,2,1,transfermarkt
1997/98,17,1998-03-22,metalurh-donetsk,dnipro,0,1,transfermarkt
1997/98,17,1998-03-22,zirka-kropyvnytskyi,vorskla-poltava,0,1,transfermarkt
1997/98,17,1998-03-22,chornomorets-odesa,prykarpattia,0,0,transfermarkt
1997/98,17,1998-03-22,tavriya-simferopol,mariupol,0,0,transfermarkt
1997/98,17,1998-03-22,torpedo-zaporizhzhia,nyva-ternopil,0,1,transfermarkt
1997/98,17,1998-03-22,cska-kyiv,metalurh-zaporizhzhia,3,0,transfermarkt
1997/98,17,1998-03-22,kryvbas,shakhtar-donetsk,0,1,transfermarkt
1997/98,18,1998-03-26,dynamo-kyiv,chornomorets-odesa,1,0,transfermarkt
1997/98,18,1998-03-29,shakhtar-donetsk,dnipro,2,0,transfermarkt
1997/98,18,1998-03-29,vorskla-poltava,torpedo-zaporizhzhia,2,0,transfermarkt
1997/98,18,1998-03-29,metalurh-zaporizhzhia,karpaty-lviv,0,0,transfermarkt
1997/98,18,1998-03-29,kryvbas,tavriya-simferopol,2,2,transfermarkt
1997/98,18,1998-03-29,nyva-ternopil,cska-kyiv,1,0,transfermarkt
1997/98,18,1998-03-29,mariupol,zirka-kropyvnytskyi,0,0,transfermarkt
1997/98,18,1998-03-29,prykarpattia,metalurh-donetsk,0,1,transfermarkt
1997/98,19,1998-04-07,dnipro,prykarpattia,1,0,transfermarkt
1997/98,19,1998-04-07,cska-kyiv,vorskla-poltava,3,0,transfermarkt
1997/98,19,1998-04-07,karpaty-lviv,nyva-ternopil,4,1,transfermarkt
1997/98,19,1998-04-07,chornomorets-odesa,metalurh-zaporizhzhia,1,0,transfermarkt
1997/98,19,1998-04-07,zirka-kropyvnytskyi,kryvbas,3,0,transfermarkt
1997/98,19,1998-04-07,torpedo-zaporizhzhia,mariupol,1,1,transfermarkt
1997/98,19,1998-04-10,tavriya-simferopol,shakhtar-donetsk,3,3,transfermarkt
1997/98,20,1998-04-14,vorskla-poltava,karpaty-lviv,0,0,transfermarkt
1997/98,20,1998-04-14,shakhtar-donetsk,prykarpattia,4,1,transfermarkt
1997/98,20,1998-04-14,nyva-ternopil,chornomorets-odesa,1,0,transfermarkt
1997/98,20,1998-04-14,tavriya-simferopol,zirka-kropyvnytskyi,1,0,transfermarkt
1997/98,20,1998-04-14,metalurh-zaporizhzhia,metalurh-donetsk,1,0,transfermarkt
1997/98,20,1998-04-14,mariupol,cska-kyiv,2,1,transfermarkt
1997/98,20,1998-04-14,kryvbas,torpedo-zaporizhzhia,3,0,transfermarkt
1997/98,20,1998-04-14,dynamo-kyiv,dnipro,2,1,transfermarkt
1997/98,21,1998-04-20,karpaty-lviv,mariupol,4,1,transfermarkt
1997/98,21,1998-04-20,torpedo-zaporizhzhia,tavriya-simferopol,4,3,transfermarkt
1997/98,21,1998-04-20,zirka-kropyvnytskyi,shakhtar-donetsk,0,0,transfermarkt
1997/98,21,1998-04-20,dnipro,metalurh-zaporizhzhia,1,0,transfermarkt
1997/98,21,1998-04-20,metalurh-donetsk,nyva-ternopil,3,0,transfermarkt
1997/98,21,1998-04-20,chornomorets-odesa,vorskla-poltava,2,2,transfermarkt
1997/98,21,1998-04-20,cska-kyiv,kryvbas,2,1,transfermarkt
1997/98,21,1998-04-20,prykarpattia,dynamo-kyiv,0,3,transfermarkt
1997/98,22,1998-04-28,nyva-ternopil,dnipro,3,0,transfermarkt
1997/98,22,1998-04-28,vorskla-poltava,metalurh-donetsk,2,0,transfermarkt
1997/98,22,1998-04-28,kryvbas,karpaty-lviv,2,2,transfermarkt
1997/98,22,1998-04-28,mariupol,chornomorets-odesa,2,0,transfermarkt
1997/98,22,1998-04-28,tavriya-simferopol,cska-kyiv,0,0,transfermarkt
1997/98,22,1998-04-28,metalurh-zaporizhzhia,prykarpattia,3,0,transfermarkt
1997/98,22,1998-04-28,zirka-kropyvnytskyi,torpedo-zaporizhzhia,1,0,transfermarkt
1997/98,22,1998-04-28,shakhtar-donetsk,dynamo-kyiv,0,0,transfermarkt
1997/98,23,1998-05-02,karpaty-lviv,tavriya-simferopol,2,0,transfermarkt
1997/98,23,1998-05-02,chornomorets-odesa,kryvbas,0,1,transfermarkt
1997/98,23,1998-05-02,prykarpattia,nyva-ternopil,1,1,transfermarkt
1997/98,23,1998-05-02,cska-kyiv,zirka-kropyvnytskyi,1,1,transfermarkt
1997/98,23,1998-05-02,metalurh-donetsk,mariupol,2,0,transfermarkt
1997/98,23,1998-05-02,dnipro,vorskla-poltava,1,2,transfermarkt
1997/98,23,1998-05-02,torpedo-zaporizhzhia,shakhtar-donetsk,0,0,transfermarkt
1997/98,23,1998-05-02,dynamo-kyiv,metalurh-zaporizhzhia,2,1,transfermarkt
1997/98,24,1998-05-10,vorskla-poltava,prykarpattia,0,0,transfermarkt
1997/98,24,1998-05-10,zirka-kropyvnytskyi,karpaty-lviv,1,0,transfermarkt
1997/98,24,1998-05-10,torpedo-zaporizhzhia,cska-kyiv,0,1,transfermarkt
1997/98,24,1998-05-10,kryvbas,metalurh-donetsk,1,2,transfermarkt
1997/98,24,1998-05-10,mariupol,dnipro,2,0,transfermarkt
1997/98,24,1998-05-10,tavriya-simferopol,chornomorets-odesa,3,0,transfermarkt
1997/98,24,1998-05-10,nyva-ternopil,dynamo-kyiv,1,1,transfermarkt
1997/98,24,1998-05-10,shakhtar-donetsk,metalurh-zaporizhzhia,3,1,transfermarkt
1997/98,25,1998-05-18,dynamo-kyiv,vorskla-poltava,5,0,transfermarkt
1997/98,25,1998-05-18,dnipro,kryvbas,1,0,transfermarkt
1997/98,25,1998-05-18,cska-kyiv,shakhtar-donetsk,1,2,transfermarkt
1997/98,25,1998-05-18,karpaty-lviv,torpedo-zaporizhzhia,3,1,transfermarkt
1997/98,25,1998-05-18,chornomorets-odesa,zirka-kropyvnytskyi,3,0,transfermarkt
1997/98,25,1998-05-18,metalurh-donetsk,tavriya-simferopol,1,1,transfermarkt
1997/98,25,1998-05-18,metalurh-zaporizhzhia,nyva-ternopil,3,2,transfermarkt
1997/98,25,1998-05-18,prykarpattia,mariupol,2,0,transfermarkt
1997/98,16,1998-05-22,dynamo-kyiv,cska-kyiv,4,0,transfermarkt
1997/98,26,1998-05-26,shakhtar-donetsk,nyva-ternopil,5,0,transfermarkt
1997/98,26,1998-05-26,torpedo-zaporizhzhia,chornomorets-odesa,2,2,transfermarkt
1997/98,26,1998-05-26,zirka-kropyvnytskyi,metalurh-donetsk,1,0,transfermarkt
1997/98,26,1998-05-26,kryvbas,prykarpattia,2,1,transfermarkt
1997/98,26,1998-05-26,tavriya-simferopol,dnipro,1,1,transfermarkt
1997/98,26,1998-05-26,vorskla-poltava,metalurh-zaporizhzhia,1,2,transfermarkt
1997/98,26,1998-05-26,cska-kyiv,karpaty-lviv,0,2,transfermarkt
1997/98,26,1998-05-26,mariupol,dynamo-kyiv,0,2,transfermarkt
1997/98,27,1998-06-04,karpaty-lviv,shakhtar-donetsk,1,1,transfermarkt
1997/98,27,1998-06-04,chornomorets-odesa,cska-kyiv,1,0,transfermarkt
1997/98,27,1998-06-04,prykarpattia,tavriya-simferopol,2,0,transfermarkt
1997/98,27,1998-06-04,metalurh-zaporizhzhia,mariupol,2,0,transfermarkt
1997/98,27,1998-06-04,metalurh-donetsk,torpedo-zaporizhzhia,2,0,transfermarkt
1997/98,27,1998-06-04,dnipro,zirka-kropyvnytskyi,3,0,transfermarkt
1997/98,27,1998-06-04,nyva-ternopil,vorskla-poltava,1,2,transfermarkt
1997/98,27,1998-06-04,dynamo-kyiv,kryvbas,2,0,transfermarkt
1997/98,28,1998-06-08,tavriya-simferopol,dynamo-kyiv,0,3,transfermarkt
1997/98,28,1998-06-08,shakhtar-donetsk,vorskla-poltava,3,2,transfermarkt
1997/98,28,1998-06-08,torpedo-zaporizhzhia,dnipro,2,2,transfermarkt
1997/98,28,1998-06-08,karpaty-lviv,chornomorets-odesa,2,0,transfermarkt
1997/98,28,1998-06-08,mariupol,nyva-ternopil,3,0,transfermarkt;forfeit?
1997/98,28,1998-06-08,kryvbas,metalurh-zaporizhzhia,2,1,transfermarkt
1997/98,28,1998-06-08,zirka-kropyvnytskyi,prykarpattia,1,1,transfermarkt
1997/98,28,1998-06-08,cska-kyiv,metalurh-donetsk,3,2,transfermarkt
1997/98,29,1998-06-12,dynamo-kyiv,zirka-kropyvnytskyi,4,1,transfermarkt
1997/98,29,1998-06-12,chornomorets-odesa,shakhtar-donetsk,1,3,transfermarkt
1997/98,29,1998-06-12,dnipro,cska-kyiv,2,1,transfermarkt
1997/98,29,1998-06-12,vorskla-poltava,mariupol,0,2,transfermarkt
1997/98,29,1998-06-12,metalurh-donetsk,karpaty-lviv,0,1,transfermarkt
1997/98,29,1998-06-12,metalurh-zaporizhzhia,tavriya-simferopol,1,1,transfermarkt
1997/98,29,1998-06-12,prykarpattia,torpedo-zaporizhzhia,3,2,transfermarkt
1997/98,29,1998-06-12,nyva-ternopil,kryvbas,0,2,transfermarkt
1997/98,30,1998-06-16,dynamo-kyiv,torpedo-zaporizhzhia,3,0,transfermarkt
1997/98,30,1998-06-16,shakhtar-donetsk,mariupol,2,2,transfermarkt
1997/98,30,1998-06-16,karpaty-lviv,dnipro,0,0,transfermarkt
1997/98,30,1998-06-16,kryvbas,vorskla-poltava,3,2,transfermarkt
1997/98,30,1998-06-16,chornomorets-odesa,metalurh-donetsk,2,1,transfermarkt
1997/98,30,1998-06-16,tavriya-simferopol,nyva-ternopil,2,0,transfermarkt
1997/98,30,1998-06-16,metalurh-zaporizhzhia,zirka-kropyvnytskyi,4,2,transfermarkt
1997/98,30,1998-06-16,cska-kyiv,prykarpattia,0,1,transfermarkt
1997/98,19,1998-06-18,metalurh-donetsk,dynamo-kyiv,1,0,transfermarkt
1998/99,1,1998-07-07,kryvbas,zirka-kropyvnytskyi,1,0,transfermarkt
1998/99,1,1998-07-07,metalurh-donetsk,dnipro,2,0,transfermarkt
1998/99,1,1998-07-07,tavriya-simferopol,shakhtar-donetsk,2,1,transfermarkt
1998/99,1,1998-07-07,mykolaiv,nyva-ternopil,0,1,transfermarkt
1998/99,1,1998-07-07,mariupol,metalist-kharkiv,2,0,transfermarkt
1998/99,1,1998-07-07,dynamo-kyiv,karpaty-lviv,0,0,transfermarkt
1998/99,1,1998-07-07,metalurh-zaporizhzhia,cska-kyiv,1,0,transfermarkt
1998/99,1,1998-07-08,prykarpattia,vorskla-poltava,1,0,transfermarkt
1998/99,2,1998-07-11,zirka-kropyvnytskyi,metalurh-donetsk,3,1,transfermarkt
1998/99,2,1998-07-11,dnipro,tavriya-simferopol,1,0,transfermarkt
1998/99,2,1998-07-11,shakhtar-donetsk,mykolaiv,7,0,transfermarkt
1998/99,2,1998-07-11,nyva-ternopil,mariupol,1,0,transfermarkt
1998/99,2,1998-07-11,metalist-kharkiv,dynamo-kyiv,1,6,transfermarkt
1998/99,2,1998-07-11,cska-kyiv,karpaty-lviv,3,3,transfermarkt
1998/99,2,1998-07-11,metalurh-zaporizhzhia,prykarpattia,1,1,transfermarkt
1998/99,2,1998-07-15,vorskla-poltava,kryvbas,0,0,transfermarkt
1998/99,3,1998-07-18,tavriya-simferopol,zirka-kropyvnytskyi,1,0,transfermarkt
1998/99,3,1998-07-18,mykolaiv,dnipro,2,0,transfermarkt
1998/99,3,1998-07-18,mariupol,shakhtar-donetsk,0,1,transfermarkt
1998/99,3,1998-07-18,dynamo-kyiv,nyva-ternopil,1,0,transfermarkt
1998/99,3,1998-07-18,karpaty-lviv,metalist-kharkiv,0,1,transfermarkt
1998/99,3,1998-07-18,kryvbas,metalurh-zaporizhzhia,4,0,transfermarkt
1998/99,3,1998-07-18,prykarpattia,cska-kyiv,2,4,transfermarkt
1998/99,4,1998-07-26,zirka-kropyvnytskyi,mykolaiv,1,1,transfermarkt
1998/99,4,1998-07-26,dnipro,mariupol,1,0,transfermarkt
1998/99,4,1998-07-26,nyva-ternopil,karpaty-lviv,0,0,transfermarkt
1998/99,4,1998-07-26,cska-kyiv,metalist-kharkiv,2,1,transfermarkt
1998/99,4,1998-07-26,metalurh-zaporizhzhia,metalurh-donetsk,0,0,transfermarkt
1998/99,4,1998-07-26,prykarpattia,kryvbas,2,2,transfermarkt
1998/99,5,1998-08-02,tavriya-simferopol,metalurh-zaporizhzhia,2,3,transfermarkt
1998/99,5,1998-08-02,kryvbas,cska-kyiv,0,0,transfermarkt
1998/99,5,1998-08-02,mykolaiv,vorskla-poltava,1,0,transfermarkt
1998/99,5,1998-08-02,mariupol,zirka-kropyvnytskyi,0,0,transfermarkt
1998/99,5,1998-08-02,dynamo-kyiv,dnipro,2,3,transfermarkt
1998/99,5,1998-08-02,karpaty-lviv,shakhtar-donetsk,1,0,transfermarkt
1998/99,5,1998-08-02,metalist-kharkiv,nyva-ternopil,2,1,transfermarkt
1998/99,5,1998-08-02,metalurh-donetsk,prykarpattia,1,0,transfermarkt
1998/99,6,1998-08-06,zirka-kropyvnytskyi,dynamo-kyiv,0,5,transfermarkt
1998/99,6,1998-08-06,shakhtar-donetsk,metalist-kharkiv,3,1,transfermarkt
1998/99,6,1998-08-08,metalurh-zaporizhzhia,mykolaiv,4,1,transfermarkt
1998/99,6,1998-08-08,kryvbas,metalurh-donetsk,2,0,transfermarkt
1998/99,6,1998-08-08,dnipro,karpaty-lviv,0,2,transfermarkt
1998/99,6,1998-08-08,cska-kyiv,nyva-ternopil,0,0,transfermarkt
1998/99,6,1998-08-08,vorskla-poltava,mariupol,0,1,transfermarkt
1998/99,6,1998-08-08,prykarpattia,tavriya-simferopol,0,2,transfermarkt
1998/99,7,1998-08-16,dynamo-kyiv,vorskla-poltava,4,0,transfermarkt
1998/99,7,1998-08-16,mariupol,metalurh-zaporizhzhia,4,2,transfermarkt
1998/99,7,1998-08-16,tavriya-simferopol,kryvbas,0,2,transfermarkt
1998/99,7,1998-08-16,karpaty-lviv,zirka-kropyvnytskyi,2,1,transfermarkt
1998/99,7,1998-08-16,mykolaiv,prykarpattia,1,1,transfermarkt
1998/99,7,1998-08-17,metalurh-donetsk,cska-kyiv,2,2,transfermarkt
1998/99,8,1998-08-22,vorskla-poltava,karpaty-lviv,0,0,transfermarkt
1998/99,8,1998-08-22,kryvbas,mykolaiv,0,0,transfermarkt
1998/99,8,1998-08-22,metalurh-donetsk,tavriya-simferopol,2,0,transfermarkt
1998/99,8,1998-08-22,zirka-kropyvnytskyi,metalist-kharkiv,2,0,transfermarkt
1998/99,8,1998-08-22,dnipro,nyva-ternopil,4,0,transfermarkt
1998/99,8,1998-08-22,prykarpattia,mariupol,0,3,transfermarkt
1998/99,9,1998-08-30,shakhtar-donetsk,dnipro,6,0,transfermarkt
1998/99,9,1998-08-30,karpaty-lviv,metalurh-zaporizhzhia,1,1,transfermarkt
1998/99,9,1998-08-30,mariupol,kryvbas,0,0,transfermarkt
1998/99,9,1998-08-30,mykolaiv,metalurh-donetsk,0,1,transfermarkt
1998/99,9,1998-08-30,metalist-kharkiv,vorskla-poltava,2,4,transfermarkt
1998/99,9,1998-08-30,nyva-ternopil,zirka-kropyvnytskyi,3,2,transfermarkt
1998/99,9,1998-08-30,dynamo-kyiv,prykarpattia,7,0,transfermarkt
1998/99,9,1998-08-31,tavriya-simferopol,cska-kyiv,1,1,transfermarkt
1998/99,3,1998-09-03,metalurh-donetsk,vorskla-poltava,0,0,transfermarkt
1998/99,4,1998-09-07,vorskla-poltava,tavriya-simferopol,2,2,transfermarkt
1998/99,10,1998-09-10,kryvbas,dynamo-kyiv,0,0,transfermarkt
1998/99,10,1998-09-10,zirka-kropyvnytskyi,shakhtar-donetsk,0,2,transfermarkt
1998/99,10,1998-09-12,metalurh-zaporizhzhia,metalist-kharkiv,3,2,transfermarkt
1998/99,10,1998-09-12,metalurh-donetsk,mariupol,1,1,transfermarkt
1998/99,10,1998-09-12,tavriya-simferopol,mykolaiv,2,0,transfermarkt
1998/99,10,1998-09-12,vorskla-poltava,nyva-ternopil,2,1,transfermarkt
1998/99,10,1998-09-12,cska-kyiv,dnipro,1,0,transfermarkt
1998/99,10,1998-09-12,prykarpattia,karpaty-lviv,0,2,transfermarkt
1998/99,7,1998-09-16,nyva-ternopil,shakhtar-donetsk,0,3,transfermarkt
1998/99,11,1998-09-19,mariupol,tavriya-simferopol,2,0,transfermarkt
1998/99,11,1998-09-20,nyva-ternopil,metalurh-zaporizhzhia,1,0,transfermarkt
1998/99,11,1998-09-20,karpaty-lviv,kryvbas,2,1,transfermarkt
1998/99,11,1998-09-20,dynamo-kyiv,metalurh-donetsk,3,0,transfermarkt
1998/99,11,1998-09-20,shakhtar-donetsk,vorskla-poltava,7,3,transfermarkt
1998/99,11,1998-09-20,dnipro,zirka-kropyvnytskyi,1,1,transfermarkt
1998/99,11,1998-09-20,metalist-kharkiv,prykarpattia,1,0,transfermarkt
1998/99,11,1998-09-21,mykolaiv,cska-kyiv,2,3,transfermarkt
1998/99,12,1998-09-24,tavriya-simferopol,dynamo-kyiv,3,3,transfermarkt
1998/99,12,1998-09-24,metalurh-zaporizhzhia,shakhtar-donetsk,2,3,transfermarkt
1998/99,12,1998-09-26,prykarpattia,nyva-ternopil,1,1,transfermarkt
1998/99,12,1998-09-26,kryvbas,metalist-kharkiv,1,0,transfermarkt
1998/99,12,1998-09-26,metalurh-donetsk,karpaty-lviv,4,3,transfermarkt
1998/99,12,1998-09-26,mykolaiv,mariupol,1,2,transfermarkt
1998/99,12,1998-09-26,cska-kyiv,zirka-kropyvnytskyi,0,0,transfermarkt
1998/99,12,1998-09-26,vorskla-poltava,dnipro,1,0,transfermarkt
1998/99,7,1998-09-30,metalist-kharkiv,dnipro,2,0,transfermarkt
1998/99,13,1998-10-04,dnipro,metalurh-zaporizhzhia,1,4,transfermarkt
1998/99,13,1998-10-04,shakhtar-donetsk,prykarpattia,6,1,transfermarkt
1998/99,13,1998-10-04,nyva-ternopil,kryvbas,1,2,transfermarkt
1998/99,13,1998-10-04,metalist-kharkiv,metalurh-donetsk,1,0,transfermarkt
1998/99,13,1998-10-04,karpaty-lviv,tavriya-simferopol,2,1,transfermarkt
1998/99,13,1998-10-04,dynamo-kyiv,mykolaiv,2,1,transfermarkt
1998/99,13,1998-10-04,zirka-kropyvnytskyi,vorskla-poltava,1,0,transfermarkt
1998/99,13,1998-10-05,mariupol,cska-kyiv,1,1,transfermarkt
1998/99,8,1998-10-20,cska-kyiv,shakhtar-donetsk,0,1,transfermarkt
1998/99,14,1998-10-25,metalurh-zaporizhzhia,zirka-kropyvnytskyi,1,0,transfermarkt
1998/99,14,1998-10-25,prykarpattia,dnipro,3,0,transfermarkt
1998/99,14,1998-10-25,kryvbas,shakhtar-donetsk,1,0,transfermarkt
1998/99,14,1998-10-25,metalurh-donetsk,nyva-ternopil,2,1,transfermarkt
1998/99,14,1998-10-25,tavriya-simferopol,metalist-kharkiv,0,1,transfermarkt
1998/99,14,1998-10-25,mykolaiv,karpaty-lviv,0,3,transfermarkt
1998/99,14,1998-10-25,mariupol,dynamo-kyiv,1,2,transfermarkt
1998/99,14,1998-10-26,cska-kyiv,vorskla-poltava,2,1,transfermarkt
1998/99,15,1998-10-30,shakhtar-donetsk,metalurh-donetsk,4,2,transfermarkt
1998/99,15,1998-10-30,dynamo-kyiv,cska-kyiv,2,0,transfermarkt
1998/99,15,1998-10-31,vorskla-poltava,metalurh-zaporizhzhia,3,0,transfermarkt
1998/99,15,1998-10-31,zirka-kropyvnytskyi,prykarpattia,2,1,transfermarkt
1998/99,15,1998-10-31,dnipro,kryvbas,2,1,transfermarkt
1998/99,15,1998-10-31,nyva-ternopil,tavriya-simferopol,0,0,transfermarkt
1998/99,15,1998-10-31,metalist-kharkiv,mykolaiv,0,0,transfermarkt
1998/99,15,1998-10-31,karpaty-lviv,mariupol,3,1,transfermarkt
1998/99,4,1998-11-29,dynamo-kyiv,shakhtar-donetsk,2,1,transfermarkt
1998/99,8,1998-12-03,dynamo-kyiv,metalurh-zaporizhzhia,6,2,transfermarkt
1998/99,16,1999-03-07,metalurh-donetsk,shakhtar-donetsk,0,4,transfermarkt
1998/99,16,1999-03-07,metalurh-zaporizhzhia,vorskla-poltava,0,1,transfermarkt
1998/99,16,1999-03-07,prykarpattia,zirka-kropyvnytskyi,1,0,transfermarkt
1998/99,16,1999-03-07,kryvbas,dnipro,2,1,transfermarkt
1998/99,16,1999-03-07,tavriya-simferopol,nyva-ternopil,1,0,transfermarkt
1998/99,16,1999-03-07,mykolaiv,metalist-kharkiv,0,2,transfermarkt
1998/99,16,1999-03-07,mariupol,karpaty-lviv,4,2,transfermarkt
1998/99,17,1999-03-11,dynamo-kyiv,mariupol,2,0,transfermarkt
1998/99,17,1999-03-11,dnipro,prykarpattia,0,0,transfermarkt
1998/99,17,1999-03-11,shakhtar-donetsk,kryvbas,1,1,transfermarkt
1998/99,17,1999-03-13,zirka-kropyvnytskyi,metalurh-zaporizhzhia,1,0,transfermarkt
1998/99,17,1999-03-13,nyva-ternopil,metalurh-donetsk,3,2,transfermarkt
1998/99,17,1999-03-13,metalist-kharkiv,tavriya-simferopol,1,0,transfermarkt
1998/99,17,1999-03-13,karpaty-lviv,mykolaiv,5,1,transfermarkt
1998/99,17,1999-03-13,vorskla-poltava,cska-kyiv,1,0,transfermarkt
1998/99,18,1999-03-15,prykarpattia,shakhtar-donetsk,1,3,transfermarkt
1998/99,18,1999-03-21,kryvbas,nyva-ternopil,2,1,transfermarkt
1998/99,18,1999-03-21,metalurh-donetsk,metalist-kharkiv,0,0,transfermarkt
1998/99,18,1999-03-21,tavriya-simferopol,karpaty-lviv,1,1,transfermarkt
1998/99,19,1999-04-03,dynamo-kyiv,tavriya-simferopol,0,0,transfermarkt
1998/99,19,1999-04-03,shakhtar-donetsk,metalurh-zaporizhzhia,2,1,transfermarkt
1998/99,19,1999-04-03,nyva-ternopil,prykarpattia,3,1,transfermarkt
1998/99,19,1999-04-03,metalist-kharkiv,kryvbas,0,0,transfermarkt
1998/99,19,1999-04-03,karpaty-lviv,metalurh-donetsk,2,0,transfermarkt
1998/99,19,1999-04-03,mariupol,mykolaiv,3,0,transfermarkt
1998/99,19,1999-04-03,zirka-kropyvnytskyi,cska-kyiv,1,1,transfermarkt
1998/99,19,1999-04-03,dnipro,vorskla-poltava,2,0,transfermarkt
1998/99,20,1999-04-10,metalurh-zaporizhzhia,nyva-ternopil,2,1,transfermarkt
1998/99,20,1999-04-10,prykarpattia,metalist-kharkiv,1,2,transfermarkt
1998/99,20,1999-04-10,kryvbas,karpaty-lviv,0,0,transfermarkt
1998/99,20,1999-04-10,tavriya-simferopol,mariupol,0,2,transfermarkt
1998/99,20,1999-04-10,vorskla-poltava,shakhtar-donetsk,1,2,transfermarkt
1998/99,20,1999-04-10,zirka-kropyvnytskyi,dnipro,2,0,transfermarkt
1998/99,20,1999-04-10,cska-kyiv,mykolaiv,2,0,transfermarkt
1998/99,20,1999-04-12,metalurh-donetsk,dynamo-kyiv,1,4,transfermarkt
1998/99,21,1999-04-16,dynamo-kyiv,kryvbas,1,0,transfermarkt
1998/99,21,1999-04-17,shakhtar-donetsk,zirka-kropyvnytskyi,1,2,transfermarkt
1998/99,21,1999-04-17,metalist-kharkiv,metalurh-zaporizhzhia,1,0,transfermarkt
1998/99,21,1999-04-17,karpaty-lviv,prykarpattia,3,0,transfermarkt
1998/99,21,1999-04-17,mariupol,metalurh-donetsk,0,0,transfermarkt
1998/99,21,1999-04-17,mykolaiv,tavriya-simferopol,1,2,transfermarkt
1998/99,21,1999-04-17,nyva-ternopil,vorskla-poltava,2,2,transfermarkt
1998/99,21,1999-04-17,dnipro,cska-kyiv,0,1,transfermarkt
1998/99,22,1999-04-24,dnipro,shakhtar-donetsk,1,2,transfermarkt
1998/99,22,1999-04-24,metalurh-zaporizhzhia,karpaty-lviv,3,1,transfermarkt
1998/99,22,1999-04-24,kryvbas,mariupol,3,1,transfermarkt
1998/99,22,1999-04-24,metalurh-donetsk,mykolaiv,0,0,transfermarkt
1998/99,22,1999-04-24,vorskla-poltava,metalist-kharkiv,1,2,transfermarkt
1998/99,22,1999-04-24,zirka-kropyvnytskyi,nyva-ternopil,1,0,transfermarkt
1998/99,22,1999-04-24,cska-kyiv,tavriya-simferopol,3,0,transfermarkt
1998/99,22,1999-04-25,prykarpattia,dynamo-kyiv,0,1,transfermarkt
1998/99,23,1999-05-02,shakhtar-donetsk,cska-kyiv,1,0,transfermarkt
1998/99,23,1999-05-02,metalurh-zaporizhzhia,dynamo-kyiv,1,3,transfermarkt
1998/99,23,1999-05-02,karpaty-lviv,vorskla-poltava,2,1,transfermarkt
1998/99,23,1999-05-02,mariupol,prykarpattia,2,1,transfermarkt
1998/99,23,1999-05-02,mykolaiv,kryvbas,0,4,transfermarkt
1998/99,23,1999-05-02,tavriya-simferopol,metalurh-donetsk,3,2,transfermarkt
1998/99,23,1999-05-02,metalist-kharkiv,zirka-kropyvnytskyi,3,0,transfermarkt
1998/99,23,1999-05-02,nyva-ternopil,dnipro,0,0,transfermarkt
1998/99,24,1999-05-08,prykarpattia,mykolaiv,2,1,transfermarkt
1998/99,24,1999-05-09,metalurh-zaporizhzhia,mariupol,3,0,transfermarkt
1998/99,24,1999-05-09,kryvbas,tavriya-simferopol,1,1,transfermarkt
1998/99,24,1999-05-09,dnipro,metalist-kharkiv,0,0,transfermarkt
1998/99,24,1999-05-09,cska-kyiv,metalurh-donetsk,2,1,transfermarkt
1998/99,24,1999-05-10,vorskla-poltava,dynamo-kyiv,0,2,transfermarkt
1998/99,24,1999-05-10,shakhtar-donetsk,nyva-ternopil,1,1,transfermarkt
1998/99,24,1999-05-10,zirka-kropyvnytskyi,karpaty-lviv,2,2,transfermarkt
1998/99,25,1999-05-14,dynamo-kyiv,zirka-kropyvnytskyi,1,0,transfermarkt
1998/99,25,1999-05-14,metalist-kharkiv,shakhtar-donetsk,1,1,transfermarkt
1998/99,25,1999-05-14,tavriya-simferopol,prykarpattia,3,0,transfermarkt
1998/99,25,1999-05-14,metalurh-donetsk,kryvbas,0,2,transfermarkt
1998/99,25,1999-05-14,nyva-ternopil,cska-kyiv,1,2,transfermarkt
1998/99,25,1999-05-14,mariupol,vorskla-poltava,1,0,transfermarkt
1998/99,25,1999-05-14,mykolaiv,metalurh-zaporizhzhia,0,4,transfermarkt
1998/99,26,1999-05-18,metalurh-zaporizhzhia,tavriya-simferopol,3,0,transfermarkt
1998/99,26,1999-05-18,prykarpattia,metalurh-donetsk,2,1,transfermarkt
1998/99,26,1999-05-18,cska-kyiv,kryvbas,1,2,transfermarkt
1998/99,26,1999-05-18,vorskla-poltava,mykolaiv,2,1,transfermarkt
1998/99,26,1999-05-18,zirka-kropyvnytskyi,mariupol,0,1,transfermarkt
1998/99,26,1999-05-18,dnipro,dynamo-kyiv,0,1,transfermarkt
1998/99,26,1999-05-18,shakhtar-donetsk,karpaty-lviv,1,1,transfermarkt
1998/99,26,1999-05-18,nyva-ternopil,metalist-kharkiv,2,0,transfermarkt
1998/99,27,1999-05-22,tavriya-simferopol,vorskla-poltava,2,0,transfermarkt
1998/99,27,1999-05-22,mykolaiv,zirka-kropyvnytskyi,2,2,transfermarkt
1998/99,27,1999-05-22,mariupol,dnipro,0,1,transfermarkt
1998/99,27,1999-05-22,shakhtar-donetsk,dynamo-kyiv,0,0,transfermarkt
1998/99,27,1999-05-22,karpaty-lviv,nyva-ternopil,1,0,transfermarkt
1998/99,27,1999-05-22,metalist-kharkiv,cska-kyiv,1,0,transfermarkt
1998/99,27,1999-05-22,metalurh-donetsk,metalurh-zaporizhzhia,0,2,transfermarkt
1998/99,27,1999-05-22,kryvbas,prykarpattia,2,0,transfermarkt
1998/99,16,1999-05-27,cska-kyiv,dynamo-kyiv,0,4,transfermarkt
1998/99,28,1999-05-29,vorskla-poltava,metalurh-donetsk,2,0,transfermarkt
1998/99,28,1999-05-29,zirka-kropyvnytskyi,tavriya-simferopol,3,1,transfermarkt
1998/99,28,1999-05-29,shakhtar-donetsk,mariupol,1,0,transfermarkt
1998/99,28,1999-05-29,metalurh-zaporizhzhia,kryvbas,1,1,transfermarkt
1998/99,28,1999-05-31,dnipro,mykolaiv,2,1,transfermarkt
1998/99,28,1999-05-31,cska-kyiv,prykarpattia,1,2,transfermarkt
1998/99,18,1999-06-13,mykolaiv,dynamo-kyiv,0,4,transfermarkt
1998/99,18,1999-06-13,vorskla-poltava,zirka-kropyvnytskyi,4,2,transfermarkt
1998/99,18,1999-06-13,cska-kyiv,mariupol,1,1,transfermarkt
1998/99,25,1999-06-13,karpaty-lviv,dnipro,4,1,transfermarkt
1998/99,29,1999-06-17,kryvbas,vorskla-poltava,3,1,transfermarkt
1998/99,29,1999-06-17,metalurh-donetsk,zirka-kropyvnytskyi,1,0,transfermarkt
1998/99,29,1999-06-17,tavriya-simferopol,dnipro,3,0,transfermarkt
1998/99,29,1999-06-17,mykolaiv,shakhtar-donetsk,0,3,transfermarkt
1998/99,29,1999-06-17,mariupol,nyva-ternopil,1,0,transfermarkt
1998/99,29,1999-06-17,dynamo-kyiv,metalist-kharkiv,1,0,transfermarkt
1998/99,29,1999-06-17,karpaty-lviv,cska-kyiv,3,3,transfermarkt
1998/99,29,1999-06-17,prykarpattia,metalurh-zaporizhzhia,0,0,transfermarkt
1998/99,18,1999-06-21,metalurh-zaporizhzhia,dnipro,2,2,transfermarkt
1998/99,28,1999-06-21,nyva-ternopil,dynamo-kyiv,1,5,transfermarkt
1998/99,28,1999-06-21,metalist-kharkiv,karpaty-lviv,3,1,transfermarkt
1998/99,30,1999-06-21,zirka-kropyvnytskyi,kryvbas,2,3,transfermarkt
1998/99,30,1999-06-21,shakhtar-donetsk,tavriya-simferopol,2,0,transfermarkt
1998/99,30,1999-06-25,cska-kyiv,metalurh-zaporizhzhia,1,0,transfermarkt
1998/99,30,1999-06-25,dnipro,metalurh-donetsk,5,1,transfermarkt
1998/99,30,1999-06-25,nyva-ternopil,mykolaiv,3,1,transfermarkt
1998/99,30,1999-06-25,metalist-kharkiv,mariupol,0,1,transfermarkt
1998/99,30,1999-06-25,karpaty-lviv,dynamo-kyiv,2,1,transfermarkt
1998/99,30,1999-06-25,vorskla-poltava,prykarpattia,4,0,transfermarkt
1999/00,1,1999-07-12,mariupol,chornomorets-odesa,5,0,transfermarkt
1999/00,1,1999-07-12,kryvbas,dynamo-kyiv,1,1,transfermarkt
1999/00,1,1999-07-12,vorskla-poltava,dnipro,4,0,transfermarkt
1999/00,1,1999-07-12,metalurh-zaporizhzhia,tavriya-simferopol,3,2,transfermarkt
1999/00,1,1999-07-12,nyva-ternopil,karpaty-lviv,1,2,transfermarkt
1999/00,1,1999-07-12,cska-kyiv,metalist-kharkiv,0,1,transfermarkt
1999/00,1,1999-07-12,prykarpattia,metalurh-donetsk,1,1,transfermarkt
1999/00,1,1999-07-12,shakhtar-donetsk,zirka-kropyvnytskyi,1,0,transfermarkt
1999/00,2,1999-07-16,dynamo-kyiv,metalist-kharkiv,2,1,transfermarkt
1999/00,2,1999-07-16,karpaty-lviv,cska-kyiv,1,0,transfermarkt
1999/00,2,1999-07-16,chornomorets-odesa,nyva-ternopil,1,0,transfermarkt
1999/00,2,1999-07-16,metalurh-donetsk,mariupol,2,1,transfermarkt
1999/00,2,1999-07-16,tavriya-simferopol,shakhtar-donetsk,0,3,transfermarkt
1999/00,2,1999-07-16,dnipro,metalurh-zaporizhzhia,0,2,transfermarkt
1999/00,2,1999-07-16,kryvbas,vorskla-poltava,4,0,transfermarkt
1999/00,2,1999-07-16,zirka-kropyvnytskyi,prykarpattia,1,1,transfermarkt
1999/00,3,1999-07-20,vorskla-poltava,dynamo-kyiv,1,2,transfermarkt
1999/00,3,1999-07-20,metalurh-zaporizhzhia,kryvbas,1,2,transfermarkt
1999/00,3,1999-07-20,shakhtar-donetsk,dnipro,2,0,transfermarkt
1999/00,3,1999-07-20,nyva-ternopil,metalurh-donetsk,3,0,transfermarkt
1999/00,3,1999-07-20,cska-kyiv,chornomorets-odesa,3,0,transfermarkt
1999/00,3,1999-07-20,metalist-kharkiv,karpaty-lviv,1,0,transfermarkt
1999/00,3,1999-07-20,prykarpattia,tavriya-simferopol,0,2,transfermarkt
1999/00,3,1999-07-20,mariupol,zirka-kropyvnytskyi,3,0,transfermarkt
1999/00,4,1999-07-24,dynamo-kyiv,karpaty-lviv,3,0,transfermarkt
1999/00,4,1999-07-24,chornomorets-odesa,metalist-kharkiv,0,1,transfermarkt
1999/00,4,1999-07-24,metalurh-donetsk,cska-kyiv,0,0,transfermarkt
1999/00,4,1999-07-24,tavriya-simferopol,mariupol,1,0,transfermarkt
1999/00,4,1999-07-24,kryvbas,shakhtar-donetsk,1,0,transfermarkt
1999/00,4,1999-07-24,vorskla-poltava,metalurh-zaporizhzhia,3,0,transfermarkt
1999/00,4,1999-07-24,dnipro,prykarpattia,1,1,transfermarkt
1999/00,4,1999-07-24,zirka-kropyvnytskyi,nyva-ternopil,1,1,transfermarkt
1999/00,5,1999-08-01,shakhtar-donetsk,vorskla-poltava,0,0,transfermarkt
1999/00,5,1999-08-01,mariupol,dnipro,3,2,transfermarkt
1999/00,5,1999-08-01,nyva-ternopil,tavriya-simferopol,1,1,transfermarkt
1999/00,5,1999-08-01,metalist-kharkiv,metalurh-donetsk,2,1,transfermarkt
1999/00,5,1999-08-01,karpaty-lviv,chornomorets-odesa,5,0,transfermarkt
1999/00,5,1999-08-01,prykarpattia,kryvbas,1,3,transfermarkt
1999/00,5,1999-08-01,cska-kyiv,zirka-kropyvnytskyi,3,0,transfermarkt
1999/00,6,1999-08-06,metalurh-zaporizhzhia,shakhtar-donetsk,1,0,transfermarkt
1999/00,6,1999-08-07,dynamo-kyiv,chornomorets-odesa,4,1,transfermarkt
1999/00,6,1999-08-07,metalurh-donetsk,karpaty-lviv,2,1,transfermarkt
1999/00,6,1999-08-07,tavriya-simferopol,cska-kyiv,1,2,transfermarkt
1999/00,6,1999-08-07,dnipro,nyva-ternopil,1,1,transfermarkt
1999/00,6,1999-08-07,kryvbas,mariupol,2,1,transfermarkt
1999/00,6,1999-08-07,vorskla-poltava,prykarpattia,2,0,transfermarkt
1999/00,6,1999-08-07,zirka-kropyvnytskyi,metalist-kharkiv,2,2,transfermarkt
1999/00,7,1999-08-15,mariupol,vorskla-poltava,2,1,transfermarkt
1999/00,7,1999-08-15,metalist-kharkiv,tavriya-simferopol,2,1,transfermarkt
1999/00,7,1999-08-15,chornomorets-odesa,metalurh-donetsk,0,1,transfermarkt
1999/00,7,1999-08-15,prykarpattia,metalurh-zaporizhzhia,0,0,transfermarkt
1999/00,7,1999-08-15,karpaty-lviv,zirka-kropyvnytskyi,3,0,transfermarkt
1999/00,8,1999-08-20,kryvbas,cska-kyiv,2,1,transfermarkt
1999/00,8,1999-08-21,dynamo-kyiv,metalurh-donetsk,1,0,transfermarkt
1999/00,8,1999-08-21,tavriya-simferopol,karpaty-lviv,4,1,transfermarkt
1999/00,8,1999-08-21,dnipro,metalist-kharkiv,1,0,transfermarkt
1999/00,8,1999-08-21,vorskla-poltava,nyva-ternopil,4,2,transfermarkt
1999/00,8,1999-08-21,metalurh-zaporizhzhia,mariupol,2,1,transfermarkt
1999/00,8,1999-08-21,shakhtar-donetsk,prykarpattia,1,0,transfermarkt
1999/00,8,1999-08-21,zirka-kropyvnytskyi,chornomorets-odesa,0,0,transfermarkt
1999/00,10,1999-08-25,vorskla-poltava,metalist-kharkiv,3,1,transfermarkt
1999/00,9,1999-08-29,nyva-ternopil,metalurh-zaporizhzhia,0,3,transfermarkt
1999/00,9,1999-08-29,cska-kyiv,vorskla-poltava,1,1,transfermarkt
1999/00,9,1999-08-29,karpaty-lviv,dnipro,4,0,transfermarkt
1999/00,9,1999-08-29,chornomorets-odesa,tavriya-simferopol,1,2,transfermarkt
1999/00,9,1999-08-29,metalurh-donetsk,zirka-kropyvnytskyi,2,0,transfermarkt
1999/00,10,1999-09-25,tavriya-simferopol,metalurh-donetsk,1,1,transfermarkt
1999/00,10,1999-09-25,dnipro,chornomorets-odesa,1,1,transfermarkt
1999/00,10,1999-09-25,kryvbas,karpaty-lviv,2,1,transfermarkt
1999/00,10,1999-09-25,metalurh-zaporizhzhia,cska-kyiv,2,2,transfermarkt
1999/00,10,1999-09-25,shakhtar-donetsk,nyva-ternopil,5,0,transfermarkt
1999/00,10,1999-09-25,prykarpattia,mariupol,3,0,transfermarkt
1999/00,10,1999-09-25,dynamo-kyiv,zirka-kropyvnytskyi,3,0,transfermarkt
1999/00,11,1999-10-03,mariupol,dynamo-kyiv,2,3,transfermarkt
1999/00,11,1999-10-03,metalist-kharkiv,metalurh-zaporizhzhia,0,0,transfermarkt
1999/00,11,1999-10-03,metalurh-donetsk,dnipro,5,1,transfermarkt
1999/00,11,1999-10-03,zirka-kropyvnytskyi,tavriya-simferopol,2,2,transfermarkt
1999/00,11,1999-10-06,nyva-ternopil,prykarpattia,3,1,transfermarkt
1999/00,7,1999-10-12,nyva-ternopil,kryvbas,3,3,transfermarkt
1999/00,12,1999-10-15,dynamo-kyiv,tavriya-simferopol,2,0,transfermarkt
1999/00,12,1999-10-16,kryvbas,metalurh-donetsk,0,0,transfermarkt
1999/00,12,1999-10-16,vorskla-poltava,chornomorets-odesa,4,0,transfermarkt
1999/00,12,1999-10-16,metalurh-zaporizhzhia,karpaty-lviv,3,1,transfermarkt
1999/00,12,1999-10-16,shakhtar-donetsk,metalist-kharkiv,3,1,transfermarkt
1999/00,12,1999-10-16,mariupol,nyva-ternopil,2,1,transfermarkt
1999/00,12,1999-10-16,prykarpattia,cska-kyiv,0,0,transfermarkt
1999/00,12,1999-10-16,dnipro,zirka-kropyvnytskyi,2,0,transfermarkt
1999/00,7,1999-10-20,dnipro,cska-kyiv,2,1,transfermarkt
1999/00,9,1999-10-20,mariupol,shakhtar-donetsk,1,2,transfermarkt
1999/00,13,1999-10-23,nyva-ternopil,dynamo-kyiv,0,1,transfermarkt
1999/00,13,1999-10-24,cska-kyiv,mariupol,1,1,transfermarkt
1999/00,13,1999-10-24,karpaty-lviv,shakhtar-donetsk,1,0,transfermarkt
1999/00,13,1999-10-24,chornomorets-odesa,metalurh-zaporizhzhia,1,0,transfermarkt
1999/00,13,1999-10-24,metalurh-donetsk,vorskla-poltava,2,3,transfermarkt
1999/00,13,1999-10-24,tavriya-simferopol,dnipro,1,1,transfermarkt
1999/00,13,1999-10-24,metalist-kharkiv,prykarpattia,2,0,transfermarkt
1999/00,13,1999-10-24,zirka-kropyvnytskyi,kryvbas,0,3,transfermarkt
1999/00,11,1999-10-28,cska-kyiv,shakhtar-donetsk,1,0,transfermarkt
1999/00,11,1999-10-28,karpaty-lviv,vorskla-poltava,3,1,transfermarkt
1999/00,11,1999-10-28,chornomorets-odesa,kryvbas,2,0,transfermarkt
1999/00,14,1999-10-30,dynamo-kyiv,dnipro,4,0,transfermarkt
1999/00,14,1999-10-31,metalurh-zaporizhzhia,metalurh-donetsk,1,1,transfermarkt
1999/00,14,1999-10-31,mariupol,metalist-kharkiv,3,1,transfermarkt
1999/00,14,1999-11-01,kryvbas,tavriya-simferopol,2,1,transfermarkt
1999/00,14,1999-11-01,nyva-ternopil,cska-kyiv,2,2,transfermarkt
1999/00,14,1999-11-01,prykarpattia,karpaty-lviv,3,1,transfermarkt
1999/00,14,1999-11-01,vorskla-poltava,zirka-kropyvnytskyi,1,1,transfermarkt
1999/00,14,1999-11-02,shakhtar-donetsk,chornomorets-odesa,0,1,transfermarkt
1999/00,15,1999-11-07,cska-kyiv,dynamo-kyiv,0,3,transfermarkt
1999/00,15,1999-11-07,metalist-kharkiv,nyva-ternopil,5,2,transfermarkt
1999/00,15,1999-11-07,karpaty-lviv,mariupol,3,1,transfermarkt
1999/00,15,1999-11-07,metalurh-donetsk,shakhtar-donetsk,2,3,transfermarkt
1999/00,15,1999-11-07,tavriya-simferopol,vorskla-poltava,0,3,transfermarkt
1999/00,15,1999-11-07,dnipro,kryvbas,1,0,transfermarkt
1999/00,15,1999-11-07,chornomorets-odesa,prykarpattia,0,0,transfermarkt
1999/00,15,1999-11-07,zirka-kropyvnytskyi,metalurh-zaporizhzhia,1,1,transfermarkt
1999/00,9,1999-11-20,metalist-kharkiv,kryvbas,1,1,transfermarkt
1999/00,5,1999-11-21,dynamo-kyiv,metalurh-zaporizhzhia,2,0,transfermarkt
1999/00,7,1999-11-29,shakhtar-donetsk,dynamo-kyiv,0,0,transfermarkt
1999/00,9,1999-12-03,dynamo-kyiv,prykarpattia,6,0,transfermarkt
1999/00,16,2000-03-18,dynamo-kyiv,cska-kyiv,3,1,transfermarkt
1999/00,16,2000-03-18,nyva-ternopil,metalist-kharkiv,2,1,transfermarkt
1999/00,16,2000-03-18,mariupol,karpaty-lviv,1,0,transfermarkt
1999/00,16,2000-03-18,shakhtar-donetsk,metalurh-donetsk,2,0,transfermarkt
1999/00,16,2000-03-18,vorskla-poltava,tavriya-simferopol,4,0,transfermarkt
1999/00,16,2000-03-18,kryvbas,dnipro,2,2,transfermarkt
1999/00,16,2000-03-18,prykarpattia,chornomorets-odesa,1,0,transfermarkt
1999/00,16,2000-03-18,metalurh-zaporizhzhia,zirka-kropyvnytskyi,2,0,transfermarkt
1999/00,17,2000-03-25,metalurh-donetsk,metalurh-zaporizhzhia,2,1,transfermarkt
1999/00,17,2000-03-25,metalist-kharkiv,mariupol,2,0,transfermarkt
1999/00,17,2000-03-25,tavriya-simferopol,kryvbas,2,4,transfermarkt
1999/00,17,2000-03-25,cska-kyiv,nyva-ternopil,0,0,transfermarkt
1999/00,17,2000-03-25,chornomorets-odesa,shakhtar-donetsk,0,3,transfermarkt
1999/00,17,2000-03-25,dnipro,dynamo-kyiv,0,2,transfermarkt
1999/00,17,2000-03-25,karpaty-lviv,prykarpattia,0,1,transfermarkt
1999/00,17,2000-03-25,zirka-kropyvnytskyi,vorskla-poltava,0,2,transfermarkt
1999/00,18,2000-04-02,shakhtar-donetsk,karpaty-lviv,4,0,transfermarkt
1999/00,18,2000-04-02,vorskla-poltava,metalurh-donetsk,0,0,transfermarkt
1999/00,18,2000-04-02,dynamo-kyiv,nyva-ternopil,4,1,transfermarkt
1999/00,18,2000-04-02,mariupol,cska-kyiv,2,0,transfermarkt
1999/00,18,2000-04-02,metalurh-zaporizhzhia,chornomorets-odesa,2,0,transfermarkt
1999/00,18,2000-04-02,prykarpattia,metalist-kharkiv,2,1,transfermarkt
1999/00,18,2000-04-02,kryvbas,zirka-kropyvnytskyi,3,1,transfermarkt
1999/00,18,2000-04-03,dnipro,tavriya-simferopol,1,0,transfermarkt
1999/00,19,2000-04-08,metalurh-donetsk,kryvbas,0,0,transfermarkt
1999/00,19,2000-04-08,chornomorets-odesa,vorskla-poltava,1,1,transfermarkt
1999/00,19,2000-04-08,karpaty-lviv,metalurh-zaporizhzhia,1,0,transfermarkt
1999/00,19,2000-04-08,metalist-kharkiv,shakhtar-donetsk,0,1,transfermarkt
1999/00,19,2000-04-08,nyva-ternopil,mariupol,2,1,transfermarkt
1999/00,19,2000-04-08,tavriya-simferopol,dynamo-kyiv,1,3,transfermarkt
1999/00,19,2000-04-08,cska-kyiv,prykarpattia,2,1,transfermarkt
1999/00,19,2000-04-08,zirka-kropyvnytskyi,dnipro,1,1,transfermarkt
1999/00,20,2000-04-16,dynamo-kyiv,mariupol,6,1,transfermarkt
1999/00,20,2000-04-16,metalurh-zaporizhzhia,metalist-kharkiv,1,1,transfermarkt
1999/00,20,2000-04-16,dnipro,metalurh-donetsk,0,1,transfermarkt
1999/00,20,2000-04-16,shakhtar-donetsk,cska-kyiv,3,0,transfermarkt
1999/00,20,2000-04-16,vorskla-poltava,karpaty-lviv,1,0,transfermarkt
1999/00,20,2000-04-16,kryvbas,chornomorets-odesa,2,0,transfermarkt
1999/00,20,2000-04-16,prykarpattia,nyva-ternopil,2,1,transfermarkt
1999/00,20,2000-04-16,tavriya-simferopol,zirka-kropyvnytskyi,2,0,transfermarkt
1999/00,21,2000-04-22,metalist-kharkiv,vorskla-poltava,2,1,transfermarkt
1999/00,21,2000-04-22,karpaty-lviv,kryvbas,1,0,transfermarkt
1999/00,21,2000-04-22,nyva-ternopil,shakhtar-donetsk,1,1,transfermarkt
1999/00,21,2000-04-22,metalurh-donetsk,tavriya-simferopol,0,0,transfermarkt
1999/00,21,2000-04-22,chornomorets-odesa,dnipro,0,3,transfermarkt;forfeit?
1999/00,21,2000-04-22,cska-kyiv,metalurh-zaporizhzhia,1,0,transfermarkt
1999/00,21,2000-04-22,mariupol,prykarpattia,2,0,transfermarkt
1999/00,21,2000-04-22,zirka-kropyvnytskyi,dynamo-kyiv,1,4,transfermarkt
1999/00,22,2000-04-29,metalurh-zaporizhzhia,nyva-ternopil,4,0,transfermarkt
1999/00,22,2000-04-29,tavriya-simferopol,chornomorets-odesa,1,1,transfermarkt
1999/00,22,2000-04-29,shakhtar-donetsk,mariupol,3,0,transfermarkt
1999/00,22,2000-04-29,kryvbas,metalist-kharkiv,2,0,transfermarkt
1999/00,22,2000-04-29,vorskla-poltava,cska-kyiv,2,0,transfermarkt
1999/00,22,2000-04-29,prykarpattia,dynamo-kyiv,1,2,transfermarkt
1999/00,22,2000-04-29,zirka-kropyvnytskyi,metalurh-donetsk,0,2,transfermarkt
1999/00,23,2000-05-06,cska-kyiv,kryvbas,1,2,transfermarkt
1999/00,23,2000-05-06,metalurh-donetsk,dynamo-kyiv,0,4,transfermarkt
1999/00,23,2000-05-06,karpaty-lviv,tavriya-simferopol,0,1,transfermarkt
1999/00,23,2000-05-06,metalist-kharkiv,dnipro,2,1,transfermarkt
1999/00,23,2000-05-06,nyva-ternopil,vorskla-poltava,1,1,transfermarkt
1999/00,23,2000-05-06,mariupol,metalurh-zaporizhzhia,1,1,transfermarkt
1999/00,23,2000-05-06,prykarpattia,shakhtar-donetsk,0,2,transfermarkt
1999/00,23,2000-05-06,chornomorets-odesa,zirka-kropyvnytskyi,1,0,transfermarkt
1999/00,22,2000-05-10,dnipro,karpaty-lviv,1,1,transfermarkt
1999/00,24,2000-05-14,vorskla-poltava,mariupol,1,1,transfermarkt
1999/00,24,2000-05-14,tavriya-simferopol,metalist-kharkiv,2,2,transfermarkt
1999/00,24,2000-05-14,metalurh-donetsk,chornomorets-odesa,4,0,transfermarkt
1999/00,24,2000-05-14,kryvbas,nyva-ternopil,5,1,transfermarkt
1999/00,24,2000-05-14,cska-kyiv,dnipro,3,0,transfermarkt
1999/00,24,2000-05-14,dynamo-kyiv,shakhtar-donetsk,2,1,transfermarkt
1999/00,24,2000-05-14,metalurh-zaporizhzhia,prykarpattia,2,2,transfermarkt
1999/00,24,2000-05-14,zirka-kropyvnytskyi,karpaty-lviv,0,2,transfermarkt
1999/00,25,2000-05-21,shakhtar-donetsk,metalurh-zaporizhzhia,4,0,transfermarkt
1999/00,25,2000-05-21,chornomorets-odesa,dynamo-kyiv,2,2,transfermarkt
1999/00,25,2000-05-21,karpaty-lviv,metalurh-donetsk,1,1,transfermarkt
1999/00,25,2000-05-21,cska-kyiv,tavriya-simferopol,3,0,transfermarkt
1999/00,25,2000-05-21,nyva-ternopil,dnipro,1,1,transfermarkt
1999/00,25,2000-05-21,mariupol,kryvbas,0,2,transfermarkt
1999/00,25,2000-05-21,prykarpattia,vorskla-poltava,0,1,transfermarkt
1999/00,25,2000-05-21,metalist-kharkiv,zirka-kropyvnytskyi,4,0,transfermarkt
1999/00,26,2000-05-26,vorskla-poltava,shakhtar-donetsk,0,3,transfermarkt
1999/00,26,2000-05-26,dnipro,mariupol,1,0,transfermarkt
1999/00,26,2000-05-26,tavriya-simferopol,nyva-ternopil,1,1,transfermarkt
1999/00,26,2000-05-26,metalurh-donetsk,metalist-kharkiv,1,1,transfermarkt
1999/00,26,2000-05-26,chornomorets-odesa,karpaty-lviv,0,0,transfermarkt
1999/00,26,2000-05-26,zirka-kropyvnytskyi,cska-kyiv,0,0,transfermarkt
1999/00,27,2000-06-04,karpaty-lviv,dynamo-kyiv,2,3,transfermarkt
1999/00,27,2000-06-04,metalist-kharkiv,chornomorets-odesa,1,1,transfermarkt
1999/00,27,2000-06-04,cska-kyiv,metalurh-donetsk,1,0,transfermarkt
1999/00,27,2000-06-04,mariupol,tavriya-simferopol,4,1,transfermarkt
1999/00,27,2000-06-04,shakhtar-donetsk,kryvbas,3,1,transfermarkt
1999/00,27,2000-06-04,metalurh-zaporizhzhia,vorskla-poltava,3,1,transfermarkt
1999/00,27,2000-06-04,prykarpattia,dnipro,1,1,transfermarkt
1999/00,27,2000-06-04,nyva-ternopil,zirka-kropyvnytskyi,3,0,transfermarkt
1999/00,28,2000-06-08,dynamo-kyiv,vorskla-poltava,3,0,transfermarkt
1999/00,28,2000-06-08,kryvbas,metalurh-zaporizhzhia,1,0,transfermarkt
1999/00,28,2000-06-08,dnipro,shakhtar-donetsk,1,2,transfermarkt
1999/00,28,2000-06-08,metalurh-donetsk,nyva-ternopil,3,2,transfermarkt
1999/00,28,2000-06-08,chornomorets-odesa,cska-kyiv,2,0,transfermarkt
1999/00,28,2000-06-08,karpaty-lviv,metalist-kharkiv,1,1,transfermarkt
1999/00,28,2000-06-08,tavriya-simferopol,prykarpattia,1,0,transfermarkt
1999/00,28,2000-06-08,zirka-kropyvnytskyi,mariupol,1,2,transfermarkt
1999/00,26,2000-06-12,metalurh-zaporizhzhia,dynamo-kyiv,0,3,transfermarkt
1999/00,26,2000-06-12,kryvbas,prykarpattia,3,0,transfermarkt
1999/00,29,2000-06-16,cska-kyiv,karpaty-lviv,2,3,transfermarkt
1999/00,29,2000-06-16,nyva-ternopil,chornomorets-odesa,3,1,transfermarkt
1999/00,29,2000-06-16,mariupol,metalurh-donetsk,4,1,transfermarkt
1999/00,29,2000-06-16,shakhtar-donetsk,tavriya-simferopol,2,0,transfermarkt
1999/00,29,2000-06-16,metalurh-zaporizhzhia,dnipro,6,1,transfermarkt
1999/00,29,2000-06-16,vorskla-poltava,kryvbas,3,0,transfermarkt
1999/00,29,2000-06-16,metalist-kharkiv,dynamo-kyiv,0,5,transfermarkt
1999/00,29,2000-06-16,prykarpattia,zirka-kropyvnytskyi,4,2,transfermarkt
1999/00,30,2000-06-20,dynamo-kyiv,kryvbas,2,1,transfermarkt
1999/00,30,2000-06-20,dnipro,vorskla-poltava,2,1,transfermarkt
1999/00,30,2000-06-20,tavriya-simferopol,metalurh-zaporizhzhia,1,2,transfermarkt
1999/00,30,2000-06-20,chornomorets-odesa,mariupol,3,4,transfermarkt
1999/00,30,2000-06-20,karpaty-lviv,nyva-ternopil,0,1,transfermarkt
1999/00,30,2000-06-20,metalist-kharkiv,cska-kyiv,2,0,transfermarkt
1999/00,30,2000-06-20,metalurh-donetsk,prykarpattia,4,1,transfermarkt
1999/00,30,2000-06-20,zirka-kropyvnytskyi,shakhtar-donetsk,2,6,transfermarkt
2000/01,1,2000-07-12,stal-alchevsk,cska-kyiv,1,2,transfermarkt
2000/01,1,2000-07-12,dnipro,dynamo-kyiv,1,1,transfermarkt
2000/01,1,2000-07-12,tavriya-simferopol,nyva-ternopil,3,0,transfermarkt
2000/01,1,2000-07-12,shakhtar-donetsk,metalurh-donetsk,3,0,transfermarkt
2000/01,1,2000-07-12,metalist-kharkiv,vorskla-poltava,3,1,transfermarkt
2000/01,1,2000-07-12,kryvbas,karpaty-lviv,5,2,transfermarkt
2000/01,1,2000-07-12,mariupol,metalurh-zaporizhzhia,3,1,transfermarkt
2000/01,2,2000-07-16,cska-kyiv,shakhtar-donetsk,1,0,transfermarkt
2000/01,2,2000-07-16,metalurh-donetsk,metalist-kharkiv,2,1,transfermarkt
2000/01,2,2000-07-16,karpaty-lviv,mariupol,3,0,transfermarkt
2000/01,2,2000-07-16,dynamo-kyiv,tavriya-simferopol,3,0,transfermarkt
2000/01,2,2000-07-16,nyva-ternopil,stal-alchevsk,0,0,transfermarkt
2000/01,2,2000-07-16,vorskla-poltava,kryvbas,0,1,transfermarkt
2000/01,2,2000-07-16,metalurh-zaporizhzhia,dnipro,1,2,transfermarkt
2000/01,3,2000-07-22,mariupol,vorskla-poltava,1,0,transfermarkt
2000/01,3,2000-07-22,dnipro,karpaty-lviv,1,0,transfermarkt
2000/01,3,2000-07-22,tavriya-simferopol,stal-alchevsk,3,2,transfermarkt
2000/01,3,2000-07-22,shakhtar-donetsk,nyva-ternopil,2,1,transfermarkt
2000/01,3,2000-07-22,metalist-kharkiv,cska-kyiv,0,0,transfermarkt
2000/01,3,2000-07-22,kryvbas,metalurh-donetsk,3,2,transfermarkt
2000/01,3,2000-07-22,dynamo-kyiv,metalurh-zaporizhzhia,2,1,transfermarkt
2000/01,4,2000-07-30,stal-alchevsk,shakhtar-donetsk,2,5,transfermarkt
2000/01,4,2000-07-30,nyva-ternopil,metalist-kharkiv,1,1,transfermarkt
2000/01,4,2000-07-30,cska-kyiv,kryvbas,1,1,transfermarkt
2000/01,4,2000-07-30,metalurh-donetsk,mariupol,1,0,transfermarkt
2000/01,4,2000-07-30,karpaty-lviv,dynamo-kyiv,2,0,transfermarkt
2000/01,4,2000-07-30,metalurh-zaporizhzhia,tavriya-simferopol,0,2,transfermarkt
2000/01,4,2000-07-30,vorskla-poltava,dnipro,0,1,transfermarkt
2000/01,5,2000-08-05,metalist-kharkiv,stal-alchevsk,2,0,transfermarkt
2000/01,5,2000-08-05,metalurh-zaporizhzhia,karpaty-lviv,1,0,transfermarkt
2000/01,5,2000-08-05,mariupol,cska-kyiv,1,1,transfermarkt
2000/01,5,2000-08-05,dnipro,metalurh-donetsk,0,1,transfermarkt
2000/01,5,2000-08-05,kryvbas,nyva-ternopil,0,1,transfermarkt
2000/01,5,2000-08-05,dynamo-kyiv,vorskla-poltava,2,1,transfermarkt
2000/01,6,2000-08-13,stal-alchevsk,kryvbas,1,0,transfermarkt
2000/01,6,2000-08-13,karpaty-lviv,tavriya-simferopol,4,1,transfermarkt
2000/01,6,2000-08-13,cska-kyiv,dnipro,1,1,transfermarkt
2000/01,6,2000-08-13,nyva-ternopil,mariupol,1,1,transfermarkt
2000/01,6,2000-08-14,vorskla-poltava,metalurh-zaporizhzhia,0,1,transfermarkt
2000/01,6,2000-08-17,shakhtar-donetsk,metalist-kharkiv,8,0,transfermarkt
2000/01,7,2000-08-18,dynamo-kyiv,cska-kyiv,1,0,transfermarkt
2000/01,7,2000-08-19,mariupol,stal-alchevsk,2,0,transfermarkt
2000/01,7,2000-08-19,dnipro,nyva-ternopil,2,0,transfermarkt
2000/01,7,2000-08-19,metalurh-zaporizhzhia,metalurh-donetsk,2,2,transfermarkt
2000/01,7,2000-08-19,karpaty-lviv,vorskla-poltava,3,0,transfermarkt
2000/01,7,2000-08-20,tavriya-simferopol,metalist-kharkiv,0,0,transfermarkt
2000/01,8,2000-08-27,metalurh-donetsk,karpaty-lviv,1,0,transfermarkt
2000/01,8,2000-08-27,stal-alchevsk,dnipro,0,1,transfermarkt
2000/01,8,2000-08-27,cska-kyiv,metalurh-zaporizhzhia,4,1,transfermarkt
2000/01,8,2000-08-27,metalist-kharkiv,kryvbas,1,0,transfermarkt
2000/01,8,2000-08-27,nyva-ternopil,dynamo-kyiv,3,7,transfermarkt
2000/01,8,2000-08-27,shakhtar-donetsk,mariupol,3,1,transfermarkt
2000/01,8,2000-08-29,vorskla-poltava,tavriya-simferopol,0,0,transfermarkt
2000/01,9,2000-09-07,dnipro,shakhtar-donetsk,1,4,transfermarkt
2000/01,9,2000-09-08,dynamo-kyiv,stal-alchevsk,2,0,transfermarkt
2000/01,9,2000-09-09,metalurh-zaporizhzhia,nyva-ternopil,2,0,transfermarkt
2000/01,9,2000-09-09,mariupol,metalist-kharkiv,2,1,transfermarkt
2000/01,9,2000-09-09,tavriya-simferopol,kryvbas,3,0,transfermarkt
2000/01,9,2000-09-09,karpaty-lviv,cska-kyiv,1,0,transfermarkt
2000/01,9,2000-09-09,vorskla-poltava,metalurh-donetsk,0,2,transfermarkt
2000/01,10,2000-10-01,metalurh-donetsk,tavriya-simferopol,0,0,transfermarkt
2000/01,10,2000-10-01,stal-alchevsk,metalurh-zaporizhzhia,1,2,transfermarkt
2000/01,10,2000-10-01,metalist-kharkiv,dnipro,0,1,transfermarkt
2000/01,10,2000-10-01,nyva-ternopil,karpaty-lviv,5,2,transfermarkt
2000/01,10,2000-10-01,shakhtar-donetsk,dynamo-kyiv,1,1,transfermarkt
2000/01,10,2000-10-03,kryvbas,mariupol,0,0,transfermarkt
2000/01,11,2000-10-15,tavriya-simferopol,mariupol,1,1,transfermarkt
2000/01,11,2000-10-15,vorskla-poltava,nyva-ternopil,1,0,transfermarkt
2000/01,11,2000-10-15,metalurh-donetsk,cska-kyiv,1,1,transfermarkt
2000/01,11,2000-10-15,karpaty-lviv,stal-alchevsk,2,1,transfermarkt
2000/01,11,2000-10-15,dnipro,kryvbas,1,0,transfermarkt
2000/01,12,2000-10-21,cska-kyiv,tavriya-simferopol,0,0,transfermarkt
2000/01,12,2000-10-21,stal-alchevsk,vorskla-poltava,0,1,transfermarkt
2000/01,12,2000-10-21,mariupol,dnipro,0,1,transfermarkt
2000/01,12,2000-10-21,metalist-kharkiv,metalurh-zaporizhzhia,1,1,transfermarkt
2000/01,12,2000-10-21,nyva-ternopil,metalurh-donetsk,2,3,transfermarkt
2000/01,12,2000-10-21,shakhtar-donetsk,karpaty-lviv,3,2,transfermarkt
2000/01,13,2000-10-28,tavriya-simferopol,dnipro,1,1,transfermarkt
2000/01,13,2000-10-28,metalurh-donetsk,stal-alchevsk,0,0,transfermarkt
2000/01,13,2000-10-28,metalurh-zaporizhzhia,kryvbas,2,2,transfermarkt
2000/01,13,2000-10-28,cska-kyiv,nyva-ternopil,3,1,transfermarkt
2000/01,13,2000-10-28,karpaty-lviv,metalist-kharkiv,2,0,transfermarkt
2000/01,13,2000-10-28,dynamo-kyiv,mariupol,2,0,transfermarkt
2000/01,13,2000-10-29,vorskla-poltava,shakhtar-donetsk,2,2,transfermarkt
2000/01,11,2000-11-01,dynamo-kyiv,metalist-kharkiv,1,0,transfermarkt
2000/01,10,2000-11-07,cska-kyiv,vorskla-poltava,2,0,transfermarkt
2000/01,11,2000-11-11,metalurh-zaporizhzhia,shakhtar-donetsk,2,3,transfermarkt
2000/01,6,2000-11-13,metalurh-donetsk,dynamo-kyiv,0,0,transfermarkt
2000/01,5,2000-11-15,tavriya-simferopol,shakhtar-donetsk,0,0,transfermarkt
2000/01,12,2000-11-16,kryvbas,dynamo-kyiv,0,2,transfermarkt
2000/01,7,2000-11-28,kryvbas,shakhtar-donetsk,0,4,transfermarkt
2000/01,14,2001-03-11,mariupol,dynamo-kyiv,0,2,transfermarkt
2000/01,14,2001-03-11,stal-alchevsk,metalurh-donetsk,0,3,transfermarkt
2000/01,14,2001-03-11,nyva-ternopil,cska-kyiv,1,3,transfermarkt
2000/01,14,2001-03-11,dnipro,tavriya-simferopol,3,0,transfermarkt
2000/01,14,2001-03-11,metalist-kharkiv,karpaty-lviv,2,2,transfermarkt
2000/01,14,2001-03-11,shakhtar-donetsk,vorskla-poltava,1,0,transfermarkt
2000/01,14,2001-03-11,kryvbas,metalurh-zaporizhzhia,0,0,transfermarkt
2000/01,15,2001-03-17,metalurh-donetsk,nyva-ternopil,2,0,transfermarkt
2000/01,15,2001-03-17,tavriya-simferopol,cska-kyiv,0,1,transfermarkt
2000/01,15,2001-03-17,metalurh-zaporizhzhia,metalist-kharkiv,2,0,transfermarkt
2000/01,15,2001-03-17,dnipro,mariupol,2,1,transfermarkt
2000/01,15,2001-03-17,vorskla-poltava,stal-alchevsk,2,2,transfermarkt
2000/01,15,2001-03-17,karpaty-lviv,shakhtar-donetsk,0,2,transfermarkt
2000/01,15,2001-03-17,dynamo-kyiv,kryvbas,4,2,transfermarkt
2000/01,16,2001-04-01,nyva-ternopil,vorskla-poltava,1,3,transfermarkt
2000/01,16,2001-04-01,mariupol,tavriya-simferopol,2,0,transfermarkt
2000/01,16,2001-04-01,stal-alchevsk,karpaty-lviv,1,1,transfermarkt
2000/01,16,2001-04-01,cska-kyiv,metalurh-donetsk,1,1,transfermarkt
2000/01,16,2001-04-01,kryvbas,dnipro,1,1,transfermarkt
2000/01,16,2001-04-02,shakhtar-donetsk,metalurh-zaporizhzhia,1,1,transfermarkt
2000/01,16,2001-04-02,metalist-kharkiv,dynamo-kyiv,0,2,transfermarkt
2000/01,17,2001-04-07,metalurh-zaporizhzhia,stal-alchevsk,2,3,transfermarkt
2000/01,17,2001-04-07,dnipro,metalist-kharkiv,3,0,transfermarkt
2000/01,17,2001-04-07,mariupol,kryvbas,2,0,transfermarkt
2000/01,17,2001-04-07,karpaty-lviv,nyva-ternopil,2,1,transfermarkt
2000/01,17,2001-04-07,vorskla-poltava,cska-kyiv,1,0,transfermarkt
2000/01,17,2001-04-07,tavriya-simferopol,metalurh-donetsk,1,1,transfermarkt
2000/01,17,2001-04-07,dynamo-kyiv,shakhtar-donetsk,1,2,transfermarkt
2000/01,18,2001-04-14,metalurh-donetsk,vorskla-poltava,0,0,transfermarkt
2000/01,18,2001-04-15,nyva-ternopil,metalurh-zaporizhzhia,0,1,transfermarkt
2000/01,18,2001-04-15,cska-kyiv,karpaty-lviv,4,0,transfermarkt
2000/01,18,2001-04-15,kryvbas,tavriya-simferopol,0,0,transfermarkt
2000/01,18,2001-04-15,stal-alchevsk,dynamo-kyiv,0,5,transfermarkt
2000/01,18,2001-04-15,shakhtar-donetsk,dnipro,3,1,transfermarkt
2000/01,18,2001-04-15,metalist-kharkiv,mariupol,3,2,transfermarkt
2000/01,19,2001-04-21,mariupol,shakhtar-donetsk,1,3,transfermarkt
2000/01,19,2001-04-21,metalurh-zaporizhzhia,cska-kyiv,1,1,transfermarkt
2000/01,19,2001-04-21,tavriya-simferopol,vorskla-poltava,2,1,transfermarkt
2000/01,19,2001-04-21,dnipro,stal-alchevsk,2,0,transfermarkt
2000/01,19,2001-04-21,kryvbas,metalist-kharkiv,2,1,transfermarkt
2000/01,19,2001-04-21,karpaty-lviv,metalurh-donetsk,1,2,transfermarkt
2000/01,19,2001-04-21,dynamo-kyiv,nyva-ternopil,6,0,transfermarkt
2000/01,20,2001-04-28,metalurh-donetsk,metalurh-zaporizhzhia,1,1,transfermarkt
2000/01,20,2001-04-29,nyva-ternopil,dnipro,0,2,transfermarkt
2000/01,20,2001-04-29,metalist-kharkiv,tavriya-simferopol,3,0,transfermarkt
2000/01,20,2001-04-29,vorskla-poltava,karpaty-lviv,2,0,transfermarkt
2000/01,20,2001-04-29,stal-alchevsk,mariupol,0,4,transfermarkt
2000/01,20,2001-04-29,shakhtar-donetsk,kryvbas,2,1,transfermarkt
2000/01,20,2001-04-29,cska-kyiv,dynamo-kyiv,1,5,transfermarkt
2000/01,21,2001-05-05,mariupol,nyva-ternopil,5,1,transfermarkt
2000/01,21,2001-05-05,metalurh-zaporizhzhia,vorskla-poltava,0,0,transfermarkt
2000/01,21,2001-05-05,tavriya-simferopol,karpaty-lviv,3,1,transfermarkt
2000/01,21,2001-05-05,kryvbas,stal-alchevsk,1,0,transfermarkt
2000/01,21,2001-05-05,metalist-kharkiv,shakhtar-donetsk,1,1,transfermarkt
2000/01,21,2001-05-05,dnipro,cska-kyiv,2,0,transfermarkt
2000/01,21,2001-05-05,dynamo-kyiv,metalurh-donetsk,2,0,transfermarkt
2000/01,22,2001-05-12,metalurh-donetsk,dnipro,1,0,transfermarkt
2000/01,22,2001-05-12,vorskla-poltava,dynamo-kyiv,0,1,transfermarkt
2000/01,22,2001-05-12,stal-alchevsk,metalist-kharkiv,2,2,transfermarkt
2000/01,22,2001-05-12,nyva-ternopil,kryvbas,0,2,transfermarkt
2000/01,22,2001-05-12,shakhtar-donetsk,tavriya-simferopol,5,0,transfermarkt
2000/01,22,2001-05-12,cska-kyiv,mariupol,0,2,transfermarkt
2000/01,22,2001-05-12,karpaty-lviv,metalurh-zaporizhzhia,0,1,transfermarkt
2000/01,23,2001-05-20,tavriya-simferopol,metalurh-zaporizhzhia,0,1,transfermarkt
2000/01,23,2001-05-20,metalist-kharkiv,nyva-ternopil,2,1,transfermarkt
2000/01,23,2001-05-20,mariupol,metalurh-donetsk,1,0,transfermarkt
2000/01,23,2001-05-20,dnipro,vorskla-poltava,2,1,transfermarkt
2000/01,23,2001-05-20,dynamo-kyiv,karpaty-lviv,1,1,transfermarkt
2000/01,23,2001-05-20,kryvbas,cska-kyiv,0,1,transfermarkt
2000/01,23,2001-05-20,shakhtar-donetsk,stal-alchevsk,3,1,transfermarkt
2000/01,24,2001-05-26,karpaty-lviv,dnipro,0,2,transfermarkt
2000/01,24,2001-05-26,stal-alchevsk,tavriya-simferopol,0,1,transfermarkt
2000/01,24,2001-05-26,metalurh-donetsk,kryvbas,3,0,transfermarkt
2000/01,24,2001-05-26,vorskla-poltava,mariupol,0,1,transfermarkt
2000/01,24,2001-05-26,metalurh-zaporizhzhia,dynamo-kyiv,0,1,transfermarkt
2000/01,25,2001-06-10,stal-alchevsk,nyva-ternopil,1,0,transfermarkt
2000/01,25,2001-06-10,metalist-kharkiv,metalurh-donetsk,2,0,transfermarkt
2000/01,25,2001-06-10,kryvbas,vorskla-poltava,0,3,transfermarkt;forfeit?
2000/01,25,2001-06-10,mariupol,karpaty-lviv,2,0,transfermarkt
2000/01,25,2001-06-10,dnipro,metalurh-zaporizhzhia,2,0,transfermarkt
2000/01,25,2001-06-11,tavriya-simferopol,dynamo-kyiv,1,2,transfermarkt
2000/01,25,2001-06-11,shakhtar-donetsk,cska-kyiv,0,0,transfermarkt
2000/01,24,2001-06-15,nyva-ternopil,shakhtar-donetsk,0,7,transfermarkt
2000/01,24,2001-06-15,cska-kyiv,metalist-kharkiv,1,0,transfermarkt
2000/01,26,2001-06-19,metalurh-zaporizhzhia,mariupol,0,3,transfermarkt;forfeit?
2000/01,26,2001-06-19,nyva-ternopil,tavriya-simferopol,0,2,transfermarkt
2000/01,26,2001-06-19,cska-kyiv,stal-alchevsk,1,1,transfermarkt
2000/01,26,2001-06-19,metalurh-donetsk,shakhtar-donetsk,1,3,transfermarkt
2000/01,26,2001-06-19,vorskla-poltava,metalist-kharkiv,0,1,transfermarkt
2000/01,26,2001-06-19,karpaty-lviv,kryvbas,2,1,transfermarkt
2000/01,26,2001-06-19,dynamo-kyiv,dnipro,2,1,transfermarkt
2001/02,1,2001-07-07,metalist-kharkiv,arsenal-kyiv,2,1,transfermarkt
2001/02,1,2001-07-07,metalurh-zaporizhzhia,metalurh-donetsk,0,3,transfermarkt
2001/02,1,2001-07-07,vorskla-poltava,dnipro,1,2,transfermarkt
2001/02,1,2001-07-07,dynamo-kyiv,oleksandriya,5,0,transfermarkt
2001/02,1,2001-07-07,shakhtar-donetsk,hoverla-uzhhorod,5,1,transfermarkt
2001/02,1,2001-07-07,kryvbas,mariupol,1,1,transfermarkt
2001/02,1,2001-07-11,tavriya-simferopol,karpaty-lviv,3,0,transfermarkt
2001/02,2,2001-07-15,metalurh-donetsk,metalist-kharkiv,5,0,transfermarkt
2001/02,2,2001-07-15,mariupol,vorskla-poltava,1,0,transfermarkt
2001/02,2,2001-07-15,hoverla-uzhhorod,dnipro,0,0,transfermarkt
2001/02,2,2001-07-15,oleksandriya,arsenal-kyiv,1,0,transfermarkt
2001/02,2,2001-07-15,karpaty-lviv,metalurh-zaporizhzhia,2,1,transfermarkt
2001/02,2,2001-07-15,dynamo-kyiv,shakhtar-donetsk,2,2,transfermarkt
2001/02,3,2001-07-20,shakhtar-donetsk,oleksandriya,2,1,transfermarkt
2001/02,3,2001-07-21,arsenal-kyiv,metalurh-donetsk,0,1,transfermarkt
2001/02,3,2001-07-21,metalist-kharkiv,karpaty-lviv,0,0,transfermarkt
2001/02,3,2001-07-21,dnipro,dynamo-kyiv,0,0,transfermarkt
2001/02,3,2001-07-21,mariupol,hoverla-uzhhorod,3,0,transfermarkt
2001/02,3,2001-07-21,metalurh-zaporizhzhia,kryvbas,0,0,transfermarkt
2001/02,4,2001-07-28,hoverla-uzhhorod,tavriya-simferopol,2,2,transfermarkt
2001/02,4,2001-07-28,oleksandriya,metalurh-donetsk,1,0,transfermarkt
2001/02,4,2001-07-28,karpaty-lviv,arsenal-kyiv,1,0,transfermarkt
2001/02,4,2001-07-28,kryvbas,metalist-kharkiv,4,1,transfermarkt
2001/02,4,2001-07-28,vorskla-poltava,metalurh-zaporizhzhia,0,1,transfermarkt
2001/02,4,2001-07-28,dynamo-kyiv,mariupol,1,0,transfermarkt
2001/02,5,2001-08-04,metalurh-donetsk,karpaty-lviv,0,0,transfermarkt
2001/02,5,2001-08-04,dnipro,oleksandriya,0,0,transfermarkt
2001/02,5,2001-08-04,metalist-kharkiv,vorskla-poltava,2,0,transfermarkt
2001/02,5,2001-08-04,arsenal-kyiv,kryvbas,3,0,transfermarkt
2001/02,5,2001-08-04,mariupol,shakhtar-donetsk,0,2,transfermarkt
2001/02,5,2001-08-04,metalurh-zaporizhzhia,hoverla-uzhhorod,4,1,transfermarkt
2001/02,6,2001-08-12,oleksandriya,karpaty-lviv,1,1,transfermarkt
2001/02,6,2001-08-12,dnipro,mariupol,3,1,transfermarkt
2001/02,6,2001-08-12,hoverla-uzhhorod,metalist-kharkiv,3,5,transfermarkt
2001/02,6,2001-08-12,kryvbas,metalurh-donetsk,1,3,transfermarkt
2001/02,6,2001-08-12,shakhtar-donetsk,tavriya-simferopol,2,1,transfermarkt
2001/02,6,2001-08-12,dynamo-kyiv,metalurh-zaporizhzhia,1,0,transfermarkt
2001/02,7,2001-08-18,arsenal-kyiv,hoverla-uzhhorod,0,2,transfermarkt
2001/02,7,2001-08-18,metalurh-donetsk,vorskla-poltava,0,0,transfermarkt
2001/02,7,2001-08-18,mariupol,oleksandriya,2,1,transfermarkt
2001/02,7,2001-08-18,karpaty-lviv,kryvbas,3,2,transfermarkt
2001/02,7,2001-08-18,tavriya-simferopol,dnipro,0,2,transfermarkt
2001/02,8,2001-08-25,dnipro,metalurh-zaporizhzhia,0,0,transfermarkt
2001/02,8,2001-08-25,oleksandriya,kryvbas,0,0,transfermarkt
2001/02,8,2001-08-25,hoverla-uzhhorod,metalurh-donetsk,1,1,transfermarkt
2001/02,8,2001-08-25,vorskla-poltava,karpaty-lviv,1,3,transfermarkt
2001/02,8,2001-08-25,mariupol,tavriya-simferopol,0,0,transfermarkt
2001/02,8,2001-08-26,shakhtar-donetsk,metalist-kharkiv,3,0,transfermarkt
2001/02,8,2001-08-26,dynamo-kyiv,arsenal-kyiv,2,0,transfermarkt
2001/02,2,2001-08-29,kryvbas,tavriya-simferopol,2,0,transfermarkt
2001/02,9,2001-08-31,karpaty-lviv,hoverla-uzhhorod,3,0,transfermarkt
2001/02,9,2001-09-02,tavriya-simferopol,oleksandriya,2,0,transfermarkt
2001/02,9,2001-09-02,metalurh-zaporizhzhia,mariupol,3,0,transfermarkt
2001/02,9,2001-09-02,kryvbas,vorskla-poltava,2,0,transfermarkt
2001/02,9,2001-09-08,metalist-kharkiv,dnipro,3,0,transfermarkt
2001/02,3,2001-09-09,tavriya-simferopol,vorskla-poltava,1,0,transfermarkt
2001/02,10,2001-09-15,oleksandriya,vorskla-poltava,2,2,transfermarkt
2001/02,10,2001-09-15,hoverla-uzhhorod,kryvbas,2,0,transfermarkt
2001/02,10,2001-09-15,mariupol,metalist-kharkiv,0,0,transfermarkt
2001/02,10,2001-09-15,shakhtar-donetsk,metalurh-donetsk,3,1,transfermarkt
2001/02,10,2001-09-15,tavriya-simferopol,metalurh-zaporizhzhia,0,1,transfermarkt
2001/02,10,2001-09-15,dynamo-kyiv,karpaty-lviv,4,1,transfermarkt
2001/02,10,2001-09-16,dnipro,arsenal-kyiv,2,0,transfermarkt
2001/02,11,2001-09-22,metalurh-zaporizhzhia,oleksandriya,0,0,transfermarkt
2001/02,11,2001-09-22,vorskla-poltava,hoverla-uzhhorod,1,0,transfermarkt
2001/02,11,2001-09-22,metalist-kharkiv,tavriya-simferopol,4,1,transfermarkt
2001/02,11,2001-09-22,kryvbas,dynamo-kyiv,0,7,transfermarkt
2001/02,11,2001-09-23,arsenal-kyiv,mariupol,3,2,transfermarkt
2001/02,11,2001-09-23,metalurh-donetsk,dnipro,2,0,transfermarkt
2001/02,11,2001-09-23,karpaty-lviv,shakhtar-donetsk,0,2,transfermarkt
2001/02,12,2001-09-29,oleksandriya,hoverla-uzhhorod,4,2,transfermarkt
2001/02,12,2001-09-29,mariupol,metalurh-donetsk,4,2,transfermarkt
2001/02,12,2001-09-29,metalurh-zaporizhzhia,metalist-kharkiv,1,0,transfermarkt
2001/02,12,2001-09-30,dnipro,karpaty-lviv,0,1,transfermarkt
2001/02,12,2001-09-30,tavriya-simferopol,arsenal-kyiv,1,2,transfermarkt
2001/02,12,2001-09-30,shakhtar-donetsk,kryvbas,3,1,transfermarkt
2001/02,12,2001-09-30,dynamo-kyiv,vorskla-poltava,1,0,transfermarkt
2001/02,13,2001-10-10,arsenal-kyiv,metalurh-zaporizhzhia,2,0,transfermarkt
2001/02,13,2001-10-10,metalurh-donetsk,tavriya-simferopol,4,1,transfermarkt
2001/02,13,2001-10-10,karpaty-lviv,mariupol,2,0,transfermarkt
2001/02,13,2001-10-10,metalist-kharkiv,oleksandriya,1,0,transfermarkt
2001/02,13,2001-10-10,kryvbas,dnipro,3,3,transfermarkt
2001/02,13,2001-10-11,hoverla-uzhhorod,dynamo-kyiv,1,2,transfermarkt
2001/02,13,2001-10-11,vorskla-poltava,shakhtar-donetsk,1,1,transfermarkt
2001/02,4,2001-10-16,shakhtar-donetsk,dnipro,1,0,transfermarkt
2001/02,7,2001-10-31,metalurh-zaporizhzhia,shakhtar-donetsk,0,3,transfermarkt
2001/02,6,2001-11-11,vorskla-poltava,arsenal-kyiv,1,0,transfermarkt
2001/02,5,2001-11-18,tavriya-simferopol,dynamo-kyiv,1,5,transfermarkt
2001/02,7,2001-11-22,metalist-kharkiv,dynamo-kyiv,0,1,transfermarkt
2001/02,9,2001-11-22,arsenal-kyiv,shakhtar-donetsk,0,0,transfermarkt
2001/02,9,2001-11-30,metalurh-donetsk,dynamo-kyiv,0,0,transfermarkt
2001/02,14,2002-03-16,oleksandriya,metalist-kharkiv,2,0,transfermarkt
2001/02,14,2002-03-16,mariupol,karpaty-lviv,3,1,transfermarkt
2001/02,14,2002-03-16,metalurh-zaporizhzhia,arsenal-kyiv,2,0,transfermarkt
2001/02,14,2002-03-16,tavriya-simferopol,metalurh-donetsk,1,3,transfermarkt
2001/02,14,2002-03-16,dnipro,kryvbas,2,0,transfermarkt
2001/02,14,2002-03-16,shakhtar-donetsk,vorskla-poltava,4,0,transfermarkt
2001/02,14,2002-03-16,dynamo-kyiv,hoverla-uzhhorod,5,0,transfermarkt
2001/02,15,2002-03-25,hoverla-uzhhorod,oleksandriya,0,1,transfermarkt
2001/02,15,2002-03-25,vorskla-poltava,dynamo-kyiv,1,2,transfermarkt
2001/02,15,2002-03-25,metalurh-donetsk,mariupol,2,1,transfermarkt
2001/02,15,2002-03-25,metalist-kharkiv,metalurh-zaporizhzhia,2,1,transfermarkt
2001/02,15,2002-03-25,karpaty-lviv,dnipro,0,0,transfermarkt
2001/02,15,2002-03-25,kryvbas,shakhtar-donetsk,0,0,transfermarkt
2001/02,15,2002-03-25,arsenal-kyiv,tavriya-simferopol,0,0,transfermarkt
2001/02,16,2002-03-31,oleksandriya,metalurh-zaporizhzhia,0,1,transfermarkt
2001/02,16,2002-03-31,tavriya-simferopol,metalist-kharkiv,2,0,transfermarkt
2001/02,16,2002-03-31,mariupol,arsenal-kyiv,1,2,transfermarkt
2001/02,16,2002-03-31,dnipro,metalurh-donetsk,2,0,transfermarkt
2001/02,16,2002-03-31,hoverla-uzhhorod,vorskla-poltava,2,0,transfermarkt
2001/02,16,2002-03-31,shakhtar-donetsk,karpaty-lviv,3,0,transfermarkt
2001/02,16,2002-03-31,dynamo-kyiv,kryvbas,0,0,transfermarkt
2001/02,17,2002-04-07,kryvbas,hoverla-uzhhorod,1,0,transfermarkt
2001/02,17,2002-04-07,vorskla-poltava,oleksandriya,1,1,transfermarkt
2001/02,17,2002-04-07,metalurh-zaporizhzhia,tavriya-simferopol,0,2,transfermarkt
2001/02,17,2002-04-07,metalist-kharkiv,mariupol,2,2,transfermarkt
2001/02,17,2002-04-08,metalurh-donetsk,shakhtar-donetsk,0,1,transfermarkt
2001/02,17,2002-04-08,karpaty-lviv,dynamo-kyiv,0,2,transfermarkt
2001/02,17,2002-04-08,arsenal-kyiv,dnipro,0,1,transfermarkt
2001/02,18,2002-04-13,oleksandriya,tavriya-simferopol,0,1,transfermarkt
2001/02,18,2002-04-13,vorskla-poltava,kryvbas,2,2,transfermarkt
2001/02,18,2002-04-13,mariupol,metalurh-zaporizhzhia,0,0,transfermarkt
2001/02,18,2002-04-13,dnipro,metalist-kharkiv,0,1,transfermarkt
2001/02,18,2002-04-13,hoverla-uzhhorod,karpaty-lviv,1,0,transfermarkt
2001/02,18,2002-04-13,shakhtar-donetsk,arsenal-kyiv,2,0,transfermarkt
2001/02,18,2002-04-13,dynamo-kyiv,metalurh-donetsk,2,0,transfermarkt
2001/02,19,2002-04-21,metalist-kharkiv,shakhtar-donetsk,1,1,transfermarkt
2001/02,19,2002-04-21,kryvbas,oleksandriya,3,1,transfermarkt
2001/02,19,2002-04-21,karpaty-lviv,vorskla-poltava,0,1,transfermarkt
2001/02,19,2002-04-21,metalurh-donetsk,hoverla-uzhhorod,1,1,transfermarkt
2001/02,19,2002-04-21,metalurh-zaporizhzhia,dnipro,2,1,transfermarkt
2001/02,19,2002-04-21,arsenal-kyiv,dynamo-kyiv,0,1,transfermarkt
2001/02,19,2002-04-21,tavriya-simferopol,mariupol,3,1,transfermarkt
2001/02,20,2002-04-27,hoverla-uzhhorod,arsenal-kyiv,2,1,transfermarkt
2001/02,20,2002-04-27,vorskla-poltava,metalurh-donetsk,2,1,transfermarkt
2001/02,20,2002-04-27,kryvbas,karpaty-lviv,0,0,transfermarkt
2001/02,20,2002-04-27,oleksandriya,mariupol,2,2,transfermarkt
2001/02,20,2002-04-27,shakhtar-donetsk,metalurh-zaporizhzhia,0,0,transfermarkt
2001/02,20,2002-04-27,dynamo-kyiv,metalist-kharkiv,6,0,transfermarkt
2001/02,20,2002-04-27,dnipro,tavriya-simferopol,2,1,transfermarkt
2001/02,21,2002-05-07,metalurh-donetsk,kryvbas,3,2,transfermarkt
2001/02,21,2002-05-07,metalist-kharkiv,hoverla-uzhhorod,4,0,transfermarkt
2001/02,21,2002-05-07,karpaty-lviv,oleksandriya,0,0,transfermarkt
2001/02,21,2002-05-07,metalurh-zaporizhzhia,dynamo-kyiv,1,3,transfermarkt
2001/02,21,2002-05-07,tavriya-simferopol,shakhtar-donetsk,0,1,transfermarkt
2001/02,21,2002-05-07,mariupol,dnipro,0,0,transfermarkt
2001/02,21,2002-05-07,arsenal-kyiv,vorskla-poltava,0,0,transfermarkt
2001/02,22,2002-05-12,hoverla-uzhhorod,metalurh-zaporizhzhia,0,1,transfermarkt
2001/02,22,2002-05-12,vorskla-poltava,metalist-kharkiv,1,1,transfermarkt
2001/02,22,2002-05-12,kryvbas,arsenal-kyiv,1,0,transfermarkt
2001/02,22,2002-05-12,oleksandriya,dnipro,2,6,transfermarkt
2001/02,22,2002-05-12,shakhtar-donetsk,mariupol,2,0,transfermarkt
2001/02,22,2002-05-12,karpaty-lviv,metalurh-donetsk,0,1,transfermarkt
2001/02,22,2002-05-12,dynamo-kyiv,tavriya-simferopol,0,0,transfermarkt
2001/02,23,2002-05-18,arsenal-kyiv,karpaty-lviv,0,0,transfermarkt
2001/02,23,2002-05-18,metalist-kharkiv,kryvbas,0,0,transfermarkt
2001/02,23,2002-05-18,metalurh-zaporizhzhia,vorskla-poltava,1,0,transfermarkt
2001/02,23,2002-05-18,tavriya-simferopol,hoverla-uzhhorod,1,1,transfermarkt
2001/02,24,2002-05-25,metalurh-donetsk,arsenal-kyiv,2,1,transfermarkt
2001/02,24,2002-05-25,hoverla-uzhhorod,mariupol,1,1,transfermarkt
2001/02,24,2002-05-25,vorskla-poltava,tavriya-simferopol,2,0,transfermarkt
2001/02,24,2002-05-25,kryvbas,metalurh-zaporizhzhia,0,0,transfermarkt
2001/02,24,2002-05-25,karpaty-lviv,metalist-kharkiv,0,2,transfermarkt
2001/02,24,2002-05-30,oleksandriya,shakhtar-donetsk,1,2,transfermarkt
2001/02,24,2002-05-30,dynamo-kyiv,dnipro,1,0,transfermarkt
2001/02,25,2002-06-03,arsenal-kyiv,oleksandriya,2,0,transfermarkt
2001/02,25,2002-06-03,metalist-kharkiv,metalurh-donetsk,3,1,transfermarkt
2001/02,25,2002-06-03,metalurh-zaporizhzhia,karpaty-lviv,4,1,transfermarkt
2001/02,25,2002-06-03,vorskla-poltava,mariupol,2,1,transfermarkt
2001/02,25,2002-06-03,tavriya-simferopol,kryvbas,3,2,transfermarkt
2001/02,25,2002-06-03,dnipro,hoverla-uzhhorod,2,0,transfermarkt
2001/02,25,2002-06-03,shakhtar-donetsk,dynamo-kyiv,2,0,transfermarkt
2001/02,23,2002-06-07,metalurh-donetsk,oleksandriya,1,0,transfermarkt
2001/02,23,2002-06-07,mariupol,dynamo-kyiv,0,6,transfermarkt
2001/02,23,2002-06-07,dnipro,shakhtar-donetsk,0,1,transfermarkt
2001/02,26,2002-06-11,oleksandriya,dynamo-kyiv,0,3,transfermarkt
2001/02,26,2002-06-11,hoverla-uzhhorod,shakhtar-donetsk,0,1,transfermarkt
2001/02,26,2002-06-11,dnipro,vorskla-poltava,2,0,transfermarkt
2001/02,26,2002-06-11,mariupol,kryvbas,3,1,transfermarkt
2001/02,26,2002-06-11,karpaty-lviv,tavriya-simferopol,0,0,transfermarkt
2001/02,26,2002-06-11,metalurh-donetsk,metalurh-zaporizhzhia,1,1,transfermarkt
2001/02,26,2002-06-11,arsenal-kyiv,metalist-kharkiv,1,1,transfermarkt
2002/03,1,2002-07-07,metalurh-donetsk,obolon-kyiv,2,1,transfermarkt
2002/03,1,2002-07-07,chornomorets-odesa,kryvbas,0,2,transfermarkt
2002/03,1,2002-07-07,dnipro,volyn-lutsk,2,0,transfermarkt
2002/03,1,2002-07-07,metalist-kharkiv,dynamo-kyiv,0,2,transfermarkt
2002/03,1,2002-07-07,oleksandriya,karpaty-lviv,0,0,transfermarkt
2002/03,1,2002-07-07,arsenal-kyiv,shakhtar-donetsk,0,0,transfermarkt
2002/03,1,2002-07-07,mariupol,vorskla-poltava,4,1,transfermarkt
2002/03,1,2002-07-07,tavriya-simferopol,metalurh-zaporizhzhia,1,1,transfermarkt
2002/03,2,2002-07-12,kryvbas,dnipro,1,1,transfermarkt
2002/03,2,2002-07-12,oleksandriya,metalurh-donetsk,0,2,transfermarkt
2002/03,2,2002-07-12,vorskla-poltava,chornomorets-odesa,1,2,transfermarkt
2002/03,2,2002-07-12,karpaty-lviv,metalurh-zaporizhzhia,1,0,transfermarkt
2002/03,2,2002-07-12,dynamo-kyiv,arsenal-kyiv,3,1,transfermarkt
2002/03,2,2002-07-12,volyn-lutsk,metalist-kharkiv,2,0,transfermarkt
2002/03,2,2002-07-12,shakhtar-donetsk,tavriya-simferopol,5,2,transfermarkt
2002/03,2,2002-07-13,obolon-kyiv,mariupol,0,0,transfermarkt
2002/03,3,2002-07-17,metalurh-donetsk,karpaty-lviv,1,1,transfermarkt
2002/03,3,2002-07-17,metalist-kharkiv,kryvbas,2,1,transfermarkt
2002/03,3,2002-07-17,arsenal-kyiv,volyn-lutsk,8,1,transfermarkt
2002/03,3,2002-07-17,metalurh-zaporizhzhia,shakhtar-donetsk,0,1,transfermarkt
2002/03,3,2002-07-17,mariupol,oleksandriya,1,1,transfermarkt
2002/03,3,2002-07-17,chornomorets-odesa,obolon-kyiv,0,2,transfermarkt
2002/03,3,2002-07-17,dnipro,vorskla-poltava,1,0,transfermarkt
2002/03,3,2002-07-17,tavriya-simferopol,dynamo-kyiv,1,2,transfermarkt
2002/03,4,2002-07-21,metalurh-donetsk,mariupol,2,0,transfermarkt
2002/03,4,2002-07-21,obolon-kyiv,dnipro,1,3,transfermarkt
2002/03,4,2002-07-22,kryvbas,arsenal-kyiv,0,1,transfermarkt
2002/03,4,2002-07-22,vorskla-poltava,metalist-kharkiv,1,0,transfermarkt
2002/03,4,2002-07-22,karpaty-lviv,shakhtar-donetsk,2,4,transfermarkt
2002/03,4,2002-07-22,dynamo-kyiv,metalurh-zaporizhzhia,5,2,transfermarkt
2002/03,4,2002-07-22,volyn-lutsk,tavriya-simferopol,1,0,transfermarkt
2002/03,4,2002-07-22,oleksandriya,chornomorets-odesa,2,1,transfermarkt
2002/03,5,2002-07-26,shakhtar-donetsk,dynamo-kyiv,1,0,transfermarkt
2002/03,5,2002-07-26,mariupol,karpaty-lviv,2,3,transfermarkt
2002/03,5,2002-07-27,metalurh-zaporizhzhia,volyn-lutsk,1,0,transfermarkt
2002/03,5,2002-07-27,metalist-kharkiv,obolon-kyiv,1,1,transfermarkt
2002/03,5,2002-07-27,arsenal-kyiv,vorskla-poltava,2,1,transfermarkt
2002/03,5,2002-07-27,chornomorets-odesa,metalurh-donetsk,0,1,transfermarkt
2002/03,5,2002-07-27,dnipro,oleksandriya,1,1,transfermarkt
2002/03,5,2002-07-27,tavriya-simferopol,kryvbas,4,2,transfermarkt
2002/03,6,2002-08-04,kryvbas,metalurh-zaporizhzhia,0,0,transfermarkt
2002/03,6,2002-08-04,obolon-kyiv,arsenal-kyiv,0,2,transfermarkt
2002/03,6,2002-08-04,metalurh-donetsk,dnipro,1,3,transfermarkt
2002/03,6,2002-08-04,vorskla-poltava,tavriya-simferopol,1,0,transfermarkt
2002/03,6,2002-08-04,volyn-lutsk,shakhtar-donetsk,2,0,transfermarkt
2002/03,6,2002-08-04,oleksandriya,metalist-kharkiv,1,1,transfermarkt
2002/03,6,2002-08-04,mariupol,chornomorets-odesa,2,0,transfermarkt
2002/03,7,2002-08-17,chornomorets-odesa,karpaty-lviv,1,1,transfermarkt
2002/03,7,2002-08-17,dnipro,mariupol,1,0,transfermarkt
2002/03,7,2002-08-17,metalist-kharkiv,metalurh-donetsk,0,3,transfermarkt
2002/03,7,2002-08-17,tavriya-simferopol,obolon-kyiv,3,1,transfermarkt
2002/03,7,2002-08-17,shakhtar-donetsk,kryvbas,1,1,transfermarkt
2002/03,7,2002-08-17,dynamo-kyiv,volyn-lutsk,3,1,transfermarkt
2002/03,7,2002-08-18,arsenal-kyiv,oleksandriya,5,1,transfermarkt
2002/03,7,2002-08-19,metalurh-zaporizhzhia,vorskla-poltava,0,1,transfermarkt
2002/03,8,2002-09-01,oleksandriya,tavriya-simferopol,1,1,transfermarkt
2002/03,8,2002-09-01,metalurh-donetsk,arsenal-kyiv,1,2,transfermarkt
2002/03,8,2002-09-01,karpaty-lviv,volyn-lutsk,0,2,transfermarkt
2002/03,8,2002-09-01,kryvbas,dynamo-kyiv,0,0,transfermarkt
2002/03,8,2002-09-01,vorskla-poltava,shakhtar-donetsk,1,2,transfermarkt
2002/03,8,2002-09-01,mariupol,metalist-kharkiv,1,1,transfermarkt
2002/03,8,2002-09-01,chornomorets-odesa,dnipro,0,1,transfermarkt
2002/03,8,2002-09-02,obolon-kyiv,metalurh-zaporizhzhia,2,0,transfermarkt
2002/03,9,2002-09-12,metalist-kharkiv,chornomorets-odesa,1,0,transfermarkt
2002/03,9,2002-09-12,metalurh-zaporizhzhia,oleksandriya,2,1,transfermarkt
2002/03,9,2002-09-12,dnipro,karpaty-lviv,2,0,transfermarkt
2002/03,9,2002-09-12,tavriya-simferopol,metalurh-donetsk,0,2,transfermarkt
2002/03,9,2002-09-12,shakhtar-donetsk,obolon-kyiv,2,1,transfermarkt
2002/03,9,2002-09-12,dynamo-kyiv,vorskla-poltava,8,0,transfermarkt
2002/03,9,2002-09-12,volyn-lutsk,kryvbas,2,0,transfermarkt
2002/03,9,2002-09-13,arsenal-kyiv,mariupol,2,0,transfermarkt
2002/03,10,2002-09-19,vorskla-poltava,volyn-lutsk,0,1,transfermarkt
2002/03,10,2002-09-21,karpaty-lviv,kryvbas,0,0,transfermarkt
2002/03,10,2002-09-21,oleksandriya,shakhtar-donetsk,0,1,transfermarkt
2002/03,10,2002-09-21,chornomorets-odesa,arsenal-kyiv,1,3,transfermarkt
2002/03,10,2002-09-21,mariupol,tavriya-simferopol,2,0,transfermarkt
2002/03,10,2002-09-21,dnipro,metalist-kharkiv,2,0,transfermarkt
2002/03,10,2002-09-21,obolon-kyiv,dynamo-kyiv,1,1,transfermarkt
2002/03,10,2002-09-24,metalurh-donetsk,metalurh-zaporizhzhia,1,1,transfermarkt
2002/03,11,2002-09-27,shakhtar-donetsk,metalurh-donetsk,3,1,transfermarkt
2002/03,11,2002-09-28,metalurh-zaporizhzhia,mariupol,1,1,transfermarkt
2002/03,11,2002-09-28,metalist-kharkiv,karpaty-lviv,1,0,transfermarkt
2002/03,11,2002-09-28,kryvbas,vorskla-poltava,2,1,transfermarkt
2002/03,11,2002-09-28,tavriya-simferopol,chornomorets-odesa,2,0,transfermarkt
2002/03,11,2002-09-28,dynamo-kyiv,oleksandriya,2,0,transfermarkt
2002/03,11,2002-09-28,volyn-lutsk,obolon-kyiv,2,1,transfermarkt
2002/03,11,2002-09-29,arsenal-kyiv,dnipro,0,3,transfermarkt
2002/03,12,2002-10-06,metalurh-donetsk,dynamo-kyiv,1,0,transfermarkt
2002/03,12,2002-10-06,obolon-kyiv,kryvbas,0,1,transfermarkt
2002/03,12,2002-10-06,karpaty-lviv,vorskla-poltava,3,0,transfermarkt
2002/03,12,2002-10-06,oleksandriya,volyn-lutsk,3,2,transfermarkt
2002/03,12,2002-10-06,mariupol,shakhtar-donetsk,2,4,transfermarkt
2002/03,12,2002-10-06,chornomorets-odesa,metalurh-zaporizhzhia,1,0,transfermarkt
2002/03,12,2002-10-06,metalist-kharkiv,arsenal-kyiv,1,1,transfermarkt
2002/03,12,2002-10-06,dnipro,tavriya-simferopol,2,0,transfermarkt
2002/03,13,2002-10-26,metalurh-zaporizhzhia,dnipro,0,2,transfermarkt
2002/03,13,2002-10-26,kryvbas,oleksandriya,1,1,transfermarkt
2002/03,13,2002-10-26,tavriya-simferopol,metalist-kharkiv,2,0,transfermarkt
2002/03,13,2002-10-26,vorskla-poltava,obolon-kyiv,0,0,transfermarkt
2002/03,13,2002-10-26,shakhtar-donetsk,chornomorets-odesa,2,0,transfermarkt
2002/03,13,2002-10-26,dynamo-kyiv,mariupol,2,0,transfermarkt
2002/03,13,2002-10-26,volyn-lutsk,metalurh-donetsk,1,1,transfermarkt
2002/03,13,2002-10-27,arsenal-kyiv,karpaty-lviv,1,1,transfermarkt
2002/03,14,2002-11-02,karpaty-lviv,obolon-kyiv,0,1,transfermarkt
2002/03,14,2002-11-02,chornomorets-odesa,dynamo-kyiv,1,4,transfermarkt
2002/03,14,2002-11-03,oleksandriya,vorskla-poltava,2,0,transfermarkt
2002/03,14,2002-11-03,metalurh-donetsk,kryvbas,2,1,transfermarkt
2002/03,14,2002-11-03,mariupol,volyn-lutsk,3,2,transfermarkt
2002/03,14,2002-11-03,arsenal-kyiv,tavriya-simferopol,5,0,transfermarkt
2002/03,14,2002-11-03,metalist-kharkiv,metalurh-zaporizhzhia,2,1,transfermarkt
2002/03,14,2002-11-03,dnipro,shakhtar-donetsk,0,3,transfermarkt
2002/03,6,2002-11-05,karpaty-lviv,dynamo-kyiv,0,0,transfermarkt
2002/03,15,2002-11-09,tavriya-simferopol,karpaty-lviv,1,0,transfermarkt
2002/03,15,2002-11-09,metalurh-zaporizhzhia,arsenal-kyiv,0,5,transfermarkt
2002/03,15,2002-11-09,kryvbas,mariupol,2,0,transfermarkt
2002/03,15,2002-11-09,vorskla-poltava,metalurh-donetsk,0,0,transfermarkt
2002/03,15,2002-11-09,shakhtar-donetsk,metalist-kharkiv,2,0,transfermarkt
2002/03,15,2002-11-09,dynamo-kyiv,dnipro,1,0,transfermarkt
2002/03,15,2002-11-09,volyn-lutsk,chornomorets-odesa,2,2,transfermarkt
2002/03,15,2002-11-10,obolon-kyiv,oleksandriya,2,2,transfermarkt
2002/03,16,2003-03-09,metalist-kharkiv,shakhtar-donetsk,0,1,transfermarkt
2002/03,16,2003-03-09,metalurh-donetsk,vorskla-poltava,2,0,transfermarkt
2002/03,16,2003-03-09,mariupol,kryvbas,2,0,transfermarkt
2002/03,16,2003-03-09,oleksandriya,obolon-kyiv,1,0,transfermarkt
2002/03,16,2003-03-09,karpaty-lviv,tavriya-simferopol,3,1,transfermarkt
2002/03,16,2003-03-09,arsenal-kyiv,metalurh-zaporizhzhia,0,0,transfermarkt
2002/03,16,2003-03-09,dnipro,dynamo-kyiv,2,2,transfermarkt
2002/03,16,2003-03-09,chornomorets-odesa,volyn-lutsk,2,0,transfermarkt
2002/03,17,2003-03-16,volyn-lutsk,mariupol,2,1,transfermarkt
2002/03,17,2003-03-16,vorskla-poltava,oleksandriya,2,1,transfermarkt
2002/03,17,2003-03-16,metalurh-zaporizhzhia,metalist-kharkiv,2,0,transfermarkt
2002/03,17,2003-03-16,tavriya-simferopol,arsenal-kyiv,1,0,transfermarkt
2002/03,17,2003-03-16,kryvbas,metalurh-donetsk,0,2,transfermarkt
2002/03,17,2003-03-16,dynamo-kyiv,chornomorets-odesa,2,0,transfermarkt
2002/03,17,2003-03-16,shakhtar-donetsk,dnipro,2,0,transfermarkt
2002/03,17,2003-03-17,obolon-kyiv,karpaty-lviv,2,1,transfermarkt
2002/03,18,2003-03-23,metalurh-donetsk,volyn-lutsk,2,1,transfermarkt
2002/03,18,2003-03-23,metalist-kharkiv,tavriya-simferopol,1,0,transfermarkt
2002/03,18,2003-03-23,mariupol,dynamo-kyiv,0,1,transfermarkt
2002/03,18,2003-03-23,oleksandriya,kryvbas,0,0,transfermarkt
2002/03,18,2003-03-23,obolon-kyiv,vorskla-poltava,1,0,transfermarkt
2002/03,18,2003-03-23,karpaty-lviv,arsenal-kyiv,1,2,transfermarkt
2002/03,18,2003-03-23,dnipro,metalurh-zaporizhzhia,1,0,transfermarkt
2002/03,18,2003-03-23,chornomorets-odesa,shakhtar-donetsk,2,0,transfermarkt
2002/03,19,2003-04-06,vorskla-poltava,karpaty-lviv,3,0,transfermarkt
2002/03,19,2003-04-06,metalurh-zaporizhzhia,chornomorets-odesa,1,2,transfermarkt
2002/03,19,2003-04-06,kryvbas,obolon-kyiv,1,0,transfermarkt
2002/03,19,2003-04-06,dynamo-kyiv,metalurh-donetsk,2,0,transfermarkt
2002/03,19,2003-04-06,shakhtar-donetsk,mariupol,4,2,transfermarkt
2002/03,19,2003-04-06,tavriya-simferopol,dnipro,3,2,transfermarkt
2002/03,19,2003-04-06,volyn-lutsk,oleksandriya,1,0,transfermarkt
2002/03,19,2003-04-07,arsenal-kyiv,metalist-kharkiv,1,0,transfermarkt
2002/03,20,2003-04-12,metalurh-donetsk,shakhtar-donetsk,0,2,transfermarkt
2002/03,20,2003-04-12,obolon-kyiv,volyn-lutsk,1,1,transfermarkt
2002/03,20,2003-04-12,oleksandriya,dynamo-kyiv,0,2,transfermarkt
2002/03,20,2003-04-12,dnipro,arsenal-kyiv,0,0,transfermarkt
2002/03,20,2003-04-13,vorskla-poltava,kryvbas,2,1,transfermarkt
2002/03,20,2003-04-13,karpaty-lviv,metalist-kharkiv,2,0,transfermarkt
2002/03,20,2003-04-13,chornomorets-odesa,tavriya-simferopol,2,0,transfermarkt
2002/03,20,2003-04-13,mariupol,metalurh-zaporizhzhia,1,1,transfermarkt
2002/03,21,2003-04-19,arsenal-kyiv,chornomorets-odesa,1,0,transfermarkt
2002/03,21,2003-04-20,metalist-kharkiv,dnipro,0,2,transfermarkt
2002/03,21,2003-04-20,metalurh-zaporizhzhia,metalurh-donetsk,0,1,transfermarkt
2002/03,21,2003-04-20,kryvbas,karpaty-lviv,2,1,transfermarkt
2002/03,21,2003-04-20,dynamo-kyiv,obolon-kyiv,5,3,transfermarkt
2002/03,21,2003-04-20,shakhtar-donetsk,oleksandriya,5,0,transfermarkt
2002/03,21,2003-04-20,tavriya-simferopol,mariupol,0,0,transfermarkt
2002/03,21,2003-04-20,volyn-lutsk,vorskla-poltava,0,0,transfermarkt
2002/03,22,2003-04-26,karpaty-lviv,dnipro,1,0,transfermarkt
2002/03,22,2003-04-26,vorskla-poltava,dynamo-kyiv,1,2,transfermarkt
2002/03,22,2003-04-26,chornomorets-odesa,metalist-kharkiv,1,0,transfermarkt
2002/03,22,2003-04-26,mariupol,arsenal-kyiv,0,0,transfermarkt
2002/03,22,2003-04-26,metalurh-donetsk,tavriya-simferopol,2,0,transfermarkt
2002/03,22,2003-04-26,oleksandriya,metalurh-zaporizhzhia,2,1,transfermarkt
2002/03,22,2003-04-26,obolon-kyiv,shakhtar-donetsk,0,1,transfermarkt
2002/03,22,2003-04-26,kryvbas,volyn-lutsk,0,1,transfermarkt
2002/03,23,2003-05-04,dynamo-kyiv,kryvbas,1,0,transfermarkt
2002/03,23,2003-05-04,metalurh-zaporizhzhia,obolon-kyiv,2,0,transfermarkt
2002/03,23,2003-05-04,tavriya-simferopol,oleksandriya,3,1,transfermarkt
2002/03,23,2003-05-04,metalist-kharkiv,mariupol,0,1,transfermarkt
2002/03,23,2003-05-04,dnipro,chornomorets-odesa,0,0,transfermarkt
2002/03,23,2003-05-04,shakhtar-donetsk,vorskla-poltava,0,0,transfermarkt
2002/03,23,2003-05-04,volyn-lutsk,karpaty-lviv,0,1,transfermarkt
2002/03,23,2003-05-05,arsenal-kyiv,metalurh-donetsk,1,3,transfermarkt
2002/03,24,2003-05-08,kryvbas,shakhtar-donetsk,0,1,transfermarkt
2002/03,24,2003-05-08,volyn-lutsk,dynamo-kyiv,1,0,transfermarkt
2002/03,24,2003-05-11,metalurh-donetsk,metalist-kharkiv,3,2,transfermarkt
2002/03,24,2003-05-11,karpaty-lviv,chornomorets-odesa,2,1,transfermarkt
2002/03,24,2003-05-11,mariupol,dnipro,2,0,transfermarkt
2002/03,24,2003-05-11,obolon-kyiv,tavriya-simferopol,1,1,transfermarkt
2002/03,24,2003-05-11,oleksandriya,arsenal-kyiv,0,0,transfermarkt
2002/03,24,2003-05-11,vorskla-poltava,metalurh-zaporizhzhia,2,0,transfermarkt
2002/03,25,2003-05-17,dnipro,metalurh-donetsk,4,1,transfermarkt
2002/03,25,2003-05-17,metalurh-zaporizhzhia,kryvbas,2,1,transfermarkt
2002/03,25,2003-05-17,metalist-kharkiv,oleksandriya,0,1,transfermarkt
2002/03,25,2003-05-17,tavriya-simferopol,vorskla-poltava,3,2,transfermarkt
2002/03,25,2003-05-17,chornomorets-odesa,mariupol,3,2,transfermarkt
2002/03,25,2003-05-17,shakhtar-donetsk,volyn-lutsk,1,3,transfermarkt
2002/03,25,2003-05-17,dynamo-kyiv,karpaty-lviv,2,0,transfermarkt
2002/03,25,2003-05-18,arsenal-kyiv,obolon-kyiv,2,0,transfermarkt
2002/03,26,2003-05-21,dynamo-kyiv,shakhtar-donetsk,2,1,transfermarkt
2002/03,26,2003-05-24,karpaty-lviv,mariupol,1,1,transfermarkt
2002/03,26,2003-05-24,vorskla-poltava,arsenal-kyiv,1,1,transfermarkt
2002/03,26,2003-05-24,metalurh-donetsk,chornomorets-odesa,2,0,transfermarkt
2002/03,26,2003-05-24,obolon-kyiv,metalist-kharkiv,3,1,transfermarkt
2002/03,26,2003-05-24,kryvbas,tavriya-simferopol,2,1,transfermarkt
2002/03,26,2003-05-24,oleksandriya,dnipro,0,1,transfermarkt
2002/03,26,2003-05-24,volyn-lutsk,metalurh-zaporizhzhia,0,2,transfermarkt
2002/03,27,2003-05-28,dnipro,obolon-kyiv,4,2,transfermarkt
2002/03,27,2003-05-28,tavriya-simferopol,volyn-lutsk,1,1,transfermarkt
2002/03,27,2003-05-28,metalist-kharkiv,vorskla-poltava,0,0,transfermarkt
2002/03,27,2003-05-28,chornomorets-odesa,oleksandriya,2,1,transfermarkt
2002/03,27,2003-05-28,mariupol,metalurh-donetsk,1,1,transfermarkt
2002/03,27,2003-05-28,arsenal-kyiv,kryvbas,2,1,transfermarkt
2002/03,27,2003-05-29,metalurh-zaporizhzhia,dynamo-kyiv,0,3,transfermarkt
2002/03,27,2003-05-29,shakhtar-donetsk,karpaty-lviv,4,0,transfermarkt
2002/03,28,2003-06-01,vorskla-poltava,dnipro,2,0,transfermarkt
2002/03,28,2003-06-01,obolon-kyiv,chornomorets-odesa,4,1,transfermarkt
2002/03,28,2003-06-01,oleksandriya,mariupol,1,0,transfermarkt
2002/03,28,2003-06-01,volyn-lutsk,arsenal-kyiv,0,1,transfermarkt
2002/03,28,2003-06-02,karpaty-lviv,metalurh-donetsk,0,0,transfermarkt
2002/03,28,2003-06-02,kryvbas,metalist-kharkiv,1,0,transfermarkt
2002/03,28,2003-06-02,shakhtar-donetsk,metalurh-zaporizhzhia,2,0,transfermarkt
2002/03,28,2003-06-02,dynamo-kyiv,tavriya-simferopol,4,1,transfermarkt
2002/03,29,2003-06-15,metalurh-zaporizhzhia,karpaty-lviv,1,1,transfermarkt
2002/03,29,2003-06-15,metalist-kharkiv,volyn-lutsk,3,1,transfermarkt
2002/03,29,2003-06-15,chornomorets-odesa,vorskla-poltava,2,2,transfermarkt
2002/03,29,2003-06-15,metalurh-donetsk,oleksandriya,1,0,transfermarkt
2002/03,29,2003-06-15,tavriya-simferopol,shakhtar-donetsk,3,3,transfermarkt
2002/03,29,2003-06-15,arsenal-kyiv,dynamo-kyiv,0,1,transfermarkt
2002/03,29,2003-06-15,dnipro,kryvbas,3,0,transfermarkt
2002/03,29,2003-06-15,mariupol,obolon-kyiv,2,1,transfermarkt
2002/03,30,2003-06-18,karpaty-lviv,oleksandriya,3,2,transfermarkt
2002/03,30,2003-06-18,obolon-kyiv,metalurh-donetsk,0,3,transfermarkt
2002/03,30,2003-06-18,vorskla-poltava,mariupol,1,1,transfermarkt
2002/03,30,2003-06-18,kryvbas,chornomorets-odesa,2,4,transfermarkt
2002/03,30,2003-06-18,volyn-lutsk,dnipro,4,5,transfermarkt
2002/03,30,2003-06-18,dynamo-kyiv,metalist-kharkiv,4,2,transfermarkt
2002/03,30,2003-06-18,shakhtar-donetsk,arsenal-kyiv,3,0,transfermarkt
2002/03,30,2003-06-18,metalurh-zaporizhzhia,tavriya-simferopol,1,1,transfermarkt
2003/04,1,2003-07-12,metalurh-donetsk,vorskla-poltava,2,2,transfermarkt
2003/04,1,2003-07-12,metalurh-zaporizhzhia,shakhtar-donetsk,0,3,transfermarkt
2003/04,1,2003-07-12,borysfen-boryspil,dnipro,0,2,transfermarkt
2003/04,1,2003-07-12,zirka-kropyvnytskyi,arsenal-kyiv,1,0,transfermarkt
2003/04,1,2003-07-12,karpaty-lviv,kryvbas,4,1,transfermarkt
2003/04,1,2003-07-12,mariupol,tavriya-simferopol,1,1,transfermarkt
2003/04,1,2003-07-12,dynamo-kyiv,volyn-lutsk,5,1,transfermarkt
2003/04,1,2003-07-13,obolon-kyiv,chornomorets-odesa,1,0,transfermarkt
2003/04,2,2003-07-17,shakhtar-donetsk,vorskla-poltava,4,0,transfermarkt
2003/04,2,2003-07-17,chornomorets-odesa,dynamo-kyiv,1,0,transfermarkt
2003/04,2,2003-07-17,dnipro,karpaty-lviv,4,1,transfermarkt
2003/04,2,2003-07-17,metalurh-zaporizhzhia,borysfen-boryspil,1,0,transfermarkt
2003/04,2,2003-07-17,tavriya-simferopol,metalurh-donetsk,1,1,transfermarkt
2003/04,2,2003-07-17,arsenal-kyiv,obolon-kyiv,2,1,transfermarkt
2003/04,2,2003-07-17,volyn-lutsk,mariupol,2,2,transfermarkt
2003/04,2,2003-07-17,kryvbas,zirka-kropyvnytskyi,1,0,transfermarkt
2003/04,3,2003-07-21,obolon-kyiv,kryvbas,1,1,transfermarkt
2003/04,3,2003-07-22,borysfen-boryspil,shakhtar-donetsk,0,1,transfermarkt
2003/04,3,2003-07-22,zirka-kropyvnytskyi,dnipro,0,3,transfermarkt
2003/04,3,2003-07-22,vorskla-poltava,tavriya-simferopol,0,0,transfermarkt
2003/04,3,2003-07-22,metalurh-donetsk,volyn-lutsk,1,0,transfermarkt
2003/04,3,2003-07-22,karpaty-lviv,metalurh-zaporizhzhia,1,0,transfermarkt
2003/04,3,2003-07-22,mariupol,chornomorets-odesa,1,2,transfermarkt
2003/04,3,2003-07-22,dynamo-kyiv,arsenal-kyiv,3,0,transfermarkt
2003/04,4,2003-07-26,shakhtar-donetsk,tavriya-simferopol,2,0,transfermarkt
2003/04,4,2003-07-27,chornomorets-odesa,metalurh-donetsk,1,1,transfermarkt
2003/04,4,2003-07-27,borysfen-boryspil,karpaty-lviv,0,0,transfermarkt
2003/04,4,2003-07-27,metalurh-zaporizhzhia,zirka-kropyvnytskyi,3,1,transfermarkt
2003/04,4,2003-07-27,arsenal-kyiv,mariupol,0,2,transfermarkt
2003/04,4,2003-07-27,volyn-lutsk,vorskla-poltava,0,1,transfermarkt
2003/04,4,2003-07-27,kryvbas,dynamo-kyiv,0,1,transfermarkt
2003/04,4,2003-07-27,dnipro,obolon-kyiv,1,0,transfermarkt
2003/04,5,2003-08-02,obolon-kyiv,metalurh-zaporizhzhia,1,0,transfermarkt
2003/04,5,2003-08-03,metalurh-donetsk,arsenal-kyiv,4,2,transfermarkt
2003/04,5,2003-08-03,vorskla-poltava,chornomorets-odesa,1,1,transfermarkt
2003/04,5,2003-08-03,mariupol,kryvbas,1,0,transfermarkt
2003/04,5,2003-08-03,tavriya-simferopol,volyn-lutsk,1,0,transfermarkt
2003/04,5,2003-08-03,karpaty-lviv,shakhtar-donetsk,1,2,transfermarkt
2003/04,5,2003-08-03,zirka-kropyvnytskyi,borysfen-boryspil,1,1,transfermarkt
2003/04,5,2003-08-03,dynamo-kyiv,dnipro,2,1,transfermarkt
2003/04,6,2003-08-17,borysfen-boryspil,obolon-kyiv,1,0,transfermarkt
2003/04,6,2003-08-17,shakhtar-donetsk,volyn-lutsk,3,1,transfermarkt
2003/04,6,2003-08-17,chornomorets-odesa,tavriya-simferopol,2,0,transfermarkt
2003/04,6,2003-08-17,arsenal-kyiv,vorskla-poltava,4,0,transfermarkt
2003/04,6,2003-08-17,metalurh-zaporizhzhia,dynamo-kyiv,2,2,transfermarkt
2003/04,6,2003-08-17,kryvbas,metalurh-donetsk,0,0,transfermarkt
2003/04,6,2003-08-17,karpaty-lviv,zirka-kropyvnytskyi,0,0,transfermarkt
2003/04,6,2003-08-18,dnipro,mariupol,2,0,transfermarkt
2003/04,7,2003-08-31,metalurh-donetsk,dnipro,3,1,transfermarkt
2003/04,7,2003-08-31,tavriya-simferopol,arsenal-kyiv,1,1,transfermarkt
2003/04,7,2003-08-31,zirka-kropyvnytskyi,shakhtar-donetsk,0,1,transfermarkt
2003/04,7,2003-08-31,mariupol,metalurh-zaporizhzhia,1,1,transfermarkt
2003/04,7,2003-08-31,vorskla-poltava,kryvbas,1,1,transfermarkt
2003/04,7,2003-08-31,volyn-lutsk,chornomorets-odesa,1,1,transfermarkt
2003/04,7,2003-08-31,dynamo-kyiv,borysfen-boryspil,3,0,transfermarkt
2003/04,7,2003-09-01,obolon-kyiv,karpaty-lviv,1,0,transfermarkt
2003/04,8,2003-09-13,karpaty-lviv,dynamo-kyiv,3,4,transfermarkt
2003/04,8,2003-09-14,metalurh-zaporizhzhia,metalurh-donetsk,1,4,transfermarkt
2003/04,8,2003-09-14,borysfen-boryspil,mariupol,1,1,transfermarkt
2003/04,8,2003-09-14,zirka-kropyvnytskyi,obolon-kyiv,1,1,transfermarkt
2003/04,8,2003-09-14,shakhtar-donetsk,chornomorets-odesa,4,1,transfermarkt
2003/04,8,2003-09-14,arsenal-kyiv,volyn-lutsk,1,0,transfermarkt
2003/04,8,2003-09-14,dnipro,vorskla-poltava,2,1,transfermarkt
2003/04,8,2003-09-14,kryvbas,tavriya-simferopol,1,0,transfermarkt
2003/04,9,2003-09-19,metalurh-donetsk,borysfen-boryspil,2,0,transfermarkt
2003/04,9,2003-09-19,tavriya-simferopol,dnipro,0,2,transfermarkt
2003/04,9,2003-09-20,mariupol,karpaty-lviv,2,1,transfermarkt
2003/04,9,2003-09-20,vorskla-poltava,metalurh-zaporizhzhia,1,0,transfermarkt
2003/04,9,2003-09-20,obolon-kyiv,shakhtar-donetsk,3,4,transfermarkt
2003/04,9,2003-09-20,chornomorets-odesa,arsenal-kyiv,1,1,transfermarkt
2003/04,9,2003-09-20,volyn-lutsk,kryvbas,2,0,transfermarkt
2003/04,9,2003-09-21,dynamo-kyiv,zirka-kropyvnytskyi,2,0,transfermarkt
2003/04,10,2003-09-26,obolon-kyiv,dynamo-kyiv,0,4,transfermarkt
2003/04,10,2003-09-27,zirka-kropyvnytskyi,mariupol,2,2,transfermarkt
2003/04,10,2003-09-27,borysfen-boryspil,vorskla-poltava,2,0,transfermarkt
2003/04,10,2003-09-27,metalurh-zaporizhzhia,tavriya-simferopol,1,0,transfermarkt
2003/04,10,2003-09-27,kryvbas,chornomorets-odesa,3,3,transfermarkt
2003/04,10,2003-09-28,karpaty-lviv,metalurh-donetsk,0,2,transfermarkt
2003/04,10,2003-09-28,shakhtar-donetsk,arsenal-kyiv,2,1,transfermarkt
2003/04,10,2003-09-28,dnipro,volyn-lutsk,5,1,transfermarkt
2003/04,11,2003-10-04,vorskla-poltava,karpaty-lviv,0,0,transfermarkt
2003/04,11,2003-10-04,mariupol,obolon-kyiv,1,1,transfermarkt
2003/04,11,2003-10-04,tavriya-simferopol,borysfen-boryspil,1,2,transfermarkt
2003/04,11,2003-10-04,chornomorets-odesa,dnipro,2,1,transfermarkt
2003/04,11,2003-10-04,arsenal-kyiv,kryvbas,2,0,transfermarkt
2003/04,11,2003-10-04,metalurh-donetsk,zirka-kropyvnytskyi,1,0,transfermarkt
2003/04,11,2003-10-04,volyn-lutsk,metalurh-zaporizhzhia,1,0,transfermarkt
2003/04,11,2003-10-05,dynamo-kyiv,shakhtar-donetsk,1,1,transfermarkt
2003/04,12,2003-10-17,dynamo-kyiv,mariupol,2,0,transfermarkt
2003/04,12,2003-10-18,borysfen-boryspil,volyn-lutsk,1,0,transfermarkt
2003/04,12,2003-10-18,zirka-kropyvnytskyi,vorskla-poltava,0,1,transfermarkt
2003/04,12,2003-10-18,karpaty-lviv,tavriya-simferopol,1,0,transfermarkt
2003/04,12,2003-10-18,metalurh-zaporizhzhia,chornomorets-odesa,2,2,transfermarkt
2003/04,12,2003-10-19,obolon-kyiv,metalurh-donetsk,2,1,transfermarkt
2003/04,12,2003-10-19,dnipro,arsenal-kyiv,0,0,transfermarkt
2003/04,12,2003-10-19,shakhtar-donetsk,kryvbas,0,0,transfermarkt
2003/04,13,2003-10-25,metalurh-donetsk,dynamo-kyiv,0,3,transfermarkt
2003/04,13,2003-10-25,vorskla-poltava,obolon-kyiv,0,2,transfermarkt
2003/04,13,2003-10-25,chornomorets-odesa,borysfen-boryspil,1,0,transfermarkt
2003/04,13,2003-10-25,mariupol,shakhtar-donetsk,0,2,transfermarkt
2003/04,13,2003-10-25,tavriya-simferopol,zirka-kropyvnytskyi,2,0,transfermarkt
2003/04,13,2003-10-25,arsenal-kyiv,metalurh-zaporizhzhia,2,1,transfermarkt
2003/04,13,2003-10-25,kryvbas,dnipro,1,2,transfermarkt
2003/04,13,2003-10-25,volyn-lutsk,karpaty-lviv,1,0,transfermarkt
2003/04,14,2003-11-03,borysfen-boryspil,arsenal-kyiv,0,2,transfermarkt
2003/04,14,2003-11-03,zirka-kropyvnytskyi,volyn-lutsk,1,0,transfermarkt
2003/04,14,2003-11-03,metalurh-zaporizhzhia,kryvbas,1,0,transfermarkt
2003/04,14,2003-11-03,karpaty-lviv,chornomorets-odesa,1,1,transfermarkt
2003/04,14,2003-11-03,mariupol,metalurh-donetsk,2,2,transfermarkt
2003/04,14,2003-11-03,dynamo-kyiv,vorskla-poltava,2,1,transfermarkt
2003/04,14,2003-11-03,shakhtar-donetsk,dnipro,1,1,transfermarkt
2003/04,14,2003-11-03,obolon-kyiv,tavriya-simferopol,1,0,transfermarkt
2003/04,15,2003-11-09,metalurh-donetsk,shakhtar-donetsk,1,3,transfermarkt
2003/04,15,2003-11-09,vorskla-poltava,mariupol,3,1,transfermarkt
2003/04,15,2003-11-09,chornomorets-odesa,zirka-kropyvnytskyi,0,0,transfermarkt
2003/04,15,2003-11-09,kryvbas,borysfen-boryspil,1,0,transfermarkt
2003/04,15,2003-11-09,arsenal-kyiv,karpaty-lviv,2,3,transfermarkt
2003/04,15,2003-11-09,volyn-lutsk,obolon-kyiv,1,1,transfermarkt
2003/04,15,2003-11-10,tavriya-simferopol,dynamo-kyiv,0,0,transfermarkt
2003/04,15,2003-11-10,dnipro,metalurh-zaporizhzhia,0,0,transfermarkt
2003/04,16,2004-03-14,mariupol,vorskla-poltava,1,0,transfermarkt
2003/04,16,2004-03-14,zirka-kropyvnytskyi,chornomorets-odesa,1,1,transfermarkt
2003/04,16,2004-03-14,borysfen-boryspil,kryvbas,2,1,transfermarkt
2003/04,16,2004-03-14,karpaty-lviv,arsenal-kyiv,0,0,transfermarkt
2003/04,16,2004-03-14,metalurh-zaporizhzhia,dnipro,0,0,transfermarkt
2003/04,16,2004-03-14,shakhtar-donetsk,metalurh-donetsk,2,0,transfermarkt
2003/04,16,2004-03-14,dynamo-kyiv,tavriya-simferopol,0,0,transfermarkt
2003/04,16,2004-03-15,obolon-kyiv,volyn-lutsk,1,0,transfermarkt
2003/04,17,2004-03-20,chornomorets-odesa,karpaty-lviv,1,0,transfermarkt
2003/04,17,2004-03-20,vorskla-poltava,dynamo-kyiv,1,3,transfermarkt
2003/04,17,2004-03-20,kryvbas,metalurh-zaporizhzhia,1,0,transfermarkt
2003/04,17,2004-03-20,dnipro,shakhtar-donetsk,1,0,transfermarkt
2003/04,17,2004-03-20,arsenal-kyiv,borysfen-boryspil,2,0,transfermarkt
2003/04,17,2004-03-20,volyn-lutsk,zirka-kropyvnytskyi,3,1,transfermarkt
2003/04,17,2004-03-20,tavriya-simferopol,obolon-kyiv,1,1,transfermarkt
2003/04,17,2004-03-20,metalurh-donetsk,mariupol,5,1,transfermarkt
2003/04,18,2004-03-27,zirka-kropyvnytskyi,tavriya-simferopol,1,1,transfermarkt
2003/04,18,2004-03-27,borysfen-boryspil,chornomorets-odesa,1,1,transfermarkt
2003/04,18,2004-03-27,karpaty-lviv,volyn-lutsk,0,1,transfermarkt
2003/04,18,2004-03-27,metalurh-zaporizhzhia,arsenal-kyiv,1,0,transfermarkt
2003/04,18,2004-03-27,shakhtar-donetsk,mariupol,2,0,transfermarkt
2003/04,18,2004-03-27,dynamo-kyiv,metalurh-donetsk,2,1,transfermarkt
2003/04,18,2004-03-27,dnipro,kryvbas,2,1,transfermarkt
2003/04,18,2004-03-28,obolon-kyiv,vorskla-poltava,1,0,transfermarkt
2003/04,19,2004-04-04,chornomorets-odesa,metalurh-zaporizhzhia,2,1,transfermarkt
2003/04,19,2004-04-04,vorskla-poltava,zirka-kropyvnytskyi,1,1,transfermarkt
2003/04,19,2004-04-04,mariupol,dynamo-kyiv,0,1,transfermarkt
2003/04,19,2004-04-04,kryvbas,shakhtar-donetsk,1,0,transfermarkt
2003/04,19,2004-04-04,metalurh-donetsk,obolon-kyiv,0,0,transfermarkt
2003/04,19,2004-04-04,arsenal-kyiv,dnipro,1,1,transfermarkt
2003/04,19,2004-04-04,volyn-lutsk,borysfen-boryspil,1,0,transfermarkt
2003/04,19,2004-04-04,tavriya-simferopol,karpaty-lviv,1,0,transfermarkt
2003/04,20,2004-04-10,karpaty-lviv,vorskla-poltava,0,1,transfermarkt
2003/04,20,2004-04-10,obolon-kyiv,mariupol,0,2,transfermarkt
2003/04,20,2004-04-10,zirka-kropyvnytskyi,metalurh-donetsk,0,2,transfermarkt
2003/04,20,2004-04-10,borysfen-boryspil,tavriya-simferopol,1,0,transfermarkt
2003/04,20,2004-04-10,metalurh-zaporizhzhia,volyn-lutsk,0,0,transfermarkt
2003/04,20,2004-04-10,kryvbas,arsenal-kyiv,1,1,transfermarkt
2003/04,20,2004-04-10,shakhtar-donetsk,dynamo-kyiv,2,4,transfermarkt
2003/04,20,2004-04-10,dnipro,chornomorets-odesa,1,0,transfermarkt
2003/04,21,2004-04-16,vorskla-poltava,borysfen-boryspil,1,1,transfermarkt
2003/04,21,2004-04-16,metalurh-donetsk,karpaty-lviv,0,0,transfermarkt
2003/04,21,2004-04-16,arsenal-kyiv,shakhtar-donetsk,0,0,transfermarkt
2003/04,21,2004-04-16,volyn-lutsk,dnipro,2,2,transfermarkt
2003/04,21,2004-04-16,mariupol,zirka-kropyvnytskyi,1,0,transfermarkt
2003/04,21,2004-04-16,chornomorets-odesa,kryvbas,3,0,transfermarkt
2003/04,21,2004-04-16,tavriya-simferopol,metalurh-zaporizhzhia,2,0,transfermarkt
2003/04,21,2004-04-16,dynamo-kyiv,obolon-kyiv,2,0,transfermarkt
2003/04,22,2004-04-24,karpaty-lviv,mariupol,1,1,transfermarkt
2003/04,22,2004-04-24,borysfen-boryspil,metalurh-donetsk,1,1,transfermarkt
2003/04,22,2004-04-24,metalurh-zaporizhzhia,vorskla-poltava,1,1,transfermarkt
2003/04,22,2004-04-24,shakhtar-donetsk,obolon-kyiv,2,0,transfermarkt
2003/04,22,2004-04-24,zirka-kropyvnytskyi,dynamo-kyiv,0,1,transfermarkt
2003/04,22,2004-04-24,dnipro,tavriya-simferopol,3,1,transfermarkt
2003/04,22,2004-04-24,arsenal-kyiv,chornomorets-odesa,2,1,transfermarkt
2003/04,22,2004-04-24,kryvbas,volyn-lutsk,3,0,transfermarkt
2003/04,23,2004-05-02,metalurh-donetsk,metalurh-zaporizhzhia,4,2,transfermarkt
2003/04,23,2004-05-02,vorskla-poltava,dnipro,0,2,transfermarkt
2003/04,23,2004-05-02,mariupol,borysfen-boryspil,0,0,transfermarkt
2003/04,23,2004-05-02,volyn-lutsk,arsenal-kyiv,2,1,transfermarkt
2003/04,23,2004-05-02,tavriya-simferopol,kryvbas,2,1,transfermarkt
2003/04,23,2004-05-02,dynamo-kyiv,karpaty-lviv,1,0,transfermarkt
2003/04,23,2004-05-02,chornomorets-odesa,shakhtar-donetsk,2,0,transfermarkt
2003/04,23,2004-05-03,obolon-kyiv,zirka-kropyvnytskyi,3,0,transfermarkt
2003/04,24,2004-05-09,borysfen-boryspil,dynamo-kyiv,2,0,transfermarkt
2003/04,24,2004-05-09,shakhtar-donetsk,zirka-kropyvnytskyi,3,0,transfermarkt
2003/04,24,2004-05-09,karpaty-lviv,obolon-kyiv,1,0,transfermarkt
2003/04,24,2004-05-09,dnipro,metalurh-donetsk,0,0,transfermarkt
2003/04,24,2004-05-09,kryvbas,vorskla-poltava,3,1,transfermarkt
2003/04,24,2004-05-09,arsenal-kyiv,tavriya-simferopol,1,0,transfermarkt
2003/04,24,2004-05-09,chornomorets-odesa,volyn-lutsk,1,1,transfermarkt
2003/04,24,2004-05-09,metalurh-zaporizhzhia,mariupol,0,0,transfermarkt
2003/04,25,2004-05-16,metalurh-donetsk,kryvbas,1,2,transfermarkt
2003/04,25,2004-05-16,mariupol,dnipro,3,1,transfermarkt
2003/04,25,2004-05-16,zirka-kropyvnytskyi,karpaty-lviv,3,0,transfermarkt
2003/04,25,2004-05-16,volyn-lutsk,shakhtar-donetsk,0,2,transfermarkt
2003/04,25,2004-05-16,tavriya-simferopol,chornomorets-odesa,0,0,transfermarkt
2003/04,25,2004-05-16,vorskla-poltava,arsenal-kyiv,4,2,transfermarkt
2003/04,25,2004-05-16,obolon-kyiv,borysfen-boryspil,3,3,transfermarkt
2003/04,25,2004-05-18,dynamo-kyiv,metalurh-zaporizhzhia,2,0,transfermarkt
2003/04,26,2004-05-22,chornomorets-odesa,vorskla-poltava,2,0,transfermarkt
2003/04,26,2004-05-22,borysfen-boryspil,zirka-kropyvnytskyi,1,0,transfermarkt
2003/04,26,2004-05-22,dnipro,dynamo-kyiv,1,0,transfermarkt
2003/04,26,2004-05-22,kryvbas,mariupol,0,3,transfermarkt
2003/04,26,2004-05-22,arsenal-kyiv,metalurh-donetsk,2,3,transfermarkt
2003/04,26,2004-05-22,shakhtar-donetsk,karpaty-lviv,5,0,transfermarkt
2003/04,26,2004-05-22,volyn-lutsk,tavriya-simferopol,1,1,transfermarkt
2003/04,26,2004-05-22,metalurh-zaporizhzhia,obolon-kyiv,3,2,transfermarkt
2003/04,27,2004-05-26,obolon-kyiv,dnipro,2,2,transfermarkt
2003/04,27,2004-05-26,tavriya-simferopol,shakhtar-donetsk,1,2,transfermarkt
2003/04,27,2004-05-29,metalurh-donetsk,chornomorets-odesa,2,1,transfermarkt
2003/04,27,2004-05-29,karpaty-lviv,borysfen-boryspil,2,3,transfermarkt
2003/04,27,2004-05-29,vorskla-poltava,volyn-lutsk,2,2,transfermarkt
2003/04,27,2004-05-29,mariupol,arsenal-kyiv,2,1,transfermarkt
2003/04,27,2004-05-29,zirka-kropyvnytskyi,metalurh-zaporizhzhia,1,3,transfermarkt
2003/04,27,2004-05-29,dynamo-kyiv,kryvbas,6,0,transfermarkt
2003/04,28,2004-06-10,kryvbas,obolon-kyiv,1,0,transfermarkt
2003/04,28,2004-06-10,chornomorets-odesa,mariupol,2,1,transfermarkt
2003/04,28,2004-06-10,shakhtar-donetsk,borysfen-boryspil,1,0,transfermarkt
2003/04,28,2004-06-10,metalurh-zaporizhzhia,karpaty-lviv,2,0,transfermarkt
2003/04,28,2004-06-10,volyn-lutsk,metalurh-donetsk,1,3,transfermarkt
2003/04,28,2004-06-10,dnipro,zirka-kropyvnytskyi,1,0,transfermarkt
2003/04,28,2004-06-10,arsenal-kyiv,dynamo-kyiv,1,6,transfermarkt
2003/04,28,2004-06-10,tavriya-simferopol,vorskla-poltava,3,1,transfermarkt
2003/04,29,2004-06-14,vorskla-poltava,shakhtar-donetsk,0,3,transfermarkt
2003/04,29,2004-06-14,metalurh-donetsk,tavriya-simferopol,1,1,transfermarkt
2003/04,29,2004-06-14,mariupol,volyn-lutsk,2,0,transfermarkt
2003/04,29,2004-06-14,dynamo-kyiv,chornomorets-odesa,4,2,transfermarkt
2003/04,29,2004-06-14,zirka-kropyvnytskyi,kryvbas,0,1,transfermarkt
2003/04,29,2004-06-14,karpaty-lviv,dnipro,0,0,transfermarkt
2003/04,29,2004-06-14,borysfen-boryspil,metalurh-zaporizhzhia,1,0,transfermarkt
2003/04,29,2004-06-15,obolon-kyiv,arsenal-kyiv,3,1,transfermarkt
2003/04,30,2004-06-19,shakhtar-donetsk,metalurh-zaporizhzhia,5,0,transfermarkt
2003/04,30,2004-06-19,dnipro,borysfen-boryspil,0,1,transfermarkt
2003/04,30,2004-06-19,kryvbas,karpaty-lviv,0,2,transfermarkt
2003/04,30,2004-06-19,arsenal-kyiv,zirka-kropyvnytskyi,3,1,transfermarkt
2003/04,30,2004-06-19,chornomorets-odesa,obolon-kyiv,0,2,transfermarkt
2003/04,30,2004-06-19,volyn-lutsk,dynamo-kyiv,0,2,transfermarkt
2003/04,30,2004-06-19,tavriya-simferopol,mariupol,1,0,transfermarkt
2003/04,30,2004-06-19,vorskla-poltava,metalurh-donetsk,1,3,transfermarkt
2004/05,1,2004-07-15,metalurh-donetsk,obolon-kyiv,2,1,transfermarkt
2004/05,1,2004-07-15,borysfen-boryspil,metalurh-zaporizhzhia,1,1,transfermarkt
2004/05,1,2004-07-15,vorskla-poltava,arsenal-kyiv,3,0,transfermarkt
2004/05,1,2004-07-15,volyn-lutsk,tavriya-simferopol,1,0,transfermarkt
2004/05,1,2004-07-15,dynamo-kyiv,shakhtar-donetsk,0,2,transfermarkt
2004/05,1,2004-07-15,chornomorets-odesa,kryvbas,3,1,transfermarkt
2004/05,1,2004-07-15,dnipro,metalist-kharkiv,4,2,transfermarkt
2004/05,2,2004-07-20,obolon-kyiv,vorskla-poltava,0,1,transfermarkt
2004/05,2,2004-07-20,metalist-kharkiv,metalurh-donetsk,1,4,transfermarkt
2004/05,2,2004-07-20,hoverla-uzhhorod,dynamo-kyiv,1,2,transfermarkt
2004/05,2,2004-07-20,tavriya-simferopol,metalurh-zaporizhzhia,1,1,transfermarkt
2004/05,2,2004-07-20,kryvbas,dnipro,1,2,transfermarkt
2004/05,2,2004-07-20,volyn-lutsk,mariupol,3,2,transfermarkt
2004/05,2,2004-07-20,shakhtar-donetsk,chornomorets-odesa,1,0,transfermarkt
2004/05,3,2004-07-24,dnipro,shakhtar-donetsk,1,3,transfermarkt
2004/05,3,2004-07-25,chornomorets-odesa,hoverla-uzhhorod,0,0,transfermarkt
2004/05,3,2004-07-25,metalurh-donetsk,kryvbas,1,1,transfermarkt
2004/05,3,2004-07-25,mariupol,tavriya-simferopol,2,2,transfermarkt
2004/05,3,2004-07-25,vorskla-poltava,metalist-kharkiv,0,1,transfermarkt
2004/05,3,2004-07-25,borysfen-boryspil,obolon-kyiv,0,0,transfermarkt
2004/05,3,2004-07-25,dynamo-kyiv,volyn-lutsk,3,0,transfermarkt
2004/05,3,2004-07-25,metalurh-zaporizhzhia,arsenal-kyiv,0,0,transfermarkt
2004/05,4,2004-07-31,shakhtar-donetsk,metalurh-donetsk,3,0,transfermarkt
2004/05,4,2004-08-01,kryvbas,vorskla-poltava,1,0,transfermarkt
2004/05,4,2004-08-01,obolon-kyiv,metalurh-zaporizhzhia,0,0,transfermarkt
2004/05,4,2004-08-01,metalist-kharkiv,borysfen-boryspil,3,1,transfermarkt
2004/05,4,2004-08-01,hoverla-uzhhorod,dnipro,0,0,transfermarkt
2004/05,4,2004-08-01,tavriya-simferopol,arsenal-kyiv,1,1,transfermarkt
2004/05,4,2004-08-01,volyn-lutsk,chornomorets-odesa,1,0,transfermarkt
2004/05,4,2004-08-02,mariupol,dynamo-kyiv,1,1,transfermarkt
2004/05,5,2004-08-08,chornomorets-odesa,mariupol,0,1,transfermarkt
2004/05,5,2004-08-08,dnipro,volyn-lutsk,1,0,transfermarkt
2004/05,5,2004-08-13,arsenal-kyiv,obolon-kyiv,1,0,transfermarkt
2004/05,5,2004-08-14,dynamo-kyiv,tavriya-simferopol,1,0,transfermarkt
2004/05,5,2004-08-14,vorskla-poltava,shakhtar-donetsk,0,2,transfermarkt
2004/05,5,2004-08-14,borysfen-boryspil,kryvbas,0,0,transfermarkt
2004/05,5,2004-08-14,metalurh-zaporizhzhia,metalist-kharkiv,1,4,transfermarkt
2004/05,5,2004-08-15,metalurh-donetsk,hoverla-uzhhorod,2,0,transfermarkt
2004/05,2,2004-08-24,arsenal-kyiv,borysfen-boryspil,2,1,transfermarkt
2004/05,6,2004-08-29,metalist-kharkiv,arsenal-kyiv,1,1,transfermarkt
2004/05,6,2004-08-29,kryvbas,metalurh-zaporizhzhia,0,0,transfermarkt
2004/05,6,2004-08-29,shakhtar-donetsk,borysfen-boryspil,2,0,transfermarkt
2004/05,6,2004-08-29,tavriya-simferopol,obolon-kyiv,0,1,transfermarkt
2004/05,6,2004-08-29,hoverla-uzhhorod,vorskla-poltava,1,0,transfermarkt
2004/05,6,2004-08-29,dynamo-kyiv,chornomorets-odesa,3,1,transfermarkt
2004/05,6,2004-08-29,mariupol,dnipro,3,0,transfermarkt
2004/05,6,2004-08-30,volyn-lutsk,metalurh-donetsk,1,2,transfermarkt
2004/05,7,2004-09-18,metalurh-zaporizhzhia,shakhtar-donetsk,1,3,transfermarkt
2004/05,7,2004-09-18,arsenal-kyiv,kryvbas,0,2,transfermarkt
2004/05,7,2004-09-19,obolon-kyiv,metalist-kharkiv,0,0,transfermarkt
2004/05,7,2004-09-19,chornomorets-odesa,tavriya-simferopol,1,0,transfermarkt
2004/05,7,2004-09-19,vorskla-poltava,volyn-lutsk,0,2,transfermarkt
2004/05,7,2004-09-19,borysfen-boryspil,hoverla-uzhhorod,1,3,transfermarkt
2004/05,7,2004-09-20,dnipro,dynamo-kyiv,1,2,transfermarkt
2004/05,7,2004-09-20,metalurh-donetsk,mariupol,2,1,transfermarkt
2004/05,8,2004-09-24,dynamo-kyiv,metalurh-donetsk,1,0,transfermarkt
2004/05,8,2004-09-24,shakhtar-donetsk,arsenal-kyiv,3,0,transfermarkt
2004/05,8,2004-09-25,kryvbas,obolon-kyiv,1,1,transfermarkt
2004/05,8,2004-09-25,hoverla-uzhhorod,metalurh-zaporizhzhia,0,1,transfermarkt
2004/05,8,2004-09-25,tavriya-simferopol,metalist-kharkiv,1,0,transfermarkt
2004/05,8,2004-09-25,mariupol,vorskla-poltava,2,0,transfermarkt
2004/05,8,2004-09-25,volyn-lutsk,borysfen-boryspil,0,0,transfermarkt
2004/05,8,2004-09-25,chornomorets-odesa,dnipro,2,0,transfermarkt
2004/05,9,2004-10-02,arsenal-kyiv,hoverla-uzhhorod,2,2,transfermarkt
2004/05,9,2004-10-03,borysfen-boryspil,mariupol,1,1,transfermarkt
2004/05,9,2004-10-03,metalist-kharkiv,kryvbas,0,1,transfermarkt
2004/05,9,2004-10-03,vorskla-poltava,dynamo-kyiv,0,3,transfermarkt
2004/05,9,2004-10-03,metalurh-zaporizhzhia,volyn-lutsk,1,1,transfermarkt
2004/05,9,2004-10-03,obolon-kyiv,shakhtar-donetsk,0,1,transfermarkt
2004/05,9,2004-10-04,dnipro,tavriya-simferopol,3,1,transfermarkt
2004/05,9,2004-10-04,metalurh-donetsk,chornomorets-odesa,1,0,transfermarkt
2004/05,1,2004-10-18,mariupol,hoverla-uzhhorod,3,0,transfermarkt
2004/05,10,2004-10-24,hoverla-uzhhorod,obolon-kyiv,1,2,transfermarkt
2004/05,10,2004-10-24,tavriya-simferopol,kryvbas,1,2,transfermarkt
2004/05,10,2004-10-24,volyn-lutsk,arsenal-kyiv,1,0,transfermarkt
2004/05,10,2004-10-24,mariupol,metalurh-zaporizhzhia,2,2,transfermarkt
2004/05,10,2004-10-24,dynamo-kyiv,borysfen-boryspil,2,0,transfermarkt
2004/05,10,2004-10-24,shakhtar-donetsk,metalist-kharkiv,0,1,transfermarkt
2004/05,10,2004-10-24,chornomorets-odesa,vorskla-poltava,1,1,transfermarkt
2004/05,10,2004-10-25,dnipro,metalurh-donetsk,3,3,transfermarkt
2004/05,11,2004-10-29,metalurh-zaporizhzhia,dynamo-kyiv,0,2,transfermarkt
2004/05,11,2004-10-29,arsenal-kyiv,mariupol,5,2,transfermarkt
2004/05,11,2004-10-29,kryvbas,shakhtar-donetsk,1,2,transfermarkt
2004/05,11,2004-10-30,borysfen-boryspil,chornomorets-odesa,0,1,transfermarkt
2004/05,11,2004-10-30,metalurh-donetsk,tavriya-simferopol,2,1,transfermarkt
2004/05,11,2004-10-30,vorskla-poltava,dnipro,0,0,transfermarkt
2004/05,11,2004-10-30,obolon-kyiv,volyn-lutsk,1,2,transfermarkt
2004/05,11,2004-10-30,metalist-kharkiv,hoverla-uzhhorod,1,0,transfermarkt
2004/05,12,2004-11-07,hoverla-uzhhorod,kryvbas,1,1,transfermarkt
2004/05,12,2004-11-07,metalurh-donetsk,vorskla-poltava,2,0,transfermarkt
2004/05,12,2004-11-07,tavriya-simferopol,shakhtar-donetsk,2,1,transfermarkt
2004/05,12,2004-11-07,volyn-lutsk,metalist-kharkiv,4,2,transfermarkt
2004/05,12,2004-11-07,mariupol,obolon-kyiv,1,1,transfermarkt
2004/05,12,2004-11-07,dynamo-kyiv,arsenal-kyiv,1,1,transfermarkt
2004/05,12,2004-11-07,chornomorets-odesa,metalurh-zaporizhzhia,1,0,transfermarkt
2004/05,12,2004-11-07,dnipro,borysfen-boryspil,0,0,transfermarkt
2004/05,13,2004-11-11,borysfen-boryspil,metalurh-donetsk,0,1,transfermarkt
2004/05,13,2004-11-11,vorskla-poltava,tavriya-simferopol,1,0,transfermarkt
2004/05,13,2004-11-11,metalurh-zaporizhzhia,dnipro,1,1,transfermarkt
2004/05,13,2004-11-11,arsenal-kyiv,chornomorets-odesa,2,1,transfermarkt
2004/05,13,2004-11-11,obolon-kyiv,dynamo-kyiv,0,7,transfermarkt
2004/05,13,2004-11-11,metalist-kharkiv,mariupol,1,0,transfermarkt
2004/05,13,2004-11-11,kryvbas,volyn-lutsk,0,0,transfermarkt
2004/05,13,2004-11-11,shakhtar-donetsk,hoverla-uzhhorod,1,0,transfermarkt
2004/05,14,2004-11-28,tavriya-simferopol,hoverla-uzhhorod,3,0,transfermarkt;forfeit?
2004/05,14,2004-11-28,dnipro,arsenal-kyiv,1,0,transfermarkt
2004/05,14,2004-11-28,metalurh-donetsk,metalurh-zaporizhzhia,1,0,transfermarkt
2004/05,14,2004-11-28,mariupol,kryvbas,2,0,transfermarkt
2004/05,14,2004-11-28,dynamo-kyiv,metalist-kharkiv,3,0,transfermarkt
2004/05,14,2004-11-28,vorskla-poltava,borysfen-boryspil,1,1,transfermarkt
2004/05,14,2004-11-28,chornomorets-odesa,obolon-kyiv,3,1,transfermarkt
2004/05,14,2004-12-02,volyn-lutsk,shakhtar-donetsk,1,3,transfermarkt
2004/05,15,2004-12-04,kryvbas,dynamo-kyiv,0,2,transfermarkt
2004/05,15,2004-12-05,borysfen-boryspil,tavriya-simferopol,0,1,transfermarkt
2004/05,15,2004-12-05,hoverla-uzhhorod,volyn-lutsk,2,2,transfermarkt
2004/05,15,2004-12-05,metalurh-zaporizhzhia,vorskla-poltava,1,0,transfermarkt
2004/05,15,2004-12-05,obolon-kyiv,dnipro,0,1,transfermarkt
2004/05,15,2004-12-05,arsenal-kyiv,metalurh-donetsk,2,1,transfermarkt
2004/05,15,2004-12-05,metalist-kharkiv,chornomorets-odesa,0,1,transfermarkt
2004/05,15,2004-12-10,shakhtar-donetsk,mariupol,4,1,transfermarkt
2004/05,16,2005-03-01,tavriya-simferopol,borysfen-boryspil,2,1,transfermarkt
2004/05,16,2005-03-01,vorskla-poltava,metalurh-zaporizhzhia,1,0,transfermarkt
2004/05,16,2005-03-01,metalurh-donetsk,arsenal-kyiv,1,0,transfermarkt
2004/05,16,2005-03-01,mariupol,shakhtar-donetsk,0,1,transfermarkt
2004/05,16,2005-03-01,volyn-lutsk,hoverla-uzhhorod,3,0,transfermarkt
2004/05,16,2005-03-01,dnipro,obolon-kyiv,3,0,transfermarkt
2004/05,16,2005-03-01,chornomorets-odesa,metalist-kharkiv,2,1,transfermarkt
2004/05,16,2005-03-01,dynamo-kyiv,kryvbas,2,0,transfermarkt
2004/05,17,2005-03-05,shakhtar-donetsk,volyn-lutsk,3,1,transfermarkt
2004/05,17,2005-03-06,borysfen-boryspil,vorskla-poltava,0,3,transfermarkt;forfeit?
2004/05,17,2005-03-06,hoverla-uzhhorod,tavriya-simferopol,0,0,transfermarkt
2004/05,17,2005-03-06,arsenal-kyiv,dnipro,1,2,transfermarkt
2004/05,17,2005-03-06,kryvbas,mariupol,0,0,transfermarkt
2004/05,17,2005-03-06,metalist-kharkiv,dynamo-kyiv,0,2,transfermarkt
2004/05,17,2005-03-06,metalurh-zaporizhzhia,metalurh-donetsk,2,0,transfermarkt
2004/05,17,2005-03-07,obolon-kyiv,chornomorets-odesa,1,1,transfermarkt
2004/05,18,2005-03-13,metalurh-donetsk,borysfen-boryspil,1,3,transfermarkt
2004/05,18,2005-03-13,mariupol,metalist-kharkiv,1,1,transfermarkt
2004/05,18,2005-03-13,chornomorets-odesa,arsenal-kyiv,1,0,transfermarkt
2004/05,18,2005-03-13,tavriya-simferopol,vorskla-poltava,4,0,transfermarkt
2004/05,18,2005-03-13,dynamo-kyiv,obolon-kyiv,3,1,transfermarkt
2004/05,18,2005-03-13,volyn-lutsk,kryvbas,3,1,transfermarkt
2004/05,19,2005-03-19,obolon-kyiv,mariupol,1,2,transfermarkt
2004/05,19,2005-03-20,shakhtar-donetsk,tavriya-simferopol,1,0,transfermarkt
2004/05,19,2005-03-20,kryvbas,hoverla-uzhhorod,1,0,transfermarkt
2004/05,19,2005-03-20,borysfen-boryspil,dnipro,1,1,transfermarkt
2004/05,19,2005-03-20,metalist-kharkiv,volyn-lutsk,1,0,transfermarkt
2004/05,19,2005-03-20,arsenal-kyiv,dynamo-kyiv,0,0,transfermarkt
2004/05,19,2005-03-20,metalurh-zaporizhzhia,chornomorets-odesa,0,2,transfermarkt
2004/05,19,2005-03-20,vorskla-poltava,metalurh-donetsk,1,1,transfermarkt
2004/05,20,2005-04-03,mariupol,arsenal-kyiv,0,0,transfermarkt
2004/05,20,2005-04-03,hoverla-uzhhorod,metalist-kharkiv,0,0,transfermarkt
2004/05,20,2005-04-03,shakhtar-donetsk,kryvbas,4,2,transfermarkt
2004/05,20,2005-04-03,dnipro,vorskla-poltava,3,1,transfermarkt
2004/05,20,2005-04-03,dynamo-kyiv,metalurh-zaporizhzhia,1,2,transfermarkt
2004/05,20,2005-04-03,volyn-lutsk,obolon-kyiv,1,0,transfermarkt
2004/05,20,2005-04-03,tavriya-simferopol,metalurh-donetsk,0,0,transfermarkt
2004/05,20,2005-04-03,chornomorets-odesa,borysfen-boryspil,0,1,transfermarkt
2004/05,21,2005-04-09,arsenal-kyiv,volyn-lutsk,1,2,transfermarkt
2004/05,21,2005-04-10,metalist-kharkiv,shakhtar-donetsk,0,1,transfermarkt
2004/05,21,2005-04-10,obolon-kyiv,hoverla-uzhhorod,0,0,transfermarkt
2004/05,21,2005-04-10,borysfen-boryspil,dynamo-kyiv,0,0,transfermarkt
2004/05,21,2005-04-10,kryvbas,tavriya-simferopol,0,2,transfermarkt
2004/05,21,2005-04-10,metalurh-zaporizhzhia,mariupol,0,2,transfermarkt
2004/05,21,2005-04-10,vorskla-poltava,chornomorets-odesa,0,0,transfermarkt
2004/05,21,2005-04-10,metalurh-donetsk,dnipro,2,1,transfermarkt
2004/05,22,2005-04-16,mariupol,borysfen-boryspil,1,0,transfermarkt
2004/05,22,2005-04-16,chornomorets-odesa,metalurh-donetsk,1,0,transfermarkt
2004/05,22,2005-04-16,kryvbas,metalist-kharkiv,3,1,transfermarkt
2004/05,22,2005-04-16,hoverla-uzhhorod,arsenal-kyiv,2,0,transfermarkt
2004/05,22,2005-04-16,shakhtar-donetsk,obolon-kyiv,5,2,transfermarkt
2004/05,22,2005-04-16,tavriya-simferopol,dnipro,1,1,transfermarkt
2004/05,22,2005-04-16,dynamo-kyiv,vorskla-poltava,1,0,transfermarkt
2004/05,22,2005-04-16,volyn-lutsk,metalurh-zaporizhzhia,2,2,transfermarkt
2004/05,23,2005-04-24,metalist-kharkiv,tavriya-simferopol,1,1,transfermarkt
2004/05,23,2005-04-24,borysfen-boryspil,volyn-lutsk,1,0,transfermarkt
2004/05,23,2005-04-24,vorskla-poltava,mariupol,1,2,transfermarkt
2004/05,23,2005-04-24,metalurh-zaporizhzhia,hoverla-uzhhorod,1,0,transfermarkt
2004/05,23,2005-04-25,dnipro,chornomorets-odesa,1,0,transfermarkt
2004/05,23,2005-04-25,arsenal-kyiv,shakhtar-donetsk,1,1,transfermarkt
2004/05,23,2005-04-25,metalurh-donetsk,dynamo-kyiv,1,2,transfermarkt
2004/05,23,2005-04-26,obolon-kyiv,kryvbas,0,1,transfermarkt
2004/05,24,2005-04-30,metalist-kharkiv,obolon-kyiv,0,1,transfermarkt
2004/05,24,2005-04-30,mariupol,metalurh-donetsk,3,0,transfermarkt
2004/05,24,2005-04-30,hoverla-uzhhorod,borysfen-boryspil,1,0,transfermarkt
2004/05,24,2005-04-30,shakhtar-donetsk,metalurh-zaporizhzhia,2,1,transfermarkt
2004/05,24,2005-04-30,tavriya-simferopol,chornomorets-odesa,2,2,transfermarkt
2004/05,24,2005-04-30,dynamo-kyiv,dnipro,2,0,transfermarkt
2004/05,24,2005-04-30,volyn-lutsk,vorskla-poltava,1,1,transfermarkt
2004/05,24,2005-04-30,kryvbas,arsenal-kyiv,0,3,transfermarkt
2004/05,25,2005-05-07,arsenal-kyiv,metalist-kharkiv,0,0,transfermarkt
2004/05,25,2005-05-08,obolon-kyiv,tavriya-simferopol,0,1,transfermarkt
2004/05,25,2005-05-08,vorskla-poltava,hoverla-uzhhorod,2,0,transfermarkt
2004/05,25,2005-05-08,borysfen-boryspil,shakhtar-donetsk,0,2,transfermarkt
2004/05,25,2005-05-08,metalurh-donetsk,volyn-lutsk,1,0,transfermarkt
2004/05,25,2005-05-08,dnipro,mariupol,2,0,transfermarkt
2004/05,25,2005-05-08,chornomorets-odesa,dynamo-kyiv,0,3,transfermarkt
2004/05,25,2005-05-08,metalurh-zaporizhzhia,kryvbas,2,0,transfermarkt
2004/05,18,2005-05-12,hoverla-uzhhorod,shakhtar-donetsk,0,0,transfermarkt
2004/05,18,2005-05-12,dnipro,metalurh-zaporizhzhia,1,1,transfermarkt
2004/05,26,2005-05-15,kryvbas,borysfen-boryspil,1,1,transfermarkt
2004/05,26,2005-05-15,mariupol,chornomorets-odesa,2,1,transfermarkt
2004/05,26,2005-05-15,obolon-kyiv,arsenal-kyiv,2,1,transfermarkt
2004/05,26,2005-05-15,tavriya-simferopol,dynamo-kyiv,0,1,transfermarkt
2004/05,26,2005-05-16,hoverla-uzhhorod,metalurh-donetsk,1,1,transfermarkt
2004/05,26,2005-05-16,volyn-lutsk,dnipro,1,1,transfermarkt
2004/05,26,2005-05-16,shakhtar-donetsk,vorskla-poltava,1,0,transfermarkt
2004/05,26,2005-05-16,metalist-kharkiv,metalurh-zaporizhzhia,0,0,transfermarkt
2004/05,27,2005-05-21,borysfen-boryspil,metalist-kharkiv,0,1,transfermarkt
2004/05,27,2005-05-21,vorskla-poltava,kryvbas,2,1,transfermarkt
2004/05,27,2005-05-21,metalurh-donetsk,shakhtar-donetsk,1,3,transfermarkt
2004/05,27,2005-05-21,chornomorets-odesa,volyn-lutsk,2,1,transfermarkt
2004/05,27,2005-05-21,metalurh-zaporizhzhia,obolon-kyiv,1,0,transfermarkt
2004/05,27,2005-05-21,dnipro,hoverla-uzhhorod,0,3,transfermarkt
2004/05,27,2005-05-21,dynamo-kyiv,mariupol,2,0,transfermarkt
2004/05,27,2005-05-22,arsenal-kyiv,tavriya-simferopol,2,2,transfermarkt
2004/05,28,2005-05-25,shakhtar-donetsk,dnipro,2,0,transfermarkt
2004/05,28,2005-05-25,volyn-lutsk,dynamo-kyiv,0,1,transfermarkt
2004/05,28,2005-05-27,arsenal-kyiv,metalurh-zaporizhzhia,1,0,transfermarkt
2004/05,28,2005-05-28,hoverla-uzhhorod,chornomorets-odesa,2,1,transfermarkt
2004/05,28,2005-05-28,tavriya-simferopol,mariupol,2,0,transfermarkt
2004/05,28,2005-05-28,kryvbas,metalurh-donetsk,1,1,transfermarkt
2004/05,28,2005-05-28,metalist-kharkiv,vorskla-poltava,1,0,transfermarkt
2004/05,28,2005-05-28,obolon-kyiv,borysfen-boryspil,0,0,transfermarkt
2004/05,29,2005-06-12,metalurh-zaporizhzhia,tavriya-simferopol,1,2,transfermarkt
2004/05,29,2005-06-12,borysfen-boryspil,arsenal-kyiv,0,1,transfermarkt
2004/05,29,2005-06-12,vorskla-poltava,obolon-kyiv,2,1,transfermarkt
2004/05,29,2005-06-12,metalurh-donetsk,metalist-kharkiv,3,1,transfermarkt
2004/05,29,2005-06-12,dnipro,kryvbas,2,1,transfermarkt
2004/05,29,2005-06-12,chornomorets-odesa,shakhtar-donetsk,1,3,transfermarkt
2004/05,29,2005-06-12,dynamo-kyiv,hoverla-uzhhorod,3,0,transfermarkt
2004/05,29,2005-06-12,mariupol,volyn-lutsk,1,0,transfermarkt
2004/05,30,2005-06-16,tavriya-simferopol,volyn-lutsk,4,1,transfermarkt
2004/05,30,2005-06-16,hoverla-uzhhorod,mariupol,1,0,transfermarkt
2004/05,30,2005-06-16,shakhtar-donetsk,dynamo-kyiv,3,2,transfermarkt
2004/05,30,2005-06-16,kryvbas,chornomorets-odesa,0,0,transfermarkt
2004/05,30,2005-06-16,metalist-kharkiv,dnipro,0,2,transfermarkt
2004/05,30,2005-06-16,obolon-kyiv,metalurh-donetsk,1,1,transfermarkt
2004/05,30,2005-06-16,arsenal-kyiv,vorskla-poltava,2,0,transfermarkt
2004/05,30,2005-06-16,metalurh-zaporizhzhia,borysfen-boryspil,2,1,transfermarkt
2005/06,1,2005-07-12,vorskla-poltava,hoverla-uzhhorod,0,0,transfermarkt
2005/06,1,2005-07-12,metalurh-donetsk,stal-alchevsk,5,0,transfermarkt
2005/06,1,2005-07-12,chornomorets-odesa,arsenal-kyiv,1,1,transfermarkt
2005/06,1,2005-07-12,fc-kharkiv,kryvbas,1,1,transfermarkt
2005/06,1,2005-07-12,dnipro,tavriya-simferopol,1,3,transfermarkt
2005/06,1,2005-07-12,mariupol,metalist-kharkiv,0,2,transfermarkt
2005/06,1,2005-07-13,volyn-lutsk,shakhtar-donetsk,0,1,transfermarkt
2005/06,1,2005-07-13,dynamo-kyiv,metalurh-zaporizhzhia,1,1,transfermarkt
2005/06,2,2005-07-17,metalist-kharkiv,kryvbas,1,0,transfermarkt
2005/06,2,2005-07-17,tavriya-simferopol,fc-kharkiv,2,1,transfermarkt
2005/06,2,2005-07-17,arsenal-kyiv,dynamo-kyiv,0,2,transfermarkt
2005/06,2,2005-07-17,stal-alchevsk,chornomorets-odesa,0,1,transfermarkt
2005/06,2,2005-07-17,hoverla-uzhhorod,metalurh-donetsk,0,0,transfermarkt
2005/06,2,2005-07-17,metalurh-zaporizhzhia,volyn-lutsk,0,1,transfermarkt
2005/06,2,2005-07-17,shakhtar-donetsk,dnipro,2,0,transfermarkt
2005/06,2,2005-07-17,mariupol,vorskla-poltava,3,2,transfermarkt
2005/06,3,2005-07-22,dynamo-kyiv,stal-alchevsk,4,0,transfermarkt
2005/06,3,2005-07-23,kryvbas,tavriya-simferopol,2,0,transfermarkt
2005/06,3,2005-07-23,metalurh-donetsk,mariupol,0,0,transfermarkt
2005/06,3,2005-07-23,chornomorets-odesa,hoverla-uzhhorod,2,0,transfermarkt
2005/06,3,2005-07-23,dnipro,metalurh-zaporizhzhia,3,0,transfermarkt
2005/06,3,2005-07-23,vorskla-poltava,metalist-kharkiv,0,1,transfermarkt
2005/06,3,2005-07-23,volyn-lutsk,arsenal-kyiv,2,1,transfermarkt
2005/06,3,2005-07-23,fc-kharkiv,shakhtar-donetsk,2,3,transfermarkt
2005/06,4,2005-07-30,hoverla-uzhhorod,dynamo-kyiv,1,2,transfermarkt
2005/06,4,2005-07-30,shakhtar-donetsk,kryvbas,1,0,transfermarkt
2005/06,4,2005-07-31,metalist-kharkiv,tavriya-simferopol,2,0,transfermarkt
2005/06,4,2005-07-31,arsenal-kyiv,dnipro,1,0,transfermarkt
2005/06,4,2005-07-31,stal-alchevsk,volyn-lutsk,2,2,transfermarkt
2005/06,4,2005-07-31,mariupol,chornomorets-odesa,0,1,transfermarkt
2005/06,4,2005-07-31,metalurh-zaporizhzhia,fc-kharkiv,3,6,transfermarkt
2005/06,4,2005-07-31,vorskla-poltava,metalurh-donetsk,1,1,transfermarkt
2005/06,5,2005-08-06,tavriya-simferopol,shakhtar-donetsk,0,3,transfermarkt
2005/06,5,2005-08-06,dnipro,stal-alchevsk,0,1,transfermarkt
2005/06,5,2005-08-06,metalurh-donetsk,metalist-kharkiv,3,1,transfermarkt
2005/06,5,2005-08-07,chornomorets-odesa,vorskla-poltava,1,2,transfermarkt
2005/06,5,2005-08-07,fc-kharkiv,arsenal-kyiv,3,1,transfermarkt
2005/06,5,2005-08-07,volyn-lutsk,hoverla-uzhhorod,3,1,transfermarkt
2005/06,5,2005-08-07,kryvbas,metalurh-zaporizhzhia,1,0,transfermarkt
2005/06,5,2005-08-08,dynamo-kyiv,mariupol,1,1,transfermarkt
2005/06,6,2005-08-20,metalist-kharkiv,shakhtar-donetsk,1,5,transfermarkt
2005/06,6,2005-08-21,stal-alchevsk,fc-kharkiv,0,0,transfermarkt
2005/06,6,2005-08-21,metalurh-zaporizhzhia,tavriya-simferopol,2,1,transfermarkt
2005/06,6,2005-08-21,arsenal-kyiv,kryvbas,1,1,transfermarkt
2005/06,6,2005-08-21,hoverla-uzhhorod,dnipro,1,2,transfermarkt
2005/06,6,2005-08-21,mariupol,volyn-lutsk,1,1,transfermarkt
2005/06,6,2005-08-21,vorskla-poltava,dynamo-kyiv,0,4,transfermarkt
2005/06,6,2005-08-21,metalurh-donetsk,chornomorets-odesa,3,2,transfermarkt
2005/06,7,2005-08-28,kryvbas,stal-alchevsk,2,1,transfermarkt
2005/06,7,2005-08-28,fc-kharkiv,hoverla-uzhhorod,1,0,transfermarkt
2005/06,7,2005-08-28,shakhtar-donetsk,metalurh-zaporizhzhia,3,1,transfermarkt
2005/06,7,2005-08-28,chornomorets-odesa,metalist-kharkiv,5,2,transfermarkt
2005/06,7,2005-08-28,volyn-lutsk,vorskla-poltava,2,1,transfermarkt
2005/06,7,2005-08-28,tavriya-simferopol,arsenal-kyiv,0,1,transfermarkt
2005/06,7,2005-08-29,dnipro,mariupol,0,1,transfermarkt
2005/06,7,2005-08-29,dynamo-kyiv,metalurh-donetsk,3,1,transfermarkt
2005/06,8,2005-09-10,metalurh-donetsk,volyn-lutsk,4,0,transfermarkt
2005/06,8,2005-09-11,stal-alchevsk,tavriya-simferopol,1,0,transfermarkt
2005/06,8,2005-09-11,mariupol,fc-kharkiv,2,1,transfermarkt
2005/06,8,2005-09-11,hoverla-uzhhorod,kryvbas,0,0,transfermarkt
2005/06,8,2005-09-11,metalist-kharkiv,metalurh-zaporizhzhia,3,1,transfermarkt
2005/06,8,2005-09-11,vorskla-poltava,dnipro,1,1,transfermarkt
2005/06,8,2005-09-11,arsenal-kyiv,shakhtar-donetsk,0,0,transfermarkt
2005/06,8,2005-09-11,chornomorets-odesa,dynamo-kyiv,0,1,transfermarkt
2005/06,9,2005-09-18,kryvbas,mariupol,0,1,transfermarkt
2005/06,9,2005-09-18,fc-kharkiv,vorskla-poltava,2,0,transfermarkt
2005/06,9,2005-09-18,tavriya-simferopol,hoverla-uzhhorod,1,0,transfermarkt
2005/06,9,2005-09-18,shakhtar-donetsk,stal-alchevsk,1,1,transfermarkt
2005/06,9,2005-09-18,metalurh-zaporizhzhia,arsenal-kyiv,2,2,transfermarkt
2005/06,9,2005-09-18,dynamo-kyiv,metalist-kharkiv,2,2,transfermarkt
2005/06,9,2005-09-18,volyn-lutsk,chornomorets-odesa,0,3,transfermarkt
2005/06,9,2005-09-19,dnipro,metalurh-donetsk,1,0,transfermarkt
2005/06,10,2005-09-24,hoverla-uzhhorod,shakhtar-donetsk,0,3,transfermarkt
2005/06,10,2005-09-25,metalist-kharkiv,arsenal-kyiv,1,2,transfermarkt
2005/06,10,2005-09-25,stal-alchevsk,metalurh-zaporizhzhia,1,1,transfermarkt
2005/06,10,2005-09-25,mariupol,tavriya-simferopol,0,1,transfermarkt
2005/06,10,2005-09-25,vorskla-poltava,kryvbas,0,0,transfermarkt
2005/06,10,2005-09-25,metalurh-donetsk,fc-kharkiv,1,1,transfermarkt
2005/06,10,2005-09-25,chornomorets-odesa,dnipro,0,0,transfermarkt
2005/06,10,2005-09-25,dynamo-kyiv,volyn-lutsk,7,1,transfermarkt
2005/06,11,2005-10-02,volyn-lutsk,metalist-kharkiv,3,0,transfermarkt
2005/06,11,2005-10-02,metalurh-zaporizhzhia,hoverla-uzhhorod,3,0,transfermarkt
2005/06,11,2005-10-02,fc-kharkiv,chornomorets-odesa,0,1,transfermarkt
2005/06,11,2005-10-02,tavriya-simferopol,vorskla-poltava,2,3,transfermarkt
2005/06,11,2005-10-02,arsenal-kyiv,stal-alchevsk,1,1,transfermarkt
2005/06,11,2005-10-03,kryvbas,metalurh-donetsk,0,1,transfermarkt
2005/06,11,2005-10-03,dnipro,dynamo-kyiv,0,3,transfermarkt
2005/06,11,2005-10-03,shakhtar-donetsk,mariupol,6,0,transfermarkt
2005/06,12,2005-10-16,hoverla-uzhhorod,arsenal-kyiv,2,1,transfermarkt
2005/06,12,2005-10-16,mariupol,metalurh-zaporizhzhia,1,0,transfermarkt
2005/06,12,2005-10-16,chornomorets-odesa,kryvbas,2,1,transfermarkt
2005/06,12,2005-10-16,volyn-lutsk,dnipro,2,1,transfermarkt
2005/06,12,2005-10-16,metalist-kharkiv,stal-alchevsk,1,0,transfermarkt
2005/06,12,2005-10-16,vorskla-poltava,shakhtar-donetsk,0,2,transfermarkt
2005/06,12,2005-10-16,metalurh-donetsk,tavriya-simferopol,0,0,transfermarkt
2005/06,12,2005-10-16,dynamo-kyiv,fc-kharkiv,1,0,transfermarkt
2005/06,13,2005-10-23,stal-alchevsk,hoverla-uzhhorod,1,0,transfermarkt
2005/06,13,2005-10-23,dnipro,metalist-kharkiv,0,0,transfermarkt
2005/06,13,2005-10-23,kryvbas,dynamo-kyiv,0,1,transfermarkt
2005/06,13,2005-10-23,metalurh-zaporizhzhia,vorskla-poltava,0,2,transfermarkt
2005/06,13,2005-10-23,arsenal-kyiv,mariupol,0,2,transfermarkt
2005/06,13,2005-10-23,fc-kharkiv,volyn-lutsk,3,2,transfermarkt
2005/06,13,2005-10-23,tavriya-simferopol,chornomorets-odesa,1,1,transfermarkt
2005/06,13,2005-10-23,shakhtar-donetsk,metalurh-donetsk,2,0,transfermarkt
2005/06,14,2005-10-30,vorskla-poltava,arsenal-kyiv,2,0,transfermarkt
2005/06,14,2005-10-30,metalurh-donetsk,metalurh-zaporizhzhia,0,0,transfermarkt
2005/06,14,2005-10-30,chornomorets-odesa,shakhtar-donetsk,0,1,transfermarkt
2005/06,14,2005-10-30,volyn-lutsk,kryvbas,3,0,transfermarkt
2005/06,14,2005-10-30,dnipro,fc-kharkiv,2,0,transfermarkt
2005/06,14,2005-10-30,metalist-kharkiv,hoverla-uzhhorod,4,1,transfermarkt
2005/06,14,2005-10-30,mariupol,stal-alchevsk,3,0,transfermarkt
2005/06,14,2005-10-30,dynamo-kyiv,tavriya-simferopol,2,0,transfermarkt
2005/06,15,2005-11-05,hoverla-uzhhorod,mariupol,1,1,transfermarkt
2005/06,15,2005-11-05,metalurh-zaporizhzhia,chornomorets-odesa,1,0,transfermarkt
2005/06,15,2005-11-05,fc-kharkiv,metalist-kharkiv,1,0,transfermarkt
2005/06,15,2005-11-06,stal-alchevsk,vorskla-poltava,2,0,transfermarkt
2005/06,15,2005-11-06,arsenal-kyiv,metalurh-donetsk,0,2,transfermarkt
2005/06,15,2005-11-06,tavriya-simferopol,volyn-lutsk,1,2,transfermarkt
2005/06,15,2005-11-07,kryvbas,dnipro,2,2,transfermarkt
2005/06,15,2005-11-07,shakhtar-donetsk,dynamo-kyiv,0,1,transfermarkt
2005/06,16,2005-11-19,tavriya-simferopol,dnipro,0,1,transfermarkt
2005/06,16,2005-11-20,hoverla-uzhhorod,vorskla-poltava,1,1,transfermarkt
2005/06,16,2005-11-20,stal-alchevsk,metalurh-donetsk,1,1,transfermarkt
2005/06,16,2005-11-20,arsenal-kyiv,chornomorets-odesa,0,1,transfermarkt
2005/06,16,2005-11-20,metalurh-zaporizhzhia,dynamo-kyiv,1,2,transfermarkt
2005/06,16,2005-11-20,shakhtar-donetsk,volyn-lutsk,2,0,transfermarkt
2005/06,16,2005-11-20,metalist-kharkiv,mariupol,1,1,transfermarkt
2005/06,16,2005-11-20,kryvbas,fc-kharkiv,3,1,transfermarkt
2005/06,17,2005-11-27,kryvbas,metalist-kharkiv,2,1,transfermarkt
2005/06,17,2005-11-27,volyn-lutsk,metalurh-zaporizhzhia,0,1,transfermarkt
2005/06,17,2005-11-27,metalurh-donetsk,hoverla-uzhhorod,1,0,transfermarkt
2005/06,17,2005-11-27,vorskla-poltava,mariupol,1,0,transfermarkt
2005/06,17,2005-11-27,fc-kharkiv,tavriya-simferopol,0,0,transfermarkt
2005/06,17,2005-11-27,dynamo-kyiv,arsenal-kyiv,3,1,transfermarkt
2005/06,17,2005-11-27,chornomorets-odesa,stal-alchevsk,2,2,transfermarkt
2005/06,17,2005-11-27,dnipro,shakhtar-donetsk,2,2,transfermarkt
2005/06,18,2005-12-04,hoverla-uzhhorod,chornomorets-odesa,2,1,transfermarkt
2005/06,18,2005-12-04,metalist-kharkiv,vorskla-poltava,0,1,transfermarkt
2005/06,18,2005-12-04,tavriya-simferopol,kryvbas,1,0,transfermarkt
2005/06,18,2005-12-04,mariupol,metalurh-donetsk,1,0,transfermarkt
2005/06,18,2005-12-04,stal-alchevsk,dynamo-kyiv,1,2,transfermarkt
2005/06,18,2005-12-04,arsenal-kyiv,volyn-lutsk,2,1,transfermarkt
2005/06,18,2005-12-05,metalurh-zaporizhzhia,dnipro,1,0,transfermarkt
2005/06,18,2005-12-05,shakhtar-donetsk,fc-kharkiv,3,0,transfermarkt
2005/06,19,2005-12-07,dynamo-kyiv,hoverla-uzhhorod,4,1,transfermarkt
2005/06,19,2005-12-08,metalurh-donetsk,vorskla-poltava,2,0,transfermarkt
2005/06,19,2005-12-08,chornomorets-odesa,mariupol,1,2,transfermarkt
2005/06,19,2005-12-10,dnipro,arsenal-kyiv,1,0,transfermarkt
2005/06,19,2005-12-10,tavriya-simferopol,metalist-kharkiv,0,1,transfermarkt
2005/06,19,2005-12-10,fc-kharkiv,metalurh-zaporizhzhia,1,0,transfermarkt
2005/06,19,2005-12-10,volyn-lutsk,stal-alchevsk,0,1,transfermarkt
2005/06,19,2005-12-10,kryvbas,shakhtar-donetsk,0,2,transfermarkt
2005/06,20,2006-03-05,shakhtar-donetsk,tavriya-simferopol,1,1,transfermarkt
2005/06,20,2006-03-05,hoverla-uzhhorod,volyn-lutsk,1,1,transfermarkt
2005/06,20,2006-03-05,metalist-kharkiv,metalurh-donetsk,2,0,transfermarkt
2005/06,20,2006-03-05,vorskla-poltava,chornomorets-odesa,1,2,transfermarkt
2005/06,20,2006-03-05,metalurh-zaporizhzhia,kryvbas,2,1,transfermarkt
2005/06,20,2006-03-05,arsenal-kyiv,fc-kharkiv,0,0,transfermarkt
2005/06,20,2006-03-05,mariupol,dynamo-kyiv,1,2,transfermarkt
2005/06,21,2006-03-11,volyn-lutsk,mariupol,0,0,transfermarkt
2005/06,21,2006-03-11,dynamo-kyiv,vorskla-poltava,0,0,transfermarkt
2005/06,21,2006-03-12,fc-kharkiv,stal-alchevsk,0,1,transfermarkt
2005/06,21,2006-03-12,shakhtar-donetsk,metalist-kharkiv,2,0,transfermarkt
2005/06,21,2006-03-12,tavriya-simferopol,metalurh-zaporizhzhia,1,0,transfermarkt
2005/06,21,2006-03-12,kryvbas,arsenal-kyiv,1,2,transfermarkt
2005/06,21,2006-03-12,dnipro,hoverla-uzhhorod,4,0,transfermarkt
2005/06,21,2006-03-12,chornomorets-odesa,metalurh-donetsk,1,0,transfermarkt
2005/06,22,2006-03-18,metalist-kharkiv,chornomorets-odesa,1,1,transfermarkt
2005/06,22,2006-03-18,metalurh-donetsk,dynamo-kyiv,0,3,transfermarkt
2005/06,22,2006-03-19,mariupol,dnipro,0,0,transfermarkt
2005/06,22,2006-03-19,hoverla-uzhhorod,fc-kharkiv,2,1,transfermarkt
2005/06,22,2006-03-19,stal-alchevsk,kryvbas,0,1,transfermarkt
2005/06,22,2006-03-19,arsenal-kyiv,tavriya-simferopol,1,0,transfermarkt
2005/06,22,2006-03-19,vorskla-poltava,volyn-lutsk,2,0,transfermarkt
2005/06,22,2006-03-19,metalurh-zaporizhzhia,shakhtar-donetsk,0,3,transfermarkt
2005/06,23,2006-03-25,volyn-lutsk,metalurh-donetsk,1,2,transfermarkt
2005/06,23,2006-03-25,shakhtar-donetsk,arsenal-kyiv,1,0,transfermarkt
2005/06,23,2006-03-26,metalurh-zaporizhzhia,metalist-kharkiv,0,0,transfermarkt
2005/06,23,2006-03-26,tavriya-simferopol,stal-alchevsk,5,2,transfermarkt
2005/06,23,2006-03-26,kryvbas,hoverla-uzhhorod,1,0,transfermarkt
2005/06,23,2006-03-26,fc-kharkiv,mariupol,3,0,transfermarkt
2005/06,23,2006-03-26,dnipro,vorskla-poltava,0,0,transfermarkt
2005/06,23,2006-03-26,dynamo-kyiv,chornomorets-odesa,4,1,transfermarkt
2005/06,24,2006-04-01,arsenal-kyiv,metalurh-zaporizhzhia,1,2,transfermarkt
2005/06,24,2006-04-01,stal-alchevsk,shakhtar-donetsk,1,3,transfermarkt
2005/06,24,2006-04-02,chornomorets-odesa,volyn-lutsk,2,0,transfermarkt
2005/06,24,2006-04-02,metalurh-donetsk,dnipro,1,1,transfermarkt
2005/06,24,2006-04-02,mariupol,kryvbas,1,0,transfermarkt
2005/06,24,2006-04-02,hoverla-uzhhorod,tavriya-simferopol,0,1,transfermarkt
2005/06,24,2006-04-02,vorskla-poltava,fc-kharkiv,0,0,transfermarkt
2005/06,24,2006-04-02,metalist-kharkiv,dynamo-kyiv,1,2,transfermarkt
2005/06,25,2006-04-08,fc-kharkiv,metalurh-donetsk,1,0,transfermarkt
2005/06,25,2006-04-08,metalurh-zaporizhzhia,stal-alchevsk,2,1,transfermarkt
2005/06,25,2006-04-08,tavriya-simferopol,mariupol,0,1,transfermarkt
2005/06,25,2006-04-08,volyn-lutsk,dynamo-kyiv,1,3,transfermarkt
2005/06,25,2006-04-09,kryvbas,vorskla-poltava,2,2,transfermarkt
2005/06,25,2006-04-09,dnipro,chornomorets-odesa,1,2,transfermarkt
2005/06,25,2006-04-09,arsenal-kyiv,metalist-kharkiv,1,1,transfermarkt
2005/06,25,2006-04-09,shakhtar-donetsk,hoverla-uzhhorod,3,0,transfermarkt
2005/06,26,2006-04-15,stal-alchevsk,arsenal-kyiv,1,0,transfermarkt
2005/06,26,2006-04-16,metalist-kharkiv,volyn-lutsk,1,0,transfermarkt
2005/06,26,2006-04-16,metalurh-donetsk,kryvbas,3,2,transfermarkt
2005/06,26,2006-04-16,hoverla-uzhhorod,metalurh-zaporizhzhia,0,2,transfermarkt
2005/06,26,2006-04-16,vorskla-poltava,tavriya-simferopol,2,3,transfermarkt
2005/06,26,2006-04-16,mariupol,shakhtar-donetsk,1,2,transfermarkt
2005/06,26,2006-04-16,chornomorets-odesa,fc-kharkiv,1,0,transfermarkt
2005/06,26,2006-04-17,dynamo-kyiv,dnipro,0,2,transfermarkt
2005/06,27,2006-04-21,shakhtar-donetsk,vorskla-poltava,0,0,transfermarkt
2005/06,27,2006-04-22,arsenal-kyiv,hoverla-uzhhorod,2,1,transfermarkt
2005/06,27,2006-04-22,tavriya-simferopol,metalurh-donetsk,3,0,transfermarkt
2005/06,27,2006-04-22,kryvbas,chornomorets-odesa,1,0,transfermarkt
2005/06,27,2006-04-22,stal-alchevsk,metalist-kharkiv,1,1,transfermarkt
2005/06,27,2006-04-22,metalurh-zaporizhzhia,mariupol,2,1,transfermarkt
2005/06,27,2006-04-22,dnipro,volyn-lutsk,0,0,transfermarkt
2005/06,27,2006-04-22,fc-kharkiv,dynamo-kyiv,0,3,transfermarkt
2005/06,20,2006-04-26,stal-alchevsk,dnipro,0,0,transfermarkt
2005/06,28,2006-04-28,mariupol,arsenal-kyiv,3,5,transfermarkt
2005/06,28,2006-04-28,dynamo-kyiv,kryvbas,3,1,transfermarkt
2005/06,28,2006-04-28,vorskla-poltava,metalurh-zaporizhzhia,3,1,transfermarkt
2005/06,28,2006-04-29,chornomorets-odesa,tavriya-simferopol,1,2,transfermarkt
2005/06,28,2006-04-29,volyn-lutsk,fc-kharkiv,2,0,transfermarkt
2005/06,28,2006-04-29,hoverla-uzhhorod,stal-alchevsk,0,2,transfermarkt
2005/06,28,2006-04-30,metalist-kharkiv,dnipro,0,6,transfermarkt
2005/06,28,2006-04-30,metalurh-donetsk,shakhtar-donetsk,1,3,transfermarkt
2005/06,29,2006-05-06,fc-kharkiv,dnipro,0,1,transfermarkt
2005/06,29,2006-05-06,hoverla-uzhhorod,metalist-kharkiv,2,3,transfermarkt
2005/06,29,2006-05-06,stal-alchevsk,mariupol,1,0,transfermarkt
2005/06,29,2006-05-06,arsenal-kyiv,vorskla-poltava,2,0,transfermarkt
2005/06,29,2006-05-06,metalurh-zaporizhzhia,metalurh-donetsk,3,1,transfermarkt
2005/06,29,2006-05-06,shakhtar-donetsk,chornomorets-odesa,2,0,transfermarkt
2005/06,29,2006-05-06,tavriya-simferopol,dynamo-kyiv,0,0,transfermarkt
2005/06,29,2006-05-06,kryvbas,volyn-lutsk,2,1,transfermarkt
2005/06,30,2006-05-10,metalist-kharkiv,fc-kharkiv,1,0,transfermarkt
2005/06,30,2006-05-10,dnipro,kryvbas,1,0,transfermarkt
2005/06,30,2006-05-10,volyn-lutsk,tavriya-simferopol,0,0,transfermarkt
2005/06,30,2006-05-10,chornomorets-odesa,metalurh-zaporizhzhia,0,0,transfermarkt
2005/06,30,2006-05-10,metalurh-donetsk,arsenal-kyiv,2,2,transfermarkt
2005/06,30,2006-05-10,vorskla-poltava,stal-alchevsk,1,0,transfermarkt
2005/06,30,2006-05-10,mariupol,hoverla-uzhhorod,2,0,transfermarkt
2005/06,30,2006-05-10,dynamo-kyiv,shakhtar-donetsk,2,2,transfermarkt
2006/07,1,2006-07-21,dynamo-kyiv,chornomorets-odesa,4,1,transfermarkt
2006/07,1,2006-07-22,tavriya-simferopol,mariupol,1,0,transfermarkt
2006/07,1,2006-07-22,stal-alchevsk,metalist-kharkiv,0,1,transfermarkt
2006/07,1,2006-07-23,karpaty-lviv,metalurh-zaporizhzhia,0,0,transfermarkt
2006/07,1,2006-07-23,shakhtar-donetsk,kryvbas,5,0,transfermarkt
2006/07,1,2006-07-23,vorskla-poltava,arsenal-kyiv,0,1,transfermarkt
2006/07,1,2006-07-23,fc-kharkiv,zorya-luhansk,2,2,transfermarkt
2006/07,1,2006-07-26,dnipro,metalurh-donetsk,2,0,transfermarkt
2006/07,2,2006-07-29,arsenal-kyiv,chornomorets-odesa,1,1,transfermarkt
2006/07,2,2006-07-29,metalurh-zaporizhzhia,dynamo-kyiv,0,5,transfermarkt
2006/07,2,2006-07-29,metalist-kharkiv,fc-kharkiv,2,0,transfermarkt
2006/07,2,2006-07-30,kryvbas,karpaty-lviv,3,0,transfermarkt
2006/07,2,2006-07-30,metalurh-donetsk,stal-alchevsk,2,1,transfermarkt
2006/07,2,2006-07-30,mariupol,dnipro,1,1,transfermarkt
2006/07,2,2006-07-30,zorya-luhansk,shakhtar-donetsk,0,2,transfermarkt
2006/07,2,2006-07-30,vorskla-poltava,tavriya-simferopol,0,0,transfermarkt
2006/07,3,2006-08-04,shakhtar-donetsk,metalist-kharkiv,5,0,transfermarkt
2006/07,3,2006-08-05,dnipro,vorskla-poltava,1,0,transfermarkt
2006/07,3,2006-08-05,tavriya-simferopol,arsenal-kyiv,1,3,transfermarkt
2006/07,3,2006-08-05,dynamo-kyiv,kryvbas,3,1,transfermarkt
2006/07,3,2006-08-05,chornomorets-odesa,metalurh-zaporizhzhia,1,1,transfermarkt
2006/07,3,2006-08-05,stal-alchevsk,mariupol,0,2,transfermarkt
2006/07,3,2006-08-06,karpaty-lviv,zorya-luhansk,1,0,transfermarkt
2006/07,3,2006-08-06,fc-kharkiv,metalurh-donetsk,0,0,transfermarkt
2006/07,4,2006-08-19,metalurh-donetsk,shakhtar-donetsk,0,0,transfermarkt
2006/07,4,2006-08-19,arsenal-kyiv,metalurh-zaporizhzhia,1,0,transfermarkt
2006/07,4,2006-08-19,kryvbas,chornomorets-odesa,2,2,transfermarkt
2006/07,4,2006-08-19,zorya-luhansk,dynamo-kyiv,1,2,transfermarkt
2006/07,4,2006-08-20,vorskla-poltava,stal-alchevsk,1,0,transfermarkt
2006/07,4,2006-08-20,metalist-kharkiv,karpaty-lviv,1,1,transfermarkt
2006/07,4,2006-08-20,tavriya-simferopol,dnipro,0,0,transfermarkt
2006/07,4,2006-08-20,mariupol,fc-kharkiv,2,1,transfermarkt
2006/07,5,2006-08-26,fc-kharkiv,vorskla-poltava,3,2,transfermarkt
2006/07,5,2006-08-27,dynamo-kyiv,metalist-kharkiv,2,0,transfermarkt
2006/07,5,2006-08-27,dnipro,arsenal-kyiv,1,1,transfermarkt
2006/07,5,2006-08-27,shakhtar-donetsk,mariupol,3,1,transfermarkt
2006/07,5,2006-08-27,stal-alchevsk,tavriya-simferopol,0,1,transfermarkt
2006/07,5,2006-08-28,karpaty-lviv,metalurh-donetsk,0,0,transfermarkt
2006/07,5,2006-08-28,chornomorets-odesa,zorya-luhansk,2,0,transfermarkt
2006/07,5,2006-08-28,metalurh-zaporizhzhia,kryvbas,1,1,transfermarkt
2006/07,6,2006-09-09,zorya-luhansk,metalurh-zaporizhzhia,0,0,transfermarkt
2006/07,6,2006-09-09,vorskla-poltava,shakhtar-donetsk,0,1,transfermarkt
2006/07,6,2006-09-09,metalurh-donetsk,dynamo-kyiv,1,1,transfermarkt
2006/07,6,2006-09-10,mariupol,karpaty-lviv,1,2,transfermarkt
2006/07,6,2006-09-10,metalist-kharkiv,chornomorets-odesa,4,0,transfermarkt
2006/07,6,2006-09-10,dnipro,stal-alchevsk,0,0,transfermarkt
2006/07,6,2006-09-10,tavriya-simferopol,fc-kharkiv,2,0,transfermarkt
2006/07,6,2006-09-10,arsenal-kyiv,kryvbas,1,1,transfermarkt
2006/07,7,2006-09-16,stal-alchevsk,arsenal-kyiv,1,1,transfermarkt
2006/07,7,2006-09-16,karpaty-lviv,vorskla-poltava,1,2,transfermarkt
2006/07,7,2006-09-17,kryvbas,zorya-luhansk,2,0,transfermarkt
2006/07,7,2006-09-17,shakhtar-donetsk,tavriya-simferopol,3,0,transfermarkt
2006/07,7,2006-09-17,fc-kharkiv,dnipro,0,0,transfermarkt
2006/07,7,2006-09-17,dynamo-kyiv,mariupol,1,0,transfermarkt
2006/07,7,2006-09-18,metalurh-zaporizhzhia,metalist-kharkiv,0,0,transfermarkt
2006/07,7,2006-09-18,chornomorets-odesa,metalurh-donetsk,2,0,transfermarkt
2006/07,8,2006-09-22,vorskla-poltava,dynamo-kyiv,1,1,transfermarkt
2006/07,8,2006-09-23,mariupol,chornomorets-odesa,0,0,transfermarkt
2006/07,8,2006-09-23,metalurh-donetsk,metalurh-zaporizhzhia,1,0,transfermarkt
2006/07,8,2006-09-23,dnipro,shakhtar-donetsk,1,1,transfermarkt
2006/07,8,2006-09-24,stal-alchevsk,fc-kharkiv,4,2,transfermarkt
2006/07,8,2006-09-24,tavriya-simferopol,karpaty-lviv,0,1,transfermarkt
2006/07,8,2006-09-24,arsenal-kyiv,zorya-luhansk,2,2,transfermarkt
2006/07,8,2006-09-24,metalist-kharkiv,kryvbas,0,0,transfermarkt
2006/07,9,2006-09-30,zorya-luhansk,metalist-kharkiv,2,2,transfermarkt
2006/07,9,2006-09-30,kryvbas,metalurh-donetsk,1,1,transfermarkt
2006/07,9,2006-10-01,karpaty-lviv,dnipro,0,1,transfermarkt
2006/07,9,2006-10-01,shakhtar-donetsk,stal-alchevsk,3,1,transfermarkt
2006/07,9,2006-10-01,fc-kharkiv,arsenal-kyiv,2,0,transfermarkt
2006/07,9,2006-10-01,dynamo-kyiv,tavriya-simferopol,2,1,transfermarkt
2006/07,9,2006-10-02,chornomorets-odesa,vorskla-poltava,2,0,transfermarkt
2006/07,9,2006-10-02,metalurh-zaporizhzhia,mariupol,2,1,transfermarkt
2006/07,10,2006-10-13,metalurh-donetsk,zorya-luhansk,3,2,transfermarkt
2006/07,10,2006-10-14,fc-kharkiv,shakhtar-donetsk,0,3,transfermarkt
2006/07,10,2006-10-14,dnipro,dynamo-kyiv,0,2,transfermarkt
2006/07,10,2006-10-15,stal-alchevsk,karpaty-lviv,0,1,transfermarkt
2006/07,10,2006-10-15,mariupol,kryvbas,0,1,transfermarkt
2006/07,10,2006-10-15,vorskla-poltava,metalurh-zaporizhzhia,2,1,transfermarkt
2006/07,10,2006-10-15,arsenal-kyiv,metalist-kharkiv,0,0,transfermarkt
2006/07,10,2006-10-15,tavriya-simferopol,chornomorets-odesa,1,1,transfermarkt
2006/07,11,2006-10-21,metalist-kharkiv,metalurh-donetsk,1,0,transfermarkt
2006/07,11,2006-10-21,dynamo-kyiv,stal-alchevsk,3,1,transfermarkt
2006/07,11,2006-10-22,zorya-luhansk,mariupol,1,1,transfermarkt
2006/07,11,2006-10-22,kryvbas,vorskla-poltava,0,0,transfermarkt
2006/07,11,2006-10-22,shakhtar-donetsk,arsenal-kyiv,0,1,transfermarkt
2006/07,11,2006-10-22,karpaty-lviv,fc-kharkiv,1,0,transfermarkt
2006/07,11,2006-10-22,metalurh-zaporizhzhia,tavriya-simferopol,1,0,transfermarkt
2006/07,11,2006-10-22,chornomorets-odesa,dnipro,0,1,transfermarkt
2006/07,12,2006-10-27,shakhtar-donetsk,karpaty-lviv,4,1,transfermarkt
2006/07,12,2006-10-28,fc-kharkiv,dynamo-kyiv,0,2,transfermarkt
2006/07,12,2006-10-29,stal-alchevsk,chornomorets-odesa,2,1,transfermarkt
2006/07,12,2006-10-29,vorskla-poltava,zorya-luhansk,1,1,transfermarkt
2006/07,12,2006-10-29,arsenal-kyiv,metalurh-donetsk,0,2,transfermarkt
2006/07,12,2006-10-29,mariupol,metalist-kharkiv,0,3,transfermarkt
2006/07,12,2006-10-29,tavriya-simferopol,kryvbas,3,1,transfermarkt
2006/07,12,2006-10-29,dnipro,metalurh-zaporizhzhia,1,1,transfermarkt
2006/07,13,2006-11-04,metalurh-donetsk,mariupol,2,1,transfermarkt
2006/07,13,2006-11-05,zorya-luhansk,tavriya-simferopol,1,0,transfermarkt
2006/07,13,2006-11-05,chornomorets-odesa,fc-kharkiv,4,2,transfermarkt
2006/07,13,2006-11-05,metalist-kharkiv,vorskla-poltava,2,1,transfermarkt
2006/07,13,2006-11-05,kryvbas,dnipro,1,1,transfermarkt
2006/07,13,2006-11-05,metalurh-zaporizhzhia,stal-alchevsk,1,0,transfermarkt
2006/07,13,2006-11-06,dynamo-kyiv,shakhtar-donetsk,1,0,transfermarkt
2006/07,14,2006-11-11,karpaty-lviv,dynamo-kyiv,1,1,transfermarkt
2006/07,14,2006-11-11,shakhtar-donetsk,chornomorets-odesa,2,0,transfermarkt
2006/07,14,2006-11-12,stal-alchevsk,kryvbas,0,0,transfermarkt
2006/07,14,2006-11-12,arsenal-kyiv,mariupol,2,0,transfermarkt
2006/07,14,2006-11-12,dnipro,zorya-luhansk,3,0,transfermarkt
2006/07,14,2006-11-12,tavriya-simferopol,metalist-kharkiv,2,0,transfermarkt
2006/07,14,2006-11-12,fc-kharkiv,metalurh-zaporizhzhia,0,0,transfermarkt
2006/07,14,2006-11-12,vorskla-poltava,metalurh-donetsk,2,0,transfermarkt
2006/07,15,2006-11-17,dynamo-kyiv,arsenal-kyiv,5,2,transfermarkt
2006/07,15,2006-11-18,metalurh-zaporizhzhia,shakhtar-donetsk,0,3,transfermarkt
2006/07,15,2006-11-19,zorya-luhansk,stal-alchevsk,1,0,transfermarkt
2006/07,15,2006-11-19,chornomorets-odesa,karpaty-lviv,1,0,transfermarkt
2006/07,15,2006-11-19,metalurh-donetsk,tavriya-simferopol,1,2,transfermarkt
2006/07,15,2006-11-19,metalist-kharkiv,dnipro,1,0,transfermarkt
2006/07,15,2006-11-19,kryvbas,fc-kharkiv,3,1,transfermarkt
2006/07,15,2006-11-19,mariupol,vorskla-poltava,2,0,transfermarkt
2006/07,16,2006-11-25,mariupol,tavriya-simferopol,1,0,transfermarkt
2006/07,16,2006-11-26,zorya-luhansk,fc-kharkiv,0,1,transfermarkt
2006/07,16,2006-11-26,arsenal-kyiv,vorskla-poltava,1,0,transfermarkt
2006/07,16,2006-11-26,metalurh-zaporizhzhia,karpaty-lviv,1,2,transfermarkt
2006/07,16,2006-11-26,metalurh-donetsk,dnipro,1,1,transfermarkt
2006/07,16,2006-11-26,metalist-kharkiv,stal-alchevsk,1,0,transfermarkt
2006/07,16,2006-11-26,chornomorets-odesa,dynamo-kyiv,2,3,transfermarkt
2006/07,16,2006-11-27,kryvbas,shakhtar-donetsk,0,1,transfermarkt
2006/07,13,2006-12-02,karpaty-lviv,arsenal-kyiv,1,1,transfermarkt
2006/07,17,2007-03-03,shakhtar-donetsk,zorya-luhansk,3,0,transfermarkt
2006/07,17,2007-03-03,dnipro,mariupol,1,1,transfermarkt
2006/07,17,2007-03-04,stal-alchevsk,metalurh-donetsk,3,0,transfermarkt
2006/07,17,2007-03-04,tavriya-simferopol,vorskla-poltava,1,0,transfermarkt
2006/07,17,2007-03-04,fc-kharkiv,metalist-kharkiv,0,0,transfermarkt
2006/07,17,2007-03-04,chornomorets-odesa,arsenal-kyiv,2,0,transfermarkt
2006/07,17,2007-03-04,karpaty-lviv,kryvbas,1,1,transfermarkt
2006/07,17,2007-03-04,dynamo-kyiv,metalurh-zaporizhzhia,3,1,transfermarkt
2006/07,18,2007-03-10,metalurh-zaporizhzhia,chornomorets-odesa,1,0,transfermarkt
2006/07,18,2007-03-10,kryvbas,dynamo-kyiv,1,1,transfermarkt
2006/07,18,2007-03-11,zorya-luhansk,karpaty-lviv,1,0,transfermarkt
2006/07,18,2007-03-11,arsenal-kyiv,tavriya-simferopol,0,1,transfermarkt
2006/07,18,2007-03-11,vorskla-poltava,dnipro,0,1,transfermarkt
2006/07,18,2007-03-11,metalurh-donetsk,fc-kharkiv,1,2,transfermarkt
2006/07,18,2007-03-11,mariupol,stal-alchevsk,0,0,transfermarkt
2006/07,18,2007-03-11,metalist-kharkiv,shakhtar-donetsk,0,1,transfermarkt
2006/07,19,2007-03-17,dnipro,tavriya-simferopol,2,0,transfermarkt
2006/07,19,2007-03-17,dynamo-kyiv,zorya-luhansk,4,0,transfermarkt
2006/07,19,2007-03-18,stal-alchevsk,vorskla-poltava,0,1,transfermarkt
2006/07,19,2007-03-18,metalurh-zaporizhzhia,arsenal-kyiv,2,1,transfermarkt
2006/07,19,2007-03-18,chornomorets-odesa,kryvbas,2,3,transfermarkt
2006/07,19,2007-03-18,fc-kharkiv,mariupol,2,0,transfermarkt
2006/07,19,2007-03-18,karpaty-lviv,metalist-kharkiv,0,3,transfermarkt;forfeit?
2006/07,19,2007-03-19,shakhtar-donetsk,metalurh-donetsk,2,1,transfermarkt
2006/07,20,2007-03-31,tavriya-simferopol,stal-alchevsk,2,1,transfermarkt
2006/07,20,2007-04-01,zorya-luhansk,chornomorets-odesa,0,4,transfermarkt
2006/07,20,2007-04-01,vorskla-poltava,fc-kharkiv,0,1,transfermarkt
2006/07,20,2007-04-01,arsenal-kyiv,dnipro,1,1,transfermarkt
2006/07,20,2007-04-01,mariupol,shakhtar-donetsk,1,1,transfermarkt
2006/07,20,2007-04-01,kryvbas,metalurh-zaporizhzhia,1,1,transfermarkt
2006/07,20,2007-04-01,metalist-kharkiv,dynamo-kyiv,0,2,transfermarkt
2006/07,20,2007-04-02,metalurh-donetsk,karpaty-lviv,3,3,transfermarkt
2006/07,21,2007-04-06,dynamo-kyiv,metalurh-donetsk,0,0,transfermarkt
2006/07,21,2007-04-07,karpaty-lviv,mariupol,1,0,transfermarkt
2006/07,21,2007-04-07,metalurh-zaporizhzhia,zorya-luhansk,1,0,transfermarkt
2006/07,21,2007-04-07,stal-alchevsk,dnipro,3,1,transfermarkt
2006/07,21,2007-04-07,chornomorets-odesa,metalist-kharkiv,1,3,transfermarkt
2006/07,21,2007-04-07,fc-kharkiv,tavriya-simferopol,1,1,transfermarkt
2006/07,21,2007-04-07,kryvbas,arsenal-kyiv,1,0,transfermarkt
2006/07,21,2007-04-07,shakhtar-donetsk,vorskla-poltava,2,1,transfermarkt
2006/07,22,2007-04-14,metalist-kharkiv,metalurh-zaporizhzhia,1,0,transfermarkt
2006/07,22,2007-04-14,tavriya-simferopol,shakhtar-donetsk,1,3,transfermarkt
2006/07,22,2007-04-14,mariupol,dynamo-kyiv,2,3,transfermarkt
2006/07,22,2007-04-15,dnipro,fc-kharkiv,1,0,transfermarkt
2006/07,22,2007-04-15,vorskla-poltava,karpaty-lviv,1,2,transfermarkt
2006/07,22,2007-04-15,zorya-luhansk,kryvbas,2,1,transfermarkt
2006/07,22,2007-04-15,arsenal-kyiv,stal-alchevsk,1,3,transfermarkt
2006/07,22,2007-04-15,metalurh-donetsk,chornomorets-odesa,1,0,transfermarkt
2006/07,23,2007-04-21,metalurh-zaporizhzhia,metalurh-donetsk,2,0,transfermarkt
2006/07,23,2007-04-21,chornomorets-odesa,mariupol,2,1,transfermarkt
2006/07,23,2007-04-22,zorya-luhansk,arsenal-kyiv,2,1,transfermarkt
2006/07,23,2007-04-22,karpaty-lviv,tavriya-simferopol,0,2,transfermarkt
2006/07,23,2007-04-22,fc-kharkiv,stal-alchevsk,0,0,transfermarkt
2006/07,23,2007-04-22,kryvbas,metalist-kharkiv,0,3,transfermarkt
2006/07,23,2007-04-22,dynamo-kyiv,vorskla-poltava,1,1,transfermarkt
2006/07,23,2007-04-23,shakhtar-donetsk,dnipro,2,3,transfermarkt
2006/07,24,2007-04-28,metalurh-donetsk,kryvbas,2,1,transfermarkt
2006/07,24,2007-04-28,tavriya-simferopol,dynamo-kyiv,2,4,transfermarkt
2006/07,24,2007-04-29,mariupol,metalurh-zaporizhzhia,1,0,transfermarkt
2006/07,24,2007-04-29,dnipro,karpaty-lviv,2,2,transfermarkt
2006/07,24,2007-04-29,arsenal-kyiv,fc-kharkiv,1,1,transfermarkt
2006/07,24,2007-04-29,vorskla-poltava,chornomorets-odesa,0,0,transfermarkt
2006/07,24,2007-04-29,stal-alchevsk,shakhtar-donetsk,0,2,transfermarkt
2006/07,24,2007-04-29,metalist-kharkiv,zorya-luhansk,1,0,transfermarkt
2006/07,25,2007-05-05,zorya-luhansk,metalurh-donetsk,1,0,transfermarkt
2006/07,25,2007-05-05,chornomorets-odesa,tavriya-simferopol,0,0,transfermarkt
2006/07,25,2007-05-05,dynamo-kyiv,dnipro,2,0,transfermarkt
2006/07,25,2007-05-05,metalist-kharkiv,arsenal-kyiv,5,1,transfermarkt
2006/07,25,2007-05-06,metalurh-zaporizhzhia,vorskla-poltava,0,0,transfermarkt
2006/07,25,2007-05-06,kryvbas,mariupol,0,0,transfermarkt
2006/07,25,2007-05-06,karpaty-lviv,stal-alchevsk,3,1,transfermarkt
2006/07,25,2007-05-06,shakhtar-donetsk,fc-kharkiv,1,2,transfermarkt
2006/07,26,2007-05-12,dnipro,chornomorets-odesa,1,0,transfermarkt
2006/07,26,2007-05-13,tavriya-simferopol,metalurh-zaporizhzhia,5,1,transfermarkt
2006/07,26,2007-05-13,mariupol,zorya-luhansk,0,1,transfermarkt
2006/07,26,2007-05-13,stal-alchevsk,dynamo-kyiv,1,1,transfermarkt
2006/07,26,2007-05-13,vorskla-poltava,kryvbas,2,1,transfermarkt
2006/07,26,2007-05-13,arsenal-kyiv,shakhtar-donetsk,1,2,transfermarkt
2006/07,26,2007-05-13,fc-kharkiv,karpaty-lviv,0,0,transfermarkt
2006/07,26,2007-05-14,metalurh-donetsk,metalist-kharkiv,0,2,transfermarkt
2006/07,27,2007-05-19,karpaty-lviv,shakhtar-donetsk,0,0,transfermarkt
2006/07,27,2007-05-19,kryvbas,tavriya-simferopol,0,0,transfermarkt
2006/07,27,2007-05-19,dynamo-kyiv,fc-kharkiv,2,0,transfermarkt
2006/07,27,2007-05-19,metalist-kharkiv,mariupol,2,0,transfermarkt
2006/07,27,2007-05-20,metalurh-zaporizhzhia,dnipro,1,1,transfermarkt
2006/07,27,2007-05-20,zorya-luhansk,vorskla-poltava,0,0,transfermarkt
2006/07,27,2007-05-20,chornomorets-odesa,stal-alchevsk,3,0,transfermarkt
2006/07,27,2007-05-20,metalurh-donetsk,arsenal-kyiv,2,1,transfermarkt
2006/07,28,2007-05-23,tavriya-simferopol,zorya-luhansk,1,2,transfermarkt
2006/07,28,2007-05-23,vorskla-poltava,metalist-kharkiv,2,2,transfermarkt
2006/07,28,2007-05-23,shakhtar-donetsk,dynamo-kyiv,2,2,transfermarkt
2006/07,28,2007-05-25,mariupol,metalurh-donetsk,0,2,transfermarkt
2006/07,28,2007-05-26,arsenal-kyiv,karpaty-lviv,1,0,transfermarkt
2006/07,28,2007-05-26,fc-kharkiv,chornomorets-odesa,0,1,transfermarkt
2006/07,28,2007-05-26,stal-alchevsk,metalurh-zaporizhzhia,0,1,transfermarkt
2006/07,28,2007-05-26,dnipro,kryvbas,1,1,transfermarkt
2006/07,29,2007-06-10,mariupol,arsenal-kyiv,4,1,transfermarkt
2006/07,29,2007-06-10,chornomorets-odesa,shakhtar-donetsk,0,0,transfermarkt
2006/07,29,2007-06-10,metalurh-donetsk,vorskla-poltava,0,0,transfermarkt
2006/07,29,2007-06-10,dynamo-kyiv,karpaty-lviv,3,1,transfermarkt
2006/07,29,2007-06-10,metalist-kharkiv,tavriya-simferopol,1,0,transfermarkt
2006/07,29,2007-06-10,zorya-luhansk,dnipro,0,3,transfermarkt
2006/07,29,2007-06-10,kryvbas,stal-alchevsk,1,0,transfermarkt
2006/07,29,2007-06-10,metalurh-zaporizhzhia,fc-kharkiv,3,1,transfermarkt
2006/07,30,2007-06-17,arsenal-kyiv,dynamo-kyiv,0,1,transfermarkt
2006/07,30,2007-06-17,tavriya-simferopol,metalurh-donetsk,2,0,transfermarkt
2006/07,30,2007-06-17,karpaty-lviv,chornomorets-odesa,0,1,transfermarkt
2006/07,30,2007-06-17,vorskla-poltava,mariupol,3,0,transfermarkt
2006/07,30,2007-06-17,shakhtar-donetsk,metalurh-zaporizhzhia,0,2,transfermarkt
2006/07,30,2007-06-17,fc-kharkiv,kryvbas,2,0,transfermarkt
2006/07,30,2007-06-17,stal-alchevsk,zorya-luhansk,0,1,transfermarkt
2006/07,30,2007-06-17,dnipro,metalist-kharkiv,0,2,transfermarkt
2007/08,1,2007-07-13,metalurh-zaporizhzhia,karpaty-lviv,1,0,transfermarkt
2007/08,1,2007-07-14,metalist-kharkiv,naftovyk-okhtyrka,2,0,transfermarkt
2007/08,1,2007-07-14,hoverla-uzhhorod,tavriya-simferopol,1,0,transfermarkt
2007/08,1,2007-07-14,vorskla-poltava,zorya-luhansk,1,1,transfermarkt
2007/08,1,2007-07-14,dnipro,kryvbas,2,0,transfermarkt
2007/08,1,2007-07-15,arsenal-kyiv,metalurh-donetsk,1,3,transfermarkt
2007/08,1,2007-07-15,shakhtar-donetsk,dynamo-kyiv,1,1,transfermarkt
2007/08,1,2007-07-18,chornomorets-odesa,fc-kharkiv,0,1,transfermarkt
2007/08,2,2007-07-20,tavriya-simferopol,karpaty-lviv,2,1,transfermarkt
2007/08,2,2007-07-21,zorya-luhansk,metalist-kharkiv,3,2,transfermarkt
2007/08,2,2007-07-21,naftovyk-okhtyrka,shakhtar-donetsk,0,3,transfermarkt
2007/08,2,2007-07-21,kryvbas,metalurh-zaporizhzhia,0,1,transfermarkt
2007/08,2,2007-07-21,fc-kharkiv,dnipro,1,2,transfermarkt
2007/08,2,2007-07-22,hoverla-uzhhorod,vorskla-poltava,0,0,transfermarkt
2007/08,2,2007-07-22,dynamo-kyiv,arsenal-kyiv,2,2,transfermarkt
2007/08,2,2007-07-25,metalurh-donetsk,chornomorets-odesa,0,0,transfermarkt
2007/08,3,2007-07-27,shakhtar-donetsk,zorya-luhansk,3,0,transfermarkt
2007/08,3,2007-07-28,karpaty-lviv,kryvbas,3,0,transfermarkt
2007/08,3,2007-07-28,metalurh-zaporizhzhia,fc-kharkiv,0,0,transfermarkt
2007/08,3,2007-07-28,arsenal-kyiv,naftovyk-okhtyrka,3,0,transfermarkt
2007/08,3,2007-07-28,vorskla-poltava,tavriya-simferopol,0,0,transfermarkt
2007/08,3,2007-07-29,dnipro,metalurh-donetsk,4,1,transfermarkt
2007/08,3,2007-07-29,metalist-kharkiv,hoverla-uzhhorod,1,0,transfermarkt
2007/08,3,2007-08-01,chornomorets-odesa,dynamo-kyiv,0,0,transfermarkt
2007/08,4,2007-08-03,metalurh-donetsk,metalurh-zaporizhzhia,3,0,transfermarkt
2007/08,4,2007-08-04,zorya-luhansk,arsenal-kyiv,3,1,transfermarkt
2007/08,4,2007-08-04,tavriya-simferopol,kryvbas,4,3,transfermarkt
2007/08,4,2007-08-04,fc-kharkiv,karpaty-lviv,1,0,transfermarkt
2007/08,4,2007-08-04,vorskla-poltava,metalist-kharkiv,1,1,transfermarkt
2007/08,4,2007-08-05,hoverla-uzhhorod,shakhtar-donetsk,0,1,transfermarkt
2007/08,4,2007-08-05,naftovyk-okhtyrka,chornomorets-odesa,0,1,transfermarkt
2007/08,4,2007-08-05,dynamo-kyiv,dnipro,1,3,transfermarkt
2007/08,5,2007-08-10,chornomorets-odesa,zorya-luhansk,1,0,transfermarkt
2007/08,5,2007-08-11,metalurh-zaporizhzhia,dynamo-kyiv,0,1,transfermarkt
2007/08,5,2007-08-11,shakhtar-donetsk,vorskla-poltava,2,1,transfermarkt
2007/08,5,2007-08-11,arsenal-kyiv,hoverla-uzhhorod,7,0,transfermarkt
2007/08,5,2007-08-11,dnipro,naftovyk-okhtyrka,2,0,transfermarkt
2007/08,5,2007-08-12,karpaty-lviv,metalurh-donetsk,0,0,transfermarkt
2007/08,5,2007-08-12,kryvbas,fc-kharkiv,1,1,transfermarkt
2007/08,5,2007-08-12,metalist-kharkiv,tavriya-simferopol,3,0,transfermarkt
2007/08,6,2007-08-17,vorskla-poltava,arsenal-kyiv,2,1,transfermarkt
2007/08,6,2007-08-18,hoverla-uzhhorod,chornomorets-odesa,2,0,transfermarkt
2007/08,6,2007-08-18,metalurh-donetsk,kryvbas,0,1,transfermarkt
2007/08,6,2007-08-18,naftovyk-okhtyrka,metalurh-zaporizhzhia,0,1,transfermarkt
2007/08,6,2007-08-18,tavriya-simferopol,fc-kharkiv,1,0,transfermarkt
2007/08,6,2007-08-19,zorya-luhansk,dnipro,0,1,transfermarkt
2007/08,6,2007-08-19,metalist-kharkiv,shakhtar-donetsk,1,3,transfermarkt
2007/08,6,2007-08-19,dynamo-kyiv,karpaty-lviv,7,3,transfermarkt
2007/08,7,2007-08-24,fc-kharkiv,metalurh-donetsk,1,1,transfermarkt
2007/08,7,2007-08-25,kryvbas,dynamo-kyiv,0,1,transfermarkt
2007/08,7,2007-08-25,karpaty-lviv,naftovyk-okhtyrka,1,1,transfermarkt
2007/08,7,2007-08-25,metalurh-zaporizhzhia,zorya-luhansk,3,0,transfermarkt
2007/08,7,2007-08-25,shakhtar-donetsk,tavriya-simferopol,2,0,transfermarkt
2007/08,7,2007-08-26,chornomorets-odesa,vorskla-poltava,1,0,transfermarkt
2007/08,7,2007-08-26,dnipro,hoverla-uzhhorod,0,0,transfermarkt
2007/08,7,2007-08-26,arsenal-kyiv,metalist-kharkiv,1,1,transfermarkt
2007/08,8,2007-08-31,tavriya-simferopol,metalurh-donetsk,3,3,transfermarkt
2007/08,8,2007-09-01,shakhtar-donetsk,arsenal-kyiv,4,1,transfermarkt
2007/08,8,2007-09-01,hoverla-uzhhorod,metalurh-zaporizhzhia,1,1,transfermarkt
2007/08,8,2007-09-01,naftovyk-okhtyrka,kryvbas,1,2,transfermarkt
2007/08,8,2007-09-01,dynamo-kyiv,fc-kharkiv,2,0,transfermarkt
2007/08,8,2007-09-02,zorya-luhansk,karpaty-lviv,0,1,transfermarkt
2007/08,8,2007-09-02,vorskla-poltava,dnipro,2,1,transfermarkt
2007/08,8,2007-09-02,metalist-kharkiv,chornomorets-odesa,2,0,transfermarkt
2007/08,9,2007-09-14,fc-kharkiv,naftovyk-okhtyrka,1,0,transfermarkt
2007/08,9,2007-09-15,metalurh-donetsk,dynamo-kyiv,1,2,transfermarkt
2007/08,9,2007-09-15,karpaty-lviv,hoverla-uzhhorod,2,0,transfermarkt
2007/08,9,2007-09-15,metalurh-zaporizhzhia,vorskla-poltava,1,1,transfermarkt
2007/08,9,2007-09-15,chornomorets-odesa,shakhtar-donetsk,1,2,transfermarkt
2007/08,9,2007-09-16,kryvbas,zorya-luhansk,1,2,transfermarkt
2007/08,9,2007-09-16,arsenal-kyiv,tavriya-simferopol,0,1,transfermarkt
2007/08,9,2007-09-16,dnipro,metalist-kharkiv,3,0,transfermarkt
2007/08,10,2007-09-21,naftovyk-okhtyrka,metalurh-donetsk,2,2,transfermarkt
2007/08,10,2007-09-22,zorya-luhansk,fc-kharkiv,2,1,transfermarkt
2007/08,10,2007-09-22,hoverla-uzhhorod,kryvbas,2,3,transfermarkt
2007/08,10,2007-09-22,vorskla-poltava,karpaty-lviv,0,0,transfermarkt
2007/08,10,2007-09-22,tavriya-simferopol,dynamo-kyiv,1,4,transfermarkt
2007/08,10,2007-09-23,metalist-kharkiv,metalurh-zaporizhzhia,2,1,transfermarkt
2007/08,10,2007-09-23,arsenal-kyiv,chornomorets-odesa,1,2,transfermarkt
2007/08,10,2007-09-23,shakhtar-donetsk,dnipro,4,1,transfermarkt
2007/08,11,2007-09-28,metalurh-donetsk,zorya-luhansk,1,0,transfermarkt
2007/08,11,2007-09-29,kryvbas,vorskla-poltava,3,0,transfermarkt
2007/08,11,2007-09-29,fc-kharkiv,hoverla-uzhhorod,0,2,transfermarkt
2007/08,11,2007-09-29,metalurh-zaporizhzhia,shakhtar-donetsk,1,3,transfermarkt
2007/08,11,2007-09-29,dynamo-kyiv,naftovyk-okhtyrka,0,1,transfermarkt
2007/08,11,2007-09-30,chornomorets-odesa,tavriya-simferopol,2,0,transfermarkt
2007/08,11,2007-09-30,karpaty-lviv,metalist-kharkiv,0,2,transfermarkt
2007/08,11,2007-09-30,dnipro,arsenal-kyiv,1,3,transfermarkt
2007/08,12,2007-10-05,vorskla-poltava,fc-kharkiv,1,1,transfermarkt
2007/08,12,2007-10-06,hoverla-uzhhorod,metalurh-donetsk,1,1,transfermarkt
2007/08,12,2007-10-06,arsenal-kyiv,metalurh-zaporizhzhia,2,1,transfermarkt
2007/08,12,2007-10-06,tavriya-simferopol,naftovyk-okhtyrka,1,0,transfermarkt
2007/08,12,2007-10-06,zorya-luhansk,dynamo-kyiv,1,2,transfermarkt
2007/08,12,2007-10-07,shakhtar-donetsk,karpaty-lviv,3,0,transfermarkt
2007/08,12,2007-10-07,chornomorets-odesa,dnipro,1,2,transfermarkt
2007/08,12,2007-10-07,metalist-kharkiv,kryvbas,3,2,transfermarkt
2007/08,13,2007-10-19,metalurh-donetsk,vorskla-poltava,0,0,transfermarkt
2007/08,13,2007-10-20,kryvbas,shakhtar-donetsk,1,0,transfermarkt
2007/08,13,2007-10-20,naftovyk-okhtyrka,zorya-luhansk,0,0,transfermarkt
2007/08,13,2007-10-20,metalurh-zaporizhzhia,chornomorets-odesa,0,2,transfermarkt
2007/08,13,2007-10-20,dynamo-kyiv,hoverla-uzhhorod,1,0,transfermarkt
2007/08,13,2007-10-21,dnipro,tavriya-simferopol,2,1,transfermarkt
2007/08,13,2007-10-21,karpaty-lviv,arsenal-kyiv,0,0,transfermarkt
2007/08,13,2007-10-21,fc-kharkiv,metalist-kharkiv,0,2,transfermarkt
2007/08,14,2007-10-26,chornomorets-odesa,karpaty-lviv,4,0,transfermarkt
2007/08,14,2007-10-27,hoverla-uzhhorod,naftovyk-okhtyrka,0,0,transfermarkt
2007/08,14,2007-10-27,vorskla-poltava,dynamo-kyiv,0,1,transfermarkt
2007/08,14,2007-10-27,arsenal-kyiv,kryvbas,0,0,transfermarkt
2007/08,14,2007-10-27,metalist-kharkiv,metalurh-donetsk,1,1,transfermarkt
2007/08,14,2007-10-28,shakhtar-donetsk,fc-kharkiv,2,1,transfermarkt
2007/08,14,2007-10-28,tavriya-simferopol,zorya-luhansk,2,0,transfermarkt
2007/08,14,2007-10-28,dnipro,metalurh-zaporizhzhia,1,0,transfermarkt
2007/08,15,2007-11-02,karpaty-lviv,dnipro,0,1,transfermarkt
2007/08,15,2007-11-03,fc-kharkiv,arsenal-kyiv,2,0,transfermarkt
2007/08,15,2007-11-03,metalurh-donetsk,shakhtar-donetsk,0,1,transfermarkt
2007/08,15,2007-11-03,naftovyk-okhtyrka,vorskla-poltava,2,0,transfermarkt
2007/08,15,2007-11-03,dynamo-kyiv,metalist-kharkiv,0,1,transfermarkt
2007/08,15,2007-11-04,zorya-luhansk,hoverla-uzhhorod,1,0,transfermarkt
2007/08,15,2007-11-04,kryvbas,chornomorets-odesa,3,0,transfermarkt
2007/08,15,2007-11-04,metalurh-zaporizhzhia,tavriya-simferopol,0,0,transfermarkt
2007/08,16,2007-11-09,fc-kharkiv,chornomorets-odesa,1,1,transfermarkt
2007/08,16,2007-11-10,tavriya-simferopol,hoverla-uzhhorod,4,1,transfermarkt
2007/08,16,2007-11-10,karpaty-lviv,metalurh-zaporizhzhia,1,3,transfermarkt
2007/08,16,2007-11-10,metalurh-donetsk,arsenal-kyiv,1,2,transfermarkt
2007/08,16,2007-11-10,kryvbas,dnipro,1,2,transfermarkt
2007/08,16,2007-11-11,naftovyk-okhtyrka,metalist-kharkiv,0,2,transfermarkt
2007/08,16,2007-11-11,zorya-luhansk,vorskla-poltava,3,0,transfermarkt;forfeit?
2007/08,16,2007-11-11,dynamo-kyiv,shakhtar-donetsk,2,1,transfermarkt
2007/08,17,2007-11-23,chornomorets-odesa,metalurh-donetsk,1,0,transfermarkt
2007/08,17,2007-11-24,vorskla-poltava,hoverla-uzhhorod,2,0,transfermarkt
2007/08,17,2007-11-24,shakhtar-donetsk,naftovyk-okhtyrka,1,1,transfermarkt
2007/08,17,2007-11-24,karpaty-lviv,tavriya-simferopol,4,0,transfermarkt
2007/08,17,2007-11-24,arsenal-kyiv,dynamo-kyiv,0,1,transfermarkt
2007/08,17,2007-11-25,metalist-kharkiv,zorya-luhansk,2,1,transfermarkt
2007/08,17,2007-11-25,metalurh-zaporizhzhia,kryvbas,1,1,transfermarkt
2007/08,17,2007-11-25,dnipro,fc-kharkiv,1,0,transfermarkt
2007/08,18,2007-11-30,tavriya-simferopol,vorskla-poltava,1,0,transfermarkt
2007/08,18,2007-12-01,hoverla-uzhhorod,metalist-kharkiv,0,1,transfermarkt
2007/08,18,2007-12-01,dynamo-kyiv,chornomorets-odesa,5,2,transfermarkt
2007/08,18,2007-12-01,naftovyk-okhtyrka,arsenal-kyiv,1,0,transfermarkt
2007/08,18,2007-12-01,metalurh-donetsk,dnipro,0,3,transfermarkt
2007/08,18,2007-12-02,fc-kharkiv,metalurh-zaporizhzhia,0,1,transfermarkt
2007/08,18,2007-12-02,kryvbas,karpaty-lviv,0,1,transfermarkt
2007/08,19,2008-02-29,arsenal-kyiv,zorya-luhansk,1,1,transfermarkt
2007/08,19,2008-03-01,shakhtar-donetsk,hoverla-uzhhorod,5,0,transfermarkt
2007/08,19,2008-03-01,karpaty-lviv,fc-kharkiv,1,0,transfermarkt
2007/08,19,2008-03-01,metalist-kharkiv,vorskla-poltava,3,0,transfermarkt
2007/08,19,2008-03-01,chornomorets-odesa,naftovyk-okhtyrka,0,1,transfermarkt
2007/08,19,2008-03-02,metalurh-zaporizhzhia,metalurh-donetsk,1,0,transfermarkt
2007/08,19,2008-03-02,dnipro,dynamo-kyiv,0,4,transfermarkt
2007/08,19,2008-03-02,kryvbas,tavriya-simferopol,1,1,transfermarkt
2007/08,20,2008-03-07,metalurh-donetsk,karpaty-lviv,1,0,transfermarkt
2007/08,20,2008-03-08,tavriya-simferopol,metalist-kharkiv,0,0,transfermarkt
2007/08,20,2008-03-08,hoverla-uzhhorod,arsenal-kyiv,0,0,transfermarkt
2007/08,20,2008-03-08,zorya-luhansk,chornomorets-odesa,0,2,transfermarkt
2007/08,20,2008-03-08,dynamo-kyiv,metalurh-zaporizhzhia,2,1,transfermarkt
2007/08,20,2008-03-09,vorskla-poltava,shakhtar-donetsk,0,1,transfermarkt
2007/08,20,2008-03-09,fc-kharkiv,kryvbas,0,0,transfermarkt
2007/08,20,2008-03-09,naftovyk-okhtyrka,dnipro,1,1,transfermarkt
2007/08,21,2008-03-14,fc-kharkiv,tavriya-simferopol,1,1,transfermarkt
2007/08,21,2008-03-15,karpaty-lviv,dynamo-kyiv,1,2,transfermarkt
2007/08,21,2008-03-15,shakhtar-donetsk,metalist-kharkiv,4,1,transfermarkt
2007/08,21,2008-03-15,kryvbas,metalurh-donetsk,1,1,transfermarkt
2007/08,21,2008-03-15,chornomorets-odesa,hoverla-uzhhorod,3,1,transfermarkt
2007/08,21,2008-03-16,arsenal-kyiv,vorskla-poltava,3,2,transfermarkt
2007/08,21,2008-03-16,dnipro,zorya-luhansk,1,0,transfermarkt
2007/08,21,2008-03-16,metalurh-zaporizhzhia,naftovyk-okhtyrka,1,0,transfermarkt
2007/08,22,2008-03-21,metalist-kharkiv,arsenal-kyiv,2,4,transfermarkt
2007/08,22,2008-03-22,zorya-luhansk,metalurh-zaporizhzhia,0,1,transfermarkt
2007/08,22,2008-03-22,naftovyk-okhtyrka,karpaty-lviv,0,0,transfermarkt
2007/08,22,2008-03-22,hoverla-uzhhorod,dnipro,1,1,transfermarkt
2007/08,22,2008-03-23,tavriya-simferopol,shakhtar-donetsk,3,2,transfermarkt
2007/08,22,2008-03-23,metalurh-donetsk,fc-kharkiv,0,0,transfermarkt
2007/08,22,2008-03-23,vorskla-poltava,chornomorets-odesa,2,0,transfermarkt
2007/08,22,2008-03-23,dynamo-kyiv,kryvbas,3,0,transfermarkt
2007/08,23,2008-03-29,chornomorets-odesa,metalist-kharkiv,0,1,transfermarkt
2007/08,23,2008-03-29,karpaty-lviv,zorya-luhansk,3,0,transfermarkt
2007/08,23,2008-03-29,metalurh-donetsk,tavriya-simferopol,1,2,transfermarkt
2007/08,23,2008-03-29,metalurh-zaporizhzhia,hoverla-uzhhorod,0,0,transfermarkt
2007/08,23,2008-03-30,arsenal-kyiv,shakhtar-donetsk,2,4,transfermarkt
2007/08,23,2008-03-30,fc-kharkiv,dynamo-kyiv,0,1,transfermarkt
2007/08,23,2008-03-30,kryvbas,naftovyk-okhtyrka,0,1,transfermarkt
2007/08,23,2008-03-31,dnipro,vorskla-poltava,1,0,transfermarkt
2007/08,24,2008-04-04,tavriya-simferopol,arsenal-kyiv,1,1,transfermarkt
2007/08,24,2008-04-05,zorya-luhansk,kryvbas,1,2,transfermarkt
2007/08,24,2008-04-05,hoverla-uzhhorod,karpaty-lviv,1,2,transfermarkt
2007/08,24,2008-04-05,dynamo-kyiv,metalurh-donetsk,3,3,transfermarkt
2007/08,24,2008-04-06,vorskla-poltava,metalurh-zaporizhzhia,2,1,transfermarkt
2007/08,24,2008-04-06,metalist-kharkiv,dnipro,1,0,transfermarkt
2007/08,24,2008-04-06,shakhtar-donetsk,chornomorets-odesa,0,1,transfermarkt
2007/08,24,2008-04-06,naftovyk-okhtyrka,fc-kharkiv,1,4,transfermarkt
2007/08,25,2008-04-11,karpaty-lviv,vorskla-poltava,1,2,transfermarkt
2007/08,25,2008-04-12,dnipro,shakhtar-donetsk,1,3,transfermarkt
2007/08,25,2008-04-12,metalurh-donetsk,naftovyk-okhtyrka,2,1,transfermarkt
2007/08,25,2008-04-12,chornomorets-odesa,arsenal-kyiv,0,1,transfermarkt
2007/08,25,2008-04-12,dynamo-kyiv,tavriya-simferopol,3,0,transfermarkt
2007/08,25,2008-04-13,metalurh-zaporizhzhia,metalist-kharkiv,0,2,transfermarkt
2007/08,25,2008-04-13,fc-kharkiv,zorya-luhansk,0,1,transfermarkt
2007/08,25,2008-04-13,kryvbas,hoverla-uzhhorod,1,1,transfermarkt
2007/08,26,2008-04-18,arsenal-kyiv,dnipro,2,1,transfermarkt
2007/08,26,2008-04-18,shakhtar-donetsk,metalurh-zaporizhzhia,4,0,transfermarkt
2007/08,26,2008-04-19,metalist-kharkiv,karpaty-lviv,4,0,transfermarkt;score_not_in_wiki_table
2007/08,26,2008-04-19,vorskla-poltava,kryvbas,2,1,transfermarkt
2007/08,26,2008-04-19,zorya-luhansk,metalurh-donetsk,1,1,transfermarkt
2007/08,26,2008-04-20,tavriya-simferopol,chornomorets-odesa,3,0,transfermarkt
2007/08,26,2008-04-20,naftovyk-okhtyrka,dynamo-kyiv,0,3,transfermarkt
2007/08,26,2008-04-20,hoverla-uzhhorod,fc-kharkiv,0,3,transfermarkt
2007/08,18,2008-04-22,zorya-luhansk,shakhtar-donetsk,1,4,transfermarkt
2007/08,27,2008-04-25,dnipro,chornomorets-odesa,1,0,transfermarkt
2007/08,27,2008-04-26,karpaty-lviv,shakhtar-donetsk,2,4,transfermarkt
2007/08,27,2008-04-26,metalurh-donetsk,hoverla-uzhhorod,5,0,transfermarkt
2007/08,27,2008-04-26,naftovyk-okhtyrka,tavriya-simferopol,0,1,transfermarkt
2007/08,27,2008-04-26,dynamo-kyiv,zorya-luhansk,3,0,transfermarkt
2007/08,27,2008-04-26,fc-kharkiv,vorskla-poltava,0,3,transfermarkt
2007/08,27,2008-04-26,kryvbas,metalist-kharkiv,0,3,transfermarkt
2007/08,27,2008-04-26,metalurh-zaporizhzhia,arsenal-kyiv,0,1,transfermarkt
2007/08,28,2008-05-02,metalist-kharkiv,fc-kharkiv,2,0,transfermarkt
2007/08,28,2008-05-03,hoverla-uzhhorod,dynamo-kyiv,1,4,transfermarkt
2007/08,28,2008-05-03,vorskla-poltava,metalurh-donetsk,2,0,transfermarkt
2007/08,28,2008-05-03,chornomorets-odesa,metalurh-zaporizhzhia,1,1,transfermarkt
2007/08,28,2008-05-03,shakhtar-donetsk,kryvbas,1,0,transfermarkt
2007/08,28,2008-05-04,zorya-luhansk,naftovyk-okhtyrka,1,0,transfermarkt
2007/08,28,2008-05-04,arsenal-kyiv,karpaty-lviv,2,0,transfermarkt
2007/08,28,2008-05-04,tavriya-simferopol,dnipro,0,1,transfermarkt
2007/08,29,2008-05-11,zorya-luhansk,tavriya-simferopol,2,3,transfermarkt
2007/08,29,2008-05-11,naftovyk-okhtyrka,hoverla-uzhhorod,3,2,transfermarkt
2007/08,29,2008-05-11,dynamo-kyiv,vorskla-poltava,2,1,transfermarkt
2007/08,29,2008-05-11,metalurh-donetsk,metalist-kharkiv,1,1,transfermarkt
2007/08,29,2008-05-11,fc-kharkiv,shakhtar-donetsk,0,3,transfermarkt
2007/08,29,2008-05-11,kryvbas,arsenal-kyiv,0,0,transfermarkt
2007/08,29,2008-05-11,karpaty-lviv,chornomorets-odesa,2,0,transfermarkt
2007/08,29,2008-05-11,metalurh-zaporizhzhia,dnipro,0,0,transfermarkt
2007/08,30,2008-05-18,dnipro,karpaty-lviv,0,0,transfermarkt
2007/08,30,2008-05-18,chornomorets-odesa,kryvbas,1,1,transfermarkt
2007/08,30,2008-05-18,arsenal-kyiv,fc-kharkiv,0,0,transfermarkt
2007/08,30,2008-05-18,shakhtar-donetsk,metalurh-donetsk,4,1,transfermarkt
2007/08,30,2008-05-18,metalist-kharkiv,dynamo-kyiv,2,2,transfermarkt
2007/08,30,2008-05-18,vorskla-poltava,naftovyk-okhtyrka,1,1,transfermarkt
2007/08,30,2008-05-18,hoverla-uzhhorod,zorya-luhansk,0,2,transfermarkt
2007/08,30,2008-05-18,tavriya-simferopol,metalurh-zaporizhzhia,2,2,transfermarkt
2008/09,1,2008-07-16,tavriya-simferopol,dnipro,0,0,transfermarkt
2008/09,1,2008-07-18,fc-kharkiv,vorskla-poltava,0,1,transfermarkt
2008/09,1,2008-07-19,metalurh-donetsk,karpaty-lviv,1,0,transfermarkt
2008/09,1,2008-07-19,kryvbas,metalurh-zaporizhzhia,1,0,transfermarkt
2008/09,1,2008-07-19,dynamo-kyiv,mariupol,2,0,transfermarkt
2008/09,1,2008-07-20,chornomorets-odesa,arsenal-kyiv,0,1,transfermarkt
2008/09,1,2008-07-20,zorya-luhansk,metalist-kharkiv,1,1,transfermarkt
2008/09,1,2008-07-20,fc-lviv-2008,shakhtar-donetsk,2,0,transfermarkt
2008/09,2,2008-07-25,dnipro,dynamo-kyiv,1,3,transfermarkt
2008/09,2,2008-07-26,arsenal-kyiv,kryvbas,1,1,transfermarkt
2008/09,2,2008-07-26,metalurh-donetsk,chornomorets-odesa,1,0,transfermarkt
2008/09,2,2008-07-26,vorskla-poltava,zorya-luhansk,0,1,transfermarkt
2008/09,2,2008-07-27,mariupol,fc-lviv-2008,2,0,transfermarkt
2008/09,2,2008-07-27,karpaty-lviv,shakhtar-donetsk,1,1,transfermarkt
2008/09,2,2008-07-27,metalurh-zaporizhzhia,fc-kharkiv,0,0,transfermarkt
2008/09,2,2008-07-30,metalist-kharkiv,tavriya-simferopol,3,0,transfermarkt
2008/09,3,2008-08-01,chornomorets-odesa,karpaty-lviv,3,0,transfermarkt
2008/09,3,2008-08-02,fc-lviv-2008,dnipro,0,1,transfermarkt
2008/09,3,2008-08-02,fc-kharkiv,arsenal-kyiv,1,1,transfermarkt
2008/09,3,2008-08-02,kryvbas,metalurh-donetsk,1,2,transfermarkt
2008/09,3,2008-08-02,dynamo-kyiv,metalist-kharkiv,1,2,transfermarkt
2008/09,3,2008-08-03,zorya-luhansk,metalurh-zaporizhzhia,0,0,transfermarkt
2008/09,3,2008-08-03,tavriya-simferopol,vorskla-poltava,1,3,transfermarkt
2008/09,3,2008-08-03,shakhtar-donetsk,mariupol,3,0,transfermarkt
2008/09,4,2008-08-08,dnipro,shakhtar-donetsk,0,0,transfermarkt
2008/09,4,2008-08-09,karpaty-lviv,mariupol,1,0,transfermarkt
2008/09,4,2008-08-09,metalurh-donetsk,fc-kharkiv,3,0,transfermarkt
2008/09,4,2008-08-09,chornomorets-odesa,kryvbas,2,0,transfermarkt
2008/09,4,2008-08-09,vorskla-poltava,dynamo-kyiv,2,2,transfermarkt
2008/09,4,2008-08-10,arsenal-kyiv,zorya-luhansk,1,1,transfermarkt
2008/09,4,2008-08-10,metalurh-zaporizhzhia,tavriya-simferopol,1,0,transfermarkt
2008/09,4,2008-08-10,metalist-kharkiv,fc-lviv-2008,0,0,transfermarkt
2008/09,5,2008-08-15,kryvbas,karpaty-lviv,1,1,transfermarkt
2008/09,5,2008-08-16,fc-lviv-2008,vorskla-poltava,0,0,transfermarkt
2008/09,5,2008-08-16,zorya-luhansk,metalurh-donetsk,0,2,transfermarkt
2008/09,5,2008-08-16,fc-kharkiv,chornomorets-odesa,1,1,transfermarkt
2008/09,5,2008-08-16,tavriya-simferopol,arsenal-kyiv,3,1,transfermarkt
2008/09,5,2008-08-17,mariupol,dnipro,1,2,transfermarkt
2008/09,5,2008-08-17,shakhtar-donetsk,metalist-kharkiv,2,2,transfermarkt
2008/09,5,2008-08-17,dynamo-kyiv,metalurh-zaporizhzhia,2,0,transfermarkt
2008/09,6,2008-08-22,metalist-kharkiv,mariupol,2,0,transfermarkt
2008/09,6,2008-08-23,karpaty-lviv,dnipro,0,0,transfermarkt
2008/09,6,2008-08-23,chornomorets-odesa,zorya-luhansk,1,3,transfermarkt
2008/09,6,2008-08-23,vorskla-poltava,shakhtar-donetsk,1,0,transfermarkt
2008/09,6,2008-08-23,kryvbas,fc-kharkiv,1,1,transfermarkt
2008/09,6,2008-08-23,arsenal-kyiv,dynamo-kyiv,0,2,transfermarkt
2008/09,6,2008-08-24,metalurh-donetsk,tavriya-simferopol,2,1,transfermarkt
2008/09,6,2008-08-24,metalurh-zaporizhzhia,fc-lviv-2008,2,1,transfermarkt
2008/09,7,2008-08-29,fc-lviv-2008,arsenal-kyiv,0,1,transfermarkt
2008/09,7,2008-08-30,mariupol,vorskla-poltava,1,3,transfermarkt
2008/09,7,2008-08-30,fc-kharkiv,karpaty-lviv,1,1,transfermarkt
2008/09,7,2008-08-30,tavriya-simferopol,chornomorets-odesa,1,3,transfermarkt
2008/09,7,2008-08-31,zorya-luhansk,kryvbas,1,2,transfermarkt
2008/09,7,2008-08-31,shakhtar-donetsk,metalurh-zaporizhzhia,2,2,transfermarkt
2008/09,7,2008-08-31,dynamo-kyiv,metalurh-donetsk,1,0,transfermarkt
2008/09,7,2008-09-01,dnipro,metalist-kharkiv,2,0,transfermarkt
2008/09,8,2008-09-19,metalurh-zaporizhzhia,mariupol,2,0,transfermarkt
2008/09,8,2008-09-20,kryvbas,tavriya-simferopol,1,1,transfermarkt
2008/09,8,2008-09-20,metalurh-donetsk,fc-lviv-2008,2,0,transfermarkt
2008/09,8,2008-09-20,fc-kharkiv,zorya-luhansk,2,3,transfermarkt
2008/09,8,2008-09-21,arsenal-kyiv,shakhtar-donetsk,0,0,transfermarkt
2008/09,8,2008-09-21,karpaty-lviv,metalist-kharkiv,0,2,transfermarkt
2008/09,8,2008-09-21,vorskla-poltava,dnipro,1,0,transfermarkt
2008/09,8,2008-09-21,chornomorets-odesa,dynamo-kyiv,0,3,transfermarkt
2008/09,9,2008-09-26,dynamo-kyiv,kryvbas,3,0,transfermarkt
2008/09,9,2008-09-27,fc-lviv-2008,chornomorets-odesa,0,2,transfermarkt
2008/09,9,2008-09-27,metalist-kharkiv,vorskla-poltava,3,1,transfermarkt
2008/09,9,2008-09-27,shakhtar-donetsk,metalurh-donetsk,1,1,transfermarkt
2008/09,9,2008-09-27,tavriya-simferopol,fc-kharkiv,1,1,transfermarkt
2008/09,9,2008-09-28,zorya-luhansk,karpaty-lviv,1,0,transfermarkt
2008/09,9,2008-09-28,mariupol,arsenal-kyiv,2,1,transfermarkt
2008/09,9,2008-09-28,dnipro,metalurh-zaporizhzhia,1,2,transfermarkt
2008/09,10,2008-10-03,arsenal-kyiv,dnipro,0,1,transfermarkt
2008/09,10,2008-10-03,metalurh-donetsk,mariupol,2,0,transfermarkt
2008/09,10,2008-10-04,zorya-luhansk,tavriya-simferopol,1,1,transfermarkt
2008/09,10,2008-10-04,kryvbas,fc-lviv-2008,2,0,transfermarkt
2008/09,10,2008-10-04,karpaty-lviv,vorskla-poltava,0,0,transfermarkt
2008/09,10,2008-10-04,fc-kharkiv,dynamo-kyiv,0,4,transfermarkt
2008/09,10,2008-10-05,chornomorets-odesa,shakhtar-donetsk,0,3,transfermarkt
2008/09,10,2008-10-05,metalurh-zaporizhzhia,metalist-kharkiv,1,0,transfermarkt
2008/09,11,2008-10-17,dynamo-kyiv,zorya-luhansk,5,0,transfermarkt
2008/09,11,2008-10-18,shakhtar-donetsk,kryvbas,4,2,transfermarkt
2008/09,11,2008-10-18,mariupol,chornomorets-odesa,1,0,transfermarkt
2008/09,11,2008-10-18,fc-lviv-2008,fc-kharkiv,1,0,transfermarkt
2008/09,11,2008-10-18,metalist-kharkiv,arsenal-kyiv,3,1,transfermarkt
2008/09,11,2008-10-19,dnipro,metalurh-donetsk,1,1,transfermarkt
2008/09,11,2008-10-19,tavriya-simferopol,karpaty-lviv,1,4,transfermarkt
2008/09,11,2008-10-19,vorskla-poltava,metalurh-zaporizhzhia,1,1,transfermarkt
2008/09,12,2008-10-24,tavriya-simferopol,dynamo-kyiv,1,3,transfermarkt
2008/09,12,2008-10-24,arsenal-kyiv,vorskla-poltava,0,0,transfermarkt
2008/09,12,2008-10-25,zorya-luhansk,fc-lviv-2008,1,1,transfermarkt
2008/09,12,2008-10-25,karpaty-lviv,metalurh-zaporizhzhia,0,0,transfermarkt
2008/09,12,2008-10-25,kryvbas,mariupol,0,0,transfermarkt
2008/09,12,2008-10-25,chornomorets-odesa,dnipro,1,1,transfermarkt
2008/09,12,2008-10-26,fc-kharkiv,shakhtar-donetsk,0,0,transfermarkt
2008/09,12,2008-10-26,metalurh-donetsk,metalist-kharkiv,0,2,transfermarkt
2008/09,13,2008-11-01,shakhtar-donetsk,zorya-luhansk,3,1,transfermarkt
2008/09,13,2008-11-01,metalurh-zaporizhzhia,arsenal-kyiv,2,1,transfermarkt
2008/09,13,2008-11-01,mariupol,fc-kharkiv,1,1,transfermarkt
2008/09,13,2008-11-01,dynamo-kyiv,karpaty-lviv,4,0,transfermarkt
2008/09,13,2008-11-01,metalist-kharkiv,chornomorets-odesa,2,0,transfermarkt
2008/09,13,2008-11-02,fc-lviv-2008,tavriya-simferopol,2,4,transfermarkt
2008/09,13,2008-11-02,vorskla-poltava,metalurh-donetsk,1,0,transfermarkt
2008/09,13,2008-11-02,dnipro,kryvbas,1,0,transfermarkt
2008/09,14,2008-11-07,fc-kharkiv,dnipro,0,2,transfermarkt
2008/09,14,2008-11-08,zorya-luhansk,mariupol,2,1,transfermarkt
2008/09,14,2008-11-08,karpaty-lviv,arsenal-kyiv,3,2,transfermarkt
2008/09,14,2008-11-08,tavriya-simferopol,shakhtar-donetsk,0,2,transfermarkt
2008/09,14,2008-11-08,metalurh-donetsk,metalurh-zaporizhzhia,3,1,transfermarkt
2008/09,14,2008-11-09,chornomorets-odesa,vorskla-poltava,0,1,transfermarkt
2008/09,14,2008-11-09,kryvbas,metalist-kharkiv,1,3,transfermarkt
2008/09,14,2008-11-09,dynamo-kyiv,fc-lviv-2008,1,0,transfermarkt
2008/09,15,2008-11-14,metalurh-zaporizhzhia,chornomorets-odesa,1,3,transfermarkt
2008/09,15,2008-11-15,mariupol,tavriya-simferopol,3,3,transfermarkt
2008/09,15,2008-11-15,vorskla-poltava,kryvbas,0,0,transfermarkt
2008/09,15,2008-11-15,fc-lviv-2008,karpaty-lviv,2,4,transfermarkt
2008/09,15,2008-11-16,arsenal-kyiv,metalurh-donetsk,0,1,transfermarkt
2008/09,15,2008-11-16,shakhtar-donetsk,dynamo-kyiv,1,0,transfermarkt
2008/09,15,2008-11-16,dnipro,zorya-luhansk,1,1,transfermarkt
2008/09,15,2008-11-16,metalist-kharkiv,fc-kharkiv,1,1,transfermarkt
2008/09,16,2008-11-21,metalist-kharkiv,zorya-luhansk,2,1,transfermarkt
2008/09,16,2008-11-21,metalurh-zaporizhzhia,kryvbas,0,0,transfermarkt
2008/09,16,2008-11-21,shakhtar-donetsk,fc-lviv-2008,2,0,transfermarkt
2008/09,16,2008-11-23,karpaty-lviv,metalurh-donetsk,1,1,transfermarkt
2008/09,16,2008-11-23,arsenal-kyiv,chornomorets-odesa,1,0,transfermarkt
2008/09,16,2008-11-23,vorskla-poltava,fc-kharkiv,2,1,transfermarkt
2008/09,16,2008-11-23,dnipro,tavriya-simferopol,0,1,transfermarkt
2008/09,17,2008-11-28,chornomorets-odesa,metalurh-donetsk,2,1,transfermarkt
2008/09,17,2008-11-29,zorya-luhansk,vorskla-poltava,0,2,transfermarkt
2008/09,17,2008-11-29,fc-lviv-2008,mariupol,2,1,transfermarkt
2008/09,17,2008-11-29,kryvbas,arsenal-kyiv,1,0,transfermarkt
2008/09,17,2008-11-29,fc-kharkiv,metalurh-zaporizhzhia,0,2,transfermarkt
2008/09,17,2008-11-30,shakhtar-donetsk,karpaty-lviv,1,0,transfermarkt
2008/09,17,2008-11-30,dynamo-kyiv,dnipro,2,1,transfermarkt
2008/09,17,2008-11-30,tavriya-simferopol,metalist-kharkiv,0,1,transfermarkt
2008/09,16,2008-12-05,mariupol,dynamo-kyiv,3,4,transfermarkt
2008/09,18,2009-02-27,metalurh-donetsk,kryvbas,1,1,transfermarkt
2008/09,18,2009-02-28,metalurh-zaporizhzhia,zorya-luhansk,2,1,transfermarkt
2008/09,18,2009-02-28,vorskla-poltava,tavriya-simferopol,1,0,transfermarkt
2008/09,18,2009-02-28,dnipro,fc-lviv-2008,1,1,transfermarkt
2008/09,18,2009-03-01,arsenal-kyiv,fc-kharkiv,1,0,transfermarkt
2008/09,18,2009-03-01,karpaty-lviv,chornomorets-odesa,3,0,transfermarkt
2008/09,18,2009-03-02,mariupol,shakhtar-donetsk,1,2,transfermarkt
2008/09,18,2009-03-04,metalist-kharkiv,dynamo-kyiv,0,2,transfermarkt
2008/09,19,2009-03-06,tavriya-simferopol,metalurh-zaporizhzhia,2,0,transfermarkt
2008/09,19,2009-03-07,fc-kharkiv,metalurh-donetsk,1,0,transfermarkt
2008/09,19,2009-03-07,shakhtar-donetsk,dnipro,1,0,transfermarkt
2008/09,19,2009-03-07,kryvbas,chornomorets-odesa,0,2,transfermarkt
2008/09,19,2009-03-07,mariupol,karpaty-lviv,1,5,transfermarkt
2008/09,19,2009-03-08,zorya-luhansk,arsenal-kyiv,0,1,transfermarkt
2008/09,19,2009-03-08,fc-lviv-2008,metalist-kharkiv,1,1,transfermarkt
2008/09,19,2009-03-08,dynamo-kyiv,vorskla-poltava,4,1,transfermarkt
2008/09,20,2009-03-13,vorskla-poltava,fc-lviv-2008,0,0,transfermarkt
2008/09,20,2009-03-14,metalurh-donetsk,zorya-luhansk,3,0,transfermarkt
2008/09,20,2009-03-14,chornomorets-odesa,fc-kharkiv,3,1,transfermarkt
2008/09,20,2009-03-14,karpaty-lviv,kryvbas,3,0,transfermarkt
2008/09,20,2009-03-14,dnipro,mariupol,0,0,transfermarkt
2008/09,20,2009-03-15,metalurh-zaporizhzhia,dynamo-kyiv,1,3,transfermarkt
2008/09,20,2009-03-15,metalist-kharkiv,shakhtar-donetsk,0,3,transfermarkt
2008/09,21,2009-03-20,tavriya-simferopol,metalurh-donetsk,4,1,transfermarkt
2008/09,21,2009-03-21,zorya-luhansk,chornomorets-odesa,2,1,transfermarkt
2008/09,21,2009-03-21,fc-lviv-2008,metalurh-zaporizhzhia,1,2,transfermarkt
2008/09,21,2009-03-21,dnipro,karpaty-lviv,1,0,transfermarkt
2008/09,21,2009-03-22,fc-kharkiv,kryvbas,0,1,transfermarkt
2008/09,21,2009-03-22,shakhtar-donetsk,vorskla-poltava,1,0,transfermarkt
2008/09,21,2009-03-23,dynamo-kyiv,arsenal-kyiv,3,0,transfermarkt
2008/09,22,2009-04-04,chornomorets-odesa,tavriya-simferopol,0,2,transfermarkt
2008/09,22,2009-04-04,arsenal-kyiv,fc-lviv-2008,0,0,transfermarkt
2008/09,22,2009-04-04,vorskla-poltava,mariupol,2,3,transfermarkt
2008/09,22,2009-04-04,kryvbas,zorya-luhansk,2,1,transfermarkt
2008/09,22,2009-04-04,karpaty-lviv,fc-kharkiv,0,2,transfermarkt
2008/09,22,2009-04-05,metalurh-donetsk,dynamo-kyiv,0,2,transfermarkt
2008/09,22,2009-04-05,metalurh-zaporizhzhia,shakhtar-donetsk,1,0,transfermarkt
2008/09,22,2009-04-05,metalist-kharkiv,dnipro,3,2,transfermarkt
2008/09,21,2009-04-09,mariupol,metalist-kharkiv,0,2,transfermarkt
2008/09,23,2009-04-11,zorya-luhansk,fc-kharkiv,2,0,transfermarkt
2008/09,23,2009-04-11,fc-lviv-2008,metalurh-donetsk,0,1,transfermarkt
2008/09,23,2009-04-11,tavriya-simferopol,kryvbas,0,1,transfermarkt
2008/09,23,2009-04-11,dnipro,vorskla-poltava,2,1,transfermarkt
2008/09,23,2009-04-12,mariupol,metalurh-zaporizhzhia,1,1,transfermarkt
2008/09,23,2009-04-12,shakhtar-donetsk,arsenal-kyiv,3,0,transfermarkt
2008/09,23,2009-04-12,metalist-kharkiv,karpaty-lviv,1,1,transfermarkt
2008/09,23,2009-04-12,dynamo-kyiv,chornomorets-odesa,3,1,transfermarkt
2008/09,24,2009-04-17,fc-kharkiv,tavriya-simferopol,0,3,transfermarkt
2008/09,24,2009-04-17,arsenal-kyiv,mariupol,4,0,transfermarkt
2008/09,24,2009-04-18,karpaty-lviv,zorya-luhansk,1,1,transfermarkt
2008/09,24,2009-04-18,vorskla-poltava,metalist-kharkiv,0,1,transfermarkt
2008/09,24,2009-04-18,metalurh-zaporizhzhia,dnipro,0,1,transfermarkt
2008/09,24,2009-04-19,metalurh-donetsk,shakhtar-donetsk,1,2,transfermarkt
2008/09,24,2009-04-19,chornomorets-odesa,fc-lviv-2008,1,0,transfermarkt
2008/09,24,2009-04-19,kryvbas,dynamo-kyiv,2,1,transfermarkt
2008/09,20,2009-04-22,arsenal-kyiv,tavriya-simferopol,1,1,transfermarkt
2008/09,25,2009-04-24,fc-lviv-2008,kryvbas,1,0,transfermarkt
2008/09,25,2009-04-25,shakhtar-donetsk,chornomorets-odesa,1,0,transfermarkt
2008/09,25,2009-04-25,mariupol,metalurh-donetsk,0,1,transfermarkt
2008/09,25,2009-04-25,dnipro,arsenal-kyiv,2,1,transfermarkt
2008/09,25,2009-04-26,vorskla-poltava,karpaty-lviv,2,1,transfermarkt
2008/09,25,2009-04-26,metalist-kharkiv,metalurh-zaporizhzhia,1,1,transfermarkt
2008/09,25,2009-04-26,tavriya-simferopol,zorya-luhansk,2,1,transfermarkt
2008/09,25,2009-04-26,dynamo-kyiv,fc-kharkiv,1,0,transfermarkt
2008/09,26,2009-05-01,arsenal-kyiv,metalist-kharkiv,0,2,transfermarkt
2008/09,26,2009-05-02,metalurh-donetsk,dnipro,1,1,transfermarkt
2008/09,26,2009-05-02,karpaty-lviv,tavriya-simferopol,0,1,transfermarkt
2008/09,26,2009-05-02,chornomorets-odesa,mariupol,3,2,transfermarkt
2008/09,26,2009-05-02,fc-kharkiv,fc-lviv-2008,2,3,transfermarkt
2008/09,26,2009-05-03,zorya-luhansk,dynamo-kyiv,0,1,transfermarkt
2008/09,26,2009-05-03,kryvbas,shakhtar-donetsk,0,1,transfermarkt
2008/09,26,2009-05-03,metalurh-zaporizhzhia,vorskla-poltava,1,0,transfermarkt
2008/09,27,2009-05-08,vorskla-poltava,arsenal-kyiv,1,0,transfermarkt
2008/09,27,2009-05-08,metalist-kharkiv,metalurh-donetsk,1,1,transfermarkt
2008/09,27,2009-05-09,fc-lviv-2008,zorya-luhansk,3,1,transfermarkt
2008/09,27,2009-05-09,mariupol,kryvbas,2,0,transfermarkt
2008/09,27,2009-05-09,dnipro,chornomorets-odesa,4,1,transfermarkt
2008/09,27,2009-05-10,shakhtar-donetsk,fc-kharkiv,3,0,transfermarkt
2008/09,27,2009-05-10,metalurh-zaporizhzhia,karpaty-lviv,0,0,transfermarkt
2008/09,27,2009-05-10,dynamo-kyiv,tavriya-simferopol,3,2,transfermarkt
2008/09,28,2009-05-15,fc-kharkiv,mariupol,1,2,transfermarkt
2008/09,28,2009-05-15,tavriya-simferopol,fc-lviv-2008,2,2,transfermarkt
2008/09,28,2009-05-16,metalurh-donetsk,vorskla-poltava,2,1,transfermarkt
2008/09,28,2009-05-16,karpaty-lviv,dynamo-kyiv,1,4,transfermarkt
2008/09,28,2009-05-16,kryvbas,dnipro,0,1,transfermarkt
2008/09,28,2009-05-16,chornomorets-odesa,metalist-kharkiv,1,0,transfermarkt
2008/09,28,2009-05-16,zorya-luhansk,shakhtar-donetsk,0,3,transfermarkt
2008/09,28,2009-05-16,arsenal-kyiv,metalurh-zaporizhzhia,2,0,transfermarkt
2008/09,29,2009-05-23,fc-lviv-2008,dynamo-kyiv,0,1,transfermarkt
2008/09,29,2009-05-23,shakhtar-donetsk,tavriya-simferopol,2,0,transfermarkt
2008/09,29,2009-05-23,mariupol,zorya-luhansk,1,0,transfermarkt
2008/09,29,2009-05-23,dnipro,fc-kharkiv,4,1,transfermarkt
2008/09,29,2009-05-23,metalist-kharkiv,kryvbas,1,0,transfermarkt
2008/09,29,2009-05-23,vorskla-poltava,chornomorets-odesa,2,1,transfermarkt
2008/09,29,2009-05-23,metalurh-zaporizhzhia,metalurh-donetsk,2,1,transfermarkt
2008/09,29,2009-05-23,arsenal-kyiv,karpaty-lviv,4,0,transfermarkt
2008/09,30,2009-05-26,metalurh-donetsk,arsenal-kyiv,0,0,transfermarkt
2008/09,30,2009-05-26,chornomorets-odesa,metalurh-zaporizhzhia,2,1,transfermarkt
2008/09,30,2009-05-26,kryvbas,vorskla-poltava,0,2,transfermarkt
2008/09,30,2009-05-26,fc-kharkiv,metalist-kharkiv,1,2,transfermarkt
2008/09,30,2009-05-26,zorya-luhansk,dnipro,2,0,transfermarkt
2008/09,30,2009-05-26,tavriya-simferopol,mariupol,3,2,transfermarkt
2008/09,30,2009-05-26,dynamo-kyiv,shakhtar-donetsk,1,0,transfermarkt
2008/09,30,2009-05-26,karpaty-lviv,fc-lviv-2008,2,1,transfermarkt
2009/10,1,2009-07-17,mariupol,hoverla-uzhhorod,1,0,transfermarkt
2009/10,1,2009-07-18,vorskla-poltava,karpaty-lviv,1,2,transfermarkt
2009/10,1,2009-07-18,zorya-luhansk,arsenal-kyiv,0,0,transfermarkt
2009/10,1,2009-07-18,dynamo-kyiv,chornomorets-odesa,5,0,transfermarkt
2009/10,1,2009-07-18,shakhtar-donetsk,kryvbas,3,0,transfermarkt
2009/10,1,2009-07-19,obolon-kyiv,metalist-kharkiv,0,2,transfermarkt
2009/10,1,2009-07-19,tavriya-simferopol,metalurh-zaporizhzhia,2,0,transfermarkt
2009/10,1,2009-07-19,metalurh-donetsk,dnipro,0,0,transfermarkt
2009/10,2,2009-07-24,chornomorets-odesa,arsenal-kyiv,1,3,transfermarkt
2009/10,2,2009-07-25,dynamo-kyiv,tavriya-simferopol,6,0,transfermarkt
2009/10,2,2009-07-25,mariupol,shakhtar-donetsk,0,2,transfermarkt
2009/10,2,2009-07-25,dnipro,metalist-kharkiv,2,0,transfermarkt
2009/10,2,2009-07-26,hoverla-uzhhorod,vorskla-poltava,1,3,transfermarkt
2009/10,2,2009-07-26,metalurh-zaporizhzhia,kryvbas,2,1,transfermarkt
2009/10,2,2009-07-26,obolon-kyiv,zorya-luhansk,3,0,transfermarkt
2009/10,2,2009-07-26,karpaty-lviv,metalurh-donetsk,2,2,transfermarkt
2009/10,3,2009-07-31,tavriya-simferopol,chornomorets-odesa,2,1,transfermarkt
2009/10,3,2009-08-01,zorya-luhansk,dnipro,0,1,transfermarkt
2009/10,3,2009-08-01,arsenal-kyiv,obolon-kyiv,4,1,transfermarkt
2009/10,3,2009-08-01,kryvbas,dynamo-kyiv,1,3,transfermarkt
2009/10,3,2009-08-01,vorskla-poltava,shakhtar-donetsk,1,1,transfermarkt
2009/10,3,2009-08-02,mariupol,metalurh-zaporizhzhia,2,1,transfermarkt
2009/10,3,2009-08-02,metalist-kharkiv,karpaty-lviv,1,0,transfermarkt
2009/10,3,2009-08-02,metalurh-donetsk,hoverla-uzhhorod,4,1,transfermarkt
2009/10,4,2009-08-07,dnipro,arsenal-kyiv,1,1,transfermarkt
2009/10,4,2009-08-08,karpaty-lviv,zorya-luhansk,4,0,transfermarkt
2009/10,4,2009-08-08,chornomorets-odesa,obolon-kyiv,0,1,transfermarkt
2009/10,4,2009-08-08,dynamo-kyiv,mariupol,3,1,transfermarkt
2009/10,4,2009-08-08,tavriya-simferopol,kryvbas,3,1,transfermarkt
2009/10,4,2009-08-09,hoverla-uzhhorod,metalist-kharkiv,0,2,transfermarkt
2009/10,4,2009-08-09,metalurh-zaporizhzhia,vorskla-poltava,1,1,transfermarkt
2009/10,4,2009-08-09,shakhtar-donetsk,metalurh-donetsk,4,1,transfermarkt
2009/10,5,2009-08-22,zorya-luhansk,hoverla-uzhhorod,2,0,transfermarkt
2009/10,5,2009-08-22,kryvbas,chornomorets-odesa,2,3,transfermarkt
2009/10,5,2009-08-22,vorskla-poltava,dynamo-kyiv,1,1,transfermarkt
2009/10,5,2009-08-22,obolon-kyiv,dnipro,1,0,transfermarkt
2009/10,5,2009-08-22,mariupol,tavriya-simferopol,2,2,transfermarkt
2009/10,5,2009-08-23,arsenal-kyiv,karpaty-lviv,0,0,transfermarkt
2009/10,5,2009-08-23,metalurh-donetsk,metalurh-zaporizhzhia,3,0,transfermarkt
2009/10,6,2009-08-29,hoverla-uzhhorod,arsenal-kyiv,2,1,transfermarkt
2009/10,6,2009-08-29,chornomorets-odesa,dnipro,0,1,transfermarkt
2009/10,6,2009-08-29,kryvbas,mariupol,0,2,transfermarkt
2009/10,6,2009-08-30,tavriya-simferopol,vorskla-poltava,1,0,transfermarkt
2009/10,6,2009-08-30,metalurh-zaporizhzhia,metalist-kharkiv,0,2,transfermarkt
2009/10,6,2009-08-30,karpaty-lviv,obolon-kyiv,5,0,transfermarkt
2009/10,6,2009-08-31,zorya-luhansk,shakhtar-donetsk,1,3,transfermarkt
2009/10,6,2009-08-31,dynamo-kyiv,metalurh-donetsk,3,1,transfermarkt
2009/10,7,2009-09-19,zorya-luhansk,metalurh-zaporizhzhia,3,1,transfermarkt
2009/10,7,2009-09-19,obolon-kyiv,hoverla-uzhhorod,0,1,transfermarkt
2009/10,7,2009-09-19,mariupol,chornomorets-odesa,2,0,transfermarkt
2009/10,7,2009-09-19,dnipro,karpaty-lviv,3,0,transfermarkt
2009/10,7,2009-09-20,vorskla-poltava,kryvbas,0,0,transfermarkt
2009/10,7,2009-09-20,arsenal-kyiv,shakhtar-donetsk,2,4,transfermarkt
2009/10,7,2009-09-20,metalurh-donetsk,tavriya-simferopol,0,0,transfermarkt
2009/10,7,2009-09-20,metalist-kharkiv,dynamo-kyiv,1,2,transfermarkt
2009/10,5,2009-09-23,metalist-kharkiv,shakhtar-donetsk,1,1,transfermarkt
2009/10,8,2009-09-25,dynamo-kyiv,zorya-luhansk,2,0,transfermarkt
2009/10,8,2009-09-26,kryvbas,metalurh-donetsk,0,1,transfermarkt
2009/10,8,2009-09-26,hoverla-uzhhorod,dnipro,0,2,transfermarkt
2009/10,8,2009-09-26,metalurh-zaporizhzhia,arsenal-kyiv,2,1,transfermarkt
2009/10,8,2009-09-27,mariupol,vorskla-poltava,0,0,transfermarkt
2009/10,8,2009-09-27,chornomorets-odesa,karpaty-lviv,1,1,transfermarkt
2009/10,8,2009-09-27,shakhtar-donetsk,obolon-kyiv,4,0,transfermarkt
2009/10,8,2009-09-27,tavriya-simferopol,metalist-kharkiv,0,0,transfermarkt
2009/10,9,2009-10-03,zorya-luhansk,tavriya-simferopol,0,0,transfermarkt
2009/10,9,2009-10-03,metalurh-donetsk,mariupol,4,1,transfermarkt
2009/10,9,2009-10-03,obolon-kyiv,metalurh-zaporizhzhia,4,1,transfermarkt
2009/10,9,2009-10-03,metalist-kharkiv,kryvbas,1,0,transfermarkt
2009/10,9,2009-10-04,arsenal-kyiv,dynamo-kyiv,0,1,transfermarkt
2009/10,9,2009-10-04,karpaty-lviv,hoverla-uzhhorod,1,0,transfermarkt
2009/10,9,2009-10-04,dnipro,shakhtar-donetsk,2,2,transfermarkt
2009/10,9,2009-10-04,vorskla-poltava,chornomorets-odesa,0,0,transfermarkt
2009/10,10,2009-10-17,chornomorets-odesa,hoverla-uzhhorod,2,0,transfermarkt
2009/10,10,2009-10-17,kryvbas,zorya-luhansk,4,0,transfermarkt
2009/10,10,2009-10-17,vorskla-poltava,metalurh-donetsk,1,2,transfermarkt
2009/10,10,2009-10-17,metalurh-zaporizhzhia,dnipro,1,3,transfermarkt
2009/10,10,2009-10-17,dynamo-kyiv,obolon-kyiv,2,1,transfermarkt
2009/10,10,2009-10-18,mariupol,metalist-kharkiv,0,2,transfermarkt
2009/10,10,2009-10-18,shakhtar-donetsk,karpaty-lviv,5,1,transfermarkt
2009/10,10,2009-10-18,tavriya-simferopol,arsenal-kyiv,2,2,transfermarkt
2009/10,11,2009-10-24,arsenal-kyiv,kryvbas,2,1,transfermarkt
2009/10,11,2009-10-24,metalurh-donetsk,chornomorets-odesa,2,0,transfermarkt
2009/10,11,2009-10-24,obolon-kyiv,tavriya-simferopol,1,0,transfermarkt
2009/10,11,2009-10-24,dnipro,dynamo-kyiv,0,2,transfermarkt
2009/10,11,2009-10-24,karpaty-lviv,metalurh-zaporizhzhia,3,3,transfermarkt
2009/10,11,2009-10-25,zorya-luhansk,mariupol,3,2,transfermarkt
2009/10,11,2009-10-25,hoverla-uzhhorod,shakhtar-donetsk,1,1,transfermarkt
2009/10,11,2009-10-25,metalist-kharkiv,vorskla-poltava,1,0,transfermarkt
2009/10,12,2009-10-31,vorskla-poltava,zorya-luhansk,2,0,transfermarkt
2009/10,12,2009-10-31,dynamo-kyiv,karpaty-lviv,1,1,transfermarkt
2009/10,12,2009-11-01,chornomorets-odesa,shakhtar-donetsk,0,1,transfermarkt
2009/10,12,2009-11-01,kryvbas,obolon-kyiv,3,2,transfermarkt
2009/10,12,2009-11-01,tavriya-simferopol,dnipro,2,1,transfermarkt
2009/10,12,2009-11-01,mariupol,arsenal-kyiv,1,2,transfermarkt
2009/10,12,2009-11-01,metalurh-zaporizhzhia,hoverla-uzhhorod,3,0,transfermarkt
2009/10,12,2009-11-01,metalurh-donetsk,metalist-kharkiv,0,1,transfermarkt
2009/10,14,2009-11-21,dynamo-kyiv,shakhtar-donetsk,3,0,transfermarkt
2009/10,14,2009-11-21,vorskla-poltava,obolon-kyiv,3,2,transfermarkt
2009/10,14,2009-11-21,tavriya-simferopol,hoverla-uzhhorod,3,2,transfermarkt
2009/10,14,2009-11-21,metalurh-donetsk,arsenal-kyiv,3,0,transfermarkt
2009/10,14,2009-11-21,metalist-kharkiv,zorya-luhansk,2,0,transfermarkt
2009/10,14,2009-11-22,chornomorets-odesa,metalurh-zaporizhzhia,0,0,transfermarkt
2009/10,14,2009-11-22,kryvbas,karpaty-lviv,1,2,transfermarkt
2009/10,14,2009-11-22,mariupol,dnipro,0,3,transfermarkt
2009/10,15,2009-11-28,hoverla-uzhhorod,kryvbas,3,0,transfermarkt
2009/10,15,2009-11-28,karpaty-lviv,mariupol,2,2,transfermarkt
2009/10,15,2009-11-28,shakhtar-donetsk,tavriya-simferopol,3,0,transfermarkt
2009/10,15,2009-11-28,dnipro,vorskla-poltava,2,2,transfermarkt
2009/10,15,2009-11-29,arsenal-kyiv,metalist-kharkiv,1,2,transfermarkt
2009/10,15,2009-11-29,zorya-luhansk,chornomorets-odesa,0,1,transfermarkt
2009/10,15,2009-11-29,obolon-kyiv,metalurh-donetsk,2,1,transfermarkt
2009/10,15,2009-11-29,metalurh-zaporizhzhia,dynamo-kyiv,0,0,transfermarkt
2009/10,16,2009-12-05,chornomorets-odesa,dynamo-kyiv,0,1,transfermarkt
2009/10,16,2009-12-05,arsenal-kyiv,zorya-luhansk,1,1,transfermarkt
2009/10,16,2009-12-05,karpaty-lviv,vorskla-poltava,1,0,transfermarkt
2009/10,16,2009-12-05,metalist-kharkiv,obolon-kyiv,0,1,transfermarkt
2009/10,16,2009-12-05,metalurh-zaporizhzhia,tavriya-simferopol,0,1,transfermarkt
2009/10,16,2009-12-06,hoverla-uzhhorod,mariupol,0,1,transfermarkt
2009/10,16,2009-12-06,kryvbas,shakhtar-donetsk,0,2,transfermarkt
2009/10,16,2009-12-06,dnipro,metalurh-donetsk,2,0,transfermarkt
2009/10,13,2009-12-09,shakhtar-donetsk,metalurh-zaporizhzhia,2,0,transfermarkt
2009/10,17,2009-12-12,zorya-luhansk,obolon-kyiv,2,0,transfermarkt
2009/10,17,2009-12-12,arsenal-kyiv,chornomorets-odesa,2,0,transfermarkt
2009/10,17,2009-12-12,shakhtar-donetsk,mariupol,2,1,transfermarkt
2009/10,17,2009-12-12,metalist-kharkiv,dnipro,3,2,transfermarkt
2009/10,17,2009-12-12,vorskla-poltava,hoverla-uzhhorod,2,0,transfermarkt
2009/10,17,2009-12-13,metalurh-donetsk,karpaty-lviv,1,0,transfermarkt
2009/10,17,2009-12-13,kryvbas,metalurh-zaporizhzhia,1,3,transfermarkt
2009/10,17,2009-12-13,tavriya-simferopol,dynamo-kyiv,2,3,transfermarkt
2009/10,18,2010-02-27,hoverla-uzhhorod,metalurh-donetsk,0,1,transfermarkt
2009/10,18,2010-02-27,dynamo-kyiv,kryvbas,1,0,transfermarkt
2009/10,18,2010-02-27,karpaty-lviv,metalist-kharkiv,2,1,transfermarkt
2009/10,18,2010-02-27,metalurh-zaporizhzhia,mariupol,2,0,transfermarkt
2009/10,18,2010-02-28,chornomorets-odesa,tavriya-simferopol,2,0,transfermarkt
2009/10,18,2010-02-28,obolon-kyiv,arsenal-kyiv,0,0,transfermarkt
2009/10,18,2010-02-28,shakhtar-donetsk,vorskla-poltava,1,0,transfermarkt
2009/10,18,2010-02-28,dnipro,zorya-luhansk,2,2,transfermarkt
2009/10,19,2010-03-06,zorya-luhansk,karpaty-lviv,0,2,transfermarkt
2009/10,19,2010-03-06,mariupol,dynamo-kyiv,1,1,transfermarkt
2009/10,19,2010-03-06,metalist-kharkiv,hoverla-uzhhorod,2,1,transfermarkt
2009/10,19,2010-03-07,arsenal-kyiv,dnipro,1,1,transfermarkt
2009/10,19,2010-03-07,metalurh-donetsk,shakhtar-donetsk,0,1,transfermarkt
2009/10,19,2010-03-07,kryvbas,tavriya-simferopol,0,1,transfermarkt
2009/10,19,2010-03-07,vorskla-poltava,metalurh-zaporizhzhia,1,1,transfermarkt
2009/10,19,2010-03-07,obolon-kyiv,chornomorets-odesa,1,0,transfermarkt
2009/10,20,2010-03-13,chornomorets-odesa,kryvbas,3,1,transfermarkt
2009/10,20,2010-03-13,dynamo-kyiv,vorskla-poltava,1,0,transfermarkt
2009/10,20,2010-03-13,metalurh-zaporizhzhia,metalurh-donetsk,3,2,transfermarkt
2009/10,20,2010-03-13,karpaty-lviv,arsenal-kyiv,3,3,transfermarkt
2009/10,20,2010-03-14,hoverla-uzhhorod,zorya-luhansk,2,1,transfermarkt
2009/10,20,2010-03-14,tavriya-simferopol,mariupol,3,3,transfermarkt
2009/10,20,2010-03-14,shakhtar-donetsk,metalist-kharkiv,2,1,transfermarkt
2009/10,20,2010-03-14,dnipro,obolon-kyiv,2,0,transfermarkt
2009/10,21,2010-03-19,arsenal-kyiv,hoverla-uzhhorod,0,0,transfermarkt
2009/10,21,2010-03-19,vorskla-poltava,tavriya-simferopol,0,1,transfermarkt
2009/10,21,2010-03-19,metalurh-donetsk,dynamo-kyiv,1,1,transfermarkt
2009/10,21,2010-03-20,obolon-kyiv,karpaty-lviv,1,3,transfermarkt
2009/10,21,2010-03-20,mariupol,kryvbas,0,3,transfermarkt
2009/10,21,2010-03-20,dnipro,chornomorets-odesa,3,1,transfermarkt
2009/10,21,2010-03-20,shakhtar-donetsk,zorya-luhansk,2,0,transfermarkt
2009/10,21,2010-03-20,metalist-kharkiv,metalurh-zaporizhzhia,4,0,transfermarkt
2009/10,13,2010-03-24,arsenal-kyiv,vorskla-poltava,2,0,transfermarkt
2009/10,13,2010-03-24,hoverla-uzhhorod,dynamo-kyiv,1,0,transfermarkt
2009/10,13,2010-03-24,obolon-kyiv,mariupol,1,1,transfermarkt
2009/10,13,2010-03-24,dnipro,kryvbas,3,1,transfermarkt
2009/10,13,2010-03-24,metalist-kharkiv,chornomorets-odesa,5,1,transfermarkt
2009/10,22,2010-03-27,hoverla-uzhhorod,obolon-kyiv,0,1,transfermarkt
2009/10,22,2010-03-27,metalurh-zaporizhzhia,zorya-luhansk,3,1,transfermarkt
2009/10,22,2010-03-28,chornomorets-odesa,mariupol,1,1,transfermarkt
2009/10,22,2010-03-28,dynamo-kyiv,metalist-kharkiv,3,0,transfermarkt
2009/10,22,2010-03-28,tavriya-simferopol,metalurh-donetsk,1,0,transfermarkt
2009/10,22,2010-03-28,shakhtar-donetsk,arsenal-kyiv,3,1,transfermarkt
2009/10,22,2010-03-28,kryvbas,vorskla-poltava,1,1,transfermarkt
2009/10,22,2010-03-28,karpaty-lviv,dnipro,1,0,transfermarkt
2009/10,23,2010-04-02,karpaty-lviv,chornomorets-odesa,1,1,transfermarkt
2009/10,23,2010-04-03,zorya-luhansk,dynamo-kyiv,0,2,transfermarkt
2009/10,23,2010-04-03,vorskla-poltava,mariupol,3,0,transfermarkt
2009/10,23,2010-04-03,metalist-kharkiv,tavriya-simferopol,1,1,transfermarkt
2009/10,23,2010-04-03,metalurh-donetsk,kryvbas,0,1,transfermarkt
2009/10,23,2010-04-03,dnipro,hoverla-uzhhorod,1,0,transfermarkt
2009/10,23,2010-04-03,obolon-kyiv,shakhtar-donetsk,0,1,transfermarkt
2009/10,23,2010-04-04,arsenal-kyiv,metalurh-zaporizhzhia,2,0,transfermarkt
2009/10,13,2010-04-07,zorya-luhansk,metalurh-donetsk,1,1,transfermarkt
2009/10,13,2010-04-07,karpaty-lviv,tavriya-simferopol,1,0,transfermarkt
2009/10,24,2010-04-09,metalurh-zaporizhzhia,obolon-kyiv,2,1,transfermarkt
2009/10,24,2010-04-10,kryvbas,metalist-kharkiv,2,2,transfermarkt
2009/10,24,2010-04-10,chornomorets-odesa,vorskla-poltava,0,0,transfermarkt
2009/10,24,2010-04-10,dynamo-kyiv,arsenal-kyiv,3,1,transfermarkt
2009/10,24,2010-04-10,shakhtar-donetsk,dnipro,0,0,transfermarkt
2009/10,24,2010-04-11,mariupol,metalurh-donetsk,0,4,transfermarkt
2009/10,24,2010-04-11,hoverla-uzhhorod,karpaty-lviv,1,1,transfermarkt
2009/10,24,2010-04-11,tavriya-simferopol,zorya-luhansk,0,1,transfermarkt
2009/10,25,2010-04-14,obolon-kyiv,dynamo-kyiv,0,4,transfermarkt
2009/10,25,2010-04-14,dnipro,metalurh-zaporizhzhia,2,0,transfermarkt
2009/10,25,2010-04-15,arsenal-kyiv,tavriya-simferopol,1,6,transfermarkt
2009/10,25,2010-04-15,zorya-luhansk,kryvbas,1,0,transfermarkt
2009/10,25,2010-04-15,hoverla-uzhhorod,chornomorets-odesa,1,1,transfermarkt
2009/10,25,2010-04-15,metalurh-donetsk,vorskla-poltava,1,3,transfermarkt
2009/10,25,2010-04-15,metalist-kharkiv,mariupol,3,1,transfermarkt
2009/10,25,2010-04-15,karpaty-lviv,shakhtar-donetsk,0,2,transfermarkt
2009/10,26,2010-04-18,kryvbas,arsenal-kyiv,0,1,transfermarkt
2009/10,26,2010-04-18,chornomorets-odesa,metalurh-donetsk,1,1,transfermarkt
2009/10,26,2010-04-18,mariupol,zorya-luhansk,1,0,transfermarkt
2009/10,26,2010-04-18,dynamo-kyiv,dnipro,2,1,transfermarkt
2009/10,26,2010-04-18,shakhtar-donetsk,hoverla-uzhhorod,1,0,transfermarkt
2009/10,26,2010-04-18,vorskla-poltava,metalist-kharkiv,0,0,transfermarkt
2009/10,26,2010-04-19,tavriya-simferopol,obolon-kyiv,0,0,transfermarkt
2009/10,26,2010-04-19,metalurh-zaporizhzhia,karpaty-lviv,0,1,transfermarkt
2009/10,27,2010-04-23,arsenal-kyiv,mariupol,3,1,transfermarkt
2009/10,27,2010-04-24,zorya-luhansk,vorskla-poltava,2,1,transfermarkt
2009/10,27,2010-04-24,dnipro,tavriya-simferopol,3,1,transfermarkt
2009/10,27,2010-04-24,karpaty-lviv,dynamo-kyiv,1,0,transfermarkt
2009/10,27,2010-04-24,metalist-kharkiv,metalurh-donetsk,2,0,transfermarkt
2009/10,27,2010-04-25,hoverla-uzhhorod,metalurh-zaporizhzhia,0,1,transfermarkt
2009/10,27,2010-04-25,obolon-kyiv,kryvbas,1,2,transfermarkt
2009/10,27,2010-04-25,shakhtar-donetsk,chornomorets-odesa,3,0,transfermarkt
2009/10,28,2010-04-30,vorskla-poltava,arsenal-kyiv,1,5,transfermarkt
2009/10,28,2010-04-30,metalurh-donetsk,zorya-luhansk,0,0,transfermarkt
2009/10,28,2010-05-01,kryvbas,dnipro,0,0,transfermarkt
2009/10,28,2010-05-01,chornomorets-odesa,metalist-kharkiv,0,2,transfermarkt
2009/10,28,2010-05-01,mariupol,obolon-kyiv,1,0,transfermarkt
2009/10,28,2010-05-01,dynamo-kyiv,hoverla-uzhhorod,2,0,transfermarkt
2009/10,28,2010-05-01,metalurh-zaporizhzhia,shakhtar-donetsk,0,2,transfermarkt
2009/10,28,2010-05-01,tavriya-simferopol,karpaty-lviv,1,1,transfermarkt
2009/10,29,2010-05-05,hoverla-uzhhorod,tavriya-simferopol,0,1,transfermarkt
2009/10,29,2010-05-05,shakhtar-donetsk,dynamo-kyiv,1,0,transfermarkt
2009/10,29,2010-05-05,karpaty-lviv,kryvbas,0,2,transfermarkt
2009/10,29,2010-05-05,dnipro,mariupol,4,1,transfermarkt
2009/10,29,2010-05-05,obolon-kyiv,vorskla-poltava,1,1,transfermarkt
2009/10,29,2010-05-05,arsenal-kyiv,metalurh-donetsk,2,0,transfermarkt
2009/10,29,2010-05-05,zorya-luhansk,metalist-kharkiv,1,4,transfermarkt
2009/10,29,2010-05-05,metalurh-zaporizhzhia,chornomorets-odesa,1,0,transfermarkt
2009/10,30,2010-05-09,kryvbas,hoverla-uzhhorod,3,1,transfermarkt
2009/10,30,2010-05-09,dynamo-kyiv,metalurh-zaporizhzhia,3,0,transfermarkt
2009/10,30,2010-05-09,tavriya-simferopol,shakhtar-donetsk,2,3,transfermarkt
2009/10,30,2010-05-09,vorskla-poltava,dnipro,1,1,transfermarkt
2009/10,30,2010-05-09,mariupol,karpaty-lviv,2,2,transfermarkt
2009/10,30,2010-05-09,metalist-kharkiv,arsenal-kyiv,1,0,transfermarkt
2009/10,30,2010-05-09,metalurh-donetsk,obolon-kyiv,5,0,transfermarkt
2009/10,30,2010-05-09,chornomorets-odesa,zorya-luhansk,1,1,transfermarkt
2010/11,1,2010-07-09,zorya-luhansk,sevastopol,0,0,transfermarkt
2010/11,1,2010-07-09,arsenal-kyiv,metalurh-zaporizhzhia,1,0,transfermarkt
2010/11,1,2010-07-09,mariupol,metalurh-donetsk,1,1,transfermarkt
2010/11,1,2010-07-09,obolon-kyiv,dynamo-kyiv,2,2,transfermarkt
2010/11,1,2010-07-10,volyn-lutsk,vorskla-poltava,0,4,transfermarkt
2010/11,1,2010-07-10,tavriya-simferopol,metalist-kharkiv,0,1,transfermarkt
2010/11,1,2010-07-10,dnipro,karpaty-lviv,1,0,transfermarkt
2010/11,1,2010-07-10,shakhtar-donetsk,kryvbas,2,0,transfermarkt
2010/11,2,2010-07-16,metalurh-donetsk,obolon-kyiv,3,0,transfermarkt
2010/11,2,2010-07-17,sevastopol,metalist-kharkiv,0,0,transfermarkt
2010/11,2,2010-07-17,vorskla-poltava,mariupol,1,3,transfermarkt
2010/11,2,2010-07-17,dynamo-kyiv,tavriya-simferopol,2,1,transfermarkt
2010/11,2,2010-07-18,zorya-luhansk,arsenal-kyiv,0,2,transfermarkt
2010/11,2,2010-07-18,dnipro,volyn-lutsk,2,0,transfermarkt
2010/11,2,2010-07-18,metalurh-zaporizhzhia,shakhtar-donetsk,1,1,transfermarkt
2010/11,2,2010-07-18,kryvbas,karpaty-lviv,0,0,transfermarkt
2010/11,3,2010-07-23,volyn-lutsk,kryvbas,0,0,transfermarkt
2010/11,3,2010-07-23,metalist-kharkiv,dynamo-kyiv,1,2,transfermarkt
2010/11,3,2010-07-24,tavriya-simferopol,metalurh-donetsk,2,1,transfermarkt
2010/11,3,2010-07-24,arsenal-kyiv,sevastopol,0,1,transfermarkt
2010/11,3,2010-07-24,mariupol,dnipro,1,5,transfermarkt
2010/11,3,2010-07-25,karpaty-lviv,metalurh-zaporizhzhia,1,0,transfermarkt
2010/11,3,2010-07-25,shakhtar-donetsk,zorya-luhansk,1,0,transfermarkt
2010/11,3,2010-07-25,obolon-kyiv,vorskla-poltava,0,1,transfermarkt
2010/11,4,2010-07-30,arsenal-kyiv,shakhtar-donetsk,1,3,transfermarkt
2010/11,4,2010-07-30,vorskla-poltava,tavriya-simferopol,0,0,transfermarkt
2010/11,4,2010-07-31,sevastopol,dynamo-kyiv,0,3,transfermarkt
2010/11,4,2010-07-31,kryvbas,mariupol,1,0,transfermarkt
2010/11,4,2010-07-31,metalurh-zaporizhzhia,volyn-lutsk,0,1,transfermarkt
2010/11,4,2010-08-01,zorya-luhansk,karpaty-lviv,2,2,transfermarkt
2010/11,4,2010-08-01,dnipro,obolon-kyiv,3,0,transfermarkt
2010/11,4,2010-08-01,metalurh-donetsk,metalist-kharkiv,0,3,transfermarkt
2010/11,5,2010-08-06,mariupol,metalurh-zaporizhzhia,0,0,transfermarkt
2010/11,5,2010-08-07,volyn-lutsk,zorya-luhansk,0,1,transfermarkt
2010/11,5,2010-08-07,obolon-kyiv,kryvbas,1,1,transfermarkt
2010/11,5,2010-08-07,shakhtar-donetsk,sevastopol,5,0,transfermarkt
2010/11,5,2010-08-07,metalist-kharkiv,vorskla-poltava,2,3,transfermarkt
2010/11,5,2010-08-08,karpaty-lviv,arsenal-kyiv,2,1,transfermarkt
2010/11,5,2010-08-08,tavriya-simferopol,dnipro,0,1,transfermarkt
2010/11,5,2010-08-08,dynamo-kyiv,metalurh-donetsk,1,0,transfermarkt
2010/11,6,2010-08-13,zorya-luhansk,mariupol,2,2,transfermarkt
2010/11,6,2010-08-14,vorskla-poltava,dynamo-kyiv,3,1,transfermarkt
2010/11,6,2010-08-14,kryvbas,tavriya-simferopol,1,4,transfermarkt
2010/11,6,2010-08-14,dnipro,metalist-kharkiv,0,1,transfermarkt
2010/11,6,2010-08-14,metalurh-zaporizhzhia,obolon-kyiv,1,2,transfermarkt
2010/11,6,2010-08-15,arsenal-kyiv,volyn-lutsk,1,1,transfermarkt
2010/11,6,2010-08-15,shakhtar-donetsk,karpaty-lviv,1,0,transfermarkt
2010/11,6,2010-08-15,sevastopol,metalurh-donetsk,0,1,transfermarkt
2010/11,7,2010-08-20,obolon-kyiv,zorya-luhansk,1,0,transfermarkt
2010/11,7,2010-08-21,volyn-lutsk,shakhtar-donetsk,0,1,transfermarkt
2010/11,7,2010-08-21,mariupol,arsenal-kyiv,2,2,transfermarkt
2010/11,7,2010-08-21,metalurh-donetsk,vorskla-poltava,2,0,transfermarkt
2010/11,7,2010-08-22,tavriya-simferopol,metalurh-zaporizhzhia,2,0,transfermarkt
2010/11,7,2010-08-22,karpaty-lviv,sevastopol,2,1,transfermarkt
2010/11,7,2010-08-22,dynamo-kyiv,dnipro,0,0,transfermarkt
2010/11,7,2010-08-22,metalist-kharkiv,kryvbas,3,4,transfermarkt
2010/11,8,2010-08-27,sevastopol,vorskla-poltava,0,0,transfermarkt
2010/11,8,2010-08-28,arsenal-kyiv,obolon-kyiv,1,0,transfermarkt
2010/11,8,2010-08-29,zorya-luhansk,tavriya-simferopol,5,3,transfermarkt
2010/11,8,2010-08-29,shakhtar-donetsk,mariupol,1,0,transfermarkt
2010/11,8,2010-08-29,metalurh-zaporizhzhia,metalist-kharkiv,0,2,transfermarkt
2010/11,8,2010-08-29,kryvbas,dynamo-kyiv,0,1,transfermarkt
2010/11,8,2010-08-30,karpaty-lviv,volyn-lutsk,1,0,transfermarkt
2010/11,8,2010-08-30,dnipro,metalurh-donetsk,1,2,transfermarkt
2010/11,9,2010-09-10,volyn-lutsk,sevastopol,1,0,transfermarkt
2010/11,9,2010-09-10,obolon-kyiv,shakhtar-donetsk,1,0,transfermarkt
2010/11,9,2010-09-11,tavriya-simferopol,arsenal-kyiv,0,1,transfermarkt
2010/11,9,2010-09-11,metalurh-donetsk,kryvbas,2,2,transfermarkt
2010/11,9,2010-09-11,dynamo-kyiv,metalurh-zaporizhzhia,2,0,transfermarkt
2010/11,9,2010-09-12,mariupol,karpaty-lviv,2,3,transfermarkt
2010/11,9,2010-09-12,vorskla-poltava,dnipro,0,2,transfermarkt
2010/11,9,2010-09-12,metalist-kharkiv,zorya-luhansk,3,0,transfermarkt
2010/11,10,2010-09-17,metalurh-zaporizhzhia,metalurh-donetsk,1,2,transfermarkt
2010/11,10,2010-09-17,volyn-lutsk,mariupol,3,1,transfermarkt
2010/11,10,2010-09-18,sevastopol,dnipro,2,1,transfermarkt
2010/11,10,2010-09-18,kryvbas,vorskla-poltava,1,0,transfermarkt
2010/11,10,2010-09-19,zorya-luhansk,dynamo-kyiv,1,2,transfermarkt
2010/11,10,2010-09-19,arsenal-kyiv,metalist-kharkiv,0,1,transfermarkt
2010/11,10,2010-09-19,karpaty-lviv,obolon-kyiv,3,0,transfermarkt
2010/11,10,2010-09-19,shakhtar-donetsk,tavriya-simferopol,4,1,transfermarkt
2010/11,11,2010-09-25,mariupol,sevastopol,4,2,transfermarkt
2010/11,11,2010-09-25,metalist-kharkiv,shakhtar-donetsk,1,2,transfermarkt
2010/11,11,2010-09-26,obolon-kyiv,volyn-lutsk,0,1,transfermarkt
2010/11,11,2010-09-26,dynamo-kyiv,arsenal-kyiv,3,2,transfermarkt
2010/11,11,2010-09-26,vorskla-poltava,metalurh-zaporizhzhia,2,1,transfermarkt
2010/11,11,2010-09-26,dnipro,kryvbas,1,1,transfermarkt
2010/11,11,2010-09-26,metalurh-donetsk,zorya-luhansk,1,1,transfermarkt
2010/11,11,2010-09-26,tavriya-simferopol,karpaty-lviv,3,1,transfermarkt
2010/11,12,2010-10-01,metalurh-zaporizhzhia,dnipro,0,3,transfermarkt
2010/11,12,2010-10-02,mariupol,obolon-kyiv,1,0,transfermarkt
2010/11,12,2010-10-02,zorya-luhansk,vorskla-poltava,1,1,transfermarkt
2010/11,12,2010-10-02,arsenal-kyiv,metalurh-donetsk,3,1,transfermarkt
2010/11,12,2010-10-02,volyn-lutsk,tavriya-simferopol,2,2,transfermarkt
2010/11,12,2010-10-03,sevastopol,kryvbas,2,2,transfermarkt
2010/11,12,2010-10-03,karpaty-lviv,metalist-kharkiv,0,1,transfermarkt
2010/11,12,2010-10-03,shakhtar-donetsk,dynamo-kyiv,2,0,transfermarkt
2010/11,13,2010-10-15,tavriya-simferopol,mariupol,2,2,transfermarkt
2010/11,13,2010-10-15,metalurh-donetsk,shakhtar-donetsk,0,2,transfermarkt
2010/11,13,2010-10-16,obolon-kyiv,sevastopol,2,2,transfermarkt
2010/11,13,2010-10-16,dynamo-kyiv,karpaty-lviv,1,0,transfermarkt
2010/11,13,2010-10-16,metalist-kharkiv,volyn-lutsk,3,1,transfermarkt
2010/11,13,2010-10-17,vorskla-poltava,arsenal-kyiv,0,1,transfermarkt
2010/11,13,2010-10-17,kryvbas,metalurh-zaporizhzhia,0,0,transfermarkt
2010/11,13,2010-10-17,dnipro,zorya-luhansk,1,1,transfermarkt
2010/11,14,2010-10-22,obolon-kyiv,tavriya-simferopol,2,1,transfermarkt
2010/11,14,2010-10-23,zorya-luhansk,kryvbas,1,0,transfermarkt
2010/11,14,2010-10-23,sevastopol,metalurh-zaporizhzhia,1,0,transfermarkt
2010/11,14,2010-10-23,arsenal-kyiv,dnipro,1,2,transfermarkt
2010/11,14,2010-10-23,shakhtar-donetsk,vorskla-poltava,1,0,transfermarkt
2010/11,14,2010-10-24,mariupol,metalist-kharkiv,1,4,transfermarkt
2010/11,14,2010-10-24,volyn-lutsk,dynamo-kyiv,1,2,transfermarkt
2010/11,14,2010-10-24,karpaty-lviv,metalurh-donetsk,2,1,transfermarkt
2010/11,15,2010-10-30,vorskla-poltava,karpaty-lviv,1,1,transfermarkt
2010/11,15,2010-10-30,dnipro,shakhtar-donetsk,0,1,transfermarkt
2010/11,15,2010-10-30,metalurh-zaporizhzhia,zorya-luhansk,1,0,transfermarkt
2010/11,15,2010-10-30,metalist-kharkiv,obolon-kyiv,2,1,transfermarkt
2010/11,15,2010-10-31,tavriya-simferopol,sevastopol,2,1,transfermarkt
2010/11,15,2010-10-31,kryvbas,arsenal-kyiv,1,1,transfermarkt
2010/11,15,2010-10-31,metalurh-donetsk,volyn-lutsk,0,2,transfermarkt
2010/11,15,2010-10-31,dynamo-kyiv,mariupol,9,0,transfermarkt
2010/11,16,2010-11-05,vorskla-poltava,volyn-lutsk,0,1,transfermarkt
2010/11,16,2010-11-06,sevastopol,zorya-luhansk,0,1,transfermarkt
2010/11,16,2010-11-06,kryvbas,shakhtar-donetsk,0,2,transfermarkt
2010/11,16,2010-11-06,metalurh-zaporizhzhia,arsenal-kyiv,2,1,transfermarkt
2010/11,16,2010-11-07,metalurh-donetsk,mariupol,0,3,transfermarkt
2010/11,16,2010-11-07,dynamo-kyiv,obolon-kyiv,0,2,transfermarkt
2010/11,16,2010-11-07,metalist-kharkiv,tavriya-simferopol,2,3,transfermarkt
2010/11,16,2010-11-07,karpaty-lviv,dnipro,0,0,transfermarkt
2010/11,17,2010-11-12,obolon-kyiv,metalurh-donetsk,1,1,transfermarkt
2010/11,17,2010-11-13,mariupol,vorskla-poltava,2,6,transfermarkt
2010/11,17,2010-11-13,shakhtar-donetsk,metalurh-zaporizhzhia,2,1,transfermarkt
2010/11,17,2010-11-13,metalist-kharkiv,sevastopol,4,0,transfermarkt
2010/11,17,2010-11-14,arsenal-kyiv,zorya-luhansk,1,1,transfermarkt
2010/11,17,2010-11-14,tavriya-simferopol,dynamo-kyiv,1,1,transfermarkt
2010/11,17,2010-11-14,karpaty-lviv,kryvbas,2,1,transfermarkt
2010/11,17,2010-11-14,volyn-lutsk,dnipro,1,1,transfermarkt
2010/11,18,2010-11-19,sevastopol,arsenal-kyiv,0,2,transfermarkt
2010/11,18,2010-11-20,zorya-luhansk,shakhtar-donetsk,1,3,transfermarkt
2010/11,18,2010-11-20,kryvbas,volyn-lutsk,2,4,transfermarkt
2010/11,18,2010-11-21,metalurh-donetsk,tavriya-simferopol,2,1,transfermarkt
2010/11,18,2010-11-21,vorskla-poltava,obolon-kyiv,0,1,transfermarkt
2010/11,18,2010-11-21,dynamo-kyiv,metalist-kharkiv,1,1,transfermarkt
2010/11,18,2010-11-21,metalurh-zaporizhzhia,karpaty-lviv,0,0,transfermarkt
2010/11,18,2010-11-21,dnipro,mariupol,2,0,transfermarkt
2010/11,19,2010-11-26,mariupol,kryvbas,1,1,transfermarkt
2010/11,19,2010-11-27,tavriya-simferopol,vorskla-poltava,2,2,transfermarkt
2010/11,19,2010-11-27,karpaty-lviv,zorya-luhansk,4,2,transfermarkt
2010/11,19,2010-11-27,dynamo-kyiv,sevastopol,2,0,transfermarkt
2010/11,19,2010-11-27,metalist-kharkiv,metalurh-donetsk,3,1,transfermarkt
2010/11,19,2010-11-28,shakhtar-donetsk,arsenal-kyiv,4,0,transfermarkt
2010/11,19,2010-11-28,volyn-lutsk,metalurh-zaporizhzhia,1,0,transfermarkt
2010/11,19,2010-11-28,obolon-kyiv,dnipro,0,1,transfermarkt
2010/11,20,2011-03-03,sevastopol,shakhtar-donetsk,0,1,transfermarkt
2010/11,20,2011-03-04,metalurh-zaporizhzhia,mariupol,0,4,transfermarkt
2010/11,20,2011-03-05,zorya-luhansk,volyn-lutsk,3,0,transfermarkt
2010/11,20,2011-03-05,metalurh-donetsk,dynamo-kyiv,0,2,transfermarkt
2010/11,20,2011-03-05,vorskla-poltava,metalist-kharkiv,0,0,transfermarkt
2010/11,20,2011-03-05,kryvbas,obolon-kyiv,2,2,transfermarkt
2010/11,20,2011-03-06,dnipro,tavriya-simferopol,2,2,transfermarkt
2010/11,20,2011-03-06,arsenal-kyiv,karpaty-lviv,2,2,transfermarkt
2010/11,21,2011-03-11,obolon-kyiv,metalurh-zaporizhzhia,1,0,transfermarkt
2010/11,21,2011-03-12,metalurh-donetsk,sevastopol,1,0,transfermarkt
2010/11,21,2011-03-12,tavriya-simferopol,kryvbas,2,1,transfermarkt
2010/11,21,2011-03-12,volyn-lutsk,arsenal-kyiv,0,0,transfermarkt
2010/11,21,2011-03-13,mariupol,zorya-luhansk,2,2,transfermarkt
2010/11,21,2011-03-13,karpaty-lviv,shakhtar-donetsk,1,0,transfermarkt
2010/11,21,2011-03-13,metalist-kharkiv,dnipro,2,2,transfermarkt
2010/11,21,2011-03-13,dynamo-kyiv,vorskla-poltava,2,0,transfermarkt
2010/11,22,2011-03-18,vorskla-poltava,metalurh-donetsk,1,1,transfermarkt
2010/11,22,2011-03-19,zorya-luhansk,obolon-kyiv,1,0,transfermarkt
2010/11,22,2011-03-19,sevastopol,karpaty-lviv,3,1,transfermarkt
2010/11,22,2011-03-19,kryvbas,metalist-kharkiv,0,0,transfermarkt
2010/11,22,2011-03-20,metalurh-zaporizhzhia,tavriya-simferopol,2,2,transfermarkt
2010/11,22,2011-03-20,dnipro,dynamo-kyiv,1,0,transfermarkt
2010/11,22,2011-03-20,shakhtar-donetsk,volyn-lutsk,4,0,transfermarkt
2010/11,22,2011-03-20,arsenal-kyiv,mariupol,3,1,transfermarkt
2010/11,23,2011-04-01,mariupol,shakhtar-donetsk,1,3,transfermarkt
2010/11,23,2011-04-02,tavriya-simferopol,zorya-luhansk,0,0,transfermarkt
2010/11,23,2011-04-02,obolon-kyiv,arsenal-kyiv,1,1,transfermarkt
2010/11,23,2011-04-02,metalurh-donetsk,dnipro,3,2,transfermarkt
2010/11,23,2011-04-02,dynamo-kyiv,kryvbas,3,0,transfermarkt
2010/11,23,2011-04-03,vorskla-poltava,sevastopol,4,0,transfermarkt
2010/11,23,2011-04-03,volyn-lutsk,karpaty-lviv,0,3,transfermarkt
2010/11,23,2011-04-03,metalist-kharkiv,metalurh-zaporizhzhia,3,0,transfermarkt
2010/11,24,2011-04-09,zorya-luhansk,metalist-kharkiv,0,2,transfermarkt
2010/11,24,2011-04-09,sevastopol,volyn-lutsk,4,1,transfermarkt
2010/11,24,2011-04-09,shakhtar-donetsk,obolon-kyiv,0,1,transfermarkt
2010/11,24,2011-04-09,dnipro,vorskla-poltava,2,0,transfermarkt
2010/11,24,2011-04-09,arsenal-kyiv,tavriya-simferopol,1,2,transfermarkt
2010/11,24,2011-04-10,metalurh-zaporizhzhia,dynamo-kyiv,1,1,transfermarkt
2010/11,24,2011-04-10,karpaty-lviv,mariupol,3,1,transfermarkt
2010/11,24,2011-04-10,kryvbas,metalurh-donetsk,1,0,transfermarkt
2010/11,25,2011-04-15,obolon-kyiv,karpaty-lviv,1,1,transfermarkt
2010/11,25,2011-04-16,mariupol,volyn-lutsk,2,2,transfermarkt
2010/11,25,2011-04-16,vorskla-poltava,kryvbas,3,0,transfermarkt
2010/11,25,2011-04-16,metalist-kharkiv,arsenal-kyiv,2,1,transfermarkt
2010/11,25,2011-04-17,tavriya-simferopol,shakhtar-donetsk,1,2,transfermarkt
2010/11,25,2011-04-17,dnipro,sevastopol,2,2,transfermarkt
2010/11,25,2011-04-17,metalurh-donetsk,metalurh-zaporizhzhia,0,1,transfermarkt
2010/11,25,2011-04-18,dynamo-kyiv,zorya-luhansk,2,0,transfermarkt
2010/11,26,2011-04-22,metalurh-zaporizhzhia,vorskla-poltava,2,0,transfermarkt
2010/11,26,2011-04-22,volyn-lutsk,obolon-kyiv,1,0,transfermarkt
2010/11,26,2011-04-23,karpaty-lviv,tavriya-simferopol,1,0,transfermarkt
2010/11,26,2011-04-23,arsenal-kyiv,dynamo-kyiv,0,3,transfermarkt
2010/11,26,2011-04-23,shakhtar-donetsk,metalist-kharkiv,2,1,transfermarkt
2010/11,26,2011-04-23,kryvbas,dnipro,0,3,transfermarkt
2010/11,26,2011-04-24,zorya-luhansk,metalurh-donetsk,0,2,transfermarkt
2010/11,26,2011-04-24,sevastopol,mariupol,1,0,transfermarkt
2010/11,27,2011-04-29,tavriya-simferopol,volyn-lutsk,0,0,transfermarkt
2010/11,27,2011-04-30,metalist-kharkiv,karpaty-lviv,1,1,transfermarkt
2010/11,27,2011-04-30,metalurh-donetsk,arsenal-kyiv,1,5,transfermarkt
2010/11,27,2011-04-30,obolon-kyiv,mariupol,2,0,transfermarkt
2010/11,27,2011-04-30,dnipro,metalurh-zaporizhzhia,3,0,transfermarkt
2010/11,27,2011-05-01,kryvbas,sevastopol,3,1,transfermarkt
2010/11,27,2011-05-01,vorskla-poltava,zorya-luhansk,1,0,transfermarkt
2010/11,27,2011-05-01,dynamo-kyiv,shakhtar-donetsk,3,0,transfermarkt
2010/11,28,2011-05-06,metalurh-zaporizhzhia,kryvbas,1,2,transfermarkt
2010/11,28,2011-05-07,zorya-luhansk,dnipro,0,1,transfermarkt
2010/11,28,2011-05-07,karpaty-lviv,dynamo-kyiv,1,2,transfermarkt
2010/11,28,2011-05-07,arsenal-kyiv,vorskla-poltava,0,1,transfermarkt
2010/11,28,2011-05-07,shakhtar-donetsk,metalurh-donetsk,2,0,transfermarkt
2010/11,28,2011-05-08,sevastopol,obolon-kyiv,3,1,transfermarkt
2010/11,28,2011-05-08,mariupol,tavriya-simferopol,5,1,transfermarkt
2010/11,28,2011-05-08,volyn-lutsk,metalist-kharkiv,1,4,transfermarkt
2010/11,29,2011-05-14,vorskla-poltava,shakhtar-donetsk,1,1,transfermarkt
2010/11,29,2011-05-15,tavriya-simferopol,obolon-kyiv,3,1,transfermarkt
2010/11,29,2011-05-15,dnipro,arsenal-kyiv,1,0,transfermarkt
2010/11,29,2011-05-15,metalist-kharkiv,mariupol,3,0,transfermarkt
2010/11,29,2011-05-15,metalurh-donetsk,karpaty-lviv,4,1,transfermarkt
2010/11,29,2011-05-15,metalurh-zaporizhzhia,sevastopol,1,0,transfermarkt
2010/11,29,2011-05-15,dynamo-kyiv,volyn-lutsk,5,1,transfermarkt
2010/11,29,2011-05-15,kryvbas,zorya-luhansk,0,2,transfermarkt
2010/11,30,2011-05-21,mariupol,dynamo-kyiv,3,2,transfermarkt
2010/11,30,2011-05-21,arsenal-kyiv,kryvbas,1,0,transfermarkt
2010/11,30,2011-05-21,zorya-luhansk,metalurh-zaporizhzhia,0,2,transfermarkt
2010/11,30,2011-05-21,sevastopol,tavriya-simferopol,0,1,transfermarkt
2010/11,30,2011-05-21,karpaty-lviv,vorskla-poltava,2,2,transfermarkt
2010/11,30,2011-05-21,volyn-lutsk,metalurh-donetsk,1,3,transfermarkt
2010/11,30,2011-05-21,obolon-kyiv,metalist-kharkiv,0,2,transfermarkt
2010/11,30,2011-05-21,shakhtar-donetsk,dnipro,0,0,transfermarkt
2011/12,1,2011-07-08,vorskla-poltava,oleksandriya,0,1,transfermarkt
2011/12,1,2011-07-09,mariupol,karpaty-lviv,1,0,transfermarkt
2011/12,1,2011-07-09,kryvbas,volyn-lutsk,1,0,transfermarkt
2011/12,1,2011-07-09,tavriya-simferopol,zorya-luhansk,3,1,transfermarkt
2011/12,1,2011-07-10,shakhtar-donetsk,obolon-kyiv,4,0,transfermarkt
2011/12,1,2011-07-10,dynamo-kyiv,metalist-kharkiv,1,1,transfermarkt
2011/12,1,2011-07-10,chornomorets-odesa,metalurh-donetsk,0,1,transfermarkt
2011/12,1,2011-07-11,arsenal-kyiv,dnipro,3,3,transfermarkt
2011/12,2,2011-07-15,kryvbas,dnipro,0,2,transfermarkt
2011/12,2,2011-07-16,metalist-kharkiv,zorya-luhansk,3,2,transfermarkt
2011/12,2,2011-07-16,oleksandriya,dynamo-kyiv,1,3,transfermarkt
2011/12,2,2011-07-16,metalurh-donetsk,shakhtar-donetsk,0,2,transfermarkt
2011/12,2,2011-07-16,volyn-lutsk,tavriya-simferopol,2,2,transfermarkt
2011/12,2,2011-07-17,karpaty-lviv,chornomorets-odesa,1,1,transfermarkt
2011/12,2,2011-07-17,obolon-kyiv,vorskla-poltava,0,1,transfermarkt
2011/12,2,2011-07-17,arsenal-kyiv,mariupol,0,0,transfermarkt
2011/12,3,2011-07-22,zorya-luhansk,oleksandriya,2,0,transfermarkt
2011/12,3,2011-07-22,dynamo-kyiv,obolon-kyiv,4,0,transfermarkt
2011/12,3,2011-07-23,mariupol,kryvbas,1,3,transfermarkt
2011/12,3,2011-07-23,tavriya-simferopol,metalist-kharkiv,0,0,transfermarkt
2011/12,3,2011-07-23,chornomorets-odesa,arsenal-kyiv,0,3,transfermarkt
2011/12,3,2011-07-24,vorskla-poltava,metalurh-donetsk,4,2,transfermarkt
2011/12,3,2011-07-24,shakhtar-donetsk,karpaty-lviv,2,1,transfermarkt
2011/12,3,2011-07-24,dnipro,volyn-lutsk,1,2,transfermarkt
2011/12,4,2011-07-29,volyn-lutsk,metalist-kharkiv,0,3,transfermarkt
2011/12,4,2011-07-29,obolon-kyiv,zorya-luhansk,0,0,transfermarkt
2011/12,4,2011-07-30,oleksandriya,tavriya-simferopol,0,0,transfermarkt
2011/12,4,2011-07-30,dnipro,mariupol,3,0,transfermarkt
2011/12,4,2011-07-30,metalurh-donetsk,dynamo-kyiv,0,0,transfermarkt
2011/12,4,2011-07-31,kryvbas,chornomorets-odesa,1,0,transfermarkt
2011/12,4,2011-07-31,karpaty-lviv,vorskla-poltava,0,2,transfermarkt
2011/12,4,2011-07-31,arsenal-kyiv,shakhtar-donetsk,1,1,transfermarkt
2011/12,5,2011-08-05,zorya-luhansk,metalurh-donetsk,1,0,transfermarkt
2011/12,5,2011-08-05,mariupol,volyn-lutsk,1,2,transfermarkt
2011/12,5,2011-08-06,tavriya-simferopol,obolon-kyiv,0,0,transfermarkt
2011/12,5,2011-08-06,metalist-kharkiv,oleksandriya,2,1,transfermarkt
2011/12,5,2011-08-06,chornomorets-odesa,dnipro,1,1,transfermarkt
2011/12,5,2011-08-07,shakhtar-donetsk,kryvbas,2,0,transfermarkt
2011/12,5,2011-08-07,dynamo-kyiv,karpaty-lviv,2,0,transfermarkt
2011/12,5,2011-08-07,vorskla-poltava,arsenal-kyiv,0,2,transfermarkt
2011/12,6,2011-08-12,kryvbas,vorskla-poltava,0,0,transfermarkt
2011/12,6,2011-08-13,arsenal-kyiv,dynamo-kyiv,0,2,transfermarkt
2011/12,6,2011-08-13,karpaty-lviv,zorya-luhansk,2,1,transfermarkt
2011/12,6,2011-08-13,dnipro,shakhtar-donetsk,1,3,transfermarkt
2011/12,6,2011-08-13,obolon-kyiv,metalist-kharkiv,3,3,transfermarkt
2011/12,6,2011-08-14,volyn-lutsk,oleksandriya,3,1,transfermarkt
2011/12,6,2011-08-14,mariupol,chornomorets-odesa,1,1,transfermarkt
2011/12,6,2011-08-15,metalurh-donetsk,tavriya-simferopol,1,3,transfermarkt
2011/12,7,2011-08-19,zorya-luhansk,arsenal-kyiv,0,3,transfermarkt
2011/12,7,2011-08-20,oleksandriya,obolon-kyiv,1,0,transfermarkt
2011/12,7,2011-08-20,chornomorets-odesa,volyn-lutsk,0,0,transfermarkt
2011/12,7,2011-08-21,vorskla-poltava,dnipro,0,0,transfermarkt
2011/12,7,2011-08-21,shakhtar-donetsk,mariupol,3,0,transfermarkt
2011/12,7,2011-08-21,tavriya-simferopol,karpaty-lviv,1,1,transfermarkt
2011/12,7,2011-08-21,metalist-kharkiv,metalurh-donetsk,2,0,transfermarkt
2011/12,7,2011-08-21,dynamo-kyiv,kryvbas,1,0,transfermarkt
2011/12,8,2011-08-26,metalurh-donetsk,oleksandriya,3,1,transfermarkt
2011/12,8,2011-08-26,volyn-lutsk,obolon-kyiv,1,1,transfermarkt
2011/12,8,2011-08-27,kryvbas,zorya-luhansk,2,1,transfermarkt
2011/12,8,2011-08-27,arsenal-kyiv,tavriya-simferopol,2,3,transfermarkt
2011/12,8,2011-08-28,mariupol,vorskla-poltava,4,1,transfermarkt
2011/12,8,2011-08-28,dnipro,dynamo-kyiv,0,4,transfermarkt
2011/12,8,2011-08-28,chornomorets-odesa,shakhtar-donetsk,2,2,transfermarkt
2011/12,8,2011-08-28,karpaty-lviv,metalist-kharkiv,1,2,transfermarkt
2011/12,9,2011-09-09,shakhtar-donetsk,volyn-lutsk,5,1,transfermarkt
2011/12,9,2011-09-09,tavriya-simferopol,kryvbas,1,2,transfermarkt
2011/12,9,2011-09-10,vorskla-poltava,chornomorets-odesa,3,1,transfermarkt
2011/12,9,2011-09-10,oleksandriya,karpaty-lviv,1,1,transfermarkt
2011/12,9,2011-09-10,metalist-kharkiv,arsenal-kyiv,0,0,transfermarkt
2011/12,9,2011-09-11,zorya-luhansk,dnipro,2,0,transfermarkt
2011/12,9,2011-09-11,obolon-kyiv,metalurh-donetsk,0,1,transfermarkt
2011/12,9,2011-09-11,dynamo-kyiv,mariupol,3,1,transfermarkt
2011/12,10,2011-09-16,volyn-lutsk,metalurh-donetsk,0,2,transfermarkt
2011/12,10,2011-09-17,mariupol,zorya-luhansk,1,1,transfermarkt
2011/12,10,2011-09-17,karpaty-lviv,obolon-kyiv,0,0,transfermarkt
2011/12,10,2011-09-17,dnipro,tavriya-simferopol,2,1,transfermarkt
2011/12,10,2011-09-18,chornomorets-odesa,dynamo-kyiv,1,2,transfermarkt
2011/12,10,2011-09-18,kryvbas,metalist-kharkiv,0,1,transfermarkt
2011/12,10,2011-09-18,shakhtar-donetsk,vorskla-poltava,1,0,transfermarkt
2011/12,10,2011-09-18,arsenal-kyiv,oleksandriya,0,0,transfermarkt
2011/12,11,2011-09-24,vorskla-poltava,volyn-lutsk,3,1,transfermarkt
2011/12,11,2011-09-24,metalist-kharkiv,dnipro,1,0,transfermarkt
2011/12,11,2011-09-24,dynamo-kyiv,shakhtar-donetsk,0,0,transfermarkt
2011/12,11,2011-09-25,zorya-luhansk,chornomorets-odesa,0,2,transfermarkt
2011/12,11,2011-09-25,oleksandriya,kryvbas,1,1,transfermarkt
2011/12,11,2011-09-25,obolon-kyiv,arsenal-kyiv,0,1,transfermarkt
2011/12,11,2011-09-26,tavriya-simferopol,mariupol,3,2,transfermarkt
2011/12,11,2011-09-26,metalurh-donetsk,karpaty-lviv,2,1,transfermarkt
2011/12,12,2011-09-30,dnipro,oleksandriya,5,1,transfermarkt
2011/12,12,2011-10-01,kryvbas,obolon-kyiv,1,0,transfermarkt
2011/12,12,2011-10-01,chornomorets-odesa,tavriya-simferopol,1,0,transfermarkt
2011/12,12,2011-10-01,volyn-lutsk,karpaty-lviv,0,2,transfermarkt
2011/12,12,2011-10-02,mariupol,metalist-kharkiv,0,1,transfermarkt
2011/12,12,2011-10-02,shakhtar-donetsk,zorya-luhansk,4,1,transfermarkt
2011/12,12,2011-10-02,vorskla-poltava,dynamo-kyiv,1,2,transfermarkt
2011/12,12,2011-10-02,arsenal-kyiv,metalurh-donetsk,1,0,transfermarkt
2011/12,13,2011-10-14,oleksandriya,mariupol,1,2,transfermarkt
2011/12,13,2011-10-14,zorya-luhansk,vorskla-poltava,0,0,transfermarkt
2011/12,13,2011-10-15,tavriya-simferopol,shakhtar-donetsk,1,3,transfermarkt
2011/12,13,2011-10-15,metalist-kharkiv,chornomorets-odesa,1,0,transfermarkt
2011/12,13,2011-10-16,metalurh-donetsk,kryvbas,1,0,transfermarkt
2011/12,13,2011-10-16,karpaty-lviv,arsenal-kyiv,0,3,transfermarkt
2011/12,13,2011-10-16,obolon-kyiv,dnipro,1,4,transfermarkt
2011/12,13,2011-10-16,dynamo-kyiv,volyn-lutsk,2,1,transfermarkt
2011/12,14,2011-10-21,volyn-lutsk,arsenal-kyiv,1,0,transfermarkt
2011/12,14,2011-10-21,chornomorets-odesa,oleksandriya,2,1,transfermarkt
2011/12,14,2011-10-22,mariupol,obolon-kyiv,2,1,transfermarkt
2011/12,14,2011-10-22,kryvbas,karpaty-lviv,1,1,transfermarkt
2011/12,14,2011-10-22,dnipro,metalurh-donetsk,1,0,transfermarkt
2011/12,14,2011-10-23,shakhtar-donetsk,metalist-kharkiv,1,2,transfermarkt
2011/12,14,2011-10-23,vorskla-poltava,tavriya-simferopol,3,2,transfermarkt
2011/12,14,2011-10-23,dynamo-kyiv,zorya-luhansk,6,1,transfermarkt
2011/12,15,2011-10-29,oleksandriya,shakhtar-donetsk,2,3,transfermarkt
2011/12,15,2011-10-29,metalist-kharkiv,vorskla-poltava,2,2,transfermarkt
2011/12,15,2011-10-30,zorya-luhansk,volyn-lutsk,0,2,transfermarkt
2011/12,15,2011-10-30,tavriya-simferopol,dynamo-kyiv,0,0,transfermarkt
2011/12,15,2011-10-30,karpaty-lviv,dnipro,0,2,transfermarkt
2011/12,15,2011-10-30,arsenal-kyiv,kryvbas,2,0,transfermarkt
2011/12,15,2011-10-31,obolon-kyiv,chornomorets-odesa,0,1,transfermarkt
2011/12,15,2011-10-31,metalurh-donetsk,mariupol,0,0,transfermarkt
2011/12,16,2011-11-04,zorya-luhansk,tavriya-simferopol,0,1,transfermarkt
2011/12,16,2011-11-05,metalurh-donetsk,chornomorets-odesa,3,0,transfermarkt
2011/12,16,2011-11-05,karpaty-lviv,mariupol,3,0,transfermarkt
2011/12,16,2011-11-05,volyn-lutsk,kryvbas,0,0,transfermarkt
2011/12,16,2011-11-05,dnipro,arsenal-kyiv,1,0,transfermarkt
2011/12,16,2011-11-06,oleksandriya,vorskla-poltava,1,1,transfermarkt
2011/12,16,2011-11-06,obolon-kyiv,shakhtar-donetsk,0,2,transfermarkt
2011/12,16,2011-11-06,metalist-kharkiv,dynamo-kyiv,1,2,transfermarkt
2011/12,17,2011-11-18,mariupol,arsenal-kyiv,0,0,transfermarkt
2011/12,17,2011-11-19,tavriya-simferopol,volyn-lutsk,1,0,transfermarkt
2011/12,17,2011-11-19,shakhtar-donetsk,metalurh-donetsk,2,0,transfermarkt
2011/12,17,2011-11-19,dnipro,kryvbas,0,2,transfermarkt
2011/12,17,2011-11-19,chornomorets-odesa,karpaty-lviv,2,2,transfermarkt
2011/12,17,2011-11-20,zorya-luhansk,metalist-kharkiv,1,5,transfermarkt
2011/12,17,2011-11-20,vorskla-poltava,obolon-kyiv,0,1,transfermarkt
2011/12,17,2011-11-20,dynamo-kyiv,oleksandriya,4,0,transfermarkt
2011/12,18,2011-11-25,metalurh-donetsk,vorskla-poltava,6,3,transfermarkt
2011/12,18,2011-11-25,metalist-kharkiv,tavriya-simferopol,2,0,transfermarkt
2011/12,18,2011-11-26,obolon-kyiv,dynamo-kyiv,0,1,transfermarkt
2011/12,18,2011-11-26,kryvbas,mariupol,2,0,transfermarkt
2011/12,18,2011-11-26,volyn-lutsk,dnipro,1,2,transfermarkt
2011/12,18,2011-11-27,oleksandriya,zorya-luhansk,1,0,transfermarkt
2011/12,18,2011-11-27,karpaty-lviv,shakhtar-donetsk,0,5,transfermarkt
2011/12,18,2011-11-27,arsenal-kyiv,chornomorets-odesa,0,1,transfermarkt
2011/12,19,2011-12-02,shakhtar-donetsk,arsenal-kyiv,5,0,transfermarkt
2011/12,19,2011-12-03,zorya-luhansk,obolon-kyiv,1,2,transfermarkt
2011/12,19,2011-12-03,tavriya-simferopol,oleksandriya,4,1,transfermarkt
2011/12,19,2011-12-03,chornomorets-odesa,kryvbas,1,2,transfermarkt
2011/12,19,2011-12-04,mariupol,dnipro,3,2,transfermarkt
2011/12,19,2011-12-04,vorskla-poltava,karpaty-lviv,1,1,transfermarkt
2011/12,19,2011-12-04,metalist-kharkiv,volyn-lutsk,3,1,transfermarkt
2011/12,19,2011-12-05,dynamo-kyiv,metalurh-donetsk,1,0,transfermarkt
2011/12,20,2011-12-09,obolon-kyiv,tavriya-simferopol,1,3,transfermarkt
2011/12,20,2011-12-10,oleksandriya,metalist-kharkiv,1,3,transfermarkt
2011/12,20,2011-12-10,karpaty-lviv,dynamo-kyiv,0,1,transfermarkt
2011/12,20,2011-12-10,dnipro,chornomorets-odesa,1,0,transfermarkt
2011/12,20,2011-12-10,arsenal-kyiv,vorskla-poltava,2,0,transfermarkt
2011/12,20,2011-12-11,metalurh-donetsk,zorya-luhansk,3,0,transfermarkt
2011/12,20,2011-12-11,volyn-lutsk,mariupol,0,1,transfermarkt
2011/12,20,2011-12-11,kryvbas,shakhtar-donetsk,0,4,transfermarkt
2011/12,21,2012-03-03,zorya-luhansk,karpaty-lviv,5,1,transfermarkt
2011/12,21,2012-03-03,oleksandriya,volyn-lutsk,0,1,transfermarkt
2011/12,21,2012-03-03,chornomorets-odesa,mariupol,1,0,transfermarkt
2011/12,21,2012-03-03,metalist-kharkiv,obolon-kyiv,1,0,transfermarkt
2011/12,21,2012-03-04,vorskla-poltava,kryvbas,2,1,transfermarkt
2011/12,21,2012-03-04,shakhtar-donetsk,dnipro,1,1,transfermarkt
2011/12,21,2012-03-04,dynamo-kyiv,arsenal-kyiv,1,0,transfermarkt
2011/12,22,2012-03-09,obolon-kyiv,oleksandriya,1,1,transfermarkt
2011/12,22,2012-03-10,mariupol,shakhtar-donetsk,1,2,transfermarkt
2011/12,22,2012-03-10,dnipro,vorskla-poltava,1,1,transfermarkt
2011/12,22,2012-03-10,volyn-lutsk,chornomorets-odesa,0,2,transfermarkt
2011/12,22,2012-03-11,metalurh-donetsk,metalist-kharkiv,1,1,transfermarkt
2011/12,22,2012-03-11,karpaty-lviv,tavriya-simferopol,2,3,transfermarkt
2011/12,22,2012-03-11,kryvbas,dynamo-kyiv,0,3,transfermarkt
2011/12,22,2012-03-11,arsenal-kyiv,zorya-luhansk,1,1,transfermarkt
2011/12,23,2012-03-16,zorya-luhansk,kryvbas,2,0,transfermarkt
2011/12,23,2012-03-17,tavriya-simferopol,arsenal-kyiv,1,1,transfermarkt
2011/12,23,2012-03-17,shakhtar-donetsk,chornomorets-odesa,4,0,transfermarkt
2011/12,23,2012-03-17,vorskla-poltava,mariupol,3,1,transfermarkt
2011/12,23,2012-03-18,obolon-kyiv,volyn-lutsk,1,0,transfermarkt
2011/12,23,2012-03-18,dynamo-kyiv,dnipro,2,0,transfermarkt
2011/12,23,2012-03-18,oleksandriya,metalurh-donetsk,0,0,transfermarkt
2011/12,23,2012-03-19,metalist-kharkiv,karpaty-lviv,3,1,transfermarkt
2011/12,24,2012-03-23,volyn-lutsk,shakhtar-donetsk,1,2,transfermarkt
2011/12,24,2012-03-24,arsenal-kyiv,metalist-kharkiv,4,2,transfermarkt
2011/12,24,2012-03-24,dnipro,zorya-luhansk,3,1,transfermarkt
2011/12,24,2012-03-24,metalurh-donetsk,obolon-kyiv,2,0,transfermarkt
2011/12,24,2012-03-25,mariupol,dynamo-kyiv,0,1,transfermarkt
2011/12,24,2012-03-25,chornomorets-odesa,vorskla-poltava,2,1,transfermarkt
2011/12,24,2012-03-25,kryvbas,tavriya-simferopol,0,3,transfermarkt
2011/12,24,2012-03-25,karpaty-lviv,oleksandriya,1,1,transfermarkt
2011/12,25,2012-03-30,metalurh-donetsk,volyn-lutsk,0,3,transfermarkt
2011/12,25,2012-03-31,tavriya-simferopol,dnipro,0,2,transfermarkt
2011/12,25,2012-03-31,zorya-luhansk,mariupol,2,2,transfermarkt
2011/12,25,2012-03-31,obolon-kyiv,karpaty-lviv,2,0,transfermarkt
2011/12,25,2012-04-01,oleksandriya,arsenal-kyiv,1,2,transfermarkt
2011/12,25,2012-04-01,vorskla-poltava,shakhtar-donetsk,0,2,transfermarkt
2011/12,25,2012-04-01,dynamo-kyiv,chornomorets-odesa,3,1,transfermarkt
2011/12,25,2012-04-01,metalist-kharkiv,kryvbas,1,1,transfermarkt
2011/12,26,2012-04-06,volyn-lutsk,vorskla-poltava,0,0,transfermarkt
2011/12,26,2012-04-06,arsenal-kyiv,obolon-kyiv,4,1,transfermarkt
2011/12,26,2012-04-07,shakhtar-donetsk,dynamo-kyiv,2,0,transfermarkt
2011/12,26,2012-04-07,karpaty-lviv,metalurh-donetsk,0,2,transfermarkt
2011/12,26,2012-04-07,chornomorets-odesa,zorya-luhansk,2,3,transfermarkt
2011/12,26,2012-04-08,mariupol,tavriya-simferopol,0,2,transfermarkt
2011/12,26,2012-04-08,kryvbas,oleksandriya,1,2,transfermarkt
2011/12,26,2012-04-09,dnipro,metalist-kharkiv,2,2,transfermarkt
2011/12,27,2012-04-13,obolon-kyiv,kryvbas,0,0,transfermarkt
2011/12,27,2012-04-14,oleksandriya,dnipro,1,5,transfermarkt
2011/12,27,2012-04-14,dynamo-kyiv,vorskla-poltava,3,0,transfermarkt
2011/12,27,2012-04-14,metalist-kharkiv,mariupol,0,0,transfermarkt
2011/12,27,2012-04-16,metalurh-donetsk,arsenal-kyiv,1,1,transfermarkt
2011/12,27,2012-04-16,tavriya-simferopol,chornomorets-odesa,2,0,transfermarkt
2011/12,27,2012-04-16,karpaty-lviv,volyn-lutsk,1,0,transfermarkt
2011/12,27,2012-04-16,zorya-luhansk,shakhtar-donetsk,1,5,transfermarkt
2011/12,28,2012-04-20,mariupol,oleksandriya,2,0,transfermarkt
2011/12,28,2012-04-21,kryvbas,metalurh-donetsk,1,2,transfermarkt
2011/12,28,2012-04-21,dnipro,obolon-kyiv,2,2,transfermarkt
2011/12,28,2012-04-21,shakhtar-donetsk,tavriya-simferopol,3,1,transfermarkt
2011/12,28,2012-04-22,vorskla-poltava,zorya-luhansk,2,2,transfermarkt
2011/12,28,2012-04-22,arsenal-kyiv,karpaty-lviv,3,2,transfermarkt
2011/12,28,2012-04-22,chornomorets-odesa,metalist-kharkiv,3,3,transfermarkt
2011/12,28,2012-04-22,volyn-lutsk,dynamo-kyiv,0,1,transfermarkt
2011/12,21,2012-04-24,tavriya-simferopol,metalurh-donetsk,1,1,transfermarkt
2011/12,29,2012-05-02,tavriya-simferopol,vorskla-poltava,0,2,transfermarkt
2011/12,29,2012-05-02,metalurh-donetsk,dnipro,0,3,transfermarkt
2011/12,29,2012-05-02,arsenal-kyiv,volyn-lutsk,3,0,transfermarkt
2011/12,29,2012-05-02,zorya-luhansk,dynamo-kyiv,0,0,transfermarkt
2011/12,29,2012-05-02,metalist-kharkiv,shakhtar-donetsk,1,2,transfermarkt
2011/12,29,2012-05-02,oleksandriya,chornomorets-odesa,1,3,transfermarkt
2011/12,29,2012-05-02,obolon-kyiv,mariupol,0,0,transfermarkt
2011/12,29,2012-05-02,karpaty-lviv,kryvbas,2,0,transfermarkt
2011/12,30,2012-05-10,vorskla-poltava,metalist-kharkiv,2,2,transfermarkt
2011/12,30,2012-05-10,kryvbas,arsenal-kyiv,0,2,transfermarkt
2011/12,30,2012-05-10,dnipro,karpaty-lviv,2,0,transfermarkt
2011/12,30,2012-05-10,mariupol,metalurh-donetsk,2,1,transfermarkt
2011/12,30,2012-05-10,chornomorets-odesa,obolon-kyiv,1,0,transfermarkt
2011/12,30,2012-05-10,shakhtar-donetsk,oleksandriya,3,0,transfermarkt
2011/12,30,2012-05-10,dynamo-kyiv,tavriya-simferopol,1,1,transfermarkt
2011/12,30,2012-05-10,volyn-lutsk,zorya-luhansk,2,2,transfermarkt
2012/13,1,2012-07-13,volyn-lutsk,karpaty-lviv,1,1,transfermarkt
2012/13,1,2012-07-14,zorya-luhansk,metalurh-zaporizhzhia,2,0,transfermarkt
2012/13,1,2012-07-14,dynamo-kyiv,metalurh-donetsk,1,0,transfermarkt
2012/13,1,2012-07-14,chornomorets-odesa,hoverla-uzhhorod,3,2,transfermarkt
2012/13,1,2012-07-14,metalist-kharkiv,mariupol,2,0,transfermarkt
2012/13,1,2012-07-15,vorskla-poltava,kryvbas,0,1,transfermarkt
2012/13,1,2012-07-15,shakhtar-donetsk,arsenal-kyiv,6,0,transfermarkt
2012/13,1,2012-07-15,dnipro,tavriya-simferopol,3,1,transfermarkt
2012/13,2,2012-07-20,kryvbas,chornomorets-odesa,1,0,transfermarkt
2012/13,2,2012-07-21,hoverla-uzhhorod,shakhtar-donetsk,1,3,transfermarkt
2012/13,2,2012-07-21,karpaty-lviv,mariupol,1,5,transfermarkt
2012/13,2,2012-07-21,tavriya-simferopol,metalist-kharkiv,0,1,transfermarkt
2012/13,2,2012-07-22,metalurh-zaporizhzhia,dnipro,0,4,transfermarkt
2012/13,2,2012-07-22,volyn-lutsk,vorskla-poltava,1,0,transfermarkt
2012/13,2,2012-07-22,arsenal-kyiv,dynamo-kyiv,0,1,transfermarkt
2012/13,2,2012-07-22,metalurh-donetsk,zorya-luhansk,1,2,transfermarkt
2012/13,3,2012-07-27,dynamo-kyiv,hoverla-uzhhorod,3,1,transfermarkt
2012/13,3,2012-07-28,mariupol,tavriya-simferopol,0,1,transfermarkt
2012/13,3,2012-07-28,vorskla-poltava,karpaty-lviv,3,1,transfermarkt
2012/13,3,2012-07-28,metalist-kharkiv,metalurh-zaporizhzhia,1,1,transfermarkt
2012/13,3,2012-07-28,chornomorets-odesa,volyn-lutsk,0,2,transfermarkt
2012/13,3,2012-07-29,shakhtar-donetsk,kryvbas,1,0,transfermarkt
2012/13,3,2012-07-29,dnipro,metalurh-donetsk,2,0,transfermarkt
2012/13,3,2012-07-29,zorya-luhansk,arsenal-kyiv,1,3,transfermarkt
2012/13,4,2012-08-03,kryvbas,dynamo-kyiv,0,1,transfermarkt
2012/13,4,2012-08-03,hoverla-uzhhorod,zorya-luhansk,0,1,transfermarkt
2012/13,4,2012-08-04,karpaty-lviv,tavriya-simferopol,2,0,transfermarkt
2012/13,4,2012-08-05,metalurh-zaporizhzhia,mariupol,0,3,transfermarkt
2012/13,4,2012-08-05,vorskla-poltava,chornomorets-odesa,0,1,transfermarkt
2012/13,4,2012-08-05,arsenal-kyiv,dnipro,1,1,transfermarkt
2012/13,4,2012-08-05,metalurh-donetsk,metalist-kharkiv,2,2,transfermarkt
2012/13,4,2012-08-06,volyn-lutsk,shakhtar-donetsk,0,4,transfermarkt
2012/13,5,2012-08-10,tavriya-simferopol,metalurh-zaporizhzhia,1,0,transfermarkt
2012/13,5,2012-08-11,zorya-luhansk,kryvbas,0,1,transfermarkt
2012/13,5,2012-08-11,dnipro,hoverla-uzhhorod,4,1,transfermarkt
2012/13,5,2012-08-11,chornomorets-odesa,karpaty-lviv,1,1,transfermarkt
2012/13,5,2012-08-12,shakhtar-donetsk,vorskla-poltava,4,1,transfermarkt
2012/13,5,2012-08-12,dynamo-kyiv,volyn-lutsk,4,1,transfermarkt
2012/13,5,2012-08-12,mariupol,metalurh-donetsk,0,1,transfermarkt
2012/13,5,2012-08-12,metalist-kharkiv,arsenal-kyiv,0,1,transfermarkt
2012/13,6,2012-08-17,arsenal-kyiv,mariupol,2,1,transfermarkt
2012/13,6,2012-08-18,hoverla-uzhhorod,metalist-kharkiv,0,3,transfermarkt
2012/13,6,2012-08-18,kryvbas,dnipro,0,0,transfermarkt
2012/13,6,2012-08-18,vorskla-poltava,dynamo-kyiv,1,0,transfermarkt
2012/13,6,2012-08-18,metalurh-donetsk,tavriya-simferopol,1,1,transfermarkt
2012/13,6,2012-08-19,karpaty-lviv,metalurh-zaporizhzhia,2,1,transfermarkt
2012/13,6,2012-08-19,volyn-lutsk,zorya-luhansk,2,2,transfermarkt
2012/13,6,2012-08-19,chornomorets-odesa,shakhtar-donetsk,1,5,transfermarkt
2012/13,7,2012-08-24,zorya-luhansk,vorskla-poltava,1,1,transfermarkt
2012/13,7,2012-08-25,mariupol,hoverla-uzhhorod,2,0,transfermarkt
2012/13,7,2012-08-25,dynamo-kyiv,chornomorets-odesa,2,0,transfermarkt
2012/13,7,2012-08-26,metalurh-zaporizhzhia,metalurh-donetsk,1,2,transfermarkt
2012/13,7,2012-08-26,dnipro,volyn-lutsk,2,1,transfermarkt
2012/13,7,2012-08-26,shakhtar-donetsk,karpaty-lviv,3,0,transfermarkt
2012/13,7,2012-08-26,metalist-kharkiv,kryvbas,3,1,transfermarkt
2012/13,7,2012-08-26,tavriya-simferopol,arsenal-kyiv,1,1,transfermarkt
2012/13,8,2012-08-31,hoverla-uzhhorod,tavriya-simferopol,2,1,transfermarkt
2012/13,8,2012-09-01,kryvbas,mariupol,1,2,transfermarkt
2012/13,8,2012-09-01,karpaty-lviv,metalurh-donetsk,0,1,transfermarkt
2012/13,8,2012-09-01,chornomorets-odesa,zorya-luhansk,2,1,transfermarkt
2012/13,8,2012-09-02,vorskla-poltava,dnipro,2,2,transfermarkt
2012/13,8,2012-09-02,volyn-lutsk,metalist-kharkiv,2,1,transfermarkt
2012/13,8,2012-09-02,shakhtar-donetsk,dynamo-kyiv,3,1,transfermarkt
2012/13,8,2012-09-02,arsenal-kyiv,metalurh-zaporizhzhia,3,0,transfermarkt
2012/13,9,2012-09-14,dynamo-kyiv,karpaty-lviv,3,1,transfermarkt
2012/13,9,2012-09-15,mariupol,volyn-lutsk,0,0,transfermarkt
2012/13,9,2012-09-15,dnipro,chornomorets-odesa,1,0,transfermarkt
2012/13,9,2012-09-15,zorya-luhansk,shakhtar-donetsk,0,3,transfermarkt
2012/13,9,2012-09-15,metalist-kharkiv,vorskla-poltava,4,0,transfermarkt
2012/13,9,2012-09-16,metalurh-zaporizhzhia,hoverla-uzhhorod,1,1,transfermarkt
2012/13,9,2012-09-16,metalurh-donetsk,arsenal-kyiv,5,0,transfermarkt
2012/13,9,2012-09-16,tavriya-simferopol,kryvbas,2,0,transfermarkt
2012/13,10,2012-09-28,dynamo-kyiv,zorya-luhansk,1,0,transfermarkt
2012/13,10,2012-09-28,shakhtar-donetsk,dnipro,2,1,transfermarkt
2012/13,10,2012-09-29,volyn-lutsk,tavriya-simferopol,0,1,transfermarkt
2012/13,10,2012-09-29,chornomorets-odesa,metalist-kharkiv,1,1,transfermarkt
2012/13,10,2012-09-30,hoverla-uzhhorod,metalurh-donetsk,2,1,transfermarkt
2012/13,10,2012-09-30,kryvbas,metalurh-zaporizhzhia,5,0,transfermarkt
2012/13,10,2012-09-30,vorskla-poltava,mariupol,1,0,transfermarkt
2012/13,10,2012-09-30,karpaty-lviv,arsenal-kyiv,1,1,transfermarkt
2012/13,11,2012-10-05,metalurh-donetsk,kryvbas,6,2,transfermarkt
2012/13,11,2012-10-06,zorya-luhansk,karpaty-lviv,2,1,transfermarkt
2012/13,11,2012-10-06,mariupol,chornomorets-odesa,2,1,transfermarkt
2012/13,11,2012-10-06,arsenal-kyiv,hoverla-uzhhorod,2,0,transfermarkt
2012/13,11,2012-10-06,metalurh-zaporizhzhia,volyn-lutsk,0,3,transfermarkt
2012/13,11,2012-10-07,tavriya-simferopol,vorskla-poltava,0,0,transfermarkt
2012/13,11,2012-10-07,dnipro,dynamo-kyiv,2,1,transfermarkt
2012/13,11,2012-10-07,metalist-kharkiv,shakhtar-donetsk,0,2,transfermarkt
2012/13,12,2012-10-19,shakhtar-donetsk,mariupol,2,1,transfermarkt
2012/13,12,2012-10-20,zorya-luhansk,dnipro,3,2,transfermarkt
2012/13,12,2012-10-20,volyn-lutsk,metalurh-donetsk,1,1,transfermarkt
2012/13,12,2012-10-20,dynamo-kyiv,metalist-kharkiv,1,3,transfermarkt
2012/13,12,2012-10-21,vorskla-poltava,metalurh-zaporizhzhia,5,0,transfermarkt
2012/13,12,2012-10-21,kryvbas,arsenal-kyiv,1,1,transfermarkt
2012/13,12,2012-10-21,chornomorets-odesa,tavriya-simferopol,1,0,transfermarkt
2012/13,12,2012-10-21,karpaty-lviv,hoverla-uzhhorod,1,1,transfermarkt
2012/13,13,2012-10-26,arsenal-kyiv,volyn-lutsk,1,1,transfermarkt
2012/13,13,2012-10-26,metalurh-zaporizhzhia,chornomorets-odesa,0,1,transfermarkt
2012/13,13,2012-10-27,hoverla-uzhhorod,kryvbas,1,1,transfermarkt
2012/13,13,2012-10-27,tavriya-simferopol,shakhtar-donetsk,0,1,transfermarkt
2012/13,13,2012-10-27,metalurh-donetsk,vorskla-poltava,0,0,transfermarkt
2012/13,13,2012-10-28,dnipro,karpaty-lviv,2,0,transfermarkt
2012/13,13,2012-10-28,mariupol,dynamo-kyiv,0,0,transfermarkt
2012/13,13,2012-10-28,metalist-kharkiv,zorya-luhansk,2,0,transfermarkt
2012/13,14,2012-11-03,shakhtar-donetsk,metalurh-zaporizhzhia,2,0,transfermarkt
2012/13,14,2012-11-03,dynamo-kyiv,tavriya-simferopol,2,0,transfermarkt
2012/13,14,2012-11-03,dnipro,metalist-kharkiv,2,0,transfermarkt
2012/13,14,2012-11-04,zorya-luhansk,mariupol,2,2,transfermarkt
2012/13,14,2012-11-04,vorskla-poltava,arsenal-kyiv,1,0,transfermarkt
2012/13,14,2012-11-04,volyn-lutsk,hoverla-uzhhorod,2,1,transfermarkt
2012/13,14,2012-11-04,chornomorets-odesa,metalurh-donetsk,3,0,transfermarkt
2012/13,14,2012-11-04,karpaty-lviv,kryvbas,6,0,transfermarkt
2012/13,15,2012-11-09,hoverla-uzhhorod,vorskla-poltava,1,1,transfermarkt
2012/13,15,2012-11-10,tavriya-simferopol,zorya-luhansk,1,0,transfermarkt
2012/13,15,2012-11-10,metalurh-zaporizhzhia,dynamo-kyiv,0,5,transfermarkt
2012/13,15,2012-11-10,kryvbas,volyn-lutsk,1,0,transfermarkt
2012/13,15,2012-11-11,mariupol,dnipro,0,0,transfermarkt
2012/13,15,2012-11-11,metalurh-donetsk,shakhtar-donetsk,0,4,transfermarkt
2012/13,15,2012-11-11,arsenal-kyiv,chornomorets-odesa,0,1,transfermarkt
2012/13,15,2012-11-11,metalist-kharkiv,karpaty-lviv,2,1,transfermarkt
2012/13,16,2012-11-17,hoverla-uzhhorod,chornomorets-odesa,1,1,transfermarkt
2012/13,16,2012-11-17,metalurh-zaporizhzhia,zorya-luhansk,0,0,transfermarkt
2012/13,16,2012-11-17,metalurh-donetsk,dynamo-kyiv,1,0,transfermarkt
2012/13,16,2012-11-17,arsenal-kyiv,shakhtar-donetsk,2,0,transfermarkt
2012/13,16,2012-11-18,tavriya-simferopol,dnipro,1,2,transfermarkt
2012/13,16,2012-11-18,mariupol,metalist-kharkiv,0,2,transfermarkt
2012/13,16,2012-11-18,kryvbas,vorskla-poltava,3,2,transfermarkt
2012/13,16,2012-11-18,karpaty-lviv,volyn-lutsk,2,0,transfermarkt
2012/13,17,2012-11-23,chornomorets-odesa,kryvbas,2,0,transfermarkt
2012/13,17,2012-11-24,vorskla-poltava,volyn-lutsk,0,1,transfermarkt
2012/13,17,2012-11-24,shakhtar-donetsk,hoverla-uzhhorod,5,1,transfermarkt
2012/13,17,2012-11-24,zorya-luhansk,metalurh-donetsk,1,2,transfermarkt
2012/13,17,2012-11-25,mariupol,karpaty-lviv,2,0,transfermarkt
2012/13,17,2012-11-25,dynamo-kyiv,arsenal-kyiv,4,0,transfermarkt
2012/13,17,2012-11-26,metalist-kharkiv,tavriya-simferopol,5,0,transfermarkt
2012/13,17,2012-11-26,dnipro,metalurh-zaporizhzhia,3,0,transfermarkt
2012/13,18,2012-11-30,hoverla-uzhhorod,dynamo-kyiv,2,4,transfermarkt
2012/13,18,2012-11-30,kryvbas,shakhtar-donetsk,0,2,transfermarkt
2012/13,18,2012-12-01,metalurh-zaporizhzhia,metalist-kharkiv,1,3,transfermarkt
2012/13,18,2012-12-01,metalurh-donetsk,dnipro,0,0,transfermarkt
2012/13,18,2012-12-01,karpaty-lviv,vorskla-poltava,2,0,transfermarkt
2012/13,18,2012-12-02,tavriya-simferopol,mariupol,1,0,transfermarkt
2012/13,18,2012-12-02,volyn-lutsk,chornomorets-odesa,0,2,transfermarkt
2012/13,18,2012-12-02,arsenal-kyiv,zorya-luhansk,0,1,transfermarkt
2012/13,19,2013-03-01,shakhtar-donetsk,volyn-lutsk,4,1,transfermarkt
2012/13,19,2013-03-02,mariupol,metalurh-zaporizhzhia,1,0,transfermarkt
2012/13,19,2013-03-02,dnipro,arsenal-kyiv,3,0,transfermarkt
2012/13,19,2013-03-02,metalist-kharkiv,metalurh-donetsk,3,2,transfermarkt
2012/13,19,2013-03-03,zorya-luhansk,hoverla-uzhhorod,2,1,transfermarkt
2012/13,19,2013-03-03,tavriya-simferopol,karpaty-lviv,0,2,transfermarkt
2012/13,19,2013-03-03,chornomorets-odesa,vorskla-poltava,1,0,transfermarkt
2012/13,19,2013-03-03,dynamo-kyiv,kryvbas,1,1,transfermarkt
2012/13,20,2013-03-08,metalurh-donetsk,mariupol,0,0,transfermarkt
2012/13,20,2013-03-09,metalurh-zaporizhzhia,tavriya-simferopol,0,1,transfermarkt
2012/13,20,2013-03-09,kryvbas,zorya-luhansk,3,0,transfermarkt
2012/13,20,2013-03-09,karpaty-lviv,chornomorets-odesa,1,2,transfermarkt
2012/13,20,2013-03-10,hoverla-uzhhorod,dnipro,0,1,transfermarkt
2012/13,20,2013-03-10,vorskla-poltava,shakhtar-donetsk,0,1,transfermarkt
2012/13,20,2013-03-10,volyn-lutsk,dynamo-kyiv,0,2,transfermarkt
2012/13,20,2013-03-10,arsenal-kyiv,metalist-kharkiv,1,2,transfermarkt
2012/13,21,2013-03-15,metalurh-zaporizhzhia,karpaty-lviv,1,1,transfermarkt
2012/13,21,2013-03-16,zorya-luhansk,volyn-lutsk,3,1,transfermarkt
2012/13,21,2013-03-16,shakhtar-donetsk,chornomorets-odesa,3,0,transfermarkt
2012/13,21,2013-03-16,tavriya-simferopol,metalurh-donetsk,4,3,transfermarkt
2012/13,21,2013-03-17,mariupol,arsenal-kyiv,2,1,transfermarkt
2012/13,21,2013-03-17,dynamo-kyiv,vorskla-poltava,1,0,transfermarkt
2012/13,21,2013-03-17,dnipro,kryvbas,1,2,transfermarkt
2012/13,21,2013-03-18,metalist-kharkiv,hoverla-uzhhorod,1,0,transfermarkt
2012/13,22,2013-03-29,vorskla-poltava,zorya-luhansk,0,0,transfermarkt
2012/13,22,2013-03-30,hoverla-uzhhorod,mariupol,1,1,transfermarkt
2012/13,22,2013-03-30,metalurh-donetsk,metalurh-zaporizhzhia,2,0,transfermarkt
2012/13,22,2013-03-30,arsenal-kyiv,tavriya-simferopol,1,1,transfermarkt
2012/13,22,2013-03-30,karpaty-lviv,shakhtar-donetsk,1,2,transfermarkt
2012/13,22,2013-03-31,chornomorets-odesa,dynamo-kyiv,0,2,transfermarkt
2012/13,22,2013-03-31,volyn-lutsk,dnipro,1,1,transfermarkt
2012/13,22,2013-03-31,kryvbas,metalist-kharkiv,1,1,transfermarkt
2012/13,23,2013-04-05,zorya-luhansk,chornomorets-odesa,1,1,transfermarkt
2012/13,23,2013-04-06,mariupol,kryvbas,0,1,transfermarkt
2012/13,23,2013-04-06,metalurh-zaporizhzhia,arsenal-kyiv,0,0,transfermarkt
2012/13,23,2013-04-06,dnipro,vorskla-poltava,1,2,transfermarkt
2012/13,23,2013-04-06,metalist-kharkiv,volyn-lutsk,1,0,transfermarkt
2012/13,23,2013-04-07,metalurh-donetsk,karpaty-lviv,4,0,transfermarkt
2012/13,23,2013-04-07,tavriya-simferopol,hoverla-uzhhorod,0,2,transfermarkt
2012/13,23,2013-04-07,dynamo-kyiv,shakhtar-donetsk,1,2,transfermarkt
2012/13,24,2013-04-12,volyn-lutsk,mariupol,0,2,transfermarkt
2012/13,24,2013-04-12,chornomorets-odesa,dnipro,1,2,transfermarkt
2012/13,24,2013-04-13,kryvbas,tavriya-simferopol,2,0,transfermarkt
2012/13,24,2013-04-13,shakhtar-donetsk,zorya-luhansk,3,0,transfermarkt
2012/13,24,2013-04-13,karpaty-lviv,dynamo-kyiv,0,1,transfermarkt
2012/13,24,2013-04-14,hoverla-uzhhorod,metalurh-zaporizhzhia,2,0,transfermarkt
2012/13,24,2013-04-14,vorskla-poltava,metalist-kharkiv,1,4,transfermarkt
2012/13,24,2013-04-14,arsenal-kyiv,metalurh-donetsk,0,2,transfermarkt
2012/13,25,2013-04-19,mariupol,vorskla-poltava,1,0,transfermarkt
2012/13,25,2013-04-20,metalurh-zaporizhzhia,kryvbas,2,0,transfermarkt
2012/13,25,2013-04-20,metalurh-donetsk,hoverla-uzhhorod,2,1,transfermarkt
2012/13,25,2013-04-20,zorya-luhansk,dynamo-kyiv,0,5,transfermarkt
2012/13,25,2013-04-21,tavriya-simferopol,volyn-lutsk,3,0,transfermarkt
2012/13,25,2013-04-21,metalist-kharkiv,chornomorets-odesa,3,1,transfermarkt
2012/13,25,2013-04-21,dnipro,shakhtar-donetsk,1,1,transfermarkt
2012/13,25,2013-04-22,arsenal-kyiv,karpaty-lviv,4,1,transfermarkt
2012/13,26,2013-04-26,vorskla-poltava,tavriya-simferopol,2,2,transfermarkt
2012/13,26,2013-04-27,hoverla-uzhhorod,arsenal-kyiv,1,3,transfermarkt
2012/13,26,2013-04-27,chornomorets-odesa,mariupol,1,1,transfermarkt
2012/13,26,2013-04-27,volyn-lutsk,metalurh-zaporizhzhia,0,0,transfermarkt
2012/13,26,2013-04-27,dynamo-kyiv,dnipro,2,0,transfermarkt
2012/13,26,2013-04-28,shakhtar-donetsk,metalist-kharkiv,1,1,transfermarkt
2012/13,26,2013-04-28,karpaty-lviv,zorya-luhansk,2,0,transfermarkt
2012/13,26,2013-04-28,kryvbas,metalurh-donetsk,1,1,transfermarkt
2012/13,27,2013-05-03,tavriya-simferopol,chornomorets-odesa,1,3,transfermarkt
2012/13,27,2013-05-03,hoverla-uzhhorod,karpaty-lviv,2,1,transfermarkt
2012/13,27,2013-05-03,dnipro,zorya-luhansk,1,1,transfermarkt
2012/13,27,2013-05-03,metalurh-donetsk,volyn-lutsk,2,0,transfermarkt
2012/13,27,2013-05-04,metalurh-zaporizhzhia,vorskla-poltava,0,4,transfermarkt
2012/13,27,2013-05-04,mariupol,shakhtar-donetsk,1,1,transfermarkt
2012/13,27,2013-05-04,arsenal-kyiv,kryvbas,1,1,transfermarkt
2012/13,27,2013-05-04,metalist-kharkiv,dynamo-kyiv,2,0,transfermarkt
2012/13,28,2013-05-10,zorya-luhansk,metalist-kharkiv,1,3,transfermarkt
2012/13,28,2013-05-11,vorskla-poltava,metalurh-donetsk,0,1,transfermarkt
2012/13,28,2013-05-11,volyn-lutsk,arsenal-kyiv,1,3,transfermarkt
2012/13,28,2013-05-11,shakhtar-donetsk,tavriya-simferopol,5,0,transfermarkt
2012/13,28,2013-05-11,dynamo-kyiv,mariupol,1,0,transfermarkt
2012/13,28,2013-05-12,kryvbas,hoverla-uzhhorod,3,0,transfermarkt
2012/13,28,2013-05-12,chornomorets-odesa,metalurh-zaporizhzhia,1,1,transfermarkt
2012/13,28,2013-05-12,karpaty-lviv,dnipro,2,4,transfermarkt
2012/13,29,2013-05-18,kryvbas,karpaty-lviv,3,2,transfermarkt
2012/13,29,2013-05-18,arsenal-kyiv,vorskla-poltava,2,1,transfermarkt
2012/13,29,2013-05-18,hoverla-uzhhorod,volyn-lutsk,1,1,transfermarkt
2012/13,29,2013-05-19,metalurh-zaporizhzhia,shakhtar-donetsk,3,3,transfermarkt
2012/13,29,2013-05-19,metalurh-donetsk,chornomorets-odesa,2,0,transfermarkt
2012/13,29,2013-05-19,mariupol,zorya-luhansk,1,2,transfermarkt
2012/13,29,2013-05-19,metalist-kharkiv,dnipro,2,1,transfermarkt
2012/13,29,2013-05-19,tavriya-simferopol,dynamo-kyiv,3,2,transfermarkt
2012/13,30,2013-05-26,dnipro,mariupol,7,0,transfermarkt
2012/13,30,2013-05-26,dynamo-kyiv,metalurh-zaporizhzhia,3,0,transfermarkt
2012/13,30,2013-05-26,shakhtar-donetsk,metalurh-donetsk,4,0,transfermarkt
2012/13,30,2013-05-26,karpaty-lviv,metalist-kharkiv,1,1,transfermarkt
2012/13,30,2013-05-26,zorya-luhansk,tavriya-simferopol,3,0,transfermarkt
2012/13,30,2013-05-26,chornomorets-odesa,arsenal-kyiv,0,0,transfermarkt
2012/13,30,2013-05-26,vorskla-poltava,hoverla-uzhhorod,3,0,transfermarkt
2012/13,30,2013-05-26,volyn-lutsk,kryvbas,3,0,transfermarkt
2013/14,1,2013-07-12,tavriya-simferopol,zorya-luhansk,0,2,transfermarkt
2013/14,1,2013-07-13,metalurh-zaporizhzhia,mariupol,0,1,transfermarkt
2013/14,1,2013-07-13,dnipro,arsenal-kyiv,3,0,transfermarkt;annulled_club_withdrew
2013/14,1,2013-07-14,karpaty-lviv,vorskla-poltava,0,2,transfermarkt
2013/14,1,2013-07-14,shakhtar-donetsk,hoverla-uzhhorod,2,0,transfermarkt
2013/14,1,2013-07-14,dynamo-kyiv,volyn-lutsk,1,1,transfermarkt
2013/14,1,2013-07-14,sevastopol,chornomorets-odesa,1,1,transfermarkt
2013/14,1,2013-07-15,metalist-kharkiv,metalurh-donetsk,1,0,transfermarkt
2013/14,2,2013-07-19,mariupol,dnipro,0,2,transfermarkt
2013/14,2,2013-07-20,hoverla-uzhhorod,dynamo-kyiv,1,2,transfermarkt
2013/14,2,2013-07-20,arsenal-kyiv,metalist-kharkiv,1,2,transfermarkt;annulled_club_withdrew
2013/14,2,2013-07-20,metalurh-donetsk,karpaty-lviv,1,1,transfermarkt
2013/14,2,2013-07-21,sevastopol,shakhtar-donetsk,1,3,transfermarkt
2013/14,2,2013-07-21,volyn-lutsk,tavriya-simferopol,1,0,transfermarkt
2013/14,2,2013-07-21,chornomorets-odesa,vorskla-poltava,1,1,transfermarkt
2013/14,2,2013-07-22,zorya-luhansk,metalurh-zaporizhzhia,0,0,transfermarkt
2013/14,3,2013-07-26,metalist-kharkiv,mariupol,2,0,transfermarkt
2013/14,3,2013-07-27,karpaty-lviv,arsenal-kyiv,0,2,transfermarkt;annulled_club_withdrew
2013/14,3,2013-07-27,vorskla-poltava,metalurh-donetsk,1,2,transfermarkt
2013/14,3,2013-07-27,dnipro,zorya-luhansk,1,3,transfermarkt
2013/14,3,2013-07-27,metalurh-zaporizhzhia,volyn-lutsk,3,0,transfermarkt
2013/14,3,2013-07-28,tavriya-simferopol,hoverla-uzhhorod,1,3,transfermarkt
2013/14,3,2013-07-28,shakhtar-donetsk,chornomorets-odesa,1,0,transfermarkt
2013/14,3,2013-07-28,dynamo-kyiv,sevastopol,2,0,transfermarkt
2013/14,4,2013-08-02,mariupol,karpaty-lviv,1,1,transfermarkt
2013/14,4,2013-08-03,hoverla-uzhhorod,metalurh-zaporizhzhia,1,1,transfermarkt
2013/14,4,2013-08-03,arsenal-kyiv,vorskla-poltava,1,1,transfermarkt;annulled_club_withdrew
2013/14,4,2013-08-03,zorya-luhansk,metalist-kharkiv,2,2,transfermarkt
2013/14,4,2013-08-03,volyn-lutsk,dnipro,1,3,transfermarkt
2013/14,4,2013-08-03,sevastopol,tavriya-simferopol,1,0,transfermarkt
2013/14,4,2013-08-04,shakhtar-donetsk,dynamo-kyiv,3,1,transfermarkt
2013/14,4,2013-08-04,chornomorets-odesa,metalurh-donetsk,1,0,transfermarkt
2013/14,5,2013-08-09,metalurh-zaporizhzhia,sevastopol,2,2,transfermarkt
2013/14,5,2013-08-10,vorskla-poltava,mariupol,1,0,transfermarkt
2013/14,5,2013-08-10,karpaty-lviv,zorya-luhansk,0,0,transfermarkt
2013/14,5,2013-08-10,tavriya-simferopol,shakhtar-donetsk,0,4,transfermarkt
2013/14,5,2013-08-10,metalist-kharkiv,volyn-lutsk,4,0,transfermarkt
2013/14,5,2013-08-11,dnipro,hoverla-uzhhorod,1,0,transfermarkt
2013/14,5,2013-08-11,metalurh-donetsk,arsenal-kyiv,2,0,transfermarkt;annulled_club_withdrew
2013/14,5,2013-08-11,dynamo-kyiv,chornomorets-odesa,1,2,transfermarkt
2013/14,6,2013-08-16,chornomorets-odesa,arsenal-kyiv,1,0,transfermarkt;annulled_club_withdrew
2013/14,6,2013-08-17,mariupol,metalurh-donetsk,3,0,transfermarkt
2013/14,6,2013-08-17,sevastopol,dnipro,1,1,transfermarkt
2013/14,6,2013-08-17,hoverla-uzhhorod,metalist-kharkiv,0,2,transfermarkt
2013/14,6,2013-08-18,zorya-luhansk,vorskla-poltava,1,2,transfermarkt
2013/14,6,2013-08-18,shakhtar-donetsk,metalurh-zaporizhzhia,2,0,transfermarkt
2013/14,6,2013-08-18,dynamo-kyiv,tavriya-simferopol,2,0,transfermarkt
2013/14,6,2013-08-19,volyn-lutsk,karpaty-lviv,1,1,transfermarkt
2013/14,7,2013-08-23,metalurh-donetsk,zorya-luhansk,2,0,transfermarkt
2013/14,7,2013-08-24,vorskla-poltava,volyn-lutsk,3,3,transfermarkt
2013/14,7,2013-08-24,arsenal-kyiv,mariupol,1,2,transfermarkt;annulled_club_withdrew
2013/14,7,2013-08-24,metalist-kharkiv,sevastopol,3,1,transfermarkt
2013/14,7,2013-08-25,karpaty-lviv,hoverla-uzhhorod,1,0,transfermarkt
2013/14,7,2013-08-25,metalurh-zaporizhzhia,dynamo-kyiv,1,2,transfermarkt
2013/14,7,2013-08-25,dnipro,shakhtar-donetsk,3,1,transfermarkt
2013/14,7,2013-08-25,tavriya-simferopol,chornomorets-odesa,1,2,transfermarkt
2013/14,8,2013-08-30,tavriya-simferopol,metalurh-zaporizhzhia,3,1,transfermarkt
2013/14,8,2013-08-31,hoverla-uzhhorod,vorskla-poltava,1,2,transfermarkt
2013/14,8,2013-08-31,shakhtar-donetsk,metalist-kharkiv,1,1,transfermarkt
2013/14,8,2013-08-31,sevastopol,karpaty-lviv,1,0,transfermarkt
2013/14,8,2013-09-01,zorya-luhansk,arsenal-kyiv,4,0,transfermarkt;annulled_club_withdrew
2013/14,8,2013-09-01,volyn-lutsk,metalurh-donetsk,1,0,transfermarkt
2013/14,8,2013-09-01,chornomorets-odesa,mariupol,1,0,transfermarkt
2013/14,8,2013-09-01,dynamo-kyiv,dnipro,1,1,transfermarkt
2013/14,9,2013-09-13,karpaty-lviv,shakhtar-donetsk,3,2,transfermarkt
2013/14,9,2013-09-13,metalurh-zaporizhzhia,chornomorets-odesa,0,1,transfermarkt
2013/14,9,2013-09-14,mariupol,zorya-luhansk,1,0,transfermarkt
2013/14,9,2013-09-14,arsenal-kyiv,volyn-lutsk,2,1,transfermarkt;annulled_club_withdrew
2013/14,9,2013-09-14,vorskla-poltava,sevastopol,2,2,transfermarkt
2013/14,9,2013-09-15,metalurh-donetsk,hoverla-uzhhorod,4,2,transfermarkt
2013/14,9,2013-09-15,dnipro,tavriya-simferopol,1,0,transfermarkt
2013/14,9,2013-09-15,metalist-kharkiv,dynamo-kyiv,3,0,transfermarkt
2013/14,10,2013-09-20,volyn-lutsk,mariupol,1,0,transfermarkt
2013/14,10,2013-09-20,sevastopol,metalurh-donetsk,4,2,transfermarkt
2013/14,10,2013-09-21,hoverla-uzhhorod,arsenal-kyiv,2,0,transfermarkt;annulled_club_withdrew
2013/14,10,2013-09-21,tavriya-simferopol,metalist-kharkiv,0,3,transfermarkt
2013/14,10,2013-09-21,shakhtar-donetsk,vorskla-poltava,3,0,transfermarkt
2013/14,10,2013-09-22,metalurh-zaporizhzhia,dnipro,2,3,transfermarkt
2013/14,10,2013-09-22,chornomorets-odesa,zorya-luhansk,3,1,transfermarkt
2013/14,10,2013-09-22,dynamo-kyiv,karpaty-lviv,1,0,transfermarkt
2013/14,11,2013-09-28,zorya-luhansk,volyn-lutsk,2,0,transfermarkt
2013/14,11,2013-09-28,metalurh-donetsk,shakhtar-donetsk,2,2,transfermarkt
2013/14,11,2013-09-28,dnipro,chornomorets-odesa,2,0,transfermarkt
2013/14,11,2013-09-29,mariupol,hoverla-uzhhorod,0,1,transfermarkt
2013/14,11,2013-09-29,karpaty-lviv,tavriya-simferopol,2,1,transfermarkt
2013/14,11,2013-09-29,vorskla-poltava,dynamo-kyiv,2,2,transfermarkt
2013/14,11,2013-09-29,metalist-kharkiv,metalurh-zaporizhzhia,3,2,transfermarkt
2013/14,11,2013-09-30,arsenal-kyiv,sevastopol,3,1,transfermarkt;annulled_club_withdrew
2013/14,12,2013-10-04,tavriya-simferopol,vorskla-poltava,0,1,transfermarkt
2013/14,12,2013-10-05,hoverla-uzhhorod,zorya-luhansk,0,0,transfermarkt
2013/14,12,2013-10-05,metalurh-zaporizhzhia,karpaty-lviv,1,3,transfermarkt
2013/14,12,2013-10-05,shakhtar-donetsk,arsenal-kyiv,7,0,transfermarkt;annulled_club_withdrew
2013/14,12,2013-10-06,sevastopol,mariupol,0,1,transfermarkt
2013/14,12,2013-10-06,dynamo-kyiv,metalurh-donetsk,9,1,transfermarkt
2013/14,12,2013-10-06,chornomorets-odesa,volyn-lutsk,0,0,transfermarkt
2013/14,13,2013-10-18,volyn-lutsk,hoverla-uzhhorod,0,1,transfermarkt
2013/14,13,2013-10-19,mariupol,shakhtar-donetsk,1,3,transfermarkt
2013/14,13,2013-10-19,karpaty-lviv,dnipro,0,4,transfermarkt
2013/14,13,2013-10-19,vorskla-poltava,metalurh-zaporizhzhia,2,1,transfermarkt
2013/14,13,2013-10-20,zorya-luhansk,sevastopol,3,0,transfermarkt
2013/14,13,2013-10-20,arsenal-kyiv,dynamo-kyiv,0,2,transfermarkt;annulled_club_withdrew
2013/14,13,2013-10-20,metalurh-donetsk,tavriya-simferopol,2,1,transfermarkt
2013/14,13,2013-10-20,metalist-kharkiv,chornomorets-odesa,0,0,transfermarkt
2013/14,14,2013-10-25,tavriya-simferopol,arsenal-kyiv,3,0,transfermarkt;annulled_club_withdrew
2013/14,14,2013-10-26,metalurh-zaporizhzhia,metalurh-donetsk,0,0,transfermarkt
2013/14,14,2013-10-26,shakhtar-donetsk,zorya-luhansk,4,0,transfermarkt
2013/14,14,2013-10-26,metalist-kharkiv,karpaty-lviv,2,1,transfermarkt
2013/14,14,2013-10-27,sevastopol,volyn-lutsk,2,1,transfermarkt
2013/14,14,2013-10-27,dynamo-kyiv,mariupol,1,0,transfermarkt
2013/14,14,2013-10-27,chornomorets-odesa,hoverla-uzhhorod,2,1,transfermarkt
2013/14,14,2013-10-27,dnipro,vorskla-poltava,2,2,transfermarkt
2013/14,15,2013-11-01,volyn-lutsk,shakhtar-donetsk,2,0,transfermarkt
2013/14,15,2013-11-02,hoverla-uzhhorod,sevastopol,1,2,transfermarkt
2013/14,15,2013-11-02,mariupol,tavriya-simferopol,1,2,transfermarkt
2013/14,15,2013-11-03,vorskla-poltava,metalist-kharkiv,1,1,transfermarkt
2013/14,15,2013-11-03,metalurh-donetsk,dnipro,1,1,transfermarkt
2013/14,15,2013-11-03,zorya-luhansk,dynamo-kyiv,2,0,transfermarkt
2013/14,15,2013-11-03,karpaty-lviv,chornomorets-odesa,1,1,transfermarkt
2013/14,16,2013-11-08,mariupol,metalurh-zaporizhzhia,3,1,transfermarkt
2013/14,16,2013-11-09,zorya-luhansk,tavriya-simferopol,0,0,transfermarkt
2013/14,16,2013-11-09,vorskla-poltava,karpaty-lviv,2,2,transfermarkt
2013/14,16,2013-11-09,hoverla-uzhhorod,shakhtar-donetsk,0,2,transfermarkt
2013/14,16,2013-11-10,metalurh-donetsk,metalist-kharkiv,3,0,transfermarkt
2013/14,16,2013-11-10,chornomorets-odesa,sevastopol,2,0,transfermarkt
2013/14,16,2013-11-10,volyn-lutsk,dynamo-kyiv,1,4,transfermarkt
2013/14,17,2013-11-22,metalurh-zaporizhzhia,zorya-luhansk,1,1,transfermarkt
2013/14,17,2013-11-23,vorskla-poltava,chornomorets-odesa,0,1,transfermarkt
2013/14,17,2013-11-23,shakhtar-donetsk,sevastopol,4,0,transfermarkt
2013/14,17,2013-11-23,karpaty-lviv,metalurh-donetsk,2,2,transfermarkt
2013/14,17,2013-11-23,dnipro,mariupol,3,1,transfermarkt
2013/14,17,2013-11-24,tavriya-simferopol,volyn-lutsk,2,2,transfermarkt
2013/14,17,2013-11-24,dynamo-kyiv,hoverla-uzhhorod,3,0,transfermarkt
2013/14,18,2013-11-29,metalurh-donetsk,vorskla-poltava,4,1,transfermarkt
2013/14,18,2013-11-30,hoverla-uzhhorod,tavriya-simferopol,2,1,transfermarkt
2013/14,18,2013-11-30,mariupol,metalist-kharkiv,1,1,transfermarkt
2013/14,18,2013-12-01,zorya-luhansk,dnipro,3,0,transfermarkt
2013/14,18,2013-12-01,volyn-lutsk,metalurh-zaporizhzhia,2,0,transfermarkt
2013/14,18,2013-12-02,sevastopol,dynamo-kyiv,1,2,transfermarkt
2013/14,18,2013-12-03,chornomorets-odesa,shakhtar-donetsk,0,1,transfermarkt
2013/14,12,2013-12-04,dnipro,metalist-kharkiv,2,2,transfermarkt
2013/14,21,2014-03-15,metalurh-donetsk,mariupol,1,1,transfermarkt
2013/14,21,2014-03-15,karpaty-lviv,volyn-lutsk,0,1,transfermarkt
2013/14,21,2014-03-15,dnipro,sevastopol,3,0,transfermarkt
2013/14,21,2014-03-16,vorskla-poltava,zorya-luhansk,1,1,transfermarkt
2013/14,21,2014-03-16,metalurh-zaporizhzhia,shakhtar-donetsk,0,3,transfermarkt
2013/14,21,2014-03-16,tavriya-simferopol,dynamo-kyiv,1,2,transfermarkt
2013/14,21,2014-03-16,metalist-kharkiv,hoverla-uzhhorod,1,1,transfermarkt
2013/14,22,2014-03-22,shakhtar-donetsk,dnipro,0,2,transfermarkt
2013/14,22,2014-03-22,chornomorets-odesa,tavriya-simferopol,0,0,transfermarkt
2013/14,22,2014-03-22,dynamo-kyiv,metalurh-zaporizhzhia,4,0,transfermarkt
2013/14,22,2014-03-23,zorya-luhansk,metalurh-donetsk,0,4,transfermarkt
2013/14,22,2014-03-23,volyn-lutsk,vorskla-poltava,0,0,transfermarkt
2013/14,22,2014-03-23,hoverla-uzhhorod,karpaty-lviv,1,0,transfermarkt
2013/14,23,2014-03-28,metalurh-zaporizhzhia,tavriya-simferopol,1,0,transfermarkt
2013/14,23,2014-03-29,metalurh-donetsk,volyn-lutsk,1,3,transfermarkt
2013/14,23,2014-03-29,karpaty-lviv,sevastopol,2,0,transfermarkt
2013/14,23,2014-03-29,vorskla-poltava,hoverla-uzhhorod,3,1,transfermarkt
2013/14,23,2014-03-30,mariupol,chornomorets-odesa,3,1,transfermarkt
2013/14,23,2014-03-30,dnipro,dynamo-kyiv,2,0,transfermarkt
2013/14,23,2014-03-30,metalist-kharkiv,shakhtar-donetsk,2,4,transfermarkt
2013/14,24,2014-04-04,sevastopol,vorskla-poltava,1,0,transfermarkt
2013/14,24,2014-04-05,tavriya-simferopol,dnipro,0,2,transfermarkt
2013/14,24,2014-04-05,shakhtar-donetsk,karpaty-lviv,3,0,transfermarkt
2013/14,24,2014-04-05,hoverla-uzhhorod,metalurh-donetsk,0,0,transfermarkt
2013/14,24,2014-04-06,chornomorets-odesa,metalurh-zaporizhzhia,3,0,transfermarkt
2013/14,24,2014-04-06,zorya-luhansk,mariupol,3,0,transfermarkt
2013/14,24,2014-04-06,dynamo-kyiv,metalist-kharkiv,4,2,transfermarkt
2013/14,25,2014-04-11,mariupol,volyn-lutsk,1,0,transfermarkt
2013/14,25,2014-04-11,metalurh-donetsk,sevastopol,3,0,transfermarkt
2013/14,25,2014-04-12,vorskla-poltava,shakhtar-donetsk,1,0,transfermarkt
2013/14,25,2014-04-12,zorya-luhansk,chornomorets-odesa,1,0,transfermarkt
2013/14,25,2014-04-12,karpaty-lviv,dynamo-kyiv,2,2,transfermarkt
2013/14,25,2014-04-12,dnipro,metalurh-zaporizhzhia,1,0,transfermarkt
2013/14,25,2014-04-13,metalist-kharkiv,tavriya-simferopol,1,0,transfermarkt
2013/14,19,2014-04-15,dnipro,volyn-lutsk,5,1,transfermarkt
2013/14,19,2014-04-16,metalurh-donetsk,chornomorets-odesa,3,2,transfermarkt
2013/14,19,2014-04-16,metalurh-zaporizhzhia,hoverla-uzhhorod,0,1,transfermarkt
2013/14,19,2014-04-16,karpaty-lviv,mariupol,0,1,transfermarkt
2013/14,19,2014-04-16,dynamo-kyiv,shakhtar-donetsk,0,2,transfermarkt
2013/14,19,2014-04-17,tavriya-simferopol,sevastopol,0,2,transfermarkt
2013/14,19,2014-04-17,metalist-kharkiv,zorya-luhansk,1,1,transfermarkt
2013/14,26,2014-04-19,hoverla-uzhhorod,mariupol,1,2,transfermarkt
2013/14,26,2014-04-19,shakhtar-donetsk,metalurh-donetsk,2,1,transfermarkt
2013/14,26,2014-04-20,tavriya-simferopol,karpaty-lviv,0,1,transfermarkt
2013/14,26,2014-04-20,volyn-lutsk,zorya-luhansk,0,2,transfermarkt
2013/14,26,2014-04-20,metalurh-zaporizhzhia,metalist-kharkiv,0,3,transfermarkt
2013/14,26,2014-04-20,dynamo-kyiv,vorskla-poltava,2,1,transfermarkt
2013/14,26,2014-04-20,chornomorets-odesa,dnipro,1,0,transfermarkt
2013/14,20,2014-04-23,sevastopol,metalurh-zaporizhzhia,5,0,transfermarkt
2013/14,20,2014-04-23,zorya-luhansk,karpaty-lviv,2,2,transfermarkt
2013/14,20,2014-04-23,shakhtar-donetsk,tavriya-simferopol,2,1,transfermarkt
2013/14,20,2014-04-24,mariupol,vorskla-poltava,1,2,transfermarkt
2013/14,20,2014-04-24,hoverla-uzhhorod,dnipro,0,2,transfermarkt
2013/14,20,2014-04-24,volyn-lutsk,metalist-kharkiv,1,4,transfermarkt
2013/14,20,2014-04-24,chornomorets-odesa,dynamo-kyiv,1,1,transfermarkt
2013/14,27,2014-04-27,mariupol,sevastopol,0,0,transfermarkt
2013/14,27,2014-04-27,zorya-luhansk,hoverla-uzhhorod,1,0,transfermarkt
2013/14,27,2014-04-27,karpaty-lviv,metalurh-zaporizhzhia,2,2,transfermarkt
2013/14,27,2014-04-27,metalurh-donetsk,dynamo-kyiv,2,1,transfermarkt
2013/14,27,2014-04-27,metalist-kharkiv,dnipro,2,1,transfermarkt
2013/14,27,2014-04-28,vorskla-poltava,tavriya-simferopol,1,1,transfermarkt
2013/14,27,2014-04-28,volyn-lutsk,chornomorets-odesa,1,2,transfermarkt
2013/14,28,2014-05-02,sevastopol,zorya-luhansk,0,2,transfermarkt
2013/14,28,2014-05-02,chornomorets-odesa,metalist-kharkiv,1,1,transfermarkt
2013/14,28,2014-05-02,shakhtar-donetsk,mariupol,3,1,transfermarkt
2013/14,28,2014-05-03,metalurh-zaporizhzhia,vorskla-poltava,0,1,transfermarkt
2013/14,28,2014-05-04,tavriya-simferopol,metalurh-donetsk,0,1,transfermarkt
2013/14,28,2014-05-04,hoverla-uzhhorod,volyn-lutsk,6,0,transfermarkt
2013/14,28,2014-05-04,dnipro,karpaty-lviv,1,4,transfermarkt
2013/14,22,2014-05-07,sevastopol,metalist-kharkiv,0,2,transfermarkt
2013/14,29,2014-05-11,volyn-lutsk,sevastopol,1,2,transfermarkt
2013/14,29,2014-05-11,zorya-luhansk,shakhtar-donetsk,1,3,transfermarkt
2013/14,29,2014-05-11,hoverla-uzhhorod,chornomorets-odesa,1,1,transfermarkt
2013/14,29,2014-05-11,metalurh-donetsk,metalurh-zaporizhzhia,2,0,transfermarkt
2013/14,29,2014-05-11,mariupol,dynamo-kyiv,0,2,transfermarkt
2013/14,29,2014-05-11,karpaty-lviv,metalist-kharkiv,2,4,transfermarkt
2013/14,29,2014-05-11,vorskla-poltava,dnipro,1,4,transfermarkt
2013/14,30,2014-05-16,tavriya-simferopol,mariupol,0,3,transfermarkt
2013/14,30,2014-05-17,sevastopol,hoverla-uzhhorod,3,0,transfermarkt
2013/14,30,2014-05-18,shakhtar-donetsk,volyn-lutsk,2,0,transfermarkt
2013/14,30,2014-05-18,chornomorets-odesa,karpaty-lviv,0,0,transfermarkt
2013/14,30,2014-05-18,dynamo-kyiv,zorya-luhansk,3,1,transfermarkt
2013/14,30,2014-05-18,dnipro,metalurh-donetsk,3,1,transfermarkt
2013/14,30,2014-05-18,metalist-kharkiv,vorskla-poltava,1,0,transfermarkt
2014/15,1,2014-07-25,metalurh-donetsk,dnipro,0,2,transfermarkt
2014/15,1,2014-07-26,volyn-lutsk,mariupol,2,1,transfermarkt
2014/15,1,2014-07-26,chornomorets-odesa,olimpik-donetsk,4,0,transfermarkt
2014/15,1,2014-07-27,hoverla-uzhhorod,karpaty-lviv,2,2,transfermarkt
2014/15,1,2014-07-27,shakhtar-donetsk,metalurh-zaporizhzhia,2,0,transfermarkt
2014/15,1,2014-07-27,dynamo-kyiv,vorskla-poltava,1,0,transfermarkt
2014/15,1,2014-07-27,zorya-luhansk,metalist-kharkiv,1,2,transfermarkt
2014/15,2,2014-08-01,vorskla-poltava,shakhtar-donetsk,1,2,transfermarkt
2014/15,2,2014-08-02,metalist-kharkiv,dynamo-kyiv,1,2,transfermarkt
2014/15,2,2014-08-02,volyn-lutsk,dnipro,0,1,transfermarkt
2014/15,2,2014-08-02,metalurh-zaporizhzhia,hoverla-uzhhorod,2,1,transfermarkt
2014/15,2,2014-08-03,olimpik-donetsk,zorya-luhansk,1,0,transfermarkt
2014/15,2,2014-08-03,karpaty-lviv,metalurh-donetsk,0,1,transfermarkt
2014/15,2,2014-08-04,chornomorets-odesa,mariupol,3,3,transfermarkt
2014/15,3,2014-08-08,hoverla-uzhhorod,vorskla-poltava,0,0,transfermarkt
2014/15,3,2014-08-09,metalurh-donetsk,metalurh-zaporizhzhia,1,1,transfermarkt
2014/15,3,2014-08-09,dynamo-kyiv,olimpik-donetsk,0,0,transfermarkt
2014/15,3,2014-08-09,shakhtar-donetsk,metalist-kharkiv,1,0,transfermarkt
2014/15,3,2014-08-10,dnipro,karpaty-lviv,4,0,transfermarkt
2014/15,3,2014-08-11,chornomorets-odesa,volyn-lutsk,1,0,transfermarkt
2014/15,3,2014-08-11,zorya-luhansk,mariupol,1,0,transfermarkt
2014/15,4,2014-08-15,olimpik-donetsk,shakhtar-donetsk,0,5,transfermarkt
2014/15,4,2014-08-15,metalurh-zaporizhzhia,dnipro,0,1,transfermarkt
2014/15,4,2014-08-16,vorskla-poltava,metalurh-donetsk,2,1,transfermarkt
2014/15,4,2014-08-16,chornomorets-odesa,zorya-luhansk,0,0,transfermarkt
2014/15,4,2014-08-16,dynamo-kyiv,mariupol,4,1,transfermarkt
2014/15,4,2014-08-16,metalist-kharkiv,hoverla-uzhhorod,1,0,transfermarkt
2014/15,4,2014-08-17,volyn-lutsk,karpaty-lviv,0,2,transfermarkt
2014/15,5,2014-08-29,shakhtar-donetsk,mariupol,3,0,transfermarkt
2014/15,5,2014-08-30,hoverla-uzhhorod,olimpik-donetsk,0,1,transfermarkt
2014/15,5,2014-08-30,dynamo-kyiv,chornomorets-odesa,2,0,transfermarkt
2014/15,5,2014-08-31,karpaty-lviv,metalurh-zaporizhzhia,1,2,transfermarkt
2014/15,5,2014-08-31,metalurh-donetsk,metalist-kharkiv,1,1,transfermarkt
2014/15,5,2014-08-31,zorya-luhansk,volyn-lutsk,1,2,transfermarkt
2014/15,5,2014-08-31,dnipro,vorskla-poltava,1,1,transfermarkt
2014/15,6,2014-09-13,olimpik-donetsk,metalurh-donetsk,3,2,transfermarkt
2014/15,6,2014-09-13,metalist-kharkiv,dnipro,2,5,transfermarkt
2014/15,6,2014-09-13,zorya-luhansk,dynamo-kyiv,2,2,transfermarkt
2014/15,6,2014-09-13,chornomorets-odesa,shakhtar-donetsk,0,2,transfermarkt
2014/15,6,2014-09-14,volyn-lutsk,metalurh-zaporizhzhia,3,0,transfermarkt
2014/15,6,2014-09-14,mariupol,hoverla-uzhhorod,2,2,transfermarkt
2014/15,6,2014-09-14,vorskla-poltava,karpaty-lviv,2,0,transfermarkt
2014/15,7,2014-09-20,metalurh-donetsk,mariupol,3,0,transfermarkt
2014/15,7,2014-09-20,metalurh-zaporizhzhia,vorskla-poltava,0,3,transfermarkt
2014/15,7,2014-09-21,shakhtar-donetsk,zorya-luhansk,0,1,transfermarkt
2014/15,7,2014-09-21,karpaty-lviv,metalist-kharkiv,3,3,transfermarkt
2014/15,7,2014-09-21,hoverla-uzhhorod,chornomorets-odesa,0,0,transfermarkt
2014/15,7,2014-09-22,dynamo-kyiv,volyn-lutsk,4,1,transfermarkt
2014/15,7,2014-09-22,dnipro,olimpik-donetsk,5,0,transfermarkt
2014/15,8,2014-10-03,volyn-lutsk,vorskla-poltava,2,2,transfermarkt
2014/15,8,2014-10-04,olimpik-donetsk,karpaty-lviv,1,0,transfermarkt
2014/15,8,2014-10-04,zorya-luhansk,hoverla-uzhhorod,2,1,transfermarkt
2014/15,8,2014-10-04,chornomorets-odesa,metalurh-donetsk,2,2,transfermarkt
2014/15,8,2014-10-05,mariupol,dnipro,0,1,transfermarkt
2014/15,8,2014-10-05,metalist-kharkiv,metalurh-zaporizhzhia,2,1,transfermarkt
2014/15,8,2014-10-05,dynamo-kyiv,shakhtar-donetsk,1,0,transfermarkt
2014/15,9,2014-10-17,shakhtar-donetsk,volyn-lutsk,6,2,transfermarkt
2014/15,9,2014-10-18,metalurh-zaporizhzhia,olimpik-donetsk,2,2,transfermarkt
2014/15,9,2014-10-18,vorskla-poltava,metalist-kharkiv,0,0,transfermarkt
2014/15,9,2014-10-18,hoverla-uzhhorod,dynamo-kyiv,0,4,transfermarkt
2014/15,9,2014-10-19,karpaty-lviv,mariupol,1,0,transfermarkt
2014/15,9,2014-10-19,metalurh-donetsk,zorya-luhansk,0,0,transfermarkt
2014/15,9,2014-10-19,dnipro,chornomorets-odesa,2,1,transfermarkt
2014/15,11,2014-10-31,metalurh-donetsk,shakhtar-donetsk,2,1,transfermarkt
2014/15,11,2014-11-01,vorskla-poltava,mariupol,0,0,transfermarkt
2014/15,11,2014-11-01,metalurh-zaporizhzhia,chornomorets-odesa,0,0,transfermarkt
2014/15,11,2014-11-02,karpaty-lviv,zorya-luhansk,1,2,transfermarkt
2014/15,11,2014-11-02,metalist-kharkiv,olimpik-donetsk,0,0,transfermarkt
2014/15,11,2014-11-02,dnipro,dynamo-kyiv,0,3,transfermarkt
2014/15,11,2014-11-03,hoverla-uzhhorod,volyn-lutsk,0,0,transfermarkt
2014/15,12,2014-11-08,hoverla-uzhhorod,metalurh-donetsk,1,0,transfermarkt
2014/15,12,2014-11-08,zorya-luhansk,metalurh-zaporizhzhia,3,0,transfermarkt
2014/15,12,2014-11-08,chornomorets-odesa,vorskla-poltava,1,0,transfermarkt
2014/15,12,2014-11-09,volyn-lutsk,olimpik-donetsk,4,0,transfermarkt
2014/15,12,2014-11-09,shakhtar-donetsk,dnipro,0,0,transfermarkt
2014/15,12,2014-11-09,mariupol,metalist-kharkiv,1,3,transfermarkt
2014/15,12,2014-11-09,dynamo-kyiv,karpaty-lviv,0,0,transfermarkt
2014/15,13,2014-11-21,karpaty-lviv,shakhtar-donetsk,0,2,transfermarkt
2014/15,13,2014-11-22,olimpik-donetsk,mariupol,3,2,transfermarkt
2014/15,13,2014-11-22,dnipro,hoverla-uzhhorod,1,1,transfermarkt
2014/15,13,2014-11-23,metalurh-donetsk,volyn-lutsk,1,2,transfermarkt
2014/15,13,2014-11-23,vorskla-poltava,zorya-luhansk,2,0,transfermarkt
2014/15,13,2014-11-23,metalurh-zaporizhzhia,dynamo-kyiv,2,4,transfermarkt
2014/15,14,2014-11-29,olimpik-donetsk,chornomorets-odesa,2,1,transfermarkt
2014/15,14,2014-11-30,metalurh-zaporizhzhia,shakhtar-donetsk,0,4,transfermarkt
2014/15,14,2014-11-30,mariupol,volyn-lutsk,1,3,transfermarkt
2014/15,14,2014-11-30,metalist-kharkiv,zorya-luhansk,4,2,transfermarkt
2014/15,14,2014-11-30,vorskla-poltava,dynamo-kyiv,0,3,transfermarkt
2014/15,14,2014-11-30,karpaty-lviv,hoverla-uzhhorod,1,0,transfermarkt
2014/15,14,2014-12-01,dnipro,metalurh-donetsk,1,1,transfermarkt
2014/15,10,2014-12-05,dynamo-kyiv,metalurh-donetsk,3,0,transfermarkt
2014/15,10,2014-12-05,shakhtar-donetsk,hoverla-uzhhorod,4,1,transfermarkt
2014/15,10,2014-12-06,olimpik-donetsk,vorskla-poltava,1,1,transfermarkt
2014/15,10,2014-12-06,zorya-luhansk,dnipro,2,1,transfermarkt
2014/15,10,2014-12-07,volyn-lutsk,metalist-kharkiv,0,3,transfermarkt
2014/15,10,2014-12-07,mariupol,metalurh-zaporizhzhia,1,2,transfermarkt
2014/15,10,2014-12-07,chornomorets-odesa,karpaty-lviv,0,0,transfermarkt
2014/15,15,2015-02-27,mariupol,chornomorets-odesa,0,0,transfermarkt
2014/15,15,2015-02-28,zorya-luhansk,olimpik-donetsk,5,1,transfermarkt
2014/15,15,2015-02-28,shakhtar-donetsk,vorskla-poltava,3,0,transfermarkt
2014/15,15,2015-03-01,hoverla-uzhhorod,metalurh-zaporizhzhia,0,1,transfermarkt
2014/15,15,2015-03-01,dnipro,volyn-lutsk,5,0,transfermarkt
2014/15,15,2015-03-01,metalurh-donetsk,karpaty-lviv,1,1,transfermarkt
2014/15,15,2015-03-01,dynamo-kyiv,metalist-kharkiv,3,0,transfermarkt
2014/15,16,2015-03-07,mariupol,zorya-luhansk,2,1,transfermarkt
2014/15,16,2015-03-07,metalist-kharkiv,shakhtar-donetsk,2,2,transfermarkt
2014/15,16,2015-03-07,metalurh-zaporizhzhia,metalurh-donetsk,0,1,transfermarkt
2014/15,16,2015-03-08,olimpik-donetsk,dynamo-kyiv,0,1,transfermarkt
2014/15,16,2015-03-08,volyn-lutsk,chornomorets-odesa,1,1,transfermarkt
2014/15,16,2015-03-08,vorskla-poltava,hoverla-uzhhorod,2,0,transfermarkt
2014/15,16,2015-03-08,karpaty-lviv,dnipro,0,1,transfermarkt
2014/15,17,2015-03-13,karpaty-lviv,volyn-lutsk,0,2,transfermarkt
2014/15,17,2015-03-14,metalurh-donetsk,vorskla-poltava,1,1,transfermarkt
2014/15,17,2015-03-14,hoverla-uzhhorod,metalist-kharkiv,2,2,transfermarkt
2014/15,17,2015-03-15,zorya-luhansk,chornomorets-odesa,1,0,transfermarkt
2014/15,17,2015-03-15,dnipro,metalurh-zaporizhzhia,1,0,transfermarkt
2014/15,17,2015-03-15,shakhtar-donetsk,olimpik-donetsk,6,0,transfermarkt
2014/15,17,2015-03-15,mariupol,dynamo-kyiv,0,5,transfermarkt
2014/15,18,2015-04-03,olimpik-donetsk,hoverla-uzhhorod,1,2,transfermarkt
2014/15,18,2015-04-04,metalist-kharkiv,metalurh-donetsk,1,0,transfermarkt
2014/15,18,2015-04-04,vorskla-poltava,dnipro,1,3,transfermarkt
2014/15,18,2015-04-04,chornomorets-odesa,dynamo-kyiv,0,2,transfermarkt
2014/15,18,2015-04-05,volyn-lutsk,zorya-luhansk,1,2,transfermarkt
2014/15,18,2015-04-05,mariupol,shakhtar-donetsk,2,6,transfermarkt
2014/15,18,2015-04-05,metalurh-zaporizhzhia,karpaty-lviv,2,1,transfermarkt
2014/15,19,2015-04-10,hoverla-uzhhorod,mariupol,2,1,transfermarkt
2014/15,19,2015-04-10,metalurh-zaporizhzhia,volyn-lutsk,1,1,transfermarkt
2014/15,19,2015-04-11,metalurh-donetsk,olimpik-donetsk,4,2,transfermarkt
2014/15,19,2015-04-11,shakhtar-donetsk,chornomorets-odesa,5,0,transfermarkt
2014/15,19,2015-04-11,dnipro,metalist-kharkiv,0,0,transfermarkt
2014/15,19,2015-04-12,dynamo-kyiv,zorya-luhansk,2,2,transfermarkt
2014/15,19,2015-04-13,karpaty-lviv,vorskla-poltava,0,0,transfermarkt
2014/15,20,2015-04-18,metalist-kharkiv,karpaty-lviv,0,0,transfermarkt
2014/15,20,2015-04-18,mariupol,metalurh-donetsk,1,1,transfermarkt
2014/15,20,2015-04-18,zorya-luhansk,shakhtar-donetsk,1,4,transfermarkt
2014/15,20,2015-04-19,olimpik-donetsk,dnipro,0,5,transfermarkt
2014/15,20,2015-04-19,chornomorets-odesa,hoverla-uzhhorod,1,1,transfermarkt
2014/15,20,2015-04-19,vorskla-poltava,metalurh-zaporizhzhia,5,0,transfermarkt
2014/15,20,2015-04-19,volyn-lutsk,dynamo-kyiv,1,3,transfermarkt
2014/15,21,2015-04-25,hoverla-uzhhorod,zorya-luhansk,1,2,transfermarkt
2014/15,21,2015-04-25,vorskla-poltava,volyn-lutsk,2,0,transfermarkt
2014/15,21,2015-04-25,metalurh-donetsk,chornomorets-odesa,1,0,transfermarkt
2014/15,21,2015-04-26,metalurh-zaporizhzhia,metalist-kharkiv,0,0,transfermarkt
2014/15,21,2015-04-26,karpaty-lviv,olimpik-donetsk,4,1,transfermarkt
2014/15,21,2015-04-26,dnipro,mariupol,1,0,transfermarkt
2014/15,21,2015-04-26,shakhtar-donetsk,dynamo-kyiv,0,0,transfermarkt
2014/15,22,2015-05-02,mariupol,karpaty-lviv,1,0,transfermarkt
2014/15,22,2015-05-02,zorya-luhansk,metalurh-donetsk,4,2,transfermarkt
2014/15,22,2015-05-03,metalist-kharkiv,vorskla-poltava,0,2,transfermarkt
2014/15,22,2015-05-03,chornomorets-odesa,dnipro,0,3,transfermarkt
2014/15,22,2015-05-04,olimpik-donetsk,metalurh-zaporizhzhia,0,0,transfermarkt
2014/15,22,2015-05-04,dynamo-kyiv,hoverla-uzhhorod,6,0,transfermarkt
2014/15,22,2015-05-04,volyn-lutsk,shakhtar-donetsk,0,0,transfermarkt
2014/15,23,2015-05-09,hoverla-uzhhorod,shakhtar-donetsk,3,7,transfermarkt
2014/15,23,2015-05-09,vorskla-poltava,olimpik-donetsk,3,1,transfermarkt
2014/15,23,2015-05-10,metalurh-zaporizhzhia,mariupol,2,0,transfermarkt
2014/15,23,2015-05-10,karpaty-lviv,chornomorets-odesa,2,0,transfermarkt
2014/15,23,2015-05-10,metalurh-donetsk,dynamo-kyiv,0,6,transfermarkt
2014/15,23,2015-05-10,dnipro,zorya-luhansk,0,2,transfermarkt
2014/15,23,2015-05-11,metalist-kharkiv,volyn-lutsk,3,3,transfermarkt
2014/15,24,2015-05-15,chornomorets-odesa,metalurh-zaporizhzhia,0,0,transfermarkt
2014/15,24,2015-05-16,mariupol,vorskla-poltava,1,2,transfermarkt
2014/15,24,2015-05-16,shakhtar-donetsk,metalurh-donetsk,2,0,transfermarkt
2014/15,24,2015-05-16,zorya-luhansk,karpaty-lviv,1,1,transfermarkt
2014/15,24,2015-05-17,olimpik-donetsk,metalist-kharkiv,2,1,transfermarkt
2014/15,24,2015-05-17,volyn-lutsk,hoverla-uzhhorod,4,2,transfermarkt
2014/15,24,2015-05-17,dynamo-kyiv,dnipro,1,0,transfermarkt
2014/15,13,2015-05-20,metalist-kharkiv,chornomorets-odesa,0,0,transfermarkt
2014/15,25,2015-05-23,olimpik-donetsk,volyn-lutsk,1,3,transfermarkt
2014/15,25,2015-05-23,metalurh-donetsk,hoverla-uzhhorod,0,0,transfermarkt
2014/15,25,2015-05-23,dnipro,shakhtar-donetsk,3,2,transfermarkt
2014/15,25,2015-05-24,metalist-kharkiv,mariupol,3,1,transfermarkt
2014/15,25,2015-05-24,karpaty-lviv,dynamo-kyiv,0,1,transfermarkt
2014/15,25,2015-05-24,metalurh-zaporizhzhia,zorya-luhansk,0,1,transfermarkt
2014/15,25,2015-05-24,vorskla-poltava,chornomorets-odesa,2,0,transfermarkt
2014/15,26,2015-05-29,volyn-lutsk,metalurh-donetsk,1,1,transfermarkt
2014/15,26,2015-05-29,zorya-luhansk,vorskla-poltava,1,1,transfermarkt
2014/15,26,2015-05-30,dynamo-kyiv,metalurh-zaporizhzhia,2,2,transfermarkt
2014/15,26,2015-05-30,mariupol,olimpik-donetsk,4,1,transfermarkt
2014/15,26,2015-05-30,shakhtar-donetsk,karpaty-lviv,2,2,transfermarkt
2014/15,26,2015-05-30,hoverla-uzhhorod,dnipro,0,0,transfermarkt
2015/16,1,2015-07-17,metalurh-zaporizhzhia,zorya-luhansk,0,6,transfermarkt
2015/16,1,2015-07-18,olimpik-donetsk,chornomorets-odesa,2,2,transfermarkt
2015/16,1,2015-07-18,metalist-kharkiv,karpaty-lviv,2,0,transfermarkt
2015/16,1,2015-07-18,vorskla-poltava,volyn-lutsk,1,1,transfermarkt
2015/16,1,2015-07-19,shakhtar-donetsk,oleksandriya,2,0,transfermarkt
2015/16,1,2015-07-19,hoverla-uzhhorod,dnipro,1,1,transfermarkt
2015/16,1,2015-07-19,stal-kamianske,dynamo-kyiv,1,2,transfermarkt
2015/16,2,2015-07-23,volyn-lutsk,shakhtar-donetsk,1,4,transfermarkt
2015/16,2,2015-07-25,hoverla-uzhhorod,vorskla-poltava,1,1,transfermarkt
2015/16,2,2015-07-25,karpaty-lviv,stal-kamianske,1,0,transfermarkt
2015/16,2,2015-07-25,dynamo-kyiv,olimpik-donetsk,2,0,transfermarkt
2015/16,2,2015-07-25,zorya-luhansk,metalist-kharkiv,0,0,transfermarkt
2015/16,2,2015-07-26,oleksandriya,metalurh-zaporizhzhia,1,0,transfermarkt
2015/16,2,2015-07-26,dnipro,chornomorets-odesa,4,2,transfermarkt
2015/16,3,2015-08-01,olimpik-donetsk,karpaty-lviv,0,1,transfermarkt
2015/16,3,2015-08-01,shakhtar-donetsk,hoverla-uzhhorod,2,0,transfermarkt
2015/16,3,2015-08-02,metalist-kharkiv,oleksandriya,1,1,transfermarkt
2015/16,3,2015-08-02,metalurh-zaporizhzhia,volyn-lutsk,0,2,transfermarkt
2015/16,3,2015-08-02,chornomorets-odesa,dynamo-kyiv,0,2,transfermarkt
2015/16,3,2015-08-02,stal-kamianske,zorya-luhansk,2,0,transfermarkt
2015/16,3,2015-08-02,vorskla-poltava,dnipro,1,1,transfermarkt
2015/16,4,2015-08-07,volyn-lutsk,metalist-kharkiv,2,2,transfermarkt
2015/16,4,2015-08-08,hoverla-uzhhorod,metalurh-zaporizhzhia,1,1,transfermarkt
2015/16,4,2015-08-08,oleksandriya,stal-kamianske,0,1,transfermarkt
2015/16,4,2015-08-08,karpaty-lviv,chornomorets-odesa,4,0,transfermarkt
2015/16,4,2015-08-09,zorya-luhansk,olimpik-donetsk,4,0,transfermarkt
2015/16,4,2015-08-09,dnipro,dynamo-kyiv,1,2,transfermarkt
2015/16,4,2015-08-09,vorskla-poltava,shakhtar-donetsk,2,2,transfermarkt
2015/16,5,2015-08-14,shakhtar-donetsk,dnipro,0,2,transfermarkt
2015/16,5,2015-08-15,olimpik-donetsk,oleksandriya,1,0,transfermarkt
2015/16,5,2015-08-15,metalurh-zaporizhzhia,vorskla-poltava,1,1,transfermarkt
2015/16,5,2015-08-15,dynamo-kyiv,karpaty-lviv,3,0,transfermarkt
2015/16,5,2015-08-16,stal-kamianske,volyn-lutsk,1,2,transfermarkt
2015/16,5,2015-08-16,metalist-kharkiv,hoverla-uzhhorod,2,2,transfermarkt
2015/16,5,2015-08-16,chornomorets-odesa,zorya-luhansk,0,2,transfermarkt
2015/16,6,2015-08-28,shakhtar-donetsk,metalurh-zaporizhzhia,2,0,transfermarkt
2015/16,6,2015-08-29,hoverla-uzhhorod,stal-kamianske,0,0,transfermarkt
2015/16,6,2015-08-29,volyn-lutsk,olimpik-donetsk,1,0,transfermarkt
2015/16,6,2015-08-29,vorskla-poltava,metalist-kharkiv,1,0,transfermarkt
2015/16,6,2015-08-30,oleksandriya,chornomorets-odesa,0,0,transfermarkt
2015/16,6,2015-08-30,dnipro,karpaty-lviv,2,0,transfermarkt
2015/16,6,2015-08-30,zorya-luhansk,dynamo-kyiv,0,0,transfermarkt
2015/16,7,2015-09-11,metalist-kharkiv,shakhtar-donetsk,0,5,transfermarkt
2015/16,7,2015-09-12,olimpik-donetsk,hoverla-uzhhorod,0,1,transfermarkt
2015/16,7,2015-09-12,dynamo-kyiv,oleksandriya,3,0,transfermarkt
2015/16,7,2015-09-12,metalurh-zaporizhzhia,dnipro,1,4,transfermarkt
2015/16,7,2015-09-13,stal-kamianske,vorskla-poltava,1,2,transfermarkt
2015/16,7,2015-09-13,chornomorets-odesa,volyn-lutsk,1,2,transfermarkt
2015/16,7,2015-09-13,karpaty-lviv,zorya-luhansk,1,1,transfermarkt
2015/16,8,2015-09-19,shakhtar-donetsk,stal-kamianske,2,0,transfermarkt
2015/16,8,2015-09-19,metalurh-zaporizhzhia,metalist-kharkiv,0,0,transfermarkt
2015/16,8,2015-09-19,vorskla-poltava,olimpik-donetsk,2,1,transfermarkt
2015/16,8,2015-09-20,hoverla-uzhhorod,chornomorets-odesa,1,1,transfermarkt
2015/16,8,2015-09-20,oleksandriya,karpaty-lviv,4,1,transfermarkt
2015/16,8,2015-09-20,volyn-lutsk,dynamo-kyiv,0,2,transfermarkt
2015/16,8,2015-09-20,dnipro,zorya-luhansk,0,3,transfermarkt
2015/16,9,2015-09-26,olimpik-donetsk,shakhtar-donetsk,2,3,transfermarkt
2015/16,9,2015-09-26,dynamo-kyiv,hoverla-uzhhorod,2,0,transfermarkt
2015/16,9,2015-09-27,stal-kamianske,metalurh-zaporizhzhia,3,0,transfermarkt
2015/16,9,2015-09-27,chornomorets-odesa,vorskla-poltava,0,0,transfermarkt
2015/16,9,2015-09-27,zorya-luhansk,oleksandriya,1,1,transfermarkt
2015/16,9,2015-09-27,metalist-kharkiv,dnipro,1,2,transfermarkt
2015/16,9,2015-09-27,karpaty-lviv,volyn-lutsk,0,2,transfermarkt
2015/16,10,2015-10-03,metalist-kharkiv,stal-kamianske,1,1,transfermarkt
2015/16,10,2015-10-03,shakhtar-donetsk,chornomorets-odesa,2,0,transfermarkt
2015/16,10,2015-10-03,metalurh-zaporizhzhia,olimpik-donetsk,0,3,transfermarkt
2015/16,10,2015-10-04,hoverla-uzhhorod,karpaty-lviv,0,2,transfermarkt
2015/16,10,2015-10-04,dnipro,oleksandriya,2,0,transfermarkt
2015/16,10,2015-10-04,volyn-lutsk,zorya-luhansk,0,3,transfermarkt
2015/16,10,2015-10-04,vorskla-poltava,dynamo-kyiv,0,4,transfermarkt
2015/16,11,2015-10-16,dynamo-kyiv,shakhtar-donetsk,0,3,transfermarkt
2015/16,11,2015-10-17,stal-kamianske,dnipro,0,6,transfermarkt
2015/16,11,2015-10-18,olimpik-donetsk,metalist-kharkiv,3,0,transfermarkt
2015/16,11,2015-10-18,oleksandriya,volyn-lutsk,3,1,transfermarkt
2015/16,11,2015-10-18,chornomorets-odesa,metalurh-zaporizhzhia,5,2,transfermarkt
2015/16,11,2015-10-18,karpaty-lviv,vorskla-poltava,1,3,transfermarkt
2015/16,11,2015-10-18,zorya-luhansk,hoverla-uzhhorod,2,1,transfermarkt
2015/16,13,2015-10-30,zorya-luhansk,shakhtar-donetsk,1,7,transfermarkt
2015/16,13,2015-10-31,olimpik-donetsk,dnipro,1,1,transfermarkt
2015/16,13,2015-10-31,dynamo-kyiv,metalist-kharkiv,2,0,transfermarkt
2015/16,13,2015-10-31,karpaty-lviv,metalurh-zaporizhzhia,1,0,transfermarkt
2015/16,13,2015-11-01,chornomorets-odesa,stal-kamianske,1,1,transfermarkt
2015/16,13,2015-11-01,volyn-lutsk,hoverla-uzhhorod,0,0,transfermarkt
2015/16,13,2015-11-01,oleksandriya,vorskla-poltava,1,1,transfermarkt
2015/16,14,2015-11-07,zorya-luhansk,metalurh-zaporizhzhia,4,1,transfermarkt
2015/16,14,2015-11-07,chornomorets-odesa,olimpik-donetsk,0,2,transfermarkt
2015/16,14,2015-11-07,oleksandriya,shakhtar-donetsk,2,3,transfermarkt
2015/16,14,2015-11-07,karpaty-lviv,metalist-kharkiv,1,1,transfermarkt
2015/16,14,2015-11-08,volyn-lutsk,vorskla-poltava,2,1,transfermarkt
2015/16,14,2015-11-08,dnipro,hoverla-uzhhorod,2,0,transfermarkt
2015/16,14,2015-11-08,dynamo-kyiv,stal-kamianske,2,0,transfermarkt
2015/16,15,2015-11-20,olimpik-donetsk,dynamo-kyiv,0,3,transfermarkt
2015/16,15,2015-11-21,chornomorets-odesa,dnipro,0,0,transfermarkt
2015/16,15,2015-11-21,vorskla-poltava,hoverla-uzhhorod,2,1,transfermarkt
2015/16,15,2015-11-21,shakhtar-donetsk,volyn-lutsk,4,0,transfermarkt
2015/16,15,2015-11-22,metalurh-zaporizhzhia,oleksandriya,0,2,transfermarkt
2015/16,15,2015-11-22,stal-kamianske,karpaty-lviv,1,1,transfermarkt
2015/16,15,2015-11-22,metalist-kharkiv,zorya-luhansk,0,1,transfermarkt
2015/16,16,2015-11-28,karpaty-lviv,olimpik-donetsk,4,1,transfermarkt
2015/16,16,2015-11-28,zorya-luhansk,stal-kamianske,2,1,transfermarkt
2015/16,16,2015-11-28,oleksandriya,metalist-kharkiv,2,0,transfermarkt
2015/16,16,2015-11-29,volyn-lutsk,metalurh-zaporizhzhia,9,1,transfermarkt
2015/16,16,2015-11-29,hoverla-uzhhorod,shakhtar-donetsk,1,6,transfermarkt
2015/16,16,2015-11-29,dynamo-kyiv,chornomorets-odesa,2,1,transfermarkt
2015/16,16,2015-11-30,dnipro,vorskla-poltava,0,2,transfermarkt
2015/16,12,2015-12-03,shakhtar-donetsk,karpaty-lviv,3,0,transfermarkt
2015/16,12,2015-12-04,metalurh-zaporizhzhia,dynamo-kyiv,0,6,transfermarkt
2015/16,12,2015-12-05,vorskla-poltava,zorya-luhansk,0,2,transfermarkt
2015/16,12,2015-12-05,hoverla-uzhhorod,oleksandriya,1,2,transfermarkt
2015/16,12,2015-12-05,dnipro,volyn-lutsk,0,1,transfermarkt
2015/16,12,2015-12-06,stal-kamianske,olimpik-donetsk,1,0,transfermarkt
2015/16,12,2015-12-06,metalist-kharkiv,chornomorets-odesa,2,2,transfermarkt
2015/16,17,2016-03-05,metalurh-zaporizhzhia,hoverla-uzhhorod,0,3,transfermarkt;forfeit?
2015/16,17,2016-03-05,chornomorets-odesa,karpaty-lviv,0,0,transfermarkt
2015/16,17,2016-03-05,stal-kamianske,oleksandriya,2,2,transfermarkt
2015/16,17,2016-03-05,dynamo-kyiv,dnipro,2,0,transfermarkt
2015/16,17,2016-03-06,olimpik-donetsk,zorya-luhansk,1,1,transfermarkt
2015/16,17,2016-03-06,shakhtar-donetsk,vorskla-poltava,3,1,transfermarkt
2015/16,17,2016-03-06,metalist-kharkiv,volyn-lutsk,3,0,transfermarkt
2015/16,18,2016-03-11,karpaty-lviv,dynamo-kyiv,1,2,transfermarkt
2015/16,18,2016-03-12,vorskla-poltava,metalurh-zaporizhzhia,3,0,transfermarkt;forfeit?
2015/16,18,2016-03-12,oleksandriya,olimpik-donetsk,0,0,transfermarkt
2015/16,18,2016-03-12,zorya-luhansk,chornomorets-odesa,4,0,transfermarkt
2015/16,18,2016-03-13,hoverla-uzhhorod,metalist-kharkiv,1,0,transfermarkt
2015/16,18,2016-03-13,volyn-lutsk,stal-kamianske,1,0,transfermarkt
2015/16,18,2016-03-13,dnipro,shakhtar-donetsk,4,1,transfermarkt
2015/16,19,2016-03-19,chornomorets-odesa,oleksandriya,1,2,transfermarkt
2015/16,19,2016-03-19,metalurh-zaporizhzhia,shakhtar-donetsk,0,3,transfermarkt;forfeit?
2015/16,19,2016-03-19,stal-kamianske,hoverla-uzhhorod,1,0,transfermarkt
2015/16,19,2016-03-19,metalist-kharkiv,vorskla-poltava,0,3,transfermarkt
2015/16,19,2016-03-20,olimpik-donetsk,volyn-lutsk,1,1,transfermarkt
2015/16,19,2016-03-20,karpaty-lviv,dnipro,0,1,transfermarkt
2015/16,19,2016-03-20,dynamo-kyiv,zorya-luhansk,1,0,transfermarkt
2015/16,20,2016-04-01,shakhtar-donetsk,metalist-kharkiv,8,1,transfermarkt
2015/16,20,2016-04-02,vorskla-poltava,stal-kamianske,0,0,transfermarkt
2015/16,20,2016-04-02,dnipro,metalurh-zaporizhzhia,3,0,transfermarkt;forfeit?
2015/16,20,2016-04-02,zorya-luhansk,karpaty-lviv,4,1,transfermarkt
2015/16,20,2016-04-02,oleksandriya,dynamo-kyiv,0,2,transfermarkt
2015/16,20,2016-04-03,volyn-lutsk,chornomorets-odesa,1,1,transfermarkt
2015/16,20,2016-04-03,hoverla-uzhhorod,olimpik-donetsk,0,2,transfermarkt
2015/16,21,2016-04-09,olimpik-donetsk,vorskla-poltava,1,1,transfermarkt
2015/16,21,2016-04-09,chornomorets-odesa,hoverla-uzhhorod,1,0,transfermarkt
2015/16,21,2016-04-09,metalist-kharkiv,metalurh-zaporizhzhia,3,0,transfermarkt;forfeit?
2015/16,21,2016-04-10,karpaty-lviv,oleksandriya,2,2,transfermarkt
2015/16,21,2016-04-10,stal-kamianske,shakhtar-donetsk,3,3,transfermarkt
2015/16,21,2016-04-10,dynamo-kyiv,volyn-lutsk,3,0,transfermarkt
2015/16,21,2016-04-10,zorya-luhansk,dnipro,1,2,transfermarkt
2015/16,22,2016-04-16,oleksandriya,zorya-luhansk,2,0,transfermarkt
2015/16,22,2016-04-16,hoverla-uzhhorod,dynamo-kyiv,0,2,transfermarkt
2015/16,22,2016-04-16,dnipro,metalist-kharkiv,5,0,transfermarkt
2015/16,22,2016-04-16,metalurh-zaporizhzhia,stal-kamianske,0,3,transfermarkt;forfeit?
2015/16,22,2016-04-17,volyn-lutsk,karpaty-lviv,0,0,transfermarkt
2015/16,22,2016-04-17,shakhtar-donetsk,olimpik-donetsk,3,0,transfermarkt
2015/16,22,2016-04-17,vorskla-poltava,chornomorets-odesa,2,0,transfermarkt
2015/16,23,2016-04-23,karpaty-lviv,hoverla-uzhhorod,3,0,transfermarkt
2015/16,23,2016-04-23,stal-kamianske,metalist-kharkiv,0,0,transfermarkt
2015/16,23,2016-04-23,olimpik-donetsk,metalurh-zaporizhzhia,3,0,transfermarkt;forfeit?
2015/16,23,2016-04-23,chornomorets-odesa,shakhtar-donetsk,1,1,transfermarkt
2015/16,23,2016-04-24,zorya-luhansk,volyn-lutsk,1,1,transfermarkt
2015/16,23,2016-04-24,oleksandriya,dnipro,0,4,transfermarkt
2015/16,23,2016-04-24,dynamo-kyiv,vorskla-poltava,1,0,transfermarkt
2015/16,24,2016-04-29,volyn-lutsk,oleksandriya,0,0,transfermarkt
2015/16,24,2016-04-30,hoverla-uzhhorod,zorya-luhansk,0,4,transfermarkt
2015/16,24,2016-04-30,vorskla-poltava,karpaty-lviv,3,0,transfermarkt
2015/16,24,2016-04-30,metalurh-zaporizhzhia,chornomorets-odesa,0,3,transfermarkt;forfeit?
2015/16,24,2016-04-30,metalist-kharkiv,olimpik-donetsk,1,0,transfermarkt
2015/16,24,2016-04-30,dnipro,stal-kamianske,2,0,transfermarkt
2015/16,24,2016-05-01,shakhtar-donetsk,dynamo-kyiv,3,0,transfermarkt
2015/16,25,2016-05-07,chornomorets-odesa,metalist-kharkiv,0,1,transfermarkt
2015/16,25,2016-05-07,dynamo-kyiv,metalurh-zaporizhzhia,3,0,transfermarkt;forfeit?
2015/16,25,2016-05-07,volyn-lutsk,dnipro,2,3,transfermarkt
2015/16,25,2016-05-07,zorya-luhansk,vorskla-poltava,1,2,transfermarkt
2015/16,25,2016-05-07,oleksandriya,hoverla-uzhhorod,2,0,transfermarkt
2015/16,25,2016-05-08,olimpik-donetsk,stal-kamianske,0,2,transfermarkt
2015/16,25,2016-05-08,karpaty-lviv,shakhtar-donetsk,1,2,transfermarkt
2015/16,26,2016-05-14,hoverla-uzhhorod,volyn-lutsk,1,4,transfermarkt
2015/16,26,2016-05-14,stal-kamianske,chornomorets-odesa,0,1,transfermarkt
2015/16,26,2016-05-14,metalist-kharkiv,dynamo-kyiv,1,4,transfermarkt
2015/16,26,2016-05-15,metalurh-zaporizhzhia,karpaty-lviv,0,3,transfermarkt;forfeit?
2015/16,26,2016-05-15,dnipro,olimpik-donetsk,1,1,transfermarkt
2015/16,26,2016-05-15,shakhtar-donetsk,zorya-luhansk,2,3,transfermarkt
2015/16,26,2016-05-15,vorskla-poltava,oleksandriya,0,1,transfermarkt
2016/17,1,2016-07-22,shakhtar-donetsk,zirka-kropyvnytskyi,4,1,transfermarkt
2016/17,1,2016-07-23,stal-kamianske,karpaty-lviv,0,3,transfermarkt
2016/17,1,2016-07-23,dynamo-kyiv,oleksandriya,5,1,transfermarkt
2016/17,1,2016-07-23,vorskla-poltava,chornomorets-odesa,1,0,transfermarkt
2016/17,1,2016-07-24,zorya-luhansk,olimpik-donetsk,3,0,transfermarkt
2016/17,1,2016-07-24,dnipro,volyn-lutsk,5,0,transfermarkt
2016/17,2,2016-07-30,volyn-lutsk,olimpik-donetsk,2,2,transfermarkt
2016/17,2,2016-07-30,zirka-kropyvnytskyi,zorya-luhansk,1,1,transfermarkt
2016/17,2,2016-07-30,chornomorets-odesa,shakhtar-donetsk,1,4,transfermarkt
2016/17,2,2016-07-31,dnipro,stal-kamianske,1,1,transfermarkt
2016/17,2,2016-07-31,oleksandriya,vorskla-poltava,3,2,transfermarkt
2016/17,2,2016-07-31,karpaty-lviv,dynamo-kyiv,0,2,transfermarkt
2016/17,3,2016-08-06,stal-kamianske,volyn-lutsk,1,0,transfermarkt
2016/17,3,2016-08-06,dynamo-kyiv,dnipro,1,0,transfermarkt
2016/17,3,2016-08-07,olimpik-donetsk,zirka-kropyvnytskyi,4,2,transfermarkt
2016/17,3,2016-08-07,vorskla-poltava,karpaty-lviv,1,1,transfermarkt
2016/17,3,2016-08-07,shakhtar-donetsk,oleksandriya,1,0,transfermarkt
2016/17,3,2016-08-07,zorya-luhansk,chornomorets-odesa,4,0,transfermarkt
2016/17,4,2016-08-12,karpaty-lviv,shakhtar-donetsk,2,3,transfermarkt
2016/17,4,2016-08-13,volyn-lutsk,zirka-kropyvnytskyi,1,0,transfermarkt
2016/17,4,2016-08-13,dnipro,vorskla-poltava,1,1,transfermarkt
2016/17,4,2016-08-13,oleksandriya,zorya-luhansk,0,1,transfermarkt
2016/17,4,2016-08-14,chornomorets-odesa,olimpik-donetsk,3,0,transfermarkt
2016/17,4,2016-08-14,stal-kamianske,dynamo-kyiv,1,2,transfermarkt
2016/17,5,2016-08-20,olimpik-donetsk,oleksandriya,0,2,transfermarkt
2016/17,5,2016-08-20,dynamo-kyiv,volyn-lutsk,2,1,transfermarkt
2016/17,5,2016-08-21,shakhtar-donetsk,dnipro,4,0,transfermarkt
2016/17,5,2016-08-21,vorskla-poltava,stal-kamianske,0,0,transfermarkt
2016/17,5,2016-08-21,zorya-luhansk,karpaty-lviv,2,1,transfermarkt
2016/17,5,2016-08-21,zirka-kropyvnytskyi,chornomorets-odesa,0,1,transfermarkt
2016/17,6,2016-08-26,dnipro,zorya-luhansk,2,0,transfermarkt
2016/17,6,2016-08-27,volyn-lutsk,chornomorets-odesa,0,1,transfermarkt
2016/17,6,2016-08-27,dynamo-kyiv,vorskla-poltava,0,2,transfermarkt
2016/17,6,2016-08-28,oleksandriya,zirka-kropyvnytskyi,4,0,transfermarkt
2016/17,6,2016-08-28,karpaty-lviv,olimpik-donetsk,0,2,transfermarkt
2016/17,6,2016-08-28,stal-kamianske,shakhtar-donetsk,0,1,transfermarkt
2016/17,7,2016-09-09,shakhtar-donetsk,dynamo-kyiv,1,1,transfermarkt
2016/17,7,2016-09-10,zorya-luhansk,stal-kamianske,2,2,transfermarkt
2016/17,7,2016-09-11,zirka-kropyvnytskyi,karpaty-lviv,1,0,transfermarkt
2016/17,7,2016-09-11,vorskla-poltava,volyn-lutsk,2,1,transfermarkt
2016/17,7,2016-09-11,chornomorets-odesa,oleksandriya,1,0,transfermarkt
2016/17,7,2016-09-11,olimpik-donetsk,dnipro,3,0,transfermarkt
2016/17,8,2016-09-17,stal-kamianske,olimpik-donetsk,2,3,transfermarkt
2016/17,8,2016-09-17,karpaty-lviv,chornomorets-odesa,0,0,transfermarkt
2016/17,8,2016-09-17,dnipro,zirka-kropyvnytskyi,0,1,transfermarkt
2016/17,8,2016-09-18,volyn-lutsk,oleksandriya,1,1,transfermarkt
2016/17,8,2016-09-18,dynamo-kyiv,zorya-luhansk,0,1,transfermarkt
2016/17,8,2016-09-18,vorskla-poltava,shakhtar-donetsk,0,1,transfermarkt
2016/17,9,2016-09-24,olimpik-donetsk,dynamo-kyiv,0,4,transfermarkt
2016/17,9,2016-09-24,shakhtar-donetsk,volyn-lutsk,3,0,transfermarkt
2016/17,9,2016-09-24,zorya-luhansk,vorskla-poltava,2,1,transfermarkt
2016/17,9,2016-09-25,zirka-kropyvnytskyi,stal-kamianske,0,0,transfermarkt
2016/17,9,2016-09-25,chornomorets-odesa,dnipro,0,0,transfermarkt
2016/17,9,2016-09-25,oleksandriya,karpaty-lviv,3,2,transfermarkt
2016/17,10,2016-10-01,stal-kamianske,chornomorets-odesa,1,2,transfermarkt
2016/17,10,2016-10-01,dnipro,oleksandriya,1,4,transfermarkt
2016/17,10,2016-10-01,vorskla-poltava,olimpik-donetsk,1,2,transfermarkt
2016/17,10,2016-10-02,volyn-lutsk,karpaty-lviv,1,1,transfermarkt
2016/17,10,2016-10-02,shakhtar-donetsk,zorya-luhansk,1,0,transfermarkt
2016/17,10,2016-10-02,dynamo-kyiv,zirka-kropyvnytskyi,2,0,transfermarkt
2016/17,11,2016-10-15,olimpik-donetsk,shakhtar-donetsk,1,1,transfermarkt
2016/17,11,2016-10-15,zorya-luhansk,volyn-lutsk,2,0,transfermarkt
2016/17,11,2016-10-15,chornomorets-odesa,dynamo-kyiv,1,1,transfermarkt
2016/17,11,2016-10-16,oleksandriya,stal-kamianske,2,0,transfermarkt
2016/17,11,2016-10-16,zirka-kropyvnytskyi,vorskla-poltava,2,0,transfermarkt
2016/17,11,2016-10-16,karpaty-lviv,dnipro,1,1,transfermarkt
2016/17,12,2016-10-22,karpaty-lviv,stal-kamianske,0,1,transfermarkt
2016/17,12,2016-10-22,volyn-lutsk,dnipro,3,0,transfermarkt
2016/17,12,2016-10-23,oleksandriya,dynamo-kyiv,1,1,transfermarkt
2016/17,12,2016-10-23,olimpik-donetsk,zorya-luhansk,0,2,transfermarkt
2016/17,12,2016-10-23,zirka-kropyvnytskyi,shakhtar-donetsk,0,3,transfermarkt
2016/17,12,2016-10-23,chornomorets-odesa,vorskla-poltava,1,2,transfermarkt
2016/17,13,2016-10-29,olimpik-donetsk,volyn-lutsk,2,1,transfermarkt
2016/17,13,2016-10-29,shakhtar-donetsk,chornomorets-odesa,2,0,transfermarkt
2016/17,13,2016-10-29,dynamo-kyiv,karpaty-lviv,4,1,transfermarkt
2016/17,13,2016-10-30,zorya-luhansk,zirka-kropyvnytskyi,2,1,transfermarkt
2016/17,13,2016-10-30,vorskla-poltava,oleksandriya,2,2,transfermarkt
2016/17,13,2016-10-30,stal-kamianske,dnipro,1,1,transfermarkt
2016/17,14,2016-11-04,volyn-lutsk,stal-kamianske,0,1,transfermarkt
2016/17,14,2016-11-05,zirka-kropyvnytskyi,olimpik-donetsk,1,2,transfermarkt
2016/17,14,2016-11-05,karpaty-lviv,vorskla-poltava,1,0,transfermarkt
2016/17,14,2016-11-06,chornomorets-odesa,zorya-luhansk,0,0,transfermarkt
2016/17,14,2016-11-06,dnipro,dynamo-kyiv,1,2,transfermarkt
2016/17,14,2016-11-06,oleksandriya,shakhtar-donetsk,1,2,transfermarkt
2016/17,15,2016-11-19,zorya-luhansk,oleksandriya,1,2,transfermarkt
2016/17,15,2016-11-19,olimpik-donetsk,chornomorets-odesa,1,0,transfermarkt
2016/17,15,2016-11-19,dynamo-kyiv,stal-kamianske,2,1,transfermarkt
2016/17,15,2016-11-19,shakhtar-donetsk,karpaty-lviv,2,1,transfermarkt
2016/17,15,2016-11-20,zirka-kropyvnytskyi,volyn-lutsk,2,0,transfermarkt
2016/17,15,2016-11-20,vorskla-poltava,dnipro,1,2,transfermarkt
2016/17,16,2016-11-26,chornomorets-odesa,zirka-kropyvnytskyi,2,1,transfermarkt
2016/17,16,2016-11-26,stal-kamianske,vorskla-poltava,0,1,transfermarkt
2016/17,16,2016-11-26,volyn-lutsk,dynamo-kyiv,1,4,transfermarkt
2016/17,16,2016-11-27,oleksandriya,olimpik-donetsk,1,1,transfermarkt
2016/17,16,2016-11-27,karpaty-lviv,zorya-luhansk,2,2,transfermarkt
2016/17,16,2016-11-27,dnipro,shakhtar-donetsk,0,2,transfermarkt
2016/17,17,2016-12-03,vorskla-poltava,dynamo-kyiv,2,2,transfermarkt
2016/17,17,2016-12-03,chornomorets-odesa,volyn-lutsk,0,0,transfermarkt
2016/17,17,2016-12-03,zorya-luhansk,dnipro,2,3,transfermarkt
2016/17,17,2016-12-04,shakhtar-donetsk,stal-kamianske,2,0,transfermarkt
2016/17,17,2016-12-04,zirka-kropyvnytskyi,oleksandriya,1,1,transfermarkt
2016/17,18,2016-12-09,dnipro,olimpik-donetsk,1,1,transfermarkt
2016/17,18,2016-12-10,volyn-lutsk,vorskla-poltava,0,1,transfermarkt
2016/17,18,2016-12-11,karpaty-lviv,zirka-kropyvnytskyi,2,3,transfermarkt
2016/17,18,2016-12-11,oleksandriya,chornomorets-odesa,2,1,transfermarkt
2016/17,18,2016-12-11,stal-kamianske,zorya-luhansk,0,2,transfermarkt
2016/17,18,2016-12-12,dynamo-kyiv,shakhtar-donetsk,3,4,transfermarkt
2016/17,19,2017-02-25,zorya-luhansk,dynamo-kyiv,1,2,transfermarkt
2016/17,19,2017-02-25,olimpik-donetsk,stal-kamianske,0,0,transfermarkt
2016/17,19,2017-02-25,oleksandriya,volyn-lutsk,6,0,transfermarkt
2016/17,19,2017-02-26,zirka-kropyvnytskyi,dnipro,1,1,transfermarkt
2016/17,19,2017-02-26,chornomorets-odesa,karpaty-lviv,1,0,transfermarkt
2016/17,19,2017-02-26,shakhtar-donetsk,vorskla-poltava,2,1,transfermarkt
2016/17,20,2017-03-04,dnipro,chornomorets-odesa,1,1,transfermarkt
2016/17,20,2017-03-04,dynamo-kyiv,olimpik-donetsk,1,0,transfermarkt
2016/17,20,2017-03-05,karpaty-lviv,oleksandriya,1,0,transfermarkt
2016/17,20,2017-03-05,vorskla-poltava,zorya-luhansk,1,2,transfermarkt
2016/17,20,2017-03-05,volyn-lutsk,shakhtar-donetsk,0,1,transfermarkt
2016/17,20,2017-03-05,stal-kamianske,zirka-kropyvnytskyi,3,0,transfermarkt
2016/17,21,2017-03-11,olimpik-donetsk,vorskla-poltava,3,2,transfermarkt
2016/17,21,2017-03-11,chornomorets-odesa,stal-kamianske,0,1,transfermarkt
2016/17,21,2017-03-11,oleksandriya,dnipro,0,0,transfermarkt
2016/17,21,2017-03-11,karpaty-lviv,volyn-lutsk,2,1,transfermarkt
2016/17,21,2017-03-12,zirka-kropyvnytskyi,dynamo-kyiv,2,0,transfermarkt
2016/17,21,2017-03-12,zorya-luhansk,shakhtar-donetsk,1,2,transfermarkt
2016/17,22,2017-03-17,dnipro,karpaty-lviv,0,0,transfermarkt
2016/17,22,2017-03-17,shakhtar-donetsk,olimpik-donetsk,1,1,transfermarkt
2016/17,22,2017-03-17,dynamo-kyiv,chornomorets-odesa,2,1,transfermarkt
2016/17,22,2017-03-18,stal-kamianske,oleksandriya,4,1,transfermarkt
2016/17,22,2017-03-18,vorskla-poltava,zirka-kropyvnytskyi,0,0,transfermarkt
2016/17,22,2017-03-19,volyn-lutsk,zorya-luhansk,0,1,transfermarkt
2016/17,17,2017-03-26,olimpik-donetsk,karpaty-lviv,0,0,transfermarkt
2016/17,23,2017-04-01,dnipro,zirka-kropyvnytskyi,1,0,transfermarkt
2016/17,23,2017-04-01,chornomorets-odesa,olimpik-donetsk,0,0,transfermarkt
2016/17,23,2017-04-01,vorskla-poltava,volyn-lutsk,2,0,transfermarkt
2016/17,23,2017-04-02,oleksandriya,dynamo-kyiv,1,4,transfermarkt
2016/17,23,2017-04-02,karpaty-lviv,stal-kamianske,2,0,transfermarkt
2016/17,23,2017-04-02,zorya-luhansk,shakhtar-donetsk,1,2,transfermarkt
2016/17,24,2017-04-08,stal-kamianske,volyn-lutsk,2,0,transfermarkt
2016/17,24,2017-04-08,zirka-kropyvnytskyi,vorskla-poltava,1,0,transfermarkt
2016/17,24,2017-04-09,oleksandriya,zorya-luhansk,0,0,transfermarkt
2016/17,24,2017-04-09,karpaty-lviv,dnipro,2,2,transfermarkt
2016/17,24,2017-04-09,shakhtar-donetsk,chornomorets-odesa,1,2,transfermarkt
2016/17,24,2017-04-09,dynamo-kyiv,olimpik-donetsk,4,0,transfermarkt
2016/17,25,2017-04-14,zorya-luhansk,dynamo-kyiv,0,1,transfermarkt
2016/17,25,2017-04-15,vorskla-poltava,karpaty-lviv,0,0,transfermarkt
2016/17,25,2017-04-15,olimpik-donetsk,shakhtar-donetsk,0,4,transfermarkt
2016/17,25,2017-04-15,dnipro,stal-kamianske,0,0,transfermarkt
2016/17,25,2017-04-16,volyn-lutsk,zirka-kropyvnytskyi,1,0,transfermarkt
2016/17,25,2017-04-16,chornomorets-odesa,oleksandriya,1,0,transfermarkt
2016/17,26,2017-04-21,dynamo-kyiv,shakhtar-donetsk,0,1,transfermarkt
2016/17,26,2017-04-22,oleksandriya,olimpik-donetsk,1,0,transfermarkt
2016/17,26,2017-04-22,dnipro,vorskla-poltava,2,0,transfermarkt
2016/17,26,2017-04-23,stal-kamianske,zirka-kropyvnytskyi,1,0,transfermarkt
2016/17,26,2017-04-23,karpaty-lviv,volyn-lutsk,1,0,transfermarkt
2016/17,26,2017-04-23,zorya-luhansk,chornomorets-odesa,1,2,transfermarkt
2016/17,27,2017-04-29,dynamo-kyiv,chornomorets-odesa,4,1,transfermarkt
2016/17,27,2017-04-29,zirka-kropyvnytskyi,karpaty-lviv,3,2,transfermarkt
2016/17,27,2017-04-29,vorskla-poltava,stal-kamianske,2,0,transfermarkt
2016/17,27,2017-04-30,olimpik-donetsk,zorya-luhansk,1,1,transfermarkt
2016/17,27,2017-04-30,volyn-lutsk,dnipro,0,1,transfermarkt
2016/17,27,2017-04-30,shakhtar-donetsk,oleksandriya,1,0,transfermarkt
2016/17,28,2017-05-05,volyn-lutsk,vorskla-poltava,0,1,transfermarkt
2016/17,28,2017-05-06,olimpik-donetsk,chornomorets-odesa,1,0,transfermarkt
2016/17,28,2017-05-06,shakhtar-donetsk,zorya-luhansk,3,2,transfermarkt
2016/17,28,2017-05-07,stal-kamianske,karpaty-lviv,2,1,transfermarkt
2016/17,28,2017-05-07,zirka-kropyvnytskyi,dnipro,1,1,transfermarkt
2016/17,28,2017-05-07,dynamo-kyiv,oleksandriya,6,0,transfermarkt
2016/17,29,2017-05-12,volyn-lutsk,stal-kamianske,0,1,transfermarkt
2016/17,29,2017-05-13,zorya-luhansk,oleksandriya,1,0,transfermarkt
2016/17,29,2017-05-13,olimpik-donetsk,dynamo-kyiv,2,1,transfermarkt
2016/17,29,2017-05-13,chornomorets-odesa,shakhtar-donetsk,0,3,transfermarkt
2016/17,29,2017-05-14,vorskla-poltava,zirka-kropyvnytskyi,1,1,transfermarkt
2016/17,29,2017-05-14,dnipro,karpaty-lviv,2,3,transfermarkt
2016/17,30,2017-05-20,zirka-kropyvnytskyi,volyn-lutsk,2,0,transfermarkt
2016/17,30,2017-05-20,stal-kamianske,dnipro,0,1,transfermarkt
2016/17,30,2017-05-21,karpaty-lviv,vorskla-poltava,0,1,transfermarkt
2016/17,30,2017-05-21,shakhtar-donetsk,olimpik-donetsk,1,1,transfermarkt
2016/17,30,2017-05-21,oleksandriya,chornomorets-odesa,1,1,transfermarkt
2016/17,30,2017-05-21,dynamo-kyiv,zorya-luhansk,1,2,transfermarkt
2016/17,31,2017-05-26,olimpik-donetsk,oleksandriya,0,0,transfermarkt
2016/17,31,2017-05-26,chornomorets-odesa,zorya-luhansk,0,1,transfermarkt
2016/17,31,2017-05-26,shakhtar-donetsk,dynamo-kyiv,2,3,transfermarkt
2016/17,31,2017-05-27,zirka-kropyvnytskyi,stal-kamianske,0,1,transfermarkt
2016/17,31,2017-05-27,volyn-lutsk,karpaty-lviv,0,1,transfermarkt
2016/17,31,2017-05-27,vorskla-poltava,dnipro,1,0,transfermarkt
2016/17,32,2017-05-31,chornomorets-odesa,dynamo-kyiv,1,2,transfermarkt
2016/17,32,2017-05-31,stal-kamianske,vorskla-poltava,0,0,transfermarkt
2016/17,32,2017-05-31,dnipro,volyn-lutsk,0,3,transfermarkt
2016/17,32,2017-05-31,karpaty-lviv,zirka-kropyvnytskyi,1,1,transfermarkt
2016/17,32,2017-05-31,zorya-luhansk,olimpik-donetsk,2,0,transfermarkt
2016/17,32,2017-05-31,oleksandriya,shakhtar-donetsk,1,1,transfermarkt
2017/18,1,2017-07-16,karpaty-lviv,zirka-kropyvnytskyi,1,1,transfermarkt
2017/18,1,2017-07-16,mariupol,veres-rivne,0,0,transfermarkt
2017/18,1,2017-07-16,zorya-luhansk,stal-kamianske,0,1,transfermarkt
2017/18,1,2017-07-16,oleksandriya,olimpik-donetsk,0,2,transfermarkt
2017/18,1,2017-07-18,vorskla-poltava,shakhtar-donetsk,0,3,transfermarkt
2017/18,1,2017-07-18,dynamo-kyiv,chornomorets-odesa,2,1,transfermarkt
2017/18,2,2017-07-22,veres-rivne,oleksandriya,0,0,transfermarkt
2017/18,2,2017-07-22,chornomorets-odesa,stal-kamianske,0,1,transfermarkt
2017/18,2,2017-07-22,shakhtar-donetsk,dynamo-kyiv,0,1,transfermarkt
2017/18,2,2017-07-23,karpaty-lviv,vorskla-poltava,1,3,transfermarkt
2017/18,2,2017-07-23,zirka-kropyvnytskyi,olimpik-donetsk,0,0,transfermarkt
2017/18,2,2017-07-23,zorya-luhansk,mariupol,1,1,transfermarkt
2017/18,3,2017-07-29,stal-kamianske,shakhtar-donetsk,1,2,transfermarkt
2017/18,3,2017-07-29,vorskla-poltava,zirka-kropyvnytskyi,2,1,transfermarkt
2017/18,3,2017-07-29,dynamo-kyiv,karpaty-lviv,5,0,transfermarkt
2017/18,3,2017-07-30,mariupol,chornomorets-odesa,3,0,transfermarkt
2017/18,3,2017-07-30,oleksandriya,zorya-luhansk,1,1,transfermarkt
2017/18,3,2017-07-30,olimpik-donetsk,veres-rivne,0,0,transfermarkt
2017/18,4,2017-08-05,karpaty-lviv,stal-kamianske,3,1,transfermarkt
2017/18,4,2017-08-05,shakhtar-donetsk,mariupol,3,1,transfermarkt
2017/18,4,2017-08-06,zirka-kropyvnytskyi,veres-rivne,1,3,transfermarkt
2017/18,4,2017-08-06,chornomorets-odesa,oleksandriya,2,2,transfermarkt
2017/18,4,2017-08-06,zorya-luhansk,olimpik-donetsk,0,2,transfermarkt
2017/18,4,2017-08-06,vorskla-poltava,dynamo-kyiv,0,0,transfermarkt
2017/18,5,2017-08-11,dynamo-kyiv,zirka-kropyvnytskyi,3,0,transfermarkt
2017/18,5,2017-08-12,stal-kamianske,vorskla-poltava,0,1,transfermarkt
2017/18,5,2017-08-12,veres-rivne,zorya-luhansk,0,1,transfermarkt
2017/18,5,2017-08-12,oleksandriya,shakhtar-donetsk,1,2,transfermarkt
2017/18,5,2017-08-13,mariupol,karpaty-lviv,3,0,transfermarkt
2017/18,5,2017-08-13,olimpik-donetsk,chornomorets-odesa,1,0,transfermarkt
2017/18,6,2017-08-19,chornomorets-odesa,veres-rivne,0,1,transfermarkt
2017/18,6,2017-08-19,shakhtar-donetsk,olimpik-donetsk,2,0,transfermarkt
2017/18,6,2017-08-20,zirka-kropyvnytskyi,zorya-luhansk,2,1,transfermarkt
2017/18,6,2017-08-20,karpaty-lviv,oleksandriya,0,0,transfermarkt
2017/18,6,2017-08-20,vorskla-poltava,mariupol,1,0,transfermarkt
2017/18,6,2017-08-20,dynamo-kyiv,stal-kamianske,4,1,transfermarkt
2017/18,7,2017-08-26,stal-kamianske,zirka-kropyvnytskyi,0,1,transfermarkt
2017/18,7,2017-08-26,olimpik-donetsk,karpaty-lviv,0,0,transfermarkt
2017/18,7,2017-08-27,mariupol,dynamo-kyiv,3,0,transfermarkt
2017/18,7,2017-08-27,veres-rivne,shakhtar-donetsk,1,2,transfermarkt
2017/18,7,2017-08-27,oleksandriya,vorskla-poltava,0,1,transfermarkt
2017/18,7,2017-08-27,zorya-luhansk,chornomorets-odesa,5,0,transfermarkt
2017/18,8,2017-09-09,shakhtar-donetsk,zorya-luhansk,3,1,transfermarkt
2017/18,8,2017-09-09,vorskla-poltava,olimpik-donetsk,1,1,transfermarkt
2017/18,8,2017-09-10,zirka-kropyvnytskyi,chornomorets-odesa,0,1,transfermarkt
2017/18,8,2017-09-10,karpaty-lviv,veres-rivne,1,6,transfermarkt
2017/18,8,2017-09-10,stal-kamianske,mariupol,0,1,transfermarkt
2017/18,8,2017-09-10,dynamo-kyiv,oleksandriya,3,0,transfermarkt
2017/18,9,2017-09-16,oleksandriya,stal-kamianske,4,1,transfermarkt
2017/18,9,2017-09-16,veres-rivne,vorskla-poltava,1,0,transfermarkt
2017/18,9,2017-09-16,mariupol,zirka-kropyvnytskyi,1,0,transfermarkt
2017/18,9,2017-09-17,zorya-luhansk,karpaty-lviv,0,0,transfermarkt
2017/18,9,2017-09-17,chornomorets-odesa,shakhtar-donetsk,0,0,transfermarkt
2017/18,9,2017-09-17,olimpik-donetsk,dynamo-kyiv,1,2,transfermarkt
2017/18,10,2017-09-23,zirka-kropyvnytskyi,shakhtar-donetsk,2,4,transfermarkt
2017/18,10,2017-09-23,dynamo-kyiv,veres-rivne,0,0,transfermarkt
2017/18,10,2017-09-24,stal-kamianske,olimpik-donetsk,1,1,transfermarkt
2017/18,10,2017-09-24,mariupol,oleksandriya,1,1,transfermarkt
2017/18,10,2017-09-24,vorskla-poltava,zorya-luhansk,1,1,transfermarkt
2017/18,10,2017-09-24,karpaty-lviv,chornomorets-odesa,1,1,transfermarkt
2017/18,11,2017-09-30,olimpik-donetsk,mariupol,3,2,transfermarkt
2017/18,11,2017-09-30,oleksandriya,zirka-kropyvnytskyi,0,0,transfermarkt
2017/18,11,2017-10-01,chornomorets-odesa,vorskla-poltava,0,3,transfermarkt
2017/18,11,2017-10-01,shakhtar-donetsk,karpaty-lviv,2,0,transfermarkt
2017/18,11,2017-10-01,veres-rivne,stal-kamianske,1,1,transfermarkt
2017/18,11,2017-10-01,zorya-luhansk,dynamo-kyiv,4,4,transfermarkt
2017/18,12,2017-10-13,shakhtar-donetsk,vorskla-poltava,3,2,transfermarkt
2017/18,12,2017-10-14,veres-rivne,mariupol,1,1,transfermarkt
2017/18,12,2017-10-14,stal-kamianske,zorya-luhansk,0,1,transfermarkt
2017/18,12,2017-10-15,zirka-kropyvnytskyi,karpaty-lviv,0,0,transfermarkt
2017/18,12,2017-10-15,olimpik-donetsk,oleksandriya,1,0,transfermarkt
2017/18,12,2017-10-15,chornomorets-odesa,dynamo-kyiv,2,1,transfermarkt
2017/18,13,2017-10-21,olimpik-donetsk,zirka-kropyvnytskyi,1,0,transfermarkt
2017/18,13,2017-10-21,oleksandriya,veres-rivne,1,1,transfermarkt
2017/18,13,2017-10-21,vorskla-poltava,karpaty-lviv,0,1,transfermarkt
2017/18,13,2017-10-22,stal-kamianske,chornomorets-odesa,1,1,transfermarkt
2017/18,13,2017-10-22,mariupol,zorya-luhansk,2,5,transfermarkt
2017/18,13,2017-10-22,dynamo-kyiv,shakhtar-donetsk,0,0,transfermarkt
2017/18,14,2017-10-28,shakhtar-donetsk,stal-kamianske,1,1,transfermarkt
2017/18,14,2017-10-29,zirka-kropyvnytskyi,vorskla-poltava,1,0,transfermarkt
2017/18,14,2017-10-29,veres-rivne,olimpik-donetsk,1,1,transfermarkt
2017/18,14,2017-10-29,zorya-luhansk,oleksandriya,2,2,transfermarkt
2017/18,14,2017-10-29,karpaty-lviv,dynamo-kyiv,1,1,transfermarkt
2017/18,14,2017-10-30,chornomorets-odesa,mariupol,0,0,transfermarkt
2017/18,15,2017-11-04,veres-rivne,zirka-kropyvnytskyi,0,0,transfermarkt
2017/18,15,2017-11-04,oleksandriya,chornomorets-odesa,0,0,transfermarkt
2017/18,15,2017-11-05,mariupol,shakhtar-donetsk,1,3,transfermarkt
2017/18,15,2017-11-05,stal-kamianske,karpaty-lviv,0,0,transfermarkt
2017/18,15,2017-11-05,dynamo-kyiv,vorskla-poltava,2,1,transfermarkt
2017/18,15,2017-11-05,olimpik-donetsk,zorya-luhansk,3,3,transfermarkt
2017/18,16,2017-11-17,shakhtar-donetsk,oleksandriya,1,2,transfermarkt
2017/18,16,2017-11-18,zorya-luhansk,veres-rivne,1,1,transfermarkt
2017/18,16,2017-11-18,zirka-kropyvnytskyi,dynamo-kyiv,0,2,transfermarkt
2017/18,16,2017-11-18,karpaty-lviv,mariupol,0,1,transfermarkt
2017/18,16,2017-11-19,vorskla-poltava,stal-kamianske,1,1,transfermarkt
2017/18,16,2017-11-19,chornomorets-odesa,olimpik-donetsk,2,1,transfermarkt
2017/18,17,2017-11-25,mariupol,vorskla-poltava,0,1,transfermarkt
2017/18,17,2017-11-25,olimpik-donetsk,shakhtar-donetsk,2,4,transfermarkt
2017/18,17,2017-11-26,veres-rivne,chornomorets-odesa,3,1,transfermarkt
2017/18,17,2017-11-26,oleksandriya,karpaty-lviv,3,0,transfermarkt
2017/18,17,2017-11-26,stal-kamianske,dynamo-kyiv,0,2,transfermarkt
2017/18,17,2017-11-26,zorya-luhansk,zirka-kropyvnytskyi,1,0,transfermarkt
2017/18,18,2017-12-02,chornomorets-odesa,zorya-luhansk,1,1,transfermarkt
2017/18,18,2017-12-02,shakhtar-donetsk,veres-rivne,2,0,transfermarkt
2017/18,18,2017-12-03,zirka-kropyvnytskyi,stal-kamianske,1,0,transfermarkt
2017/18,18,2017-12-03,vorskla-poltava,oleksandriya,3,1,transfermarkt
2017/18,18,2017-12-03,dynamo-kyiv,mariupol,5,1,transfermarkt
2017/18,19,2017-12-09,mariupol,stal-kamianske,4,2,transfermarkt
2017/18,19,2017-12-09,veres-rivne,karpaty-lviv,2,2,transfermarkt
2017/18,19,2017-12-09,chornomorets-odesa,zirka-kropyvnytskyi,3,3,transfermarkt
2017/18,19,2017-12-09,olimpik-donetsk,vorskla-poltava,1,4,transfermarkt
2017/18,19,2017-12-10,oleksandriya,dynamo-kyiv,0,0,transfermarkt
2017/18,19,2017-12-10,zorya-luhansk,shakhtar-donetsk,2,1,transfermarkt
2017/18,20,2018-02-16,shakhtar-donetsk,chornomorets-odesa,5,0,transfermarkt
2017/18,20,2018-02-17,stal-kamianske,oleksandriya,2,0,transfermarkt
2017/18,20,2018-02-17,vorskla-poltava,veres-rivne,1,0,transfermarkt
2017/18,20,2018-02-18,karpaty-lviv,zorya-luhansk,0,2,transfermarkt
2017/18,20,2018-02-18,zirka-kropyvnytskyi,mariupol,0,3,transfermarkt
2017/18,20,2018-02-18,dynamo-kyiv,olimpik-donetsk,1,0,transfermarkt
2017/18,18,2018-02-21,karpaty-lviv,olimpik-donetsk,2,1,transfermarkt
2017/18,21,2018-02-24,oleksandriya,mariupol,1,0,transfermarkt
2017/18,21,2018-02-24,chornomorets-odesa,karpaty-lviv,0,0,transfermarkt
2017/18,21,2018-02-25,olimpik-donetsk,stal-kamianske,2,0,transfermarkt
2017/18,21,2018-02-25,zorya-luhansk,vorskla-poltava,3,0,transfermarkt
2017/18,21,2018-02-25,veres-rivne,dynamo-kyiv,3,1,transfermarkt
2017/18,21,2018-02-25,shakhtar-donetsk,zirka-kropyvnytskyi,5,0,transfermarkt
2017/18,22,2018-03-03,vorskla-poltava,chornomorets-odesa,2,1,transfermarkt
2017/18,22,2018-03-04,mariupol,olimpik-donetsk,1,0,transfermarkt
2017/18,22,2018-03-04,stal-kamianske,veres-rivne,0,1,transfermarkt
2017/18,22,2018-03-04,dynamo-kyiv,zorya-luhansk,3,2,transfermarkt
2017/18,22,2018-03-04,karpaty-lviv,shakhtar-donetsk,0,3,transfermarkt
2017/18,22,2018-03-06,zirka-kropyvnytskyi,oleksandriya,0,0,transfermarkt
2018/19,1,2018-07-22,zorya-luhansk,mariupol,2,1,transfermarkt
2018/19,1,2018-07-22,karpaty-lviv,oleksandriya,0,2,transfermarkt
2018/19,1,2018-07-22,arsenal-kyiv,pfk-lviv,0,2,transfermarkt
2018/19,1,2018-07-23,chornomorets-odesa,olimpik-donetsk,2,1,transfermarkt
2018/19,1,2018-07-25,desna-chernihiv,shakhtar-donetsk,0,2,transfermarkt
2018/19,1,2018-07-25,dynamo-kyiv,vorskla-poltava,1,0,transfermarkt
2018/19,2,2018-07-28,oleksandriya,zorya-luhansk,1,0,transfermarkt
2018/19,2,2018-07-28,pfk-lviv,dynamo-kyiv,0,1,transfermarkt
2018/19,2,2018-07-29,olimpik-donetsk,vorskla-poltava,1,0,transfermarkt
2018/19,2,2018-07-29,karpaty-lviv,chornomorets-odesa,1,0,transfermarkt
2018/19,2,2018-07-29,shakhtar-donetsk,arsenal-kyiv,3,0,transfermarkt
2018/19,2,2018-07-29,mariupol,desna-chernihiv,1,4,transfermarkt
2018/19,3,2018-08-03,dynamo-kyiv,shakhtar-donetsk,1,0,transfermarkt
2018/19,3,2018-08-04,vorskla-poltava,pfk-lviv,1,0,transfermarkt
2018/19,3,2018-08-04,zorya-luhansk,chornomorets-odesa,1,1,transfermarkt
2018/19,3,2018-08-05,karpaty-lviv,olimpik-donetsk,2,2,transfermarkt
2018/19,3,2018-08-05,arsenal-kyiv,mariupol,1,2,transfermarkt
2018/19,3,2018-08-05,desna-chernihiv,oleksandriya,0,2,transfermarkt
2018/19,4,2018-08-10,olimpik-donetsk,pfk-lviv,1,1,transfermarkt
2018/19,4,2018-08-11,shakhtar-donetsk,vorskla-poltava,4,1,transfermarkt
2018/19,4,2018-08-12,karpaty-lviv,zorya-luhansk,0,1,transfermarkt
2018/19,4,2018-08-12,oleksandriya,arsenal-kyiv,1,0,transfermarkt
2018/19,4,2018-08-12,chornomorets-odesa,desna-chernihiv,1,0,transfermarkt
2018/19,5,2018-08-17,arsenal-kyiv,chornomorets-odesa,1,1,transfermarkt
2018/19,5,2018-08-18,pfk-lviv,shakhtar-donetsk,0,2,transfermarkt
2018/19,5,2018-08-18,dynamo-kyiv,oleksandriya,1,0,transfermarkt
2018/19,5,2018-08-19,desna-chernihiv,karpaty-lviv,2,2,transfermarkt
2018/19,5,2018-08-19,zorya-luhansk,olimpik-donetsk,0,0,transfermarkt
2018/19,5,2018-08-19,vorskla-poltava,mariupol,2,1,transfermarkt
2018/19,6,2018-08-24,olimpik-donetsk,shakhtar-donetsk,2,5,transfermarkt
2018/19,6,2018-08-25,oleksandriya,vorskla-poltava,2,0,transfermarkt
2018/19,6,2018-08-25,chornomorets-odesa,dynamo-kyiv,1,1,transfermarkt
2018/19,6,2018-08-26,zorya-luhansk,desna-chernihiv,0,2,transfermarkt
2018/19,6,2018-08-26,mariupol,pfk-lviv,2,2,transfermarkt
2018/19,6,2018-08-26,karpaty-lviv,arsenal-kyiv,1,2,transfermarkt
2018/19,7,2018-08-31,vorskla-poltava,chornomorets-odesa,2,1,transfermarkt
2018/19,7,2018-09-01,shakhtar-donetsk,mariupol,2,0,transfermarkt
2018/19,7,2018-09-02,desna-chernihiv,olimpik-donetsk,0,1,transfermarkt
2018/19,7,2018-09-02,pfk-lviv,oleksandriya,2,2,transfermarkt
2018/19,7,2018-09-02,dynamo-kyiv,karpaty-lviv,0,2,transfermarkt
2018/19,7,2018-09-02,arsenal-kyiv,zorya-luhansk,0,5,transfermarkt
2018/19,8,2018-09-14,desna-chernihiv,arsenal-kyiv,1,0,transfermarkt
2018/19,8,2018-09-15,oleksandriya,shakhtar-donetsk,0,2,transfermarkt
2018/19,8,2018-09-15,karpaty-lviv,vorskla-poltava,0,1,transfermarkt
2018/19,8,2018-09-16,olimpik-donetsk,mariupol,1,3,transfermarkt
2018/19,8,2018-09-16,zorya-luhansk,dynamo-kyiv,1,1,transfermarkt
2018/19,8,2018-09-16,chornomorets-odesa,pfk-lviv,0,1,transfermarkt
2018/19,9,2018-09-22,mariupol,oleksandriya,1,0,transfermarkt
2018/19,9,2018-09-22,pfk-lviv,karpaty-lviv,1,1,transfermarkt
2018/19,9,2018-09-22,arsenal-kyiv,olimpik-donetsk,1,3,transfermarkt
2018/19,9,2018-09-23,shakhtar-donetsk,chornomorets-odesa,3,0,transfermarkt
2018/19,9,2018-09-23,dynamo-kyiv,desna-chernihiv,4,0,transfermarkt
2018/19,9,2018-09-23,vorskla-poltava,zorya-luhansk,2,1,transfermarkt
2018/19,4,2018-09-26,mariupol,dynamo-kyiv,0,2,transfermarkt
2018/19,10,2018-09-28,karpaty-lviv,shakhtar-donetsk,1,6,transfermarkt
2018/19,10,2018-09-29,olimpik-donetsk,oleksandriya,2,3,transfermarkt
2018/19,10,2018-09-30,desna-chernihiv,vorskla-poltava,0,2,transfermarkt
2018/19,10,2018-09-30,zorya-luhansk,pfk-lviv,0,0,transfermarkt
2018/19,10,2018-09-30,chornomorets-odesa,mariupol,0,1,transfermarkt
2018/19,10,2018-09-30,arsenal-kyiv,dynamo-kyiv,0,1,transfermarkt
2018/19,11,2018-10-06,mariupol,karpaty-lviv,1,1,transfermarkt
2018/19,11,2018-10-06,oleksandriya,chornomorets-odesa,3,2,transfermarkt
2018/19,11,2018-10-07,pfk-lviv,desna-chernihiv,1,3,transfermarkt
2018/19,11,2018-10-07,shakhtar-donetsk,zorya-luhansk,1,1,transfermarkt
2018/19,11,2018-10-07,dynamo-kyiv,olimpik-donetsk,1,0,transfermarkt
2018/19,11,2018-10-07,vorskla-poltava,arsenal-kyiv,0,2,transfermarkt
2018/19,12,2018-10-19,shakhtar-donetsk,desna-chernihiv,1,0,transfermarkt
2018/19,12,2018-10-20,mariupol,zorya-luhansk,3,2,transfermarkt
2018/19,12,2018-10-20,vorskla-poltava,dynamo-kyiv,0,1,transfermarkt
2018/19,12,2018-10-21,pfk-lviv,arsenal-kyiv,1,0,transfermarkt
2018/19,12,2018-10-21,olimpik-donetsk,chornomorets-odesa,1,0,transfermarkt
2018/19,12,2018-10-21,oleksandriya,karpaty-lviv,2,1,transfermarkt
2018/19,13,2018-10-27,desna-chernihiv,mariupol,2,0,transfermarkt
2018/19,13,2018-10-27,zorya-luhansk,oleksandriya,0,0,transfermarkt
2018/19,13,2018-10-27,arsenal-kyiv,shakhtar-donetsk,0,3,transfermarkt
2018/19,13,2018-10-28,chornomorets-odesa,karpaty-lviv,0,5,transfermarkt
2018/19,13,2018-10-28,dynamo-kyiv,pfk-lviv,0,1,transfermarkt
2018/19,13,2018-10-28,vorskla-poltava,olimpik-donetsk,2,1,transfermarkt
2018/19,14,2018-11-03,mariupol,arsenal-kyiv,1,0,transfermarkt
2018/19,14,2018-11-03,shakhtar-donetsk,dynamo-kyiv,2,1,transfermarkt
2018/19,14,2018-11-03,olimpik-donetsk,karpaty-lviv,1,2,transfermarkt
2018/19,14,2018-11-04,oleksandriya,desna-chernihiv,1,1,transfermarkt
2018/19,14,2018-11-04,pfk-lviv,vorskla-poltava,0,2,transfermarkt
2018/19,14,2018-11-04,chornomorets-odesa,zorya-luhansk,0,3,transfermarkt
2018/19,15,2018-11-10,pfk-lviv,olimpik-donetsk,1,1,transfermarkt
2018/19,15,2018-11-10,zorya-luhansk,karpaty-lviv,2,1,transfermarkt
2018/19,15,2018-11-10,desna-chernihiv,chornomorets-odesa,2,0,transfermarkt
2018/19,15,2018-11-10,arsenal-kyiv,oleksandriya,0,3,transfermarkt
2018/19,15,2018-11-11,dynamo-kyiv,mariupol,4,0,transfermarkt
2018/19,15,2018-11-11,vorskla-poltava,shakhtar-donetsk,0,2,transfermarkt
2018/19,16,2018-11-23,shakhtar-donetsk,pfk-lviv,0,0,transfermarkt
2018/19,16,2018-11-24,mariupol,vorskla-poltava,1,0,transfermarkt
2018/19,16,2018-11-24,karpaty-lviv,desna-chernihiv,0,2,transfermarkt
2018/19,16,2018-11-25,olimpik-donetsk,zorya-luhansk,1,1,transfermarkt
2018/19,16,2018-11-25,chornomorets-odesa,arsenal-kyiv,2,1,transfermarkt
2018/19,16,2018-11-25,oleksandriya,dynamo-kyiv,2,1,transfermarkt
2018/19,17,2018-12-01,desna-chernihiv,zorya-luhansk,0,2,transfermarkt
2018/19,17,2018-12-01,arsenal-kyiv,karpaty-lviv,1,1,transfermarkt
2018/19,17,2018-12-02,pfk-lviv,mariupol,2,2,transfermarkt
2018/19,17,2018-12-02,shakhtar-donetsk,olimpik-donetsk,2,2,transfermarkt
2018/19,17,2018-12-03,vorskla-poltava,oleksandriya,0,1,transfermarkt
2018/19,17,2018-12-03,dynamo-kyiv,chornomorets-odesa,2,0,transfermarkt
2018/19,18,2018-12-07,mariupol,shakhtar-donetsk,0,3,transfermarkt
2018/19,18,2018-12-08,karpaty-lviv,dynamo-kyiv,0,4,transfermarkt
2018/19,18,2018-12-08,zorya-luhansk,arsenal-kyiv,3,0,transfermarkt
2018/19,18,2018-12-08,chornomorets-odesa,vorskla-poltava,0,1,transfermarkt
2018/19,18,2018-12-09,olimpik-donetsk,desna-chernihiv,1,1,transfermarkt
2018/19,18,2018-12-09,oleksandriya,pfk-lviv,1,2,transfermarkt
2018/19,19,2019-02-23,mariupol,olimpik-donetsk,2,1,transfermarkt
2018/19,19,2019-02-23,pfk-lviv,chornomorets-odesa,0,1,transfermarkt
2018/19,19,2019-02-24,arsenal-kyiv,desna-chernihiv,0,2,transfermarkt
2018/19,19,2019-02-24,vorskla-poltava,karpaty-lviv,0,4,transfermarkt
2018/19,19,2019-02-25,dynamo-kyiv,zorya-luhansk,5,0,transfermarkt
2018/19,19,2019-02-25,shakhtar-donetsk,oleksandriya,2,0,transfermarkt
2018/19,20,2019-03-02,desna-chernihiv,dynamo-kyiv,1,2,transfermarkt
2018/19,20,2019-03-02,chornomorets-odesa,shakhtar-donetsk,0,1,transfermarkt
2018/19,20,2019-03-03,zorya-luhansk,vorskla-poltava,3,0,transfermarkt
2018/19,20,2019-03-03,olimpik-donetsk,arsenal-kyiv,0,1,transfermarkt
2018/19,20,2019-03-03,oleksandriya,mariupol,1,1,transfermarkt
2018/19,20,2019-03-03,karpaty-lviv,pfk-lviv,0,1,transfermarkt
2018/19,21,2019-03-09,mariupol,chornomorets-odesa,0,0,transfermarkt
2018/19,21,2019-03-09,vorskla-poltava,desna-chernihiv,0,0,transfermarkt
2018/19,21,2019-03-09,pfk-lviv,zorya-luhansk,0,0,transfermarkt
2018/19,21,2019-03-10,dynamo-kyiv,arsenal-kyiv,4,0,transfermarkt
2018/19,21,2019-03-10,shakhtar-donetsk,karpaty-lviv,5,0,transfermarkt
2018/19,21,2019-03-10,oleksandriya,olimpik-donetsk,1,1,transfermarkt
2018/19,22,2019-03-16,chornomorets-odesa,oleksandriya,0,3,transfermarkt
2018/19,22,2019-03-16,zorya-luhansk,shakhtar-donetsk,0,1,transfermarkt
2018/19,22,2019-03-17,desna-chernihiv,pfk-lviv,0,1,transfermarkt
2018/19,22,2019-03-17,karpaty-lviv,mariupol,1,1,transfermarkt
2018/19,22,2019-03-17,olimpik-donetsk,dynamo-kyiv,1,2,transfermarkt
2018/19,22,2019-03-18,arsenal-kyiv,vorskla-poltava,2,2,transfermarkt
2019/20,1,2019-07-28,vorskla-poltava,zorya-luhansk,0,1,transfermarkt
2019/20,1,2019-07-30,desna-chernihiv,pfk-lviv,1,2,transfermarkt
2019/20,1,2019-07-30,kolos-kovalivka,mariupol,2,1,transfermarkt
2019/20,1,2019-07-31,dnipro-1,olimpik-donetsk,2,0,transfermarkt
2019/20,1,2019-07-31,oleksandriya,shakhtar-donetsk,1,3,transfermarkt
2019/20,1,2019-07-31,karpaty-lviv,dynamo-kyiv,0,2,transfermarkt
2019/20,2,2019-08-03,mariupol,oleksandriya,2,1,transfermarkt
2019/20,2,2019-08-03,pfk-lviv,dynamo-kyiv,0,3,transfermarkt
2019/20,2,2019-08-03,desna-chernihiv,vorskla-poltava,2,0,transfermarkt
2019/20,2,2019-08-04,olimpik-donetsk,kolos-kovalivka,0,1,transfermarkt
2019/20,2,2019-08-04,zorya-luhansk,dnipro-1,1,1,transfermarkt
2019/20,2,2019-08-04,shakhtar-donetsk,karpaty-lviv,3,0,transfermarkt
2019/20,3,2019-08-10,oleksandriya,olimpik-donetsk,2,1,transfermarkt
2019/20,3,2019-08-10,vorskla-poltava,pfk-lviv,3,2,transfermarkt
2019/20,3,2019-08-10,dynamo-kyiv,shakhtar-donetsk,1,2,transfermarkt
2019/20,3,2019-08-11,karpaty-lviv,mariupol,1,1,transfermarkt
2019/20,3,2019-08-11,kolos-kovalivka,zorya-luhansk,1,3,transfermarkt
2019/20,3,2019-08-11,dnipro-1,desna-chernihiv,0,1,transfermarkt
2019/20,4,2019-08-17,vorskla-poltava,dnipro-1,1,1,transfermarkt
2019/20,4,2019-08-17,desna-chernihiv,kolos-kovalivka,0,0,transfermarkt
2019/20,4,2019-08-18,olimpik-donetsk,karpaty-lviv,1,3,transfermarkt
2019/20,4,2019-08-18,zorya-luhansk,oleksandriya,1,2,transfermarkt
2019/20,4,2019-08-18,pfk-lviv,shakhtar-donetsk,0,2,transfermarkt
2019/20,5,2019-08-24,kolos-kovalivka,vorskla-poltava,0,3,transfermarkt
2019/20,5,2019-08-24,oleksandriya,desna-chernihiv,0,3,transfermarkt
2019/20,5,2019-08-24,dynamo-kyiv,olimpik-donetsk,1,1,transfermarkt
2019/20,5,2019-08-25,karpaty-lviv,zorya-luhansk,0,1,transfermarkt
2019/20,5,2019-08-25,shakhtar-donetsk,mariupol,5,1,transfermarkt
2019/20,5,2019-08-26,dnipro-1,pfk-lviv,2,3,transfermarkt
2019/20,6,2019-08-30,desna-chernihiv,karpaty-lviv,0,0,transfermarkt
2019/20,6,2019-08-31,dnipro-1,kolos-kovalivka,2,1,transfermarkt
2019/20,6,2019-08-31,vorskla-poltava,oleksandriya,0,1,transfermarkt
2019/20,6,2019-08-31,pfk-lviv,mariupol,0,1,transfermarkt
2019/20,6,2019-09-01,olimpik-donetsk,shakhtar-donetsk,0,4,transfermarkt
2019/20,6,2019-09-01,zorya-luhansk,dynamo-kyiv,2,2,transfermarkt
2019/20,7,2019-09-14,oleksandriya,dnipro-1,2,0,transfermarkt
2019/20,7,2019-09-14,shakhtar-donetsk,zorya-luhansk,4,3,transfermarkt
2019/20,7,2019-09-14,karpaty-lviv,vorskla-poltava,2,1,transfermarkt
2019/20,7,2019-09-15,mariupol,olimpik-donetsk,1,1,transfermarkt
2019/20,7,2019-09-15,dynamo-kyiv,desna-chernihiv,1,2,transfermarkt
2019/20,7,2019-09-15,kolos-kovalivka,pfk-lviv,1,0,transfermarkt
2019/20,8,2019-09-20,dnipro-1,karpaty-lviv,2,0,transfermarkt
2019/20,8,2019-09-21,pfk-lviv,olimpik-donetsk,0,1,transfermarkt
2019/20,8,2019-09-21,zorya-luhansk,mariupol,0,0,transfermarkt
2019/20,8,2019-09-22,desna-chernihiv,shakhtar-donetsk,0,1,transfermarkt
2019/20,8,2019-09-22,vorskla-poltava,dynamo-kyiv,0,5,transfermarkt
2019/20,8,2019-09-22,kolos-kovalivka,oleksandriya,1,1,transfermarkt
2019/20,4,2019-09-25,mariupol,dynamo-kyiv,0,1,transfermarkt
2019/20,9,2019-09-27,shakhtar-donetsk,vorskla-poltava,4,0,transfermarkt
2019/20,9,2019-09-28,karpaty-lviv,kolos-kovalivka,1,2,transfermarkt
2019/20,9,2019-09-28,oleksandriya,pfk-lviv,2,0,transfermarkt
2019/20,9,2019-09-29,mariupol,desna-chernihiv,0,4,transfermarkt
2019/20,9,2019-09-29,dynamo-kyiv,dnipro-1,2,0,transfermarkt
2019/20,9,2019-09-29,olimpik-donetsk,zorya-luhansk,0,5,transfermarkt
2019/20,10,2019-10-05,vorskla-poltava,mariupol,1,1,transfermarkt
2019/20,10,2019-10-05,desna-chernihiv,olimpik-donetsk,1,0,transfermarkt
2019/20,10,2019-10-05,pfk-lviv,zorya-luhansk,0,0,transfermarkt
2019/20,10,2019-10-06,dnipro-1,shakhtar-donetsk,0,2,transfermarkt
2019/20,10,2019-10-06,kolos-kovalivka,dynamo-kyiv,0,4,transfermarkt
2019/20,10,2019-10-06,oleksandriya,karpaty-lviv,2,1,transfermarkt
2019/20,11,2019-10-18,shakhtar-donetsk,kolos-kovalivka,6,0,transfermarkt
2019/20,11,2019-10-19,karpaty-lviv,pfk-lviv,0,0,transfermarkt
2019/20,11,2019-10-19,zorya-luhansk,desna-chernihiv,2,1,transfermarkt
2019/20,11,2019-10-20,mariupol,dnipro-1,1,0,transfermarkt
2019/20,11,2019-10-20,dynamo-kyiv,oleksandriya,1,0,transfermarkt
2019/20,11,2019-10-20,olimpik-donetsk,vorskla-poltava,2,0,transfermarkt
2019/20,12,2019-10-26,mariupol,kolos-kovalivka,2,0,transfermarkt
2019/20,12,2019-10-26,olimpik-donetsk,dnipro-1,3,2,transfermarkt
2019/20,12,2019-10-26,zorya-luhansk,vorskla-poltava,4,0,transfermarkt
2019/20,12,2019-10-27,pfk-lviv,desna-chernihiv,1,4,transfermarkt
2019/20,12,2019-10-27,dynamo-kyiv,karpaty-lviv,1,1,transfermarkt
2019/20,12,2019-10-27,shakhtar-donetsk,oleksandriya,0,0,transfermarkt
2019/20,13,2019-11-02,vorskla-poltava,desna-chernihiv,0,1,transfermarkt
2019/20,13,2019-11-02,karpaty-lviv,shakhtar-donetsk,0,3,transfermarkt
2019/20,13,2019-11-03,dnipro-1,zorya-luhansk,1,4,transfermarkt
2019/20,13,2019-11-03,oleksandriya,mariupol,3,1,transfermarkt
2019/20,13,2019-11-03,dynamo-kyiv,pfk-lviv,4,0,transfermarkt
2019/20,13,2019-11-03,kolos-kovalivka,olimpik-donetsk,1,2,transfermarkt
2019/20,14,2019-11-09,mariupol,karpaty-lviv,2,2,transfermarkt
2019/20,14,2019-11-09,desna-chernihiv,dnipro-1,1,1,transfermarkt
2019/20,14,2019-11-09,pfk-lviv,vorskla-poltava,2,0,transfermarkt
2019/20,14,2019-11-10,zorya-luhansk,kolos-kovalivka,2,0,transfermarkt
2019/20,14,2019-11-10,shakhtar-donetsk,dynamo-kyiv,1,0,transfermarkt
2019/20,14,2019-11-10,olimpik-donetsk,oleksandriya,0,0,transfermarkt
2019/20,15,2019-11-22,shakhtar-donetsk,pfk-lviv,4,1,transfermarkt
2019/20,15,2019-11-23,oleksandriya,zorya-luhansk,1,0,transfermarkt
2019/20,15,2019-11-23,dnipro-1,vorskla-poltava,1,0,transfermarkt
2019/20,15,2019-11-24,kolos-kovalivka,desna-chernihiv,2,0,transfermarkt
2019/20,15,2019-11-24,karpaty-lviv,olimpik-donetsk,1,2,transfermarkt
2019/20,15,2019-11-24,dynamo-kyiv,mariupol,3,0,transfermarkt
2019/20,16,2019-11-30,zorya-luhansk,karpaty-lviv,2,0,transfermarkt
2019/20,16,2019-11-30,vorskla-poltava,kolos-kovalivka,1,0,transfermarkt
2019/20,16,2019-11-30,pfk-lviv,dnipro-1,0,2,transfermarkt
2019/20,16,2019-12-01,mariupol,shakhtar-donetsk,1,1,transfermarkt
2019/20,16,2019-12-01,olimpik-donetsk,dynamo-kyiv,1,3,transfermarkt
2019/20,16,2019-12-01,desna-chernihiv,oleksandriya,2,0,transfermarkt
2019/20,17,2019-12-06,shakhtar-donetsk,olimpik-donetsk,3,0,transfermarkt
2019/20,17,2019-12-07,kolos-kovalivka,dnipro-1,4,0,transfermarkt
2019/20,17,2019-12-07,oleksandriya,vorskla-poltava,3,0,transfermarkt
2019/20,17,2019-12-08,dynamo-kyiv,zorya-luhansk,1,2,transfermarkt
2019/20,17,2019-12-08,karpaty-lviv,desna-chernihiv,2,6,transfermarkt
2019/20,17,2019-12-08,mariupol,pfk-lviv,0,0,transfermarkt
2019/20,18,2019-12-14,zorya-luhansk,shakhtar-donetsk,1,2,transfermarkt
2019/20,18,2019-12-14,pfk-lviv,kolos-kovalivka,3,2,transfermarkt
2019/20,18,2019-12-14,olimpik-donetsk,mariupol,1,2,transfermarkt
2019/20,18,2019-12-15,desna-chernihiv,dynamo-kyiv,0,1,transfermarkt
2019/20,18,2019-12-15,vorskla-poltava,karpaty-lviv,2,1,transfermarkt
2019/20,18,2019-12-15,dnipro-1,oleksandriya,1,2,transfermarkt
2019/20,19,2020-02-22,mariupol,zorya-luhansk,1,2,transfermarkt
2019/20,19,2020-02-22,dynamo-kyiv,vorskla-poltava,2,1,transfermarkt
2019/20,19,2020-02-23,oleksandriya,kolos-kovalivka,1,2,transfermarkt
2019/20,19,2020-02-23,karpaty-lviv,dnipro-1,1,1,transfermarkt
2019/20,19,2020-02-23,shakhtar-donetsk,desna-chernihiv,1,0,transfermarkt
2019/20,19,2020-02-23,olimpik-donetsk,pfk-lviv,0,1,transfermarkt
2019/20,20,2020-02-28,dnipro-1,dynamo-kyiv,3,1,transfermarkt
2019/20,20,2020-02-29,desna-chernihiv,mariupol,4,0,transfermarkt
2019/20,20,2020-02-29,pfk-lviv,oleksandriya,1,1,transfermarkt
2019/20,20,2020-02-29,kolos-kovalivka,karpaty-lviv,2,1,transfermarkt
2019/20,20,2020-03-01,zorya-luhansk,olimpik-donetsk,1,0,transfermarkt
2019/20,20,2020-03-01,vorskla-poltava,shakhtar-donetsk,1,0,transfermarkt
2019/20,21,2020-03-03,dynamo-kyiv,kolos-kovalivka,2,0,transfermarkt
2019/20,21,2020-03-04,mariupol,vorskla-poltava,3,0,transfermarkt
2019/20,21,2020-03-04,olimpik-donetsk,desna-chernihiv,1,2,transfermarkt
2019/20,21,2020-03-04,zorya-luhansk,pfk-lviv,2,0,transfermarkt
2019/20,21,2020-03-04,shakhtar-donetsk,dnipro-1,4,1,transfermarkt
2019/20,21,2020-03-04,karpaty-lviv,oleksandriya,0,4,transfermarkt
2019/20,22,2020-03-07,vorskla-poltava,olimpik-donetsk,1,0,transfermarkt
2019/20,22,2020-03-07,desna-chernihiv,zorya-luhansk,1,0,transfermarkt
2019/20,22,2020-03-07,oleksandriya,dynamo-kyiv,1,3,transfermarkt
2019/20,22,2020-03-08,pfk-lviv,karpaty-lviv,0,0,transfermarkt
2019/20,22,2020-03-08,kolos-kovalivka,shakhtar-donetsk,3,4,transfermarkt
2019/20,22,2020-03-08,dnipro-1,mariupol,3,0,transfermarkt
2020/21,1,2020-08-21,olimpik-donetsk,dynamo-kyiv,1,4,transfermarkt
2020/21,1,2020-08-21,shakhtar-donetsk,kolos-kovalivka,3,1,transfermarkt
2020/21,1,2020-08-22,desna-chernihiv,zorya-luhansk,3,1,transfermarkt
2020/21,1,2020-08-22,oleksandriya,mariupol,4,1,transfermarkt
2020/21,1,2020-08-23,inhulets-petrove,dnipro-1,1,1,transfermarkt
2020/21,1,2020-08-23,vorskla-poltava,rukh-lviv,5,2,transfermarkt
2020/21,2,2020-09-11,dynamo-kyiv,desna-chernihiv,0,0,transfermarkt
2020/21,2,2020-09-12,dnipro-1,olimpik-donetsk,1,3,transfermarkt
2020/21,2,2020-09-12,kolos-kovalivka,pfk-lviv,4,0,transfermarkt
2020/21,2,2020-09-13,minaj,oleksandriya,1,0,transfermarkt
2020/21,2,2020-09-13,zorya-luhansk,mariupol,0,1,transfermarkt
2020/21,2,2020-09-13,vorskla-poltava,inhulets-petrove,2,0,transfermarkt
2020/21,3,2020-09-18,dnipro-1,mariupol,1,2,transfermarkt
2020/21,3,2020-09-19,oleksandriya,vorskla-poltava,0,2,transfermarkt
2020/21,3,2020-09-19,inhulets-petrove,desna-chernihiv,1,1,transfermarkt
2020/21,3,2020-09-19,dynamo-kyiv,pfk-lviv,3,1,transfermarkt
2020/21,3,2020-09-20,olimpik-donetsk,minaj,3,0,transfermarkt
2020/21,3,2020-09-20,zorya-luhansk,shakhtar-donetsk,2,2,transfermarkt
2020/21,3,2020-09-20,rukh-lviv,kolos-kovalivka,1,2,transfermarkt
2020/21,2,2020-09-23,rukh-lviv,shakhtar-donetsk,1,1,transfermarkt
2020/21,4,2020-09-26,minaj,dynamo-kyiv,0,4,transfermarkt
2020/21,4,2020-09-26,vorskla-poltava,mariupol,0,0,transfermarkt
2020/21,4,2020-09-26,oleksandriya,dnipro-1,4,1,transfermarkt
2020/21,4,2020-09-27,pfk-lviv,zorya-luhansk,0,5,transfermarkt
2020/21,4,2020-09-27,shakhtar-donetsk,olimpik-donetsk,2,0,transfermarkt
2020/21,4,2020-09-27,desna-chernihiv,rukh-lviv,3,1,transfermarkt
2020/21,4,2020-09-27,kolos-kovalivka,inhulets-petrove,0,0,transfermarkt
2020/21,5,2020-10-03,dnipro-1,vorskla-poltava,2,2,transfermarkt
2020/21,5,2020-10-03,rukh-lviv,pfk-lviv,0,0,transfermarkt
2020/21,5,2020-10-03,inhulets-petrove,minaj,1,1,transfermarkt
2020/21,5,2020-10-04,olimpik-donetsk,oleksandriya,3,2,transfermarkt
2020/21,5,2020-10-04,desna-chernihiv,shakhtar-donetsk,2,2,transfermarkt
2020/21,5,2020-10-04,dynamo-kyiv,zorya-luhansk,1,1,transfermarkt
2020/21,5,2020-10-04,kolos-kovalivka,mariupol,1,0,transfermarkt
2020/21,6,2020-10-17,minaj,mariupol,0,1,transfermarkt
2020/21,6,2020-10-17,shakhtar-donetsk,pfk-lviv,5,1,transfermarkt
2020/21,6,2020-10-17,rukh-lviv,dynamo-kyiv,0,2,transfermarkt
2020/21,6,2020-10-17,zorya-luhansk,kolos-kovalivka,1,1,transfermarkt
2020/21,6,2020-10-18,olimpik-donetsk,vorskla-poltava,0,1,transfermarkt
2020/21,6,2020-10-18,oleksandriya,inhulets-petrove,4,3,transfermarkt
2020/21,6,2020-10-18,dnipro-1,desna-chernihiv,2,0,transfermarkt
2020/21,7,2020-10-24,shakhtar-donetsk,vorskla-poltava,1,1,transfermarkt
2020/21,7,2020-10-24,dynamo-kyiv,oleksandriya,1,0,transfermarkt
2020/21,7,2020-10-24,olimpik-donetsk,desna-chernihiv,0,2,transfermarkt
2020/21,7,2020-10-24,pfk-lviv,dnipro-1,1,3,transfermarkt
2020/21,7,2020-10-25,inhulets-petrove,mariupol,1,1,transfermarkt
2020/21,7,2020-10-25,kolos-kovalivka,minaj,2,2,transfermarkt
2020/21,7,2020-10-25,zorya-luhansk,rukh-lviv,4,0,transfermarkt
2020/21,8,2020-10-30,shakhtar-donetsk,mariupol,4,1,transfermarkt
2020/21,8,2020-10-31,kolos-kovalivka,olimpik-donetsk,1,2,transfermarkt
2020/21,8,2020-10-31,oleksandriya,desna-chernihiv,2,2,transfermarkt
2020/21,8,2020-10-31,dnipro-1,dynamo-kyiv,1,2,transfermarkt
2020/21,8,2020-11-01,minaj,rukh-lviv,0,0,transfermarkt
2020/21,8,2020-11-01,pfk-lviv,vorskla-poltava,1,0,transfermarkt
2020/21,8,2020-11-01,inhulets-petrove,zorya-luhansk,1,1,transfermarkt
2020/21,9,2020-11-06,dnipro-1,kolos-kovalivka,0,2,transfermarkt
2020/21,9,2020-11-07,olimpik-donetsk,mariupol,3,3,transfermarkt
2020/21,9,2020-11-07,oleksandriya,pfk-lviv,1,0,transfermarkt
2020/21,9,2020-11-07,desna-chernihiv,minaj,1,0,transfermarkt
2020/21,9,2020-11-08,rukh-lviv,inhulets-petrove,2,2,transfermarkt
2020/21,9,2020-11-08,dynamo-kyiv,shakhtar-donetsk,0,3,transfermarkt
2020/21,9,2020-11-08,zorya-luhansk,vorskla-poltava,0,0,transfermarkt
2020/21,10,2020-11-20,rukh-lviv,mariupol,0,0,transfermarkt
2020/21,10,2020-11-21,inhulets-petrove,dynamo-kyiv,0,2,transfermarkt
2020/21,10,2020-11-21,shakhtar-donetsk,oleksandriya,1,1,transfermarkt
2020/21,10,2020-11-22,minaj,dnipro-1,3,2,transfermarkt
2020/21,10,2020-11-22,desna-chernihiv,pfk-lviv,0,1,transfermarkt
2020/21,10,2020-11-22,vorskla-poltava,kolos-kovalivka,3,0,transfermarkt
2020/21,11,2020-11-27,pfk-lviv,mariupol,1,3,transfermarkt
2020/21,11,2020-11-28,oleksandriya,rukh-lviv,0,0,transfermarkt
2020/21,11,2020-11-28,dynamo-kyiv,vorskla-poltava,2,0,transfermarkt
2020/21,11,2020-11-28,dnipro-1,shakhtar-donetsk,0,1,transfermarkt
2020/21,11,2020-11-29,minaj,zorya-luhansk,0,3,transfermarkt
2020/21,11,2020-11-29,kolos-kovalivka,desna-chernihiv,1,1,transfermarkt
2020/21,11,2020-11-29,inhulets-petrove,olimpik-donetsk,2,1,transfermarkt
2020/21,12,2020-12-05,pfk-lviv,inhulets-petrove,1,1,transfermarkt
2020/21,12,2020-12-05,shakhtar-donetsk,minaj,5,1,transfermarkt
2020/21,12,2020-12-05,mariupol,dynamo-kyiv,1,2,transfermarkt
2020/21,12,2020-12-06,olimpik-donetsk,rukh-lviv,3,1,transfermarkt
2020/21,12,2020-12-06,zorya-luhansk,dnipro-1,3,1,transfermarkt
2020/21,12,2020-12-06,desna-chernihiv,vorskla-poltava,1,0,transfermarkt
2020/21,12,2020-12-06,kolos-kovalivka,oleksandriya,1,1,transfermarkt
2020/21,13,2020-12-11,olimpik-donetsk,pfk-lviv,1,1,transfermarkt
2020/21,13,2020-12-12,vorskla-poltava,minaj,1,1,transfermarkt
2020/21,13,2020-12-12,dynamo-kyiv,kolos-kovalivka,2,2,transfermarkt
2020/21,13,2020-12-12,rukh-lviv,dnipro-1,4,1,transfermarkt
2020/21,13,2020-12-13,inhulets-petrove,shakhtar-donetsk,0,3,transfermarkt
2020/21,13,2020-12-13,desna-chernihiv,mariupol,2,0,transfermarkt
2020/21,13,2020-12-13,oleksandriya,zorya-luhansk,0,2,transfermarkt
2020/21,14,2021-02-13,zorya-luhansk,desna-chernihiv,2,1,transfermarkt
2020/21,14,2021-02-13,minaj,pfk-lviv,1,2,transfermarkt
2020/21,14,2021-02-13,dynamo-kyiv,olimpik-donetsk,3,1,transfermarkt
2020/21,14,2021-02-14,kolos-kovalivka,shakhtar-donetsk,0,0,transfermarkt
2020/21,14,2021-02-14,mariupol,oleksandriya,0,1,transfermarkt
2020/21,14,2021-02-14,dnipro-1,inhulets-petrove,2,0,transfermarkt
2020/21,14,2021-02-14,rukh-lviv,vorskla-poltava,1,1,transfermarkt
2020/21,15,2021-02-20,mariupol,zorya-luhansk,0,1,transfermarkt
2020/21,15,2021-02-20,oleksandriya,minaj,3,0,transfermarkt
2020/21,15,2021-02-20,pfk-lviv,kolos-kovalivka,0,2,transfermarkt
2020/21,15,2021-02-21,inhulets-petrove,vorskla-poltava,2,2,transfermarkt
2020/21,15,2021-02-21,shakhtar-donetsk,rukh-lviv,2,0,transfermarkt
2020/21,15,2021-02-21,desna-chernihiv,dynamo-kyiv,1,1,transfermarkt
2020/21,15,2021-02-22,olimpik-donetsk,dnipro-1,0,2,transfermarkt
2020/21,16,2021-02-26,desna-chernihiv,inhulets-petrove,3,0,transfermarkt
2020/21,16,2021-02-27,mariupol,dnipro-1,2,2,transfermarkt
2020/21,16,2021-02-27,vorskla-poltava,oleksandriya,3,1,transfermarkt
2020/21,16,2021-02-27,kolos-kovalivka,rukh-lviv,1,2,transfermarkt
2020/21,16,2021-02-28,minaj,olimpik-donetsk,2,1,transfermarkt
2020/21,16,2021-02-28,shakhtar-donetsk,zorya-luhansk,0,1,transfermarkt
2020/21,16,2021-02-28,pfk-lviv,dynamo-kyiv,1,4,transfermarkt
2020/21,17,2021-03-06,mariupol,vorskla-poltava,0,1,transfermarkt
2020/21,17,2021-03-06,olimpik-donetsk,shakhtar-donetsk,0,1,transfermarkt
2020/21,17,2021-03-07,dynamo-kyiv,minaj,3,0,transfermarkt
2020/21,17,2021-03-07,zorya-luhansk,pfk-lviv,4,0,transfermarkt
2020/21,17,2021-03-07,inhulets-petrove,kolos-kovalivka,0,0,transfermarkt
2020/21,17,2021-03-08,rukh-lviv,desna-chernihiv,0,4,transfermarkt
2020/21,17,2021-03-08,dnipro-1,oleksandriya,0,0,transfermarkt
2020/21,18,2021-03-13,minaj,inhulets-petrove,0,1,transfermarkt
2020/21,18,2021-03-13,vorskla-poltava,dnipro-1,0,1,transfermarkt
2020/21,18,2021-03-14,mariupol,kolos-kovalivka,1,4,transfermarkt
2020/21,18,2021-03-14,shakhtar-donetsk,desna-chernihiv,4,0,transfermarkt
2020/21,18,2021-03-14,zorya-luhansk,dynamo-kyiv,0,2,transfermarkt
2020/21,18,2021-03-14,oleksandriya,olimpik-donetsk,2,0,transfermarkt
2020/21,19,2021-03-20,mariupol,minaj,0,0,transfermarkt
2020/21,19,2021-03-20,desna-chernihiv,dnipro-1,0,2,transfermarkt
2020/21,19,2021-03-20,vorskla-poltava,olimpik-donetsk,3,0,transfermarkt
2020/21,19,2021-03-21,inhulets-petrove,oleksandriya,1,0,transfermarkt
2020/21,19,2021-03-21,pfk-lviv,shakhtar-donetsk,3,2,transfermarkt
2020/21,19,2021-03-21,dynamo-kyiv,rukh-lviv,3,0,transfermarkt
2020/21,19,2021-03-21,kolos-kovalivka,zorya-luhansk,1,0,transfermarkt
2020/21,20,2021-04-02,dnipro-1,pfk-lviv,5,1,transfermarkt
2020/21,20,2021-04-03,mariupol,inhulets-petrove,4,3,transfermarkt
2020/21,20,2021-04-03,rukh-lviv,zorya-luhansk,0,2,transfermarkt
2020/21,20,2021-04-03,desna-chernihiv,olimpik-donetsk,2,0,transfermarkt
2020/21,20,2021-04-04,minaj,kolos-kovalivka,0,0,transfermarkt
2020/21,20,2021-04-04,vorskla-poltava,shakhtar-donetsk,0,2,transfermarkt
2020/21,20,2021-04-04,oleksandriya,dynamo-kyiv,1,2,transfermarkt
2020/21,21,2021-04-10,mariupol,shakhtar-donetsk,0,3,transfermarkt
2020/21,21,2021-04-10,dynamo-kyiv,dnipro-1,2,0,transfermarkt
2020/21,21,2021-04-10,desna-chernihiv,oleksandriya,4,1,transfermarkt
2020/21,21,2021-04-11,zorya-luhansk,inhulets-petrove,2,0,transfermarkt
2020/21,21,2021-04-11,vorskla-poltava,pfk-lviv,2,1,transfermarkt
2020/21,21,2021-04-11,rukh-lviv,minaj,2,0,transfermarkt
2020/21,21,2021-04-11,olimpik-donetsk,kolos-kovalivka,1,2,transfermarkt
2020/21,22,2021-04-16,pfk-lviv,oleksandriya,3,1,transfermarkt
2020/21,22,2021-04-17,minaj,desna-chernihiv,3,1,transfermarkt
2020/21,22,2021-04-17,vorskla-poltava,zorya-luhansk,4,2,transfermarkt
2020/21,22,2021-04-17,shakhtar-donetsk,dynamo-kyiv,0,1,transfermarkt
2020/21,22,2021-04-18,inhulets-petrove,rukh-lviv,0,0,transfermarkt
2020/21,22,2021-04-18,mariupol,olimpik-donetsk,1,1,transfermarkt
2020/21,22,2021-04-18,kolos-kovalivka,dnipro-1,1,1,transfermarkt
2020/21,1,2021-04-21,pfk-lviv,minaj,1,0,transfermarkt
2020/21,23,2021-04-23,mariupol,rukh-lviv,0,3,transfermarkt
2020/21,23,2021-04-24,kolos-kovalivka,vorskla-poltava,3,0,transfermarkt
2020/21,23,2021-04-24,dnipro-1,minaj,3,0,transfermarkt
2020/21,23,2021-04-24,pfk-lviv,desna-chernihiv,1,0,transfermarkt
2020/21,23,2021-04-25,zorya-luhansk,olimpik-donetsk,2,1,transfermarkt
2020/21,23,2021-04-25,oleksandriya,shakhtar-donetsk,2,0,transfermarkt
2020/21,23,2021-04-25,dynamo-kyiv,inhulets-petrove,5,0,transfermarkt
2020/21,10,2021-04-28,olimpik-donetsk,zorya-luhansk,2,1,transfermarkt
2020/21,18,2021-04-28,pfk-lviv,rukh-lviv,1,1,transfermarkt
2020/21,24,2021-05-01,desna-chernihiv,kolos-kovalivka,2,2,transfermarkt
2020/21,24,2021-05-01,shakhtar-donetsk,dnipro-1,2,1,transfermarkt
2020/21,24,2021-05-01,vorskla-poltava,dynamo-kyiv,1,5,transfermarkt
2020/21,24,2021-05-02,rukh-lviv,oleksandriya,2,1,transfermarkt
2020/21,24,2021-05-02,zorya-luhansk,minaj,1,0,transfermarkt
2020/21,24,2021-05-02,mariupol,pfk-lviv,1,2,transfermarkt
2020/21,24,2021-05-02,olimpik-donetsk,inhulets-petrove,0,3,transfermarkt
2020/21,25,2021-05-05,dynamo-kyiv,mariupol,0,0,transfermarkt
2020/21,25,2021-05-05,dnipro-1,zorya-luhansk,0,1,transfermarkt
2020/21,25,2021-05-05,vorskla-poltava,desna-chernihiv,1,1,transfermarkt
2020/21,25,2021-05-05,oleksandriya,kolos-kovalivka,0,2,transfermarkt
2020/21,25,2021-05-06,minaj,shakhtar-donetsk,0,4,transfermarkt
2020/21,25,2021-05-06,rukh-lviv,olimpik-donetsk,3,0,transfermarkt
2020/21,25,2021-05-06,inhulets-petrove,pfk-lviv,1,0,transfermarkt
2020/21,26,2021-05-09,kolos-kovalivka,dynamo-kyiv,0,3,transfermarkt
2020/21,26,2021-05-09,zorya-luhansk,oleksandriya,2,1,transfermarkt
2020/21,26,2021-05-09,mariupol,desna-chernihiv,4,1,transfermarkt
2020/21,26,2021-05-09,minaj,vorskla-poltava,1,2,transfermarkt
2020/21,26,2021-05-09,shakhtar-donetsk,inhulets-petrove,1,0,transfermarkt
2020/21,26,2021-05-09,dnipro-1,rukh-lviv,1,1,transfermarkt
2020/21,26,2021-05-09,pfk-lviv,olimpik-donetsk,1,1,transfermarkt
2021/22,1,2021-07-23,pfk-lviv,mariupol,1,1,transfermarkt
2021/22,1,2021-07-24,veres-rivne,kolos-kovalivka,0,0,transfermarkt
2021/22,1,2021-07-24,shakhtar-donetsk,inhulets-petrove,2,1,transfermarkt
2021/22,1,2021-07-25,metalist-1925,rukh-lviv,2,1,transfermarkt
2021/22,1,2021-07-25,desna-chernihiv,chornomorets-odesa,3,0,transfermarkt
2021/22,1,2021-07-25,zorya-luhansk,oleksandriya,0,1,transfermarkt
2021/22,1,2021-07-26,vorskla-poltava,dnipro-1,2,2,transfermarkt
2021/22,2,2021-07-30,pfk-lviv,shakhtar-donetsk,0,3,transfermarkt
2021/22,2,2021-07-30,kolos-kovalivka,metalist-1925,1,0,transfermarkt
2021/22,2,2021-07-31,minaj,oleksandriya,1,0,transfermarkt
2021/22,2,2021-07-31,chornomorets-odesa,dnipro-1,0,3,transfermarkt
2021/22,2,2021-08-01,mariupol,desna-chernihiv,1,2,transfermarkt
2021/22,2,2021-08-01,vorskla-poltava,rukh-lviv,2,0,transfermarkt
2021/22,2,2021-08-01,dynamo-kyiv,veres-rivne,4,0,transfermarkt
2021/22,2,2021-08-02,inhulets-petrove,zorya-luhansk,1,5,transfermarkt
2021/22,3,2021-08-06,metalist-1925,chornomorets-odesa,3,2,transfermarkt
2021/22,3,2021-08-07,rukh-lviv,veres-rivne,2,1,transfermarkt
2021/22,3,2021-08-07,dnipro-1,mariupol,2,1,transfermarkt
2021/22,3,2021-08-07,shakhtar-donetsk,oleksandriya,1,2,transfermarkt
2021/22,3,2021-08-08,vorskla-poltava,pfk-lviv,4,1,transfermarkt
2021/22,3,2021-08-08,zorya-luhansk,dynamo-kyiv,1,2,transfermarkt
2021/22,3,2021-08-09,desna-chernihiv,inhulets-petrove,2,0,transfermarkt
2021/22,1,2021-08-11,dynamo-kyiv,minaj,2,0,transfermarkt
2021/22,4,2021-08-13,shakhtar-donetsk,metalist-1925,2,0,transfermarkt
2021/22,4,2021-08-14,veres-rivne,vorskla-poltava,1,1,transfermarkt
2021/22,4,2021-08-14,desna-chernihiv,dnipro-1,2,1,transfermarkt
2021/22,4,2021-08-14,zorya-luhansk,minaj,1,1,transfermarkt
2021/22,4,2021-08-15,kolos-kovalivka,rukh-lviv,1,1,transfermarkt
2021/22,4,2021-08-15,pfk-lviv,oleksandriya,1,1,transfermarkt
2021/22,4,2021-08-16,mariupol,chornomorets-odesa,2,3,transfermarkt
2021/22,4,2021-08-18,inhulets-petrove,dynamo-kyiv,1,1,transfermarkt
2021/22,5,2021-08-20,vorskla-poltava,metalist-1925,2,0,transfermarkt
2021/22,5,2021-08-21,veres-rivne,minaj,1,0,transfermarkt
2021/22,5,2021-08-21,dnipro-1,rukh-lviv,2,0,transfermarkt
2021/22,5,2021-08-21,chornomorets-odesa,shakhtar-donetsk,0,3,transfermarkt
2021/22,5,2021-08-22,mariupol,zorya-luhansk,3,4,transfermarkt
2021/22,5,2021-08-22,kolos-kovalivka,oleksandriya,0,1,transfermarkt
2021/22,5,2021-08-22,dynamo-kyiv,desna-chernihiv,4,0,transfermarkt
2021/22,5,2021-08-23,pfk-lviv,inhulets-petrove,1,2,transfermarkt
2021/22,6,2021-08-27,chornomorets-odesa,oleksandriya,2,2,transfermarkt
2021/22,6,2021-08-28,inhulets-petrove,mariupol,3,0,transfermarkt
2021/22,6,2021-08-28,metalist-1925,dnipro-1,1,2,transfermarkt
2021/22,6,2021-08-28,dynamo-kyiv,kolos-kovalivka,7,0,transfermarkt
2021/22,6,2021-08-29,desna-chernihiv,veres-rivne,0,4,transfermarkt
2021/22,6,2021-08-29,minaj,shakhtar-donetsk,1,1,transfermarkt
2021/22,6,2021-08-29,rukh-lviv,pfk-lviv,1,0,transfermarkt
2021/22,6,2021-08-29,zorya-luhansk,vorskla-poltava,1,0,transfermarkt
2021/22,7,2021-09-10,oleksandriya,inhulets-petrove,1,0,transfermarkt
2021/22,7,2021-09-11,rukh-lviv,zorya-luhansk,1,1,transfermarkt
2021/22,7,2021-09-11,metalist-1925,dynamo-kyiv,0,2,transfermarkt
2021/22,7,2021-09-11,shakhtar-donetsk,dnipro-1,2,0,transfermarkt
2021/22,7,2021-09-12,minaj,chornomorets-odesa,2,2,transfermarkt
2021/22,7,2021-09-12,kolos-kovalivka,mariupol,1,3,transfermarkt
2021/22,7,2021-09-12,vorskla-poltava,desna-chernihiv,2,2,transfermarkt
2021/22,7,2021-09-13,veres-rivne,pfk-lviv,1,0,transfermarkt
2021/22,8,2021-09-17,desna-chernihiv,rukh-lviv,1,0,transfermarkt
2021/22,8,2021-09-18,inhulets-petrove,kolos-kovalivka,0,2,transfermarkt
2021/22,8,2021-09-18,dnipro-1,veres-rivne,1,0,transfermarkt
2021/22,8,2021-09-18,mariupol,shakhtar-donetsk,0,5,transfermarkt
2021/22,8,2021-09-18,dynamo-kyiv,oleksandriya,1,0,transfermarkt
2021/22,8,2021-09-19,vorskla-poltava,minaj,2,0,transfermarkt
2021/22,8,2021-09-19,pfk-lviv,metalist-1925,0,0,transfermarkt
2021/22,8,2021-09-19,zorya-luhansk,chornomorets-odesa,3,0,transfermarkt
2021/22,9,2021-09-24,kolos-kovalivka,vorskla-poltava,0,1,transfermarkt
2021/22,9,2021-09-25,oleksandriya,mariupol,2,1,transfermarkt
2021/22,9,2021-09-25,shakhtar-donetsk,veres-rivne,4,1,transfermarkt
2021/22,9,2021-09-25,rukh-lviv,dynamo-kyiv,0,2,transfermarkt
2021/22,9,2021-09-26,minaj,pfk-lviv,1,2,transfermarkt
2021/22,9,2021-09-26,dnipro-1,zorya-luhansk,0,4,transfermarkt
2021/22,9,2021-09-26,desna-chernihiv,metalist-1925,1,2,transfermarkt
2021/22,9,2021-09-27,chornomorets-odesa,inhulets-petrove,1,1,transfermarkt
2021/22,10,2021-10-01,mariupol,rukh-lviv,0,2,transfermarkt
2021/22,10,2021-10-02,kolos-kovalivka,chornomorets-odesa,2,1,transfermarkt
2021/22,10,2021-10-02,pfk-lviv,dnipro-1,0,1,transfermarkt
2021/22,10,2021-10-02,vorskla-poltava,inhulets-petrove,3,0,transfermarkt
2021/22,10,2021-10-03,veres-rivne,oleksandriya,0,0,transfermarkt
2021/22,10,2021-10-03,metalist-1925,minaj,1,0,transfermarkt
2021/22,10,2021-10-03,zorya-luhansk,desna-chernihiv,2,0,transfermarkt
2021/22,10,2021-10-03,dynamo-kyiv,shakhtar-donetsk,0,0,transfermarkt
2021/22,11,2021-10-15,shakhtar-donetsk,zorya-luhansk,6,1,transfermarkt
2021/22,11,2021-10-16,mariupol,metalist-1925,1,2,transfermarkt
2021/22,11,2021-10-16,pfk-lviv,dynamo-kyiv,1,4,transfermarkt
2021/22,11,2021-10-16,dnipro-1,kolos-kovalivka,2,0,transfermarkt
2021/22,11,2021-10-17,minaj,desna-chernihiv,0,0,transfermarkt
2021/22,11,2021-10-17,oleksandriya,vorskla-poltava,1,2,transfermarkt
2021/22,11,2021-10-18,chornomorets-odesa,veres-rivne,0,1,transfermarkt
2021/22,12,2021-10-22,desna-chernihiv,oleksandriya,1,1,transfermarkt
2021/22,12,2021-10-22,metalist-1925,inhulets-petrove,4,0,transfermarkt
2021/22,12,2021-10-23,veres-rivne,mariupol,2,0,transfermarkt
2021/22,12,2021-10-23,vorskla-poltava,shakhtar-donetsk,0,2,transfermarkt
2021/22,12,2021-10-23,chornomorets-odesa,pfk-lviv,1,1,transfermarkt
2021/22,12,2021-10-24,rukh-lviv,minaj,2,2,transfermarkt
2021/22,12,2021-10-24,dynamo-kyiv,dnipro-1,2,0,transfermarkt
2021/22,12,2021-10-24,zorya-luhansk,kolos-kovalivka,1,0,transfermarkt
2021/22,13,2021-10-30,mariupol,dynamo-kyiv,2,3,transfermarkt
2021/22,13,2021-10-30,shakhtar-donetsk,desna-chernihiv,4,1,transfermarkt
2021/22,13,2021-10-30,inhulets-petrove,veres-rivne,0,0,transfermarkt
2021/22,13,2021-10-31,kolos-kovalivka,pfk-lviv,0,1,transfermarkt
2021/22,13,2021-10-31,rukh-lviv,oleksandriya,0,0,transfermarkt
2021/22,13,2021-10-31,metalist-1925,zorya-luhansk,1,6,transfermarkt
2021/22,13,2021-11-01,dnipro-1,minaj,4,0,transfermarkt
2021/22,13,2021-11-01,vorskla-poltava,chornomorets-odesa,0,0,transfermarkt
2021/22,14,2021-11-05,oleksandriya,metalist-1925,2,0,transfermarkt
2021/22,14,2021-11-06,minaj,mariupol,0,2,transfermarkt
2021/22,14,2021-11-06,dynamo-kyiv,vorskla-poltava,1,2,transfermarkt
2021/22,14,2021-11-06,chornomorets-odesa,rukh-lviv,4,3,transfermarkt
2021/22,14,2021-11-07,inhulets-petrove,dnipro-1,0,1,transfermarkt
2021/22,14,2021-11-07,zorya-luhansk,veres-rivne,3,0,transfermarkt
2021/22,14,2021-11-07,kolos-kovalivka,shakhtar-donetsk,1,3,transfermarkt
2021/22,14,2021-11-07,pfk-lviv,desna-chernihiv,0,2,transfermarkt
2021/22,15,2021-11-19,chornomorets-odesa,dynamo-kyiv,1,6,transfermarkt
2021/22,15,2021-11-20,pfk-lviv,zorya-luhansk,2,1,transfermarkt
2021/22,15,2021-11-20,shakhtar-donetsk,rukh-lviv,2,0,transfermarkt
2021/22,15,2021-11-20,dnipro-1,oleksandriya,3,1,transfermarkt
2021/22,15,2021-11-21,minaj,inhulets-petrove,2,2,transfermarkt
2021/22,15,2021-11-21,vorskla-poltava,mariupol,5,1,transfermarkt
2021/22,15,2021-11-21,desna-chernihiv,kolos-kovalivka,0,1,transfermarkt
2021/22,15,2021-11-22,veres-rivne,metalist-1925,2,0,transfermarkt
2021/22,3,2021-11-24,minaj,kolos-kovalivka,1,1,transfermarkt
2021/22,16,2021-11-26,mariupol,pfk-lviv,0,1,transfermarkt
2021/22,16,2021-11-27,minaj,dynamo-kyiv,0,2,transfermarkt
2021/22,16,2021-11-27,chornomorets-odesa,desna-chernihiv,0,1,transfermarkt
2021/22,16,2021-11-27,dnipro-1,vorskla-poltava,5,1,transfermarkt
2021/22,16,2021-11-28,inhulets-petrove,shakhtar-donetsk,0,1,transfermarkt
2021/22,16,2021-11-28,rukh-lviv,metalist-1925,2,0,transfermarkt
2021/22,16,2021-11-28,kolos-kovalivka,veres-rivne,1,0,transfermarkt
2021/22,16,2021-11-29,oleksandriya,zorya-luhansk,0,1,transfermarkt
2021/22,17,2021-12-03,shakhtar-donetsk,pfk-lviv,6,1,transfermarkt
2021/22,17,2021-12-04,veres-rivne,dynamo-kyiv,0,3,transfermarkt
2021/22,17,2021-12-04,rukh-lviv,vorskla-poltava,0,0,transfermarkt
2021/22,17,2021-12-04,metalist-1925,kolos-kovalivka,0,1,transfermarkt
2021/22,17,2021-12-05,zorya-luhansk,inhulets-petrove,1,0,transfermarkt
2021/22,17,2021-12-05,oleksandriya,minaj,3,0,transfermarkt
2021/22,17,2021-12-05,desna-chernihiv,mariupol,3,3,transfermarkt
2021/22,17,2021-12-06,dnipro-1,chornomorets-odesa,3,1,transfermarkt
2021/22,18,2021-12-10,mariupol,dnipro-1,0,3,transfermarkt
2021/22,18,2021-12-10,inhulets-petrove,desna-chernihiv,2,1,transfermarkt
2021/22,18,2021-12-11,oleksandriya,shakhtar-donetsk,1,2,transfermarkt
2021/22,18,2021-12-11,veres-rivne,rukh-lviv,1,1,transfermarkt
2021/22,18,2021-12-11,pfk-lviv,vorskla-poltava,1,1,transfermarkt
2021/22,18,2021-12-12,chornomorets-odesa,metalist-1925,2,1,transfermarkt
2021/22,18,2021-12-12,dynamo-kyiv,zorya-luhansk,1,1,transfermarkt
2021/22,18,2021-12-12,kolos-kovalivka,minaj,2,1,transfermarkt
2022/23,1,2022-08-23,shakhtar-donetsk,metalist-1925,0,0,transfermarkt
2022/23,1,2022-08-23,chornomorets-odesa,veres-rivne,0,1,transfermarkt
2022/23,1,2022-08-23,zorya-luhansk,vorskla-poltava,3,1,transfermarkt
2022/23,1,2022-08-23,kolos-kovalivka,kryvbas,1,0,transfermarkt
2022/23,1,2022-08-24,rukh-lviv,metalist-kharkiv,1,2,transfermarkt
2022/23,7,2022-08-25,inhulets-petrove,oleksandriya,1,2,transfermarkt
2022/23,2,2022-08-27,vorskla-poltava,veres-rivne,1,2,transfermarkt
2022/23,2,2022-08-27,pfk-lviv,zorya-luhansk,2,3,transfermarkt
2022/23,2,2022-08-27,metalist-1925,chornomorets-odesa,0,0,transfermarkt
2022/23,2,2022-08-28,kolos-kovalivka,rukh-lviv,2,0,transfermarkt
2022/23,2,2022-08-28,shakhtar-donetsk,kryvbas,1,0,transfermarkt
2022/23,2,2022-08-28,dynamo-kyiv,dnipro-1,0,3,transfermarkt
2022/23,2,2022-08-29,metalist-kharkiv,inhulets-petrove,1,1,transfermarkt
2022/23,2,2022-08-29,oleksandriya,minaj,2,1,transfermarkt
2022/23,3,2022-09-02,rukh-lviv,shakhtar-donetsk,0,1,transfermarkt
2022/23,3,2022-09-03,dnipro-1,veres-rivne,2,0,transfermarkt
2022/23,3,2022-09-03,zorya-luhansk,dynamo-kyiv,3,2,transfermarkt
2022/23,3,2022-09-03,metalist-1925,vorskla-poltava,3,2,transfermarkt
2022/23,3,2022-09-04,chornomorets-odesa,inhulets-petrove,1,1,transfermarkt
2022/23,3,2022-09-04,kryvbas,pfk-lviv,0,0,transfermarkt
2022/23,3,2022-09-05,minaj,kolos-kovalivka,1,1,transfermarkt
2022/23,3,2022-09-05,oleksandriya,metalist-kharkiv,1,3,transfermarkt
2022/23,4,2022-09-09,rukh-lviv,zorya-luhansk,3,1,transfermarkt
2022/23,4,2022-09-10,kryvbas,veres-rivne,0,1,transfermarkt
2022/23,4,2022-09-10,shakhtar-donetsk,chornomorets-odesa,2,1,transfermarkt
2022/23,4,2022-09-11,dnipro-1,metalist-1925,3,0,transfermarkt
2022/23,4,2022-09-11,kolos-kovalivka,metalist-kharkiv,1,0,transfermarkt
2022/23,4,2022-09-11,dynamo-kyiv,pfk-lviv,1,0,transfermarkt
2022/23,4,2022-09-12,vorskla-poltava,oleksandriya,0,0,transfermarkt
2022/23,4,2022-09-12,inhulets-petrove,minaj,1,2,transfermarkt
2022/23,1,2022-09-25,minaj,pfk-lviv,0,1,transfermarkt
2022/23,5,2022-09-30,veres-rivne,rukh-lviv,2,2,transfermarkt
2022/23,5,2022-09-30,metalist-1925,kolos-kovalivka,2,0,transfermarkt
2022/23,5,2022-10-01,inhulets-petrove,vorskla-poltava,0,1,transfermarkt
2022/23,5,2022-10-01,pfk-lviv,dnipro-1,0,3,transfermarkt
2022/23,5,2022-10-01,metalist-kharkiv,shakhtar-donetsk,1,6,transfermarkt
2022/23,5,2022-10-02,minaj,dynamo-kyiv,0,1,transfermarkt
2022/23,5,2022-10-02,chornomorets-odesa,oleksandriya,1,2,transfermarkt
2022/23,5,2022-10-02,zorya-luhansk,kryvbas,2,2,transfermarkt
2022/23,6,2022-10-07,veres-rivne,metalist-kharkiv,1,2,transfermarkt
2022/23,6,2022-10-07,kolos-kovalivka,inhulets-petrove,0,0,transfermarkt
2022/23,6,2022-10-08,vorskla-poltava,chornomorets-odesa,2,1,transfermarkt
2022/23,6,2022-10-09,dnipro-1,zorya-luhansk,3,0,transfermarkt
2022/23,6,2022-10-09,kryvbas,minaj,0,0,transfermarkt
2022/23,6,2022-10-09,dynamo-kyiv,rukh-lviv,3,0,transfermarkt
2022/23,7,2022-10-14,minaj,veres-rivne,1,1,transfermarkt
2022/23,7,2022-10-15,metalist-1925,pfk-lviv,2,2,transfermarkt
2022/23,7,2022-10-15,metalist-kharkiv,vorskla-poltava,3,2,transfermarkt
2022/23,7,2022-10-16,rukh-lviv,dnipro-1,2,3,transfermarkt
2022/23,7,2022-10-16,shakhtar-donetsk,dynamo-kyiv,3,1,transfermarkt
2022/23,8,2022-10-18,pfk-lviv,veres-rivne,1,3,transfermarkt
2022/23,8,2022-10-18,chornomorets-odesa,zorya-luhansk,0,4,transfermarkt
2022/23,8,2022-10-18,oleksandriya,kryvbas,2,0,transfermarkt
2022/23,8,2022-10-19,dnipro-1,inhulets-petrove,2,2,transfermarkt
2022/23,8,2022-10-19,vorskla-poltava,rukh-lviv,0,1,transfermarkt
2022/23,8,2022-10-19,shakhtar-donetsk,kolos-kovalivka,3,0,transfermarkt
2022/23,8,2022-10-19,metalist-1925,minaj,0,1,transfermarkt
2022/23,9,2022-10-22,oleksandriya,pfk-lviv,2,0,transfermarkt
2022/23,9,2022-10-23,metalist-kharkiv,dnipro-1,0,1,transfermarkt
2022/23,9,2022-10-23,veres-rivne,zorya-luhansk,0,1,transfermarkt
2022/23,9,2022-10-23,dynamo-kyiv,vorskla-poltava,1,1,transfermarkt
2022/23,9,2022-10-23,rukh-lviv,metalist-1925,1,1,transfermarkt
2022/23,9,2022-10-24,kryvbas,inhulets-petrove,2,1,transfermarkt
2022/23,9,2022-10-24,kolos-kovalivka,chornomorets-odesa,1,1,transfermarkt
2022/23,10,2022-10-28,metalist-1925,zorya-luhansk,0,3,transfermarkt
2022/23,10,2022-10-29,vorskla-poltava,minaj,2,0,transfermarkt
2022/23,10,2022-10-29,shakhtar-donetsk,oleksandriya,2,2,transfermarkt
2022/23,10,2022-10-30,dnipro-1,chornomorets-odesa,1,0,transfermarkt
2022/23,10,2022-10-30,pfk-lviv,metalist-kharkiv,1,1,transfermarkt
2022/23,10,2022-10-30,dynamo-kyiv,kryvbas,3,1,transfermarkt
2022/23,10,2022-10-31,kolos-kovalivka,veres-rivne,2,0,transfermarkt
2022/23,11,2022-11-04,vorskla-poltava,pfk-lviv,1,0,transfermarkt
2022/23,11,2022-11-05,zorya-luhansk,metalist-kharkiv,3,2,transfermarkt
2022/23,11,2022-11-05,oleksandriya,kolos-kovalivka,4,1,transfermarkt
2022/23,11,2022-11-05,shakhtar-donetsk,inhulets-petrove,3,0,transfermarkt
2022/23,11,2022-11-05,metalist-1925,veres-rivne,1,4,transfermarkt
2022/23,11,2022-11-06,dnipro-1,minaj,3,1,transfermarkt
2022/23,11,2022-11-06,chornomorets-odesa,dynamo-kyiv,0,3,transfermarkt
2022/23,11,2022-11-06,rukh-lviv,kryvbas,2,1,transfermarkt
2022/23,12,2022-11-08,inhulets-petrove,zorya-luhansk,1,0,transfermarkt
2022/23,12,2022-11-08,metalist-kharkiv,metalist-1925,0,0,transfermarkt
2022/23,12,2022-11-09,kryvbas,vorskla-poltava,1,0,transfermarkt
2022/23,12,2022-11-09,kolos-kovalivka,dnipro-1,1,3,transfermarkt
2022/23,12,2022-11-09,veres-rivne,shakhtar-donetsk,0,2,transfermarkt
2022/23,12,2022-11-10,minaj,chornomorets-odesa,0,1,transfermarkt
2022/23,12,2022-11-10,pfk-lviv,rukh-lviv,2,1,transfermarkt
2022/23,12,2022-11-10,dynamo-kyiv,oleksandriya,3,1,transfermarkt
2022/23,13,2022-11-13,vorskla-poltava,dnipro-1,1,1,transfermarkt
2022/23,13,2022-11-13,oleksandriya,veres-rivne,3,2,transfermarkt
2022/23,13,2022-11-13,metalist-1925,inhulets-petrove,2,1,transfermarkt
2022/23,13,2022-11-13,shakhtar-donetsk,zorya-luhansk,2,2,transfermarkt
2022/23,13,2022-11-13,dynamo-kyiv,kolos-kovalivka,0,0,transfermarkt
2022/23,13,2022-11-14,metalist-kharkiv,kryvbas,0,1,transfermarkt
2022/23,13,2022-11-14,chornomorets-odesa,pfk-lviv,2,0,transfermarkt
2022/23,13,2022-11-14,rukh-lviv,minaj,1,1,transfermarkt
2022/23,1,2022-11-17,inhulets-petrove,dynamo-kyiv,1,2,transfermarkt
2022/23,14,2022-11-18,zorya-luhansk,oleksandriya,4,1,transfermarkt
2022/23,14,2022-11-19,dnipro-1,shakhtar-donetsk,2,1,transfermarkt
2022/23,14,2022-11-19,kolos-kovalivka,vorskla-poltava,1,2,transfermarkt
2022/23,14,2022-11-20,minaj,metalist-kharkiv,1,0,transfermarkt
2022/23,14,2022-11-20,kryvbas,metalist-1925,0,2,transfermarkt
2022/23,14,2022-11-21,inhulets-petrove,pfk-lviv,1,0,transfermarkt
2022/23,14,2022-11-21,veres-rivne,dynamo-kyiv,0,1,transfermarkt
2022/23,15,2022-11-23,shakhtar-donetsk,vorskla-poltava,3,2,transfermarkt
2022/23,15,2022-11-25,chornomorets-odesa,metalist-kharkiv,0,0,transfermarkt
2022/23,15,2022-11-26,inhulets-petrove,veres-rivne,1,0,transfermarkt
2022/23,15,2022-11-26,dynamo-kyiv,metalist-1925,0,0,transfermarkt
2022/23,15,2022-11-27,pfk-lviv,kolos-kovalivka,0,1,transfermarkt
2022/23,15,2022-11-27,zorya-luhansk,minaj,1,1,transfermarkt
2022/23,15,2022-11-28,oleksandriya,rukh-lviv,1,1,transfermarkt
2022/23,15,2022-11-28,kryvbas,dnipro-1,2,1,transfermarkt
2022/23,8,2022-11-30,dynamo-kyiv,metalist-kharkiv,3,0,transfermarkt
2022/23,7,2022-12-01,zorya-luhansk,kolos-kovalivka,2,2,transfermarkt
2022/23,7,2022-12-02,chornomorets-odesa,kryvbas,0,1,transfermarkt
2022/23,14,2022-12-07,rukh-lviv,chornomorets-odesa,2,2,transfermarkt
2022/23,6,2023-02-27,oleksandriya,metalist-1925,3,3,transfermarkt
2022/23,9,2023-02-28,minaj,shakhtar-donetsk,1,4,transfermarkt
2022/23,16,2023-03-03,kryvbas,kolos-kovalivka,1,0,transfermarkt
2022/23,16,2023-03-04,oleksandriya,dnipro-1,2,2,transfermarkt
2022/23,16,2023-03-04,dynamo-kyiv,inhulets-petrove,0,2,transfermarkt
2022/23,16,2023-03-04,veres-rivne,chornomorets-odesa,1,3,transfermarkt
2022/23,16,2023-03-05,vorskla-poltava,zorya-luhansk,2,3,transfermarkt
2022/23,16,2023-03-05,metalist-kharkiv,rukh-lviv,1,2,transfermarkt
2022/23,16,2023-03-05,metalist-1925,shakhtar-donetsk,0,7,transfermarkt
2022/23,16,2023-03-06,pfk-lviv,minaj,1,0,transfermarkt
2022/23,17,2023-03-11,minaj,oleksandriya,1,1,transfermarkt
2022/23,17,2023-03-11,inhulets-petrove,metalist-kharkiv,2,1,transfermarkt
2022/23,17,2023-03-11,zorya-luhansk,pfk-lviv,3,1,transfermarkt
2022/23,17,2023-03-11,chornomorets-odesa,metalist-1925,1,1,transfermarkt
2022/23,17,2023-03-12,dnipro-1,dynamo-kyiv,0,1,transfermarkt
2022/23,17,2023-03-12,veres-rivne,vorskla-poltava,2,2,transfermarkt
2022/23,17,2023-03-12,kryvbas,shakhtar-donetsk,0,3,transfermarkt
2022/23,17,2023-03-12,rukh-lviv,kolos-kovalivka,0,1,transfermarkt
2022/23,18,2023-03-17,metalist-kharkiv,oleksandriya,0,0,transfermarkt
2022/23,18,2023-03-18,vorskla-poltava,metalist-1925,0,0,transfermarkt
2022/23,18,2023-03-18,dynamo-kyiv,zorya-luhansk,0,1,transfermarkt
2022/23,18,2023-03-18,pfk-lviv,kryvbas,2,2,transfermarkt
2022/23,18,2023-03-18,veres-rivne,dnipro-1,0,1,transfermarkt
2022/23,18,2023-03-19,inhulets-petrove,chornomorets-odesa,1,2,transfermarkt
2022/23,18,2023-03-19,kolos-kovalivka,minaj,0,1,transfermarkt
2022/23,18,2023-03-19,shakhtar-donetsk,rukh-lviv,2,0,transfermarkt
2022/23,19,2023-04-01,minaj,inhulets-petrove,1,2,transfermarkt
2022/23,19,2023-04-01,metalist-kharkiv,kolos-kovalivka,0,0,transfermarkt
2022/23,19,2023-04-01,veres-rivne,kryvbas,1,2,transfermarkt
2022/23,19,2023-04-01,oleksandriya,vorskla-poltava,3,0,transfermarkt
2022/23,19,2023-04-02,pfk-lviv,dynamo-kyiv,0,2,transfermarkt
2022/23,19,2023-04-02,metalist-1925,dnipro-1,0,3,transfermarkt
2022/23,19,2023-04-02,chornomorets-odesa,shakhtar-donetsk,2,2,transfermarkt
2022/23,19,2023-04-02,zorya-luhansk,rukh-lviv,3,0,transfermarkt
2022/23,20,2023-04-07,vorskla-poltava,inhulets-petrove,1,0,transfermarkt
2022/23,20,2023-04-08,dynamo-kyiv,minaj,2,0,transfermarkt
2022/23,20,2023-04-08,kryvbas,zorya-luhansk,1,0,transfermarkt
2022/23,20,2023-04-08,shakhtar-donetsk,metalist-kharkiv,1,0,transfermarkt
2022/23,20,2023-04-08,rukh-lviv,veres-rivne,0,0,transfermarkt
2022/23,20,2023-04-09,dnipro-1,pfk-lviv,5,2,transfermarkt
2022/23,20,2023-04-09,oleksandriya,chornomorets-odesa,1,1,transfermarkt
2022/23,20,2023-04-09,kolos-kovalivka,metalist-1925,3,0,transfermarkt
2022/23,6,2023-04-12,pfk-lviv,shakhtar-donetsk,1,2,transfermarkt
2022/23,21,2023-04-14,minaj,kryvbas,1,0,transfermarkt
2022/23,21,2023-04-14,inhulets-petrove,kolos-kovalivka,0,1,transfermarkt
2022/23,21,2023-04-14,rukh-lviv,dynamo-kyiv,1,1,transfermarkt
2022/23,21,2023-04-15,metalist-kharkiv,veres-rivne,5,5,transfermarkt
2022/23,21,2023-04-15,zorya-luhansk,dnipro-1,2,1,transfermarkt
2022/23,21,2023-04-15,metalist-1925,oleksandriya,0,0,transfermarkt
2022/23,21,2023-04-16,shakhtar-donetsk,pfk-lviv,2,0,transfermarkt
2022/23,21,2023-04-16,chornomorets-odesa,vorskla-poltava,0,1,transfermarkt
2022/23,10,2023-04-19,inhulets-petrove,rukh-lviv,1,0,transfermarkt
2022/23,22,2023-04-21,kolos-kovalivka,zorya-luhansk,0,1,transfermarkt
2022/23,22,2023-04-22,vorskla-poltava,metalist-kharkiv,3,2,transfermarkt
2022/23,22,2023-04-22,veres-rivne,minaj,1,1,transfermarkt
2022/23,22,2023-04-22,dynamo-kyiv,shakhtar-donetsk,1,1,transfermarkt
2022/23,22,2023-04-23,pfk-lviv,metalist-1925,0,2,transfermarkt
2022/23,22,2023-04-23,kryvbas,chornomorets-odesa,2,3,transfermarkt
2022/23,22,2023-04-24,dnipro-1,rukh-lviv,3,2,transfermarkt
2022/23,22,2023-04-24,oleksandriya,inhulets-petrove,0,0,transfermarkt
2022/23,23,2023-04-28,metalist-kharkiv,dynamo-kyiv,1,3,transfermarkt
2022/23,23,2023-04-28,veres-rivne,pfk-lviv,3,2,transfermarkt
2022/23,23,2023-04-28,kolos-kovalivka,shakhtar-donetsk,1,3,transfermarkt
2022/23,23,2023-04-29,zorya-luhansk,chornomorets-odesa,3,1,transfermarkt
2022/23,23,2023-04-29,minaj,metalist-1925,1,1,transfermarkt
2022/23,23,2023-04-29,inhulets-petrove,dnipro-1,0,2,transfermarkt
2022/23,23,2023-04-29,rukh-lviv,vorskla-poltava,1,1,transfermarkt
2022/23,23,2023-04-29,kryvbas,oleksandriya,2,1,transfermarkt
2022/23,24,2023-05-03,shakhtar-donetsk,minaj,1,0,transfermarkt
2022/23,24,2023-05-03,dnipro-1,metalist-kharkiv,5,0,transfermarkt
2022/23,24,2023-05-03,pfk-lviv,oleksandriya,0,1,transfermarkt
2022/23,24,2023-05-03,zorya-luhansk,veres-rivne,1,0,transfermarkt
2022/23,24,2023-05-03,chornomorets-odesa,kolos-kovalivka,3,0,transfermarkt
2022/23,24,2023-05-04,inhulets-petrove,kryvbas,0,0,transfermarkt
2022/23,24,2023-05-04,metalist-1925,rukh-lviv,0,0,transfermarkt
2022/23,24,2023-05-04,vorskla-poltava,dynamo-kyiv,1,2,transfermarkt
2022/23,25,2023-05-07,chornomorets-odesa,dnipro-1,1,2,transfermarkt
2022/23,25,2023-05-07,metalist-kharkiv,pfk-lviv,1,0,transfermarkt
2022/23,25,2023-05-07,oleksandriya,shakhtar-donetsk,1,1,transfermarkt
2022/23,25,2023-05-08,kryvbas,dynamo-kyiv,0,1,transfermarkt
2022/23,25,2023-05-08,minaj,vorskla-poltava,2,0,transfermarkt
2022/23,25,2023-05-08,rukh-lviv,inhulets-petrove,3,0,transfermarkt
2022/23,25,2023-05-08,veres-rivne,kolos-kovalivka,0,1,transfermarkt
2022/23,25,2023-05-08,zorya-luhansk,metalist-1925,3,0,transfermarkt
2022/23,1,2023-05-11,dnipro-1,oleksandriya,1,1,transfermarkt
2022/23,26,2023-05-13,dynamo-kyiv,chornomorets-odesa,2,3,transfermarkt
2022/23,26,2023-05-13,inhulets-petrove,shakhtar-donetsk,0,2,transfermarkt
2022/23,26,2023-05-14,metalist-kharkiv,zorya-luhansk,0,5,transfermarkt
2022/23,26,2023-05-14,pfk-lviv,vorskla-poltava,0,2,transfermarkt
2022/23,26,2023-05-14,veres-rivne,metalist-1925,1,0,transfermarkt
2022/23,26,2023-05-14,kryvbas,rukh-lviv,1,0,transfermarkt
2022/23,26,2023-05-15,minaj,dnipro-1,0,1,transfermarkt
2022/23,26,2023-05-15,kolos-kovalivka,oleksandriya,0,2,transfermarkt
2022/23,27,2023-05-19,dnipro-1,kolos-kovalivka,2,1,transfermarkt
2022/23,27,2023-05-19,vorskla-poltava,kryvbas,1,0,transfermarkt
2022/23,27,2023-05-19,shakhtar-donetsk,veres-rivne,2,1,transfermarkt
2022/23,27,2023-05-20,chornomorets-odesa,minaj,0,1,transfermarkt
2022/23,27,2023-05-20,zorya-luhansk,inhulets-petrove,2,0,transfermarkt
2022/23,27,2023-05-20,oleksandriya,dynamo-kyiv,1,5,transfermarkt
2022/23,27,2023-05-21,metalist-1925,metalist-kharkiv,2,0,transfermarkt
2022/23,27,2023-05-21,rukh-lviv,pfk-lviv,2,0,transfermarkt
2022/23,28,2023-05-24,kolos-kovalivka,dynamo-kyiv,0,3,transfermarkt
2022/23,28,2023-05-24,dnipro-1,vorskla-poltava,1,2,transfermarkt
2022/23,28,2023-05-24,veres-rivne,oleksandriya,2,2,transfermarkt
2022/23,28,2023-05-24,zorya-luhansk,shakhtar-donetsk,0,3,transfermarkt
2022/23,28,2023-05-25,minaj,rukh-lviv,0,0,transfermarkt
2022/23,28,2023-05-25,inhulets-petrove,metalist-1925,0,0,transfermarkt
2022/23,28,2023-05-25,pfk-lviv,chornomorets-odesa,0,1,transfermarkt
2022/23,28,2023-05-25,kryvbas,metalist-kharkiv,2,0,transfermarkt
2022/23,29,2023-05-28,shakhtar-donetsk,dnipro-1,3,0,transfermarkt
2022/23,29,2023-05-28,oleksandriya,zorya-luhansk,0,2,transfermarkt
2022/23,29,2023-05-29,dynamo-kyiv,veres-rivne,3,0,transfermarkt
2022/23,29,2023-05-29,metalist-kharkiv,minaj,1,2,transfermarkt
2022/23,29,2023-05-29,vorskla-poltava,kolos-kovalivka,2,0,transfermarkt
2022/23,29,2023-05-29,pfk-lviv,inhulets-petrove,0,2,transfermarkt
2022/23,29,2023-05-29,chornomorets-odesa,rukh-lviv,1,3,transfermarkt
2022/23,29,2023-05-29,metalist-1925,kryvbas,0,2,transfermarkt
2022/23,30,2023-06-04,vorskla-poltava,shakhtar-donetsk,2,1,transfermarkt
2022/23,30,2023-06-04,metalist-1925,dynamo-kyiv,1,1,transfermarkt
2022/23,30,2023-06-04,minaj,zorya-luhansk,3,0,transfermarkt
2022/23,30,2023-06-04,dnipro-1,kryvbas,1,0,transfermarkt
2022/23,30,2023-06-04,metalist-kharkiv,chornomorets-odesa,0,3,transfermarkt
2022/23,30,2023-06-04,rukh-lviv,oleksandriya,0,0,transfermarkt
2022/23,30,2023-06-04,veres-rivne,inhulets-petrove,1,0,transfermarkt
2022/23,30,2023-06-04,kolos-kovalivka,pfk-lviv,1,0,transfermarkt
2023/24,1,2023-07-28,obolon-kyiv,kolos-kovalivka,0,0,transfermarkt
2023/24,1,2023-07-28,veres-rivne,polissya-zhytomyr,0,2,transfermarkt
2023/24,1,2023-07-29,rukh-lviv,zorya-luhansk,2,1,transfermarkt
2023/24,1,2023-07-29,metalist-1925,shakhtar-donetsk,1,2,transfermarkt
2023/24,1,2023-07-30,lnz-cherkasy,chornomorets-odesa,0,2,transfermarkt
2023/24,1,2023-07-30,dynamo-kyiv,minaj,4,1,transfermarkt
2023/24,1,2023-07-30,oleksandriya,kryvbas,1,0,transfermarkt
2023/24,2,2023-08-02,veres-rivne,shakhtar-donetsk,1,1,transfermarkt
2023/24,2,2023-08-04,obolon-kyiv,dynamo-kyiv,2,4,transfermarkt
2023/24,2,2023-08-05,minaj,lnz-cherkasy,0,3,transfermarkt
2023/24,2,2023-08-05,oleksandriya,metalist-1925,1,0,transfermarkt
2023/24,2,2023-08-06,dnipro-1,polissya-zhytomyr,2,1,transfermarkt
2023/24,2,2023-08-06,kolos-kovalivka,chornomorets-odesa,2,0,transfermarkt
2023/24,2,2023-08-06,zorya-luhansk,kryvbas,1,3,transfermarkt
2023/24,2,2023-08-06,rukh-lviv,vorskla-poltava,4,1,transfermarkt
2023/24,3,2023-08-12,chornomorets-odesa,obolon-kyiv,2,0,transfermarkt
2023/24,3,2023-08-12,kolos-kovalivka,veres-rivne,2,0,transfermarkt
2023/24,3,2023-08-12,polissya-zhytomyr,rukh-lviv,0,1,transfermarkt
2023/24,3,2023-08-13,minaj,dnipro-1,1,1,transfermarkt
2023/24,3,2023-08-13,vorskla-poltava,zorya-luhansk,1,2,transfermarkt
2023/24,3,2023-08-13,kryvbas,lnz-cherkasy,2,0,transfermarkt
2023/24,3,2023-08-14,shakhtar-donetsk,oleksandriya,2,1,transfermarkt
2023/24,4,2023-08-18,lnz-cherkasy,polissya-zhytomyr,1,2,transfermarkt
2023/24,4,2023-08-18,zorya-luhansk,oleksandriya,0,0,transfermarkt
2023/24,4,2023-08-19,veres-rivne,vorskla-poltava,1,2,transfermarkt
2023/24,4,2023-08-19,metalist-1925,minaj,1,0,transfermarkt
2023/24,4,2023-08-19,rukh-lviv,kolos-kovalivka,1,1,transfermarkt
2023/24,4,2023-08-20,dnipro-1,obolon-kyiv,1,2,transfermarkt
2023/24,4,2023-08-20,chornomorets-odesa,dynamo-kyiv,3,2,transfermarkt
2023/24,4,2023-08-20,kryvbas,shakhtar-donetsk,3,3,transfermarkt
2023/24,5,2023-08-26,lnz-cherkasy,metalist-1925,0,1,transfermarkt
2023/24,5,2023-08-26,oleksandriya,polissya-zhytomyr,0,3,transfermarkt
2023/24,5,2023-08-27,minaj,zorya-luhansk,1,1,transfermarkt
2023/24,5,2023-08-27,kolos-kovalivka,shakhtar-donetsk,0,2,transfermarkt
2023/24,5,2023-08-27,vorskla-poltava,chornomorets-odesa,2,1,transfermarkt
2023/24,5,2023-08-28,obolon-kyiv,kryvbas,0,0,transfermarkt
2023/24,6,2023-09-01,veres-rivne,chornomorets-odesa,3,1,transfermarkt
2023/24,6,2023-09-02,minaj,shakhtar-donetsk,1,4,transfermarkt
2023/24,6,2023-09-02,polissya-zhytomyr,obolon-kyiv,2,0,transfermarkt
2023/24,6,2023-09-02,vorskla-poltava,oleksandriya,1,0,transfermarkt
2023/24,6,2023-09-03,dnipro-1,lnz-cherkasy,0,0,transfermarkt
2023/24,6,2023-09-03,kolos-kovalivka,kryvbas,0,3,transfermarkt
2023/24,6,2023-09-03,rukh-lviv,metalist-1925,1,1,transfermarkt
2023/24,7,2023-09-15,metalist-1925,zorya-luhansk,2,1,transfermarkt
2023/24,7,2023-09-16,chornomorets-odesa,polissya-zhytomyr,1,0,transfermarkt
2023/24,7,2023-09-16,shakhtar-donetsk,obolon-kyiv,1,0,transfermarkt
2023/24,7,2023-09-16,oleksandriya,minaj,1,1,transfermarkt
2023/24,7,2023-09-17,lnz-cherkasy,rukh-lviv,2,1,transfermarkt
2023/24,7,2023-09-17,dnipro-1,kolos-kovalivka,1,1,transfermarkt
2023/24,7,2023-09-17,kryvbas,veres-rivne,2,1,transfermarkt
2023/24,7,2023-09-18,dynamo-kyiv,vorskla-poltava,2,0,transfermarkt
2023/24,8,2023-09-22,obolon-kyiv,veres-rivne,0,0,transfermarkt
2023/24,8,2023-09-22,oleksandriya,chornomorets-odesa,1,5,transfermarkt
2023/24,8,2023-09-23,lnz-cherkasy,dynamo-kyiv,2,4,transfermarkt
2023/24,8,2023-09-23,polissya-zhytomyr,minaj,2,1,transfermarkt
2023/24,8,2023-09-23,vorskla-poltava,kryvbas,1,4,transfermarkt
2023/24,8,2023-09-23,rukh-lviv,shakhtar-donetsk,1,1,transfermarkt
2023/24,8,2023-09-24,zorya-luhansk,dnipro-1,0,1,transfermarkt
2023/24,8,2023-09-24,metalist-1925,kolos-kovalivka,0,0,transfermarkt
2023/24,9,2023-09-30,veres-rivne,lnz-cherkasy,0,0,transfermarkt
2023/24,9,2023-09-30,shakhtar-donetsk,vorskla-poltava,1,2,transfermarkt
2023/24,9,2023-09-30,chornomorets-odesa,zorya-luhansk,0,0,transfermarkt
2023/24,9,2023-10-01,minaj,obolon-kyiv,0,1,transfermarkt
2023/24,9,2023-10-01,kryvbas,rukh-lviv,1,3,transfermarkt
2023/24,9,2023-10-01,kolos-kovalivka,polissya-zhytomyr,0,0,transfermarkt
2023/24,9,2023-10-01,dynamo-kyiv,oleksandriya,4,2,transfermarkt
2023/24,9,2023-10-02,dnipro-1,metalist-1925,1,0,transfermarkt
2023/24,10,2023-10-06,polissya-zhytomyr,dynamo-kyiv,3,2,transfermarkt
2023/24,10,2023-10-07,dnipro-1,veres-rivne,2,0,transfermarkt
2023/24,10,2023-10-07,lnz-cherkasy,oleksandriya,0,0,transfermarkt
2023/24,10,2023-10-07,kolos-kovalivka,vorskla-poltava,0,0,transfermarkt
2023/24,10,2023-10-08,obolon-kyiv,metalist-1925,1,0,transfermarkt
2023/24,10,2023-10-08,rukh-lviv,minaj,0,0,transfermarkt
2023/24,10,2023-10-08,kryvbas,chornomorets-odesa,1,0,transfermarkt
2023/24,11,2023-10-20,obolon-kyiv,zorya-luhansk,2,4,transfermarkt
2023/24,11,2023-10-20,metalist-1925,kryvbas,1,3,transfermarkt
2023/24,11,2023-10-21,chornomorets-odesa,minaj,3,0,transfermarkt
2023/24,11,2023-10-21,shakhtar-donetsk,lnz-cherkasy,3,0,transfermarkt
2023/24,11,2023-10-21,oleksandriya,kolos-kovalivka,0,1,transfermarkt
2023/24,11,2023-10-22,veres-rivne,rukh-lviv,2,5,transfermarkt
2023/24,11,2023-10-22,vorskla-poltava,polissya-zhytomyr,0,3,transfermarkt
2023/24,11,2023-10-22,dynamo-kyiv,dnipro-1,0,1,transfermarkt
2023/24,1,2023-10-25,vorskla-poltava,dnipro-1,2,3,transfermarkt
2023/24,12,2023-10-28,kryvbas,dnipro-1,3,0,transfermarkt
2023/24,12,2023-10-28,kolos-kovalivka,dynamo-kyiv,1,1,transfermarkt
2023/24,12,2023-10-28,zorya-luhansk,polissya-zhytomyr,0,1,transfermarkt
2023/24,12,2023-10-28,rukh-lviv,oleksandriya,0,0,transfermarkt
2023/24,12,2023-10-29,lnz-cherkasy,obolon-kyiv,3,0,transfermarkt
2023/24,12,2023-10-29,minaj,veres-rivne,0,0,transfermarkt
2023/24,12,2023-10-29,vorskla-poltava,metalist-1925,2,2,transfermarkt
2023/24,5,2023-11-01,rukh-lviv,dnipro-1,0,2,transfermarkt
2023/24,13,2023-11-03,dynamo-kyiv,shakhtar-donetsk,0,1,transfermarkt
2023/24,13,2023-11-04,lnz-cherkasy,kolos-kovalivka,1,1,transfermarkt
2023/24,13,2023-11-05,minaj,vorskla-poltava,0,0,transfermarkt
2023/24,13,2023-11-05,metalist-1925,chornomorets-odesa,2,1,transfermarkt
2023/24,13,2023-11-05,veres-rivne,zorya-luhansk,2,2,transfermarkt
2023/24,13,2023-11-06,polissya-zhytomyr,kryvbas,1,1,transfermarkt
2023/24,13,2023-11-06,dnipro-1,oleksandriya,1,0,transfermarkt
2023/24,13,2023-11-06,rukh-lviv,obolon-kyiv,2,2,transfermarkt
2023/24,14,2023-11-10,kolos-kovalivka,minaj,2,0,transfermarkt
2023/24,14,2023-11-11,obolon-kyiv,vorskla-poltava,0,1,transfermarkt
2023/24,14,2023-11-11,polissya-zhytomyr,metalist-1925,2,1,transfermarkt
2023/24,14,2023-11-11,oleksandriya,veres-rivne,1,0,transfermarkt
2023/24,14,2023-11-12,kryvbas,dynamo-kyiv,0,2,transfermarkt
2023/24,14,2023-11-12,zorya-luhansk,lnz-cherkasy,1,2,transfermarkt
2023/24,14,2023-11-12,chornomorets-odesa,rukh-lviv,2,3,transfermarkt
2023/24,14,2023-11-12,shakhtar-donetsk,dnipro-1,1,3,transfermarkt
2023/24,15,2023-11-24,shakhtar-donetsk,polissya-zhytomyr,0,0,transfermarkt
2023/24,15,2023-11-25,minaj,kryvbas,0,1,transfermarkt
2023/24,15,2023-11-25,veres-rivne,metalist-1925,4,3,transfermarkt
2023/24,15,2023-11-25,vorskla-poltava,lnz-cherkasy,0,0,transfermarkt
2023/24,15,2023-11-26,dynamo-kyiv,rukh-lviv,2,0,transfermarkt
2023/24,15,2023-11-27,dnipro-1,chornomorets-odesa,5,2,transfermarkt
2023/24,16,2023-12-01,polissya-zhytomyr,veres-rivne,1,1,transfermarkt
2023/24,16,2023-12-02,kolos-kovalivka,obolon-kyiv,0,0,transfermarkt
2023/24,16,2023-12-02,kryvbas,oleksandriya,2,1,transfermarkt
2023/24,16,2023-12-02,dnipro-1,vorskla-poltava,1,2,transfermarkt
2023/24,16,2023-12-03,chornomorets-odesa,lnz-cherkasy,1,3,transfermarkt
2023/24,16,2023-12-03,shakhtar-donetsk,metalist-1925,2,0,transfermarkt
2023/24,16,2023-12-04,zorya-luhansk,rukh-lviv,0,0,transfermarkt
2023/24,3,2023-12-07,dynamo-kyiv,metalist-1925,4,2,transfermarkt
2023/24,17,2023-12-08,polissya-zhytomyr,dnipro-1,1,1,transfermarkt
2023/24,17,2023-12-08,shakhtar-donetsk,veres-rivne,2,0,transfermarkt
2023/24,17,2023-12-09,kryvbas,zorya-luhansk,2,2,transfermarkt
2023/24,17,2023-12-10,vorskla-poltava,rukh-lviv,1,1,transfermarkt
2023/24,17,2023-12-10,chornomorets-odesa,kolos-kovalivka,1,0,transfermarkt
2023/24,17,2023-12-11,metalist-1925,oleksandriya,0,3,transfermarkt
2023/24,17,2023-12-11,dynamo-kyiv,obolon-kyiv,2,0,transfermarkt
2023/24,18,2024-02-23,lnz-cherkasy,kryvbas,0,3,transfermarkt
2023/24,18,2024-02-25,veres-rivne,kolos-kovalivka,0,2,transfermarkt
2023/24,18,2024-02-25,dnipro-1,minaj,1,1,transfermarkt
2023/24,18,2024-02-25,metalist-1925,dynamo-kyiv,2,4,transfermarkt
2023/24,18,2024-02-25,rukh-lviv,polissya-zhytomyr,1,1,transfermarkt
2023/24,18,2024-02-26,zorya-luhansk,vorskla-poltava,1,0,transfermarkt
2023/24,18,2024-02-26,oleksandriya,shakhtar-donetsk,0,3,transfermarkt
2023/24,18,2024-02-26,obolon-kyiv,chornomorets-odesa,1,1,transfermarkt
2023/24,19,2024-03-01,polissya-zhytomyr,lnz-cherkasy,0,1,transfermarkt
2023/24,19,2024-03-02,minaj,metalist-1925,2,0,transfermarkt
2023/24,19,2024-03-02,vorskla-poltava,veres-rivne,2,1,transfermarkt
2023/24,19,2024-03-02,dynamo-kyiv,chornomorets-odesa,1,0,transfermarkt
2023/24,19,2024-03-02,kolos-kovalivka,rukh-lviv,0,1,transfermarkt
2023/24,19,2024-03-03,obolon-kyiv,dnipro-1,0,1,transfermarkt
2023/24,19,2024-03-03,oleksandriya,zorya-luhansk,0,0,transfermarkt
2023/24,19,2024-03-03,shakhtar-donetsk,kryvbas,5,2,transfermarkt
2023/24,20,2024-03-07,zorya-luhansk,minaj,2,0,transfermarkt
2023/24,20,2024-03-07,veres-rivne,dynamo-kyiv,1,1,transfermarkt
2023/24,20,2024-03-08,dnipro-1,rukh-lviv,0,1,transfermarkt
2023/24,20,2024-03-08,metalist-1925,lnz-cherkasy,1,1,transfermarkt
2023/24,20,2024-03-08,shakhtar-donetsk,kolos-kovalivka,3,2,transfermarkt
2023/24,20,2024-03-09,chornomorets-odesa,vorskla-poltava,0,1,transfermarkt
2023/24,20,2024-03-09,polissya-zhytomyr,oleksandriya,1,2,transfermarkt
2023/24,20,2024-03-09,kryvbas,obolon-kyiv,1,0,transfermarkt
2023/24,21,2024-03-12,lnz-cherkasy,dnipro-1,1,1,transfermarkt
2023/24,21,2024-03-12,dynamo-kyiv,zorya-luhansk,2,0,transfermarkt
2023/24,21,2024-03-12,shakhtar-donetsk,minaj,2,0,transfermarkt
2023/24,21,2024-03-15,oleksandriya,vorskla-poltava,1,0,transfermarkt
2023/24,21,2024-03-16,metalist-1925,rukh-lviv,1,4,transfermarkt
2023/24,21,2024-03-16,obolon-kyiv,polissya-zhytomyr,1,0,transfermarkt
2023/24,21,2024-03-16,kryvbas,kolos-kovalivka,1,0,transfermarkt
2023/24,21,2024-03-17,chornomorets-odesa,veres-rivne,0,1,transfermarkt
2023/24,17,2024-03-23,lnz-cherkasy,minaj,1,2,transfermarkt
2023/24,22,2024-03-30,obolon-kyiv,shakhtar-donetsk,0,3,transfermarkt
2023/24,22,2024-03-30,polissya-zhytomyr,chornomorets-odesa,1,4,transfermarkt
2023/24,22,2024-03-30,veres-rivne,kryvbas,0,2,transfermarkt
2023/24,22,2024-03-31,minaj,oleksandriya,2,2,transfermarkt
2023/24,22,2024-03-31,zorya-luhansk,metalist-1925,2,1,transfermarkt
2023/24,22,2024-03-31,vorskla-poltava,dynamo-kyiv,1,5,transfermarkt
2023/24,22,2024-03-31,kolos-kovalivka,dnipro-1,0,2,transfermarkt
2023/24,22,2024-04-01,rukh-lviv,lnz-cherkasy,1,0,transfermarkt
2023/24,6,2024-04-04,zorya-luhansk,dynamo-kyiv,0,3,transfermarkt
2023/24,23,2024-04-06,veres-rivne,obolon-kyiv,3,0,transfermarkt
2023/24,23,2024-04-07,chornomorets-odesa,oleksandriya,3,2,transfermarkt
2023/24,23,2024-04-07,kolos-kovalivka,metalist-1925,1,1,transfermarkt
2023/24,23,2024-04-07,shakhtar-donetsk,rukh-lviv,3,1,transfermarkt
2023/24,23,2024-04-08,minaj,polissya-zhytomyr,2,3,transfermarkt
2023/24,23,2024-04-08,dynamo-kyiv,lnz-cherkasy,1,1,transfermarkt
2023/24,23,2024-04-08,kryvbas,vorskla-poltava,1,1,transfermarkt
2023/24,23,2024-04-09,dnipro-1,zorya-luhansk,2,2,transfermarkt
2023/24,24,2024-04-13,obolon-kyiv,minaj,1,1,transfermarkt
2023/24,24,2024-04-13,oleksandriya,dynamo-kyiv,0,1,transfermarkt
2023/24,24,2024-04-13,rukh-lviv,kryvbas,1,1,transfermarkt
2023/24,24,2024-04-14,vorskla-poltava,shakhtar-donetsk,0,1,transfermarkt
2023/24,24,2024-04-14,zorya-luhansk,chornomorets-odesa,1,0,transfermarkt
2023/24,24,2024-04-14,polissya-zhytomyr,kolos-kovalivka,1,0,transfermarkt
2023/24,24,2024-04-15,lnz-cherkasy,veres-rivne,1,0,transfermarkt
2023/24,24,2024-04-15,metalist-1925,dnipro-1,1,1,transfermarkt
2023/24,15,2024-04-17,oleksandriya,obolon-kyiv,2,2,transfermarkt
2023/24,16,2024-04-17,minaj,dynamo-kyiv,1,3,transfermarkt
2023/24,10,2024-04-18,zorya-luhansk,shakhtar-donetsk,1,3,transfermarkt
2023/24,25,2024-04-20,chornomorets-odesa,kryvbas,1,2,transfermarkt
2023/24,25,2024-04-20,vorskla-poltava,kolos-kovalivka,0,2,transfermarkt
2023/24,25,2024-04-21,veres-rivne,dnipro-1,1,1,transfermarkt
2023/24,25,2024-04-21,oleksandriya,lnz-cherkasy,1,2,transfermarkt
2023/24,25,2024-04-21,dynamo-kyiv,polissya-zhytomyr,3,0,transfermarkt
2023/24,25,2024-04-22,minaj,rukh-lviv,1,1,transfermarkt
2023/24,25,2024-04-22,metalist-1925,obolon-kyiv,1,1,transfermarkt
2023/24,25,2024-04-22,shakhtar-donetsk,zorya-luhansk,2,1,transfermarkt
2023/24,26,2024-04-27,minaj,chornomorets-odesa,2,0,transfermarkt
2023/24,26,2024-04-27,dnipro-1,dynamo-kyiv,1,2,transfermarkt
2023/24,26,2024-04-27,lnz-cherkasy,shakhtar-donetsk,0,3,transfermarkt
2023/24,26,2024-04-27,rukh-lviv,veres-rivne,3,1,transfermarkt
2023/24,26,2024-04-28,zorya-luhansk,obolon-kyiv,0,0,transfermarkt
2023/24,26,2024-04-28,kolos-kovalivka,oleksandriya,0,0,transfermarkt
2023/24,26,2024-04-28,kryvbas,metalist-1925,3,0,transfermarkt
2023/24,26,2024-04-29,polissya-zhytomyr,vorskla-poltava,1,0,transfermarkt
2023/24,5,2024-05-01,dynamo-kyiv,veres-rivne,3,0,transfermarkt
2023/24,12,2024-05-01,chornomorets-odesa,shakhtar-donetsk,1,4,transfermarkt
2023/24,27,2024-05-04,oleksandriya,rukh-lviv,2,2,transfermarkt
2023/24,27,2024-05-04,obolon-kyiv,lnz-cherkasy,1,0,transfermarkt
2023/24,27,2024-05-04,metalist-1925,vorskla-poltava,3,2,transfermarkt
2023/24,27,2024-05-05,polissya-zhytomyr,zorya-luhansk,1,1,transfermarkt
2023/24,27,2024-05-05,dynamo-kyiv,kolos-kovalivka,5,0,transfermarkt
2023/24,27,2024-05-05,shakhtar-donetsk,chornomorets-odesa,3,0,transfermarkt
2023/24,27,2024-05-06,dnipro-1,kryvbas,1,0,transfermarkt
2023/24,27,2024-05-06,veres-rivne,minaj,3,1,transfermarkt
2023/24,15,2024-05-09,kolos-kovalivka,zorya-luhansk,0,1,transfermarkt
2023/24,28,2024-05-11,vorskla-poltava,minaj,2,3,transfermarkt
2023/24,28,2024-05-11,obolon-kyiv,rukh-lviv,0,0,transfermarkt
2023/24,28,2024-05-11,shakhtar-donetsk,dynamo-kyiv,1,0,transfermarkt
2023/24,28,2024-05-12,oleksandriya,dnipro-1,1,0,transfermarkt
2023/24,28,2024-05-12,chornomorets-odesa,metalist-1925,3,0,transfermarkt
2023/24,28,2024-05-13,kryvbas,polissya-zhytomyr,0,1,transfermarkt
2023/24,28,2024-05-13,kolos-kovalivka,lnz-cherkasy,1,3,transfermarkt
2023/24,28,2024-05-13,zorya-luhansk,veres-rivne,1,1,transfermarkt
2023/24,29,2024-05-18,dynamo-kyiv,kryvbas,3,1,transfermarkt
2023/24,29,2024-05-19,lnz-cherkasy,zorya-luhansk,2,1,transfermarkt
2023/24,29,2024-05-19,metalist-1925,polissya-zhytomyr,3,3,transfermarkt
2023/24,29,2024-05-19,minaj,kolos-kovalivka,3,2,transfermarkt
2023/24,29,2024-05-19,veres-rivne,oleksandriya,2,2,transfermarkt
2023/24,29,2024-05-19,vorskla-poltava,obolon-kyiv,3,1,transfermarkt
2023/24,29,2024-05-19,rukh-lviv,chornomorets-odesa,2,0,transfermarkt
2023/24,29,2024-05-19,dnipro-1,shakhtar-donetsk,1,1,transfermarkt
2023/24,30,2024-05-24,lnz-cherkasy,vorskla-poltava,1,0,transfermarkt
2023/24,30,2024-05-25,kryvbas,minaj,3,0,transfermarkt
2023/24,30,2024-05-25,obolon-kyiv,oleksandriya,0,3,transfermarkt
2023/24,30,2024-05-25,chornomorets-odesa,dnipro-1,0,2,transfermarkt
2023/24,30,2024-05-25,zorya-luhansk,kolos-kovalivka,0,1,transfermarkt
2023/24,30,2024-05-25,rukh-lviv,dynamo-kyiv,1,2,transfermarkt
2023/24,30,2024-05-25,polissya-zhytomyr,shakhtar-donetsk,2,0,transfermarkt
2023/24,30,2024-05-25,metalist-1925,veres-rivne,1,2,transfermarkt
2024/25,1,2024-08-03,veres-rivne,karpaty-lviv,0,0,transfermarkt
2024/25,1,2024-08-03,kryvbas,chornomorets-odesa,1,0,transfermarkt
2024/25,1,2024-08-04,lnz-cherkasy,livyi-bereh-kyiv,1,0,transfermarkt
2024/25,1,2024-08-04,vorskla-poltava,shakhtar-donetsk,0,5,transfermarkt
2024/25,1,2024-08-04,obolon-kyiv,kolos-kovalivka,2,2,transfermarkt
2024/25,1,2024-08-04,zorya-luhansk,inhulets-petrove,2,1,transfermarkt
2024/25,2,2024-08-09,livyi-bereh-kyiv,vorskla-poltava,0,3,transfermarkt
2024/25,2,2024-08-09,veres-rivne,dynamo-kyiv,1,2,transfermarkt
2024/25,2,2024-08-10,chornomorets-odesa,zorya-luhansk,0,1,transfermarkt
2024/25,2,2024-08-10,kolos-kovalivka,inhulets-petrove,0,0,transfermarkt
2024/25,2,2024-08-11,obolon-kyiv,rukh-lviv,0,4,transfermarkt
2024/25,2,2024-08-11,karpaty-lviv,kryvbas,3,0,transfermarkt
2024/25,2,2024-08-11,shakhtar-donetsk,polissya-zhytomyr,0,1,transfermarkt
2024/25,2,2024-08-12,lnz-cherkasy,oleksandriya,0,2,transfermarkt
2024/25,3,2024-08-16,chornomorets-odesa,kolos-kovalivka,1,0,transfermarkt
2024/25,3,2024-08-16,vorskla-poltava,obolon-kyiv,2,0,transfermarkt
2024/25,3,2024-08-17,zorya-luhansk,oleksandriya,1,2,transfermarkt
2024/25,3,2024-08-17,polissya-zhytomyr,inhulets-petrove,1,1,transfermarkt
2024/25,3,2024-08-17,karpaty-lviv,dynamo-kyiv,1,3,transfermarkt
2024/25,3,2024-08-18,lnz-cherkasy,rukh-lviv,3,1,transfermarkt
2024/25,3,2024-08-18,veres-rivne,kryvbas,0,2,transfermarkt
2024/25,3,2024-08-18,livyi-bereh-kyiv,shakhtar-donetsk,0,1,transfermarkt
2024/25,4,2024-08-24,oleksandriya,shakhtar-donetsk,4,3,transfermarkt
2024/25,4,2024-08-25,polissya-zhytomyr,obolon-kyiv,4,0,transfermarkt
2024/25,4,2024-08-25,rukh-lviv,zorya-luhansk,3,0,transfermarkt
2024/25,4,2024-08-25,kryvbas,inhulets-petrove,1,1,transfermarkt
2024/25,4,2024-08-26,livyi-bereh-kyiv,chornomorets-odesa,1,0,transfermarkt
2024/25,4,2024-08-26,kolos-kovalivka,veres-rivne,0,1,transfermarkt
2024/25,4,2024-08-26,lnz-cherkasy,karpaty-lviv,2,1,transfermarkt
2024/25,5,2024-08-30,obolon-kyiv,zorya-luhansk,0,2,transfermarkt
2024/25,5,2024-08-30,rukh-lviv,inhulets-petrove,5,0,transfermarkt
2024/25,5,2024-08-31,karpaty-lviv,vorskla-poltava,1,1,transfermarkt
2024/25,5,2024-08-31,oleksandriya,kolos-kovalivka,2,1,transfermarkt
2024/25,5,2024-08-31,chornomorets-odesa,polissya-zhytomyr,1,4,transfermarkt
2024/25,5,2024-09-01,veres-rivne,livyi-bereh-kyiv,1,3,transfermarkt
2024/25,5,2024-09-01,dynamo-kyiv,lnz-cherkasy,1,0,transfermarkt
2024/25,6,2024-09-13,obolon-kyiv,oleksandriya,0,0,transfermarkt
2024/25,6,2024-09-14,chornomorets-odesa,inhulets-petrove,1,0,transfermarkt
2024/25,6,2024-09-14,zorya-luhansk,dynamo-kyiv,0,2,transfermarkt
2024/25,6,2024-09-14,shakhtar-donetsk,karpaty-lviv,5,2,transfermarkt
2024/25,6,2024-09-15,vorskla-poltava,rukh-lviv,0,0,transfermarkt
2024/25,6,2024-09-15,livyi-bereh-kyiv,kryvbas,0,1,transfermarkt
2024/25,6,2024-09-15,polissya-zhytomyr,veres-rivne,2,1,transfermarkt
2024/25,6,2024-09-16,kolos-kovalivka,lnz-cherkasy,1,1,transfermarkt
2024/25,4,2024-09-18,dynamo-kyiv,vorskla-poltava,3,1,transfermarkt
2024/25,7,2024-09-21,chornomorets-odesa,karpaty-lviv,0,1,transfermarkt
2024/25,7,2024-09-21,oleksandriya,livyi-bereh-kyiv,2,0,transfermarkt
2024/25,7,2024-09-21,dynamo-kyiv,rukh-lviv,0,0,transfermarkt
2024/25,7,2024-09-22,veres-rivne,inhulets-petrove,2,2,transfermarkt
2024/25,7,2024-09-22,kryvbas,vorskla-poltava,1,1,transfermarkt
2024/25,7,2024-09-22,polissya-zhytomyr,lnz-cherkasy,1,1,transfermarkt
2024/25,7,2024-09-23,kolos-kovalivka,zorya-luhansk,1,0,transfermarkt
2024/25,7,2024-09-23,shakhtar-donetsk,obolon-kyiv,4,0,transfermarkt
2024/25,8,2024-09-27,veres-rivne,shakhtar-donetsk,1,1,transfermarkt
2024/25,8,2024-09-28,kryvbas,oleksandriya,0,1,transfermarkt
2024/25,8,2024-09-28,lnz-cherkasy,chornomorets-odesa,1,1,transfermarkt
2024/25,8,2024-09-28,karpaty-lviv,polissya-zhytomyr,1,3,transfermarkt
2024/25,8,2024-09-29,obolon-kyiv,inhulets-petrove,2,1,transfermarkt
2024/25,8,2024-09-29,rukh-lviv,kolos-kovalivka,0,0,transfermarkt
2024/25,8,2024-09-29,livyi-bereh-kyiv,dynamo-kyiv,0,3,transfermarkt
2024/25,8,2024-09-30,zorya-luhansk,vorskla-poltava,2,0,transfermarkt
2024/25,9,2024-10-04,chornomorets-odesa,obolon-kyiv,1,0,transfermarkt
2024/25,9,2024-10-04,karpaty-lviv,inhulets-petrove,0,0,transfermarkt
2024/25,9,2024-10-05,veres-rivne,zorya-luhansk,2,1,transfermarkt
2024/25,9,2024-10-05,oleksandriya,rukh-lviv,1,1,transfermarkt
2024/25,9,2024-10-05,kolos-kovalivka,livyi-bereh-kyiv,0,0,transfermarkt
2024/25,9,2024-10-06,polissya-zhytomyr,vorskla-poltava,2,1,transfermarkt
2024/25,9,2024-10-06,shakhtar-donetsk,lnz-cherkasy,5,1,transfermarkt
2024/25,9,2024-10-06,dynamo-kyiv,kryvbas,2,1,transfermarkt
2024/25,10,2024-10-18,kolos-kovalivka,shakhtar-donetsk,0,1,transfermarkt
2024/25,10,2024-10-19,oleksandriya,vorskla-poltava,1,0,transfermarkt
2024/25,10,2024-10-19,obolon-kyiv,dynamo-kyiv,1,5,transfermarkt
2024/25,10,2024-10-19,polissya-zhytomyr,livyi-bereh-kyiv,0,0,transfermarkt
2024/25,10,2024-10-20,lnz-cherkasy,inhulets-petrove,2,0,transfermarkt
2024/25,10,2024-10-20,chornomorets-odesa,veres-rivne,1,1,transfermarkt
2024/25,10,2024-10-20,zorya-luhansk,kryvbas,0,1,transfermarkt
2024/25,10,2024-10-21,rukh-lviv,karpaty-lviv,0,1,transfermarkt
2024/25,11,2024-10-25,rukh-lviv,chornomorets-odesa,1,1,transfermarkt
2024/25,11,2024-10-25,polissya-zhytomyr,kolos-kovalivka,1,1,transfermarkt
2024/25,11,2024-10-26,oleksandriya,inhulets-petrove,2,1,transfermarkt
2024/25,11,2024-10-26,kryvbas,lnz-cherkasy,3,1,transfermarkt
2024/25,11,2024-10-26,karpaty-lviv,obolon-kyiv,1,0,transfermarkt
2024/25,11,2024-10-27,livyi-bereh-kyiv,zorya-luhansk,0,2,transfermarkt
2024/25,11,2024-10-27,veres-rivne,vorskla-poltava,2,2,transfermarkt
2024/25,11,2024-10-27,dynamo-kyiv,shakhtar-donetsk,1,1,transfermarkt
2024/25,12,2024-11-02,karpaty-lviv,livyi-bereh-kyiv,3,0,transfermarkt
2024/25,12,2024-11-02,shakhtar-donetsk,chornomorets-odesa,2,1,transfermarkt
2024/25,12,2024-11-03,vorskla-poltava,kolos-kovalivka,0,1,transfermarkt
2024/25,12,2024-11-03,oleksandriya,polissya-zhytomyr,1,0,transfermarkt
2024/25,12,2024-11-03,dynamo-kyiv,inhulets-petrove,5,2,transfermarkt
2024/25,12,2024-11-04,obolon-kyiv,veres-rivne,0,0,transfermarkt
2024/25,12,2024-11-04,kryvbas,rukh-lviv,1,1,transfermarkt
2024/25,12,2024-11-04,zorya-luhansk,lnz-cherkasy,1,2,transfermarkt
2024/25,13,2024-11-08,chornomorets-odesa,vorskla-poltava,0,1,transfermarkt
2024/25,13,2024-11-08,livyi-bereh-kyiv,inhulets-petrove,0,0,transfermarkt
2024/25,13,2024-11-09,lnz-cherkasy,obolon-kyiv,0,1,transfermarkt
2024/25,13,2024-11-09,oleksandriya,karpaty-lviv,3,0,transfermarkt
2024/25,13,2024-11-09,kolos-kovalivka,kryvbas,1,1,transfermarkt
2024/25,13,2024-11-10,veres-rivne,rukh-lviv,2,0,transfermarkt
2024/25,13,2024-11-10,shakhtar-donetsk,zorya-luhansk,3,1,transfermarkt
2024/25,13,2024-11-10,dynamo-kyiv,polissya-zhytomyr,2,1,transfermarkt
2024/25,14,2024-11-22,karpaty-lviv,kolos-kovalivka,1,0,transfermarkt
2024/25,14,2024-11-23,vorskla-poltava,lnz-cherkasy,2,0,transfermarkt
2024/25,14,2024-11-23,dynamo-kyiv,chornomorets-odesa,3,1,transfermarkt
2024/25,14,2024-11-23,shakhtar-donetsk,inhulets-petrove,6,0,transfermarkt
2024/25,14,2024-11-24,obolon-kyiv,kryvbas,0,1,transfermarkt
2024/25,14,2024-11-24,veres-rivne,oleksandriya,1,1,transfermarkt
2024/25,14,2024-11-24,rukh-lviv,livyi-bereh-kyiv,1,0,transfermarkt
2024/25,14,2024-11-25,polissya-zhytomyr,zorya-luhansk,1,1,transfermarkt
2024/25,15,2024-11-29,vorskla-poltava,inhulets-petrove,0,3,transfermarkt
2024/25,15,2024-11-30,lnz-cherkasy,veres-rivne,1,2,transfermarkt
2024/25,15,2024-11-30,kryvbas,polissya-zhytomyr,3,1,transfermarkt
2024/25,15,2024-11-30,livyi-bereh-kyiv,obolon-kyiv,1,1,transfermarkt
2024/25,15,2024-12-01,oleksandriya,chornomorets-odesa,3,0,transfermarkt
2024/25,15,2024-12-01,kolos-kovalivka,dynamo-kyiv,1,1,transfermarkt
2024/25,15,2024-12-01,shakhtar-donetsk,rukh-lviv,1,1,transfermarkt
2024/25,15,2024-12-02,zorya-luhansk,karpaty-lviv,2,1,transfermarkt
2024/25,1,2024-12-04,oleksandriya,dynamo-kyiv,0,0,transfermarkt
2024/25,1,2024-12-04,rukh-lviv,polissya-zhytomyr,1,1,transfermarkt
2024/25,16,2024-12-05,shakhtar-donetsk,vorskla-poltava,3,1,transfermarkt
2024/25,16,2024-12-07,livyi-bereh-kyiv,lnz-cherkasy,3,1,transfermarkt
2024/25,16,2024-12-07,chornomorets-odesa,kryvbas,1,3,transfermarkt
2024/25,16,2024-12-07,karpaty-lviv,veres-rivne,5,0,transfermarkt
2024/25,16,2024-12-08,kolos-kovalivka,obolon-kyiv,0,0,transfermarkt
2024/25,16,2024-12-08,dynamo-kyiv,oleksandriya,3,0,transfermarkt
2024/25,16,2024-12-09,polissya-zhytomyr,rukh-lviv,0,1,transfermarkt
2024/25,17,2024-12-13,vorskla-poltava,livyi-bereh-kyiv,0,1,transfermarkt
2024/25,17,2024-12-14,oleksandriya,lnz-cherkasy,1,1,transfermarkt
2024/25,17,2024-12-14,kryvbas,karpaty-lviv,2,0,transfermarkt
2024/25,17,2024-12-14,zorya-luhansk,chornomorets-odesa,2,1,transfermarkt
2024/25,17,2024-12-15,inhulets-petrove,kolos-kovalivka,0,2,transfermarkt
2024/25,17,2024-12-15,rukh-lviv,obolon-kyiv,1,3,transfermarkt
2024/25,17,2024-12-15,polissya-zhytomyr,shakhtar-donetsk,1,0,transfermarkt
2024/25,17,2024-12-16,dynamo-kyiv,veres-rivne,1,0,transfermarkt
2024/25,18,2025-02-21,kolos-kovalivka,chornomorets-odesa,1,2,transfermarkt
2024/25,18,2025-02-22,kryvbas,veres-rivne,0,3,transfermarkt
2024/25,18,2025-02-22,inhulets-petrove,polissya-zhytomyr,0,1,transfermarkt
2024/25,18,2025-02-22,rukh-lviv,lnz-cherkasy,0,1,transfermarkt
2024/25,18,2025-02-23,obolon-kyiv,vorskla-poltava,1,0,transfermarkt
2024/25,18,2025-02-23,oleksandriya,zorya-luhansk,2,1,transfermarkt
2024/25,18,2025-02-23,dynamo-kyiv,karpaty-lviv,2,0,transfermarkt
2024/25,18,2025-02-24,shakhtar-donetsk,livyi-bereh-kyiv,1,0,transfermarkt
2024/25,19,2025-02-28,obolon-kyiv,polissya-zhytomyr,0,0,transfermarkt
2024/25,19,2025-02-28,vorskla-poltava,dynamo-kyiv,1,1,transfermarkt
2024/25,19,2025-02-28,karpaty-lviv,lnz-cherkasy,1,0,transfermarkt
2024/25,19,2025-03-01,chornomorets-odesa,livyi-bereh-kyiv,0,1,transfermarkt
2024/25,19,2025-03-01,shakhtar-donetsk,oleksandriya,3,0,transfermarkt
2024/25,19,2025-03-02,inhulets-petrove,kryvbas,2,0,transfermarkt
2024/25,19,2025-03-02,zorya-luhansk,rukh-lviv,2,0,transfermarkt
2024/25,19,2025-03-02,veres-rivne,kolos-kovalivka,2,1,transfermarkt
2024/25,20,2025-03-06,polissya-zhytomyr,chornomorets-odesa,3,1,transfermarkt
2024/25,20,2025-03-06,vorskla-poltava,karpaty-lviv,0,0,transfermarkt
2024/25,20,2025-03-06,lnz-cherkasy,dynamo-kyiv,1,2,transfermarkt
2024/25,20,2025-03-06,shakhtar-donetsk,kryvbas,1,1,transfermarkt
2024/25,20,2025-03-07,livyi-bereh-kyiv,veres-rivne,2,0,transfermarkt
2024/25,20,2025-03-07,kolos-kovalivka,oleksandriya,0,1,transfermarkt
2024/25,20,2025-03-07,zorya-luhansk,obolon-kyiv,2,1,transfermarkt
2024/25,20,2025-03-08,inhulets-petrove,rukh-lviv,0,1,transfermarkt
2024/25,21,2025-03-11,oleksandriya,obolon-kyiv,4,0,transfermarkt
2024/25,21,2025-03-11,dynamo-kyiv,zorya-luhansk,2,2,transfermarkt
2024/25,21,2025-03-11,veres-rivne,polissya-zhytomyr,5,1,transfermarkt
2024/25,21,2025-03-11,karpaty-lviv,shakhtar-donetsk,0,0,transfermarkt
2024/25,21,2025-03-15,rukh-lviv,vorskla-poltava,0,1,transfermarkt
2024/25,21,2025-03-16,inhulets-petrove,chornomorets-odesa,1,0,transfermarkt
2024/25,21,2025-03-16,lnz-cherkasy,kolos-kovalivka,2,0,transfermarkt
2024/25,22,2025-03-28,inhulets-petrove,veres-rivne,0,0,transfermarkt
2024/25,22,2025-03-28,lnz-cherkasy,polissya-zhytomyr,0,1,transfermarkt
2024/25,22,2025-03-29,livyi-bereh-kyiv,oleksandriya,0,1,transfermarkt
2024/25,22,2025-03-29,obolon-kyiv,shakhtar-donetsk,0,2,transfermarkt
2024/25,22,2025-03-29,rukh-lviv,dynamo-kyiv,0,2,transfermarkt
2024/25,22,2025-03-30,vorskla-poltava,kryvbas,0,1,transfermarkt
2024/25,22,2025-03-30,karpaty-lviv,chornomorets-odesa,4,0,transfermarkt
2024/25,22,2025-03-30,zorya-luhansk,kolos-kovalivka,0,3,transfermarkt
2024/25,23,2025-04-04,inhulets-petrove,obolon-kyiv,0,1,transfermarkt
2024/25,23,2025-04-05,vorskla-poltava,zorya-luhansk,1,2,transfermarkt
2024/25,23,2025-04-05,chornomorets-odesa,lnz-cherkasy,1,0,transfermarkt
2024/25,23,2025-04-06,oleksandriya,kryvbas,1,0,transfermarkt
2024/25,23,2025-04-06,dynamo-kyiv,livyi-bereh-kyiv,2,0,transfermarkt
2024/25,23,2025-04-06,shakhtar-donetsk,veres-rivne,3,0,transfermarkt
2024/25,23,2025-04-07,kolos-kovalivka,rukh-lviv,0,1,transfermarkt
2024/25,23,2025-04-07,polissya-zhytomyr,karpaty-lviv,1,1,transfermarkt
2024/25,24,2025-04-11,lnz-cherkasy,shakhtar-donetsk,1,4,transfermarkt
2024/25,24,2025-04-12,kryvbas,dynamo-kyiv,0,2,transfermarkt
2024/25,24,2025-04-12,rukh-lviv,oleksandriya,1,1,transfermarkt
2024/25,24,2025-04-12,obolon-kyiv,chornomorets-odesa,1,0,transfermarkt
2024/25,24,2025-04-13,vorskla-poltava,polissya-zhytomyr,0,2,transfermarkt
2024/25,24,2025-04-13,livyi-bereh-kyiv,kolos-kovalivka,0,2,transfermarkt
2024/25,24,2025-04-13,zorya-luhansk,veres-rivne,1,2,transfermarkt
2024/25,24,2025-04-14,inhulets-petrove,karpaty-lviv,1,2,transfermarkt
2024/25,5,2025-04-16,kryvbas,shakhtar-donetsk,1,2,transfermarkt
2024/25,25,2025-04-18,vorskla-poltava,oleksandriya,1,3,transfermarkt
2024/25,25,2025-04-18,dynamo-kyiv,obolon-kyiv,3,0,transfermarkt
2024/25,25,2025-04-19,karpaty-lviv,rukh-lviv,3,1,transfermarkt
2024/25,25,2025-04-19,livyi-bereh-kyiv,polissya-zhytomyr,1,1,transfermarkt
2024/25,25,2025-04-19,shakhtar-donetsk,kolos-kovalivka,2,4,transfermarkt
2024/25,25,2025-04-20,kryvbas,zorya-luhansk,3,0,transfermarkt
2024/25,25,2025-04-20,inhulets-petrove,lnz-cherkasy,0,0,transfermarkt
2024/25,25,2025-04-20,veres-rivne,chornomorets-odesa,2,1,transfermarkt
2024/25,26,2025-04-25,inhulets-petrove,oleksandriya,0,1,transfermarkt
2024/25,26,2025-04-25,zorya-luhansk,livyi-bereh-kyiv,2,1,transfermarkt
2024/25,26,2025-04-26,chornomorets-odesa,rukh-lviv,1,2,transfermarkt
2024/25,26,2025-04-26,lnz-cherkasy,kryvbas,0,0,transfermarkt
2024/25,26,2025-04-26,obolon-kyiv,karpaty-lviv,2,2,transfermarkt
2024/25,26,2025-04-27,vorskla-poltava,veres-rivne,3,0,transfermarkt
2024/25,26,2025-04-27,kolos-kovalivka,polissya-zhytomyr,1,1,transfermarkt
2024/25,26,2025-04-27,shakhtar-donetsk,dynamo-kyiv,2,2,transfermarkt
2024/25,16,2025-04-30,inhulets-petrove,zorya-luhansk,1,0,transfermarkt
2024/25,27,2025-05-02,livyi-bereh-kyiv,karpaty-lviv,2,3,transfermarkt
2024/25,27,2025-05-02,rukh-lviv,kryvbas,0,0,transfermarkt
2024/25,27,2025-05-03,chornomorets-odesa,shakhtar-donetsk,0,3,transfermarkt
2024/25,27,2025-05-03,inhulets-petrove,dynamo-kyiv,0,4,transfermarkt
2024/25,27,2025-05-03,veres-rivne,obolon-kyiv,0,2,transfermarkt
2024/25,27,2025-05-04,lnz-cherkasy,zorya-luhansk,1,1,transfermarkt
2024/25,27,2025-05-04,kolos-kovalivka,vorskla-poltava,0,0,transfermarkt
2024/25,27,2025-05-04,polissya-zhytomyr,oleksandriya,1,2,transfermarkt
2024/25,21,2025-05-07,kryvbas,livyi-bereh-kyiv,4,0,transfermarkt
2024/25,28,2025-05-09,zorya-luhansk,shakhtar-donetsk,0,0,transfermarkt
2024/25,28,2025-05-09,polissya-zhytomyr,dynamo-kyiv,0,0,transfermarkt
2024/25,28,2025-05-10,vorskla-poltava,chornomorets-odesa,1,2,transfermarkt
2024/25,28,2025-05-10,obolon-kyiv,lnz-cherkasy,0,0,transfermarkt
2024/25,28,2025-05-10,rukh-lviv,veres-rivne,2,0,transfermarkt
2024/25,28,2025-05-11,kryvbas,kolos-kovalivka,0,1,transfermarkt
2024/25,28,2025-05-11,karpaty-lviv,oleksandriya,2,1,transfermarkt
2024/25,28,2025-05-12,inhulets-petrove,livyi-bereh-kyiv,2,1,transfermarkt
2024/25,29,2025-05-17,zorya-luhansk,polissya-zhytomyr,0,1,transfermarkt
2024/25,29,2025-05-17,kryvbas,obolon-kyiv,1,0,transfermarkt
2024/25,29,2025-05-17,kolos-kovalivka,karpaty-lviv,2,1,transfermarkt
2024/25,29,2025-05-18,inhulets-petrove,shakhtar-donetsk,1,4,transfermarkt
2024/25,29,2025-05-18,oleksandriya,veres-rivne,3,1,transfermarkt
2024/25,29,2025-05-18,livyi-bereh-kyiv,rukh-lviv,1,0,transfermarkt
2024/25,29,2025-05-18,chornomorets-odesa,dynamo-kyiv,1,1,transfermarkt
2024/25,29,2025-05-18,lnz-cherkasy,vorskla-poltava,0,0,transfermarkt
2024/25,30,2025-05-23,inhulets-petrove,vorskla-poltava,1,1,transfermarkt
2024/25,30,2025-05-23,obolon-kyiv,livyi-bereh-kyiv,1,0,transfermarkt
2024/25,30,2025-05-24,chornomorets-odesa,oleksandriya,0,0,transfermarkt
2024/25,30,2025-05-24,rukh-lviv,shakhtar-donetsk,1,1,transfermarkt
2024/25,30,2025-05-24,dynamo-kyiv,kolos-kovalivka,1,1,transfermarkt
2024/25,30,2025-05-25,veres-rivne,lnz-cherkasy,1,1,transfermarkt
2024/25,30,2025-05-25,polissya-zhytomyr,kryvbas,1,1,transfermarkt
2024/25,30,2025-05-25,karpaty-lviv,zorya-luhansk,1,3,transfermarkt
2025/26,1,2025-08-01,kolos-kovalivka,kryvbas,2,1,transfermarkt
2025/26,1,2025-08-01,rukh-lviv,sc-poltava,2,1,transfermarkt
2025/26,1,2025-08-02,veres-rivne,dynamo-kyiv,0,1,transfermarkt
2025/26,1,2025-08-02,zorya-luhansk,lnz-cherkasy,0,0,transfermarkt
2025/26,1,2025-08-03,kudrivka,oleksandriya,3,1,transfermarkt
2025/26,1,2025-08-03,epicentr,shakhtar-donetsk,0,1,transfermarkt
2025/26,1,2025-08-03,karpaty-lviv,polissya-zhytomyr,0,2,transfermarkt
2025/26,1,2025-08-04,metalist-1925,obolon-kyiv,0,0,transfermarkt
2025/26,2,2025-08-08,sc-poltava,veres-rivne,1,0,transfermarkt
2025/26,2,2025-08-08,rukh-lviv,dynamo-kyiv,1,5,transfermarkt
2025/26,2,2025-08-09,kryvbas,metalist-1925,2,0,transfermarkt
2025/26,2,2025-08-09,lnz-cherkasy,epicentr,1,0,transfermarkt
2025/26,2,2025-08-10,obolon-kyiv,oleksandriya,1,0,transfermarkt
2025/26,2,2025-08-10,polissya-zhytomyr,kolos-kovalivka,0,1,transfermarkt
2025/26,2,2025-08-10,karpaty-lviv,shakhtar-donetsk,3,3,transfermarkt
2025/26,2,2025-08-11,zorya-luhansk,kudrivka,2,1,transfermarkt
2025/26,3,2025-08-15,rukh-lviv,obolon-kyiv,1,2,transfermarkt
2025/26,3,2025-08-16,oleksandriya,metalist-1925,1,4,transfermarkt
2025/26,3,2025-08-16,kolos-kovalivka,karpaty-lviv,1,1,transfermarkt
2025/26,3,2025-08-16,epicentr,dynamo-kyiv,1,4,transfermarkt
2025/26,3,2025-08-17,kudrivka,sc-poltava,3,1,transfermarkt
2025/26,3,2025-08-17,veres-rivne,shakhtar-donetsk,0,2,transfermarkt
2025/26,3,2025-08-17,polissya-zhytomyr,lnz-cherkasy,0,2,transfermarkt
2025/26,3,2025-08-18,zorya-luhansk,kryvbas,2,3,transfermarkt
2025/26,4,2025-08-29,sc-poltava,zorya-luhansk,1,4,transfermarkt
2025/26,4,2025-08-29,kudrivka,karpaty-lviv,2,2,transfermarkt
2025/26,4,2025-08-30,kryvbas,obolon-kyiv,2,1,transfermarkt
2025/26,4,2025-08-30,kolos-kovalivka,epicentr,1,0,transfermarkt
2025/26,4,2025-08-30,metalist-1925,rukh-lviv,2,0,transfermarkt
2025/26,4,2025-08-31,lnz-cherkasy,veres-rivne,0,2,transfermarkt
2025/26,4,2025-08-31,dynamo-kyiv,polissya-zhytomyr,4,1,transfermarkt
2025/26,4,2025-08-31,shakhtar-donetsk,oleksandriya,2,0,transfermarkt
2025/26,5,2025-09-12,oleksandriya,lnz-cherkasy,4,1,transfermarkt
2025/26,5,2025-09-12,veres-rivne,kudrivka,2,0,transfermarkt
2025/26,5,2025-09-13,rukh-lviv,epicentr,0,1,transfermarkt
2025/26,5,2025-09-13,obolon-kyiv,dynamo-kyiv,2,2,transfermarkt
2025/26,5,2025-09-13,metalist-1925,shakhtar-donetsk,1,1,transfermarkt
2025/26,5,2025-09-14,kryvbas,polissya-zhytomyr,0,1,transfermarkt
2025/26,5,2025-09-14,zorya-luhansk,kolos-kovalivka,1,3,transfermarkt
2025/26,5,2025-09-14,karpaty-lviv,sc-poltava,1,1,transfermarkt
2025/26,6,2025-09-20,kolos-kovalivka,veres-rivne,0,0,transfermarkt
2025/26,6,2025-09-20,polissya-zhytomyr,kudrivka,2,0,transfermarkt
2025/26,6,2025-09-21,sc-poltava,metalist-1925,0,2,transfermarkt
2025/26,6,2025-09-21,lnz-cherkasy,rukh-lviv,1,0,transfermarkt
2025/26,6,2025-09-21,epicentr,kryvbas,4,5,transfermarkt
2025/26,6,2025-09-22,obolon-kyiv,karpaty-lviv,0,2,transfermarkt
2025/26,6,2025-09-22,dynamo-kyiv,oleksandriya,2,2,transfermarkt
2025/26,6,2025-09-22,shakhtar-donetsk,zorya-luhansk,1,0,transfermarkt
2025/26,7,2025-09-26,kudrivka,epicentr,2,1,transfermarkt
2025/26,7,2025-09-27,oleksandriya,sc-poltava,1,0,transfermarkt
2025/26,7,2025-09-27,zorya-luhansk,obolon-kyiv,0,0,transfermarkt
2025/26,7,2025-09-27,karpaty-lviv,dynamo-kyiv,3,3,transfermarkt
2025/26,7,2025-09-28,lnz-cherkasy,kryvbas,0,0,transfermarkt
2025/26,7,2025-09-28,metalist-1925,kolos-kovalivka,1,0,transfermarkt
2025/26,7,2025-09-28,rukh-lviv,shakhtar-donetsk,0,4,transfermarkt
2025/26,7,2025-09-29,veres-rivne,polissya-zhytomyr,1,4,transfermarkt
2025/26,8,2025-10-03,kolos-kovalivka,rukh-lviv,0,2,transfermarkt
2025/26,8,2025-10-03,epicentr,zorya-luhansk,1,2,transfermarkt
2025/26,8,2025-10-04,oleksandriya,karpaty-lviv,0,2,transfermarkt
2025/26,8,2025-10-04,obolon-kyiv,veres-rivne,1,1,transfermarkt
2025/26,8,2025-10-04,polissya-zhytomyr,sc-poltava,4,0,transfermarkt
2025/26,8,2025-10-05,kryvbas,kudrivka,3,1,transfermarkt
2025/26,8,2025-10-05,dynamo-kyiv,metalist-1925,1,1,transfermarkt
2025/26,8,2025-10-05,shakhtar-donetsk,lnz-cherkasy,1,4,transfermarkt
2025/26,9,2025-10-17,sc-poltava,obolon-kyiv,1,2,transfermarkt
2025/26,9,2025-10-18,rukh-lviv,kryvbas,1,2,transfermarkt
2025/26,9,2025-10-18,zorya-luhansk,dynamo-kyiv,1,1,transfermarkt
2025/26,9,2025-10-18,polissya-zhytomyr,shakhtar-donetsk,0,0,transfermarkt
2025/26,9,2025-10-19,lnz-cherkasy,kolos-kovalivka,1,0,transfermarkt
2025/26,9,2025-10-19,veres-rivne,oleksandriya,1,1,transfermarkt
2025/26,9,2025-10-19,karpaty-lviv,epicentr,1,3,transfermarkt
2025/26,9,2025-10-20,kudrivka,metalist-1925,1,1,transfermarkt
2025/26,10,2025-10-24,oleksandriya,epicentr,0,1,transfermarkt
2025/26,10,2025-10-24,veres-rivne,zorya-luhansk,0,0,transfermarkt
2025/26,10,2025-10-25,metalist-1925,lnz-cherkasy,0,1,transfermarkt
2025/26,10,2025-10-25,karpaty-lviv,rukh-lviv,0,0,transfermarkt
2025/26,10,2025-10-25,obolon-kyiv,polissya-zhytomyr,0,4,transfermarkt
2025/26,10,2025-10-26,sc-poltava,kolos-kovalivka,2,2,transfermarkt
2025/26,10,2025-10-26,shakhtar-donetsk,kudrivka,4,0,transfermarkt
2025/26,10,2025-10-26,dynamo-kyiv,kryvbas,4,0,transfermarkt
2025/26,11,2025-10-31,kudrivka,obolon-kyiv,1,0,transfermarkt
2025/26,11,2025-11-01,kryvbas,sc-poltava,2,2,transfermarkt
2025/26,11,2025-11-01,kolos-kovalivka,oleksandriya,1,1,transfermarkt
2025/26,11,2025-11-01,epicentr,veres-rivne,2,3,transfermarkt
2025/26,11,2025-11-02,zorya-luhansk,rukh-lviv,1,0,transfermarkt
2025/26,11,2025-11-02,shakhtar-donetsk,dynamo-kyiv,3,1,transfermarkt
2025/26,11,2025-11-03,lnz-cherkasy,karpaty-lviv,0,1,transfermarkt
2025/26,11,2025-11-03,polissya-zhytomyr,metalist-1925,0,0,transfermarkt
2025/26,12,2025-11-07,epicentr,obolon-kyiv,1,2,transfermarkt
2025/26,12,2025-11-07,kudrivka,kolos-kovalivka,1,3,transfermarkt
2025/26,12,2025-11-08,metalist-1925,zorya-luhansk,1,3,transfermarkt
2025/26,12,2025-11-08,veres-rivne,rukh-lviv,1,0,transfermarkt
2025/26,12,2025-11-08,karpaty-lviv,kryvbas,1,0,transfermarkt
2025/26,12,2025-11-09,oleksandriya,polissya-zhytomyr,0,3,transfermarkt
2025/26,12,2025-11-09,dynamo-kyiv,lnz-cherkasy,0,1,transfermarkt
2025/26,12,2025-11-09,shakhtar-donetsk,sc-poltava,7,1,transfermarkt
2025/26,13,2025-11-21,sc-poltava,lnz-cherkasy,0,2,transfermarkt
2025/26,13,2025-11-22,karpaty-lviv,metalist-1925,1,2,transfermarkt
2025/26,13,2025-11-22,kolos-kovalivka,dynamo-kyiv,2,1,transfermarkt
2025/26,13,2025-11-22,obolon-kyiv,shakhtar-donetsk,0,6,transfermarkt
2025/26,13,2025-11-23,kryvbas,veres-rivne,2,2,transfermarkt
2025/26,13,2025-11-23,polissya-zhytomyr,epicentr,0,0,transfermarkt
2025/26,13,2025-11-23,rukh-lviv,kudrivka,4,2,transfermarkt
2025/26,13,2025-11-24,zorya-luhansk,oleksandriya,2,2,transfermarkt
2025/26,14,2025-11-28,obolon-kyiv,kolos-kovalivka,0,0,transfermarkt
2025/26,14,2025-11-29,lnz-cherkasy,kudrivka,1,0,transfermarkt
2025/26,14,2025-11-29,veres-rivne,karpaty-lviv,0,0,transfermarkt
2025/26,14,2025-11-30,oleksandriya,rukh-lviv,0,1,transfermarkt
2025/26,14,2025-11-30,epicentr,metalist-1925,0,0,transfermarkt
2025/26,14,2025-11-30,polissya-zhytomyr,zorya-luhansk,2,0,transfermarkt
2025/26,14,2025-12-01,dynamo-kyiv,sc-poltava,1,2,transfermarkt
2025/26,14,2025-12-01,shakhtar-donetsk,kryvbas,2,2,transfermarkt
2025/26,15,2025-12-05,zorya-luhansk,karpaty-lviv,1,0,transfermarkt
2025/26,15,2025-12-06,lnz-cherkasy,obolon-kyiv,3,0,transfermarkt
2025/26,15,2025-12-06,kolos-kovalivka,shakhtar-donetsk,0,0,transfermarkt
2025/26,15,2025-12-06,kudrivka,dynamo-kyiv,1,2,transfermarkt
2025/26,15,2025-12-07,kryvbas,oleksandriya,3,0,transfermarkt
2025/26,15,2025-12-07,rukh-lviv,polissya-zhytomyr,1,0,transfermarkt
2025/26,15,2025-12-08,sc-poltava,epicentr,0,3,transfermarkt
2025/26,16,2025-12-12,oleksandriya,kudrivka,1,1,transfermarkt
2025/26,16,2025-12-12,obolon-kyiv,metalist-1925,1,3,transfermarkt
2025/26,16,2025-12-13,kryvbas,kolos-kovalivka,1,1,transfermarkt
2025/26,16,2025-12-13,lnz-cherkasy,zorya-luhansk,2,0,transfermarkt
2025/26,16,2025-12-13,polissya-zhytomyr,karpaty-lviv,3,2,transfermarkt
2025/26,16,2025-12-14,sc-poltava,rukh-lviv,1,2,transfermarkt
2025/26,16,2025-12-14,dynamo-kyiv,veres-rivne,3,0,transfermarkt
2025/26,16,2025-12-14,shakhtar-donetsk,epicentr,5,0,transfermarkt
2025/26,17,2026-02-20,veres-rivne,sc-poltava,3,2,transfermarkt
2025/26,17,2026-02-20,dynamo-kyiv,rukh-lviv,1,0,transfermarkt
2025/26,17,2026-02-21,epicentr,lnz-cherkasy,0,2,transfermarkt
2025/26,17,2026-02-21,metalist-1925,kryvbas,0,0,transfermarkt
2025/26,17,2026-02-22,kolos-kovalivka,polissya-zhytomyr,0,2,transfermarkt
2025/26,17,2026-02-22,shakhtar-donetsk,karpaty-lviv,3,0,transfermarkt
2025/26,17,2026-02-23,oleksandriya,obolon-kyiv,0,3,transfermarkt
2025/26,17,2026-02-23,kudrivka,zorya-luhansk,2,2,transfermarkt
2025/26,18,2026-02-27,dynamo-kyiv,epicentr,4,0,transfermarkt
2025/26,18,2026-02-27,shakhtar-donetsk,veres-rivne,1,0,transfermarkt
2025/26,18,2026-02-28,lnz-cherkasy,polissya-zhytomyr,1,3,transfermarkt
2025/26,18,2026-02-28,metalist-1925,oleksandriya,1,0,transfermarkt
2025/26,18,2026-03-01,kryvbas,zorya-luhansk,3,1,transfermarkt
2025/26,18,2026-03-01,obolon-kyiv,rukh-lviv,1,0,transfermarkt
2025/26,18,2026-03-01,karpaty-lviv,kolos-kovalivka,0,1,transfermarkt
2025/26,18,2026-03-02,sc-poltava,kudrivka,0,2,transfermarkt
2025/26,19,2026-03-06,oleksandriya,shakhtar-donetsk,0,1,transfermarkt
2025/26,19,2026-03-07,epicentr,kolos-kovalivka,4,0,transfermarkt
2025/26,19,2026-03-07,obolon-kyiv,kryvbas,0,0,transfermarkt
2025/26,19,2026-03-08,zorya-luhansk,sc-poltava,4,0,transfermarkt
2025/26,19,2026-03-08,karpaty-lviv,kudrivka,1,1,transfermarkt
2025/26,19,2026-03-08,polissya-zhytomyr,dynamo-kyiv,1,2,transfermarkt
2025/26,19,2026-03-09,rukh-lviv,metalist-1925,0,3,transfermarkt
2025/26,19,2026-03-09,veres-rivne,lnz-cherkasy,0,3,transfermarkt
2025/26,20,2026-03-13,sc-poltava,karpaty-lviv,0,4,transfermarkt
2025/26,20,2026-03-13,dynamo-kyiv,obolon-kyiv,2,1,transfermarkt
2025/26,20,2026-03-14,lnz-cherkasy,oleksandriya,2,0,transfermarkt
2025/26,20,2026-03-14,kudrivka,veres-rivne,0,0,transfermarkt
2025/26,20,2026-03-14,polissya-zhytomyr,kryvbas,2,0,transfermarkt
2025/26,20,2026-03-15,epicentr,rukh-lviv,2,0,transfermarkt
2025/26,20,2026-03-15,kolos-kovalivka,zorya-luhansk,1,1,transfermarkt
2025/26,20,2026-03-15,shakhtar-donetsk,metalist-1925,1,0,transfermarkt
2025/26,21,2026-03-18,kudrivka,polissya-zhytomyr,0,2,transfermarkt
2025/26,21,2026-03-19,oleksandriya,dynamo-kyiv,0,5,transfermarkt
2025/26,21,2026-03-19,metalist-1925,sc-poltava,2,0,transfermarkt
2025/26,21,2026-03-21,kryvbas,epicentr,2,1,transfermarkt
2025/26,21,2026-03-21,rukh-lviv,lnz-cherkasy,1,2,transfermarkt
2025/26,21,2026-03-22,veres-rivne,kolos-kovalivka,0,1,transfermarkt
2025/26,21,2026-03-22,karpaty-lviv,obolon-kyiv,4,0,transfermarkt
2025/26,22,2026-04-03,sc-poltava,oleksandriya,3,3,transfermarkt
2025/26,22,2026-04-04,kolos-kovalivka,metalist-1925,0,0,transfermarkt
2025/26,22,2026-04-04,dynamo-kyiv,karpaty-lviv,0,1,transfermarkt
2025/26,22,2026-04-05,kryvbas,lnz-cherkasy,0,3,transfermarkt
2025/26,22,2026-04-05,obolon-kyiv,zorya-luhansk,3,3,transfermarkt
2025/26,22,2026-04-05,shakhtar-donetsk,rukh-lviv,3,0,transfermarkt
2025/26,22,2026-04-05,polissya-zhytomyr,veres-rivne,1,1,transfermarkt
2025/26,22,2026-04-06,epicentr,kudrivka,1,0,transfermarkt
2025/26,23,2026-04-10,sc-poltava,polissya-zhytomyr,0,4,transfermarkt
2025/26,23,2026-04-10,rukh-lviv,kolos-kovalivka,1,1,transfermarkt
2025/26,23,2026-04-11,karpaty-lviv,oleksandriya,2,0,transfermarkt
2025/26,23,2026-04-11,metalist-1925,dynamo-kyiv,1,0,transfermarkt
2025/26,23,2026-04-11,veres-rivne,obolon-kyiv,2,0,transfermarkt
2025/26,23,2026-04-12,kudrivka,kryvbas,1,2,transfermarkt
2025/26,23,2026-04-12,zorya-luhansk,epicentr,1,0,transfermarkt
2025/26,23,2026-04-13,lnz-cherkasy,shakhtar-donetsk,2,2,transfermarkt
2025/26,15,2026-04-15,metalist-1925,veres-rivne,4,0,transfermarkt
2025/26,24,2026-04-17,dynamo-kyiv,zorya-luhansk,3,1,transfermarkt
2025/26,24,2026-04-17,obolon-kyiv,sc-poltava,1,1,transfermarkt
2025/26,24,2026-04-18,kolos-kovalivka,lnz-cherkasy,1,0,transfermarkt
2025/26,24,2026-04-18,metalist-1925,kudrivka,1,0,transfermarkt
2025/26,24,2026-04-19,kryvbas,rukh-lviv,3,0,transfermarkt
2025/26,24,2026-04-19,epicentr,karpaty-lviv,0,0,transfermarkt
2025/26,24,2026-04-20,oleksandriya,veres-rivne,0,3,transfermarkt
2025/26,24,2026-04-20,shakhtar-donetsk,polissya-zhytomyr,1,0,transfermarkt
2025/26,21,2026-04-23,zorya-luhansk,shakhtar-donetsk,1,2,transfermarkt
2025/26,25,2026-04-24,kolos-kovalivka,sc-poltava,2,0,transfermarkt
2025/26,25,2026-04-25,rukh-lviv,karpaty-lviv,0,3,transfermarkt
2025/26,25,2026-04-26,kryvbas,dynamo-kyiv,5,6,transfermarkt
2025/26,25,2026-04-26,lnz-cherkasy,metalist-1925,1,1,transfermarkt
2025/26,25,2026-04-26,kudrivka,shakhtar-donetsk,1,3,transfermarkt
2025/26,25,2026-04-26,polissya-zhytomyr,obolon-kyiv,3,1,transfermarkt
2025/26,25,2026-04-27,epicentr,oleksandriya,1,1,transfermarkt
2025/26,25,2026-04-27,zorya-luhansk,veres-rivne,2,0,transfermarkt
2025/26,26,2026-05-01,sc-poltava,kryvbas,3,3,transfermarkt
2025/26,26,2026-05-02,oleksandriya,kolos-kovalivka,0,3,transfermarkt
2025/26,26,2026-05-02,veres-rivne,epicentr,3,3,transfermarkt
2025/26,26,2026-05-02,karpaty-lviv,lnz-cherkasy,0,0,transfermarkt
2025/26,26,2026-05-03,obolon-kyiv,kudrivka,1,1,transfermarkt
2025/26,26,2026-05-03,metalist-1925,polissya-zhytomyr,0,1,transfermarkt
2025/26,26,2026-05-03,dynamo-kyiv,shakhtar-donetsk,1,2,transfermarkt
2025/26,26,2026-05-04,rukh-lviv,zorya-luhansk,1,2,transfermarkt
2025/26,27,2026-05-08,kryvbas,karpaty-lviv,1,0,transfermarkt
2025/26,27,2026-05-08,kolos-kovalivka,kudrivka,1,0,transfermarkt
2025/26,27,2026-05-08,polissya-zhytomyr,oleksandriya,2,1,transfermarkt
2025/26,27,2026-05-09,rukh-lviv,veres-rivne,0,0,transfermarkt
2025/26,27,2026-05-09,lnz-cherkasy,dynamo-kyiv,0,0,transfermarkt
2025/26,27,2026-05-09,obolon-kyiv,epicentr,2,2,transfermarkt
2025/26,27,2026-05-09,zorya-luhansk,metalist-1925,1,1,transfermarkt
2025/26,27,2026-05-10,sc-poltava,shakhtar-donetsk,0,4,transfermarkt
2025/26,28,2026-05-12,oleksandriya,zorya-luhansk,1,2,transfermarkt
2025/26,28,2026-05-12,epicentr,polissya-zhytomyr,3,2,transfermarkt
2025/26,28,2026-05-12,veres-rivne,kryvbas,1,3,transfermarkt
2025/26,28,2026-05-12,metalist-1925,karpaty-lviv,2,2,transfermarkt
2025/26,28,2026-05-13,dynamo-kyiv,kolos-kovalivka,2,1,transfermarkt
2025/26,28,2026-05-13,lnz-cherkasy,sc-poltava,2,0,transfermarkt
2025/26,28,2026-05-13,shakhtar-donetsk,obolon-kyiv,3,1,transfermarkt
2025/26,28,2026-05-14,kudrivka,rukh-lviv,2,1,transfermarkt
2025/26,29,2026-05-16,metalist-1925,epicentr,1,1,transfermarkt
2025/26,29,2026-05-16,sc-poltava,dynamo-kyiv,0,2,transfermarkt
2025/26,29,2026-05-17,kryvbas,shakhtar-donetsk,2,3,transfermarkt
2025/26,29,2026-05-17,rukh-lviv,oleksandriya,1,3,transfermarkt
2025/26,29,2026-05-17,kolos-kovalivka,obolon-kyiv,0,2,transfermarkt
2025/26,29,2026-05-17,karpaty-lviv,veres-rivne,2,0,transfermarkt
2025/26,29,2026-05-18,kudrivka,lnz-cherkasy,1,0,transfermarkt
2025/26,29,2026-05-18,zorya-luhansk,polissya-zhytomyr,0,0,transfermarkt
2025/26,30,2026-05-21,shakhtar-donetsk,kolos-kovalivka,0,1,transfermarkt
2025/26,30,2026-05-23,oleksandriya,kryvbas,1,1,transfermarkt
2025/26,30,2026-05-23,epicentr,sc-poltava,0,0,transfermarkt
2025/26,30,2026-05-23,karpaty-lviv,zorya-luhansk,1,2,transfermarkt
2025/26,30,2026-05-24,obolon-kyiv,lnz-cherkasy,0,1,transfermarkt
2025/26,30,2026-05-24,polissya-zhytomyr,rukh-lviv,2,0,transfermarkt
2025/26,30,2026-05-24,veres-rivne,metalist-1925,0,1,transfermarkt
2025/26,30,2026-05-24,dynamo-kyiv,kudrivka,3,2,transfermarkt
2026/27,1,2026-07-31,zorya-luhansk,kolos-kovalivka,2,0,transfermarkt
2026/27,1,2026-08-01,kryvbas,karpaty-lviv,1,4,transfermarkt
2026/27,1,2026-08-01,fc-kharkiv,veres-rivne,1,0,transfermarkt
2026/27,1,2026-08-02,chornomorets-odesa,polissya-zhytomyr,1,2,transfermarkt
2026/27,1,2026-08-02,epicentr,obolon-kyiv,3,0,transfermarkt
2026/27,1,2026-08-03,bukovyna-chernivtsi,lnz-cherkasy,0,0,transfermarkt
2026/27,1,2026-08-03,shakhtar-donetsk,kudrivka,5,1,transfermarkt
2026/27,2,2026-08-09,zorya-luhansk,kryvbas,1,3,transfermarkt
2026/27,2,2026-08-09,epicentr,shakhtar-donetsk,0,2,transfermarkt
2026/27,2,2026-08-09,veres-rivne,dynamo-kyiv,1,2,transfermarkt
2026/27,2,2026-08-10,polissya-zhytomyr,fc-kharkiv,3,1,transfermarkt
2026/27,2,2026-08-10,karpaty-lviv,lnz-cherkasy,3,0,transfermarkt
2026/27,3,2026-08-14,epicentr,veres-rivne,0,0,transfermarkt
2026/27,3,2026-08-15,kryvbas,livyi-bereh-kyiv,1,1,transfermarkt
2026/27,3,2026-08-15,kudrivka,obolon-kyiv,0,0,transfermarkt
2026/27,3,2026-08-15,karpaty-lviv,bukovyna-chernivtsi,3,0,transfermarkt
2026/27,3,2026-08-16,lnz-cherkasy,chornomorets-odesa,2,0,transfermarkt
2026/27,3,2026-08-16,fc-kharkiv,shakhtar-donetsk,0,1,transfermarkt
2026/27,3,2026-08-16,dynamo-kyiv,kolos-kovalivka,2,1,transfermarkt
2026/27,3,2026-08-17,polissya-zhytomyr,zorya-luhansk,1,2,transfermarkt
2026/27,4,2026-08-28,kolos-kovalivka,obolon-kyiv,0,0,transfermarkt
2026/27,4,2026-08-29,kudrivka,epicentr,0,3,transfermarkt
2026/27,4,2026-08-29,livyi-bereh-kyiv,karpaty-lviv,1,1,transfermarkt
2026/27,4,2026-08-29,shakhtar-donetsk,polissya-zhytomyr,0,2,transfermarkt
2026/27,4,2026-08-30,chornomorets-odesa,kryvbas,1,0,transfermarkt
2026/27,4,2026-08-30,lnz-cherkasy,veres-rivne,0,1,transfermarkt
2026/27,4,2026-08-31,zorya-luhansk,fc-kharkiv,0,3,transfermarkt
2026/27,4,2026-08-31,bukovyna-chernivtsi,dynamo-kyiv,3,0,transfermarkt
2026/27,5,2026-09-04,chornomorets-odesa,livyi-bereh-kyiv,0,0,transfermarkt
2026/27,5,2026-09-04,polissya-zhytomyr,kudrivka,5,1,transfermarkt
2026/27,5,2026-09-05,fc-kharkiv,obolon-kyiv,5,0,transfermarkt
2026/27,5,2026-09-05,kryvbas,kolos-kovalivka,2,2,transfermarkt
2026/27,5,2026-09-05,karpaty-lviv,shakhtar-donetsk,1,2,transfermarkt
2026/27,5,2026-09-06,dynamo-kyiv,lnz-cherkasy,0,0,transfermarkt
2026/27,5,2026-09-06,veres-rivne,zorya-luhansk,1,1,transfermarkt
2026/27,5,2026-09-06,epicentr,bukovyna-chernivtsi,0,0,transfermarkt
2026/27,6,2026-09-11,kolos-kovalivka,karpaty-lviv,0,2,transfermarkt
2026/27,6,2026-09-12,lnz-cherkasy,obolon-kyiv,3,1,transfermarkt
2026/27,6,2026-09-13,polissya-zhytomyr,livyi-bereh-kyiv,1,0,transfermarkt
2026/27,6,2026-09-13,bukovyna-chernivtsi,zorya-luhansk,1,1,transfermarkt
2026/27,6,2026-09-14,dynamo-kyiv,epicentr,3,0,transfermarkt
2026/27,6,2026-09-14,shakhtar-donetsk,chornomorets-odesa,2,0,transfermarkt
2026/27,7,2026-09-18,chornomorets-odesa,obolon-kyiv,1,1,transfermarkt
2026/27,7,2026-09-18,polissya-zhytomyr,kryvbas,1,0,transfermarkt
2026/27,7,2026-09-19,fc-kharkiv,bukovyna-chernivtsi,2,0,transfermarkt
2026/27,7,2026-09-19,zorya-luhansk,dynamo-kyiv,0,2,transfermarkt
2026/27,7,2026-09-19,epicentr,livyi-bereh-kyiv,0,2,transfermarkt
2026/27,7,2026-09-20,kudrivka,kolos-kovalivka,2,3,transfermarkt
2026/27,7,2026-09-20,karpaty-lviv,veres-rivne,1,1,transfermarkt
2026/27,7,2026-09-20,shakhtar-donetsk,lnz-cherkasy,3,0,transfermarkt
2026/27,6,2026-10-03,veres-rivne,kudrivka,2,1,transfermarkt
2026/27,8,2026-10-09,veres-rivne,shakhtar-donetsk,,,transfermarkt
2026/27,8,2026-10-10,obolon-kyiv,kryvbas,,,transfermarkt
2026/27,8,2026-10-10,kolos-kovalivka,epicentr,,,transfermarkt
2026/27,8,2026-10-10,chornomorets-odesa,fc-kharkiv,,,transfermarkt
2026/27,8,2026-10-11,lnz-cherkasy,kudrivka,,,transfermarkt
2026/27,8,2026-10-11,dynamo-kyiv,karpaty-lviv,,,transfermarkt
2026/27,8,2026-10-11,bukovyna-chernivtsi,polissya-zhytomyr,,,transfermarkt
2026/27,8,2026-10-12,livyi-bereh-kyiv,zorya-luhansk,,,transfermarkt
2026/27,9,2026-10-16,obolon-kyiv,veres-rivne,,,transfermarkt
2026/27,9,2026-10-17,zorya-luhansk,chornomorets-odesa,,,transfermarkt
2026/27,9,2026-10-17,kudrivka,bukovyna-chernivtsi,,,transfermarkt
2026/27,9,2026-10-17,shakhtar-donetsk,kolos-kovalivka,,,transfermarkt
2026/27,9,2026-10-18,polissya-zhytomyr,dynamo-kyiv,,,transfermarkt
2026/27,9,2026-10-18,kryvbas,lnz-cherkasy,,,transfermarkt
2026/27,9,2026-10-18,karpaty-lviv,epicentr,,,transfermarkt
2026/27,9,2026-10-19,fc-kharkiv,livyi-bereh-kyiv,,,transfermarkt
2026/27,10,2026-10-24,livyi-bereh-kyiv,lnz-cherkasy,,,transfermarkt
2026/27,10,2026-10-24,bukovyna-chernivtsi,kryvbas,,,transfermarkt
2026/27,10,2026-10-24,polissya-zhytomyr,obolon-kyiv,,,transfermarkt
2026/27,10,2026-10-24,veres-rivne,kolos-kovalivka,,,transfermarkt
2026/27,10,2026-10-24,chornomorets-odesa,karpaty-lviv,,,transfermarkt
2026/27,10,2026-10-24,epicentr,fc-kharkiv,,,transfermarkt
2026/27,10,2026-10-24,shakhtar-donetsk,zorya-luhansk,,,transfermarkt
2026/27,10,2026-10-24,dynamo-kyiv,kudrivka,,,transfermarkt
2026/27,11,2026-10-31,kryvbas,dynamo-kyiv,,,transfermarkt
2026/27,11,2026-10-31,obolon-kyiv,shakhtar-donetsk,,,transfermarkt
2026/27,11,2026-10-31,kolos-kovalivka,polissya-zhytomyr,,,transfermarkt
2026/27,11,2026-10-31,veres-rivne,chornomorets-odesa,,,transfermarkt
2026/27,11,2026-10-31,zorya-luhansk,epicentr,,,transfermarkt
2026/27,11,2026-10-31,karpaty-lviv,kudrivka,,,transfermarkt
2026/27,11,2026-10-31,livyi-bereh-kyiv,bukovyna-chernivtsi,,,transfermarkt
2026/27,11,2026-10-31,lnz-cherkasy,fc-kharkiv,,,transfermarkt
2026/27,12,2026-11-07,obolon-kyiv,livyi-bereh-kyiv,,,transfermarkt
2026/27,12,2026-11-07,bukovyna-chernivtsi,kolos-kovalivka,,,transfermarkt
2026/27,12,2026-11-07,kudrivka,chornomorets-odesa,,,transfermarkt
2026/27,12,2026-11-07,epicentr,kryvbas,,,transfermarkt
2026/27,12,2026-11-07,shakhtar-donetsk,dynamo-kyiv,,,transfermarkt
2026/27,12,2026-11-07,fc-kharkiv,karpaty-lviv,,,transfermarkt
2026/27,12,2026-11-07,zorya-luhansk,lnz-cherkasy,,,transfermarkt
2026/27,12,2026-11-07,polissya-zhytomyr,veres-rivne,,,transfermarkt
2026/27,13,2026-11-21,kolos-kovalivka,fc-kharkiv,,,transfermarkt
2026/27,13,2026-11-21,chornomorets-odesa,epicentr,,,transfermarkt
2026/27,13,2026-11-21,livyi-bereh-kyiv,shakhtar-donetsk,,,transfermarkt
2026/27,13,2026-11-21,karpaty-lviv,zorya-luhansk,,,transfermarkt
2026/27,13,2026-11-21,veres-rivne,bukovyna-chernivtsi,,,transfermarkt
2026/27,13,2026-11-21,dynamo-kyiv,obolon-kyiv,,,transfermarkt
2026/27,13,2026-11-21,kryvbas,kudrivka,,,transfermarkt
2026/27,13,2026-11-21,lnz-cherkasy,polissya-zhytomyr,,,transfermarkt
2026/27,6,2026-11-25,kryvbas,fc-kharkiv,,,transfermarkt
2026/27,14,2026-11-28,dynamo-kyiv,chornomorets-odesa,,,transfermarkt
2026/27,14,2026-11-28,epicentr,lnz-cherkasy,,,transfermarkt
2026/27,14,2026-11-28,shakhtar-donetsk,bukovyna-chernivtsi,,,transfermarkt
2026/27,14,2026-11-28,karpaty-lviv,polissya-zhytomyr,,,transfermarkt
2026/27,14,2026-11-28,obolon-kyiv,zorya-luhansk,,,transfermarkt
2026/27,14,2026-11-28,livyi-bereh-kyiv,kolos-kovalivka,,,transfermarkt
2026/27,14,2026-11-28,kudrivka,fc-kharkiv,,,transfermarkt
2026/27,14,2026-11-28,kryvbas,veres-rivne,,,transfermarkt
2026/27,1,2026-12-02,dynamo-kyiv,livyi-bereh-kyiv,,,transfermarkt
2026/27,15,2026-12-05,polissya-zhytomyr,epicentr,,,transfermarkt
2026/27,15,2026-12-05,shakhtar-donetsk,kryvbas,,,transfermarkt
2026/27,15,2026-12-05,obolon-kyiv,karpaty-lviv,,,transfermarkt
2026/27,15,2026-12-05,bukovyna-chernivtsi,chornomorets-odesa,,,transfermarkt
2026/27,15,2026-12-05,fc-kharkiv,dynamo-kyiv,,,transfermarkt
2026/27,15,2026-12-05,zorya-luhansk,kudrivka,,,transfermarkt
2026/27,15,2026-12-05,veres-rivne,livyi-bereh-kyiv,,,transfermarkt
2026/27,15,2026-12-05,lnz-cherkasy,kolos-kovalivka,,,transfermarkt
2026/27,16,2026-12-12,karpaty-lviv,kryvbas,,,transfermarkt
2026/27,16,2026-12-12,lnz-cherkasy,bukovyna-chernivtsi,,,transfermarkt
2026/27,16,2026-12-12,livyi-bereh-kyiv,dynamo-kyiv,,,transfermarkt
2026/27,16,2026-12-12,kolos-kovalivka,zorya-luhansk,,,transfermarkt
2026/27,16,2026-12-12,veres-rivne,fc-kharkiv,,,transfermarkt
2026/27,16,2026-12-12,polissya-zhytomyr,chornomorets-odesa,,,transfermarkt
2026/27,16,2026-12-12,obolon-kyiv,epicentr,,,transfermarkt
2026/27,16,2026-12-12,kudrivka,shakhtar-donetsk,,,transfermarkt
2026/27,17,2027-02-27,lnz-cherkasy,karpaty-lviv,,,transfermarkt
2026/27,17,2027-02-27,obolon-kyiv,bukovyna-chernivtsi,,,transfermarkt
2026/27,17,2027-02-27,dynamo-kyiv,veres-rivne,,,transfermarkt
2026/27,17,2027-02-27,kryvbas,zorya-luhansk,,,transfermarkt
2026/27,17,2027-02-27,kudrivka,livyi-bereh-kyiv,,,transfermarkt
2026/27,17,2027-02-27,fc-kharkiv,polissya-zhytomyr,,,transfermarkt
2026/27,17,2027-02-27,kolos-kovalivka,chornomorets-odesa,,,transfermarkt
2026/27,17,2027-02-27,shakhtar-donetsk,epicentr,,,transfermarkt
2026/27,18,2027-03-06,bukovyna-chernivtsi,karpaty-lviv,,,transfermarkt
2026/27,18,2027-03-06,kolos-kovalivka,dynamo-kyiv,,,transfermarkt
2026/27,18,2027-03-06,zorya-luhansk,polissya-zhytomyr,,,transfermarkt
2026/27,18,2027-03-06,livyi-bereh-kyiv,kryvbas,,,transfermarkt
2026/27,18,2027-03-06,shakhtar-donetsk,fc-kharkiv,,,transfermarkt
2026/27,18,2027-03-06,veres-rivne,epicentr,,,transfermarkt
2026/27,18,2027-03-06,obolon-kyiv,kudrivka,,,transfermarkt
2026/27,18,2027-03-06,chornomorets-odesa,lnz-cherkasy,,,transfermarkt
2026/27,19,2027-03-13,dynamo-kyiv,bukovyna-chernivtsi,,,transfermarkt
2026/27,19,2027-03-13,fc-kharkiv,zorya-luhansk,,,transfermarkt
2026/27,19,2027-03-13,karpaty-lviv,livyi-bereh-kyiv,,,transfermarkt
2026/27,19,2027-03-13,veres-rivne,lnz-cherkasy,,,transfermarkt
2026/27,19,2027-03-13,epicentr,kudrivka,,,transfermarkt
2026/27,19,2027-03-13,polissya-zhytomyr,shakhtar-donetsk,,,transfermarkt
2026/27,19,2027-03-13,kryvbas,chornomorets-odesa,,,transfermarkt
2026/27,19,2027-03-13,obolon-kyiv,kolos-kovalivka,,,transfermarkt
2026/27,20,2027-03-20,zorya-luhansk,veres-rivne,,,transfermarkt
2026/27,20,2027-03-20,livyi-bereh-kyiv,chornomorets-odesa,,,transfermarkt
2026/27,20,2027-03-20,obolon-kyiv,fc-kharkiv,,,transfermarkt
2026/27,20,2027-03-20,kudrivka,polissya-zhytomyr,,,transfermarkt
2026/27,20,2027-03-20,lnz-cherkasy,dynamo-kyiv,,,transfermarkt
2026/27,20,2027-03-20,kolos-kovalivka,kryvbas,,,transfermarkt
2026/27,20,2027-03-20,bukovyna-chernivtsi,epicentr,,,transfermarkt
2026/27,20,2027-03-20,shakhtar-donetsk,karpaty-lviv,,,transfermarkt
2026/27,21,2027-04-03,fc-kharkiv,kryvbas,,,transfermarkt
2026/27,21,2027-04-03,kudrivka,veres-rivne,,,transfermarkt
2026/27,21,2027-04-03,obolon-kyiv,lnz-cherkasy,,,transfermarkt
2026/27,21,2027-04-03,karpaty-lviv,kolos-kovalivka,,,transfermarkt
2026/27,21,2027-04-03,chornomorets-odesa,shakhtar-donetsk,,,transfermarkt
2026/27,21,2027-04-03,epicentr,dynamo-kyiv,,,transfermarkt
2026/27,21,2027-04-03,zorya-luhansk,bukovyna-chernivtsi,,,transfermarkt
2026/27,21,2027-04-03,livyi-bereh-kyiv,polissya-zhytomyr,,,transfermarkt
2026/27,22,2027-04-10,bukovyna-chernivtsi,fc-kharkiv,,,transfermarkt
2026/27,22,2027-04-10,veres-rivne,karpaty-lviv,,,transfermarkt
2026/27,22,2027-04-10,kolos-kovalivka,kudrivka,,,transfermarkt
2026/27,22,2027-04-10,kryvbas,polissya-zhytomyr,,,transfermarkt
2026/27,22,2027-04-10,lnz-cherkasy,shakhtar-donetsk,,,transfermarkt
2026/27,22,2027-04-10,obolon-kyiv,chornomorets-odesa,,,transfermarkt
2026/27,22,2027-04-10,livyi-bereh-kyiv,epicentr,,,transfermarkt
2026/27,22,2027-04-10,dynamo-kyiv,zorya-luhansk,,,transfermarkt
2026/27,23,2027-04-17,shakhtar-donetsk,veres-rivne,,,transfermarkt
2026/27,23,2027-04-17,kudrivka,lnz-cherkasy,,,transfermarkt
2026/27,23,2027-04-17,polissya-zhytomyr,bukovyna-chernivtsi,,,transfermarkt
2026/27,23,2027-04-17,kryvbas,obolon-kyiv,,,transfermarkt
2026/27,23,2027-04-17,epicentr,kolos-kovalivka,,,transfermarkt
2026/27,23,2027-04-17,fc-kharkiv,chornomorets-odesa,,,transfermarkt
2026/27,23,2027-04-17,karpaty-lviv,dynamo-kyiv,,,transfermarkt
2026/27,23,2027-04-17,zorya-luhansk,livyi-bereh-kyiv,,,transfermarkt
2026/27,24,2027-04-24,bukovyna-chernivtsi,kudrivka,,,transfermarkt
2026/27,24,2027-04-24,dynamo-kyiv,polissya-zhytomyr,,,transfermarkt
2026/27,24,2027-04-24,lnz-cherkasy,kryvbas,,,transfermarkt
2026/27,24,2027-04-24,veres-rivne,obolon-kyiv,,,transfermarkt
2026/27,24,2027-04-24,kolos-kovalivka,shakhtar-donetsk,,,transfermarkt
2026/27,24,2027-04-24,chornomorets-odesa,zorya-luhansk,,,transfermarkt
2026/27,24,2027-04-24,epicentr,karpaty-lviv,,,transfermarkt
2026/27,24,2027-04-24,livyi-bereh-kyiv,fc-kharkiv,,,transfermarkt
2026/27,25,2027-05-01,obolon-kyiv,polissya-zhytomyr,,,transfermarkt
2026/27,25,2027-05-01,lnz-cherkasy,livyi-bereh-kyiv,,,transfermarkt
2026/27,25,2027-05-01,kryvbas,bukovyna-chernivtsi,,,transfermarkt
2026/27,25,2027-05-01,kolos-kovalivka,veres-rivne,,,transfermarkt
2026/27,25,2027-05-01,karpaty-lviv,chornomorets-odesa,,,transfermarkt
2026/27,25,2027-05-01,fc-kharkiv,epicentr,,,transfermarkt
2026/27,25,2027-05-01,zorya-luhansk,shakhtar-donetsk,,,transfermarkt
2026/27,25,2027-05-01,kudrivka,dynamo-kyiv,,,transfermarkt
2026/27,26,2027-05-08,fc-kharkiv,lnz-cherkasy,,,transfermarkt
2026/27,26,2027-05-08,dynamo-kyiv,kryvbas,,,transfermarkt
2026/27,26,2027-05-08,shakhtar-donetsk,obolon-kyiv,,,transfermarkt
2026/27,26,2027-05-08,polissya-zhytomyr,kolos-kovalivka,,,transfermarkt
2026/27,26,2027-05-08,chornomorets-odesa,veres-rivne,,,transfermarkt
2026/27,26,2027-05-08,epicentr,zorya-luhansk,,,transfermarkt
2026/27,26,2027-05-08,kudrivka,karpaty-lviv,,,transfermarkt
2026/27,26,2027-05-08,bukovyna-chernivtsi,livyi-bereh-kyiv,,,transfermarkt
2026/27,27,2027-05-15,kryvbas,epicentr,,,transfermarkt
2026/27,27,2027-05-15,livyi-bereh-kyiv,obolon-kyiv,,,transfermarkt
2026/27,27,2027-05-15,kolos-kovalivka,bukovyna-chernivtsi,,,transfermarkt
2026/27,27,2027-05-15,chornomorets-odesa,kudrivka,,,transfermarkt
2026/27,27,2027-05-15,dynamo-kyiv,shakhtar-donetsk,,,transfermarkt
2026/27,27,2027-05-15,karpaty-lviv,fc-kharkiv,,,transfermarkt
2026/27,27,2027-05-15,lnz-cherkasy,zorya-luhansk,,,transfermarkt
2026/27,27,2027-05-15,veres-rivne,polissya-zhytomyr,,,transfermarkt
2026/27,28,2027-05-22,obolon-kyiv,dynamo-kyiv,,,transfermarkt
2026/27,28,2027-05-22,fc-kharkiv,kolos-kovalivka,,,transfermarkt
2026/27,28,2027-05-22,epicentr,chornomorets-odesa,,,transfermarkt
2026/27,28,2027-05-22,shakhtar-donetsk,livyi-bereh-kyiv,,,transfermarkt
2026/27,28,2027-05-22,zorya-luhansk,karpaty-lviv,,,transfermarkt
2026/27,28,2027-05-22,bukovyna-chernivtsi,veres-rivne,,,transfermarkt
2026/27,28,2027-05-22,kudrivka,kryvbas,,,transfermarkt
2026/27,28,2027-05-22,polissya-zhytomyr,lnz-cherkasy,,,transfermarkt
2026/27,29,2027-05-29,kolos-kovalivka,livyi-bereh-kyiv,,,transfermarkt
2026/27,29,2027-05-29,chornomorets-odesa,dynamo-kyiv,,,transfermarkt
2026/27,29,2027-05-29,lnz-cherkasy,epicentr,,,transfermarkt
2026/27,29,2027-05-29,bukovyna-chernivtsi,shakhtar-donetsk,,,transfermarkt
2026/27,29,2027-05-29,polissya-zhytomyr,karpaty-lviv,,,transfermarkt
2026/27,29,2027-05-29,zorya-luhansk,obolon-kyiv,,,transfermarkt
2026/27,29,2027-05-29,fc-kharkiv,kudrivka,,,transfermarkt
2026/27,29,2027-05-29,veres-rivne,kryvbas,,,transfermarkt
2026/27,30,2027-06-04,chornomorets-odesa,bukovyna-chernivtsi,,,transfermarkt
2026/27,30,2027-06-04,epicentr,polissya-zhytomyr,,,transfermarkt
2026/27,30,2027-06-04,kryvbas,shakhtar-donetsk,,,transfermarkt
2026/27,30,2027-06-04,karpaty-lviv,obolon-kyiv,,,transfermarkt
2026/27,30,2027-06-04,dynamo-kyiv,fc-kharkiv,,,transfermarkt
2026/27,30,2027-06-04,kudrivka,zorya-luhansk,,,transfermarkt
2026/27,30,2027-06-04,livyi-bereh-kyiv,veres-rivne,,,transfermarkt
2026/27,30,2027-06-04,kolos-kovalivka,lnz-cherkasy,,,transfermarkt
2026/27,2,,livyi-bereh-kyiv,kudrivka,0,0,transfermarkt
2026/27,2,,bukovyna-chernivtsi,obolon-kyiv,0,0,transfermarkt
