person_id,name,max_rating,best_card,cards84,dk_sh_seasons,tm_id,tm_name,dob,caps,intl_goals,country,ukraine,other_senior,youth_caps,euro_apps,ucl_apps,euro_goals,euro_apps_foreign,peak_mv_eur,peak_mv_date,max_fee_eur,max_fee_move,max_loan_fee_eur,awards,sources,checked,note
tm:14942,Дарійо Срна,99,Шахтар (Донецьк) 2012,12,15,14942,Darijo Srna,1982-05-01,134,22,Croatia,0,,30,145,63,10,9,17500000,2010-02-16,1200000,2003 HNK Hajduk Split → Shakhtar Donetsk,,Komanda #3 2010; Komanda #3 2016,https://www.transfermarkt.com/darijo-srna/profil/spieler/14942 https://tmapi.transfermarkt.technology/player/14942/national-career-history https://tmapi.transfermarkt.technology/player/14942/performance-game https://tmapi.transfermarkt.technology/transfer/history/player/14942 https://en.wikipedia.org/wiki/Ukrainian_Footballer_of_the_Year,2026-09-30,єврокубки в базі TM: 2001–2018
tm:343537,Артем Довбик,99,СК Дніпро-1 2022,2,0,343537,Artem Dovbyk,1997-06-21,41,11,Ukraine,1,,9,27,0,8,16,35000000,2024-06-07,41100000,2024 Girona FC → AS Roma,,UF #2 2022; UPL top scorer 2022–23; UF #1 2023; Ballon d'Or #29 2024; UF #2 2024,https://www.transfermarkt.com/artem-dovbyk/profil/spieler/343537 https://tmapi.transfermarkt.technology/player/343537/national-career-history https://tmapi.transfermarkt.technology/player/343537/performance-game https://tmapi.transfermarkt.technology/transfer/history/player/343537 https://en.wikipedia.org/wiki/2024_Ballon_d%27Or https://en.wikipedia.org/wiki/Template:Ukrainian_Premier_League_top_scorers https://en.wikipedia.org/wiki/Ukrainian_Footballer_of_the_Year,2026-09-30,єврокубки в базі TM: 2019–2026
tm:39996,Андрій П'ятов,99,Шахтар (Донецьк) 2010,15,16,39996,Andriy Pyatov,1984-06-28,102,0,Ukraine,1,,20,131,72,0,0,10000000,2011-03-11,1000000,2007 Vorskla Poltava → Shakhtar Donetsk,,Komanda #3 2009; UF #3 2009; Komanda #1 2010; UF #2 2016,https://www.transfermarkt.com/andriy-pyatov/profil/spieler/39996 https://tmapi.transfermarkt.technology/player/39996/national-career-history https://tmapi.transfermarkt.technology/player/39996/performance-game https://tmapi.transfermarkt.technology/transfer/history/player/39996 https://en.wikipedia.org/wiki/Ukrainian_Footballer_of_the_Year,2026-09-30,єврокубки в базі TM: 2007–2022
tm:59411,Марко Девич,99,Металіст (Харків) 2007,9,1,59411,Marko Devic,1983-10-27,35,7,Ukraine,1,,0,46,2,12,8,8000000,2014-01-02,5000000,2014 Metalist Kharkiv (- 2016) → Rubin Kazan,1000000,UPL top scorer 2007–08; UF #3 2010; Komanda #3 2013; UF #3 2013,https://www.transfermarkt.com/marko-devic/profil/spieler/59411 https://tmapi.transfermarkt.technology/player/59411/national-career-history https://tmapi.transfermarkt.technology/player/59411/performance-game https://tmapi.transfermarkt.technology/transfer/history/player/59411 https://en.wikipedia.org/wiki/Template:Ukrainian_Premier_League_top_scorers https://en.wikipedia.org/wiki/Ukrainian_Footballer_of_the_Year,2026-09-30,єврокубки в базі TM: 2007–2017
tm:631821,Владислав Ванат,99,Динамо (Київ) 2024,4,5,631821,Vladyslav Vanat,2002-01-04,19,2,Ukraine,1,,23,33,0,6,0,15000000,2026-06-05,15000000,2025 Dynamo Kyiv → Girona FC,,UPL top scorer 2023–24; UPL top scorer 2024–25,https://www.transfermarkt.com/vladyslav-vanat/profil/spieler/631821 https://tmapi.transfermarkt.technology/player/631821/national-career-history https://tmapi.transfermarkt.technology/player/631821/performance-game https://tmapi.transfermarkt.technology/transfer/history/player/631821 https://en.wikipedia.org/wiki/Template:Ukrainian_Premier_League_top_scorers,2026-09-30,єврокубки в базі TM: 2022–2026
tm:66515,Алекс Тейшейра,99,Шахтар (Донецьк) 2015,6,7,66515,Alex Teixeira,1990-01-06,0,0,,0,,26,68,44,17,21,30000000,2015-12-18,50000000,2016 Shakhtar Donetsk → Jiangsu FC (1994 - 2021),,UPL top scorer 2014–15; Komanda #1 2015; UPL top scorer 2015–16,https://www.transfermarkt.com/alex-teixeira/profil/spieler/66515 https://tmapi.transfermarkt.technology/player/66515/national-career-history https://tmapi.transfermarkt.technology/player/66515/performance-game https://tmapi.transfermarkt.technology/transfer/history/player/66515 https://en.wikipedia.org/wiki/Template:Ukrainian_Premier_League_top_scorers https://en.wikipedia.org/wiki/Ukrainian_Footballer_of_the_Year,2026-09-30,єврокубки в базі TM: 2007–2025
w:1970-08-18:matvev,Олег Матвєєв,99,Шахтар (Донецьк) 1996,7,8,86709,Oleg Matveyev,1970-08-18,0,0,,0,,16,9,0,0,0,,,,,,UPL top scorer 1996–97,https://www.transfermarkt.com/oleg-matveyev/profil/spieler/86709 https://tmapi.transfermarkt.technology/player/86709/national-career-history https://tmapi.transfermarkt.technology/player/86709/performance-game https://tmapi.transfermarkt.technology/transfer/history/player/86709 https://en.wikipedia.org/wiki/Template:Ukrainian_Premier_League_top_scorers,2026-09-30,"tm id: repo link (data/foot, data/positions); єврокубки в базі TM: 1990–2000"
w:1978-08-02:havranchich,Горан Гавранчич,99,Динамо (Київ) 2003,5,8,9791,Goran Gavrancic,1978-08-02,29,0,Serbia and Montenegro,0,Yugoslavia 4/0,0,60,32,3,9,2500000,2007-10-07,2000000,2001 FK Cukaricki → Dynamo Kyiv,150000,,https://www.transfermarkt.com/goran-gavrancic/profil/spieler/9791 https://tmapi.transfermarkt.technology/player/9791/national-career-history https://tmapi.transfermarkt.technology/player/9791/performance-game https://tmapi.transfermarkt.technology/transfer/history/player/9791,2026-09-30,tm id: wikidata P2446 + dob; єврокубки в базі TM: 2001–2010
tm:124028,Ісмаїлі,97,Шахтар (Донецьк) 2016,6,10,124028,Ismaily,1990-01-11,0,0,,0,,0,72,35,4,18,19000000,2020-01-08,4000000,2013 SC Braga → Shakhtar Donetsk,,,https://www.transfermarkt.com/ismaily/profil/spieler/124028 https://tmapi.transfermarkt.technology/player/124028/national-career-history https://tmapi.transfermarkt.technology/player/124028/performance-game https://tmapi.transfermarkt.technology/transfer/history/player/124028,2026-09-30,єврокубки в базі TM: 2012–2025
tm:14945,Андрій Воробєй,97,Шахтар (Донецьк) 2000,8,10,14945,Andriy Vorobey,1978-11-29,68,9,Ukraine,1,,11,67,14,13,0,2750000,2008-09-28,2500000,2007 Shakhtar Donetsk → Dnipro Dnipropetrovsk (- 2020),,Komanda #1 2000; UF #2 2000; UPL top scorer 2000–01,https://www.transfermarkt.com/andriy-vorobey/profil/spieler/14945 https://tmapi.transfermarkt.technology/player/14945/national-career-history https://tmapi.transfermarkt.technology/player/14945/performance-game https://tmapi.transfermarkt.technology/transfer/history/player/14945 https://en.wikipedia.org/wiki/Template:Ukrainian_Premier_League_top_scorers https://en.wikipedia.org/wiki/Ukrainian_Footballer_of_the_Year,2026-09-30,єврокубки в базі TM: 1997–2011; нагороди: частина зіставлена лише за іменем (у Wikidata немає TM id)
tm:52915,Жуніор Мораес,97,Шахтар (Донецьк) 2018,8,7,52915,Júnior Moraes,1987-04-04,11,1,Ukraine,1,,0,63,28,23,6,5000000,2020-01-08,2000000,2012 CSKA Sofia → Metalurg Donetsk (- 2015),2100000,UPL top scorer 2018–19; UPL top scorer 2019–20,https://www.transfermarkt.com/junior-moraes/profil/spieler/52915 https://tmapi.transfermarkt.technology/player/52915/national-career-history https://tmapi.transfermarkt.technology/player/52915/performance-game https://tmapi.transfermarkt.technology/transfer/history/player/52915 https://en.wikipedia.org/wiki/Template:Ukrainian_Premier_League_top_scorers,2026-09-30,єврокубки в базі TM: 2006–2022
tm:55735,Генріх Мхітарян,97,Шахтар (Донецьк) 2012,4,3,55735,Henrikh Mkhitaryan,1989-01-21,95,32,Armenia,0,,24,166,80,26,139,37000000,2017-02-20,42000000,2016 Borussia Dortmund → Manchester United,3100000,Komanda #1 2012; UPL top scorer 2012–13,https://www.transfermarkt.com/henrikh-mkhitaryan/profil/spieler/55735 https://tmapi.transfermarkt.technology/player/55735/national-career-history https://tmapi.transfermarkt.technology/player/55735/performance-game https://tmapi.transfermarkt.technology/transfer/history/player/55735 https://en.wikipedia.org/wiki/Template:Ukrainian_Premier_League_top_scorers https://en.wikipedia.org/wiki/Ukrainian_Footballer_of_the_Year,2026-09-30,єврокубки в базі TM: 2007–2027
tm:61952,Данило Сілва,97,Динамо (Київ) 2014,6,8,61952,Danilo Silva,1986-11-24,0,0,,0,,0,53,10,0,3,5500000,2016-07-21,4000000,2010 Sport Club Internacional → Dynamo Kyiv,,,https://www.transfermarkt.com/danilo-silva/profil/spieler/61952 https://tmapi.transfermarkt.technology/player/61952/national-career-history https://tmapi.transfermarkt.technology/player/61952/performance-game https://tmapi.transfermarkt.technology/transfer/history/player/61952,2026-09-30,єврокубки в базі TM: 2008–2017
tm:9775,Олександр Шовковський,97,Динамо (Київ) 2004,22,24,9775,Oleksandr Shovkovskyi,1975-01-02,92,0,Ukraine,1,,11,143,77,0,0,3250000,2007-10-07,,,,UF #2 1994; UF #3 1999; Komanda #2 2004,https://www.transfermarkt.com/oleksandr-shovkovskyi/profil/spieler/9775 https://tmapi.transfermarkt.technology/player/9775/national-career-history https://tmapi.transfermarkt.technology/player/9775/performance-game https://tmapi.transfermarkt.technology/transfer/history/player/9775 https://en.wikipedia.org/wiki/Ukrainian_Footballer_of_the_Year,2026-09-30,єврокубки в базі TM: 1994–2017
tm:9796,Олександр Алієв,97,Динамо (Київ) 2008,5,10,9796,Oleksandr Aliev,1985-02-03,28,6,Ukraine,1,,50,38,6,8,6,10000000,2010-12-07,8000000,2011 Lokomotiv Moscow → Dynamo Kyiv,,,https://www.transfermarkt.com/oleksandr-aliev/profil/spieler/9796 https://tmapi.transfermarkt.technology/player/9796/national-career-history https://tmapi.transfermarkt.technology/player/9796/performance-game https://tmapi.transfermarkt.technology/transfer/history/player/9796,2026-09-30,єврокубки в базі TM: 2005–2014
w:1969-01-02:suslov,Олег Суслов,97,Чорноморець (Одеса) 1995,4,0,94903,Oleg Suslov,1969-01-02,12,0,Ukraine,1,,0,13,0,0,0,,,218018,1996 Chornomorets Odesa → Red Bull Salzburg,,Komanda #2 1995; UF #3 1995; Komanda #3 1996; UF #2 1996,https://www.transfermarkt.com/oleg-suslov/profil/spieler/94903 https://tmapi.transfermarkt.technology/player/94903/national-career-history https://tmapi.transfermarkt.technology/player/94903/performance-game https://tmapi.transfermarkt.technology/transfer/history/player/94903 https://en.wikipedia.org/wiki/Ukrainian_Footballer_of_the_Year,2026-09-30,tm id: wikidata P2446 + dob; єврокубки в базі TM: 1992–1997
w:1970-08-09:bejenar,Сергій Беженар,97,Дніпро (Дніпропетровськ) 1992,6,4,116986,Sergiy Bezhenar,1970-08-09,23,1,Ukraine,1,,42,27,6,2,2,,,,,,,https://www.transfermarkt.com/sergiy-bezhenar/profil/spieler/116986 https://tmapi.transfermarkt.technology/player/116986/national-career-history https://tmapi.transfermarkt.technology/player/116986/performance-game https://tmapi.transfermarkt.technology/transfer/history/player/116986,2026-09-30,"tm id: repo link (data/foot, data/positions); єврокубки в базі TM: 1990–2002"
w:1974-06-03:rebrov,Сергій Ребров,97,Динамо (Київ) 2005,9,11,3122,Sergiy Rebrov,1974-06-03,75,15,Ukraine,1,,17,72,43,31,0,3000000,2008-09-05,18000000,2000 Dynamo Kyiv → Tottenham Hotspur,,Komanda #1 1996; UF #1 1996; Komanda #2 1997; UF #2 1997; UPL top scorer 1997–98; Komanda #1 1998; UF #1 1998; Komanda #1 1999; UF #2 1999; UF #3 2000; UF #3 2006,https://www.transfermarkt.com/sergiy-rebrov/profil/spieler/3122 https://tmapi.transfermarkt.technology/player/3122/national-career-history https://tmapi.transfermarkt.technology/player/3122/performance-game https://tmapi.transfermarkt.technology/transfer/history/player/3122 https://en.wikipedia.org/wiki/Template:Ukrainian_Premier_League_top_scorers https://en.wikipedia.org/wiki/Ukrainian_Footballer_of_the_Year,2026-09-30,"tm id: repo link (data/foot, data/positions); єврокубки в базі TM: 1992–2008; нагороди: частина зіставлена лише за іменем (у Wikidata немає TM id)"
tm:206888,Георгій Бущан,95,Динамо (Київ) 2020,8,8,206888,Georgiy Bushchan,1994-05-31,18,0,Ukraine,1,,24,50,9,0,0,10000000,2022-12-06,3000000,2025 Dynamo Kyiv → Al-Shabab FC,,,https://www.transfermarkt.com/georgiy-bushchan/profil/spieler/206888 https://tmapi.transfermarkt.technology/player/206888/national-career-history https://tmapi.transfermarkt.technology/player/206888/performance-game https://tmapi.transfermarkt.technology/transfer/history/player/206888,2026-09-30,єврокубки в базі TM: 2017–2027
tm:264372,Віктор Циганков,95,Динамо (Київ) 2020,6,7,264372,Viktor Tsygankov,1997-11-15,69,14,Ukraine,1,,29,69,22,13,5,30000000,2024-06-07,5000000,2023 Dynamo Kyiv → Girona FC,,Komanda1 #2 2018; UF #1 2018; Komanda1 #2 2019; UF #2 2019; Komanda1 #1 2020; UF #3 2020,https://www.transfermarkt.com/viktor-tsygankov/profil/spieler/264372 https://tmapi.transfermarkt.technology/player/264372/national-career-history https://tmapi.transfermarkt.technology/player/264372/performance-game https://tmapi.transfermarkt.technology/transfer/history/player/264372 https://en.wikipedia.org/wiki/Ukrainian_Footballer_of_the_Year,2026-09-30,єврокубки в базі TM: 2016–2025
tm:401529,Додо,95,Шахтар (Донецьк) 2020,3,3,401529,Dodô,1998-11-17,0,0,,0,,18,73,17,3,43,24000000,2025-06-17,15400000,2022 Shakhtar Donetsk → ACF Fiorentina,,,https://www.transfermarkt.com/dodo/profil/spieler/401529 https://tmapi.transfermarkt.technology/player/401529/national-career-history https://tmapi.transfermarkt.technology/player/401529/performance-game https://tmapi.transfermarkt.technology/transfer/history/player/401529,2026-09-30,єврокубки в базі TM: 2015–2026
tm:404842,Віталій Миколенко,95,Динамо (Київ) 2020,5,5,404842,Vitaliy Mykolenko,1999-05-29,55,1,Ukraine,1,,31,32,9,2,0,28000000,2025-05-30,23500000,2022 Dynamo Kyiv → Everton FC,,Komanda1 #3 2019; UF #2 2020,https://www.transfermarkt.com/vitaliy-mykolenko/profil/spieler/404842 https://tmapi.transfermarkt.technology/player/404842/national-career-history https://tmapi.transfermarkt.technology/player/404842/performance-game https://tmapi.transfermarkt.technology/transfer/history/player/404842 https://en.wikipedia.org/wiki/Ukrainian_Footballer_of_the_Year,2026-09-30,єврокубки в базі TM: 2018–2022; нагороди: частина зіставлена лише за іменем (у Wikidata немає TM id)
tm:57895,Денис Олійник,95,Металіст (Харків) 2010,2,2,57895,Denys Oliynyk,1987-06-16,12,0,Ukraine,1,,50,23,0,4,2,5000000,2011-07-04,7000000,2011 Metalist Kharkiv (- 2016) → Dnipro Dnipropetrovsk (- 2020),,,https://www.transfermarkt.com/denys-oliynyk/profil/spieler/57895 https://tmapi.transfermarkt.technology/player/57895/national-career-history https://tmapi.transfermarkt.technology/player/57895/performance-game https://tmapi.transfermarkt.technology/transfer/history/player/57895,2026-09-30,єврокубки в базі TM: 2008–2023
tm:93795,Факундо Феррейра,95,Шахтар (Донецьк) 2017,4,4,93795,Facundo Ferreyra,1991-03-14,0,0,,0,,12,44,14,16,15,9000000,2018-05-14,7000000,2013 CA Vélez Sarsfield → Shakhtar Donetsk,2200000,UPL top scorer 2017–18,https://www.transfermarkt.com/facundo-ferreyra/profil/spieler/93795 https://tmapi.transfermarkt.technology/player/93795/national-career-history https://tmapi.transfermarkt.technology/player/93795/performance-game https://tmapi.transfermarkt.technology/transfer/history/player/93795 https://en.wikipedia.org/wiki/Template:Ukrainian_Premier_League_top_scorers,2026-09-30,єврокубки в базі TM: 2012–2020
w:1964-01-30:petrov,Ігор Петров,95,Шахтар (Донецьк) 1994,1,3,182210,Igor Petrov,1964-01-30,3,0,Ukraine,1,,21,10,0,1,0,,,,,,UF #3 1994,https://www.transfermarkt.com/igor-petrov/profil/spieler/182210 https://tmapi.transfermarkt.technology/player/182210/national-career-history https://tmapi.transfermarkt.technology/player/182210/performance-game https://tmapi.transfermarkt.technology/transfer/history/player/182210 https://en.wikipedia.org/wiki/Ukrainian_Footballer_of_the_Year,2026-09-30,tm id: wikidata P2446 + dob; єврокубки в базі TM: 1983–1996
w:1968-08-05:lujni,Олег Лужний,95,Динамо (Київ) 1992,7,7,3196,Oleg Luzhnyi,1968-08-05,60,0,Ukraine,1,Soviet Union (-1991) 8/0,8,73,41,0,21,750000,2004-10-04,2750000,1999 Dynamo Kyiv → Arsenal FC,,Komanda #3 1998; UF #3 1998,https://www.transfermarkt.com/oleg-luzhnyi/profil/spieler/3196 https://tmapi.transfermarkt.technology/player/3196/national-career-history https://tmapi.transfermarkt.technology/player/3196/performance-game https://tmapi.transfermarkt.technology/transfer/history/player/3196 https://en.wikipedia.org/wiki/Ukrainian_Footballer_of_the_Year,2026-09-30,"tm id: repo link (data/foot, data/positions); єврокубки в базі TM: 1989–2003"
w:1969-10-05:leonenko,Віктор Леоненко,95,Динамо (Київ) 1994,4,5,107652,Viktor Leonenko,1969-10-05,14,6,Ukraine,1,,1,26,7,9,6,,,1000000,1992 Dynamo Moscow → Dynamo Kyiv,,UF #1 1992; UF #1 1993; UF #1 1994,https://www.transfermarkt.com/viktor-leonenko/profil/spieler/107652 https://tmapi.transfermarkt.technology/player/107652/national-career-history https://tmapi.transfermarkt.technology/player/107652/performance-game https://tmapi.transfermarkt.technology/transfer/history/player/107652 https://en.wikipedia.org/wiki/Ukrainian_Footballer_of_the_Year,2026-09-30,"tm id: repo link (data/foot, data/positions); єврокубки в базі TM: 1991–1999"
w:1971-04-22:popov,Сергій Попов,95,Шахтар (Донецьк) 2001,7,11,14938,Sergiy Popov,1971-04-22,54,5,Ukraine,1,,0,36,5,0,0,50000,2004-10-04,25000,1996 Shakhtar Donetsk → Zenit St. Petersburg,,,https://www.transfermarkt.com/sergiy-popov/profil/spieler/14938 https://tmapi.transfermarkt.technology/player/14938/national-career-history https://tmapi.transfermarkt.technology/player/14938/performance-game https://tmapi.transfermarkt.technology/transfer/history/player/14938,2026-09-30,"tm id: repo link (data/foot, data/positions); єврокубки в базі TM: 1994–2004"
w:1976-08-17:zakarliuka,Сергій Закарлюка,95,Маріуполь / Іллічівець 2004,9,1,14946,Sergiy Zakarlyuka,1976-08-17,9,0,Ukraine,1,,1,27,0,5,0,750000,2009-02-24,,,,,https://www.transfermarkt.com/sergiy-zakarlyuka/profil/spieler/14946 https://tmapi.transfermarkt.technology/player/14946/national-career-history https://tmapi.transfermarkt.technology/player/14946/performance-game https://tmapi.transfermarkt.technology/transfer/history/player/14946,2026-09-30,tm id: wikidata P2446 + dob; єврокубки в базі TM: 1998–2012
w:1976-09-29:shevchenko,Андрій Шевченко,95,Динамо (Київ) 1997,6,8,3522,Andriy Shevchenko,1976-09-29,111,48,Ukraine,1,,15,141,100,66,90,51000000,2006-06-11,43875000,2006 AC Milan → Chelsea FC,,Komanda #3 1995; UF #2 1995; Komanda #1 1997; UF #1 1997; Komanda #2 1998; UF #2 1998; UPL top scorer 1998–99; Ballon d'Or #3 1999; Komanda #2 1999; UF #1 1999; Ballon d'Or #3 2000; UF #1 2000; Ballon d'Or #8 2001; UF #1 2001; UF #2 2002; Ballon d'Or #4 2003; UF #2 2003; Ballon d'Or #1 2004; UEFA Team of the Year 2004; UF #1 2004; Ballon d'Or #5 2005; UEFA Team of the Year 2005; UF #1 2005; UF #2 2006; Komanda #2 2009; UF #2 2009,https://www.transfermarkt.com/andriy-shevchenko/profil/spieler/3522 https://tmapi.transfermarkt.technology/player/3522/national-career-history https://tmapi.transfermarkt.technology/player/3522/performance-game https://tmapi.transfermarkt.technology/transfer/history/player/3522 https://en.wikipedia.org/wiki/1999_Ballon_d%27Or https://en.wikipedia.org/wiki/2000_Ballon_d%27Or https://en.wikipedia.org/wiki/2001_Ballon_d%27Or https://en.wikipedia.org/wiki/2003_Ballon_d%27Or https://en.wikipedia.org/wiki/2004_Ballon_d%27Or https://en.wikipedia.org/wiki/2005_Ballon_d%27Or https://en.wikipedia.org/wiki/Template:Ukrainian_Premier_League_top_scorers https://en.wikipedia.org/wiki/UEFA_Team_of_the_Year https://en.wikipedia.org/wiki/Ukrainian_Footballer_of_the_Year,2026-09-30,"tm id: repo link (data/foot, data/positions); єврокубки в базі TM: 1994–2012"
w:1980-04-18:dioho,Діого Рінкон,95,Динамо (Київ) 2002,6,6,9789,Diogo Rincón,1980-04-18,0,0,,0,,6,37,25,12,0,3250000,2007-10-07,4500000,2002 Sport Club Internacional → Dynamo Kyiv,,,https://www.transfermarkt.com/diogo-rincon/profil/spieler/9789 https://tmapi.transfermarkt.technology/player/9789/national-career-history https://tmapi.transfermarkt.technology/player/9789/performance-game https://tmapi.transfermarkt.technology/transfer/history/player/9789,2026-09-30,tm id: wikidata P2446 + dob; єврокубки в базі TM: 2002–2008
w:1982-10-23:bispo,Родольфо,95,Динамо (Київ) 2004,3,3,25737,Rodolfo,1982-10-23,0,0,,0,,0,41,9,1,26,5300000,2009-12-22,3700000,2007 Dynamo Kyiv → Lokomotiv Moscow,,,https://www.transfermarkt.com/rodolfo/profil/spieler/25737 https://tmapi.transfermarkt.technology/player/25737/national-career-history https://tmapi.transfermarkt.technology/player/25737/performance-game https://tmapi.transfermarkt.technology/transfer/history/player/25737,2026-09-30,tm id: wikidata P2446 + dob; єврокубки в базі TM: 2002–2012
tm:1074053,Матвій Пономаренко,93,Динамо (Київ) 2025,3,3,1074053,Matviy Ponomarenko,2006-01-11,4,1,Ukraine,1,,31,14,0,2,0,12000000,2026-06-02,,,,UPL top scorer 2025–26,https://www.transfermarkt.com/matviy-ponomarenko/profil/spieler/1074053 https://tmapi.transfermarkt.technology/player/1074053/national-career-history https://tmapi.transfermarkt.technology/player/1074053/performance-game https://tmapi.transfermarkt.technology/transfer/history/player/1074053 https://en.wikipedia.org/wiki/Template:Ukrainian_Premier_League_top_scorers,2026-09-30,єврокубки в базі TM: 2024–2027
tm:167556,Владислав Кулач,93,Ворскла (Полтава) 2020,3,2,167556,Vladyslav Kulach,1993-05-07,0,0,,0,,24,12,0,2,3,1200000,2021-06-07,,,,UPL top scorer 2020–21,https://www.transfermarkt.com/vladyslav-kulach/profil/spieler/167556 https://tmapi.transfermarkt.technology/player/167556/national-career-history https://tmapi.transfermarkt.technology/player/167556/performance-game https://tmapi.transfermarkt.technology/transfer/history/player/167556 https://en.wikipedia.org/wiki/Template:Ukrainian_Premier_League_top_scorers,2026-09-30,єврокубки в базі TM: 2016–2020
tm:167722,Віталій Буяльський,93,Динамо (Київ) 2022,10,13,167722,Vitaliy Buyalskyi,1993-01-06,13,0,Ukraine,1,,34,100,20,16,0,8000000,2022-12-06,,,,UF #3 2022,https://www.transfermarkt.com/vitaliy-buyalskyi/profil/spieler/167722 https://tmapi.transfermarkt.technology/player/167722/national-career-history https://tmapi.transfermarkt.technology/player/167722/performance-game https://tmapi.transfermarkt.technology/transfer/history/player/167722 https://en.wikipedia.org/wiki/Ukrainian_Footballer_of_the_Year,2026-09-30,єврокубки в базі TM: 2014–2027
tm:26267,Фернандіньйо,93,Шахтар (Донецьк) 2007,6,8,26267,Fernandinho,1985-05-04,53,2,Brazil,0,,14,173,103,20,102,32000000,2014-08-12,40000000,2013 Shakhtar Donetsk → Manchester City,,Komanda #3 2007,https://www.transfermarkt.com/fernandinho/profil/spieler/26267 https://tmapi.transfermarkt.technology/player/26267/national-career-history https://tmapi.transfermarkt.technology/player/26267/performance-game https://tmapi.transfermarkt.technology/transfer/history/player/26267 https://en.wikipedia.org/wiki/Ukrainian_Footballer_of_the_Year,2026-09-30,єврокубки в базі TM: 2004–2024
tm:43332,Олександр Ковпак,93,Таврія (Сімферополь) 2008,5,0,43332,Oleksandr Kovpak,1983-02-02,3,0,Ukraine,1,,1,9,0,1,0,2000000,2009-08-30,,,,UPL top scorer 2008–09,https://www.transfermarkt.com/oleksandr-kovpak/profil/spieler/43332 https://tmapi.transfermarkt.technology/player/43332/national-career-history https://tmapi.transfermarkt.technology/player/43332/performance-game https://tmapi.transfermarkt.technology/transfer/history/player/43332 https://en.wikipedia.org/wiki/Template:Ukrainian_Premier_League_top_scorers,2026-09-30,єврокубки в базі TM: 2008–2016
tm:46504,Ерік Бікфалві,93,Волинь (Луцьк) 2014,2,0,46504,Erik Bicfalvi,1988-02-05,9,1,Romania,0,,26,22,1,0,22,3500000,2019-12-23,300000,2007 Jiul Petrosani → FCSB,,UPL top scorer 2014–15,https://www.transfermarkt.com/erik-bicfalvi/profil/spieler/46504 https://tmapi.transfermarkt.technology/player/46504/national-career-history https://tmapi.transfermarkt.technology/player/46504/performance-game https://tmapi.transfermarkt.technology/transfer/history/player/46504 https://en.wikipedia.org/wiki/Template:Ukrainian_Premier_League_top_scorers,2026-09-30,єврокубки в базі TM: 2007–2012
tm:48974,Луїс Адріано,93,Шахтар (Донецьк) 2013,8,9,48974,Luiz Adriano,1987-04-12,4,0,Brazil,0,,11,109,47,47,45,10000000,2016-01-04,14000000,2015 Shakhtar Donetsk → AC Milan,,UPL top scorer 2013–14,https://www.transfermarkt.com/luiz-adriano/profil/spieler/48974 https://tmapi.transfermarkt.technology/player/48974/national-career-history https://tmapi.transfermarkt.technology/player/48974/performance-game https://tmapi.transfermarkt.technology/transfer/history/player/48974 https://en.wikipedia.org/wiki/Template:Ukrainian_Premier_League_top_scorers,2026-09-30,єврокубки в базі TM: 2006–2023
tm:537844,Анатолій Трубін,93,Шахтар (Донецьк) 2022,4,4,537844,Anatoliy Trubin,2001-08-01,30,0,Ukraine,1,,32,70,42,1,45,28000000,2025-12-18,10000000,2023 Shakhtar Donetsk → SL Benfica,,,https://www.transfermarkt.com/anatoliy-trubin/profil/spieler/537844 https://tmapi.transfermarkt.technology/player/537844/national-career-history https://tmapi.transfermarkt.technology/player/537844/performance-game https://tmapi.transfermarkt.technology/transfer/history/player/537844,2026-09-30,єврокубки в базі TM: 2020–2027
tm:537854,Артем Бондаренко,93,Шахтар (Донецьк) 2024,4,6,537854,Artem Bondarenko,2000-08-21,5,0,Ukraine,1,,36,43,20,2,2,10000000,2025-06-10,,,1000000,,https://www.transfermarkt.com/artem-bondarenko/profil/spieler/537854 https://tmapi.transfermarkt.technology/player/537854/national-career-history https://tmapi.transfermarkt.technology/player/537854/performance-game https://tmapi.transfermarkt.technology/transfer/history/player/537854,2026-09-30,єврокубки в базі TM: 2021–2027
tm:59322,Олександр Караваєв,93,Зоря (Луганськ) 2015,9,7,59322,Oleksandr Karavaev,1992-06-02,50,3,Ukraine,1,,50,76,10,7,0,5000000,2021-05-27,2500000,2019 Zorya Lugansk → Dynamo Kyiv,100000,,https://www.transfermarkt.com/oleksandr-karavaev/profil/spieler/59322 https://tmapi.transfermarkt.technology/player/59322/national-career-history https://tmapi.transfermarkt.technology/player/59322/performance-game https://tmapi.transfermarkt.technology/transfer/history/player/59322,2026-09-30,єврокубки в базі TM: 2014–2026
tm:69015,Андрій Ярмоленко,93,Динамо (Київ) 2015,12,14,69015,Andriy Yarmolenko,1989-10-23,126,47,Ukraine,1,,30,117,30,27,14,25000000,2017-12-28,25000000,2017 Dynamo Kyiv → Borussia Dortmund,,Komanda #1 2011; UF #2 2011; Komanda #2 2013; UF #1 2013; Komanda #1 2014; UF #1 2014; Komanda #2 2015; UF #1 2015; Komanda #2 2016; UF #3 2016; UPL top scorer 2016–17; Komanda1 #2 2017; UF #1 2017,https://www.transfermarkt.com/andriy-yarmolenko/profil/spieler/69015 https://tmapi.transfermarkt.technology/player/69015/national-career-history https://tmapi.transfermarkt.technology/player/69015/performance-game https://tmapi.transfermarkt.technology/transfer/history/player/69015 https://en.wikipedia.org/wiki/Template:Ukrainian_Premier_League_top_scorers https://en.wikipedia.org/wiki/Ukrainian_Footballer_of_the_Year,2026-09-30,єврокубки в базі TM: 2009–2027
tm:89222,Ярослав Ракицький,93,Шахтар (Донецьк) 2011,10,12,89222,Yaroslav Rakitskyi,1989-08-03,54,4,Ukraine,1,,17,111,75,7,22,12000000,2014-12-25,10000000,2019 Shakhtar Donetsk → Zenit St. Petersburg,,UF #2 2010,https://www.transfermarkt.com/yaroslav-rakitskyi/profil/spieler/89222 https://tmapi.transfermarkt.technology/player/89222/national-career-history https://tmapi.transfermarkt.technology/player/89222/performance-game https://tmapi.transfermarkt.technology/transfer/history/player/89222 https://en.wikipedia.org/wiki/Ukrainian_Footballer_of_the_Year,2026-09-30,єврокубки в базі TM: 2009–2024; нагороди: частина зіставлена лише за іменем (у Wikidata немає TM id)
tm:9798,Максим Шацьких,93,Динамо (Київ) 2002,7,10,9798,Maksim Shatskikh,1978-08-30,60,33,Uzbekistan,0,,2,75,45,23,0,4000000,2007-10-07,250000,1999 Baltika Kaliningrad → Dynamo Kyiv,,UPL top scorer 1999–00; UPL top scorer 2002–03,https://www.transfermarkt.com/maksim-shatskikh/profil/spieler/9798 https://tmapi.transfermarkt.technology/player/9798/national-career-history https://tmapi.transfermarkt.technology/player/9798/performance-game https://tmapi.transfermarkt.technology/transfer/history/player/9798 https://en.wikipedia.org/wiki/Template:Ukrainian_Premier_League_top_scorers,2026-09-30,єврокубки в базі TM: 1999–2013
w:1965-12-17:kutepov,Ігор Кутєпов,93,Динамо (Київ) 1992,1,3,93319,Igor Kutepov,1965-12-17,4,0,Ukraine,1,,12,19,2,0,5,,,,,,,https://www.transfermarkt.com/igor-kutepov/profil/spieler/93319 https://tmapi.transfermarkt.technology/player/93319/national-career-history https://tmapi.transfermarkt.technology/player/93319/performance-game https://tmapi.transfermarkt.technology/transfer/history/player/93319,2026-09-30,tm id: wikidata P2446 + dob; єврокубки в базі TM: 1988–2000
w:1973-07-31:kriventsov,Валерій Кривенцов,93,Шахтар (Донецьк) 1997,4,9,121014,Valeriy Kryventsov,1973-07-31,17,0,Ukraine,1,,8,21,2,5,0,,,,,,,https://www.transfermarkt.com/valeriy-kryventsov/profil/spieler/121014 https://tmapi.transfermarkt.technology/player/121014/national-career-history https://tmapi.transfermarkt.technology/player/121014/performance-game https://tmapi.transfermarkt.technology/transfer/history/player/121014,2026-09-30,tm id: wikidata P2446 + dob; єврокубки в базі TM: 1994–2001
w:1974-05-04:virt,Юрій Вірт,93,Шахтар (Донецьк) 1999,5,4,24063,Yuriy Virt,1974-05-04,2,0,Ukraine,1,,0,31,6,0,0,100000,2007-10-07,30000,1997 FC Lviv (- 2001) → Metalurg Donetsk (- 2015),,Komanda #3 2000,https://www.transfermarkt.com/yuriy-virt/profil/spieler/24063 https://tmapi.transfermarkt.technology/player/24063/national-career-history https://tmapi.transfermarkt.technology/player/24063/performance-game https://tmapi.transfermarkt.technology/transfer/history/player/24063 https://en.wikipedia.org/wiki/Ukrainian_Footballer_of_the_Year,2026-09-30,tm id: wikidata P2446 + dob; єврокубки в базі TM: 1999–2006
w:1976-01-13:shischenko,Сергій Шищенко,93,Металург (Донецьк) 2001,4,2,29243,Sergiy Shyshchenko,1976-01-13,14,1,Ukraine,1,,4,21,0,5,0,600000,2008-09-28,,,,Komanda #3 2001; UPL top scorer 2001–02,https://www.transfermarkt.com/sergiy-shyshchenko/profil/spieler/29243 https://tmapi.transfermarkt.technology/player/29243/national-career-history https://tmapi.transfermarkt.technology/player/29243/performance-game https://tmapi.transfermarkt.technology/transfer/history/player/29243 https://en.wikipedia.org/wiki/Template:Ukrainian_Premier_League_top_scorers https://en.wikipedia.org/wiki/Ukrainian_Footballer_of_the_Year,2026-09-30,"tm id: repo link (data/foot, data/positions); єврокубки в базі TM: 1996–2008"
w:1976-09-26:demetradze,Георгій Деметрадзе,93,Металург (Донецьк) 2003,4,2,24002,Giorgi Demetradze,1976-09-26,55,12,Georgia,0,,5,25,10,4,7,900000,2006-10-15,5400000,2000 Dynamo Kyiv → Real Sociedad,,UPL top scorer 2003–04,https://www.transfermarkt.com/giorgi-demetradze/profil/spieler/24002 https://tmapi.transfermarkt.technology/player/24002/national-career-history https://tmapi.transfermarkt.technology/player/24002/performance-game https://tmapi.transfermarkt.technology/transfer/history/player/24002 https://en.wikipedia.org/wiki/Template:Ukrainian_Premier_League_top_scorers,2026-09-30,"tm id: repo link (data/foot, data/positions); єврокубки в базі TM: 1995–2005"
w:1977-09-12:zubov,Геннадій Зубов,93,Шахтар (Донецьк) 1999,9,10,14947,Gennadiy Zubov,1977-09-12,29,3,Ukraine,1,,13,43,6,6,0,1000000,2004-10-04,,,,Komanda #2 2001; UF #2 2001,https://www.transfermarkt.com/gennadiy-zubov/profil/spieler/14947 https://tmapi.transfermarkt.technology/player/14947/national-career-history https://tmapi.transfermarkt.technology/player/14947/performance-game https://tmapi.transfermarkt.technology/transfer/history/player/14947 https://en.wikipedia.org/wiki/Ukrainian_Footballer_of_the_Year,2026-09-30,"tm id: repo link (data/foot, data/positions); єврокубки в базі TM: 1995–2005"
w:1978-05-06:rikun,Олександр Рикун,93,Маріуполь / Іллічівець 2000,6,0,24047,Oleksandr Rykun,1978-05-06,8,0,Ukraine,1,,0,27,0,6,0,2000000,2009-02-08,1200000,2006 Dnipro Dnipropetrovsk (- 2020) → Metalist Kharkiv (- 2016),,Komanda #1 2004,https://www.transfermarkt.com/oleksandr-rykun/profil/spieler/24047 https://tmapi.transfermarkt.technology/player/24047/national-career-history https://tmapi.transfermarkt.technology/player/24047/performance-game https://tmapi.transfermarkt.technology/transfer/history/player/24047 https://en.wikipedia.org/wiki/Ukrainian_Footballer_of_the_Year,2026-09-30,"tm id: repo link (data/foot, data/positions); єврокубки в базі TM: 2003–2009"
w:1979-07-19:vukich,Звонимир Вукич,93,Шахтар (Донецьк) 2003,1,5,14542,Zvonimir Vukic,1979-07-19,26,6,Serbia and Montenegro,0,,2,46,6,8,27,4500000,2006-02-26,4700000,2003 FK Partizan Belgrade → Shakhtar Donetsk,400000,,https://www.transfermarkt.com/zvonimir-vukic/profil/spieler/14542 https://tmapi.transfermarkt.technology/player/14542/national-career-history https://tmapi.transfermarkt.technology/player/14542/performance-game https://tmapi.transfermarkt.technology/transfer/history/player/14542,2026-09-30,"tm id: repo link (data/foot, data/positions); єврокубки в базі TM: 1997–2014"
w:1980-08-27:baldaso,Родріго,93,Динамо (Київ) 2006,4,4,26133,Rodrigo,1980-08-27,0,0,,0,,0,36,4,1,28,3100000,2005-02-14,5000000,2005 São Paulo Futebol Clube → Dynamo Kyiv,100000,,https://www.transfermarkt.com/rodrigo/profil/spieler/26133 https://tmapi.transfermarkt.technology/player/26133/national-career-history https://tmapi.transfermarkt.technology/player/26133/performance-game https://tmapi.transfermarkt.technology/transfer/history/player/26133,2026-09-30,tm id: wikidata P2446 + dob; єврокубки в базі TM: 2003–2017
tm:14927,Олексій Бєлік,92,Шахтар (Донецьк) 2002,3,9,14927,Oleksiy Belik,1981-02-15,19,5,Ukraine,1,,35,32,6,3,0,2000000,2006-05-21,3600000,2008 Shakhtar Donetsk → Dnipro Dnipropetrovsk (- 2020),,,https://www.transfermarkt.com/oleksiy-belik/profil/spieler/14927 https://tmapi.transfermarkt.technology/player/14927/national-career-history https://tmapi.transfermarkt.technology/player/14927/performance-game https://tmapi.transfermarkt.technology/transfer/history/player/14927,2026-09-30,єврокубки в базі TM: 2000–2007
tm:14934,Маріуш Левандовський,92,Шахтар (Донецьк) 2004,6,9,14934,Mariusz Lewandowski,1979-05-18,66,6,Poland,0,,18,65,16,2,3,5250000,2008-03-12,,,,,https://www.transfermarkt.com/mariusz-lewandowski/profil/spieler/14934 https://tmapi.transfermarkt.technology/player/14934/national-career-history https://tmapi.transfermarkt.technology/player/14934/performance-game https://tmapi.transfermarkt.technology/transfer/history/player/14934,2026-09-30,єврокубки в базі TM: 1996–2010
tm:14940,Разван Рац,92,Шахтар (Донецьк) 2003,8,10,14940,Răzvan Raț,1981-05-26,113,2,Romania,0,,12,106,40,1,17,6500000,2010-08-28,1000000,2003 FC Rapid 1923 → Shakhtar Donetsk,,,https://www.transfermarkt.com/razvan-rat/profil/spieler/14940 https://tmapi.transfermarkt.technology/player/14940/national-career-history https://tmapi.transfermarkt.technology/player/14940/performance-game https://tmapi.transfermarkt.technology/transfer/history/player/14940,2026-09-30,єврокубки в базі TM: 2000–2016
tm:181118,Томаш Кендзьора,92,Динамо (Київ) 2020,4,6,181118,Tomasz Kędziora,1994-06-11,38,1,Poland,0,,52,120,11,6,56,5000000,2021-12-20,1500000,2017 Lech Poznań → Dynamo Kyiv,250000,,https://www.transfermarkt.com/tomasz-kedziora/profil/spieler/181118 https://tmapi.transfermarkt.technology/player/181118/national-career-history https://tmapi.transfermarkt.technology/player/181118/performance-game https://tmapi.transfermarkt.technology/transfer/history/player/181118,2026-09-30,єврокубки в базі TM: 2012–2027
tm:24043,Сергій Назаренко,92,Дніпро (Дніпропетровськ) 2006,10,0,24043,Sergiy Nazarenko,1980-02-16,56,12,Ukraine,1,,0,33,0,8,0,5250000,2008-09-28,,,,Komanda #1 2006; Komanda #1 2007,https://www.transfermarkt.com/sergiy-nazarenko/profil/spieler/24043 https://tmapi.transfermarkt.technology/player/24043/national-career-history https://tmapi.transfermarkt.technology/player/24043/performance-game https://tmapi.transfermarkt.technology/transfer/history/player/24043 https://en.wikipedia.org/wiki/Ukrainian_Footballer_of_the_Year,2026-09-30,єврокубки в базі TM: 2003–2015
tm:25732,Дмитро Чигринський,92,Шахтар (Донецьк) 2007,7,12,25732,Dmytro Chygrynskyi,1986-11-07,29,0,Ukraine,1,,26,67,28,1,20,16000000,2009-09-01,25000000,2009 Shakhtar Donetsk → FC Barcelona,,,https://www.transfermarkt.com/dmytro-chygrynskyi/profil/spieler/25732 https://tmapi.transfermarkt.technology/player/25732/national-career-history https://tmapi.transfermarkt.technology/player/25732/performance-game https://tmapi.transfermarkt.technology/transfer/history/player/25732,2026-09-30,єврокубки в базі TM: 2004–2021
tm:27378,Клейтон Шав'єр,92,Металіст (Харків) 2012,5,0,27378,Cleiton Xavier,1983-03-23,0,0,,0,,5,49,0,14,14,9000000,2013-06-16,3600000,2010 Desportivo Brasil Ltda (SP) → Metalist Kharkiv (- 2016),,Komanda #3 2014,https://www.transfermarkt.com/cleiton-xavier/profil/spieler/27378 https://tmapi.transfermarkt.technology/player/27378/national-career-history https://tmapi.transfermarkt.technology/player/27378/performance-game https://tmapi.transfermarkt.technology/transfer/history/player/27378 https://en.wikipedia.org/wiki/Ukrainian_Footballer_of_the_Year,2026-09-30,єврокубки в базі TM: 2002–2016
tm:289059,Микола Матвієнко,92,Шахтар (Донецьк) 2022,8,10,289059,Mykola Matvienko,1996-05-02,85,0,Ukraine,1,,30,77,39,2,0,20000000,2023-12-11,,,,,https://www.transfermarkt.com/mykola-matvienko/profil/spieler/289059 https://tmapi.transfermarkt.technology/player/289059/national-career-history https://tmapi.transfermarkt.technology/player/289059/performance-game https://tmapi.transfermarkt.technology/transfer/history/player/289059,2026-09-30,єврокубки в базі TM: 2016–2027
tm:371256,Тете,92,Шахтар (Донецьк) 2021,2,3,371256,Tetê,2000-02-15,0,0,,0,,13,72,20,12,45,28000000,2022-09-19,15000000,2019 Grêmio Foot-Ball Porto Alegrense → Shakhtar Donetsk,1000000,,https://www.transfermarkt.com/tete/profil/spieler/371256 https://tmapi.transfermarkt.technology/player/371256/national-career-history https://tmapi.transfermarkt.technology/player/371256/performance-game https://tmapi.transfermarkt.technology/transfer/history/player/371256,2026-09-30,єврокубки в базі TM: 2019–2026
tm:423606,Богдан Леднєв,92,Зоря (Луганськ) 2019,1,2,423606,Bogdan Lednev,1998-04-07,0,0,,0,,30,26,5,2,3,2500000,2021-01-14,500000,2023 Dynamo Kyiv → SC Dnipro-1 ( - 2024),100000,,https://www.transfermarkt.com/bogdan-lednev/profil/spieler/423606 https://tmapi.transfermarkt.technology/player/423606/national-career-history https://tmapi.transfermarkt.technology/player/423606/performance-game https://tmapi.transfermarkt.technology/transfer/history/player/423606,2026-09-30,єврокубки в базі TM: 2018–2026
tm:59908,Євген Селезньов,92,Дніпро (Дніпропетровськ) 2010,9,4,59908,Yevgen Seleznyov,1985-07-20,58,11,Ukraine,1,,1,50,6,14,3,6000000,2014-06-30,5000000,2009 Shakhtar Donetsk → Dnipro Dnipropetrovsk (- 2020),,UPL top scorer 2010–11; UPL top scorer 2011–12; UF #3 2015,https://www.transfermarkt.com/yevgen-seleznyov/profil/spieler/59908 https://tmapi.transfermarkt.technology/player/59908/national-career-history https://tmapi.transfermarkt.technology/player/59908/performance-game https://tmapi.transfermarkt.technology/transfer/history/player/59908 https://en.wikipedia.org/wiki/Template:Ukrainian_Premier_League_top_scorers https://en.wikipedia.org/wiki/Ukrainian_Footballer_of_the_Year,2026-09-30,єврокубки в базі TM: 2008–2021
tm:623325,Георгій Судаков,92,Шахтар (Донецьк) 2024,5,6,623325,Georgiy Sudakov,2002-09-01,37,4,Ukraine,1,,34,55,32,4,16,35000000,2024-06-06,20250000,2026 Shakhtar Donetsk → SL Benfica,6750000,UF #2 2023; UF #3 2024,https://www.transfermarkt.com/georgiy-sudakov/profil/spieler/623325 https://tmapi.transfermarkt.technology/player/623325/national-career-history https://tmapi.transfermarkt.technology/player/623325/performance-game https://tmapi.transfermarkt.technology/transfer/history/player/623325 https://en.wikipedia.org/wiki/Ukrainian_Footballer_of_the_Year,2026-09-30,єврокубки в базі TM: 2020–2027
tm:64308,Браун Ідейє,92,Динамо (Київ) 2012,2,3,64308,Brown Ideye,1988-10-10,27,6,Nigeria,0,,5,51,12,11,23,11000000,2012-08-29,12632000,2014 Dynamo Kyiv → West Bromwich Albion,,,https://www.transfermarkt.com/brown-ideye/profil/spieler/64308 https://tmapi.transfermarkt.technology/player/64308/national-career-history https://tmapi.transfermarkt.technology/player/64308/performance-game https://tmapi.transfermarkt.technology/transfer/history/player/64308,2026-09-30,єврокубки в базі TM: 2011–2025
tm:8669,Мілан Обрадович,92,Металіст (Харків) 2008,5,0,8669,Milan Obradovic,1977-08-03,7,0,Yugoslavia,0,,0,53,11,2,20,2000000,2009-09-24,500000,2001 FK Obilic (- 2015) → Lokomotiv Moscow,,,https://www.transfermarkt.com/milan-obradovic/profil/spieler/8669 https://tmapi.transfermarkt.technology/player/8669/national-career-history https://tmapi.transfermarkt.technology/player/8669/performance-game https://tmapi.transfermarkt.technology/transfer/history/player/8669,2026-09-30,єврокубки в базі TM: 2000–2014
tm:9800,Артем Мілевський,92,Динамо (Київ) 2009,5,11,9800,Artem Milevskyi,1985-01-12,50,8,Ukraine,1,,39,64,22,16,6,11000000,2010-02-18,,,,Komanda #2 2008; UF #1 2008; Komanda #1 2009; UF #1 2009; UPL top scorer 2009–10,https://www.transfermarkt.com/artem-milevskyi/profil/spieler/9800 https://tmapi.transfermarkt.technology/player/9800/national-career-history https://tmapi.transfermarkt.technology/player/9800/performance-game https://tmapi.transfermarkt.technology/transfer/history/player/9800 https://en.wikipedia.org/wiki/Template:Ukrainian_Premier_League_top_scorers https://en.wikipedia.org/wiki/Ukrainian_Footballer_of_the_Year,2026-09-30,єврокубки в базі TM: 2003–2021
w:1971-05-28:avakov,Арсен Аваков,92,Торпедо (Запоріжжя) 1994,1,0,93263,Arsen Avakov,1971-05-28,10,5,Tajikistan,0,,0,4,0,0,4,,,,,,UPL top scorer 1994–95,https://www.transfermarkt.com/arsen-avakov/profil/spieler/93263 https://tmapi.transfermarkt.technology/player/93263/national-career-history https://tmapi.transfermarkt.technology/player/93263/performance-game https://tmapi.transfermarkt.technology/transfer/history/player/93263 https://en.wikipedia.org/wiki/Template:Ukrainian_Premier_League_top_scorers,2026-09-30,"tm id: repo link (data/foot, data/positions); єврокубки в базі TM: 1996–2001"
w:1972-01-06:holovko,Олександр Головко,92,Динамо (Київ) 1997,9,9,9782,Oleksandr Golovko,1972-01-06,58,0,Ukraine,1,,0,62,40,3,0,1500000,2004-10-04,750000,2004 Dynamo Kyiv → Qingdao Hainiu,,,https://www.transfermarkt.com/oleksandr-golovko/profil/spieler/9782 https://tmapi.transfermarkt.technology/player/9782/national-career-history https://tmapi.transfermarkt.technology/player/9782/performance-game https://tmapi.transfermarkt.technology/transfer/history/player/9782,2026-09-30,"tm id: repo link (data/foot, data/positions); єврокубки в базі TM: 1992–2002"
w:1972-12-16:shkapenko,Павло Шкапенко,92,Динамо (Київ) 1993,3,6,25842,Pavlo Shkapenko,1972-12-16,10,0,Ukraine,1,,0,17,4,2,1,,,,,,,https://www.transfermarkt.com/pavlo-shkapenko/profil/spieler/25842 https://tmapi.transfermarkt.technology/player/25842/national-career-history https://tmapi.transfermarkt.technology/player/25842/performance-game https://tmapi.transfermarkt.technology/transfer/history/player/25842,2026-09-30,tm id: wikidata P2446 + dob; єврокубки в базі TM: 1992–2001
w:1973-01-27:bialkevich,Валентин Бялькевич,92,Динамо (Київ) 2003,8,12,9784,Valentin Belkevich,1973-01-27,56,10,Belarus,0,,3,81,52,12,8,2500000,2004-10-04,,,,,https://www.transfermarkt.com/valentin-belkevich/profil/spieler/9784 https://tmapi.transfermarkt.technology/player/9784/national-career-history https://tmapi.transfermarkt.technology/player/9784/performance-game https://tmapi.transfermarkt.technology/transfer/history/player/9784,2026-09-30,"tm id: repo link (data/foot, data/positions); єврокубки в базі TM: 1993–2009"
w:1973-07-28:blizniuk,Ілля Близнюк,92,Дніпро (Дніпропетровськ) 1996,4,1,25059,Ilya Blyznyuk,1973-07-28,2,0,Ukraine,1,,5,4,0,0,0,300000,2007-07-03,,,,,https://www.transfermarkt.com/ilya-blyznyuk/profil/spieler/25059 https://tmapi.transfermarkt.technology/player/25059/national-career-history https://tmapi.transfermarkt.technology/player/25059/performance-game https://tmapi.transfermarkt.technology/transfer/history/player/25059,2026-09-30,tm id: wikidata P2446 + dob; єврокубки в базі TM: 1997–1998
w:1974-07-28:schekotilin,Геннадій Щекотилін,92,Чорноморець (Одеса) 1997,1,0,175885,Gennadiy Shchekotylin,1974-07-28,0,0,,0,,0,0,0,0,0,,,,,,,https://www.transfermarkt.com/gennadiy-shchekotylin/profil/spieler/175885 https://tmapi.transfermarkt.technology/player/175885/national-career-history https://tmapi.transfermarkt.technology/player/175885/performance-game https://tmapi.transfermarkt.technology/transfer/history/player/175885,2026-09-30,tm id: transfermarkt search + dob
w:1974-08-01:asan,Ассан Ндіайе,92,Шахтар (Донецьк) 2001,3,3,14935,Assane N'Diaye,1974-08-01,37,4,Senegal,0,,0,7,0,0,1,50000,2004-10-04,,,,,https://www.transfermarkt.com/assane-n-diaye/profil/spieler/14935 https://tmapi.transfermarkt.technology/player/14935/national-career-history https://tmapi.transfermarkt.technology/player/14935/performance-game https://tmapi.transfermarkt.technology/transfer/history/player/14935,2026-09-30,tm id: wikidata P2446 + dob; єврокубки в базі TM: 1999–2003
w:1974-09-11:parfonov,Дмитро Парфьонов,92,Чорноморець (Одеса) 1994,4,0,15107,Dmitriy Parfenov,1974-09-11,18,0,Ukraine,1,,21,55,27,2,37,350000,2005-12-17,150000,1998 Dnipro Dnipropetrovsk (- 2020) → Spartak Moscow,,,https://www.transfermarkt.com/dmitriy-parfenov/profil/spieler/15107 https://tmapi.transfermarkt.technology/player/15107/national-career-history https://tmapi.transfermarkt.technology/player/15107/performance-game https://tmapi.transfermarkt.technology/transfer/history/player/15107,2026-09-30,"tm id: repo link (data/foot, data/positions); єврокубки в базі TM: 1992–2004"
w:1975-01-02:vaschuk,Владислав Ващук,92,Динамо (Київ) 1994,9,13,15114,Vladyslav Vashchuk,1975-01-02,63,1,Ukraine,1,,21,64,42,4,2,750000,2007-10-07,,,,Komanda #3 1999,https://www.transfermarkt.com/vladyslav-vashchuk/profil/spieler/15114 https://tmapi.transfermarkt.technology/player/15114/national-career-history https://tmapi.transfermarkt.technology/player/15114/performance-game https://tmapi.transfermarkt.technology/transfer/history/player/15114 https://en.wikipedia.org/wiki/Ukrainian_Footballer_of_the_Year,2026-09-30,"tm id: repo link (data/foot, data/positions); єврокубки в базі TM: 1994–2008"
w:1975-04-18:poltavets,Валентин Полтавець,92,Металург (Запоріжжя) 1998,10,0,9555,Valentyn Poltavets,1975-04-18,0,0,,0,,0,10,0,1,0,450000,2008-12-02,,,,,https://www.transfermarkt.com/valentyn-poltavets/profil/spieler/9555 https://tmapi.transfermarkt.technology/player/9555/national-career-history https://tmapi.transfermarkt.technology/player/9555/performance-game https://tmapi.transfermarkt.technology/transfer/history/player/9555,2026-09-30,tm id: wikidata P2446 + dob; єврокубки в базі TM: 2001–2008
w:1979-02-15:babich,Олександр Бабич,92,Металіст (Харків) 2006,1,0,59406,Oleksandr Babych,1979-02-15,0,0,,0,,0,4,0,0,0,800000,2008-09-23,,,,,https://www.transfermarkt.com/oleksandr-babych/profil/spieler/59406 https://tmapi.transfermarkt.technology/player/59406/national-career-history https://tmapi.transfermarkt.technology/player/59406/performance-game https://tmapi.transfermarkt.technology/transfer/history/player/59406,2026-09-30,tm id: wikidata P2446 + dob; єврокубки в базі TM: 2007–2009
w:1979-02-28:nesmachni,Андрій Несмачний,92,Динамо (Київ) 2004,10,13,9787,Andriy Nesmachnyi,1979-02-28,67,0,Ukraine,1,,6,63,40,0,0,4000000,2004-10-04,,,,,https://www.transfermarkt.com/andriy-nesmachnyi/profil/spieler/9787 https://tmapi.transfermarkt.technology/player/9787/national-career-history https://tmapi.transfermarkt.technology/player/9787/performance-game https://tmapi.transfermarkt.technology/transfer/history/player/9787,2026-09-30,"tm id: repo link (data/foot, data/positions); єврокубки в базі TM: 1999–2011"
w:1980-06-10:franselino,Матузалем,92,Шахтар (Донецьк) 2004,3,3,5974,Matuzalém,1980-06-10,0,0,,0,,10,47,11,8,14,16000000,2007-08-28,14000000,2004 Brescia Calcio (- 2025) → Shakhtar Donetsk,800000,Komanda #3 2004; Komanda #3 2005; Komanda #2 2006,https://www.transfermarkt.com/matuzalem/profil/spieler/5974 https://tmapi.transfermarkt.technology/player/5974/national-career-history https://tmapi.transfermarkt.technology/player/5974/performance-game https://tmapi.transfermarkt.technology/transfer/history/player/5974 https://en.wikipedia.org/wiki/Ukrainian_Footballer_of_the_Year,2026-09-30,tm id: wikidata P2446 + dob; єврокубки в базі TM: 2003–2012
w:1980-06-16:evaeverson,Брандао,92,Шахтар (Донецьк) 2005,6,7,14948,Brandão,1980-06-16,0,0,,0,,0,85,38,28,32,8500000,2009-12-22,6000000,2009 Shakhtar Donetsk → Olympique Marseille,,UPL top scorer 2005–06,https://www.transfermarkt.com/brandao/profil/spieler/14948 https://tmapi.transfermarkt.technology/player/14948/national-career-history https://tmapi.transfermarkt.technology/player/14948/performance-game https://tmapi.transfermarkt.technology/transfer/history/player/14948 https://en.wikipedia.org/wiki/Template:Ukrainian_Premier_League_top_scorers,2026-09-30,"tm id: repo link (data/foot, data/positions); єврокубки в базі TM: 2001–2014"
w:1983-01-16:rusol,Андрій Русол,92,Дніпро (Дніпропетровськ) 2005,7,0,24050,Andriy Rusol,1983-01-16,49,3,Ukraine,1,,1,36,0,3,0,4000000,2008-09-28,200000,2003 Kryvbas Kryvyi Rig → Dnipro Dnipropetrovsk (- 2020),,,https://www.transfermarkt.com/andriy-rusol/profil/spieler/24050 https://tmapi.transfermarkt.technology/player/24050/national-career-history https://tmapi.transfermarkt.technology/player/24050/performance-game https://tmapi.transfermarkt.technology/transfer/history/player/24050,2026-09-30,"tm id: repo link (data/foot, data/positions); єврокубки в базі TM: 2003–2011"
w:1985-01-02:banhura,Ісмаель Бангура,92,Динамо (Київ) 2007,2,2,34529,Ismaël Bangoura,1985-01-02,53,13,Guinea,0,,0,20,11,9,0,9000000,2009-05-25,11000000,2009 Dynamo Kyiv → Stade Rennais FC,,,https://www.transfermarkt.com/ismael-bangoura/profil/spieler/34529 https://tmapi.transfermarkt.technology/player/34529/national-career-history https://tmapi.transfermarkt.technology/player/34529/performance-game https://tmapi.transfermarkt.technology/transfer/history/player/34529,2026-09-30,tm id: wikidata P2446 + dob; єврокубки в базі TM: 2007–2009
w:1986-02-28:avelino,Жажа,92,Металіст (Харків) 2009,4,0,27245,Jajá Coelho,1986-02-28,0,0,,0,,0,30,0,4,10,6500000,2011-01-21,4500000,2011 Trabzonspor → Al-Ahli Dubai Club (- 2017),750000,Komanda #1 2008,https://www.transfermarkt.com/jaja-coelho/profil/spieler/27245 https://tmapi.transfermarkt.technology/player/27245/national-career-history https://tmapi.transfermarkt.technology/player/27245/performance-game https://tmapi.transfermarkt.technology/transfer/history/player/27245 https://en.wikipedia.org/wiki/Ukrainian_Footballer_of_the_Year,2026-09-30,tm id: wikidata P2446 + dob; єврокубки в базі TM: 2008–2020
tm:24006,Володимир Єзерський,90,Дніпро (Дніпропетровськ) 2002,3,4,24006,Volodymyr Yezerskyi,1976-11-15,39,2,Ukraine,1,,0,28,3,2,0,1250000,2007-10-07,1000000,2007 Dnipro Dnipropetrovsk (- 2020) → Shakhtar Donetsk,,,https://www.transfermarkt.com/volodymyr-yezerskyi/profil/spieler/24006 https://tmapi.transfermarkt.technology/player/24006/national-career-history https://tmapi.transfermarkt.technology/player/24006/performance-game https://tmapi.transfermarkt.technology/transfer/history/player/24006,2026-09-30,єврокубки в базі TM: 2001–2009
tm:28186,Ян Лаштувка,90,Шахтар (Донецьк) 2004,9,3,28186,Jan Lastuvka,1982-07-07,3,0,Czechia,0,,34,38,6,0,8,3000000,2012-11-22,3000000,2009 Shakhtar Donetsk → Dnipro Dnipropetrovsk (- 2020),300000,,https://www.transfermarkt.com/jan-lastuvka/profil/spieler/28186 https://tmapi.transfermarkt.technology/player/28186/national-career-history https://tmapi.transfermarkt.technology/player/28186/performance-game https://tmapi.transfermarkt.technology/transfer/history/player/28186,2026-09-30,єврокубки в базі TM: 2004–2018
tm:370399,Микита Кравченко,90,Олександрія 2024,2,2,370399,Mykyta Kravchenko,1997-06-14,0,0,,0,,1,6,0,0,0,1200000,2025-12-18,1000000,2025 FC Oleksandriya → Polissya Zhytomyr,,,https://www.transfermarkt.com/mykyta-kravchenko/profil/spieler/370399 https://tmapi.transfermarkt.technology/player/370399/national-career-history https://tmapi.transfermarkt.technology/player/370399/performance-game https://tmapi.transfermarkt.technology/transfer/history/player/370399,2026-09-30,єврокубки в базі TM: 2020–2026
tm:404846,Сергій Булеца,90,Зоря (Луганськ) 2022,1,0,404846,Sergiy Buletsa,1999-02-16,3,0,Ukraine,1,,48,10,0,0,0,2000000,2023-06-21,500000,2025 Dynamo Kyiv → FC Oleksandriya,,,https://www.transfermarkt.com/sergiy-buletsa/profil/spieler/404846 https://tmapi.transfermarkt.technology/player/404846/national-career-history https://tmapi.transfermarkt.technology/player/404846/performance-game https://tmapi.transfermarkt.technology/transfer/history/player/404846,2026-09-30,єврокубки в базі TM: 2021–2026
tm:42631,Олександр Горяінов,90,Металіст (Харків) 2006,6,0,42631,Oleksandr Goryainov,1975-06-29,2,0,Ukraine,1,,1,41,0,0,0,2000000,2009-02-08,,,,,https://www.transfermarkt.com/oleksandr-goryainov/profil/spieler/42631 https://tmapi.transfermarkt.technology/player/42631/national-career-history https://tmapi.transfermarkt.technology/player/42631/performance-game https://tmapi.transfermarkt.technology/transfer/history/player/42631,2026-09-30,єврокубки в базі TM: 2007–2015
tm:44699,Антунеш,90,Динамо (Київ) 2015,2,3,44699,Antunes,1987-04-01,13,1,Portugal,0,,42,25,15,1,9,6000000,2016-07-21,6000000,2015 Málaga CF → Dynamo Kyiv,500000,,https://www.transfermarkt.com/antunes/profil/spieler/44699 https://tmapi.transfermarkt.technology/player/44699/national-career-history https://tmapi.transfermarkt.technology/player/44699/performance-game https://tmapi.transfermarkt.technology/transfer/history/player/44699,2026-09-30,єврокубки в базі TM: 2007–2022
tm:46083,Домагой Віда,90,Динамо (Київ) 2014,4,6,46083,Domagoj Vida,1989-04-29,105,4,Croatia,0,,33,102,26,6,66,12000000,2018-07-16,5000000,2013 GNK Dinamo Zagreb → Dynamo Kyiv,,,https://www.transfermarkt.com/domagoj-vida/profil/spieler/46083 https://tmapi.transfermarkt.technology/player/46083/national-career-history https://tmapi.transfermarkt.technology/player/46083/performance-game https://tmapi.transfermarkt.technology/transfer/history/player/46083,2026-09-30,єврокубки в базі TM: 2010–2026
tm:52937,Ілсіньйо,90,Шахтар (Донецьк) 2007,4,7,52937,Ilsinho,1985-10-12,1,0,Brazil,0,,6,47,19,3,7,11000000,2009-09-23,10000000,2007 São Paulo Futebol Clube → Shakhtar Donetsk,,,https://www.transfermarkt.com/ilsinho/profil/spieler/52937 https://tmapi.transfermarkt.technology/player/52937/national-career-history https://tmapi.transfermarkt.technology/player/52937/performance-game https://tmapi.transfermarkt.technology/transfer/history/player/52937,2026-09-30,єврокубки в базі TM: 2006–2021
tm:53270,Олександр Гладкий,90,Шахтар (Донецьк) 2007,6,7,53270,Oleksandr Gladkyi,1987-08-24,11,1,Ukraine,1,,30,53,18,9,0,5750000,2008-03-12,7000000,2010 Shakhtar Donetsk → Dnipro Dnipropetrovsk (- 2020),,UPL top scorer 2006–07; Komanda #2 2007; UF #3 2007,https://www.transfermarkt.com/oleksandr-gladkyi/profil/spieler/53270 https://tmapi.transfermarkt.technology/player/53270/national-career-history https://tmapi.transfermarkt.technology/player/53270/performance-game https://tmapi.transfermarkt.technology/transfer/history/player/53270 https://en.wikipedia.org/wiki/Template:Ukrainian_Premier_League_top_scorers https://en.wikipedia.org/wiki/Ukrainian_Footballer_of_the_Year,2026-09-30,єврокубки в базі TM: 2007–2022; нагороди: частина зіставлена лише за іменем (у Wikidata немає TM id)
tm:58405,Артем Кравець,90,Динамо (Київ) 2014,2,10,58405,Artem Kravets,1989-06-03,23,7,Ukraine,1,,33,37,8,4,0,4000000,2015-12-18,,,500000,,https://www.transfermarkt.com/artem-kravets/profil/spieler/58405 https://tmapi.transfermarkt.technology/player/58405/national-career-history https://tmapi.transfermarkt.technology/player/58405/performance-game https://tmapi.transfermarkt.technology/transfer/history/player/58405,2026-09-30,єврокубки в базі TM: 2007–2018
tm:58939,Олексій Паламарчук,90,ЛНЗ (Черкаси) 2025,1,0,58939,Oleksiy Palamarchuk,1991-07-22,0,0,,0,,0,2,0,0,2,250000,2026-06-02,,,,,https://www.transfermarkt.com/oleksiy-palamarchuk/profil/spieler/58939 https://tmapi.transfermarkt.technology/player/58939/national-career-history https://tmapi.transfermarkt.technology/player/58939/performance-game https://tmapi.transfermarkt.technology/transfer/history/player/58939,2026-09-30,єврокубки в базі TM: 2026–2027
tm:58949,Євгеній Коноплянка,90,Дніпро (Дніпропетровськ) 2013,4,2,58949,Yevgen Konoplyanka,1989-09-29,87,21,Ukraine,1,,27,81,16,13,27,25000000,2016-07-15,12500000,2017 Sevilla FC → FC Schalke 04,,Komanda #2 2010; UF #1 2010; Komanda #3 2012; UF #1 2012; Komanda #1 2013; Komanda #2 2014; UF #2 2014; UF #2 2015,https://www.transfermarkt.com/yevgen-konoplyanka/profil/spieler/58949 https://tmapi.transfermarkt.technology/player/58949/national-career-history https://tmapi.transfermarkt.technology/player/58949/performance-game https://tmapi.transfermarkt.technology/transfer/history/player/58949 https://en.wikipedia.org/wiki/Ukrainian_Footballer_of_the_Year,2026-09-30,єврокубки в базі TM: 2010–2024
tm:59032,Александар Драгович,90,Динамо (Київ) 2014,2,4,59032,Aleksandar Dragovic,1991-03-06,100,2,Austria,0,,18,131,28,3,104,15000000,2017-02-07,21000000,2016 Dynamo Kyiv → Bayer 04 Leverkusen,2500000,,https://www.transfermarkt.com/aleksandar-dragovic/profil/spieler/59032 https://tmapi.transfermarkt.technology/player/59032/national-career-history https://tmapi.transfermarkt.technology/player/59032/performance-game https://tmapi.transfermarkt.technology/transfer/history/player/59032,2026-09-30,єврокубки в базі TM: 2008–2027
tm:59389,Микола Морозюк,90,Динамо (Київ) 2016,3,7,59389,Mykola Morozyuk,1988-01-17,14,1,Ukraine,1,,52,31,3,3,0,2500000,2018-12-10,,,,,https://www.transfermarkt.com/mykola-morozyuk/profil/spieler/59389 https://tmapi.transfermarkt.technology/player/59389/national-career-history https://tmapi.transfermarkt.technology/player/59389/performance-game https://tmapi.transfermarkt.technology/transfer/history/player/59389,2026-09-30,єврокубки в базі TM: 2008–2019
tm:597880,Дмитро Ризник,90,Шахтар (Донецьк) 2023,5,3,597880,Dmytro Riznyk,1999-01-30,5,0,Ukraine,1,,3,37,15,0,0,8000000,2026-06-02,3000000,2023 Vorskla Poltava → Shakhtar Donetsk,,,https://www.transfermarkt.com/dmytro-riznyk/profil/spieler/597880 https://tmapi.transfermarkt.technology/player/597880/national-career-history https://tmapi.transfermarkt.technology/player/597880/performance-game https://tmapi.transfermarkt.technology/transfer/history/player/597880,2026-09-30,єврокубки в базі TM: 2021–2027
tm:59933,Станіслав Богуш,90,Динамо (Київ) 2008,4,2,59933,Stanislav Bogush,1983-10-25,2,0,Ukraine,1,,3,18,8,0,0,4500000,2009-05-25,,,,,https://www.transfermarkt.com/stanislav-bogush/profil/spieler/59933 https://tmapi.transfermarkt.technology/player/59933/national-career-history https://tmapi.transfermarkt.technology/player/59933/performance-game https://tmapi.transfermarkt.technology/transfer/history/player/59933,2026-09-30,єврокубки в базі TM: 2008–2016
tm:659089,Ілля Забарний,90,Динамо (Київ) 2020,2,3,659089,Ilya Zabarnyi,2002-09-01,59,3,Ukraine,1,,16,38,20,0,8,55000000,2025-10-10,63000000,2025 AFC Bournemouth → Paris Saint-Germain,,UF #1 2024,https://www.transfermarkt.com/ilya-zabarnyi/profil/spieler/659089 https://tmapi.transfermarkt.technology/player/659089/national-career-history https://tmapi.transfermarkt.technology/player/659089/performance-game https://tmapi.transfermarkt.technology/transfer/history/player/659089 https://en.wikipedia.org/wiki/Ukrainian_Footballer_of_the_Year,2026-09-30,єврокубки в базі TM: 2020–2027
tm:678778,Едуард Сарапій,90,Полісся (Житомир) 2025,3,0,678778,Eduard Sarapiy,1999-05-12,4,0,Ukraine,1,,2,23,0,1,0,3000000,2026-09-21,800000,2024 SC Dnipro-1 ( - 2024) → Polissya Zhytomyr,,,https://www.transfermarkt.com/eduard-sarapiy/profil/spieler/678778 https://tmapi.transfermarkt.technology/player/678778/national-career-history https://tmapi.transfermarkt.technology/player/678778/performance-game https://tmapi.transfermarkt.technology/transfer/history/player/678778,2026-09-30,єврокубки в базі TM: 2022–2027
tm:68778,Марлос,90,Шахтар (Донецьк) 2017,5,8,68778,Marlos,1988-06-07,27,1,Ukraine,1,,0,112,40,12,16,11000000,2019-06-20,8000000,2014 Metalist Kharkiv (- 2016) → Shakhtar Donetsk,,Komanda #1 2016; Komanda1 #1 2017; Komanda1 #1 2018; UF #2 2018,https://www.transfermarkt.com/marlos/profil/spieler/68778 https://tmapi.transfermarkt.technology/player/68778/national-career-history https://tmapi.transfermarkt.technology/player/68778/performance-game https://tmapi.transfermarkt.technology/transfer/history/player/68778 https://en.wikipedia.org/wiki/Ukrainian_Footballer_of_the_Year,2026-09-30,єврокубки в базі TM: 2008–2022
tm:863919,Іван Дібанго,90,Кривбас (Кривий Ріг) 2023,1,0,863919,Yvan Dibango,2002-03-10,0,0,,0,,1,5,0,0,1,1800000,2024-06-06,500000,2024 FCI Levadia → Kryvbas Kryvyi Rig,,,https://www.transfermarkt.com/yvan-dibango/profil/spieler/863919 https://tmapi.transfermarkt.technology/player/863919/national-career-history https://tmapi.transfermarkt.technology/player/863919/performance-game https://tmapi.transfermarkt.technology/transfer/history/player/863919,2026-09-30,єврокубки в базі TM: 2024–2027
tm:9794,Олег Гусєв,90,Динамо (Київ) 2010,12,15,9794,Oleg Gusev,1983-04-25,98,13,Ukraine,1,,8,98,36,22,0,8000000,2012-07-02,,,,,https://www.transfermarkt.com/oleg-gusev/profil/spieler/9794 https://tmapi.transfermarkt.technology/player/9794/national-career-history https://tmapi.transfermarkt.technology/player/9794/performance-game https://tmapi.transfermarkt.technology/transfer/history/player/9794,2026-09-30,єврокубки в базі TM: 2003–2018
w:1967-07-01:husev,Сергій Гусєв,90,Чорноморець (Одеса) 1992,1,0,185481,Sergiy Gusev,1967-07-01,5,0,Ukraine,1,,0,16,0,5,9,,,,,,,https://www.transfermarkt.com/sergiy-gusev/profil/spieler/185481 https://tmapi.transfermarkt.technology/player/185481/national-career-history https://tmapi.transfermarkt.technology/player/185481/performance-game https://tmapi.transfermarkt.technology/transfer/history/player/185481,2026-09-30,tm id: transfermarkt search + dob; єврокубки в базі TM: 1990–1998
w:1968-01-24:huseinov,Тімєрлан Гусейнов,90,Чорноморець (Одеса) 1993,4,0,98750,Tymerlan Guseynov,1968-01-24,14,8,Ukraine,1,,0,11,0,2,0,,,,,,UF #2 1993; UPL top scorer 1993–94; UPL top scorer 1995–96,https://www.transfermarkt.com/tymerlan-guseynov/profil/spieler/98750 https://tmapi.transfermarkt.technology/player/98750/national-career-history https://tmapi.transfermarkt.technology/player/98750/performance-game https://tmapi.transfermarkt.technology/transfer/history/player/98750 https://en.wikipedia.org/wiki/Template:Ukrainian_Premier_League_top_scorers https://en.wikipedia.org/wiki/Ukrainian_Footballer_of_the_Year,2026-09-30,"tm id: repo link (data/foot, data/positions); єврокубки в базі TM: 1994–1997; нагороди: частина зіставлена лише за іменем (у Wikidata немає TM id)"
w:1968-04-06:hetsko,Іван Гецко,90,Карпати (Львів) 1998,6,0,93359,Ivan Getsko,1968-04-06,10,1,Soviet Union (-1991),1,Ukraine 4/1,0,15,0,5,3,,,,,,,https://www.transfermarkt.com/ivan-getsko/profil/spieler/93359 https://tmapi.transfermarkt.technology/player/93359/national-career-history https://tmapi.transfermarkt.technology/player/93359/performance-game https://tmapi.transfermarkt.technology/transfer/history/player/93359,2026-09-30,"tm id: repo link (data/foot, data/positions); єврокубки в базі TM: 1990–2001"
w:1970-07-23:orbu,Геннадій Орбу,90,Шахтар (Донецьк) 1997,6,9,98989,Gennadiy Orbu,1970-07-23,17,0,Ukraine,1,,0,28,0,7,7,,,,,,,https://www.transfermarkt.com/gennadiy-orbu/profil/spieler/98989 https://tmapi.transfermarkt.technology/player/98989/national-career-history https://tmapi.transfermarkt.technology/player/98989/performance-game https://tmapi.transfermarkt.technology/transfer/history/player/98989,2026-09-30,"tm id: repo link (data/foot, data/positions); єврокубки в базі TM: 1994–2001"
w:1970-08-05:ivanenko,Віктор Іваненко,90,Металіст (Харків) 1999,2,0,792784,Viktor Ivanenko,1970-08-05,0,0,,0,,0,0,0,0,0,,,,,,,https://www.transfermarkt.com/viktor-ivanenko/profil/spieler/792784 https://tmapi.transfermarkt.technology/player/792784/national-career-history https://tmapi.transfermarkt.technology/player/792784/performance-game https://tmapi.transfermarkt.technology/transfer/history/player/792784,2026-09-30,tm id: transfermarkt search + dob
w:1971-09-18:sharan,Володимир Шаран,90,Дніпро (Дніпропетровськ) 1995,2,3,175951,Volodymyr Sharan,1971-09-18,1,0,Ukraine,1,,4,20,2,5,0,,,,,,,https://www.transfermarkt.com/volodymyr-sharan/profil/spieler/175951 https://tmapi.transfermarkt.technology/player/175951/national-career-history https://tmapi.transfermarkt.technology/player/175951/performance-game https://tmapi.transfermarkt.technology/transfer/history/player/175951,2026-09-30,"tm id: repo link (data/foot, data/positions); єврокубки в базі TM: 1991–2000"
w:1972-03-01:konovalov,Сергій Коновалов,90,Арсенал (Київ) 2002,4,4,27159,Sergiy Konovalov,1972-03-01,22,3,Ukraine,1,,6,16,5,0,3,,,,,,,https://www.transfermarkt.com/sergiy-konovalov/profil/spieler/27159 https://tmapi.transfermarkt.technology/player/27159/national-career-history https://tmapi.transfermarkt.technology/player/27159/performance-game https://tmapi.transfermarkt.technology/transfer/history/player/27159,2026-09-30,"tm id: repo link (data/foot, data/positions); єврокубки в базі TM: 1993–2000"
w:1972-12-15:lavrentsov,Олександр Лавренцов,90,Кривбас (Кривий Ріг) 1998,2,0,25008,Oleksandr Lavrentsov,1972-12-15,0,0,,0,,0,8,0,0,4,75000,2010-07-28,,,,,https://www.transfermarkt.com/oleksandr-lavrentsov/profil/spieler/25008 https://tmapi.transfermarkt.technology/player/25008/national-career-history https://tmapi.transfermarkt.technology/player/25008/performance-game https://tmapi.transfermarkt.technology/transfer/history/player/25008,2026-09-30,tm id: wikidata P2446 + dob; єврокубки в базі TM: 1999–2003
w:1973-10-19:hatskevich,Олександр Хацкевич,90,Динамо (Київ) 1998,5,8,9792,Aleksandr Khatskevich,1973-10-19,38,4,Belarus,0,,13,73,38,5,16,3500000,2004-10-04,,,,,https://www.transfermarkt.com/aleksandr-khatskevich/profil/spieler/9792 https://tmapi.transfermarkt.technology/player/9792/national-career-history https://tmapi.transfermarkt.technology/player/9792/performance-game https://tmapi.transfermarkt.technology/transfer/history/player/9792,2026-09-30,"tm id: repo link (data/foot, data/positions); єврокубки в базі TM: 1993–2008"
w:1973-10-26:onopko,Сергій Онопко,90,Шахтар (Донецьк) 1993,1,6,368652,Sergiy Onopko,1973-10-26,0,0,,0,,7,9,0,1,0,,,,,,,https://www.transfermarkt.com/sergiy-onopko/profil/spieler/368652 https://tmapi.transfermarkt.technology/player/368652/national-career-history https://tmapi.transfermarkt.technology/player/368652/performance-game https://tmapi.transfermarkt.technology/transfer/history/player/368652,2026-09-30,tm id: wikidata P2446 + dob; єврокубки в базі TM: 1994–2001
w:1974-07-13:pushkutsa,Віталій Пушкуца,90,Металіст (Харків) 2001,1,0,535482,Vitaliy Pushkutsa,1974-07-13,0,0,,0,,17,0,0,0,0,,,,,,,https://www.transfermarkt.com/vitaliy-pushkutsa/profil/spieler/535482 https://tmapi.transfermarkt.technology/player/535482/national-career-history https://tmapi.transfermarkt.technology/player/535482/performance-game https://tmapi.transfermarkt.technology/transfer/history/player/535482,2026-09-30,"tm id: repo link (data/foot, data/positions)"
w:1975-02-18:fedorov,Сергій Федоров,90,Динамо (Київ) 2002,7,11,9781,Sergiy Fedorov,1975-02-18,29,1,Ukraine,1,,17,29,23,2,0,3000000,2004-10-04,,,,Komanda #3 2003,https://www.transfermarkt.com/sergiy-fedorov/profil/spieler/9781 https://tmapi.transfermarkt.technology/player/9781/national-career-history https://tmapi.transfermarkt.technology/player/9781/performance-game https://tmapi.transfermarkt.technology/transfer/history/player/9781 https://en.wikipedia.org/wiki/Ukrainian_Footballer_of_the_Year,2026-09-30,"tm id: repo link (data/foot, data/positions); єврокубки в базі TM: 1998–2008"
w:1978-03-21:venhlinski,Олег Венглінський,90,Дніпро (Дніпропетровськ) 2002,4,5,16004,Oleg Venglynskyi,1978-03-21,10,1,Ukraine,1,,14,23,4,9,2,1750000,2007-10-20,850000,2005 Dnipro Dnipropetrovsk (- 2020) → AEK Athens,,,https://www.transfermarkt.com/oleg-venglynskyi/profil/spieler/16004 https://tmapi.transfermarkt.technology/player/16004/national-career-history https://tmapi.transfermarkt.technology/player/16004/performance-game https://tmapi.transfermarkt.technology/transfer/history/player/16004,2026-09-30,"tm id: repo link (data/foot, data/positions); єврокубки в базі TM: 1997–2008"
w:1979-10-19:chernov,Андрій Чернов,90,Арсенал (Київ) 2002,1,0,27133,Andriy Chernov,1979-10-19,0,0,,0,,1,0,0,0,0,50000,2008-10-15,,,,,https://www.transfermarkt.com/andriy-chernov/profil/spieler/27133 https://tmapi.transfermarkt.technology/player/27133/national-career-history https://tmapi.transfermarkt.technology/player/27133/performance-game https://tmapi.transfermarkt.technology/transfer/history/player/27133,2026-09-30,tm id: wikidata P2446 + dob
w:1980-05-10:chernat,Флорін Чернат,90,Динамо (Київ) 2001,5,8,3132,Florin Cernat,1980-03-10,14,2,Romania,0,,12,45,20,6,,2800000,2008-05-04,940000,2001 FC Dinamo 1948 → Dynamo Kyiv,400000,,https://www.transfermarkt.com/-/profil/spieler/3132 https://tmapi.transfermarkt.technology/player/3132/national-career-history https://tmapi.transfermarkt.technology/player/3132/performance-game https://tmapi.transfermarkt.technology/transfer/history/player/3132,2026-09-30,"tm id вручну (0.57): Florin Cernat, 10.03.1980 (у нас 10.05): Динамо Київ 01.2001–2007 і 2008/09 — як наші картки Динамо 2000–2008; єврокубки в базі TM: 1998–2010"
w:1981-06-18:hioane,Тіберіу Гіоане,90,Динамо (Київ) 2008,6,10,9793,Tiberiu Ghioane,1981-06-18,22,2,Romania,0,,8,56,37,2,0,5500000,2009-05-25,,,,,https://www.transfermarkt.com/tiberiu-ghioane/profil/spieler/9793 https://tmapi.transfermarkt.technology/player/9793/national-career-history https://tmapi.transfermarkt.technology/player/9793/performance-game https://tmapi.transfermarkt.technology/transfer/history/player/9793,2026-09-30,"tm id: repo link (data/foot, data/positions); єврокубки в базі TM: 2001–2010"
w:1983-10-05:jadson,Жадсон,90,Шахтар (Донецьк) 2004,7,8,29261,Jádson,1983-10-05,8,1,Brazil,0,,0,126,31,34,53,11500000,2009-09-23,5000000,2016 Sport Club Corinthians Paulista → Tianjin Tianhai (-2019),,,https://www.transfermarkt.com/jadson/profil/spieler/29261 https://tmapi.transfermarkt.technology/player/29261/national-career-history https://tmapi.transfermarkt.technology/player/29261/performance-game https://tmapi.transfermarkt.technology/transfer/history/player/29261,2026-09-30,"tm id: repo link (data/foot, data/positions); єврокубки в базі TM: 2004–2021"
tm:1029207,Глейкер Мендоса,89,Кривбас (Кривий Ріг) 2025,2,0,1029207,Gleiker Mendoza,2001-12-08,10,1,Venezuela,0,,0,5,1,1,4,3000000,2026-06-02,3000000,2026 Kryvbas Kryvyi Rig → Shakhtar Donetsk,80000,,https://www.transfermarkt.com/gleiker-mendoza/profil/spieler/1029207 https://tmapi.transfermarkt.technology/player/1029207/national-career-history https://tmapi.transfermarkt.technology/player/1029207/performance-game https://tmapi.transfermarkt.technology/transfer/history/player/1029207,2026-09-30,єврокубки в базі TM: 2023–2027
tm:104505,Алан Патрік,89,Шахтар (Донецьк) 2020,6,8,104505,Alan Patrick,1991-05-13,0,0,,0,,4,81,23,21,42,8000000,2021-06-07,4000000,2011 Santos FC → Shakhtar Donetsk,,,https://www.transfermarkt.com/alan-patrick/profil/spieler/104505 https://tmapi.transfermarkt.technology/player/104505/national-career-history https://tmapi.transfermarkt.technology/player/104505/performance-game https://tmapi.transfermarkt.technology/transfer/history/player/104505,2026-09-30,єврокубки в базі TM: 2010–2025
tm:1067225,Тарас Михавко,89,Динамо (Київ) 2024,1,3,1067225,Taras Mykhavko,2005-05-30,2,0,Ukraine,1,,22,28,0,1,0,10000000,2026-06-02,,,,,https://www.transfermarkt.com/taras-mykhavko/profil/spieler/1067225 https://tmapi.transfermarkt.technology/player/1067225/national-career-history https://tmapi.transfermarkt.technology/player/1067225/performance-game https://tmapi.transfermarkt.technology/transfer/history/player/1067225,2026-09-30,єврокубки в базі TM: 2024–2027
tm:112953,Дмитро Безотосний,89,Чорноморець (Одеса) 2013,1,0,112953,Dmytro Bezotosnyi,1983-11-15,0,0,,0,,0,46,0,0,32,2000000,2014-06-30,,,,,https://www.transfermarkt.com/dmytro-bezotosnyi/profil/spieler/112953 https://tmapi.transfermarkt.technology/player/112953/national-career-history https://tmapi.transfermarkt.technology/player/112953/performance-game https://tmapi.transfermarkt.technology/transfer/history/player/112953,2026-09-30,єврокубки в базі TM: 2013–2019
tm:118850,Іван Ордець,89,Шахтар (Донецьк) 2016,2,4,118850,Ivan Ordets,1992-07-08,12,1,Ukraine,1,,40,24,10,0,1,5000000,2022-06-02,,,,,https://www.transfermarkt.com/ivan-ordets/profil/spieler/118850 https://tmapi.transfermarkt.technology/player/118850/national-career-history https://tmapi.transfermarkt.technology/player/118850/performance-game https://tmapi.transfermarkt.technology/transfer/history/player/118850,2026-09-30,єврокубки в базі TM: 2014–2021
tm:120211,Максим Коваль,89,Динамо (Київ) 2012,4,6,120211,Maksym Koval,1992-12-09,2,0,Ukraine,1,,30,50,4,0,23,6000000,2014-06-30,3100000,2010 Metalurg Zaporizhya (-2016) → Dynamo Kyiv,,,https://www.transfermarkt.com/maksym-koval/profil/spieler/120211 https://tmapi.transfermarkt.technology/player/120211/national-career-history https://tmapi.transfermarkt.technology/player/120211/performance-game https://tmapi.transfermarkt.technology/transfer/history/player/120211,2026-09-30,єврокубки в базі TM: 2010–2024
tm:1219752,Ісаке,89,Шахтар (Донецьк) 2025,1,1,1219752,Isaque,2007-02-24,0,0,,0,,3,15,1,2,2,11000000,2026-06-02,10000000,2025 Fluminense Football Club → Shakhtar Donetsk,,,https://www.transfermarkt.com/isaque/profil/spieler/1219752 https://tmapi.transfermarkt.technology/player/1219752/national-career-history https://tmapi.transfermarkt.technology/player/1219752/performance-game https://tmapi.transfermarkt.technology/transfer/history/player/1219752,2026-09-30,єврокубки в базі TM: 2024–2027
tm:127349,Майкон Олівейра,89,Волинь (Луцьк) 2011,2,2,127349,Maicon Oliveira,1988-05-08,0,0,,0,,0,0,0,0,0,2500000,2012-07-02,,,200000,UPL top scorer 2011–12,https://www.transfermarkt.com/maicon-oliveira/profil/spieler/127349 https://tmapi.transfermarkt.technology/player/127349/national-career-history https://tmapi.transfermarkt.technology/player/127349/performance-game https://tmapi.transfermarkt.technology/transfer/history/player/127349 https://en.wikipedia.org/wiki/Template:Ukrainian_Premier_League_top_scorers,2026-09-30,
tm:15067,Максим Калініченко,89,Дніпро (Дніпропетровськ) 2009,4,0,15067,Maksym Kalynychenko,1979-01-26,47,7,Ukraine,1,,9,44,18,6,38,7500000,2006-06-27,,,,,https://www.transfermarkt.com/maksym-kalynychenko/profil/spieler/15067 https://tmapi.transfermarkt.technology/player/15067/national-career-history https://tmapi.transfermarkt.technology/player/15067/performance-game https://tmapi.transfermarkt.technology/transfer/history/player/15067,2026-09-30,єврокубки в базі TM: 2000–2011
tm:165825,Давид Хочолава,89,Шахтар (Донецьк) 2018,2,4,165825,Davit Khocholava,1993-02-08,39,0,Georgia,0,,9,39,16,0,22,5000000,2019-06-20,2500000,2021 Shakhtar Donetsk → FC Copenhagen,,,https://www.transfermarkt.com/davit-khocholava/profil/spieler/165825 https://tmapi.transfermarkt.technology/player/165825/national-career-history https://tmapi.transfermarkt.technology/player/165825/performance-game https://tmapi.transfermarkt.technology/transfer/history/player/165825,2026-09-30,єврокубки в базі TM: 2013–2023
tm:166581,Євген Волинець,89,Полісся (Житомир) 2025,4,0,166581,Yevgen Volynets,1993-08-26,0,0,,0,,9,8,0,0,0,800000,2025-12-18,400000,2023 Kolos Kovalivka → SC Dnipro-1 ( - 2024),,,https://www.transfermarkt.com/yevgen-volynets/profil/spieler/166581 https://tmapi.transfermarkt.technology/player/166581/national-career-history https://tmapi.transfermarkt.technology/player/166581/performance-game https://tmapi.transfermarkt.technology/transfer/history/player/166581,2026-09-30,єврокубки в базі TM: 2020–2026
tm:17206,Александар Тришович,89,Волинь (Луцьк) 2004,1,0,17206,Aleksandar Trisovic,1983-11-25,5,1,Serbia,0,,6,11,0,0,4,1100000,2007-02-10,350000,2006 Kryvbas Kryvyi Rig → Red Star Belgrade,,,https://www.transfermarkt.com/aleksandar-trisovic/profil/spieler/17206 https://tmapi.transfermarkt.technology/player/17206/national-career-history https://tmapi.transfermarkt.technology/player/17206/performance-game https://tmapi.transfermarkt.technology/transfer/history/player/17206,2026-09-30,єврокубки в базі TM: 2003–2010
tm:18445,Бетао,89,Динамо (Київ) 2011,4,5,18445,Betão,1983-11-11,0,0,,0,,0,79,16,0,30,4500000,2012-07-02,1600000,2008 Santos FC → Dynamo Kyiv,,,https://www.transfermarkt.com/betao/profil/spieler/18445 https://tmapi.transfermarkt.technology/player/18445/national-career-history https://tmapi.transfermarkt.technology/player/18445/performance-game https://tmapi.transfermarkt.technology/transfer/history/player/18445,2026-09-30,єврокубки в базі TM: 2004–2013
tm:19619,Олександр Рибка,89,Шахтар (Донецьк) 2011,2,7,19619,Oleksandr Rybka,1987-04-10,2,0,Ukraine,1,,43,15,9,0,0,5000000,2012-01-05,80000,2011 Obolon Kyiv (-2012) → Shakhtar Donetsk,,Komanda #3 2011,https://www.transfermarkt.com/oleksandr-rybka/profil/spieler/19619 https://tmapi.transfermarkt.technology/player/19619/national-career-history https://tmapi.transfermarkt.technology/player/19619/performance-game https://tmapi.transfermarkt.technology/transfer/history/player/19619 https://en.wikipedia.org/wiki/Ukrainian_Footballer_of_the_Year,2026-09-30,єврокубки в базі TM: 2006–2016
tm:20137,Хосе Соса,89,Металіст (Харків) 2012,3,0,20137,José Sosa,1985-06-19,19,1,Argentina,0,,17,113,9,6,92,10000000,2007-03-09,9000000,2007 Club Estudiantes de La Plata → Bayern Munich,1500000,,https://www.transfermarkt.com/jose-sosa/profil/spieler/20137 https://tmapi.transfermarkt.technology/player/20137/national-career-history https://tmapi.transfermarkt.technology/player/20137/performance-game https://tmapi.transfermarkt.technology/transfer/history/player/20137,2026-09-30,єврокубки в базі TM: 2004–2026
tm:212232,Амбросій Чачуа,89,Карпати (Львів) 2024,1,0,212232,Ambrosiy Chachua,1994-04-02,0,0,,0,,29,0,0,0,0,700000,2025-06-10,,,,,https://www.transfermarkt.com/ambrosiy-chachua/profil/spieler/212232 https://tmapi.transfermarkt.technology/player/212232/national-career-history https://tmapi.transfermarkt.technology/player/212232/performance-game https://tmapi.transfermarkt.technology/transfer/history/player/212232,2026-09-30,
tm:236468,Артем Шабанов,89,Олександрія 2024,4,5,236468,Artem Shabanov,1992-03-07,2,0,Ukraine,1,,9,19,2,1,5,2000000,2020-09-04,700000,2022 Dynamo Kyiv → Videoton FC Fehérvár,,,https://www.transfermarkt.com/artem-shabanov/profil/spieler/236468 https://tmapi.transfermarkt.technology/player/236468/national-career-history https://tmapi.transfermarkt.technology/player/236468/performance-game https://tmapi.transfermarkt.technology/transfer/history/player/236468,2026-09-30,єврокубки в базі TM: 2017–2023
tm:237623,Олександр Філіппов,89,Олександрія 2024,3,0,237623,Oleksandr Filippov,1992-10-23,0,0,,0,,7,14,0,3,2,1300000,2020-10-16,1500000,2020 Desna Chernigiv → Sint-Truidense VV,,,https://www.transfermarkt.com/oleksandr-filippov/profil/spieler/237623 https://tmapi.transfermarkt.technology/player/237623/national-career-history https://tmapi.transfermarkt.technology/player/237623/performance-game https://tmapi.transfermarkt.technology/transfer/history/player/237623,2026-09-30,єврокубки в базі TM: 2022–2027
tm:242272,Євген Банада,89,Олександрія 2018,1,0,242272,Yevgen Banada,1992-02-29,0,0,,0,,2,11,0,2,0,1000000,2020-01-08,,,,,https://www.transfermarkt.com/yevgen-banada/profil/spieler/242272 https://tmapi.transfermarkt.technology/player/242272/national-career-history https://tmapi.transfermarkt.technology/player/242272/performance-game https://tmapi.transfermarkt.technology/transfer/history/player/242272,2026-09-30,єврокубки в базі TM: 2016–2020
tm:24633,Едуардо,89,Шахтар (Донецьк) 2015,3,6,24633,Eduardo,1983-02-25,64,29,Croatia,0,,12,77,32,21,36,13000000,2007-08-02,13500000,2007 GNK Dinamo Zagreb → Arsenal FC,,,https://www.transfermarkt.com/eduardo/profil/spieler/24633 https://tmapi.transfermarkt.technology/player/24633/national-career-history https://tmapi.transfermarkt.technology/player/24633/performance-game https://tmapi.transfermarkt.technology/transfer/history/player/24633,2026-09-30,єврокубки в базі TM: 2003–2019
tm:25820,В'ячеслав Шевчук,89,Шахтар (Донецьк) 2005,5,13,25820,Vyacheslav Shevchuk,1979-05-13,56,0,Ukraine,1,,19,39,21,0,2,1800000,2009-02-04,,,,,https://www.transfermarkt.com/vyacheslav-shevchuk/profil/spieler/25820 https://tmapi.transfermarkt.technology/player/25820/national-career-history https://tmapi.transfermarkt.technology/player/25820/performance-game https://tmapi.transfermarkt.technology/transfer/history/player/25820,2026-09-30,єврокубки в базі TM: 2000–2016
tm:273663,Володимир Адамюк,89,Верес (Рівне) 2017,4,0,273663,Volodymyr Adamyuk,1991-07-17,0,0,,0,,0,10,0,0,0,700000,2019-06-20,350000,2020 PFC Lviv → SC Dnipro-1 ( - 2024),,,https://www.transfermarkt.com/volodymyr-adamyuk/profil/spieler/273663 https://tmapi.transfermarkt.technology/player/273663/national-career-history https://tmapi.transfermarkt.technology/player/273663/performance-game https://tmapi.transfermarkt.technology/transfer/history/player/273663,2026-09-30,єврокубки в базі TM: 2022–2024
tm:277777,Андрій Тотовицький,89,Десна (Чернігів) 2020,3,3,277777,Andriy Totovytskyi,1993-01-20,0,0,,0,,12,2,1,0,0,1200000,2018-01-12,500000,2022 Kolos Kovalivka → Shakhtar Donetsk,,,https://www.transfermarkt.com/andriy-totovytskyi/profil/spieler/277777 https://tmapi.transfermarkt.technology/player/277777/national-career-history https://tmapi.transfermarkt.technology/player/277777/performance-game https://tmapi.transfermarkt.technology/transfer/history/player/277777,2026-09-30,єврокубки в базі TM: 2020–2023
tm:287015,Олів'є Тілль,89,Ворскла (Полтава) 2021,1,0,287015,Olivier Thill,1996-12-17,48,3,Luxembourg,0,,9,13,0,4,11,2000000,2019-12-23,250000,2018 FC Progrès Niederkorn → FC Ufa,,,https://www.transfermarkt.com/olivier-thill/profil/spieler/287015 https://tmapi.transfermarkt.technology/player/287015/national-career-history https://tmapi.transfermarkt.technology/player/287015/performance-game https://tmapi.transfermarkt.technology/transfer/history/player/287015,2026-09-30,єврокубки в базі TM: 2015–2022
tm:289075,Олександр Зубков,89,Шахтар (Донецьк) 2024,3,6,289075,Oleksandr Zubkov,1996-08-03,46,3,Ukraine,1,,37,60,25,5,34,8000000,2025-06-18,6000000,2025 Shakhtar Donetsk → Trabzonspor,,,https://www.transfermarkt.com/oleksandr-zubkov/profil/spieler/289075 https://tmapi.transfermarkt.technology/player/289075/national-career-history https://tmapi.transfermarkt.technology/player/289075/performance-game https://tmapi.transfermarkt.technology/transfer/history/player/289075,2026-09-30,єврокубки в базі TM: 2017–2027
tm:289095,Денис Фаворов,89,Десна (Чернігів) 2019,3,0,289095,Denys Favorov,1991-04-01,0,0,,0,,0,13,0,0,0,1500000,2022-05-18,,,,UF #1 2020,https://www.transfermarkt.com/denys-favorov/profil/spieler/289095 https://tmapi.transfermarkt.technology/player/289095/national-career-history https://tmapi.transfermarkt.technology/player/289095/performance-game https://tmapi.transfermarkt.technology/transfer/history/player/289095 https://en.wikipedia.org/wiki/Ukrainian_Footballer_of_the_Year,2026-09-30,єврокубки в базі TM: 2020–2022
tm:294730,Богдан Михайличенко,89,Шахтар (Донецьк) 2022,3,2,294730,Bogdan Mykhaylichenko,1997-03-21,15,0,Ukraine,1,,37,34,4,1,10,4000000,2023-06-21,1000000,2019 Dynamo Kyiv U21 → Zorya Lugansk,,,https://www.transfermarkt.com/bogdan-mykhaylichenko/profil/spieler/294730 https://tmapi.transfermarkt.technology/player/294730/national-career-history https://tmapi.transfermarkt.technology/player/294730/performance-game https://tmapi.transfermarkt.technology/transfer/history/player/294730,2026-09-30,єврокубки в базі TM: 2018–2027
tm:294780,Олександр Піхальонок,89,Динамо (Київ) 2025,5,5,294780,Oleksandr Pikhalyonok,1997-05-07,14,0,Ukraine,1,,46,45,0,7,0,5000000,2024-06-06,2500000,2024 SC Dnipro-1 ( - 2024) → Dynamo Kyiv,,,https://www.transfermarkt.com/oleksandr-pikhalyonok/profil/spieler/294780 https://tmapi.transfermarkt.technology/player/294780/national-career-history https://tmapi.transfermarkt.technology/player/294780/performance-game https://tmapi.transfermarkt.technology/transfer/history/player/294780,2026-09-30,єврокубки в базі TM: 2018–2027
tm:296366,Олексій Гуцуляк,89,Полісся (Житомир) 2024,4,0,296366,Oleksiy Gutsulyak,1997-12-25,16,6,Ukraine,1,,36,22,0,1,0,3500000,2026-06-02,600000,2024 SC Dnipro-1 ( - 2024) → Polissya Zhytomyr,200000,,https://www.transfermarkt.com/oleksiy-gutsulyak/profil/spieler/296366 https://tmapi.transfermarkt.technology/player/296366/national-career-history https://tmapi.transfermarkt.technology/player/296366/performance-game https://tmapi.transfermarkt.technology/transfer/history/player/296366,2026-09-30,єврокубки в базі TM: 2020–2026
tm:335744,Мігел Кампуш,89,Олександрія 2024,1,0,335744,Miguel Campos,1996-08-19,0,0,,0,,0,3,0,0,1,1800000,2025-06-10,100000,2024 NK Rudes → FC Oleksandriya,,,https://www.transfermarkt.com/miguel-campos/profil/spieler/335744 https://tmapi.transfermarkt.technology/player/335744/national-career-history https://tmapi.transfermarkt.technology/player/335744/performance-game https://tmapi.transfermarkt.technology/transfer/history/player/335744,2026-09-30,єврокубки в базі TM: 2025–2027
tm:34771,Олександр Косирін,89,Чорноморець (Одеса) 2003,6,2,34771,Oleksandr Kosyrin,1977-06-18,7,0,Ukraine,1,,6,6,0,2,0,3000000,2009-04-16,800000,2005 Chornomorets Odesa → Metalurg Donetsk (- 2015),,UPL top scorer 2004–05,https://www.transfermarkt.com/oleksandr-kosyrin/profil/spieler/34771 https://tmapi.transfermarkt.technology/player/34771/national-career-history https://tmapi.transfermarkt.technology/player/34771/performance-game https://tmapi.transfermarkt.technology/transfer/history/player/34771 https://en.wikipedia.org/wiki/Template:Ukrainian_Premier_League_top_scorers,2026-09-30,єврокубки в базі TM: 2001–2006
tm:359247,Мар'ян Швед,89,Карпати (Львів) 2018,1,4,359247,Maryan Shved,1997-07-16,2,0,Ukraine,1,,28,13,5,3,1,2000000,2019-08-20,2000000,2019 Karpaty Lviv (-2021) → Celtic FC,,,https://www.transfermarkt.com/maryan-shved/profil/spieler/359247 https://tmapi.transfermarkt.technology/player/359247/national-career-history https://tmapi.transfermarkt.technology/player/359247/performance-game https://tmapi.transfermarkt.technology/transfer/history/player/359247,2026-09-30,єврокубки в базі TM: 2019–2026
tm:366729,Назарій Русин,89,Зоря (Луганськ) 2022,4,4,366729,Nazariy Rusyn,1998-10-25,0,0,,0,,24,9,0,3,0,2000000,2024-05-24,2500000,2023 Zorya Lugansk → Sunderland AFC,,,https://www.transfermarkt.com/nazariy-rusyn/profil/spieler/366729 https://tmapi.transfermarkt.technology/player/366729/national-career-history https://tmapi.transfermarkt.technology/player/366729/performance-game https://tmapi.transfermarkt.technology/transfer/history/player/366729,2026-09-30,єврокубки в базі TM: 2017–2020
tm:368611,Микола Шапаренко,89,Динамо (Київ) 2018,5,9,368611,Mykola Shaparenko,1998-10-04,52,2,Ukraine,1,,24,70,11,4,0,11000000,2025-06-10,,,,,https://www.transfermarkt.com/mykola-shaparenko/profil/spieler/368611 https://tmapi.transfermarkt.technology/player/368611/national-career-history https://tmapi.transfermarkt.technology/player/368611/performance-game https://tmapi.transfermarkt.technology/transfer/history/player/368611,2026-09-30,єврокубки в базі TM: 2017–2027
tm:37303,Желько Любенович,89,Зоря (Луганськ) 2014,7,0,37303,Zeljko Ljubenovic,1981-07-09,0,0,,0,,0,21,0,4,0,1500000,2011-01-01,,,,,https://www.transfermarkt.com/zeljko-ljubenovic/profil/spieler/37303 https://tmapi.transfermarkt.technology/player/37303/national-career-history https://tmapi.transfermarkt.technology/player/37303/performance-game https://tmapi.transfermarkt.technology/transfer/history/player/37303,2026-09-30,єврокубки в базі TM: 2008–2018
tm:396394,Валерій Бондар,89,Шахтар (Донецьк) 2022,4,7,396394,Valeriy Bondar,1999-02-27,10,0,Ukraine,1,,43,49,26,1,0,8000000,2026-06-02,,,,,https://www.transfermarkt.com/valeriy-bondar/profil/spieler/396394 https://tmapi.transfermarkt.technology/player/396394/national-career-history https://tmapi.transfermarkt.technology/player/396394/performance-game https://tmapi.transfermarkt.technology/transfer/history/player/396394,2026-09-30,єврокубки в базі TM: 2019–2027
tm:43297,Дебатік Цуррі,89,Ворскла (Полтава) 2007,2,0,43297,Debatik Curri,1983-12-28,44,1,Albania,0,,0,4,0,0,2,3300000,2009-09-21,400000,2010 Vorskla Poltava → Genclerbirligi Ankara,,,https://www.transfermarkt.com/debatik-curri/profil/spieler/43297 https://tmapi.transfermarkt.technology/player/43297/national-career-history https://tmapi.transfermarkt.technology/player/43297/performance-game https://tmapi.transfermarkt.technology/transfer/history/player/43297,2026-09-30,єврокубки в базі TM: 2009–2018
tm:43359,Павло Ребенок,89,Ворскла (Полтава) 2017,3,0,43359,Pavlo Rebenok,1985-07-23,0,0,,0,,6,29,0,2,0,1000000,2014-06-30,,,,,https://www.transfermarkt.com/pavlo-rebenok/profil/spieler/43359 https://tmapi.transfermarkt.technology/player/43359/national-career-history https://tmapi.transfermarkt.technology/player/43359/performance-game https://tmapi.transfermarkt.technology/transfer/history/player/43359,2026-09-30,єврокубки в базі TM: 2011–2019
tm:44624,Дьомерсі Мбокані,89,Динамо (Київ) 2013,3,3,44624,Dieumerci Mbokani,1985-11-22,48,22,Democratic Republic of the Congo,0,,0,63,11,21,47,11000000,2014-06-30,11000000,2013 RSC Anderlecht → Dynamo Kyiv,1000000,,https://www.transfermarkt.com/dieumerci-mbokani/profil/spieler/44624 https://tmapi.transfermarkt.technology/player/44624/national-career-history https://tmapi.transfermarkt.technology/player/44624/performance-game https://tmapi.transfermarkt.technology/transfer/history/player/44624,2026-09-30,єврокубки в базі TM: 2007–2022
tm:49016,Євген Паст,89,Десна (Чернігів) 2019,1,0,49016,Yevgen Past,1988-03-16,0,0,,0,,0,3,0,0,0,600000,2018-12-10,,,,,https://www.transfermarkt.com/yevgen-past/profil/spieler/49016 https://tmapi.transfermarkt.technology/player/49016/national-career-history https://tmapi.transfermarkt.technology/player/49016/performance-game https://tmapi.transfermarkt.technology/transfer/history/player/49016,2026-09-30,єврокубки в базі TM: 2013–2021
tm:53299,Костянтин Ярошенко,89,Маріуполь / Іллічівець 2010,2,0,53299,Kostyantyn Yaroshenko,1986-09-12,0,0,,0,,63,4,0,0,0,1300000,2011-07-04,,,,,https://www.transfermarkt.com/kostyantyn-yaroshenko/profil/spieler/53299 https://tmapi.transfermarkt.technology/player/53299/national-career-history https://tmapi.transfermarkt.technology/player/53299/performance-game https://tmapi.transfermarkt.technology/transfer/history/player/53299,2026-09-30,єврокубки в базі TM: 2007–2008
tm:537852,Дмитро Криськів,89,Шахтар (Донецьк) 2022,3,4,537852,Dmytro Kryskiv,2000-10-06,3,0,Ukraine,1,,34,22,15,1,0,7000000,2025-06-10,,,,,https://www.transfermarkt.com/dmytro-kryskiv/profil/spieler/537852 https://tmapi.transfermarkt.technology/player/537852/national-career-history https://tmapi.transfermarkt.technology/player/537852/performance-game https://tmapi.transfermarkt.technology/transfer/history/player/537852,2026-09-30,єврокубки в базі TM: 2022–2027
tm:549960,Тимур Стецков,89,Кривбас (Кривий Ріг) 2023,2,0,549960,Tymur Stetskov,1998-01-27,0,0,,0,,7,5,0,0,0,1000000,2024-06-06,500000,2025 Kryvbas Kryvyi Rig → Karpaty Lviv,,,https://www.transfermarkt.com/tymur-stetskov/profil/spieler/549960 https://tmapi.transfermarkt.technology/player/549960/national-career-history https://tmapi.transfermarkt.technology/player/549960/performance-game https://tmapi.transfermarkt.technology/transfer/history/player/549960,2026-09-30,єврокубки в базі TM: 2019–2025
tm:551695,Лассіна Траоре,89,Шахтар (Донецьк) 2025,4,5,551695,Lassina Traoré,2001-01-12,33,14,Burkina Faso,0,,0,38,20,3,7,9000000,2022-05-18,10000000,2021 Ajax Amsterdam → Shakhtar Donetsk,,,https://www.transfermarkt.com/lassina-traore/profil/spieler/551695 https://tmapi.transfermarkt.technology/player/551695/national-career-history https://tmapi.transfermarkt.technology/player/551695/performance-game https://tmapi.transfermarkt.technology/transfer/history/player/551695,2026-09-30,єврокубки в базі TM: 2019–2027
tm:57987,Євген Чеберячко,89,Дніпро (Дніпропетровськ) 2010,5,0,57987,Yevgen Cheberyachko,1983-06-19,2,0,Ukraine,1,,27,41,0,0,0,2000000,2011-07-04,,,,,https://www.transfermarkt.com/yevgen-cheberyachko/profil/spieler/57987 https://tmapi.transfermarkt.technology/player/57987/national-career-history https://tmapi.transfermarkt.technology/player/57987/performance-game https://tmapi.transfermarkt.technology/transfer/history/player/57987,2026-09-30,єврокубки в базі TM: 2010–2016
tm:59414,Папа Гуйе,89,Металіст (Харків) 2009,7,0,59414,Papa Gueye,1984-06-07,10,0,Senegal,0,Senegal Olympia 4/0,0,60,0,3,0,6000000,2014-06-30,300000,2006 Volyn Lutsk → Metalist Kharkiv (- 2016),,,https://www.transfermarkt.com/papa-gueye/profil/spieler/59414 https://tmapi.transfermarkt.technology/player/59414/national-career-history https://tmapi.transfermarkt.technology/player/59414/performance-game https://tmapi.transfermarkt.technology/transfer/history/player/59414,2026-09-30,єврокубки в базі TM: 2007–2016
tm:669306,Володимир Бражко,89,Динамо (Київ) 2023,3,3,669306,Volodymyr Brazhko,2002-01-23,10,0,Ukraine,1,,36,28,0,3,0,12000000,2025-06-10,,,,,https://www.transfermarkt.com/volodymyr-brazhko/profil/spieler/669306 https://tmapi.transfermarkt.technology/player/669306/national-career-history https://tmapi.transfermarkt.technology/player/669306/performance-game https://tmapi.transfermarkt.technology/transfer/history/player/669306,2026-09-30,єврокубки в базі TM: 2023–2027
tm:70754,Денис Гармаш,89,Динамо (Київ) 2016,6,12,70754,Denys Garmash,1990-04-19,31,2,Ukraine,1,,33,88,26,11,0,6500000,2013-06-17,,,,UF #3 2017,https://www.transfermarkt.com/denys-garmash/profil/spieler/70754 https://tmapi.transfermarkt.technology/player/70754/national-career-history https://tmapi.transfermarkt.technology/player/70754/performance-game https://tmapi.transfermarkt.technology/transfer/history/player/70754 https://en.wikipedia.org/wiki/Ukrainian_Footballer_of_the_Year,2026-09-30,єврокубки в базі TM: 2010–2023
tm:719652,Олександр Мартинюк,89,Олександрія 2024,1,0,719652,Oleksandr Martynyuk,2001-11-25,1,0,Ukraine,1,,10,0,0,0,0,2000000,2025-06-10,1500000,2025 FC Oleksandriya → FC Kharkiv,,,https://www.transfermarkt.com/oleksandr-martynyuk/profil/spieler/719652 https://tmapi.transfermarkt.technology/player/719652/national-career-history https://tmapi.transfermarkt.technology/player/719652/performance-game https://tmapi.transfermarkt.technology/transfer/history/player/719652,2026-09-30,
tm:758845,Єгор Твердохліб,89,Кривбас (Кривий Ріг) 2024,3,0,758845,Yegor Tverdokhlib,2000-12-17,0,0,,0,,0,4,0,0,1,1800000,2026-06-02,1500000,2026 Kryvbas Kryvyi Rig → LNZ Cherkasy,,,https://www.transfermarkt.com/yegor-tverdokhlib/profil/spieler/758845 https://tmapi.transfermarkt.technology/player/758845/national-career-history https://tmapi.transfermarkt.technology/player/758845/performance-game https://tmapi.transfermarkt.technology/transfer/history/player/758845,2026-09-30,єврокубки в базі TM: 2024–2027
tm:76028,Тайсон,89,Шахтар (Донецьк) 2019,5,9,76028,Taison,1988-01-13,8,1,Brazil,0,,0,181,43,25,76,15000000,2015-06-07,15240000,2013 Metalist Kharkiv (- 2016) → Shakhtar Donetsk,,Komanda #2 2011; Komanda1 #3 2018; Komanda1 #1 2019; Komanda1 #2 2020,https://www.transfermarkt.com/taison/profil/spieler/76028 https://tmapi.transfermarkt.technology/player/76028/national-career-history https://tmapi.transfermarkt.technology/player/76028/performance-game https://tmapi.transfermarkt.technology/transfer/history/player/76028 https://en.wikipedia.org/wiki/Ukrainian_Footballer_of_the_Year,2026-09-30,єврокубки в базі TM: 2007–2027
tm:775709,Георгій Єрмаков,89,Олександрія 2024,1,0,775709,Georgiy Yermakov,2002-03-28,0,0,,0,,7,4,0,0,4,3000000,2026-09-21,2800000,2026 Maccabi Haifa → FC Kharkiv,,,https://www.transfermarkt.com/georgiy-yermakov/profil/spieler/775709 https://tmapi.transfermarkt.technology/player/775709/national-career-history https://tmapi.transfermarkt.technology/player/775709/performance-game https://tmapi.transfermarkt.technology/transfer/history/player/775709,2026-09-30,єврокубки в базі TM: 2025–2026
tm:858712,Педро Енріке,89,Шахтар (Донецьк) 2025,1,3,858712,Pedro Henrique,2002-07-11,0,0,,0,,0,29,7,1,5,8000000,2026-06-02,,,,,https://www.transfermarkt.com/pedro-henrique/profil/spieler/858712 https://tmapi.transfermarkt.technology/player/858712/national-career-history https://tmapi.transfermarkt.technology/player/858712/performance-game https://tmapi.transfermarkt.technology/transfer/history/player/858712,2026-09-30,єврокубки в базі TM: 2021–2027
tm:91931,Денис Бойко,89,Дніпро (Дніпропетровськ) 2013,7,9,91931,Denys Boyko,1988-01-29,7,0,Ukraine,1,,30,61,2,0,0,5500000,2015-12-18,3300000,2016 Dnipro Dnipropetrovsk (- 2020) → Beşiktaş JK,435000,,https://www.transfermarkt.com/denys-boyko/profil/spieler/91931 https://tmapi.transfermarkt.technology/player/91931/national-career-history https://tmapi.transfermarkt.technology/player/91931/performance-game https://tmapi.transfermarkt.technology/transfer/history/player/91931,2026-09-30,єврокубки в базі TM: 2010–2023
tm:9779,Віталій Рева,89,Динамо (Київ) 2002,7,4,9779,Vitaliy Reva,1974-11-19,9,0,Ukraine,1,,0,17,9,0,0,500000,2009-08-30,,,,,https://www.transfermarkt.com/vitaliy-reva/profil/spieler/9779 https://tmapi.transfermarkt.technology/player/9779/national-career-history https://tmapi.transfermarkt.technology/player/9779/performance-game https://tmapi.transfermarkt.technology/transfer/history/player/9779,2026-09-30,єврокубки в базі TM: 1998–2003
tm:99863,Пилип Будківський,89,Зоря (Луганськ) 2015,4,0,99863,Pylyp Budkivskyi,1992-03-10,6,0,Ukraine,1,,52,16,0,1,0,2500000,2016-12-27,,,,,https://www.transfermarkt.com/pylyp-budkivskyi/profil/spieler/99863 https://tmapi.transfermarkt.technology/player/99863/national-career-history https://tmapi.transfermarkt.technology/player/99863/performance-game https://tmapi.transfermarkt.technology/transfer/history/player/99863,2026-09-30,єврокубки в базі TM: 2014–2025
w:1966-09-25:topchev,Дмитро Топчієв,89,Динамо (Київ) 1992,2,3,178679,Dmytro Topchiev,1966-09-25,5,0,Ukraine,1,,0,2,2,0,0,,,,,,,https://www.transfermarkt.com/dmytro-topchiev/profil/spieler/178679 https://tmapi.transfermarkt.technology/player/178679/national-career-history https://tmapi.transfermarkt.technology/player/178679/performance-game https://tmapi.transfermarkt.technology/transfer/history/player/178679,2026-09-30,tm id: wikidata P2446 + dob; єврокубки в базі TM: 1993–1994
w:1967-01-29:shmatovalenko,Сергій Шматоваленко,89,Динамо (Київ) 1992,4,6,96524,Sergiy Shmatovalenko,1967-01-20,10,0,Ukraine,1,Soviet Union (-1991) 2/0,32,33,6,0,,,,,,,,https://www.transfermarkt.com/-/profil/spieler/96524 https://tmapi.transfermarkt.technology/player/96524/national-career-history https://tmapi.transfermarkt.technology/player/96524/performance-game https://tmapi.transfermarkt.technology/transfer/history/player/96524,2026-09-30,"tm id вручну (0.57): Шматоваленко Сергій Сергійович, 20.01.1967 (у нас 29.01): Динамо Київ 1987–1999 — як наші картки Динамо 1992–1997; єврокубки в базі TM: 1987–1997"
w:1967-08-07:haidash,Олександр Гайдаш,89,Таврія (Сімферополь) 1994,5,0,183435,Oleksandr Gaydash,1967-08-07,2,0,Ukraine,1,,0,2,0,0,2,,,,,,,https://www.transfermarkt.com/oleksandr-gaydash/profil/spieler/183435 https://tmapi.transfermarkt.technology/player/183435/national-career-history https://tmapi.transfermarkt.technology/player/183435/performance-game https://tmapi.transfermarkt.technology/transfer/history/player/183435,2026-09-30,"tm id: repo link (data/foot, data/positions); єврокубки в базі TM: 1991–1992"
w:1968-01-13:strontsitski,Богдан Стронціцький,89,Карпати (Львів) 1997,3,0,373475,Bogdan Strontsitskyi,1968-01-13,0,0,,0,,0,4,0,0,0,,,,,,,https://www.transfermarkt.com/bogdan-strontsitskyi/profil/spieler/373475 https://tmapi.transfermarkt.technology/player/373475/national-career-history https://tmapi.transfermarkt.technology/player/373475/performance-game https://tmapi.transfermarkt.technology/transfer/history/player/373475,2026-09-30,tm id: wikidata P2446 + dob; єврокубки в базі TM: 1993–2000
w:1968-04-27:heraschenko,Володимир Геращенко,89,Дніпро (Дніпропетровськ) 2000,1,0,250352,Volodymyr Gerashchenko,1968-04-27,0,0,,0,,11,25,0,1,15,,,,,,,https://www.transfermarkt.com/volodymyr-gerashchenko/profil/spieler/250352 https://tmapi.transfermarkt.technology/player/250352/national-career-history https://tmapi.transfermarkt.technology/player/250352/performance-game https://tmapi.transfermarkt.technology/transfer/history/player/250352,2026-09-30,"tm id: repo link (data/foot, data/positions); єврокубки в базі TM: 1988–2002"
w:1969-11-19:skripnik,Віктор Скрипник,89,Дніпро (Дніпропетровськ) 1994,3,0,535,Viktor Skrypnyk,1969-11-19,24,2,Ukraine,1,,3,13,0,1,13,,,900000,1996 Dnipro Dnipropetrovsk (- 2020) → SV Werder Bremen,,,https://www.transfermarkt.com/viktor-skrypnyk/profil/spieler/535 https://tmapi.transfermarkt.technology/player/535/national-career-history https://tmapi.transfermarkt.technology/player/535/performance-game https://tmapi.transfermarkt.technology/transfer/history/player/535,2026-09-30,"tm id: repo link (data/foot, data/positions); єврокубки в базі TM: 1998–2003"
w:1970-12-06:hashkin,Андрій Гашкін,89,Чорноморець (Одеса) 1995,2,0,93264,Andrey Gashkin,1970-12-06,0,0,,0,,0,17,0,5,12,,,,,,,https://www.transfermarkt.com/andrey-gashkin/profil/spieler/93264 https://tmapi.transfermarkt.technology/player/93264/national-career-history https://tmapi.transfermarkt.technology/player/93264/performance-game https://tmapi.transfermarkt.technology/transfer/history/player/93264,2026-09-30,"tm id: repo link (data/foot, data/positions); єврокубки в базі TM: 1992–2002"
w:1971-04-18:diriavka,Сергій Дірявка,89,Дніпро (Дніпропетровськ) 1992,1,0,182206,Sergiy Diryavka,1971-04-18,9,0,Ukraine,1,,0,3,0,0,0,,,,,,,https://www.transfermarkt.com/sergiy-diryavka/profil/spieler/182206 https://tmapi.transfermarkt.technology/player/182206/national-career-history https://tmapi.transfermarkt.technology/player/182206/performance-game https://tmapi.transfermarkt.technology/transfer/history/player/182206,2026-09-30,tm id: wikidata P2446 + dob; єврокубки в базі TM: 1993–1994
w:1971-06-22:bukel,Юрій Букель,89,Чорноморець (Одеса) 1995,4,0,86568,Yuriy Bukel,1971-11-30,7,0,Ukraine,1,,0,21,0,0,,,,,,,,https://www.transfermarkt.com/-/profil/spieler/86568 https://tmapi.transfermarkt.technology/player/86568/national-career-history https://tmapi.transfermarkt.technology/player/86568/performance-game https://tmapi.transfermarkt.technology/transfer/history/player/86568,2026-09-30,"tm id вручну (0.57): Букель Юрій Олександрович, 30.11.1971: Чорноморець до 1998, Маріуполь 1998, Чорноморець 1999–2000 — як наші картки; єврокубки в базі TM: 1992–2003"
w:1971-11-25:antiuhin,Олексій Антюхін,89,Таврія (Сімферополь) 1994,2,1,305751,Oleksiy Antyukhin,1971-11-25,1,0,Ukraine,1,,0,6,0,2,0,,,,,,,https://www.transfermarkt.com/oleksiy-antyukhin/profil/spieler/305751 https://tmapi.transfermarkt.technology/player/305751/national-career-history https://tmapi.transfermarkt.technology/player/305751/performance-game https://tmapi.transfermarkt.technology/transfer/history/player/305751,2026-09-30,"tm id: repo link (data/foot, data/positions); єврокубки в базі TM: 1997–1999"
w:1972-02-29:palianitsia,Олександр Паляниця,89,Карпати (Львів) 1997,5,0,142526,Oleksandr Palyanytsya,1972-02-29,2,0,Ukraine,1,,0,10,0,4,0,,,,,,,https://www.transfermarkt.com/oleksandr-palyanytsya/profil/spieler/142526 https://tmapi.transfermarkt.technology/player/142526/national-career-history https://tmapi.transfermarkt.technology/player/142526/performance-game https://tmapi.transfermarkt.technology/transfer/history/player/142526,2026-09-30,"tm id: repo link (data/foot, data/positions); єврокубки в базі TM: 1997–2001"
w:1972-03-13:volosianko,Микола Волосянко,89,ЦСКА (Київ) 1995,3,2,76929,Mykola Volosyanko,1972-03-13,1,0,Ukraine,1,,0,15,5,0,0,,,,,,,https://www.transfermarkt.com/mykola-volosyanko/profil/spieler/76929 https://tmapi.transfermarkt.technology/player/76929/national-career-history https://tmapi.transfermarkt.technology/player/76929/performance-game https://tmapi.transfermarkt.technology/transfer/history/player/76929,2026-09-30,"tm id: repo link (data/foot, data/positions); єврокубки в базі TM: 1996–2002"
w:1972-04-03:shutkov,Дмитро Шутков,89,Шахтар (Донецьк) 1994,10,15,619988,Dobromir Mitov,1972-04-03,6,0,Bulgaria,0,,4,7,0,0,7,,,,,,,https://www.transfermarkt.com/dobromir-mitov/profil/spieler/619988 https://tmapi.transfermarkt.technology/player/619988/national-career-history https://tmapi.transfermarkt.technology/player/619988/performance-game https://tmapi.transfermarkt.technology/transfer/history/player/619988,2026-09-30,tm id: wikidata P2446 + dob; єврокубки в базі TM: 1993–1998
w:1972-05-04:medin,Микола Медін,89,Дніпро (Дніпропетровськ) 1992,8,0,24037,Mykola Medin,1972-05-04,0,0,,0,,8,12,0,0,0,,,,,,,https://www.transfermarkt.com/mykola-medin/profil/spieler/24037 https://tmapi.transfermarkt.technology/player/24037/national-career-history https://tmapi.transfermarkt.technology/player/24037/performance-game https://tmapi.transfermarkt.technology/transfer/history/player/24037,2026-09-30,tm id: wikidata P2446 + dob; єврокубки в базі TM: 1993–2006
w:1972-05-09:kobzar,Віталій Кобзар,89,Ворскла (Полтава) 1999,2,0,369492,Vitaliy Kobzar,1972-05-09,5,0,Kyrgyzstan,0,,0,11,0,4,0,,,,,,,https://www.transfermarkt.com/vitaliy-kobzar/profil/spieler/369492 https://tmapi.transfermarkt.technology/player/369492/national-career-history https://tmapi.transfermarkt.technology/player/369492/performance-game https://tmapi.transfermarkt.technology/transfer/history/player/369492,2026-09-30,tm id: wikidata P2446 + dob; єврокубки в базі TM: 1997–2001
w:1972-09-25:mizin,Сергій Мізін,89,ЦСКА (Київ) 1996,13,4,59869,Sergiy Mizin,1972-09-25,7,0,Ukraine,1,,0,16,4,2,0,200000,2007-12-11,8000,2004 Karpaty Lviv (-2021) → Arsenal Kyiv (-2019),,,https://www.transfermarkt.com/sergiy-mizin/profil/spieler/59869 https://tmapi.transfermarkt.technology/player/59869/national-career-history https://tmapi.transfermarkt.technology/player/59869/performance-game https://tmapi.transfermarkt.technology/transfer/history/player/59869,2026-09-30,"tm id: repo link (data/foot, data/positions); єврокубки в базі TM: 1993–2001"
w:1973-10-13:starostiak,Михайло Старостяк,89,Шахтар (Донецьк) 1999,6,9,14943,Mykhaylo Starostyak,1973-10-13,17,0,Ukraine,1,,0,39,5,0,1,50000,2004-10-04,,,,,https://www.transfermarkt.com/mykhaylo-starostyak/profil/spieler/14943 https://tmapi.transfermarkt.technology/player/14943/national-career-history https://tmapi.transfermarkt.technology/player/14943/performance-game https://tmapi.transfermarkt.technology/transfer/history/player/14943,2026-09-30,"tm id: repo link (data/foot, data/positions); єврокубки в базі TM: 1995–2005"
w:1973-11-11:kundenok,Олександр Кундєнок,89,Таврія (Сімферополь) 1994,4,0,305763,Aleksandr Kundenok,1973-11-11,0,0,,0,,2,0,0,0,0,,,,,,,https://www.transfermarkt.com/aleksandr-kundenok/profil/spieler/305763 https://tmapi.transfermarkt.technology/player/305763/national-career-history https://tmapi.transfermarkt.technology/player/305763/performance-game https://tmapi.transfermarkt.technology/transfer/history/player/305763,2026-09-30,tm id: wikidata P2446 + dob
w:1974-04-25:beno,Юрій Беньо,89,Карпати (Львів) 1997,2,1,59801,Yuriy Benyo,1974-04-25,0,0,,0,,0,4,0,1,0,400000,2007-12-11,,,,,https://www.transfermarkt.com/yuriy-benyo/profil/spieler/59801 https://tmapi.transfermarkt.technology/player/59801/national-career-history https://tmapi.transfermarkt.technology/player/59801/performance-game https://tmapi.transfermarkt.technology/transfer/history/player/59801,2026-09-30,tm id: wikidata P2446 + dob; єврокубки в базі TM: 1999–2000
w:1974-09-27:oksimets,Андрій Оксимець,89,Металург (Донецьк) 1997,1,0,367810,Andriy Oksymets,1974-09-27,0,0,,0,,0,1,0,0,0,,,,,,,https://www.transfermarkt.com/andriy-oksymets/profil/spieler/367810 https://tmapi.transfermarkt.technology/player/367810/national-career-history https://tmapi.transfermarkt.technology/player/367810/performance-game https://tmapi.transfermarkt.technology/transfer/history/player/367810,2026-09-30,tm id: wikidata P2446 + dob; єврокубки в базі TM: 2000–2001
w:1975-04-29:iashkin,Артем Яшкін,89,Динамо (Київ) 2000,3,4,66092,Artem Yashkin,1975-04-29,8,0,Ukraine,1,,0,16,8,0,2,300000,2008-01-09,,,,,https://www.transfermarkt.com/artem-yashkin/profil/spieler/66092 https://tmapi.transfermarkt.technology/player/66092/national-career-history https://tmapi.transfermarkt.technology/player/66092/performance-game https://tmapi.transfermarkt.technology/transfer/history/player/66092,2026-09-30,tm id: wikidata P2446 + dob; єврокубки в базі TM: 1998–2008
w:1975-11-02:osipov,Олексій Осіпов,89,Таврія (Сімферополь) 1998,2,0,43349,Aleksey Osipov,1975-11-02,0,0,,0,,0,2,0,0,2,50000,2008-12-10,,,,,https://www.transfermarkt.com/aleksey-osipov/profil/spieler/43349 https://tmapi.transfermarkt.technology/player/43349/national-career-history https://tmapi.transfermarkt.technology/player/43349/performance-game https://tmapi.transfermarkt.technology/transfer/history/player/43349,2026-09-30,tm id: wikidata P2446 + dob; єврокубки в базі TM: 2001–2002
w:1975-12-18:seleznov,Юрій Селезньов,89,Шахтар (Донецьк) 1997,2,3,92461,Yuriy Seleznyov,1975-12-18,0,0,,0,,9,22,0,4,0,,,,,,,https://www.transfermarkt.com/yuriy-seleznyov/profil/spieler/92461 https://tmapi.transfermarkt.technology/player/92461/national-career-history https://tmapi.transfermarkt.technology/player/92461/performance-game https://tmapi.transfermarkt.technology/transfer/history/player/92461,2026-09-30,tm id: wikidata P2446 + dob; єврокубки в базі TM: 1995–2003
w:1976-06-04:kernozenko,В'ячеслав Кернозенко,89,Арсенал (Київ) 2002,6,5,24022,Vyacheslav Kernozenko,1976-06-04,5,0,Ukraine,1,,8,30,0,0,0,2500000,2008-09-28,,,,,https://www.transfermarkt.com/vyacheslav-kernozenko/profil/spieler/24022 https://tmapi.transfermarkt.technology/player/24022/national-career-history https://tmapi.transfermarkt.technology/player/24022/performance-game https://tmapi.transfermarkt.technology/transfer/history/player/24022,2026-09-30,tm id: wikidata P2446 + dob; єврокубки в базі TM: 1998–2009
w:1976-11-24:flavius,Флавіус Стойкан,89,Шахтар (Донецьк) 2004,4,3,6446,Lorenzo Stovini,1976-11-24,0,0,,0,,0,4,0,0,4,2500000,2008-06-29,4000000,2001 Reggina 1914 → US Lecce,,,https://www.transfermarkt.com/lorenzo-stovini/profil/spieler/6446 https://tmapi.transfermarkt.technology/player/6446/national-career-history https://tmapi.transfermarkt.technology/player/6446/performance-game https://tmapi.transfermarkt.technology/transfer/history/player/6446,2026-09-30,tm id: wikidata P2446 + dob; єврокубки в базі TM: 1997–1998
w:1977-01-08:kostishin,Руслан Костишин,89,Дніпро (Дніпропетровськ) 2003,1,0,24025,Ruslan Kostyshyn,1977-01-08,0,0,,0,,3,34,0,3,0,800000,2008-10-19,,,300000,,https://www.transfermarkt.com/ruslan-kostyshyn/profil/spieler/24025 https://tmapi.transfermarkt.technology/player/24025/national-career-history https://tmapi.transfermarkt.technology/player/24025/performance-game https://tmapi.transfermarkt.technology/transfer/history/player/24025,2026-09-30,tm id: wikidata P2446 + dob; єврокубки в базі TM: 1998–2007
w:1977-04-02:koniushenko,Андрій Конюшенко,89,Металург (Запоріжжя) 1999,3,3,58050,Andriy Konyushenko,1977-04-02,0,0,,0,,0,9,0,0,0,750000,2009-02-08,,,,,https://www.transfermarkt.com/andriy-konyushenko/profil/spieler/58050 https://tmapi.transfermarkt.technology/player/58050/national-career-history https://tmapi.transfermarkt.technology/player/58050/performance-game https://tmapi.transfermarkt.technology/transfer/history/player/58050,2026-09-30,"tm id: repo link (data/foot, data/positions); єврокубки в базі TM: 2001–2009"
w:1978-04-26:andres,Андрес Мендоса,89,Металург (Донецьк) 2004,1,0,74433,Hernán Sarmiento,1978-04-26,0,0,,0,,0,1,0,0,1,,,,,,,https://www.transfermarkt.com/hernan-sarmiento/profil/spieler/74433 https://tmapi.transfermarkt.technology/player/74433/national-career-history https://tmapi.transfermarkt.technology/player/74433/performance-game https://tmapi.transfermarkt.technology/transfer/history/player/74433,2026-09-30,tm id: wikidata P2446 + dob; єврокубки в базі TM: 2003–2004
w:1978-12-13:melaschenko,Олександр Мелащенко,89,Динамо (Київ) 2001,2,4,9797,Oleksandr Melashchenko,1978-12-13,16,3,Ukraine,1,,0,35,10,11,0,1500000,2004-10-04,,,,UF #3 2001,https://www.transfermarkt.com/oleksandr-melashchenko/profil/spieler/9797 https://tmapi.transfermarkt.technology/player/9797/national-career-history https://tmapi.transfermarkt.technology/player/9797/performance-game https://tmapi.transfermarkt.technology/transfer/history/player/9797 https://en.wikipedia.org/wiki/Ukrainian_Footballer_of_the_Year,2026-09-30,"tm id: repo link (data/foot, data/positions); єврокубки в базі TM: 1998–2007; нагороди: частина зіставлена лише за іменем (у Wikidata немає TM id)"
w:1979-01-08:pletikosa,Стіпе Плетікоса,89,Шахтар (Донецьк) 2003,1,3,14937,Stipe Pletikosa,1979-01-08,114,0,Croatia,0,,42,41,1,2,34,6800000,2008-09-05,2500000,2007 Shakhtar Donetsk → Spartak Moscow,700000,,https://www.transfermarkt.com/stipe-pletikosa/profil/spieler/14937 https://tmapi.transfermarkt.technology/player/14937/national-career-history https://tmapi.transfermarkt.technology/player/14937/performance-game https://tmapi.transfermarkt.technology/transfer/history/player/14937,2026-09-30,tm id: wikidata P2446 + dob; єврокубки в базі TM: 1999–2015
w:1979-02-25:bodnar,Ласло Боднар,89,Динамо (Київ) 2001,3,3,9783,László Bodnár,1979-02-25,46,0,Hungary,0,,54,43,15,2,28,2000000,2009-04-16,400000,2006 Roda JC Kerkrade → Red Bull Salzburg,,,https://www.transfermarkt.com/laszlo-bodnar/profil/spieler/9783 https://tmapi.transfermarkt.technology/player/9783/national-career-history https://tmapi.transfermarkt.technology/player/9783/performance-game https://tmapi.transfermarkt.technology/transfer/history/player/9783,2026-09-30,"tm id: repo link (data/foot, data/positions); єврокубки в базі TM: 1998–2010"
w:1979-05-13:oleksenko,Олександр Олексієнко,89,Металург (Донецьк) 2003,1,1,23987,Oleksandr Oleksienko,1979-05-13,0,0,,0,,17,11,0,3,0,,,,,,,https://www.transfermarkt.com/oleksandr-oleksienko/profil/spieler/23987 https://tmapi.transfermarkt.technology/player/23987/national-career-history https://tmapi.transfermarkt.technology/player/23987/performance-game https://tmapi.transfermarkt.technology/transfer/history/player/23987,2026-09-30,"tm id: repo link (data/foot, data/positions); єврокубки в базі TM: 1998–2006"
w:1981-01-31:badr,Бадр Ель-Каддурі,89,Динамо (Київ) 2008,2,10,9790,Badr El Kaddouri,1981-01-31,48,0,Morocco,0,,4,46,18,0,0,5000000,2009-09-22,300000,2002 Wydad Casablanca → Dynamo Kyiv,,,https://www.transfermarkt.com/badr-el-kaddouri/profil/spieler/9790 https://tmapi.transfermarkt.technology/player/9790/national-career-history https://tmapi.transfermarkt.technology/player/9790/performance-game https://tmapi.transfermarkt.technology/transfer/history/player/9790,2026-09-30,"tm id: repo link (data/foot, data/positions); єврокубки в базі TM: 2002–2012"
w:1981-08-20:danilovski,Сергій Даниловський,89,Чорноморець (Одеса) 2006,1,0,48985,Sergiy Danylovskyi,1981-08-20,1,0,Ukraine,1,,17,8,0,0,0,800000,2007-10-13,,,,,https://www.transfermarkt.com/sergiy-danylovskyi/profil/spieler/48985 https://tmapi.transfermarkt.technology/player/48985/national-career-history https://tmapi.transfermarkt.technology/player/48985/performance-game https://tmapi.transfermarkt.technology/transfer/history/player/48985,2026-09-30,tm id: wikidata P2446 + dob; єврокубки в базі TM: 2006–2010
w:1981-11-22:danel,Северин Ганчаржик,89,Металіст (Харків) 2006,2,0,33176,Seweryn Gancarczyk,1981-11-22,7,0,Poland,0,,0,17,0,1,8,3200000,2009-02-08,300000,2009 Metalist Kharkiv (- 2016) → Lech Poznań,,,https://www.transfermarkt.com/seweryn-gancarczyk/profil/spieler/33176 https://tmapi.transfermarkt.technology/player/33176/national-career-history https://tmapi.transfermarkt.technology/player/33176/performance-game https://tmapi.transfermarkt.technology/transfer/history/player/33176,2026-09-30,tm id: wikidata P2446 + dob; єврокубки в базі TM: 2007–2011
w:1983-07-18:djihani,Паріт Джіхані,89,Зоря (Луганськ) 2008,1,0,54635,Parid Xhihani,1983-07-10,1,0,Albania,0,,13,10,0,1,,1200000,2009-03-21,,,,,https://www.transfermarkt.com/-/profil/spieler/54635 https://tmapi.transfermarkt.technology/player/54635/national-career-history https://tmapi.transfermarkt.technology/player/54635/performance-game https://tmapi.transfermarkt.technology/transfer/history/player/54635,2026-09-30,"tm id вручну (0.57): Parid Xhihani, 10.07.1983 (у нас 18.07): Зоря Луганськ 07.2008–08.2011 — як наші картки Зорі 2008–2010; єврокубки в базі TM: 2003–2008"
w:1983-08-12:djakomase,Клебер,89,Динамо (Київ) 2005,3,5,15880,Kléber,1983-08-12,0,0,,0,,7,65,10,20,50,4500000,2010-04-15,3000000,2010 Cruzeiro Esporte Clube → Sociedade Esportiva Palmeiras,,,https://www.transfermarkt.com/kleber/profil/spieler/15880 https://tmapi.transfermarkt.technology/player/15880/national-career-history https://tmapi.transfermarkt.technology/player/15880/performance-game https://tmapi.transfermarkt.technology/transfer/history/player/15880,2026-09-30,"tm id: repo link (data/foot, data/positions); єврокубки в базі TM: 2002–2016"
w:1983-11-21:emanuel,Еммануель Окодува,89,Арсенал (Київ) 2005,2,1,44360,Emmanuel Osei Okoduwa,1983-11-21,1,0,Nigeria,0,,0,1,0,0,0,1000000,2007-10-05,1000000,2006 Arsenal Kyiv (-2019) → Shakhtar Donetsk,200000,UPL top scorer 2005–06,https://www.transfermarkt.com/emmanuel-osei-okoduwa/profil/spieler/44360 https://tmapi.transfermarkt.technology/player/44360/national-career-history https://tmapi.transfermarkt.technology/player/44360/performance-game https://tmapi.transfermarkt.technology/transfer/history/player/44360 https://en.wikipedia.org/wiki/Template:Ukrainian_Premier_League_top_scorers,2026-09-30,"tm id: repo link (data/foot, data/positions); єврокубки в базі TM: 2006–2007"
tm:100163,Сергій Борзенко,88,Верес (Рівне) 2017,1,0,100163,Sergiy Borzenko,1986-06-22,0,0,,0,,0,0,0,0,0,400000,2018-01-12,,,,,https://www.transfermarkt.com/sergiy-borzenko/profil/spieler/100163 https://tmapi.transfermarkt.technology/player/100163/national-career-history https://tmapi.transfermarkt.technology/player/100163/performance-game https://tmapi.transfermarkt.technology/transfer/history/player/100163,2026-09-30,
tm:1041630,Проспер Оба,88,ЛНЗ (Черкаси) 2025,1,1,1041630,Prosper Obah,2003-11-24,0,0,,0,,0,1,0,0,0,4000000,2026-06-02,4500000,2026 LNZ Cherkasy → Shakhtar Donetsk,,,https://www.transfermarkt.com/prosper-obah/profil/spieler/1041630 https://tmapi.transfermarkt.technology/player/1041630/national-career-history https://tmapi.transfermarkt.technology/player/1041630/performance-game https://tmapi.transfermarkt.technology/transfer/history/player/1041630,2026-09-30,єврокубки в базі TM: 2025–2026
tm:104590,Рафаел Форстер,88,Зоря (Луганськ) 2016,2,0,104590,Rafael Forster,1990-07-23,0,0,,0,,1,24,0,3,18,1800000,2019-06-24,1200000,2017 Zorya Lugansk → Ludogorets Razgrad,,,https://www.transfermarkt.com/rafael-forster/profil/spieler/104590 https://tmapi.transfermarkt.technology/player/104590/national-career-history https://tmapi.transfermarkt.technology/player/104590/performance-game https://tmapi.transfermarkt.technology/transfer/history/player/104590,2026-09-30,єврокубки в базі TM: 2014–2020
tm:118022,Юнес Бельханда,88,Динамо (Київ) 2013,2,3,118022,Younès Belhanda,1990-02-25,59,5,Morocco,0,,4,54,16,5,35,14000000,2013-05-30,10000000,2017 Dynamo Kyiv → Galatasaray,,,https://www.transfermarkt.com/younes-belhanda/profil/spieler/118022 https://tmapi.transfermarkt.technology/player/118022/national-career-history https://tmapi.transfermarkt.technology/player/118022/performance-game https://tmapi.transfermarkt.technology/transfer/history/player/118022,2026-09-30,єврокубки в базі TM: 2010–2024
tm:124182,Сергій Сидорчук,88,Динамо (Київ) 2016,3,12,124182,Sergiy Sydorchuk,1991-05-02,62,3,Ukraine,1,,18,83,21,2,0,5000000,2022-05-18,700000,2023 Dynamo Kyiv → KVC Westerlo,,,https://www.transfermarkt.com/sergiy-sydorchuk/profil/spieler/124182 https://tmapi.transfermarkt.technology/player/124182/national-career-history https://tmapi.transfermarkt.technology/player/124182/performance-game https://tmapi.transfermarkt.technology/transfer/history/player/124182,2026-09-30,єврокубки в базі TM: 2013–2024
tm:140676,Кирило Ковалець,88,Олександрія 2018,3,0,140676,Kyrylo Kovalets,1993-07-02,0,0,,0,,8,7,0,0,0,1200000,2020-01-08,,,,,https://www.transfermarkt.com/kyrylo-kovalets/profil/spieler/140676 https://tmapi.transfermarkt.technology/player/140676/national-career-history https://tmapi.transfermarkt.technology/player/140676/performance-game https://tmapi.transfermarkt.technology/transfer/history/player/140676,2026-09-30,єврокубки в базі TM: 2019–2026
tm:155964,Андрій Цуріков,88,Олександрія 2018,3,2,155964,Andriy Tsurikov,1992-10-05,0,0,,0,,23,5,0,0,0,800000,2019-06-20,,,,,https://www.transfermarkt.com/andriy-tsurikov/profil/spieler/155964 https://tmapi.transfermarkt.technology/player/155964/national-career-history https://tmapi.transfermarkt.technology/player/155964/performance-game https://tmapi.transfermarkt.technology/transfer/history/player/155964,2026-09-30,єврокубки в базі TM: 2016–2018
tm:157373,Владлен Юрченко,88,Зоря (Луганськ) 2020,2,0,157373,Vladlen Yurchenko,1994-01-22,0,0,,0,,65,19,3,3,6,2500000,2021-06-07,255000,2014 Shakhtar-3 Donetsk → Bayer 04 Leverkusen,,,https://www.transfermarkt.com/vladlen-yurchenko/profil/spieler/157373 https://tmapi.transfermarkt.technology/player/157373/national-career-history https://tmapi.transfermarkt.technology/player/157373/performance-game https://tmapi.transfermarkt.technology/transfer/history/player/157373,2026-09-30,єврокубки в базі TM: 2015–2024
tm:19702,Владимир Дишленкович,88,Металіст (Харків) 2010,3,0,19702,Vladimir Disljenkovic,1981-07-02,7,0,Serbia,0,Serbia and Montenegro 1/0,6,37,0,0,18,2200000,2009-09-21,,,,,https://www.transfermarkt.com/vladimir-disljenkovic/profil/spieler/19702 https://tmapi.transfermarkt.technology/player/19702/national-career-history https://tmapi.transfermarkt.technology/player/19702/performance-game https://tmapi.transfermarkt.technology/transfer/history/player/19702,2026-09-30,єврокубки в базі TM: 2001–2015
tm:203842,Віктор Коваленко,88,Шахтар (Донецьк) 2018,3,7,203842,Viktor Kovalenko,1996-02-14,33,0,Ukraine,1,,49,48,24,6,0,6000000,2021-01-14,600000,2021 Shakhtar Donetsk → Atalanta BC,100000,,https://www.transfermarkt.com/viktor-kovalenko/profil/spieler/203842 https://tmapi.transfermarkt.technology/player/203842/national-career-history https://tmapi.transfermarkt.technology/player/203842/performance-game https://tmapi.transfermarkt.technology/transfer/history/player/203842,2026-09-30,єврокубки в базі TM: 2015–2021
tm:213865,Микита Бурда,88,Динамо (Київ) 2018,2,6,213865,Mykyta Burda,1995-03-24,8,0,Ukraine,1,,30,26,1,0,0,3500000,2020-01-08,,,,,https://www.transfermarkt.com/mykyta-burda/profil/spieler/213865 https://tmapi.transfermarkt.technology/player/213865/national-career-history https://tmapi.transfermarkt.technology/player/213865/performance-game https://tmapi.transfermarkt.technology/transfer/history/player/213865,2026-09-30,єврокубки в базі TM: 2014–2023
tm:24049,Руслан Ротань,88,Дніпро (Дніпропетровськ) 2013,6,4,24049,Ruslan Rotan,1981-10-29,100,8,Ukraine,1,,12,74,4,8,6,4000000,2010-08-28,4200000,2005 Dnipro Dnipropetrovsk (- 2020) → Dynamo Kyiv,,UF #3 2005; UF #2 2012; UF #3 2014; UF #1 2016,https://www.transfermarkt.com/ruslan-rotan/profil/spieler/24049 https://tmapi.transfermarkt.technology/player/24049/national-career-history https://tmapi.transfermarkt.technology/player/24049/performance-game https://tmapi.transfermarkt.technology/transfer/history/player/24049 https://en.wikipedia.org/wiki/Ukrainian_Footballer_of_the_Year,2026-09-30,єврокубки в базі TM: 2003–2018
tm:248932,Владислав Кочергін,88,Зоря (Луганськ) 2019,4,0,248932,Vladyslav Kochergin,1996-04-30,1,0,Ukraine,1,,14,48,0,7,26,2500000,2025-06-06,,,,,https://www.transfermarkt.com/vladyslav-kochergin/profil/spieler/248932 https://tmapi.transfermarkt.technology/player/248932/national-career-history https://tmapi.transfermarkt.technology/player/248932/performance-game https://tmapi.transfermarkt.technology/transfer/history/player/248932,2026-09-30,єврокубки в базі TM: 2017–2027
tm:254985,Таулант Сефері,88,Ворскла (Полтава) 2022,1,0,254985,Taulant Seferi,1996-11-15,30,3,Albania,0,North Macedonia 2/0,32,13,0,0,13,3500000,2024-10-04,1500000,2024 Vorskla Poltava → Bodrum FK,250000,,https://www.transfermarkt.com/taulant-seferi/profil/spieler/254985 https://tmapi.transfermarkt.technology/player/254985/national-career-history https://tmapi.transfermarkt.technology/player/254985/performance-game https://tmapi.transfermarkt.technology/transfer/history/player/254985,2026-09-30,єврокубки в базі TM: 2014–2023
tm:261550,Неманя Анджушич,88,Зоря (Луганськ) 2025,1,0,261550,Nemanja Andjusic,1996-10-17,0,0,,0,,17,13,0,1,13,750000,2026-06-02,50000,2019 FK Mladost Doboj-Kakanj → Trabzonspor,,,https://www.transfermarkt.com/nemanja-andjusic/profil/spieler/261550 https://tmapi.transfermarkt.technology/player/261550/national-career-history https://tmapi.transfermarkt.technology/player/261550/performance-game https://tmapi.transfermarkt.technology/transfer/history/player/261550,2026-09-30,єврокубки в базі TM: 2017–2025
tm:35245,Матеус,88,Дніпро (Дніпропетровськ) 2013,3,0,35245,Matheus,1983-01-15,0,0,,0,,0,53,6,14,24,3500000,2014-06-30,1000000,2011 SC Braga → Dnipro Dnipropetrovsk (- 2020),,,https://www.transfermarkt.com/matheus/profil/spieler/35245 https://tmapi.transfermarkt.technology/player/35245/national-career-history https://tmapi.transfermarkt.technology/player/35245/performance-game https://tmapi.transfermarkt.technology/transfer/history/player/35245,2026-09-30,єврокубки в базі TM: 2007–2016
tm:36371,Нікола Калинич,88,Дніпро (Дніпропетровськ) 2014,2,0,36371,Nikola Kalinić,1988-01-05,42,15,Croatia,0,,42,63,3,16,32,20000000,2017-06-08,22500000,2018 ACF Fiorentina → AC Milan,5000000,,https://www.transfermarkt.com/nikola-kalinic/profil/spieler/36371 https://tmapi.transfermarkt.technology/player/36371/national-career-history https://tmapi.transfermarkt.technology/player/36371/performance-game https://tmapi.transfermarkt.technology/transfer/history/player/36371,2026-09-30,єврокубки в базі TM: 2007–2023
tm:366723,Владислав Дубинчак,88,Динамо (Київ) 2024,2,4,366723,Vladyslav Dubinchak,1998-07-01,0,0,,0,,29,35,0,0,0,3000000,2025-06-10,,,,,https://www.transfermarkt.com/vladyslav-dubinchak/profil/spieler/366723 https://tmapi.transfermarkt.technology/player/366723/national-career-history https://tmapi.transfermarkt.technology/player/366723/performance-game https://tmapi.transfermarkt.technology/transfer/history/player/366723,2026-09-30,єврокубки в базі TM: 2022–2027
tm:417228,Данило Сікан,88,Шахтар (Донецьк) 2023,3,5,417228,Danylo Sikan,2001-04-16,9,2,Ukraine,1,,64,30,16,10,7,7000000,2024-06-06,6000000,2025 Shakhtar Donetsk → Trabzonspor,,,https://www.transfermarkt.com/danylo-sikan/profil/spieler/417228 https://tmapi.transfermarkt.technology/player/417228/national-career-history https://tmapi.transfermarkt.technology/player/417228/performance-game https://tmapi.transfermarkt.technology/transfer/history/player/417228,2026-09-30,єврокубки в базі TM: 2019–2027
tm:42621,Віталі Бордіян,88,Металіст (Харків) 2006,4,0,42621,Vitalie Bordian,1984-08-11,49,1,Moldova,0,,30,21,0,0,3,2000000,2009-09-24,,,,,https://www.transfermarkt.com/vitalie-bordian/profil/spieler/42621 https://tmapi.transfermarkt.technology/player/42621/national-career-history https://tmapi.transfermarkt.technology/player/42621/performance-game https://tmapi.transfermarkt.technology/transfer/history/player/42621,2026-09-30,єврокубки в базі TM: 2007–2018
tm:43276,Жуніор,88,Таврія (Сімферополь) 2004,1,0,43276,Juninho,1978-09-20,0,0,,0,,0,2,0,1,2,700000,2008-10-09,500000,2006 SC Tavriya Simferopol (-2022) → Legia Warszawa,,,https://www.transfermarkt.com/juninho/profil/spieler/43276 https://tmapi.transfermarkt.technology/player/43276/national-career-history https://tmapi.transfermarkt.technology/player/43276/performance-game https://tmapi.transfermarkt.technology/transfer/history/player/43276,2026-09-30,єврокубки в базі TM: 2006–2007
tm:44357,Олександр Кучер,88,Шахтар (Донецьк) 2011,5,11,44357,Oleksandr Kucher,1982-10-22,57,2,Ukraine,1,,0,85,45,1,2,4000000,2012-07-02,,,,,https://www.transfermarkt.com/oleksandr-kucher/profil/spieler/44357 https://tmapi.transfermarkt.technology/player/44357/national-career-history https://tmapi.transfermarkt.technology/player/44357/performance-game https://tmapi.transfermarkt.technology/transfer/history/player/44357,2026-09-30,єврокубки в базі TM: 2003–2017
tm:44361,Олексій Гай,88,Маріуполь / Іллічівець 2005,3,11,44361,Oleksiy Gay,1982-11-06,29,1,Ukraine,1,,21,68,11,7,14,3250000,2010-02-16,,,,,https://www.transfermarkt.com/oleksiy-gay/profil/spieler/44361 https://tmapi.transfermarkt.technology/player/44361/national-career-history https://tmapi.transfermarkt.technology/player/44361/performance-game https://tmapi.transfermarkt.technology/transfer/history/player/44361,2026-09-30,єврокубки в базі TM: 2002–2016
tm:49008,Віталій Мандзюк,88,Дніпро (Дніпропетровськ) 2010,2,4,49008,Vitaliy Mandzyuk,1986-01-24,24,1,Ukraine,1,,12,20,1,1,0,3000000,2014-01-02,350000,2010 Dynamo Kyiv → Dnipro Dnipropetrovsk (- 2020),,,https://www.transfermarkt.com/vitaliy-mandzyuk/profil/spieler/49008 https://tmapi.transfermarkt.technology/player/49008/national-career-history https://tmapi.transfermarkt.technology/player/49008/performance-game https://tmapi.transfermarkt.technology/transfer/history/player/49008,2026-09-30,єврокубки в базі TM: 2006–2014
tm:502842,Едуардо Герреро,88,Зоря (Луганськ) 2023,2,2,502842,Eduardo Guerrero,2000-02-21,22,3,Panama,0,,8,41,0,5,15,3000000,2025-12-18,2500000,2024 Zorya Lugansk → Dynamo Kyiv,,,https://www.transfermarkt.com/eduardo-guerrero/profil/spieler/502842 https://tmapi.transfermarkt.technology/player/502842/national-career-history https://tmapi.transfermarkt.technology/player/502842/performance-game https://tmapi.transfermarkt.technology/transfer/history/player/502842,2026-09-30,єврокубки в базі TM: 2017–2027
tm:522833,Андрій Понєдєльнік,88,Кривбас (Кривий Ріг) 2023,2,0,522833,Andriy Ponedelnik,1997-02-28,0,0,,0,,0,3,0,0,0,1000000,2025-12-18,,,,,https://www.transfermarkt.com/andriy-ponedelnik/profil/spieler/522833 https://tmapi.transfermarkt.technology/player/522833/national-career-history https://tmapi.transfermarkt.technology/player/522833/performance-game https://tmapi.transfermarkt.technology/transfer/history/player/522833,2026-09-30,єврокубки в базі TM: 2024–2025
tm:539738,Олег Горін,88,ЛНЗ (Черкаси) 2025,1,0,539738,Oleg Gorin,2000-02-02,0,0,,0,,10,4,0,0,1,1200000,2026-06-02,,,,,https://www.transfermarkt.com/oleg-gorin/profil/spieler/539738 https://tmapi.transfermarkt.technology/player/539738/national-career-history https://tmapi.transfermarkt.technology/player/539738/performance-game https://tmapi.transfermarkt.technology/transfer/history/player/539738,2026-09-30,єврокубки в базі TM: 2023–2027
tm:54375,Джуліано,88,Дніпро (Дніпропетровськ) 2013,2,0,54375,Giuliano,1990-05-31,14,0,Brazil,0,,18,88,5,24,71,14000000,2020-01-07,11000000,2011 Sport Club Internacional → Dnipro Dnipropetrovsk (- 2020),,,https://www.transfermarkt.com/giuliano/profil/spieler/54375 https://tmapi.transfermarkt.technology/player/54375/national-career-history https://tmapi.transfermarkt.technology/player/54375/performance-game https://tmapi.transfermarkt.technology/transfer/history/player/54375,2026-09-30,єврокубки в базі TM: 2008–2023
tm:584083,Бруніньйо,88,Карпати (Львів) 2025,2,0,584083,Bruninho,2000-04-27,0,0,,0,,0,2,0,0,2,1800000,2026-09-08,1700000,2026 Karpaty Lviv → Maccabi Haifa,200000,,https://www.transfermarkt.com/bruninho/profil/spieler/584083 https://tmapi.transfermarkt.technology/player/584083/national-career-history https://tmapi.transfermarkt.technology/player/584083/performance-game https://tmapi.transfermarkt.technology/transfer/history/player/584083,2026-09-30,єврокубки в базі TM: 2017–2019
tm:58425,Ігор Ощипко,88,Карпати (Львів) 2009,1,1,58425,Igor Oshchypko,1985-10-25,3,0,Ukraine,1,,0,7,0,1,0,1200000,2011-07-04,,,,,https://www.transfermarkt.com/igor-oshchypko/profil/spieler/58425 https://tmapi.transfermarkt.technology/player/58425/national-career-history https://tmapi.transfermarkt.technology/player/58425/performance-game https://tmapi.transfermarkt.technology/transfer/history/player/58425,2026-09-30,єврокубки в базі TM: 2010–2012
tm:64313,Тамаш Кадар,88,Динамо (Київ) 2017,2,4,64313,Tamás Kádár,1990-03-14,57,1,Hungary,0,,22,48,0,0,18,4500000,2019-06-20,4000000,2020 Dynamo Kyiv → Shandong Taishan,834628,,https://www.transfermarkt.com/tamas-kadar/profil/spieler/64313 https://tmapi.transfermarkt.technology/player/64313/national-career-history https://tmapi.transfermarkt.technology/player/64313/performance-game https://tmapi.transfermarkt.technology/transfer/history/player/64313,2026-09-30,єврокубки в базі TM: 2007–2020
tm:69004,Євген Хачеріді,88,Динамо (Київ) 2011,6,9,69004,Yevgen Khacheridi,1987-07-28,51,3,Ukraine,1,,0,74,23,1,9,9000000,2014-12-25,700000,2008 Volyn Lutsk → Dynamo Kyiv U21,,Komanda #3 2015,https://www.transfermarkt.com/yevgen-khacheridi/profil/spieler/69004 https://tmapi.transfermarkt.technology/player/69004/national-career-history https://tmapi.transfermarkt.technology/player/69004/performance-game https://tmapi.transfermarkt.technology/transfer/history/player/69004 https://en.wikipedia.org/wiki/Ukrainian_Footballer_of_the_Year,2026-09-30,єврокубки в базі TM: 2009–2021
tm:75615,Дуглас Коста,88,Шахтар (Донецьк) 2011,4,6,75615,Douglas Costa,1990-09-14,31,3,Brazil,0,,12,99,76,13,61,55000000,2018-06-07,40000000,2018 Bayern Munich → Juventus FC,6000000,,https://www.transfermarkt.com/douglas-costa/profil/spieler/75615 https://tmapi.transfermarkt.technology/player/75615/national-career-history https://tmapi.transfermarkt.technology/player/75615/performance-game https://tmapi.transfermarkt.technology/transfer/history/player/75615,2026-09-30,єврокубки в базі TM: 2008–2025
tm:771914,Євген Павлюк,88,Металіст 1925 (Харків) 2025,1,0,771914,Yevgen Pavlyuk,2002-08-18,0,0,,0,,10,2,0,0,0,1500000,2026-06-02,520000,2025 Vorskla Poltava → FC Kharkiv,,,https://www.transfermarkt.com/yevgen-pavlyuk/profil/spieler/771914 https://tmapi.transfermarkt.technology/player/771914/national-career-history https://tmapi.transfermarkt.technology/player/771914/performance-game https://tmapi.transfermarkt.technology/transfer/history/player/771914,2026-09-30,єврокубки в базі TM: 2023–2024
tm:80312,Микита Шевченко,88,Зоря (Луганськ) 2015,4,2,80312,Mykyta Shevchenko,1993-01-26,0,0,,0,,15,24,0,0,0,2500000,2016-07-21,,,,,https://www.transfermarkt.com/mykyta-shevchenko/profil/spieler/80312 https://tmapi.transfermarkt.technology/player/80312/national-career-history https://tmapi.transfermarkt.technology/player/80312/performance-game https://tmapi.transfermarkt.technology/transfer/history/player/80312,2026-09-30,єврокубки в базі TM: 2014–2026
w:1965-08-12:tiapushkin,Дмитро Тяпушкін,88,Нива (Тернопіль) 1993,2,0,155420,Dmitriy Tyapushkin,1964-11-06,7,0,Ukraine,1,,0,21,6,0,,,,,,,,https://www.transfermarkt.com/-/profil/spieler/155420 https://tmapi.transfermarkt.technology/player/155420/national-career-history https://tmapi.transfermarkt.technology/player/155420/performance-game https://tmapi.transfermarkt.technology/transfer/history/player/155420,2026-09-30,"tm id вручну (0.57): Тяпушкин Дмитрий Альбертович, 06.11.1964 (у нас 12.08.1965 — з uk-вікі): Нива Т 1991–07.1994 → Спартак Москва — як наші картки Ниви 1992–1993; інших Тяпушкіних на TM немає; єврокубки в базі TM: 1994–1999"
w:1965-10-03:martinkenas,Вальдемарас Мартінкенас,88,Динамо (Київ) 1992,1,1,187546,Valdemaras Martinkenas,1965-03-10,19,0,Lithuania,0,,0,12,0,0,,,,,,,,https://www.transfermarkt.com/-/profil/spieler/187546 https://tmapi.transfermarkt.technology/player/187546/national-career-history https://tmapi.transfermarkt.technology/player/187546/performance-game https://tmapi.transfermarkt.technology/transfer/history/player/187546,2026-09-30,"tm id вручну (0.57): Valdemaras Martinkenas, 10.03.1965 (у нас 03.10 — день і місяць переставлені): Жальгіріс → Динамо Київ 1991–1994; єврокубки в базі TM: 1989–2000"
w:1968-02-28:kovtun,Андрій Ковтун,88,Ворскла (Полтава) 1996,6,3,190291,Andriy Kovtun,1968-02-28,2,0,Ukraine,1,,23,13,0,0,0,,,,,,,https://www.transfermarkt.com/andriy-kovtun/profil/spieler/190291 https://tmapi.transfermarkt.technology/player/190291/national-career-history https://tmapi.transfermarkt.technology/player/190291/performance-game https://tmapi.transfermarkt.technology/transfer/history/player/190291,2026-09-30,tm id: wikidata P2446 + dob; єврокубки в базі TM: 1997–2001
w:1968-05-24:homin,Андрій Хомин,88,Динамо (Київ) 1994,2,3,96458,Andriy Khomyn,1968-05-24,8,1,Ukraine,1,Turkmenistan 2/1,0,18,4,0,0,,,,,,,https://www.transfermarkt.com/andriy-khomyn/profil/spieler/96458 https://tmapi.transfermarkt.technology/player/96458/national-career-history https://tmapi.transfermarkt.technology/player/96458/performance-game https://tmapi.transfermarkt.technology/transfer/history/player/96458,2026-09-30,"tm id: repo link (data/foot, data/positions); єврокубки в базі TM: 1994–1999"
w:1968-07-01:jabchenko,Ігор Жабченко,88,Чорноморець (Одеса) 1994,2,1,174870,Igor Zhabchenko,1968-07-01,11,0,Ukraine,1,,0,14,0,0,7,,,,,,,https://www.transfermarkt.com/igor-zhabchenko/profil/spieler/174870 https://tmapi.transfermarkt.technology/player/174870/national-career-history https://tmapi.transfermarkt.technology/player/174870/performance-game https://tmapi.transfermarkt.technology/transfer/history/player/174870,2026-09-30,tm id: wikidata P2446 + dob; єврокубки в базі TM: 1994–1998
w:1968-10-25:chuichenko,Сергій Чуйченко,88,Ворскла (Полтава) 1996,2,0,858005,Sergiy Chuychenko,1968-10-25,0,0,,0,,0,9,0,3,,,,,,,,https://www.transfermarkt.com/-/profil/spieler/858005 https://tmapi.transfermarkt.technology/player/858005/national-career-history https://tmapi.transfermarkt.technology/player/858005/performance-game https://tmapi.transfermarkt.technology/transfer/history/player/858005,2026-09-30,"tm id вручну (0.57): Чуйченко Сергій Олександрович, 25.10.1968: Дніпро 1995, Ворскла 1996–1999, Олександрія 2000–2003, Металіст 2003 — як наші картки; єврокубки в базі TM: 1997–1999"
w:1968-12-08:maksimov,Юрій Максимов,88,Динамо (Київ) 1994,8,4,531,Yuriy Maksymov,1968-12-08,27,5,Ukraine,1,,0,33,4,11,16,,,750000,1997 Dynamo Kyiv → SV Werder Bremen,,Komanda #2 1996; UF #3 1996,https://www.transfermarkt.com/yuriy-maksymov/profil/spieler/531 https://tmapi.transfermarkt.technology/player/531/national-career-history https://tmapi.transfermarkt.technology/player/531/performance-game https://tmapi.transfermarkt.technology/transfer/history/player/531 https://en.wikipedia.org/wiki/Ukrainian_Footballer_of_the_Year,2026-09-30,"tm id: repo link (data/foot, data/positions); єврокубки в базі TM: 1993–2001; нагороди: частина зіставлена лише за іменем (у Wikidata немає TM id)"
w:1970-08-18:pantilov,Віталій Пантілов,88,Маріуполь / Іллічівець 1998,3,0,883858,Vitaliy Pantilov,1970-08-18,0,0,,0,,0,0,0,0,0,,,,,,,https://www.transfermarkt.com/vitaliy-pantilov/profil/spieler/883858 https://tmapi.transfermarkt.technology/player/883858/national-career-history https://tmapi.transfermarkt.technology/player/883858/performance-game https://tmapi.transfermarkt.technology/transfer/history/player/883858,2026-09-30,tm id: transfermarkt search + dob
w:1970-08-19:muschinka,Анатолій Мущинка,88,Металург (Запоріжжя) 1992,1,0,1003,Anatoliy Mushchynka,1970-08-19,1,0,Ukraine,1,,14,0,0,0,0,75000,2004-10-04,,,,,https://www.transfermarkt.com/anatoliy-mushchynka/profil/spieler/1003 https://tmapi.transfermarkt.technology/player/1003/national-career-history https://tmapi.transfermarkt.technology/player/1003/performance-game https://tmapi.transfermarkt.technology/transfer/history/player/1003,2026-09-30,tm id: wikidata P2446 + dob
w:1971-03-05:polunin,Андрій Полунін,88,Дніпро (Дніпропетровськ) 1992,4,0,2715,Andriy Polunin,1971-03-05,9,1,Ukraine,1,,0,4,0,0,0,,,500000,1998 Karpaty Lviv (-2021) → 1.FC Nuremberg,50000,UF #2 1992,https://www.transfermarkt.com/andriy-polunin/profil/spieler/2715 https://tmapi.transfermarkt.technology/player/2715/national-career-history https://tmapi.transfermarkt.technology/player/2715/performance-game https://tmapi.transfermarkt.technology/transfer/history/player/2715 https://en.wikipedia.org/wiki/Ukrainian_Footballer_of_the_Year,2026-09-30,tm id: wikidata P2446 + dob; єврокубки в базі TM: 1993–1994
w:1971-05-06:iakovenko,Дмитро Яковенко,88,Дніпро (Дніпропетровськ) 1992,1,0,524420,Dmytro Yakovenko,1971-05-06,1,0,Ukraine,1,,0,2,0,0,0,,,,,,,https://www.transfermarkt.com/dmytro-yakovenko/profil/spieler/524420 https://tmapi.transfermarkt.technology/player/524420/national-career-history https://tmapi.transfermarkt.technology/player/524420/performance-game https://tmapi.transfermarkt.technology/transfer/history/player/524420,2026-09-30,"tm id: repo link (data/foot, data/positions); єврокубки в базі TM: 1993–1994"
w:1971-08-04:lejentsev,Сергій Леженцев,88,Динамо (Київ) 1994,2,2,156498,Sergey Lezhentsev,1971-08-04,7,0,Ukraine,1,,0,20,6,0,0,,,,,,,https://www.transfermarkt.com/sergey-lezhentsev/profil/spieler/156498 https://tmapi.transfermarkt.technology/player/156498/national-career-history https://tmapi.transfermarkt.technology/player/156498/performance-game https://tmapi.transfermarkt.technology/transfer/history/player/156498,2026-09-30,"tm id: repo link (data/foot, data/positions); єврокубки в базі TM: 1994–1999"
w:1972-01-08:atelkin,Сергій Ателькін,88,Шахтар (Донецьк) 2000,6,9,59956,Sergiy Atelkin,1972-01-08,2,0,Ukraine,1,,0,22,6,12,0,,,,,,,https://www.transfermarkt.com/sergiy-atelkin/profil/spieler/59956 https://tmapi.transfermarkt.technology/player/59956/national-career-history https://tmapi.transfermarkt.technology/player/59956/performance-game https://tmapi.transfermarkt.technology/transfer/history/player/59956,2026-09-30,"tm id: repo link (data/foot, data/positions); єврокубки в базі TM: 1994–2002"
w:1972-11-18:skachenko,Сергій Скаченко,88,Темп (Шепетівка) 1993,1,2,4912,Sergiy Skachenko,1972-11-18,17,3,Ukraine,1,,2,8,3,1,1,,,,,,,https://www.transfermarkt.com/sergiy-skachenko/profil/spieler/4912 https://tmapi.transfermarkt.technology/player/4912/national-career-history https://tmapi.transfermarkt.technology/player/4912/performance-game https://tmapi.transfermarkt.technology/transfer/history/player/4912,2026-09-30,tm id: wikidata P2446 + dob; єврокубки в базі TM: 1992–1996
w:1973-01-14:kardash,Василь Кардаш,88,Чорноморець (Одеса) 1995,1,5,27154,Vasyl Kardash,1973-01-14,14,0,Ukraine,1,,7,26,11,1,2,,,,,,,https://www.transfermarkt.com/vasyl-kardash/profil/spieler/27154 https://tmapi.transfermarkt.technology/player/27154/national-career-history https://tmapi.transfermarkt.technology/player/27154/performance-game https://tmapi.transfermarkt.technology/transfer/history/player/27154,2026-09-30,"tm id: repo link (data/foot, data/positions); єврокубки в базі TM: 1993–2003"
w:1973-08-11:kosovski,Віталій Косовський,88,Динамо (Київ) 1994,2,8,117021,Vitaliy Kosovskyi,1973-08-11,25,2,Ukraine,1,,16,41,28,3,0,,,,,,,https://www.transfermarkt.com/vitaliy-kosovskyi/profil/spieler/117021 https://tmapi.transfermarkt.technology/player/117021/national-career-history https://tmapi.transfermarkt.technology/player/117021/performance-game https://tmapi.transfermarkt.technology/transfer/history/player/117021,2026-09-30,"tm id: repo link (data/foot, data/positions); єврокубки в базі TM: 1994–2000"
w:1974-09-27:mochuliak,Олег Мочуляк,88,Нива (Тернопіль) 1993,2,0,128014,Oleg Mochulyak,1974-09-24,0,0,,0,,5,11,0,0,,25000,2009-10-20,,,,,https://www.transfermarkt.com/-/profil/spieler/128014 https://tmapi.transfermarkt.technology/player/128014/national-career-history https://tmapi.transfermarkt.technology/player/128014/performance-game https://tmapi.transfermarkt.technology/transfer/history/player/128014,2026-09-30,"tm id вручну (0.57): Мочуляк Олег Леонідович, 24.09.1974 (у нас 27.09): Нива Т, Чорноморець 1999–2000, Таврія 2001 — як наші картки; єврокубки в базі TM: 1995–2003"
w:1975-09-14:kostiuk,Ігор Костюк,88,Ворскла (Полтава) 1998,2,3,27162,Igor Kostyuk,1975-09-14,1,0,Ukraine,1,,1,10,1,0,0,,,,,,,https://www.transfermarkt.com/igor-kostyuk/profil/spieler/27162 https://tmapi.transfermarkt.technology/player/27162/national-career-history https://tmapi.transfermarkt.technology/player/27162/performance-game https://tmapi.transfermarkt.technology/transfer/history/player/27162,2026-09-30,tm id: wikidata P2446 + dob; єврокубки в базі TM: 1997–2001
w:1975-12-10:dotsenko,Віктор Доценко,88,Ворскла (Полтава) 1999,1,0,134509,Viktor Dotsenko,1975-12-10,0,0,,0,,0,4,0,0,0,,,,,,,https://www.transfermarkt.com/viktor-dotsenko/profil/spieler/134509 https://tmapi.transfermarkt.technology/player/134509/national-career-history https://tmapi.transfermarkt.technology/player/134509/performance-game https://tmapi.transfermarkt.technology/transfer/history/player/134509,2026-09-30,tm id: wikidata P2446 + dob; єврокубки в базі TM: 1996–2001
w:1977-01-15:platonov,Валентин Платонов,88,Кривбас (Кривий Ріг) 1997,1,0,58220,Valentyn Platonov,1977-01-15,0,0,,0,,10,9,0,1,0,250000,2010-02-22,,,,,https://www.transfermarkt.com/valentyn-platonov/profil/spieler/58220 https://tmapi.transfermarkt.technology/player/58220/national-career-history https://tmapi.transfermarkt.technology/player/58220/performance-game https://tmapi.transfermarkt.technology/transfer/history/player/58220,2026-09-30,tm id: wikidata P2446 + dob; єврокубки в базі TM: 1999–2005
w:1977-02-04:iaksmanitski,Володимир Яксманицький,88,Металург (Донецьк) 2000,2,4,58167,Volodymyr Yaksmanytskyi,1977-02-04,0,0,,0,,18,16,0,1,0,,,,,,,https://www.transfermarkt.com/volodymyr-yaksmanytskyi/profil/spieler/58167 https://tmapi.transfermarkt.technology/player/58167/national-career-history https://tmapi.transfermarkt.technology/player/58167/performance-game https://tmapi.transfermarkt.technology/transfer/history/player/58167,2026-09-30,"tm id: repo link (data/foot, data/positions); єврокубки в базі TM: 1996–2005"
w:1977-06-03:hihiadze,Васіл Гігіадзе,88,Кривбас (Кривий Ріг) 2006,5,0,57878,Vasil Gigiadze,1977-06-03,6,0,Georgia,0,,0,11,0,3,2,550000,2008-10-02,,,,,https://www.transfermarkt.com/vasil-gigiadze/profil/spieler/57878 https://tmapi.transfermarkt.technology/player/57878/national-career-history https://tmapi.transfermarkt.technology/player/57878/performance-game https://tmapi.transfermarkt.technology/transfer/history/player/57878,2026-09-30,"tm id: repo link (data/foot, data/positions); єврокубки в базі TM: 1999–2011"
w:1977-06-23:pershin,Олександр Першин,88,Арсенал (Київ) 2002,3,0,43352,Oleksandr Pershin,1977-06-23,0,0,,0,,9,4,0,0,0,750000,2007-12-11,,,,,https://www.transfermarkt.com/oleksandr-pershin/profil/spieler/43352 https://tmapi.transfermarkt.technology/player/43352/national-career-history https://tmapi.transfermarkt.technology/player/43352/performance-game https://tmapi.transfermarkt.technology/transfer/history/player/43352,2026-09-30,tm id: wikidata P2446 + dob; єврокубки в базі TM: 2000–2001
w:1978-04-21:fernandes,Рікардо Фернандес,88,Металург (Донецьк) 2008,2,0,9833,Ricardo Fernandes,1978-04-21,0,0,,0,,0,21,5,3,21,2500000,2009-05-04,220000,2008 APOEL Nicosia → Metalurg Donetsk (- 2015),,,https://www.transfermarkt.com/ricardo-fernandes/profil/spieler/9833 https://tmapi.transfermarkt.technology/player/9833/national-career-history https://tmapi.transfermarkt.technology/player/9833/performance-game https://tmapi.transfermarkt.technology/transfer/history/player/9833,2026-09-30,tm id: wikidata P2446 + dob; єврокубки в базі TM: 2002–2010
w:1979-03-11:ivanov,Георгі Пеєв,88,Динамо (Київ) 2001,1,6,9786,Georgi Peev,1979-03-11,54,0,Bulgaria,0,,3,24,14,0,2,2700000,2009-03-12,2000000,2000 Lokomotiv Sofia → Dynamo Kyiv,,,https://www.transfermarkt.com/georgi-peev/profil/spieler/9786 https://tmapi.transfermarkt.technology/player/9786/national-career-history https://tmapi.transfermarkt.technology/player/9786/performance-game https://tmapi.transfermarkt.technology/transfer/history/player/9786,2026-09-30,tm id: wikidata P2446 + dob; єврокубки в базі TM: 2001–2010
w:1979-03-30:timoschuk,Анатолій Тимощук,88,Шахтар (Донецьк) 2003,6,10,14944,Anatoliy Tymoshchuk,1979-03-30,144,4,Ukraine,1,,12,136,50,6,79,20000000,2009-02-26,14500000,2007 Shakhtar Donetsk → Zenit St. Petersburg,,Komanda #1 2002; UF #1 2002; UF #3 2003; UF #2 2004; Komanda #2 2005; UF #2 2005; Komanda #3 2006; UF #1 2006; UF #1 2007; UF #2 2008; UF #3 2011,https://www.transfermarkt.com/anatoliy-tymoshchuk/profil/spieler/14944 https://tmapi.transfermarkt.technology/player/14944/national-career-history https://tmapi.transfermarkt.technology/player/14944/performance-game https://tmapi.transfermarkt.technology/transfer/history/player/14944 https://en.wikipedia.org/wiki/Ukrainian_Footballer_of_the_Year,2026-09-30,"tm id: repo link (data/foot, data/positions); єврокубки в базі TM: 1998–2017"
w:1979-07-06:karitska,Володимир Коритько,88,Чорноморець (Одеса) 2007,4,0,27019,Vladimir Korytko,1979-07-06,40,3,Belarus,0,,12,23,0,2,19,2000000,2009-05-04,270000,2002 MFK Ruzomberok → FC Rostov,,,https://www.transfermarkt.com/vladimir-korytko/profil/spieler/27019 https://tmapi.transfermarkt.technology/player/27019/national-career-history https://tmapi.transfermarkt.technology/player/27019/performance-game https://tmapi.transfermarkt.technology/transfer/history/player/27019,2026-09-30,tm id: wikidata P2446 + dob; єврокубки в базі TM: 2001–2017
w:1981-06-14:blumer,Елано,88,Шахтар (Донецьк) 2004,3,3,20053,Elano,1981-06-14,50,9,Brazil,0,,0,115,4,27,92,15000000,2008-01-29,12000000,2007 Shakhtar Donetsk → Manchester City,,,https://www.transfermarkt.com/elano/profil/spieler/20053 https://tmapi.transfermarkt.technology/player/20053/national-career-history https://tmapi.transfermarkt.technology/player/20053/performance-game https://tmapi.transfermarkt.technology/transfer/history/player/20053,2026-09-30,tm id: wikidata P2446 + dob; єврокубки в базі TM: 2002–2014
w:1982-02-12:ahahova,Джуліус Агахова,88,Шахтар (Донецьк) 2004,4,9,14925,Julius Aghahowa,1982-02-12,32,14,Nigeria,0,,8,51,11,10,8,2000000,2009-09-23,1000000,2008 Wigan Athletic → Kayserispor,,,https://www.transfermarkt.com/julius-aghahowa/profil/spieler/14925 https://tmapi.transfermarkt.technology/player/14925/national-career-history https://tmapi.transfermarkt.technology/player/14925/performance-game https://tmapi.transfermarkt.technology/transfer/history/player/14925,2026-09-30,tm id: wikidata P2446 + dob; єврокубки в базі TM: 1998–2010
w:1983-06-14:karnilenka,Сергій Корніленко,88,Дніпро (Дніпропетровськ) 2006,2,1,15881,Sergey Kornilenko,1983-06-14,78,17,Belarus,0,,22,28,5,6,10,3000000,2010-12-03,1500000,2004 Dinamo Minsk → Dynamo Kyiv,1300000,,https://www.transfermarkt.com/sergey-kornilenko/profil/spieler/15881 https://tmapi.transfermarkt.technology/player/15881/national-career-history https://tmapi.transfermarkt.technology/player/15881/performance-game https://tmapi.transfermarkt.technology/transfer/history/player/15881,2026-09-30,tm id: wikidata P2446 + dob; єврокубки в базі TM: 2002–2011
tm:102572,Юрій Паньків,87,Сталь (Кам'янське) 2016,4,0,102572,Yuriy Pankiv,1984-11-03,0,0,,0,,1,13,0,0,0,800000,2014-06-30,,,,,https://www.transfermarkt.com/yuriy-pankiv/profil/spieler/102572 https://tmapi.transfermarkt.technology/player/102572/national-career-history https://tmapi.transfermarkt.technology/player/102572/performance-game https://tmapi.transfermarkt.technology/transfer/history/player/102572,2026-09-30,єврокубки в базі TM: 2012–2020
tm:108710,Владислав Калітвінцев,87,Десна (Чернігів) 2019,3,7,108710,Vladyslav Kalitvintsev,1993-01-04,0,0,,0,,58,17,0,1,11,1000000,2022-12-06,,,,,https://www.transfermarkt.com/vladyslav-kalitvintsev/profil/spieler/108710 https://tmapi.transfermarkt.technology/player/108710/national-career-history https://tmapi.transfermarkt.technology/player/108710/performance-game https://tmapi.transfermarkt.technology/transfer/history/player/108710,2026-09-30,єврокубки в базі TM: 2013–2021
tm:122088,Артем Громов,87,Зоря (Луганськ) 2017,3,1,122088,Artem Gromov,1990-01-14,2,0,Ukraine,1,,3,35,1,5,0,1800000,2016-07-21,,,,,https://www.transfermarkt.com/artem-gromov/profil/spieler/122088 https://tmapi.transfermarkt.technology/player/122088/national-career-history https://tmapi.transfermarkt.technology/player/122088/performance-game https://tmapi.transfermarkt.technology/transfer/history/player/122088,2026-09-30,єврокубки в базі TM: 2011–2023
tm:136537,Олексій Шевченко,87,Зоря (Луганськ) 2016,3,3,136537,Oleksiy Shevchenko,1992-02-24,0,0,,0,,11,8,1,0,2,1500000,2017-06-26,,,,,https://www.transfermarkt.com/oleksiy-shevchenko/profil/spieler/136537 https://tmapi.transfermarkt.technology/player/136537/national-career-history https://tmapi.transfermarkt.technology/player/136537/performance-game https://tmapi.transfermarkt.technology/transfer/history/player/136537,2026-09-30,єврокубки в базі TM: 2015–2022
tm:147998,Флорентін Матей,87,Волинь (Луцьк) 2015,1,0,147998,Florentin Matei,1993-04-15,0,0,,0,,10,9,0,2,9,1200000,2018-06-14,500000,2016 Volyn Lutsk → HNK Rijeka,,,https://www.transfermarkt.com/florentin-matei/profil/spieler/147998 https://tmapi.transfermarkt.technology/player/147998/national-career-history https://tmapi.transfermarkt.technology/player/147998/performance-game https://tmapi.transfermarkt.technology/transfer/history/player/147998,2026-09-30,єврокубки в базі TM: 2016–2021
tm:14939,Адріан Пуканич,87,Маріуполь / Іллічівець 2010,1,3,14939,Adrian Pukanych,1983-06-22,2,1,Ukraine,1,,27,4,1,0,0,1000000,2011-07-04,,,,,https://www.transfermarkt.com/adrian-pukanych/profil/spieler/14939 https://tmapi.transfermarkt.technology/player/14939/national-career-history https://tmapi.transfermarkt.technology/player/14939/performance-game https://tmapi.transfermarkt.technology/transfer/history/player/14939,2026-09-30,єврокубки в базі TM: 2003–2005
tm:181006,Густаво Бланко Лещук,87,Карпати (Львів) 2016,1,3,181006,Gustavo Blanco Leschuk,1991-11-05,0,0,,0,,0,15,0,2,13,1800000,2019-06-29,800000,2019 Shakhtar Donetsk → Antalyaspor,,,https://www.transfermarkt.com/gustavo-blanco-leschuk/profil/spieler/181006 https://tmapi.transfermarkt.technology/player/181006/national-career-history https://tmapi.transfermarkt.technology/player/181006/performance-game https://tmapi.transfermarkt.technology/transfer/history/player/181006,2026-09-30,єврокубки в базі TM: 2010–2025
tm:188180,Беньямін Вербич,87,Динамо (Київ) 2018,2,5,188180,Benjamin Verbic,1993-11-27,65,7,Slovenia,0,,10,70,14,14,38,7000000,2021-01-14,4000000,2018 FC Copenhagen → Dynamo Kyiv,,,https://www.transfermarkt.com/benjamin-verbic/profil/spieler/188180 https://tmapi.transfermarkt.technology/player/188180/national-career-history https://tmapi.transfermarkt.technology/player/188180/performance-game https://tmapi.transfermarkt.technology/transfer/history/player/188180,2026-09-30,єврокубки в базі TM: 2012–2027
tm:222079,Руслан Степанюк,87,Ворскла (Полтава) 2020,3,0,222079,Ruslan Stepanyuk,1992-01-16,0,0,,0,,0,6,0,2,0,800000,2022-12-06,,,,,https://www.transfermarkt.com/ruslan-stepanyuk/profil/spieler/222079 https://tmapi.transfermarkt.technology/player/222079/national-career-history https://tmapi.transfermarkt.technology/player/222079/performance-game https://tmapi.transfermarkt.technology/transfer/history/player/222079,2026-09-30,єврокубки в базі TM: 2021–2024
tm:22378,Лео Матос,87,Чорноморець (Одеса) 2013,3,0,22378,Léo Matos,1986-04-02,0,0,,0,,6,59,0,3,33,2000000,2018-05-22,1400000,2004 CR Flamengo → Olympique Marseille,,,https://www.transfermarkt.com/leo-matos/profil/spieler/22378 https://tmapi.transfermarkt.technology/player/22378/national-career-history https://tmapi.transfermarkt.technology/player/22378/performance-game https://tmapi.transfermarkt.technology/transfer/history/player/22378,2026-09-30,єврокубки в базі TM: 2006–2021
tm:24004,Сергій Долганський,87,Ворскла (Полтава) 2007,5,0,24004,Sergiy Dolganskyi,1974-09-15,0,0,,0,,7,17,0,0,0,1500000,2009-04-26,,,,,https://www.transfermarkt.com/sergiy-dolganskyi/profil/spieler/24004 https://tmapi.transfermarkt.technology/player/24004/national-career-history https://tmapi.transfermarkt.technology/player/24004/performance-game https://tmapi.transfermarkt.technology/transfer/history/player/24004,2026-09-30,єврокубки в базі TM: 1995–2012
tm:24026,Костянтин Кравченко,87,Шахтар (Донецьк) 2009,3,4,24026,Kostyantyn Kravchenko,1986-09-24,0,0,,0,,26,20,0,2,0,3000000,2008-03-12,3600000,2008 Dnipro Dnipropetrovsk (- 2020) → Shakhtar Donetsk,,,https://www.transfermarkt.com/kostyantyn-kravchenko/profil/spieler/24026 https://tmapi.transfermarkt.technology/player/24026/national-career-history https://tmapi.transfermarkt.technology/player/24026/performance-game https://tmapi.transfermarkt.technology/transfer/history/player/24026,2026-09-30,єврокубки в базі TM: 2004–2012
tm:24061,Сергій Валяєв,87,Дніпро (Дніпропетровськ) 2001,2,0,24061,Sergiy Valyaev,1978-09-16,3,1,Ukraine,1,,0,32,0,2,0,2750000,2009-02-08,,,,,https://www.transfermarkt.com/sergiy-valyaev/profil/spieler/24061 https://tmapi.transfermarkt.technology/player/24061/national-career-history https://tmapi.transfermarkt.technology/player/24061/performance-game https://tmapi.transfermarkt.technology/transfer/history/player/24061,2026-09-30,єврокубки в базі TM: 2001–2012
tm:257740,Карлос де Пена,87,Динамо (Київ) 2020,3,3,257740,Carlos de Pena,1992-03-11,0,0,,0,,0,69,12,6,46,4000000,2023-04-07,2400000,2015 Club Nacional → Middlesbrough FC,,,https://www.transfermarkt.com/carlos-de-pena/profil/spieler/257740 https://tmapi.transfermarkt.technology/player/257740/national-career-history https://tmapi.transfermarkt.technology/player/257740/performance-game https://tmapi.transfermarkt.technology/transfer/history/player/257740,2026-09-30,єврокубки в базі TM: 2012–2023
tm:25845,Олексій Антонов,87,Кривбас (Кривий Ріг) 2012,3,0,25845,Oleksiy Antonov,1986-05-08,2,0,Ukraine,1,,9,36,0,6,20,1800000,2014-01-02,,,,,https://www.transfermarkt.com/oleksiy-antonov/profil/spieler/25845 https://tmapi.transfermarkt.technology/player/25845/national-career-history https://tmapi.transfermarkt.technology/player/25845/performance-game https://tmapi.transfermarkt.technology/transfer/history/player/25845,2026-09-30,єврокубки в базі TM: 2007–2016
tm:269371,Денис Безбородько,87,Десна (Чернігів) 2021,2,0,269371,Denys Bezborodko,1994-05-31,0,0,,0,,21,7,0,1,0,800000,2021-12-20,,,,,https://www.transfermarkt.com/denys-bezborodko/profil/spieler/269371 https://tmapi.transfermarkt.technology/player/269371/national-career-history https://tmapi.transfermarkt.technology/player/269371/performance-game https://tmapi.transfermarkt.technology/transfer/history/player/269371,2026-09-30,єврокубки в базі TM: 2016–2023
tm:305415,Артем Бєсєдін,87,Динамо (Київ) 2016,3,7,305415,Artem Besedin,1996-03-31,19,2,Ukraine,1,,48,43,3,2,5,3000000,2020-01-08,,,,,https://www.transfermarkt.com/artem-besedin/profil/spieler/305415 https://tmapi.transfermarkt.technology/player/305415/national-career-history https://tmapi.transfermarkt.technology/player/305415/performance-game https://tmapi.transfermarkt.technology/transfer/history/player/305415,2026-09-30,єврокубки в базі TM: 2016–2025
tm:38297,Богдан Шуст,87,Шахтар (Донецьк) 2006,3,4,38297,Bogdan Shust,1986-03-04,4,0,Ukraine,1,,16,19,4,0,0,1500000,2008-10-09,800000,2006 Karpaty Lviv (-2021) → Shakhtar Donetsk,,,https://www.transfermarkt.com/bogdan-shust/profil/spieler/38297 https://tmapi.transfermarkt.technology/player/38297/national-career-history https://tmapi.transfermarkt.technology/player/38297/performance-game https://tmapi.transfermarkt.technology/transfer/history/player/38297,2026-09-30,єврокубки в базі TM: 2005–2019
tm:396638,Манор Соломон,87,Шахтар (Донецьк) 2020,2,4,396638,Manor Solomon,1999-07-24,51,8,Israel,0,,29,32,18,5,4,20000000,2021-06-07,6500000,2019 Maccabi Petah Tikva → Shakhtar Donetsk,,,https://www.transfermarkt.com/manor-solomon/profil/spieler/396638 https://tmapi.transfermarkt.technology/player/396638/national-career-history https://tmapi.transfermarkt.technology/player/396638/performance-game https://tmapi.transfermarkt.technology/transfer/history/player/396638,2026-09-30,єврокубки в базі TM: 2018–2026
tm:449084,Олег Білик,87,Олександрія 2021,1,0,449084,Oleg Bilyk,1998-01-11,0,0,,0,,17,0,0,0,0,600000,2022-12-06,,,,,https://www.transfermarkt.com/oleg-bilyk/profil/spieler/449084 https://tmapi.transfermarkt.technology/player/449084/national-career-history https://tmapi.transfermarkt.technology/player/449084/performance-game https://tmapi.transfermarkt.technology/transfer/history/player/449084,2026-09-30,
tm:45812,Джордже Лазич,87,Металург (Донецьк) 2014,2,0,45812,Djordje Lazic,1983-06-18,0,0,,0,,0,23,0,0,11,1500000,2010-02-18,500000,2009 FK Partizan Belgrade → Metalurg Donetsk (- 2015),,,https://www.transfermarkt.com/djordje-lazic/profil/spieler/45812 https://tmapi.transfermarkt.technology/player/45812/national-career-history https://tmapi.transfermarkt.technology/player/45812/performance-game https://tmapi.transfermarkt.technology/transfer/history/player/45812,2026-09-30,єврокубки в базі TM: 2006–2014
tm:480975,Аллахьяр Сайядманеш,87,Зоря (Луганськ) 2021,2,0,480975,Allahyar Sayyadmanesh,2001-06-29,9,1,Iran,0,,27,19,0,5,7,4000000,2025-06-12,4500000,2022 Fenerbahce → Hull City,,,https://www.transfermarkt.com/allahyar-sayyadmanesh/profil/spieler/480975 https://tmapi.transfermarkt.technology/player/480975/national-career-history https://tmapi.transfermarkt.technology/player/480975/performance-game https://tmapi.transfermarkt.technology/transfer/history/player/480975,2026-09-30,єврокубки в базі TM: 2017–2027
tm:48740,Мілош Нінкович,87,Динамо (Київ) 2008,2,9,48740,Milos Ninkovic,1984-12-25,28,0,Serbia,0,,2,66,11,3,25,5500000,2010-02-18,700000,2004 FK Cukaricki → Dynamo Kyiv,,,https://www.transfermarkt.com/milos-ninkovic/profil/spieler/48740 https://tmapi.transfermarkt.technology/player/48740/national-career-history https://tmapi.transfermarkt.technology/player/48740/performance-game https://tmapi.transfermarkt.technology/transfer/history/player/48740,2026-09-30,єврокубки в базі TM: 2004–2022
tm:495920,Олександр Назаренко,87,Полісся (Житомир) 2024,1,0,495920,Oleksandr Nazarenko,2000-02-01,6,0,Ukraine,1,,27,18,0,1,0,2500000,2026-06-02,200000,2023 SC Dnipro-1 ( - 2024) → Polissya Zhytomyr,,,https://www.transfermarkt.com/oleksandr-nazarenko/profil/spieler/495920 https://tmapi.transfermarkt.technology/player/495920/national-career-history https://tmapi.transfermarkt.technology/player/495920/performance-game https://tmapi.transfermarkt.technology/transfer/history/player/495920,2026-09-30,єврокубки в базі TM: 2022–2027
tm:53477,Джонатан Крістальдо,87,Металіст (Харків) 2012,3,0,53477,Jonatan Cristaldo,1989-03-05,1,0,Argentina,0,,8,55,0,16,31,5500000,2013-09-05,5000000,2011 CA Vélez Sarsfield → Metalist Kharkiv (- 2016),500000,,https://www.transfermarkt.com/jonatan-cristaldo/profil/spieler/53477 https://tmapi.transfermarkt.technology/player/53477/national-career-history https://tmapi.transfermarkt.technology/player/53477/performance-game https://tmapi.transfermarkt.technology/transfer/history/player/53477,2026-09-30,єврокубки в базі TM: 2008–2026
tm:543380,Ібрагім Кане,87,Ворскла (Полтава) 2021,2,0,543380,Ibrahim Kane,2000-06-23,2,0,Mali,0,,13,6,0,2,0,1000000,2021-12-20,300000,2025 Vorskla Poltava → Kolos Kovalivka,,,https://www.transfermarkt.com/ibrahim-kane/profil/spieler/543380 https://tmapi.transfermarkt.technology/player/543380/national-career-history https://tmapi.transfermarkt.technology/player/543380/performance-game https://tmapi.transfermarkt.technology/transfer/history/player/543380,2026-09-30,єврокубки в базі TM: 2018–2024
tm:55484,Марсіо Азеведо,87,Металіст (Харків) 2013,2,4,55484,Márcio Azevedo,1986-02-05,0,0,,0,,0,28,6,0,17,4500000,2014-06-30,4000000,2014 Metalist Kharkiv (- 2016) → Shakhtar Donetsk,400000,,https://www.transfermarkt.com/marcio-azevedo/profil/spieler/55484 https://tmapi.transfermarkt.technology/player/55484/national-career-history https://tmapi.transfermarkt.technology/player/55484/performance-game https://tmapi.transfermarkt.technology/transfer/history/player/55484,2026-09-30,єврокубки в базі TM: 2007–2021
tm:57888,Павло Ксьонз,87,Металіст (Харків) 2013,2,0,57888,Pavlo Ksyonz,1987-01-02,1,0,Ukraine,1,,11,0,0,0,0,3000000,2014-06-30,220000,2012 FC Oleksandriya → Karpaty Lviv (-2021),,,https://www.transfermarkt.com/pavlo-ksyonz/profil/spieler/57888 https://tmapi.transfermarkt.technology/player/57888/national-career-history https://tmapi.transfermarkt.technology/player/57888/performance-game https://tmapi.transfermarkt.technology/transfer/history/player/57888,2026-09-30,
tm:57901,В'ячеслав Шарпар,87,Ворскла (Полтава) 2017,2,0,57901,Vyacheslav Sharpar,1987-06-02,0,0,,0,,2,15,0,1,9,1200000,2011-03-18,2000000,2011 Volyn Lutsk → Metalist Kharkiv (- 2016),,,https://www.transfermarkt.com/vyacheslav-sharpar/profil/spieler/57901 https://tmapi.transfermarkt.technology/player/57901/national-career-history https://tmapi.transfermarkt.technology/player/57901/performance-game https://tmapi.transfermarkt.technology/transfer/history/player/57901,2026-09-30,єврокубки в базі TM: 2012–2021
tm:58000,Артем Федецький,87,Карпати (Львів) 2009,4,1,58000,Artem Fedetskyi,1985-04-26,53,2,Ukraine,1,,0,51,1,8,0,4500000,2015-06-07,,,,,https://www.transfermarkt.com/artem-fedetskyi/profil/spieler/58000 https://tmapi.transfermarkt.technology/player/58000/national-career-history https://tmapi.transfermarkt.technology/player/58000/performance-game https://tmapi.transfermarkt.technology/transfer/history/player/58000,2026-09-30,єврокубки в базі TM: 2008–2016
tm:58042,Ігор Худоб'як,87,Карпати (Львів) 2016,3,0,58042,Igor Khudobyak,1985-02-20,6,0,Ukraine,1,,1,15,0,2,0,2500000,2011-07-04,,,,,https://www.transfermarkt.com/igor-khudobyak/profil/spieler/58042 https://tmapi.transfermarkt.technology/player/58042/national-career-history https://tmapi.transfermarkt.technology/player/58042/performance-game https://tmapi.transfermarkt.technology/transfer/history/player/58042,2026-09-30,єврокубки в базі TM: 2010–2012
tm:592336,Макс Валеф,87,СК Дніпро-1 2022,1,0,592336,Max Walef,1993-10-23,0,0,,0,,0,14,0,0,4,1000000,2022-12-06,100000,2022 Fortaleza Esporte Clube → SC Dnipro-1 ( - 2024),,,https://www.transfermarkt.com/max-walef/profil/spieler/592336 https://tmapi.transfermarkt.technology/player/592336/national-career-history https://tmapi.transfermarkt.technology/player/592336/performance-game https://tmapi.transfermarkt.technology/transfer/history/player/592336,2026-09-30,єврокубки в базі TM: 2021–2023
tm:59269,Лакі Ідахор,87,Таврія (Сімферополь) 2010,3,2,59269,Lucky Idahor,1980-08-30,2,0,Nigeria,0,,0,13,5,3,0,1200000,2011-07-04,,,,,https://www.transfermarkt.com/lucky-idahor/profil/spieler/59269 https://tmapi.transfermarkt.technology/player/59269/national-career-history https://tmapi.transfermarkt.technology/player/59269/performance-game https://tmapi.transfermarkt.technology/transfer/history/player/59269,2026-09-30,єврокубки в базі TM: 2001–2011
tm:59970,Тарас Степаненко,87,Шахтар (Донецьк) 2015,4,15,59970,Taras Stepanenko,1989-08-08,87,4,Ukraine,1,,32,105,66,6,0,10000000,2020-01-08,,,,UF #2 2017,https://www.transfermarkt.com/taras-stepanenko/profil/spieler/59970 https://tmapi.transfermarkt.technology/player/59970/national-career-history https://tmapi.transfermarkt.technology/player/59970/performance-game https://tmapi.transfermarkt.technology/transfer/history/player/59970 https://en.wikipedia.org/wiki/Ukrainian_Footballer_of_the_Year,2026-09-30,єврокубки в базі TM: 2010–2025
tm:646153,Теді Цара,87,Олександрія 2024,1,0,646153,Tedi Cara,2000-04-15,2,0,Albania,0,,12,21,0,9,19,1000000,2025-12-18,400000,2026 FC Oleksandriya → LNZ Cherkasy,,,https://www.transfermarkt.com/tedi-cara/profil/spieler/646153 https://tmapi.transfermarkt.technology/player/646153/national-career-history https://tmapi.transfermarkt.technology/player/646153/performance-game https://tmapi.transfermarkt.technology/transfer/history/player/646153,2026-09-30,єврокубки в базі TM: 2021–2027
tm:70767,Роман Зозуля,87,Дніпро (Дніпропетровськ) 2012,2,4,70767,Roman Zozulya,1989-11-17,33,4,Ukraine,1,,38,39,1,9,0,7000000,2014-06-30,3500000,2011 Dynamo Kyiv → Dnipro Dnipropetrovsk (- 2020),,,https://www.transfermarkt.com/roman-zozulya/profil/spieler/70767 https://tmapi.transfermarkt.technology/player/70767/national-career-history https://tmapi.transfermarkt.technology/player/70767/performance-game https://tmapi.transfermarkt.technology/transfer/history/player/70767,2026-09-30,єврокубки в базі TM: 2008–2016
tm:740732,Таллес Бренер,87,Рух (Львів) 2022,2,0,740732,Talles Brener,1998-05-12,0,0,,0,,0,2,0,0,2,600000,2024-06-06,,,400000,,https://www.transfermarkt.com/talles-brener/profil/spieler/740732 https://tmapi.transfermarkt.technology/player/740732/national-career-history https://tmapi.transfermarkt.technology/player/740732/performance-game https://tmapi.transfermarkt.technology/transfer/history/player/740732,2026-09-30,єврокубки в базі TM: 2026–2027
tm:74089,Сергій Кривцов,87,Шахтар (Донецьк) 2014,7,13,74089,Sergiy Kryvtsov,1991-03-15,34,0,Ukraine,1,,67,49,20,2,10,5000000,2020-01-08,,,,,https://www.transfermarkt.com/sergiy-kryvtsov/profil/spieler/74089 https://tmapi.transfermarkt.technology/player/74089/national-career-history https://tmapi.transfermarkt.technology/player/74089/performance-game https://tmapi.transfermarkt.technology/transfer/history/player/74089,2026-09-30,єврокубки в базі TM: 2013–2024
tm:85949,Ігор Шуховцев,87,Маріуполь / Іллічівець 1998,2,0,85949,Igor Shukhovtsev,1971-07-13,0,0,,0,,0,3,0,0,3,250000,2008-10-17,,,,,https://www.transfermarkt.com/igor-shukhovtsev/profil/spieler/85949 https://tmapi.transfermarkt.technology/player/85949/national-career-history https://tmapi.transfermarkt.technology/player/85949/performance-game https://tmapi.transfermarkt.technology/transfer/history/player/85949,2026-09-30,єврокубки в базі TM: 1996–1997
tm:85969,Олександр Бандура,87,Верес (Рівне) 2017,4,0,85969,Oleksandr Bandura,1986-05-30,0,0,,0,,0,4,0,0,0,1500000,2012-07-02,,,,,https://www.transfermarkt.com/oleksandr-bandura/profil/spieler/85969 https://tmapi.transfermarkt.technology/player/85969/national-career-history https://tmapi.transfermarkt.technology/player/85969/performance-game https://tmapi.transfermarkt.technology/transfer/history/player/85969,2026-09-30,єврокубки в базі TM: 2012–2013
tm:93077,Сергій Старенький,87,Олександрія 2017,1,0,93077,Sergiy Starenkyi,1984-09-20,0,0,,0,,0,5,0,1,0,500000,2013-06-17,,,,,https://www.transfermarkt.com/sergiy-starenkyi/profil/spieler/93077 https://tmapi.transfermarkt.technology/player/93077/national-career-history https://tmapi.transfermarkt.technology/player/93077/performance-game https://tmapi.transfermarkt.technology/transfer/history/player/93077,2026-09-30,єврокубки в базі TM: 2016–2018
tm:936008,Олександр Сапутін,87,Зоря (Луганськ) 2022,1,0,936008,Oleksandr Saputin,2003-11-13,0,0,,0,,1,1,0,0,0,1000000,2023-06-21,,,,,https://www.transfermarkt.com/oleksandr-saputin/profil/spieler/936008 https://tmapi.transfermarkt.technology/player/936008/national-career-history https://tmapi.transfermarkt.technology/player/936008/performance-game https://tmapi.transfermarkt.technology/transfer/history/player/936008,2026-09-30,єврокубки в базі TM: 2023–2024
tm:94924,Максим Імереков,87,Зоря (Луганськ) 2022,3,0,94924,Maksym Imerekov,1991-01-23,0,0,,0,,10,11,0,0,2,700000,2023-06-21,,,,,https://www.transfermarkt.com/maksym-imerekov/profil/spieler/94924 https://tmapi.transfermarkt.technology/player/94924/national-career-history https://tmapi.transfermarkt.technology/player/94924/performance-game https://tmapi.transfermarkt.technology/transfer/history/player/94924,2026-09-30,єврокубки в базі TM: 2016–2023
w:1959-02-19:demianenko,Анатолій Дем'яненко,87,Динамо (Київ) 1992,1,1,117378,Anatoliy Demyanenko,1959-02-19,81,6,Soviet Union (-1991),0,,8,42,0,5,0,,,,,,,https://www.transfermarkt.com/anatoliy-demyanenko/profil/spieler/117378 https://tmapi.transfermarkt.technology/player/117378/national-career-history https://tmapi.transfermarkt.technology/player/117378/performance-game https://tmapi.transfermarkt.technology/transfer/history/player/117378,2026-09-30,"tm id: repo link (data/foot, data/positions); єврокубки в базі TM: 1979–1993"
w:1960-05-15:shevchenko,Сергій Шевченко,87,Таврія (Сімферополь) 1992,1,0,183488,Sergey Shevchenko,1960-05-15,0,0,,0,,0,4,2,3,0,,,,,,,https://www.transfermarkt.com/sergey-shevchenko/profil/spieler/183488 https://tmapi.transfermarkt.technology/player/183488/national-career-history https://tmapi.transfermarkt.technology/player/183488/performance-game https://tmapi.transfermarkt.technology/transfer/history/player/183488,2026-09-30,tm id: wikidata P2446 + dob; єврокубки в базі TM: 1992–1993
w:1962-12-01:kapanadze,Таріел Капанадзе,87,Темп (Шепетівка) 1994,4,0,843175,Tariel Kapanadze,1962-12-01,0,0,,0,,0,0,0,0,0,,,,,,,https://www.transfermarkt.com/tariel-kapanadze/profil/spieler/843175 https://tmapi.transfermarkt.technology/player/843175/national-career-history https://tmapi.transfermarkt.technology/player/843175/performance-game https://tmapi.transfermarkt.technology/transfer/history/player/843175,2026-09-30,tm id: transfermarkt search + dob
w:1966-07-19:kislov,Ігор Кислов,87,Ворскла (Полтава) 1996,2,0,180921,Igor Kyslov,1966-07-19,6,3,Turkmenistan,0,,0,11,0,0,5,,,,,,,https://www.transfermarkt.com/igor-kyslov/profil/spieler/180921 https://tmapi.transfermarkt.technology/player/180921/national-career-history https://tmapi.transfermarkt.technology/player/180921/performance-game https://tmapi.transfermarkt.technology/transfer/history/player/180921,2026-09-30,"tm id: repo link (data/foot, data/positions); єврокубки в базі TM: 1991–2002"
w:1967-03-12:kolesnik,Вадим Колесник,87,Металіст (Харків) 1992,1,0,305474,Vadym Kolesnyk,1967-03-12,0,0,,0,,0,0,0,0,0,,,,,,,https://www.transfermarkt.com/vadym-kolesnyk/profil/spieler/305474 https://tmapi.transfermarkt.technology/player/305474/national-career-history https://tmapi.transfermarkt.technology/player/305474/performance-game https://tmapi.transfermarkt.technology/transfer/history/player/305474,2026-09-30,tm id: transfermarkt search + dob
w:1967-09-14:leonov,Ігор Леонов,87,Шахтар (Донецьк) 1997,3,7,204769,Igor Leonov,1967-09-14,0,0,,0,,0,12,0,0,0,,,,,,,https://www.transfermarkt.com/igor-leonov/profil/spieler/204769 https://tmapi.transfermarkt.technology/player/204769/national-career-history https://tmapi.transfermarkt.technology/player/204769/performance-game https://tmapi.transfermarkt.technology/transfer/history/player/204769,2026-09-30,tm id: wikidata P2446 + dob; єврокубки в базі TM: 1994–1999
w:1970-02-17:herasimenko,Олексій Герасименко,87,Динамо (Київ) 1998,3,4,,,,,,,,,,,,,,,,,,,,,2026-09-30,немає Transfermarkt ID (не знайдено/не підтверджено датою народження)
w:1971-01-31:prizetko,Олександр Призетко,87,Динамо (Київ) 1993,1,2,93267,Oleksandr Pryzetko,1971-01-31,5,0,Ukraine,1,,0,6,5,0,0,,,,,,,https://www.transfermarkt.com/oleksandr-pryzetko/profil/spieler/93267 https://tmapi.transfermarkt.technology/player/93267/national-career-history https://tmapi.transfermarkt.technology/player/93267/performance-game https://tmapi.transfermarkt.technology/transfer/history/player/93267,2026-09-30,"tm id: repo link (data/foot, data/positions); єврокубки в базі TM: 1994–1995"
w:1971-04-18:nichenko,Ігор Ніченко,87,Кривбас (Кривий Ріг) 1992,1,0,170569,Igor Nichenko,1971-04-18,0,0,,0,,0,11,0,1,11,,,,,,,https://www.transfermarkt.com/igor-nichenko/profil/spieler/170569 https://tmapi.transfermarkt.technology/player/170569/national-career-history https://tmapi.transfermarkt.technology/player/170569/performance-game https://tmapi.transfermarkt.technology/transfer/history/player/170569,2026-09-30,tm id: wikidata P2446 + dob; єврокубки в базі TM: 1996–2001
w:1971-06-21:pokladok,Андрій Покладок,87,Карпати (Львів) 1995,3,0,373877,Andriy Pokladok,1971-06-21,0,0,,0,,0,3,0,0,0,,,,,,,https://www.transfermarkt.com/andriy-pokladok/profil/spieler/373877 https://tmapi.transfermarkt.technology/player/373877/national-career-history https://tmapi.transfermarkt.technology/player/373877/performance-game https://tmapi.transfermarkt.technology/transfer/history/player/373877,2026-09-30,"tm id: repo link (data/foot, data/positions); єврокубки в базі TM: 1993–2000"
w:1971-11-25:pohlebaev,Євген Похлебаєв,87,Динамо (Київ) 1995,3,3,346654,Yevgen Pokhlebaev,1971-11-25,14,0,Ukraine,1,,10,9,0,2,0,,,,,,,https://www.transfermarkt.com/yevgen-pokhlebaev/profil/spieler/346654 https://tmapi.transfermarkt.technology/player/346654/national-career-history https://tmapi.transfermarkt.technology/player/346654/performance-game https://tmapi.transfermarkt.technology/transfer/history/player/346654,2026-09-30,tm id: wikidata P2446 + dob; єврокубки в базі TM: 1993–1997
w:1972-09-07:dichko,Володимир Дичко,87,Ворскла (Полтава) 1996,1,0,858942,Volodymyr Dychko,1972-09-07,0,0,,0,,0,2,0,0,0,,,,,,,https://www.transfermarkt.com/volodymyr-dychko/profil/spieler/858942 https://tmapi.transfermarkt.technology/player/858942/national-career-history https://tmapi.transfermarkt.technology/player/858942/performance-game https://tmapi.transfermarkt.technology/transfer/history/player/858942,2026-09-30,tm id: wikidata P2446 + dob; єврокубки в базі TM: 1997–1999
w:1973-07-01:krukovets,Сергій Круковець,87,Волинь (Луцьк) 1993,1,0,93265,Sergiy Krukovets,1973-07-01,0,0,,0,,9,3,0,0,3,,,,,,,https://www.transfermarkt.com/sergiy-krukovets/profil/spieler/93265 https://tmapi.transfermarkt.technology/player/93265/national-career-history https://tmapi.transfermarkt.technology/player/93265/performance-game https://tmapi.transfermarkt.technology/transfer/history/player/93265,2026-09-30,tm id: wikidata P2446 + dob; єврокубки в базі TM: 1996–2004
w:1973-07-13:mihailenko,Дмитро Михайленко,87,Дніпро (Дніпропетровськ) 1993,6,7,24039,Dmytro Mykhaylenko,1973-07-13,23,2,Ukraine,1,,12,48,13,6,0,50000,2007-12-11,,,,UF #3 1993,https://www.transfermarkt.com/dmytro-mykhaylenko/profil/spieler/24039 https://tmapi.transfermarkt.technology/player/24039/national-career-history https://tmapi.transfermarkt.technology/player/24039/performance-game https://tmapi.transfermarkt.technology/transfer/history/player/24039 https://en.wikipedia.org/wiki/Ukrainian_Footballer_of_the_Year,2026-09-30,tm id: wikidata P2446 + dob; єврокубки в базі TM: 1993–2007; нагороди: частина зіставлена лише за іменем (у Wikidata немає TM id)
w:1974-03-18:hluschenko,Андрій Глущенко,87,Металург (Запоріжжя) 2004,2,0,24401,Andriy Glushchenko,1974-03-18,0,0,,0,,0,8,0,0,0,100000,2014-06-30,,,,,https://www.transfermarkt.com/andriy-glushchenko/profil/spieler/24401 https://tmapi.transfermarkt.technology/player/24401/national-career-history https://tmapi.transfermarkt.technology/player/24401/performance-game https://tmapi.transfermarkt.technology/transfer/history/player/24401,2026-09-30,tm id: wikidata P2446 + dob; єврокубки в базі TM: 2002–2007
w:1975-01-22:poklonski,Олександр Поклонський,87,Дніпро (Дніпропетровськ) 1996,3,0,24044,Oleksandr Poklonskyi,1975-01-22,1,0,Ukraine,1,,10,9,0,0,0,,,,,,,https://www.transfermarkt.com/oleksandr-poklonskyi/profil/spieler/24044 https://tmapi.transfermarkt.technology/player/24044/national-career-history https://tmapi.transfermarkt.technology/player/24044/performance-game https://tmapi.transfermarkt.technology/transfer/history/player/24044,2026-09-30,"tm id: repo link (data/foot, data/positions); єврокубки в базі TM: 1997–2005"
w:1975-05-03:sachko,Василь Сачко,87,Волинь (Луцьк) 2005,3,0,59127,Vasyl Sachko,1975-05-03,0,0,,0,,0,6,0,1,0,1000000,2007-10-15,,,,,https://www.transfermarkt.com/vasyl-sachko/profil/spieler/59127 https://tmapi.transfermarkt.technology/player/59127/national-career-history https://tmapi.transfermarkt.technology/player/59127/performance-game https://tmapi.transfermarkt.technology/transfer/history/player/59127,2026-09-30,"tm id: repo link (data/foot, data/positions); єврокубки в базі TM: 2009–2012"
w:1975-08-09:kozakevich,Олександр Козакевич,87,Олександрія 2002,1,0,169752,Oleksandr Kozakevich,1975-08-09,0,0,,0,,0,6,0,2,0,,,,,,,https://www.transfermarkt.com/oleksandr-kozakevich/profil/spieler/169752 https://tmapi.transfermarkt.technology/player/169752/national-career-history https://tmapi.transfermarkt.technology/player/169752/performance-game https://tmapi.transfermarkt.technology/transfer/history/player/169752,2026-09-30,tm id: wikidata P2446 + dob; єврокубки в базі TM: 1995–1997
w:1976-09-01:serebrenikov,Сергій Серебренников,87,Динамо (Київ) 1998,1,4,9631,Sergiy Serebrennikov,1976-09-01,12,1,Ukraine,1,,0,27,9,1,17,1200000,2008-07-24,,,,,https://www.transfermarkt.com/sergiy-serebrennikov/profil/spieler/9631 https://tmapi.transfermarkt.technology/player/9631/national-career-history https://tmapi.transfermarkt.technology/player/9631/performance-game https://tmapi.transfermarkt.technology/transfer/history/player/9631,2026-09-30,tm id: wikidata P2446 + dob; єврокубки в базі TM: 1998–2011
w:1977-09-15:sliusar,Валентин Слюсар,87,Металіст (Харків) 2007,2,0,42660,Valentyn Slyusar,1977-09-15,2,0,Ukraine,1,,0,15,0,2,2,2750000,2009-02-08,,,,,https://www.transfermarkt.com/valentyn-slyusar/profil/spieler/42660 https://tmapi.transfermarkt.technology/player/42660/national-career-history https://tmapi.transfermarkt.technology/player/42660/performance-game https://tmapi.transfermarkt.technology/transfer/history/player/42660,2026-09-30,tm id: wikidata P2446 + dob; єврокубки в базі TM: 1999–2010
w:1977-10-26:iaschuk,Олег Ящук,87,Нива (Тернопіль) 1995,1,0,9596,Oleg Yashchuk,1977-10-26,0,0,,0,,13,32,13,4,32,1750000,2004-10-04,120000,1996 Nyva Ternopil → RSC Anderlecht,,,https://www.transfermarkt.com/oleg-yashchuk/profil/spieler/9596 https://tmapi.transfermarkt.technology/player/9596/national-career-history https://tmapi.transfermarkt.technology/player/9596/performance-game https://tmapi.transfermarkt.technology/transfer/history/player/9596,2026-09-30,tm id: wikidata P2446 + dob; єврокубки в базі TM: 1996–2006
w:1980-08-14:aphazava,Шалва Апхазава,87,Арсенал (Київ) 2002,1,0,713659,Shalva Apkhazava,1980-08-14,1,0,Georgia,0,,0,3,0,0,3,,,,,,,https://www.transfermarkt.com/shalva-apkhazava/profil/spieler/713659 https://tmapi.transfermarkt.technology/player/713659/national-career-history https://tmapi.transfermarkt.technology/player/713659/performance-game https://tmapi.transfermarkt.technology/transfer/history/player/713659,2026-09-30,tm id: transfermarkt search + dob; єврокубки в базі TM: 1997–1999
w:1987-03-14:almeida,Леандро Алмейда,87,Динамо (Київ) 2009,3,3,52960,Leandro Almeida,1987-03-14,0,0,,0,,0,29,5,0,11,4000000,2010-02-18,4500000,2009 Clube Atlético Mineiro → Dynamo Kyiv,,,https://www.transfermarkt.com/leandro-almeida/profil/spieler/52960 https://tmapi.transfermarkt.technology/player/52960/national-career-history https://tmapi.transfermarkt.technology/player/52960/performance-game https://tmapi.transfermarkt.technology/transfer/history/player/52960,2026-09-30,tm id: wikidata P2446 + dob; єврокубки в базі TM: 2007–2022
tm:1033963,Егіналдо,86,Шахтар (Донецьк) 2024,2,3,1033963,Eguinaldo,2004-08-09,0,0,,0,,3,23,10,4,0,5000000,2026-06-02,3500000,2023 Clube de Regatas Vasco da Gama → Shakhtar Donetsk,,,https://www.transfermarkt.com/eguinaldo/profil/spieler/1033963 https://tmapi.transfermarkt.technology/player/1033963/national-career-history https://tmapi.transfermarkt.technology/player/1033963/performance-game https://tmapi.transfermarkt.technology/transfer/history/player/1033963,2026-09-30,єврокубки в базі TM: 2023–2026
tm:1179658,Пітер Ітодо,86,Металіст 1925 (Харків) 2025,1,0,1179658,Peter Itodo,2003-07-01,0,0,,0,,0,1,0,0,1,2500000,2026-09-21,700000,2025 FC Dinamo City → FC Kharkiv,,,https://www.transfermarkt.com/peter-itodo/profil/spieler/1179658 https://tmapi.transfermarkt.technology/player/1179658/national-career-history https://tmapi.transfermarkt.technology/player/1179658/performance-game https://tmapi.transfermarkt.technology/transfer/history/player/1179658,2026-09-30,єврокубки в базі TM: 2025–2026
tm:15033,Велізар Дімітров,86,Металург (Донецьк) 2009,2,0,15033,Velizar Dimitrov,1979-04-13,30,3,Bulgaria,0,,12,39,0,10,31,1800000,2010-02-18,450000,2008 CSKA Sofia → Metalurg Donetsk (- 2015),,,https://www.transfermarkt.com/velizar-dimitrov/profil/spieler/15033 https://tmapi.transfermarkt.technology/player/15033/national-career-history https://tmapi.transfermarkt.technology/player/15033/performance-game https://tmapi.transfermarkt.technology/transfer/history/player/15033,2026-09-30,єврокубки в базі TM: 1999–2014
tm:15593,Сергій Самодін,86,Дніпро (Дніпропетровськ) 2007,2,0,15593,Sergey Samodin,1985-02-14,0,0,,0,,8,20,0,4,7,2500000,2008-03-12,400000,2007 CSKA Moscow → Dnipro Dnipropetrovsk (- 2020),,,https://www.transfermarkt.com/sergey-samodin/profil/spieler/15593 https://tmapi.transfermarkt.technology/player/15593/national-career-history https://tmapi.transfermarkt.technology/player/15593/performance-game https://tmapi.transfermarkt.technology/transfer/history/player/15593,2026-09-30,єврокубки в базі TM: 2003–2014
tm:15596,Богдан Шершун,86,Дніпро (Дніпропетровськ) 2006,3,0,15596,Bogdan Shershun,1981-05-14,4,0,Ukraine,1,,33,25,0,1,8,1500000,2008-03-12,700000,2002 Dnipro Dnipropetrovsk (- 2020) → CSKA Moscow,,,https://www.transfermarkt.com/bogdan-shershun/profil/spieler/15596 https://tmapi.transfermarkt.technology/player/15596/national-career-history https://tmapi.transfermarkt.technology/player/15596/performance-game https://tmapi.transfermarkt.technology/transfer/history/player/15596,2026-09-30,єврокубки в базі TM: 2001–2009
tm:170245,Артем Фаворов,86,Десна (Чернігів) 2018,1,0,170245,Artem Favorov,1994-03-19,0,0,,0,,14,10,0,1,10,800000,2023-12-22,470000,2020 Desna Chernigiv → Puskás Akadémia FC,,,https://www.transfermarkt.com/artem-favorov/profil/spieler/170245 https://tmapi.transfermarkt.technology/player/170245/national-career-history https://tmapi.transfermarkt.technology/player/170245/performance-game https://tmapi.transfermarkt.technology/transfer/history/player/170245,2026-09-30,єврокубки в базі TM: 2021–2026
tm:175169,Бернард,86,Шахтар (Донецьк) 2017,1,5,175169,Bernard,1992-09-08,14,1,Brazil,0,,0,97,25,21,54,20000000,2019-12-10,25000000,2013 Clube Atlético Mineiro → Shakhtar Donetsk,,,https://www.transfermarkt.com/bernard/profil/spieler/175169 https://tmapi.transfermarkt.technology/player/175169/national-career-history https://tmapi.transfermarkt.technology/player/175169/performance-game https://tmapi.transfermarkt.technology/transfer/history/player/175169,2026-09-30,єврокубки в базі TM: 2012–2026
tm:190190,Андрій Кліщук,86,Кривбас (Кривий Ріг) 2022,3,0,190190,Andriy Klishchuk,1992-07-03,0,0,,0,,0,4,0,0,0,500000,2024-06-06,,,,,https://www.transfermarkt.com/andriy-klishchuk/profil/spieler/190190 https://tmapi.transfermarkt.technology/player/190190/national-career-history https://tmapi.transfermarkt.technology/player/190190/performance-game https://tmapi.transfermarkt.technology/transfer/history/player/190190,2026-09-30,єврокубки в базі TM: 2024–2025
tm:191614,Фред,86,Шахтар (Донецьк) 2017,2,5,191614,Fred,1993-03-05,32,0,Brazil,0,,7,120,40,6,81,50000000,2018-08-13,59000000,2018 Shakhtar Donetsk → Manchester United,,Komanda1 #3 2017,https://www.transfermarkt.com/fred/profil/spieler/191614 https://tmapi.transfermarkt.technology/player/191614/national-career-history https://tmapi.transfermarkt.technology/player/191614/performance-game https://tmapi.transfermarkt.technology/transfer/history/player/191614 https://en.wikipedia.org/wiki/Ukrainian_Footballer_of_the_Year,2026-09-30,єврокубки в базі TM: 2013–2027
tm:19721,Горан Попов,86,Динамо (Київ) 2011,1,3,19721,Goran Popov,1984-10-02,47,2,North Macedonia,0,,15,39,0,0,20,4000000,2012-01-05,1750000,2010 SC Heerenveen → Dynamo Kyiv,,,https://www.transfermarkt.com/goran-popov/profil/spieler/19721 https://tmapi.transfermarkt.technology/player/19721/national-career-history https://tmapi.transfermarkt.technology/player/19721/performance-game https://tmapi.transfermarkt.technology/transfer/history/player/19721,2026-09-30,єврокубки в базі TM: 2003–2019
tm:201671,Ігор Пердута,86,Ворскла (Полтава) 2020,3,0,201671,Igor Perduta,1990-11-15,0,0,,0,,0,15,0,0,0,1200000,2014-06-30,,,,,https://www.transfermarkt.com/igor-perduta/profil/spieler/201671 https://tmapi.transfermarkt.technology/player/201671/national-career-history https://tmapi.transfermarkt.technology/player/201671/performance-game https://tmapi.transfermarkt.technology/transfer/history/player/201671,2026-09-30,єврокубки в базі TM: 2015–2024
tm:207074,Олександр Андрієвський,86,Полісся (Житомир) 2025,1,8,207074,Oleksandr Andriyevskyi,1994-06-25,1,0,Ukraine,1,,20,40,5,3,0,1500000,2024-06-06,,,,,https://www.transfermarkt.com/oleksandr-andriyevskyi/profil/spieler/207074 https://tmapi.transfermarkt.technology/player/207074/national-career-history https://tmapi.transfermarkt.technology/player/207074/performance-game https://tmapi.transfermarkt.technology/transfer/history/player/207074,2026-09-30,єврокубки в базі TM: 2017–2027
tm:23443,Ондржей Мазух,86,Дніпро (Дніпропетровськ) 2013,1,0,23443,Ondrej Mazuch,1989-03-15,4,0,Czechia,0,,76,53,0,0,28,5000000,2014-12-25,3000000,2012 RSC Anderlecht → Dnipro Dnipropetrovsk (- 2020),,,https://www.transfermarkt.com/ondrej-mazuch/profil/spieler/23443 https://tmapi.transfermarkt.technology/player/23443/national-career-history https://tmapi.transfermarkt.technology/player/23443/performance-game https://tmapi.transfermarkt.technology/transfer/history/player/23443,2026-09-30,єврокубки в базі TM: 2009–2017
tm:24000,В'ячеслав Чечер,86,Металург (Донецьк) 2005,6,0,24000,Vyacheslav Checher,1980-12-15,5,0,Ukraine,1,,0,33,0,1,0,2000000,2009-05-04,,,,,https://www.transfermarkt.com/vyacheslav-checher/profil/spieler/24000 https://tmapi.transfermarkt.technology/player/24000/national-career-history https://tmapi.transfermarkt.technology/player/24000/performance-game https://tmapi.transfermarkt.technology/transfer/history/player/24000,2026-09-30,єврокубки в базі TM: 2000–2018
tm:24010,Олександр Грицай,86,Дніпро (Дніпропетровськ) 2003,2,0,24010,Oleksandr Grytsay,1977-09-30,3,0,Ukraine,1,,0,35,0,0,0,1250000,2008-03-12,,,,,https://www.transfermarkt.com/oleksandr-grytsay/profil/spieler/24010 https://tmapi.transfermarkt.technology/player/24010/national-career-history https://tmapi.transfermarkt.technology/player/24010/performance-game https://tmapi.transfermarkt.technology/transfer/history/player/24010,2026-09-30,єврокубки в базі TM: 2001–2015
tm:24032,Віталій Лисицький,86,Дніпро (Дніпропетровськ) 2008,1,3,24032,Vitaliy Lysytskyi,1982-04-16,5,0,Ukraine,1,,17,13,1,0,0,1000000,2012-01-05,200000,2004 Chornomorets Odesa → Dnipro Dnipropetrovsk (- 2020),150000,,https://www.transfermarkt.com/vitaliy-lysytskyi/profil/spieler/24032 https://tmapi.transfermarkt.technology/player/24032/national-career-history https://tmapi.transfermarkt.technology/player/24032/performance-game https://tmapi.transfermarkt.technology/transfer/history/player/24032,2026-09-30,єврокубки в базі TM: 2000–2009
tm:24054,Олег Шелаєв,86,Дніпро (Дніпропетровськ) 2000,2,4,24054,Oleg Shelayev,1976-11-05,36,1,Ukraine,1,,0,56,0,5,0,2250000,2008-03-12,,,,,https://www.transfermarkt.com/oleg-shelayev/profil/spieler/24054 https://tmapi.transfermarkt.technology/player/24054/national-career-history https://tmapi.transfermarkt.technology/player/24054/performance-game https://tmapi.transfermarkt.technology/transfer/history/player/24054,2026-09-30,єврокубки в базі TM: 1997–2012
tm:245021,Сергій Чоботенко,86,Полісся (Житомир) 2025,2,0,245021,Sergiy Chobotenko,1997-01-16,0,0,,0,,26,13,0,0,0,1800000,2026-09-21,,,,,https://www.transfermarkt.com/sergiy-chobotenko/profil/spieler/245021 https://tmapi.transfermarkt.technology/player/245021/national-career-history https://tmapi.transfermarkt.technology/player/245021/performance-game https://tmapi.transfermarkt.technology/transfer/history/player/245021,2026-09-30,єврокубки в базі TM: 2018–2027
tm:248454,Нікола Василь,86,Зоря (Луганськ) 2020,2,0,248454,Nikola Vasilj,1995-12-02,30,0,Bosnia-Herzegovina,0,,4,2,0,0,0,4500000,2026-05-27,,,,,https://www.transfermarkt.com/nikola-vasilj/profil/spieler/248454 https://tmapi.transfermarkt.technology/player/248454/national-career-history https://tmapi.transfermarkt.technology/player/248454/performance-game https://tmapi.transfermarkt.technology/transfer/history/player/248454,2026-09-30,єврокубки в базі TM: 2020–2021
tm:25823,Віталій Денисов,86,Дніпро (Дніпропетровськ) 2009,2,0,25823,Vitaliy Denisov,1987-02-23,72,1,Uzbekistan,0,,0,34,0,0,19,7000000,2016-01-06,,,,,https://www.transfermarkt.com/vitaliy-denisov/profil/spieler/25823 https://tmapi.transfermarkt.technology/player/25823/national-career-history https://tmapi.transfermarkt.technology/player/25823/performance-game https://tmapi.transfermarkt.technology/transfer/history/player/25823,2026-09-30,єврокубки в базі TM: 2007–2024
tm:28179,Младен Бартулович,86,Карпати (Львів) 2013,2,0,28179,Mladen Bartulovic,1986-10-05,2,0,Croatia,0,,7,13,0,0,2,1500000,2014-06-30,500000,2006 HNK Hajduk Split → Dnipro Dnipropetrovsk (- 2020),,,https://www.transfermarkt.com/mladen-bartulovic/profil/spieler/28179 https://tmapi.transfermarkt.technology/player/28179/national-career-history https://tmapi.transfermarkt.technology/player/28179/performance-game https://tmapi.transfermarkt.technology/transfer/history/player/28179,2026-09-30,єврокубки в базі TM: 2005–2017
tm:287792,Олександр Тимчик,86,Динамо (Київ) 2024,4,7,287792,Oleksandr Tymchyk,1997-01-20,26,1,Ukraine,1,,32,39,4,0,0,5000000,2025-06-10,,,,,https://www.transfermarkt.com/oleksandr-tymchyk/profil/spieler/287792 https://tmapi.transfermarkt.technology/player/287792/national-career-history https://tmapi.transfermarkt.technology/player/287792/performance-game https://tmapi.transfermarkt.technology/transfer/history/player/287792,2026-09-30,єврокубки в базі TM: 2018–2027
tm:30803,Крістіан Вільягра,86,Металіст (Харків) 2010,3,0,30803,Cristian Villagra,1985-12-27,1,0,Argentina,0,,0,72,0,2,33,6500000,2013-06-16,500000,2007 CA Rosario Central → CA River Plate,,,https://www.transfermarkt.com/cristian-villagra/profil/spieler/30803 https://tmapi.transfermarkt.technology/player/30803/national-career-history https://tmapi.transfermarkt.technology/player/30803/performance-game https://tmapi.transfermarkt.technology/transfer/history/player/30803,2026-09-30,єврокубки в базі TM: 2005–2018
tm:325429,Максим Задерака,86,Кривбас (Кривий Ріг) 2023,2,0,325429,Maksym Zaderaka,1994-09-07,0,0,,0,,0,3,0,1,0,900000,2024-06-06,,,,,https://www.transfermarkt.com/maksym-zaderaka/profil/spieler/325429 https://tmapi.transfermarkt.technology/player/325429/national-career-history https://tmapi.transfermarkt.technology/player/325429/performance-game https://tmapi.transfermarkt.technology/transfer/history/player/325429,2026-09-30,єврокубки в базі TM: 2019–2020
tm:343492,Олег Кожушко,86,Кривбас (Кривий Ріг) 2023,1,0,343492,Oleg Kozhushko,1998-02-17,0,0,,0,,19,4,0,0,0,1200000,2024-06-06,,,,,https://www.transfermarkt.com/oleg-kozhushko/profil/spieler/343492 https://tmapi.transfermarkt.technology/player/343492/national-career-history https://tmapi.transfermarkt.technology/player/343492/performance-game https://tmapi.transfermarkt.technology/transfer/history/player/343492,2026-09-30,єврокубки в базі TM: 2024–2025
tm:343963,Петар Мічин,86,Зоря (Луганськ) 2024,1,0,343963,Petar Micin,1998-09-29,0,0,,0,,8,6,0,1,0,1500000,2018-01-10,2500000,2018 FK Cukaricki → Udinese Calcio,,,https://www.transfermarkt.com/petar-micin/profil/spieler/343963 https://tmapi.transfermarkt.technology/player/343963/national-career-history https://tmapi.transfermarkt.technology/player/343963/performance-game https://tmapi.transfermarkt.technology/transfer/history/player/343963,2026-09-30,єврокубки в базі TM: 2023–2024
tm:350828,Шахаб Захеді,86,Олімпік (Донецьк) 2020,2,0,350828,Shahab Zahedi,1995-08-18,2,0,Iran,0,,0,18,0,3,11,1000000,2023-02-22,300000,2021 Olimpik Donetsk ( - 2021) → Zorya Lugansk,,Komanda1 #3 2020,https://www.transfermarkt.com/shahab-zahedi/profil/spieler/350828 https://tmapi.transfermarkt.technology/player/350828/national-career-history https://tmapi.transfermarkt.technology/player/350828/performance-game https://tmapi.transfermarkt.technology/transfer/history/player/350828 https://en.wikipedia.org/wiki/Ukrainian_Footballer_of_the_Year,2026-09-30,єврокубки в базі TM: 2018–2027
tm:35607,Арменд Даллку,86,Ворскла (Полтава) 2014,4,0,35607,Armend Dallku,1983-06-16,64,1,Albania,0,,5,24,0,3,9,2750000,2009-09-21,400000,2004 KF Elbasani (- 2022) → Vorskla Poltava,,,https://www.transfermarkt.com/armend-dallku/profil/spieler/35607 https://tmapi.transfermarkt.technology/player/35607/national-career-history https://tmapi.transfermarkt.technology/player/35607/performance-game https://tmapi.transfermarkt.technology/transfer/history/player/35607,2026-09-30,єврокубки в базі TM: 2005–2020
tm:36149,Йован Маркоскі,86,Ворскла (Полтава) 2008,2,0,36149,Jovan Markoski,1980-06-23,3,0,Serbia and Montenegro,0,,4,18,0,0,6,1300000,2011-01-01,,,,,https://www.transfermarkt.com/jovan-markoski/profil/spieler/36149 https://tmapi.transfermarkt.technology/player/36149/national-career-history https://tmapi.transfermarkt.technology/player/36149/performance-game https://tmapi.transfermarkt.technology/transfer/history/player/36149,2026-09-30,єврокубки в базі TM: 2000–2012
tm:362529,Андрій Сторчоус,86,Кудрівка 2025,1,0,362529,Andriy Storchous,1994-06-30,0,0,,0,,0,0,0,0,0,300000,2026-06-02,,,,,https://www.transfermarkt.com/andriy-storchous/profil/spieler/362529 https://tmapi.transfermarkt.technology/player/362529/national-career-history https://tmapi.transfermarkt.technology/player/362529/performance-game https://tmapi.transfermarkt.technology/transfer/history/player/362529,2026-09-30,
tm:366450,Юрі Кастільйо,86,Зоря (Луганськ) 2017,1,0,366450,Iury Castilho,1995-09-06,0,0,,0,,0,12,0,0,7,850000,2025-06-06,1250000,2018 Zorya Lugansk → Al-Nasr SC (UAE),120000,,https://www.transfermarkt.com/iury-castilho/profil/spieler/366450 https://tmapi.transfermarkt.technology/player/366450/national-career-history https://tmapi.transfermarkt.technology/player/366450/performance-game https://tmapi.transfermarkt.technology/transfer/history/player/366450,2026-09-30,єврокубки в базі TM: 2017–2022
tm:376228,Дмитро Іванісеня,86,Зоря (Луганськ) 2020,1,0,376228,Dmytro Ivanisenya,1994-01-11,1,0,Ukraine,1,,2,14,0,1,2,2000000,2022-06-02,,,,,https://www.transfermarkt.com/dmytro-ivanisenya/profil/spieler/376228 https://tmapi.transfermarkt.technology/player/376228/national-career-history https://tmapi.transfermarkt.technology/player/376228/performance-game https://tmapi.transfermarkt.technology/transfer/history/player/376228,2026-09-30,єврокубки в базі TM: 2018–2021
tm:376445,Маріо Чуже,86,СК Дніпро-1 2020,1,0,376445,Mario Cuze,1999-04-24,0,0,,0,,30,39,0,4,39,1000000,2024-06-11,300000,2025 HSK Zrinjski Mostar → Gangwon FC,,,https://www.transfermarkt.com/mario-cuze/profil/spieler/376445 https://tmapi.transfermarkt.technology/player/376445/national-career-history https://tmapi.transfermarkt.technology/player/376445/performance-game https://tmapi.transfermarkt.technology/transfer/history/player/376445,2026-09-30,єврокубки в базі TM: 2020–2027
tm:38497,Джеремейн Ленс,86,Динамо (Київ) 2014,1,2,38497,Jeremain Lens,1987-11-24,34,8,Netherlands,0,,9,83,7,19,64,12000000,2017-01-10,11400000,2015 Dynamo Kyiv → Sunderland AFC,1500000,,https://www.transfermarkt.com/jeremain-lens/profil/spieler/38497 https://tmapi.transfermarkt.technology/player/38497/national-career-history https://tmapi.transfermarkt.technology/player/38497/performance-game https://tmapi.transfermarkt.technology/transfer/history/player/38497,2026-09-30,єврокубки в базі TM: 2006–2021
tm:39253,Антон Шиндер,86,Таврія (Сімферополь) 2011,2,0,39253,Anton Shynder,1987-06-13,2,0,Ukraine,1,,15,5,0,1,0,2500000,2012-07-02,,,,,https://www.transfermarkt.com/anton-shynder/profil/spieler/39253 https://tmapi.transfermarkt.technology/player/39253/national-career-history https://tmapi.transfermarkt.technology/player/39253/performance-game https://tmapi.transfermarkt.technology/transfer/history/player/39253,2026-09-30,єврокубки в базі TM: 2010–2016
tm:396530,Артем Козак,86,Полісся (Житомир) 2023,1,0,396530,Artem Kozak,1998-05-28,0,0,,0,,8,4,0,0,0,800000,2024-06-06,,,,,https://www.transfermarkt.com/artem-kozak/profil/spieler/396530 https://tmapi.transfermarkt.technology/player/396530/national-career-history https://tmapi.transfermarkt.technology/player/396530/performance-game https://tmapi.transfermarkt.technology/transfer/history/player/396530,2026-09-30,єврокубки в базі TM: 2024–2026
tm:39799,Іван Стрінич,86,Дніпро (Дніпропетровськ) 2013,2,0,39799,Ivan Strinic,1987-07-17,49,0,Croatia,0,,22,39,0,1,19,6500000,2015-07-01,4000000,2011 HNK Hajduk Split → Dnipro Dnipropetrovsk (- 2020),,,https://www.transfermarkt.com/ivan-strinic/profil/spieler/39799 https://tmapi.transfermarkt.technology/player/39799/national-career-history https://tmapi.transfermarkt.technology/player/39799/performance-game https://tmapi.transfermarkt.technology/transfer/history/player/39799,2026-09-30,єврокубки в базі TM: 2008–2016
tm:404841,Денис Попов,86,Динамо (Київ) 2020,3,7,404841,Denys Popov,1999-02-17,3,0,Ukraine,1,,45,39,6,3,0,4000000,2025-12-18,,,,,https://www.transfermarkt.com/denys-popov/profil/spieler/404841 https://tmapi.transfermarkt.technology/player/404841/national-career-history https://tmapi.transfermarkt.technology/player/404841/performance-game https://tmapi.transfermarkt.technology/transfer/history/player/404841,2026-09-30,єврокубки в базі TM: 2019–2026
tm:417242,Руслан Нещерет,86,Динамо (Київ) 2024,2,5,417242,Ruslan Neshcheret,2002-01-22,0,0,,0,,42,21,1,0,0,4000000,2025-06-10,,,,,https://www.transfermarkt.com/ruslan-neshcheret/profil/spieler/417242 https://tmapi.transfermarkt.technology/player/417242/national-career-history https://tmapi.transfermarkt.technology/player/417242/performance-game https://tmapi.transfermarkt.technology/transfer/history/player/417242,2026-09-30,єврокубки в базі TM: 2020–2027
tm:421935,Майкон,86,Шахтар (Донецьк) 2018,1,4,421935,Maycon,1997-07-15,0,0,,0,,13,75,18,6,46,8000000,2019-06-20,6600000,2018 Sport Club Corinthians Paulista → Shakhtar Donetsk,1500000,,https://www.transfermarkt.com/maycon/profil/spieler/421935 https://tmapi.transfermarkt.technology/player/421935/national-career-history https://tmapi.transfermarkt.technology/player/421935/performance-game https://tmapi.transfermarkt.technology/transfer/history/player/421935,2026-09-30,єврокубки в базі TM: 2015–2026
tm:43060,Сергій Кузнецов,86,Карпати (Львів) 2008,1,0,43060,Sergey Kuznetsov,1982-08-31,0,0,,0,,0,12,0,2,5,1100000,2010-02-17,200000,2008 Nosta Novotroitsk → Karpaty Lviv (-2021),,,https://www.transfermarkt.com/sergey-kuznetsov/profil/spieler/43060 https://tmapi.transfermarkt.technology/player/43060/national-career-history https://tmapi.transfermarkt.technology/player/43060/performance-game https://tmapi.transfermarkt.technology/transfer/history/player/43060,2026-09-30,єврокубки в базі TM: 2004–2011
tm:43309,Володимир Гоменюк,86,Таврія (Сімферополь) 2007,2,0,43309,Volodymyr Gomenyuk,1985-07-19,8,0,Ukraine,1,,0,17,0,5,0,2200000,2010-08-28,3000000,2009 SC Tavriya Simferopol (-2022) → Dnipro Dnipropetrovsk (- 2020),,,https://www.transfermarkt.com/volodymyr-gomenyuk/profil/spieler/43309 https://tmapi.transfermarkt.technology/player/43309/national-career-history https://tmapi.transfermarkt.technology/player/43309/performance-game https://tmapi.transfermarkt.technology/transfer/history/player/43309,2026-09-30,єврокубки в базі TM: 2008–2015
tm:43848,Мігел Велозу,86,Динамо (Київ) 2012,2,4,43848,Miguel Veloso,1986-05-11,56,3,Portugal,0,,69,72,29,10,38,11500000,2010-07-13,9000000,2010 Sporting CP → Genoa CFC,,,https://www.transfermarkt.com/miguel-veloso/profil/spieler/43848 https://tmapi.transfermarkt.technology/player/43848/national-career-history https://tmapi.transfermarkt.technology/player/43848/performance-game https://tmapi.transfermarkt.technology/transfer/history/player/43848,2026-09-30,єврокубки в базі TM: 2006–2016
tm:43934,Йонуц Мазілу,86,Арсенал (Київ) 2009,1,0,43934,Ionuț Mazilu,1982-02-09,16,4,Romania,0,,1,6,0,1,4,4000000,2008-01-12,4000000,2008 FC Rapid 1923 → Dnipro Dnipropetrovsk (- 2020),,,https://www.transfermarkt.com/ionut-mazilu/profil/spieler/43934 https://tmapi.transfermarkt.technology/player/43934/national-career-history https://tmapi.transfermarkt.technology/player/43934/performance-game https://tmapi.transfermarkt.technology/transfer/history/player/43934,2026-09-30,єврокубки в базі TM: 2006–2013
tm:44138,Олексій Годін,86,Металург (Запоріжжя) 2008,1,0,44138,Oleksiy Godin,1983-02-02,0,0,,0,,11,9,0,3,0,2500000,2009-09-21,,,,,https://www.transfermarkt.com/oleksiy-godin/profil/spieler/44138 https://tmapi.transfermarkt.technology/player/44138/national-career-history https://tmapi.transfermarkt.technology/player/44138/performance-game https://tmapi.transfermarkt.technology/transfer/history/player/44138,2026-09-30,єврокубки в базі TM: 2006–2010
tm:467250,Юхим Конопля,86,Шахтар (Донецьк) 2022,4,5,467250,Yukhym Konoplya,1999-08-26,27,2,Ukraine,1,,19,29,15,0,0,7000000,2024-12-17,,,,,https://www.transfermarkt.com/yukhym-konoplya/profil/spieler/467250 https://tmapi.transfermarkt.technology/player/467250/national-career-history https://tmapi.transfermarkt.technology/player/467250/performance-game https://tmapi.transfermarkt.technology/transfer/history/player/467250,2026-09-30,єврокубки в базі TM: 2020–2026
tm:49022,Віталій Руденко,86,Чорноморець (Одеса) 2003,3,0,49022,Vitaliy Rudenko,1981-01-26,0,0,,0,,33,9,0,0,0,1750000,2008-09-23,,,,,https://www.transfermarkt.com/vitaliy-rudenko/profil/spieler/49022 https://tmapi.transfermarkt.technology/player/49022/national-career-history https://tmapi.transfermarkt.technology/player/49022/performance-game https://tmapi.transfermarkt.technology/transfer/history/player/49022,2026-09-30,єврокубки в базі TM: 2006–2011
tm:517284,Мухаррем Яшарі,86,ЛНЗ (Черкаси) 2024,2,0,517284,Muharrem Jashari,1998-02-21,14,1,Kosovo,0,,9,10,0,0,10,1200000,2025-12-18,75000,2021 KF Trepca 89 → FC Drita,,,https://www.transfermarkt.com/muharrem-jashari/profil/spieler/517284 https://tmapi.transfermarkt.technology/player/517284/national-career-history https://tmapi.transfermarkt.technology/player/517284/performance-game https://tmapi.transfermarkt.technology/transfer/history/player/517284,2026-09-30,єврокубки в базі TM: 2021–2024
tm:52769,Віллян,86,Шахтар (Донецьк) 2008,4,6,52769,Willian,1988-08-09,70,9,Brazil,0,,11,135,71,23,82,50000000,2018-12-19,35500000,2013 Anzhi Makhachkala → Chelsea FC,,Komanda #2 2012,https://www.transfermarkt.com/willian/profil/spieler/52769 https://tmapi.transfermarkt.technology/player/52769/national-career-history https://tmapi.transfermarkt.technology/player/52769/performance-game https://tmapi.transfermarkt.technology/transfer/history/player/52769 https://en.wikipedia.org/wiki/Ukrainian_Footballer_of_the_Year,2026-09-30,єврокубки в базі TM: 2007–2026
tm:530696,Іраклі Азарові,86,Шахтар (Донецьк) 2023,1,3,530696,Irakli Azarovi,2002-02-21,25,0,Georgia,0,,50,25,6,1,11,5000000,2024-06-06,3000000,2023 Red Star Belgrade → Shakhtar Donetsk,,,https://www.transfermarkt.com/irakli-azarovi/profil/spieler/530696 https://tmapi.transfermarkt.technology/player/530696/national-career-history https://tmapi.transfermarkt.technology/player/530696/performance-game https://tmapi.transfermarkt.technology/transfer/history/player/530696,2026-09-30,єврокубки в базі TM: 2019–2026
tm:533318,Назарій Муравський,86,ЛНЗ (Черкаси) 2025,1,0,533318,Nazariy Muravskyi,2000-02-03,0,0,,0,,15,2,0,0,2,1200000,2026-06-02,50000,2022 Shakhtar Donetsk U21 → PFC Lviv,,,https://www.transfermarkt.com/nazariy-muravskyi/profil/spieler/533318 https://tmapi.transfermarkt.technology/player/533318/national-career-history https://tmapi.transfermarkt.technology/player/533318/performance-game https://tmapi.transfermarkt.technology/transfer/history/player/533318,2026-09-30,єврокубки в базі TM: 2026–2027
tm:537860,Михайло Мудрик,86,Шахтар (Донецьк) 2022,1,3,537860,Mykhaylo Mudryk,2001-01-05,28,3,Ukraine,1,,42,21,14,6,8,60000000,2023-03-16,70000000,2023 Shakhtar Donetsk → Chelsea FC,,UF #1 2022,https://www.transfermarkt.com/mykhaylo-mudryk/profil/spieler/537860 https://tmapi.transfermarkt.technology/player/537860/national-career-history https://tmapi.transfermarkt.technology/player/537860/performance-game https://tmapi.transfermarkt.technology/transfer/history/player/537860 https://en.wikipedia.org/wiki/Ukrainian_Footballer_of_the_Year,2026-09-30,єврокубки в базі TM: 2021–2025
tm:54576,Себастьян Бланко,86,Металіст (Харків) 2013,1,0,54576,Sebastián Blanco,1988-03-15,2,1,Argentina,0,,0,70,0,5,48,6000000,2014-06-30,8700000,2011 CA Lanús → Metalist Kharkiv (- 2016),,,https://www.transfermarkt.com/sebastian-blanco/profil/spieler/54576 https://tmapi.transfermarkt.technology/player/54576/national-career-history https://tmapi.transfermarkt.technology/player/54576/performance-game https://tmapi.transfermarkt.technology/transfer/history/player/54576,2026-09-30,єврокубки в базі TM: 2006–2024
tm:56698,Александер Кобахідзе,86,Арсенал (Київ) 2011,3,0,56698,Aleksandre Kobakhidze,1987-02-11,35,3,Georgia,0,,8,18,0,2,10,2000000,2013-06-17,600000,2008 Dinamo Tbilisi → Dnipro Dnipropetrovsk (- 2020),,,https://www.transfermarkt.com/aleksandre-kobakhidze/profil/spieler/56698 https://tmapi.transfermarkt.technology/player/56698/national-career-history https://tmapi.transfermarkt.technology/player/56698/performance-game https://tmapi.transfermarkt.technology/transfer/history/player/56698,2026-09-30,єврокубки в базі TM: 2006–2021
tm:577260,Факундо Батіста,86,Полісся (Житомир) 2024,1,0,577260,Facundo Batista,1999-01-16,0,0,,0,,14,10,0,3,10,2000000,2025-06-10,1750000,2025 Club Necaxa → Polissya Zhytomyr,240000,,https://www.transfermarkt.com/facundo-batista/profil/spieler/577260 https://tmapi.transfermarkt.technology/player/577260/national-career-history https://tmapi.transfermarkt.technology/player/577260/performance-game https://tmapi.transfermarkt.technology/transfer/history/player/577260,2026-09-30,єврокубки в базі TM: 2022–2026
tm:58046,Василь Кобін,86,Верес (Рівне) 2017,1,7,58046,Vasyl Kobin,1985-05-24,11,0,Ukraine,1,,1,16,4,2,0,3500000,2010-02-16,,,,,https://www.transfermarkt.com/vasyl-kobin/profil/spieler/58046 https://tmapi.transfermarkt.technology/player/58046/national-career-history https://tmapi.transfermarkt.technology/player/58046/performance-game https://tmapi.transfermarkt.technology/transfer/history/player/58046,2026-09-30,єврокубки в базі TM: 2009–2016
tm:58238,Микита Каменюка,86,Зоря (Луганськ) 2013,2,0,58238,Mykyta Kamenyuka,1985-06-03,1,0,Ukraine,1,,0,16,0,2,0,1200000,2015-06-07,,,,,https://www.transfermarkt.com/mykyta-kamenyuka/profil/spieler/58238 https://tmapi.transfermarkt.technology/player/58238/national-career-history https://tmapi.transfermarkt.technology/player/58238/performance-game https://tmapi.transfermarkt.technology/transfer/history/player/58238,2026-09-30,єврокубки в базі TM: 2014–2020
tm:58252,Сергій Сімінін,86,Верес (Рівне) 2017,1,0,58252,Sergiy Siminin,1987-10-09,0,0,,0,,0,3,0,0,0,1000000,2016-07-21,,,,,https://www.transfermarkt.com/sergiy-siminin/profil/spieler/58252 https://tmapi.transfermarkt.technology/player/58252/national-career-history https://tmapi.transfermarkt.technology/player/58252/performance-game https://tmapi.transfermarkt.technology/transfer/history/player/58252,2026-09-30,єврокубки в базі TM: 2015–2017
tm:58970,Євген Шахов,86,Дніпро (Дніпропетровськ) 2014,3,0,58970,Yevgen Shakhov,1990-11-30,7,1,Ukraine,1,,35,60,0,6,40,2500000,2018-05-22,,,,,https://www.transfermarkt.com/yevgen-shakhov/profil/spieler/58970 https://tmapi.transfermarkt.technology/player/58970/national-career-history https://tmapi.transfermarkt.technology/player/58970/performance-game https://tmapi.transfermarkt.technology/transfer/history/player/58970,2026-09-30,єврокубки в базі TM: 2010–2025
tm:59129,Вадим Сапай,86,Ворскла (Полтава) 2014,1,0,59129,Vadym Sapay,1986-02-07,0,0,,0,,0,6,0,0,0,1000000,2014-01-02,,,,,https://www.transfermarkt.com/vadym-sapay/profil/spieler/59129 https://tmapi.transfermarkt.technology/player/59129/national-career-history https://tmapi.transfermarkt.technology/player/59129/performance-game https://tmapi.transfermarkt.technology/transfer/history/player/59129,2026-09-30,єврокубки в базі TM: 2015–2019
tm:59148,Олександр Воловик,86,Металург (Донецьк) 2012,2,1,59148,Oleksandr Volovyk,1985-10-28,0,0,,0,,0,10,0,1,0,1500000,2012-07-02,4000000,2013 Metalurg Donetsk (- 2015) → Shakhtar Donetsk,,,https://www.transfermarkt.com/oleksandr-volovyk/profil/spieler/59148 https://tmapi.transfermarkt.technology/player/59148/national-career-history https://tmapi.transfermarkt.technology/player/59148/performance-game https://tmapi.transfermarkt.technology/transfer/history/player/59148,2026-09-30,єврокубки в базі TM: 2009–2013
tm:59440,Антон Поступаленко,86,Олімпік (Донецьк) 2016,1,0,59440,Anton Postupalenko,1988-08-28,0,0,,0,,4,1,0,0,0,700000,2017-06-26,,,,,https://www.transfermarkt.com/anton-postupalenko/profil/spieler/59440 https://tmapi.transfermarkt.technology/player/59440/national-career-history https://tmapi.transfermarkt.technology/player/59440/performance-game https://tmapi.transfermarkt.technology/transfer/history/player/59440,2026-09-30,єврокубки в базі TM: 2010–2011
tm:59442,Євген Селін,86,Ворскла (Полтава) 2010,2,3,59442,Yevgen Selin,1988-05-09,15,1,Ukraine,1,,25,13,0,0,1,2500000,2012-07-02,2000000,2013 Vorskla Poltava → Dynamo Kyiv,,,https://www.transfermarkt.com/yevgen-selin/profil/spieler/59442 https://tmapi.transfermarkt.technology/player/59442/national-career-history https://tmapi.transfermarkt.technology/player/59442/performance-game https://tmapi.transfermarkt.technology/transfer/history/player/59442,2026-09-30,єврокубки в базі TM: 2011–2021
tm:598629,Бруно Дуарте,86,ПФК Львів 2018,1,0,598629,Bruno Duarte,1996-03-24,0,0,,0,,0,38,7,12,38,5000000,2025-09-16,2000000,2026 Red Star Belgrade → Clube de Regatas Vasco da Gama,,,https://www.transfermarkt.com/bruno-duarte/profil/spieler/598629 https://tmapi.transfermarkt.technology/player/598629/national-career-history https://tmapi.transfermarkt.technology/player/598629/performance-game https://tmapi.transfermarkt.technology/transfer/history/player/598629,2026-09-30,єврокубки в базі TM: 2019–2027
tm:59896,Дмитро Хомченовський,86,Зоря (Луганськ) 2013,4,0,59896,Dmytro Khomchenovskyi,1990-04-16,4,0,Ukraine,1,,13,33,0,1,2,2000000,2015-06-07,,,,,https://www.transfermarkt.com/dmytro-khomchenovskyi/profil/spieler/59896 https://tmapi.transfermarkt.technology/player/59896/national-career-history https://tmapi.transfermarkt.technology/player/59896/performance-game https://tmapi.transfermarkt.technology/transfer/history/player/59896,2026-09-30,єврокубки в базі TM: 2014–2025
tm:60979,Янік Болі,86,Зоря (Луганськ) 2013,1,0,60979,Yannick Boli,1988-01-13,1,0,Ivory Coast,0,,0,1,0,1,0,1800000,2016-05-25,600000,2014 Zorya Lugansk → Anzhi Makhachkala,,,https://www.transfermarkt.com/yannick-boli/profil/spieler/60979 https://tmapi.transfermarkt.technology/player/60979/national-career-history https://tmapi.transfermarkt.technology/player/60979/performance-game https://tmapi.transfermarkt.technology/transfer/history/player/60979,2026-09-30,єврокубки в базі TM: 2014–2015
tm:665048,Арсеній Батагов,86,Зоря (Луганськ) 2022,1,0,665048,Arseniy Batagov,2002-03-05,0,0,,0,,56,8,0,0,0,11000000,2026-05-21,1834862,2024 Zorya Lugansk → Trabzonspor,,,https://www.transfermarkt.com/arseniy-batagov/profil/spieler/665048 https://tmapi.transfermarkt.technology/player/665048/national-career-history https://tmapi.transfermarkt.technology/player/665048/performance-game https://tmapi.transfermarkt.technology/transfer/history/player/665048,2026-09-30,єврокубки в базі TM: 2022–2024
tm:668235,Марлон Гомес,86,Шахтар (Донецьк) 2024,2,3,668235,Marlon Gomes,2003-12-14,0,0,,0,,29,22,8,2,0,12000000,2026-06-02,12000000,2024 Clube de Regatas Vasco da Gama → Shakhtar Donetsk,,,https://www.transfermarkt.com/marlon-gomes/profil/spieler/668235 https://tmapi.transfermarkt.technology/player/668235/national-career-history https://tmapi.transfermarkt.technology/player/668235/performance-game https://tmapi.transfermarkt.technology/transfer/history/player/668235,2026-09-30,єврокубки в базі TM: 2024–2027
tm:678503,Данило Варакута,86,Металіст 1925 (Харків) 2025,1,0,678503,Danylo Varakuta,2001-11-04,0,0,,0,,0,0,0,0,0,800000,2026-06-02,,,,,https://www.transfermarkt.com/danylo-varakuta/profil/spieler/678503 https://tmapi.transfermarkt.technology/player/678503/national-career-history https://tmapi.transfermarkt.technology/player/678503/performance-game https://tmapi.transfermarkt.technology/transfer/history/player/678503,2026-09-30,
tm:723621,Денис Кузик,86,Кривбас (Кривий Ріг) 2023,3,0,723621,Denys Kuzyk,2002-09-18,0,0,,0,,11,6,0,0,2,2000000,2026-06-02,650000,2025 Kryvbas Kryvyi Rig → LNZ Cherkasy,,,https://www.transfermarkt.com/denys-kuzyk/profil/spieler/723621 https://tmapi.transfermarkt.technology/player/723621/national-career-history https://tmapi.transfermarkt.technology/player/723621/performance-game https://tmapi.transfermarkt.technology/transfer/history/player/723621,2026-09-30,єврокубки в базі TM: 2024–2027
tm:726034,Назар Волошин,86,Динамо (Київ) 2023,1,4,726034,Nazar Voloshyn,2003-06-17,6,0,Ukraine,1,,37,33,0,5,0,5000000,2026-06-02,,,,,https://www.transfermarkt.com/nazar-voloshyn/profil/spieler/726034 https://tmapi.transfermarkt.technology/player/726034/national-career-history https://tmapi.transfermarkt.technology/player/726034/performance-game https://tmapi.transfermarkt.technology/transfer/history/player/726034,2026-09-30,єврокубки в базі TM: 2023–2027
tm:73185,Лукас Перес,86,Карпати (Львів) 2012,1,0,73185,Lucas Pérez,1988-09-10,0,0,,0,,0,21,3,7,17,17000000,2017-02-20,20000000,2016 Deportivo A Coruña → Arsenal FC,1200000,,https://www.transfermarkt.com/lucas-perez/profil/spieler/73185 https://tmapi.transfermarkt.technology/player/73185/national-career-history https://tmapi.transfermarkt.technology/player/73185/performance-game https://tmapi.transfermarkt.technology/transfer/history/player/73185,2026-09-30,єврокубки в базі TM: 2011–2017
tm:81649,Сергій Рибалка,86,Олександрія 2022,1,4,81649,Sergiy Rybalka,1990-04-01,9,0,Ukraine,1,,28,36,12,3,13,4500000,2016-06-01,,,,,https://www.transfermarkt.com/sergiy-rybalka/profil/spieler/81649 https://tmapi.transfermarkt.technology/player/81649/national-career-history https://tmapi.transfermarkt.technology/player/81649/performance-game https://tmapi.transfermarkt.technology/transfer/history/player/81649,2026-09-30,єврокубки в базі TM: 2013–2017
tm:86931,Євген Опанасенко,86,Зоря (Луганськ) 2015,1,0,86931,Yevgen Opanasenko,1990-08-25,0,0,,0,,18,13,0,0,0,1000000,2018-01-12,200000,2018 Zorya Lugansk → Konyaspor,,,https://www.transfermarkt.com/yevgen-opanasenko/profil/spieler/86931 https://tmapi.transfermarkt.technology/player/86931/national-career-history https://tmapi.transfermarkt.technology/player/86931/performance-game https://tmapi.transfermarkt.technology/transfer/history/player/86931,2026-09-30,єврокубки в базі TM: 2014–2018
tm:889438,Ілля Крупський,86,Металіст 1925 (Харків) 2025,1,0,889438,Ilya Krupskyi,2004-10-02,1,0,Ukraine,1,,27,2,0,0,0,2000000,2026-09-21,1500000,2025 Vorskla Poltava → FC Kharkiv,,,https://www.transfermarkt.com/ilya-krupskyi/profil/spieler/889438 https://tmapi.transfermarkt.technology/player/889438/national-career-history https://tmapi.transfermarkt.technology/player/889438/performance-game https://tmapi.transfermarkt.technology/transfer/history/player/889438,2026-09-30,єврокубки в базі TM: 2023–2024
tm:936825,Ілля Квасниця,86,Рух (Львів) 2023,1,0,936825,Ilya Kvasnytsya,2003-03-20,0,0,,0,,23,0,0,0,0,3000000,2024-12-17,1000000,2026 Rukh Lviv → Karpaty Lviv,,,https://www.transfermarkt.com/ilya-kvasnytsya/profil/spieler/936825 https://tmapi.transfermarkt.technology/player/936825/national-career-history https://tmapi.transfermarkt.technology/player/936825/performance-game https://tmapi.transfermarkt.technology/transfer/history/player/936825,2026-09-30,
tm:937917,Дмитро Ледвій,86,Рух (Львів) 2023,1,0,937917,Dmytro Ledviy,2003-08-26,0,0,,0,,1,0,0,0,0,700000,2025-06-10,400000,2025 Rukh Lviv → LNZ Cherkasy,,,https://www.transfermarkt.com/dmytro-ledviy/profil/spieler/937917 https://tmapi.transfermarkt.technology/player/937917/national-career-history https://tmapi.transfermarkt.technology/player/937917/performance-game https://tmapi.transfermarkt.technology/transfer/history/player/937917,2026-09-30,
tm:94922,Богдан Бутко,86,Шахтар (Донецьк) 2017,4,3,94922,Bogdan Butko,1991-01-13,33,0,Ukraine,1,,51,18,10,0,3,3000000,2012-11-19,,,,,https://www.transfermarkt.com/bogdan-butko/profil/spieler/94922 https://tmapi.transfermarkt.technology/player/94922/national-career-history https://tmapi.transfermarkt.technology/player/94922/performance-game https://tmapi.transfermarkt.technology/transfer/history/player/94922,2026-09-30,єврокубки в базі TM: 2016–2021
tm:9688,Томаш Гюбшман,86,Шахтар (Донецьк) 2004,5,10,9688,Tomas Hübschman,1981-09-04,58,1,Czechia,0,,67,129,62,4,50,6500000,2009-09-23,3000000,2004 AC Sparta Praha → Shakhtar Donetsk,,,https://www.transfermarkt.com/tomas-huebschman/profil/spieler/9688 https://tmapi.transfermarkt.technology/player/9688/national-career-history https://tmapi.transfermarkt.technology/player/9688/performance-game https://tmapi.transfermarkt.technology/transfer/history/player/9688,2026-09-30,єврокубки в базі TM: 2001–2022
w:1960-09-05:iurchenko,Ігор Юрченко,86,Прикарпаття (Івано-Франківськ) 1994,1,0,135315,Igor Yurchenko,1960-09-05,0,0,,0,,1,9,0,1,0,,,,,,,https://www.transfermarkt.com/igor-yurchenko/profil/spieler/135315 https://tmapi.transfermarkt.technology/player/135315/national-career-history https://tmapi.transfermarkt.technology/player/135315/performance-game https://tmapi.transfermarkt.technology/transfer/history/player/135315,2026-09-30,tm id: transfermarkt search + dob; єврокубки в базі TM: 1983–1986
w:1964-12-13:belichenko,Юрій Бєліченко,86,Шахтар (Донецьк) 1993,2,3,596124,Yuriy Belichenko,1964-12-13,0,0,,0,,0,1,0,0,0,,,,,,,https://www.transfermarkt.com/yuriy-belichenko/profil/spieler/596124 https://tmapi.transfermarkt.technology/player/596124/national-career-history https://tmapi.transfermarkt.technology/player/596124/performance-game https://tmapi.transfermarkt.technology/transfer/history/player/596124,2026-09-30,tm id: transfermarkt search + dob; єврокубки в базі TM: 1994–1995
w:1965-03-13:volkov,Ігор Волков,86,Таврія (Сімферополь) 1993,2,0,183491,Igor Volkov,1965-03-13,0,0,,0,,0,3,1,0,0,,,,,,,https://www.transfermarkt.com/igor-volkov/profil/spieler/183491 https://tmapi.transfermarkt.technology/player/183491/national-career-history https://tmapi.transfermarkt.technology/player/183491/performance-game https://tmapi.transfermarkt.technology/transfer/history/player/183491,2026-09-30,tm id: wikidata P2446 + dob; єврокубки в базі TM: 1992–1993
w:1965-06-05:martinov,Юрій Мартинов,86,Зірка (Кропивницький) 1997,2,0,174762,Yuriy Martynov,1965-06-05,1,0,Ukraine,1,,0,0,0,0,0,,,,,,,https://www.transfermarkt.com/yuriy-martynov/profil/spieler/174762 https://tmapi.transfermarkt.technology/player/174762/national-career-history https://tmapi.transfermarkt.technology/player/174762/performance-game https://tmapi.transfermarkt.technology/transfer/history/player/174762,2026-09-30,tm id: wikidata P2446 + dob
w:1965-09-28:mikolaenko,Юрій Миколаєнко,86,Нива (Вінниця) 1993,1,0,,,,,,,,,,,,,,,,,,,,,2026-09-30,немає Transfermarkt ID (не знайдено/не підтверджено датою народження)
w:1966-01-22:vernidub,Юрій Вернидуб,86,Торпедо (Запоріжжя) 1995,1,0,63168,Yuriy Vernydub,1966-01-22,0,0,,0,,0,3,0,0,3,,,30000,1997 Torpedo Zaporizhya → Zenit St. Petersburg,,,https://www.transfermarkt.com/yuriy-vernydub/profil/spieler/63168 https://tmapi.transfermarkt.technology/player/63168/national-career-history https://tmapi.transfermarkt.technology/player/63168/performance-game https://tmapi.transfermarkt.technology/transfer/history/player/63168,2026-09-30,"tm id: repo link (data/foot, data/positions); єврокубки в базі TM: 1999–2001"
w:1966-04-12:telesnenko,Андрій Телесненко,86,Чорноморець (Одеса) 1994,1,0,116800,Andriy Telesnenko,1966-04-12,3,0,Ukraine,1,,0,24,0,0,20,,,,,,,https://www.transfermarkt.com/andriy-telesnenko/profil/spieler/116800 https://tmapi.transfermarkt.technology/player/116800/national-career-history https://tmapi.transfermarkt.technology/player/116800/performance-game https://tmapi.transfermarkt.technology/transfer/history/player/116800,2026-09-30,tm id: wikidata P2446 + dob; єврокубки в базі TM: 1990–2001
w:1966-04-24:sheihametov,Толят Шейхаметов,86,Таврія (Сімферополь) 1992,1,0,183487,Tolyat Sheykhametov,1966-04-24,0,0,,0,,0,3,2,1,0,,,,,,,https://www.transfermarkt.com/tolyat-sheykhametov/profil/spieler/183487 https://tmapi.transfermarkt.technology/player/183487/national-career-history https://tmapi.transfermarkt.technology/player/183487/performance-game https://tmapi.transfermarkt.technology/transfer/history/player/183487,2026-09-30,tm id: wikidata P2446 + dob; єврокубки в базі TM: 1992–1993
w:1967-01-03:sak,Юрій Сак,86,Чорноморець (Одеса) 1994,2,0,86933,Yuriy Sak,1967-01-03,10,1,Ukraine,1,,0,8,0,2,0,,,,,,,https://www.transfermarkt.com/yuriy-sak/profil/spieler/86933 https://tmapi.transfermarkt.technology/player/86933/national-career-history https://tmapi.transfermarkt.technology/player/86933/performance-game https://tmapi.transfermarkt.technology/transfer/history/player/86933,2026-09-30,tm id: wikidata P2446 + dob; єврокубки в базі TM: 1992–1996
w:1967-11-05:chuhleba,Олег Чухлєба,86,Дніпро (Дніпропетровськ) 1992,1,0,510201,Oleg Chukhleba,1967-11-05,0,0,,0,,0,3,0,1,0,,,,,,,https://www.transfermarkt.com/oleg-chukhleba/profil/spieler/510201 https://tmapi.transfermarkt.technology/player/510201/national-career-history https://tmapi.transfermarkt.technology/player/510201/performance-game https://tmapi.transfermarkt.technology/transfer/history/player/510201,2026-09-30,tm id: wikidata P2446 + dob; єврокубки в базі TM: 1993–1994
w:1968-02-02:finkel,Борис Фінкель,86,Дніпро (Дніпропетровськ) 1994,2,0,346655,Borys Finkel,1968-02-02,4,1,Ukraine,1,,0,0,0,0,0,,,,,,,https://www.transfermarkt.com/borys-finkel/profil/spieler/346655 https://tmapi.transfermarkt.technology/player/346655/national-career-history https://tmapi.transfermarkt.technology/player/346655/performance-game https://tmapi.transfermarkt.technology/transfer/history/player/346655,2026-09-30,tm id: wikidata P2446 + dob
w:1968-05-05:kalitvintsev,Юрій Калитвинцев,86,Динамо (Київ) 1996,2,5,67108,Yuriy Kalitvintsev,1968-05-05,22,1,Ukraine,1,,5,29,10,4,7,,,4500000,1998 Dynamo Kyiv → Trabzonspor,,Komanda #1 1995; UF #1 1995; Komanda #3 1997; UF #3 1997,https://www.transfermarkt.com/yuriy-kalitvintsev/profil/spieler/67108 https://tmapi.transfermarkt.technology/player/67108/national-career-history https://tmapi.transfermarkt.technology/player/67108/performance-game https://tmapi.transfermarkt.technology/transfer/history/player/67108 https://en.wikipedia.org/wiki/Ukrainian_Footballer_of_the_Year,2026-09-30,"tm id: repo link (data/foot, data/positions); єврокубки в базі TM: 1992–1999"
w:1968-07-09:babi,Олександр Бабій,86,Шахтар (Донецьк) 1994,1,3,63125,Oleksandr Babiy,1968-07-09,0,0,,0,,0,9,0,0,2,,,25000,1998 Shakhtar Donetsk → Zenit St. Petersburg,,,https://www.transfermarkt.com/oleksandr-babiy/profil/spieler/63125 https://tmapi.transfermarkt.technology/player/63125/national-career-history https://tmapi.transfermarkt.technology/player/63125/performance-game https://tmapi.transfermarkt.technology/transfer/history/player/63125,2026-09-30,"tm id: repo link (data/foot, data/positions); єврокубки в базі TM: 1994–2000"
w:1969-01-23:ponomarenko,Віталій Пономаренко,86,Динамо (Київ) 1992,1,2,178676,Vitaliy Ponomarenko,1969-01-23,0,0,,0,,0,2,2,0,0,,,,,,,https://www.transfermarkt.com/vitaliy-ponomarenko/profil/spieler/178676 https://tmapi.transfermarkt.technology/player/178676/national-career-history https://tmapi.transfermarkt.technology/player/178676/performance-game https://tmapi.transfermarkt.technology/transfer/history/player/178676,2026-09-30,tm id: transfermarkt search + dob; єврокубки в базі TM: 1993–1994
w:1969-05-02:ternavski,Владислав Тернавський,86,Чорноморець (Одеса) 1995,2,0,102596,Vladislav Ternavskiy,1969-05-02,7,0,Russia,0,,0,13,6,0,6,,,,,,,https://www.transfermarkt.com/vladislav-ternavskiy/profil/spieler/102596 https://tmapi.transfermarkt.technology/player/102596/national-career-history https://tmapi.transfermarkt.technology/player/102596/performance-game https://tmapi.transfermarkt.technology/transfer/history/player/102596,2026-09-30,"tm id: repo link (data/foot, data/positions); єврокубки в базі TM: 1991–1996"
w:1969-09-07:kosheliuk,Олег Кошелюк,86,Чорноморець (Одеса) 1992,1,0,207870,Oleg Koshelyuk,1969-09-07,0,0,,0,,2,8,0,0,4,,,,,,,https://www.transfermarkt.com/oleg-koshelyuk/profil/spieler/207870 https://tmapi.transfermarkt.technology/player/207870/national-career-history https://tmapi.transfermarkt.technology/player/207870/performance-game https://tmapi.transfermarkt.technology/transfer/history/player/207870,2026-09-30,tm id: wikidata P2446 + dob; єврокубки в базі TM: 1992–1998
w:1970-01-14:vorobiov,Валерій Воробйов,86,Кривбас (Кривий Ріг) 1993,1,1,15598,Valeriy Vorobjov,1970-01-14,4,0,Ukraine,1,,0,9,0,0,9,,,,,,,https://www.transfermarkt.com/valeriy-vorobjov/profil/spieler/15598 https://tmapi.transfermarkt.technology/player/15598/national-career-history https://tmapi.transfermarkt.technology/player/15598/performance-game https://tmapi.transfermarkt.technology/transfer/history/player/15598,2026-09-30,tm id: wikidata P2446 + dob; єврокубки в базі TM: 1997–2004
w:1970-02-01:irichuk,Павло Ірічук,86,Прикарпаття (Івано-Франківськ) 1995,1,0,288479,Paolo Rachini,1970-02-01,0,0,,0,,0,0,0,0,0,,,,,,,https://www.transfermarkt.com/paolo-rachini/profil/spieler/288479 https://tmapi.transfermarkt.technology/player/288479/national-career-history https://tmapi.transfermarkt.technology/player/288479/performance-game https://tmapi.transfermarkt.technology/transfer/history/player/288479,2026-09-30,tm id: wikidata P2446 + dob
w:1970-10-11:evtushok,Олександр Євтушок,86,Карпати (Львів) 1993,3,0,,,,,,,,,,,,,,,,,,,,,2026-09-30,немає Transfermarkt ID (не знайдено/не підтверджено датою народження)
w:1970-10-30:osadchi,Сергій Осадчий,86,Металург (Донецьк) 2000,1,0,916059,Sergiy Osadchyi,1970-10-30,0,0,,0,,0,0,0,0,0,,,,,,,https://www.transfermarkt.com/sergiy-osadchyi/profil/spieler/916059 https://tmapi.transfermarkt.technology/player/916059/national-career-history https://tmapi.transfermarkt.technology/player/916059/performance-game https://tmapi.transfermarkt.technology/transfer/history/player/916059,2026-09-30,tm id: transfermarkt search + dob
w:1971-01-02:zavialov,Андрій Зав'ялов,86,Прикарпаття (Івано-Франківськ) 1996,1,2,514030,Andriy Zavyalov,1971-01-02,3,2,Turkmenistan,0,,0,0,0,0,0,,,,,,,https://www.transfermarkt.com/andriy-zavyalov/profil/spieler/514030 https://tmapi.transfermarkt.technology/player/514030/national-career-history https://tmapi.transfermarkt.technology/player/514030/performance-game https://tmapi.transfermarkt.technology/transfer/history/player/514030,2026-09-30,tm id: transfermarkt search + dob
w:1971-01-19:markin,Юрій Маркін,86,Металург (Запоріжжя) 1995,2,0,774911,Yuriy Markin,1971-01-19,0,0,,0,,0,0,0,0,0,,,,,,,https://www.transfermarkt.com/yuriy-markin/profil/spieler/774911 https://tmapi.transfermarkt.technology/player/774911/national-career-history https://tmapi.transfermarkt.technology/player/774911/performance-game https://tmapi.transfermarkt.technology/transfer/history/player/774911,2026-09-30,tm id: transfermarkt search + dob
w:1971-02-23:naduda,Олег Надуда,86,Нива (Вінниця) 1993,1,0,80319,Oleg Naduda,1971-02-23,1,0,Ukraine,1,,0,3,3,0,3,,,,,,,https://www.transfermarkt.com/oleg-naduda/profil/spieler/80319 https://tmapi.transfermarkt.technology/player/80319/national-career-history https://tmapi.transfermarkt.technology/player/80319/performance-game https://tmapi.transfermarkt.technology/transfer/history/player/80319,2026-09-30,"tm id: repo link (data/foot, data/positions); єврокубки в базі TM: 1994–1995"
w:1971-05-27:chijevski,Олександр Чижевський,86,Карпати (Львів) 1997,4,1,57863,Oleksandr Chyzhevskyi,1971-05-27,1,0,Ukraine,1,,0,3,0,0,0,150000,2010-02-22,,,,,https://www.transfermarkt.com/oleksandr-chyzhevskyi/profil/spieler/57863 https://tmapi.transfermarkt.technology/player/57863/national-career-history https://tmapi.transfermarkt.technology/player/57863/performance-game https://tmapi.transfermarkt.technology/transfer/history/player/57863,2026-09-30,"tm id: repo link (data/foot, data/positions); єврокубки в базі TM: 1993–2000"
w:1971-07-04:fedkov,Андрій Федьков,86,Кремінь (Кременчук) 1994,2,1,24127,Andrey Fedkov,1971-07-04,2,0,Russia,0,,0,13,0,3,9,100000,2007-07-31,,,,,https://www.transfermarkt.com/andrey-fedkov/profil/spieler/24127 https://tmapi.transfermarkt.technology/player/24127/national-career-history https://tmapi.transfermarkt.technology/player/24127/performance-game https://tmapi.transfermarkt.technology/transfer/history/player/24127,2026-09-30,"tm id: repo link (data/foot, data/positions); єврокубки в базі TM: 1995–2005"
w:1972-01-02:haschin,Володимир Гащин,86,Кривбас (Кривий Ріг) 1997,1,0,167029,Volodymyr Gashchyn,1972-01-02,0,0,,0,,0,0,0,0,0,,,,,,,https://www.transfermarkt.com/volodymyr-gashchyn/profil/spieler/167029 https://tmapi.transfermarkt.technology/player/167029/national-career-history https://tmapi.transfermarkt.technology/player/167029/performance-game https://tmapi.transfermarkt.technology/transfer/history/player/167029,2026-09-30,"tm id: repo link (data/foot, data/positions)"
w:1972-03-28:korobchenko,Олексій Коробченко,86,Зоря (Луганськ) 1994,2,0,774168,Aleksey Korobchenko,1972-03-28,0,0,,0,,0,0,0,0,0,,,,,,,https://www.transfermarkt.com/aleksey-korobchenko/profil/spieler/774168 https://tmapi.transfermarkt.technology/player/774168/national-career-history https://tmapi.transfermarkt.technology/player/774168/performance-game https://tmapi.transfermarkt.technology/transfer/history/player/774168,2026-09-30,tm id: transfermarkt search + dob
w:1972-10-29:ponomarenko,Володимир Пономаренко,86,Кривбас (Кривий Ріг) 1998,1,0,92466,Volodymyr Ponomarenko,1972-10-29,0,0,,0,,0,10,0,1,0,,,,,,,https://www.transfermarkt.com/volodymyr-ponomarenko/profil/spieler/92466 https://tmapi.transfermarkt.technology/player/92466/national-career-history https://tmapi.transfermarkt.technology/player/92466/performance-game https://tmapi.transfermarkt.technology/transfer/history/player/92466,2026-09-30,tm id: wikidata P2446 + dob; єврокубки в базі TM: 1999–2004
w:1972-11-26:levitski,Максим Левицький,86,Таврія (Сімферополь) 1994,1,0,41048,Maksym Levitskyi,1972-11-26,8,0,Ukraine,1,,0,7,7,0,7,175000,2007-07-31,850000,2000 Chernomorets Novorossijsk → AS Saint-Étienne,,,https://www.transfermarkt.com/maksym-levitskyi/profil/spieler/41048 https://tmapi.transfermarkt.technology/player/41048/national-career-history https://tmapi.transfermarkt.technology/player/41048/performance-game https://tmapi.transfermarkt.technology/transfer/history/player/41048,2026-09-30,tm id: wikidata P2446 + dob; єврокубки в базі TM: 2001–2003
w:1972-12-02:kandaurov,Сергій Кандауров,86,Металіст (Харків) 1992,1,0,172251,Sergiy Kandaurov,1972-12-02,6,0,Ukraine,1,,1,22,2,2,22,,,,,,,https://www.transfermarkt.com/sergiy-kandaurov/profil/spieler/172251 https://tmapi.transfermarkt.technology/player/172251/national-career-history https://tmapi.transfermarkt.technology/player/172251/performance-game https://tmapi.transfermarkt.technology/transfer/history/player/172251,2026-09-30,tm id: wikidata P2446 + dob; єврокубки в базі TM: 1993–2001
w:1972-12-11:husin,Андрій Гусін,86,Динамо (Київ) 1998,4,9,9788,Andriy Gusin,1972-12-11,71,9,Ukraine,1,,0,73,45,7,7,1500000,2004-10-04,,,,UF #3 2002,https://www.transfermarkt.com/andriy-gusin/profil/spieler/9788 https://tmapi.transfermarkt.technology/player/9788/national-career-history https://tmapi.transfermarkt.technology/player/9788/performance-game https://tmapi.transfermarkt.technology/transfer/history/player/9788 https://en.wikipedia.org/wiki/Ukrainian_Footballer_of_the_Year,2026-09-30,"tm id: repo link (data/foot, data/positions); єврокубки в базі TM: 1997–2009; нагороди: частина зіставлена лише за іменем (у Wikidata немає TM id)"
w:1973-07-21:emerson,Емерсон,86,Дніпро (Дніпропетровськ) 1995,1,0,,,,,,,,,,,,,,,,,,,,,2026-09-30,немає Transfermarkt ID (не знайдено/не підтверджено датою народження)
w:1973-09-13:ostrovski,Андрій Островський,86,Арсенал (Київ) 2002,1,0,49014,Andrey Ostrovskiy,1973-09-13,52,1,Belarus,0,,13,32,1,2,30,,,,,,,https://www.transfermarkt.com/andrey-ostrovskiy/profil/spieler/49014 https://tmapi.transfermarkt.technology/player/49014/national-career-history https://tmapi.transfermarkt.technology/player/49014/performance-game https://tmapi.transfermarkt.technology/transfer/history/player/49014,2026-09-30,tm id: wikidata P2446 + dob; єврокубки в базі TM: 1993–2007
w:1973-11-19:luchkevich,Ігор Лучкевич,86,Металург (Запоріжжя) 1995,1,0,,,,,,,,,,,,,,,,,,,,,2026-09-30,немає Transfermarkt ID (не знайдено/не підтверджено датою народження)
w:1974-02-01:lutsenko,Тарас Луценко,86,Говерла / Закарпаття (Ужгород) 2004,3,3,35142,Taras Lutsenko,1974-02-01,0,0,,0,,0,3,2,0,0,100000,2007-10-07,,,,,https://www.transfermarkt.com/taras-lutsenko/profil/spieler/35142 https://tmapi.transfermarkt.technology/player/35142/national-career-history https://tmapi.transfermarkt.technology/player/35142/performance-game https://tmapi.transfermarkt.technology/transfer/history/player/35142,2026-09-30,tm id: wikidata P2446 + dob; єврокубки в базі TM: 2006–2009
w:1974-05-03:koval,Олександр Коваль,86,Шахтар (Донецьк) 1996,3,8,190199,Oleksandr Koval,1974-05-03,4,0,Ukraine,1,,17,21,0,0,3,,,,,,,https://www.transfermarkt.com/oleksandr-koval/profil/spieler/190199 https://tmapi.transfermarkt.technology/player/190199/national-career-history https://tmapi.transfermarkt.technology/player/190199/performance-game https://tmapi.transfermarkt.technology/transfer/history/player/190199,2026-09-30,tm id: wikidata P2446 + dob; єврокубки в базі TM: 1994–2001
w:1974-11-21:kirlik,Андрій Кірлік,86,Чорноморець (Одеса) 2005,4,0,48996,Andriy Kirlyk,1974-11-21,0,0,,0,,0,10,0,0,0,100000,2007-10-20,,,,,https://www.transfermarkt.com/andriy-kirlyk/profil/spieler/48996 https://tmapi.transfermarkt.technology/player/48996/national-career-history https://tmapi.transfermarkt.technology/player/48996/performance-game https://tmapi.transfermarkt.technology/transfer/history/player/48996,2026-09-30,tm id: wikidata P2446 + dob; єврокубки в базі TM: 2001–2008
w:1975-02-10:dmitrulin,Юрій Дмитрулін,86,Динамо (Київ) 1997,8,11,9780,Yuriy Dmytrulin,1975-02-10,39,1,Ukraine,1,,4,57,34,0,0,1500000,2004-10-04,,,,,https://www.transfermarkt.com/yuriy-dmytrulin/profil/spieler/9780 https://tmapi.transfermarkt.technology/player/9780/national-career-history https://tmapi.transfermarkt.technology/player/9780/performance-game https://tmapi.transfermarkt.technology/transfer/history/player/9780,2026-09-30,"tm id: repo link (data/foot, data/positions); єврокубки в базі TM: 1995–2004"
w:1975-02-23:zotov,Олександр Зотов,86,Металург (Донецьк) 2002,4,0,24067,Oleksandr Zotov,1975-02-23,4,0,Ukraine,1,,6,29,0,1,0,500000,2008-09-28,,,,,https://www.transfermarkt.com/oleksandr-zotov/profil/spieler/24067 https://tmapi.transfermarkt.technology/player/24067/national-career-history https://tmapi.transfermarkt.technology/player/24067/performance-game https://tmapi.transfermarkt.technology/transfer/history/player/24067,2026-09-30,tm id: wikidata P2446 + dob; єврокубки в базі TM: 1995–2008
w:1975-02-28:miterev,Юрій Мітерєв,86,Чорноморець (Одеса) 2003,2,0,60198,Yuriy Miterev,1975-02-28,36,8,Moldova,0,,0,29,0,1,29,50000,2007-10-01,,,,,https://www.transfermarkt.com/yuriy-miterev/profil/spieler/60198 https://tmapi.transfermarkt.technology/player/60198/national-career-history https://tmapi.transfermarkt.technology/player/60198/performance-game https://tmapi.transfermarkt.technology/transfer/history/player/60198,2026-09-30,tm id: wikidata P2446 + dob; єврокубки в базі TM: 1993–2002
w:1975-03-31:balanchuk,Сергій Баланчук,86,Ворскла (Полтава) 1999,1,1,25870,Sergiy Snytko,1975-03-31,2,0,Ukraine,1,,0,4,0,0,4,50000,2009-01-07,,,,,https://www.transfermarkt.com/sergiy-snytko/profil/spieler/25870 https://tmapi.transfermarkt.technology/player/25870/national-career-history https://tmapi.transfermarkt.technology/player/25870/performance-game https://tmapi.transfermarkt.technology/transfer/history/player/25870,2026-09-30,tm id: wikidata P2446 + dob; єврокубки в базі TM: 1998–1999
w:1975-04-16:anischenko,Андрій Аніщенко,86,Кривбас (Кривий Ріг) 1998,1,0,367811,Andriy Anishchenko,1975-04-16,0,0,,0,,0,6,0,0,0,,,,,,,https://www.transfermarkt.com/andriy-anishchenko/profil/spieler/367811 https://tmapi.transfermarkt.technology/player/367811/national-career-history https://tmapi.transfermarkt.technology/player/367811/performance-game https://tmapi.transfermarkt.technology/transfer/history/player/367811,2026-09-30,tm id: wikidata P2446 + dob; єврокубки в базі TM: 1999–2001
w:1975-08-26:mischenko,Віталій Міщенко,86,Оболонь (Київ) 2003,1,0,894516,Vitaliy Mishchenko,1975-08-26,0,0,,0,,0,0,0,0,0,,,,,,,https://www.transfermarkt.com/vitaliy-mishchenko/profil/spieler/894516 https://tmapi.transfermarkt.technology/player/894516/national-career-history https://tmapi.transfermarkt.technology/player/894516/performance-game https://tmapi.transfermarkt.technology/transfer/history/player/894516,2026-09-30,tm id: transfermarkt search + dob
w:1975-12-18:danel,Даніель Флоря,86,Шахтар (Донецьк) 2002,2,4,14930,Daniel Florea,1975-12-18,3,0,Romania,0,,3,29,0,0,15,750000,2004-12-18,,,,,https://www.transfermarkt.com/daniel-florea/profil/spieler/14930 https://tmapi.transfermarkt.technology/player/14930/national-career-history https://tmapi.transfermarkt.technology/player/14930/performance-game https://tmapi.transfermarkt.technology/transfer/history/player/14930,2026-09-30,tm id: wikidata P2446 + dob; єврокубки в базі TM: 1997–2009
w:1976-03-11:hranovski,Олександр Грановський,86,Кривбас (Кривий Ріг) 1999,2,0,59042,Oleksandr Granovskyi,1976-03-11,3,0,Ukraine,1,,0,9,0,0,2,500000,2007-10-15,,,,,https://www.transfermarkt.com/oleksandr-granovskyi/profil/spieler/59042 https://tmapi.transfermarkt.technology/player/59042/national-career-history https://tmapi.transfermarkt.technology/player/59042/performance-game https://tmapi.transfermarkt.technology/transfer/history/player/59042,2026-09-30,tm id: wikidata P2446 + dob; єврокубки в базі TM: 1996–2001
w:1976-07-19:radchenko,Олександр Радченко,86,Динамо (Київ) 1997,3,4,24046,Oleksandr Radchenko,1976-07-19,17,0,Ukraine,1,,3,35,4,0,0,250000,2007-10-15,,,,,https://www.transfermarkt.com/oleksandr-radchenko/profil/spieler/24046 https://tmapi.transfermarkt.technology/player/24046/national-career-history https://tmapi.transfermarkt.technology/player/24046/performance-game https://tmapi.transfermarkt.technology/transfer/history/player/24046,2026-09-30,"tm id: repo link (data/foot, data/positions); єврокубки в базі TM: 1997–2007"
w:1976-08-20:demchenko,Андрій Демченко,86,Металург (Запоріжжя) 2000,3,0,24487,Andrey Demchenko,1976-08-20,0,0,,0,,27,7,0,0,3,100000,2009-01-03,,,,,https://www.transfermarkt.com/andrey-demchenko/profil/spieler/24487 https://tmapi.transfermarkt.technology/player/24487/national-career-history https://tmapi.transfermarkt.technology/player/24487/performance-game https://tmapi.transfermarkt.technology/transfer/history/player/24487,2026-09-30,tm id: wikidata P2446 + dob; єврокубки в базі TM: 1994–2010
w:1977-01-16:tereschenko,В'ячеслав Терещенко,86,Оболонь (Київ) 2002,1,0,27215,Vyacheslav Tereshchenko,1977-01-16,0,0,,0,,0,0,0,0,0,,,,,,,https://www.transfermarkt.com/vyacheslav-tereshchenko/profil/spieler/27215 https://tmapi.transfermarkt.technology/player/27215/national-career-history https://tmapi.transfermarkt.technology/player/27215/performance-game https://tmapi.transfermarkt.technology/transfer/history/player/27215,2026-09-30,tm id: wikidata P2446 + dob
w:1977-10-27:ostapenko,Олег Остапенко,86,Металіст (Харків) 2004,2,0,59112,Oleg Ostapenko,1977-10-27,0,0,,0,,2,0,0,0,0,200000,2011-01-01,,,,,https://www.transfermarkt.com/oleg-ostapenko/profil/spieler/59112 https://tmapi.transfermarkt.technology/player/59112/national-career-history https://tmapi.transfermarkt.technology/player/59112/performance-game https://tmapi.transfermarkt.technology/transfer/history/player/59112,2026-09-30,tm id: wikidata P2446 + dob
w:1977-11-08:mazurenko,Олег Мазуренко,86,Оболонь (Київ) 2003,1,0,27182,Oleg Mazurenko,1977-11-08,0,0,,0,,0,0,0,0,0,150000,2009-01-02,,,,,https://www.transfermarkt.com/oleg-mazurenko/profil/spieler/27182 https://tmapi.transfermarkt.technology/player/27182/national-career-history https://tmapi.transfermarkt.technology/player/27182/performance-game https://tmapi.transfermarkt.technology/transfer/history/player/27182,2026-09-30,tm id: wikidata P2446 + dob
w:1978-06-13:kripak,Яків Кріпак,86,Металург (Запоріжжя) 1996,2,1,418361,Yakiv Kripak,1978-06-13,0,0,,0,,10,0,0,0,0,,,,,,,https://www.transfermarkt.com/yakiv-kripak/profil/spieler/418361 https://tmapi.transfermarkt.technology/player/418361/national-career-history https://tmapi.transfermarkt.technology/player/418361/performance-game https://tmapi.transfermarkt.technology/transfer/history/player/418361,2026-09-30,tm id: wikidata P2446 + dob
w:1978-08-05:berkeuan,Космін Беркеуан,86,Шахтар (Донецьк) 2004,1,2,22099,Cosmin Bărcăuan,1978-08-05,8,2,Romania,0,,0,22,5,2,14,1250000,2007-09-09,770000,2004 FC Dinamo 1948 → Shakhtar Donetsk,,,https://www.transfermarkt.com/cosmin-barcauan/profil/spieler/22099 https://tmapi.transfermarkt.technology/player/22099/national-career-history https://tmapi.transfermarkt.technology/player/22099/performance-game https://tmapi.transfermarkt.technology/transfer/history/player/22099,2026-09-30,tm id: wikidata P2446 + dob; єврокубки в базі TM: 1997–2008
w:1979-01-28:branislav,Браніслав Круніч,86,Волинь (Луцьк) 2004,2,0,38686,Branislav Krunic,1979-01-28,6,0,Bosnia-Herzegovina,0,,0,11,0,2,11,1450000,2007-04-06,1000000,2007 Tom Tomsk (-2023) → FC Moscow (-2010),,,https://www.transfermarkt.com/branislav-krunic/profil/spieler/38686 https://tmapi.transfermarkt.technology/player/38686/national-career-history https://tmapi.transfermarkt.technology/player/38686/performance-game https://tmapi.transfermarkt.technology/transfer/history/player/38686,2026-09-30,tm id: wikidata P2446 + dob; єврокубки в базі TM: 2000–2013
w:1979-03-07:tlumak,Андрій Тлумак,86,Карпати (Львів) 2009,1,0,59447,Andriy Tlumak,1979-03-07,0,0,,0,,0,11,0,0,0,1000000,2011-01-02,,,,,https://www.transfermarkt.com/andriy-tlumak/profil/spieler/59447 https://tmapi.transfermarkt.technology/player/59447/national-career-history https://tmapi.transfermarkt.technology/player/59447/performance-game https://tmapi.transfermarkt.technology/transfer/history/player/59447,2026-09-30,tm id: wikidata P2446 + dob; єврокубки в базі TM: 2010–2012
w:1979-08-18:molokutsko,Степан Молокуцько,86,Маріуполь / Іллічівець 2000,1,0,544243,Stepan Molokutsko,1979-08-18,0,0,,0,,11,0,0,0,0,,,,,,,https://www.transfermarkt.com/stepan-molokutsko/profil/spieler/544243 https://tmapi.transfermarkt.technology/player/544243/national-career-history https://tmapi.transfermarkt.technology/player/544243/performance-game https://tmapi.transfermarkt.technology/transfer/history/player/544243,2026-09-30,tm id: transfermarkt search + dob
w:1980-07-27:batista,Батіста,86,Карпати (Львів) 2006,2,0,25563,William Batista,1980-07-27,0,0,,0,,0,10,0,2,3,1000000,2010-05-17,700000,2008 Karpaty Lviv (-2021) → FC Kharkiv (-2010),,,https://www.transfermarkt.com/william-batista/profil/spieler/25563 https://tmapi.transfermarkt.technology/player/25563/national-career-history https://tmapi.transfermarkt.technology/player/25563/performance-game https://tmapi.transfermarkt.technology/transfer/history/player/25563,2026-09-30,tm id: wikidata P2446 + dob; єврокубки в базі TM: 2009–2012
w:1980-08-08:bilikbashi,Доріан Биликбаші,86,Кривбас (Кривий Ріг) 2007,1,0,59025,Dorian Bylykbashi,1980-08-08,6,0,Albania,0,,7,10,0,6,10,2250000,2009-04-04,250000,2006 FK Partizani → Kryvbas Kryvyi Rig,,,https://www.transfermarkt.com/dorian-bylykbashi/profil/spieler/59025 https://tmapi.transfermarkt.technology/player/59025/national-career-history https://tmapi.transfermarkt.technology/player/59025/performance-game https://tmapi.transfermarkt.technology/transfer/history/player/59025,2026-09-30,tm id: wikidata P2446 + dob; єврокубки в базі TM: 2000–2016
w:1980-08-08:omelianchuk,Сергій Омельянчук,86,Арсенал (Київ) 2003,1,0,27193,Sergey Omeljanchuk,1980-08-08,74,1,Belarus,0,,16,13,0,0,13,700000,2012-01-20,650000,2005 Arsenal Kyiv (-2019) → Lokomotiv Moscow,,,https://www.transfermarkt.com/sergey-omeljanchuk/profil/spieler/27193 https://tmapi.transfermarkt.technology/player/27193/national-career-history https://tmapi.transfermarkt.technology/player/27193/performance-game https://tmapi.transfermarkt.technology/transfer/history/player/27193,2026-09-30,tm id: wikidata P2446 + dob; єврокубки в базі TM: 2001–2006
w:1980-11-04:akobian,Ара Акобян,86,Сталь (Алчевськ) 2005,1,0,23986,Ara Hakobyan,1980-11-04,44,7,Armenia,0,,9,12,0,0,12,125000,2012-08-17,,,,,https://www.transfermarkt.com/ara-hakobyan/profil/spieler/23986 https://tmapi.transfermarkt.technology/player/23986/national-career-history https://tmapi.transfermarkt.technology/player/23986/performance-game https://tmapi.transfermarkt.technology/transfer/history/player/23986,2026-09-30,tm id: wikidata P2446 + dob; єврокубки в базі TM: 1999–2010
w:1980-12-29:karlos,Корреа,86,Динамо (Київ) 2006,1,5,43818,Corrêa,1980-12-29,0,0,,0,,0,47,7,2,24,3000000,2009-05-25,3200000,2006 Sociedade Esportiva Palmeiras → Dynamo Kyiv,165000,,https://www.transfermarkt.com/correa/profil/spieler/43818 https://tmapi.transfermarkt.technology/player/43818/national-career-history https://tmapi.transfermarkt.technology/player/43818/performance-game https://tmapi.transfermarkt.technology/transfer/history/player/43818,2026-09-30,tm id: wikidata P2446 + dob; єврокубки в базі TM: 2002–2013
w:1984-03-19:nevmivaka,Дмитро Невмивака,86,Металург (Запоріжжя) 2008,1,0,59959,Dmytro Nevmyvaka,1984-03-19,0,0,,0,,12,0,0,0,0,1000000,2010-02-17,350000,2011 Metalurg Zaporizhya (-2016) → FC Mariupol,,,https://www.transfermarkt.com/dmytro-nevmyvaka/profil/spieler/59959 https://tmapi.transfermarkt.technology/player/59959/national-career-history https://tmapi.transfermarkt.technology/player/59959/performance-game https://tmapi.transfermarkt.technology/transfer/history/player/59959,2026-09-30,"tm id: repo link (data/foot, data/positions)"
tm:104331,Лукман Аруна,85,Динамо (Київ) 2012,1,3,104331,Lukman Haruna,1990-12-04,8,1,Nigeria,0,,7,17,3,1,0,5000000,2014-06-30,1500000,2011 AS Monaco → Dynamo Kyiv,,,https://www.transfermarkt.com/lukman-haruna/profil/spieler/104331 https://tmapi.transfermarkt.technology/player/104331/national-career-history https://tmapi.transfermarkt.technology/player/104331/performance-game https://tmapi.transfermarkt.technology/transfer/history/player/104331,2026-09-30,єврокубки в базі TM: 2011–2014
tm:1083190,Іван Пахолюк,85,Колос (Ковалівка) 2025,2,0,1083190,Ivan Pakholyuk,2004-04-27,0,0,,0,,1,0,0,0,0,1000000,2026-06-02,,,,,https://www.transfermarkt.com/ivan-pakholyuk/profil/spieler/1083190 https://tmapi.transfermarkt.technology/player/1083190/national-career-history https://tmapi.transfermarkt.technology/player/1083190/performance-game https://tmapi.transfermarkt.technology/transfer/history/player/1083190,2026-09-30,
tm:1083965,Жуан Безерра,85,Олександрія 2024,1,0,1083965,Juan Bezerra,2003-02-16,0,0,,0,,0,15,0,4,13,2500000,2026-05-20,4353000,2026 Zamalek SC → Shabab Al-Ahli Club,,,https://www.transfermarkt.com/juan-bezerra/profil/spieler/1083965 https://tmapi.transfermarkt.technology/player/1083965/national-career-history https://tmapi.transfermarkt.technology/player/1083965/performance-game https://tmapi.transfermarkt.technology/transfer/history/player/1083965,2026-09-30,єврокубки в базі TM: 2025–2026
tm:1119009,Кауа Еліас,85,Шахтар (Донецьк) 2025,1,2,1119009,Kauã Elias,2006-03-28,0,0,,0,,12,25,1,5,7,15000000,2026-06-02,17000000,2025 Fluminense Football Club → Shakhtar Donetsk,,,https://www.transfermarkt.com/kaua-elias/profil/spieler/1119009 https://tmapi.transfermarkt.technology/player/1119009/national-career-history https://tmapi.transfermarkt.technology/player/1119009/performance-game https://tmapi.transfermarkt.technology/transfer/history/player/1119009,2026-09-30,єврокубки в базі TM: 2022–2027
tm:140561,Майкл Одібе,85,Арсенал (Київ) 2011,1,0,140561,Michael Odibe,1988-06-23,1,0,Nigeria,0,,0,4,0,0,0,1500000,2012-11-22,,,,,https://www.transfermarkt.com/michael-odibe/profil/spieler/140561 https://tmapi.transfermarkt.technology/player/140561/national-career-history https://tmapi.transfermarkt.technology/player/140561/performance-game https://tmapi.transfermarkt.technology/transfer/history/player/140561,2026-09-30,єврокубки в базі TM: 2012–2013
tm:146725,Мілош Стаменкович,85,Сталь (Кам'янське) 2016,1,0,146725,Milos Stamenkovic,1990-06-01,0,0,,0,,0,9,0,0,9,500000,2019-12-28,,,,,https://www.transfermarkt.com/milos-stamenkovic/profil/spieler/146725 https://tmapi.transfermarkt.technology/player/146725/national-career-history https://tmapi.transfermarkt.technology/player/146725/performance-game https://tmapi.transfermarkt.technology/transfer/history/player/146725,2026-09-30,єврокубки в базі TM: 2015–2019
tm:192347,Джон Хайро Руїс,85,Дніпро (Дніпропетровськ) 2015,1,0,192347,John Jairo Ruiz,1994-01-10,10,1,Costa Rica,0,,23,31,0,2,29,1450000,2017-12-20,1200000,2012 Deportivo Saprissa → LOSC Lille,,,https://www.transfermarkt.com/john-jairo-ruiz/profil/spieler/192347 https://tmapi.transfermarkt.technology/player/192347/national-career-history https://tmapi.transfermarkt.technology/player/192347/performance-game https://tmapi.transfermarkt.technology/transfer/history/player/192347,2026-09-30,єврокубки в базі TM: 2015–2025
tm:203074,Іван Петряк,85,Зоря (Луганськ) 2016,1,2,203074,Ivan Petryak,1994-03-13,5,0,Ukraine,1,,19,36,7,1,15,2000000,2022-01-07,1500000,2022 Videoton FC Fehérvár → Shakhtar Donetsk,,,https://www.transfermarkt.com/ivan-petryak/profil/spieler/203074 https://tmapi.transfermarkt.technology/player/203074/national-career-history https://tmapi.transfermarkt.technology/player/203074/performance-game https://tmapi.transfermarkt.technology/transfer/history/player/203074,2026-09-30,єврокубки в базі TM: 2014–2023
tm:23379,Володимир Польовий,85,Арсенал (Київ) 2011,1,0,23379,Volodymyr Polyovyi,1985-07-28,5,0,Ukraine,1,,0,9,0,0,0,1500000,2012-07-02,850000,2011 Metalurg Zaporizhya (-2016) → Arsenal Kyiv (-2019),,,https://www.transfermarkt.com/volodymyr-polyovyi/profil/spieler/23379 https://tmapi.transfermarkt.technology/player/23379/national-career-history https://tmapi.transfermarkt.technology/player/23379/performance-game https://tmapi.transfermarkt.technology/transfer/history/player/23379,2026-09-30,єврокубки в базі TM: 2006–2015
tm:244262,Денис Мірошніченко,85,Олександрія 2022,1,0,244262,Denys Miroshnichenko,1994-10-11,0,0,,0,,34,10,0,1,0,900000,2024-06-06,500000,2024 SC Dnipro-1 ( - 2024) → Karpaty Lviv,,,https://www.transfermarkt.com/denys-miroshnichenko/profil/spieler/244262 https://tmapi.transfermarkt.technology/player/244262/national-career-history https://tmapi.transfermarkt.technology/player/244262/performance-game https://tmapi.transfermarkt.technology/transfer/history/player/244262,2026-09-30,єврокубки в базі TM: 2019–2024
tm:244271,Олександр Сваток,85,СК Дніпро-1 2022,3,0,244271,Oleksandr Svatok,1994-09-27,11,0,Ukraine,1,,43,33,0,2,6,2000000,2024-06-06,1200000,2024 SC Dnipro-1 ( - 2024) → Austin FC,,,https://www.transfermarkt.com/oleksandr-svatok/profil/spieler/244271 https://tmapi.transfermarkt.technology/player/244271/national-career-history https://tmapi.transfermarkt.technology/player/244271/performance-game https://tmapi.transfermarkt.technology/transfer/history/player/244271,2026-09-30,єврокубки в базі TM: 2013–2026
tm:248938,Максим Третьяков,85,Олександрія 2021,2,0,248938,Maksym Tretyakov,1996-03-06,0,0,,0,,37,11,0,0,3,800000,2023-06-21,400000,2023 FC Oleksandriya → SC Dnipro-1 ( - 2024),,,https://www.transfermarkt.com/maksym-tretyakov/profil/spieler/248938 https://tmapi.transfermarkt.technology/player/248938/national-career-history https://tmapi.transfermarkt.technology/player/248938/performance-game https://tmapi.transfermarkt.technology/transfer/history/player/248938,2026-09-30,єврокубки в базі TM: 2018–2024
tm:25780,Аїла Юссуф,85,Динамо (Київ) 2004,3,10,25780,Ayila Yussuf,1984-11-04,31,1,Nigeria,0,,0,51,19,4,0,3500000,2011-07-04,300000,2003 Union Bank FC → Dynamo Kyiv,,,https://www.transfermarkt.com/ayila-yussuf/profil/spieler/25780 https://tmapi.transfermarkt.technology/player/25780/national-career-history https://tmapi.transfermarkt.technology/player/25780/performance-game https://tmapi.transfermarkt.technology/transfer/history/player/25780,2026-09-30,єврокубки в базі TM: 2004–2015
tm:448868,Ігор Когут,85,СК Дніпро-1 2020,1,0,448868,Igor Kogut,1996-03-07,0,0,,0,,1,12,0,0,0,600000,2023-06-21,,,,,https://www.transfermarkt.com/igor-kogut/profil/spieler/448868 https://tmapi.transfermarkt.technology/player/448868/national-career-history https://tmapi.transfermarkt.technology/player/448868/performance-game https://tmapi.transfermarkt.technology/transfer/history/player/448868,2026-09-30,єврокубки в базі TM: 2022–2024
tm:501612,Юрій Климчук,85,Рух (Львів) 2022,2,0,501612,Yuriy Klymchuk,1997-05-05,0,0,,0,,0,0,0,0,0,900000,2024-06-06,400000,2025 Rukh Lviv → Kolos Kovalivka,,,https://www.transfermarkt.com/yuriy-klymchuk/profil/spieler/501612 https://tmapi.transfermarkt.technology/player/501612/national-career-history https://tmapi.transfermarkt.technology/player/501612/performance-game https://tmapi.transfermarkt.technology/transfer/history/player/501612,2026-09-30,
tm:505463,Олександр Сирота,85,Динамо (Київ) 2021,2,4,505463,Oleksandr Syrota,2000-06-11,2,0,Ukraine,1,,10,23,5,0,2,3000000,2023-06-21,,,500000,,https://www.transfermarkt.com/oleksandr-syrota/profil/spieler/505463 https://tmapi.transfermarkt.technology/player/505463/national-career-history https://tmapi.transfermarkt.technology/player/505463/performance-game https://tmapi.transfermarkt.technology/transfer/history/player/505463,2026-09-30,єврокубки в базі TM: 2020–2025
tm:515208,Педріньйо,85,Шахтар (Донецьк) 2025,2,3,515208,Pedrinho,1998-04-13,0,0,,0,,14,59,8,8,33,17000000,2022-08-19,18000000,2021 SL Benfica → Shakhtar Donetsk,,,https://www.transfermarkt.com/pedrinho/profil/spieler/515208 https://tmapi.transfermarkt.technology/player/515208/national-career-history https://tmapi.transfermarkt.technology/player/515208/performance-game https://tmapi.transfermarkt.technology/transfer/history/player/515208,2026-09-30,єврокубки в базі TM: 2016–2026
tm:567873,Владислав Бабогло,85,Олександрія 2021,2,0,567873,Vladyslav Baboglo,1998-11-14,30,3,Moldova,0,,7,3,0,0,0,1500000,2026-09-21,585000,2023 FC Oleksandriya → Karpaty Lviv,,,https://www.transfermarkt.com/vladyslav-baboglo/profil/spieler/567873 https://tmapi.transfermarkt.technology/player/567873/national-career-history https://tmapi.transfermarkt.technology/player/567873/performance-game https://tmapi.transfermarkt.technology/transfer/history/player/567873,2026-09-30,єврокубки в базі TM: 2019–2020
tm:570743,Анатолій Нурієв,85,Минай 2020,1,0,570743,Anatoliy Nuriyev,1996-05-20,19,1,Azerbaijan,0,,0,12,0,0,10,900000,2021-06-07,,,,,https://www.transfermarkt.com/anatoliy-nuriyev/profil/spieler/570743 https://tmapi.transfermarkt.technology/player/570743/national-career-history https://tmapi.transfermarkt.technology/player/570743/performance-game https://tmapi.transfermarkt.technology/transfer/history/player/570743,2026-09-30,єврокубки в базі TM: 2021–2026
tm:58427,Кирило Петров,85,Колос (Ковалівка) 2020,1,1,58427,Kyrylo Petrov,1990-06-22,0,0,,0,,19,13,0,1,10,1000000,2013-06-15,,,,,https://www.transfermarkt.com/kyrylo-petrov/profil/spieler/58427 https://tmapi.transfermarkt.technology/player/58427/national-career-history https://tmapi.transfermarkt.technology/player/58427/performance-game https://tmapi.transfermarkt.technology/transfer/history/player/58427,2026-09-30,єврокубки в базі TM: 2015–2022
tm:58930,Володимир Чеснаков,85,Ворскла (Полтава) 2014,3,0,58930,Volodymyr Chesnakov,1988-02-12,0,0,,0,,25,26,0,2,0,1800000,2014-06-30,,,,,https://www.transfermarkt.com/volodymyr-chesnakov/profil/spieler/58930 https://tmapi.transfermarkt.technology/player/58930/national-career-history https://tmapi.transfermarkt.technology/player/58930/performance-game https://tmapi.transfermarkt.technology/transfer/history/player/58930,2026-09-30,єврокубки в базі TM: 2009–2024
tm:58945,Антон Каніболоцький,85,Шахтар (Донецьк) 2013,4,5,58945,Anton Kanibolotskyi,1988-05-16,0,0,,0,,23,7,2,0,1,3000000,2014-06-30,,,,,https://www.transfermarkt.com/anton-kanibolotskyi/profil/spieler/58945 https://tmapi.transfermarkt.technology/player/58945/national-career-history https://tmapi.transfermarkt.technology/player/58945/performance-game https://tmapi.transfermarkt.technology/transfer/history/player/58945,2026-09-30,єврокубки в базі TM: 2010–2018
tm:59973,Віталій Вернидуб,85,Зоря (Луганськ) 2020,2,0,59973,Vitaliy Vernydub,1987-10-17,1,0,Ukraine,1,,4,48,0,1,26,1200000,2015-09-28,,,,,https://www.transfermarkt.com/vitaliy-vernydub/profil/spieler/59973 https://tmapi.transfermarkt.technology/player/59973/national-career-history https://tmapi.transfermarkt.technology/player/59973/performance-game https://tmapi.transfermarkt.technology/transfer/history/player/59973,2026-09-30,єврокубки в базі TM: 2014–2022
tm:59982,Володимир Аржанов,85,Металург (Запоріжжя) 2009,1,0,59982,Volodymyr Arzhanov,1985-11-29,0,0,,0,,7,2,0,0,0,1250000,2010-02-17,570000,2011 Metalurg Zaporizhya (-2016) → Arsenal Kyiv (-2019),,,https://www.transfermarkt.com/volodymyr-arzhanov/profil/spieler/59982 https://tmapi.transfermarkt.technology/player/59982/national-career-history https://tmapi.transfermarkt.technology/player/59982/performance-game https://tmapi.transfermarkt.technology/transfer/history/player/59982,2026-09-30,єврокубки в базі TM: 2014–2015
tm:726019,Олександр Яцик,85,Зоря (Луганськ) 2024,1,2,726019,Oleksandr Yatsyk,2003-01-03,0,0,,0,,26,13,0,0,0,1800000,2026-09-21,2500000,2026 Dynamo Kyiv → FC Kharkiv,,,https://www.transfermarkt.com/oleksandr-yatsyk/profil/spieler/726019 https://tmapi.transfermarkt.technology/player/726019/national-career-history https://tmapi.transfermarkt.technology/player/726019/performance-game https://tmapi.transfermarkt.technology/transfer/history/player/726019,2026-09-30,єврокубки в базі TM: 2022–2026
tm:743587,Вінісіус Тобіас,85,Шахтар (Донецьк) 2024,1,2,743587,Vinícius Tobias,2004-02-23,0,0,,0,,10,24,4,0,0,6000000,2026-06-02,6000000,2022 Sport Club Internacional → Shakhtar Donetsk,500000,,https://www.transfermarkt.com/vinicius-tobias/profil/spieler/743587 https://tmapi.transfermarkt.technology/player/743587/national-career-history https://tmapi.transfermarkt.technology/player/743587/performance-game https://tmapi.transfermarkt.technology/transfer/history/player/743587,2026-09-30,єврокубки в базі TM: 2024–2027
tm:755174,Данило Алефіренко,85,Чорноморець (Одеса) 2022,1,0,755174,Danyil Alefirenko,2000-04-19,0,0,,0,,11,9,0,2,0,700000,2023-06-21,300000,2026 Kolos Kovalivka → Chornomorets Odesa,,,https://www.transfermarkt.com/danyil-alefirenko/profil/spieler/755174 https://tmapi.transfermarkt.technology/player/755174/national-career-history https://tmapi.transfermarkt.technology/player/755174/performance-game https://tmapi.transfermarkt.technology/transfer/history/player/755174,2026-09-30,єврокубки в базі TM: 2021–2024
tm:91312,Антон Шендрік,85,Олександрія 2018,1,0,91312,Anton Shendrik,1986-05-26,0,0,,0,,0,2,0,0,0,500000,2017-06-26,,,,,https://www.transfermarkt.com/anton-shendrik/profil/spieler/91312 https://tmapi.transfermarkt.technology/player/91312/national-career-history https://tmapi.transfermarkt.technology/player/91312/performance-game https://tmapi.transfermarkt.technology/transfer/history/player/91312,2026-09-30,єврокубки в базі TM: 2016–2017
tm:91425,Юрій Коломоєць,85,Ворскла (Полтава) 2017,2,0,91425,Yuriy Kolomoets,1990-03-22,1,0,Ukraine,1,,0,8,0,0,0,800000,2018-08-06,,,,,https://www.transfermarkt.com/yuriy-kolomoets/profil/spieler/91425 https://tmapi.transfermarkt.technology/player/91425/national-career-history https://tmapi.transfermarkt.technology/player/91425/performance-game https://tmapi.transfermarkt.technology/transfer/history/player/91425,2026-09-30,єврокубки в базі TM: 2016–2019
tm:91727,Андрій Гітченко,85,Десна (Чернігів) 2019,1,0,91727,Andriy Gitchenko,1984-10-02,0,0,,0,,0,9,0,0,0,700000,2013-06-16,,,,,https://www.transfermarkt.com/andriy-gitchenko/profil/spieler/91727 https://tmapi.transfermarkt.technology/player/91727/national-career-history https://tmapi.transfermarkt.technology/player/91727/performance-game https://tmapi.transfermarkt.technology/transfer/history/player/91727,2026-09-30,єврокубки в базі TM: 2012–2021
tm:91801,Олександр Скляр,85,Ворскла (Полтава) 2022,1,0,91801,Oleksandr Sklyar,1991-02-26,0,0,,0,,0,14,0,1,0,700000,2018-12-10,,,,,https://www.transfermarkt.com/oleksandr-sklyar/profil/spieler/91801 https://tmapi.transfermarkt.technology/player/91801/national-career-history https://tmapi.transfermarkt.technology/player/91801/performance-game https://tmapi.transfermarkt.technology/transfer/history/player/91801,2026-09-30,єврокубки в базі TM: 2015–2024
tm:94925,Єгор Картушов,85,Десна (Чернігів) 2019,1,0,94925,Yegor Kartushov,1991-01-05,0,0,,0,,15,1,0,0,0,700000,2020-01-08,,,,,https://www.transfermarkt.com/yegor-kartushov/profil/spieler/94925 https://tmapi.transfermarkt.technology/player/94925/national-career-history https://tmapi.transfermarkt.technology/player/94925/performance-game https://tmapi.transfermarkt.technology/transfer/history/player/94925,2026-09-30,єврокубки в базі TM: 2020–2021
w:1962-01-28:smihunov,Віктор Смігунов,85,Шахтар (Донецьк) 1993,2,3,596119,Viktor Smigunov,1962-01-28,0,0,,0,,0,1,0,0,0,,,,,,,https://www.transfermarkt.com/viktor-smigunov/profil/spieler/596119 https://tmapi.transfermarkt.technology/player/596119/national-career-history https://tmapi.transfermarkt.technology/player/596119/performance-game https://tmapi.transfermarkt.technology/transfer/history/player/596119,2026-09-30,tm id: wikidata P2446 + dob; єврокубки в базі TM: 1994–1995
w:1962-11-13:raliuchenko,Сергій Ралюченко,85,Торпедо (Запоріжжя) 1992,1,0,754808,Sergiy Ralyuchenko,1962-11-13,0,0,,0,,0,4,0,0,0,,,,,,,https://www.transfermarkt.com/sergiy-ralyuchenko/profil/spieler/754808 https://tmapi.transfermarkt.technology/player/754808/national-career-history https://tmapi.transfermarkt.technology/player/754808/performance-game https://tmapi.transfermarkt.technology/transfer/history/player/754808,2026-09-30,tm id: transfermarkt search + dob; єврокубки в базі TM: 1988–1989
w:1968-09-26:dudnik,Юрій Дуднік,85,Карпати (Львів) 1996,1,0,168976,Yuriy Dudnyk,1968-09-26,2,0,Ukraine,1,,0,6,2,0,6,,,,,,,https://www.transfermarkt.com/yuriy-dudnyk/profil/spieler/168976 https://tmapi.transfermarkt.technology/player/168976/national-career-history https://tmapi.transfermarkt.technology/player/168976/performance-game https://tmapi.transfermarkt.technology/transfer/history/player/168976,2026-09-30,tm id: wikidata P2446 + dob; єврокубки в базі TM: 1992–2006
w:1968-12-11:tolochko,Роман Толочко,85,Карпати (Львів) 2000,1,0,771153,Roman Tolochko,1968-12-11,0,0,,0,,0,0,0,0,0,,,,,,,https://www.transfermarkt.com/roman-tolochko/profil/spieler/771153 https://tmapi.transfermarkt.technology/player/771153/national-career-history https://tmapi.transfermarkt.technology/player/771153/performance-game https://tmapi.transfermarkt.technology/transfer/history/player/771153,2026-09-30,tm id: transfermarkt search + dob
w:1969-08-18:zaets,Сергій Заєць,85,Динамо (Київ) 1992,1,1,209544,Sergiy Zayets,1969-08-18,0,0,,0,,24,22,0,2,0,,,,,,,https://www.transfermarkt.com/sergiy-zayets/profil/spieler/209544 https://tmapi.transfermarkt.technology/player/209544/national-career-history https://tmapi.transfermarkt.technology/player/209544/performance-game https://tmapi.transfermarkt.technology/transfer/history/player/209544,2026-09-30,tm id: wikidata P2446 + dob; єврокубки в базі TM: 1989–1993
w:1970-03-03:machohan,Ігор Мачоган,85,Ворскла (Полтава) 1996,1,0,369493,Igor Machogan,1970-03-03,0,0,,0,,0,11,0,0,0,,,,,,,https://www.transfermarkt.com/igor-machogan/profil/spieler/369493 https://tmapi.transfermarkt.technology/player/369493/national-career-history https://tmapi.transfermarkt.technology/player/369493/performance-game https://tmapi.transfermarkt.technology/transfer/history/player/369493,2026-09-30,tm id: wikidata P2446 + dob; єврокубки в базі TM: 1997–2001
w:1970-03-29:eremev,В'ячеслав Єремеєв,85,Чорноморець (Одеса) 1993,1,0,,,,,,,,,,,,,,,,,,,,,2026-09-30,немає Transfermarkt ID (не знайдено/не підтверджено датою народження)
w:1970-11-20:rusak,Петро Русак,85,Прикарпаття (Івано-Франківськ) 1997,1,0,213795,Petro Rusak,1970-11-20,0,0,,0,,0,1,0,0,1,,,,,,,https://www.transfermarkt.com/petro-rusak/profil/spieler/213795 https://tmapi.transfermarkt.technology/player/213795/national-career-history https://tmapi.transfermarkt.technology/player/213795/performance-game https://tmapi.transfermarkt.technology/transfer/history/player/213795,2026-09-30,tm id: wikidata P2446 + dob; єврокубки в базі TM: 2001–2002
w:1972-01-08:nikitin,Андрій Нікітін,85,Маріуполь / Іллічівець 2005,1,4,58092,Andriy Nikitin,1972-01-08,0,0,,0,,0,12,0,0,0,50000,2008-01-12,,,,,https://www.transfermarkt.com/andriy-nikitin/profil/spieler/58092 https://tmapi.transfermarkt.technology/player/58092/national-career-history https://tmapi.transfermarkt.technology/player/58092/performance-game https://tmapi.transfermarkt.technology/transfer/history/player/58092,2026-09-30,tm id: wikidata P2446 + dob; єврокубки в базі TM: 1995–2005
w:1974-03-26:sasha,Саша Тодич,85,Таврія (Сімферополь) 2006,1,0,28701,Sasa Todic,1974-03-26,0,0,,0,,0,4,0,0,4,750000,2007-12-11,,,,,https://www.transfermarkt.com/sasa-todic/profil/spieler/28701 https://tmapi.transfermarkt.technology/player/28701/national-career-history https://tmapi.transfermarkt.technology/player/28701/performance-game https://tmapi.transfermarkt.technology/transfer/history/player/28701,2026-09-30,tm id: wikidata P2446 + dob; єврокубки в базі TM: 1997–1998
w:1974-06-14:maksimiuk,Роман Максимюк,85,Дніпро (Дніпропетровськ) 2001,1,1,24034,Roman Maksymyuk,1974-06-14,5,0,Ukraine,1,,0,12,0,1,2,100000,2011-01-01,,,,,https://www.transfermarkt.com/roman-maksymyuk/profil/spieler/24034 https://tmapi.transfermarkt.technology/player/24034/national-career-history https://tmapi.transfermarkt.technology/player/24034/performance-game https://tmapi.transfermarkt.technology/transfer/history/player/24034,2026-09-30,"tm id: repo link (data/foot, data/positions); єврокубки в базі TM: 1999–2005"
w:1975-03-27:moroz,Геннадій Мороз,85,Дніпро (Дніпропетровськ) 1992,4,2,123213,Gennadiy Moroz,1975-03-27,6,0,Ukraine,1,,25,15,1,2,0,,,,,,,https://www.transfermarkt.com/gennadiy-moroz/profil/spieler/123213 https://tmapi.transfermarkt.technology/player/123213/national-career-history https://tmapi.transfermarkt.technology/player/123213/performance-game https://tmapi.transfermarkt.technology/transfer/history/player/123213,2026-09-30,"tm id: repo link (data/foot, data/positions); єврокубки в базі TM: 1993–2004"
w:1975-05-06:babich,Костянтин Бабич,85,Маріуполь / Іллічівець 1999,1,0,71010,Kostyantyn Babych,1975-05-06,0,0,,0,,2,7,0,0,0,100000,2008-05-07,,,,,https://www.transfermarkt.com/kostyantyn-babych/profil/spieler/71010 https://tmapi.transfermarkt.technology/player/71010/national-career-history https://tmapi.transfermarkt.technology/player/71010/performance-game https://tmapi.transfermarkt.technology/transfer/history/player/71010,2026-09-30,"tm id: repo link (data/foot, data/positions); єврокубки в базі TM: 1996–1998"
w:1975-06-18:smirnov,Денис Смірнов,85,Торпедо (Запоріжжя) 1995,1,0,59986,Denys Smirnov,1975-06-18,0,0,,0,,0,3,0,0,0,50000,2009-03-18,,,,,https://www.transfermarkt.com/denys-smirnov/profil/spieler/59986 https://tmapi.transfermarkt.technology/player/59986/national-career-history https://tmapi.transfermarkt.technology/player/59986/performance-game https://tmapi.transfermarkt.technology/transfer/history/player/59986,2026-09-30,tm id: wikidata P2446 + dob; єврокубки в базі TM: 2002–2003
w:1975-08-12:potshveria,Михайло Поцхверія,85,Металург (Запоріжжя) 1995,3,4,247597,Mikhail Potskhveria,1975-08-12,4,0,Georgia,0,,7,12,0,1,0,,,,,,,https://www.transfermarkt.com/mikhail-potskhveria/profil/spieler/247597 https://tmapi.transfermarkt.technology/player/247597/national-career-history https://tmapi.transfermarkt.technology/player/247597/performance-game https://tmapi.transfermarkt.technology/transfer/history/player/247597,2026-09-30,tm id: wikidata P2446 + dob; єврокубки в базі TM: 1996–2000
w:1975-10-30:maltsev,Олександр Мальцев,85,Маріуполь / Іллічівець 2004,1,0,132448,Oleksandr Maltsev,1975-10-30,0,0,,0,,0,10,0,1,0,,,,,,,https://www.transfermarkt.com/oleksandr-maltsev/profil/spieler/132448 https://tmapi.transfermarkt.technology/player/132448/national-career-history https://tmapi.transfermarkt.technology/player/132448/performance-game https://tmapi.transfermarkt.technology/transfer/history/player/132448,2026-09-30,tm id: wikidata P2446 + dob; єврокубки в базі TM: 2001–2005
w:1976-01-03:simakov,Олег Сімаков,85,Кривбас (Кривий Ріг) 1999,3,0,33806,Oleg Simakov,1976-01-03,0,0,,0,,0,4,0,2,0,,,,,,,https://www.transfermarkt.com/oleg-simakov/profil/spieler/33806 https://tmapi.transfermarkt.technology/player/33806/national-career-history https://tmapi.transfermarkt.technology/player/33806/performance-game https://tmapi.transfermarkt.technology/transfer/history/player/33806,2026-09-30,tm id: wikidata P2446 + dob; єврокубки в базі TM: 1999–2000
w:1976-02-20:zadorojni,Сергій Задорожний,85,Дніпро (Дніпропетровськ) 2000,2,0,96879,Sergiy Zadorozhnyi,1976-02-20,6,0,Ukraine,1,,0,2,0,0,0,,,,,,,https://www.transfermarkt.com/sergiy-zadorozhnyi/profil/spieler/96879 https://tmapi.transfermarkt.technology/player/96879/national-career-history https://tmapi.transfermarkt.technology/player/96879/performance-game https://tmapi.transfermarkt.technology/transfer/history/player/96879,2026-09-30,tm id: wikidata P2446 + dob; єврокубки в базі TM: 2001–2002
w:1979-04-14:alev,Самір Алієв,85,Волинь (Луцьк) 2002,1,0,60975,Samir Aliyev,1979-04-14,32,4,Azerbaijan,0,,16,9,0,2,9,150000,2007-11-19,150000,2006 FC Shamakhi → Neftchi PFK,,,https://www.transfermarkt.com/samir-aliyev/profil/spieler/60975 https://tmapi.transfermarkt.technology/player/60975/national-career-history https://tmapi.transfermarkt.technology/player/60975/performance-game https://tmapi.transfermarkt.technology/transfer/history/player/60975,2026-09-30,tm id: wikidata P2446 + dob; єврокубки в базі TM: 1999–2009
w:1980-03-21:matiuhin,Сергій Матюхін,85,Дніпро (Дніпропетровськ) 2002,1,0,24036,Sergiy Matyukhin,1980-03-21,3,0,Ukraine,1,,3,21,0,1,0,500000,2011-01-01,,,,,https://www.transfermarkt.com/sergiy-matyukhin/profil/spieler/24036 https://tmapi.transfermarkt.technology/player/24036/national-career-history https://tmapi.transfermarkt.technology/player/24036/performance-game https://tmapi.transfermarkt.technology/transfer/history/player/24036,2026-09-30,"tm id: repo link (data/foot, data/positions); єврокубки в базі TM: 2001–2007"
w:1982-08-13:balabanov,Костянтин Балабанов,85,Чорноморець (Одеса) 2003,1,0,34766,Kostyantyn Balabanov,1982-08-13,1,0,Ukraine,1,,18,9,0,2,0,400000,2007-10-07,150000,2005 Chornomorets Odesa → Dnipro Dnipropetrovsk (- 2020),,,https://www.transfermarkt.com/kostyantyn-balabanov/profil/spieler/34766 https://tmapi.transfermarkt.technology/player/34766/national-career-history https://tmapi.transfermarkt.technology/player/34766/performance-game https://tmapi.transfermarkt.technology/transfer/history/player/34766,2026-09-30,"tm id: repo link (data/foot, data/positions); єврокубки в базі TM: 2005–2007"
w:1983-02-16:anderson,Міхаель,85,Динамо (Київ) 2007,1,1,52276,Michael,1983-02-16,0,0,,0,,0,8,1,2,5,3250000,2007-10-07,3000000,2007 Sociedade Esportiva Palmeiras → Dynamo Kyiv,,,https://www.transfermarkt.com/michael/profil/spieler/52276 https://tmapi.transfermarkt.technology/player/52276/national-career-history https://tmapi.transfermarkt.technology/player/52276/performance-game https://tmapi.transfermarkt.technology/transfer/history/player/52276,2026-09-30,tm id: wikidata P2446 + dob; єврокубки в базі TM: 2007–2010
w:1986-03-03:hlavina,Деніс Главіна,85,Ворскла (Полтава) 2005,1,0,27826,Denis Glavina,1986-03-03,0,0,,0,,12,12,0,0,9,1000000,2009-04-26,,,,,https://www.transfermarkt.com/denis-glavina/profil/spieler/27826 https://tmapi.transfermarkt.technology/player/27826/national-career-history https://tmapi.transfermarkt.technology/player/27826/performance-game https://tmapi.transfermarkt.technology/transfer/history/player/27826,2026-09-30,"tm id: repo link (data/foot, data/positions); єврокубки в базі TM: 2006–2015"
w:1986-07-29:kovel,Леонід Ковель,85,Карпати (Львів) 2006,1,0,26348,Leonid Kovel,1986-07-29,17,3,Belarus,0,,35,13,0,5,13,750000,2009-03-29,500000,2008 Karpaty Lviv (-2021) → Saturn Ramenskoe,,,https://www.transfermarkt.com/leonid-kovel/profil/spieler/26348 https://tmapi.transfermarkt.technology/player/26348/national-career-history https://tmapi.transfermarkt.technology/player/26348/performance-game https://tmapi.transfermarkt.technology/transfer/history/player/26348,2026-09-30,tm id: wikidata P2446 + dob; єврокубки в базі TM: 2004–2009
tm:1007020,Хоакінете,84,Епіцентр (Кам'янець-Подільський) 2025,1,0,1007020,Joaquinete,1997-07-30,0,0,,0,,0,8,0,0,8,700000,2026-09-21,260000,2026 Epitsentr Kamyanets-Podilskyi → Karpaty Lviv,,,https://www.transfermarkt.com/joaquinete/profil/spieler/1007020 https://tmapi.transfermarkt.technology/player/1007020/national-career-history https://tmapi.transfermarkt.technology/player/1007020/performance-game https://tmapi.transfermarkt.technology/transfer/history/player/1007020,2026-09-30,єврокубки в базі TM: 2024–2025
tm:101304,Дуглас,84,Дніпро (Дніпропетровськ) 2014,1,0,101304,Douglas,1990-04-04,0,0,,0,,0,34,0,1,8,5500000,2015-12-18,2500000,2013 Clube de Regatas Vasco da Gama → Dnipro Dnipropetrovsk (- 2020),,,https://www.transfermarkt.com/douglas/profil/spieler/101304 https://tmapi.transfermarkt.technology/player/101304/national-career-history https://tmapi.transfermarkt.technology/player/101304/performance-game https://tmapi.transfermarkt.technology/transfer/history/player/101304,2026-09-30,єврокубки в базі TM: 2010–2019
tm:10288,Ігор Дуляй,84,Шахтар (Донецьк) 2004,1,7,10288,Igor Duljaj,1979-10-29,55,4,Serbia and Montenegro,0,Yugoslavia 16/2; Serbia 12/2,1,82,21,0,34,4000000,2007-10-07,4000000,2004 FK Partizan Belgrade → Shakhtar Donetsk,,,https://www.transfermarkt.com/igor-duljaj/profil/spieler/10288 https://tmapi.transfermarkt.technology/player/10288/national-career-history https://tmapi.transfermarkt.technology/player/10288/performance-game https://tmapi.transfermarkt.technology/transfer/history/player/10288,2026-09-30,єврокубки в базі TM: 1998–2010
tm:1033040,Марк Ассінор,84,ЛНЗ (Черкаси) 2025,1,0,1033040,Mark Assinor,2000-07-13,0,0,,0,,0,2,0,0,2,1500000,2026-06-02,230000,2024 Zeleziarne Podbrezova → LNZ Cherkasy,,,https://www.transfermarkt.com/mark-assinor/profil/spieler/1033040 https://tmapi.transfermarkt.technology/player/1033040/national-career-history https://tmapi.transfermarkt.technology/player/1033040/performance-game https://tmapi.transfermarkt.technology/transfer/history/player/1033040,2026-09-30,єврокубки в базі TM: 2026–2027
tm:1045187,Ігор Краснопір,84,Рух (Львів) 2024,1,0,1045187,Igor Krasnopir,2002-12-01,1,0,Ukraine,1,,24,2,0,1,0,2000000,2026-09-21,1200000,2026 Karpaty Lviv → Polissya Zhytomyr,,,https://www.transfermarkt.com/igor-krasnopir/profil/spieler/1045187 https://tmapi.transfermarkt.technology/player/1045187/national-career-history https://tmapi.transfermarkt.technology/player/1045187/performance-game https://tmapi.transfermarkt.technology/transfer/history/player/1045187,2026-09-30,єврокубки в базі TM: 2026–2027
tm:1050852,Віталій Холод,84,Рух (Львів) 2024,1,0,1050852,Vitaliy Kholod,2004-01-15,0,0,,0,,8,0,0,0,0,900000,2025-12-18,700000,2026 Rukh Lviv → Karpaty Lviv,,,https://www.transfermarkt.com/vitaliy-kholod/profil/spieler/1050852 https://tmapi.transfermarkt.technology/player/1050852/national-career-history https://tmapi.transfermarkt.technology/player/1050852/performance-game https://tmapi.transfermarkt.technology/transfer/history/player/1050852,2026-09-30,
tm:1061628,Євген Пастух,84,Рух (Львів) 2023,1,0,1061628,Yevgeniy Pastukh,2004-03-19,0,0,,0,,10,2,0,0,2,1000000,2026-06-02,500000,2025 Karpaty Lviv → LNZ Cherkasy,,,https://www.transfermarkt.com/yevgeniy-pastukh/profil/spieler/1061628 https://tmapi.transfermarkt.technology/player/1061628/national-career-history https://tmapi.transfermarkt.technology/player/1061628/performance-game https://tmapi.transfermarkt.technology/transfer/history/player/1061628,2026-09-30,єврокубки в базі TM: 2026–2027
tm:1082823,Невертон,84,Шахтар (Донецьк) 2024,1,3,1082823,Newerton,2005-06-03,0,0,,0,,0,26,9,2,0,7000000,2026-06-02,3600000,2023 São Paulo FC U20 → Shakhtar Donetsk,,,https://www.transfermarkt.com/newerton/profil/spieler/1082823 https://tmapi.transfermarkt.technology/player/1082823/national-career-history https://tmapi.transfermarkt.technology/player/1082823/performance-game https://tmapi.transfermarkt.technology/transfer/history/player/1082823,2026-09-30,єврокубки в базі TM: 2023–2027
tm:1161403,Назар Домчак,84,Карпати (Львів) 2025,1,0,1161403,Nazar Domchak,2007-04-06,0,0,,0,,13,0,0,0,0,4000000,2026-06-02,5000000,2026 Karpaty Lviv → SK Slavia Prague,,,https://www.transfermarkt.com/nazar-domchak/profil/spieler/1161403 https://tmapi.transfermarkt.technology/player/1161403/national-career-history https://tmapi.transfermarkt.technology/player/1161403/performance-game https://tmapi.transfermarkt.technology/transfer/history/player/1161403,2026-09-30,
tm:1220143,Лука Мейреллес,84,Шахтар (Донецьк) 2025,1,1,1220143,Luca Meirelles,2007-03-15,0,0,,0,,4,7,0,3,0,10000000,2026-06-02,12000000,2025 Santos FC → Shakhtar Donetsk,,,https://www.transfermarkt.com/luca-meirelles/profil/spieler/1220143 https://tmapi.transfermarkt.technology/player/1220143/national-career-history https://tmapi.transfermarkt.technology/player/1220143/performance-game https://tmapi.transfermarkt.technology/transfer/history/player/1220143,2026-09-30,єврокубки в базі TM: 2025–2026
tm:131553,В'ячеслав Чурко,84,Маріуполь / Іллічівець 2013,3,0,131553,Vyacheslav Churko,1993-05-10,0,0,,0,,33,16,0,0,0,800000,2021-06-07,,,,,https://www.transfermarkt.com/vyacheslav-churko/profil/spieler/131553 https://tmapi.transfermarkt.technology/player/131553/national-career-history https://tmapi.transfermarkt.technology/player/131553/performance-game https://tmapi.transfermarkt.technology/transfer/history/player/131553,2026-09-30,єврокубки в базі TM: 2018–2024
tm:139943,Івиця Жунич,84,Волинь (Луцьк) 2015,1,0,139943,Ivica Zunic,1988-09-11,0,0,,0,,0,2,0,0,2,600000,2016-07-01,,,,,https://www.transfermarkt.com/ivica-zunic/profil/spieler/139943 https://tmapi.transfermarkt.technology/player/139943/national-career-history https://tmapi.transfermarkt.technology/player/139943/performance-game https://tmapi.transfermarkt.technology/transfer/history/player/139943,2026-09-30,єврокубки в базі TM: 2019–2020
tm:156137,Редван Мемешев,84,Волинь (Луцьк) 2014,1,0,156137,Redvan Memeshev,1993-08-15,0,0,,0,,13,0,0,0,0,800000,2015-06-07,,,,,https://www.transfermarkt.com/redvan-memeshev/profil/spieler/156137 https://tmapi.transfermarkt.technology/player/156137/national-career-history https://tmapi.transfermarkt.technology/player/156137/performance-game https://tmapi.transfermarkt.technology/transfer/history/player/156137,2026-09-30,
tm:157849,Лукаш Теодорчик,84,Динамо (Київ) 2014,2,2,157849,Lukasz Teodorczyk,1991-06-03,19,4,Poland,0,,9,35,10,13,25,12500000,2017-06-06,7000000,2018 RSC Anderlecht → Udinese Calcio,1000000,,https://www.transfermarkt.com/lukasz-teodorczyk/profil/spieler/157849 https://tmapi.transfermarkt.technology/player/157849/national-career-history https://tmapi.transfermarkt.technology/player/157849/performance-game https://tmapi.transfermarkt.technology/transfer/history/player/157849,2026-09-30,єврокубки в базі TM: 2013–2018
tm:16746,Ніко Кранчар,84,Динамо (Київ) 2012,1,1,16746,Niko Kranjcar,1984-08-13,81,15,Croatia,0,,39,38,8,4,30,13000000,2010-08-13,7000000,2012 Tottenham Hotspur → Dynamo Kyiv,,,https://www.transfermarkt.com/niko-kranjcar/profil/spieler/16746 https://tmapi.transfermarkt.technology/player/16746/national-career-history https://tmapi.transfermarkt.technology/player/16746/performance-game https://tmapi.transfermarkt.technology/transfer/history/player/16746,2026-09-30,єврокубки в базі TM: 2001–2018
tm:176412,Олексій Хобленко,84,Чорноморець (Одеса) 2017,1,0,176412,Oleksiy Khoblenko,1994-04-04,0,0,,0,,80,4,0,0,4,800000,2019-12-09,300000,2022 SC Dnipro-1 ( - 2024) → Kryvbas Kryvyi Rig,100000,,https://www.transfermarkt.com/oleksiy-khoblenko/profil/spieler/176412 https://tmapi.transfermarkt.technology/player/176412/national-career-history https://tmapi.transfermarkt.technology/player/176412/performance-game https://tmapi.transfermarkt.technology/transfer/history/player/176412,2026-09-30,єврокубки в базі TM: 2018–2019
tm:203854,Андрій Борячук,84,Маріуполь / Іллічівець 2018,1,3,203854,Andriy Boryachuk,1996-04-23,2,0,Ukraine,1,,49,6,0,0,0,800000,2018-12-10,,,,,https://www.transfermarkt.com/andriy-boryachuk/profil/spieler/203854 https://tmapi.transfermarkt.technology/player/203854/national-career-history https://tmapi.transfermarkt.technology/player/203854/performance-game https://tmapi.transfermarkt.technology/transfer/history/player/203854,2026-09-30,єврокубки в базі TM: 2015–2019
tm:206717,Едуард Соболь,84,Зоря (Луганськ) 2016,1,2,206717,Eduard Sobol,1995-04-20,29,0,Ukraine,1,,67,38,16,0,33,4000000,2020-03-30,3500000,2021 Shakhtar Donetsk → Club Brugge KV,2000000,,https://www.transfermarkt.com/eduard-sobol/profil/spieler/206717 https://tmapi.transfermarkt.technology/player/206717/national-career-history https://tmapi.transfermarkt.technology/player/206717/performance-game https://tmapi.transfermarkt.technology/transfer/history/player/206717,2026-09-30,єврокубки в базі TM: 2016–2027
tm:207877,Руслан Маліновський,84,Зоря (Луганськ) 2014,1,0,207877,Ruslan Malinovskyi,1993-05-04,71,10,Ukraine,1,,27,51,18,15,43,30000000,2021-12-28,13600000,2019 KRC Genk → Atalanta BC,3000000,UF #3 2018; UF #3 2019,https://www.transfermarkt.com/ruslan-malinovskyi/profil/spieler/207877 https://tmapi.transfermarkt.technology/player/207877/national-career-history https://tmapi.transfermarkt.technology/player/207877/performance-game https://tmapi.transfermarkt.technology/transfer/history/player/207877 https://en.wikipedia.org/wiki/Ukrainian_Footballer_of_the_Year,2026-09-30,єврокубки в базі TM: 2014–2027
tm:210689,Владислав Кабаєв,84,Зоря (Луганськ) 2019,1,4,210689,Vladyslav Kabaev,1995-09-01,3,0,Ukraine,1,,19,58,0,5,0,4000000,2025-06-10,1200000,2022 Zorya Lugansk → Dynamo Kyiv,,,https://www.transfermarkt.com/vladyslav-kabaev/profil/spieler/210689 https://tmapi.transfermarkt.technology/player/210689/national-career-history https://tmapi.transfermarkt.technology/player/210689/performance-game https://tmapi.transfermarkt.technology/transfer/history/player/210689,2026-09-30,єврокубки в базі TM: 2014–2027
tm:212243,Дмитро Мишньов,84,Маріуполь / Іллічівець 2019,2,0,212243,Dmytro Myshnyov,1994-01-26,0,0,,0,,50,17,0,1,0,800000,2021-01-14,,,,,https://www.transfermarkt.com/dmytro-myshnyov/profil/spieler/212243 https://tmapi.transfermarkt.technology/player/212243/national-career-history https://tmapi.transfermarkt.technology/player/212243/performance-game https://tmapi.transfermarkt.technology/transfer/history/player/212243,2026-09-30,єврокубки в базі TM: 2018–2026
tm:213976,Ігор Харатін,84,Зоря (Луганськ) 2017,1,1,213976,Igor Kharatin,1995-02-02,4,0,Ukraine,1,,39,49,5,5,35,2500000,2021-10-15,900000,2021 Ferencvárosi TC → Legia Warszawa,,,https://www.transfermarkt.com/igor-kharatin/profil/spieler/213976 https://tmapi.transfermarkt.technology/player/213976/national-career-history https://tmapi.transfermarkt.technology/player/213976/performance-game https://tmapi.transfermarkt.technology/transfer/history/player/213976,2026-09-30,єврокубки в базі TM: 2016–2022
tm:227199,Ігор Солдат,84,Верес (Рівне) 2021,1,0,227199,Igor Soldat,1991-03-10,0,0,,0,,0,0,0,0,0,300000,2022-05-18,,,,,https://www.transfermarkt.com/igor-soldat/profil/spieler/227199 https://tmapi.transfermarkt.technology/player/227199/national-career-history https://tmapi.transfermarkt.technology/player/227199/performance-game https://tmapi.transfermarkt.technology/transfer/history/player/227199,2026-09-30,
tm:244904,Артур Авагімян,84,Чорноморець (Одеса) 2021,2,0,244904,Artur Avagimyan,1997-01-16,0,0,,0,,10,1,0,0,1,500000,2024-06-06,150000,2022 Chornomorets Odesa → FC Oleksandriya,,,https://www.transfermarkt.com/artur-avagimyan/profil/spieler/244904 https://tmapi.transfermarkt.technology/player/244904/national-career-history https://tmapi.transfermarkt.technology/player/244904/performance-game https://tmapi.transfermarkt.technology/transfer/history/player/244904,2026-09-30,єврокубки в базі TM: 2019–2020
tm:245048,Василь Кравець,84,Ворскла (Полтава) 2022,1,0,245048,Vasyl Kravets,1997-08-20,0,0,,0,,28,11,0,0,6,3000000,2019-06-11,2500000,2019 CD Lugo → CD Leganés,,,https://www.transfermarkt.com/vasyl-kravets/profil/spieler/245048 https://tmapi.transfermarkt.technology/player/245048/national-career-history https://tmapi.transfermarkt.technology/player/245048/performance-game https://tmapi.transfermarkt.technology/transfer/history/player/245048,2026-09-30,єврокубки в базі TM: 2020–2024
tm:248936,Павло Оріховський,84,Колос (Ковалівка) 2020,2,2,248936,Pavlo Orikhovskyi,1996-05-13,0,0,,0,,7,3,2,0,0,600000,2021-06-07,,,,,https://www.transfermarkt.com/pavlo-orikhovskyi/profil/spieler/248936 https://tmapi.transfermarkt.technology/player/248936/national-career-history https://tmapi.transfermarkt.technology/player/248936/performance-game https://tmapi.transfermarkt.technology/transfer/history/player/248936,2026-09-30,єврокубки в базі TM: 2016–2021
tm:251676,Ріфет Капич,84,Кривбас (Кривий Ріг) 2022,1,0,251676,Rifet Kapic,1995-07-03,0,0,,0,,0,17,0,5,17,800000,2026-06-04,750000,2024 Valmiera FC → Lechia Gdansk,,,https://www.transfermarkt.com/rifet-kapic/profil/spieler/251676 https://tmapi.transfermarkt.technology/player/251676/national-career-history https://tmapi.transfermarkt.technology/player/251676/performance-game https://tmapi.transfermarkt.technology/transfer/history/player/251676,2026-09-30,єврокубки в базі TM: 2016–2024
tm:25618,Сергій Пшеничних,84,Металіст (Харків) 2011,2,0,25618,Sergiy Pshenychnykh,1981-11-09,0,0,,0,,0,24,0,0,0,1500000,2012-07-02,,,,,https://www.transfermarkt.com/sergiy-pshenychnykh/profil/spieler/25618 https://tmapi.transfermarkt.technology/player/25618/national-career-history https://tmapi.transfermarkt.technology/player/25618/performance-game https://tmapi.transfermarkt.technology/transfer/history/player/25618,2026-09-30,єврокубки в базі TM: 2009–2015
tm:25734,Денис Кулаков,84,Ворскла (Полтава) 2008,1,2,25734,Denys Kulakov,1986-05-01,2,0,Ukraine,1,,8,17,0,0,0,2500000,2012-01-05,,,,,https://www.transfermarkt.com/denys-kulakov/profil/spieler/25734 https://tmapi.transfermarkt.technology/player/25734/national-career-history https://tmapi.transfermarkt.technology/player/25734/performance-game https://tmapi.transfermarkt.technology/transfer/history/player/25734,2026-09-30,єврокубки в базі TM: 2004–2015
tm:267330,Джоель Абу Ханна,84,Зоря (Луганськ) 2020,1,0,267330,Joel Abu Hanna,1998-01-22,6,0,Israel,0,,20,12,0,0,1,1200000,2021-06-07,,,,,https://www.transfermarkt.com/joel-abu-hanna/profil/spieler/267330 https://tmapi.transfermarkt.technology/player/267330/national-career-history https://tmapi.transfermarkt.technology/player/267330/performance-game https://tmapi.transfermarkt.technology/transfer/history/player/267330,2026-09-30,єврокубки в базі TM: 2019–2022
tm:271665,Ігор Загальський,84,Зірка (Кропивницький) 2016,1,0,271665,Igor Zagalskyi,1991-05-19,0,0,,0,,0,0,0,0,0,500000,2018-01-12,,,,,https://www.transfermarkt.com/igor-zagalskyi/profil/spieler/271665 https://tmapi.transfermarkt.technology/player/271665/national-career-history https://tmapi.transfermarkt.technology/player/271665/performance-game https://tmapi.transfermarkt.technology/transfer/history/player/271665,2026-09-30,
tm:27172,Павло Кутас,84,Оболонь (Київ) 2003,2,0,27172,Pavlo Kutas,1982-09-03,0,0,,0,,16,12,0,0,0,600000,2014-06-30,,,,,https://www.transfermarkt.com/pavlo-kutas/profil/spieler/27172 https://tmapi.transfermarkt.technology/player/27172/national-career-history https://tmapi.transfermarkt.technology/player/27172/performance-game https://tmapi.transfermarkt.technology/transfer/history/player/27172,2026-09-30,єврокубки в базі TM: 2013–2015
tm:27954,Огнєн Вукоєвич,84,Динамо (Київ) 2010,1,6,27954,Ognjen Vukojevic,1983-12-20,55,4,Croatia,0,,17,95,17,11,31,8500000,2012-11-22,6000000,2008 GNK Dinamo Zagreb → Dynamo Kyiv,1500000,,https://www.transfermarkt.com/ognjen-vukojevic/profil/spieler/27954 https://tmapi.transfermarkt.technology/player/27954/national-career-history https://tmapi.transfermarkt.technology/player/27954/performance-game https://tmapi.transfermarkt.technology/transfer/history/player/27954,2026-09-30,єврокубки в базі TM: 2004–2017
tm:28922,Тайє Тайво,84,Динамо (Київ) 2012,1,1,28922,Taye Taiwo,1985-04-16,54,5,Nigeria,0,,11,78,31,7,68,11000000,2009-05-18,180000,2005 Lobi Stars FC → Olympique Marseille,500000,,https://www.transfermarkt.com/taye-taiwo/profil/spieler/28922 https://tmapi.transfermarkt.technology/player/28922/national-career-history https://tmapi.transfermarkt.technology/player/28922/performance-game https://tmapi.transfermarkt.technology/transfer/history/player/28922,2026-09-30,єврокубки в базі TM: 2005–2020
tm:294746,Володимир Шепелєв,84,Динамо (Київ) 2017,2,8,294746,Volodymyr Shepelev,1997-06-01,7,0,Ukraine,1,,22,54,6,1,0,4000000,2020-01-08,,,,,https://www.transfermarkt.com/volodymyr-shepelev/profil/spieler/294746 https://tmapi.transfermarkt.technology/player/294746/national-career-history https://tmapi.transfermarkt.technology/player/294746/performance-game https://tmapi.transfermarkt.technology/transfer/history/player/294746,2026-09-30,єврокубки в базі TM: 2017–2025
tm:316280,Моха Рхарсалла,84,Олімпік (Донецьк) 2017,1,0,316280,Mohammed Rharsalla,1993-09-15,1,0,Morocco,0,,1,20,0,6,18,1000000,2020-07-10,150000,2018 Olimpik Donetsk ( - 2021) → Slovan Bratislava,,,https://www.transfermarkt.com/mohammed-rharsalla/profil/spieler/316280 https://tmapi.transfermarkt.technology/player/316280/national-career-history https://tmapi.transfermarkt.technology/player/316280/performance-game https://tmapi.transfermarkt.technology/transfer/history/player/316280,2026-09-30,єврокубки в базі TM: 2017–2020
tm:320247,Артем Ситало,84,Олександрія 2018,1,0,320247,Artem Sitalo,1989-08-01,0,0,,0,,0,7,0,1,0,600000,2019-06-20,,,,,https://www.transfermarkt.com/artem-sitalo/profil/spieler/320247 https://tmapi.transfermarkt.technology/player/320247/national-career-history https://tmapi.transfermarkt.technology/player/320247/performance-game https://tmapi.transfermarkt.technology/transfer/history/player/320247,2026-09-30,єврокубки в базі TM: 2017–2020
tm:343153,Євген Чеберко,84,Зоря (Луганськ) 2019,1,0,343153,Yevgen Cheberko,1998-01-23,2,0,Ukraine,1,,39,31,0,0,26,1500000,2025-12-11,1000000,2023 NK Osijek → Columbus Crew,300000,,https://www.transfermarkt.com/yevgen-cheberko/profil/spieler/343153 https://tmapi.transfermarkt.technology/player/343153/national-career-history https://tmapi.transfermarkt.technology/player/343153/performance-game https://tmapi.transfermarkt.technology/transfer/history/player/343153,2026-09-30,єврокубки в базі TM: 2019–2026
tm:357776,Хрвоє Ілич,84,Кривбас (Кривий Ріг) 2024,1,0,357776,Hrvoje Ilic,1999-04-14,0,0,,0,,24,2,0,1,2,800000,2025-06-10,,,,,https://www.transfermarkt.com/hrvoje-ilic/profil/spieler/357776 https://tmapi.transfermarkt.technology/player/357776/national-career-history https://tmapi.transfermarkt.technology/player/357776/performance-game https://tmapi.transfermarkt.technology/transfer/history/player/357776,2026-09-30,єврокубки в базі TM: 2026–2027
tm:359796,Дмитро Шастал,84,Олександрія 2018,1,0,359796,Dmytro Shastal,1995-12-30,0,0,,0,,0,5,0,0,0,600000,2018-12-10,,,,,https://www.transfermarkt.com/dmytro-shastal/profil/spieler/359796 https://tmapi.transfermarkt.technology/player/359796/national-career-history https://tmapi.transfermarkt.technology/player/359796/performance-game https://tmapi.transfermarkt.technology/transfer/history/player/359796,2026-09-30,єврокубки в базі TM: 2019–2020
tm:36238,Руслан Фомін,84,Маріуполь / Іллічівець 2018,1,4,36238,Ruslan Fomin,1986-03-02,0,0,,0,,32,14,0,2,0,1800000,2009-02-04,,,,,https://www.transfermarkt.com/ruslan-fomin/profil/spieler/36238 https://tmapi.transfermarkt.technology/player/36238/national-career-history https://tmapi.transfermarkt.technology/player/36238/performance-game https://tmapi.transfermarkt.technology/transfer/history/player/36238,2026-09-30,єврокубки в базі TM: 2005–2019
tm:36364,Михайло Сіваков,84,Зоря (Луганськ) 2015,1,0,36364,Mikhail Sivakov,1988-01-16,25,1,Belarus,0,,37,35,11,0,24,1400000,2019-06-14,450000,2009 BATE Borisov → Cagliari Calcio,,,https://www.transfermarkt.com/mikhail-sivakov/profil/spieler/36364 https://tmapi.transfermarkt.technology/player/36364/national-career-history https://tmapi.transfermarkt.technology/player/36364/performance-game https://tmapi.transfermarkt.technology/transfer/history/player/36364,2026-09-30,єврокубки в базі TM: 2006–2017
tm:36732,Драман Траоре,84,Металург (Донецьк) 2012,1,0,36732,Dramane Traoré,1982-06-17,34,7,Mali,0,Mali Olympia 4/0,0,24,0,8,23,1800000,2008-09-05,1000000,2006 Club Africain → Lokomotiv Moscow,,,https://www.transfermarkt.com/dramane-traore/profil/spieler/36732 https://tmapi.transfermarkt.technology/player/36732/national-career-history https://tmapi.transfermarkt.technology/player/36732/performance-game https://tmapi.transfermarkt.technology/transfer/history/player/36732,2026-09-30,єврокубки в базі TM: 2002–2013
tm:373302,Сілас,84,Зоря (Луганськ) 2017,1,0,373302,Silas,1996-05-30,0,0,,0,,0,10,0,1,1,700000,2019-06-20,,,,,https://www.transfermarkt.com/silas/profil/spieler/373302 https://tmapi.transfermarkt.technology/player/373302/national-career-history https://tmapi.transfermarkt.technology/player/373302/performance-game https://tmapi.transfermarkt.technology/transfer/history/player/373302,2026-09-30,єврокубки в базі TM: 2017–2021
tm:376082,Данило Ігнатенко,84,СК Дніпро-1 2021,1,0,376082,Danylo Ignatenko,1997-03-13,6,1,Ukraine,1,,1,26,5,0,26,1800000,2023-06-16,1000000,2022 Shakhtar Donetsk → FC Girondins Bordeaux,,,https://www.transfermarkt.com/danylo-ignatenko/profil/spieler/376082 https://tmapi.transfermarkt.technology/player/376082/national-career-history https://tmapi.transfermarkt.technology/player/376082/performance-game https://tmapi.transfermarkt.technology/transfer/history/player/376082,2026-09-30,єврокубки в базі TM: 2019–2027
tm:41885,Сергій Сілюк,84,Металург (Запоріжжя) 2004,1,0,41885,Sergiy Silyuk,1985-06-05,0,0,,0,,2,3,0,0,0,1200000,2009-03-18,,,,,https://www.transfermarkt.com/sergiy-silyuk/profil/spieler/41885 https://tmapi.transfermarkt.technology/player/41885/national-career-history https://tmapi.transfermarkt.technology/player/41885/performance-game https://tmapi.transfermarkt.technology/transfer/history/player/41885,2026-09-30,єврокубки в базі TM: 2006–2007
tm:419061,Владислав Супряга,84,СК Дніпро-1 2019,1,5,419061,Vladyslav Supryaga,2000-02-15,0,0,,0,,59,20,8,1,0,7500000,2021-01-14,6500000,2018 SC Dnipro-1 ( - 2024) → Dynamo Kyiv,500000,,https://www.transfermarkt.com/vladyslav-supryaga/profil/spieler/419061 https://tmapi.transfermarkt.technology/player/419061/national-career-history https://tmapi.transfermarkt.technology/player/419061/performance-game https://tmapi.transfermarkt.technology/transfer/history/player/419061,2026-09-30,єврокубки в базі TM: 2018–2026
tm:43299,Едмар,84,Таврія (Сімферополь) 2006,3,0,43299,Edmar Galovskyi,1980-06-16,15,1,Ukraine,1,,0,55,0,8,0,4000000,2009-02-08,125000,2003 Sport Club Internacional → SC Tavriya Simferopol (-2022),,,https://www.transfermarkt.com/edmar-galovskyi/profil/spieler/43299 https://tmapi.transfermarkt.technology/player/43299/national-career-history https://tmapi.transfermarkt.technology/player/43299/performance-game https://tmapi.transfermarkt.technology/transfer/history/player/43299,2026-09-30,єврокубки в базі TM: 2007–2016
tm:448331,Ардін Даллку,84,Ворскла (Полтава) 2017,1,0,448331,Ardin Dallku,1994-11-01,2,0,Kosovo,0,,0,8,0,0,3,800000,2018-12-10,,,,,https://www.transfermarkt.com/ardin-dallku/profil/spieler/448331 https://tmapi.transfermarkt.technology/player/448331/national-career-history https://tmapi.transfermarkt.technology/player/448331/performance-game https://tmapi.transfermarkt.technology/transfer/history/player/448331,2026-09-30,єврокубки в базі TM: 2018–2024
tm:45196,Тарас Михалик,84,Динамо (Київ) 2006,1,8,45196,Taras Mykhalyk,1983-10-28,32,0,Ukraine,1,,10,56,20,3,9,7000000,2010-08-28,,,,,https://www.transfermarkt.com/taras-mykhalyk/profil/spieler/45196 https://tmapi.transfermarkt.technology/player/45196/national-career-history https://tmapi.transfermarkt.technology/player/45196/performance-game https://tmapi.transfermarkt.technology/transfer/history/player/45196,2026-09-30,єврокубки в базі TM: 2006–2018
tm:509837,Максим Прядун,84,Металіст (Харків) 2022,1,0,509837,Maksym Pryadun,1997-02-17,0,0,,0,,0,6,0,0,6,600000,2023-06-21,150000,2023 Metalist Kharkiv → LNZ Cherkasy,,,https://www.transfermarkt.com/maksym-pryadun/profil/spieler/509837 https://tmapi.transfermarkt.technology/player/509837/national-career-history https://tmapi.transfermarkt.technology/player/509837/performance-game https://tmapi.transfermarkt.technology/transfer/history/player/509837,2026-09-30,єврокубки в базі TM: 2025–2026
tm:51531,Артем Касьянов,84,Сталь (Алчевськ) 2006,1,0,51531,Artem Kasyanov,1983-04-20,0,0,,0,,1,6,0,0,6,400000,2007-10-13,500000,2007 Stal Alchevsk (-2014) → Metalurg Donetsk (- 2015),,,https://www.transfermarkt.com/artem-kasyanov/profil/spieler/51531 https://tmapi.transfermarkt.technology/player/51531/national-career-history https://tmapi.transfermarkt.technology/player/51531/performance-game https://tmapi.transfermarkt.technology/transfer/history/player/51531,2026-09-30,єврокубки в базі TM: 2012–2016
tm:521997,Віталій Бойко,84,Верес (Рівне) 2025,1,0,521997,Vitaliy Boyko,1997-12-03,0,0,,0,,0,0,0,0,0,600000,2026-06-02,,,,,https://www.transfermarkt.com/vitaliy-boyko/profil/spieler/521997 https://tmapi.transfermarkt.technology/player/521997/national-career-history https://tmapi.transfermarkt.technology/player/521997/performance-game https://tmapi.transfermarkt.technology/transfer/history/player/521997,2026-09-30,
tm:530673,Шота Нонікашвілі,84,ЛНЗ (Черкаси) 2025,1,0,530673,Shota Nonikashvili,2001-01-10,2,0,Georgia,0,,35,8,0,1,8,800000,2026-03-23,250000,2024 Iberia 1999 Tbilisi → LNZ Cherkasy,,,https://www.transfermarkt.com/shota-nonikashvili/profil/spieler/530673 https://tmapi.transfermarkt.technology/player/530673/national-career-history https://tmapi.transfermarkt.technology/player/530673/performance-game https://tmapi.transfermarkt.technology/transfer/history/player/530673,2026-09-30,єврокубки в базі TM: 2022–2025
tm:542597,Марлісон,84,Металіст 1925 (Харків) 2021,1,0,542597,Marlyson,1997-12-17,0,0,,0,,0,2,0,0,0,500000,2023-06-21,,,,,https://www.transfermarkt.com/marlyson/profil/spieler/542597 https://tmapi.transfermarkt.technology/player/542597/national-career-history https://tmapi.transfermarkt.technology/player/542597/performance-game https://tmapi.transfermarkt.technology/transfer/history/player/542597,2026-09-30,єврокубки в базі TM: 2022–2023
tm:54816,Дмитро Льопа,84,Дніпро (Дніпропетровськ) 2007,1,0,54816,Dmytro Lyopa,1988-11-23,0,0,,0,,12,17,0,0,11,2250000,2009-03-08,,,,,https://www.transfermarkt.com/dmytro-lyopa/profil/spieler/54816 https://tmapi.transfermarkt.technology/player/54816/national-career-history https://tmapi.transfermarkt.technology/player/54816/performance-game https://tmapi.transfermarkt.technology/transfer/history/player/54816,2026-09-30,єврокубки в базі TM: 2007–2020
tm:58016,Олег Голодюк,84,Карпати (Львів) 2010,1,0,58016,Oleg Golodyuk,1988-01-02,0,0,,0,,16,9,0,1,0,1500000,2012-01-05,,,,,https://www.transfermarkt.com/oleg-golodyuk/profil/spieler/58016 https://tmapi.transfermarkt.technology/player/58016/national-career-history https://tmapi.transfermarkt.technology/player/58016/performance-game https://tmapi.transfermarkt.technology/transfer/history/player/58016,2026-09-30,єврокубки в базі TM: 2010–2017
tm:58043,Рустам Худжамов,84,Маріуполь / Іллічівець 2012,1,3,58043,Rustam Khudzhamov,1982-10-05,1,0,Ukraine,1,,4,6,0,0,0,2000000,2009-09-23,83000,2008 FC Kharkiv (-2010) → Shakhtar Donetsk,,,https://www.transfermarkt.com/rustam-khudzhamov/profil/spieler/58043 https://tmapi.transfermarkt.technology/player/58043/national-career-history https://tmapi.transfermarkt.technology/player/58043/performance-game https://tmapi.transfermarkt.technology/transfer/history/player/58043,2026-09-30,єврокубки в базі TM: 2009–2020
tm:581782,Андрій Штогрин,84,Чорноморець (Одеса) 2023,1,0,581782,Andriy Shtogrin,1998-12-14,0,0,,0,,0,0,0,0,0,700000,2024-06-06,230000,2024 Chornomorets Odesa → Neftchi PFK,,,https://www.transfermarkt.com/andriy-shtogrin/profil/spieler/581782 https://tmapi.transfermarkt.technology/player/581782/national-career-history https://tmapi.transfermarkt.technology/player/581782/performance-game https://tmapi.transfermarkt.technology/transfer/history/player/581782,2026-09-30,
tm:58403,Денис Кожанов,84,Маріуполь / Іллічівець 2011,1,1,58403,Denys Kozhanov,1987-06-13,4,0,Ukraine,1,,0,13,0,2,2,1700000,2011-01-02,,,,,https://www.transfermarkt.com/denys-kozhanov/profil/spieler/58403 https://tmapi.transfermarkt.technology/player/58403/national-career-history https://tmapi.transfermarkt.technology/player/58403/performance-game https://tmapi.transfermarkt.technology/transfer/history/player/58403,2026-09-30,єврокубки в базі TM: 2010–2017
tm:58606,Сергій Політило,84,Чорноморець (Одеса) 2012,1,0,58606,Sergiy Politylo,1989-01-09,0,0,,0,,31,10,0,0,0,900000,2015-12-17,,,,,https://www.transfermarkt.com/sergiy-politylo/profil/spieler/58606 https://tmapi.transfermarkt.technology/player/58606/national-career-history https://tmapi.transfermarkt.technology/player/58606/performance-game https://tmapi.transfermarkt.technology/transfer/history/player/58606,2026-09-30,єврокубки в базі TM: 2013–2015
tm:58961,Павло Пашаєв,84,Сталь (Кам'янське) 2016,1,0,58961,Pavlo Pashayev,1988-01-04,23,0,Azerbaijan,1,Ukraine 2/0,19,8,0,0,0,1300000,2010-02-18,,,,,https://www.transfermarkt.com/pavlo-pashayev/profil/spieler/58961 https://tmapi.transfermarkt.technology/player/58961/national-career-history https://tmapi.transfermarkt.technology/player/58961/performance-game https://tmapi.transfermarkt.technology/transfer/history/player/58961,2026-09-30,єврокубки в базі TM: 2010–2020
tm:58976,Максим Старцев,84,Таврія (Сімферополь) 2004,1,0,58976,Maksim Startsev,1980-01-20,2,0,Ukraine,1,,9,5,0,0,0,1000000,2011-01-02,,,,,https://www.transfermarkt.com/maksim-startsev/profil/spieler/58976 https://tmapi.transfermarkt.technology/player/58976/national-career-history https://tmapi.transfermarkt.technology/player/58976/performance-game https://tmapi.transfermarkt.technology/transfer/history/player/58976,2026-09-30,єврокубки в базі TM: 2008–2011
tm:59076,Сергій Кравченко,84,Ворскла (Полтава) 2007,2,2,59076,Sergiy Kravchenko,1983-04-24,10,1,Ukraine,1,,3,24,0,2,0,3000000,2009-02-11,700000,2010 Dynamo Kyiv → Dnipro Dnipropetrovsk (- 2020),,Komanda #3 2008; UF #3 2008,https://www.transfermarkt.com/sergiy-kravchenko/profil/spieler/59076 https://tmapi.transfermarkt.technology/player/59076/national-career-history https://tmapi.transfermarkt.technology/player/59076/performance-game https://tmapi.transfermarkt.technology/transfer/history/player/59076 https://en.wikipedia.org/wiki/Ukrainian_Footballer_of_the_Year,2026-09-30,єврокубки в базі TM: 2008–2015
tm:59150,Ахмед Янузі,84,Ворскла (Полтава) 2010,1,0,59150,Ahmed Januzi,1988-07-08,8,0,Albania,0,,7,19,0,5,7,1400000,2012-01-05,300000,2007 KS Besa → Vorskla Poltava,,,https://www.transfermarkt.com/ahmed-januzi/profil/spieler/59150 https://tmapi.transfermarkt.technology/player/59150/national-career-history https://tmapi.transfermarkt.technology/player/59150/performance-game https://tmapi.transfermarkt.technology/transfer/history/player/59150,2026-09-30,єврокубки в базі TM: 2009–2025
tm:59249,Іван Матяж,84,Олімпік (Донецьк) 2016,1,0,59249,Ivan Matyazh,1988-02-15,0,0,,0,,3,1,0,0,0,800000,2014-06-30,,,,,https://www.transfermarkt.com/ivan-matyazh/profil/spieler/59249 https://tmapi.transfermarkt.technology/player/59249/national-career-history https://tmapi.transfermarkt.technology/player/59249/performance-game https://tmapi.transfermarkt.technology/transfer/history/player/59249,2026-09-30,єврокубки в базі TM: 2010–2011
tm:60790,Тоні Шунич,84,Зоря (Луганськ) 2013,1,0,60790,Toni Sunjic,1988-12-15,41,1,Bosnia-Herzegovina,0,,13,21,0,2,21,2800000,2015-06-18,3000000,2015 Kuban Krasnodar (-2018) → VfB Stuttgart,90000,,https://www.transfermarkt.com/toni-sunjic/profil/spieler/60790 https://tmapi.transfermarkt.technology/player/60790/national-career-history https://tmapi.transfermarkt.technology/player/60790/performance-game https://tmapi.transfermarkt.technology/transfer/history/player/60790,2026-09-30,єврокубки в базі TM: 2007–2026
tm:623319,Олександр Драмбаєв,84,ЛНЗ (Черкаси) 2025,1,0,623319,Oleksandr Drambayev,2001-04-21,1,0,Ukraine,1,,13,9,0,0,5,1200000,2026-09-21,500000,2025 Kryvbas Kryvyi Rig → LNZ Cherkasy,,,https://www.transfermarkt.com/oleksandr-drambayev/profil/spieler/623319 https://tmapi.transfermarkt.technology/player/623319/national-career-history https://tmapi.transfermarkt.technology/player/623319/performance-game https://tmapi.transfermarkt.technology/transfer/history/player/623319,2026-09-30,єврокубки в базі TM: 2023–2027
tm:62610,Дмитро Хльобас,84,Ворскла (Полтава) 2016,2,1,62610,Dmytro Khlyobas,1994-05-09,0,0,,0,,30,4,0,0,2,900000,2020-09-04,,,,,https://www.transfermarkt.com/dmytro-khlyobas/profil/spieler/62610 https://tmapi.transfermarkt.technology/player/62610/national-career-history https://tmapi.transfermarkt.technology/player/62610/performance-game https://tmapi.transfermarkt.technology/transfer/history/player/62610,2026-09-30,єврокубки в базі TM: 2016–2018
tm:629567,Яніс Амаш,84,СК Дніпро-1 2022,1,0,629567,Yanis Hamache,1999-07-13,1,0,Algeria,0,,0,8,0,1,0,2000000,2022-12-06,1000000,2022 Boavista FC → SC Dnipro-1 ( - 2024),,,https://www.transfermarkt.com/yanis-hamache/profil/spieler/629567 https://tmapi.transfermarkt.technology/player/629567/national-career-history https://tmapi.transfermarkt.technology/player/629567/performance-game https://tmapi.transfermarkt.technology/transfer/history/player/629567,2026-09-30,єврокубки в базі TM: 2022–2023
tm:636237,Костянтин Вівчаренко,84,Динамо (Київ) 2022,2,4,636237,Kostyantyn Vivcharenko,2002-06-10,0,0,,0,,46,23,0,1,0,2500000,2026-06-02,,,,,https://www.transfermarkt.com/kostyantyn-vivcharenko/profil/spieler/636237 https://tmapi.transfermarkt.technology/player/636237/national-career-history https://tmapi.transfermarkt.technology/player/636237/performance-game https://tmapi.transfermarkt.technology/transfer/history/player/636237,2026-09-30,єврокубки в базі TM: 2022–2027
tm:64711,Пабло Фонтанельйо,84,Чорноморець (Одеса) 2013,1,0,64711,Pablo Fontanello,1984-09-26,0,0,,0,,0,21,0,0,7,2200000,2016-01-06,4000000,2009 Club Atlético Tigre → Parma Calcio 1913,100000,,https://www.transfermarkt.com/pablo-fontanello/profil/spieler/64711 https://tmapi.transfermarkt.technology/player/64711/national-career-history https://tmapi.transfermarkt.technology/player/64711/performance-game https://tmapi.transfermarkt.technology/transfer/history/player/64711,2026-09-30,єврокубки в базі TM: 2013–2021
tm:688714,Віталій Дахновський,84,Верес (Рівне) 2023,1,0,688714,Vitaliy Dakhnovskyi,1999-02-10,0,0,,0,,0,0,0,0,0,750000,2026-06-02,50000,2025 NK Veres Rivne → Bukovyna Chernivtsi,,,https://www.transfermarkt.com/vitaliy-dakhnovskyi/profil/spieler/688714 https://tmapi.transfermarkt.technology/player/688714/national-career-history https://tmapi.transfermarkt.technology/player/688714/performance-game https://tmapi.transfermarkt.technology/transfer/history/player/688714,2026-09-30,
tm:702561,Роман Дідик,84,Рух (Львів) 2024,2,0,702561,Roman Didyk,2002-12-02,0,0,,0,,9,1,0,0,1,1500000,2026-06-02,500000,2025 Rukh Lviv → LNZ Cherkasy,,,https://www.transfermarkt.com/roman-didyk/profil/spieler/702561 https://tmapi.transfermarkt.technology/player/702561/national-career-history https://tmapi.transfermarkt.technology/player/702561/performance-game https://tmapi.transfermarkt.technology/transfer/history/player/702561,2026-09-30,єврокубки в базі TM: 2026–2027
tm:708241,Олег Очеретько,84,Шахтар (Донецьк) 2025,1,3,708241,Oleg Ocheretko,2003-05-25,10,1,Ukraine,1,,45,19,2,1,0,7000000,2026-06-02,,,,,https://www.transfermarkt.com/oleg-ocheretko/profil/spieler/708241 https://tmapi.transfermarkt.technology/player/708241/national-career-history https://tmapi.transfermarkt.technology/player/708241/performance-game https://tmapi.transfermarkt.technology/transfer/history/player/708241,2026-09-30,єврокубки в базі TM: 2022–2027
tm:717199,Богдан Слюбик,84,Рух (Львів) 2023,1,0,717199,Bogdan Slyubyk,2004-02-11,0,0,,0,,11,0,0,0,0,1000000,2024-06-06,1500000,2026 Rukh Lviv → FK Pardubice,,,https://www.transfermarkt.com/bogdan-slyubyk/profil/spieler/717199 https://tmapi.transfermarkt.technology/player/717199/national-career-history https://tmapi.transfermarkt.technology/player/717199/performance-game https://tmapi.transfermarkt.technology/transfer/history/player/717199,2026-09-30,
tm:748939,Олексій Сич,84,Рух (Львів) 2023,1,0,748939,Oleksiy Sych,2001-04-01,2,0,Ukraine,1,,27,3,0,0,0,1000000,2026-09-21,1000000,2026 Karpaty Lviv → Dynamo Kyiv,50000,,https://www.transfermarkt.com/oleksiy-sych/profil/spieler/748939 https://tmapi.transfermarkt.technology/player/748939/national-career-history https://tmapi.transfermarkt.technology/player/748939/performance-game https://tmapi.transfermarkt.technology/transfer/history/player/748939,2026-09-30,єврокубки в базі TM: 2026–2027
tm:751977,Кирило Фесюн,84,Колос (Ковалівка) 2023,1,2,751977,Kiril Fesyun,2002-08-07,0,0,,0,,15,4,0,0,0,1500000,2026-06-02,2700000,2024 Kolos Kovalivka → Shakhtar Donetsk,,,https://www.transfermarkt.com/kiril-fesyun/profil/spieler/751977 https://tmapi.transfermarkt.technology/player/751977/national-career-history https://tmapi.transfermarkt.technology/player/751977/performance-game https://tmapi.transfermarkt.technology/transfer/history/player/751977,2026-09-30,єврокубки в базі TM: 2025–2026
tm:789583,Ярослав Карабін,84,Рух (Львів) 2024,1,0,789583,Yaroslav Karabin,2002-11-19,0,0,,0,,1,0,0,0,0,800000,2025-06-10,600000,2025 Rukh Lviv → Karpaty Lviv,,,https://www.transfermarkt.com/yaroslav-karabin/profil/spieler/789583 https://tmapi.transfermarkt.technology/player/789583/national-career-history https://tmapi.transfermarkt.technology/player/789583/performance-game https://tmapi.transfermarkt.technology/transfer/history/player/789583,2026-09-30,
tm:794617,Ян Костенко,84,Карпати (Львів) 2025,1,0,794617,Yan Kostenko,2003-07-04,0,0,,0,,0,0,0,0,0,1000000,2026-09-21,,,,,https://www.transfermarkt.com/yan-kostenko/profil/spieler/794617 https://tmapi.transfermarkt.technology/player/794617/national-career-history https://tmapi.transfermarkt.technology/player/794617/performance-game https://tmapi.transfermarkt.technology/transfer/history/player/794617,2026-09-30,
tm:8480,Сіто Рієра,84,Чорноморець (Одеса) 2013,1,0,8480,Sito Riera,1987-01-05,0,0,,0,,0,23,0,1,11,1250000,2011-07-01,150000,2009 RCD Espanyol B → Panionios FC,,,https://www.transfermarkt.com/sito-riera/profil/spieler/8480 https://tmapi.transfermarkt.technology/player/8480/national-career-history https://tmapi.transfermarkt.technology/player/8480/performance-game https://tmapi.transfermarkt.technology/transfer/history/player/8480,2026-09-30,єврокубки в базі TM: 2013–2022
tm:85430,Джаба Ліпартія,84,Зоря (Луганськ) 2015,1,0,85430,Jaba Lipartia,,2,0,Georgia,0,,1,16,0,0,8,900000,2015-12-18,100000,2011 WIT Georgia Tbilisi → Zorya Lugansk,,,https://www.transfermarkt.com/jaba-lipartia/profil/spieler/85430 https://tmapi.transfermarkt.technology/player/85430/national-career-history https://tmapi.transfermarkt.technology/player/85430/performance-game https://tmapi.transfermarkt.technology/transfer/history/player/85430,2026-09-30,єврокубки в базі TM: 2008–2019
tm:860701,Микола Гайдучик,84,Полісся (Житомир) 2025,1,0,860701,Mykola Gayduchyk,1999-12-30,0,0,,0,,0,8,0,2,0,1000000,2026-06-02,260000,2025 NK Veres Rivne → Polissya Zhytomyr,,,https://www.transfermarkt.com/mykola-gayduchyk/profil/spieler/860701 https://tmapi.transfermarkt.technology/player/860701/national-career-history https://tmapi.transfermarkt.technology/player/860701/performance-game https://tmapi.transfermarkt.technology/transfer/history/player/860701,2026-09-30,єврокубки в базі TM: 2025–2027
tm:86466,Євгеній Ткачук,84,Ворскла (Полтава) 2014,1,0,86466,Yevgeniy Tkachuk,1991-06-27,0,0,,0,,3,5,0,1,0,900000,2015-06-07,,,,,https://www.transfermarkt.com/yevgeniy-tkachuk/profil/spieler/86466 https://tmapi.transfermarkt.technology/player/86466/national-career-history https://tmapi.transfermarkt.technology/player/86466/performance-game https://tmapi.transfermarkt.technology/transfer/history/player/86466,2026-09-30,єврокубки в базі TM: 2011–2016
tm:885150,Карлос Парако,84,Кривбас (Кривий Ріг) 2025,1,0,885150,Carlos Paraco,2003-10-27,0,0,,0,,0,4,0,0,4,1500000,2026-06-02,1000000,2026 Kryvbas Kryvyi Rig → FC Kharkiv,,,https://www.transfermarkt.com/carlos-paraco/profil/spieler/885150 https://tmapi.transfermarkt.technology/player/885150/national-career-history https://tmapi.transfermarkt.technology/player/885150/performance-game https://tmapi.transfermarkt.technology/transfer/history/player/885150,2026-09-30,єврокубки в базі TM: 2023–2025
tm:888023,Кевін Келсі,84,Шахтар (Донецьк) 2022,1,2,888023,Kevin Kelsy,2004-07-27,7,1,Venezuela,0,,16,18,5,4,10,4000000,2026-06-02,10750000,2026 Portland Timbers → Rangers FC,800000,,https://www.transfermarkt.com/kevin-kelsy/profil/spieler/888023 https://tmapi.transfermarkt.technology/player/888023/national-career-history https://tmapi.transfermarkt.technology/player/888023/performance-game https://tmapi.transfermarkt.technology/transfer/history/player/888023,2026-09-30,єврокубки в базі TM: 2022–2026
tm:892054,Еміль Мустафаєв,84,Олександрія 2022,2,0,892054,Emil Mustafayev,2001-09-24,5,0,Azerbaijan,0,,3,2,0,0,0,600000,2024-12-17,,,,,https://www.transfermarkt.com/emil-mustafayev/profil/spieler/892054 https://tmapi.transfermarkt.technology/player/892054/national-career-history https://tmapi.transfermarkt.technology/player/892054/performance-game https://tmapi.transfermarkt.technology/transfer/history/player/892054,2026-09-30,єврокубки в базі TM: 2024–2025
tm:900195,Кевін,84,Шахтар (Донецьк) 2023,2,2,900195,Kevin,2003-01-04,0,0,,0,,6,15,7,7,2,30000000,2025-12-09,40000000,2025 Shakhtar Donetsk → Fulham FC,,,https://www.transfermarkt.com/kevin/profil/spieler/900195 https://tmapi.transfermarkt.technology/player/900195/national-career-history https://tmapi.transfermarkt.technology/player/900195/performance-game https://tmapi.transfermarkt.technology/transfer/history/player/900195,2026-09-30,єврокубки в базі TM: 2022–2026
tm:92640,Андрій Мостовий,84,Десна (Чернігів) 2019,1,0,92640,Andriy Mostovyi,1988-01-24,0,0,,0,,0,1,0,0,0,400000,2018-12-10,,,,,https://www.transfermarkt.com/andriy-mostovyi/profil/spieler/92640 https://tmapi.transfermarkt.technology/player/92640/national-career-history https://tmapi.transfermarkt.technology/player/92640/performance-game https://tmapi.transfermarkt.technology/transfer/history/player/92640,2026-09-30,єврокубки в базі TM: 2020–2021
tm:97567,Роман Безус,84,Ворскла (Полтава) 2012,2,3,97567,Roman Bezus,1990-09-26,24,5,Ukraine,1,,13,65,0,9,31,3000000,2019-12-13,1200000,2019 Sint-Truidense VV → KAA Gent,,,https://www.transfermarkt.com/roman-bezus/profil/spieler/97567 https://tmapi.transfermarkt.technology/player/97567/national-career-history https://tmapi.transfermarkt.technology/player/97567/performance-game https://tmapi.transfermarkt.technology/transfer/history/player/97567,2026-09-30,єврокубки в базі TM: 2009–2024
tm:97727,Ігор Тищенко,84,Маріуполь / Іллічівець 2010,1,0,97727,Igor Tyshchenko,1989-05-11,0,0,,0,,0,5,0,0,0,700000,2012-01-05,,,,,https://www.transfermarkt.com/igor-tyshchenko/profil/spieler/97727 https://tmapi.transfermarkt.technology/player/97727/national-career-history https://tmapi.transfermarkt.technology/player/97727/performance-game https://tmapi.transfermarkt.technology/transfer/history/player/97727,2026-09-30,єврокубки в базі TM: 2018–2020
w:1957-11-24:shari,Іван Шарій,84,Ворскла (Полтава) 1996,1,0,,,,,,,,,,,,,,,,,,,,,2026-09-30,немає Transfermarkt ID (не знайдено/не підтверджено датою народження)
w:1958-08-05:fedetski,Андрій Федецький,84,Волинь (Луцьк) 1992,1,0,826134,Andriy Fedetskyi,1958-08-05,0,0,,0,,0,0,0,0,0,,,,,,,https://www.transfermarkt.com/andriy-fedetskyi/profil/spieler/826134 https://tmapi.transfermarkt.technology/player/826134/national-career-history https://tmapi.transfermarkt.technology/player/826134/performance-game https://tmapi.transfermarkt.technology/transfer/history/player/826134,2026-09-30,tm id: transfermarkt search + dob
w:1959-06-09:iavorski,Ігор Яворський,84,Верес (Рівне) 1993,2,0,826122,Igor Yavorskyi,1959-06-09,0,0,,0,,0,0,0,0,0,,,,,,,https://www.transfermarkt.com/igor-yavorskyi/profil/spieler/826122 https://tmapi.transfermarkt.technology/player/826122/national-career-history https://tmapi.transfermarkt.technology/player/826122/performance-game https://tmapi.transfermarkt.technology/transfer/history/player/826122,2026-09-30,tm id: wikidata P2446 + dob
w:1960-08-11:biskup,Ігор Біскуп,84,Нива (Тернопіль) 1997,1,0,884103,Igor Biskup,1960-08-11,0,0,,0,,0,0,0,0,0,,,,,,,https://www.transfermarkt.com/igor-biskup/profil/spieler/884103 https://tmapi.transfermarkt.technology/player/884103/national-career-history https://tmapi.transfermarkt.technology/player/884103/performance-game https://tmapi.transfermarkt.technology/transfer/history/player/884103,2026-09-30,tm id: transfermarkt search + dob
w:1961-06-15:panchishin,Іван Панчишин,84,Металіст (Харків) 1992,1,0,305477,Ivan Panchyshyn,1961-06-15,0,0,,0,,0,4,0,0,0,,,,,,,https://www.transfermarkt.com/ivan-panchyshyn/profil/spieler/305477 https://tmapi.transfermarkt.technology/player/305477/national-career-history https://tmapi.transfermarkt.technology/player/305477/performance-game https://tmapi.transfermarkt.technology/transfer/history/player/305477,2026-09-30,tm id: wikidata P2446 + dob; єврокубки в базі TM: 1988–1989
w:1962-03-18:hruslov,В'ячеслав Хруслов,84,Динамо (Київ) 1992,1,2,,,,,,,,,,,,,,,,,,,,,2026-09-30,немає Transfermarkt ID (не знайдено/не підтверджено датою народження)
w:1963-01-03:mhlinets,Віктор Мглинець,84,Чорноморець (Одеса) 1996,1,0,985367,Viktor Mglynets,1963-01-03,0,0,,0,,0,0,0,0,0,,,,,,,https://www.transfermarkt.com/viktor-mglynets/profil/spieler/985367 https://tmapi.transfermarkt.technology/player/985367/national-career-history https://tmapi.transfermarkt.technology/player/985367/performance-game https://tmapi.transfermarkt.technology/transfer/history/player/985367,2026-09-30,tm id: transfermarkt search + dob
w:1964-12-04:rudnitski,Віталій Рудницький,84,Нива (Тернопіль) 1994,1,0,992888,Vitaliy Rudnytskyi,1964-12-04,0,0,,0,,0,0,0,0,0,,,,,,,https://www.transfermarkt.com/vitaliy-rudnytskyi/profil/spieler/992888 https://tmapi.transfermarkt.technology/player/992888/national-career-history https://tmapi.transfermarkt.technology/player/992888/performance-game https://tmapi.transfermarkt.technology/transfer/history/player/992888,2026-09-30,tm id: transfermarkt search + dob
w:1965-01-12:bondarchuk,Василь Бондарчук,84,Буковина (Чернівці) 1992,1,0,754819,Vasyl Bondarchuk,1965-01-12,0,0,,0,,0,0,0,0,0,,,,,,,https://www.transfermarkt.com/vasyl-bondarchuk/profil/spieler/754819 https://tmapi.transfermarkt.technology/player/754819/national-career-history https://tmapi.transfermarkt.technology/player/754819/performance-game https://tmapi.transfermarkt.technology/transfer/history/player/754819,2026-09-30,tm id: transfermarkt search + dob
w:1965-07-13:vasilitchuk,Андрій Василитчук,84,Нива (Тернопіль) 1993,1,0,159693,Andriy Vasylytchuk,1965-07-13,4,0,Ukraine,1,,0,0,0,0,0,,,,,,,https://www.transfermarkt.com/andriy-vasylytchuk/profil/spieler/159693 https://tmapi.transfermarkt.technology/player/159693/national-career-history https://tmapi.transfermarkt.technology/player/159693/performance-game https://tmapi.transfermarkt.technology/transfer/history/player/159693,2026-09-30,tm id: transfermarkt search + dob
w:1966-04-18:korponai,Адальберт Корпонай,84,Кремінь (Кременчук) 1995,1,0,,,,,,,,,,,,,,,,,,,,,2026-09-30,немає Transfermarkt ID (не знайдено/не підтверджено датою народження)
w:1966-06-09:plotko,Ігор Плотко,84,Карпати (Львів) 1997,3,0,857997,Igor Plotko,1966-06-09,0,0,,0,,0,2,0,0,0,,,,,,,https://www.transfermarkt.com/igor-plotko/profil/spieler/857997 https://tmapi.transfermarkt.technology/player/857997/national-career-history https://tmapi.transfermarkt.technology/player/857997/performance-game https://tmapi.transfermarkt.technology/transfer/history/player/857997,2026-09-30,tm id: transfermarkt search + dob; єврокубки в базі TM: 1993–1994
w:1966-08-01:tsitkin,Володимир Циткін,84,Буковина (Чернівці) 1992,1,0,494527,Volodymyr Tsytkin,1966-08-01,0,0,,0,,0,4,0,0,4,,,,,,,https://www.transfermarkt.com/volodymyr-tsytkin/profil/spieler/494527 https://tmapi.transfermarkt.technology/player/494527/national-career-history https://tmapi.transfermarkt.technology/player/494527/performance-game https://tmapi.transfermarkt.technology/transfer/history/player/494527,2026-09-30,tm id: wikidata P2446 + dob; єврокубки в базі TM: 1996–1997
w:1966-08-14:bondarenko,Роман Бондаренко,84,Торпедо (Запоріжжя) 1992,1,0,764456,Roman Bondarenko,1966-08-14,4,2,Turkmenistan,0,,0,0,0,0,0,,,,,,,https://www.transfermarkt.com/roman-bondarenko/profil/spieler/764456 https://tmapi.transfermarkt.technology/player/764456/national-career-history https://tmapi.transfermarkt.technology/player/764456/performance-game https://tmapi.transfermarkt.technology/transfer/history/player/764456,2026-09-30,"tm id: repo link (data/foot, data/positions)"
w:1966-09-10:tsveiba,Ахрік Цвейба,84,Динамо (Київ) 1992,1,1,101037,Akhrik Tsveiba,1966-09-10,37,2,Soviet Union (-1991),1,Russia 8/0; Ukraine 1/0,2,25,0,0,9,,,,,,UF #1 1991,https://www.transfermarkt.com/akhrik-tsveiba/profil/spieler/101037 https://tmapi.transfermarkt.technology/player/101037/national-career-history https://tmapi.transfermarkt.technology/player/101037/performance-game https://tmapi.transfermarkt.technology/transfer/history/player/101037 https://en.wikipedia.org/wiki/Ukrainian_Footballer_of_the_Year,2026-09-30,"tm id: repo link (data/foot, data/positions); єврокубки в базі TM: 1987–1998"
w:1967-01-17:harkivschenko,Ігор Харківщенко,84,Дніпро (Дніпропетровськ) 1996,1,0,721984,Igor Kharkivshchenko,1967-01-17,0,0,,0,,0,6,0,0,4,,,,,,,https://www.transfermarkt.com/igor-kharkivshchenko/profil/spieler/721984 https://tmapi.transfermarkt.technology/player/721984/national-career-history https://tmapi.transfermarkt.technology/player/721984/performance-game https://tmapi.transfermarkt.technology/transfer/history/player/721984,2026-09-30,tm id: wikidata P2446 + dob; єврокубки в базі TM: 1997–2002
w:1967-02-16:zub,Роман Зуб,84,Карпати (Львів) 1994,1,0,,,,,,,,,,,,,,,,,,,,,2026-09-30,немає Transfermarkt ID (не знайдено/не підтверджено датою народження)
w:1967-03-21:marchuk,Володимир Марчук,84,Волинь (Луцьк) 1993,1,0,965926,Volodymyr Marchuk,1967-03-21,0,0,,0,,0,0,0,0,0,,,,,,,https://www.transfermarkt.com/volodymyr-marchuk/profil/spieler/965926 https://tmapi.transfermarkt.technology/player/965926/national-career-history https://tmapi.transfermarkt.technology/player/965926/performance-game https://tmapi.transfermarkt.technology/transfer/history/player/965926,2026-09-30,tm id: wikidata P2446 + dob
w:1968-05-27:oparin,Андрій Опарін,84,Таврія (Сімферополь) 1995,1,0,183484,Andrey Oparin,1968-05-27,0,0,,0,,0,5,2,0,0,,,,,,,https://www.transfermarkt.com/andrey-oparin/profil/spieler/183484 https://tmapi.transfermarkt.technology/player/183484/national-career-history https://tmapi.transfermarkt.technology/player/183484/performance-game https://tmapi.transfermarkt.technology/transfer/history/player/183484,2026-09-30,tm id: wikidata P2446 + dob; єврокубки в базі TM: 1992–2002
w:1968-05-27:sisoev,Євген Сисоєв,84,Кривбас (Кривий Ріг) 1993,1,0,,,,,,,,,,,,,,,,,,,,,2026-09-30,немає Transfermarkt ID (не знайдено/не підтверджено датою народження)
w:1969-01-06:bereski,Олег Береський,84,Металург (Запоріжжя) 1999,1,0,883467,Oleg Bereskyi,1969-01-06,0,0,,0,,0,0,0,0,0,,,,,,,https://www.transfermarkt.com/oleg-bereskyi/profil/spieler/883467 https://tmapi.transfermarkt.technology/player/883467/national-career-history https://tmapi.transfermarkt.technology/player/883467/performance-game https://tmapi.transfermarkt.technology/transfer/history/player/883467,2026-09-30,tm id: wikidata P2446 + dob
w:1969-02-13:korponai,Іван Корпонай,84,Кремінь (Кременчук) 1994,2,0,21097,Jan Palinek,1969-02-13,0,0,,0,,0,22,0,2,22,,,,,,,https://www.transfermarkt.com/jan-palinek/profil/spieler/21097 https://tmapi.transfermarkt.technology/player/21097/national-career-history https://tmapi.transfermarkt.technology/player/21097/performance-game https://tmapi.transfermarkt.technology/transfer/history/player/21097,2026-09-30,tm id: wikidata P2446 + dob; єврокубки в базі TM: 1990–2004
w:1969-05-04:parahnevich,Віталій Парахневич,84,Чорноморець (Одеса) 1993,1,0,190300,Vitaliy Parakhnevich,1969-05-04,1,0,Tajikistan,0,,0,3,0,0,1,,,150000,1998 Jeonbuk Hyundai Motors → Suwon Samsung Bluewings,,,https://www.transfermarkt.com/vitaliy-parakhnevich/profil/spieler/190300 https://tmapi.transfermarkt.technology/player/190300/national-career-history https://tmapi.transfermarkt.technology/player/190300/performance-game https://tmapi.transfermarkt.technology/transfer/history/player/190300,2026-09-30,tm id: wikidata P2446 + dob; єврокубки в базі TM: 1994–2000
w:1969-07-18:sevidov,Олександр Севідов,84,Металург (Донецьк) 1999,1,0,492214,Oleksandr Sevidov,1969-07-18,0,0,,0,,0,0,0,0,0,,,,,,,https://www.transfermarkt.com/oleksandr-sevidov/profil/spieler/492214 https://tmapi.transfermarkt.technology/player/492214/national-career-history https://tmapi.transfermarkt.technology/player/492214/performance-game https://tmapi.transfermarkt.technology/transfer/history/player/492214,2026-09-30,tm id: wikidata P2446 + dob
w:1969-09-26:sosenko,Костянтин Сосенко,84,Дніпро (Дніпропетровськ) 1996,1,0,306274,Kostyantyn Sosenko,1969-09-26,6,0,Turkmenistan,0,,0,0,0,0,0,,,,,,,https://www.transfermarkt.com/kostyantyn-sosenko/profil/spieler/306274 https://tmapi.transfermarkt.technology/player/306274/national-career-history https://tmapi.transfermarkt.technology/player/306274/performance-game https://tmapi.transfermarkt.technology/transfer/history/player/306274,2026-09-30,tm id: wikidata P2446 + dob
w:1970-01-03:fursov,Володимир Фурсов,84,Таврія (Сімферополь) 1993,1,0,305759,Volodymyr Fursov,1970-01-03,0,0,,0,,0,0,0,0,0,,,,,,,https://www.transfermarkt.com/volodymyr-fursov/profil/spieler/305759 https://tmapi.transfermarkt.technology/player/305759/national-career-history https://tmapi.transfermarkt.technology/player/305759/performance-game https://tmapi.transfermarkt.technology/transfer/history/player/305759,2026-09-30,tm id: wikidata P2446 + dob
w:1970-06-14:kulik,Костянтин Кулик,84,Чорноморець (Одеса) 1992,1,0,116801,Kostyantyn Kulyk,1970-06-14,0,0,,0,,0,24,0,3,19,,,,,,,https://www.transfermarkt.com/kostyantyn-kulyk/profil/spieler/116801 https://tmapi.transfermarkt.technology/player/116801/national-career-history https://tmapi.transfermarkt.technology/player/116801/performance-game https://tmapi.transfermarkt.technology/transfer/history/player/116801,2026-09-30,tm id: wikidata P2446 + dob; єврокубки в базі TM: 1992–2002
w:1970-07-05:rati,Олег Ратій,84,Металург (Запоріжжя) 1999,1,0,751152,Oleg Yakovlev,1970-07-05,0,0,,0,,0,0,0,0,0,,,,,,,https://www.transfermarkt.com/oleg-yakovlev/profil/spieler/751152 https://tmapi.transfermarkt.technology/player/751152/national-career-history https://tmapi.transfermarkt.technology/player/751152/performance-game https://tmapi.transfermarkt.technology/transfer/history/player/751152,2026-09-30,tm id: wikidata P2446 + dob
w:1970-08-25:liuti,Владислав Лютий,84,Кривбас (Кривий Ріг) 1994,1,0,,,,,,,,,,,,,,,,,,,,,2026-09-30,немає Transfermarkt ID (не знайдено/не підтверджено датою народження)
w:1970-10-16:mokritski,Юрій Мокрицький,84,Карпати (Львів) 1993,1,0,524476,Yuriy Mokrytskyi,1970-10-16,0,0,,0,,9,4,0,0,0,,,,,,,https://www.transfermarkt.com/yuriy-mokrytskyi/profil/spieler/524476 https://tmapi.transfermarkt.technology/player/524476/national-career-history https://tmapi.transfermarkt.technology/player/524476/performance-game https://tmapi.transfermarkt.technology/transfer/history/player/524476,2026-09-30,tm id: wikidata P2446 + dob; єврокубки в базі TM: 1993–1999
w:1971-01-04:filimonov,Денис Філімонов,84,Верес (Рівне) 1993,2,0,785002,Denys Filimonov,1971-01-04,0,0,,0,,0,1,0,0,1,,,,,,,https://www.transfermarkt.com/denys-filimonov/profil/spieler/785002 https://tmapi.transfermarkt.technology/player/785002/national-career-history https://tmapi.transfermarkt.technology/player/785002/performance-game https://tmapi.transfermarkt.technology/transfer/history/player/785002,2026-09-30,tm id: transfermarkt search + dob; єврокубки в базі TM: 1997–1998
w:1971-02-25:revut,Сергій Ревут,84,ЦСКА (Київ) 1995,1,0,251344,Sergiy Revut,1971-02-25,0,0,,0,,0,5,0,1,0,,,,,,,https://www.transfermarkt.com/sergiy-revut/profil/spieler/251344 https://tmapi.transfermarkt.technology/player/251344/national-career-history https://tmapi.transfermarkt.technology/player/251344/performance-game https://tmapi.transfermarkt.technology/transfer/history/player/251344,2026-09-30,"tm id: repo link (data/foot, data/positions); єврокубки в базі TM: 1998–2002"
w:1971-03-04:kovalov,Альберт Ковальов,84,Металург (Донецьк) 1999,1,0,,,,,,,,,,,,,,,,,,,,,2026-09-30,немає Transfermarkt ID (не знайдено/не підтверджено датою народження)
w:1971-03-10:zabranski,Руслан Забранський,84,СК Миколаїв 1994,1,0,577162,Ruslan Zabranskyi,1971-03-10,0,0,,0,,0,2,0,0,0,,,,,,,https://www.transfermarkt.com/ruslan-zabranskyi/profil/spieler/577162 https://tmapi.transfermarkt.technology/player/577162/national-career-history https://tmapi.transfermarkt.technology/player/577162/performance-game https://tmapi.transfermarkt.technology/transfer/history/player/577162,2026-09-30,tm id: wikidata P2446 + dob; єврокубки в базі TM: 2001–2002
w:1971-06-23:djamarauli,Гоча Джамараулі,84,Металург (Донецьк) 2002,1,0,,,,,,,,,,,,,,,,,,,,,2026-09-30,немає Transfermarkt ID (не знайдено/не підтверджено датою народження)
w:1971-08-23:hrebeniuk,Тарас Гребенюк,84,Металург (Запоріжжя) 1994,2,0,882338,Taras Grebenyuk,1971-08-23,0,0,,0,,0,0,0,0,0,,,,,,,https://www.transfermarkt.com/taras-grebenyuk/profil/spieler/882338 https://tmapi.transfermarkt.technology/player/882338/national-career-history https://tmapi.transfermarkt.technology/player/882338/performance-game https://tmapi.transfermarkt.technology/transfer/history/player/882338,2026-09-30,tm id: transfermarkt search + dob
w:1971-08-26:korol,Ігор Король,84,Металург (Донецьк) 1997,1,0,529570,Igor Korol,1971-08-26,0,0,,0,,0,0,0,0,0,,,,,,,https://www.transfermarkt.com/igor-korol/profil/spieler/529570 https://tmapi.transfermarkt.technology/player/529570/national-career-history https://tmapi.transfermarkt.technology/player/529570/performance-game https://tmapi.transfermarkt.technology/transfer/history/player/529570,2026-09-30,tm id: transfermarkt search + dob
w:1971-09-05:nahorniak,Сергій Нагорняк,84,Нива (Вінниця) 1994,1,2,136144,Sergiy Nagornyak,1971-09-05,14,0,Ukraine,1,,0,6,1,0,1,,,,,,,https://www.transfermarkt.com/sergiy-nagornyak/profil/spieler/136144 https://tmapi.transfermarkt.technology/player/136144/national-career-history https://tmapi.transfermarkt.technology/player/136144/performance-game https://tmapi.transfermarkt.technology/transfer/history/player/136144,2026-09-30,"tm id: repo link (data/foot, data/positions); єврокубки в базі TM: 1995–2000"
w:1971-09-12:huralski,Олександр Гуральський,84,Металург (Запоріжжя) 1992,1,0,883012,Oleksandr Guralskyi,1971-09-12,0,0,,0,,0,0,0,0,0,,,,,,,https://www.transfermarkt.com/oleksandr-guralskyi/profil/spieler/883012 https://tmapi.transfermarkt.technology/player/883012/national-career-history https://tmapi.transfermarkt.technology/player/883012/performance-game https://tmapi.transfermarkt.technology/transfer/history/player/883012,2026-09-30,tm id: transfermarkt search + dob
w:1971-09-23:kozar,Геннадій Козар,84,Дніпро (Дніпропетровськ) 1996,2,0,,,,,,,,,,,,,,,,,,,,,2026-09-30,немає Transfermarkt ID (не знайдено/не підтверджено датою народження)
w:1971-11-15:demianchuk,Михайло Дем'янчук,84,Нива (Тернопіль) 1994,1,0,,,,,,,,,,,,,,,,,,,,,2026-09-30,немає Transfermarkt ID (не знайдено/не підтверджено датою народження)
w:1971-12-11:shved,Василь Швед,84,Карпати (Львів) 2000,1,0,915860,Vasyl Shved,1971-12-11,0,0,,0,,0,0,0,0,0,,,,,,,https://www.transfermarkt.com/vasyl-shved/profil/spieler/915860 https://tmapi.transfermarkt.technology/player/915860/national-career-history https://tmapi.transfermarkt.technology/player/915860/performance-game https://tmapi.transfermarkt.technology/transfer/history/player/915860,2026-09-30,tm id: transfermarkt search + dob
w:1972-01-23:nazarov,Євгеній Назаров,84,Карпати (Львів) 1997,1,0,373479,Yevgeniy Nazarov,1972-01-23,0,0,,0,,0,2,0,0,0,,,,,,,https://www.transfermarkt.com/yevgeniy-nazarov/profil/spieler/373479 https://tmapi.transfermarkt.technology/player/373479/national-career-history https://tmapi.transfermarkt.technology/player/373479/performance-game https://tmapi.transfermarkt.technology/transfer/history/player/373479,2026-09-30,tm id: wikidata P2446 + dob; єврокубки в базі TM: 1999–2000
w:1972-08-21:mamedov,Раміз Мамедов,84,Динамо (Київ) 1999,1,1,67117,Ramiz Mamedov,1972-08-21,10,0,Russia,0,,12,45,33,2,36,,,,,,,https://www.transfermarkt.com/ramiz-mamedov/profil/spieler/67117 https://tmapi.transfermarkt.technology/player/67117/national-career-history https://tmapi.transfermarkt.technology/player/67117/performance-game https://tmapi.transfermarkt.technology/transfer/history/player/67117,2026-09-30,"tm id: repo link (data/foot, data/positions); єврокубки в базі TM: 1992–2001"
w:1972-08-29:kurilenko,Олексій Куриленко,84,Кривбас (Кривий Ріг) 1994,1,0,2210,Oleksiy Kurylenko,1972-08-29,0,0,,0,,0,0,0,0,0,50000,2004-10-04,,,,,https://www.transfermarkt.com/oleksiy-kurylenko/profil/spieler/2210 https://tmapi.transfermarkt.technology/player/2210/national-career-history https://tmapi.transfermarkt.technology/player/2210/performance-game https://tmapi.transfermarkt.technology/transfer/history/player/2210,2026-09-30,tm id: wikidata P2446 + dob
w:1972-09-29:buhai,Сергій Бугай,84,Кривбас (Кривий Ріг) 1998,1,0,,,,,,,,,,,,,,,,,,,,,2026-09-30,немає Transfermarkt ID (не знайдено/не підтверджено датою народження)
w:1972-10-29:mintenko,Віталій Мінтенко,84,Металург (Донецьк) 1997,1,2,358918,Vitaliy Mintenko,1972-10-29,0,0,,0,,0,1,0,0,0,,,,,,,https://www.transfermarkt.com/vitaliy-mintenko/profil/spieler/358918 https://tmapi.transfermarkt.technology/player/358918/national-career-history https://tmapi.transfermarkt.technology/player/358918/performance-game https://tmapi.transfermarkt.technology/transfer/history/player/358918,2026-09-30,tm id: wikidata P2446 + dob; єврокубки в базі TM: 1992–1993
w:1973-03-11:musolitin,Володимир Мусолітін,84,Кривбас (Кривий Ріг) 2001,1,0,172234,Volodymyr Musolitin,1973-03-11,3,1,Ukraine,1,,0,14,0,6,0,,,,,,,https://www.transfermarkt.com/volodymyr-musolitin/profil/spieler/172234 https://tmapi.transfermarkt.technology/player/172234/national-career-history https://tmapi.transfermarkt.technology/player/172234/performance-game https://tmapi.transfermarkt.technology/transfer/history/player/172234,2026-09-30,"tm id: repo link (data/foot, data/positions); єврокубки в базі TM: 1995–1999"
w:1973-03-14:pajin,Предраг Пажін,84,Шахтар (Донецьк) 2003,1,2,7380,Predrag Pazin,1973-03-14,32,0,Bulgaria,0,,1,21,0,1,16,1250000,2004-10-04,700000,2000 Levski Sofia → Kocaelispor,,,https://www.transfermarkt.com/predrag-pazin/profil/spieler/7380 https://tmapi.transfermarkt.technology/player/7380/national-career-history https://tmapi.transfermarkt.technology/player/7380/performance-game https://tmapi.transfermarkt.technology/transfer/history/player/7380,2026-09-30,tm id: wikidata P2446 + dob; єврокубки в базі TM: 1996–2005
w:1973-06-24:tsihmeistruk,Едуард Цихмейструк,84,Маріуполь / Іллічівець 2004,1,0,58223,Eduard Tsykhmeystruk,1973-06-24,7,0,Ukraine,1,,0,20,6,2,10,150000,2008-01-12,,,,,https://www.transfermarkt.com/eduard-tsykhmeystruk/profil/spieler/58223 https://tmapi.transfermarkt.technology/player/58223/national-career-history https://tmapi.transfermarkt.technology/player/58223/performance-game https://tmapi.transfermarkt.technology/transfer/history/player/58223,2026-09-30,"tm id: repo link (data/foot, data/positions); єврокубки в базі TM: 1998–2005"
w:1973-08-27:kliuchik,Сергій Ключик,84,Металург (Запоріжжя) 1995,1,0,169274,Sergiy Klyuchyk,1973-08-27,0,0,,0,,0,3,0,0,0,,,,,,,https://www.transfermarkt.com/sergiy-klyuchyk/profil/spieler/169274 https://tmapi.transfermarkt.technology/player/169274/national-career-history https://tmapi.transfermarkt.technology/player/169274/performance-game https://tmapi.transfermarkt.technology/transfer/history/player/169274,2026-09-30,tm id: wikidata P2446 + dob; єврокубки в базі TM: 2002–2003
w:1974-03-31:nivinski,В'ячеслав Нівінський,84,Оболонь (Київ) 2003,1,0,91550,Vyacheslav Nivinskyi,1974-03-31,0,0,,0,,0,0,0,0,0,50000,2009-01-02,,,,,https://www.transfermarkt.com/vyacheslav-nivinskyi/profil/spieler/91550 https://tmapi.transfermarkt.technology/player/91550/national-career-history https://tmapi.transfermarkt.technology/player/91550/performance-game https://tmapi.transfermarkt.technology/transfer/history/player/91550,2026-09-30,tm id: wikidata P2446 + dob
w:1974-07-08:shtoltsers,Андрій Штолцерс,84,Шахтар (Донецьк) 1998,1,3,3724,Andrejs Stolcers,1974-07-08,81,7,Latvia,0,,4,28,3,6,22,1250000,2004-10-04,3000000,2000 Shakhtar Donetsk → Fulham FC,,,https://www.transfermarkt.com/andrejs-stolcers/profil/spieler/3724 https://tmapi.transfermarkt.technology/player/3724/national-career-history https://tmapi.transfermarkt.technology/player/3724/performance-game https://tmapi.transfermarkt.technology/transfer/history/player/3724,2026-09-30,tm id: wikidata P2446 + dob; єврокубки в базі TM: 1994–2009
w:1974-09-09:piatenko,Володимир П'ятенко,84,Металіст (Харків) 1998,1,1,356529,Volodymyr Pyatenko,1974-09-09,0,0,,0,,8,7,0,1,0,,,,,,,https://www.transfermarkt.com/volodymyr-pyatenko/profil/spieler/356529 https://tmapi.transfermarkt.technology/player/356529/national-career-history https://tmapi.transfermarkt.technology/player/356529/performance-game https://tmapi.transfermarkt.technology/transfer/history/player/356529,2026-09-30,tm id: wikidata P2446 + dob; єврокубки в базі TM: 1995–1997
w:1975-01-06:spivak,Олександр Співак,84,Шахтар (Донецьк) 1995,1,3,15664,Oleksandr Spivak,1975-01-06,3,0,Ukraine,1,,8,40,0,7,29,750000,2005-12-02,,,,,https://www.transfermarkt.com/oleksandr-spivak/profil/spieler/15664 https://tmapi.transfermarkt.technology/player/15664/national-career-history https://tmapi.transfermarkt.technology/player/15664/performance-game https://tmapi.transfermarkt.technology/transfer/history/player/15664,2026-09-30,tm id: wikidata P2446 + dob; єврокубки в базі TM: 1995–2006
w:1975-10-04:kristiano,Крістіано Лукареллі,84,Шахтар (Донецьк) 2007,1,1,21408,Cristiano Lucarelli,1975-10-04,6,3,Italy,0,,14,28,6,12,19,14500000,2006-03-13,9400000,2001 US Lecce → Torino FC,,,https://www.transfermarkt.com/cristiano-lucarelli/profil/spieler/21408 https://tmapi.transfermarkt.technology/player/21408/national-career-history https://tmapi.transfermarkt.technology/player/21408/performance-game https://tmapi.transfermarkt.technology/transfer/history/player/21408,2026-09-30,tm id: wikidata P2446 + dob; єврокубки в базі TM: 1998–2011
w:1976-01-04:spevak,Андрій Спєвак,84,Прикарпаття (Івано-Франківськ) 1999,2,0,168988,Andriy Spevak,1976-01-04,0,0,,0,,0,3,0,0,0,,,,,,,https://www.transfermarkt.com/andriy-spevak/profil/spieler/168988 https://tmapi.transfermarkt.technology/player/168988/national-career-history https://tmapi.transfermarkt.technology/player/168988/performance-game https://tmapi.transfermarkt.technology/transfer/history/player/168988,2026-09-30,tm id: wikidata P2446 + dob; єврокубки в базі TM: 2003–2004
w:1976-01-16:anikev,Володимир Анікеєв,84,Маріуполь / Іллічівець 2000,2,0,,,,,,,,,,,,,,,,,,,,,2026-09-30,немає Transfermarkt ID (не знайдено/не підтверджено датою народження)
w:1976-02-29:prodan,Ігор Продан,84,Говерла / Закарпаття (Ужгород) 2001,1,0,167028,Igor Prodan,1976-02-29,0,0,,0,,0,0,0,0,0,,,,,,,https://www.transfermarkt.com/igor-prodan/profil/spieler/167028 https://tmapi.transfermarkt.technology/player/167028/national-career-history https://tmapi.transfermarkt.technology/player/167028/performance-game https://tmapi.transfermarkt.technology/transfer/history/player/167028,2026-09-30,"tm id: repo link (data/foot, data/positions)"
w:1976-03-24:kovalenko,Олександр Коваленко,84,Дніпро (Дніпропетровськ) 1997,1,1,341515,Oleksandr Kovalenko,1976-03-24,0,0,,0,,4,5,0,0,0,,,,,,,https://www.transfermarkt.com/oleksandr-kovalenko/profil/spieler/341515 https://tmapi.transfermarkt.technology/player/341515/national-career-history https://tmapi.transfermarkt.technology/player/341515/performance-game https://tmapi.transfermarkt.technology/transfer/history/player/341515,2026-09-30,"tm id: repo link (data/foot, data/positions); єврокубки в базі TM: 1997–2003"
w:1976-05-09:trapaidze,Гоча Трапаідзе,84,Таврія (Сімферополь) 2000,1,0,267709,Gocha Trapaidze,1976-05-09,0,0,,0,,0,12,0,0,8,,,,,,,https://www.transfermarkt.com/gocha-trapaidze/profil/spieler/267709 https://tmapi.transfermarkt.technology/player/267709/national-career-history https://tmapi.transfermarkt.technology/player/267709/performance-game https://tmapi.transfermarkt.technology/transfer/history/player/267709,2026-09-30,tm id: wikidata P2446 + dob; єврокубки в базі TM: 1997–2007
w:1976-06-16:rimshin,Євген Римшин,84,Прикарпаття (Івано-Франківськ) 1997,1,0,859168,Yevgen Rymshyn,1976-06-16,0,0,,0,,2,4,0,0,0,,,,,,,https://www.transfermarkt.com/yevgen-rymshyn/profil/spieler/859168 https://tmapi.transfermarkt.technology/player/859168/national-career-history https://tmapi.transfermarkt.technology/player/859168/performance-game https://tmapi.transfermarkt.technology/transfer/history/player/859168,2026-09-30,tm id: transfermarkt search + dob; єврокубки в базі TM: 1999–2000
w:1976-09-12:epurianu,Сергій Епуряну,84,Ворскла (Полтава) 2005,1,0,44269,Sergiu Epureanu,1976-09-12,47,3,Moldova,0,,4,20,0,5,20,300000,2007-10-15,,,,,https://www.transfermarkt.com/sergiu-epureanu/profil/spieler/44269 https://tmapi.transfermarkt.technology/player/44269/national-career-history https://tmapi.transfermarkt.technology/player/44269/performance-game https://tmapi.transfermarkt.technology/transfer/history/player/44269,2026-09-30,tm id: wikidata P2446 + dob; єврокубки в базі TM: 1998–2002
w:1976-12-13:mladenovich,Ненад Младенович,84,Металург (Донецьк) 2003,1,0,24041,Nenad Mladenovic,1976-12-13,1,0,Yugoslavia,0,,0,10,0,2,9,500000,2005-09-26,,,,,https://www.transfermarkt.com/nenad-mladenovic/profil/spieler/24041 https://tmapi.transfermarkt.technology/player/24041/national-career-history https://tmapi.transfermarkt.technology/player/24041/performance-game https://tmapi.transfermarkt.technology/transfer/history/player/24041,2026-09-30,tm id: wikidata P2446 + dob; єврокубки в базі TM: 2000–2007
w:1977-01-17:seihan,Толга Сейхан,84,Шахтар (Донецьк) 2005,1,1,6966,Tolga Seyhan,1977-01-17,18,2,Turkiye,0,,3,12,2,0,7,3500000,2004-10-29,3750000,2005 Trabzonspor → Shakhtar Donetsk,500000,,https://www.transfermarkt.com/tolga-seyhan/profil/spieler/6966 https://tmapi.transfermarkt.technology/player/6966/national-career-history https://tmapi.transfermarkt.technology/player/6966/performance-game https://tmapi.transfermarkt.technology/transfer/history/player/6966,2026-09-30,"tm id: repo link (data/foot, data/positions); єврокубки в базі TM: 2003–2007"
w:1977-03-24:romanenko,Всеволод Романенко,84,Оболонь (Київ) 2003,1,0,27204,Vsevolod Romanenko,1977-03-24,0,0,,0,,3,0,0,0,0,400000,2010-08-28,,,,,https://www.transfermarkt.com/vsevolod-romanenko/profil/spieler/27204 https://tmapi.transfermarkt.technology/player/27204/national-career-history https://tmapi.transfermarkt.technology/player/27204/performance-game https://tmapi.transfermarkt.technology/transfer/history/player/27204,2026-09-30,tm id: wikidata P2446 + dob
w:1977-05-03:dainius,Дайнюс Глевецкас,84,Шахтар (Донецьк) 1999,1,6,,,,,,,,,,,,,,,,,,,,,2026-09-30,немає Transfermarkt ID (не знайдено/не підтверджено датою народження)
w:1977-05-11:kovalevski,Войцех Ковалевський,84,Шахтар (Донецьк) 2001,1,2,15101,Wojciech Kowalewski,1977-05-11,11,0,Poland,0,,0,30,4,0,27,4500000,2006-09-09,,,,,https://www.transfermarkt.com/wojciech-kowalewski/profil/spieler/15101 https://tmapi.transfermarkt.technology/player/15101/national-career-history https://tmapi.transfermarkt.technology/player/15101/performance-game https://tmapi.transfermarkt.technology/transfer/history/player/15101,2026-09-30,tm id: wikidata P2446 + dob; єврокубки в базі TM: 2001–2011
w:1977-09-01:dranov,Сергій Дранов,84,Металург (Донецьк) 2000,2,4,92464,Sergiy Dranov,1977-09-01,0,0,,0,,10,2,0,0,0,,,,,,,https://www.transfermarkt.com/sergiy-dranov/profil/spieler/92464 https://tmapi.transfermarkt.technology/player/92464/national-career-history https://tmapi.transfermarkt.technology/player/92464/performance-game https://tmapi.transfermarkt.technology/transfer/history/player/92464,2026-09-30,tm id: wikidata P2446 + dob; єврокубки в базі TM: 2002–2004
w:1977-09-28:maziar,Володимир Мазяр,84,Ворскла (Полтава) 1999,1,0,118430,Volodymyr Mazyar,1977-09-28,0,0,,0,,2,6,0,0,1,75000,2009-10-25,,,,,https://www.transfermarkt.com/volodymyr-mazyar/profil/spieler/118430 https://tmapi.transfermarkt.technology/player/118430/national-career-history https://tmapi.transfermarkt.technology/player/118430/performance-game https://tmapi.transfermarkt.technology/transfer/history/player/118430,2026-09-30,tm id: wikidata P2446 + dob; єврокубки в базі TM: 2000–2010
w:1977-10-13:kolchin,Денис Колчін,84,Чорноморець (Одеса) 1995,1,0,60183,Denys Kolchin,1977-10-13,0,0,,0,,8,7,0,0,0,100000,2007-10-01,,,,,https://www.transfermarkt.com/denys-kolchin/profil/spieler/60183 https://tmapi.transfermarkt.technology/player/60183/national-career-history https://tmapi.transfermarkt.technology/player/60183/performance-game https://tmapi.transfermarkt.technology/transfer/history/player/60183,2026-09-30,"tm id: repo link (data/foot, data/positions); єврокубки в базі TM: 1995–1997"
w:1977-12-29:cheliadzinski,Артем Челядинський,84,Металург (Запоріжжя) 2007,1,0,26175,Artem Chelyadinskiy,1977-12-29,7,0,Belarus,0,,9,13,0,0,9,900000,2008-10-09,,,,,https://www.transfermarkt.com/artem-chelyadinskiy/profil/spieler/26175 https://tmapi.transfermarkt.technology/player/26175/national-career-history https://tmapi.transfermarkt.technology/player/26175/performance-game https://tmapi.transfermarkt.technology/transfer/history/player/26175,2026-09-30,tm id: wikidata P2446 + dob; єврокубки в базі TM: 2001–2017
w:1978-02-27:kaladze,Каха Каладзе,84,Динамо (Київ) 1998,1,4,3430,Kakhaber Kaladze,1978-02-27,83,1,Georgia,0,,9,110,70,3,77,8500000,2008-02-15,16000000,2001 Dynamo Kyiv → AC Milan,,,https://www.transfermarkt.com/kakhaber-kaladze/profil/spieler/3430 https://tmapi.transfermarkt.technology/player/3430/national-career-history https://tmapi.transfermarkt.technology/player/3430/performance-game https://tmapi.transfermarkt.technology/transfer/history/player/3430,2026-09-30,"tm id: repo link (data/foot, data/positions); єврокубки в базі TM: 1995–2010"
w:1978-05-01:isak,Ісаак Окоронкво,84,Шахтар (Донецьк) 2001,2,3,6176,Isaac Okoronkwo,1978-05-01,26,0,Nigeria,0,,4,21,3,0,6,1750000,2004-10-04,,,,,https://www.transfermarkt.com/isaac-okoronkwo/profil/spieler/6176 https://tmapi.transfermarkt.technology/player/6176/national-career-history https://tmapi.transfermarkt.technology/player/6176/performance-game https://tmapi.transfermarkt.technology/transfer/history/player/6176,2026-09-30,tm id: wikidata P2446 + dob; єврокубки в базі TM: 1999–2007
w:1978-09-10:kutarba,Герман Кутарба,84,Арсенал (Київ) 2003,2,0,59282,German Kutarba,1978-09-10,0,0,,0,,3,0,0,0,0,200000,2007-12-11,,,,,https://www.transfermarkt.com/german-kutarba/profil/spieler/59282 https://tmapi.transfermarkt.technology/player/59282/national-career-history https://tmapi.transfermarkt.technology/player/59282/performance-game https://tmapi.transfermarkt.technology/transfer/history/player/59282,2026-09-30,"tm id: repo link (data/foot, data/positions)"
w:1978-11-09:markovich,Слободан Маркович,84,Таврія (Сімферополь) 2009,1,0,24035,Slobodan Markovic,1978-11-09,3,0,Serbia and Montenegro,0,,0,8,0,0,2,800000,2010-08-28,,,,,https://www.transfermarkt.com/slobodan-markovic/profil/spieler/24035 https://tmapi.transfermarkt.technology/player/24035/national-career-history https://tmapi.transfermarkt.technology/player/24035/performance-game https://tmapi.transfermarkt.technology/transfer/history/player/24035,2026-09-30,"tm id: repo link (data/foot, data/positions); єврокубки в базі TM: 2004–2011"
w:1979-01-02:lashankov,Євген Лошанков,84,Чорноморець (Одеса) 2004,1,0,49006,Evgeniy Loshankov,1979-01-02,1,0,Belarus,0,,18,25,0,4,24,300000,2010-12-07,,,,,https://www.transfermarkt.com/evgeniy-loshankov/profil/spieler/49006 https://tmapi.transfermarkt.technology/player/49006/national-career-history https://tmapi.transfermarkt.technology/player/49006/performance-game https://tmapi.transfermarkt.technology/transfer/history/player/49006,2026-09-30,tm id: wikidata P2446 + dob; єврокубки в базі TM: 1999–2012
w:1979-05-22:altman,Геннадій Альтман,84,Чорноморець (Одеса) 2004,1,0,48975,Gennadiy Altman,1979-05-22,0,0,,0,,0,2,0,0,0,,,,,,,https://www.transfermarkt.com/gennadiy-altman/profil/spieler/48975 https://tmapi.transfermarkt.technology/player/48975/national-career-history https://tmapi.transfermarkt.technology/player/48975/performance-game https://tmapi.transfermarkt.technology/transfer/history/player/48975,2026-09-30,tm id: wikidata P2446 + dob; єврокубки в базі TM: 2006–2007
w:1979-07-15:bilozor,Сергій Білозор,84,Чорноморець (Одеса) 2004,2,0,48980,Sergiy Bilozor,1979-07-15,0,0,,0,,16,11,0,0,0,1000000,2008-09-28,,,,,https://www.transfermarkt.com/sergiy-bilozor/profil/spieler/48980 https://tmapi.transfermarkt.technology/player/48980/national-career-history https://tmapi.transfermarkt.technology/player/48980/performance-game https://tmapi.transfermarkt.technology/transfer/history/player/48980,2026-09-30,"tm id: repo link (data/foot, data/positions); єврокубки в базі TM: 2001–2010"
w:1979-08-04:horan,Горан Саблич,84,Динамо (Київ) 2002,2,6,9785,Goran Sablic,1979-08-04,5,0,Croatia,0,,6,39,15,1,9,2500000,2005-04-14,1800000,2002 HNK Hajduk Split → Dynamo Kyiv,,,https://www.transfermarkt.com/goran-sablic/profil/spieler/9785 https://tmapi.transfermarkt.technology/player/9785/national-career-history https://tmapi.transfermarkt.technology/player/9785/performance-game https://tmapi.transfermarkt.technology/transfer/history/player/9785,2026-09-30,tm id: wikidata P2446 + dob; єврокубки в базі TM: 1998–2009
w:1979-08-09:hunchak,Руслан Гунчак,84,ФК Харків 2007,1,0,58026,Ruslan Gunchak,1979-08-09,0,0,,0,,0,1,0,0,1,1000000,2007-10-26,,,,,https://www.transfermarkt.com/ruslan-gunchak/profil/spieler/58026 https://tmapi.transfermarkt.technology/player/58026/national-career-history https://tmapi.transfermarkt.technology/player/58026/performance-game https://tmapi.transfermarkt.technology/transfer/history/player/58026,2026-09-30,"tm id: repo link (data/foot, data/positions); єврокубки в базі TM: 2009–2010"
w:1979-08-31:iarosh,Руслан Ярош,84,Металіст (Харків) 2005,1,0,59922,Ruslan Yarosh,1979-08-31,0,0,,0,,0,0,0,0,0,350000,2009-01-11,,,,,https://www.transfermarkt.com/ruslan-yarosh/profil/spieler/59922 https://tmapi.transfermarkt.technology/player/59922/national-career-history https://tmapi.transfermarkt.technology/player/59922/performance-game https://tmapi.transfermarkt.technology/transfer/history/player/59922,2026-09-30,tm id: wikidata P2446 + dob
w:1979-10-15:maris,Маріс Верпаковськіс,84,Динамо (Київ) 2003,1,4,15404,Maris Verpakovskis,1979-10-15,104,29,Latvia,0,,7,32,5,6,19,3000000,2005-02-27,2000000,2004 Skonto Riga (- 2016) → Dynamo Kyiv,,,https://www.transfermarkt.com/maris-verpakovskis/profil/spieler/15404 https://tmapi.transfermarkt.technology/player/15404/national-career-history https://tmapi.transfermarkt.technology/player/15404/performance-game https://tmapi.transfermarkt.technology/transfer/history/player/15404,2026-09-30,tm id: wikidata P2446 + dob; єврокубки в базі TM: 1998–2013
w:1980-01-15:akopian,Армен Акопян,84,Металург (Запоріжжя) 2004,1,0,59981,Armen Akopyan,1980-01-15,0,0,,0,,14,3,0,1,0,,,,,,,https://www.transfermarkt.com/armen-akopyan/profil/spieler/59981 https://tmapi.transfermarkt.technology/player/59981/national-career-history https://tmapi.transfermarkt.technology/player/59981/performance-game https://tmapi.transfermarkt.technology/transfer/history/player/59981,2026-09-30,tm id: wikidata P2446 + dob; єврокубки в базі TM: 2002–2003
w:1980-04-09:erko,Єрко Леко,84,Динамо (Київ) 2003,1,4,9799,Jerko Leko,1980-04-09,59,2,Croatia,0,,6,48,20,1,25,5000000,2004-10-04,5500000,2003 GNK Dinamo Zagreb → Dynamo Kyiv,,,https://www.transfermarkt.com/jerko-leko/profil/spieler/9799 https://tmapi.transfermarkt.technology/player/9799/national-career-history https://tmapi.transfermarkt.technology/player/9799/performance-game https://tmapi.transfermarkt.technology/transfer/history/player/9799,2026-09-30,"tm id: repo link (data/foot, data/positions); єврокубки в базі TM: 2001–2016"
w:1980-06-27:dato,Дато Квірквелія,84,Металург (Запоріжжя) 2006,1,0,25761,Davit Kvirkvelia,1980-06-27,60,0,Georgia,0,,1,34,0,3,30,3600000,2009-09-04,,,,,https://www.transfermarkt.com/davit-kvirkvelia/profil/spieler/25761 https://tmapi.transfermarkt.technology/player/25761/national-career-history https://tmapi.transfermarkt.technology/player/25761/performance-game https://tmapi.transfermarkt.technology/transfer/history/player/25761,2026-09-30,tm id: wikidata P2446 + dob; єврокубки в базі TM: 2002–2018
w:1980-09-10:danilav,Олександр Данилов,84,Металіст (Харків) 2006,1,0,42623,Aleksandr Danilov,1980-09-10,0,0,,0,,0,9,0,0,8,600000,2010-02-17,,,,,https://www.transfermarkt.com/aleksandr-danilov/profil/spieler/42623 https://tmapi.transfermarkt.technology/player/42623/national-career-history https://tmapi.transfermarkt.technology/player/42623/performance-game https://tmapi.transfermarkt.technology/transfer/history/player/42623,2026-09-30,"tm id: repo link (data/foot, data/positions); єврокубки в базі TM: 2002–2014"
w:1980-10-05:kashevski,Микола Кашевський,84,Кривбас (Кривий Ріг) 2004,1,0,25472,Nikolay Kashevskiy,1980-10-05,13,0,Belarus,0,,0,18,0,3,15,700000,2010-02-22,,,,,https://www.transfermarkt.com/nikolay-kashevskiy/profil/spieler/25472 https://tmapi.transfermarkt.technology/player/25472/national-career-history https://tmapi.transfermarkt.technology/player/25472/performance-game https://tmapi.transfermarkt.technology/transfer/history/player/25472,2026-09-30,"tm id: repo link (data/foot, data/positions); єврокубки в базі TM: 2006–2015"
w:1980-11-04:maidana,Родріго Васкес,84,Чорноморець (Одеса) 2007,1,0,,,,,,,,,,,,,,,,,,,,,2026-09-30,немає Transfermarkt ID (не знайдено/не підтверджено датою народження)
w:1981-01-29:pischur,Олександр Пищур,84,Волинь (Луцьк) 2010,1,0,91349,Aleksandr Zhabokritskiy,1981-01-29,0,0,,0,,0,0,0,0,0,400000,2011-09-25,,,,,https://www.transfermarkt.com/aleksandr-zhabokritskiy/profil/spieler/91349 https://tmapi.transfermarkt.technology/player/91349/national-career-history https://tmapi.transfermarkt.technology/player/91349/performance-game https://tmapi.transfermarkt.technology/transfer/history/player/91349,2026-09-30,tm id: wikidata P2446 + dob
w:1981-02-02:chiprian,Чіпріан Тенасе,84,Металург (Донецьк) 2009,1,0,46661,Ciprian Tănasă,1981-02-02,0,0,,0,,6,5,0,1,0,1100000,2010-08-28,500000,2007 FC Arges Pitesti  (- 2013) → FC U Craiova 1948,,,https://www.transfermarkt.com/ciprian-tanasa/profil/spieler/46661 https://tmapi.transfermarkt.technology/player/46661/national-career-history https://tmapi.transfermarkt.technology/player/46661/performance-game https://tmapi.transfermarkt.technology/transfer/history/player/46661,2026-09-30,tm id: wikidata P2446 + dob; єврокубки в базі TM: 2009–2010
w:1981-07-28:leal,Маріо Сержіо,84,Металург (Донецьк) 2008,2,0,14513,Mário Sérgio,1981-07-28,0,0,,0,,27,54,6,3,48,2000000,2010-08-28,300000,2008 Associação Naval 1893 → Metalurg Donetsk (- 2015),,,https://www.transfermarkt.com/mario-sergio/profil/spieler/14513 https://tmapi.transfermarkt.technology/player/14513/national-career-history https://tmapi.transfermarkt.technology/player/14513/performance-game https://tmapi.transfermarkt.technology/transfer/history/player/14513,2026-09-30,tm id: wikidata P2446 + dob; єврокубки в базі TM: 2003–2017
w:1981-09-28:markovich,Мар'ян Маркович,84,Динамо (Київ) 2006,2,3,14539,Marjan Markovic,1981-09-28,17,0,Serbia,0,Serbia and Montenegro 5/0; Yugoslavia 4/0,15,41,7,0,30,2750000,2007-10-07,100000,2008 Dynamo Kyiv → Red Star Belgrade,200000,,https://www.transfermarkt.com/marjan-markovic/profil/spieler/14539 https://tmapi.transfermarkt.technology/player/14539/national-career-history https://tmapi.transfermarkt.technology/player/14539/performance-game https://tmapi.transfermarkt.technology/transfer/history/player/14539,2026-09-30,"tm id: repo link (data/foot, data/positions); єврокубки в базі TM: 2000–2009"
w:1981-11-13:karakevich,Роман Каракевич,84,Нафтовик-Укрнафта (Охтирка) 2007,1,0,57879,Roman Karakevych,1981-11-13,0,0,,0,,0,0,0,0,0,700000,2008-05-08,,,,,https://www.transfermarkt.com/roman-karakevych/profil/spieler/57879 https://tmapi.transfermarkt.technology/player/57879/national-career-history https://tmapi.transfermarkt.technology/player/57879/performance-game https://tmapi.transfermarkt.technology/transfer/history/player/57879,2026-09-30,tm id: wikidata P2446 + dob
w:1981-11-17:hribanov,Сергій Грибанов,84,Маріуполь / Іллічівець 2001,1,0,91214,Sergiy Grybanov,1981-11-17,0,0,,0,,2,3,0,0,0,150000,2009-01-02,,,,,https://www.transfermarkt.com/sergiy-grybanov/profil/spieler/91214 https://tmapi.transfermarkt.technology/player/91214/national-career-history https://tmapi.transfermarkt.technology/player/91214/performance-game https://tmapi.transfermarkt.technology/transfer/history/player/91214,2026-09-30,tm id: wikidata P2446 + dob; єврокубки в базі TM: 2004–2005
w:1982-05-06:milian,Мілян Мрдакович,84,Металіст (Харків) 2005,1,0,13748,Miljan Mrdakovic,1982-05-06,0,0,,0,,12,26,0,12,26,1100000,2008-02-18,500000,2008 Vitória Guimarães SC → Shandong Taishan,,,https://www.transfermarkt.com/miljan-mrdakovic/profil/spieler/13748 https://tmapi.transfermarkt.technology/player/13748/national-career-history https://tmapi.transfermarkt.technology/player/13748/performance-game https://tmapi.transfermarkt.technology/transfer/history/player/13748,2026-09-30,tm id: wikidata P2446 + dob; єврокубки в базі TM: 2003–2016
w:1983-11-03:aparesido,Вінісіус,84,Металіст (Харків) 2010,1,0,,,,,,,,,,,,,,,,,,,,,2026-09-30,немає Transfermarkt ID (не знайдено/не підтверджено датою народження)
w:1985-10-02:chiprian,Чіпріан Маріка,84,Шахтар (Донецьк) 2005,1,5,16833,Ciprian Marica,1985-10-02,72,25,Romania,0,,17,78,22,21,49,7000000,2007-07-28,7000000,2007 Shakhtar Donetsk → VfB Stuttgart,,,https://www.transfermarkt.com/ciprian-marica/profil/spieler/16833 https://tmapi.transfermarkt.technology/player/16833/national-career-history https://tmapi.transfermarkt.technology/player/16833/performance-game https://tmapi.transfermarkt.technology/transfer/history/player/16833,2026-09-30,"tm id: repo link (data/foot, data/positions); єврокубки в базі TM: 2003–2013"
w:1987-03-19:eremenko,Роман Єременко,84,Динамо (Київ) 2010,1,4,44367,Roman Eremenko,1987-03-19,73,6,Finland,0,,16,80,23,8,41,20000000,2015-06-18,12900000,2011 Dynamo Kyiv → Rubin Kazan,350000,,https://www.transfermarkt.com/roman-eremenko/profil/spieler/44367 https://tmapi.transfermarkt.technology/player/44367/national-career-history https://tmapi.transfermarkt.technology/player/44367/performance-game https://tmapi.transfermarkt.technology/transfer/history/player/44367,2026-09-30,tm id: wikidata P2446 + dob; єврокубки в базі TM: 2008–2024
w:1999-00-00:vitino,Вітінью,84,Динамо (Київ) 2021,1,1,,,,,,,,,,,,,,,,,,,,,2026-09-30,немає Transfermarkt ID (не знайдено/не підтверджено датою народження)
tm:52787,Дентіньйо,83,Шахтар (Донецьк) 2020,0,11,52787,Dentinho,1989-01-19,0,0,,0,,6,47,17,6,14,6000000,2011-07-04,7500000,2011 Sport Club Corinthians Paulista → Shakhtar Donetsk,1000000,,https://www.transfermarkt.com/dentinho/profil/spieler/52787 https://tmapi.transfermarkt.technology/player/52787/national-career-history https://tmapi.transfermarkt.technology/player/52787/performance-game https://tmapi.transfermarkt.technology/transfer/history/player/52787,2026-09-30,єврокубки в базі TM: 2006–2022
w:1971-11-22:kovalov,Сергій Ковальов,83,Шахтар (Донецьк) 1998,0,8,136535,Sergiy Kovalyov,1971-11-22,10,1,Ukraine,1,,0,21,4,3,0,,,,,,,https://www.transfermarkt.com/sergiy-kovalyov/profil/spieler/136535 https://tmapi.transfermarkt.technology/player/136535/national-career-history https://tmapi.transfermarkt.technology/player/136535/performance-game https://tmapi.transfermarkt.technology/transfer/history/player/136535,2026-09-30,tm id: transfermarkt search + dob; єврокубки в базі TM: 1996–2001
w:1976-10-12:baharev,Олексій Бахарєв,83,Шахтар (Донецьк) 2000,0,7,14926,Aleksey Bakharev,1976-10-12,2,0,Russia,1,Ukraine 1/0,23,35,6,2,6,100000,2007-10-01,150000,1998 Rotor Volgograd → Shakhtar Donetsk,,,https://www.transfermarkt.com/aleksey-bakharev/profil/spieler/14926 https://tmapi.transfermarkt.technology/player/14926/national-career-history https://tmapi.transfermarkt.technology/player/14926/performance-game https://tmapi.transfermarkt.technology/transfer/history/player/14926,2026-09-30,"tm id: repo link (data/foot, data/positions); єврокубки в базі TM: 1997–2005"
tm:121988,Веллінгтон Нем,81,Шахтар (Донецьк) 2014,0,5,121988,Wellington Nem,1992-02-06,3,0,Brazil,0,,10,31,4,1,19,8000000,2012-12-06,9000000,2013 Fluminense Football Club → Shakhtar Donetsk,,,https://www.transfermarkt.com/wellington-nem/profil/spieler/121988 https://tmapi.transfermarkt.technology/player/121988/national-career-history https://tmapi.transfermarkt.technology/player/121988/performance-game https://tmapi.transfermarkt.technology/transfer/history/player/121988,2026-09-30,єврокубки в базі TM: 2011–2019
