person_id,name_uk,date_of_birth,source,confidence,note,upl_apps
tm:9775,Олександр Шовковський,1975-01-02,wikidata,high,,426
tm:24054,Олег Шелаєв,1976-11-05,wikidata,high,,412
tm:24000,В'ячеслав Чечер,1980-12-15,wikidata,high,,400
w:1971-05-27:chijevski,Олександр Чижевський,1971-05-27,pool,high,,393
tm:42631,Олександр Горяінов,1975-06-29,wikidata,high,,391
tm:24043,Сергій Назаренко,1980-02-16,wikidata,high,,373
tm:24049,Руслан Ротань,1981-10-29,wikidata,high,,368
w:1976-01-13:shischenko,Сергій Шищенко,1976-01-13,pool,high,,363
w:1977-01-08:kostishin,Руслан Костишин,1977-01-08,pool,high,,359
w:1976-08-17:zakarliuka,Сергій Закарлюка,1976-08-17,pool,high,,356
tm:24010,Олександр Грицай,1977-09-30,wikidata,high,,354
tm:59970,Тарас Степаненко,1989-08-08,wikidata,high,,354
tm:53270,Олександр Гладкий,1987-08-24,wikidata,high,,352
w:1975-02-23:zotov,Олександр Зотов,1975-02-23,pool,high,,351
w:1975-01-02:vaschuk,Владислав Ващук,1975-01-02,pool,high,,343
w:1972-09-25:mizin,Сергій Мізін,1972-09-25,pool,high,,342
tm:9779,Віталій Рева,1974-11-19,wikidata,high,,341
tm:9798,Максим Шацьких,1978-08-30,wikidata,high,,341
tm:14942,Дарійо Срна,1982-05-01,wikidata,high,,339
tm:85949,Ігор Шуховцев,1971-07-13,wikidata,high,,333
w:1974-11-21:kirlik,Андрій Кірлік,1974-11-21,pool,high,,331
tm:58930,Володимир Чеснаков,1988-11-12,wikidata,high,,331
tm:24004,Сергій Долганський,1974-09-15,wikidata,high,,328
tm:39996,Андрій П'ятов,1984-06-28,wikidata,high,,324
w:1975-04-18:poltavets,Валентин Полтавець,1975-04-18,pool,high,,322
tm:9794,Олег Гусєв,1983-04-25,wikidata,high,,318
tm:43299,Едмар,1980-06-16,wikidata,high,,316
tm:14945,Андрій Воробєй,1978-11-29,wikidata,high,,315
tm:24006,Володимир Єзерський,1976-11-15,wikidata,high,,303
tm:68915,Олег Краснопьоров,1980-07-25,wikidata,high,,302
tm:37303,Желько Любенович,1981-07-09,wikidata,high,,302
w:1973-11-19:luchkevich,Ігор Лучкевич,1973-11-19,pool,high,,301
w:1972-01-06:holovko,Олександр Головко,1972-01-06,pool,high,,301
tm:201671,Ігор Пердута,1990-11-15,wikidata,high,,301
tm:23379,Володимир Польовий,1985-07-28,wikidata,high,,296
tm:24032,Віталій Лисицький,1982-04-16,wikidata,high,,294
tm:35607,Арменд Даллку,1984-10-16,wikidata,high,,292
w:1978-05-06:rikun,Олександр Рикун,1978-05-06,pool,high,,291
tm:59414,Папа Гуйе,1984-06-07,wikidata,high,,291
w:1974-04-25:beno,Юрій Беньо,1974-04-25,pool,high,,290
w:1975-05-06:babich,Костянтин Бабич,1975-05-06,pool,high,,289
tm:69015,Андрій Ярмоленко,1989-10-23,wikidata,high,,288
w:1973-06-24:tsihmeistruk,Едуард Цихмейструк,1973-06-24,pool,high,,286
tm:24061,Сергій Валяєв,1978-09-16,wikidata,high,,285
w:1969-08-26:vovchuk,Любомир Вовчук,1969-08-26,pool,high,,282
tm:43332,Олександр Ковпак,1983-02-02,wikidata,high,,282
tm:43359,Павло Ребенок,1985-07-23,wikidata,high,,282
tm:57987,Євген Чеберячко,1983-06-19,wikidata,high,,281
tm:59076,Сергій Кравченко,1983-04-24,wikidata,high,,281
tm:244262,Денис Мірошніченко,1994-10-11,wikidata,high,,280
tm:58042,Ігор Худоб'як,1985-02-20,wikidata,high,,278
w:1973-07-13:mihailenko,Дмитро Михайленко,1973-07-13,pool,high,,275
tm:86502,Іван Кривошеєнко,1984-05-11,wikidata,high,,270
tm:58150,Андрій Ткачук,1987-11-18,wikidata,high,,268
tm:59322,Олександр Караваєв,1992-06-02,wikidata,high,,268
w:1977-01-15:platonov,Валентин Платонов,1977-01-15,pool,high,,265
w:1977-06-23:pershin,Олександр Першин,1977-06-23,pool,high,,264
w:1973-10-26:onopko,Сергій Онопко,1973-10-26,pool,high,,263
tm:167722,Віталій Буяльський,1993-01-06,wikidata,high,,263
w:1975-02-07:medvedev,Геннадій Медведєв,1975-02-07,pool,high,,260
w:1975-05-03:sachko,Василь Сачко,1975-05-03,pool,high,,260
w:1971-04-18:diriavka,Сергій Дірявка,1971-04-18,pool,high,,259
w:1967-08-07:haidash,Олександр Гайдаш,1967-08-07,pool,high,,259
w:1973-08-27:kliuchik,Сергій Ключик,1973-08-27,pool,high,,257
tm:59908,Євген Селезньов,1985-07-20,wikidata,high,,257
w:1975-04-02:esin,Сергій Єсін,1975-04-02,pool,high,,254
w:1973-10-13:starostiak,Михайло Старостяк,1973-10-13,pool,high,,254
w:1977-09-12:zubov,Геннадій Зубов,1977-09-12,pool,high,,254
w:1972-02-29:palianitsia,Олександр Паляниця,1972-02-29,pool,high,,253
tm:58238,Микита Каменюка,1985-06-03,wikidata,high,,253
w:1983-01-16:rusol,Андрій Русол,1983-01-16,pool,high,,252
tm:28179,Младен Бартулович,1986-10-05,wikidata,high,,252
w:1977-04-02:koniushenko,Андрій Конюшенко,1977-04-02,pool,high,,251
tm:155964,Андрій Цуріков,1992-10-05,wikidata,high,,251
w:1971-04-22:popov,Сергій Попов,1971-04-22,pool,high,,250
w:1975-12-10:dotsenko,Віктор Доценко,1975-12-10,pool,high,,250
tm:58035,Микола Іщенко,1983-03-09,wikidata,high,,248
tm:58606,Сергій Політило,1989-01-09,wikidata,high,,248
w:1972-04-03:shutkov,Дмитро Шутков,1972-04-03,pool,high,,247
tm:15596,Богдан Шершун,1981-05-14,wikidata,high,,247
tm:25618,Сергій Пшеничних,1981-11-19,wikidata,high,,247
tm:82599,Валерій Федорчук,1988-10-05,wikidata,high,,247
w:1968-09-05:kovalets,Сергій Ковалець,1968-09-05,pool,high,,245
w:1977-09-15:sliusar,Валентин Слюсар,1977-09-15,pool,high,,245
tm:44361,Олексій Гай,1982-11-06,wikidata,high,,245
w:1977-06-03:hihiadze,Васіл Гігіадзе,1977-06-03,pool,high,,245
tm:92567,Андрій Богданов,1990-01-21,wikidata,high,,245
w:1968-05-27:oparin,Андрій Опарін,1968-05-27,pool,high,,244
w:1977-02-04:iaksmanitski,Володимир Яксманицький,1977-02-04,pool,high,,243
tm:57888,Павло Ксьонз,1987-01-02,wikidata,high,,243
tm:102572,Юрій Паньків,1984-11-03,wikidata,high,,243
w:1974-06-03:rebrov,Сергій Ребров,1974-06-03,pool,high,,242
tm:43308,Денис Голайдо,1984-06-03,wikidata,high,,242
tm:59973,Віталій Вернидуб,1987-10-17,wikidata,high,,242
w:1971-06-21:pokladok,Андрій Покладок,1971-06-21,pool,high,,241
w:1966-06-09:plotko,Ігор Плотко,1966-06-09,pool,high,,240
tm:34771,Олександр Косирін,1977-06-18,wikidata,high,,240
w:1975-06-18:smirnov,Денис Смірнов,1975-06-18,pool,high,,239
tm:70754,Денис Гармаш,1990-04-19,wikidata,high,,239
w:1979-03-30:timoschuk,Анатолій Тимощук,1979-03-30,pool,high,,237
tm:124182,Сергій Сидорчук,1991-05-02,wikidata,high,,236
tm:58403,Денис Кожанов,1987-06-13,wikidata,high,,235
tm:89222,Ярослав Ракицький,1989-08-03,wikidata,high,,235
w:1972-01-23:nazarov,Євгеній Назаров,1972-01-23,pool,high,,234
tm:91801,Олександр Скляр,1991-02-26,wikidata,high,,234
tm:59896,Дмитро Хомченовський,1990-04-16,wikidata,high,,234
tm:212243,Дмитро Мишньов,1994-01-26,wikidata,high,,233
w:1980-04-15:esin,Дмитро Єсін,1980-04-15,pool,high,,232
w:1971-01-19:markin,Юрій Маркін,1971-01-19,pool,high,,229
w:1973-07-31:kriventsov,Валерій Кривенцов,1973-07-31,pool,high,,229
w:1960-08-11:biskup,Ігор Біскуп,1960-08-11,pool,high,,228
w:1979-02-28:nesmachni,Андрій Несмачний,1979-02-28,pool,high,,228
tm:49024,Сергій Симоненко,1981-06-12,wikidata,high,,228
w:1972-01-08:nikitin,Андрій Нікітін,1972-01-08,pool,high,,227
w:1973-03-11:musolitin,Володимир Мусолітін,1973-03-11,pool,high,,227
w:1979-02-10:tkachenko,Сергій Ткаченко,1979-02-10,pool,high,,227
w:1970-07-05:rati,Олег Ратій,1970-07-05,pool,high,,226
w:1974-03-18:hluschenko,Андрій Глущенко,1974-03-18,pool,high,,226
w:1978-12-13:melaschenko,Олександр Мелащенко,1978-12-13,pool,high,,226
tm:43309,Володимир Гоменюк,1985-07-19,wikidata,high,,226
tm:43393,Григорій Ярмаш,1985-01-04,wikidata,high,,226
tm:36149,Йован Маркоскі,1980-06-23,wikidata,high,,226
tm:59389,Микола Морозюк,1988-01-17,wikidata,high,,225
tm:58413,Володимир Лисенко,1988-04-20,wikidata,high,,225
tm:122088,Артем Громов,1990-01-14,wikidata,high,,225
w:1973-01-27:bialkevich,Валентин Бялькевич,1973-01-27,pool,high,,224
tm:94922,Богдан Бутко,1991-01-13,wikidata,high,,224
tm:25891,Анатолій Діденко,1982-06-09,wikidata,high,,223
w:1972-05-09:kobzar,Віталій Кобзар,1972-05-09,pool,high,,222
w:1971-09-23:kozar,Геннадій Козар,1971-09-23,pool,high,,221
tm:57971,Андрій Березовчук,1981-04-16,wikidata,high,,221
w:1979-07-15:bilozor,Сергій Білозор,1979-07-15,pool,high,,221
tm:59269,Лакі Ідахор,1980-08-30,wikidata,high,,221
tm:58016,Олег Голодюк,1988-01-02,wikidata,high,,221
tm:91479,Сергій Яворський,1989-07-05,wikidata,high,,220
tm:59411,Марко Девич,1983-10-27,wikidata,high,,219
tm:210689,Владислав Кабаєв,1995-09-01,wikidata,high,,219
w:1967-03-17:mazur,Дмитро Мазур,1967-03-17,pool,high,,218
w:1975-01-22:poklonski,Олександр Поклонський,1975-01-22,pool,high,,218
tm:85969,Олександр Бандура,1986-05-30,wikidata,high,,217
tm:76028,Тайсон,1988-01-13,wikidata,high,,216
w:1972-10-29:ponomarenko,Володимир Пономаренко,1972-10-29,pool,high,,215
tm:14934,Маріуш Левандовський,1979-05-18,wikidata,high,,215
tm:58000,Артем Федецький,1985-04-26,wikidata,high,,215
w:1972-12-11:husin,Андрій Гусін,1972-12-11,pool,high,,214
w:1966-08-14:bondarenko,Роман Бондаренко,1966-08-14,pool,high,,214
w:1973-11-11:kundenok,Олександр Кундєнок,1973-11-11,pool,high,,214
tm:53299,Костянтин Ярошенко,1986-09-12,wikidata,high,,214
tm:68778,Марлос,1988-06-07,wikidata,high,,214
tm:58046,Василь Кобін,1985-05-24,wikidata,high,,212
tm:140676,Кирило Ковалець,1993-07-02,wikidata,high,,212
w:1980-01-15:akopian,Армен Акопян,1980-01-15,pool,high,,211
tm:42641,Андрій Хомин,1982-01-02,wikidata,high,,211
w:1962-01-28:smihunov,Віктор Смігунов,1962-01-28,pool,high,,210
tm:99863,Пилип Будківський,1992-03-10,wikidata,high,,210
tm:44357,Олександр Кучер,1982-10-22,wikidata,high,,207
tm:86931,Євген Опанасенко,1990-08-25,wikidata,high,,207
tm:25820,В'ячеслав Шевчук,1979-05-13,wikidata,high,,206
tm:48989,Дмитро Гришко,1985-12-02,wikidata,high,,206
tm:58961,Павло Пашаєв,1988-01-04,wikidata,high,,206
tm:236468,Артем Шабанов,1992-03-07,wikidata,high,,206
w:1972-05-04:medin,Микола Медін,1972-05-04,pool,high,,205
w:1978-01-09:ivanov,Олексій Іванов,1978-01-09,pool,high,,205
tm:58008,Максим Фещук,1985-11-25,wikidata,high,,205
tm:296366,Олексій Гуцуляк,1997-12-25,wikidata,high,,202
tm:273663,Володимир Адамюк,1991-07-17,wikidata,high,,202
tm:59129,Вадим Сапай,1986-02-07,wikidata,high,,201
w:1975-03-27:moroz,Геннадій Мороз,1975-03-27,pool,high,,200
w:1970-08-18:matvev,Олег Матвєєв,1970-08-18,pool,high,,200
w:1968-01-24:huseinov,Тімєрлан Гусейнов,1968-01-24,pool,high,,200
w:1975-12-18:seleznov,Юрій Селезньов,1975-12-18,pool,high,,200
w:1974-06-14:maksimiuk,Роман Максимюк,1974-06-14,pool,high,,199
w:1968-01-13:strontsitski,Богдан Стронціцький,1968-01-13,pool,high,,198
tm:91727,Андрій Гітченко,1984-10-02,wikidata,high,,198
w:1970-07-23:orbu,Геннадій Орбу,1970-07-23,pool,high,,197
w:1970-04-28:mikitin,Володимир Микитін,1970-04-28,pool,high,,197
tm:59982,Володимир Аржанов,1985-11-29,wikidata,high,,197
w:1975-02-10:dmitrulin,Юрій Дмитрулін,1975-02-10,pool,high,,196
w:1976-01-16:anikev,Володимир Анікеєв,1976-01-16,pool,high,,196
tm:289059,Микола Матвієнко,1996-05-02,wikidata,high,,196
w:1976-06-04:kernozenko,В'ячеслав Кернозенко,1976-06-04,pool,high,,195
tm:36238,Руслан Фомін,1986-03-02,wikidata,high,,194
w:1969-09-04:sushka,Ігор Сушка,1969-09-04,pool,high,,193
w:1972-01-08:atelkin,Сергій Ателькін,1972-01-08,pool,high,,193
w:1980-04-12:andrenko,Денис Андрієнко,1980-04-12,pool,high,,193
tm:58418,Вадим Мілько,1986-08-22,wikidata,high,,193
w:1976-09-04:makovei,Ігор Маковей,1976-09-04,pool,high,,192
w:1976-08-20:demchenko,Андрій Демченко,1976-08-20,pool,high,,192
tm:58252,Сергій Сімінін,1987-10-09,wikidata,high,,192
tm:27172,Павло Кутас,1982-09-03,wikidata,high,,191
tm:44138,Олексій Годін,1983-02-02,wikidata,high,,191
w:1981-01-23:kabanov,Тарас Кабанов,1981-01-23,pool,high,,190
w:1978-11-01:kornev,Андрій Корнєв,1978-11-01,pool,high,,190
tm:325429,Максим Задерака,1994-09-07,wikidata,high,,190
w:1970-08-09:bejenar,Сергій Беженар,1970-08-09,pool,high,,189
tm:108710,Владислав Калітвінцев,1993-01-04,wikidata,high,,189
w:1974-05-03:koval,Олександр Коваль,1974-05-03,pool,high,,188
w:1976-01-27:doniushkin,Юрій Донюшкін,1976-01-27,pool,high,,188
tm:9800,Артем Мілевський,1985-01-12,wikidata,high,,188
w:1971-09-18:sharan,Володимир Шаран,1971-09-18,pool,high,,187
tm:25734,Денис Кулаков,1986-05-01,wikidata,high,,187
w:1972-03-01:konovalov,Сергій Коновалов,1972-03-01,pool,high,,186
w:1971-09-09:saharov,Костянтин Сахаров,1971-09-09,pool,high,,186
w:1969-01-21:anenkov,Андрій Анненков,1969-01-21,pool,high,,185
w:1980-03-21:matiuhin,Сергій Матюхін,1980-03-21,pool,high,,185
tm:24008,Рубен Гомес,1984-01-26,wikidata,high,,185
w:1968-02-28:kovtun,Андрій Ковтун,1968-02-28,pool,high,,184
tm:26267,Фернандіньйо,1985-05-04,wikidata,high,,184
tm:131553,В'ячеслав Чурко,1993-05-10,wikidata,high,,184
w:1975-04-24:bohatir,Іван Богатир,1975-04-24,pool,high,,183
tm:294188,Дмитро Кльоц,1996-04-15,wikidata,high,,183
w:1970-10-16:mokritski,Юрій Мокрицький,1970-10-16,pool,high,,182
w:1970-08-18:pantilov,Віталій Пантілов,1970-08-18,pool,high,,182
w:1976-01-26:voskoboinik,Олександр Воскобойник,1976-01-26,pool,high,,182
w:1974-05-04:virt,Юрій Вірт,1974-05-04,pool,high,,182
w:1981-08-20:danilovski,Сергій Даниловський,1981-08-20,pool,high,,182
w:1974-07-13:pushkutsa,Віталій Пушкуца,1974-07-13,pool,high,,181
w:1981-12-12:harison,Гаррісон Омоко,1981-12-12,pool,high,,181
tm:130041,Дмитро Гречишкін,1991-09-22,wikidata,high,,181
w:1971-11-15:demianchuk,Михайло Дем'янчук,1971-11-15,pool,high,,180
w:1976-03-11:hranovski,Олександр Грановський,1976-03-11,pool,high,,180
tm:58976,Максим Старцев,1980-01-20,wikidata,high,,180
tm:41885,Сергій Сілюк,1985-06-05,wikidata,high,,180
w:1972-03-03:kovaliuk,Володимир Ковалюк,1972-03-03,pool,high,,179
tm:49022,Віталій Руденко,1981-01-26,wikidata,high,,179
tm:74089,Сергій Кривцов,1991-03-15,wikidata,high,,179
tm:248938,Максим Третьяков,1996-03-06,wikidata,high,,179
w:1973-02-19:huzenko,Андрій Гузенко,1973-02-19,pool,high,,178
tm:58043,Рустам Худжамов,1982-10-05,wikidata,high,,178
tm:58949,Євгеній Коноплянка,1989-09-29,wikidata,high,,178
w:1976-08-12:pavliuh,Іван Павлюх,1976-08-12,pool,high,,177
w:1978-06-15:shopin,Ігор Шопін,1978-06-15,pool,high,,177
tm:14927,Олексій Бєлік,1981-02-15,wikidata,high,,177
w:1977-03-24:romanenko,Всеволод Романенко,1977-03-24,pool,high,,177
tm:12064,Ігор Скоба,1982-05-21,wikidata,high,,177
tm:91931,Денис Бойко,1988-01-29,wikidata,high,,177
w:1971-03-05:polunin,Андрій Полунін,1971-03-05,pool,high,,176
tm:49018,Олексій Полянський,1986-04-12,wikidata,high,,176
tm:59024,Євген Боровик,1985-03-02,wikidata,high,,176
tm:57901,В'ячеслав Шарпар,1987-06-02,wikidata,high,,176
w:1971-11-17:kucher,Олег Кучер,1971-11-17,pool,high,,175
tm:242272,Євген Банада,1992-02-29,wikidata,high,,175
tm:58020,Самсон Годвін,1983-11-11,wikidata,high,,174
tm:14940,Разван Рац,1981-05-26,wikidata,high,,174
tm:42621,Віталі Бордіян,1984-08-11,wikidata,high,,174
w:1983-10-05:jadson,Жадсон,1983-10-05,pool,high,,174
tm:222079,Руслан Степанюк,1992-01-16,wikidata,high,,174
w:1974-09-11:parfonov,Дмитро Парфьонов,1974-09-11,pool,high,,173
w:1968-08-05:lujni,Олег Лужний,1968-08-05,pool,high,,173
tm:59266,Ілля Галюза,1979-11-16,wikidata,high,,173
w:1984-03-19:nevmivaka,Дмитро Невмивака,1984-03-19,pool,high,,173
tm:58051,Михайло Кополовець,1984-01-29,wikidata,high,,173
tm:57895,Денис Олійник,1987-06-16,wikidata,high,,173
w:1965-02-03:hromov,Віктор Громов,1965-02-03,pool,high,,172
w:1971-11-25:antiuhin,Олексій Антюхін,1971-11-25,pool,high,,172
w:1967-09-14:leonov,Ігор Леонов,1967-09-14,pool,high,,172
w:1976-09-29:shevchenko,Андрій Шевченко,1976-09-29,pool,high,,172
w:1980-10-05:kashevski,Микола Кашевський,1980-10-05,pool,high,,172
tm:52915,Жуніор Мораес,1987-04-04,wikidata,high,,172
tm:315236,Геннадій Пасіч,1993-07-13,wikidata,high,,172
w:1973-01-14:kardash,Василь Кардаш,1973-01-14,pool,high,,171
tm:14939,Адріан Пуканич,1983-06-22,wikidata,high,,171
tm:94928,Руслан Бабенко,1992-07-08,wikidata,high,,171
w:1971-08-04:lejentsev,Сергій Леженцев,1971-08-04,pool,high,,170
tm:59150,Ахмед Янузі,1988-07-08,wikidata,high,,170
w:1973-12-09:hrehul,Валентин Грегуль,1973-12-09,pool,high,,169
w:1965-12-06:fokin,Ігор Фокін,1965-12-06,pool,high,,169
w:1970-10-11:evtushok,Олександр Євтушок,1970-10-11,pool,high,,169
w:1971-09-05:nahorniak,Сергій Нагорняк,1971-09-05,pool,high,,169
tm:58103,Руслан Платон,1982-01-12,wikidata,high,,169
w:1972-01-02:haschin,Володимир Гащин,1972-01-02,pool,high,,168
tm:15067,Максим Калініченко,1979-01-26,wikidata,high,,168
w:1981-06-18:hioane,Тіберіу Гіоане,1981-06-18,pool,high,,168
tm:34670,Віталій Постранський,1977-08-02,wikidata,high,,168
tm:9688,Томаш Гюбшман,1981-09-04,wikidata,high,,168
tm:91419,Олексій Довгий,1989-11-02,wikidata,high,,168
w:1972-10-11:zuenko,Микола Зуєнко,1972-10-11,pool,high,,167
w:1980-05-16:melnik,Вадим Мельник,1980-05-16,pool,high,,167
tm:38297,Богдан Шуст,1986-03-04,wikidata,high,,167
tm:25845,Олексій Антонов,1986-05-08,wikidata,high,,167
w:1972-12-19:kuraev,Андрій Кураєв,1972-12-19,pool,high,,166
w:1972-03-13:volosianko,Микола Волосянко,1972-03-13,pool,high,,166
tm:245021,Сергій Чоботенко,1997-01-16,wikidata,high,,166
w:1971-06-22:bukel,Юрій Букель,1971-06-22,pool,high,,165
w:1975-02-03:zakotiuk,Микола Закотюк,1975-02-03,pool,high,,165
tm:59826,Олег Герасимюк,1986-09-25,wikidata,high,,165
w:1969-06-21:pets,Роман Пець,1969-06-21,pool,high,,163
w:1976-07-19:radchenko,Олександр Радченко,1976-07-19,pool,high,,163
tm:45812,Джордже Лазич,1983-06-18,wikidata,high,,163
w:1973-08-14:prihodko,Геннадій Приходько,1973-08-14,pool,high,,162
w:1975-11-08:hramtsov,Олексій Храмцов,1975-11-08,pool,high,,162
w:1979-08-09:hunchak,Руслан Гунчак,1979-08-09,pool,high,,162
tm:48974,Луїс Адріано,1987-04-12,wikidata,high,,162
tm:49016,Євген Паст,1988-03-16,wikidata,high,,162
tm:244271,Олександр Сваток,1994-09-27,wikidata,high,,162
w:1977-03-15:zubchenko,Андрій Зубченко,1977-03-15,pool,high,,161
tm:294746,Володимир Шепелєв,1997-06-01,wikidata,high,,161
w:1973-08-11:kosovski,Віталій Косовський,1973-08-11,pool,high,,160
w:1979-03-07:tlumak,Андрій Тлумак,1979-03-07,pool,high,,160
tm:43297,Дебатік Цуррі,1983-12-28,wikidata,high,,160
w:1968-01-19:sobol,Олександр Соболь,1968-01-19,pool,high,,159
tm:43288,Олександр Чижов,1986-08-10,wikidata,high,,159
tm:97727,Ігор Тищенко,1989-05-11,wikidata,high,,159
tm:94923,Ігор Чайковський,1991-10-07,wikidata,high,,159
tm:216579,Павло Полегенько,1995-01-06,wikidata,high,,159
w:1966-01-03:fokin,Юрій Фокін,1966-01-03,pool,high,,158
w:1976-02-20:zadorojni,Сергій Задорожний,1976-02-20,pool,high,,158
tm:8669,Мілан Обрадович,1977-08-03,wikidata,high,,158
w:1963-01-28:fedorov,Леонід Федоров,1963-01-28,pool,high,,157
w:1974-04-24:honcharenko,Сергій Гончаренко,1974-04-24,pool,high,,157
w:1975-10-30:maltsev,Олександр Мальцев,1975-10-30,pool,high,,157
tm:58956,Олександр Максимов,1985-02-13,wikidata,high,,157
tm:25758,Джаба Канкава,1986-03-18,wikidata,high,,157
tm:49030,Денис Васін,1989-03-04,wikidata,high,,157
w:1965-11-23:konovalchuk,Володимир Коновальчук,1965-11-23,pool,high,,156
w:1976-01-04:spevak,Андрій Спєвак,1976-01-04,pool,high,,156
tm:97567,Роман Безус,1990-09-26,wikidata,high,,155
tm:543380,Ібрагім Кане,2000-06-23,wikidata,high,,155
w:1975-02-18:fedorov,Сергій Федоров,1975-02-18,pool,high,,154
w:1976-06-16:rimshin,Євген Римшин,1976-06-16,pool,high,,154
w:1978-08-21:braila,Володимир Браіла,1978-08-21,pool,high,,154
w:1977-11-25:opria,Анатолій Опря,1977-11-25,pool,high,,154
tm:61952,Данило Сілва,1986-11-24,wikidata,high,,154
tm:25732,Дмитро Чигринський,1986-11-07,wikidata,high,,153
tm:207074,Олександр Андрієвський,1994-06-25,wikidata,high,,153
tm:269371,Денис Безбородько,1994-05-31,wikidata,high,,153
tm:495920,Олександр Назаренко,2000-02-01,wikidata,high,,153
w:1968-12-08:maksimov,Юрій Максимов,1968-12-08,pool,high,,152
w:1971-08-23:hrebeniuk,Тарас Гребенюк,1971-08-23,pool,high,,152
tm:56698,Александер Кобахідзе,1987-02-11,wikidata,high,,152
w:1968-09-26:dudnik,Юрій Дуднік,1968-09-26,pool,high,,151
w:1972-05-17:shumski,Віталій Шумський,1972-05-17,pool,high,,151
tm:193158,Сергій Мякушко,1993-04-15,wikidata,high,,151
tm:120262,Дмитро Немчанінов,1990-01-27,wikidata,high,,151
w:1971-01-02:zavialov,Андрій Зав'ялов,1971-01-02,pool,high,,150
w:1977-11-01:mitrofanov,Олександр Митрофанов,1977-11-01,pool,high,,150
tm:10288,Ігор Дуляй,1979-10-29,wikidata,high,,150
tm:69004,Євген Хачеріді,1987-07-28,wikidata,high,,150
tm:97335,Ігор Пластун,1990-08-20,wikidata,high,,150
tm:366723,Владислав Дубинчак,1998-07-01,wikidata,high,,150
w:1963-12-13:fediukov,Олег Федюков,1963-12-13,pool,high,,149
w:1962-12-01:kapanadze,Таріел Капанадзе,1962-12-01,pool,high,,149
w:1972-10-08:rusanovski,Роман Русановський,1972-10-08,pool,high,,149
tm:57900,В'ячеслав Сердюк,1985-01-28,wikidata,high,,149
tm:212232,Амбросій Чачуа,1994-04-02,wikidata,high,,149
w:1971-11-22:kovalov,Сергій Ковальов,1971-11-22,pool,high,,148
tm:43404,Олексій Чичиков,1987-09-30,wikidata,high,,148
tm:34773,Володимир Прийомов,1986-01-02,wikidata,high,,148
tm:107803,Максим Білий,1990-06-21,wikidata,high,,148
tm:501612,Юрій Климчук,1997-05-05,wikidata,high,,148
w:1969-02-13:korponai,Іван Корпонай,1969-02-13,pool,high,,147
w:1974-09-09:piatenko,Володимир П'ятенко,1974-09-09,pool,high,,147
tm:85430,Джаба Ліпартія,1987-11-16,wikidata,high,,147
w:1977-08-05:holovko,Андрій Головко,1977-08-05,pool,high,,146
w:1981-08-02:komarnitski,Віталій Комарницький,1981-08-02,pool,high,,146
tm:19702,Владимир Дишленкович,1983-10-27,wikidata,high,,146
tm:66515,Алекс Тейшейра,1990-01-06,wikidata,high,,146
w:1967-01-03:sak,Юрій Сак,1967-01-03,pool,high,,145
w:1978-08-28:horodov,Олексій Городов,1978-08-28,pool,high,,145
tm:39253,Антон Шиндер,1987-06-13,wikidata,high,,145
w:1972-09-29:buhai,Сергій Бугай,1972-09-29,pool,high,,144
tm:176412,Олексій Хобленко,1994-04-04,wikidata,high,,144
tm:287792,Олександр Тимчик,1997-01-20,wikidata,high,,144
w:1976-09-03:kotiuk,Андрій Котюк,1976-09-03,pool,high,,143
w:1977-11-08:mazurenko,Олег Мазуренко,1977-11-08,pool,high,,143
tm:264063,Сергій Болбат,1993-06-13,wikidata,high,,143
tm:294730,Богдан Михайличенко,1997-03-21,wikidata,high,,143
tm:365540,Валерій Бондаренко,1994-02-03,wikidata,high,,143
tm:166581,Євген Волинець,1993-08-26,wikidata,high,,143
w:1977-08-03:nazarov,Дмитро Назаров,1977-08-03,pool,high,,142
w:1974-10-29:polischuk,Володимир Поліщук,1974-10-29,pool,high,,142
tm:59913,Артем Старгородський,1982-01-17,wikidata,high,,142
tm:45196,Тарас Михалик,1983-10-28,wikidata,high,,142
tm:111072,Владислав Огіря,1990-04-03,wikidata,high,,142
tm:368611,Микола Шапаренко,1998-10-04,wikidata,high,,142
w:1970-02-01:irichuk,Павло Ірічук,1970-02-01,pool,high,,141
tm:60323,Антон Монахов,1982-01-31,wikidata,high,,141
tm:27954,Огнєн Вукоєвич,1983-12-20,wikidata,high,,141
tm:59442,Євген Селін,1988-05-09,wikidata,high,,141
tm:75615,Дуглас Коста,1990-09-14,wikidata,high,,141
tm:167556,Владислав Кулач,1993-05-07,wikidata,high,,141
tm:321417,Микита Татарков,1995-01-04,wikidata,high,,141
tm:248936,Павло Оріховський,1996-05-13,wikidata,high,,141
tm:567873,Владислав Бабогло,1998-11-14,wikidata,high,,141
tm:315237,Євген Пасіч,1993-07-13,wikidata,high,,141
tm:597880,Дмитро Ризник,1999-01-30,wikidata,high,,141
w:1971-01-04:filimonov,Денис Філімонов,1971-01-04,pool,high,,140
w:1966-09-25:topchev,Дмитро Топчієв,1966-09-25,pool,high,,140
w:1971-01-20:solovenko,Юрій Солов'єнко,1971-01-20,pool,high,,140
w:1980-06-16:evaeverson,Брандао,1980-06-16,pool,high,,140
tm:28186,Ян Лаштувка,1982-07-07,wikidata,high,,140
tm:52769,Віліан,1988-08-09,wikidata,high,,140
w:1969-01-02:suslov,Олег Суслов,1969-01-02,pool,high,,139
w:1972-11-26:levitski,Максим Левицький,1972-11-26,pool,high,,139
w:1968-05-24:homin,Андрій Хомин,1968-05-24,pool,high,,139
tm:29671,Олег Шандрук,1983-01-30,wikidata,high,,139
tm:15593,Сергій Самодін,1985-02-14,wikidata,high,,139
tm:59984,Тарас Лазарович,1982-04-22,wikidata,high,,139
tm:87893,Василь Прийма,1991-06-10,wikidata,high,,139
w:1975-09-14:kostiuk,Ігор Костюк,1975-09-14,pool,high,,138
tm:43276,Жуніор,1978-09-20,wikidata,high,,138
tm:59148,Олександр Воловик,1985-10-28,wikidata,high,,138
tm:248934,Валерій Лучкевич,1996-01-11,wikidata,high,,138
tm:320247,Артем Ситало,1989-08-01,wikidata,high,,138
tm:495923,Олег Ільїн,1997-06-08,wikidata,high,,138
w:1963-09-28:lukash,Сергій Лукаш,1963-09-28,pool,high,,137
w:1968-07-09:babi,Олександр Бабій,1968-07-09,pool,high,,137
w:1970-09-22:omelchuk,Олександр Омельчук,1970-09-22,pool,high,,137
w:1980-08-11:melnik,Віктор Мельник,1980-08-11,pool,high,,137
tm:85626,Сергій Зеньов,1989-04-20,wikidata,high,,137
w:1974-08-09:nikolaichuk,Матвій Николайчук,1974-08-09,pool,high,,136
w:1965-03-13:volkov,Ігор Волков,1965-03-13,pool,high,,136
w:1975-02-17:lavrinenko,Сергій Лавриненко,1975-02-17,pool,high,,136
w:1978-08-02:havranchich,Горан Гавранчич,1978-08-02,pool,high,,136
tm:61462,Рінар Валєєв,1987-08-22,wikidata,high,,136
tm:401822,Максим Луньов,1998-05-22,wikidata,high,,136
w:1972-12-16:shkapenko,Павло Шкапенко,1972-12-16,pool,high,,135
w:1974-06-01:zaiats,Вадим Заяць,1974-06-01,pool,high,,135
w:1976-03-24:vetrenikov,Сергій Ветренніков,1976-03-24,pool,high,,135
w:1973-10-19:hatskevich,Олександр Хацкевич,1973-10-19,pool,high,,135
w:1983-11-21:emanuel,Еммануель Окодува,1983-11-21,pool,high,,135
tm:25823,Віталій Денисов,1987-02-23,wikidata,high,,135
tm:58440,Сергій Шевчук,1985-06-18,wikidata,high,,135
tm:58427,Кирило Петров,1990-06-22,wikidata,high,,134
tm:537854,Артем Бондаренко,2000-08-21,wikidata,high,,134
w:1962-04-08:chumak,Юрій Чумак,1962-04-08,pool,high,,133
w:1980-03-23:rojon,Віталій Розгон,1980-03-23,pool,high,,133
tm:58072,Ярослав Мартинюк,1989-02-20,wikidata,high,,133
tm:54816,Дмитро Льопа,1988-11-23,wikidata,high,,133
tm:130824,Євген Зубейко,1989-09-30,wikidata,high,,133
tm:277777,Андрій Тотовицький,1993-01-20,wikidata,high,,133
tm:353252,Орест Кузик,1995-05-17,wikidata,high,,133
tm:396536,Роман Вантух,1998-07-04,wikidata,high,,133
w:1971-11-25:pohlebaev,Євген Похлебаєв,1971-11-25,pool,high,,132
w:1976-10-04:sapuha,Андрій Сапуга,1976-10-04,pool,high,,132
w:1963-05-25:vatamaniuk,Ярослав Ватаманюк,1963-05-25,pool,high,,132
tm:49008,Віталій Мандзюк,1986-01-24,wikidata,high,,132
tm:94925,Єгор Картушов,1991-01-05,wikidata,high,,132
tm:213980,В'ячеслав Танковський,1995-08-16,wikidata,high,,132
tm:203855,Ігор Кирюханцев,1996-01-29,wikidata,high,,132
w:1973-07-28:blizniuk,Ілля Близнюк,1973-07-28,pool,high,,131
w:1970-08-15:pervak,Віталій Первак,1970-08-15,pool,high,,131
tm:25780,Аїла Юссуф,1984-11-04,wikidata,high,,131
tm:87097,Сергій Рудика,1988-06-14,wikidata,high,,131
tm:430190,Єгор Назарина,1997-07-10,wikidata,high,,131
tm:264372,Віктор Циганков,1997-11-15,wikidata,high,,131
w:1976-09-26:demetradze,Георгій Деметрадзе,1976-09-26,pool,high,,130
w:1980-05-10:chernat,Флорін Чернат,1980-05-10,pool,high,,130
tm:58402,Максим Ковальов,1989-03-20,wikidata,high,,130
tm:124028,Ісмаїлі,1990-01-11,wikidata,high,,130
tm:273341,Валерій Кучеров,1993-08-11,wikidata,high,,130
tm:110688,Сергій Логінов,1990-08-24,wikidata,high,,130
w:1968-12-11:tolochko,Роман Толочко,1968-12-11,pool,high,,129
w:1967-03-12:kolesnik,Вадим Колесник,1967-03-12,pool,high,,129
w:1967-03-21:marchuk,Володимир Марчук,1967-03-21,pool,high,,129
w:1973-06-10:kolesnichenko,Віталій Колесніченко,1973-06-10,pool,high,,129
w:1977-11-14:olinik,Олексій Олійник,1977-11-14,pool,high,,129
w:1978-03-21:venhlinski,Олег Венглінський,1978-03-21,pool,high,,129
w:1977-09-24:havriushov,Андрій Гаврюшов,1977-09-24,pool,high,,129
w:1980-04-18:dioho,Діого Рінкон,1980-04-18,pool,high,,129
w:1978-11-09:markovich,Слободан Маркович,1978-11-09,pool,high,,129
tm:80312,Микита Шевченко,1993-01-26,wikidata,high,,129
w:1981-01-04:kirilchik,Павло Кірильчик,1981-01-04,pool,high,,128
tm:59893,Олександр Романчук,1984-10-21,wikidata,high,,128
tm:213974,Артем Габелок,1995-01-02,wikidata,high,,128
tm:396394,Валерій Бондар,1999-02-27,wikidata,high,,128
tm:520400,Владислав Шарай,1997-05-25,wikidata,high,,128
w:1976-08-09:velichko,Сергій Величко,1976-08-09,pool,high,,127
tm:203074,Іван Петряк,1994-03-13,wikidata,high,,127
tm:294780,Олександр Піхальонок,1997-05-07,wikidata,high,,127
w:1975-08-12:potshveria,Михайло Поцхверія,1975-08-12,pool,high,,126
tm:59253,Андрій Бойко,1981-04-27,wikidata,high,,126
tm:395069,Володимир Одарюк,1994-02-13,wikidata,high,,126
w:1968-07-01:jabchenko,Ігор Жабченко,1968-07-01,pool,high,,125
w:1972-08-29:kurilenko,Олексій Куриленко,1972-08-29,pool,high,,125
w:1973-08-30:svistunov,Олександр Свистунов,1973-08-30,pool,high,,125
w:1975-02-17:seleznov,Сергій Селезньов,1975-02-17,pool,high,,125
tm:58970,Євген Шахов,1990-11-30,wikidata,high,,125
tm:511909,Артем Челядін,1999-12-29,wikidata,high,,125
w:1969-11-19:skripnik,Віктор Скрипник,1969-11-19,pool,high,,124
w:1975-01-06:spivak,Олександр Співак,1975-01-06,pool,high,,124
w:1966-07-19:kislov,Ігор Кислов,1966-07-19,pool,high,,124
w:1976-10-12:baharev,Олексій Бахарєв,1976-10-12,pool,high,,124
tm:24026,Костянтин Кравченко,1986-09-24,wikidata,high,,124
tm:59434,Артем Путівцев,1988-08-29,wikidata,high,,124
tm:81649,Сергій Рибалка,1990-04-01,wikidata,high,,124
w:1974-10-12:romanchuk,Руслан Романчук,1974-10-12,pool,high,,123
w:1976-10-11:lapko,Микола Лапко,1976-10-11,pool,high,,123
w:1970-03-03:machohan,Ігор Мачоган,1970-03-03,pool,high,,123
w:1977-09-01:dranov,Сергій Дранов,1977-09-01,pool,high,,123
tm:27126,Ігор Бажан,1981-12-02,wikidata,high,,123
w:1981-01-31:badr,Бадр Ель-Каддурі,1981-01-31,pool,high,,123
w:1979-08-01:djurichich,Саша Джурічич,1979-08-01,pool,high,,123
tm:112953,Дмитро Безотосний,1983-11-15,wikidata,high,,123
w:1970-08-25:liuti,Владислав Лютий,1970-08-25,pool,high,,122
w:1963-03-25:samardak,Богдан Самардак,1963-03-25,pool,high,,122
w:1981-11-22:danel,Северин Ганчаржик,1981-11-22,pool,high,,122
tm:17206,Александар Тришович,1983-11-25,wikidata,high,,122
tm:52787,Дентіньйо,1989-01-19,wikidata,high,,122
tm:622410,Денис Устименко,1999-04-12,wikidata,high,,122
w:1969-02-15:kolesov,Олег Колесов,1969-02-15,pool,high,,121
w:1965-02-17:cherkun,Ігор Черкун,1965-02-17,pool,high,,121
w:1980-09-10:danilav,Олександр Данилов,1980-09-10,pool,high,,121
tm:42933,Аніс Бусаїді,1981-04-10,wikidata,high,,121
tm:59038,Віталій Гавриш,1986-03-18,wikidata,high,,121
tm:620368,Остап Притула,2000-06-24,wikidata,high,,121
tm:383325,Денис Антюх,1997-07-30,wikidata,high,,121
w:1961-02-10:volkov,Олександр Волков,1961-02-10,pool,high,,120
w:1975-12-31:shevtsov,Сергій Шевцов,1975-12-31,pool,high,,120
tm:91465,Андрій Запорожан,1983-03-21,wikidata,high,,120
tm:70767,Роман Зозуля,1989-11-17,wikidata,high,,120
w:1972-06-05:maksimenko,Андрій Максименко,1972-06-05,pool,high,,119
w:1968-11-12:tanasiuk,Сергій Танасюк,1968-11-12,pool,high,,119
tm:251328,Віталій Левченко,1972-03-28,wikidata,high,,119
w:1976-04-18:homenko,Ігор Хоменко,1976-04-18,pool,high,,119
tm:237623,Олександр Філіппов,1992-10-23,wikidata,high,,119
tm:316945,Мар'ян Мисик,1996-10-02,wikidata,high,,119
tm:860701,Микола Гайдучик,1999-12-30,wikidata,high,,119
w:1969-07-18:sevidov,Олександр Севідов,1969-07-18,pool,high,,118
w:1971-02-25:revut,Сергій Ревут,1971-02-25,pool,high,,118
w:1978-06-13:kripak,Яків Кріпак,1978-06-13,pool,high,,118
tm:45343,Олег Гуменюк,1983-05-03,wikidata,high,,118
tm:448783,Максим Грисьо,1996-05-14,wikidata,high,,118
w:1979-04-18:tselih,Юрій Целих,1979-04-18,pool,high,,117
w:1977-01-07:hilazev,Руслан Гілазєв,1977-01-07,pool,high,,117
tm:92635,Олександр Мандзюк,1983-01-10,wikidata,high,,117
tm:120211,Максим Коваль,1992-12-09,wikidata,high,,117
tm:86466,Євгеній Ткачук,1991-06-27,wikidata,high,,117
tm:169260,Віталій Єрмаков,1992-06-07,wikidata,high,,117
w:1970-12-06:nosenko,Владислав Носенко,1970-12-06,pool,high,,116
w:1972-09-07:dichko,Володимир Дичко,1972-09-07,pool,high,,116
w:1969-06-03:evhlevski,Сергій Євглевський,1969-06-03,pool,high,,116
tm:36934,Іван Мілошевич,1984-11-03,wikidata,high,,116
tm:467250,Юхим Конопля,1999-08-26,wikidata,high,,116
tm:723621,Денис Кузик,2002-09-18,wikidata,high,,116
tm:463845,Олександр Демченко,1996-02-13,wikidata,high,,116
w:1971-07-04:fedkov,Андрій Федьков,1971-07-04,pool,high,,115
w:1975-11-02:osipov,Олексій Осіпов,1975-11-02,pool,high,,115
w:1973-02-21:kovalchuk,Тарас Ковальчук,1973-02-21,pool,high,,115
w:1976-03-24:kovalenko,Олександр Коваленко,1976-03-24,pool,high,,115
w:1977-07-08:timchishin,Олег Тимчишин,1977-07-08,pool,high,,115
tm:49000,Ігор Коротецький,1987-09-13,wikidata,high,,115
tm:69913,Кирило Ковальчук,1986-06-11,wikidata,high,,115
tm:91991,Сергій Люлька,1990-02-22,wikidata,high,,115
w:1971-08-23:skish,Віталій Скиш,1971-08-23,pool,high,,114
w:1974-09-27:mochuliak,Олег Мочуляк,1974-09-27,pool,high,,114
tm:518654,Василь Мазур,1970-05-23,wikidata,high,,114
w:1983-01-31:leviha,Руслан Левига,1983-01-31,pool,high,,114
tm:35245,Матеус,1983-01-15,wikidata,high,,114
tm:448868,Ігор Когут,1996-03-07,wikidata,high,,114
tm:310782,Андрій Бацула,1992-02-06,wikidata,high,,114
tm:501417,Кирило Дришлюк,1999-09-16,wikidata,high,,114
tm:695310,Максим Брагару,2002-07-21,wikidata,high,,114
w:1969-10-05:leonenko,Віктор Леоненко,1969-10-05,pool,high,,113
w:1972-03-28:korobchenko,Олексій Коробченко,1972-03-28,pool,high,,113
w:1978-08-10:kotov,Євген Котов,1978-08-10,pool,high,,113
w:1982-07-06:motuz,Сергій Мотуз,1982-07-06,pool,high,,113
w:1979-11-03:kuzniatsov,Сергій Кузнецов,1979-11-03,pool,high,,113
tm:59249,Іван Матяж,1988-02-15,wikidata,high,,113
tm:94924,Максим Імереков,1991-01-23,wikidata,high,,113
w:1974-02-17:homa,Ярослав Хома,1974-02-17,pool,high,,112
w:1981-08-24:stoian,Денис Стоян,1981-08-24,pool,high,,112
tm:19619,Олександр Рибка,1987-04-10,wikidata,high,,112
tm:59964,Євген Пісоцький,1987-04-22,wikidata,high,,112
tm:58515,Віталій Балашов,1991-01-15,wikidata,high,,112
tm:243841,Михайло Сергійчук,1991-07-29,wikidata,high,,112
tm:206888,Георгій Бущан,1994-05-31,wikidata,high,,112
tm:702561,Роман Дідик,2002-12-02,wikidata,high,,112
w:1966-10-12:rusnak,Іван Руснак,1966-10-12,pool,high,,111
w:1971-09-12:huralski,Олександр Гуральський,1971-09-12,pool,high,,111
w:1985-02-24:iatsenko,Олександр Яценко,1985-02-24,pool,high,,111
w:1977-12-29:cheliadzinski,Артем Челядинський,1977-12-29,pool,high,,111
w:1983-03-04:ilnitski,Тарас Ільницький,1983-03-04,pool,high,,111
w:1981-07-02:anderson,Андерсон Рібейро,1981-07-02,pool,high,,111
w:1979-09-14:kozoriz,Іван Козоріз,1979-09-14,pool,high,,111
w:1989-04-27:bili,Максим Білий,1989-04-27,pool,high,,111
tm:96498,Олександр Насонов,1992-04-28,wikidata,high,,111
w:1977-10-13:kolchin,Денис Колчін,1977-10-13,pool,high,,110
w:1982-02-12:ahahova,Джуліус Агахова,1982-02-12,pool,high,,110
w:1985-02-15:chuchman,Ігор Чучман,1985-02-15,pool,high,,110
w:1980-07-27:batista,Батіста,1980-07-27,pool,high,,110
tm:59047,Василь Грицук,1987-11-21,wikidata,high,,110
w:1984-03-10:tsiharav,Ян Тігорєв,1984-03-10,pool,high,,110
tm:24633,Едуардо,1983-02-25,wikidata,high,,110
tm:370399,Микита Кравченко,1997-06-14,wikidata,high,,110
tm:708241,Олег Очеретько,2003-03-25,wikidata,high,,110
w:1969-08-11:zaharov,Олександр Захаров,1969-08-11,pool,high,,109
w:1967-02-16:zub,Роман Зуб,1967-02-16,pool,high,,109
w:1971-12-19:iakovenko,Юрій Яковенко,1971-12-19,pool,high,,109
w:1979-06-19:koteliuh,Олег Котелюх,1979-06-19,pool,high,,109
tm:48740,Мілош Нінкович,1984-12-25,wikidata,high,,109
tm:59060,Олександр Іващенко,1985-02-19,wikidata,high,,109
tm:58425,Ігор Ощипко,1985-10-25,wikidata,high,,109
tm:52937,Ілсіньйо,1985-10-12,wikidata,high,,109
tm:109314,Андрій Нестеров,1990-07-02,wikidata,high,,109
tm:55735,Генріх Мхітарян,1989-01-21,wikidata,high,,109
tm:27378,Клейтон Шав'єр,1983-03-23,wikidata,high,,109
w:1963-12-07:petrik,Анатолій Петрик,1963-12-07,pool,high,,108
w:1966-04-18:korponai,Адальберт Корпонай,1966-04-18,pool,high,,108
w:1973-08-01:bohunov,Сергій Богунов,1973-08-01,pool,high,,108
w:1975-04-16:anischenko,Андрій Аніщенко,1975-04-16,pool,high,,108
tm:15033,Велізар Дімітров,1979-04-13,wikidata,high,,108
tm:105362,Адольф Тейку,1990-06-23,wikidata,high,,108
tm:22378,Лео Матос,1986-04-02,wikidata,high,,108
tm:343492,Олег Кожушко,1998-02-17,wikidata,high,,108
tm:522833,Андрій Понєдєльнік,1997-02-28,wikidata,high,,108
w:1972-10-29:mintenko,Віталій Мінтенко,1972-10-29,pool,high,,107
w:1981-01-20:savin,Артем Савін,1981-01-20,pool,high,,107
tm:91527,Роман Карасюк,1991-03-27,wikidata,high,,107
tm:93077,Сергій Старенький,1984-09-20,wikidata,high,,107
tm:213976,Ігор Харатін,1995-02-02,wikidata,high,,107
tm:203842,Віктор Коваленко,1996-02-14,wikidata,high,,107
tm:423606,Богдан Леднєв,1998-04-07,wikidata,high,,107
tm:404846,Сергій Булеца,1999-02-16,wikidata,high,,107
tm:678778,Едуард Сарапій,1999-05-12,wikidata,high,,107
w:1971-03-04:kovalov,Альберт Ковальов,1971-03-04,pool,high,,106
w:1974-03-31:nivinski,В'ячеслав Нівінський,1974-03-31,pool,high,,106
w:1977-01-16:tereschenko,В'ячеслав Терещенко,1977-01-16,pool,high,,106
w:1982-08-13:balabanov,Костянтин Балабанов,1982-08-13,pool,high,,106
tm:9796,Олександр Алієв,1985-02-03,wikidata,high,,106
tm:18445,Бетао,1983-11-11,wikidata,high,,106
tm:62515,Іван Бобко,1990-12-10,wikidata,high,,106
tm:248931,Олександр Каплієнко,1996-03-07,wikidata,high,,106
tm:203854,Андрій Борячук,1996-04-23,wikidata,high,,106
tm:533537,Ростислав Лях,2000-10-12,wikidata,high,,106
w:1970-01-14:vorobiov,Валерій Воробйов,1970-01-14,pool,high,,105
w:1974-04-06:mihailiv,Євгеній Михайлів,1974-04-06,pool,high,,105
w:1979-07-21:skoropad,Павло Скоропад,1979-07-21,pool,high,,105
tm:396400,Ілля Путря,1998-05-15,wikidata,high,,105
tm:748940,Василь Рунич,2000-01-31,wikidata,high,,105
w:1962-02-21:bahmut,Володимир Багмут,1962-02-21,pool,high,,104
w:1971-01-23:kuptsov,Андрій Купцов,1971-01-23,pool,high,,104
w:1962-02-15:diki,Володимир Дикий,1962-02-15,pool,high,,104
w:1971-07-14:mehanoshin,Олександр Механошин,1971-07-14,pool,high,,104
w:1969-09-26:sosenko,Костянтин Сосенко,1969-09-26,pool,high,,104
w:1979-02-15:babich,Олександр Бабич,1979-02-15,pool,high,,104
tm:53258,Владислав Лупашко,1986-12-04,wikidata,high,,104
tm:62610,Дмитро Хльобас,1994-05-09,wikidata,high,,104
tm:375180,Олександр Козак,1994-07-25,wikidata,high,,104
tm:549960,Тимур Стецков,1998-01-27,wikidata,high,,104
w:1961-09-01:chervoni,Олександр Червоний,1961-09-01,pool,high,,103
w:1970-01-03:fursov,Володимир Фурсов,1970-01-03,pool,high,,103
w:1966-03-11:kolokolov,Руслан Колоколов,1966-03-11,pool,high,,103
w:1968-05-05:kalitvintsev,Юрій Калитвинцев,1968-05-05,pool,high,,103
w:1979-08-18:molokutsko,Степан Молокуцько,1979-08-18,pool,high,,103
w:1986-03-03:hlavina,Деніс Главіна,1986-03-03,pool,high,,103
w:1981-07-28:leal,Маріо Сержіо,1981-07-28,pool,high,,103
tm:46083,Домагой Віда,1989-04-29,wikidata,high,,103
tm:404848,Андрій Кулаков,1999-04-28,wikidata,high,,103
tm:726038,Віталій Роман,2003-04-15,wikidata,high,,103
tm:726034,Назар Волошин,2003-06-17,wikidata,high,,103
w:1968-10-25:chuichenko,Сергій Чуйченко,1968-10-25,pool,high,,102
w:1980-11-10:lutsenko,Євген Луценко,1980-11-10,pool,high,,102
tm:58002,Володимир Федорів,1985-07-29,wikidata,high,,102
tm:121026,Юрій Путраш,1990-01-29,wikidata,high,,102
tm:396532,Євген Смирний,1998-08-18,wikidata,high,,102
tm:343151,Іван Калюжний,1998-01-21,wikidata,high,,102
tm:758845,Єгор Твердохліб,2000-12-17,wikidata,high,,102
w:1964-12-13:belichenko,Юрій Бєліченко,1964-12-13,pool,high,,101
w:1969-08-29:stolovitski,Ігор Столовицький,1969-08-29,pool,high,,101
w:1966-12-28:nefedov,Олександр Нефедов,1966-12-28,pool,high,,101
w:1959-05-20:haidarji,Леонід Гайдаржи,1959-05-20,pool,high,,101
w:1974-01-23:semchuk,Дмитро Семчук,1974-01-23,pool,high,,101
w:1975-03-31:balanchuk,Сергій Баланчук,1975-03-31,pool,high,,101
w:1981-01-03:donets,Андрій Донець,1981-01-03,pool,high,,101
w:1982-01-01:sibiriakov,Сергій Сібіряков,1982-01-01,pool,high,,101
w:1982-02-07:lozinski,Євгеній Лозінський,1982-02-07,pool,high,,101
w:1975-02-03:stoiko,Дмитро Стойко,1975-02-03,pool,high,,101
tm:58405,Артем Кравець,1989-06-03,wikidata,high,,101
tm:89556,Віталій Федотов,1991-07-16,wikidata,high,,101
tm:30803,Крістіан Вільягра,1985-12-27,wikidata,high,,101
tm:91425,Юрій Коломоєць,1990-03-22,wikidata,high,,101
tm:248932,Владислав Кочергін,1996-04-30,wikidata,high,,101
tm:404841,Денис Попов,1999-02-17,wikidata,high,,101
tm:167555,Олександр Чорноморець,1993-04-05,wikidata,high,,101
w:1964-12-04:rudnitski,Віталій Рудницький,1964-12-04,pool,high,,100
w:1972-01-18:mizenko,Олександр Мизенко,1972-01-18,pool,high,,100
w:1970-10-30:osadchi,Сергій Осадчий,1970-10-30,pool,high,,100
tm:85938,Андрій Оберемко,1984-03-18,wikidata,high,,100
tm:257937,Олег Данченко,1994-08-01,wikidata,high,,100
tm:631821,Владислав Ванат,2002-01-04,wikidata,high,,100
tm:623325,Георгій Судаков,2002-09-01,wikidata,high,,100
tm:669306,Володимир Бражко,2002-01-23,wikidata,high,,100
w:1961-11-14:troitski,Сергій Троїцький,1961-11-14,pool,high,,99
w:1970-03-05:tutichenko,Дмитро Тутиченко,1970-03-05,pool,high,,99
w:1979-05-13:oleksenko,Олександр Олексієнко,1979-05-13,pool,high,,99
w:1968-04-06:hetsko,Іван Гецко,1968-04-06,pool,high,,99
w:1982-09-10:bredun,Євген Бредун,1982-09-10,pool,high,,99
tm:122317,Віталій Гошкодеря,1988-01-08,wikidata,high,,99
tm:365692,Дмитро Топалов,1998-03-12,wikidata,high,,99
tm:533318,Назарій Муравський,2000-02-03,wikidata,high,,99
tm:537852,Дмитро Криськів,2000-10-06,wikidata,high,,99
w:1967-01-29:shmatovalenko,Сергій Шматоваленко,1967-01-29,pool,high,,98
w:1973-02-09:popovich,Геннадій Попович,1973-02-09,pool,high,,98
w:1964-01-28:mozoliuk,Володимир Мозолюк,1964-01-28,pool,high,,98
w:1979-08-31:iarosh,Руслан Ярош,1979-08-31,pool,high,,98
w:1978-09-05:hiom,Патрік Ібанда,1978-09-05,pool,high,,98
w:1984-02-09:eschenko,Андрій Єщенко,1984-02-09,pool,high,,98
tm:104505,Алан Патрік,1991-05-13,wikidata,high,,98
tm:118850,Іван Ордець,1992-07-08,wikidata,high,,98
tm:417228,Данило Сікан,2001-04-16,wikidata,high,,98
tm:517081,Владислав Приймак,1996-08-30,wikidata,high,,98
tm:844373,Борис Крушинський,2002-05-10,wikidata,high,,98
tm:771914,Євген Павлюк,2002-08-18,wikidata,high,,98
w:1973-02-20:holovko,Олександр Головко,1973-02-20,pool,high,,97
w:1978-08-22:balitski,Віталій Балицький,1978-08-22,pool,high,,97
tm:213865,Микита Бурда,1995-03-24,wikidata,high,,97
tm:305415,Артем Бєсєдін,1996-03-31,wikidata,high,,97
tm:166575,Заурі Махарадзе,1993-03-24,wikidata,high,,97
tm:181118,Томаш Кендзьора,1994-06-11,wikidata,high,,97
tm:380554,Євген Запорожець,1994-09-20,wikidata,high,,97
w:1972-06-27:jenilenko,В'ячеслав Жениленко,1972-06-27,pool,high,,96
w:1974-10-22:iakimenko,Олексій Якименко,1974-10-22,pool,high,,96
w:1972-03-10:chorniavski,Олександр Чорнявський,1972-03-10,pool,high,,96
w:1982-08-27:sheveliuhin,Олександр Шевелюхін,1982-08-27,pool,high,,96
w:1973-09-29:liubarski,Руслан Любарський,1973-09-29,pool,high,,96
tm:43934,Йонуц Мазілу,1982-02-09,wikidata,high,,96
tm:82608,Павло Худзік,1985-04-29,wikidata,high,,96
tm:27108,Константінос Макрідіс,1982-01-13,wikidata,high,,96
tm:90769,Віталій Пономар,1990-05-31,wikidata,high,,96
w:1968-01-08:moskvin,Валентин Москвін,1968-01-08,pool,high,,95
w:1967-09-29:sirotin,Павло Сіротін,1967-09-29,pool,high,,95
w:1971-05-27:burhan,Євген Бурхан,1971-05-27,pool,high,,95
w:1972-06-15:balatski,Анатолій Балацький,1972-06-15,pool,high,,95
w:1977-10-27:ostapenko,Олег Остапенко,1977-10-27,pool,high,,95
w:1979-01-12:andrius,Андрюс Йокшас,1979-01-12,pool,high,,95
w:1979-03-11:ivanov,Георгі Пеєв,1979-03-11,pool,high,,95
tm:35908,Мірко Райчевич,1982-03-22,wikidata,high,,95
tm:271482,Артем Гордієнко,1991-03-04,wikidata,high,,95
tm:175169,Бернард,1992-09-08,wikidata,high,,95
tm:432658,Юрій Копина,1996-07-04,wikidata,high,,95
tm:369155,Юрій Вакулко,1997-11-10,wikidata,high,,95
w:1971-05-14:moshevich,Ігор Мошевич,1971-05-14,pool,high,,94
w:1975-11-21:hurka,Михайло Гурка,1975-11-21,pool,high,,94
w:1965-06-05:martinov,Юрій Мартинов,1965-06-05,pool,high,,94
w:1971-08-02:jilin,Олег Жилін,1971-08-02,pool,high,,94
w:1985-05-23:panas,Вадим Панас,1985-05-23,pool,high,,94
tm:59423,Олексій Курілов,1988-04-24,wikidata,high,,94
tm:156137,Редван Мемешев,1993-08-15,wikidata,high,,94
tm:274058,Франсіско Ді Франко,1995-01-28,wikidata,high,,94
tm:626475,Микола Михайленко,2001-05-22,wikidata,high,,94
tm:726036,Артур Микитишин,2003-07-14,wikidata,high,,94
tm:775830,Семен Вовченко,1999-06-13,wikidata,high,,94
w:1965-07-13:vasilitchuk,Андрій Василитчук,1965-07-13,pool,high,,93
w:1959-06-28:iaschenko,Сергій Ященко,1959-06-28,pool,high,,93
w:1967-10-01:chihradze,Георгій Чіхрадзе,1967-10-01,pool,high,,93
w:1984-10-04:modebadze,Іраклі Модебадзе,1984-10-04,pool,high,,93
tm:57856,Дмитро Бабенко,1978-06-28,wikidata,high,,93
tm:77847,Дмитро Непогодов,1988-02-17,wikidata,high,,93
tm:343537,Артем Довбик,1997-06-21,wikidata,high,,93
w:1971-05-06:iakovenko,Дмитро Яковенко,1971-05-06,pool,high,,92
w:1966-07-17:derevinski,Олег Деревінський,1966-07-17,pool,high,,92
w:1975-07-25:vinokurov,Вадим Деонас,1975-07-25,pool,high,,92
w:1976-01-03:simakov,Олег Сімаков,1976-01-03,pool,high,,92
w:1981-10-10:alehbe,Тоні Алегбе,1981-10-10,pool,high,,92
w:1984-04-30:karamushka,Олег Карамушка,1984-04-30,pool,high,,92
tm:191614,Фред,1993-03-05,wikidata,high,,92
tm:358956,Олександр Кучеренко,1991-10-01,wikidata,high,,92
tm:789583,Ярослав Карабін,2002-11-19,wikidata,high,,92
tm:688714,Віталій Дахновський,1999-02-10,wikidata,high,,92
w:1971-03-10:zabranski,Руслан Забранський,1971-03-10,pool,high,,91
w:1970-02-14:shkolnikov,Ян Школьніков,1970-02-14,pool,high,,91
w:1970-06-29:rudniak,Дмитро Рудняк,1970-06-29,pool,high,,91
w:1980-02-25:honchar,Олександр Гончар,1980-02-25,pool,high,,91
tm:57869,Денис Дедечко,1987-07-02,wikidata,high,,91
tm:157373,Владлен Юрченко,1994-01-22,wikidata,high,,91
tm:242854,Дмитро Юсов,1993-05-11,wikidata,high,,91
tm:863919,Іван Дібанго,2002-03-10,wikidata,high,,91
w:1966-08-01:tsitkin,Володимир Циткін,1966-08-01,pool,high,,90
w:1968-02-02:finkel,Борис Фінкель,1968-02-02,pool,high,,90
w:1963-03-01:novak,Володимир Новак,1963-03-01,pool,high,,90
w:1973-07-01:krukovets,Сергій Круковець,1973-07-01,pool,high,,90
w:1976-10-06:kundenok,Геннадій Кундєнок,1976-10-06,pool,high,,90
w:1970-03-07:vetrov,Олег Вєтров,1970-03-07,pool,high,,90
w:1970-11-20:rusak,Петро Русак,1970-11-20,pool,high,,90
w:1972-08-07:ulianitski,Віктор Ульяницький,1972-08-07,pool,high,,90
w:1972-11-18:holdin,Вадим Гольдін,1972-11-18,pool,high,,90
w:1979-10-19:chernov,Андрій Чернов,1979-10-19,pool,high,,90
tm:91380,Дмитро Коркішко,1990-05-04,wikidata,high,,90
w:1972-01-14:bondarenko,Юрій Бондаренко,1972-01-14,pool,high,,89
w:1974-07-28:schekotilin,Геннадій Щекотилін,1974-07-28,pool,high,,89
w:1975-05-10:kudinov,Юрій Кудінов,1975-05-10,pool,high,,89
w:1977-11-03:jura,Сергій Згура,1977-11-03,pool,high,,89
w:1975-02-28:miterev,Юрій Мітерєв,1975-02-28,pool,high,,89
w:1983-06-14:karnilenka,Сергій Корніленко,1983-06-14,pool,high,,89
w:1985-12-22:kitsuta,Анатолій Кіцута,1985-12-22,pool,high,,89
tm:221955,Сергій Шестаков,1990-04-12,wikidata,high,,89
tm:889438,Ілля Крупський,2004-10-02,wikidata,high,,89
w:1961-06-15:panchishin,Іван Панчишин,1961-06-15,pool,high,,88
w:1964-02-19:salimov,Фанас Салімов,1964-02-19,pool,high,,88
w:1970-01-09:redushko,Анатолій Редушко,1970-01-09,pool,high,,88
w:1979-08-09:danchenko,Юрій Данченко,1979-08-09,pool,high,,88
w:1977-04-09:aleksandru,Александру Поповічі,1977-04-09,pool,high,,88
w:1981-06-10:suchkov,Олексій Сучков,1981-06-10,pool,high,,88
tm:58417,Станіслав Микицей,1989-09-07,wikidata,high,,88
tm:343622,Петро Стасюк,1995-02-24,wikidata,high,,88
tm:666943,Валентин Рубчинський,2002-02-15,wikidata,high,,88
tm:1045187,Ігор Краснопір,2002-12-01,wikidata,high,,88
w:1970-12-10:nohin,Олександр Ногін,1970-12-10,pool,high,,87
w:1974-09-27:oksimets,Андрій Оксимець,1974-09-27,pool,high,,87
w:1970-08-05:ivanenko,Віктор Іваненко,1970-08-05,pool,high,,87
w:1978-02-05:bunevchevich,Мирко Буньєвчевич,1978-02-05,pool,high,,87
tm:43060,Сергій Кузнецов,1982-08-31,wikidata,high,,87
tm:28964,Саулюс Міколюнас,1984-05-02,wikidata,high,,87
tm:54375,Джуліано,1990-05-31,wikidata,high,,87
tm:59022,Євген Гальчук,1992-03-05,wikidata,high,,87
tm:740732,Таллес Бренер,1998-05-12,transfermarkt,high,,87
tm:787776,Валерій Дубко,2001-03-22,wikidata,high,,87
tm:382895,Роман Гончаренко,1993-11-16,wikidata,high,,87
w:1968-02-25:dumenko,Сергій Думенко,1968-02-25,pool,high,,86
w:1972-11-27:nikitin,Руслан Нікітін,1972-11-27,pool,high,,86
w:1964-05-04:bilozerski,Олександр Білозерський,1964-05-04,pool,high,,86
w:1976-12-08:poliakov,Борис Поляков,1976-12-08,pool,high,,86
tm:24038,Єгіше Мелікян,1979-08-13,wikidata,high,,86
w:1977-02-07:shuha,Іван Шуга,1977-02-07,pool,high,,86
w:1985-04-28:kotenko,Іван Котенко,1985-04-28,pool,high,,86
w:1984-02-03:petrivski,Тарас Петрівський,1984-02-03,pool,high,,86
tm:36371,Нікола Калинич,1988-01-05,wikidata,high,,86
tm:337198,Богдан Бойчук,1996-05-30,wikidata,high,,86
tm:521997,Віталій Бойко,1997-12-03,wikidata,high,,86
tm:641426,Вадим Вітенчук,1997-01-13,wikidata,high,,86
w:1966-02-15:riznik,Володимир Різник,1966-02-15,pool,high,,85
w:1966-01-22:vernidub,Юрій Вернидуб,1966-01-22,pool,high,,85
w:1958-08-05:fedetski,Андрій Федецький,1958-08-05,pool,high,,85
w:1977-09-28:maziar,Володимир Мазяр,1977-09-28,pool,high,,85
tm:39799,Іван Стрінич,1987-07-17,wikidata,high,,85
tm:208469,Володимир Костевич,1992-10-23,wikidata,high,,85
tm:359796,Дмитро Шастал,1995-12-30,wikidata,high,,85
tm:748939,Олексій Сич,2001-04-01,wikidata,high,,85
tm:512496,Василь Курко,1995-04-25,wikidata,high,,85
w:1969-11-10:iankovski,Олександр Янковський,1969-11-10,pool,high,,84
w:1974-04-17:borisenko,Сергій Борисенко,1974-04-17,pool,high,,84
w:1976-02-29:prodan,Ігор Продан,1976-02-29,pool,high,,84
w:1979-04-21:kondratiuk,Петро Кондратюк,1979-04-21,pool,high,,84
w:1975-12-18:danel,Даніель Флоря,1975-12-18,pool,high,,84
w:1971-07-09:koniushenko,Сергій Конюшенко,1971-07-09,pool,high,,84
tm:244904,Артур Авагімян,1997-01-16,wikidata,high,,84
tm:419061,Владислав Супряга,2000-02-15,wikidata,high,,84
tm:404847,Олексій Хахльов,1999-02-06,wikidata,high,,84
tm:546532,Жордан,1999-04-22,wikidata,high,,84
w:1965-05-11:mustafaev,Асан Мустафаєв,1965-05-11,pool,high,,83
w:1975-03-09:kosenko,Олексій Косенко,1975-03-09,pool,high,,83
w:1969-01-27:dorohov,Олександр Дорохов,1969-01-27,pool,high,,83
w:1982-01-20:kovalchuk,Сергій Ковальчук,1982-01-20,pool,high,,83
w:1981-01-29:pischur,Олександр Пищур,1981-01-29,pool,high,,83
tm:91312,Антон Шендрік,1986-05-26,wikidata,high,,83
tm:166745,Гегам Кадимян,1992-10-19,wikidata,high,,83
tm:202840,Максим Драченко,1990-01-28,wikidata,high,,83
tm:665048,Арсеній Батагов,2002-03-05,wikidata,high,,83
tm:729781,Владислав Велетень,2002-10-01,wikidata,high,,83
tm:812755,Денис Підгурський,2003-05-27,wikidata,high,,83
w:1965-01-12:bondarchuk,Василь Бондарчук,1965-01-12,pool,high,,82
tm:59933,Станіслав Богуш,1983-10-25,wikidata,high,,82
tm:177688,Міхель Бабатунде,1992-12-24,wikidata,high,,82
tm:262182,Роман Дебелко,1993-08-08,wikidata,high,,82
tm:255638,Дмитро Кравченко,1995-02-25,wikidata,high,,82
tm:526578,Владислав Вакула,1999-04-29,wikidata,high,,82
tm:936825,Ілля Квасниця,2003-03-20,wikidata,high,,82
w:1969-06-11:demianenko,Дмитро Дем'яненко,1969-06-11,pool,high,,81
w:1969-08-25:rosliakov,Андрій Росляков,1969-08-25,pool,high,,81
w:1973-11-01:hnativ,Роман Гнатів,1973-11-01,pool,high,,81
w:1979-10-11:brovchenko,Віктор Бровченко,1979-10-11,pool,high,,81
w:1967-08-15:kozakov,Станіслав Козаков,1967-08-15,pool,high,,81
w:1981-02-08:darko,Дарко Дун'їч,1981-02-08,pool,high,,81
tm:92046,Сергій Погорілий,1986-07-28,wikidata,high,,81
tm:60324,Грегорі Нелсон,1988-01-31,wikidata,high,,81
tm:376226,Євген Цимбалюк,1996-06-19,wikidata,high,,81
w:1971-01-31:prizetko,Олександр Призетко,1971-01-31,pool,high,,80
w:1962-11-13:raliuchenko,Сергій Ралюченко,1962-11-13,pool,high,,80
w:1967-01-17:harkivschenko,Ігор Харківщенко,1967-01-17,pool,high,,80
w:1977-07-20:kariaka,Дмитро Каряка,1977-07-20,pool,high,,80
w:1970-06-23:antonel,Іонел Пірву,1970-06-23,pool,high,,80
w:1978-03-31:matsei,Мацей Налєпа,1978-03-31,pool,high,,80
w:1982-02-02:komaritski,Андрій Комарицький,1982-02-02,pool,high,,80
w:1983-11-10:hiorhi,Гіоргі Цімакурідзе,1983-11-10,pool,high,,80
tm:58945,Антон Каніболоцький,1988-05-16,wikidata,high,,80
tm:73769,Зе Соарес,1983-07-27,wikidata,high,,80
tm:206717,Едуард Соболь,1995-04-20,wikidata,high,,80
tm:242279,Олексій Дитятьєв,1988-11-07,wikidata,high,,80
tm:165825,Давид Хочолава,1993-02-08,wikidata,high,,80
tm:289075,Олександр Зубков,1996-08-03,wikidata,high,,80
tm:289095,Денис Фаворов,1991-04-01,wikidata,high,,80
tm:755174,Данило Алефіренко,2000-04-19,wikidata,high,,80
w:1971-04-18:nichenko,Ігор Ніченко,1971-04-18,pool,high,,79
w:1971-12-25:hrin,Володимир Гринь,1971-12-25,pool,high,,79
w:1974-03-03:karabuta,Олександр Карабута,1974-03-03,pool,high,,79
tm:91533,Віталій Неділько,1982-08-21,wikidata,high,,79
w:1986-10-16:alozi,Міхаель Алозі,1986-10-16,pool,high,,79
w:1980-08-08:bilikbashi,Доріан Биликбаші,1980-08-08,pool,high,,79
w:1980-10-18:dos,Жоземар,1980-10-18,pool,high,,79
tm:70869,Грегор Балажиц,1988-02-12,wikidata,high,,79
tm:292570,Євген Мартиненко,1993-06-25,wikidata,high,,79
tm:551695,Лассіна Траоре,2001-01-12,wikidata,high,,79
tm:1061628,Євген Пастух,2004-03-19,wikidata,high,,79
w:1971-05-28:avakov,Арсен Аваков,1971-05-28,pool,high,,78
w:1974-08-05:pestriakov,Олег Пестряков,1974-08-05,pool,high,,78
w:1971-06-27:muraviov,Олег Муравйов,1971-06-27,pool,high,,78
w:1980-11-04:akobian,Ара Акобян,1980-11-04,pool,high,,78
w:1981-11-17:hribanov,Сергій Грибанов,1981-11-17,pool,high,,78
w:1973-09-13:ostrovski,Андрій Островський,1973-09-13,pool,high,,78
w:1980-08-20:djakobia,Лаша Джакобія,1980-08-20,pool,high,,78
w:1979-10-04:polovkov,Олександр Половков,1979-10-04,pool,high,,78
tm:55115,Давид Таргамадзе,1989-08-22,wikidata,high,,78
tm:43848,Мігел Велозу,1986-05-11,wikidata,high,,78
tm:245048,Василь Кравець,1997-08-20,wikidata,high,,78
tm:201625,Ігор Гончар,1993-01-10,wikidata,high,,78
tm:375657,Владислав Шаповал,1995-05-08,wikidata,high,,78
tm:491264,Сергій Суханов,1995-04-06,wikidata,high,,78
w:1970-03-06:lobas,Володимир Лобас,1970-03-06,pool,high,,77
w:1971-09-06:novikov,Владислав Новіков,1971-09-06,pool,high,,77
w:1978-06-08:sokolenko,Андрій Соколенко,1978-06-08,pool,high,,77
w:1974-02-13:tofan,Василь Тофан,1974-02-13,pool,high,,77
w:1976-01-10:kravchenko,Віктор Кравченко,1976-01-10,pool,high,,77
tm:51531,Артем Касьянов,1983-04-20,wikidata,high,,77
w:1987-03-19:eremenko,Роман Єременко,1987-03-19,pool,high,,77
tm:36109,Дамір Кахріман,1984-11-19,wikidata,high,,77
tm:95707,Володимир Танчик,1991-10-17,wikidata,high,,77
tm:359247,Мар'ян Швед,1997-07-16,wikidata,high,,77
tm:387928,Лукас Тейлор,1995-04-10,wikidata,high,,77
tm:717199,Богдан Слюбик,2004-02-11,wikidata,high,,77
tm:502842,Едуардо Герреро,2000-02-21,wikidata,high,,77
w:1963-12-20:leskiv,Василь Леськів,1963-12-20,pool,high,,76
w:1969-11-24:makohon,Ігор Макогон,1969-11-24,pool,high,,76
w:1974-03-28:nikitenko,Юрій Нікітенко,1974-03-28,pool,high,,76
w:1978-10-25:cherniak,Сергій Черняк,1978-10-25,pool,high,,76
w:1979-04-19:savinov,Олексій Савінов,1979-04-19,pool,high,,76
tm:59074,Петро Ковальчук,1984-05-28,wikidata,high,,76
tm:59877,Руслан Черненко,1992-09-29,wikidata,high,,76
tm:91549,Валерій Куценко,1986-11-02,wikidata,high,,76
tm:121009,Максим Каленчук,1989-12-05,wikidata,high,,76
tm:449084,Олег Білик,1998-01-11,wikidata,high,,76
tm:913115,Костянтин Бичек,2000-04-21,wikidata,high,,76
w:1970-10-01:sirota,Святослав Сирота,1970-10-01,pool,high,,75
w:1959-06-09:iavorski,Ігор Яворський,1959-06-09,pool,high,,75
w:1978-10-25:shpak,Андрій Шпак,1978-10-25,pool,high,,75
w:1971-12-11:shved,Василь Швед,1971-12-11,pool,high,,75
w:1985-10-02:chiprian,Чіпріан Маріка,1985-10-02,pool,high,,75
w:1981-06-17:venans,Венанс Зезе,1981-06-17,pool,high,,75
w:1980-12-29:karlos,Корреа,1980-12-29,pool,high,,75
tm:91450,Олег Міщенко,1989-10-10,wikidata,high,,75
w:1986-08-15:bolohan,Вадим Болохан,1986-08-15,pool,high,,75
tm:94931,Віталій Віценець,1990-08-03,wikidata,high,,75
tm:193323,Максим Дегтярьов,1993-05-30,wikidata,high,,75
tm:353584,Сергій Петько,1994-01-23,wikidata,high,,75
tm:606952,Жуніньйо,1995-12-26,wikidata,high,,75
w:1971-05-02:siletski,Сергій Сілецький,1971-05-02,pool,high,,74
w:1976-08-27:shapovalov,Валерій Шаповалов,1976-08-27,pool,high,,74
w:1976-01-26:chali,Володимир Чалий,1976-01-26,pool,high,,74
w:1981-01-22:smalko,Андрій Смалько,1981-01-22,pool,high,,74
w:1983-08-12:djakomase,Клебер,1983-08-12,pool,high,,74
tm:57894,Владислав Микуляк,1984-08-30,wikidata,high,,74
w:1986-02-28:avelino,Жажа,1986-02-28,pool,high,,74
tm:55975,Уча Лобжанідзе,1987-02-23,wikidata,high,,74
tm:76071,Леандро,1983-12-29,wikidata,high,,74
tm:64308,Браун Ідейє,1988-10-10,wikidata,high,,74
tm:99490,Муртаз Даушвілі,1989-05-01,wikidata,high,,74
tm:64341,Антон Кравченко,1991-03-23,wikidata,high,,74
tm:636237,Костянтин Вівчаренко,2002-06-10,wikidata,high,,74
tm:1050852,Віталій Холод,2004-01-15,wikidata,high,,74
tm:936008,Олександр Сапутін,2003-11-13,wikidata,high,,74
w:1969-05-11:bohatir,Віктор Богатир,1969-05-11,pool,high,,73
w:1975-08-26:burdin,Олександр Бурдін,1975-08-26,pool,high,,73
w:1970-08-05:solodki,Вадим Солодкий,1970-08-05,pool,high,,73
w:1979-07-11:kosilov,Сергій Косілов,1979-07-11,pool,high,,73
w:1979-07-19:vukich,Звонимир Вукич,1979-07-19,pool,high,,73
w:1979-01-30:litovchenko,Сергій Літовченко,1979-01-30,pool,high,,73
w:1984-05-27:jdanov,Олександр Жданов,1984-05-27,pool,high,,73
tm:46504,Ерік Бікфалві,1988-02-05,wikidata,high,,73
tm:100163,Сергій Борзенко,1986-06-22,wikidata,high,,73
tm:404842,Віталій Миколенко,1999-05-29,wikidata,high,,73
tm:726033,Павло Ісенко,2003-07-21,wikidata,high,,73
w:1972-05-17:duhnovski,Ігор Духновський,1972-05-17,pool,high,,72
w:1974-09-30:riabtsev,Олексій Рябцев,1974-09-30,pool,high,,72
w:1978-04-01:kariaka,Андрій Каряка,1978-04-01,pool,high,,72
w:1972-09-18:bohdanov,Юрій Богданов,1972-09-18,pool,high,,72
w:1978-02-27:kaladze,Каха Каладзе,1978-02-27,pool,high,,72
w:1967-05-01:vilchinski,Володимир Вільчинський,1967-05-01,pool,high,,72
w:1977-05-03:dainius,Дайнюс Глевецкас,1977-05-03,pool,high,,72
w:1977-01-24:ivitsa,Івіца Пірич,1977-01-24,pool,high,,72
w:1979-07-06:karitska,Володимир Коритько,1979-07-06,pool,high,,72
w:1985-11-09:aleksander,Александер Гурулі,1985-11-09,pool,high,,72
tm:88879,Артем Кичак,1989-05-16,wikidata,high,,72
tm:623319,Олександр Драмбаєв,2001-04-21,wikidata,high,,72
tm:58939,Олексій Паламарчук,1991-07-22,wikidata,high,,72
tm:539738,Олег Горін,2000-02-02,wikidata,high,,72
tm:930106,Володимир Салюк,2002-06-25,wikidata,high,,72
w:1960-03-25:afsarohli,Ельхан Расулов,1960-03-25,pool,high,,71
w:1968-12-10:kazmirchuk,Олег Казьмирчук,1968-12-10,pool,high,,71
w:1960-09-05:iurchenko,Ігор Юрченко,1960-09-05,pool,high,,71
w:1977-03-06:kovalchik,Мацей Ковальчик,1977-03-06,pool,high,,71
tm:39792,Марин Любичич,1988-06-15,wikidata,high,,71
tm:117481,Роман Мисак,1991-09-09,wikidata,high,,71
tm:509837,Максим Прядун,1997-02-17,wikidata,high,,71
tm:404845,Владислав Наумець,1999-03-07,wikidata,high,,71
tm:363740,Євген Шевченко,1995-12-02,wikidata,high,,71
w:1965-09-28:mikolaenko,Юрій Миколаєнко,1965-09-28,pool,high,,70
w:1966-04-24:sheihametov,Толят Шейхаметов,1966-04-24,pool,high,,70
w:1976-12-26:burhan,Кирило Бурхан,1976-12-26,pool,high,,70
w:1966-03-05:chervoni,Віктор Червоний,1966-03-05,pool,high,,70
w:1968-09-20:kochvar,Сергій Кочвар,1968-09-20,pool,high,,70
w:1979-10-06:slabishev,Юрій Слабишев,1979-10-06,pool,high,,70
w:1978-02-04:aliutse,Маріан Аліуце,1978-02-04,pool,high,,70
w:1977-06-07:nijehorodov,Геннадій Нижегородов,1977-06-07,pool,high,,70
tm:131444,Артем Полярус,1992-07-05,wikidata,high,,70
tm:316280,Моха Рхарсалла,1993-09-15,wikidata,high,,70
tm:366729,Назарій Русин,1998-10-25,wikidata,high,,70
tm:419119,Ігор Снурніцин,2000-03-07,wikidata,high,,70
tm:396401,Максим Чех,1999-01-03,wikidata,high,,70
tm:365195,Андрій Кухарук,1995-12-13,wikidata,high,,70
tm:887142,Іван Нестеренко,2003-07-23,wikidata,high,,70
w:1970-06-14:kulik,Костянтин Кулик,1970-06-14,pool,high,,69
w:1975-08-09:kozakevich,Олександр Козакевич,1975-08-09,pool,high,,69
tm:58946,Артур Карноза,1990-08-02,wikidata,high,,69
tm:91259,Юрій Штурко,1984-10-08,wikidata,high,,69
tm:94926,Олександр Кас'ян,1989-01-27,wikidata,high,,69
tm:396530,Артем Козак,1998-05-28,wikidata,high,,69
w:1963-11-05:romanov,Юрій Романов,1963-11-05,pool,high,,68
w:1964-01-30:petrov,Ігор Петров,1964-01-30,pool,high,,68
w:1969-04-14:djuheli,Іван Джугелі,1969-04-14,pool,high,,68
w:1974-06-18:mishenin,Олег Мішенін,1974-06-18,pool,high,,68
w:1980-10-21:teliatnikov,Олексій Телятников,1980-10-21,pool,high,,68
w:1977-09-08:bulhakov,Олексій Булгаков,1977-09-08,pool,high,,68
w:1980-06-10:franselino,Матузалем,1980-06-10,pool,high,,68
w:1985-05-10:vorobei,Дмитро Воробей,1985-05-10,pool,high,,68
w:1987-04-16:evsev,Євген Євсєєв,1987-04-16,pool,high,,68
tm:54576,Себастьян Бланко,1988-03-15,wikidata,high,,68
tm:24976,Ванче Шиков,1985-07-19,wikidata,high,,68
tm:190190,Андрій Кліщук,1992-07-03,wikidata,high,,68
tm:962090,Артем Смоляков,2003-05-29,wikidata,high,,68
tm:428603,Богдан Кушніренко,1995-11-02,wikidata,high,,68
tm:719652,Олександр Мартинюк,2001-11-25,wikidata,high,,68
w:1974-06-12:amilehin,Сергій Амілехін,1974-06-12,pool,high,,67
w:1970-12-06:hashkin,Андрій Гашкін,1970-12-06,pool,high,,67
w:1970-08-01:shevchuk,Віталій Шевчук,1970-08-01,pool,high,,67
w:1976-10-06:humeniuk,Олександр Гуменюк,1976-10-06,pool,high,,67
w:1977-10-03:krivi,Сергій Кривий,1977-10-03,pool,high,,67
w:1976-05-09:trapaidze,Гоча Трапаідзе,1976-05-09,pool,high,,67
w:1983-07-20:bito,Сендлей Біто,1983-07-20,pool,high,,67
tm:59440,Антон Поступаленко,1988-08-28,wikidata,high,,67
tm:110028,Артем Чорній,1989-10-23,wikidata,high,,67
tm:137939,Торніке Окріашвілі,1992-02-12,wikidata,high,,67
tm:101304,Дуглас,1990-04-04,wikidata,high,,67
tm:256213,Максим Малишев,1992-12-24,wikidata,high,,67
tm:428380,Юрій Романюк,1997-05-06,wikidata,high,,67
tm:417242,Руслан Нещерет,2002-01-22,wikidata,high,,67
tm:726019,Олександр Яцик,2003-01-03,wikidata,high,,67
tm:343963,Петар Мічин,1998-09-29,wikidata,high,,67
w:1975-07-25:olinik,Роман Олійник,1975-07-25,pool,high,,66
w:1974-10-11:kril,Ігор Кріль,1974-10-11,pool,high,,66
w:1986-07-22:baranets,Борис Баранець,1986-07-22,pool,high,,66
tm:59032,Александар Драгович,1991-03-06,wikidata,high,,66
tm:93795,Факундо Феррейра,1991-03-14,wikidata,high,,66
tm:173079,Олександр Васильєв,1994-04-27,wikidata,high,,66
tm:269374,Сергій Грин,1994-06-06,wikidata,high,,66
tm:139943,Івиця Жунич,1988-09-11,wikidata,high,,66
tm:123543,Артем Сухоцький,1992-12-06,wikidata,high,,66
tm:448867,Максим Лопирьонок,1995-04-13,wikidata,high,,66
tm:380376,Євген Морозко,1993-02-15,wikidata,high,,66
tm:678783,Євген Підлепенець,1998-11-10,wikidata,high,,66
tm:726016,Денис Шостак,2003-01-24,wikidata,high,,66
w:1961-07-29:tarasenko,Віталій Тарасенко,1961-07-29,pool,high,,65
w:1971-04-02:laktionov,Олександр Лактіонов,1971-04-02,pool,high,,65
w:1962-05-25:turianski,Сергій Турянський,1962-05-25,pool,high,,65
w:1967-04-27:pilipchuk,Роман Пилипчук,1967-04-27,pool,high,,65
w:1980-01-21:bratislav,Братислав Рістич,1980-01-21,pool,high,,65
tm:42624,Сергій Давидов,1984-12-16,wikidata,high,,65
w:1976-09-12:epurianu,Сергій Епуряну,1976-09-12,pool,high,,65
w:1980-01-07:biletski,Максим Білецький,1980-01-07,pool,high,,65
tm:23443,Ондржей Мазух,1989-03-15,wikidata,high,,65
tm:91359,Темур Парцванія,1991-07-06,wikidata,high,,65
tm:381273,Андрій Домбровський,1995-08-12,wikidata,high,,65
tm:892025,Антон Салабай,2002-06-12,wikidata,high,,65
w:1963-11-12:sobotiuk,Сергій Соботюк,1963-11-12,pool,high,,64
w:1971-04-08:zubkov,Владислав Зубков,1971-04-08,pool,high,,64
w:1974-02-08:rizun,Микола Різун,1974-02-08,pool,high,,64
w:1965-10-11:horili,Володимир Горілий,1965-10-11,pool,high,,64
w:1978-09-13:besarab,Олександр Бессараб,1978-09-13,pool,high,,64
w:1971-10-09:karas,Ігор Карась,1971-10-09,pool,high,,64
w:1975-04-29:iashkin,Артем Яшкін,1975-04-29,pool,high,,64
tm:20137,Хосе Соса,1985-06-19,wikidata,high,,64
tm:70923,Богдан Когут,1987-10-10,wikidata,high,,64
tm:24670,Нікола Ігнятієвич,1983-12-12,wikidata,high,,64
tm:91377,Дмитро Трухін,1983-06-29,wikidata,high,,64
tm:96455,Євген Макаренко,1991-05-21,wikidata,high,,64
tm:106632,Санжар Турсунов,1986-12-29,wikidata,high,,64
tm:288853,Сергій Горбунов,1994-03-14,wikidata,high,,64
tm:892054,Еміль Мустафаєв,2001-09-24,wikidata,high,,64
tm:821535,Артур Ременяк,2000-08-09,wikidata,high,,64
tm:631819,Даніл Скорко,2002-04-06,wikidata,high,,64
w:1965-08-12:tiapushkin,Дмитро Тяпушкін,1965-08-12,pool,high,,63
w:1971-08-26:korol,Ігор Король,1971-08-26,pool,high,,63
w:1980-01-17:monarov,Роман Монарьов,1980-01-17,pool,high,,63
w:1979-01-25:semochko,Дмитро Семочко,1979-01-25,pool,high,,63
w:1981-02-24:kravchenko,Володимир Кравченко,1981-02-24,pool,high,,63
w:1976-04-02:hiuzelov,Ігор Гюзелов,1976-04-02,pool,high,,63
w:1982-07-22:vishniak,Ярослав Вишняк,1982-07-22,pool,high,,63
w:1985-04-25:rojok,Сергій Рожок,1985-04-25,pool,high,,63
w:1977-09-17:husev,Ролан Гусєв,1977-09-17,pool,high,,63
tm:60790,Тоні Шунич,1988-12-15,wikidata,high,,63
tm:91358,Євген Новак,1989-02-01,wikidata,high,,63
tm:296781,Станіслав Куліш,1989-02-08,wikidata,high,,63
tm:396411,Владислав Бугай,1997-10-27,wikidata,high,,63
tm:562484,Олег Вишневський,1995-10-04,wikidata,high,,63
tm:321165,Михайло Шестаков,1990-04-12,wikidata,high,,63
tm:1067225,Тарас Михавко,2005-05-30,wikidata,high,,63
w:1973-08-17:ivanov,Олександр Іванов,1973-08-17,pool,high,,62
w:1975-09-03:romanishin,Сергій Романишин,1975-09-03,pool,high,,62
w:1969-10-21:benko,Олег Бенько,1969-10-21,pool,high,,62
w:1965-08-01:ialovski,Віктор Яловський,1965-08-01,pool,high,,62
w:1968-05-27:sisoev,Євген Сисоєв,1968-05-27,pool,high,,62
w:1961-04-23:turchinenko,Микола Турчиненко,1961-04-23,pool,high,,62
w:1968-02-01:sarnavski,Ігор Сарнавський,1968-02-01,pool,high,,62
w:1972-07-28:ripan,Олег Рипан,1972-07-28,pool,high,,62
w:1970-06-03:ostashov,Олександр Осташов,1970-06-03,pool,high,,62
w:1972-12-04:lapa,Микола Лапа,1972-12-04,pool,high,,62
w:1978-06-25:raspopov,Андрій Распопов,1978-06-25,pool,high,,62
w:1980-04-09:erko,Єрко Леко,1980-04-09,pool,high,,62
w:1977-11-01:buta,Корнел Бута,1977-11-01,pool,high,,62
w:1986-02-25:zborovski,Андрій Зборовський,1986-02-25,pool,high,,62
w:1983-01-09:danel,Осмар Феррейра,1983-01-09,pool,high,,62
tm:91365,Андрій Воронков,1989-02-08,wikidata,high,,62
tm:53477,Джонатан Крістальдо,1989-03-05,wikidata,high,,62
tm:114658,Сергій Воронін,1987-03-24,wikidata,high,,62
tm:224736,Артем Барановський,1990-03-17,wikidata,high,,62
tm:278917,Роман Підківка,1995-05-09,wikidata,high,,62
tm:376082,Данило Ігнатенко,1997-03-13,wikidata,high,,62
tm:129646,Артур Рудько,1992-05-07,wikidata,high,,62
tm:581782,Андрій Штогрин,1998-12-14,wikidata,high,,62
tm:523903,Назарій Нич,1999-02-19,wikidata,high,,62
tm:537844,Анатолій Трубін,2001-08-01,wikidata,high,,62
tm:517284,Мухаррем Яшарі,1998-02-21,wikidata,high,,62
tm:774067,Ігор Горбач,2004-05-27,wikidata,high,,62
w:1969-05-02:ternavski,Владислав Тернавський,1969-05-02,pool,high,,61
w:1972-07-24:martiuk,Олександр Мартюк,1972-07-24,pool,high,,61
w:1975-04-05:shubin,Олексій Шубін,1975-04-05,pool,high,,61
w:1977-11-08:larin,Володимир Ларін,1977-11-08,pool,high,,61
w:1975-09-11:kostiukov,Сергій Костюков,1975-09-11,pool,high,,61
w:1978-11-03:dmitrev,Сергій Дмитрієв,1978-11-03,pool,high,,61
w:1982-02-11:klimenko,Олександр Клименко,1982-02-11,pool,high,,61
tm:498899,Тарас Саків,1997-11-19,wikidata,high,,61
tm:404851,Денис Янаков,1999-01-01,wikidata,high,,61
tm:396402,Володимир Якимець,1998-03-03,wikidata,high,,61
tm:287015,Олів'є Тілль,1996-12-17,wikidata,high,,61
tm:751363,Данило Кравчук,2001-07-02,wikidata,high,,61
tm:726035,Кирило Попов,2003-05-01,wikidata,high,,61
tm:335744,Мігел Кампуш,1996-08-16,wikidata,high,,61
tm:773961,Олег Федор,2004-07-23,wikidata,high,,61
w:1968-09-01:habiskiria,Юрій Габіскірія,1968-09-01,pool,high,,60
w:1986-10-28:holek,Маріо Голек,1986-10-28,pool,high,,60
tm:111074,Артур Западня,1990-06-04,wikidata,high,,60
tm:93105,Ігор Литовка,1988-06-05,wikidata,high,,60
tm:120144,Євген Будник,1990-09-04,wikidata,high,,60
tm:41372,Ян Масло,1986-02-05,wikidata,high,,60
tm:59136,Максим Жичиков,1992-11-07,wikidata,high,,60
tm:288857,Дмитро Нагієв,1995-11-27,wikidata,high,,60
tm:421935,Майкон,1997-07-13,wikidata,high,,60
tm:495918,Дмитро Семенов,1999-11-04,wikidata,high,,60
tm:937917,Дмитро Ледвій,2003-08-26,wikidata,high,,60
tm:224164,Ростислав Тарануха,1997-01-26,wikidata,high,,60
w:1981-07-07:kusli,Артем Куслій,1981-07-07,pool,high,,59
w:1971-06-23:djamarauli,Гоча Джамараулі,1971-06-23,pool,high,,59
w:1981-07-20:bidnenko,Руслан Бідненко,1981-07-20,pool,high,,59
w:1979-08-21:salhi,Тауфік Салхі,1979-08-21,pool,high,,59
tm:127349,Майкон Олівейра,1988-05-08,wikidata,high,,59
tm:55734,Геворг Казарян,1988-04-05,wikidata,high,,59
tm:177276,Богдан Сарнавський,1995-01-29,wikidata,high,,59
tm:232612,Євген Смирнов,1993-04-16,wikidata,high,,59
tm:188180,Беньямін Вербич,1993-11-27,wikidata,high,,59
tm:606248,Данило Карась,1997-01-02,wikidata,high,,59
tm:315930,Максім До Куто,1996-12-13,wikidata,high,,59
tm:543493,Наджиб Якубу,2000-05-01,wikidata,high,,59
tm:467243,Віктор Корнієнко,1999-02-14,wikidata,high,,59
tm:371256,Тете,2000-02-15,wikidata,high,,59
tm:656172,Яков Башич,1996-11-25,wikidata,high,,59
w:1967-06-28:iudin,Андрій Юдін,1967-06-28,pool,high,,58
w:1968-10-04:marchenko,Андрій Марченко,1968-10-04,pool,high,,58
w:1975-08-05:parshin,Павло Паршин,1975-08-05,pool,high,,58
w:1977-11-01:ilchenko,Сергій Ільченко,1977-11-01,pool,high,,58
w:1978-08-02:esip,Богдан Єсип,1978-08-02,pool,high,,58
w:1979-08-08:hrol,Геннадій Хроль,1979-08-08,pool,high,,58
w:1979-02-25:bodnar,Ласло Боднар,1979-02-25,pool,high,,58
w:1980-09-27:bechiri,Елвін Бечірі,1980-09-27,pool,high,,58
w:1974-03-26:sasha,Саша Тодич,1974-03-26,pool,high,,58
w:1981-03-03:bulku,Ервін Булку,1981-03-03,pool,high,,58
w:1978-04-21:fernandes,Рікардо Фернандес,1978-04-21,pool,high,,58
tm:105534,Артур Каськов,1991-11-18,wikidata,high,,58
tm:64711,Пабло Фонтанельйо,1984-09-26,wikidata,high,,58
tm:92845,Андрій Сахневич,1989-04-17,wikidata,high,,58
tm:170354,Сергій Вакуленко,1993-09-07,wikidata,high,,58
tm:64313,Тамаш Кадар,1990-03-14,wikidata,high,,58
tm:92640,Андрій Мостовий,1988-01-24,wikidata,high,,58
tm:553772,Олександр Романчук,1999-12-16,wikidata,high,,58
tm:892049,Марко Сапуга,2003-05-29,wikidata,high,,58
tm:515208,Педріньйо,1998-04-13,wikidata,high,,58
tm:325386,Максим Марусич,1993-07-17,wikidata,high,,58
tm:808971,Денис Ндукве,2000-02-28,wikidata,high,,58
w:1964-09-16:horoshinski,Валерій Горошинський,1964-09-16,pool,high,,57
tm:843683,Автанділ Капанадзе,1962-12-01,transfermarkt,high,,57
w:1972-12-15:lavrentsov,Олександр Лавренцов,1972-12-15,pool,high,,57
w:1979-01-01:kolesnik,Сергій Колесник,1979-01-01,pool,high,,57
w:1974-08-01:asan,Ассан Ндіайе,1974-08-01,pool,high,,57
w:1981-02-02:huvanchmuhamed,Гуванчмухамед Овеков,1981-02-02,pool,high,,57
tm:58392,Віталій Федорів,1987-10-21,wikidata,high,,57
tm:59083,Олег Бараннік,1992-03-20,wikidata,high,,57
tm:375659,Герман Пеньков,1994-05-26,wikidata,high,,57
tm:289487,Ростислав Русин,1995-10-26,wikidata,high,,57
tm:729638,Олександр Кемкін,2002-08-05,wikidata,high,,57
tm:524031,Олександр Бєляєв,1999-10-04,wikidata,high,,57
tm:951439,Максим Сміян,2002-04-11,wikidata,high,,57
tm:804264,Ігор Невес,1999-03-13,wikidata,high,,57
w:1975-06-12:shutov,Олександр Шутов,1975-06-12,pool,high,,56
w:1972-11-18:skachenko,Сергій Скаченко,1972-11-18,pool,high,,56
w:1977-09-02:kuptsov,Олексій Купцов,1977-09-02,pool,high,,56
w:1981-07-06:bondarenko,Володимир Бондаренко,1981-07-06,pool,high,,56
w:1975-02-03:chebotari,Борис Чеботарі,1975-02-03,pool,high,,56
w:1982-10-23:bispo,Родольфо,1982-10-23,pool,high,,56
w:1981-04-18:pankavets,Олексій Панковець,1981-04-18,pool,high,,56
tm:59265,Сергій Ференчак,1984-04-27,wikidata,high,,56
tm:35435,Лучан Бурдужан,1984-02-18,wikidata,high,,56
tm:15568,Бруно Гама,1987-11-15,wikidata,high,,56
tm:118022,Юнес Бельханда,1990-02-25,wikidata,high,,56
tm:170245,Артем Фаворов,1994-03-19,wikidata,high,,56
tm:505463,Олександр Сирота,2000-06-11,wikidata,high,,56
tm:678503,Данило Варакута,2001-11-04,wikidata,high,,56
w:1961-10-21:sapronov,Сергій Сапронов,1961-10-21,pool,high,,55
w:1975-04-03:maltsev,Владислав Мальцев,1975-04-03,pool,high,,55
w:1974-02-13:malevanov,Олександр Малєванов,1974-02-13,pool,high,,55
w:1974-04-27:filipenko,Павло Филипенко,1974-04-27,pool,high,,55
w:1972-03-03:sobeschakov,Сергій Собещаков,1972-03-03,pool,high,,55
w:1976-12-29:mikuliak,Олександр Микуляк,1976-12-29,pool,high,,55
w:1975-12-07:harchenkojukovski,Вадим Харченко,1975-12-07,pool,high,,55
w:1981-05-16:riahn,Тааві Ряхн,1981-05-16,pool,high,,55
w:1980-03-24:laschenkov,Сергій Лащенков,1980-03-24,pool,high,,55
w:1980-09-23:hrubelich,Марко Грубелич,1980-09-23,pool,high,,55
tm:59142,Олександр Ситнік,1984-07-07,wikidata,high,,55
tm:58958,Олександр Матвєєв,1989-02-11,wikidata,high,,55
tm:104331,Лукман Аруна,1990-12-04,wikidata,high,,55
tm:55484,Марсіо Азеведо,1986-02-05,wikidata,high,,55
tm:177818,Андрій Блізніченко,1994-07-24,wikidata,high,,55
tm:120966,Олександр Ільющенков,1990-03-23,wikidata,high,,55
tm:295613,Іван Брікнер,1993-06-30,wikidata,high,,55
tm:497221,Андрій Ременюк,1999-02-03,wikidata,high,,55
tm:598992,Рафаел Сабіно,1996-06-17,wikidata,high,,55
tm:396638,Манор Соломон,1999-07-24,wikidata,high,,55
tm:168292,Леван Арвеладзе,1993-04-06,wikidata,high,,55
tm:350828,Шахаб Захеді,1995-08-18,wikidata,high,,55
tm:522327,Роман Гагун,1993-07-16,wikidata,high,,55
tm:321146,Владислав Клименко,1994-06-19,wikidata,high,,55
tm:708240,Едуард Козік,2003-04-19,wikidata,high,,55
tm:168830,Ігор Мединський,1993-01-03,wikidata,high,,55
tm:1033963,Егіналдо,2004-08-09,wikidata,high,,55
tm:1082823,Невертон,2005-06-03,wikidata,high,,55
w:1977-06-17:matkevich,Анатолій Маткевич,1977-06-17,pool,high,,54
w:1974-06-02:mostovi,Руслан Мостовий,1974-06-02,pool,high,,54
w:1974-11-29:venhlinski,Олександр Венглінський,1974-11-29,pool,high,,54
w:1974-08-23:hvianidze,Автанділ Гвіанідзе,1974-08-23,pool,high,,54
w:1976-06-22:ibrahimov,Ельдар Ібрагімов,1976-06-22,pool,high,,54
w:1982-04-15:dos,Жоао Педро,1982-04-15,pool,high,,54
tm:97859,Євген Павлов,1991-03-12,wikidata,high,,54
tm:147998,Флорентін Матей,1993-04-15,wikidata,high,,54
tm:203856,Іван Лобай,1996-05-21,wikidata,high,,54
tm:468301,Маркос Антоніо,2000-06-13,wikidata,high,,54
tm:257740,Карлос де Пена,1992-03-11,wikidata,high,,54
tm:491960,Беніто,1998-09-07,wikidata,high,,54
tm:884849,Данило Хрипчук,2003-12-09,wikidata,high,,54
tm:522832,Тарас Мороз,1996-02-21,wikidata,high,,54
tm:320248,Олег Слободян,1996-10-03,wikidata,high,,54
tm:858712,Педро Енріке,2002-07-11,wikidata,high,,54
w:1966-06-29:bondarenko,Олександр Бондаренко,1966-06-29,pool,high,,53
w:1966-04-12:telesnenko,Андрій Телесненко,1966-04-12,pool,high,,53
w:1971-01-11:pavliuchenko,Костянтин Павлюченко,1971-01-11,pool,high,,53
w:1973-07-24:skidan,Геннадій Скідан,1973-07-24,pool,high,,53
w:1970-04-15:matrosov,Олександр Матросов,1970-04-15,pool,high,,53
w:1963-01-03:mhlinets,Віктор Мглинець,1963-01-03,pool,high,,53
w:1978-11-17:chomahidze,Шота Чомахідзе,1978-11-17,pool,high,,53
w:1978-05-01:isak,Ісаак Окоронкво,1978-05-01,pool,high,,53
w:1980-08-08:omelianchuk,Сергій Омельянчук,1980-08-08,pool,high,,53
w:1978-04-26:andres,Андрес Мендоса,1978-04-26,pool,high,,53
w:1981-11-13:karakevich,Роман Каракевич,1981-11-13,pool,high,,53
w:1981-12-13:chamba,Поль Ессола,1981-12-13,pool,high,,53
w:1981-09-09:eke,Санні Еке,1981-09-09,pool,high,,53
tm:59978,Євген Задоя,1991-01-05,wikidata,high,,53
tm:85973,Андрій Гринченко,1986-01-23,wikidata,high,,53
tm:322952,Роман Никитюк,1993-09-09,wikidata,high,,53
tm:211734,Артем Філімонов,1994-02-21,wikidata,high,,53
tm:119717,Сергій Басов,1987-01-19,wikidata,high,,53
tm:341485,Олег Кудрик,1996-10-17,wikidata,high,,53
tm:166563,Денис Балан,1993-08-18,wikidata,high,,53
tm:520517,Михаіл Гечев,1997-11-05,wikidata,high,,53
tm:261780,Артем Шулянський,2001-04-11,wikidata,high,,53
tm:774552,Денис Слюсар,2002-05-27,wikidata,high,,53
tm:882717,Денис Теслюк,2003-04-11,wikidata,high,,53
tm:668235,Марлон Гомес,2003-12-14,wikidata,high,,53
tm:935109,Артем Слесар,2004-12-12,wikidata,high,,53
tm:1083190,Іван Пахолюк,2004-04-27,wikidata,high,,53
w:1966-04-29:stelmah,Михайло Стельмах,1966-04-29,pool,high,,52
w:1964-10-01:dudka,Валерій Дудка,1964-10-01,pool,high,,52
w:1980-08-19:stoian,Максим Стоян,1980-08-19,pool,high,,52
w:1979-08-04:horan,Горан Саблич,1979-08-04,pool,high,,52
w:1984-05-11:brovkin,Дмитро Бровкін,1984-05-11,pool,high,,52
w:1984-02-24:tsihirlash,Ігор Цигирлаш,1984-02-24,pool,high,,52
w:1981-02-02:chiprian,Чіпріан Тенасе,1981-02-02,pool,high,,52
w:1987-03-14:almeida,Леандро Алмейда,1987-03-14,pool,high,,52
tm:92575,Юрій Габовда,1989-05-06,wikidata,high,,52
tm:35633,Іржі Єслінек,1987-09-30,wikidata,high,,52
tm:4678,Маркус Бергер,1985-01-21,wikidata,high,,52
tm:181006,Густаво Бланко Лещук,1991-11-05,wikidata,high,,52
tm:116302,Едгар Малакян,1990-09-22,wikidata,high,,52
tm:366446,Денис Костишин,1997-08-31,wikidata,high,,52
tm:268697,Данило Книш,1996-03-03,wikidata,high,,52
tm:401529,Додо,1998-11-17,wikidata,high,,52
tm:421636,Самсон Ієде,1998-01-28,wikidata,high,,52
w:1970-02-08:horshkov,Олександр Горшков,1970-02-08,pool,high,,51
w:1968-03-10:matviv,Степан Матвіїв,1968-03-10,pool,high,,51
w:1970-02-17:herasimenko,Олексій Герасименко,1970-02-17,pool,high,,51
w:1975-11-21:lutsishin,Михайло Луцишин,1975-11-21,pool,high,,51
tm:24011,Бобан Грнчаров,1982-08-12,wikidata,high,,51
w:1982-02-26:boian,Боян Незірі,1982-02-26,pool,high,,51
tm:73185,Лукас Перес,1988-09-10,wikidata,high,,51
tm:104351,Рамон Лопес,1989-08-07,wikidata,high,,51
tm:343769,Сергій Петров,1997-05-21,wikidata,high,,51
tm:146725,Мілош Стаменкович,1990-06-01,wikidata,high,,51
tm:271665,Ігор Загальський,1991-05-19,wikidata,high,,51
tm:521841,Андрій Якимів,1997-06-15,wikidata,high,,51
tm:539441,Євген Ісаєнко,2000-08-07,wikidata,high,,51
tm:381430,Фабрісіо Альваренга,1996-01-17,wikidata,high,,51
tm:332132,Валерій Рогозинський,1995-09-03,wikidata,high,,51
tm:935047,Кирило Сігеєв,2004-05-16,wikidata,high,,51
tm:537538,Єгор Прокопенко,1998-05-24,wikidata,high,,51
tm:794617,Ян Костенко,2003-07-04,wikidata,high,,51
w:1970-08-29:kastorni,Олег Касторний,1970-08-29,pool,high,,50
w:1979-03-09:belikov,Віталій Бєліков,1979-03-09,pool,high,,50
w:1979-03-26:sokolovski,Денис Соколовський,1979-03-26,pool,high,,50
w:1976-09-17:artemenko,Сергій Артеменко,1976-09-17,pool,high,,50
w:1982-03-12:pohorelov,Іван Погорелов,1982-03-12,pool,high,,50
w:1973-07-18:boshniak,Споменко Бошняк,1973-07-18,pool,high,,50
w:1982-09-18:boiarintsev,Леонід Бояринцев,1982-09-18,pool,high,,50
w:1976-11-24:flavius,Флавіус Стойкан,1976-11-24,pool,high,,50
w:1984-08-08:solianik,Руслан Соляник,1984-08-08,pool,high,,50
w:1980-06-27:dato,Дато Квірквелія,1980-06-27,pool,high,,50
w:1975-03-31:snitko,Сергій Снитко,1975-03-31,pool,high,,50
w:1982-05-17:haiduchek,Павел Хайдучек,1982-05-17,pool,high,,50
w:1984-04-08:nemania,Неманья Тубич,1984-04-08,pool,high,,50
w:1983-07-18:djihani,Паріт Джіхані,1983-07-18,pool,high,,50
tm:34641,Даріян Матич,1983-05-28,wikidata,high,,50
tm:89427,Євген Пічкур,1979-08-30,wikidata,high,,50
tm:103950,Роман Ємельянов,1992-05-08,wikidata,high,,50
tm:659089,Ілля Забарний,2002-09-01,wikidata,high,,50
tm:168041,Михайло Шишка,1994-07-05,wikidata,high,,50
tm:539436,Крістіан Біловар,2001-02-05,wikidata,high,,50
tm:584083,Бруніньйо,2000-04-27,wikidata,high,,50
w:1969-09-07:kosheliuk,Олег Кошелюк,1969-09-07,pool,high,,49
w:1973-02-25:belkin,Віктор Бєлкін,1973-02-25,pool,high,,49
w:1965-04-30:len,Юрій Лень,1965-04-30,pool,high,,49
w:1971-05-25:jihulin,Спартак Жигулін,1971-05-25,pool,high,,49
w:1960-02-21:valenko,Едуард Валенко,1960-02-21,pool,high,,49
w:1962-11-12:savka,Михайло Савка,1962-11-12,pool,high,,49
w:1974-07-08:shtoltsers,Андрій Штолцерс,1974-07-08,pool,high,,49
w:1980-01-05:voinarovski,Роман Войнаровський,1980-01-05,pool,high,,49
w:1974-09-13:plahotin,Ігор Плахотін,1974-09-13,pool,high,,49
w:1968-04-27:heraschenko,Володимир Геращенко,1968-04-27,pool,high,,49
w:1978-10-10:aniamke,Едвард Аньямке,1978-10-10,pool,high,,49
w:1976-11-04:hrebenojko,Олександр Гребеножко,1976-11-04,pool,high,,49
w:1979-10-15:maris,Маріс Верпаковськіс,1979-10-15,pool,high,,49
w:1981-01-04:arsen,Арсен Не,1981-01-04,pool,high,,49
w:1981-06-14:blumer,Елано,1981-06-14,pool,high,,49
w:1980-02-26:olefir,Володимир Олефір,1980-02-26,pool,high,,49
w:1983-07-10:biurnel,Бюрнель Окана-Стазі,1983-07-10,pool,high,,49
w:1982-11-18:despotovski,Філіп Деспотовський,1982-11-18,pool,high,,49
tm:82610,Михайло Козак,1991-01-20,wikidata,high,,49
tm:36732,Драман Траоре,1982-06-17,wikidata,high,,49
tm:44624,Дьомерсі Мбокані,1985-11-22,wikidata,high,,49
tm:38497,Джеремейн Ленс,1987-11-24,wikidata,high,,49
tm:44699,Антунеш,1987-04-01,wikidata,high,,49
tm:123216,Дмитро Рижук,1992-04-05,wikidata,high,,49
tm:497719,Шина,1996-08-02,wikidata,high,,49
tm:892053,Денис Нагнойний,2002-02-03,wikidata,high,,49
tm:307053,Сергій Панасенко,1992-03-09,wikidata,high,,49
tm:365779,Лука Гучек,1999-01-29,wikidata,high,,49
w:1966-05-14:krapivkin,Ігор Крапивкін,1966-05-14,pool,high,,48
w:1971-09-21:shulha,Владислав Шульга,1971-09-21,pool,high,,48
w:1961-06-29:homonov,Сергій Гомонов,1961-06-29,pool,high,,48
w:1975-01-01:lipski,Олег Липський,1975-01-01,pool,high,,48
w:1962-08-24:suharev,Сергій Сухарев,1962-08-24,pool,high,,48
w:1970-07-08:borovski,Станіслав Боровський,1970-07-08,pool,high,,48
w:1973-01-16:doroshenko,Ігор Дорошенко,1973-01-16,pool,high,,48
w:1985-06-07:shmakov,Євгеній Шмаков,1985-06-07,pool,high,,48
w:1986-01-16:timchenko,Ігор Тимченко,1986-01-16,pool,high,,48
tm:74843,Віталій Іванко,1992-04-09,wikidata,high,,48
tm:123279,Артем Щедрий,1992-11-09,wikidata,high,,48
tm:41037,Данило,1986-11-11,wikidata,high,,48
tm:226208,Володимир Доронін,1993-01-15,wikidata,high,,48
tm:387198,Єгор Демченко,1997-07-25,wikidata,high,,48
tm:448331,Ардін Даллку,1994-11-01,wikidata,high,,48
tm:248935,Павло Лук'янчук,1996-05-19,wikidata,high,,48
tm:404849,Олексій Кащук,2000-06-29,wikidata,high,,48
tm:837005,Раймонд Овусу,2002-04-20,wikidata,high,,48
tm:289472,Микита Безуглий,1995-08-01,wikidata,high,,48
tm:530696,Іраклі Азарові,2002-02-21,wikidata,high,,48
tm:624808,Ілір Краснічі,2000-04-02,wikidata,high,,48
w:1969-05-04:parahnevich,Віталій Парахневич,1969-05-04,pool,high,,47
w:1973-06-22:prudius,Владислав Прудіус,1973-06-22,pool,high,,47
w:1973-03-25:miroshnichenko,Роман Мірошниченко,1973-03-25,pool,high,,47
w:1968-01-12:androsov,Андрій Андросов,1968-01-12,pool,high,,47
w:1975-05-14:matsihura,Володимир Мацігура,1975-05-14,pool,high,,47
w:1981-09-10:nakonechni,Микола Наконечний,1981-09-10,pool,high,,47
tm:27151,Павло Іванов,1984-09-28,wikidata,high,,47
tm:88102,Карлен Мкртчян,1988-11-25,wikidata,high,,47
tm:91563,Олексій Бабир,1990-03-15,wikidata,high,,47
tm:64104,Саша Балич,1990-01-29,wikidata,high,,47
tm:90768,Ярослав Олійник,1991-03-14,wikidata,high,,47
tm:136537,Олексій Шевченко,1992-02-24,wikidata,high,,47
tm:128813,Сергій Літовченко,1987-10-04,wikidata,high,,47
tm:182577,Дерліс Гонсалес,1994-03-20,wikidata,high,,47
tm:383229,Микола Мусолітін,1999-01-21,wikidata,high,,47
tm:464619,Владислав Дмитренко,2000-05-24,wikidata,high,,47
tm:85506,Каспарс Дубра,1990-12-20,wikidata,high,,47
tm:297752,Микола Золотов,1994-11-11,wikidata,high,,47
tm:669305,Віктор Близніченко,2002-09-29,wikidata,high,,47
tm:909138,Даніель Сосах,1998-09-21,wikidata,high,,47
tm:289060,Олег Мозіль,1996-04-07,wikidata,high,,47
tm:1130335,Дмитро Годя,2005-03-10,wikidata,high,,47
tm:658060,Ніка Гагнідзе,2001-03-20,wikidata,high,,47
w:1973-03-20:shpirnov,Роман Шпірнов,1973-03-20,pool,high,,46
w:1970-10-28:liubinski,Олександр Любинський,1970-10-28,pool,high,,46
w:1975-03-21:nesterchuk,Павло Нестерчук,1975-03-21,pool,high,,46
w:1957-11-24:shari,Іван Шарій,1957-11-24,pool,high,,46
w:1979-07-12:onisko,Павло Онисько,1979-07-12,pool,high,,46
w:1985-01-02:banhura,Ісмаель Бангура,1985-01-02,pool,high,,46
tm:59114,Максим Пашаєв,1988-01-04,wikidata,high,,46
tm:58947,Віталій Каверін,1990-09-04,wikidata,high,,46
tm:9369,Айоделе Аделеє,1988-12-25,wikidata,high,,46
tm:30694,Хуан Мануель Торрес,1985-06-20,wikidata,high,,46
tm:36364,Михайло Сіваков,1988-01-16,wikidata,high,,46
tm:156128,Андрій Пилявський,1988-12-04,wikidata,high,,46
tm:369093,Андрій Ралюченко,1995-06-08,wikidata,high,,46
tm:385416,Михайло Шершень,1995-04-27,wikidata,high,,46
tm:524964,Орест Лебеденко,1998-09-23,wikidata,high,,46
tm:654385,Альваро Вієйра,1995-03-10,wikidata,high,,46
tm:522091,Ренан Олівейра,1997-05-08,wikidata,high,,46
tm:461666,Максим Мельничук,1999-09-18,wikidata,high,,46
tm:726014,Максим Дячук,2003-07-21,wikidata,high,,46
tm:1134218,Артем Гусол,2006-01-05,wikidata,high,,46
tm:795280,Тимур Кораблін,2002-01-02,wikidata,high,,46
tm:295845,Ігор Курило,1993-05-03,wikidata,high,,46
w:1968-01-08:markov,Віталій Марков,1968-01-08,pool,high,,45
w:1970-04-20:shinkarov,Андрій Шинкарьов,1970-04-20,pool,high,,45
w:1970-09-21:dziubenko,Геннадій Дзюбенко,1970-09-21,pool,high,,45
w:1971-12-27:parhomenko,Андрій Пархоменко,1971-12-27,pool,high,,45
w:1976-10-21:chernov,Андрій Чернов,1976-10-21,pool,high,,45
w:1976-03-11:hristov,Іордан Петков,1976-03-11,pool,high,,45
w:1979-05-28:sanjar,Роман Санжар,1979-05-28,pool,high,,45
w:1976-12-22:bundash,Мирослав Бундаш,1976-12-22,pool,high,,45
tm:134609,Микола Гібалюк,1984-05-21,wikidata,high,,45
tm:58389,Олег Допілка,1986-03-12,wikidata,high,,45
w:1980-10-26:burduli,Владімер Бурдулі,1980-10-26,pool,high,,45
w:1984-06-29:hrumich,Мирослав Грумич,1984-06-29,pool,high,,45
tm:58950,Володимир Коробка,1989-07-22,wikidata,high,,45
tm:278857,Дмитро Задерецький,1994-08-03,wikidata,high,,45
tm:325420,Богдан Мишенко,1994-12-29,wikidata,high,,45
tm:343153,Євген Чеберко,1998-01-23,wikidata,high,,45
tm:470831,Вікентій Волошин,2001-04-17,wikidata,high,,45
tm:789478,Богдан Кобзар,2002-04-22,wikidata,high,,45
tm:305418,Назарій Федорівський,1996-04-17,wikidata,high,,45
w:1964-02-13:drahunov,Євген Драгунов,1964-02-13,pool,high,,44
w:1967-07-14:kornets,Ігор Корнієць,1967-07-14,pool,high,,44
w:1969-06-08:shuliatitski,Андрій Шулятицький,1969-06-08,pool,high,,44
w:1971-05-13:portnov,Ігор Портнов,1971-05-13,pool,high,,44
w:1979-11-27:malihin,Олександр Малигін,1979-11-27,pool,high,,44
w:1978-09-15:onischenko,Денис Онищенко,1978-09-15,pool,high,,44
w:1980-11-25:ivaschenko,Валерій Іващенко,1980-11-25,pool,high,,44
w:1979-04-04:kozir,Сергій Козир,1979-04-04,pool,high,,44
w:1982-02-23:nefedov,Валентин Нєфьодов,1982-02-23,pool,high,,44
w:1980-08-27:baldaso,Родріго,1980-08-27,pool,high,,44
w:1977-08-27:vorobiov,Дмитро Воробйов,1977-08-27,pool,high,,44
w:1981-06-24:rajkov,Ігор Рожков,1981-06-24,pool,high,,44
w:1980-11-04:maidana,Родріго Васкес,1980-11-04,pool,high,,44
tm:51232,Данило,1990-01-13,wikidata,high,,44
tm:207877,Руслан Маліновський,1993-05-04,wikidata,high,,44
tm:396395,Олексій Биков,1998-03-29,wikidata,high,,44
tm:751977,Кирило Фесюн,2002-08-07,wikidata,high,,44
tm:124025,Зігі Бадібанга,1991-11-26,wikidata,high,,44
tm:357776,Хрвоє Ілич,1999-04-14,wikidata,high,,44
tm:418173,Джихад Бізімана,1996-12-12,wikidata,high,,44
tm:1140013,Володимир Вілівальд,2004-09-23,wikidata,high,,44
tm:1052373,Артур Шах,2005-05-11,wikidata,high,,44
tm:633850,Артур Рябов,2000-08-20,wikidata,high,,44
w:1973-03-20:pavlov,Володимир Павлов,1973-03-20,pool,high,,43
w:1971-03-07:soloviov,Сергій Соловйов,1971-03-07,pool,high,,43
w:1964-01-09:litvinov,Геннадій Літвінов,1964-01-09,pool,high,,43
w:1962-06-05:smotrich,Юрій Смотрич,1962-06-05,pool,high,,43
w:1966-01-02:timoschuk,Ігор Тімощук,1966-01-02,pool,high,,43
w:1971-11-19:pavlik,Ігор Павлик,1971-11-19,pool,high,,43
w:1974-08-03:efimenko,В'ячеслав Єфіменко,1974-08-03,pool,high,,43
w:1974-10-01:kiriuhin,Олександр Кірюхін,1974-10-01,pool,high,,43
w:1977-10-25:homenko,Сергій Хоменко,1977-10-25,pool,high,,43
w:1962-02-09:beloshapka,Борис Белошапка,1962-02-09,pool,high,,43
w:1979-04-09:valutsa,Едуард Валуца,1979-04-09,pool,high,,43
w:1975-08-26:mischenko,Віталій Міщенко,1975-08-26,pool,high,,43
tm:71725,Олександр Надь,1985-09-02,wikidata,high,,43
w:1985-03-15:ilkiv,Ігор Ільків,1985-03-15,pool,high,,43
w:1983-11-03:aparesido,Вінісіус,1983-11-03,pool,high,,43
tm:271228,Іван Цюпа,1993-06-25,wikidata,high,,43
tm:91571,Дмитро Леонов,1988-11-06,wikidata,high,,43
tm:539448,Даниїл Сухоручко,2000-02-21,wikidata,high,,43
tm:419062,Клим Приходько,2000-02-09,wikidata,high,,43
tm:718408,Дмитро Капінус,2003-04-28,wikidata,high,,43
tm:686332,Едсон Фернандо,1998-04-24,wikidata,high,,43
tm:522328,Віталій Груша,1994-02-20,wikidata,high,,43
w:1965-01-05:voitiuk,Олександр Войтюк,1965-01-05,pool,high,,42
w:1960-02-15:tsiselski,Ігор Цісельський,1960-02-15,pool,high,,42
w:1963-08-22:kulish,Юрій Куліш,1963-08-22,pool,high,,42
w:1973-02-19:shaporenko,Руслан Шапоренко,1973-02-19,pool,high,,42
w:1975-03-01:samoilov,Віталій Самойлов,1975-03-01,pool,high,,42
w:1977-12-10:datsenko,Сергій Даценко,1977-12-10,pool,high,,42
w:1977-04-23:makovski,Володимир Маковський,1977-04-23,pool,high,,42
w:1978-09-16:shevchenko,Олег Шевченко,1978-09-16,pool,high,,42
w:1972-02-26:dhebuadze,Кахабер Дгебуадзе,1972-02-26,pool,high,,42
w:1979-09-06:kovba,Денис Ковба,1979-09-06,pool,high,,42
w:1972-02-02:chopik,Тарас Чопик,1972-02-02,pool,high,,42
w:1978-12-07:mitich,Саша Митич,1978-12-07,pool,high,,42
w:1985-08-29:samborski,Володимир Самборський,1985-08-29,pool,high,,42
tm:72899,Олександр Ситник,1985-01-02,wikidata,high,,42
tm:26303,Мартін Богатінов,1986-04-26,wikidata,high,,42
tm:97835,Дмитро Єременко,1990-06-20,wikidata,high,,42
tm:53523,Марко Торсільєрі,1988-01-12,wikidata,high,,42
tm:31348,Сотіріс Балафас,1986-08-19,wikidata,high,,42
tm:40608,Алекс да Сілва,1991-02-11,wikidata,high,,42
tm:107274,Сергій Чеботаєв,1988-03-07,wikidata,high,,42
tm:206053,Гор Малакян,1994-06-12,wikidata,high,,42
tm:312799,Вадим Парамонов,1991-03-18,wikidata,high,,42
tm:214448,Ярослав Богунов,1993-09-04,wikidata,high,,42
tm:197078,Давид Пуцлін,1992-06-17,wikidata,high,,42
tm:376228,Дмитро Іванісеня,1994-01-11,wikidata,high,,42
tm:461670,Богдан Білошевський,2000-01-12,wikidata,high,,42
tm:722371,Денис Світюха,2002-02-08,wikidata,high,,42
tm:523907,Данило Бескоровайний,1999-02-07,wikidata,high,,42
tm:391127,Вів Соломон-Отабор,1996-01-02,wikidata,high,,42
tm:831697,Яго Сікейра,2000-03-14,wikidata,high,,42
w:1967-07-01:husev,Сергій Гусєв,1967-07-01,pool,high,,41
w:1975-12-18:mahonin,Віталій Махонін,1975-12-18,pool,high,,41
w:1973-01-16:zarutski,Олег Заруцький,1973-01-16,pool,high,,41
w:1976-04-06:martinov,Володимир Мартинов,1976-04-06,pool,high,,41
w:1971-10-21:prohorenkov,Олексій Прохоренков,1971-10-21,pool,high,,41
w:1979-08-03:hapon,Володимир Гапон,1979-08-03,pool,high,,41
w:1978-04-12:kolodin,Дмитро Колодін,1978-04-12,pool,high,,41
w:1978-11-11:shevchuk,Юрій Шевчук,1978-11-11,pool,high,,41
w:1970-06-07:kut,Віталій Куть,1970-06-07,pool,high,,41
w:1970-03-09:oberemchenko,Ігор Оберемченко,1970-03-09,pool,high,,41
w:1982-06-26:draholiuk,Андрій Драголюк,1982-06-26,pool,high,,41
w:1979-03-27:alunderis,Відас Алундеріс,1979-03-27,pool,high,,41
w:1981-02-21:emako,Ернест Сіанкам,1981-02-21,pool,high,,41
w:1976-09-10:marius,Маріус Міту,1976-09-10,pool,high,,41
w:1987-05-08:vasilev,Денис Васільєв,1987-05-08,pool,high,,41
tm:59950,Дам'єн Ле Таллек,1990-04-19,wikidata,high,,41
tm:150284,Віталійс Ягодинскіс,1992-02-28,wikidata,high,,41
tm:404839,Андрій Лунін,1999-02-11,wikidata,high,,41
tm:418891,Олександр Мельник,2000-02-10,wikidata,high,,41
tm:745252,Артем Кулаковський,2002-02-11,wikidata,high,,41
tm:1090422,Жан Педрозо,2004-01-28,wikidata,high,,41
w:1968-05-05:alibaev,Сефер Алібаєв,1968-05-05,pool,high,,40
w:1974-08-10:horobets,Дмитро Горобець,1974-08-10,pool,high,,40
w:1975-11-25:kravchenko,Андрій Кравченко,1975-11-25,pool,high,,40
w:1977-09-13:klimenko,Андрій Клименко,1977-09-13,pool,high,,40
w:1982-04-08:krohmal,Володимир Крохмаль,1982-04-08,pool,high,,40
w:1976-11-14:ahaseid,Камаль Гулієв,1976-11-14,pool,high,,40
w:1978-09-10:kutarba,Герман Кутарба,1978-09-10,pool,high,,40
w:1985-08-01:trusevich,Максим Трусевич,1985-08-01,pool,high,,40
w:1978-08-19:nikitsenka,Сергій Нікітенко,1978-08-19,pool,high,,40
w:1983-01-14:tovkatski,Василь Товкацький,1983-01-14,pool,high,,40
w:1982-02-26:damian,Даміан Гіменез,1982-02-26,pool,high,,40
tm:91341,Андрій Шевчук,1985-08-12,wikidata,high,,40
tm:36075,Саша Стевич,1981-05-31,wikidata,high,,40
tm:47165,Сільвіу Ізворану,1982-12-03,wikidata,high,,40
tm:91537,Віталій Приндета,1993-02-02,wikidata,high,,40
tm:85563,Домінік Адійя,1989-11-29,wikidata,high,,40
tm:85964,Андерсон Мінейро,1986-04-24,wikidata,high,,40
tm:213984,Тарас Завійський,1995-04-12,wikidata,high,,40
tm:97808,Дмитро Козьбан,1989-04-27,wikidata,high,,40
tm:259461,Пауліньйо,1993-05-29,wikidata,high,,40
tm:383565,Назар Вербний,1997-07-26,wikidata,high,,40
tm:166580,Іван Трубочкін,1993-03-17,wikidata,high,,40
tm:204045,Бека Вачіберадзе,1996-03-05,wikidata,high,,40
tm:729196,Роман Волохатий,2000-08-23,wikidata,high,,40
tm:646153,Теді Цара,2000-04-15,wikidata,high,,40
w:1957-11-28:alistarov,Валерій Алістаров,1957-11-28,pool,high,,39
w:1970-01-06:iablonski,Віктор Яблонський,1970-01-06,pool,high,,39
w:1965-09-14:esipov,Олександр Єсипов,1965-09-14,pool,high,,39
w:1965-06-21:storchak,Василь Сторчак,1965-06-21,pool,high,,39
w:1968-09-06:bedni,Володимир Бєдний,1968-09-06,pool,high,,39
w:1960-02-23:nakonechni,Ігор Наконечний,1960-02-23,pool,high,,39
w:1975-01-31:muhin,Андрій Мухін,1975-01-31,pool,high,,39
w:1978-01-02:suhomlinov,Владислав Сухомлинов,1978-01-02,pool,high,,39
w:1977-11-04:jurka,Олег Журка,1977-11-04,pool,high,,39
w:1979-10-21:miklashevich,Руслан Міклашевич,1979-10-21,pool,high,,39
tm:35259,Валентин Ілієв,1980-08-11,wikidata,high,,39
w:1978-04-27:katinsus,Валерій Катинсус,1978-04-27,pool,high,,39
w:1980-07-16:dmitruk,Олександр Дмитрук,1980-07-16,pool,high,,39
w:1978-06-11:stepanov,Андрій Степанов,1978-06-11,pool,high,,39
w:1979-09-06:djudovich,Міодраг Джудович,1979-09-06,pool,high,,39
w:1986-10-28:batalski,Олександр Батальський,1986-10-28,pool,high,,39
w:1981-12-26:kandelaki,Ілля Канделакі,1981-12-26,pool,high,,39
w:1977-06-20:nerius,Неріюс Васіляускас,1977-06-20,pool,high,,39
tm:58073,Юрій Мартищук,1986-04-22,wikidata,high,,39
w:1980-10-15:hidi,Іслі Хіді,1980-10-15,pool,high,,39
w:1981-05-19:karpenko,Сергій Карпенко,1981-05-19,pool,high,,39
w:1984-02-22:romaniuk,Віталій Романюк,1984-02-22,pool,high,,39
tm:57748,Матеус Лопес,1985-03-08,wikidata,high,,39
tm:121988,Веллінгтон Нем,1992-02-06,wikidata,high,,39
tm:305423,Іван Зотько,1996-07-09,wikidata,high,,39
tm:204348,Дмитро Білоног,1995-05-26,wikidata,high,,39
tm:167553,Антон Братков,1993-05-14,wikidata,high,,39
tm:550495,Фернандо,1999-03-01,wikidata,high,,39
tm:111556,Йоонас Тамм,1992-02-02,wikidata,high,,39
tm:383198,Ілля Шевцов,2000-04-13,wikidata,high,,39
tm:461654,Тарас Дмитрук,2000-03-09,wikidata,high,,39
tm:935039,Мар'ян Фарина,2003-08-28,wikidata,high,,39
tm:527968,Пабло Альварес,1997-04-23,wikidata,high,,39
tm:530673,Шота Нонікашвілі,2001-01-10,wikidata,high,,39
tm:620722,Деян Попара,2003-03-10,wikidata,high,,39
w:1960-08-30:olinik,Віктор Олійник,1960-08-30,pool,high,,38
w:1971-02-07:sich,Микола Сич,1971-02-07,pool,high,,38
w:1970-08-11:shuliatitski,Юрій Шулятицький,1970-08-11,pool,high,,38
w:1965-03-16:rolevich,Олександр Ролевич,1965-03-16,pool,high,,38
w:1958-01-13:sivuha,Юрій Сивуха,1958-01-13,pool,high,,38
w:1973-12-22:kovalenko,Сергій Коваленко,1973-12-22,pool,high,,38
w:1974-02-01:lutsenko,Тарас Луценко,1974-02-01,pool,high,,38
w:1973-05-24:kalian,Сергій Кальян,1973-05-24,pool,high,,38
w:1963-01-06:kondratenko,Андрій Кондратенко,1963-01-06,pool,high,,38
w:1978-07-30:poroshin,Андрій Порошин,1978-07-30,pool,high,,38
w:1970-07-03:suharev,Олександр Сухарєв,1970-07-03,pool,high,,38
w:1971-09-05:atamanchuk,Орест Атаманчук,1971-09-05,pool,high,,38
w:1975-03-07:morhunov,Олексій Моргунов,1975-03-07,pool,high,,38
w:1980-08-14:aphazava,Шалва Апхазава,1980-08-14,pool,high,,38
w:1979-11-11:dombrae,Едді Домбрайе,1979-11-11,pool,high,,38
w:1981-10-24:popov,Володимир Попов,1981-10-24,pool,high,,38
w:1979-01-01:sviderski,В'ячеслав Свідерський,1979-01-01,pool,high,,38
w:1982-08-25:pihur,Олександр Піхур,1982-08-25,pool,high,,38
w:1981-01-20:katalin,Каталін Лікіою,1981-01-20,pool,high,,38
w:1978-07-24:florin,Флорін Шоава,1978-07-24,pool,high,,38
tm:18860,Франк Джа Джедже,1986-06-02,wikidata,high,,38
tm:198264,Артур Загорулько,1993-02-13,wikidata,high,,38
tm:343316,Сергій Косовський,1998-05-19,wikidata,high,,38
tm:521845,Гліб Грачов,1997-05-15,wikidata,high,,38
tm:570743,Анатолій Нурієв,1996-05-20,wikidata,high,,38
tm:540186,Данило Кондраков,1998-01-19,wikidata,high,,38
tm:537860,Михайло Мудрик,2001-01-05,wikidata,high,,38
tm:269365,Олексій Зозуля,1992-04-15,wikidata,high,,38
tm:819493,Ельдар Кулієв,2002-03-24,wikidata,high,,38
tm:356936,Йон Шпорн,1997-05-22,wikidata,high,,38
tm:1083965,Жуан Безерра,2003-02-16,wikidata,high,,38
tm:775709,Георгій Єрмаков,2002-03-28,wikidata,high,,38
tm:900195,Кевін,2003-01-04,wikidata,high,,38
tm:451788,Олександр П'ятов,1996-07-28,transfermarkt,high,,38
tm:743587,Вінісіус Тобіас,2004-02-23,wikidata,high,,38
w:1964-08-09:pankratev,Ігор Панкратьєв,1964-08-09,pool,high,,37
w:1969-08-23:homuha,Дмитро Хомуха,1969-08-23,pool,high,,37
w:1962-03-23:zaets,Олександр Заєць,1962-03-23,pool,high,,37
w:1968-04-29:sinitski,Олег Синицький,1968-04-29,pool,high,,37
w:1968-06-21:kuznetsov,Ігор Кузнецов,1968-06-21,pool,high,,37
w:1976-02-14:hohil,Ігор Гогіль,1976-02-14,pool,high,,37
w:1978-11-02:kaidarashvili,Олександр Кайдарашвілі,1978-11-02,pool,high,,37
w:1975-11-04:marchel,Марчел Решітка,1975-11-04,pool,high,,37
w:1981-09-28:markovich,Мар'ян Маркович,1981-09-28,pool,high,,37
w:1984-06-21:diakat,Пап Діакате,1984-06-21,pool,high,,37
tm:42622,Леандро,1985-06-26,wikidata,high,,37
tm:8480,Сіто Рієра,1987-01-05,wikidata,high,,37
tm:204040,Александру Влад,1989-12-06,wikidata,high,,37
tm:325221,Ігор Жураховський,1994-09-19,wikidata,high,,37
tm:308436,Денис Баланюк,1997-01-16,wikidata,high,,37
tm:264646,Олександр Осман,1996-04-18,wikidata,high,,37
tm:213429,Емерсон,1995-10-07,wikidata,high,,37
tm:576022,Владислав Ємець,1997-09-09,wikidata,high,,37
tm:709478,Микита Турбаєвський,2002-03-12,wikidata,high,,37
tm:1038054,Ярослав Кисіль,2003-05-31,wikidata,high,,37
tm:1115074,Молло Бессала,2003-10-10,wikidata,high,,37
tm:627222,Таллес Коста,2002-08-02,wikidata,high,,37
tm:717413,Олег Пушкарьов,2004-06-11,transfermarkt,high,,37
tm:642947,Еліас Теллес,1998-08-20,transfermarkt,high,,37
tm:1111025,Бабукарр Фаал,2003-04-03,wikidata,high,,37
w:1973-08-17:lebid,Володимир Лебідь,1973-08-17,pool,high,,36
w:1967-11-05:chuhleba,Олег Чухлєба,1967-11-05,pool,high,,36
w:1970-03-07:knish,Володимир Книш,1970-03-07,pool,high,,36
w:1966-10-28:lantsfer,Ярослав Ланцфер,1966-10-28,pool,high,,36
w:1964-05-07:kabanets,Ігор Кабанець,1964-05-07,pool,high,,36
w:1972-04-01:ostroushko,В'ячеслав Остроушко,1972-04-01,pool,high,,36
w:1964-01-28:hridiushko,Олександр Гридюшко,1964-01-28,pool,high,,36
w:1970-08-02:burimenko,Сергій Бурименко,1970-08-02,pool,high,,36
w:1967-06-25:pohorelov,Валерій Погорєлов,1967-06-25,pool,high,,36
w:1973-10-20:boitsan,Олександр Бойцан,1973-10-20,pool,high,,36
w:1983-11-30:kilikevich,Володимир Кілікевич,1983-11-30,pool,high,,36
w:1979-05-22:altman,Геннадій Альтман,1979-05-22,pool,high,,36
w:1978-09-08:mantas,Мантас Самусіовас,1978-09-08,pool,high,,36
tm:54565,Душан Савич,1985-10-01,wikidata,high,,36
tm:60979,Янік Болі,1988-01-13,wikidata,high,,36
tm:174213,Олександр Ткаченко,1993-02-19,wikidata,high,,36
tm:567880,Євген Протасов,1997-07-23,wikidata,high,,36
tm:320953,Юрій Кравчук,1994-04-06,wikidata,high,,36
tm:838384,Антон Боль,2003-01-08,wikidata,high,,36
tm:718409,Владислав Погорілий,2003-09-03,wikidata,high,,36
tm:1052374,Євген Скиба,2003-03-25,wikidata,high,,36
tm:1041334,Клайвер,2003-08-25,wikidata,high,,36
tm:672616,Ян Юрчец,2000-11-27,wikidata,high,,36
tm:935107,Михайло Протасевич,2004-11-20,transfermarkt,high,,36
w:1967-10-18:nikiforov,Олександр Никифоров,1967-10-18,pool,high,,35
w:1960-05-15:shevchenko,Сергій Шевченко,1960-05-15,pool,high,,35
w:1974-10-04:bulihinshramko,Сергій Булигін-Шрамко,1974-10-04,pool,high,,35
w:1971-06-22:maiboroda,Сергій Майборода,1971-06-22,pool,high,,35
w:1976-09-07:halstian,Овік Галстян,1976-09-07,pool,high,,35
w:1971-10-14:dimitrishvili,Темурі Дімітрішвілі,1971-10-14,pool,high,,35
w:1977-09-15:voloshin,Микола Волошин,1977-09-15,pool,high,,35
w:1967-01-24:losev,Геннадій Лосєв,1967-01-24,pool,high,,35
w:1980-02-14:duarte,Фабіо,1980-02-14,pool,high,,35
w:1982-07-13:milosavlevich,Урош Милосавлевич,1982-07-13,pool,high,,35
w:1979-01-30:brankovich,Сініша Бранкович,1979-01-30,pool,high,,35
w:1979-10-24:morozov,Андрій Морозов,1979-10-24,pool,high,,35
w:1984-02-09:nazaruk,Сергій Назарук,1984-02-09,pool,high,,35
w:1979-01-02:lashankov,Євген Лошанков,1979-01-02,pool,high,,35
tm:58093,Андрій Новак,1988-12-06,wikidata,high,,35
tm:140561,Майкл Одібе,1988-07-23,wikidata,high,,35
tm:155275,Андрій Слінкін,1991-02-19,wikidata,high,,35
tm:244264,Владислав Павленко,1994-04-05,wikidata,high,,35
tm:39316,Серж Акакпо,1987-10-15,wikidata,high,,35
tm:282280,Вадим Страшкевич,1994-04-21,wikidata,high,,35
tm:95649,Олександр Нойок,1992-05-15,wikidata,high,,35
tm:62180,Галь Шиш,1989-01-28,wikidata,high,,35
tm:280234,Олексій Савченко,1993-09-27,wikidata,high,,35
tm:204560,Міха Горопевшек,1991-03-12,wikidata,high,,35
tm:398675,Микола Квасний,1995-01-04,wikidata,high,,35
tm:392091,Дмитро Семенів,1998-06-24,wikidata,high,,35
tm:177267,Ілля Коваленко,1990-03-20,wikidata,high,,35
tm:651388,Міслав Матич,2000-01-06,wikidata,high,,35
tm:250416,Фране Чир'як,1995-06-23,wikidata,high,,35
tm:480975,Аллахьяр Сайядманеш,2001-06-29,wikidata,high,,35
tm:1134676,Данііл Ващенко,2005-10-02,wikidata,high,,35
tm:776033,Андрій Кітела,2004-12-13,wikidata,high,,35
tm:436833,Феліпе Родрігес,1995-10-31,wikidata,high,,35
tm:581000,Ейнел Соареш,2000-01-12,wikidata,high,,35
tm:342609,Микола Ковталюк,1995-04-26,wikidata,high,,35
w:1970-03-29:eremev,В'ячеслав Єремеєв,1970-03-29,pool,high,,34
w:1965-12-17:kutepov,Ігор Кутєпов,1965-12-17,pool,high,,34
w:1969-01-23:ponomarenko,Віталій Пономаренко,1969-01-23,pool,high,,34
w:1964-01-16:fasahov,Тагір Фасахов,1964-01-16,pool,high,,34
w:1970-11-25:zaiarni,Володимир Заярний,1970-11-25,pool,high,,34
w:1977-10-26:iaschuk,Олег Ящук,1977-10-26,pool,high,,34
w:1970-03-05:shushura,Юрій Шушура,1970-03-05,pool,high,,34
w:1981-06-23:hrebiniuk,Олександр Гребінюк,1981-06-23,pool,high,,34
w:1980-04-11:taran,Євген Таран,1980-04-11,pool,high,,34
w:1978-08-18:kutsi,Павло Куций,1978-08-18,pool,high,,34
w:1979-01-29:antoniuk,Олександр Антонюк,1979-01-29,pool,high,,34
w:1976-11-26:schehlov,Сергій Щеглов,1976-11-26,pool,high,,34
w:1983-02-28:nvoa,Онєкачі Нвоа,1983-02-28,pool,high,,34
w:1979-05-13:alehandro,Альваро Мельо,1979-05-13,pool,high,,34
w:1985-07-29:djonatan,Джонатан Майдана,1985-07-29,pool,high,,34
tm:58467,Мусавенкосі Мгуні,1983-04-08,wikidata,high,,34
tm:58514,Еліс Бакай,1987-06-25,wikidata,high,,34
tm:211313,Олександр Азацький,1994-01-13,wikidata,high,,34
tm:44662,Шумахер,1986-08-31,wikidata,high,,34
tm:47375,Іван Родич,1985-11-11,wikidata,high,,34
tm:292396,Валерій Юрчук,1990-04-12,wikidata,high,,34
tm:244620,Владислав Леванідов,1993-02-23,wikidata,high,,34
tm:347804,Андрій Коробенко,1997-05-28,wikidata,high,,34
tm:104590,Рафаел Форстер,1990-07-23,wikidata,high,,34
tm:524965,Андрій Бусько,1997-05-20,wikidata,high,,34
tm:467240,Андрій Кожухар,1999-07-20,wikidata,high,,34
tm:267330,Джоель Абу Ханна,1998-01-22,wikidata,high,,34
tm:359678,Ернест Антві,1995-09-09,wikidata,high,,34
tm:576021,Станіслав Шарай,1997-05-25,wikidata,high,,34
tm:256942,Хайдін Саліху,2002-01-18,wikidata,high,,34
tm:537841,Євген Кучеренко,1999-08-27,wikidata,high,,34
tm:692997,Олексій Сидоров,2001-06-07,wikidata,high,,34
tm:523491,Валерій Сад,1998-12-18,wikidata,high,,34
tm:412615,Георгій Куція,1999-10-27,wikidata,high,,34
w:1966-11-30:laba,Роман Лаба,1966-11-30,pool,high,,33
w:1975-01-05:andriuschenko,Анатолій Андрющенко,1975-01-05,pool,high,,33
w:1972-12-02:kandaurov,Сергій Кандауров,1972-12-02,pool,high,,33
w:1967-11-26:polischuk,Анатолій Поліщук,1967-11-26,pool,high,,33
w:1972-02-09:nikonchuk,Валентин Никончук,1972-02-09,pool,high,,33
w:1969-06-22:kavteladze,Анзор Кавтеладзе,1969-06-22,pool,high,,33
w:1976-01-28:holokolosov,Олександр Голоколосов,1976-01-28,pool,high,,33
w:1965-03-22:hrihorchuk,Роман Григорчук,1965-03-22,pool,high,,33
w:1976-04-03:bohatirov,Сергій Богатирьов,1976-04-03,pool,high,,33
w:1975-11-14:siharulidze,Автанділ Сіхарулідзе,1975-11-14,pool,high,,33
tm:91540,Артем Штанько,1980-09-06,wikidata,high,,33
w:1977-02-05:schastlivi,Сергій Щастливий,1977-02-05,pool,high,,33
w:1973-08-13:levan,Леван Мікадзе,1973-08-13,pool,high,,33
w:1978-03-22:startsev,Вадим Старцев,1978-03-22,pool,high,,33
w:1984-02-22:shiriaev,Євген Ширяєв,1984-02-22,pool,high,,33
w:1982-01-15:chernikov,Володимир Черніков,1982-01-15,pool,high,,33
w:1979-04-14:alev,Самір Алієв,1979-04-14,pool,high,,33
w:1983-05-13:hnehneri,Яя Туре,1983-05-13,pool,high,,33
w:1986-05-31:horbushin,Дмитро Горбушин,1986-05-31,pool,high,,33
w:1979-10-27:drahan,Драган Перішич,1979-10-27,pool,high,,33
tm:134761,Олександр Волков,1989-02-07,wikidata,high,,33
w:1985-03-08:lukas,Лукаш Тесак,1985-03-08,pool,high,,33
tm:230409,Євген Неплях,1992-05-11,wikidata,high,,33
tm:332144,Володимир Кринський,1997-01-14,wikidata,high,,33
tm:282734,Жерсон Родрігес,1995-06-20,wikidata,high,,33
tm:717394,Юрій-Володимир Герета,2004-01-30,wikidata,high,,33
tm:539435,Богдан Чуєв,2000-02-23,wikidata,high,,33
tm:935095,Навін Малиш,2003-07-27,wikidata,high,,33
tm:608760,Арінальдо Рапай,2001-08-09,wikidata,high,,33
w:1969-08-03:jilkin,Геннадій Жилкін,1969-08-03,pool,high,,32
w:1963-09-18:tkachuk,Валерій Ткачук,1963-09-18,pool,high,,32
w:1958-12-16:antoniuk,Володимир Антонюк,1958-12-16,pool,high,,32
w:1961-09-14:bilous,Дмитро Білоус,1961-09-14,pool,high,,32
w:1972-08-15:martsun,Олександр Марцун,1972-08-15,pool,high,,32
w:1969-09-24:zaporojchenko,В'ячеслав Запорожченко,1969-09-24,pool,high,,32
w:1971-04-29:malihin,Юрій Малигін,1971-04-29,pool,high,,32
w:1979-02-22:litovchak,Роман Литовчак,1979-02-22,pool,high,,32
w:1977-09-10:poliarush,Олег Поляруш,1977-09-10,pool,high,,32
w:1979-09-12:rijih,Сергій Рижих,1979-09-12,pool,high,,32
w:1974-11-02:polischuk,Сергій Поліщук,1974-11-02,pool,high,,32
w:1974-05-08:lemishko,Костянтин Лемішко,1974-05-08,pool,high,,32
w:1974-07-12:abramov,Віталій Абрамов,1974-07-12,pool,high,,32
w:1980-12-09:tomislav,Томислав Вишевич,1980-12-09,pool,high,,32
w:1979-01-08:pletikosa,Стіпе Плетікоса,1979-01-08,pool,high,,32
w:1981-06-07:oliveira,Сержіо,1981-06-07,pool,high,,32
w:1983-01-20:artola,Даніель Фернандес,1983-01-20,pool,high,,32
w:1987-12-09:alan,Алан,1987-12-09,pool,high,,32
w:1987-06-18:marselo,Марсело Морено,1987-06-18,pool,high,,32
tm:19721,Горан Попов,1984-10-02,wikidata,high,,32
tm:45341,Джордже Флореску,1984-05-21,wikidata,high,,32
tm:143967,Артур Новотрясов,1992-07-19,wikidata,high,,32
tm:349107,Олег Синиця,1996-03-20,wikidata,high,,32
tm:317467,Ловро Цвек,1995-07-06,wikidata,high,,32
tm:755175,Володимир Білоцерковець,2000-01-22,wikidata,high,,32
tm:467244,Кирило Меліченко,1999-06-07,wikidata,high,,32
tm:792844,Рустам Ахмедзаде,2000-12-25,wikidata,high,,32
tm:752691,Богдан Векляк,1999-08-31,wikidata,high,,32
tm:329055,Енес Махмутович,1997-05-22,wikidata,high,,32
tm:747315,Орест Костик,1999-04-16,wikidata,high,,32
tm:725356,Валентин Горох,2001-02-14,wikidata,high,,32
tm:540056,Георгій Гочолейшвілі,2001-02-14,wikidata,high,,32
tm:1266282,Ярослав Шевченко,2006-09-14,wikidata,high,,32
tm:681497,Арі Моура,1996-07-31,wikidata,high,,32
tm:628329,Айді Дайко,2002-10-28,wikidata,high,,32
w:1968-10-13:litvinenko,Ігор Литвиненко,1968-10-13,pool,high,,31
w:1961-01-24:chernih,Геннадій Черних,1961-01-24,pool,high,,31
w:1969-05-21:aleksandrov,Вадим Александров,1969-05-21,pool,high,,31
w:1969-10-05:kersteniuk,Олег Керстенюк,1969-10-05,pool,high,,31
w:1971-02-23:naduda,Олег Надуда,1971-02-23,pool,high,,31
w:1964-04-15:brundjadze,Ніязі Брунджадзе,1964-04-15,pool,high,,31
w:1975-05-09:savenchuk,Олександр Савенчук,1975-05-09,pool,high,,31
w:1974-08-10:baranovski,Сергій Барановський,1974-08-10,pool,high,,31
w:1974-08-07:bairashevski,Роман Байрашевський,1974-08-07,pool,high,,31
w:1968-09-24:mihailenko,Олександр Михайленко,1968-09-24,pool,high,,31
w:1976-11-29:shimanski,Сергій Шиманський,1976-11-29,pool,high,,31
w:1978-11-08:simonov,Олександр Симонов,1978-11-08,pool,high,,31
w:1974-01-23:kormiltsev,Сергій Кормильцев,1974-01-23,pool,high,,31
w:1976-08-26:erko,Єрко Мікулич,1976-08-26,pool,high,,31
w:1975-10-18:donitsa,Юліан Доніца,1975-10-18,pool,high,,31
w:1985-12-02:jersh,Роман Жерш,1985-12-02,pool,high,,31
w:1977-06-30:adev,Магомед Адієв,1977-06-30,pool,high,,31
tm:43495,Сергій Пилипчук,1984-11-26,wikidata,high,,31
w:1978-10-02:mjavanadze,Кахабер Мжаванадзе,1978-10-02,pool,high,,31
w:1984-05-20:darko,Дарко Тасевський,1984-05-20,pool,high,,31
w:1984-02-28:kalonas,Міндаугас Калонас,1984-02-28,pool,high,,31
tm:25821,Олександр Бондаренко,1989-07-28,wikidata,high,,31
tm:177291,Станіслав Причиненко,1991-06-26,wikidata,high,,31
tm:135172,Ігор Озарків,1992-01-21,wikidata,high,,31
tm:78733,Кирило Сидоренко,1985-07-25,wikidata,high,,31
tm:50346,Кршеван Сантіні,1987-04-11,wikidata,high,,31
tm:127770,Нурудін Орелесі,1989-04-10,wikidata,high,,31
tm:375955,Єгор Клименчук,1997-11-11,wikidata,high,,31
tm:425707,Артем Дудік,1997-01-02,wikidata,high,,31
tm:373302,Сілас,1996-05-30,wikidata,high,,31
tm:598972,Марта,1997-06-20,wikidata,high,,31
tm:381815,Олександр Сніжко,1996-08-20,wikidata,high,,31
tm:467241,Олександр Сафронов,1999-06-11,wikidata,high,,31
tm:461663,Микита Петерман,1999-06-12,wikidata,high,,31
tm:433219,Папе-Аліун Ндіає,1998-02-04,wikidata,high,,31
tm:227199,Ігор Солдат,1991-03-10,wikidata,high,,31
tm:623327,Андрій Чирук,2001-01-08,wikidata,high,,31
tm:525576,Бандейра,2001-01-31,wikidata,high,,31
tm:624920,Бені Макуана,2002-09-28,wikidata,high,,31
tm:1029207,Глейкер Мендоса,2001-12-08,wikidata,high,,31
tm:1033040,Марк Ассінор,2000-07-13,wikidata,high,,31
w:1971-06-15:hritsina,Юрій Гріцина,1971-06-15,pool,high,,30
w:1969-09-24:humeniuk,Ігор Гуменюк,1969-09-24,pool,high,,30
w:1970-12-21:komziuk,Ярослав Комзюк,1970-12-21,pool,high,,30
w:1977-02-01:sizon,Олег Сизон,1977-02-01,pool,high,,30
w:1962-04-17:puchkov,Сергій Пучков,1962-04-17,pool,high,,30
w:1972-10-15:zeleniuk,Ігор Зеленюк,1972-10-15,pool,high,,30
w:1976-02-11:sobkovich,Олександр Собкович,1976-02-11,pool,high,,30
w:1976-09-01:serebrenikov,Сергій Серебренников,1976-09-01,pool,high,,30
w:1981-08-30:sernetski,Сергій Сернецький,1981-08-30,pool,high,,30
w:1977-03-26:sahno,Віталій Сахно,1977-03-26,pool,high,,30
w:1980-03-09:aristarhov,Максим Арістархов,1980-03-09,pool,high,,30
w:1981-06-01:uvarov,Олексій Уваров,1981-06-01,pool,high,,30
w:1977-10-24:salahovich,Сеад Салахович,1977-10-24,pool,high,,30
w:1978-08-18:meliti,Соф'єн Мелліті,1978-08-18,pool,high,,30
w:1977-04-15:brhles,Даріо Брглес,1977-04-15,pool,high,,30
w:1981-07-18:davidson,Давідсон,1981-07-18,pool,high,,30
tm:59115,Віталій Павлов,1988-06-25,wikidata,high,,30
w:1980-01-03:irmartas,Ірмартас Зельмікас,1980-01-03,pool,high,,30
w:1980-02-14:boaventura,Вільям Боавентура,1980-02-14,pool,high,,30
tm:43938,Разван Кочіш,1983-02-19,wikidata,high,,30
tm:213975,Тарас Качараба,1995-01-07,wikidata,high,,30
tm:59446,Денис Сидоренко,1989-04-18,wikidata,high,,30
tm:376227,Денис Галенков,1995-10-13,wikidata,high,,30
tm:395537,Дмитро Плахтир,1996-02-14,wikidata,high,,30
tm:271635,Дмитро Фатєєв,1994-06-21,wikidata,high,,30
tm:625144,Владислав Семотюк,2000-11-14,wikidata,high,,30
tm:687881,Дієго Каріока,1998-02-06,wikidata,high,,30
tm:817676,Жеовані,2001-05-15,wikidata,high,,30
tm:717203,Іван Лосенко,2004-07-24,wikidata,high,,30
tm:1067497,Вадим Сидун,2005-02-10,wikidata,high,,30
tm:522831,Максим Механів,1996-09-22,wikidata,high,,30
tm:1007020,Хоакінете,1997-07-30,wikidata,high,,30
w:1969-09-09:kriachik,Євген Крячик,1969-09-09,pool,high,,29
w:1967-03-06:uzakov,Руслан Узаков,1967-03-06,pool,high,,29
w:1972-10-30:karamustafa,Дмитро Кара-Мустафа,1972-10-30,pool,high,,29
w:1973-08-06:bezuhli,Юрій Безуглий,1973-08-06,pool,high,,29
w:1963-01-25:petrik,Олександр Петрик,1963-01-25,pool,high,,29
w:1968-04-25:ovcharenko,Юрій Овчаренко,1968-04-25,pool,high,,29
w:1963-11-27:iarmolich,Сергій Ярмолич,1963-11-27,pool,high,,29
w:1974-03-14:vanin,Володимир Ванін,1974-03-14,pool,high,,29
w:1970-11-15:kovtun,Михайло Ковтун,1970-11-15,pool,high,,29
w:1973-01-08:vasilkiv,Руслан Васильків,1973-01-08,pool,high,,29
w:1968-10-01:kovalenko,Валерій Коваленко,1968-10-01,pool,high,,29
w:1969-03-05:hrachov,Олексій Грачов,1969-03-05,pool,high,,29
w:1973-02-06:bespalih,Сергій Беспалих,1973-02-06,pool,high,,29
w:1977-01-20:lots,Віталій Лоц,1977-01-20,pool,high,,29
w:1975-01-23:arefev,Віктор Ареф'єв,1975-01-23,pool,high,,29
w:1979-05-10:maruschak,Мар'ян Марущак,1979-05-10,pool,high,,29
w:1981-12-01:merkado,Пітер Меркадо,1981-12-01,pool,high,,29
w:1976-12-13:mladenovich,Ненад Младенович,1976-12-13,pool,high,,29
w:1981-01-05:serhev,Лев Сергеєв,1981-01-05,pool,high,,29
w:1971-12-02:ionanidze,Зураб Іонанідзе,1971-12-02,pool,high,,29
w:1979-08-25:postolatev,Володимир Постолатьєв,1979-08-25,pool,high,,29
w:1988-09-02:semenenko,Артем Семененко,1988-09-02,pool,high,,29
w:1979-01-28:branislav,Браніслав Круніч,1979-01-28,pool,high,,29
w:1986-07-29:kovel,Леонід Ковель,1986-07-29,pool,high,,29
tm:59277,Дмитро Козаченко,1982-01-11,wikidata,high,,29
w:1980-07-27:shahoika,Олександр Шагойка,1980-07-27,pool,high,,29
tm:265267,Віктор Хомченко,1994-11-11,wikidata,high,,29
tm:241687,Андрій Міщенко,1991-04-07,wikidata,high,,29
tm:492354,Денис Норенков,1996-07-25,wikidata,high,,29
tm:354145,Хорхе Карраскаль,1998-05-25,wikidata,high,,29
tm:296903,Артур,1994-08-05,wikidata,high,,29
tm:518723,Луїзао,1998-02-20,wikidata,high,,29
tm:429157,Юрій Козиренко,1999-11-27,wikidata,high,,29
tm:721512,Микита Кононов,2003-01-22,wikidata,high,,29
tm:767643,Олександр Мизюк,1995-05-31,wikidata,high,,29
tm:746397,Артем Вовкун,2001-09-07,wikidata,high,,29
tm:241686,Олександр Лебеденко,1989-08-13,wikidata,high,,29
tm:925044,Тарас Галас,2004-03-01,wikidata,high,,29
tm:814830,Микола Миронюк,2002-02-19,wikidata,high,,29
tm:685375,Кай Ціпот,2001-04-28,wikidata,high,,29
tm:567505,Константінос Стамуліс,2000-10-29,wikidata,high,,29
w:1963-02-07:protsiuk,Сергій Процюк,1963-02-07,pool,high,,28
w:1970-08-08:moroz,Юрій Мороз,1970-08-08,pool,high,,28
w:1961-01-01:mahinia,Юрій Махиня,1961-01-01,pool,high,,28
w:1972-02-11:chirva,Олексій Чирва,1972-02-11,pool,high,,28
w:1970-08-19:muschinka,Анатолій Мущинка,1970-08-19,pool,high,,28
w:1971-06-19:hetikov,Юрій Гетіков,1971-06-19,pool,high,,28
w:1960-04-15:burch,Михайло Бурч,1960-04-15,pool,high,,28
w:1970-04-18:saprikin,Євген Саприкін,1970-04-18,pool,high,,28
w:1975-09-27:borisiuk,Андрій Борисюк,1975-09-27,pool,high,,28
w:1973-10-27:michuda,Сергій Мічуда,1973-10-27,pool,high,,28
w:1965-04-25:krivenko,Олег Кривенко,1965-04-25,pool,high,,28
w:1981-06-02:kirilov,Вадим Кирилов,1981-06-02,pool,high,,28
w:1984-06-26:buhaiov,Ігор Бугайов,1984-06-26,pool,high,,28
w:1983-06-16:buri,Олександр Бурий,1983-06-16,pool,high,,28
w:1974-02-09:iohan,Йорді Кройф,1974-02-09,pool,high,,28
w:1983-11-30:jankarlos,Паоло де ла Аса,1983-11-30,pool,high,,28
tm:59290,Антон Савін,1990-02-07,wikidata,high,,28
tm:91349,Олександр Жабокрицький,1981-01-29,wikidata,high,,28
tm:289282,Роман Попов,1995-06-29,wikidata,high,,28
tm:215596,Шериф Іса,1990-11-10,wikidata,high,,28
tm:435665,Владислав Хомутов,1998-06-04,wikidata,high,,28
tm:296780,Антон Котляр,1993-03-07,wikidata,high,,28
tm:410213,Олександр Чепелюк,1997-09-05,wikidata,high,,28
tm:380691,Віталій Кольцов,1994-03-20,wikidata,high,,28
tm:331460,Іван Сондей,1994-01-15,wikidata,high,,28
tm:461657,Олександр Петрусенко,1998-03-26,wikidata,high,,28
tm:108866,Дмитро Поспєлов,1991-10-19,wikidata,high,,28
tm:39637,Роман Мірошник,1994-01-03,wikidata,high,,28
tm:539444,Артем Мильченко,2000-07-22,wikidata,high,,28
tm:254985,Таулант Сефері,1996-11-15,wikidata,high,,28
tm:1060543,Бакарі Конате,2003-04-17,wikidata,high,,28
tm:888342,Георгій Майсурадзе,2002-01-31,wikidata,high,,28
tm:885150,Карлос Парако,2003-10-27,wikidata,high,,28
tm:972535,Ермір Рашица,2004-03-24,wikidata,high,,28
w:1971-10-11:pomazun,Олександр Помазун,1971-10-11,pool,high,,27
w:1965-01-31:hula,Олег Гула,1965-01-31,pool,high,,27
w:1977-11-14:bilokin,Сергій Білокінь,1977-11-14,pool,high,,27
w:1969-07-11:tarahti,Андрій Тарахтій,1969-07-11,pool,high,,27
w:1978-01-22:demidiak,Василь Демидяк,1978-01-22,pool,high,,27
w:1970-10-07:korenev,Дмитро Корєнєв,1970-10-07,pool,high,,27
w:1978-07-18:martinenko,Андрій Мартиненко,1978-07-18,pool,high,,27
w:1973-06-07:baston,Євген Бастон,1973-06-07,pool,high,,27
w:1980-08-11:bermudes,Дмитро Бермудес,1980-08-11,pool,high,,27
w:1985-03-14:shvets,Ігор Швець,1985-03-14,pool,high,,27
w:1984-11-28:tretiak,Сергій Третяк,1984-11-28,pool,high,,27
w:1969-01-24:zarutski,Олександр Заруцький,1969-01-24,pool,high,,27
w:1979-08-13:bledi,Бледі Шкембі,1979-08-13,pool,high,,27
w:1982-05-06:milian,Мілян Мрдакович,1982-05-06,pool,high,,27
w:1985-06-13:alenkor,Герсон Маграо,1985-06-13,pool,high,,27
w:1989-06-01:inkum,Самуель Інкум,1989-06-01,pool,high,,27
tm:226014,Сергій Ченбай,1992-11-06,wikidata,high,,27
tm:96928,Сержіньйо,1985-06-16,wikidata,high,,27
tm:105456,Фернандо,1992-03-03,wikidata,high,,27
tm:339844,Зураб Очігава,1995-05-18,wikidata,high,,27
tm:177280,Віталій Гемега,1994-01-10,wikidata,high,,27
tm:122361,Адерінсола Есеола,1991-06-28,wikidata,high,,27
tm:225632,Антон Яшков,1992-01-30,wikidata,high,,27
tm:888023,Кевін Келсі,2004-07-27,wikidata,high,,27
tm:717392,Антон Глущенко,2004-04-20,wikidata,high,,27
tm:1119009,Кауа Еліас,2006-03-28,wikidata,high,,27
tm:534474,Ніл Кок,1998-04-24,wikidata,high,,27
tm:1161403,Назар Домчак,2007-04-06,wikidata,high,,27
tm:362529,Андрій Сторчоус,1994-06-30,wikidata,high,,27
tm:807731,Артем Мачелюк,1999-10-14,wikidata,high,,27
w:1962-08-17:iarovenko,Євген Яровенко,1962-08-17,pool,high,,26
w:1969-03-27:aleksanenkov,Андрій Алексаненков,1969-03-27,pool,high,,26
w:1965-01-17:danilishin,Віктор Данилишин,1965-01-17,pool,high,,26
w:1968-04-29:pohodin,Сергій Погодін,1968-04-29,pool,high,,26
w:1971-10-14:manko,Євген Манько,1971-10-14,pool,high,,26
w:1961-08-18:polni,Іван Польний,1961-08-18,pool,high,,26
w:1969-06-11:povedonok,Анатолій Поведьонок,1969-06-11,pool,high,,26
w:1973-12-24:pinchuk,Костянтин Пінчук,1973-12-24,pool,high,,26
w:1962-08-20:huihanov,Олександр Гуйганов,1962-08-20,pool,high,,26
w:1971-08-15:hela,Гела Квітатіані,1971-08-15,pool,high,,26
w:1978-08-31:bohorodichenko,Сергій Богородіченко,1978-08-31,pool,high,,26
w:1967-09-27:sidelnikov,Андрій Сідельніков,1967-09-27,pool,high,,26
w:1975-04-29:budnik,Андрій Будник,1975-04-29,pool,high,,26
w:1982-03-29:karabkin,Ярослав Карабкін,1982-03-29,pool,high,,26
w:1975-11-18:bobovich,Ігор Бобович,1975-11-18,pool,high,,26
w:1973-11-30:iovichevich,Ігор Йовічевич,1973-11-30,pool,high,,26
w:1978-11-20:lavrenti,Лавренті Мікадзе,1978-11-20,pool,high,,26
w:1979-03-23:jolt,Жолт Нодь,1979-03-23,pool,high,,26
w:1985-05-14:joze,Леандро,1985-05-14,pool,high,,26
w:1983-09-03:petkovich,Ігор Петкович,1983-09-03,pool,high,,26
w:1987-03-22:jeniuh,Олег Женюх,1987-03-22,pool,high,,26
w:1978-11-09:miroshnichenko,Артем Мірошниченко,1978-11-09,pool,high,,26
tm:75109,Селіо Сантос,1987-07-20,wikidata,high,,26
tm:335191,Валеріан Гвілія,1994-05-24,wikidata,high,,26
tm:187622,Кваме Карікарі,1992-01-21,wikidata,high,,26
tm:422746,Федеріко Перейра,1989-01-04,wikidata,high,,26
tm:314571,Володимир Баєнко,1990-02-09,wikidata,high,,26
tm:497222,Олег Веремієнко,1999-02-13,wikidata,high,,26
tm:699842,Антон Байдал,2000-02-08,wikidata,high,,26
tm:376445,Маріо Чуже,1999-04-24,wikidata,high,,26
tm:808973,Денис Резепов,2002-02-11,wikidata,high,,26
tm:708242,Андрій Булеза,2004-01-25,wikidata,high,,26
tm:1293294,Олександр Каменський,2007-09-21,wikidata,high,,26
tm:690246,Френсіс Момо,2001-03-25,wikidata,high,,26
tm:819249,Луан Кампос,2002-03-19,wikidata,high,,26
tm:469685,Жан Тронтель,2000-01-21,wikidata,high,,26
tm:892097,Андрусв Араухо,2003-06-05,transfermarkt,high,,26
tm:966009,Бар Лін,2004-08-08,wikidata,high,,26
tm:522329,Артур Думанюк,1996-11-15,wikidata,high,,26
tm:1027625,Артем Лєгостаєв,2002-08-11,transfermarkt,high,,26
tm:1041630,Проспер Оба,2003-11-24,wikidata,high,,26
w:1962-05-27:chistov,Анатолій Чистов,1962-05-27,pool,high,,25
w:1957-04-16:sorokalet,Олександр Сорокалєт,1957-04-16,pool,high,,25
w:1972-05-15:sherabokov,Сергій Шерабоков,1972-05-15,pool,high,,25
w:1973-04-13:zaitsev,Сергій Зайцев,1973-04-13,pool,high,,25
w:1971-01-17:kurbatski,Дмитро Курбатський,1971-01-17,pool,high,,25
w:1970-12-16:andreiko,Роман Андрейко,1970-12-16,pool,high,,25
w:1974-01-08:leliuk,Дмитро Лелюк,1974-01-08,pool,high,,25
w:1968-11-26:borovski,Сергій Боровський,1968-11-26,pool,high,,25
w:1974-12-15:ushtan,Володимир Уштан,1974-12-15,pool,high,,25
w:1962-03-19:iaremchuk,Іван Яремчук,1962-03-19,pool,high,,25
w:1982-12-20:iliashov,Андрій Ільяшов,1982-12-20,pool,high,,25
w:1975-08-16:verteletski,Анатолій Вертелецький,1975-08-16,pool,high,,25
w:1970-01-04:polushin,Сергій Полушин,1970-01-04,pool,high,,25
w:1984-02-23:nesin,Віталій Несін,1984-02-23,pool,high,,25
w:1974-01-09:hvostunov,Олександр Хвостунов,1974-01-09,pool,high,,25
w:1985-05-28:derkach,Андрій Деркач,1985-05-28,pool,high,,25
w:1983-08-11:aladashvili,Кахабер Аладашвілі,1983-08-11,pool,high,,25
w:1983-03-27:henri,Генрі Ндрека,1983-03-27,pool,high,,25
tm:58954,Євген Пєсков,1981-09-22,wikidata,high,,25
w:1988-05-14:borha,Борха Гомес,1988-05-14,pool,high,,25
tm:26200,Крісті Вангелі,1985-09-05,wikidata,high,,25
tm:66058,Адмір Мехмеді,1991-03-16,wikidata,high,,25
tm:130264,Юрій Бушман,1990-05-14,wikidata,high,,25
tm:55338,Віліан,1986-11-19,wikidata,high,,25
tm:82508,Лібор Грдлічка,1986-01-02,wikidata,high,,25
tm:155861,Руслан Зубков,1991-11-24,wikidata,high,,25
tm:269669,Володимир Барілко,1994-01-29,wikidata,high,,25
tm:511669,Станіслав Біленький,1998-08-22,wikidata,high,,25
tm:419067,Георгій Цитаїшвілі,2000-11-18,wikidata,high,,25
tm:542597,Марлісон,1997-12-17,wikidata,high,,25
tm:965929,Владислав Островський,2004-09-13,wikidata,high,,25
tm:1074053,Матвій Пономаренко,2006-01-11,wikidata,high,,25
tm:182912,Анж-Фредді Плюмен,1995-03-02,wikidata,high,,25
tm:705337,Марко Мрвальєвич,2001-06-05,wikidata,high,,25
tm:204396,Станіслав-Нурі Малиш,1995-01-15,wikidata,high,,25
tm:655838,Бекназ Алмазбеков,2005-06-23,wikidata,high,,25
tm:1179658,Пітер Ітодо,2003-07-01,wikidata,high,,25
tm:249639,Євген Місюра,1993-12-18,wikidata,high,,25
w:1971-09-21:holovan,Олег Головань,1971-09-21,pool,high,,24
w:1964-03-28:bonetski,Сергій Бонецький,1964-03-28,pool,high,,24
w:1970-01-14:poluliah,В'ячеслав Полулях,1970-01-14,pool,high,,24
w:1967-02-22:shubin,Сергій Шубін,1967-02-22,pool,high,,24
w:1970-12-28:travin,Дмитро Травін,1970-12-28,pool,high,,24
w:1967-01-01:piskun,Едуард Піскун,1967-01-01,pool,high,,24
w:1973-01-18:kuchirka,Роман Кучирка,1973-01-18,pool,high,,24
w:1974-09-26:hritsai,Олег Грицай,1974-09-26,pool,high,,24
w:1970-06-12:mardas,Геннадій Мардас,1970-06-12,pool,high,,24
w:1978-03-24:erohin,Андрій Єрохін,1978-03-24,pool,high,,24
w:1967-09-30:kose,Володимир Коссе,1967-09-30,pool,high,,24
w:1977-11-11:androshich,Вальтер Андрошич,1977-11-11,pool,high,,24
w:1984-01-04:radevich,Сергій Радевич,1984-01-04,pool,high,,24
w:1978-01-30:mirko,Мірко Селак,1978-01-30,pool,high,,24
w:1977-04-16:vishnevski,В'ячеслав Вишневський,1977-04-16,pool,high,,24
tm:59407,Сергій Барілко,1987-01-05,wikidata,high,,24
w:1985-03-14:charlz,Чарльз Невуче,1985-03-14,pool,high,,24
w:1984-02-01:arakelian,Арарат Аракелян,1984-02-01,pool,high,,24
w:1977-07-16:dikan,Андрій Дикань,1977-07-16,pool,high,,24
w:1978-01-04:kazaniuk,Олександр Казанюк,1978-01-04,pool,high,,24
w:1984-01-07:kucherenko,Сергій Кучеренко,1984-01-07,pool,high,,24
tm:66472,Бесарт Ібраїмі,1986-12-17,wikidata,high,,24
tm:114937,Дуду,1992-01-07,wikidata,high,,24
tm:206054,Павло Мягков,1992-12-30,wikidata,high,,24
tm:157849,Лукаш Теодорчик,1991-06-03,wikidata,high,,24
tm:363063,Олексій Ковтун,1995-02-05,wikidata,high,,24
tm:95129,Євген Морозенко,1991-12-16,wikidata,high,,24
tm:198005,Крістіан Понде,1995-01-26,wikidata,high,,24
tm:830079,Родіон Плакса,2002-01-22,wikidata,high,,24
tm:606743,Іван Литвиненко,2001-04-10,wikidata,high,,24
tm:273236,Марлон,1995-09-07,wikidata,high,,24
tm:1159925,Сергій Корнійчук,2004-06-25,wikidata,high,,24
tm:794896,Габріель Ескінья,2003-08-29,wikidata,high,,24
tm:419118,Олександр Климець,2000-02-14,wikidata,high,,24
tm:386659,Хон Себеріо,1996-09-21,transfermarkt,high,,24
tm:524572,Пауло Вітор,1999-06-24,wikidata,high,,24
tm:1031028,Олександр Вівдич,2003-02-22,wikidata,high,,24
tm:1219752,Ісаке,2007-02-24,wikidata,high,,24
w:1967-02-07:bidulko,Дмитро Бідулько,1967-02-07,pool,high,,23
w:1960-11-03:budnik,Віктор Будник,1960-11-03,pool,high,,23
w:1974-08-03:varaksin,Кирило Вараксін,1974-08-03,pool,high,,23
w:1977-09-04:perhun,Сергій Перхун,1977-09-04,pool,high,,23
w:1959-03-10:petrov,Олександр Петров,1959-03-10,pool,high,,23
w:1974-07-18:petrov,Юрій Петров,1974-07-18,pool,high,,23
w:1976-03-25:kian,Володимир Кіян,1976-03-25,pool,high,,23
w:1978-03-21:horban,Андрій Горбань,1978-03-21,pool,high,,23
w:1974-09-25:suhoruchenko,Сергій Сухорученко,1974-09-25,pool,high,,23
w:1978-09-27:kozlov,Сергій Козлов,1978-09-27,pool,high,,23
w:1974-03-24:danel,Даніель Кіріце,1974-03-24,pool,high,,23
w:1981-09-18:halchuk,Любомир Гальчук,1981-09-18,pool,high,,23
w:1971-10-23:lobanovs,Валентінс Лобаньовс,1971-10-23,pool,high,,23
w:1977-04-04:lanko,Віталій Ланько,1977-04-04,pool,high,,23
w:1980-06-15:milan,Мілан Загорац,1980-06-15,pool,high,,23
w:1975-07-25:varlamov,Євген Варламов,1975-07-25,pool,high,,23
w:1985-07-12:karpenko,Максим Карпенко,1985-07-12,pool,high,,23
w:1984-07-14:martsvaladze,Отар Марцваладзе,1984-07-14,pool,high,,23
w:1975-04-02:florin,Флорін Пірву,1975-04-02,pool,high,,23
w:1987-01-23:kolesnichenko,Сергій Колесниченко,1987-01-23,pool,high,,23
w:1989-06-09:avelar,Даніло Авелар,1989-06-09,pool,high,,23
tm:18091,Дерек Боатенг,1983-05-02,wikidata,high,,23
tm:60129,Боян Малішич,1985-01-14,wikidata,high,,23
tm:65297,Данієл Суботич,1991-03-16,wikidata,high,,23
tm:20005,Папу Гомес,1988-02-15,wikidata,high,,23
tm:34941,Александру Тудосе,1987-04-03,wikidata,high,,23
tm:427341,Данило Кучер,1997-01-25,wikidata,high,,23
tm:221958,Роман Яремчук,1995-11-27,wikidata,high,,23
tm:468735,Олександр Маткобожик,1998-01-03,wikidata,high,,23
tm:295429,Мохамед Бен Салем,1996-01-06,wikidata,high,,23
tm:115133,Іван Пешич,1992-04-06,wikidata,high,,23
tm:581405,Іван Головкін,2000-05-24,wikidata,high,,23
tm:294723,Володимир Маханьков,1997-10-29,wikidata,high,,23
tm:251676,Ріфет Капич,1995-07-03,wikidata,high,,23
tm:537850,Богдан Могильний,2000-01-09,transfermarkt,high,,23
tm:634609,Руслан Дедух,1998-04-13,wikidata,high,,23
tm:426011,Микола Когут,1998-08-31,wikidata,high,,23
tm:548993,Андре Гонсалвеш,2003-05-16,wikidata,high,,23
tm:1045884,Крістіан Мба,1999-10-12,wikidata,high,,23
tm:633728,Браян Кастільйо,2001-05-14,wikidata,high,,23
tm:381299,Ігор Коцюмака,1995-03-12,wikidata,high,,23
w:1961-02-14:horodov,Валерій Городов,1961-02-14,pool,high,,22
w:1961-03-02:zolotnitski,Євгеній Золотницький,1961-03-02,pool,high,,22
w:1966-01-16:bakalov,Юрій Бакалов,1966-01-16,pool,high,,22
w:1973-03-21:zaichenko,Юрій Зайченко,1973-03-21,pool,high,,22
w:1972-02-04:kovalov,Сергій Ковальов,1972-02-04,pool,high,,22
w:1976-08-22:liashenko,Олег Ляшенко,1976-08-22,pool,high,,22
w:1976-10-26:chumachenko,Ігор Чумаченко,1976-10-26,pool,high,,22
w:1975-02-07:datsishin,Віталій Дацишин,1975-02-07,pool,high,,22
w:1979-10-03:paholiuk,Роман Пахолюк,1979-10-03,pool,high,,22
w:1969-01-06:bereski,Олег Береський,1969-01-06,pool,high,,22
w:1966-06-29:mokan,Василь Мокан,1966-06-29,pool,high,,22
tm:92633,Михайло Маковський,1977-04-23,wikidata,high,,22
w:1973-03-03:bojko,Сергій Божко,1973-03-03,pool,high,,22
w:1973-03-14:pajin,Предраг Пажін,1973-03-14,pool,high,,22
w:1980-08-06:onikenko,Андрій Оникієнко,1980-08-06,pool,high,,22
w:1983-07-27:poltavets,Роман Полтавець,1983-07-27,pool,high,,22
w:1971-11-17:ahmedov,Тарлан Ахмедов,1971-11-17,pool,high,,22
w:1984-10-19:pivnenko,Сергій Півненко,1984-10-19,pool,high,,22
w:1978-07-10:osipov,Сергій Осіпов,1978-07-10,pool,high,,22
w:1979-07-23:audrius,Аудрюс Вейкутіс,1979-07-23,pool,high,,22
w:1988-08-16:zavarov,Валерій Заваров,1988-08-16,pool,high,,22
w:1976-07-22:kretov,Анатолій Кретов,1976-07-22,pool,high,,22
w:1983-02-24:erik,Ерік Камдем,1983-02-24,pool,high,,22
w:1989-11-21:kiva,Андрій Ківа,1989-11-21,pool,high,,22
tm:45587,Рафаел Сантос,1984-11-10,wikidata,high,,22
tm:46340,Семір Штилич,1987-10-08,wikidata,high,,22
tm:36235,Петар Занев,1985-10-18,wikidata,high,,22
tm:58933,Євген Бохашвілі,1993-01-05,wikidata,high,,22
tm:197622,Фарлей Роза,1994-01-14,wikidata,high,,22
tm:204395,В'ячеслав Лухтанов,1995-02-12,wikidata,high,,22
tm:448854,Еммануель Денніс,1997-11-15,wikidata,high,,22
tm:343489,Бесір Демірі,1994-08-01,wikidata,high,,22
tm:331184,Ростислав Волошинович,1991-05-23,wikidata,high,,22
tm:552418,Сергій Кисленко,1998-06-30,wikidata,high,,22
tm:598629,Бруно Дуарте,1996-03-24,wikidata,high,,22
tm:654384,Вітор Пернамбуко,1998-04-28,wikidata,high,,22
tm:632674,Василь Пиняшко,1992-02-02,wikidata,high,,22
tm:623331,Богдан В'юнник,2002-05-21,wikidata,high,,22
tm:378972,Гай Хадіда,1995-07-23,wikidata,high,,22
tm:649030,Самба Діалло,2003-01-05,wikidata,high,,22
tm:583354,Владислав Сидоренко,1997-10-24,wikidata,high,,22
tm:765401,Назарій Воробчак,2000-03-22,wikidata,high,,22
tm:809569,Єгор Гунічев,2003-12-31,wikidata,high,,22
tm:522058,Василь Гакман,2000-05-16,wikidata,high,,22
tm:426008,Іван Когут,1998,wikidata,low,year only,22
tm:333020,Владислав Войцеховський,1993-04-19,wikidata,high,,22
tm:1159511,Денис Марченко,2007-02-05,wikidata,high,,22
tm:918615,Степан Григоращук,2001-01-09,wikidata,high,,22
tm:755164,Батон Заберджа,2001-04-18,wikidata,high,,22
tm:603384,Арсентій Дорошенко,2000-06-27,wikidata,high,,22
w:1973-01-31:lozovski,Андрій Лозовський,1973-01-31,pool,high,,21
w:1967-06-25:voronejski,Сергій Воронежський,1967-06-25,pool,high,,21
w:1962-03-18:hruslov,В'ячеслав Хруслов,1962-03-18,pool,high,,21
w:1965-02-15:pokidko,Ігор Покідько,1965-02-15,pool,high,,21
w:1972-06-30:reshetnik,Павло Решетник,1972-06-30,pool,high,,21
w:1969-11-01:djishkariani,Михайло Джишкаріані,1969-11-01,pool,high,,21
w:1969-01-23:nikiforov,Андрій Никифоров,1969-01-23,pool,high,,21
w:1974-06-01:dranitski,Сергій Драницький,1974-06-01,pool,high,,21
w:1971-01-08:dmitrev,Євген Дмитрієв,1971-01-08,pool,high,,21
w:1972-09-20:lomakin,Валерій Ломакін,1972-09-20,pool,high,,21
w:1966-08-05:huschin,Олександр Гущин,1966-08-05,pool,high,,21
w:1974-07-19:maksimich,Сергій Максимич,1974-07-19,pool,high,,21
w:1974-06-16:sonin,Євген Сонін,1974-06-16,pool,high,,21
w:1975-02-25:zbarah,Микола Збарах,1975-02-25,pool,high,,21
w:1978-09-03:starovik,Віталій Старовик,1978-09-03,pool,high,,21
w:1981-05-06:matvev,Андрій Матвеєв,1981-05-06,pool,high,,21
w:1975-04-21:averin,Сергій Аверін,1975-04-21,pool,high,,21
w:1980-04-06:petrunia,Максим Петруня,1980-04-06,pool,high,,21
w:1975-08-08:lopatkin,Артем Лопаткін,1975-08-08,pool,high,,21
w:1982-05-16:riabih,Андрій Рябих,1982-05-16,pool,high,,21
w:1972-06-02:pophadze,Зураб Попхадзе,1972-06-02,pool,high,,21
w:1975-10-10:avhustin,Августін Кіріце,1975-10-10,pool,high,,21
w:1972-09-05:dobrianski,Андрій Добрянський,1972-09-05,pool,high,,21
w:1978-08-05:berkeuan,Космін Беркеуан,1978-08-05,pool,high,,21
w:1984-02-22:krivoshev,Олексій Кривошеєв,1984-02-22,pool,high,,21
w:1986-03-09:ermak,Олег Єрмак,1986-03-09,pool,high,,21
tm:92649,Дмитро Зозуля,1988-06-09,wikidata,high,,21
w:1983-03-03:tarasenko,Євген Тарасенко,1983-03-03,pool,high,,21
tm:112364,В'ячеслав Рябов,1989-06-21,wikidata,high,,21
w:1986-05-17:lima,Северіно,1986-05-17,pool,high,,21
w:1990-10-10:fanendo,Фанендо Аді,1990-10-10,pool,high,,21
tm:87864,Ашраф Халфауї,1980-10-24,wikidata,high,,21
w:1989-08-03:ado,Даніель Аддо,1989-08-03,pool,high,,21
tm:13028,Ерік Матуку,1983-07-08,wikidata,high,,21
w:1982-00-00:shimanek,Войцех Шиманек,1982-00-00,pool,low,partial date in id,21
tm:91529,Ярослав Кінаш,1988-04-16,wikidata,high,,21
tm:95239,Павло Щедраков,1985-01-17,wikidata,high,,21
tm:263217,Руслан Кисіль,1991-10-23,wikidata,high,,21
tm:41362,Густав Свенссон,1987-02-07,wikidata,high,,21
tm:37414,Давід Каяду,1987-05-02,wikidata,high,,21
tm:255635,Євген Чумак,1995-08-25,wikidata,high,,21
tm:348839,Сергій Кулинич,1995-01-09,wikidata,high,,21
tm:121030,Ігор Семенина,1989-01-01,wikidata,high,,21
tm:213973,Дмитро Безрук,1996-03-30,wikidata,high,,21
tm:569743,Джойскім Дава,1996-04-09,wikidata,high,,21
tm:341486,Данило Сагуткін,1996-04-19,wikidata,high,,21
tm:537859,Андрій Кравчук,1999-02-26,wikidata,high,,21
tm:313504,Марвін Мартінс,1995-02-17,wikidata,high,,21
tm:241700,Ніка Січінава,1994-07-17,wikidata,high,,21
tm:404838,Владислав Кучерук,1999-02-14,wikidata,high,,21
tm:712857,Марк Мампассі,2003-03-12,wikidata,high,,21
tm:432094,Шеммі Маємбе,1997-11-22,wikidata,high,,21
tm:748838,Юрій Тлумак,2002-07-11,wikidata,high,,21
tm:285127,Домінго Бланко,1995-04-22,wikidata,high,,21
tm:952943,Яків Кінарейкін,2003-10-22,wikidata,high,,21
tm:675708,Гітіс Паулаускас,1999-09-27,wikidata,high,,21
tm:938681,Віталій Дубілей,2002-06-28,wikidata,high,,21
tm:1249850,Олександр Жовтенко,2005-02-17,transfermarkt,high,,21
tm:837974,Патрісіо Танда,2002-04-05,wikidata,high,,21
tm:880458,Жуан Віалле,2002-08-19,transfermarkt,high,,21
tm:645137,Томер Йосефі,1999-02-02,wikidata,high,,21
tm:1083070,Алісон,2005-09-21,wikidata,high,,21
tm:1052387,Мирослав Сердюк,1999-07-27,wikidata,high,,21
tm:618487,Хуссейн Туаті,2001-10-03,wikidata,high,,21
tm:581011,Микола Бужин,1999-03-19,wikidata,high,,21
tm:261550,Неманя Анджушич,1996-10-17,wikidata,high,,21
w:1962-03-22:zadorojniak,Василь Задорожняк,1962-03-22,pool,high,,20
w:1962-01-09:zolotnitski,Сергій Золотницький,1962-01-09,pool,high,,20
w:1970-07-01:pilipenko,Василь Пилипенко,1970-07-01,pool,high,,20
w:1956-10-20:hamali,Іван Гамалій,1956-10-20,pool,high,,20
w:1960-04-05:tarasov,Юрій Тарасов,1960-04-05,pool,high,,20
w:1968-10-29:borisenko,Анатолій Борисенко,1968-10-29,pool,high,,20
w:1972-08-28:holubka,Петро Голубка,1972-08-28,pool,high,,20
w:1963-08-22:spitsin,Олександр Спіцин,1963-08-22,pool,high,,20
w:1978-10-27:daraselia,Віталій Дараселія,1978-10-27,pool,high,,20
w:1975-04-06:alhali,Альхалі Соума,1975-04-06,pool,high,,20
w:1980-08-24:zapoiaska,В'ячеслав Запояска,1980-08-24,pool,high,,20
w:1979-07-07:stolitsia,Ілія Століца,1979-07-07,pool,high,,20
w:1982-09-11:dedich,Русмін Дедич,1982-09-11,pool,high,,20
w:1982-09-04:bairamov,Назар Байрамов,1982-09-04,pool,high,,20
w:1985-03-12:tovt,Андрій Товт,1985-03-12,pool,high,,20
w:1978-02-24:chetiani,Кахабер Чхетіані,1978-02-24,pool,high,,20
w:1985-05-30:shevchenko,В'ячеслав Шевченко,1985-05-30,pool,high,,20
w:1980-10-06:nudni,Сергій Нудний,1980-10-06,pool,high,,20
w:1989-03-24:fartushniak,Андрій Фартушняк,1989-03-24,pool,high,,20
tm:42550,Мате Гвініанідзе,1986-12-10,wikidata,high,,20
w:1987-09-15:frank,Франк Маду,1987-09-15,pool,high,,20
tm:37301,Велі Лампі,1984-07-18,wikidata,high,,20
tm:69581,Костянтин Махновський,1989-01-01,wikidata,high,,20
tm:58972,Денис Шеліхов,1989-06-23,wikidata,high,,20
tm:28922,Тайє Тайво,1985-04-16,wikidata,high,,20
tm:30732,Леван Кенія,1990-10-18,wikidata,high,,20
tm:288856,Олександр Мігунов,1994-04-13,wikidata,high,,20
tm:91448,Кирило Дорошенко,1989-11-17,wikidata,high,,20
tm:244165,Микита Корзун,1995-03-06,wikidata,high,,20
tm:383623,Ілля Корнєв,1996-11-01,wikidata,high,,20
tm:383211,Ярослав Деда,1999-05-28,wikidata,high,,20
tm:448870,Юрій Тетеренко,1997-01-22,wikidata,high,,20
tm:45826,Йосип Піварич,1989-01-30,wikidata,high,,20
tm:381268,Гліб Бухал,1995-11-12,wikidata,high,,20
tm:442942,Мохаммед Кадірі,1996-03-07,wikidata,high,,20
tm:659886,Білл,1999-05-07,wikidata,high,,20
tm:515669,Михайло Плохотнюк,1999-03-12,wikidata,high,,20
tm:186769,Андрій Попович,1992-03-04,wikidata,high,,20
tm:550696,Ібрагім Каргбо,2000-01-03,wikidata,high,,20
tm:775832,Дмитро Мацапура,2000-03-10,wikidata,high,,20
tm:357917,Джастін Лонвейк,1999-12-21,wikidata,high,,20
tm:796574,Стеніо,2003-04-05,wikidata,high,,20
tm:648076,Джованні Болівар,2001-12-16,wikidata,high,,20
tm:935053,Микола Огарков,2005-02-18,wikidata,high,,20
tm:870177,Владислав Мороз,2001-10-04,transfermarkt,high,,20
tm:815673,Фернандо Енріке,2001-06-01,wikidata,high,,20
tm:321947,Андрій Савенков,1996-12-12,wikidata,high,,20
tm:1220143,Лука Мейреллес,2007-03-15,wikidata,high,,20
tm:603126,Андрія Янич,2000-03-20,wikidata,high,,20
w:1969-08-18:zaets,Сергій Заєць,1969-08-18,pool,high,,19
tm:999526,Микола Каліщук,1967-11-26,transfermarkt,high,,19
w:1971-01-13:pindev,Олександр Піндєєв,1971-01-13,pool,high,,19
w:1966-02-13:sorokin,Вадим Сорокін,1966-02-13,pool,high,,19
w:1971-04-25:blajaev,Павло Блажаєв,1971-04-25,pool,high,,19
w:1968-06-09:kilasonia,Георгій Кіласонія,1968-06-09,pool,high,,19
w:1976-07-10:nazimov,Олексій Назімов,1976-07-10,pool,high,,19
w:1975-05-30:bahirov,Едуард Багіров,1975-05-30,pool,high,,19
w:1976-12-13:stratulat,Георгій Стратулат,1976-12-13,pool,high,,19
w:1981-02-09:batrachenko,Олександр Батраченко,1981-02-09,pool,high,,19
w:1980-08-16:stejkovi,Василь Стежковий,1980-08-16,pool,high,,19
w:1977-05-11:kovalevski,Войцех Ковалевський,1977-05-11,pool,high,,19
w:1982-05-23:hromih,Антон Хромих,1982-05-23,pool,high,,19
w:1973-04-17:kabelski,Сергій Кабельський,1973-04-17,pool,high,,19
w:1979-11-15:antonio,Евертон,1979-11-15,pool,high,,19
w:1981-08-19:esteban,Карлос Фронтіні,1981-08-19,pool,high,,19
w:1980-03-27:djinovich,Ігор Джінович,1980-03-27,pool,high,,19
w:1980-11-15:zaichuk,Владислав Зайчук,1980-11-15,pool,high,,19
w:1976-05-16:hroshev,Юрій Грошев,1976-05-16,pool,high,,19
w:1981-02-28:abdulae,Абдулає Джіре,1981-02-28,pool,high,,19
w:1985-07-29:artiuh,Сергій Артюх,1985-07-29,pool,high,,19
tm:166584,Микита Полюлях,1993-03-15,wikidata,high,,19
tm:77490,Ігор Худобяк,1987-04-05,wikidata,high,,19
w:1984-00-00:andres,Себастьян Сетті,1984-00-00,pool,low,partial date in id,19
tm:106928,Сергій Ситало,1986-12-20,wikidata,high,,19
tm:55737,Артур Єдигарян,1987-06-26,wikidata,high,,19
tm:73094,Едуардо Нето,1988-10-24,wikidata,high,,19
tm:33315,Дієго Соуза,1985-06-17,wikidata,high,,19
tm:123214,Володимир Коваль,1992-03-06,wikidata,high,,19
tm:354717,Євген Мурашов,1995-05-09,wikidata,high,,19
tm:54031,Андерсон Піко,1988-11-04,wikidata,high,,19
tm:476770,Михайло Месхі,1997-02-26,wikidata,high,,19
tm:272774,Леонід Акулінін,1993-03-07,wikidata,high,,19
tm:130040,Олександр Голіков,1991-11-13,wikidata,high,,19
tm:330060,Сідклей,1993-05-13,wikidata,high,,19
tm:343175,Ахмед Алібеков,1998-05-29,wikidata,high,,19
tm:211117,Жонатан Ліма,1992-01-04,wikidata,high,,19
tm:114398,Максим Максименко,1990-05-28,wikidata,high,,19
tm:202659,Андрейс Циганікс,1997-04-12,wikidata,high,,19
tm:428783,Вітао,2000-02-02,wikidata,high,,19
tm:675878,Крістіан,1999-12-13,wikidata,high,,19
tm:808113,Максим Багачанський,2002-06-05,wikidata,high,,19
tm:935046,Роман Савченко,2004-02-17,wikidata,high,,19
tm:569056,Жан-Морель Пое,1996-12-15,wikidata,high,,19
tm:634023,Луїфер Ернандес,2001-04-28,wikidata,high,,19
tm:1179284,Володимир Мулик,2006-01-04,wikidata,high,,19
tm:662418,Сідней,2000-03-15,wikidata,high,,19
tm:577844,Олег Соколов,1999-07-12,wikidata,high,,19
tm:730874,Андрій Ліповуз,,,,,19
tm:702664,Анте Бекавац,2002-01-29,transfermarkt,high,,19
tm:917287,Вадим Підлепич,1999-04-22,transfermarkt,high,,19
w:1969-10-07:bohodelov,В'ячеслав Богодєлов,1969-10-07,pool,high,,18
w:1968-10-29:hachatrian,Вардан Хачатрян,1968-10-29,pool,high,,18
w:1970-02-07:herasimets,Володимир Герасимець,1970-02-07,pool,high,,18
w:1974-06-18:ustimenko,Максим Устименко,1974-06-18,pool,high,,18
w:1975-10-05:shahov,Альберт Шахов,1975-10-05,pool,high,,18
w:1974-10-23:kotik,Олександр Котік,1974-10-23,pool,high,,18
w:1972-04-24:karetnik,Володимир Каретник,1972-04-24,pool,high,,18
w:1969-07-12:matvichenko,Павло Матвійченко,1969-07-12,pool,high,,18
w:1978-05-27:ian,Ян Золна,1978-05-27,pool,high,,18
w:1981-01-07:dodich,Маріо Додич,1981-01-07,pool,high,,18
w:1981-03-28:ribich,Владимир Рібич,1981-03-28,pool,high,,18
w:1979-01-30:evmenev,Роман Євменьєв,1979-01-30,pool,high,,18
w:1982-05-07:mihailov,Андрій Михайлов,1982-05-07,pool,high,,18
w:1984-04-09:cherni,Сергій Черній,1984-04-09,pool,high,,18
w:1974-11-23:ihors,Ігорс Корабльовс,1974-11-23,pool,high,,18
w:1976-10-30:bulut,Ерол Булут,1976-10-30,pool,high,,18
w:1982-02-26:fabio,Фабіо,1982-02-26,pool,high,,18
w:1987-06-14:baha,Жюль Бага,1987-06-14,pool,high,,18
w:1984-03-29:chavdar,Чавдар Янков,1984-03-29,pool,high,,18
w:1990-02-08:shevchuk,Антон Шевчук,1990-02-08,pool,high,,18
w:1984-00-00:markos,Маркос Піццеллі,1984-00-00,pool,low,partial date in id,18
w:1984-00-00:cherednichenko,Ігор Чередниченко,1984-00-00,pool,low,partial date in id,18
tm:113235,Георгій Зотов,1990-01-12,wikidata,high,,18
tm:297008,Ігор Кошман,1995-03-07,wikidata,high,,18
tm:98536,Адіс Яхович,1987-03-18,wikidata,high,,18
tm:193270,Валерій Лебедь,1989-01-05,wikidata,high,,18
tm:59636,Бой Деул,1987-08-30,wikidata,high,,18
tm:192897,Аді Мехремич,1992-04-26,wikidata,high,,18
tm:379977,Андрій Семенко,1993-07-17,wikidata,high,,18
tm:461582,Іссіар Драме,1999-02-16,wikidata,high,,18
tm:460644,Маруан Міхубі,1999-07-26,wikidata,high,,18
tm:730126,Микола Кухаревич,2001-07-01,wikidata,high,,18
w:1990-00-00:taras,Тарас Завійський,1990-00-00,pool,low,partial date in id,18
tm:717198,Данило Удод,2004-03-09,wikidata,high,,18
tm:717390,Антон Царенко,2004-06-17,wikidata,high,,18
tm:341424,Невен Джурасек,1998-08-15,wikidata,high,,18
tm:295178,Ардіт Толі,1997-07-12,wikidata,high,,18
tm:809899,Лука Лацабідзе,2004-03-18,wikidata,high,,18
tm:1091519,Кайо Гомес,2002-07-06,wikidata,high,,18
tm:925401,Роман Саленко,2005-05-18,wikidata,high,,18
tm:955213,Андрій Маткевич,2005-01-11,wikidata,high,,18
tm:800015,Влад Рейляну,2003-01-09,wikidata,high,,18
tm:383758,Владислав Даниленко,,,,,18
tm:923512,Сергій Стень,2002-02-26,transfermarkt,high,,18
w:1969-01-21:bezsmertni,Анатолій Безсмертний,1969-01-21,pool,high,,17
w:1966-01-02:korzanov,Олександр Корзанов,1966-01-02,pool,high,,17
w:1970-02-01:sidorkin,В'ячеслав Сидоркін,1970-02-01,pool,high,,17
w:1973-05-26:rahaev,Ігор Рахаєв,1973-05-26,pool,high,,17
w:1971-02-04:huralik,Володимир Гуралик,1971-02-04,pool,high,,17
w:1972-04-29:nemodruk,Євген Немодрук,1972-04-29,pool,high,,17
w:1973-01-05:ashurbekov,Ерік Ашурбеков,1973-01-05,pool,high,,17
w:1973-09-09:savchenko,Володимир Савченко,1973-09-09,pool,high,,17
w:1974-01-10:romanenko,Олександр Романенко,1974-01-10,pool,high,,17
w:1971-07-05:kabachenko,Олександр Кабаченко,1971-07-05,pool,high,,17
w:1973-02-02:babichuk,Сергій Бабійчук,1973-02-02,pool,high,,17
w:1969-05-22:kazmin,Олег Казьмін,1969-05-22,pool,high,,17
w:1964-04-01:hredil,Степан Греділь,1964-04-01,pool,high,,17
w:1978-08-01:nesteruk,Андрій Нестерук,1978-08-01,pool,high,,17
w:1971-03-21:stashko,Сергій Сташко,1971-03-21,pool,high,,17
w:1976-05-16:levchenko,Олексій Левченко,1976-05-16,pool,high,,17
w:1975-02-28:maliuta,Василь Малюта,1975-02-28,pool,high,,17
w:1968-09-18:donchev,Велін Кефалов,1968-09-18,pool,high,,17
w:1975-02-05:kondakov,Юрій Кондаков,1975-02-05,pool,high,,17
w:1967-04-17:tsisar,Олександр Цисар,1967-04-17,pool,high,,17
w:1970-05-13:junenko,Сергій Жуненко,1970-05-13,pool,high,,17
w:1980-09-20:pisni,Андрій Пісний,1980-09-20,pool,high,,17
w:1976-02-23:sokorenko,Олександр Сокоренко,1976-02-23,pool,high,,17
w:1981-04-14:litinski,Тарас Літинський,1981-04-14,pool,high,,17
w:1978-08-20:smishko,Богдан Смішко,1978-08-20,pool,high,,17
w:1976-09-02:bernar,Бернар Чутанг,1976-09-02,pool,high,,17
w:1977-03-22:nesterenko,Роман Нестеренко,1977-03-22,pool,high,,17
w:1979-06-14:esinhila,Мозес Молонго,1979-06-14,pool,high,,17
w:1976-05-08:konstantin,Константін Шумахер,1976-05-08,pool,high,,17
w:1985-03-13:alsides,Алсідес,1985-03-13,pool,high,,17
w:1984-07-31:durai,Тарас Дурай,1984-07-31,pool,high,,17
w:1989-10-03:habedava,Гіоргі Габедава,1989-10-03,pool,high,,17
w:1988-08-06:karaush,Васіле Карауш,1988-08-06,pool,high,,17
tm:58977,Сергій Вовкодав,1988-07-02,wikidata,high,,17
tm:90255,Франтішек Кубік,1989-03-14,wikidata,high,,17
tm:15463,Жорді Лопес,1981-02-28,wikidata,high,,17
tm:93976,Станіслав Печенкін,1988-03-02,wikidata,high,,17
tm:64215,Крістіан Орош,1984-10-15,wikidata,high,,17
tm:355130,Михайло Ряшко,1996-11-05,wikidata,high,,17
tm:328733,Артур Данієлян,1998-02-09,wikidata,high,,17
tm:89010,Сілвано Комваліус,1987-08-10,wikidata,high,,17
tm:448869,Андрій Ляшенко,1998-06-11,wikidata,high,,17
tm:476072,Арно Гедж,1997-07-19,wikidata,high,,17
tm:366450,Юрі Кастільйо,1995-09-06,wikidata,high,,17
tm:427100,Матар Дієй,1998-01-10,wikidata,high,,17
tm:605326,Педро Вітор,1998-03-20,wikidata,high,,17
tm:345401,Ніколас Карека,1997-05-18,wikidata,high,,17
tm:299973,Тім Холл,1997-04-15,wikidata,high,,17
tm:248454,Нікола Василь,1995-12-02,wikidata,high,,17
tm:882224,Ілля Ухань,2003-06-01,wikidata,high,,17
tm:428746,Ерік Рамірес,1998-11-20,wikidata,high,,17
w:1994-00-00:nika,Ніка Сітчінава,1994-00-00,pool,low,partial date in id,17
w:1997-00-00:klaudio,Клаудіо Спінеллі,1997-00-00,pool,low,partial date in id,17
tm:661776,Богдан Порох,2000-08-05,wikidata,high,,17
tm:572163,Даніїл Єрмолов,2000-12-03,wikidata,high,,17
tm:913387,Данило Колесник,2001-09-22,transfermarkt,high,,17
tm:1187437,Тарас Лях,2005-03-09,transfermarkt,high,,17
tm:986412,Радіон Лісняк,2002-01-15,wikidata,high,,17
tm:657796,Алаа Грам,2001-07-24,wikidata,high,,17
tm:807784,Жослен Беїратче,2000-05-08,wikidata,high,,17
tm:1061629,Максим Бойко,2005-03-27,transfermarkt,high,,17
w:1966-02-18:marev,Андрій Марєєв,1966-02-18,pool,high,,16
w:1970-08-13:tupchenko,Костянтин Тупчиєнко,1970-08-13,pool,high,,16
w:1970-01-01:hlan,Володимир Хлань,1970-01-01,pool,high,,16
w:1972-05-11:haiduk,Олександр Гайдук,1972-05-11,pool,high,,16
w:1971-10-13:shemetev,Олександр Шеметєв,1971-10-13,pool,high,,16
w:1970-04-08:fihun,Іван Фігун,1970-04-08,pool,high,,16
w:1969-07-08:steblovski,Андрій Стебловський,1969-07-08,pool,high,,16
w:1968-04-09:lipinski,Микола Липинський,1968-04-09,pool,high,,16
w:1973-07-17:sali,Володимир Салій,1973-07-17,pool,high,,16
w:1976-04-04:domushkin,Сергій Дьомушкін,1976-04-04,pool,high,,16
w:1965-01-29:chernishov,Сергій Чернишов,1965-01-29,pool,high,,16
w:1971-08-22:suvorov,В'ячеслав Суворов,1971-08-22,pool,high,,16
w:1967-08-13:kilasonia,Варлам Кіласонія,1967-08-13,pool,high,,16
w:1969-05-26:buthanov,Борис Бутханов,1969-05-26,pool,high,,16
w:1972-04-06:lukash,Олег Лукаш,1972-04-06,pool,high,,16
w:1980-04-08:hanitski,Даніїл Ганицький,1980-04-08,pool,high,,16
w:1976-11-08:hrenko,Юрій Хрієнко,1976-11-08,pool,high,,16
w:1981-01-18:aleksandar,Александар Брджанін,1981-01-18,pool,high,,16
w:1979-01-13:kerimov,Расім Керімов,1979-01-13,pool,high,,16
w:1984-08-02:kovalevski,Антон Ковалевський,1984-08-02,pool,high,,16
w:1980-10-27:linov,Євген Ліньов,1980-10-27,pool,high,,16
w:1973-09-25:chanturia,Грігол Чантурія,1973-09-25,pool,high,,16
w:1982-07-22:lolo,Ігор Лоло,1982-07-22,pool,high,,16
tm:91366,Олександр Акименко,1985-09-05,wikidata,high,,16
w:1977-02-07:paulo,Пауло Сезар,1977-02-07,pool,high,,16
tm:59985,Євген Сантрапинських,1987-10-21,wikidata,high,,16
w:1989-09-24:zaharevich,Ярослав Захаревич,1989-09-24,pool,high,,16
w:1984-03-15:melkonian,Самвел Мелконян,1984-03-15,pool,high,,16
w:1983-02-22:darius,Даріус Міцейка,1983-02-22,pool,high,,16
w:1990-08-24:berezovski,Ігор Березовський,1990-08-24,pool,high,,16
tm:75631,Мілош Йокич,1987-06-07,wikidata,high,,16
tm:48508,Махач Гаджиєв,1987-10-18,wikidata,high,,16
tm:265930,Максим Приходной,1992-10-27,wikidata,high,,16
tm:37430,Даррен О'Ді,1987-02-04,wikidata,high,,16
tm:285040,Дмитро Ярчук,1994-03-23,wikidata,high,,16
tm:210109,Алессандро,1989-09-11,wikidata,high,,16
tm:569805,Маркіньйос Сіпріано,1999-02-09,wikidata,high,,16
tm:400719,Темур Чогадзе,1998-05-05,wikidata,high,,16
tm:717411,Єгор Ярмолюк,2004-03-01,wikidata,high,,16
tm:771911,Ілля Гаджук,2002-08-02,wikidata,high,,16
w:2000-00-00:maikl,Майкл Стефен,2000-00-00,pool,low,partial date in id,16
w:1989-00-00:denis,Денис Костишин,1989-00-00,pool,low,partial date in id,16
tm:592336,Макс Валеф,1993-10-23,wikidata,high,,16
tm:964036,Олег Криворучко,2004-11-10,wikidata,high,,16
tm:771909,Алекс Чідомере,2002-08-12,wikidata,high,,16
tm:620892,Арад Бар,2000-01-29,wikidata,high,,16
tm:1290268,Олександр Пшеничнюк,2006-05-01,wikidata,high,,16
tm:1263365,Єгор Поправка,2004-02-12,wikidata,high,,16
tm:702562,Ернест Астахов,1998-08-21,wikidata,high,,16
tm:1083960,Кауа Пайшао,2004-05-27,wikidata,high,,16
tm:955349,Олексій Гусєв,2005-03-16,wikidata,high,,16
tm:812726,Андрій Беженар,1991-11-16,wikidata,high,,16
tm:1219849,Лукас Феррейра,2006-04-28,wikidata,high,,16
tm:574774,Веслі Помба,2002-06-02,wikidata,high,,16
w:1969-01-04:marchak,Мирослав Марчак,1969-01-04,pool,high,,15
w:1964-05-16:moisev,Ігор Моісеєв,1964-05-16,pool,high,,15
w:1967-04-12:kozak,Ярослав Козак,1967-04-12,pool,high,,15
w:1970-09-03:shvirkov,Борис Швирков,1970-09-03,pool,high,,15
w:1962-11-24:avdenko,Юрій Авдеєнко,1962-11-24,pool,high,,15
w:1966-05-15:lutkov,Олег Лутков,1966-05-15,pool,high,,15
w:1976-02-23:kuznetsov,Олексій Кузнецов,1976-02-23,pool,high,,15
w:1970-12-13:visokos,Валерій Високос,1970-12-13,pool,high,,15
w:1972-05-04:husak,Богдан Гусак,1972-05-04,pool,high,,15
w:1971-02-07:zavaliak,Ігор Заваляк,1971-02-07,pool,high,,15
w:1972-01-14:bilousov,Андрій Білоусов,1972-01-14,pool,high,,15
w:1975-04-16:kondratiuk,Віталій Кондратюк,1975-04-16,pool,high,,15
w:1971-12-01:stroenko,Андрій Строєнко,1971-12-01,pool,high,,15
w:1973-06-06:porohnenko,Андрій Порохненко,1973-06-06,pool,high,,15
w:1971-11-04:dail,Ібрям Даїл,1971-11-04,pool,high,,15
w:1971-07-26:dobrovolski,Дмитро Добровольський,1971-07-26,pool,high,,15
w:1974-12-07:aleksev,Володимир Алексєєв,1974-12-07,pool,high,,15
w:1977-08-10:krisanov,Дмитро Крісанов,1977-08-10,pool,high,,15
w:1982-05-04:suhina,Євген Сухина,1982-05-04,pool,high,,15
w:1983-10-18:ermolenko,Руслан Єрмоленко,1983-10-18,pool,high,,15
w:1976-06-27:pavlovich,Зоран Павлович,1976-06-27,pool,high,,15
w:1984-04-24:chuprina,Євгеній Чуприна,1984-04-24,pool,high,,15
w:1977-04-10:savelev,Олексій Савельєв,1977-04-10,pool,high,,15
w:1980-09-09:hrishin,Віталій Гришин,1980-09-09,pool,high,,15
w:1982-07-06:mihashko,Максим Мігашко,1982-07-06,pool,high,,15
w:1977-01-17:seihan,Толга Сейхан,1977-01-17,pool,high,,15
w:1986-03-19:aparesido,Леонардо,1986-03-19,pool,high,,15
w:1981-02-15:djordjevich,Славолюб Джорджевич,1981-02-15,pool,high,,15
w:1981-02-22:aurimas,Аурімас Кучис,1981-02-22,pool,high,,15
w:1984-06-13:alberto,Нері Кастільо,1984-06-13,pool,high,,15
w:1986-05-30:juk,Володимир Жук,1986-05-30,pool,high,,15
tm:123366,Роман Годований,1990-10-04,wikidata,high,,15
w:1982-12-12:asipenka,Дмитро Осипенко,1982-12-12,pool,high,,15
tm:121218,Євген Єлісеєв,1989-03-06,wikidata,high,,15
tm:179624,Абайомі Сеун,1992-09-13,wikidata,high,,15
tm:167093,Александар Пантич,1992-04-11,wikidata,high,,15
tm:170555,Орельєн Нгейтала,1994-05-29,wikidata,high,,15
tm:164292,Фран Соль,1992-03-13,wikidata,high,,15
tm:118283,Крістіан Ербес,1990-01-06,wikidata,high,,15
tm:497190,Бетім Халімі,1996-02-28,wikidata,high,,15
tm:401987,Сіака Багайоко,1998-07-24,wikidata,high,,15
w:1992-00-00:batiushin,Юрій Батюшин,1992-00-00,pool,low,partial date in id,15
w:1996-00-00:fabino,Фабінью,1996-00-00,pool,low,partial date in id,15
tm:393975,Ілля Зубков,1998-04-21,wikidata,high,,15
w:1989-00-00:oleh,Олег Синегуб,1989-00-00,pool,low,partial date in id,15
tm:389942,Хайнер,1995-10-02,wikidata,high,,15
tm:669312,Євген Рязанцев,2002-01-28,wikidata,high,,15
tm:1035982,Дмитро Черниш,2004-08-10,wikidata,high,,15
tm:717391,Максим Мельниченко,2005-02-12,wikidata,high,,15
tm:734799,Прінс Аду,2003-09-23,wikidata,high,,15
tm:899884,Олександр Чернов,2002-07-13,wikidata,high,,15
tm:1173335,Даниїл Чечер,2004-11-17,wikidata,high,,15
tm:936859,Мозес Джарджу,2003-10-05,wikidata,high,,15
tm:743627,Джевісон Беннетт,2004-06-15,wikidata,high,,15
tm:998742,Шола Огундана,2005-02-22,wikidata,high,,15
tm:1095335,Жоннатан Сілва,2005-02-22,wikidata,high,,15
tm:1082597,Фабрісіо Ян,2004-02-10,transfermarkt,high,,15
tm:1253920,Гільєрме Баїя,2006-04-29,transfermarkt,high,,15
w:1969-06-17:tsimbalar,Ілля Цимбалар,1969-06-17,pool,high,,14
w:1959-02-19:demianenko,Анатолій Дем'яненко,1959-02-19,pool,high,,14
w:1969-11-27:bordiuh,Володимир Бордюг,1969-11-27,pool,high,,14
w:1958-07-03:mashnin,Валерій Машнін,1958-07-03,pool,high,,14
w:1960-03-05:hurinovich,Ігор Гуринович,1960-03-05,pool,high,,14
w:1964-07-30:rodnonok,Павло Родньонок,1964-07-30,pool,high,,14
w:1966-06-02:mehov,Олег Мєхов,1966-06-02,pool,high,,14
w:1969-08-04:kozub,Ігор Козуб,1969-08-04,pool,high,,14
w:1970-06-02:chorni,Сергій Чорний,1970-06-02,pool,high,,14
w:1975-10-16:kitsak,Віталій Кіцак,1975-10-16,pool,high,,14
w:1975-03-31:kuznetsov,Віктор Кузнецов,1975-03-31,pool,high,,14
w:1960-09-15:cherednik,Олексій Чередник,1960-09-15,pool,high,,14
w:1973-04-04:petrunia,Сергій Петруня,1973-04-04,pool,high,,14
w:1960-01-29:iakubovski,Ігор Якубовський,1960-01-29,pool,high,,14
w:1970-09-07:cholokava,Володимир Чолокава,1970-09-07,pool,high,,14
w:1973-07-21:emerson,Емерсон,1973-07-21,pool,high,,14
w:1970-05-13:polischuk,Костянтин Поліщук,1970-05-13,pool,high,,14
w:1961-11-02:hrishko,Віктор Гришко,1961-11-02,pool,high,,14
w:1972-08-24:baziliak,Олександр Базиляк,1972-08-24,pool,high,,14
w:1978-04-01:lisovi,Валерій Лісовий,1978-04-01,pool,high,,14
w:1980-01-20:pravkin,Сергій Правкін,1980-01-20,pool,high,,14
w:1983-01-11:ivanski,Любомир Іванський,1983-01-11,pool,high,,14
w:1970-10-14:pavlish,Тарас Павліш,1970-10-14,pool,high,,14
w:1971-02-09:tsvik,Андрій Цвік,1971-02-09,pool,high,,14
w:1979-07-03:uchechukvu,Учечукву Увакве,1979-07-03,pool,high,,14
w:1978-10-30:ovsenko,Володимир Овсієнко,1978-10-30,pool,high,,14
w:1980-07-22:dushan,Душан Сімич,1980-07-22,pool,high,,14
w:1980-07-06:shvidakov,Микола Швидаков,1980-07-06,pool,high,,14
w:1973-03-27:deripapa,Олексій Дерипапа,1973-03-27,pool,high,,14
w:1977-12-22:lalatovich,Ненад Лалатович,1977-12-22,pool,high,,14
w:1983-05-30:hromtsov,Олег Хромцов,1983-05-30,pool,high,,14
w:1979-03-10:ramazanov,Мурад Рамазанов,1979-03-10,pool,high,,14
w:1977-11-16:andre,Андре Луїс,1977-11-16,pool,high,,14
w:1985-01-01:hololobov,Дмитро Гололобов,1985-01-01,pool,high,,14
w:1979-06-26:dariush,Марцін Новак,1979-06-26,pool,high,,14
w:1982-06-22:milenkovich,Владимир Міленкович,1982-06-22,pool,high,,14
w:1982-05-05:perich,Іван Перич,1982-05-05,pool,high,,14
w:1979-05-30:kutsenko,Андрій Куценко,1979-05-30,pool,high,,14
w:1975-08-25:erve,Ерве Лембі-Нзело,1975-08-25,pool,high,,14
w:1984-06-07:kikot,Андрій Кікоть,1984-06-07,pool,high,,14
w:1989-07-15:bohomazov,Андрій Богомазов,1989-07-15,pool,high,,14
w:1981-01-09:biahanski,Павло Беганський,1981-01-09,pool,high,,14
w:1987-01-19:artomenko,Олександр Артьоменко,1987-01-19,pool,high,,14
tm:77853,Роман Локтіонов,1986-10-18,wikidata,high,,14
tm:120996,Володимир Гудима,1990-07-20,wikidata,high,,14
tm:130907,Євген Зарічнюк,1989-02-03,wikidata,high,,14
tm:164247,Степан Гірський,1991-01-08,wikidata,high,,14
w:1984-03-28:kultishev,Артем Култишев,1984-03-28,pool,high,,14
w:1990-05-27:tsakich,Михайло Цакич,1990-05-27,pool,high,,14
tm:95407,Максим Ілюк,1990-11-10,wikidata,high,,14
tm:1716,Давід Одонкор,1984-02-21,wikidata,high,,14
tm:101670,Марселіньйо,1990-03-28,wikidata,high,,14
tm:203851,Євген Трояновський,1993-07-02,wikidata,high,,14
tm:213287,Александру Дандя,1988-01-23,wikidata,high,,14
tm:213271,Лео,1989-11-29,wikidata,high,,14
tm:280064,Олександр Аксьонов,1994-01-07,wikidata,high,,14
tm:183943,Габріел Араужо,1992-01-29,wikidata,high,,14
tm:192347,Джон Хайро Руїс,1994-01-10,wikidata,high,,14
tm:58922,Різван Аблітаров,1989-04-18,wikidata,high,,14
tm:320265,Міккель Дуелунд,1997-06-29,wikidata,high,,14
tm:358734,Александру Бойчук,1997-08-21,wikidata,high,,14
tm:259869,Владислав Нехтій,1991-12-19,wikidata,high,,14
tm:229320,Даніель Романовський,1996-06-19,wikidata,high,,14
tm:339323,Хеннос Асмелаш,1999-07-01,wikidata,high,,14
tm:388313,Терсіус Малепе,1997-02-18,wikidata,high,,14
tm:460591,Агрон Руфаті,1999-04-06,wikidata,high,,14
w:1996-00-00:beka,Бека Вачиберадзе,1996-00-00,pool,low,partial date in id,14
w:1995-00-00:kojokaru,Валентин Кожокару,1995-00-00,pool,low,partial date in id,14
w:1993-00-00:hehedosh,Роберт Гегедош,1993-00-00,pool,low,partial date in id,14
w:1993-00-00:dmitri,Дмитро Мацапура,1993-00-00,pool,low,partial date in id,14
tm:495922,Максим Войтиховський,1999-01-07,wikidata,high,,14
tm:205849,Джоко Зайков,1995-02-10,wikidata,high,,14
tm:570537,Вадим Червак,1999-05-27,wikidata,high,,14
tm:1065123,Віталій Катрич,2005-02-17,wikidata,high,,14
tm:470495,Осама Халайла,1998-04-06,wikidata,high,,14
tm:1027018,Матеус Амарал,2004-08-12,wikidata,high,,14
tm:572271,Шебер Алькайн,1997-06-26,wikidata,high,,14
tm:1160405,Віктор Долгий,2004-01-02,wikidata,high,,14
w:1970-01-25:liubinetski,Сергій Любинецький,1970-01-25,pool,high,,13
w:1967-10-03:laktionov,Сергій Лактіонов,1967-10-03,pool,high,,13
w:1960-01-07:shoh,Антон Шох,1960-01-07,pool,high,,13
w:1966-07-02:buts,Петро Буц,1966-07-02,pool,high,,13
w:1969-01-15:horiachilov,Євген Горячилов,1969-01-15,pool,high,,13
w:1970-03-08:zadvorni,Ігор Задворний,1970-03-08,pool,high,,13
w:1977-03-28:fenin,Юрій Фенін,1977-03-28,pool,high,,13
w:1968-01-19:snihirov,Олексій Снігірьов,1968-01-19,pool,high,,13
w:1968-08-15:serchenko,Валерій Серченко,1968-08-15,pool,high,,13
w:1976-03-21:demenko,Максим Деменко,1976-03-21,pool,high,,13
tm:774009,Віталій Циганков,1973-08-13,wikidata,high,,13
w:1975-12-13:anosov,Микола Аносов,1975-12-13,pool,high,,13
w:1973-02-05:chunihin,Аркадій Чуніхін,1973-02-05,pool,high,,13
w:1970-04-03:nemeshkalo,Владислав Немешкало,1970-04-03,pool,high,,13
w:1968-11-02:holovati,Володимир Головатий,1968-11-02,pool,high,,13
w:1971-01-21:bojenko,Вадим Боженко,1971-01-21,pool,high,,13
w:1975-09-25:boharada,Дмитро Богарада,1975-09-25,pool,high,,13
w:1972-10-27:iaremko,Володимир Яремко,1972-10-27,pool,high,,13
w:1973-03-30:putria,Герман Путря,1973-03-30,pool,high,,13
w:1971-07-02:karmeliuk,Юрій Кармелюк,1971-07-02,pool,high,,13
w:1962-05-15:popovich,Віктор Попович,1962-05-15,pool,high,,13
w:1970-11-29:zinchenko,Володимир Зінченко,1970-11-29,pool,high,,13
w:1980-10-08:chaidjoke,Даніель Нджоку,1980-10-08,pool,high,,13
w:1973-08-10:shashkevich,Сергій Шашкевич,1973-08-10,pool,high,,13
w:1968-01-18:moroz,Віктор Мороз,1968-01-18,pool,high,,13
w:1977-06-10:bezdolni,Ігор Бездольний,1977-06-10,pool,high,,13
w:1975-04-18:kriulin,Станіслав Кріулін,1975-04-18,pool,high,,13
w:1972-01-05:krohan,Вадим Крохан,1972-01-05,pool,high,,13
w:1967-01-03:bahmetev,Ігор Бахметьєв,1967-01-03,pool,high,,13
w:1971-04-05:sarkisov,Едуард Саркісов,1971-04-05,pool,high,,13
w:1972-08-21:mamedov,Раміз Мамедов,1972-08-21,pool,high,,13
w:1973-04-17:shukatka,Віталій Шукатка,1973-04-17,pool,high,,13
w:1973-09-25:atso,Ацо Васілєвич,1973-09-25,pool,high,,13
w:1979-01-11:popov,Василь Попов,1979-01-11,pool,high,,13
w:1972-10-11:savu,Маріан Саву,1972-10-11,pool,high,,13
w:1979-08-07:homutov,Денис Хомутов,1979-08-07,pool,high,,13
w:1969-10-05:opria,Ігор Опря,1969-10-05,pool,high,,13
w:1972-02-01:beliakov,Олег Беляков,1972-02-01,pool,high,,13
w:1979-08-04:djahanhir,Джахангір Гасанзаде,1979-08-04,pool,high,,13
w:1970-09-14:hela,Гела Шекіладзе,1970-09-14,pool,high,,13
w:1978-12-29:antonenko,Олександр Антоненко,1978-12-29,pool,high,,13
w:1983-12-15:kapanisti,Роман Капаністий,1983-12-15,pool,high,,13
w:1980-01-30:hlushok,Олег Глушок,1980-01-30,pool,high,,13
w:1979-03-01:hbenha,Гбенга Окуново,1979-03-01,pool,high,,13
w:1988-03-31:hrihorik,Андрій Григорик,1988-03-31,pool,high,,13
w:1986-02-10:kavatsiv,Ярема Каваців,1986-02-10,pool,high,,13
w:1982-12-21:onischenko,Олег Онищенко,1982-12-21,pool,high,,13
w:1986-10-24:chelidze,Георге Челідзе,1986-10-24,pool,high,,13
w:1985-08-14:huardia,Маурісіо Сауседо,1985-08-14,pool,high,,13
w:1982-10-11:aholi,Ансі Аголлі,1982-10-11,pool,high,,13
w:1985-04-17:ivashkevichius,Кестутіс Івашкевічюс,1985-04-17,pool,high,,13
w:1989-11-20:artak,Артак Дашян,1989-11-20,pool,high,,13
w:1982-07-25:len,Іван Лень,1982-07-25,pool,high,,13
w:1989-07-06:nasibulin,Владислав Насібулін,1989-07-06,pool,high,,13
w:1986-05-02:haruna,Сані Кайта,1986-05-02,pool,high,,13
w:1985-04-05:emanuel,Фабіо Морейра,1985-04-05,pool,high,,13
tm:92158,Абейку Куанса,1990-11-02,wikidata,high,,13
tm:13113,Марко Не,1983-07-17,wikidata,high,,13
tm:16746,Ніко Кранчар,1984-08-13,wikidata,high,,13
tm:27236,Неманя Рнич,1984-09-30,wikidata,high,,13
tm:176413,Тарас Пучковський,1994-08-23,wikidata,high,,13
tm:13831,Маріус Нікулае,1981-05-16,wikidata,high,,13
tm:119434,Родріго Моледо,1987-10-27,wikidata,high,,13
tm:34186,Василіос Пліацикас,1988-04-14,wikidata,high,,13
tm:43290,Олег Чуваєв,1987-10-25,wikidata,high,,13
tm:280076,Семен Даценко,1994-05-10,wikidata,high,,13
tm:237947,Рум'ян Овсепян,1991-11-13,wikidata,high,,13
tm:374036,Роман Помазан,1994-09-05,wikidata,high,,13
tm:91722,Антон Голенков,1989-12-17,wikidata,high,,13
tm:288854,Секу Конде,1993-06-09,wikidata,high,,13
tm:424145,Олександр Машнін,1990-03-20,wikidata,high,,13
tm:405176,Олексій Збунь,1997-06-09,wikidata,high,,13
tm:201628,Олексій Майданевич,1991-07-18,wikidata,high,,13
tm:220807,Сергій Семенюк,1991-01-27,wikidata,high,,13
tm:567735,Владислав Хамелюк,1998-05-04,wikidata,high,,13
tm:661284,Фабіньйо,1996-07-07,wikidata,high,,13
tm:334126,Тодор Петрович,1994-08-18,wikidata,high,,13
tm:319165,Олег Синьогуб,1989-04-19,wikidata,high,,13
tm:167863,Донатас Казлаускас,1994-03-31,wikidata,high,,13
tm:436379,Дмитро Щербак,1996-12-08,wikidata,high,,13
tm:951690,Юрій Потімков,2002-08-01,wikidata,high,,13
tm:222686,Манджрекар Джеймс,1993-08-05,wikidata,high,,13
tm:627227,Пеглоу,2002-01-07,wikidata,high,,13
tm:880039,Владислав Рибак,2001-07-05,wikidata,high,,13
tm:530414,Кахім Перріс,2000-01-06,wikidata,high,,13
tm:1045568,Данило Голуб,2003-07-03,wikidata,high,,13
tm:1112706,Іван Матюшенко,2003-04-29,transfermarkt,high,,13
tm:1158515,Рамік Гаджиєв,2005-08-14,wikidata,high,,13
tm:1084065,Аріелсон,2004-09-05,wikidata,high,,13
tm:737982,Жуліо Сезар,1996-12-06,wikidata,high,,13
tm:484995,Ноа Ндомбасі,2001-04-28,wikidata,high,,13
tm:1061435,Андрій Ломницький,2005-10-03,wikidata,high,,13
tm:577260,Факундо Батіста,1999-01-16,wikidata,high,,13
tm:1061626,Олексій Товарницький,2004-07-30,wikidata,high,,13
tm:1138725,Богдан Редушко,2007-01-07,wikidata,high,,13
tm:808465,Ардіт Тахірі,2002-10-06,wikidata,high,,13
tm:744099,Жота,2002-07-22,wikidata,high,,13
tm:568702,Папа Ндіага Яде,2000-01-05,wikidata,high,,13
tm:892105,Ліндон Емерллаху,2002-12-07,wikidata,high,,13
tm:1113558,Микита Мінчев,2003-10-05,transfermarkt,high,,13
tm:271516,Валерій Восконян,1994-04-06,wikidata,high,,13
w:1965-01-17:bubis,Іван Бубісь,1965-01-17,pool,high,,12
w:1965-10-03:martinkenas,Вальдемарас Мартінкенас,1965-10-03,pool,high,,12
w:1966-09-10:tsveiba,Ахрік Цвейба,1966-09-10,pool,high,,12
w:1961-09-15:bobiliak,Ярослав Бобиляк,1961-09-15,pool,high,,12
w:1973-08-13:soloviov,Олег Соловйов,1973-08-13,pool,high,,12
w:1972-04-27:semenov,Віталій Семенов,1972-04-27,pool,high,,12
w:1968-04-14:kudliuk,Валерій Кудлюк,1968-04-14,pool,high,,12
w:1970-09-14:andrev,Сергій Андреєв,1970-09-14,pool,high,,12
w:1971-09-05:kovalenko,Олександр Коваленко,1971-09-05,pool,high,,12
w:1965-03-13:matiuha,Андрій Матюха,1965-03-13,pool,high,,12
w:1968-05-01:ilin,Олексій Ільїн,1968-05-01,pool,high,,12
w:1968-05-29:petrov,Олег Петров,1968-05-29,pool,high,,12
w:1970-06-12:burlaka,Сергій Бурлака,1970-06-12,pool,high,,12
w:1971-08-11:hvoia,Олег Хвоя,1971-08-11,pool,high,,12
w:1971-02-21:chmeruk,Сергій Чмерук,1971-02-21,pool,high,,12
w:1966-03-31:iurchenko,Микола Юрченко,1966-03-31,pool,high,,12
w:1974-08-22:efremov,Ігор Єфремов,1974-08-22,pool,high,,12
w:1973-12-10:iatsurak,Василь Яцурак,1973-12-10,pool,high,,12
w:1966-03-19:sobol,Юрій Соболь,1966-03-19,pool,high,,12
w:1972-09-21:shevchenko,Олександр Шевченко,1972-09-21,pool,high,,12
w:1973-03-23:baharev,В'ячеслав Бахарєв,1973-03-23,pool,high,,12
w:1971-09-05:tolkach,Олександр Толкач,1971-09-05,pool,high,,12
w:1977-07-27:mitin,Сергій Мітін,1977-07-27,pool,high,,12
w:1977-03-29:iakushev,Артур Якушев,1977-03-29,pool,high,,12
w:1979-11-05:oleksenko,Іван Олексієнко,1979-11-05,pool,high,,12
w:1969-03-12:shmarko,Олександр Шмарко,1969-03-12,pool,high,,12
w:1975-09-13:tabachun,Руслан Табачун,1975-09-13,pool,high,,12
w:1980-04-13:fedorchenko,Артем Федорченко,1980-04-13,pool,high,,12
w:1974-05-18:haldianu,Константін Галдяну,1974-05-18,pool,high,,12
w:1984-05-27:bobal,Матвій Бобаль,1984-05-27,pool,high,,12
w:1981-12-18:berlizev,Максим Берлізєв,1981-12-18,pool,high,,12
w:1983-11-29:orehov,Олександр Орєхов,1983-11-29,pool,high,,12
w:1975-08-28:senad,Сенад Тігань,1975-08-28,pool,high,,12
w:1982-11-03:vasilev,Сергій Васильєв,1982-11-03,pool,high,,12
w:1983-02-20:kiselov,Віталій Кісельов,1983-02-20,pool,high,,12
w:1980-08-12:sanin,Анатолій Санін,1980-08-12,pool,high,,12
w:1978-04-14:ershov,Сергій Єршов,1978-04-14,pool,high,,12
w:1978-06-18:oleshko,Олексій Олешко,1978-06-18,pool,high,,12
w:1975-09-17:hamza,Ільхам Ядуллаєв,1975-09-17,pool,high,,12
w:1979-02-03:babak,Олександр Бабак,1979-02-03,pool,high,,12
w:1976-03-18:ihonin,Олексій Ігонін,1976-03-18,pool,high,,12
w:1983-01-12:buriak,Ігор Буряк,1983-01-12,pool,high,,12
w:1973-05-10:hanlar,Махмуд Гурбанов,1973-05-10,pool,high,,12
w:1978-06-22:firsov,Вадим Фірсов,1978-06-22,pool,high,,12
w:1981-11-14:ptachik,Олег Птачик,1981-11-14,pool,high,,12
w:1979-02-19:mitreski,Ігор Мітреський,1979-02-19,pool,high,,12
w:1982-10-09:savanchuk,Олександр Саванчук,1982-10-09,pool,high,,12
w:1986-02-27:hrinchenko,Микола Грінченко,1986-02-27,pool,high,,12
w:1979-08-15:akobian,Арам Акобян,1979-08-15,pool,high,,12
w:1984-09-19:aristid,Арістід Бансе,1984-09-19,pool,high,,12
w:1983-10-10:holoporov,Владислав Голопьоров,1983-10-10,pool,high,,12
w:1986-07-25:abdulae,Ібрагім Абдулає,1986-07-25,pool,high,,12
w:1975-10-04:kristiano,Крістіано Лукареллі,1975-10-04,pool,high,,12
w:1983-03-02:hordenko,Дмитро Гордієнко,1983-03-02,pool,high,,12
w:1986-02-16:anibal,Вальтер Асеведо,1986-02-16,pool,high,,12
w:1986-05-31:aleksev,Сергій Алексєєв,1986-05-31,pool,high,,12
w:1988-10-14:djenison,Дженісон,1988-10-14,pool,high,,12
w:1983-05-13:arbi,Мохамед Арурі,1983-05-13,pool,high,,12
w:1988-01-29:karkovski,Богдан Карковський,1988-01-29,pool,high,,12
w:1985-12-12:ndoe,Ісса Ндоє,1985-12-12,pool,high,,12
w:1986-00-00:shendrik,Антон Шендрик,1986-00-00,pool,low,partial date in id,12
tm:113888,Ігор Левченко,1991-02-23,wikidata,high,,12
tm:216842,Микола Вечурко,1992-06-06,wikidata,high,,12
tm:371318,Петро Переверза,1994-07-10,wikidata,high,,12
tm:122235,Дмитро Скоблов,1989-11-30,wikidata,high,,12
tm:415860,Сілвіо Жуніор,1994-05-04,wikidata,high,,12
tm:322912,Андрій Никитюк,1994-08-16,wikidata,high,,12
tm:86269,Олександр Гутор,1989-04-18,wikidata,high,,12
tm:101808,Мамаду Ваге,1990-08-19,wikidata,high,,12
tm:35871,Фернандо Тіссоне,1986-07-24,wikidata,high,,12
tm:569578,Жуліо Сезар,1995-04-18,wikidata,high,,12
tm:171730,Гліб Рассадкін,1995-04-05,wikidata,high,,12
tm:330574,Олег Бородай,1993-01-07,wikidata,high,,12
tm:269351,Максим Кучинський,1988-06-28,wikidata,high,,12
tm:226102,Фране Войкович,1996-12-20,wikidata,high,,12
tm:670000,Жуан Діого,1999-01-13,wikidata,high,,12
tm:293253,Михайло Перович,1997-01-23,wikidata,high,,12
tm:568915,Йохана Мкомола,,,,,12
tm:320861,Матія Ром,1998-11-01,wikidata,high,,12
tm:525209,Андрій Новіков,1999-04-20,wikidata,high,,12
w:1997-00-00:bohdan,Богдан Коваленко,1997-00-00,pool,low,partial date in id,12
w:1993-00-00:timofenko,Віталій Тимофеєнко,1993-00-00,pool,low,partial date in id,12
w:1994-00-00:lukas,Лукас Ранжел,1994-00-00,pool,low,partial date in id,12
tm:432763,Івіян Сврзняк,2001-08-02,wikidata,high,,12
tm:766709,Максим Сасовський,2001-08-23,transfermarkt,high,,12
tm:1059630,Віталій Михайлів,2005-10-11,wikidata,high,,12
tm:442784,Ранжел,1994-12-29,wikidata,high,,12
tm:869465,Тіаго Сантана,1998-04-14,wikidata,high,,12
tm:522791,Самбу Сіссоко,1999-04-27,wikidata,high,,12
tm:923514,Віталій Фарасеєнко,2003-05-09,wikidata,high,,12
tm:1180068,Данііл Денисенко,2006-08-15,wikidata,high,,12
tm:705058,Маттео Аморозо,2003-01-03,wikidata,high,,12
tm:776959,Андрій Співаков,1995-05-15,wikidata,high,,12
tm:461595,Тео Ндіка,2001-03-07,wikidata,high,,12
tm:678606,Адмір Брістрич,2003-04-28,wikidata,high,,12
tm:607249,Матіас Оєвусі,1999-02-02,wikidata,high,,12
tm:1101761,Джовані Герберт,2005-03-12,wikidata,high,,12
tm:1053568,Джозеф Джонс,2005-07-30,wikidata,high,,12
tm:981181,Ніколас Аревало,2003-01-13,wikidata,high,,12
tm:1241968,Назар Макаренко,2007-06-21,transfermarkt,high,,12
tm:383082,Євген Стрельцов,1991-05-09,transfermarkt,high,,12
w:1970-09-16:nikiforov,Юрій Никифоров,1970-09-16,pool,high,,11
w:1967-08-15:volotek,Олег Волотек,1967-08-15,pool,high,,11
w:1963-07-10:panchik,Валерій Панчик,1963-07-10,pool,high,,11
w:1965-02-20:medvid,В'ячеслав Медвідь,1965-02-20,pool,high,,11
w:1969-09-15:vishniauskas,Відмантас Вишняускас,1969-09-15,pool,high,,11
w:1973-11-12:kirepko,Анатолій Кірепко,1973-11-12,pool,high,,11
w:1968-02-08:biliai,Анатолій Біляй,1968-02-08,pool,high,,11
w:1968-01-14:andreas,Андреас Зассен,1968-01-14,pool,high,,11
w:1975-12-25:bezubko,Євген Беззубко,1975-12-25,pool,high,,11
w:1974-02-20:hora,В'ячеслав Гора,1974-02-20,pool,high,,11
w:1970-12-22:babuadze,Георгій Бабуадзе,1970-12-22,pool,high,,11
w:1972-03-17:bohach,Володимир Богач,1972-03-17,pool,high,,11
w:1972-04-04:hvadahiani,Вахтанг Хвадагіані,1972-04-04,pool,high,,11
w:1963-03-22:kuznetsov,Олег Кузнєцов,1963-03-22,pool,high,,11
w:1963-12-07:samara,Олександр Самара,1963-12-07,pool,high,,11
tm:992337,Олександр Бабійчук,1973-02-02,transfermarkt,high,,11
w:1974-05-15:kapinus,Віталій Капінус,1974-05-15,pool,high,,11
w:1970-01-28:sushko,Геннадій Сушко,1970-01-28,pool,high,,11
w:1972-09-08:burkovski,Сергій Бурковський,1972-09-08,pool,high,,11
w:1976-11-12:maiorov,Владислав Майоров,1976-11-12,pool,high,,11
w:1973-02-16:zalizniak,Віталій Залізняк,1973-02-16,pool,high,,11
w:1970-01-21:serikov,Володимир Сєріков,1970-01-21,pool,high,,11
w:1973-05-09:iurchenko,Дмитро Юрченко,1973-05-09,pool,high,,11
w:1976-07-12:shkurupi,Андрій Шкурупій,1976-07-12,pool,high,,11
w:1979-09-12:vasin,Денис Васін,1979-09-12,pool,high,,11
w:1978-11-30:kostiuk,Сергій Костюк,1978-11-30,pool,high,,11
w:1971-12-02:mahdev,Юрій Магдієв,1971-12-02,pool,high,,11
w:1974-04-29:ahaev,Муслім Агаєв,1974-04-29,pool,high,,11
w:1979-07-28:kuzmichov,Володимир Кузьмічов,1979-07-28,pool,high,,11
w:1981-01-07:horin,Олександр Горін,1981-01-07,pool,high,,11
w:1979-11-10:mihailov,Станімір Сталєв,1979-11-10,pool,high,,11
w:1974-10-13:marius,Маріус Скіндеріс,1974-10-13,pool,high,,11
w:1978-09-18:andrius,Андрюс Гедгаудас,1978-09-18,pool,high,,11
w:1975-05-15:sarkisian,Альберт Саркісян,1975-05-15,pool,high,,11
w:1979-04-08:aparesido,Родріго Толедо,1979-04-08,pool,high,,11
w:1979-11-14:artavazd,Артавазд Карамян,1979-11-14,pool,high,,11
w:1976-08-23:irismetov,Жафар Ірісметов,1976-08-23,pool,high,,11
w:1974-04-08:horovoi,Борис Горовой,1974-04-08,pool,high,,11
w:1979-01-09:marhel,Юрій Мархель,1979-01-09,pool,high,,11
w:1978-08-30:aladin,Фарух Ісмаїлов,1978-08-30,pool,high,,11
w:1983-05-07:lujankov,Олександр Лужанков,1983-05-07,pool,high,,11
w:1985-08-20:jura,Олександр Згура,1985-08-20,pool,high,,11
tm:31776,Олександр Яковенко,1987-07-23,wikidata,high,,11
w:1975-03-04:batista,Маркус,1975-03-04,pool,high,,11
w:1980-05-15:sharaba,Здравко Шараба,1980-05-15,pool,high,,11
w:1977-05-18:sandulovich,Владимир Сандулович,1977-05-18,pool,high,,11
w:1977-09-29:ioan,Богдан Мара,1977-09-29,pool,high,,11
w:1986-02-25:hai,Антон Гай,1986-02-25,pool,high,,11
w:1988-09-29:diop,Серіні Діоп,1988-09-29,pool,high,,11
w:1985-06-08:romanenko,Володимир Романенко,1985-06-08,pool,high,,11
w:1982-06-19:zeinalov,Руслан Зейналов,1982-06-19,pool,high,,11
w:1981-08-04:asatiani,Малхаз Асатіані,1981-08-04,pool,high,,11
w:1988-10-22:hilerme,Гільєрме,1988-10-22,pool,high,,11
w:1985-08-16:leonidov,Олег Леонідов,1985-08-16,pool,high,,11
w:1988-08-30:hurski,Андрій Гурський,1988-08-30,pool,high,,11
w:1982-11-25:arinton,Аррінтон Міна,1982-11-25,pool,high,,11
w:1985-09-29:haushi,Богдан Хауші,1985-09-29,pool,high,,11
w:1979-02-23:komlonok,Віктор Комльонок,1979-02-23,pool,high,,11
w:1982-10-16:veremko,Сергій Веремко,1982-10-16,pool,high,,11
w:1991-04-17:polischuk,Олег Поліщук,1991-04-17,pool,high,,11
w:1981-06-17:paraskiv,Сорін Парасків,1981-06-17,pool,high,,11
tm:204406,Артем Радченко,1995-01-02,wikidata,high,,11
tm:58980,В'ячеслав Турчанов,1991-08-03,wikidata,high,,11
w:1987-00-00:kralik,Ян Кралік,1987-00-00,pool,low,partial date in id,11
tm:30825,Марко Рубен,1986-10-26,wikidata,high,,11
tm:193812,Сергій Гаращенков,1990-05-16,wikidata,high,,11
tm:44411,Фініньйо,1983-11-03,wikidata,high,,11
tm:223319,Слім Бен Отман,1989-11-18,wikidata,high,,11
tm:257817,Дмитро Матвієнко,1992-05-25,wikidata,high,,11
tm:17228,Панайотіс Лагос,1985-07-18,wikidata,high,,11
tm:94318,Йован Крнета,1992-05-04,wikidata,high,,11
tm:367024,Георгій Гадрані,1994-09-30,wikidata,high,,11
tm:248930,Данило Каневцев,1996-07-26,wikidata,high,,11
tm:452579,Сергій Мелінишин,1997-05-26,wikidata,high,,11
tm:131257,Джонатан Моя,1992-01-06,wikidata,high,,11
tm:426805,Андро Гіоргадзе,1996-05-03,wikidata,high,,11
tm:289434,Сесе Пепе,1996-11-09,wikidata,high,,11
tm:345714,Стефан Євтоскі,1997-09-02,wikidata,high,,11
tm:272776,Максим Банасевич,1995-01-31,wikidata,high,,11
tm:255443,Лука Коберідзе,1994-09-09,wikidata,high,,11
tm:598635,Аугусто,1992-02-22,wikidata,high,,11
tm:285296,Едін Шехич,1995-02-03,wikidata,high,,11
tm:573907,Луїс Феліпе,1997-04-24,wikidata,high,,11
tm:289802,Рафаел Ратао,1995-11-30,wikidata,high,,11
tm:538773,Чінеду Джеффрі,1997-10-01,wikidata,high,,11
tm:654311,Велвес,2000-11-24,wikidata,high,,11
tm:649029,Мамаду Данфа,2001-03-06,wikidata,high,,11
tm:290571,Альваро Нгамба,1998-12-15,wikidata,high,,11
tm:198967,Міхкель Айнсалу,1996-03-08,wikidata,high,,11
w:1996-08-13:aleksandr,Олександр Павловець,1996-08-13,pool,high,,11
w:2003-00-00:hromei,Михайло Хромей,2003-00-00,pool,low,partial date in id,11
w:1995-00-00:junior,Жуніор Рейс,1995-00-00,pool,low,partial date in id,11
tm:629567,Яніс Амаш,1999-07-13,wikidata,high,,11
tm:623322,Михайло Рудавський,2001-05-26,wikidata,high,,11
tm:735788,Ігор Габріел,1999-04-28,wikidata,high,,11
tm:632667,Іван Тищенко,1998-07-07,wikidata,high,,11
tm:342878,Ясін Фортюне,1999-01-30,wikidata,high,,11
tm:967981,Жан-Клод,2003-12-14,wikidata,high,,11
tm:718643,Аліун Ндур,2001-03-03,wikidata,high,,11
tm:1082832,Раян Карлос,2002-05-14,wikidata,high,,11
tm:928288,Олександр Дихтярук,2003-01-15,transfermarkt,high,,11
tm:825229,Валерій Самар,2001-08-31,wikidata,high,,11
tm:1074045,Максим Коробов,2006-03-06,wikidata,high,,11
tm:628473,Карлос Рохас,2002-04-18,wikidata,high,,11
tm:514623,Мауро Родрігеш,2001-04-15,wikidata,high,,11
w:1960-07-31:scherbakov,Олександр Щербаков,1960-07-31,pool,high,,10
w:1969-02-05:borovik,Олександр Боровик,1969-02-05,pool,high,,10
w:1976-08-18:efimov,Андрій Єфімов,1976-08-18,pool,high,,10
w:1971-09-25:chuprin,Дмитро Чупрін,1971-09-25,pool,high,,10
w:1971-08-05:ishmirzaev,Садріддін Ішмірзаєв,1971-08-05,pool,high,,10
w:1972-01-20:zelinski,Сергій Зелінський,1972-01-20,pool,high,,10
w:1976-08-22:hamal,Сергій Гамаль,1976-08-22,pool,high,,10
w:1964-03-26:novoseltsev,Юрій Новосельцев,1964-03-26,pool,high,,10
w:1974-08-30:tischenko,Максим Тищенко,1974-08-30,pool,high,,10
w:1974-02-12:shevirov,Валерій Шевирьов,1974-02-12,pool,high,,10
w:1974-02-02:hadelia,Теймураз Гаделія,1974-02-02,pool,high,,10
w:1975-02-10:vasilev,Вадим Васильєв,1975-02-10,pool,high,,10
w:1968-03-14:kulev,Вагіф Кулієв,1968-03-14,pool,high,,10
w:1965-04-12:skala,Юрій Скала,1965-04-12,pool,high,,10
w:1963-09-11:litovchenko,Геннадій Литовченко,1963-09-11,pool,high,,10
w:1975-01-02:kovalenko,Костянтин Коваленко,1975-01-02,pool,high,,10
w:1967-03-25:sandul,Олег Сандул,1967-03-25,pool,high,,10
w:1974-02-04:hairov,Самір Хаіров,1974-02-04,pool,high,,10
w:1973-03-22:vus,Вадим Вус,1973-03-22,pool,high,,10
w:1975-09-03:mahmutov,Марат Махмутов,1975-09-03,pool,high,,10
w:1976-08-15:serohin,Андрій Серьогін,1976-08-15,pool,high,,10
w:1972-10-13:turkin,Валерій Туркін,1972-10-13,pool,high,,10
w:1975-12-14:stasiuk,Ігор Стасюк,1975-12-14,pool,high,,10
w:1975-05-14:nujni,В'ячеслав Нужний,1975-05-14,pool,high,,10
w:1979-04-16:ditkovski,Сергій Дітковський,1979-04-16,pool,high,,10
w:1968-04-12:plotnikov,Вадим Плотников,1968-04-12,pool,high,,10
w:1981-06-30:histev,Сергій Хістєв,1981-06-30,pool,high,,10
w:1974-04-02:frantishek,Франтішек Ганц,1974-04-02,pool,high,,10
w:1983-04-02:veprik,Олег Веприк,1983-04-02,pool,high,,10
w:1982-07-19:horkun,Валентин Горкун,1982-07-19,pool,high,,10
w:1983-01-21:korobkin,Владислав Коробкін,1983-01-21,pool,high,,10
w:1981-12-12:chukvudi,Чуквуді Нвогу,1981-12-12,pool,high,,10
w:1979-11-14:arman,Арман Карамян,1979-11-14,pool,high,,10
w:1980-10-02:hrihol,Грігол Імедадзе,1980-10-02,pool,high,,10
w:1981-08-04:adson,Адсон,1981-08-04,pool,high,,10
w:1982-09-14:kovhan,Олександр Ковган,1982-09-14,pool,high,,10
w:1986-02-16:iariuhin,Олексій Ярюхін,1986-02-16,pool,high,,10
w:1982-12-21:andronik,Валеріу Андронік,1982-12-21,pool,high,,10
w:1979-11-01:frantsisko,Марсело,1979-11-01,pool,high,,10
w:1982-10-01:aruna,Аруна Бабангіда,1982-10-01,pool,high,,10
w:1987-03-31:moldovan,Дмитро Молдован,1987-03-31,pool,high,,10
w:1978-05-31:malitski,Олександр Маліцький,1978-05-31,pool,high,,10
w:1977-12-26:davhulevets,Павло Довгулевець,1977-12-26,pool,high,,10
w:1977-12-07:andjelkovich,Міодраг Анджелкович,1977-12-07,pool,high,,10
w:1973-08-13:shtaniuk,Сергій Штанюк,1973-08-13,pool,high,,10
w:1982-08-20:aleksander,Александер Амісулашвілі,1982-08-20,pool,high,,10
w:1982-01-28:sasha,Саша Ціліншек,1982-01-28,pool,high,,10
w:1979-09-01:shashiashvili,Георгій Шашіашвілі,1979-09-01,pool,high,,10
w:1979-08-08:iurevich,Олександр Юревич,1979-08-08,pool,high,,10
w:1986-09-01:sheptitski,Олег Шептицький,1986-09-01,pool,high,,10
w:1979-12-13:iuritsa,Юріца Пул'їз,1979-12-13,pool,high,,10
tm:62533,Ігор Силантьєв,1991-01-03,wikidata,high,,10
w:1987-01-23:dankiv,Андрій Даньків,1987-01-23,pool,high,,10
tm:70919,Володимир Бідловський,1988-05-31,wikidata,high,,10
w:1983-03-24:eromenko,Олексій Єрьоменко,1983-03-24,pool,high,,10
w:1989-05-19:tkachov,Сергій Ткачов,1989-05-19,pool,high,,10
w:1983-10-19:dimitri,Дімітрі Татанашвілі,1983-10-19,pool,high,,10
w:1982-00-00:enrike,Гоебер Майя,1982-00-00,pool,low,partial date in id,10
tm:43264,Бенуа Тремулінас,1985-12-28,wikidata,high,,10
tm:127774,Гармоні Іканде,1990-09-17,wikidata,high,,10
tm:267396,Ігор Калінін,1995-11-11,wikidata,high,,10
tm:51948,Даніел де Олівейра,1985-09-14,wikidata,high,,10
tm:144935,Валерій Гришин,1994-06-12,wikidata,high,,10
tm:173253,Ілля Глушицький,1993-08-02,wikidata,high,,10
tm:166588,В'ячеслав Панфілов,1993-06-24,wikidata,high,,10
tm:34390,Юриця Бульят,1986-09-12,wikidata,high,,10
tm:364574,Артур Кузнецов,1995-03-09,wikidata,high,,10
tm:104203,Євген Старіков,1988-11-17,wikidata,high,,10
tm:89318,Борха Екіса,1988-03-06,wikidata,high,,10
tm:216639,Фуссені Бамба,1990-04-19,wikidata,high,,10
tm:123136,Алассан Ндіає,1990-02-25,wikidata,high,,10
tm:526577,Артем Хоцяновський,1998-10-20,wikidata,high,,10
tm:192192,Арман Ованнісян,1993-07-07,wikidata,high,,10
tm:537853,Андрій Стрижак,1999-10-22,wikidata,high,,10
tm:160109,Арні Вільхамссон,1994-05-09,wikidata,high,,10
tm:234820,Родріго Варгас,1994-10-19,wikidata,high,,10
tm:402874,Дмитро Литвин,1996-11-21,wikidata,high,,10
tm:344399,Леонардо Руїс,1996-04-18,wikidata,high,,10
tm:572399,Кирило Прокопчук,1998-02-14,wikidata,high,,10
tm:708172,Філіпе Пахтманн,2000-04-11,wikidata,high,,10
tm:624831,Таддеус Нкенг,2000-02-26,wikidata,high,,10
w:2002-00-00:danil,Данило Скорко,2002-00-00,pool,low,partial date in id,10
w:1996-00-00:ihor,Ігор Кірюханцев,1996-00-00,pool,low,partial date in id,10
tm:379714,Роберто Корраль,1997-09-14,wikidata,high,,10
tm:1057222,Віктор Цуканов,2006-02-04,wikidata,high,,10
tm:717196,Артем Бенедюк,2004-02-27,transfermarkt,high,,10
tm:636756,Мілот Авдилі,2002-07-28,wikidata,high,,10
tm:1074060,Владислав Захарченко,2006-06-16,wikidata,high,,10
tm:1093843,Фабіано,2006-04-15,wikidata,high,,10
tm:1074505,Хаїр Кольяуасо,2006-01-21,wikidata,high,,10
tm:1031575,Себастьян Кастільйо,2005-05-06,wikidata,high,,10
tm:1447744,Тутті,2007-02-20,wikidata,high,,10
tm:873534,Ерен Айдин,2003-02-12,wikidata,high,,10
w:1964-12-19:iakovenko,Павло Яковенко,1964-12-19,pool,high,,9
w:1972-08-13:iliuhin,Андрій Іллюхін,1972-08-13,pool,high,,9
w:1970-05-13:anisimkov,Віктор Анісімков,1970-05-13,pool,high,,9
w:1967-07-05:nedorostkov,В'ячеслав Недоростков,1967-07-05,pool,high,,9
w:1967-04-12:polstianov,Сергій Полстянов,1967-04-12,pool,high,,9
w:1976-06-27:mihalatiuk,Ігор Мігалатюк,1976-06-27,pool,high,,9
w:1965-09-27:jorjoliani,Гоча Жоржоліані,1965-09-27,pool,high,,9
w:1968-05-03:visochanski,Ігор Височанський,1968-05-03,pool,high,,9
w:1960-12-08:zaiats,Ярослав Заяць,1960-12-08,pool,high,,9
w:1967-09-24:shevchenko,Микола Шевченко,1967-09-24,pool,high,,9
w:1974-11-27:mamuka,Мамука Русія,1974-11-27,pool,high,,9
w:1978-07-24:malimon,Іван Малімон,1978-07-24,pool,high,,9
w:1975-09-22:derik,Олександр Дерік,1975-09-22,pool,high,,9
w:1973-06-24:aharin,Олександр Агарін,1973-06-24,pool,high,,9
w:1973-02-24:podlesni,Микола Подлєсний,1973-02-24,pool,high,,9
w:1979-08-24:volkarachevski,Денис Волк-Карачевський,1979-08-24,pool,high,,9
w:1972-01-29:chipa,Сергій Чіпа,1972-01-29,pool,high,,9
w:1975-04-13:cherevan,Андрій Черевань,1975-04-13,pool,high,,9
w:1976-07-22:bohomol,Олег Богомол,1976-07-22,pool,high,,9
w:1973-09-09:konopelko,Михайло Конопелько,1973-09-09,pool,high,,9
w:1981-01-08:herasimenko,Андрій Герасименко,1981-01-08,pool,high,,9
w:1980-09-23:shaida,Сергій Шайда,1980-09-23,pool,high,,9
w:1977-11-10:mishkov,Омар Мішков,1977-11-10,pool,high,,9
w:1978-06-25:polischuk,Роман Поліщук,1978-06-25,pool,high,,9
w:1978-08-30:homutovski,Василь Хомутовський,1978-08-30,pool,high,,9
w:1978-03-24:sulimenko,Юрій Суліменко,1978-03-24,pool,high,,9
w:1982-11-17:schepanovich,Вучіна Щепанович,1982-11-17,pool,high,,9
w:1979-01-22:andrius,Андрюс Бразаускас,1979-01-22,pool,high,,9
w:1982-03-21:fabio,Фабіо,1982-03-21,pool,high,,9
w:1975-09-09:solomatin,Андрій Соломатін,1975-09-09,pool,high,,9
w:1974-10-03:ismet,Ісмет Муніші,1974-10-03,pool,high,,9
w:1987-09-14:nazarenko,Дмитро Назаренко,1987-09-14,pool,high,,9
w:1983-06-12:kaniuk,Андрій Канюк,1983-06-12,pool,high,,9
w:1984-02-23:danishevski,Олександр Данішевський,1984-02-23,pool,high,,9
w:1983-06-26:ervis,Ервіс Края,1983-06-26,pool,high,,9
w:1978-08-19:hvozdenovich,Іван Гвозденович,1978-08-19,pool,high,,9
w:1990-03-12:vladov,Дмитро Владов,1990-03-12,pool,high,,9
w:1983-03-05:melnik,Ігор Мельник,1983-03-05,pool,high,,9
w:1988-09-05:iakimenko,Олександр Якименко,1988-09-05,pool,high,,9
tm:82593,Григорій Баранець,1986-07-22,wikidata,high,,9
w:1983-03-08:alehandre,Клейтон Сільва,1983-03-08,pool,high,,9
w:1988-08-29:pleshakov,Юрій Плешаков,1988-08-29,pool,high,,9
w:1991-04-19:bruno,Бруно Ренан,1991-04-19,pool,high,,9
w:1987-06-17:hraf,Іван Граф,1987-06-17,pool,high,,9
w:1984-06-20:muhovikov,Антон Муховиков,1984-06-20,pool,high,,9
w:1991-00-00:ehor,Єгор Іванов,1991-00-00,pool,low,partial date in id,9
w:1990-00-00:kampos,Данілу Соуза,1990-00-00,pool,low,partial date in id,9
w:1988-00-00:henev,Віктор Генев,1988-00-00,pool,low,partial date in id,9
w:1992-00-00:alimi,Джаміу Алімі,1992-00-00,pool,low,partial date in id,9
tm:19819,Раффаел,1985-03-28,wikidata,high,,9
tm:3978,Светослав Тодоров,1978-08-30,wikidata,high,,9
tm:241163,Леонардо,1992-03-18,wikidata,high,,9
tm:97576,Роман Кунєв,1990-09-20,wikidata,high,,9
tm:91698,Олександр Чурілов,1984-06-06,wikidata,high,,9
tm:213452,Юрій Ткачук,1995-04-18,wikidata,high,,9
tm:84980,Александрс Фертовс,1987-06-16,wikidata,high,,9
tm:324521,Вадим Яворський,1994-06-26,wikidata,high,,9
tm:232644,Олександр Калітов,1993-09-29,wikidata,high,,9
tm:334728,Данило Маріотто,1996-01-15,wikidata,high,,9
tm:170919,Прінс Сегбефія,1991-03-11,wikidata,high,,9
tm:49985,Іван Томечак,1989-12-07,wikidata,high,,9
tm:364831,Микита Жуков,1995-03-19,wikidata,high,,9
tm:384449,Гвідо Кортеджано,1987-06-23,wikidata,high,,9
tm:60132,Неманя Обрадович,1989-05-29,wikidata,high,,9
tm:524966,Дмитро Копитов,1998-05-29,wikidata,high,,9
tm:396535,Владислав Алексєєв,1998-04-29,wikidata,high,,9
tm:364261,Тче Тче,1992-08-30,wikidata,high,,9
tm:294876,Кевін Мендес,1996-01-10,wikidata,high,,9
tm:830083,Іван Мамросенко,2000-03-27,wikidata,high,,9
tm:450196,Угочукву Одуеньї,1996-02-03,wikidata,high,,9
tm:284608,Ерік Гліха,1997-02-13,wikidata,high,,9
tm:469709,Давид Зец,2000-01-05,wikidata,high,,9
w:2002-00-00:edvard,Едвард Кобак,2002-00-00,pool,low,partial date in id,9
tm:624883,Амількар Коджові,2002-02-22,wikidata,high,,9
tm:268273,Рональд Матарріта,1994-07-09,wikidata,high,,9
tm:709479,Абдулла Абдуллаєв,2002-02-12,wikidata,high,,9
tm:211318,Руслан Паламар,1993-08-09,wikidata,high,,9
tm:342148,Зе Гоміш,1999-04-08,wikidata,high,,9
tm:717415,Даніель Ківінда,2004-08-31,wikidata,high,,9
tm:871863,Андрій Андрейчук,2003-02-17,wikidata,high,,9
tm:1375876,Дієго Енріке,2003-08-23,transfermarkt,high,,9
tm:950181,Матей Матич,2004-06-05,wikidata,high,,9
tm:1082633,Венделл,2004-02-17,transfermarkt,high,,9
tm:1059634,Костянтин Квас,2005-06-03,wikidata,high,,9
tm:718123,Самуель Нонго,2004-03-04,wikidata,high,,9
tm:949111,Аліу Тіаре,2003-12-20,wikidata,high,,9
tm:865572,Жеоване,1999-03-02,transfermarkt,high,,9
tm:548653,Кая Макоссо,1998-08-25,wikidata,high,,9
tm:923433,Артем Оніщенко,2003-05-22,transfermarkt,high,,9
tm:798106,Руан Олівейра,2000-03-23,wikidata,high,,9
w:1971-06-11:haidamaschuk,Володимир Гайдамащук,1971-06-11,pool,high,,8
w:1970-04-29:betsa,Степан Беца,1970-04-29,pool,high,,8
w:1973-08-12:boichishin,Олег Бойчишин,1973-08-12,pool,high,,8
w:1962-05-30:rafalchuk,Віктор Рафальчук,1962-05-30,pool,high,,8
w:1969-12-06:tsokur,Валерій Цокур,1969-12-06,pool,high,,8
w:1960-01-11:taran,Олег Таран,1960-01-11,pool,high,,8
w:1968-06-24:miroshkin,Сергій Мірошкін,1968-06-24,pool,high,,8
w:1969-09-21:androschuk,Олександр Андрощук,1969-09-21,pool,high,,8
w:1962-08-30:evsev,Василь Євсєєв,1962-08-30,pool,high,,8
w:1963-12-17:tsiba,Володимир Циба,1963-12-17,pool,high,,8
w:1960-07-19:sich,Олег Сич,1960-07-19,pool,high,,8
w:1974-09-06:sultanov,Ельман Султанов,1974-09-06,pool,high,,8
w:1965-03-06:kovtun,Віталій Ковтун,1965-03-06,pool,high,,8
w:1973-03-01:barkalov,Сергій Баркалов,1973-03-01,pool,high,,8
w:1976-10-08:derenov,Сергій Деренов,1976-10-08,pool,high,,8
w:1975-05-05:hitia,Валерій Гитя,1975-05-05,pool,high,,8
w:1978-03-07:hrischenko,Олексій Грищенко,1978-03-07,pool,high,,8
w:1975-12-31:aladashvili,Кахабер Аладашвілі,1975-12-31,pool,high,,8
w:1962-11-29:dovhalets,Олександр Довгалець,1962-11-29,pool,high,,8
w:1966-03-28:salo,Ігор Сало,1966-03-28,pool,high,,8
w:1971-08-03:panin,Вадим Панін,1971-08-03,pool,high,,8
w:1971-05-07:krivoruchko,Олександр Криворучко,1971-05-07,pool,high,,8
w:1975-01-23:hrechani,Василь Гречаний,1975-01-23,pool,high,,8
w:1972-06-20:kamnev,Костянтин Камнєв,1972-06-20,pool,high,,8
w:1980-09-19:iaskov,Юрій Яськов,1980-09-19,pool,high,,8
w:1967-04-02:kostishin,Юрій Костишин,1967-04-02,pool,high,,8
w:1975-08-21:sopkiv,Олександр Сопків,1975-08-21,pool,high,,8
w:1977-02-02:matvichuk,Олександр Матвійчук,1977-02-02,pool,high,,8
w:1972-10-30:zaiats,Валентин Заяць,1972-10-30,pool,high,,8
w:1975-05-07:matsiuk,Віктор Мацюк,1975-05-07,pool,high,,8
w:1982-05-27:lazarchuk,Андрій Лазарчук,1982-05-27,pool,high,,8
w:1983-01-02:hubrenko,Олександр Губрієнко,1983-01-02,pool,high,,8
w:1982-09-20:adam,Маріан Адам,1982-09-20,pool,high,,8
w:1984-01-17:slobodian,Михайло Слободян,1984-01-17,pool,high,,8
w:1974-06-22:damian,Оскар Родрігес,1974-06-22,pool,high,,8
w:1972-02-17:lutsenko,Володимир Луценко,1972-02-17,pool,high,,8
w:1983-09-06:shubin,Артем Шубін,1983-09-06,pool,high,,8
w:1984-07-26:hanas,Андрій Ханас,1984-07-26,pool,high,,8
w:1983-04-12:karmalita,Євген Кармаліта,1983-04-12,pool,high,,8
w:1979-01-08:ostroushko,Володимир Остроушко,1979-01-08,pool,high,,8
w:1986-03-05:kostiuk,Сергій Костюк,1986-03-05,pool,high,,8
w:1983-12-16:dancho,Данчо Масев,1983-12-16,pool,high,,8
w:1985-10-03:salatin,Вадим Салатін,1985-10-03,pool,high,,8
w:1983-01-20:miroslav,Мирослав Ріканович,1983-01-20,pool,high,,8
w:1982-04-01:arhuedas,Едгар Вільямарін,1982-04-01,pool,high,,8
w:1983-02-16:anderson,Міхаель,1983-02-16,pool,high,,8
w:1988-07-29:sikorski,Ігор Сікорський,1988-07-29,pool,high,,8
w:1988-08-17:beka,Бека Гоцірідзе,1988-08-17,pool,high,,8
w:1986-02-16:lischuk,Олександр Ліщук,1986-02-16,pool,high,,8
w:1988-02-18:hustavo,Густаво Пінедо,1988-02-18,pool,high,,8
w:1984-07-29:oleksandru,Александру Оніка,1984-07-29,pool,high,,8
w:1985-11-24:fabiano,Фабіано,1985-11-24,pool,high,,8
w:1990-02-04:tolstiak,Олександр Толстяк,1990-02-04,pool,high,,8
tm:167032,Ілля Михальов,1990-07-31,wikidata,high,,8
w:1993-00-00:iakovenko,Юрій Яковенко,1993-00-00,pool,low,partial date in id,8
tm:119433,Артак Єдигарян,1990-03-18,wikidata,high,,8
tm:177010,Сергій Мельник,1993-06-25,wikidata,high,,8
tm:55763,Іван Лєтава,1983-07-20,wikidata,high,,8
tm:93862,Денис Причиненко,1992-02-17,wikidata,high,,8
tm:48206,Нуну Пінту,1986-08-06,wikidata,high,,8
tm:193257,Владислав Гельзін,1973-08-27,wikidata,high,,8
tm:355492,Жорже Еліас,1991-06-06,wikidata,high,,8
tm:108709,Еріксон Дансо,1989-07-22,wikidata,high,,8
tm:501609,Олег Остапенко,1997-06-11,wikidata,high,,8
tm:58883,Айтор Фернандес,1986-08-23,wikidata,high,,8
tm:345750,Роман Льопка,1997-01-26,wikidata,high,,8
tm:205758,Демір Імері,1995-10-27,wikidata,high,,8
tm:95682,Євген Чепурненко,1989-09-06,wikidata,high,,8
tm:372138,Юрій Захарків,1996-03-21,wikidata,high,,8
tm:176409,Ігор Дуць,1994-04-11,wikidata,high,,8
tm:748936,Дмитро Піддубний,2000-01-15,wikidata,high,,8
w:1993-00-00:monte,Нелсон Монте,1993-00-00,pool,low,partial date in id,8
w:1999-00-00:vitino,Вітінью,1999-00-00,pool,low,partial date in id,8
w:1999-00-00:ilia,Ілля Шкурін,1999-00-00,pool,low,partial date in id,8
w:1992-00-00:leka,Міхай Лека,1992-00-00,pool,low,partial date in id,8
tm:308778,Драган Ловрич,1996-01-03,wikidata,high,,8
tm:814454,Самуел,1999-06-06,transfermarkt,high,,8
tm:721511,Максим Хлань,2003-01-27,wikidata,high,,8
tm:546253,Дада Белмонте,1997-02-08,wikidata,high,,8
tm:834898,Вітіньйо,2004-11-11,wikidata,high,,8
tm:585950,Натанаель Сентіні,2000-05-30,wikidata,high,,8
tm:1237999,Самуель Обінайя,2005-08-28,wikidata,high,,8
tm:1153473,Крістіан Свистун,2003-09-02,wikidata,high,,8
tm:1294033,Ярослав Караман,2006-06-08,wikidata,high,,8
tm:1262359,Федір Задорожний,2006-11-16,wikidata,high,,8
tm:1362423,Ерікі,2005-08-06,transfermarkt,high,,8
tm:856056,Ассан Сек,2004-01-13,transfermarkt,high,,8
tm:1239140,Хоель Мая,2006-01-05,wikidata,high,,8
tm:1275071,Кауан Баптістелла,2007-10-30,wikidata,high,,8
tm:888190,Домагой Єлавич,2001-09-27,transfermarkt,high,,8
w:1960-08-31:chaban,Сергій Чабан,1960-08-31,pool,high,,7
w:1965-01-25:poliakov,Олександр Поляков,1965-01-25,pool,high,,7
w:1960-07-20:muradian,Сергій Мурадян,1960-07-20,pool,high,,7
w:1966-02-03:haria,Георгій Харя,1966-02-03,pool,high,,7
w:1970-07-13:tsiura,Валерій Цюра,1970-07-13,pool,high,,7
w:1963-01-22:korotaev,Андрій Коротаєв,1963-01-22,pool,high,,7
w:1969-03-16:baisarovich,Андрій Байсарович,1969-03-16,pool,high,,7
w:1971-05-23:taran,Ігор Таран,1971-05-23,pool,high,,7
w:1974-03-20:avramenko,Володимир Авраменко,1974-03-20,pool,high,,7
w:1972-11-13:sinitsin,Андрій Сініцин,1972-11-13,pool,high,,7
w:1965-01-28:poliakov,Віталій Поляков,1965-01-28,pool,high,,7
w:1972-05-05:kapustnikov,Олег Капустніков,1972-05-05,pool,high,,7
w:1965-03-18:juravlenko,Олександр Журавленко,1965-03-18,pool,high,,7
w:1966-11-23:hromei,Віталій Хромей,1966-11-23,pool,high,,7
w:1975-06-19:bilak,Іван Білак,1975-06-19,pool,high,,7
w:1964-09-08:isaev,Олександр Ісаєв,1964-09-08,pool,high,,7
w:1976-01-22:chaladze,Дато Чаладзе,1976-01-22,pool,high,,7
w:1976-04-27:stepanov,Віталій Степанов,1976-04-27,pool,high,,7
w:1976-01-22:ukrainets,Ігор Українець,1976-01-22,pool,high,,7
w:1971-03-14:pletnov,Андрій Плетньов,1971-03-14,pool,high,,7
w:1974-08-03:chistiakov,Олексій Чистяков,1974-08-03,pool,high,,7
w:1977-05-14:shapovalov,Олексій Шаповалов,1977-05-14,pool,high,,7
w:1973-01-28:tarabrin,Олександр Тарабрін,1973-01-28,pool,high,,7
w:1970-05-05:eschenko,Олександр Єщенко,1970-05-05,pool,high,,7
w:1978-01-03:sobko,Сергій Собко,1978-01-03,pool,high,,7
w:1974-09-24:novohatski,Василь Новохацький,1974-09-24,pool,high,,7
w:1979-12-24:rachiba,Олексій Рачиба,1979-12-24,pool,high,,7
w:1975-08-16:hetman,Олексій Гетьман,1975-08-16,pool,high,,7
w:1973-10-23:skomorohov,Андрій Скоморохов,1973-10-23,pool,high,,7
w:1980-01-12:borovski,Дмитро Боровський,1980-01-12,pool,high,,7
w:1970-08-28:stahov,Ігор Стахов,1970-08-28,pool,high,,7
w:1978-02-26:lashuk,Євген Лашук,1978-02-26,pool,high,,7
w:1975-10-19:iordanov,Васіл Колєв,1975-10-19,pool,high,,7
w:1981-05-09:hurin,Роман Гурін,1981-05-09,pool,high,,7
w:1974-08-13:titsa,Сергій Тіца,1974-08-13,pool,high,,7
w:1981-06-17:pasichnichenko,Роман Пасічниченко,1981-06-17,pool,high,,7
w:1975-10-21:ianichevich,Івіца Янічевич,1975-10-21,pool,high,,7
w:1978-10-06:rozlach,Олександр Розлач,1978-10-06,pool,high,,7
w:1981-08-03:matos,Веслі,1981-08-03,pool,high,,7
w:1976-03-17:arhire,Юліан Архіре,1976-03-17,pool,high,,7
w:1982-04-07:branimir,Бранимир Субашич,1982-04-07,pool,high,,7
w:1986-01-03:morozov,Сергій Морозов,1986-01-03,pool,high,,7
w:1977-08-02:dzenisiuk,Дмитро Денисюк,1977-08-02,pool,high,,7
w:1985-03-09:morozov,Олександр Морозов,1985-03-09,pool,high,,7
w:1980-06-28:novikov,Євгені Новіков,1980-06-28,pool,high,,7
w:1977-02-15:dimitrevich,Ігор Дімітрієвич,1977-02-15,pool,high,,7
w:1983-12-06:koval,Андрій Коваль,1983-12-06,pool,high,,7
w:1979-09-01:danaev,Андрій Данаєв,1979-09-01,pool,high,,7
w:1974-05-05:falemi,Нана Фалемі,1974-05-05,pool,high,,7
w:1988-11-24:ribalchenko,Вадим Рибальченко,1988-11-24,pool,high,,7
w:1978-07-01:amor,Амор Дербаль,1978-07-01,pool,high,,7
w:1983-10-05:mostovi,Артем Мостовий,1983-10-05,pool,high,,7
w:1982-12-11:aleksandar,Александар Стоймірович,1982-12-11,pool,high,,7
w:1982-02-05:ivoso,Патрік Івоссо,1982-02-05,pool,high,,7
w:1981-02-21:vitoshinski,Андрій Вітошинський,1981-02-21,pool,high,,7
w:1981-08-31:bakovich,Бранко Бакович,1981-08-31,pool,high,,7
w:1978-09-25:dobre,Лучіан Добре,1978-09-25,pool,high,,7
w:1980-05-04:kolesnichenko,Владімірс Колесніченко,1980-05-04,pool,high,,7
w:1981-07-16:lisitsin,Євген Лисицин,1981-07-16,pool,high,,7
w:1982-10-27:hediminas,Гедімінас Паулаускас,1982-10-27,pool,high,,7
w:1983-09-25:burkhardt,Марцін Буркхардт,1983-09-25,pool,high,,7
w:1987-11-09:kim,Кім Пюнг Рае,1987-11-09,pool,high,,7
w:1980-10-02:andrade,Філіпе Тейшейра,1980-10-02,pool,high,,7
w:1985-12-11:durovski,Маріо Джуровскі,1985-12-11,pool,high,,7
w:1984-12-28:piskun,Владислав Піскун,1984-12-28,pool,high,,7
w:1987-00-00:enrike,Леонардо Велозо,1987-00-00,pool,low,partial date in id,7
w:1984-00-00:krespo,Крістобаль Маркес,1984-00-00,pool,low,partial date in id,7
tm:211314,Денис Барвінко,1994-02-16,wikidata,high,,7
w:1993-00-00:irakli,Іраклі Месхія,1993-00-00,pool,low,partial date in id,7
w:1984-00-00:dimitr,Димитр Макрієв,1984-00-00,pool,low,partial date in id,7
w:1984-00-00:dalibor,Далибор Стеванович,1984-00-00,pool,low,partial date in id,7
tm:228847,Микола Жовтюк,1992-05-21,wikidata,high,,7
tm:372362,Юрій Тома,1996-04-27,wikidata,high,,7
tm:318361,Джемал Кизилатеш,1994-03-14,wikidata,high,,7
tm:354326,Навід Насімі,1995-03-01,wikidata,high,,7
tm:168376,Сергій Шаповал,1990-02-07,wikidata,high,,7
tm:75296,Радосав Петрович,1989-03-08,wikidata,high,,7
tm:366445,Андрій Марчук,1997-06-25,wikidata,high,,7
tm:140461,Артем Рахманов,1990-07-10,wikidata,high,,7
tm:526365,Гуттінер,1994-10-06,wikidata,high,,7
tm:540469,Оскар Піріс,1989-06-06,wikidata,high,,7
tm:131694,Оларенваджу Кайоде,1993-05-08,wikidata,high,,7
tm:564841,Драмане Салу,1998-05-22,wikidata,high,,7
tm:461653,Артем Малиш,2000-07-15,wikidata,high,,7
tm:632675,Олексій Шпак,1998-08-15,wikidata,high,,7
tm:560110,Іван Коваленко,1999-03-10,wikidata,high,,7
w:1992-00-00:lihovidko,Віктор Лиховидько,1992-00-00,pool,low,partial date in id,7
tm:959399,Роман Михайлів,2003-01-30,wikidata,high,,7
tm:200320,Кевін Кубемба,1993-03-23,wikidata,high,,7
tm:698742,Бузанелло,1998-10-29,wikidata,high,,7
tm:1138480,Микола Киричок,2006-05-16,wikidata,high,,7
tm:762387,Хусрав Тоїров,2004-08-01,wikidata,high,,7
tm:729432,Вадим Ющишин,1999-11-23,wikidata,high,,7
tm:1240467,Артем Присяжнюк,2005-07-17,transfermarkt,high,,7
tm:471638,Еміліано Пуріта,1997-03-25,wikidata,high,,7
tm:666614,Клемент Ікенна,2003-03-16,wikidata,high,,7
tm:387495,Андрій Різник,2000-03-15,transfermarkt,high,,7
tm:537646,Олексій Литовченко,1996-08-15,wikidata,high,,7
tm:706166,Владислав Бленуце,2002-01-12,wikidata,high,,7
tm:647172,Алагі Олівейра,1998-12-14,transfermarkt,high,,7
tm:766706,Станіслав Кристін,2001-09-05,transfermarkt,high,,7
tm:860096,Карлос Рохас,2004-01-23,wikidata,high,,7
tm:1222645,Тіаго Боржес,2005-01-05,wikidata,high,,7
tm:707217,Албан Таїпі,2003-06-21,wikidata,high,,7
tm:1417090,Алагі Валлі,2006-04-03,wikidata,high,,7
tm:1195407,Салью Ба,2006-09-10,wikidata,high,,7
w:1976-12-05:haras,Олег Гарас,1976-12-05,pool,high,,6
w:1970-05-23:mazur,Сергій Мазур,1970-05-23,pool,high,,6
w:1966-08-10:savchenko,Сергій Савченко,1966-08-10,pool,high,,6
w:1967-07-20:hovoruha,Сергій Говоруха,1967-07-20,pool,high,,6
w:1962-01-21:stepanischev,Ігор Степанищев,1962-01-21,pool,high,,6
w:1968-05-12:sharipov,Геннадій Шаріпов,1968-05-12,pool,high,,6
w:1970-04-18:shvets,Орест Швець,1970-04-18,pool,high,,6
w:1976-09-19:vereschaka,Андрій Верещака,1976-09-19,pool,high,,6
w:1971-05-04:scherbina,Ігор Щербина,1971-05-04,pool,high,,6
w:1961-01-15:suslo,Віктор Сусло,1961-01-15,pool,high,,6
w:1968-09-07:zinich,Володимир Зінич,1968-09-07,pool,high,,6
w:1961-01-08:kuznetsov,Віктор Кузнецов,1961-01-08,pool,high,,6
w:1968-08-02:katerusha,Юрій Катеруша,1968-08-02,pool,high,,6
w:1956-09-17:hrachov,Віктор Грачов,1956-09-17,pool,high,,6
w:1963-08-30:kuznetsov,Микола Кузнєцов,1963-08-30,pool,high,,6
w:1974-08-03:rehviashvili,Александр Рехвіашвілі,1974-08-03,pool,high,,6
w:1963-10-14:melnichuk,Ігор Мельничук,1963-10-14,pool,high,,6
w:1969-12-09:liubimov,Олександр Любимов,1969-12-09,pool,high,,6
w:1970-05-06:sinkov,Юрій Синьков,1970-05-06,pool,high,,6
w:1968-09-01:stahiv,Ігор Стахів,1968-09-01,pool,high,,6
w:1970-05-07:chernikov,Геннадій Черніков,1970-05-07,pool,high,,6
w:1976-04-01:kurilenko,Віктор Куриленко,1976-04-01,pool,high,,6
w:1961-09-18:dunai,Віталій Дунай,1961-09-18,pool,high,,6
w:1979-12-23:shakun,Сергій Шакун,1979-12-23,pool,high,,6
w:1973-12-29:holemba,Роман Големба,1973-12-29,pool,high,,6
w:1977-08-08:budhusaim,Сергій Буд-Гусаім,1977-08-08,pool,high,,6
w:1980-02-21:mikula,Євген Микула,1980-02-21,pool,high,,6
w:1975-02-28:lukianchikov,Анатолій Лук'янчиков,1975-02-28,pool,high,,6
w:1970-11-10:kovalkov,Леонід Ковальков,1970-11-10,pool,high,,6
w:1979-03-22:kozlenko,Володимир Козленко,1979-03-22,pool,high,,6
w:1976-11-24:skvortsov,Анатолій Скворцов,1976-11-24,pool,high,,6
w:1977-04-10:lunhu,Владіслав Лунгу,1977-04-10,pool,high,,6
w:1970-03-24:vasiutik,Володимир Васютик,1970-03-24,pool,high,,6
w:1965-08-07:sechin,Сергій Сечін,1965-08-07,pool,high,,6
w:1977-09-24:paleshev,Олександр Палешев,1977-09-24,pool,high,,6
w:1975-10-05:hudjadze,Шалва Худжадзе,1975-10-05,pool,high,,6
w:1978-07-18:davitnidze,Георгій Давітнідзе,1978-07-18,pool,high,,6
w:1982-02-20:ponomarenko,Сергій Пономаренко,1982-02-20,pool,high,,6
w:1980-04-10:tarasenko,Віталій Тарасенко,1980-04-10,pool,high,,6
w:1975-04-21:rak,Олег Рак,1975-04-21,pool,high,,6
w:1976-04-19:romashev,Олександр Ромашев,1976-04-19,pool,high,,6
w:1981-11-11:komar,Ярослав Комар,1981-11-11,pool,high,,6
w:1980-07-27:ratski,Володимир Рацький,1980-07-27,pool,high,,6
w:1970-08-27:iulian,Юліян Нейчев,1970-08-27,pool,high,,6
w:1982-05-13:jdaha,Олександр Ждаха,1982-05-13,pool,high,,6
w:1973-01-12:buhakov,Олег Бугаков,1973-01-12,pool,high,,6
w:1977-11-27:tanurkov,Володимир Танурков,1977-11-27,pool,high,,6
w:1981-04-18:iovanovich,Мілан Йованович,1981-04-18,pool,high,,6
w:1978-07-17:braikovich,Горан Брайкович,1978-07-17,pool,high,,6
w:1973-05-19:tomash,Пйотр Цетнарович,1973-05-19,pool,high,,6
w:1982-10-01:shkred,Олег Шкред,1982-10-01,pool,high,,6
w:1977-05-20:trapachkin,Роман Тропачкін,1977-05-20,pool,high,,6
w:1979-11-01:savchuk,Владислав Савчук,1979-11-01,pool,high,,6
w:1985-10-12:hristian,Хрістіян Кіровскі,1985-10-12,pool,high,,6
w:1980-11-02:panforov,Андрій Панфьоров,1980-11-02,pool,high,,6
w:1984-02-21:brazeiro,Жадер,1984-02-21,pool,high,,6
w:1989-09-05:kablash,Олександр Каблаш,1989-09-05,pool,high,,6
w:1980-11-24:ronald,Рональд Шіклич,1980-11-24,pool,high,,6
w:1978-04-12:dias,Флавіо,1978-04-12,pool,high,,6
w:1982-02-06:zelenbaba,Владимир Зеленбаба,1982-02-06,pool,high,,6
w:1978-11-14:melnichuk,Андрій Мельничук,1978-11-14,pool,high,,6
w:1981-12-09:babai,Шпетім Бабай,1981-12-09,pool,high,,6
w:1989-02-09:kostiuk,Василь Костюк,1989-02-09,pool,high,,6
w:1989-02-05:hovbosha,Дмитро Ховбоша,1989-02-05,pool,high,,6
w:1988-03-16:rad,Андрій Радь,1988-03-16,pool,high,,6
w:1988-05-31:furta,Юрій Фурта,1988-05-31,pool,high,,6
w:1987-05-03:arturs,Артурс Сілагайліс,1987-05-03,pool,high,,6
w:1983-07-15:malish,Ігор Малиш,1983-07-15,pool,high,,6
w:1984-08-14:luksha,Вітаутас Лукша,1984-08-14,pool,high,,6
tm:155843,Антон Кіча,1990-05-01,wikidata,high,,6
tm:59045,Павло Грищенко,1990-07-06,wikidata,high,,6
w:1987-11-08:leshko,Павло Лешко,1987-11-08,pool,high,,6
w:1985-00-00:erik,Ерік Перейра,1985-00-00,pool,low,partial date in id,6
w:1991-00-00:esekel,Херман Пачеко,1991-00-00,pool,low,partial date in id,6
tm:81349,Антоніо Яколіш,1992-02-28,wikidata,high,,6
w:1987-00-00:barilko,Сергій Барилко,1987-00-00,pool,low,partial date in id,6
w:1987-00-00:kalouda,Любош Калоуда,1987-00-00,pool,low,partial date in id,6
tm:217760,Олексій Казаков,1990-02-22,wikidata,high,,6
tm:124870,Лоренсо Ебесіліо,1991-09-24,wikidata,high,,6
tm:271514,Дмитро Ульянов,1993-12-01,wikidata,high,,6
tm:213035,Амаду Мутарі,1994-01-19,wikidata,high,,6
tm:295619,Євген Немтінов,1995-10-03,wikidata,high,,6
tm:364038,Тимофій Шеремета,1995-10-06,wikidata,high,,6
tm:371319,Габріель Окечукву,1995-08-28,wikidata,high,,6
tm:272785,Андрій Маркович,1995-06-25,wikidata,high,,6
tm:141329,Акім Латіфу,1992-06-11,wikidata,high,,6
tm:401884,Руслан Марушка,1998-08-23,wikidata,high,,6
tm:178862,Ніка Сандохадзе,1994-02-20,wikidata,high,,6
tm:521844,Кирило Костенко,1998-12-04,wikidata,high,,6
tm:531456,Хішам Ель Хамдауї,1995-11-18,wikidata,high,,6
tm:553056,Вадим Янчак,1999-02-07,wikidata,high,,6
tm:373044,Максим Казаков,1996-02-06,wikidata,high,,6
tm:470265,Кирило Кириленко,2000-10-08,wikidata,high,,6
tm:694512,Хішам Лаюс,2000-11-13,wikidata,high,,6
w:1997-00-00:aleksandr,Олександр Масалов,1997-00-00,pool,low,partial date in id,6
w:1990-00-00:spirovski,Стефан Спіровський,1990-00-00,pool,low,partial date in id,6
w:1992-00-00:kverkvelia,Соломон Кверквелія,1992-00-00,pool,low,partial date in id,6
tm:270019,Реальдо Філі,1996-05-14,wikidata,high,,6
tm:1050249,Денис Шевченко,2003-04-03,wikidata,high,,6
tm:1059104,Олександр Ніколишин,,,,,6
tm:600003,Дмитро Касімов,1999-08-14,wikidata,high,,6
tm:937918,Руслан Непейпієв,2003-06-03,wikidata,high,,6
tm:243843,Олег Тарасенко,1990-06-23,wikidata,high,,6
tm:1109816,Іван Демиденко,2003-06-11,wikidata,high,,6
tm:910926,Де,1998-02-06,wikidata,high,,6
tm:941418,Деніл Кастільйо,2004-03-24,wikidata,high,,6
tm:1074052,Владислав Калин,2006-04-14,wikidata,high,,6
tm:451603,Штефан Вледою,1998-12-28,wikidata,high,,6
tm:836428,Борель Томандзото,2002-08-14,wikidata,high,,6
tm:1176435,Іван Денисов,2007-03-28,transfermarkt,high,,6
tm:1295301,Єгор Клименко,2008-01-01,transfermarkt,high,,6
tm:626771,Лука Станковскі,2002-09-02,wikidata,high,,6
tm:617643,Альбін Краснічі,2001-06-03,wikidata,high,,6
tm:926657,Кирило Матвєєв,2002-04-05,wikidata,high,,6
tm:706176,Абдул Авуду,2001-01-10,wikidata,high,,6
tm:1522779,Давід Нійо,2007-06-23,wikidata,high,,6
tm:942475,Верлей Баррера,2002-09-19,transfermarkt,high,,6
w:1964-10-24:sluka,Микола Слука,1964-10-24,pool,high,,5
w:1964-02-10:sofilkanich,Валерій Софілканич,1964-02-10,pool,high,,5
w:1967-01-03:kvitkauskas,Гінтарас Квіткаускас,1967-01-03,pool,high,,5
w:1974-07-13:unhurian,Андрій Унгурян,1974-07-13,pool,high,,5
w:1973-10-20:mansurov,Раміс Мансуров,1973-10-20,pool,high,,5
w:1970-04-05:savenko,Олександр Савенко,1970-04-05,pool,high,,5
w:1972-06-26:pahomov,Костянтин Пахомов,1972-06-26,pool,high,,5
w:1969-09-04:chaika,Андрій Чайка,1969-09-04,pool,high,,5
w:1972-05-20:korobov,Сергій Коробов,1972-05-20,pool,high,,5
w:1977-01-01:lamtiuhin,Сергій Ламтюгін,1977-01-01,pool,high,,5
w:1974-08-18:sumtsov,Олег Сумцов,1974-08-18,pool,high,,5
w:1974-09-14:vozniuk,Сергій Вознюк,1974-09-14,pool,high,,5
w:1959-01-05:smolianinov,Олег Смолянинов,1959-01-05,pool,high,,5
w:1977-08-03:omelianovich,Сергій Омельянович,1977-08-03,pool,high,,5
w:1972-02-27:lastivka,Юрій Ластівка,1972-02-27,pool,high,,5
w:1974-10-01:holovan,Олег Головань,1974-10-01,pool,high,,5
w:1972-04-08:zapishni,Андрій Запишний,1972-04-08,pool,high,,5
w:1963-06-20:tsimbal,Сергій Цимбал,1963-06-20,pool,high,,5
w:1969-04-25:kostikov,Олег Костіков,1969-04-25,pool,high,,5
w:1970-05-02:iarkov,Сергій Ярков,1970-05-02,pool,high,,5
w:1977-10-10:karaianov,Віталій Караянов,1977-10-10,pool,high,,5
w:1964-10-04:merab,Мераб Тевзадзе,1964-10-04,pool,high,,5
w:1969-01-01:zaev,Роман Заєв,1969-01-01,pool,high,,5
w:1972-06-11:hatilov,Юрій Гатилов,1972-06-11,pool,high,,5
w:1974-01-24:sirik,Анатолій Сірик,1974-01-24,pool,high,,5
w:1972-01-14:pronin,Сергій Пронін,1972-01-14,pool,high,,5
w:1965-07-23:taran,Вадим Таран,1965-07-23,pool,high,,5
w:1972-08-25:marashov,Олександр Марашов,1972-08-25,pool,high,,5
w:1979-10-20:baranov,Василь Баранов,1979-10-20,pool,high,,5
w:1973-09-07:perehrim,Дмитро Перегрім,1973-09-07,pool,high,,5
w:1971-09-11:panasiuk,Костянтин Панасюк,1971-09-11,pool,high,,5
w:1973-10-10:zuev,Андрій Зуєв,1973-10-10,pool,high,,5
w:1966-10-29:huzun,Олександр Гузун,1966-10-29,pool,high,,5
w:1979-09-23:eliar,Ельшад Гусейнов,1979-09-23,pool,high,,5
w:1965-01-10:morhun,Олег Моргун,1965-01-10,pool,high,,5
w:1966-03-19:ovcharov,Юрій Овчаров,1966-03-19,pool,high,,5
w:1974-10-08:lopushinski,Андрій Лопушинський,1974-10-08,pool,high,,5
w:1978-06-23:evsiukov,Олександр Євсюков,1978-06-23,pool,high,,5
w:1978-02-01:svisch,Роман Свищ,1978-02-01,pool,high,,5
w:1972-01-11:iaskovich,Сергій Яскович,1972-01-11,pool,high,,5
w:1976-09-18:hordenko,Вадим Гордієнко,1976-09-18,pool,high,,5
w:1971-06-04:diak,Віктор Д'як,1971-06-04,pool,high,,5
w:1981-05-29:bili,Олександр Білий,1981-05-29,pool,high,,5
w:1973-06-06:tepchuk,Юрій Тепчук,1973-06-06,pool,high,,5
w:1970-07-07:kukalevich,Сергій Кукалевич,1970-07-07,pool,high,,5
w:1977-02-20:sautin,Артем Саутін,1977-02-20,pool,high,,5
w:1975-10-02:matiushenko,В'ячеслав Матюшенко,1975-10-02,pool,high,,5
w:1981-01-21:podust,Руслан Подуст,1981-01-21,pool,high,,5
w:1981-07-29:tenhiz,Тенгіз Угрехелідзе,1981-07-29,pool,high,,5
w:1975-05-18:demirchian,Оганес Демірчян,1975-05-18,pool,high,,5
w:1978-01-18:lukashuk,Володимир Лукашук,1978-01-18,pool,high,,5
w:1979-05-18:bahniuk,Олексій Багнюк,1979-05-18,pool,high,,5
w:1976-03-22:leandro,Леандро Машаду,1976-03-22,pool,high,,5
w:1984-10-25:honcharenko,Євген Гончаренко,1984-10-25,pool,high,,5
w:1977-08-16:fereira,Вашингтон,1977-08-16,pool,high,,5
w:1984-02-05:chesnauskis,Едгарас Чеснаускіс,1984-02-05,pool,high,,5
w:1984-03-27:chaban,Сергій Чабан,1984-03-27,pool,high,,5
w:1981-05-01:kalachov,Тимофій Калачов,1981-05-01,pool,high,,5
tm:63164,Руслан Суанов,1975-06-18,wikidata,high,,5
w:1985-01-16:polunitski,Олександр Полуницький,1985-01-16,pool,high,,5
w:1985-06-16:baranov,Іван Баранов,1985-06-16,pool,high,,5
w:1985-05-21:lisovi,Максим Лісовий,1985-05-21,pool,high,,5
w:1981-05-15:branavitski,Євген Брановицький,1981-05-15,pool,high,,5
w:1985-06-08:osmani,Тефік Османі,1985-06-08,pool,high,,5
w:1973-12-10:liubisha,Любіша Ранкович,1973-12-10,pool,high,,5
w:1988-04-24:balaj,Балаж Фаркаш,1988-04-24,pool,high,,5
w:1986-11-20:sviridov,Платон Свиридов,1986-11-20,pool,high,,5
w:1983-06-09:lazarevski,Владе Лазаревскі,1983-06-09,pool,high,,5
w:1985-07-09:ernesto,Пабло Вітті,1985-07-09,pool,high,,5
w:1980-03-21:koziuberda,Сергій Козюберда,1980-03-21,pool,high,,5
w:1983-12-19:nikola,Нікола Васілєвич,1983-12-19,pool,high,,5
w:1986-01-25:ponomarov,Олександр Пономарьов,1986-01-25,pool,high,,5
w:1988-03-11:andronik,Ігор Андронік,1988-03-11,pool,high,,5
tm:163481,Юрій Глушко,1991-02-05,wikidata,high,,5
w:1985-00-00:kink,Тармо Кінк,1985-00-00,pool,low,partial date in id,5
w:1990-00-00:miroslav,Мирослав Славов,1990-00-00,pool,low,partial date in id,5
w:1986-00-00:barishich,Йосип Барішич,1986-00-00,pool,low,partial date in id,5
w:1987-00-00:protich,Радош Протич,1987-00-00,pool,low,partial date in id,5
tm:96957,В'ячеслав Акімов,1989-10-17,wikidata,high,,5
tm:99189,Пеле,1991-09-29,wikidata,high,,5
tm:24880,Артур,1984-02-18,wikidata,high,,5
tm:65542,Тіагу Терросу,1988-01-13,wikidata,high,,5
tm:45353,Воллес,1986-10-29,wikidata,high,,5
tm:415859,Матеус Мендес,1992-01-22,wikidata,high,,5
tm:223779,Маріо Аркес,1992-01-19,wikidata,high,,5
tm:397464,Леонідас,1995-10-17,wikidata,high,,5
tm:521846,Богдан Мицик,1998-03-08,wikidata,high,,5
tm:308452,Олексій Щебетун,1997-06-02,wikidata,high,,5
tm:107283,Василь Палагнюк,1991-03-07,wikidata,high,,5
tm:173933,Олександр Єрмаченко,1993-01-29,wikidata,high,,5
tm:389479,Роберт Мютцерс,1993-04-06,wikidata,high,,5
tm:622625,Енріке Араужо,1998-08-07,wikidata,high,,5
tm:342820,Рубін Хебай,1998-07-30,wikidata,high,,5
tm:418896,Станіслав Сорокін,2000-05-03,wikidata,high,,5
w:1991-00-00:vadim,Вадим Жук,1991-00-00,pool,low,partial date in id,5
w:1996-00-00:bosanchich,Петар Босанчич,1996-00-00,pool,low,partial date in id,5
w:1994-00-00:hrin,Сергій Гринь,1994-00-00,pool,low,partial date in id,5
tm:969596,Габріел Гомес,1999-08-23,wikidata,high,,5
tm:190333,Фарес Бахлулі,1995-04-08,wikidata,high,,5
tm:985349,Ігор Енріке,2004-02-27,wikidata,high,,5
tm:487194,Паті Малумандсоко,2000-05-11,wikidata,high,,5
tm:911644,Ілля Ольховий,2003-05-30,wikidata,high,,5
tm:809617,Лео Антоніо,1997-06-09,wikidata,high,,5
tm:917809,Ярослав Проценко,,,,,5
tm:354640,Хосе Ернандес,1996-12-18,wikidata,high,,5
tm:935048,Денис Твардовський,2003-06-13,wikidata,high,,5
tm:1185406,Роман Ковалюк,2005-08-10,wikidata,high,,5
tm:1035981,Данило Ізотов,2004-01-08,wikidata,high,,5
tm:591619,Владимир Арсич,2001-04-20,wikidata,high,,5
tm:1161400,Максим Скороход,,,,,5
tm:1154991,Владислав Чабан,2003-01-22,wikidata,high,,5
tm:653832,Офек Бітон,1999-09-27,wikidata,high,,5
tm:597290,Анді Хадрой,1999-02-22,wikidata,high,,5
tm:370998,Бартол Франьїч,2000-01-14,wikidata,high,,5
tm:738154,Крістофер Нваезе,2002-11-16,wikidata,high,,5
tm:955216,Максим Василець,2005-08-15,wikidata,high,,5
tm:916226,Зураб Рухадзе,2003-07-30,wikidata,high,,5
tm:1293451,Олександр Фещенко,2007-07-21,wikidata,high,,5
tm:935094,Дмитро Кремчанін,2005-03-22,transfermarkt,high,,5
tm:1293692,Назар Прокопенко,2005-06-04,wikidata,high,,5
tm:1346771,Володимир Ясінський,,,,,5
tm:1291835,Дмитро Себро,,,,,5
w:1973-01-13:oshiko,Василь Ошийко,1973-01-13,pool,high,,4
w:1960-08-22:shevchenko,Сергій Шевченко,1960-08-22,pool,high,,4
w:1971-07-21:dolinovski,Олег Долиновський,1971-07-21,pool,high,,4
w:1960-01-20:suhenko,Віктор Сухенко,1960-01-20,pool,high,,4
w:1966-03-10:hudimenko,Юрій Гудименко,1966-03-10,pool,high,,4
w:1968-05-22:hulenkov,Дмитро Гуленков,1968-05-22,pool,high,,4
w:1965-11-23:ivanov,Олександр Іванов,1965-11-23,pool,high,,4
w:1967-09-04:kornev,Дмитро Корнєєв,1967-09-04,pool,high,,4
w:1965-01-02:sartakov,Ігор Сартаков,1965-01-02,pool,high,,4
w:1956-03-11:kolesnikov,Юрій Колесников,1956-03-11,pool,high,,4
w:1968-12-23:keniz,Михайло Кенийз,1968-12-23,pool,high,,4
w:1970-12-13:burlaka,Сергій Бурлака,1970-12-13,pool,high,,4
w:1975-05-10:iakovenko,Сергій Яковенко,1975-05-10,pool,high,,4
w:1960-04-29:baranov,Олександр Баранов,1960-04-29,pool,high,,4
w:1961-01-15:morozov,Сергій Морозов,1961-01-15,pool,high,,4
w:1976-05-06:pedorenko,Дмитро Педоренко,1976-05-06,pool,high,,4
w:1960-07-16:havrilov,Володимир Гаврилов,1960-07-16,pool,high,,4
w:1964-11-07:koliada,Ігор Коляда,1964-11-07,pool,high,,4
w:1960-06-12:kvasnikov,Сергій Квасніков,1960-06-12,pool,high,,4
w:1970-11-10:boiar,Руслан Бояр,1970-11-10,pool,high,,4
w:1967-02-04:miliukin,Ігор Мілюкін,1967-02-04,pool,high,,4
w:1973-06-03:vasiliv,Зіновій Василів,1973-06-03,pool,high,,4
w:1979-07-02:kovrijkin,Сергій Коврижкін,1979-07-02,pool,high,,4
w:1960-04-02:prichinenko,Володимир Причиненко,1960-04-02,pool,high,,4
w:1974-12-23:pertia,Ромаз Пертія,1974-12-23,pool,high,,4
w:1968-02-09:soshko,Володимир Сошко,1968-02-09,pool,high,,4
w:1976-08-21:baranov,Євгеній Баранов,1976-08-21,pool,high,,4
w:1974-10-11:zablotski,Сергій Заблоцький,1974-10-11,pool,high,,4
w:1978-06-20:apian,Артур Апіян,1978-06-20,pool,high,,4
w:1970-05-21:chaika,Віталій Чайка,1970-05-21,pool,high,,4
w:1974-02-01:kito,Станіслав Кітто,1974-02-01,pool,high,,4
w:1976-10-03:matiash,Валерій Матяш,1976-10-03,pool,high,,4
w:1975-09-09:fedirchik,Богдан Федірчик,1975-09-09,pool,high,,4
w:1972-05-15:dubina,Валентин Дубина,1972-05-15,pool,high,,4
w:1971-01-27:hetman,Юрій Гетьман,1971-01-27,pool,high,,4
w:1965-08-13:zeiberlinsh,Арманд Зейберліньш,1965-08-13,pool,high,,4
w:1978-07-24:belikov,Сергій Бєліков,1978-07-24,pool,high,,4
w:1971-07-24:krijanivski,Володимир Крижанівський,1971-07-24,pool,high,,4
w:1974-01-21:sidenko,Анатолій Сіденко,1974-01-21,pool,high,,4
w:1980-05-23:korol,Костянтин Король,1980-05-23,pool,high,,4
w:1976-09-22:vitvitski,Микола Вітвіцький,1976-09-22,pool,high,,4
w:1977-06-15:duhno,Анатолій Духно,1977-06-15,pool,high,,4
w:1964-10-01:ptashnik,Сергій Пташник,1964-10-01,pool,high,,4
w:1979-04-25:shubin,Владислав Шубін,1979-04-25,pool,high,,4
w:1981-07-05:ptashnik,Анатолій Пташник,1981-07-05,pool,high,,4
w:1982-03-21:strelkov,Ігор Стрєлков,1982-03-21,pool,high,,4
w:1981-09-30:boiko,Дмитро Бойко,1981-09-30,pool,high,,4
w:1973-10-15:filimonov,Олександр Філімонов,1973-10-15,pool,high,,4
w:1980-12-15:kovtunov,Євген Ковтунов,1980-12-15,pool,high,,4
w:1981-10-21:ahbo,Патрік Агбо,1981-10-21,pool,high,,4
w:1981-04-13:berna,Роджер,1981-04-13,pool,high,,4
w:1979-03-21:kudria,В'ячеслав Кудря,1979-03-21,pool,high,,4
w:1981-01-17:hotsiridze,Реваз Гоцірідзе,1981-01-17,pool,high,,4
w:1973-09-06:alen,Ален Амугу,1973-09-06,pool,high,,4
w:1982-08-18:rostovski,Сергій Ростовський,1982-08-18,pool,high,,4
w:1969-03-06:iastrebinski,Євген Ястребінський,1969-03-06,pool,high,,4
w:1973-01-06:boriachinski,Андрій Борячинський,1973-01-06,pool,high,,4
w:1984-10-15:kozerenko,Роман Козеренко,1984-10-15,pool,high,,4
w:1983-02-21:brushko,Томаш Брушко,1983-02-21,pool,high,,4
w:1974-08-04:kachur,Василь Качур,1974-08-04,pool,high,,4
w:1975-03-01:djordje,Джордже Інджич,1975-03-01,pool,high,,4
w:1979-01-10:alesandro,Алессандро,1979-01-10,pool,high,,4
w:1979-02-28:aleksandru,Александру Голбан,1979-02-28,pool,high,,4
w:1986-09-19:mihailov,Сергій Михайлов,1986-09-19,pool,high,,4
w:1975-10-11:michovich,Владимир Мічович,1975-10-11,pool,high,,4
w:1984-09-12:kots,Роман Коц,1984-09-12,pool,high,,4
w:1981-07-07:irimia,Крістіан Ірімія,1981-07-07,pool,high,,4
w:1974-05-21:rade,Раде Тодорович,1974-05-21,pool,high,,4
w:1987-01-06:kucherenko,Іван Кучеренко,1987-01-06,pool,high,,4
w:1981-01-03:levchenko,Сергій Левченко,1981-01-03,pool,high,,4
w:1985-08-09:dudnik,Ігор Дудник,1985-08-09,pool,high,,4
w:1982-01-25:orlati,Андрій Орлатий,1982-01-25,pool,high,,4
w:1978-09-05:aleksandar,Александар Недович,1978-09-05,pool,high,,4
w:1985-01-20:lutsenko,Роман Луценко,1985-01-20,pool,high,,4
w:1980-08-16:ioksimovich,Ігор Йоксімович,1980-08-16,pool,high,,4
w:1982-06-25:ohanian,Карен Оганян,1982-06-25,pool,high,,4
w:1981-01-17:stasovski,Олександр Стасовський,1981-01-17,pool,high,,4
w:1984-12-31:demba,Демба Туре,1984-12-31,pool,high,,4
w:1989-02-07:svorak,Ярослав Сворак,1989-02-07,pool,high,,4
w:1982-08-12:marko,Марко Мілованович,1982-08-12,pool,high,,4
w:1986-06-13:zeldi,Сергій Зелді,1986-06-13,pool,high,,4
w:1983-08-05:hisham,Гішам Мадуфі,1983-08-05,pool,high,,4
w:1988-05-18:krivi,Максим Кривий,1988-05-18,pool,high,,4
w:1988-09-04:melnik,Сергій Мельник,1988-09-04,pool,high,,4
w:1983-07-24:kornutiak,Володимир Корнутяк,1983-07-24,pool,high,,4
w:1989-11-07:ushakov,Євген Ушаков,1989-11-07,pool,high,,4
w:1989-02-26:boichenko,Валерій Бойченко,1989-02-26,pool,high,,4
w:1983-09-27:shapiatovski,Віталій Шап'ятовський,1983-09-27,pool,high,,4
w:1982-10-12:bulichev,Юрій Буличев,1982-10-12,pool,high,,4
w:1989-11-04:kechedji,Олександр Кечеджі,1989-11-04,pool,high,,4
w:1987-03-27:danel,Ернан Фредес,1987-03-27,pool,high,,4
w:1987-07-27:sirota,Максим Сирота,1987-07-27,pool,high,,4
w:1990-06-30:bertohlio,Факундо Бертольйо,1990-06-30,pool,high,,4
w:1987-07-05:skepski,Денис Скепський,1987-07-05,pool,high,,4
tm:166586,Ян Ковалевський,1993-06-26,wikidata,high,,4
w:1979-06-04:adrian,Адріан Няга,1979-06-04,pool,high,,4
w:1984-01-17:rachich,Стеван Рачич,1984-01-17,pool,high,,4
w:1984-00-00:djimi,Джиммі Франса,1984-00-00,pool,low,partial date in id,4
tm:138292,Борис Тащі,1993-07-26,wikidata,high,,4
w:1991-00-00:cheremisin,Олексій Черемісін,1991-00-00,pool,low,partial date in id,4
w:1983-00-00:arbi,Мохаммед Арурі,1983-00-00,pool,low,partial date in id,4
w:1991-00-00:abdulvahid,Абдулвахід Афолабі,1991-00-00,pool,low,partial date in id,4
w:1982-00-00:lozinski,Євген Лозинський,1982-00-00,pool,low,partial date in id,4
tm:32306,Якуб Тосік,1987-05-21,wikidata,high,,4
tm:162952,Гаетано Монакелло,1994-03-03,wikidata,high,,4
tm:34405,Мілан Пурович,1985-05-07,wikidata,high,,4
tm:60941,Іванс Лук'яновс,1987-01-24,wikidata,high,,4
tm:130196,Євген Колесник,1990-01-13,wikidata,high,,4
tm:51141,Александар Лазевскі,1988-01-21,wikidata,high,,4
tm:97205,Микита Безлихотнов,1990-08-19,wikidata,high,,4
tm:293108,Руслан Мамутов,1993-08-19,wikidata,high,,4
tm:156556,Венцислав Христов,1988-11-09,wikidata,high,,4
tm:184930,Мохаммед Алію,1993-02-12,wikidata,high,,4
tm:342139,Богдан Суходуб,1994-02-09,wikidata,high,,4
tm:340773,Сергій Приходько,1994-01-21,wikidata,high,,4
tm:112640,Альдо Адорно,1982-04-08,wikidata,high,,4
tm:58928,Юрій Бровченко,1988-01-25,wikidata,high,,4
tm:207889,Михайло Писко,1993-03-19,wikidata,high,,4
tm:382527,Віктор Гей,1996-02-02,wikidata,high,,4
tm:430153,Олексій Хоменко,1994-08-28,wikidata,high,,4
tm:316946,Сергій Наполов,1996-01-27,wikidata,high,,4
tm:269677,Владислав Краєв,1995-02-05,wikidata,high,,4
tm:406761,Євген Іздебський,1995-06-03,wikidata,high,,4
tm:294201,Роман Стефурак,1996-04-17,wikidata,high,,4
tm:325410,Максим Бабійчук,1994-04-28,wikidata,high,,4
tm:313753,Ярослав Квасов,1992-03-05,wikidata,high,,4
tm:187115,Вахтанг Чантурішвілі,1993-08-05,wikidata,high,,4
tm:501614,Роман Ільницький,1998-01-30,wikidata,high,,4
tm:45577,Себастьян Рібас,1988-03-11,wikidata,high,,4
tm:176562,Роже Гоміс,1995-03-20,wikidata,high,,4
tm:529543,Марко Ніколич,1998-03-31,wikidata,high,,4
tm:319143,Іван Єлич Балта,1992-09-17,wikidata,high,,4
tm:411149,Кертіс Єблі,1997-03-30,wikidata,high,,4
tm:114019,Василь Павлов,1990-07-24,wikidata,high,,4
tm:61464,Карім Йода,1988-10-25,wikidata,high,,4
tm:628569,Роман Толочко,1998-10-25,wikidata,high,,4
tm:601285,Панамбі,1995-03-11,wikidata,high,,4
tm:520858,Ліпе Велозо,1997-04-07,wikidata,high,,4
tm:654393,Вісенте,1996-03-02,wikidata,high,,4
tm:628570,Сергій Майборода,1997-11-21,wikidata,high,,4
tm:143121,Мелвін Лоренцен,1994-11-26,wikidata,high,,4
tm:383294,Євген Єфремов,1994-01-17,wikidata,high,,4
tm:373941,Жоель Бопесу,1995-01-25,wikidata,high,,4
tm:379677,Олександр Мішуренко,1988-10-25,wikidata,high,,4
tm:537847,Дмитро Павлиш,1999-09-30,wikidata,high,,4
tm:348768,Макс Челич,1996-03-08,wikidata,high,,4
w:2000-00-00:artem,Артем Холод,2000-00-00,pool,low,partial date in id,4
w:1996-00-00:dmitri,Дмитро Махнєв,1996-00-00,pool,low,partial date in id,4
tm:1082915,Геннадій Синчук,2006-07-10,wikidata,high,,4
tm:307308,Володимир Шопін,1991-05-09,wikidata,high,,4
tm:1120127,Кирило Влага,2006-10-22,transfermarkt,high,,4
tm:495917,Іван Пономаренко,1998-05-10,wikidata,high,,4
tm:539437,Даниїл Хондак,2001-04-19,wikidata,high,,4
tm:1268326,Тимур Бутенко,2006-11-14,transfermarkt,high,,4
tm:1250868,Мухаммад Джурабаєв,2008-02-04,wikidata,high,,4
tm:761326,Став Лемкін,2003-04-02,wikidata,high,,4
tm:833315,Новатус Міроші,2002-09-02,wikidata,high,,4
tm:1209124,Ростислав Баран,2005-03-12,transfermarkt,high,,4
tm:973704,Тіаго Кунья,,,,,4
tm:1003436,Лукас Рамірес,2002-04-27,wikidata,high,,4
tm:1111147,Чіджіоке Аніагбосо,2004-04-15,wikidata,high,,4
tm:983434,Георгій Робакідзе,2005-06-30,transfermarkt,high,,4
tm:1302421,Жуан Нето,,,,,4
tm:1165884,Магомед Кратов,2004-06-30,wikidata,high,,4
tm:1291231,Назар Попов,2006-01-18,wikidata,high,,4
tm:213424,Олександр Дударенко,1995-04-10,wikidata,high,,4
tm:1263951,Артем Чорний,2008-03-26,wikidata,high,,4
tm:1259753,Арсен Залипка,2008-05-09,wikidata,high,,4
tm:574229,Микита Федотов,,,,,4
tm:775723,Іван Бендера,2003-02-18,transfermarkt,high,,4
tm:857859,Владислав Кристін,,,,,4
tm:726013,Гліб Савчук,2003-02-17,wikidata,high,,4
tm:1293391,Захарій Захарків,2008-02-17,wikidata,high,,4
tm:1293298,Матвій Боднар,2008-02-02,transfermarkt,high,,4
tm:623318,Ілля Каравашенко,2001-06-25,wikidata,high,,4
tm:1186330,Антон Демченко,2005-01-06,wikidata,high,,4
tm:882089,Адам Якубу,2005-02-01,transfermarkt,high,,4
tm:1078831,Матвій Панченко,2006-02-04,wikidata,high,,4
tm:1183905,Даниїл Власюк,2005-01-03,transfermarkt,high,,4
tm:294786,Святослав Шаповалов,1997-06-24,wikidata,high,,4
tm:1167746,Ігнат Пушкуца,2006-12-19,wikidata,high,,4
w:1968-11-01:kunitsia,Віталій Куниця,1968-11-01,pool,high,,3
w:1972-02-03:mamchur,Сергій Мамчур,1972-02-03,pool,high,,3
w:1967-01-20:sukiasian,Ерванд Сукіасян,1967-01-20,pool,high,,3
w:1968-10-25:vahanov,Андрій Ваганов,1968-10-25,pool,high,,3
w:1958-03-24:trehubov,Віктор Трегубов,1958-03-24,pool,high,,3
w:1959-03-11:bashkirov,Сергій Башкиров,1959-03-11,pool,high,,3
w:1965-12-27:ovcharenko,Ігор Овчаренко,1965-12-27,pool,high,,3
w:1966-08-16:tibilov,Гоча Тібілов,1966-08-16,pool,high,,3
w:1963-02-12:filoniuk,Павло Філонюк,1963-02-12,pool,high,,3
w:1969-11-27:korobov,Андрій Коробов,1969-11-27,pool,high,,3
w:1967-05-01:samoilov,Олег Самойлов,1967-05-01,pool,high,,3
w:1975-12-22:petrov,Андрій Петров,1975-12-22,pool,high,,3
w:1976-01-24:holovir,Олег Головір,1976-01-24,pool,high,,3
w:1972-04-12:malik,Віталій Малик,1972-04-12,pool,high,,3
w:1972-02-17:rohojkin,Олександр Рогожкін,1972-02-17,pool,high,,3
w:1965-09-16:arakelian,Самвел Аракелян,1965-09-16,pool,high,,3
w:1974-11-11:pavlovich,Віктор Павлович,1974-11-11,pool,high,,3
w:1960-01-07:kondratev,Георгій Кондратьєв,1960-01-07,pool,high,,3
w:1971-01-04:suchko,Владислав Сучко,1971-01-04,pool,high,,3
w:1968-10-20:mojovi,Олександр Мозговий,1968-10-20,pool,high,,3
w:1975-08-19:sharabura,Сергій Шарабура,1975-08-19,pool,high,,3
w:1975-05-04:lisakovski,Андрій Лисаковський,1975-05-04,pool,high,,3
w:1971-01-30:surelo,Сергій Сурело,1971-01-30,pool,high,,3
w:1959-01-20:prohorov,Юрій Прохоров,1959-01-20,pool,high,,3
w:1971-08-20:shikir,Олег Шикир,1971-08-20,pool,high,,3
w:1970-11-03:hopei,Олег Гопей,1970-11-03,pool,high,,3
w:1966-12-24:tkachov,Борис Ткачов,1966-12-24,pool,high,,3
w:1974-01-06:hamtsemlidze,Паата Гамцемлідзе,1974-01-06,pool,high,,3
w:1973-02-25:iaschuk,Олег Ящук,1973-02-25,pool,high,,3
w:1967-04-11:matvichuk,Сергій Матвійчук,1967-04-11,pool,high,,3
w:1969-12-22:hmel,Роман Хмель,1969-12-22,pool,high,,3
w:1960-09-25:belanov,Ігор Бєланов,1960-09-25,pool,high,,3
w:1973-06-25:hriner,Андрій Грінер,1973-06-25,pool,high,,3
w:1978-08-06:veretinski,Олег Веретинський,1978-08-06,pool,high,,3
w:1967-08-15:zenin,Юрій Зенін,1967-08-15,pool,high,,3
w:1971-12-16:rubanchuk,Валерій Рубанчук,1971-12-16,pool,high,,3
w:1974-11-13:fedorkiv,Михайло Федорків,1974-11-13,pool,high,,3
w:1969-09-01:haevik,Олег Гаєвик,1969-09-01,pool,high,,3
w:1977-03-12:lihotvorik,Сергій Ліхотворік,1977-03-12,pool,high,,3
w:1972-06-29:stoianov,Едуард Стоянов,1972-06-29,pool,high,,3
w:1978-08-15:pinenko,Олександр Піненко,1978-08-15,pool,high,,3
w:1970-03-25:svidchenko,Сергій Свідченко,1970-03-25,pool,high,,3
w:1971-08-15:makovski,Леонід Маковський,1971-08-15,pool,high,,3
w:1980-07-09:storojev,Сергій Сторожев,1980-07-09,pool,high,,3
w:1979-06-19:fenin,Віталій Фенін,1979-06-19,pool,high,,3
w:1978-08-27:olinik,Віталій Олійник,1978-08-27,pool,high,,3
w:1978-06-28:alahverdev,Ельдар Аллахвердієв,1978-06-28,pool,high,,3
w:1979-01-16:vakar,Денис Вакар,1979-01-16,pool,high,,3
w:1977-07-12:mishko,Денис Мишко,1977-07-12,pool,high,,3
w:1971-02-16:jovjerenko,Андрій Жовжеренко,1971-02-16,pool,high,,3
w:1978-05-10:kuratov,Олег Куратов,1978-05-10,pool,high,,3
w:1975-02-13:vopliushkin,Ігор Воплюшкін,1975-02-13,pool,high,,3
w:1976-02-01:kruts,Олексій Круц,1976-02-01,pool,high,,3
w:1982-01-02:chornoivan,Олексій Чорноіван,1982-01-02,pool,high,,3
w:1978-01-25:venchak,Олег Венчак,1978-01-25,pool,high,,3
w:1983-11-02:ribak,Василь Рибак,1983-11-02,pool,high,,3
w:1978-08-05:sokoliukorel,Андрій Соколюк-Орел,1978-08-05,pool,high,,3
w:1977-08-16:soroka,Роман Сорока,1977-08-16,pool,high,,3
w:1980-01-14:klabukov,Дмитро Клабуков,1980-01-14,pool,high,,3
w:1983-02-26:bohach,Олександр Богач,1983-02-26,pool,high,,3
w:1983-07-11:derevlov,Костянтин Деревльов,1983-07-11,pool,high,,3
w:1979-06-15:stoliarchuk,Олександр Столярчук,1979-06-15,pool,high,,3
w:1984-11-22:diachenko,Сергій Дяченко,1984-11-22,pool,high,,3
w:1983-08-14:drabeniuk,Роман Драбенюк,1983-08-14,pool,high,,3
w:1982-12-31:borenovich,Ілія Боренович,1982-12-31,pool,high,,3
w:1980-09-10:konovalenko,Євгеній Коноваленко,1980-09-10,pool,high,,3
w:1972-05-17:vasilev,Вадим Васильєв,1972-05-17,pool,high,,3
w:1979-02-16:artemov,Віталій Артемов,1979-02-16,pool,high,,3
tm:91376,Євген Одинцов,1986-08-23,wikidata,high,,3
w:1977-10-04:mor,Едуард Мор,1977-10-04,pool,high,,3
w:1984-06-14:kozliuk,Юрій Козлюк,1984-06-14,pool,high,,3
w:1984-01-19:horbkov,Максим Горбков,1984-01-19,pool,high,,3
w:1978-12-23:dotsenko,Валерій Доценко,1978-12-23,pool,high,,3
w:1985-01-14:papush,Олександр Папуш,1985-01-14,pool,high,,3
w:1976-01-10:levan,Леван Цкітішвілі,1976-01-10,pool,high,,3
w:1978-09-02:aleksandar,Александар Томовський,1978-09-02,pool,high,,3
w:1981-04-24:prohorov,Федір Прохоров,1981-04-24,pool,high,,3
w:1988-10-04:borsh,Руслан Борш,1988-10-04,pool,high,,3
w:1986-03-09:bebeindei,Руді Бебей-Ндей,1986-03-09,pool,high,,3
w:1978-10-21:iovanovich,Марко Йованович,1978-10-21,pool,high,,3
w:1987-03-25:lutsik,Антон Луцик,1987-03-25,pool,high,,3
w:1980-07-11:ikedia,Піус Ікедія,1980-07-11,pool,high,,3
w:1982-03-29:davidov,Олег Давидов,1982-03-29,pool,high,,3
w:1989-01-26:meporia,Іка Мепорія,1989-01-26,pool,high,,3
w:1989-02-17:sirik,Артур Сірик,1989-02-17,pool,high,,3
w:1989-08-29:palamarchuk,Владислав Паламарчук,1989-08-29,pool,high,,3
w:1983-02-13:kaschelan,Младен Кашчелан,1983-02-13,pool,high,,3
w:1984-01-09:fedorenko,Андрій Федоренко,1984-01-09,pool,high,,3
w:1987-04-06:hvan,Хван Хун Хі,1987-04-06,pool,high,,3
w:1988-12-24:luhachov,Єгор Лугачов,1988-12-24,pool,high,,3
w:1990-09-27:andre,Андре,1990-09-27,pool,high,,3
w:1990-08-17:diakiv,Ростислав Дяків,1990-08-17,pool,high,,3
w:1982-06-25:aleksandar,Александар Младенов,1982-06-25,pool,high,,3
w:1988-02-24:matia,Матія Шпичич,1988-02-24,pool,high,,3
w:1990-07-16:pohoreltsev,Роллан Погорельцев,1990-07-16,pool,high,,3
w:1984-04-15:aleisho,Леонардо,1984-04-15,pool,high,,3
w:1986-02-27:karpovich,Максим Карпович,1986-02-27,pool,high,,3
w:1990-00-00:eremenko,Дмитро Єрьоменко,1990-00-00,pool,low,partial date in id,3
w:1987-00-00:david,Давид Янчик,1987-00-00,pool,low,partial date in id,3
w:1981-00-00:dino,Діно Дрпич,1981-00-00,pool,low,partial date in id,3
w:1991-00-00:batischev,Олександр Батищев,1991-00-00,pool,low,partial date in id,3
tm:249217,Сергій Загідулін,1992-03-26,wikidata,high,,3
tm:124160,Андрій Гайдаш,1989-01-16,wikidata,high,,3
tm:87663,Максим Скороходов,1986-12-03,wikidata,high,,3
tm:103600,Вісенте Арсе,1985-11-22,wikidata,high,,3
tm:166647,Арман Елла,1993-02-23,wikidata,high,,3
tm:121188,Антон Крамар,1988-02-05,wikidata,high,,3
tm:34514,Чіпріан Васілаке,1983-09-14,wikidata,high,,3
tm:373251,Владислав Щетінін,1997-08-29,wikidata,high,,3
tm:226093,Лоренцо Шимич,1996-07-15,wikidata,high,,3
tm:206890,Олександр Лучик,1994-03-30,wikidata,high,,3
tm:228846,Юрій Соломка,1990-01-04,wikidata,high,,3
tm:430154,Євген Добровольський,1995-02-10,wikidata,high,,3
tm:406776,Дмитро Гапончук,1995-11-08,wikidata,high,,3
tm:292717,Гіоргі Арабідзе,1998-03-04,wikidata,high,,3
tm:176406,Олексій Баштаненко,1994-03-16,wikidata,high,,3
tm:453483,Ігор Богач,1996-05-03,wikidata,high,,3
tm:322383,Ярослав Котляров,1997-11-19,wikidata,high,,3
tm:452578,Євген Котюн,1996-07-31,wikidata,high,,3
tm:330030,Наїлсон,1994-02-24,wikidata,high,,3
tm:463397,Маурісіо Кортес,1997-02-09,wikidata,high,,3
tm:435214,Джонатан,1995-04-04,wikidata,high,,3
tm:569576,Пепі,1996-04-14,wikidata,high,,3
tm:272624,Давід Фопала,1997-02-11,wikidata,high,,3
tm:92030,Дмитро Башлай,1990-04-25,wikidata,high,,3
tm:398808,Мартін Онгла,1998-03-16,wikidata,high,,3
tm:402363,Кауе Сілва,1997-01-04,wikidata,high,,3
tm:600008,Ігор Карпенко,1997-09-24,wikidata,high,,3
tm:615314,Андрій Артим,2000-02-21,wikidata,high,,3
tm:531967,Матеус Яковеллі,1998-03-13,wikidata,high,,3
tm:355367,Вагнер Гонсалвес,1996-04-27,wikidata,high,,3
tm:672802,В'ячеслав Велєв,2000-05-21,wikidata,high,,3
tm:537851,Станіслав Біблик,2001-08-17,wikidata,high,,3
tm:838182,Ярослав Доброхотов,2000-11-01,wikidata,high,,3
tm:751995,Андрій Глоба,1999-01-24,wikidata,high,,3
tm:771917,Максим Комарець,2002-05-23,wikidata,high,,3
tm:162783,Володимир Заставний,1990-09-02,wikidata,high,,3
tm:313741,Бредлі де Нойєр,1997-11-07,wikidata,high,,3
tm:347270,Максим Гречкін,1996-03-04,wikidata,high,,3
tm:893187,Решат Рамадані,2003-06-30,wikidata,high,,3
tm:1115271,Захар Карпус,,,,,3
tm:926183,Вендел,2001-04-01,wikidata,high,,3
tm:724428,Ула Траоре,1995-09-29,wikidata,high,,3
tm:659219,Гільєрме,2001-06-12,transfermarkt,high,,3
tm:1141487,Владислав Герич,2005-11-07,wikidata,high,,3
tm:345183,Еннур Тотре,1996-10-29,wikidata,high,,3
tm:1018927,Кетелін Кукош,2003-09-29,wikidata,high,,3
tm:812170,Кирило Самойленко,2001-05-29,wikidata,high,,3
tm:938300,Ярослав Базаєв,2004-06-22,wikidata,high,,3
tm:1072234,Олександр Домолега,2003-09-22,wikidata,high,,3
tm:650863,Браян Себальос,2001-05-24,wikidata,high,,3
tm:539425,Валентин Моргун,2001-08-10,wikidata,high,,3
tm:1293400,Роман Кузик,2005-08-03,wikidata,high,,3
tm:1293390,Олексій Безручук,2006-06-13,transfermarkt,high,,3
tm:1126427,Майкен Гонсалес,2006-05-11,transfermarkt,high,,3
tm:1284125,Джеррі Йока,2006-07-14,wikidata,high,,3
tm:1291385,Орест Лепський,2006-05-03,wikidata,high,,3
tm:955333,Назар Балаба,2005-05-10,wikidata,high,,3
tm:1448405,Віктор Адеоє,,,,,3
tm:1159736,Вадим Сташків,2007-06-25,wikidata,high,,3
tm:1263950,Ростислав Лящук,2006-05-05,transfermarkt,high,,3
tm:1117106,Артур Андрейчик,2005-08-30,transfermarkt,high,,3
tm:1218821,Гуларт,,,,,3
tm:1250366,Кирило Кобернюк,2005-04-27,transfermarkt,high,,3
tm:1061623,Назар Касарда,2005-06-27,transfermarkt,high,,3
tm:1320347,Богдан Левицький,2009-01-05,wikidata,high,,3
tm:317944,Ілля Ходуля,1989-06-16,wikidata,high,,3
tm:1291232,Дмитро Мурашко,2007-06-13,transfermarkt,high,,3
w:1970-10-17:sasko,Олексій Сасько,1970-10-17,pool,high,,2
w:1968-01-08:lupinos,Сергій Лупинос,1968-01-08,pool,high,,2
w:1971-10-29:malani,Руслан Маланій,1971-10-29,pool,high,,2
w:1970-08-15:kurlikovski,Володимир Курліковський,1970-08-15,pool,high,,2
w:1972-08-05:lesik,Микола Лесік,1972-08-05,pool,high,,2
w:1967-01-27:daniliv,Юрій Данилів,1967-01-27,pool,high,,2
w:1972-04-05:halev,Гліб Галєєв,1972-04-05,pool,high,,2
w:1974-01-31:cherepenkin,Микола Черепенькин,1974-01-31,pool,high,,2
w:1958-01-27:kriachko,Валентин Крячко,1958-01-27,pool,high,,2
w:1962-02-11:rudi,Віктор Рудий,1962-02-11,pool,high,,2
w:1975-02-20:zadov,Михайло Задов,1975-02-20,pool,high,,2
w:1965-10-30:chaika,Олег Чайка,1965-10-30,pool,high,,2
w:1970-02-25:bojenko,Вадим Боженко,1970-02-25,pool,high,,2
w:1966-10-19:krivchenko,Юрій Кривченко,1966-10-19,pool,high,,2
w:1971-06-09:palamarchuk,Олександр Паламарчук,1971-06-09,pool,high,,2
w:1971-06-30:chachkin,Андрій Чачкін,1971-06-30,pool,high,,2
w:1967-02-14:seleznov,Олег Селезньов,1967-02-14,pool,high,,2
w:1970-04-21:melashenko,Юрій Мелашенко,1970-04-21,pool,high,,2
w:1976-03-20:bondar,Олексій Бондар,1976-03-20,pool,high,,2
w:1973-01-06:matiuhin,Віталій Матюхін,1973-01-06,pool,high,,2
w:1970-01-23:kulakovski,Сергій Кулаковський,1970-01-23,pool,high,,2
w:1975-11-28:nerovni,Сергій Неровний,1975-11-28,pool,high,,2
w:1977-02-03:berehulia,Андрій Берегуля,1977-02-03,pool,high,,2
w:1970-06-23:kolesnikov,Ігор Колесников,1970-06-23,pool,high,,2
w:1974-11-15:skripka,Володимир Скрипка,1974-11-15,pool,high,,2
w:1974-03-11:menshikov,Андрій Меньшиков,1974-03-11,pool,high,,2
w:1962-04-01:horbenko,Юрій Горбенко,1962-04-01,pool,high,,2
w:1975-01-28:vorobei,Родіон Воробей,1975-01-28,pool,high,,2
w:1976-11-04:masuliak,Андрій Масуляк,1976-11-04,pool,high,,2
w:1969-10-12:mafumba,Мфілю Мафумба,1969-10-12,pool,high,,2
w:1975-10-12:teodorovich,Артур Теодорович,1975-10-12,pool,high,,2
w:1974-04-14:kopetski,Дмитро Копецький,1974-04-14,pool,high,,2
w:1976-07-18:polivoda,Андрій Полівода,1976-07-18,pool,high,,2
w:1971-09-08:meleshko,Роман Мелешко,1971-09-08,pool,high,,2
w:1971-11-23:levchuk,Юрій Левчук,1971-11-23,pool,high,,2
w:1968-02-29:shtihar,Павло Штихар,1968-02-29,pool,high,,2
w:1974-02-27:rihard,Данило Ріхард,1974-02-27,pool,high,,2
w:1964-02-02:raiko,Сергій Райко,1964-02-02,pool,high,,2
w:1973-03-05:fedoriv,Василь Федорів,1973-03-05,pool,high,,2
w:1981-01-14:riumin,Дмитро Рюмін,1981-01-14,pool,high,,2
w:1973-08-28:shaheldian,Армен Шахгельдян,1973-08-28,pool,high,,2
w:1980-12-14:martiniuk,Віталій Мартинюк,1980-12-14,pool,high,,2
w:1976-09-01:lisenko,Сергій Лисенко,1976-09-01,pool,high,,2
w:1980-08-14:orlov,Владислав Орлов,1980-08-14,pool,high,,2
w:1972-01-17:arabadji,Дмитро Арабаджи,1972-01-17,pool,high,,2
w:1974-09-16:homin,Микола Хомин,1974-09-16,pool,high,,2
w:1974-04-02:tkachov,В'ячеслав Ткачов,1974-04-02,pool,high,,2
w:1970-04-11:tarhonski,Олексій Таргонський,1970-04-11,pool,high,,2
w:1977-01-09:potapov,Сергій Потапов,1977-01-09,pool,high,,2
w:1970-08-12:marhoshia,Темурі Маргошія,1970-08-12,pool,high,,2
w:1976-03-18:kolomets,Анатолій Коломієць,1976-03-18,pool,high,,2
w:1982-04-08:mihailenko,Валерій Михайленко,1982-04-08,pool,high,,2
w:1981-06-24:kondratovich,Дмитро Кондратович,1981-06-24,pool,high,,2
w:1980-11-11:berbat,Сергій Бербат,1980-11-11,pool,high,,2
w:1971-12-02:taloverov,Вадим Таловєров,1971-12-02,pool,high,,2
w:1980-05-28:soproniuk,Іван Сопронюк,1980-05-28,pool,high,,2
w:1980-08-31:horodchanin,Віталій Городчанін,1980-08-31,pool,high,,2
w:1977-05-21:telehin,Сергій Тєлєгін,1977-05-21,pool,high,,2
w:1981-03-17:sizov,Кирило Сізов,1981-03-17,pool,high,,2
w:1977-08-25:muamer,Муамер Вугдалич,1977-08-25,pool,high,,2
w:1982-03-21:sarkis,Дмитро Саркіс,1982-03-21,pool,high,,2
w:1976-05-21:chosich,Горан Чосич,1976-05-21,pool,high,,2
w:1979-03-23:ansen,Матеус,1979-03-23,pool,high,,2
w:1984-07-12:ferents,Володимир Ференц,1984-07-12,pool,high,,2
w:1982-01-06:pinchuk,Дмитро Пінчук,1982-01-06,pool,high,,2
w:1977-02-24:ohnenovich,Періца Огнєнович,1977-02-24,pool,high,,2
w:1981-10-23:skidan,Ярослав Скидан,1981-10-23,pool,high,,2
w:1979-11-23:suslov,Кирило Суслов,1979-11-23,pool,high,,2
w:1981-10-05:alekseis,Алєксейс Колесніковс,1981-10-05,pool,high,,2
w:1984-01-05:trefilovski,Дмитро Трефіловський,1984-01-05,pool,high,,2
w:1985-01-03:stankevich,Максим Станкевич,1985-01-03,pool,high,,2
w:1985-01-20:stadnik,Максим Стадник,1985-01-20,pool,high,,2
w:1985-03-09:suspitsin,Дмитро Суспіцин,1985-03-09,pool,high,,2
w:1974-10-15:matveichik,Артур Матвейчик,1974-10-15,pool,high,,2
w:1986-04-21:kudlai,Сергій Кудлай,1986-04-21,pool,high,,2
w:1986-01-04:svitlichni,Роман Світличний,1986-01-04,pool,high,,2
w:1975-11-05:hahokidze,Гіоргі Гахокідзе,1975-11-05,pool,high,,2
w:1983-06-01:musonda,Віктор Мусонда,1983-06-01,pool,high,,2
w:1986-11-25:slobodian,Вадим Слободян,1986-11-25,pool,high,,2
w:1985-02-16:bashlai,Андрій Башлай,1985-02-16,pool,high,,2
w:1985-02-09:kaminski,Василь Камінський,1985-02-09,pool,high,,2
w:1984-06-18:evlanov,Артем Євланов,1984-06-18,pool,high,,2
w:1984-09-22:djozef,Джозеф Еїмофе,1984-09-22,pool,high,,2
w:1977-08-28:kovalenko,Дмитро Коваленко,1977-08-28,pool,high,,2
w:1989-07-12:ribkovski,Павло Рибковський,1989-07-12,pool,high,,2
w:1982-01-23:bojich,Мілан Божіч,1982-01-23,pool,high,,2
w:1977-10-28:haev,Володимир Гаєв,1977-10-28,pool,high,,2
w:1988-10-04:barabadze,Реваз Барабадзе,1988-10-04,pool,high,,2
w:1984-12-15:davit,Давіт Імедашвілі,1984-12-15,pool,high,,2
w:1984-07-06:bobilev,Володимир Бобилєв,1984-07-06,pool,high,,2
w:1985-07-04:popov,Андрій Попов,1985-07-04,pool,high,,2
w:1985-11-28:patiak,Олег Патяк,1985-11-28,pool,high,,2
w:1979-08-24:aimen,Аймен Бушюа,1979-08-24,pool,high,,2
w:1981-01-26:almir,Алмір Сулейманович,1981-01-26,pool,high,,2
w:1976-08-27:andrian,Андріан Богдан,1976-08-27,pool,high,,2
w:1983-05-14:fernandes,Хосе Карлос Фернандес,1983-05-14,pool,high,,2
w:1983-01-23:minia,Мінья Попович,1983-01-23,pool,high,,2
w:1973-07-19:ailton,Аїлтон,1973-07-19,pool,high,,2
w:1986-07-28:lubenets,Максим Лубенець,1986-07-28,pool,high,,2
w:1990-07-15:frank,Франк Теміле,1990-07-15,pool,high,,2
w:1989-04-07:hodanovich,Ігор Ходанович,1989-04-07,pool,high,,2
w:1985-05-06:shevchuk,Юрій Шевчук,1985-05-06,pool,high,,2
w:1989-01-02:sahaidak,Андрій Сагайдак,1989-01-02,pool,high,,2
w:1989-06-04:nahirni,Ігор Нагірний,1989-06-04,pool,high,,2
w:1984-05-25:lesko,Артур Лесько,1984-05-25,pool,high,,2
w:1991-02-27:vorobei,Максим Воробєй,1991-02-27,pool,high,,2
w:1988-11-06:davidov,Кирило Давидов,1988-11-06,pool,high,,2
w:1988-06-27:bidni,Єгор Бідний,1988-06-27,pool,high,,2
w:1983-02-19:julio,Жуліо Сезар,1983-02-19,pool,high,,2
w:1991-03-01:riabi,Руслан Рябий,1991-03-01,pool,high,,2
w:1990-05-25:kohman,Андрій Кохман,1990-05-25,pool,high,,2
w:1990-06-05:mali,Сергій Малий,1990-06-05,pool,high,,2
w:1984-12-21:alberto,Тіаго Констанціа,1984-12-21,pool,high,,2
w:1991-07-28:lukash,Лукаш Штетіна,1991-07-28,pool,high,,2
w:1989-02-13:batista,Джеферсон,1989-02-13,pool,high,,2
w:1979-03-14:ramovich,Сід Рамовіч,1979-03-14,pool,high,,2
w:1988-00-00:andre,Тьягу Террозу,1988-00-00,pool,low,partial date in id,2
w:1988-00-00:bobuh,Артем Бобух,1988-00-00,pool,low,partial date in id,2
w:1980-00-00:smirnov,Дмитро Смирнов,1980-00-00,pool,low,partial date in id,2
tm:64344,Ігор Варцаба,1991-01-28,wikidata,high,,2
tm:27239,Сімон Вукчевич,1986-01-29,wikidata,high,,2
tm:271513,Віталій Тимофієнко,1993-01-04,wikidata,high,,2
tm:272903,Владислав Гевлич,1994-09-23,wikidata,high,,2
tm:272934,Артем Недоля,1993-10-20,wikidata,high,,2
tm:132999,Іван Рогач,1992-06-18,wikidata,high,,2
tm:354325,Олег Луценко,1993-02-14,wikidata,high,,2
tm:339845,Іван Янаков,1994-07-07,wikidata,high,,2
tm:343154,Ігор Биковський,1996-09-05,wikidata,high,,2
tm:369153,Даниїл Соломаха,1996-06-12,wikidata,high,,2
tm:363065,Максим Авер'янов,1997-07-22,wikidata,high,,2
tm:120543,Андрій Полтавцев,1991-12-07,wikidata,high,,2
tm:255639,Дмитро Луканов,1995-03-02,wikidata,high,,2
tm:405621,Семен Ключик,1997-12-23,wikidata,high,,2
tm:327861,Кельвін Нвамора,1993-10-31,wikidata,high,,2
tm:56370,Гійон Фернандес,1986-04-18,wikidata,high,,2
tm:448537,Максим Саламаха,1996-07-17,wikidata,high,,2
tm:511121,Роман Баб'як,1998-02-28,wikidata,high,,2
tm:509428,Сергій Трикош,1998-10-12,wikidata,high,,2
tm:331216,Олег Тракало,1998-02-14,wikidata,high,,2
tm:483717,Роман Шандрук,1998-05-29,wikidata,high,,2
tm:321948,Дмитро Шаповал,1996-06-17,wikidata,high,,2
tm:121011,Олександр Кочура,1986-03-07,wikidata,high,,2
tm:423252,Віктор Серденюк,1996-01-27,wikidata,high,,2
tm:383567,Володимир Сениця,1997-04-26,wikidata,high,,2
tm:553380,Анатолій Ульянов,1998-07-26,wikidata,high,,2
tm:282329,Тіаго Ромуло,1992-06-11,wikidata,high,,2
tm:548694,Олександр Тарасюк,1998-05-09,wikidata,high,,2
tm:561974,Владислав Веремеєв,1998-09-25,wikidata,high,,2
tm:73137,Марк Кастельс,1990-03-12,wikidata,high,,2
tm:483451,Бруніньйо,1997-08-12,wikidata,high,,2
tm:407014,Гаетан Міссі Мезу,1996-05-04,wikidata,high,,2
tm:267388,Орест Будюк,1995-08-23,wikidata,high,,2
tm:107373,Сергій Даценко,1987-09-06,wikidata,high,,2
tm:396524,Артем Ярмоленко,1998-01-18,wikidata,high,,2
tm:390368,Вітор Буено,1994-09-05,wikidata,high,,2
tm:573930,Євген Білокінь,1998-06-16,wikidata,high,,2
tm:273641,Василь Білий,1990-03-13,wikidata,high,,2
tm:654950,Мурило Кадіна,1997-01-27,wikidata,high,,2
tm:728380,Андрій Вискребенцев,2000-10-27,wikidata,high,,2
tm:344893,Жуан Тейшейра,1996-05-07,wikidata,high,,2
tm:295309,Алію Абубакар,1996-06-15,wikidata,high,,2
tm:842894,Костянтин Домарацький,2000-06-27,wikidata,high,,2
tm:572309,Богдан Литвяк,1998-05-05,wikidata,high,,2
tm:882227,Микита Козицький,2002-01-26,wikidata,high,,2
tm:574215,Олександр Кожевников,2000-04-17,wikidata,high,,2
tm:882225,Іван Кошкош,2001-04-08,wikidata,high,,2
tm:825450,Микита Дудка,2000-12-18,wikidata,high,,2
tm:728379,Андрій Чекотун,2002-09-02,wikidata,high,,2
tm:647831,Жео Данні Екра,1999-01-10,wikidata,high,,2
tm:427668,Ігор Бойчук,1994-01-10,wikidata,high,,2
tm:779244,Іван Варфоломєєв,2004-03-24,wikidata,high,,2
tm:791140,Даниїл Семилет,2001-03-07,wikidata,high,,2
w:2000-00-00:dolhov,Петро Долгов,2000-00-00,pool,low,partial date in id,2
w:1987-00-00:fedik,Іван Федик,1987-00-00,pool,low,partial date in id,2
w:2001-00-00:osaze,Осазе Де Розаріо,2001-00-00,pool,low,partial date in id,2
tm:1048954,Ігор Потімков,2003-10-17,transfermarkt,high,,2
tm:1074042,Данило Кайдалов,2006-02-02,wikidata,high,,2
tm:774533,Дмитро Шамич,2001-05-15,wikidata,high,,2
tm:1074059,Кирило Дігтярь,2007-11-25,wikidata,high,,2
tm:938299,Дем'ян Чубатий,2004-03-16,wikidata,high,,2
tm:779241,Андрій Столярчук,2004-07-04,wikidata,high,,2
tm:1116038,Дмитро Шух,,,,,2
tm:771912,Ілля Гулько,2002-11-17,wikidata,high,,2
tm:527967,Джек Іпалібо,1998-04-06,wikidata,high,,2
tm:1084075,Маркос Андре,2003-03-01,transfermarkt,high,,2
tm:327911,Феліпе Пірес,1995-04-18,wikidata,high,,2
tm:928276,Сергій Копил,2002-09-03,wikidata,high,,2
tm:707201,Павло Тищук,1997-06-28,transfermarkt,high,,2
tm:1262360,Владислав Крамар,2005-12-06,transfermarkt,high,,2
tm:1074482,Венделл,2004-02-14,transfermarkt,high,,2
tm:882696,Борис Лотоцький,2003-04-11,wikidata,high,,2
tm:1105073,Анель Райс,2006-07-06,wikidata,high,,2
tm:924466,Антон Жилкін,2003-04-14,wikidata,high,,2
tm:404844,Тимофій Сухар,1999-02-04,wikidata,high,,2
tm:1378959,Богдан Кирикович,2008-02-14,wikidata,high,,2
tm:1098098,Дієго Арройо,2005-04-29,wikidata,high,,2
tm:387098,Демір Скриєль,1997,wikidata,low,year only,2
tm:965816,Станіслав Прус,2004-07-03,wikidata,high,,2
tm:378520,Фернан Фаеррон,2000-08-22,wikidata,high,,2
tm:1063685,В'ячеслав Суркіс,2006-02-27,wikidata,high,,2
tm:1436068,Олександр Дєдов,2008-06-19,wikidata,high,,2
tm:752862,Тимур Пузанков,2003-03-04,wikidata,high,,2
tm:1295300,Олексій Товарчі,2007-06-08,wikidata,high,,2
tm:1121524,Денис Хмельовський,,,,,2
tm:1291837,Михайло Дзюн,2007-06-22,transfermarkt,high,,2
tm:1293579,Дмитро Матківський,,,,,2
w:1974-04-08:lutsiv,Андрій Луців,1974-04-08,pool,high,,1
w:1975-09-05:tehaev,Олександр Тєгаєв,1975-09-05,pool,high,,1
w:1963-07-20:anvar,Анвар Жаббаров,1963-07-20,pool,high,,1
w:1974-03-17:bender,Павло Бендер,1974-03-17,pool,high,,1
w:1968-08-27:martiniuk,Володимир Мартинюк,1968-08-27,pool,high,,1
w:1961-10-18:adjoev,Гурам Аджоєв,1961-10-18,pool,high,,1
w:1974-12-29:morhunov,Олександр Моргунов,1974-12-29,pool,high,,1
w:1973-12-07:aleksandrov,Сергій Александров,1973-12-07,pool,high,,1
w:1958-12-16:orinko,Олександр Орінко,1958-12-16,pool,high,,1
w:1969-11-03:borisevich,Володимир Борисевич,1969-11-03,pool,high,,1
w:1972-08-19:tambovtsev,Олександр Тамбовцев,1972-08-19,pool,high,,1
w:1973-08-12:patronov,Віталій Патронов,1973-08-12,pool,high,,1
w:1972-04-15:tarasenko,Юрій Тарасенко,1972-04-15,pool,high,,1
w:1973-02-08:fadeichev,Андрій Фадеічев,1973-02-08,pool,high,,1
w:1977-09-02:marich,Роман Марич,1977-09-02,pool,high,,1
w:1971-01-21:sivahin,Олександр Сівагін,1971-01-21,pool,high,,1
w:1974-10-03:hrischenko,Андрій Грищенко,1974-10-03,pool,high,,1
w:1969-02-16:hudiakov,Юрій Худяков,1969-02-16,pool,high,,1
w:1961-09-30:bratchikov,Ігор Братчиков,1961-09-30,pool,high,,1
w:1972-12-12:ohorodnik,Олександр Огороднік,1972-12-12,pool,high,,1
w:1964-10-07:akbarov,Едуард Акбаров,1964-10-07,pool,high,,1
w:1977-01-28:artiuhov,Федір Артюхов,1977-01-28,pool,high,,1
w:1972-03-23:avdev,Олександр Авдєєв,1972-03-23,pool,high,,1
w:1977-01-08:shpak,Олексій Шпак,1977-01-08,pool,high,,1
w:1972-04-09:somik,Михайло Сомик,1972-04-09,pool,high,,1
w:1972-07-12:ledovskih,Костянтин Лєдовських,1972-07-12,pool,high,,1
w:1974-08-24:alsauhi,Насер Аль-Саухі,1974-08-24,pool,high,,1
w:1977-00-00:maiorenko,Вадим Майоренко,1977-00-00,pool,low,partial date in id,1
w:1977-09-10:marchenko,Сергій Марченко,1977-09-10,pool,high,,1
w:1976-09-01:badlo,Сергій Бадло,1976-09-01,pool,high,,1
w:1970-05-03:kres,Володимир Кресс,1970-05-03,pool,high,,1
w:1967-05-11:nikolaenko,Леонід Ніколаєнко,1967-05-11,pool,high,,1
w:1969-02-18:sadovi,Сергій Садовий,1969-02-18,pool,high,,1
w:1972-09-22:taranov,Владислав Таранов,1972-09-22,pool,high,,1
w:1969-05-28:pritula,Андрій Притула,1969-05-28,pool,high,,1
w:1973-11-04:ohrimchuk,Сергій Охрімчук,1973-11-04,pool,high,,1
w:1969-02-18:paios,Андрій Пайос,1969-02-18,pool,high,,1
w:1977-10-27:fedoruk,Олег Федорук,1977-10-27,pool,high,,1
w:1975-08-28:maherovich,Сергій Магерович,1975-08-28,pool,high,,1
w:1977-10-29:smirnov,Андрій Смірнов,1977-10-29,pool,high,,1
w:1977-00-00:evhen,Євген Сєріков,1977-00-00,pool,low,partial date in id,1
w:1973-04-29:hluschenko,Анатолій Глущенко,1973-04-29,pool,high,,1
w:1970-10-27:holovan,Валерій Головань,1970-10-27,pool,high,,1
w:1976-03-17:chuchkevich,Віктор Чучкевич,1976-03-17,pool,high,,1
w:1974-02-27:hudima,Руслан Гудима,1974-02-27,pool,high,,1
w:1974-12-26:tischenko,Станіслав Тищенко,1974-12-26,pool,high,,1
w:1977-11-20:zentsov,Денис Зенцов,1977-11-20,pool,high,,1
w:1975-06-23:zahoruiko,Сергій Загоруйко,1975-06-23,pool,high,,1
w:1964-10-01:azovski,Іван Азовський,1964-10-01,pool,high,,1
w:1969-04-03:skorik,Павло Скорик,1969-04-03,pool,high,,1
w:1972-06-13:danilko,Роман Данилко,1972-06-13,pool,high,,1
w:1976-03-13:chaplihin,Сергій Чаплигін,1976-03-13,pool,high,,1
w:1978-11-26:maschenko,Дмитро Мащенко,1978-11-26,pool,high,,1
w:1977-08-27:batsmanov,Олександр Бацманов,1977-08-27,pool,high,,1
w:1962-04-20:liuti,Володимир Лютий,1962-04-20,pool,high,,1
w:1978-06-25:pedchenko,Олег Педченко,1978-06-25,pool,high,,1
w:1975-08-08:jarkov,Ярослав Жарков,1975-08-08,pool,high,,1
w:1978-03-07:leonidov,Юрій Леонідов,1978-03-07,pool,high,,1
w:1971-10-05:muzika,Олег Музика,1971-10-05,pool,high,,1
w:1978-03-30:pidvalni,Сергій Підвальний,1978-03-30,pool,high,,1
w:1974-09-21:shvets,Сергій Швець,1974-09-21,pool,high,,1
w:1967-08-30:postovoi,Вадим Постовой,1967-08-30,pool,high,,1
w:1971-07-29:hoshovski,Роман Гошовський,1971-07-29,pool,high,,1
w:1979-02-04:volovik,Руслан Воловик,1979-02-04,pool,high,,1
w:1976-03-13:reshetniak,Сергій Решетняк,1976-03-13,pool,high,,1
w:1975-03-16:kovalchuk,Микола Ковальчук,1975-03-16,pool,high,,1
w:1980-05-29:sinenko,Володимир Синенко,1980-05-29,pool,high,,1
w:1970-04-12:iadlos,Ігор Ядлось,1970-04-12,pool,high,,1
w:1978-04-09:pinchuk,Денис Пінчук,1978-04-09,pool,high,,1
w:1979-03-22:strashnenko,Сергій Страшненко,1979-03-22,pool,high,,1
w:1971-11-19:kopistianski,Микола Копистянський,1971-11-19,pool,high,,1
w:1981-01-20:andrets,Сергій Андрієць,1981-01-20,pool,high,,1
w:1977-10-20:halihuzov,Руслан Галігузов,1977-10-20,pool,high,,1
w:1977-02-22:shevchuk,Андрій Шевчук,1977-02-22,pool,high,,1
w:1972-03-13:storojenko,Олег Стороженко,1972-03-13,pool,high,,1
w:1962-06-07:simakovich,Валентин Сімакович,1962-06-07,pool,high,,1
w:1975-03-19:dobrovinski,Олександр Добровинський,1975-03-19,pool,high,,1
w:1978-12-25:papazov,Іван Папазов,1978-12-25,pool,high,,1
w:1980-10-31:pokatilov,Євген Покатилов,1980-10-31,pool,high,,1
w:1980-12-10:ivanov,Сергій Іванов,1980-12-10,pool,high,,1
w:1981-06-25:kapustin,Віктор Капустін,1981-06-25,pool,high,,1
w:1975-01-11:klimenko,Олександр Клименко,1975-01-11,pool,high,,1
w:1974-04-02:zavhorodni,Владіслав Завгородній,1974-04-02,pool,high,,1
w:1978-10-09:novikov,Петро Новіков,1978-10-09,pool,high,,1
w:1970-11-17:franko,Владислав Франко,1970-11-17,pool,high,,1
w:1978-06-25:akinin,Костянтин Акінін,1978-06-25,pool,high,,1
w:1982-01-21:burmistrov,В'ячеслав Бурмістров,1982-01-21,pool,high,,1
w:1982-01-28:borodai,Олексій Бородай,1982-01-28,pool,high,,1
w:1982-03-30:koltsov,Дмитро Кольцов,1982-03-30,pool,high,,1
w:1982-06-28:romanenko,Антон Романенко,1982-06-28,pool,high,,1
w:1980-02-07:jitski,Данило Жицький,1980-02-07,pool,high,,1
w:1980-12-11:zaets,Віталій Заєць,1980-12-11,pool,high,,1
w:1974-08-27:metreveli,Костянтин Метревелі,1974-08-27,pool,high,,1
w:1978-08-23:lahoida,Ігор Лагойда,1978-08-23,pool,high,,1
w:1983-02-01:famuliak,Григорій Фамуляк,1983-02-01,pool,high,,1
w:1980-08-08:lakomski,Володимир Лакомський,1980-08-08,pool,high,,1
w:1981-04-13:shenhelia,Іраклій Шенгелія,1981-04-13,pool,high,,1
w:1978-08-05:kadar,Йосип Кадар,1978-08-05,pool,high,,1
w:1976-06-03:henri,Тондерей Мутамбіква,1976-06-03,pool,high,,1
w:1979-02-15:hritsenko,Артур Гриценко,1979-02-15,pool,high,,1
w:1975-02-16:peter,Петер Суковський,1975-02-16,pool,high,,1
w:1978-07-28:krivobok,Ігор Кривобок,1978-07-28,pool,high,,1
w:1979-12-23:verhun,Роман Вергун,1979-12-23,pool,high,,1
w:1980-11-18:mazurenko,Олександр Мазуренко,1980-11-18,pool,high,,1
w:1982-02-14:afonin,Дмитро Афонін,1982-02-14,pool,high,,1
w:1982-01-03:dindikov,Олександр Диндіков,1982-01-03,pool,high,,1
w:1977-07-29:otsokolich,Предраг Оцокольич,1977-07-29,pool,high,,1
w:1981-01-13:stahiv,Олександр Стахів,1981-01-13,pool,high,,1
w:1971-06-15:mamonov,Сергій Мамонов,1971-06-15,pool,high,,1
w:1978-07-03:parubin,Євген Парубін,1978-07-03,pool,high,,1
w:1980-03-22:zub,Сергій Зуб,1980-03-22,pool,high,,1
w:1973-07-17:edin,Един Кунич,1973-07-17,pool,high,,1
w:1983-05-06:tirkalo,Віталій Тиркало,1983-05-06,pool,high,,1
w:1978-09-14:ashkovich,Бранко Ашкович,1978-09-14,pool,high,,1
w:1982-05-16:iakovets,Сергій Яковець,1982-05-16,pool,high,,1
w:1984-05-09:cherednichenko,Ігор Чередніченко,1984-05-09,pool,high,,1
w:1982-04-05:ahramev,Артем Ахрамеєв,1982-04-05,pool,high,,1
w:1976-01-21:shpirka,Богдан Шпирка,1976-01-21,pool,high,,1
w:1974-11-03:bolotov,Олександр Болотов,1974-11-03,pool,high,,1
w:1983-03-24:homutov,Сергій Хомутов,1983-03-24,pool,high,,1
w:1984-09-27:diachenko,Станіслав Дьяченко,1984-09-27,pool,high,,1
w:1983-08-06:sonin,Олександр Сонін,1983-08-06,pool,high,,1
w:1984-08-19:ivanov,Іван Іванов,1984-08-19,pool,high,,1
w:1986-03-05:kirenko,Ігор Кірієнко,1986-03-05,pool,high,,1
w:1975-06-21:kotri,Улікс Котррі,1975-06-21,pool,high,,1
w:1984-10-17:chetiani,Звіаді Чхетіані,1984-10-17,pool,high,,1
w:1983-03-08:cheh,Віталій Чех,1983-03-08,pool,high,,1
w:1982-01-22:simonchuk,Володимир Симончук,1982-01-22,pool,high,,1
w:1986-01-21:stepanov,Роман Степанов,1986-01-21,pool,high,,1
w:1983-01-18:popko,Олександр Попко,1983-01-18,pool,high,,1
w:1979-05-07:pavlenko,Микола Павленко,1979-05-07,pool,high,,1
w:1985-07-02:sahno,Сергій Сахно,1985-07-02,pool,high,,1
w:1988-10-12:listopad,Тимофій Листопад,1988-10-12,pool,high,,1
w:1983-03-30:solomatin,Олексій Соломатін,1983-03-30,pool,high,,1
w:1981-08-20:antonio,Роберто Нанні,1981-08-20,pool,high,,1
w:1984-02-22:horbanenko,В'ячеслав Горбаненко,1984-02-22,pool,high,,1
w:1986-12-10:sichov,Віталій Сичов,1986-12-10,pool,high,,1
w:1985-03-13:chelidze,Лаша Челідзе,1985-03-13,pool,high,,1
w:1984-04-03:ovramenko,Максим Овраменко,1984-04-03,pool,high,,1
w:1982-01-18:saraiva,Іван,1982-01-18,pool,high,,1
w:1984-08-10:abliametov,Арсен Абляметов,1984-08-10,pool,high,,1
w:1981-06-29:katkov,Павло Катков,1981-06-29,pool,high,,1
w:1984-09-28:tatarintsev,Антон Татарінцев,1984-09-28,pool,high,,1
w:1981-04-20:dushan,Душан Попович,1981-04-20,pool,high,,1
w:1982-01-02:vokalchuk,Сергій Вокальчук,1982-01-02,pool,high,,1
w:1984-01-15:kriuchihin,Сергій Крючихін,1984-01-15,pool,high,,1
w:1978-07-03:barishev,Віктор Баришев,1978-07-03,pool,high,,1
w:1977-05-11:alves,Маркос Пауло,1977-05-11,pool,high,,1
w:1985-04-01:ochuko,Очуко Оджобо,1985-04-01,pool,high,,1
w:1987-06-25:skarlosh,Андрій Скарлош,1987-06-25,pool,high,,1
w:1980-05-24:ivitsa,Івіца Жулєвич,1980-05-24,pool,high,,1
w:1984-07-16:pidhaini,Артем Підгайний,1984-07-16,pool,high,,1
w:1986-04-22:kruhliak,Андрій Кругляк,1986-04-22,pool,high,,1
w:1980-11-18:artomov,Сергій Артьомов,1980-11-18,pool,high,,1
w:1974-07-13:florinel,Флорінел Міря,1974-07-13,pool,high,,1
w:1989-09-25:maidan,Руслан Майдан,1989-09-25,pool,high,,1
w:1986-04-17:semiriak,Іван Семиряк,1986-04-17,pool,high,,1
w:1984-01-01:shpak,Сергій Шпак,1984-01-01,pool,high,,1
w:1986-11-02:bondarenko,Михайло Бондаренко,1986-11-02,pool,high,,1
w:1982-12-06:podrobaha,Анатолій Подробаха,1982-12-06,pool,high,,1
w:1989-02-01:protsiuk,Олександр Процюк,1989-02-01,pool,high,,1
w:1986-10-12:kostishin,Віталій Костишин,1986-10-12,pool,high,,1
w:1987-01-20:ilesku,Денис Ілеску,1987-01-20,pool,high,,1
w:1982-05-01:orbeladze,Сергі Орбеладзе,1982-05-01,pool,high,,1
w:1981-09-16:nikitski,Максим Нікитський,1981-09-16,pool,high,,1
w:1987-06-19:kondratiuk,Богдан Кондратюк,1987-06-19,pool,high,,1
w:1986-10-04:antoniuk,Дмитро Антонюк,1986-10-04,pool,high,,1
w:1988-01-13:shibko,Андрій Шибко,1988-01-13,pool,high,,1
w:1988-05-15:shavrin,Вадим Шаврін,1988-05-15,pool,high,,1
w:1986-03-21:kupalni,Олександр Купальний,1986-03-21,pool,high,,1
w:1988-02-11:jadan,Артем Жадан,1988-02-11,pool,high,,1
w:1987-04-18:parhomenko,Сергій Пархоменко,1987-04-18,pool,high,,1
w:1978-11-12:shaib,Шаїб Туре,1978-11-12,pool,high,,1
w:1984-09-20:konovalov,Роман Коновалов,1984-09-20,pool,high,,1
w:1986-02-19:krujilin,Олександр Кружилін,1986-02-19,pool,high,,1
w:1977-02-09:adriano,Адріано Спадото,1977-02-09,pool,high,,1
w:1984-03-02:lozo,Ігор Лозо,1984-03-02,pool,high,,1
w:1989-06-20:omelchenko,Олексій Омельченко,1989-06-20,pool,high,,1
w:1979-08-08:lomaia,Георгі Ломая,1979-08-08,pool,high,,1
w:1987-01-11:sahniuk,Григорій Сахнюк,1987-01-11,pool,high,,1
w:1988-08-01:barishnikov,Євген Баришніков,1988-08-01,pool,high,,1
w:1986-06-26:klimov,Василь Клімов,1986-06-26,pool,high,,1
w:1984-04-26:kazankov,Віталій Казанков,1984-04-26,pool,high,,1
w:1984-05-09:prihodko,Сергій Приходько,1984-05-09,pool,high,,1
w:1989-04-10:klimavichius,Лінас Клімавічюс,1989-04-10,pool,high,,1
w:1988-05-22:jerebtsov,Віталій Жеребцов,1988-05-22,pool,high,,1
w:1988-09-25:fedota,Дмитро Федота,1988-09-25,pool,high,,1
w:1989-06-09:iavorski,Тарас Яворський,1989-06-09,pool,high,,1
w:1985-10-15:deineko,Євген Дейнеко,1985-10-15,pool,high,,1
w:1989-02-02:romanov,Руслан Романов,1989-02-02,pool,high,,1
w:1979-01-03:korea,Рожеріо,1979-01-03,pool,high,,1
w:1980-03-30:butenko,Роман Бутенко,1980-03-30,pool,high,,1
w:1988-04-03:iahno,Максим Яхно,1988-04-03,pool,high,,1
w:1981-09-26:kolins,Колінс Нгаха,1981-09-26,pool,high,,1
w:1990-01-02:didik,Ігор Дідик,1990-01-02,pool,high,,1
w:1987-08-27:bochkur,Роман Бочкур,1987-08-27,pool,high,,1
w:1983-03-29:kalinichenko,Віталій Калініченко,1983-03-29,pool,high,,1
w:1981-10-25:ilchishin,Андрій Ільчишин,1981-10-25,pool,high,,1
w:1990-02-12:misko,Павло Місько,1990-02-12,pool,high,,1
w:1985-04-01:boiovich,Дарко Бойович,1985-04-01,pool,high,,1
w:1978-03-07:hudzikevich,Станіслав Гудзікевич,1978-03-07,pool,high,,1
w:1990-08-17:karabaev,Дмитро Карабаєв,1990-08-17,pool,high,,1
w:1983-03-25:enrike,Нельсон Рівас,1983-03-25,pool,high,,1
w:1989-05-27:tistik,Ігор Тістик,1989-05-27,pool,high,,1
w:1990-02-21:shumilin,Сергій Шумілін,1990-02-21,pool,high,,1
w:1984-11-18:jdankov,Дмитро Жданков,1984-11-18,pool,high,,1
w:1991-10-25:moisenko,Олексій Моісеєнко,1991-10-25,pool,high,,1
w:1991-01-18:spichka,Іван Спичка,1991-01-18,pool,high,,1
w:1988-09-12:adeni,Айодеджі Браун,1988-09-12,pool,high,,1
w:1989-10-03:butenin,Артем Бутенін,1989-10-03,pool,high,,1
w:1991-03-02:kisli,Микита Кислий,1991-03-02,pool,high,,1
w:1989-00-00:ritvar,Рітварс Ругінс,1989-00-00,pool,low,partial date in id,1
w:1980-00-00:batista,Вільям Батіста,1980-00-00,pool,low,partial date in id,1
w:1989-00-00:tistik,Ігор Тистик,1989-00-00,pool,low,partial date in id,1
w:1986-00-00:kremenchutski,Максим Кременчуцький,1986-00-00,pool,low,partial date in id,1
w:1991-00-00:juk,Василь Жук,1991-00-00,pool,low,partial date in id,1
w:1986-00-00:lavreniuk,Максим Лавренюк,1986-00-00,pool,low,partial date in id,1
tm:249619,Ігор Бровко,1992-08-13,wikidata,high,,1
tm:271432,Сергій Курта,1993-06-30,wikidata,high,,1
tm:271435,Роберт Мольнар,1991-06-24,wikidata,high,,1
tm:237655,Віктор Ряшко,1992-11-27,wikidata,high,,1
tm:163809,Олег Білий,1993-05-29,wikidata,high,,1
tm:166587,Віталій Квашук,1993-04-01,wikidata,high,,1
tm:250064,Кирило Нестеренко,1992-03-01,wikidata,high,,1
tm:38206,Анте Розич,1986-03-08,wikidata,high,,1
tm:42803,Мілан Ілич,1987-05-12,wikidata,high,,1
tm:252778,Валерій Курелех,1991-08-12,wikidata,high,,1
tm:293106,Георгій Копаліані,1994-03-07,wikidata,high,,1
tm:98821,Андрій Савченко,1994-09-29,wikidata,high,,1
tm:297765,Сергій Каретник,1995-02-14,wikidata,high,,1
tm:323664,Тарас Червонецький,1995-06-10,wikidata,high,,1
tm:297009,Олег Крамаренко,1994-08-27,wikidata,high,,1
tm:325801,Олексій Тищенко,1994-07-21,wikidata,high,,1
tm:321308,Дмитро Литвиненко,1994-11-13,wikidata,high,,1
tm:322915,Юрій Павлик,1994-02-15,wikidata,high,,1
tm:54419,Ежидіо,1986-06-16,wikidata,high,,1
tm:125291,Еверсон Ліма,1986-07-01,wikidata,high,,1
tm:348269,Олександр Дехтяренко,1996-02-13,wikidata,high,,1
tm:359239,Микита Крюков,1991-04-30,wikidata,high,,1
tm:255641,Сергій Сизий,1995-09-01,wikidata,high,,1
tm:349106,Дмитро Антонов,1996-08-28,wikidata,high,,1
tm:363064,Єгор Чегурко,1995-01-27,wikidata,high,,1
tm:244915,Олексій Зінкевич,1997-05-12,wikidata,high,,1
tm:335192,Богдан Січкарук,1994-08-01,wikidata,high,,1
tm:430152,Андрій Черепко,1997-01-17,wikidata,high,,1
tm:435666,Станіслав Котьо,1994-04-06,wikidata,high,,1
tm:410184,Кирило Демідов,1996-08-18,wikidata,high,,1
tm:405620,Фарід Алі,1992-02-11,wikidata,high,,1
tm:411027,Владислав Ігнатьєв,1997-10-25,wikidata,high,,1
tm:381920,Артем Захаров,1996-06-19,wikidata,high,,1
tm:131552,Ростислав Багдасаров,1993-05-24,wikidata,high,,1
tm:429099,Богдан Мельник,1997-01-04,wikidata,high,,1
tm:395068,Ян Вічний,1997-02-27,wikidata,high,,1
tm:450715,Дмитро Заїкин,1997-04-06,wikidata,high,,1
tm:511668,Назар Виздрик,1996-04-27,wikidata,high,,1
tm:524021,Роман Жмурко,1997-07-27,wikidata,high,,1
tm:477185,Богдан Гладун,1999-06-10,wikidata,high,,1
tm:477182,Сергій Ічанський,1995-09-01,wikidata,high,,1
tm:483718,Олександр Зозуля,1996-04-11,wikidata,high,,1
tm:120991,Геннадій Ганєв,1990-05-15,wikidata,high,,1
tm:189637,Сергій Смородін,1994-02-15,wikidata,high,,1
tm:376485,Йонатан Бедоя,1996-10-17,wikidata,high,,1
tm:449086,Назар Стасишин,1997-08-05,wikidata,high,,1
tm:550027,Ерікс Сантос,1996-02-23,wikidata,high,,1
tm:359667,Вадим Гранчар,1998-03-07,wikidata,high,,1
tm:166230,Йосип Вукович,1992-05-02,wikidata,high,,1
tm:521843,Ігор Нехаєв,1999-12-20,wikidata,high,,1
tm:521842,Микола Павлюк,1995-10-22,wikidata,high,,1
tm:567756,Еберт,1993-05-25,wikidata,high,,1
tm:272816,Юрій Глущук,1995-01-16,wikidata,high,,1
tm:501610,Олексій Луценко,1997-03-03,wikidata,high,,1
tm:169679,Ярослав Ямполь,1990-04-21,wikidata,high,,1
tm:381812,Назар Маліновський,1998-04-18,wikidata,high,,1
tm:330122,Вадим Семчук,1993-11-24,wikidata,high,,1
tm:583607,Вільям де Камарго,1999-02-27,wikidata,high,,1
tm:528423,Катріель Санчес,1901,wikidata,low,year only,1
tm:654787,Денис Тарадуда,2000-08-17,wikidata,high,,1
tm:257461,Неманя Іванович,1997-05-14,wikidata,high,,1
tm:363714,Абукар Мохамед,1999-01-01,wikidata,high,,1
tm:470830,Роман Слива,2000-09-23,wikidata,high,,1
tm:380379,Олександр Поздєєв,1986-06-14,wikidata,high,,1
tm:728381,Владислав Бондар,2000-03-24,wikidata,high,,1
tm:623321,Кирило Романюк,2001-03-21,wikidata,high,,1
tm:653862,Леонардо Монтезелло,2001-01-21,transfermarkt,high,,1
tm:751988,Денис Галата,2000-09-04,wikidata,high,,1
tm:775868,Денис Дем'яненко,2000-07-05,wikidata,high,,1
tm:335820,Константін Діма,1999-07-21,wikidata,high,,1
tm:842898,Кирило Ховайко,2001-06-17,wikidata,high,,1
tm:775902,Владислав Шинкаренко,2001-01-27,wikidata,high,,1
tm:842904,Сергій Заєць,2001-10-03,wikidata,high,,1
tm:250007,Клейтон,1995-10-23,wikidata,high,,1
tm:433976,Тудор Белуце,1999-03-27,wikidata,high,,1
tm:863582,Сулейман Сейтхалілов,2002-02-14,wikidata,high,,1
tm:795201,Павло Кравцов,2000-01-19,wikidata,high,,1
tm:623330,Мирослав Трофимюк,2001-04-08,transfermarkt,high,,1
tm:830080,Данило Дмитрієв,2002-10-22,wikidata,high,,1
tm:537845,Павло Шушко,2000-05-07,wikidata,high,,1
tm:830081,Микита Фурсенко,2002-10-01,wikidata,high,,1
tm:341490,Олександр Глагола,1997-07-19,wikidata,high,,1
tm:863203,Владислав Чушенко,2000-10-27,wikidata,high,,1
tm:825449,В'ячеслав Борисенко,2002-03-24,wikidata,high,,1
tm:844358,Сергій Топчій,2001-07-10,wikidata,high,,1
tm:206889,Святослав Козловський,1994-03-26,wikidata,high,,1
tm:522577,Богдан Оринчак,1993-09-10,wikidata,high,,1
tm:46478,Рагнар Сігурдссон,1986-06-19,wikidata,high,,1
tm:789587,Олег Власов,2002-10-25,wikidata,high,,1
tm:892052,Юрій Дудник,2002-09-12,wikidata,high,,1
w:2000-00-00:maschenko,Вадим Мащенко,2000-00-00,pool,low,partial date in id,1
w:2001-00-00:belich,Євген Беліч,2001-00-00,pool,low,partial date in id,1
w:2005-00-00:danil,Данило Савін,2005-00-00,pool,low,partial date in id,1
w:2003-00-00:mahinia,Микита Махиня,2003-00-00,pool,low,partial date in id,1
w:2004-00-00:oleh,Олег Філонов,2004-00-00,pool,low,partial date in id,1
w:2003-00-00:kozishkurt,Олег Козишкурт,2003-00-00,pool,low,partial date in id,1
w:2003-00-00:nedes,Паоло Недес,2003-00-00,pool,low,partial date in id,1
w:2001-00-00:ilia,Ілля Царюк,2001-00-00,pool,low,partial date in id,1
w:2002-00-00:bohdan,Богдан Поталов,2002-00-00,pool,low,partial date in id,1
w:2002-00-00:kovalenko,Максим Коваленко,2002-00-00,pool,low,partial date in id,1
w:2002-00-00:amar,Амар Квакич,2002-00-00,pool,low,partial date in id,1
tm:570538,Інал Черткоєв,,,,,1
tm:817885,Олег Осипенко,2001-10-10,transfermarkt,high,,1
tm:967602,Андрій Соловйов,2002-08-23,wikidata,high,,1
tm:837287,Вадим Сологуб,2004-03-11,wikidata,high,,1
tm:1143805,Олександр Цвіренко,,,,,1
tm:1140587,Даніїл Приходько,2006-03-16,transfermarkt,high,,1
tm:1143823,Денис Довбецький,2004-01-27,transfermarkt,high,,1
tm:1140603,Богдан-Юліан Вишинський,2005-02-27,transfermarkt,high,,1
tm:1143811,Ярослав Шандра,2006-05-15,wikidata,high,,1
tm:564383,Мурило Соуза,1996-05-17,wikidata,high,,1
tm:1075339,Владислав Мендрук,2006-01-16,transfermarkt,high,,1
tm:821534,Максим Мудрий,2003-05-05,wikidata,high,,1
tm:1143809,Іван Бокало,2006-04-25,transfermarkt,high,,1
tm:345772,Брайт Енобахаре,1998-02-08,wikidata,high,,1
tm:1125319,Максим Вадовський,,,,,1
tm:576896,Владислав Тишинінов,2000-03-20,transfermarkt,high,,1
tm:510432,Родел Річардс,2000-09-05,wikidata,high,,1
tm:1256101,Максим Шолупець,2006-02-16,wikidata,high,,1
tm:1237939,Ілля Баденко,2005-03-31,wikidata,high,,1
tm:1257693,Ігор Дорош,2004-08-31,transfermarkt,high,,1
tm:669310,Данило Гончарук,2002-07-13,wikidata,high,,1
tm:978659,Богдан Хома,2003-04-02,wikidata,high,,1
tm:650393,Василь Вашкеба,,,,,1
tm:1136725,Денис Гаркавенко,2004-11-03,wikidata,high,,1
tm:1250365,Михайло Раско,,,,,1
tm:1118450,Данило Тузенко,,,,,1
tm:949337,Гільєрме Сміт,2003-06-11,wikidata,high,,1
tm:1244435,Єгор Капустян,,,,,1
tm:1141270,Богдан Токар,,,,,1
tm:1038055,Назар Байрук,2004-07-19,transfermarkt,high,,1
tm:1028757,Артем Долбнєв,2004-06-19,transfermarkt,high,,1
tm:1244434,Євген Писаренко,2005-02-17,wikidata,high,,1
tm:1194386,Андрій Меленчук,2003-08-01,transfermarkt,high,,1
tm:1073028,Іван Чабан,2006-07-24,wikidata,high,,1
tm:1179117,Владислав Шершень,2006-01-13,wikidata,high,,1
tm:670309,Матей Ангелов,2004-07-11,wikidata,high,,1
tm:1293592,Давид Благодарний,2006-07-27,transfermarkt,high,,1
tm:1293455,Даніїл Юшко,,,,,1
tm:870185,Сімон Галоян,2002-07-02,wikidata,high,,1
tm:1291840,Ерік Калинець,2006-12-15,wikidata,high,,1
tm:717200,Назар Русяк,2004-04-10,wikidata,high,,1
tm:1272997,Данило Слива,2008-04-16,transfermarkt,high,,1
tm:1381775,Антон Видрич,2008-01-30,wikidata,high,,1
tm:1074043,Віталій Лобко,2006-08-11,transfermarkt,high,,1
tm:599224,Анхель Торрес,2000-04-06,wikidata,high,,1
tm:425567,Дієго Паласіос,1999-07-12,wikidata,high,,1
tm:661858,Хосе Флорес,2003-08-03,wikidata,high,,1
tm:1293290,Євген Маяков,2007-01-12,transfermarkt,high,,1
tm:935106,Марко Подоляк,2004-05-04,transfermarkt,high,,1
tm:1159512,Олександр Козлов,2006-04-06,transfermarkt,high,,1
tm:1143806,Богдан Панчишин,2004-02-06,transfermarkt,high,,1
tm:1240255,Олександр Іванов,2006-07-18,transfermarkt,high,,1
tm:1433541,Олег Дзюринець,2010-07-23,wikidata,high,,1
tm:1354276,Ілля Бодак,2010-06-15,transfermarkt,high,,1
tm:1434799,Максим Угрик,2009-05-12,transfermarkt,high,,1
tm:1467103,Олександр Гоч,2009-01-03,transfermarkt,high,,1
tm:1505395,Ілля Островський,2010-07-25,transfermarkt,high,,1
tm:1434798,Кирило Рибак,2008-04-11,transfermarkt,high,,1
tm:1436309,Денис Гордєєв,2010-01-30,transfermarkt,high,,1
tm:1354272,Костянтин Кислянка,2010-01-08,transfermarkt,high,,1
tm:1401728,Максим Нанашко,2008-02-26,transfermarkt,high,,1
tm:1291839,Юрій Мужиловський,,,,,1
tm:1517352,Кирило Денисов,2009-03-28,wikidata,high,,1
tm:1186332,Ростислав Баглай,2008-02-01,transfermarkt,high,,1
tm:1299696,Станіслав Ярошенко,2007-08-09,wikidata,high,,1
