person_id,display_uk,group,main,alts,foot,source
tm:59970,Тарас Степаненко,MF,CDM,,left,tm_lineups
tm:201671,Ігор Пердута,DF,RB,LB:0.27;RM:0.09,right,tm_lineups
tm:69015,Андрій Ярмоленко,FW,RW,ST:0.05,left,tm_lineups
tm:244262,Денис Мірошніченко,DF,RB,LB:0.27;RM:0.07,right,tm_lineups
tm:167722,Віталій Буяльський,MF,CAM,CM:0.34;LM:0.06,right,tm_lineups
tm:155964,Андрій Цуріков,DF,LB,LM:0.21,left,tm_lineups
tm:59322,Олександр Караваєв,DF,RB,RM:0.48;LB:0.08,right,tm_lineups
tm:94922,Богдан Бутко,DF,RB,LB:0.06,right,tm_lineups
tm:210689,Владислав Кабаєв,FW,LM,LW:0.25;CAM:0.2;RW:0.04,right,tm_lineups
tm:212243,Дмитро Мишньов,MF,CM,CAM:0.28,right,tm_lineups
tm:99863,Пилип Будківський,FW,ST,,right,tm_lineups
tm:140676,Кирило Ковалець,MF,CAM,CM:0.12;ST:0.09,right,tm_lineups
tm:236468,Артем Шабанов,DF,CB,LB:0.07;CDM:0.05,left,tm_lineups
tm:273663,Володимир Адамюк,DF,CB,RB:0.6,right,tm_lineups
tm:296366,Олексій Гуцуляк,FW,RW,LM:0.29;RM:0.18;ST:0.1,left,tm_lineups
tm:289059,Микола Матвієнко,DF,CB,LB:0.24,left,tm_lineups
tm:86931,Євген Опанасенко,DF,RB,LB:0.16,both,tm_lineups
tm:108710,Владислав Калітвінцев,MF,RM,CAM:0.14;LW:0.14;LM:0.12,left,tm_lineups
tm:131553,В'ячеслав Чурко,MF,RW,CAM:0.25;LW:0.14;ST:0.07,left,tm_lineups
tm:325429,Максим Задерака,MF,RW,CAM:0.26;LW:0.14;RM:0.12,right,tm_lineups
tm:248938,Максим Третьяков,FW,LW,LM:0.14;RM:0.12;RW:0.11,right,tm_lineups
tm:294188,Дмитро Кльоц,MF,CM,CDM:0.05;CAM:0.05,right,tm_lineups
tm:94928,Руслан Бабенко,MF,CM,CDM:0.37,left,tm_lineups
tm:245021,Сергій Чоботенко,DF,CB,,right,tm_lineups
tm:294746,Володимир Шепелєв,MF,CM,CDM:0.25,right,tm_lineups
tm:315236,Геннадій Пасіч,MF,LM,RM:0.15;RB:0.12;LB:0.1,right,tm_lineups
tm:543380,Ібрагім Кане,MF,RM,LM:0.25;CAM:0.11;LB:0.07,left,tm_lineups
tm:207074,Олександр Андрієвський,MF,CM,CAM:0.13,left,tm_lineups
tm:269371,Денис Безбородько,FW,ST,,right,tm_lineups
tm:495920,Олександр Назаренко,FW,LW,RW:0.33;LM:0.1;LB:0.05,left,tm_lineups
tm:366723,Владислав Дубинчак,DF,LB,,left,tm_lineups
tm:212232,Амбросій Чачуа,MF,CAM,CDM:0.36;LM:0.06,right,tm_lineups
tm:501612,Юрій Климчук,FW,ST,LW:0.31;RM:0.08,right,tm_lineups
tm:287792,Олександр Тимчик,DF,RB,,right,tm_lineups
tm:166581,Євген Волинець,GK,GK,,right,tm_lineups
tm:294730,Богдан Михайличенко,DF,LB,RB:0.15,left,tm_lineups
tm:216579,Павло Полегенько,DF,RB,RM:0.27;LB:0.06,right,tm_lineups
tm:368611,Микола Шапаренко,MF,CM,CAM:0.16,right,tm_lineups
tm:567873,Владислав Бабогло,DF,CB,,right,tm_lineups
tm:597880,Дмитро Ризник,GK,GK,,right,tm_lineups
tm:365540,Валерій Бондаренко,DF,CB,,right,tm_lineups
tm:248934,Валерій Лучкевич,DF,RB,RM:0.47,right,tm_lineups
tm:495923,Олег Ільїн,MF,RM,LM:0.15;RW:0.1,right,tm_lineups
tm:537854,Артем Бондаренко,MF,CAM,CM:0.14,left,tm_lineups
tm:277777,Андрій Тотовицький,MF,CAM,RW:0.1;ST:0.05;LW:0.04,right,tm_lineups
tm:203855,Ігор Кирюханцев,DF,RB,RM:0.33,right,tm_lineups
tm:213980,В'ячеслав Танковський,MF,CM,CAM:0.11;CDM:0.07,right,tm_lineups
tm:430190,Єгор Назарина,MF,CM,CDM:0.33,right,tm_lineups
tm:273341,Валерій Кучеров,MF,CDM,CM:0.08,right,tm_lineups
tm:80312,Микита Шевченко,GK,GK,,right,tm_lineups
tm:396394,Валерій Бондар,DF,CB,,right,tm_lineups
tm:294780,Олександр Піхальонок,MF,CM,CAM:0.32,left,tm_lineups
tm:315237,Євген Пасіч,DF,RB,LB:0.28;RM:0.25,right,tm_lineups
tm:463845,Олександр Демченко,MF,CDM,CM:0.23,right,tm_lineups
tm:511909,Артем Челядін,MF,CDM,CM:0.08;CB:0.05,left,tm_lineups
tm:396536,Роман Вантух,DF,LB,LM:0.2;LW:0.04,left,tm_lineups
tm:622410,Денис Устименко,FW,ST,,right,tm_lineups
tm:620368,Остап Притула,MF,CAM,RW:0.07;LW:0.06,left,tm_lineups
tm:237623,Олександр Філіппов,FW,ST,,right,tm_lineups
tm:860701,Микола Гайдучик,FW,ST,,left,tm_lineups
tm:383325,Денис Антюх,FW,RW,LW:0.4;ST:0.09,left,tm_lineups
tm:467250,Юхим Конопля,DF,RB,RM:0.07,right,tm_lineups
tm:448868,Ігор Когут,MF,CM,CAM:0.29,right,tm_lineups
tm:501417,Кирило Дришлюк,MF,CM,CAM:0.11;CDM:0.06,right,tm_lineups
tm:695310,Максим Брагару,FW,LW,LB:0.32;RW:0.14;CAM:0.08,right,tm_lineups
tm:520400,Владислав Шарай,FW,LW,RW:0.28;LM:0.1,left,tm_lineups
tm:206888,Георгій Бущан,GK,GK,,right,tm_lineups
tm:702561,Роман Дідик,DF,CB,CDM:0.19,right,tm_lineups
tm:395069,Володимир Одарюк,FW,RW,ST:0.12;LW:0.06,right,tm_lineups
tm:522833,Андрій Понєдєльнік,DF,RB,CB:0.1;RW:0.06,right,tm_lineups
tm:213976,Ігор Харатін,MF,CDM,CM:0.05,right,tm_lineups
tm:404846,Сергій Булеца,MF,CAM,LW:0.14;RW:0.07,right,tm_lineups
tm:423606,Богдан Леднєв,MF,CAM,LW:0.17;RW:0.09;LM:0.06,left,tm_lineups
tm:678778,Едуард Сарапій,DF,CB,CDM:0.12,right,tm_lineups
tm:203854,Андрій Борячук,FW,ST,LW:0.09;RW:0.05,right,tm_lineups
tm:533537,Ростислав Лях,DF,LB,LM:0.14,both,tm_lineups
tm:396400,Ілля Путря,DF,RB,RM:0.07;LB:0.04,right,tm_lineups
tm:748940,Василь Рунич,FW,LW,RW:0.26;CAM:0.05,right,tm_lineups
tm:375180,Олександр Козак,FW,LW,RW:0.3;CAM:0.07;ST:0.07,left,tm_lineups
tm:448783,Максим Грисьо,DF,RB,RM:0.3;RW:0.14;LM:0.05,right,tm_lineups
tm:549960,Тимур Стецков,DF,CB,LB:0.23,left,tm_lineups
tm:404848,Андрій Кулаков,FW,ST,,right,tm_lineups
tm:726034,Назар Волошин,FW,RW,LW:0.45,right,tm_lineups
tm:343151,Іван Калюжний,MF,CM,CDM:0.44,left,tm_lineups
tm:723621,Денис Кузик,MF,RM,LB:0.33;LM:0.26,both,tm_lineups
tm:758845,Єгор Твердохліб,MF,CAM,ST:0.09,right,tm_lineups
tm:404841,Денис Попов,DF,CB,,both,tm_lineups
tm:623325,Георгій Судаков,MF,CAM,LM:0.09;CM:0.05;LW:0.05,both,tm_lineups
tm:669306,Володимир Бражко,MF,CDM,,right,tm_lineups
tm:708241,Олег Очеретько,MF,CAM,RW:0.19;LW:0.1;CM:0.07,left,tm_lineups
tm:533318,Назарій Муравський,DF,CB,,right,tm_lineups
tm:517081,Владислав Приймак,DF,CB,CDM:0.41,right,tm_lineups
tm:771914,Євген Павлюк,DF,CB,CDM:0.31,right,tm_lineups
tm:844373,Борис Крушинський,MF,CDM,LB:0.17;CM:0.14;CB:0.11,left,tm_lineups
tm:213865,Микита Бурда,DF,CB,LB:0.04,right,tm_lineups
tm:380554,Євген Запорожець,MF,CM,CDM:0.13;RM:0.09;CAM:0.08,right,tm_lineups
tm:726038,Віталій Роман,DF,LB,RB:0.4;LM:0.05,right,tm_lineups
tm:370399,Микита Кравченко,DF,RB,RM:0.07,right,tm_lineups
tm:432658,Юрій Копина,DF,RB,CDM:0.23;LB:0.19;CB:0.14,right,tm_lineups
tm:775830,Семен Вовченко,DF,CB,LB:0.07,left,tm_lineups
tm:396532,Євген Смирний,MF,CM,RM:0.11;CAM:0.08;RW:0.06,left,tm_lineups
tm:789583,Ярослав Карабін,FW,ST,LW:0.2;RW:0.18;CAM:0.12,left,tm_lineups
tm:863919,Іван Дібанго,DF,LB,,left,tm_lineups
tm:91380,Дмитро Коркішко,FW,LW,RW:0.3;ST:0.25,right,tm_lineups
tm:889438,Ілля Крупський,DF,RB,LB:0.28;RM:0.08,both,tm_lineups
tm:666943,Валентин Рубчинський,MF,CM,CAM:0.07;CDM:0.04;LM:0.04,right,tm_lineups
tm:1045187,Ігор Краснопір,FW,ST,,right,tm_lineups
tm:382895,Роман Гончаренко,DF,CB,,both,tm_lineups
tm:740732,Таллес Бренер,MF,CAM,RM:0.05,right,tm_lineups
tm:521997,Віталій Бойко,MF,CM,CAM:0.2;LM:0.1,left,tm_lineups
tm:512496,Василь Курко,MF,CDM,CB:0.66,right,tm_lineups
tm:748939,Олексій Сич,DF,RB,RM:0.04,right,tm_lineups
tm:244904,Артур Авагімян,MF,CAM,LW:0.36;ST:0.09,right,tm_lineups
tm:419061,Владислав Супряга,FW,ST,,right,tm_lineups
tm:546532,Жордан,DF,CB,,right,tm_lineups
tm:537852,Дмитро Криськів,MF,CM,CDM:0.31;LM:0.12,right,tm_lineups
tm:631821,Владислав Ванат,FW,ST,,left,tm_lineups
tm:726036,Артур Микитишин,FW,LW,RW:0.26;ST:0.19;CAM:0.05,right,tm_lineups
tm:729781,Владислав Велетень,FW,RW,LW:0.37;CAM:0.05,right,tm_lineups
tm:812755,Денис Підгурський,MF,CDM,CB:0.12;CM:0.05,right,tm_lineups
tm:936825,Ілля Квасниця,FW,RW,LW:0.08,right,tm_lineups
tm:755174,Данило Алефіренко,FW,LW,RW:0.24;ST:0.12,right,tm_lineups
tm:551695,Лассіна Траоре,FW,ST,,right,tm_lineups
tm:626475,Микола Михайленко,MF,CDM,CM:0.1,right,tm_lineups
tm:1061628,Євген Пастух,MF,CAM,ST:0.04,right,tm_lineups
tm:375657,Владислав Шаповал,DF,LB,CB:0.17;LM:0.08,left,tm_lineups
tm:491264,Сергій Суханов,FW,ST,RM:0.14;RB:0.08;RW:0.08,right,tm_lineups
tm:95707,Володимир Танчик,DF,RM,RB:0.19;LM:0.12,both,tm_lineups
tm:359247,Мар'ян Швед,FW,RW,ST:0.15;RM:0.06,left,tm_lineups
tm:502842,Едуардо Герреро,FW,ST,RW:0.04,right,tm_lineups
tm:717199,Богдан Слюбик,DF,CB,,right,tm_lineups
tm:59877,Руслан Черненко,MF,CM,CAM:0.11,right,tm_lineups
tm:526578,Владислав Вакула,FW,LW,ST:0.21;RW:0.17,right,tm_lineups
tm:913115,Костянтин Бичек,FW,LW,ST:0.38;CAM:0.15;RW:0.06,left,tm_lineups
tm:606952,Жуніньйо,DF,LB,RB:0.17;LM:0.04,left,tm_lineups
tm:636237,Костянтин Вівчаренко,DF,LB,,left,tm_lineups
tm:936008,Олександр Сапутін,GK,GK,,right,tm_lineups
tm:1050852,Віталій Холод,DF,CB,,right,tm_lineups
tm:539738,Олег Горін,DF,CB,CDM:0.12,both,tm_lineups
tm:623319,Олександр Драмбаєв,DF,LB,CB:0.28;LM:0.07,left,tm_lineups
tm:930106,Володимир Салюк,DF,CB,RB:0.26,right,tm_lineups
tm:58939,Олексій Паламарчук,GK,GK,,left,tm_lineups
tm:363740,Євген Шевченко,DF,LB,LM:0.19,left,tm_lineups
tm:396401,Максим Чех,MF,CDM,,right,tm_lineups
tm:887142,Іван Нестеренко,MF,CAM,LM:0.15;CM:0.08;CDM:0.07,right,tm_lineups
tm:396530,Артем Козак,MF,RM,CAM:0.17;CM:0.11,left,tm_lineups
tm:404847,Олексій Хахльов,MF,CM,CAM:0.15,left,tm_lineups
tm:787776,Валерій Дубко,DF,CB,,left,tm_lineups
tm:190190,Андрій Кліщук,GK,GK,,right,tm_lineups
tm:719652,Олександр Мартинюк,DF,LB,,left,tm_lineups
tm:343963,Петар Мічин,MF,CAM,CM:0.08;LW:0.08,right,tm_lineups
tm:417242,Руслан Нещерет,GK,GK,,right,tm_lineups
tm:726019,Олександр Яцик,MF,CM,CDM:0.07;LM:0.05,right,tm_lineups
tm:380376,Євген Морозко,DF,LM,RB:0.3;RM:0.19;LB:0.05,right,tm_lineups
tm:892025,Антон Салабай,FW,LW,ST:0.33,right,tm_lineups
tm:631819,Даніл Скорко,DF,RB,,right,tm_lineups
tm:1067225,Тарас Михавко,DF,CB,LB:0.05,left,tm_lineups
tm:428603,Богдан Кушніренко,MF,CDM,CB:0.12,right,tm_lineups
tm:517284,Мухаррем Яшарі,MF,CAM,CM:0.22;LW:0.07;RW:0.06,both,tm_lineups
tm:774067,Ігор Горбач,FW,ST,LW:0.34;RW:0.13,right,tm_lineups
tm:335744,Мігел Кампуш,DF,CB,,right,tm_lineups
tm:404851,Денис Янаков,FW,LW,RW:0.17,right,tm_lineups
tm:773961,Олег Федор,MF,CM,CAM:0.14;ST:0.1;LM:0.04,right,tm_lineups
tm:224164,Ростислав Тарануха,FW,ST,CAM:0.06,right,tm_lineups
tm:495918,Дмитро Семенов,DF,CB,CDM:0.16,right,tm_lineups
tm:937917,Дмитро Ледвій,GK,GK,,right,tm_lineups
tm:656172,Яков Башич,MF,CDM,CB:0.38;CM:0.06,left,tm_lineups
tm:325386,Максим Марусич,FW,ST,CAM:0.12,right,tm_lineups
tm:449084,Олег Білик,GK,GK,,right,tm_lineups
tm:515208,Педріньйо,FW,RW,CAM:0.27;ST:0.09;LW:0.06,left,tm_lineups
tm:808971,Денис Ндукве,FW,ST,RW:0.09;CAM:0.04;LW:0.04,left,tm_lineups
tm:892049,Марко Сапуга,MF,CDM,CM:0.2,right,tm_lineups
tm:524031,Олександр Бєляєв,MF,LM,CM:0.37;CAM:0.23,right,tm_lineups
tm:729638,Олександр Кемкін,GK,GK,,right,tm_lineups
tm:804264,Ігор Невес,FW,ST,,right,tm_lineups
tm:951439,Максим Сміян,DF,LB,LM:0.09,left,tm_lineups
tm:678503,Данило Варакута,GK,GK,,right,tm_lineups
tm:168830,Ігор Мединський,FW,RW,LW:0.14;ST:0.08;RB:0.07,right,tm_lineups
tm:708240,Едуард Козік,DF,CB,RB:0.24,right,tm_lineups
tm:1033963,Егіналдо,FW,LW,ST:0.36;RW:0.12,right,tm_lineups
tm:1082823,Невертон,FW,LW,RW:0.06,right,tm_lineups
tm:320248,Олег Слободян,MF,CAM,CM:0.07;ST:0.04,right,tm_lineups
tm:522832,Тарас Мороз,MF,CDM,,right,tm_lineups
tm:858712,Педро Енріке,DF,LB,,left,tm_lineups
tm:884849,Данило Хрипчук,DF,CB,CDM:0.22,right,tm_lineups
tm:261780,Артем Шулянський,FW,LW,RW:0.06,right,tm_lineups
tm:341485,Олег Кудрик,GK,GK,,right,tm_lineups
tm:668235,Марлон Гомес,MF,CM,CDM:0.54,right,tm_lineups
tm:726016,Денис Шостак,MF,CAM,CM:0.31,right,tm_lineups
tm:774552,Денис Слюсар,DF,CB,CDM:0.39,right,tm_lineups
tm:882717,Денис Теслюк,FW,ST,RW:0.25;LW:0.07,right,tm_lineups
tm:935109,Артем Слесар,FW,RW,LW:0.11;RM:0.07,right,tm_lineups
tm:1083190,Іван Пахолюк,GK,GK,,right,tm_lineups
tm:751363,Данило Кравчук,FW,ST,RW:0.21;LW:0.08,right,tm_lineups
tm:332132,Валерій Рогозинський,DF,LB,LM:0.46;RM:0.15;CAM:0.06,left,tm_lineups
tm:537538,Єгор Прокопенко,DF,LB,LM:0.39;CDM:0.14;RM:0.07,left,tm_lineups
tm:794617,Ян Костенко,MF,LM,LW:0.18;RM:0.1,right,tm_lineups
tm:584083,Бруніньйо,MF,CAM,LW:0.08,right,tm_lineups
tm:321146,Владислав Клименко,MF,CM,CDM:0.09;RB:0.05;LM:0.04,right,tm_lineups
tm:892053,Денис Нагнойний,MF,CAM,CM:0.14;ST:0.14;RW:0.05,right,tm_lineups
tm:387198,Єгор Демченко,MF,CM,CAM:0.33;ST:0.09,right,tm_lineups
tm:530696,Іраклі Азарові,DF,LB,,left,tm_lineups
tm:624808,Ілір Краснічі,DF,CB,CDM:0.27,right,tm_lineups
tm:837005,Раймонд Овусу,FW,ST,,right,tm_lineups
tm:658060,Ніка Гагнідзе,MF,CM,CAM:0.17,right,tm_lineups
tm:669305,Віктор Близніченко,FW,LW,RW:0.1;ST:0.05,right,tm_lineups
tm:1130335,Дмитро Годя,MF,CAM,LW:0.05;CM:0.05;ST:0.04,left,tm_lineups
tm:461666,Максим Мельничук,DF,LB,,left,tm_lineups
tm:1134218,Артем Гусол,FW,RW,LW:0.17,right,tm_lineups
tm:305418,Назарій Федорівський,GK,GK,,right,tm_lineups
tm:789478,Богдан Кобзар,FW,ST,,right,tm_lineups
tm:357776,Хрвоє Ілич,MF,CAM,CM:0.48;CDM:0.17,left,tm_lineups
tm:633850,Артур Рябов,MF,CM,CDM:0.24,right,tm_lineups
tm:751977,Кирило Фесюн,GK,GK,,right,tm_lineups
tm:1052373,Артур Шах,MF,CAM,LM:0.3;LW:0.04;RM:0.04,right,tm_lineups
tm:1140013,Володимир Вілівальд,DF,CB,,right,tm_lineups
tm:686332,Едсон Фернандо,MF,CDM,RB:0.05,right,tm_lineups
tm:718408,Дмитро Капінус,DF,RB,LB:0.47,right,tm_lineups
tm:461670,Богдан Білошевський,MF,CDM,CB:0.23;CM:0.06,right,tm_lineups
tm:523907,Данило Бескоровайний,DF,CB,,left,tm_lineups
tm:539448,Даниїл Сухоручко,FW,ST,,right,tm_lineups
tm:539436,Крістіан Біловар,DF,CB,,right,tm_lineups
tm:745252,Артем Кулаковський,MF,CM,CAM:0.14;CDM:0.07,right,tm_lineups
tm:1090422,Жан Педрозо,DF,CB,,right,tm_lineups
tm:646153,Теді Цара,FW,LW,RW:0.16;ST:0.12,right,tm_lineups
tm:729196,Роман Волохатий,MF,CM,CAM:0.16;RM:0.09;CDM:0.04,right,tm_lineups
tm:527968,Пабло Альварес,MF,CDM,,left,tm_lineups
tm:530673,Шота Нонікашвілі,MF,CDM,CM:0.33;CB:0.05,left,tm_lineups
tm:620722,Деян Попара,MF,CDM,CM:0.12;LM:0.11,right,tm_lineups
tm:935039,Мар'ян Фарина,DF,CB,LB:0.33,left,tm_lineups
tm:451788,Олександр П'ятов,MF,CM,CAM:0.24,right,tm_lineups
tm:743587,Вінісіус Тобіас,DF,RB,,right,tm_lineups
tm:1083965,Жуан Безерра,FW,RW,LW:0.08,left,tm_lineups
tm:627222,Таллес Коста,MF,CM,CAM:0.09;CDM:0.06,right,tm_lineups
tm:642947,Еліас Теллес,MF,CDM,CM:0.06,right,tm_lineups
tm:717413,Олег Пушкарьов,FW,LW,RW:0.3;ST:0.14;RB:0.05,right,tm_lineups
tm:1038054,Ярослав Кисіль,DF,LB,RB:0.25;RM:0.1;LM:0.05,right,tm_lineups
tm:1111025,Бабукарр Фаал,FW,ST,,left,tm_lineups
tm:672616,Ян Юрчец,DF,RB,,right,tm_lineups
tm:838384,Антон Боль,DF,CB,,right,tm_lineups
tm:935107,Михайло Протасевич,DF,RB,RM:0.07;LB:0.07,right,tm_lineups
tm:1041334,Клайвер,FW,LW,RW:0.09,right,tm_lineups
tm:581000,Ейнел Соареш,FW,LW,,right,tm_lineups
tm:776033,Андрій Кітела,DF,RB,RM:0.16;LB:0.12,right,tm_lineups
tm:1134676,Данііл Ващенко,MF,CDM,RB:0.06,right,tm_lineups
tm:412615,Георгій Куція,MF,CM,RB:0.4;CAM:0.09,right,tm_lineups
tm:467240,Андрій Кожухар,GK,GK,,right,tm_lineups
tm:523491,Валерій Сад,MF,CAM,CM:0.27;ST:0.11,right,tm_lineups
tm:608760,Арінальдо Рапай,MF,CAM,CM:0.11;RW:0.04,right,tm_lineups
tm:717394,Юрій-Володимир Герета,GK,GK,,right,tm_lineups
tm:722371,Денис Світюха,FW,RW,LW:0.24;ST:0.05,left,tm_lineups
tm:935095,Навін Малиш,MF,CDM,RB:0.41,right,tm_lineups
tm:540056,Георгій Гочолейшвілі,DF,RB,RM:0.2,right,tm_lineups
tm:628329,Айді Дайко,DF,CB,,right,tm_lineups
tm:681497,Арі Моура,FW,RW,LW:0.17,both,tm_lineups
tm:725356,Валентин Горох,GK,GK,,both,tm_lineups
tm:1266282,Ярослав Шевченко,MF,CM,CAM:0.11;CDM:0.11,right,tm_lineups
tm:525576,Бандейра,DF,RB,CDM:0.04,right,tm_lineups
tm:709478,Микита Турбаєвський,GK,GK,,right,tm_lineups
tm:1029207,Глейкер Мендоса,FW,LW,LM:0.07,right,tm_lineups
tm:1033040,Марк Ассінор,FW,ST,,right,tm_lineups
tm:376227,Денис Галенков,MF,LM,RM:0.2;ST:0.05;RW:0.05,right,tm_lineups
tm:395537,Дмитро Плахтир,MF,CDM,CM:0.06,left,tm_lineups
tm:717203,Іван Лосенко,MF,CM,CDM:0.52,left,tm_lineups
tm:1007020,Хоакінете,FW,LW,RW:0.27;LM:0.05,right,tm_lineups
tm:1067497,Вадим Сидун,FW,ST,RW:0.19,right,tm_lineups
tm:567505,Константінос Стамуліс,DF,RB,,right,tm_lineups
tm:685375,Кай Ціпот,DF,CB,ST:0.15,right,tm_lineups
tm:721512,Микита Кононов,DF,RB,LB:0.31;LM:0.18;RM:0.06,right,tm_lineups
tm:814830,Микола Миронюк,MF,CM,CAM:0.26,right,tm_lineups
tm:885150,Карлос Парако,FW,ST,,right,tm_lineups
tm:888342,Георгій Майсурадзе,DF,RB,LB:0.08,right,tm_lineups
tm:972535,Ермір Рашица,FW,LW,ST:0.08,right,tm_lineups
tm:1060543,Бакарі Конате,DF,CB,,right,tm_lineups
tm:225632,Антон Яшков,GK,GK,,left,tm_lineups
tm:362529,Андрій Сторчоус,MF,CAM,CM:0.07,left,tm_lineups
tm:534474,Ніл Кок,DF,CB,LB:0.11;CM:0.07,left,tm_lineups
tm:717392,Антон Глущенко,MF,CAM,LW:0.24;RW:0.04,right,tm_lineups
tm:807731,Артем Мачелюк,DF,RB,LB:0.31,right,tm_lineups
tm:1119009,Кауа Еліас,FW,ST,,right,tm_lineups
tm:1161403,Назар Домчак,GK,GK,,right,tm_lineups
tm:497222,Олег Веремієнко,DF,CB,LB:0.05,right,tm_lineups
tm:522329,Артур Думанюк,MF,CDM,,right,tm_lineups
tm:690246,Френсіс Момо,FW,ST,,right,tm_lineups
tm:708242,Андрій Булеза,DF,LB,LM:0.42,left,tm_lineups
tm:892097,Андрусв Араухо,MF,CDM,,right,tm_lineups
tm:966009,Бар Лін,FW,RW,,left,tm_lineups
tm:1027625,Артем Лєгостаєв,FW,ST,RW:0.05,right,tm_lineups
tm:1041630,Проспер Оба,FW,RW,LW:0.21;ST:0.08;CAM:0.04,both,tm_lineups
tm:1293294,Олександр Каменський,MF,LM,CAM:0.19;RM:0.12,right,tm_lineups
tm:249639,Євген Місюра,DF,CB,CDM:0.29,right,tm_lineups
tm:655838,Бекназ Алмазбеков,FW,LW,RW:0.34,right,tm_lineups
tm:1074053,Матвій Пономаренко,FW,ST,,right,tm_lineups
tm:1179658,Пітер Ітодо,FW,ST,,both,tm_lineups
tm:273236,Марлон,DF,CB,,right,tm_lineups
tm:386659,Хон Себеріо,MF,CM,CAM:0.09;CDM:0.09,right,tm_lineups
tm:419118,Олександр Климець,DF,LB,LM:0.14,left,tm_lineups
tm:524572,Пауло Вітор,FW,LM,RW:0.36;LW:0.22,right,tm_lineups
tm:606743,Іван Литвиненко,MF,CDM,CM:0.27;CAM:0.11,left,tm_lineups
tm:794896,Габріель Ескінья,DF,CB,,right,tm_lineups
tm:1031028,Олександр Вівдич,FW,ST,LW:0.16;RW:0.05,right,tm_lineups
tm:1159925,Сергій Корнійчук,DF,LB,LM:0.33,left,tm_lineups
tm:1219752,Ісаке,MF,CAM,CM:0.18;LW:0.15,right,tm_lineups
tm:381299,Ігор Коцюмака,DF,LB,,left,tm_lineups
tm:548993,Андре Гонсалвеш,FW,LW,RW:0.18,right,tm_lineups
tm:581405,Іван Головкін,MF,RW,CAM:0.26;CM:0.05;LW:0.05,left,tm_lineups
tm:633728,Браян Кастільйо,FW,ST,,right,tm_lineups
tm:1045884,Крістіан Мба,FW,ST,,right,tm_lineups
tm:603384,Арсентій Дорошенко,MF,CM,CAM:0.4,right,tm_lineups
tm:649030,Самба Діалло,FW,LW,RW:0.3,right,tm_lineups
tm:752691,Богдан Векляк,DF,CB,,right,tm_lineups
tm:755164,Батон Заберджа,FW,RW,ST:0.21;LW:0.16;CAM:0.11,right,tm_lineups
tm:918615,Степан Григоращук,DF,CB,,right,tm_lineups
tm:1159511,Денис Марченко,GK,GK,,left,tm_lineups
tm:261550,Неманя Анджушич,MF,CAM,ST:0.07;LW:0.06,right,tm_lineups
tm:581011,Микола Бужин,DF,RB,LB:0.06;LM:0.04,right,tm_lineups
tm:618487,Хуссейн Туаті,FW,RW,LW:0.23;CAM:0.12,left,tm_lineups
tm:645137,Томер Йосефі,MF,CAM,RW:0.07;LW:0.06;CM:0.04,left,tm_lineups
tm:837974,Патрісіо Танда,MF,CDM,CB:0.05;LB:0.05,left,tm_lineups
tm:880458,Жуан Віалле,DF,CB,,right,tm_lineups
tm:1052387,Мирослав Сердюк,DF,CB,LB:0.1,right,tm_lineups
tm:1083070,Алісон,FW,RW,,left,tm_lineups
tm:1249850,Олександр Жовтенко,DF,CB,,right,tm_lineups
tm:294723,Володимир Маханьков,GK,GK,,right,tm_lineups
tm:321947,Андрій Савенков,DF,LB,CB:0.35;RB:0.13;RM:0.05,right,tm_lineups
tm:603126,Андрія Янич,DF,CB,,right,tm_lineups
tm:775832,Дмитро Мацапура,GK,GK,,right,tm_lineups
tm:796574,Стеніо,FW,RW,LW:0.34;RM:0.07,right,tm_lineups
tm:815673,Фернандо Енріке,MF,CDM,,both,tm_lineups
tm:870177,Владислав Мороз,DF,CB,,right,tm_lineups
tm:935053,Микола Огарков,DF,LB,CB:0.07;LM:0.05,left,tm_lineups
tm:1220143,Лука Мейреллес,FW,ST,CAM:0.07,right,tm_lineups
tm:702664,Анте Бекавац,DF,LB,CAM:0.06,left,tm_lineups
tm:730874,Андрій Ліповуз,MF,CDM,,right,tm_lineups
tm:917287,Вадим Підлепич,DF,CB,,right,tm_lineups
tm:1179284,Володимир Мулик,FW,ST,,right,tm_lineups
tm:383758,Владислав Даниленко,MF,CM,CDM:0.33,left,tm_lineups
tm:800015,Влад Рейляну,MF,CAM,CM:0.16;CDM:0.09,right,tm_lineups
tm:923512,Сергій Стень,FW,LW,ST:0.35;RW:0.21,right,tm_lineups
tm:925401,Роман Саленко,MF,CM,LM:0.12;CAM:0.07;ST:0.04,right,tm_lineups
tm:955213,Андрій Маткевич,FW,LW,RW:0.11,right,tm_lineups
tm:448869,Андрій Ляшенко,MF,RM,LM:0.16;CAM:0.11;RW:0.07,right,tm_lineups
tm:572163,Даніїл Єрмолов,GK,GK,,right,tm_lineups
tm:657796,Алаа Грам,DF,CB,RB:0.15,right,tm_lineups
tm:807784,Жослен Беїратче,DF,CB,,right,tm_lineups
tm:882224,Ілля Ухань,DF,RB,LB:0.13,right,tm_lineups
tm:1061629,Максим Бойко,MF,CDM,CAM:0.05,right,tm_lineups
tm:1187437,Тарас Лях,FW,ST,RW:0.05,right,tm_lineups
tm:574774,Веслі Помба,FW,LW,RW:0.11;ST:0.07,right,tm_lineups
tm:812726,Андрій Беженар,MF,CAM,CM:0.43,right,tm_lineups
tm:955349,Олексій Гусєв,DF,RB,RM:0.06,right,tm_lineups
tm:1219849,Лукас Феррейра,FW,RW,RM:0.24;LW:0.07;CAM:0.04,left,tm_lineups
tm:1263365,Єгор Поправка,DF,RB,RM:0.04,right,tm_lineups
tm:717391,Максим Мельниченко,MF,CDM,CB:0.04;CM:0.04,right,tm_lineups
tm:743627,Джевісон Беннетт,FW,LW,RW:0.24,left,tm_lineups
tm:998742,Шола Огундана,FW,LW,,right,tm_lineups
tm:1035982,Дмитро Черниш,MF,CM,LM:0.05,right,tm_lineups
tm:1082597,Фабрісіо Ян,MF,CAM,ST:0.16,right,tm_lineups
tm:1095335,Жоннатан Сілва,FW,RW,LW:0.14;CAM:0.07,left,tm_lineups
tm:1173335,Даниїл Чечер,DF,CB,CDM:0.05,right,tm_lineups
tm:1253920,Гільєрме Баїя,FW,LW,RW:0.53,left,tm_lineups
tm:572271,Шебер Алькайн,FW,RW,,right,tm_lineups
tm:1027018,Матеус Амарал,MF,CAM,ST:0.2,left,tm_lineups
tm:1160405,Віктор Долгий,GK,GK,,left,tm_lineups
tm:271516,Валерій Восконян,GK,GK,,both,tm_lineups
tm:484995,Ноа Ндомбасі,FW,ST,LW:0.15;RW:0.05,right,tm_lineups
tm:568702,Папа Ндіага Яде,FW,LW,ST:0.11;LM:0.09;LB:0.04,left,tm_lineups
tm:744099,Жота,FW,RW,LW:0.23,left,tm_lineups
tm:808465,Ардіт Тахірі,FW,ST,,right,tm_lineups
tm:892105,Ліндон Емерллаху,MF,CM,CDM:0.35;CAM:0.09,both,tm_lineups
tm:951690,Юрій Потімков,DF,CB,RB:0.04,right,tm_lineups
tm:1061435,Андрій Ломницький,DF,CB,,left,tm_lineups
tm:1061626,Олексій Товарницький,DF,CB,,right,tm_lineups
tm:1113558,Микита Мінчев,GK,GK,,right,tm_lineups
tm:1138725,Богдан Редушко,FW,LW,,right,tm_lineups
tm:1158515,Рамік Гаджиєв,FW,RW,LW:0.43,left,tm_lineups
tm:383082,Євген Стрельцов,FW,ST,RM:0.12;RB:0.09,right,tm_lineups
tm:461595,Тео Ндіка,DF,LB,LM:0.3,left,tm_lineups
tm:607249,Матіас Оєвусі,FW,ST,,right,tm_lineups
tm:981181,Ніколас Аревало,MF,CDM,CM:0.34;CAM:0.1,right,tm_lineups
tm:1053568,Джозеф Джонс,DF,CB,,left,tm_lineups
tm:1101761,Джовані Герберт,MF,CAM,LW:0.1;RW:0.1;CDM:0.05,right,tm_lineups
tm:1180068,Данііл Денисенко,MF,CAM,LW:0.04,right,tm_lineups
tm:1241968,Назар Макаренко,GK,GK,,,tm_lineups
tm:514623,Мауро Родрігеш,FW,RW,LM:0.13;LW:0.13;ST:0.13,right,tm_lineups
tm:628473,Карлос Рохас,FW,RW,,right,tm_lineups
tm:1074045,Максим Коробов,DF,RB,,right,tm_lineups
tm:873534,Ерен Айдин,FW,ST,RW:0.45;LW:0.12;CAM:0.09,right,tm_lineups
tm:1031575,Себастьян Кастільйо,FW,LW,ST:0.43;RW:0.04,right,tm_lineups
tm:1057222,Віктор Цуканов,MF,CM,CAM:0.07,right,tm_lineups
tm:1074060,Владислав Захарченко,DF,CB,RB:0.08,right,tm_lineups
tm:1074505,Хаїр Кольяуасо,DF,CB,,left,tm_lineups
tm:1093843,Фабіано,FW,LW,RW:0.17;ST:0.06,right,tm_lineups
tm:1447744,Тутті,FW,ST,,right,tm_lineups
tm:548653,Кая Макоссо,MF,CDM,,right,tm_lineups
tm:718123,Самуель Нонго,FW,RW,LW:0.21,left,tm_lineups
tm:798106,Руан Олівейра,MF,CM,CAM:0.05;LW:0.05;RB:0.05,right,tm_lineups
tm:830083,Іван Мамросенко,DF,CB,,left,tm_lineups
tm:865572,Жеоване,MF,CM,CAM:0.26,left,tm_lineups
tm:923433,Артем Оніщенко,MF,CM,CAM:0.16;CDM:0.08,right,tm_lineups
tm:949111,Аліу Тіаре,DF,CB,,left,tm_lineups
tm:1059634,Костянтин Квас,MF,CAM,ST:0.16;LW:0.07,right,tm_lineups
tm:345750,Роман Льопка,GK,GK,,right,tm_lineups
tm:856056,Ассан Сек,FW,RW,ST:0.18;LW:0.13,right,tm_lineups
tm:888190,Домагой Єлавич,FW,LW,,right,tm_lineups
tm:1239140,Хоель Мая,MF,CAM,LW:0.09;RW:0.09,left,tm_lineups
tm:1262359,Федір Задорожний,FW,ST,RW:0.1,left,tm_lineups
tm:1275071,Кауан Баптістелла,MF,CAM,,left,tm_lineups
tm:1294033,Ярослав Караман,MF,CAM,CM:0.14,right,tm_lineups
tm:1362423,Ерікі,MF,CDM,,right,tm_lineups
tm:537646,Олексій Литовченко,FW,ST,CAM:0.21,right,tm_lineups
tm:647172,Алагі Олівейра,DF,CB,LB:0.3,both,tm_lineups
tm:706166,Владислав Бленуце,FW,ST,,right,tm_lineups
tm:707217,Албан Таїпі,FW,ST,RW:0.05,right,tm_lineups
tm:766706,Станіслав Кристін,MF,RM,LB:0.34;LM:0.13,left,tm_lineups
tm:860096,Карлос Рохас,DF,CB,,left,tm_lineups
tm:1138480,Микола Киричок,DF,CB,RB:0.22,right,tm_lineups
tm:1195407,Салью Ба,MF,CAM,CM:0.15;RW:0.05,left,tm_lineups
tm:1222645,Тіаго Боржес,DF,LB,,left,tm_lineups
tm:1417090,Алагі Валлі,FW,ST,,right,tm_lineups
tm:617643,Альбін Краснічі,MF,CAM,ST:0.25;CM:0.17,both,tm_lineups
tm:626771,Лука Станковскі,MF,CAM,CM:0.15;LM:0.07,right,tm_lineups
tm:706176,Абдул Авуду,FW,RW,ST:0.22;CM:0.19;LW:0.18,right,tm_lineups
tm:836428,Борель Томандзото,MF,CM,,right,tm_lineups
tm:926657,Кирило Матвєєв,MF,CDM,CM:0.12,right,tm_lineups
tm:942475,Верлей Баррера,FW,ST,RW:0.17,right,tm_lineups
tm:1176435,Іван Денисов,MF,CAM,RW:0.22;ST:0.22;LW:0.11,,tm_lineups
tm:1295301,Єгор Клименко,GK,GK,,right,tm_lineups
tm:1522779,Давід Нійо,MF,CM,,left,tm_lineups
tm:597290,Анді Хадрой,DF,RB,,right,tm_lineups
tm:916226,Зураб Рухадзе,DF,LB,,left,tm_lineups
tm:917809,Ярослав Проценко,GK,GK,,right,tm_lineups
tm:935048,Денис Твардовський,GK,GK,,right,tm_lineups
tm:935094,Дмитро Кремчанін,FW,RW,ST:0.33,left,tm_lineups
tm:1291835,Дмитро Себро,FW,ST,CAM:0.08;LW:0.08;RW:0.08,right,tm_lineups
tm:1293451,Олександр Фещенко,DF,CB,,right,tm_lineups
tm:1293692,Назар Прокопенко,MF,CDM,RB:0.09;LB:0.06,right,tm_lineups
tm:1346771,Володимир Ясінський,DF,RB,LB:0.1;LM:0.1;RM:0.1,right,tm_lineups
tm:294786,Святослав Шаповалов,MF,CDM,RB:0.17;CB:0.11;CM:0.06,right,tm_lineups
tm:574229,Микита Федотов,GK,GK,,right,tm_lineups
tm:623318,Ілля Каравашенко,GK,GK,,right,tm_lineups
tm:726013,Гліб Савчук,DF,RB,CB:0.44,right,tm_lineups
tm:775723,Іван Бендера,FW,LW,RW:0.32;ST:0.05,right,tm_lineups
tm:857859,Владислав Кристін,DF,RB,RM:0.31;CM:0.05,right,tm_lineups
tm:882089,Адам Якубу,MF,CDM,CM:0.05,right,tm_lineups
tm:1078831,Матвій Панченко,MF,CM,CDM:0.26;CAM:0.09,right,tm_lineups
tm:1167746,Ігнат Пушкуца,FW,RW,ST:0.08,right,tm_lineups
tm:1183905,Даниїл Власюк,DF,LB,CDM:0.23;LM:0.23,left,tm_lineups
tm:1186330,Антон Демченко,FW,ST,,right,tm_lineups
tm:1259753,Арсен Залипка,DF,RB,LB:0.3;LM:0.22;RM:0.08,right,tm_lineups
tm:1263951,Артем Чорний,MF,CAM,ST:0.06,right,tm_lineups
tm:1268326,Тимур Бутенко,FW,RW,CAM:0.15;RM:0.08,right,tm_lineups
tm:1293298,Матвій Боднар,FW,ST,CAM:0.09,right,tm_lineups
tm:1293391,Захарій Захарків,FW,ST,,,tm_lineups
tm:317944,Ілля Ходуля,DF,CB,RB:0.07,right,tm_lineups
tm:539425,Валентин Моргун,GK,GK,,right,tm_lineups
tm:938300,Ярослав Базаєв,FW,LW,,right,tm_lineups
tm:1061623,Назар Касарда,FW,LW,RW:0.06,right,tm_lineups
tm:1117106,Артур Андрейчик,DF,LB,LW:0.11,,tm_lineups
tm:1159736,Вадим Сташків,GK,GK,,left,tm_lineups
tm:1218821,Гуларт,DF,CB,,left,tm_lineups
tm:1250366,Кирило Кобернюк,DF,CB,RB:0.1,right,tm_lineups
tm:1263950,Ростислав Лящук,DF,RB,RM:0.2,right,tm_lineups
tm:1291232,Дмитро Мурашко,FW,ST,,right,tm_lineups
tm:1293390,Олексій Безручук,MF,CAM,,right,tm_lineups
tm:1320347,Богдан Левицький,DF,CB,,,tm_lineups
tm:1448405,Віктор Адеоє,MF,CDM,,right,tm_lineups
tm:752862,Тимур Пузанков,GK,GK,,left,tm_lineups
tm:1063685,В'ячеслав Суркіс,GK,GK,,right,tm_lineups
tm:1098098,Дієго Арройо,DF,CB,,left,tm_lineups
tm:1121524,Денис Хмельовський,MF,CDM,,right,tm_lineups
tm:1291837,Михайло Дзюн,MF,CDM,CB:0.25,right,tm_lineups
tm:1293579,Дмитро Матківський,MF,RM,LM:0.12,left,tm_lineups
tm:1295300,Олексій Товарчі,FW,ST,,right,tm_lineups
tm:1378959,Богдан Кирикович,FW,ST,,,tm_lineups
tm:1436068,Олександр Дєдов,FW,ST,LW:0.33,right,tm_lineups
tm:425567,Дієго Паласіос,DF,LB,CB:0.05;LW:0.05,left,tm_lineups
tm:599224,Анхель Торрес,FW,RW,ST:0.3;LW:0.09;CM:0.07,left,tm_lineups
tm:661858,Хосе Флорес,FW,RW,LW:0.06,right,tm_lineups
tm:935106,Марко Подоляк,MF,CAM,RW:0.04,left,tm_lineups
tm:1074043,Віталій Лобко,FW,ST,,right,tm_lineups
tm:1143806,Богдан Панчишин,MF,CM,CDM:0.05,right,tm_lineups
tm:1159512,Олександр Козлов,MF,CAM,ST:0.25,right,tm_lineups
tm:1186332,Ростислав Баглай,GK,GK,,right,tm_lineups
tm:1240255,Олександр Іванов,MF,LM,LW:0.14,right,tm_lineups
tm:1291839,Юрій Мужиловський,DF,RM,,right,tm_lineups
tm:1293290,Євген Маяков,DF,CB,,right,tm_lineups
tm:1299696,Станіслав Ярошенко,MF,RW,,,tm_lineups
tm:1354272,Костянтин Кислянка,DF,CB,,,tm_lineups
tm:1354276,Ілля Бодак,FW,ST,,,tm_lineups
tm:1401728,Максим Нанашко,DF,RB,LB:0.5,right,tm_lineups
tm:1433541,Олег Дзюринець,FW,RW,,,tm_lineups
tm:1434798,Кирило Рибак,MF,CM,,right,tm_lineups
tm:1434799,Максим Угрик,FW,ST,,,tm_lineups
tm:1436309,Денис Гордєєв,MF,CAM,,,tm_lineups
tm:1467103,Олександр Гоч,FW,RW,,,tm_lineups
tm:1505395,Ілля Островський,MF,CDM,,,tm_lineups
tm:1517352,Кирило Денисов,DF,CB,,,tm_lineups
tm:89222,Ярослав Ракицький,DF,CB,,left,tm_lineups
tm:59896,Дмитро Хомченовський,MF,LM,LW:0.2;CM:0.09;CAM:0.09,both,tm_lineups
tm:91801,Олександр Скляр,MF,CM,CAM:0.1;LB:0.06,both,tm_lineups
tm:242272,Євген Банада,MF,CM,CDM:0.21;CB:0.04,right,tm_lineups
tm:222079,Руслан Степанюк,FW,ST,CAM:0.17;RW:0.04,both,tm_lineups
tm:57895,Денис Олійник,FW,LW,CAM:0.16;RW:0.1,both,tm_lineups
tm:176412,Олексій Хобленко,FW,ST,RW:0.08,right,tm_lineups
tm:167556,Владислав Кулач,FW,ST,RW:0.07,right,tm_lineups
tm:193158,Сергій Мякушко,FW,LW,LM:0.3;RM:0.09;RW:0.04,both,tm_lineups
tm:320247,Артем Ситало,FW,ST,,right,tm_lineups
tm:248936,Павло Оріховський,MF,CM,CAM:0.39,right,tm_lineups
tm:110688,Сергій Логінов,DF,CB,CDM:0.05,right,tm_lineups
tm:213974,Артем Габелок,MF,CM,CDM:0.2;CAM:0.12;RM:0.04,left,tm_lineups
tm:203074,Іван Петряк,FW,LW,LM:0.36;RM:0.09;RW:0.08,right,tm_lineups
tm:401822,Максим Луньов,FW,LW,CAM:0.23;ST:0.15;RW:0.06,left,tm_lineups
tm:353252,Орест Кузик,FW,LW,CAM:0.43;ST:0.08,right,tm_lineups
tm:316945,Мар'ян Мисик,MF,LB,LM:0.26;CAM:0.21;RM:0.07,left,tm_lineups
tm:310782,Андрій Бацула,DF,LB,LM:0.19;CB:0.14,left,tm_lineups
tm:343492,Олег Кожушко,FW,ST,RW:0.23;LW:0.1,right,tm_lineups
tm:248931,Олександр Каплієнко,DF,LB,CB:0.11;LM:0.05,left,tm_lineups
tm:167555,Олександр Чорноморець,DF,LB,CB:0.31,left,tm_lineups
tm:169260,Віталій Єрмаков,DF,CB,RB:0.14;LB:0.14;CDM:0.11,right,tm_lineups
tm:365692,Дмитро Топалов,FW,LW,LB:0.1;RW:0.09;CAM:0.05,left,tm_lineups
tm:417228,Данило Сікан,FW,ST,LW:0.07,right,tm_lineups
tm:369155,Юрій Вакулко,MF,CM,CAM:0.12;CDM:0.07;RM:0.06,left,tm_lineups
tm:19619,Олександр Рибка,GK,GK,,right,tm_lineups
tm:688714,Віталій Дахновський,MF,LM,RM:0.55,right,tm_lineups
tm:343622,Петро Стасюк,DF,LB,RB:0.36;LM:0.05;RM:0.05,both,tm_lineups
tm:641426,Вадим Вітенчук,MF,CDM,CM:0.06,right,tm_lineups
tm:359796,Дмитро Шастал,FW,LW,RW:0.34;ST:0.27,right,tm_lineups
tm:289075,Олександр Зубков,FW,RW,LW:0.07,left,tm_lineups
tm:387928,Лукас Тейлор,DF,RB,RM:0.23,right,tm_lineups
tm:726033,Павло Ісенко,GK,GK,,right,tm_lineups
tm:404845,Владислав Наумець,FW,RW,CAM:0.11;LM:0.08;RM:0.04,left,tm_lineups
tm:962090,Артем Смоляков,DF,LB,LM:0.19,left,tm_lineups
tm:117481,Роман Мисак,GK,GK,,right,tm_lineups
tm:173079,Олександр Васильєв,MF,CDM,CB:0.14;CM:0.06,right,tm_lineups
tm:678783,Євген Підлепенець,FW,RW,,left,tm_lineups
tm:821535,Артур Ременяк,FW,RW,RB:0.07;ST:0.06,right,tm_lineups
tm:892054,Еміль Мустафаєв,MF,CAM,RW:0.07;RM:0.06,left,tm_lineups
tm:70923,Богдан Когут,GK,GK,,right,tm_lineups
tm:353584,Сергій Петько,MF,CDM,RB:0.28;CB:0.05,right,tm_lineups
tm:129646,Артур Рудько,GK,GK,,right,tm_lineups
tm:287015,Олів'є Тілль,MF,CAM,CM:0.24;CDM:0.08;RM:0.06,right,tm_lineups
tm:726035,Кирило Попов,FW,ST,RW:0.22,right,tm_lineups
tm:467243,Віктор Корнієнко,DF,LB,LM:0.1,left,tm_lineups
tm:606248,Данило Карась,DF,CB,RB:0.11,right,tm_lineups
tm:553772,Олександр Романчук,DF,CB,CDM:0.05,right,tm_lineups
tm:375659,Герман Пеньков,GK,GK,,right,tm_lineups
tm:498899,Тарас Саків,DF,LB,CDM:0.11;LM:0.07,left,tm_lineups
tm:491960,Беніто,FW,RW,LW:0.21;ST:0.19,left,tm_lineups
tm:366446,Денис Костишин,MF,CAM,LW:0.14;RW:0.06,left,tm_lineups
tm:421636,Самсон Ієде,FW,ST,,right,tm_lineups
tm:521841,Андрій Якимів,DF,CB,CDM:0.31,right,tm_lineups
tm:935047,Кирило Сігеєв,MF,CM,CDM:0.23,right,tm_lineups
tm:365779,Лука Гучек,DF,CB,,right,tm_lineups
tm:248935,Павло Лук'янчук,DF,CB,RB:0.32,right,tm_lineups
tm:909138,Даніель Сосах,FW,ST,LW:0.27;RW:0.1,right,tm_lineups
tm:385416,Михайло Шершень,DF,CB,LB:0.13;RB:0.07,right,tm_lineups
tm:726014,Максим Дячук,DF,CB,,right,tm_lineups
tm:795280,Тимур Кораблін,MF,CM,RM:0.24;LM:0.16;CAM:0.13,left,tm_lineups
tm:418173,Джихад Бізімана,MF,CDM,CM:0.04,right,tm_lineups
tm:419062,Клим Приходько,MF,CDM,CM:0.12,right,tm_lineups
tm:522328,Віталій Груша,MF,CAM,LW:0.22;RW:0.11;CM:0.06,right,tm_lineups
tm:214448,Ярослав Богунов,FW,LW,RW:0.28;CAM:0.11;ST:0.08,right,tm_lineups
tm:831697,Яго Сікейра,MF,CAM,CM:0.31;RW:0.04,right,tm_lineups
tm:418891,Олександр Мельник,DF,CB,,right,tm_lineups
tm:383198,Ілля Шевцов,FW,ST,LW:0.2;CAM:0.17,right,tm_lineups
tm:343316,Сергій Косовський,MF,CDM,,right,tm_lineups
tm:356936,Йон Шпорн,MF,CM,CDM:0.14;CAM:0.05,right,tm_lineups
tm:775709,Георгій Єрмаков,GK,GK,,right,tm_lineups
tm:900195,Кевін,FW,LW,,right,tm_lineups
tm:264646,Олександр Осман,DF,LB,LM:0.16,left,tm_lineups
tm:1115074,Молло Бессала,FW,RW,ST:0.61;LW:0.05,right,tm_lineups
tm:718409,Владислав Погорілий,FW,ST,CAM:0.11;LW:0.08,right,tm_lineups
tm:1052374,Євген Скиба,DF,CB,,right,tm_lineups
tm:342609,Микола Ковталюк,FW,ST,,right,tm_lineups
tm:256942,Хайдін Саліху,DF,CB,,right,tm_lineups
tm:470831,Вікентій Волошин,MF,CAM,RW:0.16;CM:0.11;LW:0.07,left,tm_lineups
tm:537841,Євген Кучеренко,GK,GK,,left,tm_lineups
tm:692997,Олексій Сидоров,FW,ST,,right,tm_lineups
tm:349107,Олег Синиця,FW,RW,CAM:0.38;LW:0.2,right,tm_lineups
tm:755175,Володимир Білоцерковець,FW,RW,RM:0.22;LB:0.11;ST:0.07,right,tm_lineups
tm:624920,Бені Макуана,FW,LW,ST:0.08;RW:0.07,right,tm_lineups
tm:522831,Максим Механів,GK,GK,,right,tm_lineups
tm:625144,Владислав Семотюк,MF,CM,CDM:0.06,right,tm_lineups
tm:817676,Жеовані,FW,RW,LW:0.23;RM:0.08,left,tm_lineups
tm:429157,Юрій Козиренко,FW,RW,LW:0.24;CAM:0.18;LB:0.05,left,tm_lineups
tm:492354,Денис Норенков,DF,LB,LM:0.13,left,tm_lineups
tm:925044,Тарас Галас,MF,CAM,LM:0.25;RM:0.15;RW:0.08,right,tm_lineups
tm:469685,Жан Тронтель,DF,RB,RM:0.44,right,tm_lineups
tm:808973,Денис Резепов,FW,ST,CAM:0.42;LW:0.18,right,tm_lineups
tm:819249,Луан Кампос,FW,RW,LW:0.15;ST:0.08,right,tm_lineups
tm:182912,Анж-Фредді Плюмен,FW,LW,RW:0.1;CAM:0.1;ST:0.08,right,tm_lineups
tm:204396,Станіслав-Нурі Малиш,DF,CB,CDM:0.07;RB:0.07,right,tm_lineups
tm:705337,Марко Мрвальєвич,FW,ST,,right,tm_lineups
tm:965929,Владислав Островський,FW,ST,,right,tm_lineups
tm:830079,Родіон Плакса,MF,CAM,CM:0.09;ST:0.08,right,tm_lineups
tm:426011,Микола Когут,MF,RM,CAM:0.15;LM:0.11;RW:0.08,left,tm_lineups
tm:537850,Богдан Могильний,FW,LW,ST:0.22;RW:0.05,right,tm_lineups
tm:634609,Руслан Дедух,MF,CM,CAM:0.12;CDM:0.08,right,tm_lineups
tm:333020,Владислав Войцеховський,FW,LW,RW:0.33;ST:0.16,right,tm_lineups
tm:426008,Іван Когут,MF,LM,RM:0.28;LB:0.13,right,tm_lineups
tm:522058,Василь Гакман,DF,RB,RM:0.06,right,tm_lineups
tm:552418,Сергій Кисленко,FW,ST,,left,tm_lineups
tm:583354,Владислав Сидоренко,DF,RB,RM:0.21;LM:0.04,right,tm_lineups
tm:675708,Гітіс Паулаускас,FW,ST,,right,tm_lineups
tm:938681,Віталій Дубілей,DF,RB,CB:0.21,right,tm_lineups
tm:952943,Яків Кінарейкін,GK,GK,,right,tm_lineups
tm:357917,Джастін Лонвейк,MF,CM,RW:0.17;CAM:0.13;LW:0.11,right,tm_lineups
tm:648076,Джованні Болівар,FW,ST,,right,tm_lineups
tm:569056,Жан-Морель Пое,FW,RW,LW:0.12;ST:0.05,left,tm_lineups
tm:577844,Олег Соколов,DF,RB,LB:0.07,right,tm_lineups
tm:634023,Луїфер Ернандес,FW,ST,,right,tm_lineups
tm:662418,Сідней,DF,LB,,left,tm_lineups
tm:687881,Дієго Каріока,FW,LW,RW:0.15;CAM:0.13;ST:0.11,right,tm_lineups
tm:935046,Роман Савченко,DF,CB,LB:0.08,left,tm_lineups
tm:809899,Лука Лацабідзе,DF,CB,CDM:0.18;CM:0.06,right,tm_lineups
tm:1091519,Кайо Гомес,DF,LB,RM:0.47;RB:0.12;RW:0.06,right,tm_lineups
tm:913387,Данило Колесник,FW,ST,,right,tm_lineups
tm:986412,Радіон Лісняк,FW,CAM,LW:0.22;ST:0.19;CM:0.11,right,tm_lineups
tm:620892,Арад Бар,MF,CM,CDM:0.06,right,tm_lineups
tm:702562,Ернест Астахов,DF,RB,RM:0.07;LB:0.06,right,tm_lineups
tm:771911,Ілля Гаджук,MF,CM,CDM:0.26,,tm_lineups
tm:964036,Олег Криворучко,MF,CM,CAM:0.07,right,tm_lineups
tm:1083960,Кауа Пайшао,FW,ST,RW:0.05,right,tm_lineups
tm:1290268,Олександр Пшеничнюк,MF,CAM,RW:0.26;CM:0.1;LW:0.07,right,tm_lineups
tm:734799,Прінс Аду,FW,ST,LW:0.09,right,tm_lineups
tm:899884,Олександр Чернов,DF,RB,RM:0.35;LM:0.08;LB:0.06,right,tm_lineups
tm:936859,Мозес Джарджу,DF,CB,CDM:0.09,right,tm_lineups
tm:470495,Осама Халайла,FW,ST,LW:0.04,right,tm_lineups
tm:1065123,Віталій Катрич,DF,LB,LM:0.13,left,tm_lineups
tm:577260,Факундо Батіста,FW,ST,,right,tm_lineups
tm:678606,Адмір Брістрич,FW,ST,,right,tm_lineups
tm:705058,Маттео Аморозо,MF,CAM,CM:0.12,left,tm_lineups
tm:717198,Данило Удод,DF,CB,RB:0.11,right,tm_lineups
tm:776959,Андрій Співаков,MF,CDM,CAM:0.16;CM:0.14;CB:0.07,right,tm_lineups
tm:923514,Віталій Фарасеєнко,MF,RM,LM:0.23;LB:0.07;RW:0.07,left,tm_lineups
tm:718643,Аліун Ндур,FW,ST,,right,tm_lineups
tm:825229,Валерій Самар,DF,CB,,right,tm_lineups
tm:928288,Олександр Дихтярук,DF,CB,,right,tm_lineups
tm:1082832,Раян Карлос,DF,LB,LM:0.27,left,tm_lineups
tm:636756,Мілот Авдилі,FW,CAM,RW:0.28;CM:0.19;RM:0.06,left,tm_lineups
tm:717196,Артем Бенедюк,DF,RB,LB:0.14;RM:0.09;CDM:0.07,right,tm_lineups
tm:950181,Матей Матич,DF,CB,,left,tm_lineups
tm:1082633,Венделл,FW,ST,,left,tm_lineups
tm:1375876,Дієго Енріке,MF,CAM,CM:0.06;RW:0.06,left,tm_lineups
tm:748838,Юрій Тлумак,MF,CM,CDM:0.27;CAM:0.06,left,tm_lineups
tm:1153473,Крістіан Свистун,FW,RB,RW:0.22;LW:0.14,right,tm_lineups
tm:387495,Андрій Різник,FW,ST,LW:0.15;CAM:0.05,right,tm_lineups
tm:666614,Клемент Ікенна,MF,CDM,,right,tm_lineups
tm:762387,Хусрав Тоїров,FW,LW,RW:0.06;ST:0.06,right,tm_lineups
tm:451603,Штефан Вледою,DF,RB,,right,tm_lineups
tm:937918,Руслан Непейпієв,FW,LW,RW:0.05,right,tm_lineups
tm:1074052,Владислав Калин,FW,LW,RW:0.23,right,tm_lineups
tm:370998,Бартол Франьїч,DF,LB,CDM:0.46;CB:0.14,left,tm_lineups
tm:591619,Владимир Арсич,DF,CB,LB:0.09,left,tm_lineups
tm:653832,Офек Бітон,MF,CAM,,right,tm_lineups
tm:738154,Крістофер Нваезе,DF,CB,CDM:0.14,right,tm_lineups
tm:955216,Максим Василець,MF,CM,,right,tm_lineups
tm:1035981,Данило Ізотов,DF,CB,CDM:0.11,right,tm_lineups
tm:1154991,Владислав Чабан,MF,LM,CM:0.11;CDM:0.08,right,tm_lineups
tm:1161400,Максим Скороход,MF,LM,CAM:0.18;RM:0.04,,tm_lineups
tm:213424,Олександр Дударенко,DF,LB,CB:0.05;LM:0.05,left,tm_lineups
tm:983434,Георгій Робакідзе,MF,CM,CDM:0.2;RM:0.19,right,tm_lineups
tm:1111147,Чіджіоке Аніагбосо,GK,GK,,right,tm_lineups
tm:1165884,Магомед Кратов,DF,CB,,right,tm_lineups
tm:1209124,Ростислав Баран,MF,CM,,right,tm_lineups
tm:1250868,Мухаммад Джурабаєв,MF,CM,CAM:0.11,right,tm_lineups
tm:1291231,Назар Попов,FW,ST,,right,tm_lineups
tm:1302421,Жуан Нето,FW,RW,CAM:0.36;ST:0.13,right,tm_lineups
tm:650863,Браян Себальос,DF,CB,RB:0.05,right,tm_lineups
tm:812170,Кирило Самойленко,GK,GK,,right,tm_lineups
tm:955333,Назар Балаба,DF,CB,CDM:0.08,right,tm_lineups
tm:1072234,Олександр Домолега,GK,GK,,right,tm_lineups
tm:1126427,Майкен Гонсалес,FW,LW,,both,tm_lineups
tm:1284125,Джеррі Йока,FW,ST,CAM:0.09;RW:0.09,right,tm_lineups
tm:1291385,Орест Лепський,FW,RW,,right,tm_lineups
tm:1293400,Роман Кузик,FW,RW,LW:0.67,right,tm_lineups
tm:378520,Фернан Фаеррон,DF,CB,,right,tm_lineups
tm:387098,Демір Скриєль,MF,CAM,LW:0.22,right,tm_lineups
tm:404844,Тимофій Сухар,DF,LB,RB:0.34;RM:0.11,right,tm_lineups
tm:882696,Борис Лотоцький,DF,CB,CDM:0.04,left,tm_lineups
tm:924466,Антон Жилкін,GK,GK,,right,tm_lineups
tm:965816,Станіслав Прус,FW,RW,LW:0.07,right,tm_lineups
tm:1105073,Анель Райс,MF,CDM,CM:0.32,right,tm_lineups
tm:670309,Матей Ангелов,MF,CDM,CM:0.12,right,tm_lineups
tm:717200,Назар Русяк,MF,CM,CAM:0.33,right,tm_lineups
tm:870185,Сімон Галоян,MF,RM,CM:0.24,right,tm_lineups
tm:1073028,Іван Чабан,MF,CM,RM:0.14;CDM:0.07,right,tm_lineups
tm:1179117,Владислав Шершень,DF,CB,,right,tm_lineups
tm:1194386,Андрій Меленчук,FW,LW,CAM:0.13;LB:0.13,right,tm_lineups
tm:1272997,Данило Слива,MF,LM,RW:0.25,,tm_lineups
tm:1291840,Ерік Калинець,DF,LB,,left,tm_lineups
tm:1293455,Даніїл Юшко,FW,RW,LW:0.46,right,tm_lineups
tm:1293592,Давид Благодарний,MF,LM,,right,tm_lineups
tm:1381775,Антон Видрич,FW,ST,,,tm_lineups
tm:58150,Андрій Ткачук,MF,CDM,CAM:0.07;CM:0.05,right,tm_lineups
tm:92567,Андрій Богданов,MF,CM,CDM:0.25;CAM:0.05;RB:0.05,right,tm_lineups
tm:124182,Сергій Сидорчук,MF,CDM,CM:0.34;CAM:0.04,right,tm_lineups
tm:58930,Володимир Чеснаков,DF,CB,CDM:0.39,right,tm_lineups
tm:85969,Олександр Бандура,GK,GK,,right,tm_lineups
tm:70754,Денис Гармаш,MF,CAM,CM:0.23;ST:0.11;LM:0.04,right,tm_lineups
tm:91727,Андрій Гітченко,DF,CB,CDM:0.09,right,tm_lineups
tm:58418,Вадим Мілько,MF,CM,CDM:0.16,right,tm_lineups
tm:244271,Олександр Сваток,DF,CB,,right,tm_lineups
tm:49016,Євген Паст,GK,GK,,left,tm_lineups
tm:25732,Дмитро Чигринський,DF,CB,,right,tm_lineups
tm:91931,Денис Бойко,GK,GK,,right,tm_lineups
tm:111072,Владислав Огіря,MF,CDM,,right,tm_lineups
tm:321417,Микита Татарков,MF,CAM,RW:0.23;LW:0.14;RM:0.08,right,tm_lineups
tm:120262,Дмитро Немчанінов,DF,CB,LB:0.58,left,tm_lineups
tm:58072,Ярослав Мартинюк,MF,CM,CDM:0.27;CAM:0.08;CB:0.06,left,tm_lineups
tm:264063,Сергій Болбат,FW,RW,LW:0.33;RB:0.15;CAM:0.11,right,tm_lineups
tm:59442,Євген Селін,DF,LB,CB:0.64,left,tm_lineups
tm:81649,Сергій Рибалка,MF,CDM,CM:0.17;CAM:0.12,right,tm_lineups
tm:58402,Максим Ковальов,DF,CB,,right,tm_lineups
tm:86466,Євгеній Ткачук,DF,CB,,right,tm_lineups
tm:94924,Максим Імереков,DF,CB,,right,tm_lineups
tm:96498,Олександр Насонов,DF,RB,LB:0.11;CB:0.06,right,tm_lineups
tm:59047,Василь Грицук,MF,CAM,CM:0.05,both,tm_lineups
tm:257937,Олег Данченко,DF,RB,RM:0.29;LM:0.06,right,tm_lineups
tm:358956,Олександр Кучеренко,MF,CDM,CB:0.55,right,tm_lineups
tm:242854,Дмитро Юсов,FW,ST,RW:0.29;LW:0.19;LM:0.06,right,tm_lineups
tm:221955,Сергій Шестаков,MF,RM,RB:0.22;LM:0.21,right,tm_lineups
tm:337198,Богдан Бойчук,FW,RW,LW:0.22;ST:0.14;RB:0.05,right,tm_lineups
tm:157373,Владлен Юрченко,MF,CAM,CM:0.27,right,tm_lineups
tm:665048,Арсеній Батагов,DF,CB,CDM:0.17,left,tm_lineups
tm:255638,Дмитро Кравченко,MF,CDM,CM:0.13,right,tm_lineups
tm:262182,Роман Дебелко,FW,ST,CAM:0.09,right,tm_lineups
tm:245048,Василь Кравець,DF,LB,CB:0.26,left,tm_lineups
tm:64341,Антон Кравченко,DF,CB,CDM:0.05,right,tm_lineups
tm:88879,Артем Кичак,GK,GK,,left,tm_lineups
tm:509837,Максим Прядун,FW,ST,LW:0.11;CAM:0.07,right,tm_lineups
tm:365195,Андрій Кухарук,MF,CM,CAM:0.1,right,tm_lineups
tm:419119,Ігор Снурніцин,DF,CB,LB:0.32,left,tm_lineups
tm:448867,Максим Лопирьонок,DF,CB,RB:0.06,right,tm_lineups
tm:288853,Сергій Горбунов,DF,LB,LM:0.28;RM:0.2;CM:0.06,left,tm_lineups
tm:562484,Олег Вишневський,FW,ST,,right,tm_lineups
tm:366729,Назарій Русин,FW,ST,LW:0.19;CAM:0.14,right,tm_lineups
tm:523903,Назарій Нич,FW,ST,,left,tm_lineups
tm:581782,Андрій Штогрин,FW,LW,RW:0.28;ST:0.24,right,tm_lineups
tm:59136,Максим Жичиков,DF,RB,LB:0.11;RM:0.06,right,tm_lineups
tm:288857,Дмитро Нагієв,DF,RB,RM:0.4,right,tm_lineups
tm:543493,Наджиб Якубу,MF,LM,LB:0.24;RM:0.24;RB:0.05,right,tm_lineups
tm:289487,Ростислав Русин,FW,RW,CAM:0.32;LW:0.17,left,tm_lineups
tm:505463,Олександр Сирота,DF,CB,,left,tm_lineups
tm:177818,Андрій Блізніченко,FW,RW,RM:0.3;LW:0.19,left,tm_lineups
tm:497221,Андрій Ременюк,FW,LW,RW:0.34;ST:0.05,right,tm_lineups
tm:166563,Денис Балан,DF,RB,LB:0.07,right,tm_lineups
tm:520517,Михаіл Гечев,MF,LM,RW:0.19;LW:0.15;CAM:0.08,both,tm_lineups
tm:381430,Фабрісіо Альваренга,FW,RW,LW:0.12;RB:0.06,right,tm_lineups
tm:289472,Микита Безуглий,DF,CB,RB:0.19;LB:0.1,right,tm_lineups
tm:321165,Михайло Шестаков,FW,ST,RW:0.13,right,tm_lineups
tm:404849,Олексій Кащук,FW,RW,LW:0.12,left,tm_lineups
tm:522327,Роман Гагун,DF,RB,LB:0.14,right,tm_lineups
tm:136537,Олексій Шевченко,GK,GK,,right,tm_lineups
tm:289060,Олег Мозіль,GK,GK,,left,tm_lineups
tm:297752,Микола Золотов,DF,LB,RB:0.41;LM:0.06;CB:0.05,right,tm_lineups
tm:396411,Владислав Бугай,FW,ST,LW:0.08;CAM:0.05,right,tm_lineups
tm:464619,Владислав Дмитренко,FW,LW,CAM:0.14;RW:0.04;ST:0.04,both,tm_lineups
tm:295845,Ігор Курило,DF,CB,,left,tm_lineups
tm:369093,Андрій Ралюченко,MF,CDM,CB:0.15,right,tm_lineups
tm:124025,Зігі Бадібанга,FW,RW,LW:0.13;ST:0.1,right,tm_lineups
tm:391127,Вів Соломон-Отабор,FW,RW,LW:0.39;ST:0.06,right,tm_lineups
tm:204045,Бека Вачіберадзе,MF,CM,CDM:0.22;CAM:0.05,left,tm_lineups
tm:461654,Тарас Дмитрук,DF,RB,RM:0.38,right,tm_lineups
tm:576022,Владислав Ємець,DF,LB,LM:0.22;RB:0.06,left,tm_lineups
tm:320953,Юрій Кравчук,DF,CB,,left,tm_lineups
tm:436833,Феліпе Родрігес,DF,RM,RB:0.15;CB:0.14;ST:0.12,right,tm_lineups
tm:576021,Станіслав Шарай,MF,CM,CAM:0.27;LM:0.05,left,tm_lineups
tm:307053,Сергій Панасенко,MF,CM,CAM:0.36,left,tm_lineups
tm:539435,Богдан Чуєв,DF,CB,RB:0.1;LB:0.04,right,tm_lineups
tm:59446,Денис Сидоренко,GK,GK,,right,tm_lineups
tm:623327,Андрій Чирук,FW,ST,LW:0.07;CAM:0.04,right,tm_lineups
tm:271635,Дмитро Фатєєв,DF,RB,CB:0.45;RM:0.08;LB:0.07,right,tm_lineups
tm:746397,Артем Вовкун,DF,CB,CDM:0.32,right,tm_lineups
tm:888023,Кевін Келсі,FW,ST,,left,tm_lineups
tm:378972,Гай Хадіда,MF,CAM,ST:0.37;RW:0.07;CDM:0.05,left,tm_lineups
tm:765401,Назарій Воробчак,MF,RM,LM:0.12;RW:0.11,right,tm_lineups
tm:809569,Єгор Гунічев,FW,ST,RW:0.07;LW:0.07;CAM:0.05,right,tm_lineups
tm:112364,В'ячеслав Рябов,DF,CB,CDM:0.27,right,tm_lineups
tm:285127,Домінго Бланко,FW,LW,CM:0.32;RW:0.17;RM:0.08,right,tm_lineups
tm:659886,Білл,FW,LW,RW:0.21,right,tm_lineups
tm:295178,Ардіт Толі,MF,CDM,RB:0.35;CM:0.06,right,tm_lineups
tm:717390,Антон Царенко,MF,CAM,,right,tm_lineups
tm:570537,Вадим Червак,DF,CB,CDM:0.1;LB:0.07,left,tm_lineups
tm:227199,Ігор Солдат,DF,RB,CB:0.13;LB:0.13;RM:0.06,right,tm_lineups
tm:737982,Жуліо Сезар,DF,CB,,left,tm_lineups
tm:1045568,Данило Голуб,FW,RW,LW:0.19,right,tm_lineups
tm:1084065,Аріелсон,FW,ST,CAM:0.09,right,tm_lineups
tm:1112706,Іван Матюшенко,MF,CM,CDM:0.11,right,tm_lineups
tm:59290,Антон Савін,FW,RW,LW:0.31;LM:0.12;RM:0.06,right,tm_lineups
tm:442784,Ранжел,FW,ST,RW:0.08,right,tm_lineups
tm:522791,Самбу Сіссоко,MF,CDM,CM:0.3;RB:0.06,right,tm_lineups
tm:869465,Тіаго Сантана,DF,CB,,both,tm_lineups
tm:342878,Ясін Фортюне,FW,ST,RW:0.33;LW:0.2,right,tm_lineups
tm:567735,Владислав Хамелюк,MF,CM,CDM:0.07;CAM:0.06,left,tm_lineups
tm:623331,Богдан В'юнник,MF,CAM,ST:0.44;LW:0.07,both,tm_lineups
tm:632667,Іван Тищенко,MF,CAM,LM:0.08;RW:0.05,right,tm_lineups
tm:967981,Жан-Клод,MF,CM,CDM:0.17;RB:0.13;CB:0.04,right,tm_lineups
tm:572399,Кирило Прокопчук,DF,CB,,left,tm_lineups
tm:342148,Зе Гоміш,FW,ST,,right,tm_lineups
tm:624883,Амількар Коджові,FW,LW,RW:0.14;ST:0.14;CAM:0.07,left,tm_lineups
tm:709479,Абдулла Абдуллаєв,FW,LW,CAM:0.11;ST:0.06,right,tm_lineups
tm:717415,Даніель Ківінда,FW,ST,LW:0.04;RW:0.04,right,tm_lineups
tm:871863,Андрій Андрейчук,FW,ST,,right,tm_lineups
tm:546253,Дада Белмонте,FW,CAM,LW:0.19,right,tm_lineups
tm:585950,Натанаель Сентіні,DF,CB,,right,tm_lineups
tm:748936,Дмитро Піддубний,DF,CB,,right,tm_lineups
tm:834898,Вітіньйо,MF,CDM,CM:0.23;CAM:0.15;LM:0.08,,tm_lineups
tm:1237999,Самуель Обінайя,MF,CM,CB:0.07;CDM:0.07;RB:0.07,right,tm_lineups
tm:471638,Еміліано Пуріта,DF,RB,RM:0.05,right,tm_lineups
tm:560110,Іван Коваленко,DF,LB,RB:0.05,left,tm_lineups
tm:729432,Вадим Ющишин,GK,GK,,right,tm_lineups
tm:1240467,Артем Присяжнюк,MF,CM,CAM:0.07;CDM:0.07,left,tm_lineups
tm:243843,Олег Тарасенко,DF,CB,,right,tm_lineups
tm:910926,Де,FW,ST,CAM:0.09,,tm_lineups
tm:941418,Деніл Кастільйо,MF,CM,CDM:0.23;CAM:0.07,right,tm_lineups
tm:1109816,Іван Демиденко,FW,ST,,right,tm_lineups
tm:354640,Хосе Ернандес,DF,LB,LM:0.13,left,tm_lineups
tm:911644,Ілля Ольховий,GK,GK,,right,tm_lineups
tm:985349,Ігор Енріке,FW,LW,CAM:0.08,left,tm_lineups
tm:1185406,Роман Ковалюк,FW,LW,RW:0.19;LB:0.06,left,tm_lineups
tm:539437,Даниїл Хондак,DF,CB,RB:0.08,,tm_lineups
tm:761326,Став Лемкін,DF,CB,RB:0.07,right,tm_lineups
tm:833315,Новатус Міроші,MF,CDM,CB:0.25;LB:0.15,left,tm_lineups
tm:973704,Тіаго Кунья,FW,LW,RW:0.2,left,tm_lineups
tm:1003436,Лукас Рамірес,DF,CB,,,tm_lineups
tm:893187,Решат Рамадані,MF,CDM,,right,tm_lineups
tm:1018927,Кетелін Кукош,DF,CB,RB:0.06,right,tm_lineups
tm:327911,Феліпе Пірес,FW,LW,RW:0.18;CAM:0.07;ST:0.05,right,tm_lineups
tm:527967,Джек Іпалібо,MF,CDM,CM:0.09;CAM:0.06,right,tm_lineups
tm:707201,Павло Тищук,FW,RW,RM:0.12;ST:0.12;LW:0.08,right,tm_lineups
tm:771912,Ілля Гулько,MF,CDM,CB:0.04,right,tm_lineups
tm:928276,Сергій Копил,MF,CM,,right,tm_lineups
tm:1074482,Венделл,FW,RW,LW:0.24;ST:0.06,right,tm_lineups
tm:1084075,Маркос Андре,FW,ST,,,tm_lineups
tm:1262360,Владислав Крамар,MF,CM,CDM:0.25,right,tm_lineups
tm:650393,Василь Вашкеба,MF,CDM,LW:0.1,right,tm_lineups
tm:669310,Данило Гончарук,FW,ST,RW:0.24;LW:0.1,right,tm_lineups
tm:949337,Гільєрме Сміт,FW,LM,LW:0.27;ST:0.15,right,tm_lineups
tm:978659,Богдан Хома,GK,GK,,right,tm_lineups
tm:1028757,Артем Долбнєв,MF,LM,CDM:0.26,right,tm_lineups
tm:1038055,Назар Байрук,DF,LB,CM:0.25;LM:0.09,left,tm_lineups
tm:1118450,Данило Тузенко,MF,CM,RM:0.17,right,tm_lineups
tm:1136725,Денис Гаркавенко,DF,CB,,left,tm_lineups
tm:1141270,Богдан Токар,DF,CB,,right,tm_lineups
tm:1237939,Ілля Баденко,MF,CM,CAM:0.12,right,tm_lineups
tm:1244434,Євген Писаренко,MF,RM,,right,tm_lineups
tm:1244435,Єгор Капустян,DF,RB,LB:0.33;LM:0.33,right,tm_lineups
tm:1250365,Михайло Раско,MF,CM,,right,tm_lineups
tm:1256101,Максим Шолупець,FW,ST,,right,tm_lineups
tm:1257693,Ігор Дорош,DF,LM,,,tm_lineups
tm:53270,Олександр Гладкий,FW,ST,,both,tm_lineups
tm:39996,Андрій П'ятов,GK,GK,,right,tm_lineups
tm:59076,Сергій Кравченко,MF,CM,CDM:0.18;CAM:0.06,right,tm_lineups
tm:59908,Євген Селезньов,FW,ST,,right,tm_lineups
tm:82599,Валерій Федорчук,MF,CM,CAM:0.08,right,tm_lineups
tm:102572,Юрій Паньків,GK,GK,,right,tm_lineups
tm:59973,Віталій Вернидуб,DF,CB,,right,tm_lineups
tm:58606,Сергій Політило,MF,CM,CAM:0.11,both,tm_lineups
tm:122088,Артем Громов,FW,LW,ST:0.24;LM:0.17;RM:0.11,right,tm_lineups
tm:91479,Сергій Яворський,DF,CB,,right,tm_lineups
tm:58413,Володимир Лисенко,FW,ST,RW:0.06;LW:0.04,left,tm_lineups
tm:58252,Сергій Сімінін,DF,RB,LB:0.4;CB:0.06,right,tm_lineups
tm:74089,Сергій Кривцов,DF,CB,,right,tm_lineups
tm:91419,Олексій Довгий,MF,CDM,CM:0.18,left,tm_lineups
tm:94923,Ігор Чайковський,MF,CDM,CAM:0.06,right,tm_lineups
tm:94925,Єгор Картушов,MF,LM,RM:0.26;LB:0.23;LW:0.2,left,tm_lineups
tm:264372,Віктор Циганков,FW,RW,LW:0.07;CAM:0.05;RM:0.04,left,tm_lineups
tm:58970,Євген Шахов,MF,CM,CAM:0.16,right,tm_lineups
tm:107803,Максим Білий,DF,CB,CDM:0.14,right,tm_lineups
tm:243841,Михайло Сергійчук,FW,ST,RW:0.11;LW:0.05,right,tm_lineups
tm:62515,Іван Бобко,MF,CAM,LM:0.25;CM:0.18;LB:0.09,left,tm_lineups
tm:91425,Юрій Коломоєць,FW,ST,,both,tm_lineups
tm:181118,Томаш Кендзьора,DF,RB,CB:0.41,right,tm_lineups
tm:305415,Артем Бєсєдін,FW,ST,,right,tm_lineups
tm:90769,Віталій Пономар,FW,ST,LW:0.21,both,tm_lineups
tm:77847,Дмитро Непогодов,GK,GK,,left,tm_lineups
tm:343537,Артем Довбик,FW,ST,,left,tm_lineups
tm:242279,Олексій Дитятьєв,DF,CB,,right,tm_lineups
tm:201625,Ігор Гончар,DF,RB,RM:0.1;CB:0.06,right,tm_lineups
tm:428380,Юрій Романюк,DF,RB,RM:0.11;LB:0.05,right,tm_lineups
tm:269374,Сергій Грин,FW,LW,RW:0.36;ST:0.25;CAM:0.06,right,tm_lineups
tm:91358,Євген Новак,DF,CB,,right,tm_lineups
tm:278917,Роман Підківка,GK,GK,,right,tm_lineups
tm:537844,Анатолій Трубін,GK,GK,,right,tm_lineups
tm:396402,Володимир Якимець,DF,LB,RB:0.25;LM:0.1,right,tm_lineups
tm:177276,Богдан Сарнавський,GK,GK,,right,tm_lineups
tm:58392,Віталій Федорів,DF,CB,LB:0.45,left,tm_lineups
tm:120966,Олександр Ільющенков,GK,GK,,right,tm_lineups
tm:59978,Євген Задоя,MF,CDM,,right,tm_lineups
tm:322952,Роман Никитюк,DF,CB,RB:0.23,right,tm_lineups
tm:268697,Данило Книш,FW,RW,LW:0.18;RB:0.17;ST:0.14,right,tm_lineups
tm:168041,Михайло Шишка,MF,CDM,CM:0.1,right,tm_lineups
tm:659089,Ілля Забарний,DF,CB,,right,tm_lineups
tm:325420,Богдан Мишенко,MF,LM,RM:0.21;CAM:0.13;ST:0.05,right,tm_lineups
tm:166580,Іван Трубочкін,DF,LB,RB:0.1,right,tm_lineups
tm:305423,Іван Зотько,DF,CB,RB:0.04,right,tm_lineups
tm:537860,Михайло Мудрик,FW,LW,RW:0.05,right,tm_lineups
tm:819493,Ельдар Кулієв,MF,LM,CM:0.3;CAM:0.18;CDM:0.11,right,tm_lineups
tm:398675,Микола Квасний,DF,LB,,left,tm_lineups
tm:292396,Валерій Юрчук,GK,GK,,right,tm_lineups
tm:347804,Андрій Коробенко,MF,CM,CDM:0.13,right,tm_lineups
tm:524965,Андрій Бусько,DF,RB,CB:0.22;LM:0.14;RM:0.09,right,tm_lineups
tm:539441,Євген Ісаєнко,FW,ST,CAM:0.18;RW:0.06;LW:0.05,left,tm_lineups
tm:747315,Орест Костик,GK,GK,,right,tm_lineups
tm:375955,Єгор Клименчук,DF,LB,CB:0.2;LM:0.12;CDM:0.05,left,tm_lineups
tm:425707,Артем Дудік,FW,RW,ST:0.08;LW:0.07,right,tm_lineups
tm:59115,Віталій Павлов,DF,CB,,right,tm_lineups
tm:241686,Олександр Лебеденко,MF,CM,CAM:0.4,right,tm_lineups
tm:767643,Олександр Мизюк,DF,CB,,right,tm_lineups
tm:39637,Роман Мірошник,DF,CB,RB:0.06,right,tm_lineups
tm:108866,Дмитро Поспєлов,DF,CB,,right,tm_lineups
tm:254985,Таулант Сефері,FW,ST,RW:0.33;LW:0.25,right,tm_lineups
tm:539444,Артем Мильченко,MF,CM,CDM:0.11;LB:0.07,right,tm_lineups
tm:269365,Олексій Зозуля,DF,RB,LB:0.05;RM:0.05;CB:0.05,right,tm_lineups
tm:699842,Антон Байдал,FW,LW,RW:0.2;ST:0.15;CAM:0.09,right,tm_lineups
tm:122361,Адерінсола Есеола,FW,ST,,right,tm_lineups
tm:251676,Ріфет Капич,MF,CAM,CM:0.31;CDM:0.13,left,tm_lineups
tm:468735,Олександр Маткобожик,DF,CB,,right,tm_lineups
tm:537859,Андрій Кравчук,MF,CM,CDM:0.08;RM:0.05,left,tm_lineups
tm:54031,Андерсон Піко,DF,LB,LM:0.08;RM:0.04,both,tm_lineups
tm:343175,Ахмед Алібеков,MF,CDM,,right,tm_lineups
tm:675878,Крістіан,FW,RW,LW:0.23;ST:0.06;CAM:0.06,both,tm_lineups
tm:808113,Максим Багачанський,MF,CM,CAM:0.24;LM:0.12;CDM:0.08,left,tm_lineups
tm:341424,Невен Джурасек,MF,CDM,CM:0.24;CAM:0.08,right,tm_lineups
tm:428746,Ерік Рамірес,FW,ST,RW:0.12,right,tm_lineups
tm:661776,Богдан Порох,DF,CB,,left,tm_lineups
tm:592336,Макс Валеф,GK,GK,,right,tm_lineups
tm:771909,Алекс Чідомере,MF,CAM,CM:0.19;ST:0.09,right,tm_lineups
tm:226014,Сергій Ченбай,DF,LB,CB:0.48;LM:0.05;RM:0.05,left,tm_lineups
tm:389942,Хайнер,DF,RB,RM:0.16;LB:0.04,right,tm_lineups
tm:393975,Ілля Зубков,FW,ST,RW:0.07,left,tm_lineups
tm:669312,Євген Рязанцев,FW,RW,LW:0.18;ST:0.14;LM:0.06,both,tm_lineups
tm:205849,Джоко Зайков,DF,CB,,right,tm_lineups
tm:495922,Максим Войтиховський,DF,CB,CDM:0.27;ST:0.18,right,tm_lineups
tm:222686,Манджрекар Джеймс,DF,CB,,right,tm_lineups
tm:530414,Кахім Перріс,FW,RW,LW:0.11;RM:0.09,left,tm_lineups
tm:627227,Пеглоу,FW,LW,RW:0.1,right,tm_lineups
tm:880039,Владислав Рибак,GK,GK,,right,tm_lineups
tm:432763,Івіян Сврзняк,MF,CAM,ST:0.41;RW:0.17;LW:0.08,right,tm_lineups
tm:766709,Максим Сасовський,DF,CB,CDM:0.11,right,tm_lineups
tm:1059630,Віталій Михайлів,MF,CAM,CM:0.3;ST:0.05,right,tm_lineups
tm:542597,Марлісон,FW,ST,,right,tm_lineups
tm:623322,Михайло Рудавський,DF,LB,,left,tm_lineups
tm:629567,Яніс Амаш,DF,LB,LM:0.45;LW:0.05,left,tm_lineups
tm:735788,Ігор Габріел,DF,CB,,right,tm_lineups
tm:379714,Роберто Корраль,DF,LB,LM:0.16;CB:0.08,left,tm_lineups
tm:211318,Руслан Паламар,MF,CAM,LW:0.06;ST:0.04,right,tm_lineups
tm:268273,Рональд Матарріта,DF,LB,,left,tm_lineups
tm:308778,Драган Ловрич,DF,CB,,right,tm_lineups
tm:721511,Максим Хлань,FW,LW,RW:0.11;CAM:0.05,right,tm_lineups
tm:814454,Самуел,DF,RB,CDM:0.42;CM:0.15,right,tm_lineups
tm:200320,Кевін Кубемба,FW,ST,,right,tm_lineups
tm:427341,Данило Кучер,GK,GK,,left,tm_lineups
tm:698742,Бузанелло,DF,LB,LM:0.14,left,tm_lineups
tm:959399,Роман Михайлів,MF,LM,RW:0.12;LW:0.09;CAM:0.06,right,tm_lineups
tm:270019,Реальдо Філі,FW,ST,CAM:0.31;LW:0.11;RW:0.11,right,tm_lineups
tm:600003,Дмитро Касімов,MF,RM,LM:0.3;ST:0.1,left,tm_lineups
tm:1050249,Денис Шевченко,MF,RM,,right,tm_lineups
tm:1059104,Олександр Ніколишин,DF,CB,LB:0.1,left,tm_lineups
tm:190333,Фарес Бахлулі,MF,CAM,RW:0.07;LW:0.07,right,tm_lineups
tm:487194,Паті Малумандсоко,DF,CB,,right,tm_lineups
tm:809617,Лео Антоніо,MF,CM,CDM:0.4,right,tm_lineups
tm:969596,Габріел Гомес,DF,CB,LB:0.08,left,tm_lineups
tm:307308,Володимир Шопін,DF,LB,RB:0.16;LM:0.07;CM:0.05,both,tm_lineups
tm:495917,Іван Пономаренко,GK,GK,,both,tm_lineups
tm:1082915,Геннадій Синчук,FW,RW,CAM:0.32;CDM:0.05;LW:0.05,left,tm_lineups
tm:1120127,Кирило Влага,DF,RB,RM:0.17,right,tm_lineups
tm:345183,Еннур Тотре,MF,CM,CDM:0.38;CAM:0.22;RM:0.06,right,tm_lineups
tm:659219,Гільєрме,DF,CB,RB:0.36,right,tm_lineups
tm:724428,Ула Траоре,DF,LB,,left,tm_lineups
tm:926183,Вендел,MF,CM,CDM:0.05,right,tm_lineups
tm:1115271,Захар Карпус,MF,RM,CAM:0.14,right,tm_lineups
tm:1141487,Владислав Герич,FW,RW,ST:0.4;CAM:0.2,right,tm_lineups
tm:774533,Дмитро Шамич,FW,RW,RB:0.19;LW:0.14,right,tm_lineups
tm:779241,Андрій Столярчук,FW,LW,CAM:0.34,right,tm_lineups
tm:938299,Дем'ян Чубатий,DF,LB,CDM:0.08,left,tm_lineups
tm:1048954,Ігор Потімков,GK,GK,,left,tm_lineups
tm:1074042,Данило Кайдалов,FW,LW,RW:0.2;ST:0.2;CAM:0.07,right,tm_lineups
tm:1074059,Кирило Дігтярь,DF,CB,LB:0.33;LM:0.26,left,tm_lineups
tm:1116038,Дмитро Шух,MF,CM,CDM:0.12,right,tm_lineups
tm:345772,Брайт Енобахаре,FW,ST,LW:0.2;RW:0.2,right,tm_lineups
tm:510432,Родел Річардс,FW,ST,,right,tm_lineups
tm:564383,Мурило Соуза,MF,CDM,,left,tm_lineups
tm:570538,Інал Черткоєв,MF,RM,CAM:0.12;CM:0.04;LW:0.04,right,tm_lineups
tm:576896,Владислав Тишинінов,MF,CM,CDM:0.16,left,tm_lineups
tm:817885,Олег Осипенко,MF,LM,LB:0.46,left,tm_lineups
tm:821534,Максим Мудрий,MF,CM,RB:0.47;CDM:0.14;LM:0.05,right,tm_lineups
tm:837287,Вадим Сологуб,FW,RW,,left,tm_lineups
tm:967602,Андрій Соловйов,MF,CM,CDM:0.18;CAM:0.06,right,tm_lineups
tm:1075339,Владислав Мендрук,MF,RM,RW:0.5,right,tm_lineups
tm:1125319,Максим Вадовський,MF,RM,CM:0.19;LM:0.07,left,tm_lineups
tm:1140587,Даніїл Приходько,DF,RM,CAM:0.25;ST:0.25;CB:0.09,right,tm_lineups
tm:1140603,Богдан-Юліан Вишинський,FW,RW,LW:0.49;RB:0.1,right,tm_lineups
tm:1143805,Олександр Цвіренко,MF,CAM,CM:0.33;ST:0.09,right,tm_lineups
tm:1143809,Іван Бокало,MF,CM,,right,tm_lineups
tm:1143811,Ярослав Шандра,DF,CB,,right,tm_lineups
tm:1143823,Денис Довбецький,FW,CDM,,right,tm_lineups
tm:28179,Младен Бартулович,MF,LM,CAM:0.17;CM:0.07,left,tm_lineups
tm:68778,Марлос,FW,RW,RM:0.16;CAM:0.13,left,tm_lineups
tm:52915,Жуніор Мораес,FW,ST,,right,tm_lineups
tm:38297,Богдан Шуст,GK,GK,,right,tm_lineups
tm:58427,Кирило Петров,DF,CB,CDM:0.13,right,tm_lineups
tm:124028,Ісмаїлі,DF,LB,,left,tm_lineups
tm:52787,Дентіньйо,FW,ST,LW:0.13;CAM:0.1;CM:0.09,right,tm_lineups
tm:59038,Віталій Гавриш,DF,CB,CM:0.31;CDM:0.05,right,tm_lineups
tm:91527,Роман Карасюк,MF,CDM,,right,tm_lineups
tm:53258,Владислав Лупашко,MF,CDM,CM:0.17,right,tm_lineups
tm:248932,Владислав Кочергін,MF,CAM,RM:0.31;CDM:0.24;RW:0.07,right,tm_lineups
tm:104505,Алан Патрік,MF,CAM,CM:0.53;ST:0.05,right,tm_lineups
tm:274058,Франсіско Ді Франко,MF,CAM,CM:0.16;RW:0.15;ST:0.12,right,tm_lineups
tm:58417,Станіслав Микицей,DF,RB,CB:0.29,right,tm_lineups
tm:289095,Денис Фаворов,DF,RB,CB:0.11;CDM:0.07,right,tm_lineups
tm:292570,Євген Мартиненко,DF,CB,,right,tm_lineups
tm:404842,Віталій Миколенко,DF,LB,CB:0.04,left,tm_lineups
tm:381273,Андрій Домбровський,MF,CM,CDM:0.17;CAM:0.1,right,tm_lineups
tm:376082,Данило Ігнатенко,MF,CM,CDM:0.29,right,tm_lineups
tm:93105,Ігор Литовка,GK,GK,,right,tm_lineups
tm:421935,Майкон,MF,CM,CDM:0.26,left,tm_lineups
tm:188180,Беньямін Вербич,FW,LW,ST:0.14;RW:0.1,right,tm_lineups
tm:371256,Тете,FW,RW,,left,tm_lineups
tm:168292,Леван Арвеладзе,MF,CM,CAM:0.15;LM:0.08,right,tm_lineups
tm:295613,Іван Брікнер,MF,CM,CB:0.07,left,tm_lineups
tm:350828,Шахаб Захеді,FW,ST,LW:0.09;RW:0.08,both,tm_lineups
tm:396638,Манор Соломон,FW,LW,RW:0.15;CAM:0.08,right,tm_lineups
tm:257740,Карлос де Пена,MF,LW,CM:0.06,left,tm_lineups
tm:468301,Маркос Антоніо,MF,CM,CDM:0.24;CAM:0.09,right,tm_lineups
tm:401529,Додо,DF,RB,RM:0.18,right,tm_lineups
tm:146725,Мілош Стаменкович,DF,CB,,right,tm_lineups
tm:497719,Шина,FW,ST,RW:0.25;LW:0.11;CAM:0.11,right,tm_lineups
tm:85506,Каспарс Дубра,DF,CB,,right,tm_lineups
tm:654385,Альваро Вієйра,MF,CAM,RW:0.38;ST:0.04,right,tm_lineups
tm:197078,Давид Пуцлін,MF,CDM,,right,tm_lineups
tm:550495,Фернандо,FW,ST,LW:0.25,right,tm_lineups
w:1988-00-00:chesnakov,Володимир Чеснаков,DF,DF,,,group
tm:540186,Данило Кондраков,FW,ST,,right,tm_lineups
tm:174213,Олександр Ткаченко,GK,GK,,right,tm_lineups
w:1990-00-00:beli,Максим Білий,DF,DF,,,group
tm:177267,Ілля Коваленко,FW,RM,CAM:0.24;LM:0.14;LW:0.11,right,tm_lineups
tm:250416,Фране Чир'як,FW,CM,LM:0.14;CDM:0.1,left,tm_lineups
tm:392091,Дмитро Семенів,FW,LW,ST:0.27;RW:0.15,right,tm_lineups
tm:480975,Аллахьяр Сайядманеш,FW,RW,LW:0.27;ST:0.26,right,tm_lineups
tm:651388,Міслав Матич,DF,CB,,right,tm_lineups
tm:359678,Ернест Антві,FW,LW,RW:0.19;ST:0.14,left,tm_lineups
tm:522091,Ренан Олівейра,FW,ST,LW:0.12,left,tm_lineups
tm:282734,Жерсон Родрігес,FW,ST,LW:0.47;RW:0.16,right,tm_lineups
tm:317467,Ловро Цвек,MF,CDM,CB:0.43;CM:0.07,right,tm_lineups
tm:329055,Енес Махмутович,DF,CB,,right,tm_lineups
tm:467244,Кирило Меліченко,DF,RB,CB:0.34;RM:0.08,right,tm_lineups
tm:792844,Рустам Ахмедзаде,FW,ST,RW:0.29;LW:0.2,right,tm_lineups
tm:461663,Микита Петерман,MF,CDM,CB:0.11,,tm_lineups
tm:518723,Луїзао,MF,CDM,CM:0.25;CB:0.14;RM:0.08,right,tm_lineups
tm:461657,Олександр Петрусенко,MF,CDM,CM:0.05,right,tm_lineups
tm:376445,Маріо Чуже,FW,LW,RW:0.18;ST:0.11;LM:0.07,right,tm_lineups
tm:115133,Іван Пешич,FW,LW,RW:0.29;ST:0.28,right,tm_lineups
tm:295429,Мохамед Бен Салем,DF,CB,,right,tm_lineups
w:2002-00-00:denis,Денис Кузик,DF,DF,,,group
tm:712857,Марк Мампассі,DF,CB,,right,tm_lineups
tm:381268,Гліб Бухал,DF,CB,CDM:0.04,left,tm_lineups
tm:515669,Михайло Плохотнюк,FW,ST,RW:0.12,right,tm_lineups
tm:330060,Сідклей,DF,LB,LM:0.24,left,tm_lineups
tm:428783,Вітао,DF,CB,,right,tm_lineups
w:1988-00-00:evheni,Євген Паст,DF,DF,,,group
tm:460644,Маруан Міхубі,DF,CB,,left,tm_lineups
w:2001-00-00:dubko,Валерій Дубко,DF,DF,,,group
w:1998-00-00:bilik,Олег Білик,GK,GK,,,group_gk
w:1991-00-00:ihor,Ігор Солдат,DF,DF,,,group
w:1990-00-00:taras,Тарас Завійський,MF,MF,,,group
w:1992-00-00:aleksandr,Олександр Караваєв,MF,MF,,,group
w:1989-00-00:politilo,Сергій Політило,MF,MF,,,group
w:2002-00-00:vanat,Владислав Ванат,FW,ST,,,group
w:1993-00-00:henadi,Геннадій Пасіч,MF,MF,,,group
w:1997-00-00:klaudio,Клаудіо Спінеллі,FW,ST,,,group
w:1990-00-00:dmitri,Дмитро Немчанінов,DF,DF,,,group
w:1994-00-00:nika,Ніка Сітчінава,FW,ST,,,group
w:1995-00-00:pavel,Павло Полегенько,DF,DF,,,group
w:2000-00-00:evheni,Євген Ісаєнко,FW,ST,,,group
tm:717411,Єгор Ярмолюк,MF,CM,CAM:0.32;CDM:0.25,right,tm_lineups
w:1997-00-00:buhai,Владислав Бугай,FW,ST,,,group
w:1994-00-00:odariuk,Володимир Одарюк,FW,ST,,,group
w:1993-00-00:nikita,Микита Полюлях,MF,MF,,,group
w:1992-00-00:panasenko,Сергій Панасенко,MF,MF,,,group
w:1999-00-00:aleksandr,Олександр Сафронов,DF,DF,,,group
w:2000-00-00:maikl,Майкл Стефен,FW,ST,,,group
w:1989-00-00:denis,Денис Костишин,MF,MF,,,group
w:1990-00-00:anton,Антон Савін,MF,MF,,,group
w:2000-00-00:dmitri,Дмитро Криськів,MF,MF,,,group
w:1992-00-00:ermakov,Віталій Єрмаков,DF,DF,,,group
w:1997-00-00:danil,Данило Кучер,GK,GK,,,group_gk
tm:401987,Сіака Багайоко,DF,LB,LM:0.21,left,tm_lineups
w:2001-00-00:mihailenko,Микола Михайленко,MF,MF,,,group
w:1999-00-00:kucheruk,Владислав Кучерук,GK,GK,,,group_gk
w:1990-00-00:mihail,Михайло Шестаков,FW,ST,,,group
w:1996-00-00:evheni,Євген Цимбалюк,DF,DF,,,group
w:1992-00-00:ionas,Йоонас Тамм,DF,DF,,,group
w:1997-00-00:sharai,Владислав Шарай,MF,MF,,,group
w:1994-00-00:dmitri,Дмитро Мишньов,MF,MF,,,group
w:1997-00-00:evheni,Євген Протасов,MF,MF,,,group
w:1996-00-00:fabino,Фабінью,MF,MF,,,group
w:1992-00-00:batiushin,Юрій Батюшин,MF,MF,,,group
w:1999-00-00:aleksei,Олексій Хахльов,MF,MF,,,group
w:1989-00-00:oleh,Олег Синегуб,MF,MF,,,group
w:1995-00-00:bilonoh,Дмитро Білоног,FW,ST,,,group
tm:339323,Хеннос Асмелаш,DF,RB,CDM:0.06;LB:0.06,right,tm_lineups
tm:460591,Агрон Руфаті,DF,CB,RB:0.23,right,tm_lineups
w:1990-00-00:artur,Артур Западня,DF,DF,,,group
w:1993-00-00:hehedosh,Роберт Гегедош,FW,ST,,,group
w:1993-00-00:evheni,Євген Пасіч,MF,MF,,,group
w:1995-00-00:kojokaru,Валентин Кожокару,GK,GK,,,group_gk
w:1993-00-00:dmitri,Дмитро Мацапура,GK,GK,,,group_gk
w:1997-00-00:kravchenko,Микита Кравченко,DF,DF,,,group
w:1996-00-00:hriso,Максим Грисьо,MF,MF,,,group
w:1997-00-00:marlison,Марлісон,FW,ST,,,group
w:1996-00-00:beka,Бека Вачиберадзе,MF,MF,,,group
w:2000-00-00:heorhi,Георгій Цитаїшвілі,MF,MF,,,group
w:1993-00-00:bolbat,Сергій Болбат,MF,MF,,,group
w:1990-00-00:evheni,Євген Опанасенко,DF,DF,,,group
w:1996-00-00:anatoli,Анатолій Нурієв,MF,MF,,,group
w:2003-00-00:denis,Денис Шостак,MF,MF,,,group
w:2002-00-00:iuri,Юрій Тлумак,DF,DF,,,group
w:1996-00-00:kadiri,Мохаммед Кадірі,MF,MF,,,group
tm:320861,Матія Ром,DF,RB,,right,tm_lineups
tm:525209,Андрій Новіков,FW,ST,CAM:0.13,right,tm_lineups
w:1993-00-00:timofenko,Віталій Тимофеєнко,MF,MF,,,group
w:1996-00-00:dmitri,Дмитро Махнєв,DF,DF,,,group
w:1994-00-00:petko,Сергій Петько,MF,MF,,,group
w:1994-00-00:lukas,Лукас Ранжел,FW,ST,,,group
w:1992-00-00:evheni,Євген Гальчук,GK,GK,,,group_gk
w:1997-00-00:renan,Ренан,FW,ST,,,group
w:2002-00-00:bohdan,Богдан Поталов,DF,DF,,,group
w:1992-00-00:aleksei,Олексій Зозуля,DF,DF,,,group
w:1997-00-00:bohdan,Богдан Коваленко,MF,MF,,,group
w:1988-00-00:holodiuk,Олег Голодюк,MF,MF,,,group
w:1992-00-00:chenbai,Сергій Ченбай,DF,DF,,,group
tm:290571,Альваро Нгамба,MF,CM,CDM:0.51,right,tm_lineups
tm:649029,Мамаду Данфа,FW,RW,LW:0.29;ST:0.18,right,tm_lineups
w:1993-00-00:dehtiarev,Максим Дегтярьов,FW,ST,,,group
w:2001-00-00:vikenti,Вікентій Волошин,MF,MF,,,group
w:1995-00-00:junior,Жуніор Рейс,DF,DF,,,group
w:1998-00-00:deho,Дієго Каріока,MF,MF,,,group
w:2003-00-00:artur,Артур Микитишин,FW,ST,,,group
w:2003-00-00:hromei,Михайло Хромей,MF,MF,,,group
w:1993-00-00:miakushko,Сергій Мякушко,MF,MF,,,group
w:2002-00-00:danil,Данило Скорко,DF,DF,,,group
w:1996-00-00:ihor,Ігор Кірюханцев,DF,DF,,,group
w:1998-00-00:lunev,Максим Луньов,FW,ST,,,group
w:1994-00-00:maksim,Максим Задерака,MF,MF,,,group
w:2003-00-00:ocheretko,Олег Очеретько,MF,MF,,,group
w:1999-00-00:bohdan,Богдан Векляк,DF,DF,,,group
w:1998-00-00:roman,Роман Вантух,DF,DF,,,group
w:1998-00-00:evheni,Євген Смирний,MF,MF,,,group
w:2001-00-00:bilovar,Крістіан Біловар,DF,DF,,,group
w:2001-00-00:danil,Данило Кравчук,FW,ST,,,group
w:2002-00-00:edvard,Едвард Кобак,FW,ST,,,group
w:1995-00-00:kuzik,Орест Кузик,FW,ST,,,group
tm:882227,Микита Козицький,FW,RW,CM:0.26,right,tm_lineups
w:1999-00-00:vitino,Вітінью,FW,ST,,,group
w:1999-00-00:ilia,Ілля Шкурін,FW,ST,,,group
w:1998-00-00:nazari,Назарій Русин,FW,ST,,,group
w:1993-00-00:monte,Нелсон Монте,DF,DF,,,group
w:1992-00-00:leka,Міхай Лека,DF,DF,,,group
w:1993-00-00:hahun,Роман Гагун,DF,DF,,,group
w:1994-00-00:iurchenko,Владлен Юрченко,MF,MF,,,group
w:1992-00-00:lihovidko,Віктор Лиховидько,DF,DF,,,group
tm:373044,Максим Казаков,MF,CM,CDM:0.12;RB:0.06,right,tm_lineups
w:1995-00-00:bohdan,Богдан Кушніренко,DF,DF,,,group
w:1999-00-00:vakula,Владислав Вакула,FW,ST,,,group
w:1997-00-00:aleksandr,Олександр Масалов,DF,DF,,,group
w:1997-00-00:sakiv,Тарас Саків,DF,DF,,,group
w:1990-00-00:spirovski,Стефан Спіровський,MF,MF,,,group
w:1994-00-00:klimenko,Владислав Клименко,MF,MF,,,group
w:2004-00-00:danil,Данило Удод,DF,DF,,,group
w:1992-00-00:kverkvelia,Соломон Кверквелія,DF,DF,,,group
w:1993-00-00:andrei,Андрій Семенко,DF,DF,,,group
w:2003-00-00:vitali,Віталій Роман,DF,DF,,,group
w:1996-00-00:orihovski,Павло Оріховський,MF,MF,,,group
w:1994-00-00:hrin,Сергій Гринь,FW,ST,,,group
w:1991-00-00:vadim,Вадим Жук,DF,DF,,,group
w:1991-00-00:misak,Роман Мисак,GK,GK,,,group_gk
w:1996-00-00:bosanchich,Петар Босанчич,DF,DF,,,group
w:1994-00-00:bondarenko,Валерій Бондаренко,DF,DF,,,group
w:1995-00-00:aleksei,Олексій Ковтун,DF,DF,,,group
w:2000-00-00:artem,Артем Холод,DF,DF,,,group
tm:418896,Станіслав Сорокін,MF,CM,CAM:0.32;ST:0.12;RM:0.08,left,tm_lineups
w:1997-00-00:antiuh,Денис Антюх,FW,ST,,,group
w:1997-00-00:mahankov,Володимир Маханьков,GK,GK,,,group_gk
tm:882225,Іван Кошкош,MF,CM,CDM:0.15,left,tm_lineups
w:2000-00-00:dolhov,Петро Долгов,MF,MF,,,group
w:1990-00-00:serhei,Сергій Шестаков,DF,DF,,,group
w:1991-00-00:aderinsola,Адерінсола Есеола,FW,ST,,,group
w:1998-00-00:hameliuk,Владислав Хамелюк,MF,MF,,,group
w:2000-00-00:sorokin,Станіслав Сорокін,MF,MF,,,group
w:2004-00-00:oleh,Олег Філонов,MF,MF,,,group
w:1987-00-00:fedik,Іван Федик,FW,ST,,,group
w:2001-00-00:osaze,Осазе Де Розаріо,FW,ST,,,group
w:2000-00-00:maschenko,Вадим Мащенко,MF,MF,,,group
w:2001-00-00:belich,Євген Беліч,MF,MF,,,group
w:2000-00-00:alefirenko,Данило Алефіренко,FW,ST,,,group
w:2005-00-00:danil,Данило Савін,FW,ST,,,group
w:2001-00-00:ilia,Ілля Царюк,DF,DF,,,group
w:2003-00-00:mahinia,Микита Махиня,FW,ST,,,group
w:2003-00-00:kozishkurt,Олег Козишкурт,MF,MF,,,group
w:2003-00-00:nedes,Паоло Недес,DF,DF,,,group
w:2002-00-00:amar,Амар Квакич,DF,DF,,,group
w:2002-00-00:kovalenko,Максим Коваленко,GK,GK,,,group_gk
w:1991-00-00:aleksei,Олексій Паламарчук,GK,GK,,,group_gk
tm:43359,Павло Ребенок,MF,LM,LB:0.19,left,tm_lineups
tm:58961,Максим Пашаєв,DF,RB,,right,tm_lineups
tm:58403,Денис Кожанов,FW,RW,LW:0.5;ST:0.04,right,tm_lineups
tm:57888,Павло Ксьонз,DF,RB,RM:0.47;LM:0.05,right,tm_lineups
tm:76028,Тайсон,FW,LW,CAM:0.13;ST:0.06,right,tm_lineups
tm:58016,Олег Голодюк,MF,CM,CAM:0.25,right,tm_lineups
tm:48989,Дмитро Гришко,DF,CB,,right,tm_lineups
tm:59129,Вадим Сапай,DF,RB,LB:0.28,both,tm_lineups
tm:9800,Артем Мілевський,FW,ST,CAM:0.06,right,tm_lineups
tm:130041,Дмитро Гречишкін,MF,CDM,CB:0.13;CM:0.05,right,tm_lineups
tm:58949,Євгеній Коноплянка,MF,LW,CAM:0.1;ST:0.06,right,tm_lineups
tm:58051,Михайло Кополовець,FW,LW,LB:0.12;ST:0.06,left,tm_lineups
tm:97727,Ігор Тищенко,DF,RB,LB:0.2;LM:0.15;RM:0.09,right,tm_lineups
tm:49030,Денис Васін,FW,RW,ST:0.31;LW:0.08;RB:0.04,right,tm_lineups
tm:43404,Олексій Чичиков,FW,RW,ST:0.11;LW:0.1;CM:0.05,both,tm_lineups
tm:39253,Антон Шиндер,FW,ST,,both,tm_lineups
tm:93077,Сергій Старенький,MF,RM,LM:0.09,both,tm_lineups
tm:203842,Віктор Коваленко,MF,CAM,CM:0.3,right,tm_lineups
tm:62610,Дмитро Хльобас,FW,ST,RW:0.15,both,tm_lineups
tm:58405,Артем Кравець,FW,ST,,right,tm_lineups
tm:271482,Артем Гордієнко,MF,CDM,RB:0.18;CB:0.09;CM:0.07,right,tm_lineups
tm:58945,Антон Каніболоцький,GK,GK,,right,tm_lineups
tm:165825,Давид Хочолава,DF,CB,,right,tm_lineups
tm:59022,Євген Гальчук,GK,GK,,right,tm_lineups
tm:100163,Сергій Борзенко,DF,CB,CDM:0.06,right,tm_lineups
tm:58946,Артур Карноза,MF,CAM,LW:0.04,right,tm_lineups
tm:101304,Дуглас,DF,CB,,right,tm_lineups
tm:123543,Артем Сухоцький,DF,LB,LM:0.05,left,tm_lineups
tm:376226,Євген Цимбалюк,DF,CB,CDM:0.57,right,tm_lineups
tm:193323,Максим Дегтярьов,FW,ST,RW:0.09;LW:0.04,right,tm_lineups
tm:315930,Максім До Куто,FW,LW,CAM:0.2;RW:0.17,right,tm_lineups
tm:92640,Андрій Мостовий,DF,LB,LM:0.14;RM:0.05,left,tm_lineups
tm:598992,Рафаел Сабіно,MF,CM,CDM:0.14;CAM:0.06;LM:0.04,right,tm_lineups
tm:203856,Іван Лобай,DF,CB,RB:0.08,right,tm_lineups
tm:123279,Артем Щедрий,MF,LM,RM:0.17;LW:0.11;CM:0.04,,tm_lineups
tm:128813,Сергій Літовченко,GK,GK,,left,tm_lineups
tm:111074,Артур Западня,DF,LB,LM:0.37,left,tm_lineups
tm:524964,Орест Лебеденко,DF,LB,,left,tm_lineups
tm:396395,Олексій Биков,DF,CB,LB:0.18,left,tm_lineups
tm:312799,Вадим Парамонов,DF,CB,,left,tm_lineups
tm:376228,Дмитро Іванісеня,MF,CDM,CB:0.09,both,tm_lineups
tm:58389,Олег Допілка,DF,CB,RB:0.37,right,tm_lineups
tm:213984,Тарас Завійський,DF,CAM,RB:0.27;RM:0.16;RW:0.1,both,tm_lineups
tm:308436,Денис Баланюк,FW,ST,RW:0.06,right,tm_lineups
tm:267330,Джоель Абу Ханна,DF,CB,,left,tm_lineups
tm:134761,Олександр Волков,FW,LM,LW:0.29;CAM:0.1;RW:0.06,right,tm_lineups
tm:230409,Євген Неплях,DF,LB,CB:0.18;CDM:0.05,left,tm_lineups
tm:332144,Володимир Кринський,GK,GK,,right,tm_lineups
tm:25821,Олександр Бондаренко,FW,ST,,right,tm_lineups
tm:381815,Олександр Сніжко,MF,CAM,CM:0.18,left,tm_lineups
tm:433219,Папе-Аліун Ндіає,DF,CB,CM:0.1;LB:0.05,left,tm_lineups
tm:570743,Анатолій Нурієв,MF,CAM,LW:0.12;ST:0.09;RW:0.07,right,tm_lineups
tm:111556,Йоонас Тамм,DF,CB,,right,tm_lineups
tm:632674,Василь Пиняшко,FW,LW,RW:0.12,right,tm_lineups
tm:241700,Ніка Січінава,FW,ST,RB:0.05,right,tm_lineups
tm:341486,Данило Сагуткін,DF,CB,,right,tm_lineups
tm:432094,Шеммі Маємбе,DF,RB,RM:0.07,right,tm_lineups
tm:186769,Андрій Попович,GK,GK,,left,tm_lineups
tm:363063,Олексій Ковтун,DF,CB,,right,tm_lineups
tm:550696,Ібрагім Каргбо,FW,ST,RW:0.25,right,tm_lineups
tm:114398,Максим Максименко,DF,CB,CDM:0.09,right,tm_lineups
tm:202659,Андрейс Циганікс,DF,LB,LM:0.07,left,tm_lineups
tm:297008,Ігор Кошман,MF,CAM,LM:0.28;CM:0.12;CDM:0.05,right,tm_lineups
tm:461582,Іссіар Драме,DF,CB,,right,tm_lineups
tm:730126,Микола Кухаревич,FW,ST,,right,tm_lineups
tm:248454,Нікола Василь,GK,GK,,right,tm_lineups
tm:400719,Темур Чогадзе,FW,RW,LW:0.2;RM:0.2,left,tm_lineups
tm:569805,Маркіньйос Сіпріано,DF,LB,,left,tm_lineups
tm:164292,Фран Соль,FW,ST,,right,tm_lineups
tm:467241,Олександр Сафронов,DF,CB,RB:0.28,right,tm_lineups
tm:497190,Бетім Халімі,GK,GK,,right,tm_lineups
tm:58922,Різван Аблітаров,DF,CB,,left,tm_lineups
tm:229320,Даніель Романовський,MF,CAM,LW:0.06;RW:0.06,right,tm_lineups
tm:320265,Міккель Дуелунд,FW,CAM,LW:0.3;RW:0.14,both,tm_lineups
tm:388313,Терсіус Малепе,MF,CDM,LB:0.42;LM:0.13,left,tm_lineups
tm:167863,Донатас Казлаускас,MF,ST,LW:0.2;RW:0.19;LM:0.19,right,tm_lineups
tm:319165,Олег Синьогуб,DF,LB,CB:0.05;LM:0.04,left,tm_lineups
tm:436379,Дмитро Щербак,MF,CAM,ST:0.11;CM:0.06,right,tm_lineups
tm:293253,Михайло Перович,FW,ST,,right,tm_lineups
tm:379977,Андрій Семенко,DF,CB,,right,tm_lineups
tm:419067,Георгій Цитаїшвілі,FW,LW,RW:0.39;LB:0.04,left,tm_lineups
tm:568915,Йохана Мкомола,FW,ST,RW:0.09;LW:0.04,,tm_lineups
tm:198967,Міхкель Айнсалу,MF,CM,CDM:0.19;CAM:0.06,both,tm_lineups
tm:654311,Велвес,FW,LW,RW:0.24;CAM:0.08;CM:0.04,left,tm_lineups
tm:624831,Таддеус Нкенг,FW,ST,RW:0.1,right,tm_lineups
tm:708172,Філіпе Пахтманн,FW,ST,RW:0.1,right,tm_lineups
tm:284608,Ерік Гліха,DF,LB,,left,tm_lineups
tm:450196,Угочукву Одуеньї,FW,ST,RW:0.2;LW:0.05,left,tm_lineups
tm:469709,Давид Зец,DF,CB,,right,tm_lineups
tm:95682,Євген Чепурненко,MF,CM,CDM:0.14;CAM:0.04,right,tm_lineups
tm:176409,Ігор Дуць,DF,CB,,right,tm_lineups
tm:372138,Юрій Захарків,FW,ST,,right,tm_lineups
tm:461653,Артем Малиш,GK,GK,,right,tm_lineups
tm:632675,Олексій Шпак,MF,CM,LM:0.16;RM:0.16,right,tm_lineups
tm:404838,Владислав Кучерук,GK,GK,,right,tm_lineups
tm:470265,Кирило Кириленко,FW,LW,RW:0.26;CAM:0.11;ST:0.11,left,tm_lineups
tm:553056,Вадим Янчак,MF,RM,RW:0.19,right,tm_lineups
tm:348768,Макс Челич,DF,CB,,right,tm_lineups
tm:379677,Олександр Мішуренко,FW,ST,CAM:0.17,right,tm_lineups
tm:537847,Дмитро Павлиш,DF,CB,LB:0.09;LM:0.09,left,tm_lineups
tm:162783,Володимир Заставний,DF,RB,LM:0.14;RM:0.14;LB:0.07,right,tm_lineups
tm:313741,Бредлі де Нойєр,DF,LB,LM:0.04,left,tm_lineups
tm:347270,Максим Гречкін,DF,LB,,left,tm_lineups
tm:355367,Вагнер Гонсалвес,FW,RW,LW:0.11,left,tm_lineups
tm:537851,Станіслав Біблик,FW,ST,,right,tm_lineups
tm:672802,В'ячеслав Велєв,DF,RB,LB:0.1;CB:0.07,left,tm_lineups
tm:751995,Андрій Глоба,FW,LW,LM:0.11,right,tm_lineups
tm:771917,Максим Комарець,DF,LB,LM:0.42,left,tm_lineups
tm:838182,Ярослав Доброхотов,MF,CM,CDM:0.23;RB:0.23;LB:0.08,right,tm_lineups
tm:427668,Ігор Бойчук,DF,LB,CM:0.04;LM:0.04;LW:0.04,left,tm_lineups
tm:572309,Богдан Литвяк,MF,CDM,CAM:0.18;CB:0.18;CM:0.18,left,tm_lineups
tm:574215,Олександр Кожевников,FW,RW,LW:0.36;RM:0.13,left,tm_lineups
tm:647831,Жео Данні Екра,MF,CDM,,right,tm_lineups
tm:728379,Андрій Чекотун,GK,GK,,right,tm_lineups
tm:728380,Андрій Вискребенцев,MF,CM,CB:0.37;CAM:0.12;ST:0.04,right,tm_lineups
tm:779244,Іван Варфоломєєв,MF,CDM,CM:0.07,right,tm_lineups
tm:791140,Даниїл Семилет,DF,RB,RM:0.26,right,tm_lineups
tm:825450,Микита Дудка,MF,CM,CDM:0.13,,tm_lineups
tm:842894,Костянтин Домарацький,MF,CM,RM:0.5,,tm_lineups
tm:46478,Рагнар Сігурдссон,DF,CB,,right,tm_lineups
tm:206889,Святослав Козловський,FW,RW,LW:0.07;ST:0.07,right,tm_lineups
tm:250007,Клейтон,FW,LW,,both,tm_lineups
tm:335820,Константін Діма,DF,CB,,left,tm_lineups
tm:341490,Олександр Глагола,MF,CAM,RW:0.19;LW:0.08;RM:0.08,left,tm_lineups
tm:433976,Тудор Белуце,MF,CDM,CM:0.19,right,tm_lineups
tm:522577,Богдан Оринчак,FW,RW,ST:0.39,right,tm_lineups
tm:537845,Павло Шушко,DF,CB,CDM:0.08,right,tm_lineups
tm:623330,Мирослав Трофимюк,FW,ST,,,tm_lineups
tm:775868,Денис Дем'яненко,MF,CDM,ST:0.12,right,tm_lineups
tm:775902,Владислав Шинкаренко,MF,CM,,right,tm_lineups
tm:789587,Олег Власов,FW,LW,CAM:0.25,left,tm_lineups
tm:795201,Павло Кравцов,GK,GK,,left,tm_lineups
tm:825449,В'ячеслав Борисенко,GK,GK,,right,tm_lineups
tm:830080,Данило Дмитрієв,FW,LW,RW:0.2,right,tm_lineups
tm:830081,Микита Фурсенко,DF,CB,,,tm_lineups
tm:842898,Кирило Ховайко,FW,LW,CAM:0.2;RW:0.07,,tm_lineups
tm:842904,Сергій Заєць,DF,RB,RW:0.21;RM:0.07,right,tm_lineups
tm:844358,Сергій Топчій,MF,RM,,left,tm_lineups
tm:863203,Владислав Чушенко,DF,LB,CDM:0.04,left,tm_lineups
tm:863582,Сулейман Сейтхалілов,MF,CM,RM:0.41,right,tm_lineups
tm:892052,Юрій Дудник,DF,CB,CDM:0.11,right,tm_lineups
tm:59414,Папа Гуйе,DF,CB,,right,tm_lineups
tm:23379,Володимир Польовий,DF,LB,,left,tm_lineups
tm:58238,Микита Каменюка,DF,RB,LB:0.4;RM:0.07,both,tm_lineups
tm:44357,Олександр Кучер,DF,CB,,right,tm_lineups
tm:36238,Руслан Фомін,FW,ST,LW:0.06,right,tm_lineups
tm:58043,Рустам Худжамов,GK,GK,,right,tm_lineups
tm:56698,Александер Кобахідзе,MF,RM,LM:0.28;CAM:0.06,left,tm_lineups
tm:87893,Василь Прийма,DF,CB,CDM:0.2,right,tm_lineups
tm:91465,Андрій Запорожан,MF,CDM,,right,tm_lineups
tm:91991,Сергій Люлька,DF,RB,LB:0.35;CDM:0.06,both,tm_lineups
tm:166575,Заурі Махарадзе,GK,GK,,left,tm_lineups
tm:91312,Антон Шендрік,DF,CB,LB:0.06,left,tm_lineups
tm:58515,Віталій Балашов,FW,LW,RW:0.11;ST:0.08,both,tm_lineups
tm:296781,Станіслав Куліш,FW,ST,,both,tm_lineups
tm:64313,Тамаш Кадар,DF,CB,LB:0.13,left,tm_lineups
tm:170354,Сергій Вакуленко,DF,CB,CDM:0.35,right,tm_lineups
tm:170245,Артем Фаворов,MF,CM,CAM:0.17;CDM:0.04;ST:0.04,right,tm_lineups
tm:181006,Густаво Бланко Лещук,FW,ST,,right,tm_lineups
tm:271665,Ігор Загальський,MF,CM,CAM:0.35,left,tm_lineups
tm:343153,Євген Чеберко,DF,CB,LB:0.16;CDM:0.07,left,tm_lineups
tm:92845,Андрій Сахневич,DF,RB,LB:0.17;CB:0.1;RM:0.05,right,tm_lineups
tm:91537,Віталій Приндета,DF,CB,CDM:0.06,left,tm_lineups
tm:383565,Назар Вербний,MF,CDM,,right,tm_lineups
tm:167553,Антон Братков,DF,CB,,right,tm_lineups
tm:598972,Марта,MF,CDM,CB:0.22;CM:0.16,right,tm_lineups
tm:296903,Артур,DF,LB,LM:0.53,left,tm_lineups
tm:339844,Зураб Очігава,DF,CB,LB:0.66,left,tm_lineups
tm:314571,Володимир Баєнко,DF,CB,RB:0.48,right,tm_lineups
tm:155861,Руслан Зубков,DF,CB,CM:0.19;CDM:0.12,right,tm_lineups
tm:198005,Крістіан Понде,FW,ST,RW:0.3;LM:0.11;LW:0.07,right,tm_lineups
tm:598629,Бруно Дуарте,FW,ST,CAM:0.04,right,tm_lineups
tm:654384,Вітор Пернамбуко,FW,RW,ST:0.3;LW:0.12;CAM:0.06,left,tm_lineups
tm:313504,Марвін Мартінс,DF,CB,RB:0.58,right,tm_lineups
tm:567880,Євген Протасов,MF,LM,RW:0.39;LW:0.19;CAM:0.07,left,tm_lineups
tm:569743,Джойскім Дава,DF,CB,,right,tm_lineups
tm:45826,Йосип Піварич,DF,LB,,left,tm_lineups
tm:288856,Олександр Мігунов,DF,LB,LM:0.26,left,tm_lineups
tm:383211,Ярослав Деда,FW,LW,ST:0.52,right,tm_lineups
tm:211117,Жонатан Ліма,MF,CDM,CAM:0.19;CM:0.04,right,tm_lineups
tm:299973,Тім Холл,DF,CB,,left,tm_lineups
tm:427100,Матар Дієй,FW,ST,,left,tm_lineups
tm:605326,Педро Вітор,FW,LW,RW:0.17,left,tm_lineups
tm:259869,Владислав Нехтій,MF,ST,CAM:0.3;LW:0.08;RW:0.06,right,tm_lineups
tm:358734,Александру Бойчук,FW,ST,RW:0.12,left,tm_lineups
tm:334126,Тодор Петрович,MF,CDM,,right,tm_lineups
tm:661284,Фабіньйо,MF,CM,RB:0.2;ST:0.18;CAM:0.1,right,tm_lineups
tm:226102,Фране Войкович,MF,CAM,CDM:0.16;RW:0.04;ST:0.04,left,tm_lineups
tm:670000,Жуан Діого,FW,RW,LW:0.27;ST:0.15,right,tm_lineups
tm:248930,Данило Каневцев,GK,GK,,right,tm_lineups
tm:285296,Едін Шехич,DF,RW,RB:0.22;CAM:0.09,right,tm_lineups
tm:426805,Андро Гіоргадзе,DF,CB,,,tm_lineups
tm:538773,Чінеду Джеффрі,FW,ST,,right,tm_lineups
tm:160109,Арні Вільхамссон,FW,ST,LW:0.34;RW:0.06;LM:0.04,both,tm_lineups
tm:402874,Дмитро Литвин,DF,CB,,left,tm_lineups
tm:537853,Андрій Стрижак,MF,CDM,CM:0.23;CB:0.07,right,tm_lineups
tm:205758,Демір Імері,MF,CAM,RM:0.43;RW:0.14,right,tm_lineups
tm:318361,Джемал Кизилатеш,MF,CDM,CM:0.12,right,tm_lineups
tm:442942,Мохаммед Кадірі,MF,CDM,CB:0.35,right,tm_lineups
tm:564841,Драмане Салу,MF,CDM,CM:0.1,right,tm_lineups
tm:694512,Хішам Лаюс,FW,LW,RW:0.12;LM:0.07,right,tm_lineups
tm:342820,Рубін Хебай,FW,ST,,right,tm_lineups
tm:143121,Мелвін Лоренцен,FW,LW,ST:0.44,right,tm_lineups
tm:373941,Жоель Бопесу,DF,LB,RB:0.12;LM:0.06;LW:0.06,left,tm_lineups
tm:383294,Євген Єфремов,DF,RB,,right,tm_lineups
tm:628569,Роман Толочко,MF,CM,CDM:0.07,right,tm_lineups
tm:654393,Вісенте,DF,RB,RM:0.4,right,tm_lineups
tm:531967,Матеус Яковеллі,FW,ST,,right,tm_lineups
tm:600008,Ігор Карпенко,FW,ST,CAM:0.14,right,tm_lineups
tm:615314,Андрій Артим,GK,GK,,right,tm_lineups
tm:295309,Алію Абубакар,DF,CB,,right,tm_lineups
tm:344893,Жуан Тейшейра,MF,CM,,right,tm_lineups
tm:363714,Абукар Мохамед,MF,CM,,right,tm_lineups
tm:380379,Олександр Поздєєв,MF,CM,,left,tm_lineups
tm:470830,Роман Слива,DF,LB,LM:0.17;RB:0.12,left,tm_lineups
tm:623321,Кирило Романюк,DF,RB,,right,tm_lineups
tm:653862,Леонардо Монтезелло,MF,CDM,,,tm_lineups
tm:728381,Владислав Бондар,MF,LM,RM:0.26,left,tm_lineups
tm:751988,Денис Галата,FW,ST,,right,tm_lineups
tm:24000,В'ячеслав Чечер,DF,CB,,right,tm_lineups
tm:43332,Олександр Ковпак,FW,ST,RW:0.18,right,tm_lineups
tm:44361,Олексій Гай,MF,CM,CAM:0.11;CDM:0.09,right,tm_lineups
tm:59389,Микола Морозюк,MF,RB,RM:0.2;LM:0.11;LB:0.07,right,tm_lineups
tm:25891,Анатолій Діденко,FW,ST,,both,tm_lineups
tm:58000,Артем Федецький,DF,RB,CB:0.15,right,tm_lineups
tm:58008,Максим Фещук,FW,ST,RW:0.26,right,tm_lineups
tm:59982,Володимир Аржанов,MF,LM,RM:0.24;CAM:0.14;RW:0.13,both,tm_lineups
tm:57901,В'ячеслав Шарпар,MF,CAM,CM:0.29;CDM:0.28;CB:0.06,right,tm_lineups
tm:43288,Олександр Чижов,DF,CB,,right,tm_lineups
tm:85430,Джаба Ліпартія,MF,CAM,CM:0.09,left,tm_lineups
tm:130824,Євген Зубейко,DF,RB,RM:0.09,right,tm_lineups
tm:121026,Юрій Путраш,DF,LB,LM:0.2,left,tm_lineups
tm:122317,Віталій Гошкодеря,DF,CM,LB:0.27;CDM:0.19;LM:0.13,left,tm_lineups
tm:57869,Денис Дедечко,MF,CDM,CB:0.06,right,tm_lineups
tm:166745,Гегам Кадимян,FW,LW,ST:0.32;RW:0.28,right,tm_lineups
tm:121009,Максим Каленчук,MF,CM,CDM:0.09,right,tm_lineups
tm:131444,Артем Полярус,FW,RM,LM:0.29;LW:0.21;CAM:0.06,right,tm_lineups
tm:110028,Артем Чорній,MF,LM,RM:0.07;CAM:0.04;CM:0.04,both,tm_lineups
tm:256213,Максим Малишев,MF,CDM,,right,tm_lineups
tm:91359,Темур Парцванія,DF,RB,CB:0.22;CDM:0.05;LB:0.05,right,tm_lineups
tm:114658,Сергій Воронін,DF,LB,,left,tm_lineups
tm:232612,Євген Смирнов,DF,CDM,CB:0.22,right,tm_lineups
tm:343769,Сергій Петров,FW,ST,,left,tm_lineups
tm:82610,Михайло Козак,FW,RW,ST:0.11,right,tm_lineups
tm:123216,Дмитро Рижук,DF,CB,RB:0.51,right,tm_lineups
tm:226208,Володимир Доронін,MF,CDM,RB:0.19;CM:0.06;RM:0.04,right,tm_lineups
tm:448331,Ардін Даллку,DF,CB,RB:0.07,right,tm_lineups
tm:383229,Микола Мусолітін,MF,RM,CAM:0.51;CDM:0.11,right,tm_lineups
tm:91571,Дмитро Леонов,MF,RM,CAM:0.3;CM:0.06,right,tm_lineups
tm:121988,Веллінгтон Нем,FW,RW,CAM:0.16;LW:0.04,left,tm_lineups
tm:198264,Артур Загорулько,FW,ST,,right,tm_lineups
tm:521845,Гліб Грачов,DF,CB,,right,tm_lineups
tm:39316,Серж Акакпо,DF,CB,CDM:0.09;RB:0.05,right,tm_lineups
tm:155275,Андрій Слінкін,DF,LB,LM:0.05,left,tm_lineups
tm:280234,Олексій Савченко,MF,CDM,CM:0.14,right,tm_lineups
tm:373302,Сілас,MF,CM,CAM:0.15,left,tm_lineups
tm:241687,Андрій Міщенко,DF,CB,,right,tm_lineups
tm:354145,Хорхе Карраскаль,MF,CAM,RW:0.22;LW:0.18;ST:0.06,right,tm_lineups
tm:331460,Іван Сондей,MF,CAM,LM:0.39,right,tm_lineups
tm:380691,Віталій Кольцов,MF,CDM,,right,tm_lineups
tm:130264,Юрій Бушман,DF,LB,RM:0.38;LM:0.28,left,tm_lineups
tm:511669,Станіслав Біленький,FW,ST,,right,tm_lineups
tm:95129,Євген Морозенко,MF,CM,CAM:0.06,right,tm_lineups
tm:204348,Дмитро Білоног,FW,RW,LW:0.22;ST:0.13,right,tm_lineups
tm:331184,Ростислав Волошинович,FW,LW,RW:0.18;ST:0.06,right,tm_lineups
tm:343489,Бесір Демірі,DF,LB,LM:0.07;CDM:0.06,left,tm_lineups
tm:92649,Дмитро Зозуля,DF,CB,CDM:0.1,right,tm_lineups
tm:263217,Руслан Кисіль,FW,ST,RW:0.16;LW:0.15;CAM:0.13,right,tm_lineups
tm:106928,Сергій Ситало,GK,GK,,,tm_lineups
tm:123214,Володимир Коваль,FW,ST,LW:0.11;CAM:0.05;RM:0.05,both,tm_lineups
tm:130040,Олександр Голіков,DF,LB,RB:0.6,right,tm_lineups
tm:272774,Леонід Акулінін,FW,ST,,,tm_lineups
tm:192897,Аді Мехремич,DF,CB,LB:0.13,left,tm_lineups
tm:345401,Ніколас Карека,FW,ST,,right,tm_lineups
tm:118283,Крістіан Ербес,MF,CDM,,right,tm_lineups
tm:170555,Орельєн Нгейтала,FW,LW,,,tm_lineups
tm:203851,Євген Трояновський,MF,LM,LB:0.07;RM:0.05,left,tm_lineups
tm:201628,Олексій Майданевич,DF,RB,CB:0.04,right,tm_lineups
tm:220807,Сергій Семенюк,DF,LM,LB:0.29;RM:0.23,right,tm_lineups
tm:269351,Максим Кучинський,GK,GK,,right,tm_lineups
tm:330574,Олег Бородай,DF,CB,CDM:0.09,right,tm_lineups
tm:569578,Жуліо Сезар,FW,ST,,,tm_lineups
tm:69581,Костянтин Махновський,GK,GK,,right,tm_lineups
tm:255443,Лука Коберідзе,MF,CDM,,right,tm_lineups
tm:272776,Максим Банасевич,MF,LM,RW:0.08;LW:0.06,right,tm_lineups
tm:289802,Рафаел Ратао,FW,ST,LW:0.36;RW:0.15,right,tm_lineups
tm:345714,Стефан Євтоскі,MF,CDM,CM:0.13,right,tm_lineups
tm:452579,Сергій Мелінишин,DF,CB,RB:0.1,right,tm_lineups
tm:573907,Луїс Феліпе,GK,GK,,left,tm_lineups
tm:598635,Аугусто,MF,CAM,LW:0.08;ST:0.08,right,tm_lineups
tm:234820,Родріго Варгас,FW,ST,LW:0.08,right,tm_lineups
tm:344399,Леонардо Руїс,FW,ST,,right,tm_lineups
tm:294876,Кевін Мендес,FW,LW,RW:0.47;CAM:0.09,right,tm_lineups
tm:364261,Тче Тче,MF,CM,CDM:0.36;RM:0.09;CAM:0.07,both,tm_lineups
tm:396535,Владислав Алексєєв,FW,ST,,right,tm_lineups
tm:501609,Олег Остапенко,DF,CB,,right,tm_lineups
tm:131694,Оларенваджу Кайоде,FW,ST,RW:0.13;LW:0.04,right,tm_lineups
tm:540469,Оскар Піріс,DF,CB,,right,tm_lineups
tm:178862,Ніка Сандохадзе,DF,CB,,right,tm_lineups
tm:173933,Олександр Єрмаченко,FW,RW,,right,tm_lineups
tm:389479,Роберт Мютцерс,FW,LW,RW:0.19,left,tm_lineups
tm:622625,Енріке Араужо,FW,RW,LW:0.17;ST:0.06,right,tm_lineups
tm:61464,Карім Йода,FW,RW,LB:0.23;LW:0.12;ST:0.08,left,tm_lineups
tm:114019,Василь Павлов,FW,ST,,right,tm_lineups
tm:319143,Іван Єлич Балта,MF,CDM,CB:0.47,left,tm_lineups
tm:411149,Кертіс Єблі,MF,CM,,right,tm_lineups
tm:520858,Ліпе Велозо,MF,CAM,RW:0.25,left,tm_lineups
tm:529543,Марко Ніколич,DF,RB,CB:0.1,right,tm_lineups
tm:601285,Панамбі,FW,RW,LW:0.25;ST:0.13,right,tm_lineups
tm:628570,Сергій Майборода,FW,ST,,right,tm_lineups
tm:92030,Дмитро Башлай,DF,CB,,right,tm_lineups
tm:398808,Мартін Онгла,MF,CDM,CM:0.15;CB:0.12,right,tm_lineups
tm:402363,Кауе Сілва,FW,ST,,left,tm_lineups
tm:107373,Сергій Даценко,DF,CB,CDM:0.04,right,tm_lineups
tm:267388,Орест Будюк,GK,GK,,right,tm_lineups
tm:273641,Василь Білий,DF,CB,LB:0.1,left,tm_lineups
tm:343154,Ігор Биковський,FW,RW,CDM:0.1,left,tm_lineups
tm:390368,Вітор Буено,MF,CAM,ST:0.18;RM:0.08;LM:0.05,right,tm_lineups
tm:396524,Артем Ярмоленко,DF,CB,RB:0.24,right,tm_lineups
tm:407014,Гаетан Міссі Мезу,FW,ST,,right,tm_lineups
tm:573930,Євген Білокінь,MF,CM,CDM:0.36;CAM:0.16;ST:0.05,right,tm_lineups
tm:654950,Мурило Кадіна,MF,CM,RM:0.5,right,tm_lineups
tm:257461,Неманя Іванович,FW,ST,,right,tm_lineups
tm:330122,Вадим Семчук,MF,RB,RW:0.32;CAM:0.12;CM:0.12,right,tm_lineups
tm:528423,Катріель Санчес,FW,ST,,right,tm_lineups
tm:583607,Вільям де Камарго,FW,RW,LW:0.24,right,tm_lineups
tm:654787,Денис Тарадуда,DF,CB,,,tm_lineups
tm:24049,Руслан Ротань,MF,CM,CAM:0.19,both,tm_lineups
tm:14942,Дарійо Срна,DF,RB,,right,tm_lineups
tm:9794,Олег Гусєв,MF,LW,RM:0.29;RB:0.18;RW:0.11,right,tm_lineups
tm:37303,Желько Любеновіч,MF,CAM,CM:0.06,left,tm_lineups
tm:58042,Ігор Худоб'як,MF,CAM,CM:0.2;ST:0.11;CDM:0.04,both,tm_lineups
tm:58035,Микола Іщенко,DF,CB,,right,tm_lineups
tm:58046,Василь Кобін,MF,RB,RM:0.29;LB:0.1,right,tm_lineups
tm:25845,Олексій Антонов,FW,ST,,both,tm_lineups
tm:69004,Євген Хачеріді,DF,CB,,right,tm_lineups
tm:34773,Володимир Прийомов,FW,ST,CAM:0.28;RM:0.1;LM:0.05,right,tm_lineups
tm:87097,Сергій Рудика,MF,CDM,CB:0.19;CAM:0.13,right,tm_lineups
tm:120211,Максим Коваль,GK,GK,,right,tm_lineups
tm:59249,Іван Матяж,MF,CM,ST:0.45;CAM:0.22,right,tm_lineups
tm:58425,Ігор Ощипко,DF,LB,CDM:0.1,left,tm_lineups
tm:109314,Андрій Нестеров,DF,CB,,right,tm_lineups
tm:46083,Домагой Віда,DF,CB,RB:0.09,right,tm_lineups
tm:118850,Іван Ордець,DF,CB,,right,tm_lineups
tm:175169,Бернард,FW,LW,CAM:0.12;LM:0.08;RW:0.07,right,tm_lineups
tm:156137,Редван Мемешев,MF,RM,LM:0.21;CM:0.12;CAM:0.05,both,tm_lineups
tm:191614,Фред,MF,CM,CDM:0.22;CAM:0.05,both,tm_lineups
tm:202840,Максим Драченко,MF,CM,RM:0.35,right,tm_lineups
tm:94931,Віталій Віценець,MF,CM,ST:0.06,right,tm_lineups
tm:316280,Моха Рхарсалла,FW,LW,RW:0.22;ST:0.05,right,tm_lineups
tm:59440,Антон Поступаленко,MF,CAM,CM:0.04,right,tm_lineups
tm:93795,Факундо Феррейра,FW,ST,,right,tm_lineups
tm:139943,Івиця Жунич,DF,CB,,right,tm_lineups
tm:55484,Марсіо Азеведо,DF,LB,LM:0.04,left,tm_lineups
tm:119717,Сергій Басов,DF,CB,,right,tm_lineups
tm:116302,Едгар Малакян,FW,LW,CAM:0.2;LM:0.2;RW:0.17,right,tm_lineups
tm:44624,Дьомерсі Мбокані,FW,ST,,right,tm_lineups
tm:182577,Дерліс Гонсалес,FW,LW,ST:0.14;RW:0.11;LM:0.05,right,tm_lineups
tm:58947,Віталій Каверін,FW,LW,RW:0.06;ST:0.06;CAM:0.04,both,tm_lineups
tm:271228,Іван Цюпа,DF,LB,LM:0.24;CB:0.14;RB:0.06,left,tm_lineups
tm:107274,Сергій Чеботаєв,DF,RB,LB:0.26,right,tm_lineups
tm:206053,Гор Малакян,MF,CM,CAM:0.13;LM:0.12;RM:0.09,right,tm_lineups
tm:404839,Андрій Лунін,GK,GK,,right,tm_lineups
tm:259461,Пауліньйо,FW,LW,ST:0.34;RW:0.23,right,tm_lineups
tm:213429,Емерсон,DF,CB,,right,tm_lineups
tm:58093,Андрій Новак,GK,GK,,left,tm_lineups
tm:104590,Рафаел Форстер,DF,CB,,left,tm_lineups
tm:244620,Владислав Леванідов,GK,GK,,right,tm_lineups
tm:211313,Олександр Азацький,DF,CB,LB:0.19,left,tm_lineups
tm:143967,Артур Новотрясов,DF,CB,CDM:0.22,right,tm_lineups
tm:213975,Тарас Качараба,DF,CB,LB:0.15,right,tm_lineups
tm:296780,Антон Котляр,MF,RM,LM:0.1,right,tm_lineups
tm:435665,Владислав Хомутов,MF,CAM,,right,tm_lineups
tm:422746,Федеріко Перейра,DF,CB,,right,tm_lineups
tm:206054,Павло Мягков,DF,LB,CDM:0.46;LM:0.05,left,tm_lineups
tm:204395,В'ячеслав Лухтанов,DF,CB,LB:0.04;RB:0.04,,tm_lineups
tm:213973,Дмитро Безрук,GK,GK,,left,tm_lineups
tm:348839,Сергій Кулинич,DF,CB,CDM:0.32;RB:0.25,right,tm_lineups
tm:244165,Микита Корзун,MF,CDM,CM:0.05,right,tm_lineups
tm:476770,Михайло Месхі,MF,CDM,,right,tm_lineups
tm:328733,Артур Данієлян,DF,CB,RB:0.36,right,tm_lineups
tm:366450,Юрі Кастільйо,FW,ST,,right,tm_lineups
tm:476072,Арно Гедж,MF,CM,CDM:0.07,right,tm_lineups
tm:167093,Александар Пантич,DF,CB,,right,tm_lineups
tm:405176,Олексій Збунь,FW,RW,LM:0.37;LW:0.11;LB:0.05,right,tm_lineups
tm:424145,Олександр Машнін,FW,LW,RW:0.1,right,tm_lineups
tm:35871,Фернандо Тіссоне,MF,CDM,CM:0.13,right,tm_lineups
tm:86269,Олександр Гутор,GK,GK,,right,tm_lineups
tm:101808,Мамаду Ваге,DF,CB,,right,tm_lineups
tm:171730,Гліб Рассадкін,FW,ST,RW:0.25,right,tm_lineups
tm:415860,Сілвіо Жуніор,FW,ST,CM:0.07;LM:0.07,both,tm_lineups
tm:289434,Сесе Пепе,DF,CB,,right,tm_lineups
tm:123136,Алассан Ндіає,MF,CDM,CB:0.18;CM:0.09,right,tm_lineups
tm:166588,В'ячеслав Панфілов,FW,ST,LW:0.17;RW:0.06,,tm_lineups
tm:192192,Арман Ованнісян,DF,LB,RB:0.26;LM:0.25;CB:0.04,left,tm_lineups
tm:216639,Фуссені Бамба,MF,CDM,LM:0.17;CB:0.08;CM:0.08,right,tm_lineups
tm:526577,Артем Хоцяновський,FW,ST,RW:0.22,left,tm_lineups
tm:60132,Неманя Обрадович,FW,ST,LW:0.15;RW:0.1,right,tm_lineups
tm:213452,Юрій Ткачук,MF,CDM,CM:0.24,both,tm_lineups
tm:384449,Гвідо Кортеджано,MF,CB,CM:0.22;LB:0.21,left,tm_lineups
tm:524966,Дмитро Копитов,MF,CM,CDM:0.09,right,tm_lineups
tm:140461,Артем Рахманов,DF,CB,,right,tm_lineups
tm:526365,Гуттінер,MF,RM,CAM:0.17;RW:0.12,left,tm_lineups
tm:167032,Ілля Михальов,FW,ST,,right,tm_lineups
tm:521844,Кирило Костенко,MF,RM,CAM:0.18;CM:0.12;LM:0.09,right,tm_lineups
tm:531456,Хішам Ель Хамдауї,FW,ST,,right,tm_lineups
tm:107283,Василь Палагнюк,FW,ST,,right,tm_lineups
tm:223779,Маріо Аркес,MF,CM,,right,tm_lineups
tm:308452,Олексій Щебетун,FW,ST,,right,tm_lineups
tm:397464,Леонідас,MF,CAM,RW:0.25,left,tm_lineups
tm:521846,Богдан Мицик,DF,CB,RB:0.31;LB:0.16,,tm_lineups
tm:45577,Себастьян Рібас,FW,ST,,right,tm_lineups
tm:176562,Роже Гоміс,MF,CDM,CAM:0.07,right,tm_lineups
tm:272624,Давід Фопала,FW,ST,,right,tm_lineups
tm:435214,Джонатан,DF,RB,,right,tm_lineups
tm:463397,Маурісіо Кортес,FW,LW,,left,tm_lineups
tm:569576,Пепі,DF,LB,LM:0.59,left,tm_lineups
tm:73137,Марк Кастельс,MF,CM,CB:0.19;CDM:0.13,right,tm_lineups
tm:282329,Тіаго Ромуло,MF,CAM,ST:0.43,left,tm_lineups
tm:321948,Дмитро Шаповал,FW,ST,,,tm_lineups
tm:363065,Максим Авер'янов,MF,CAM,CM:0.26;ST:0.13;LM:0.09,right,tm_lineups
tm:383567,Володимир Сениця,DF,CB,,right,tm_lineups
tm:423252,Віктор Серденюк,MF,CDM,CM:0.3;CB:0.18,right,tm_lineups
tm:483451,Бруніньйо,MF,RM,LW:0.13;RB:0.13,right,tm_lineups
tm:548694,Олександр Тарасюк,FW,ST,,,tm_lineups
tm:553380,Анатолій Ульянов,,CB,LB:0.11;RB:0.11,left,tm_lineups
tm:561974,Владислав Веремеєв,DF,CB,,both,tm_lineups
tm:166230,Йосип Вукович,MF,CDM,CM:0.22,both,tm_lineups
tm:169679,Ярослав Ямполь,MF,CAM,RM:0.35;CM:0.17;LM:0.07,left,tm_lineups
tm:189637,Сергій Смородін,GK,GK,,,tm_lineups
tm:272816,Юрій Глущук,MF,CM,CDM:0.24;LM:0.19;CAM:0.16,right,tm_lineups
tm:359667,Вадим Гранчар,MF,CAM,RM:0.25;RW:0.25,right,tm_lineups
tm:376485,Йонатан Бедоя,FW,LW,CAM:0.17,,tm_lineups
tm:381812,Назар Маліновський,MF,RM,CB:0.16;LM:0.16;RB:0.12,right,tm_lineups
tm:449086,Назар Стасишин,DF,RB,,,tm_lineups
tm:501610,Олексій Луценко,DF,LB,,left,tm_lineups
tm:521842,Микола Павлюк,DF,LB,LM:0.12,left,tm_lineups
tm:521843,Ігор Нехаєв,FW,ST,,,tm_lineups
tm:550027,Ерікс Сантос,DF,CB,RM:0.21,left,tm_lineups
tm:567756,Еберт,DF,LM,CB:0.26,left,tm_lineups
tm:9775,Олександр Шовковський,GK,GK,,right,tm_lineups
tm:24043,Сергій Назаренко,MF,CAM,LM:0.09;CM:0.05,both,tm_lineups
tm:57987,Євген Чеберячко,DF,CB,CDM:0.1,left,tm_lineups
tm:43393,Григорій Ярмаш,DF,RB,LB:0.19,right,tm_lineups
tm:53299,Костянтин Ярошенко,MF,CAM,CM:0.22;LW:0.13;CDM:0.05,both,tm_lineups
tm:59024,Євген Боровик,GK,GK,,right,tm_lineups
tm:59826,Олег Герасимюк,MF,CM,RM:0.2;CAM:0.15;LM:0.08,right,tm_lineups
tm:61952,Данило Сілва,DF,RB,CB:0.28,right,tm_lineups
tm:45343,Олег Гуменюк,DF,RB,LB:0.16;RM:0.16;LM:0.11,right,tm_lineups
tm:24633,Едуардо,FW,ST,RW:0.12;LW:0.07,left,tm_lineups
tm:208469,Володимир Костевич,DF,LB,LM:0.19;CM:0.04,left,tm_lineups
tm:206717,Едуард Соболь,DF,LB,LM:0.26,left,tm_lineups
tm:91533,Віталій Неділько,GK,GK,,right,tm_lineups
tm:91549,Валерій Куценко,MF,CAM,CM:0.59,right,tm_lineups
tm:59032,Александар Драгович,DF,CB,,right,tm_lineups
tm:96455,Євген Макаренко,MF,CDM,LB:0.41;CM:0.06,left,tm_lineups
tm:106632,Санжар Турсунов,FW,RM,LM:0.14;CAM:0.08,both,tm_lineups
tm:224736,Артем Барановський,DF,CB,RB:0.12,right,tm_lineups
tm:59083,Олег Бараннік,FW,ST,,right,tm_lineups
tm:211734,Артем Філімонов,MF,CDM,,left,tm_lineups
tm:44699,Антунеш,DF,LB,LM:0.08,left,tm_lineups
tm:90768,Ярослав Олійник,DF,RB,,right,tm_lineups
tm:36364,Михайло Сіваков,DF,CB,,both,tm_lineups
tm:156128,Андрій Пилявський,DF,CB,,right,tm_lineups
tm:278857,Дмитро Задерецький,MF,LM,LW:0.07;LB:0.05,left,tm_lineups
tm:97808,Дмитро Козьбан,FW,ST,,right,tm_lineups
tm:42622,Леандро,DF,RB,LB:0.32;LM:0.07;RM:0.06,both,tm_lineups
tm:204040,Александру Влад,DF,LB,CM:0.13;LM:0.06,left,tm_lineups
tm:325221,Ігор Жураховський,MF,CM,CDM:0.36;CAM:0.21,right,tm_lineups
tm:204560,Міха Горопевшек,DF,CB,,both,tm_lineups
tm:282280,Вадим Страшкевич,MF,CAM,ST:0.14;RM:0.09;CM:0.06,right,tm_lineups
tm:265267,Віктор Хомченко,FW,ST,CAM:0.33;LW:0.16,right,tm_lineups
tm:215596,Шериф Іса,MF,CAM,CM:0.08,left,tm_lineups
tm:289282,Роман Попов,DF,RB,LM:0.16;RM:0.14;RW:0.07,right,tm_lineups
tm:410213,Олександр Чепелюк,MF,CDM,CM:0.45,right,tm_lineups
tm:177280,Віталій Гемега,MF,CAM,RW:0.21;RM:0.19;LW:0.07,left,tm_lineups
tm:187622,Кваме Карікарі,FW,ST,,left,tm_lineups
tm:269669,Володимир Барілко,FW,ST,,,tm_lineups
tm:221958,Роман Яремчук,FW,ST,LW:0.06,right,tm_lineups
tm:58933,Євген Бохашвілі,FW,ST,,both,tm_lineups
tm:448854,Еммануель Денніс,FW,ST,LW:0.33;RW:0.1;LM:0.04,right,tm_lineups
tm:255635,Євген Чумак,MF,CM,CDM:0.55;CAM:0.05,left,tm_lineups
tm:383623,Ілля Корнєв,FW,ST,,right,tm_lineups
tm:448870,Юрій Тетеренко,MF,CM,CAM:0.19;RB:0.05,,tm_lineups
tm:354717,Євген Мурашов,FW,LW,ST:0.45;CAM:0.05,right,tm_lineups
tm:59636,Бой Деул,MF,CAM,RW:0.1;CM:0.05;LM:0.05,right,tm_lineups
tm:89010,Сілвано Комваліус,FW,ST,,right,tm_lineups
tm:91366,Олександр Акименко,FW,ST,,right,tm_lineups
tm:77853,Роман Локтіонов,FW,ST,,left,tm_lineups
tm:130907,Євген Зарічнюк,MF,LM,CAM:0.21;CM:0.07;LW:0.05,left,tm_lineups
tm:43290,Олег Чуваєв,GK,GK,,right,tm_lineups
tm:113888,Ігор Левченко,GK,GK,,left,tm_lineups
tm:322912,Андрій Никитюк,MF,RM,,,tm_lineups
tm:58972,Денис Шеліхов,GK,GK,,right,tm_lineups
tm:131257,Джонатан Моя,FW,ST,,right,tm_lineups
tm:89318,Борха Екіса,DF,CB,CDM:0.13;RB:0.07,right,tm_lineups
tm:267396,Ігор Калінін,DF,LB,CB:0.23;LM:0.19,left,tm_lineups
tm:97576,Роман Кунєв,MF,RM,RB:0.34;ST:0.23,right,tm_lineups
tm:364831,Микита Жуков,MF,ST,LM:0.22;CM:0.17;RM:0.11,right,tm_lineups
tm:58883,Айтор Фернандес,DF,RB,CM:0.18;RM:0.18;CDM:0.06,right,tm_lineups
tm:108709,Еріксон Дансо,MF,LW,RW:0.25;CAM:0.21,left,tm_lineups
tm:355492,Жорже Еліас,FW,ST,,right,tm_lineups
tm:366445,Андрій Марчук,GK,GK,,right,tm_lineups
tm:272785,Андрій Маркович,DF,RB,,right,tm_lineups
tm:371319,Габріель Окечукву,FW,ST,,left,tm_lineups
tm:401884,Руслан Марушка,DF,CB,,both,tm_lineups
tm:187115,Вахтанг Чантурішвілі,MF,LM,RM:0.4;LW:0.06,left,tm_lineups
tm:313753,Ярослав Квасов,FW,ST,CB:0.14,both,tm_lineups
tm:501614,Роман Ільницький,,CB,CDM:0.26,,tm_lineups
tm:176406,Олексій Баштаненко,GK,GK,,right,tm_lineups
tm:292717,Гіоргі Арабідзе,MF,RW,ST:0.07;CAM:0.06,left,tm_lineups
tm:322383,Ярослав Котляров,GK,GK,,left,tm_lineups
tm:330030,Наїлсон,DF,CB,LB:0.15,left,tm_lineups
tm:452578,Євген Котюн,MF,CM,CDM:0.2;LM:0.2,,tm_lineups
tm:453483,Ігор Богач,FW,LW,RM:0.34,right,tm_lineups
tm:121011,Олександр Кочура,MF,CAM,,left,tm_lineups
tm:331216,Олег Тракало,DF,CDM,CB:0.26,left,tm_lineups
tm:448537,Максим Саламаха,FW,ST,,right,tm_lineups
tm:483717,Роман Шандрук,DF,LB,,left,tm_lineups
tm:509428,Сергій Трикош,MF,RM,,,tm_lineups
tm:511121,Роман Баб'як,,RM,,,tm_lineups
tm:120991,Геннадій Ганєв,GK,GK,,left,tm_lineups
tm:450715,Дмитро Заїкин,FW,ST,,right,tm_lineups
tm:477182,Сергій Ічанський,DF,CB,CDM:0.47,left,tm_lineups
tm:477185,Богдан Гладун,,,,,group
tm:483718,Олександр Зозуля,DF,CB,,,tm_lineups
tm:511668,Назар Виздрик,DF,CB,,right,tm_lineups
tm:524021,Роман Жмурко,GK,GK,,right,tm_lineups
tm:43299,Едмар,MF,CM,CDM:0.08,both,tm_lineups
tm:24032,Віталій Лисицький,DF,CB,,right,tm_lineups
tm:35607,Арменд Даллку,DF,CB,,right,tm_lineups
tm:43309,Володимир Гоменюк,FW,ST,,right,tm_lineups
tm:25820,В'ячеслав Шевчук,DF,LB,,both,tm_lineups
tm:27172,Павло Кутас,DF,RB,CB:0.27;LB:0.22,right,tm_lineups
tm:58976,Максим Старцев,GK,GK,,right,tm_lineups
tm:49018,Олексій Полянський,MF,CB,CDM:0.5,right,tm_lineups
tm:58103,Руслан Платон,FW,ST,,right,tm_lineups
tm:45812,Джордже Лазич,MF,CM,CAM:0.37;LM:0.19,both,tm_lineups
tm:25758,Джаба Канкава,MF,CDM,CM:0.25,both,tm_lineups
tm:97567,Роман Безус,MF,CAM,ST:0.13;CM:0.07,right,tm_lineups
tm:97335,Ігор Пластун,DF,CB,,right,tm_lineups
tm:66515,Алекс Тейшейра,MF,CAM,CM:0.09;ST:0.05,right,tm_lineups
tm:28186,Ян Лаштувка,GK,GK,,right,tm_lineups
tm:59434,Артем Путівцев,DF,CB,LB:0.42,left,tm_lineups
tm:54816,Дмитро Льопа,MF,CAM,LM:0.22;RM:0.16,right,tm_lineups
tm:70767,Роман Зозуля,FW,ST,RW:0.14,right,tm_lineups
tm:69913,Кирило Ковальчук,MF,CM,CDM:0.15,right,tm_lineups
tm:35245,Матеус,FW,RW,LW:0.26;ST:0.19,both,tm_lineups
tm:22378,Лео Матос,DF,RB,LB:0.14;RM:0.08;RW:0.05,right,tm_lineups
tm:59423,Олексій Курілов,DF,CB,,right,tm_lineups
tm:57856,Дмитро Бабенко,GK,GK,,,tm_lineups
tm:36371,Нікола Калинич,FW,ST,,both,tm_lineups
tm:59933,Станіслав Богуш,GK,GK,,right,tm_lineups
tm:177688,Міхель Бабатунде,MF,RW,LW:0.21;CAM:0.21;RM:0.08,left,tm_lineups
tm:92046,Сергій Погорілий,GK,GK,,both,tm_lineups
tm:43848,Мігел Велозу,MF,CDM,CM:0.11,left,tm_lineups
tm:55115,Давид Таргамадзе,MF,CAM,LM:0.23;LW:0.23;RW:0.15,both,tm_lineups
tm:51531,Артем Касьянов,MF,CDM,,left,tm_lineups
tm:91450,Олег Міщенко,FW,RW,ST:0.22;CAM:0.18,left,tm_lineups
tm:99490,Муртаз Даушвілі,MF,CDM,,right,tm_lineups
tm:25618,Сергій Пшеничних,DF,CB,LB:0.31,left,tm_lineups
tm:120144,Євген Будник,FW,ST,,right,tm_lineups
tm:15568,Бруно Гама,FW,LW,RW:0.35;ST:0.07,right,tm_lineups
tm:118022,Юнес Бельханда,MF,CAM,CM:0.13;LW:0.07;ST:0.05,right,tm_lineups
tm:58958,Олександр Матвєєв,DF,CB,LB:0.19;RB:0.08,right,tm_lineups
tm:147998,Флорентін Матей,MF,CAM,LM:0.22;CM:0.13;ST:0.04,right,tm_lineups
tm:51232,Данило,MF,CAM,RM:0.31;LM:0.06;CM:0.05,right,tm_lineups
tm:207877,Руслан Маліновський,MF,CM,CAM:0.46;ST:0.05,left,tm_lineups
tm:97835,Дмитро Єременко,FW,RW,CM:0.09;LM:0.09;RM:0.09,right,tm_lineups
tm:150284,Віталійс Ягодинскіс,DF,CB,,right,tm_lineups
tm:62180,Галь Шиш,DF,LB,,left,tm_lineups
tm:95649,Олександр Нойок,MF,CDM,RB:0.27;CB:0.09;LB:0.07,right,tm_lineups
tm:27151,Павло Іванов,DF,LB,RB:0.05,left,tm_lineups
tm:47375,Іван Родич,FW,LW,ST:0.28,right,tm_lineups
tm:50346,Кршеван Сантіні,GK,GK,,right,tm_lineups
tm:127770,Нурудін Орелесі,MF,CDM,CAM:0.05;CM:0.05,left,tm_lineups
tm:335191,Валеріан Гвілія,MF,CM,CAM:0.37;CDM:0.18,right,tm_lineups
tm:59407,Сергій Барілко,MF,RM,RW:0.14;ST:0.07,both,tm_lineups
tm:157849,Лукаш Теодорчик,FW,ST,,right,tm_lineups
tm:121030,Ігор Семенина,MF,CM,LM:0.17;CAM:0.07,left,tm_lineups
tm:91448,Кирило Дорошенко,MF,CM,LM:0.11,right,tm_lineups
tm:77490,Ігор Худобяк,FW,ST,CB:0.04;CM:0.04,right,tm_lineups
tm:193270,Валерій Лебедь,MF,CDM,,,tm_lineups
tm:355130,Михайло Ряшко,DF,CB,,right,tm_lineups
tm:192347,Джон Хайро Руїс,FW,LW,RW:0.14;ST:0.06,right,tm_lineups
tm:91722,Антон Голенков,MF,RM,CAM:0.06;LM:0.06,right,tm_lineups
tm:237947,Рум'ян Овсепян,MF,CM,CAM:0.21;ST:0.06,right,tm_lineups
tm:280076,Семен Даценко,DF,CB,,right,tm_lineups
tm:288854,Секу Конде,DF,CB,,right,tm_lineups
tm:374036,Роман Помазан,DF,CB,LB:0.17;RB:0.11;CDM:0.06,right,tm_lineups
tm:371318,Петро Переверза,MF,LM,RM:0.33,right,tm_lineups
tm:31776,Олександр Яковенко,FW,LW,RW:0.25,right,tm_lineups
tm:367024,Георгій Гадрані,DF,CB,,,tm_lineups
tm:104203,Євген Старіков,FW,ST,LW:0.08,right,tm_lineups
tm:364574,Артур Кузнецов,DF,CB,,right,tm_lineups
tm:49985,Іван Томечак,DF,RB,RM:0.19;LB:0.12,right,tm_lineups
tm:232644,Олександр Калітов,MF,CDM,CB:0.24;RB:0.12,right,tm_lineups
tm:324521,Вадим Яворський,FW,ST,,right,tm_lineups
tm:193257,Владислав Гельзін,FW,ST,,right,tm_lineups
tm:75296,Радосав Петрович,MF,CDM,CB:0.18,right,tm_lineups
tm:168376,Сергій Шаповал,MF,CDM,CM:0.16,right,tm_lineups
tm:354326,Навід Насімі,DF,LB,ST:0.05,left,tm_lineups
tm:372362,Юрій Тома,MF,CM,CAM:0.28,right,tm_lineups
tm:141329,Акім Латіфу,DF,RB,CB:0.28,right,tm_lineups
tm:364038,Тимофій Шеремета,GK,GK,,right,tm_lineups
tm:415859,Матеус Мендес,DF,LB,,left,tm_lineups
tm:166586,Ян Ковалевський,FW,RW,LW:0.5,right,tm_lineups
tm:269677,Владислав Краєв,MF,CM,CAM:0.56,left,tm_lineups
tm:294201,Роман Стефурак,MF,CAM,,left,tm_lineups
tm:316946,Сергій Наполов,FW,RW,CAM:0.37;LM:0.27,left,tm_lineups
tm:325410,Максим Бабійчук,GK,GK,,right,tm_lineups
tm:382527,Віктор Гей,DF,RB,RM:0.22,right,tm_lineups
tm:406761,Євген Іздебський,DF,CB,RB:0.3,right,tm_lineups
tm:430153,Олексій Хоменко,MF,LM,,,tm_lineups
tm:228846,Юрій Соломка,MF,LM,CAM:0.08;ST:0.08,right,tm_lineups
tm:406776,Дмитро Гапончук,DF,LB,RB:0.33;RM:0.11,left,tm_lineups
tm:430154,Євген Добровольський,MF,CM,,,tm_lineups
tm:56370,Гійон Фернандес,FW,ST,,right,tm_lineups
tm:255639,Дмитро Луканов,FW,ST,,right,tm_lineups
tm:327861,Кельвін Нвамора,FW,ST,,right,tm_lineups
tm:405621,Семен Ключик,DF,CB,,,tm_lineups
tm:131552,Ростислав Багдасаров,DF,RB,LB:0.24;RM:0.08,,tm_lineups
tm:381920,Артем Захаров,,,,,group
tm:395068,Ян Вічний,GK,GK,,right,tm_lineups
tm:405620,Фарід Алі,FW,RW,,right,tm_lineups
tm:410184,Кирило Демідов,FW,ST,,,tm_lineups
tm:411027,Владислав Ігнатьєв,MF,CAM,CM:0.23,right,tm_lineups
tm:429099,Богдан Мельник,MF,CDM,RB:0.38,both,tm_lineups
tm:430152,Андрій Черепко,GK,GK,,right,tm_lineups
tm:435666,Станіслав Котьо,,CB,,,tm_lineups
tm:42631,Олександр Горяінов,GK,GK,,right,tm_lineups
tm:24010,Олександр Грицай,MF,CDM,,right,tm_lineups
tm:9798,Максим Шацьких,FW,ST,RW:0.05,right,tm_lineups
tm:68915,Олег Краснопьоров,MF,CDM,RB:0.06,right,tm_lineups
tm:86502,Іван Кривошеєнко,FW,RM,RB:0.05,right,tm_lineups
tm:43308,Денис Голайдо,MF,LB,LM:0.13,both,tm_lineups
tm:36149,Йован Маркоський,MF,CAM,CM:0.15,both,tm_lineups
tm:57971,Андрій Березовчук,DF,CB,,right,tm_lineups
tm:42641,Андрій Хомин,DF,RB,LB:0.51,right,tm_lineups
tm:25734,Денис Кулаков,DF,RB,RM:0.16,right,tm_lineups
tm:59150,Ахмед Янузі,FW,ST,,right,tm_lineups
tm:48974,Луїс Адріано,FW,ST,,right,tm_lineups
tm:19702,Владимир Дишленкович,GK,GK,,right,tm_lineups
tm:75615,Дуглас Коста,FW,RW,LW:0.32;CAM:0.07,left,tm_lineups
tm:61462,Рінар Валєєв,MF,CM,CAM:0.14,left,tm_lineups
tm:58440,Сергій Шевчук,DF,LM,LW:0.23,left,tm_lineups
tm:25780,Аїла Юссуф,MF,CB,,right,tm_lineups
tm:59893,Олександр Романчук,DF,LB,LM:0.04,left,tm_lineups
tm:112953,Дмитро Безотосний,GK,GK,,right,tm_lineups
tm:92635,Олександр Мандзюк,FW,ST,RW:0.1,,tm_lineups
tm:49000,Ігор Коротецький,DF,CB,LB:0.21,right,tm_lineups
tm:27378,Клейтон Шав'єр,MF,CAM,CM:0.43;ST:0.06,both,tm_lineups
tm:52937,Ілсіньйо,MF,RM,CM:0.35;RB:0.29,right,tm_lineups
tm:105362,Адольф Тейку,DF,CB,,left,tm_lineups
tm:30803,Крістіан Вільягра,DF,RB,LB:0.14,right,tm_lineups
tm:89556,Віталій Федотов,MF,RM,CM:0.22;LM:0.1;CAM:0.09,right,tm_lineups
tm:85938,Андрій Оберемко,MF,CM,CDM:0.07,left,tm_lineups
tm:27108,Константінос Макрідіс,MF,CM,CDM:0.13;CAM:0.06,right,tm_lineups
tm:82608,Павло Худзік,MF,LM,CAM:0.11;RM:0.08,both,tm_lineups
tm:35908,Мірко Райчевич,MF,CM,CAM:0.08;CDM:0.08,right,tm_lineups
tm:43060,Сергій Кузнецов,FW,ST,,right,tm_lineups
tm:39799,Іван Стрінич,DF,LB,,left,tm_lineups
tm:60324,Грегорі Нелсон,FW,RW,ST:0.07,right,tm_lineups
tm:70869,Грегор Балажиц,DF,CB,,right,tm_lineups
tm:46504,Ерік Бікфалві,MF,CAM,ST:0.3;CM:0.06,right,tm_lineups
tm:91259,Юрій Штурко,MF,LM,LB:0.1;RM:0.05,right,tm_lineups
tm:23443,Ондржей Мазух,DF,CB,,right,tm_lineups
tm:24670,Нікола Ігнятієвич,DF,LB,CB:0.07,left,tm_lineups
tm:91377,Дмитро Трухін,MF,LM,LW:0.06,left,tm_lineups
tm:35435,Лучан Бурдужан,FW,ST,,left,tm_lineups
tm:42624,Сергій Давидов,FW,ST,,right,tm_lineups
tm:59142,Олександр Ситнік,FW,ST,,right,tm_lineups
tm:104331,Лукман Аруна,MF,CM,CDM:0.47;CAM:0.15,right,tm_lineups
tm:38497,Джеремейн Ленс,FW,RW,LW:0.39,right,tm_lineups
tm:64104,Саша Балич,DF,CB,LB:0.69,left,tm_lineups
tm:30694,Хуан Мануель Торрес,MF,CDM,,right,tm_lineups
tm:71725,Олександр Надь,GK,GK,,right,tm_lineups
tm:40608,Алекс да Сілва,MF,CAM,LM:0.11;ST:0.06,right,tm_lineups
tm:53523,Марко Торсільєрі,DF,CB,LB:0.11,left,tm_lineups
tm:58073,Юрій Мартищук,GK,GK,,right,tm_lineups
tm:244264,Владислав Павленко,MF,CM,CDM:0.19,right,tm_lineups
tm:96928,Сержіньйо,FW,LW,RW:0.12;CM:0.09;LM:0.07,both,tm_lineups
tm:105456,Фернандо,MF,CDM,,right,tm_lineups
tm:82508,Лібор Грдлічка,GK,GK,,right,tm_lineups
tm:34941,Александру Тудосе,DF,CDM,CB:0.2,right,tm_lineups
tm:37414,Давід Каяду,MF,LW,RW:0.25;CAM:0.21;LM:0.1,both,tm_lineups
tm:58977,Сергій Вовкодав,DF,RB,CDM:0.08,,tm_lineups
tm:210109,Алессандро,FW,ST,,right,tm_lineups
tm:123366,Роман Годований,DF,CB,CDM:0.12;RB:0.12,right,tm_lineups
tm:183943,Габріел Араужо,DF,LB,LM:0.24,left,tm_lineups
tm:213271,Лео,FW,ST,,left,tm_lineups
tm:280064,Олександр Аксьонов,DF,CB,,right,tm_lineups
tm:27245,Жажа,FW,ST,,left,tm_lineups
tm:34186,Василіос Пліацикас,DF,CB,RB:0.26;CDM:0.07,both,tm_lineups
tm:176413,Тарас Пучковський,FW,LW,ST:0.48,right,tm_lineups
tm:122235,Дмитро Скоблов,MF,CM,CB:0.25;CAM:0.06;CDM:0.06,right,tm_lineups
tm:216842,Микола Вечурко,MF,CDM,CM:0.21;CAM:0.06;LM:0.06,right,tm_lineups
tm:94318,Йован Крнета,DF,CB,,right,tm_lineups
tm:193812,Сергій Гаращенков,DF,RB,LB:0.11,right,tm_lineups
tm:204406,Артем Радченко,FW,CAM,LW:0.27;ST:0.15;RM:0.05,right,tm_lineups
tm:34390,Юриця Бульят,DF,CB,,both,tm_lineups
tm:43264,Бенуа Тремулінас,DF,LB,,left,tm_lineups
tm:144935,Валерій Гришин,FW,RW,ST:0.15,left,tm_lineups
tm:173253,Ілля Глушицький,DF,CB,RB:0.36;CDM:0.14,,tm_lineups
tm:91698,Олександр Чурілов,GK,GK,,,tm_lineups
tm:170919,Прінс Сегбефія,MF,CM,CAM:0.13;CDM:0.07;LM:0.07,right,tm_lineups
tm:334728,Данило Маріотто,FW,ST,,left,tm_lineups
tm:155843,Антон Кіча,FW,LW,LM:0.21;RM:0.18;CDM:0.05,right,tm_lineups
tm:271514,Дмитро Ульянов,DF,LB,RB:0.09,both,tm_lineups
tm:295619,Євген Немтінов,MF,LM,RM:0.36;CAM:0.12;RW:0.09,right,tm_lineups
tm:95407,Максим Ілюк,FW,ST,,,tm_lineups
tm:58928,Юрій Бровченко,DF,RB,RM:0.3;LB:0.16;LM:0.08,left,tm_lineups
tm:96957,В'ячеслав Акімов,MF,CAM,ST:0.3;CM:0.12,right,tm_lineups
tm:112640,Альдо Адорно,FW,ST,RW:0.21,right,tm_lineups
tm:207889,Михайло Писко,DF,LB,,left,tm_lineups
tm:340773,Сергій Приходько,MF,CDM,,,tm_lineups
tm:342139,Богдан Суходуб,DF,CB,,right,tm_lineups
tm:91376,Євген Одинцов,DF,RB,,right,tm_lineups
tm:206890,Олександр Лучик,MF,CDM,,right,tm_lineups
tm:226093,Лоренцо Шимич,DF,CB,,right,tm_lineups
tm:373251,Владислав Щетінін,DF,RB,LB:0.56,right,tm_lineups
tm:120543,Андрій Полтавцев,GK,GK,,right,tm_lineups
tm:272934,Артем Недоля,MF,CDM,CB:0.07,both,tm_lineups
tm:339845,Іван Янаков,FW,LW,RW:0.33;RM:0.11,right,tm_lineups
tm:354325,Олег Луценко,MF,CDM,CAM:0.46,right,tm_lineups
tm:369153,Даниїл Соломаха,FW,ST,,right,tm_lineups
tm:54419,Ежидіо,DF,LB,,left,tm_lineups
tm:125291,Еверсон Ліма,DF,CB,,right,tm_lineups
tm:244915,Олексій Зінкевич,,CAM,CDM:0.33;CM:0.33,right,tm_lineups
tm:255641,Сергій Сизий,MF,CM,CAM:0.32,right,tm_lineups
tm:335192,Богдан Січкарук,FW,ST,,,tm_lineups
tm:348269,Олександр Дехтяренко,,,,,group
tm:349106,Дмитро Антонов,DF,CB,CDM:0.25,,tm_lineups
tm:359239,Микита Крюков,GK,GK,,right,tm_lineups
tm:363064,Єгор Чегурко,MF,RW,ST:0.35;LM:0.3,,tm_lineups
tm:24054,Олег Шелаєв,MF,CDM,,right,tm_lineups
tm:9779,Віталій Рева,GK,GK,,right,tm_lineups
tm:24006,Володимир Єзерський,DF,RB,CB:0.61,right,tm_lineups
tm:15596,Богдан Шершун,DF,CB,CDM:0.34,left,tm_lineups
tm:49024,Сергій Симоненко,DF,CB,,left,tm_lineups
tm:59269,Лакі Ідахор,FW,ST,,right,tm_lineups
tm:59411,Марко Девич,MF,ST,,both,tm_lineups
tm:14934,Маріуш Левандовський,MF,CDM,,right,tm_lineups
tm:44138,Олексій Годін,MF,CM,RM:0.13;CAM:0.09,left,tm_lineups
tm:24008,Рубен Гомес,MF,CM,CDM:0.22;CAM:0.06,right,tm_lineups
tm:41885,Сергій Сілюк,FW,ST,,left,tm_lineups
tm:12064,Ігор Скоба,MF,CM,CDM:0.29,left,tm_lineups
tm:59266,Ілля Галюза,MF,CDM,CM:0.1,both,tm_lineups
tm:58020,Самсон Годвін,MF,CDM,,right,tm_lineups
tm:14939,Адріан Пуканич,MF,CM,CAM:0.18;CDM:0.18,both,tm_lineups
tm:9688,Томаш Гюбшман,DF,CDM,,right,tm_lineups
tm:15067,Максим Калініченко,MF,LM,RM:0.15;CAM:0.11,both,tm_lineups
tm:34670,Віталій Постранський,GK,GK,,,tm_lineups
tm:43297,Дебатік Цуррі,DF,CB,CDM:0.2;LB:0.14,left,tm_lineups
tm:58956,Олександр Максимов,MF,CM,CDM:0.15;CB:0.1;CAM:0.05,both,tm_lineups
tm:10288,Ігор Дуляй,MF,CDM,,right,tm_lineups
tm:57900,В'ячеслав Сердюк,DF,CB,CDM:0.3;LB:0.15;RB:0.15,left,tm_lineups
tm:59913,Артем Старгородський,MF,CM,CDM:0.16;CAM:0.14,right,tm_lineups
tm:27954,Огнєн Вукоєвич,MF,CDM,,right,tm_lineups
tm:60323,Антон Монахов,DF,CB,,right,tm_lineups
tm:15593,Сергій Самодін,FW,ST,,right,tm_lineups
tm:59984,Тарас Лазарович,FW,RW,ST:0.29;RM:0.07,right,tm_lineups
tm:43276,Жуніор,MF,CAM,,left,tm_lineups
tm:59148,Олександр Воловик,DF,CB,,left,tm_lineups
tm:85626,Сергій Зеньов,FW,RW,ST:0.06,right,tm_lineups
tm:49008,Віталій Мандзюк,DF,RB,CB:0.21,right,tm_lineups
tm:27126,Ігор Бажан,GK,GK,,right,tm_lineups
tm:17206,Александар Тришович,MF,LM,LB:0.49,both,tm_lineups
tm:24026,Костянтин Кравченко,MF,CAM,,left,tm_lineups
tm:42933,Аніс Бусаїді,DF,RB,CB:0.14,right,tm_lineups
tm:59964,Євген Пісоцький,MF,RM,RB:0.07,right,tm_lineups
tm:15033,Велізар Дімітров,MF,ST,RB:0.17,right,tm_lineups
tm:58002,Володимир Федорів,DF,RB,LB:0.34,right,tm_lineups
tm:28964,Саулюс Міколюнас,MF,RB,LW:0.09;LM:0.07;RM:0.05,both,tm_lineups
tm:54375,Джуліано,MF,CAM,ST:0.11;RW:0.09;CM:0.06,right,tm_lineups
tm:36109,Дамір Кахріман,GK,GK,,right,tm_lineups
tm:59074,Петро Ковальчук,DF,CB,,right,tm_lineups
tm:55975,Уча Лобжанідзе,DF,RB,CB:0.36,right,tm_lineups
tm:57894,Владислав Микуляк,MF,CM,CAM:0.12,left,tm_lineups
tm:64308,Браун Ідейє,FW,ST,,right,tm_lineups
tm:76071,Леандро,DF,LB,CB:0.17;RM:0.07,left,tm_lineups
tm:39792,Марин Любичич,MF,CDM,CB:0.49,right,tm_lineups
tm:24976,Ванче Шиков,DF,CB,,right,tm_lineups
tm:54576,Себастьян Бланко,MF,CAM,RW:0.17;LW:0.08,both,tm_lineups
tm:137939,Торніке Окріашвілі,FW,LW,CAM:0.52;ST:0.09,right,tm_lineups
tm:20137,Хосе Соса,MF,CAM,CM:0.38;CDM:0.16;RW:0.07,right,tm_lineups
tm:60790,Тоні Шунич,DF,CB,,right,tm_lineups
tm:53477,Джонатан Крістальдо,FW,ST,,right,tm_lineups
tm:41372,Ян Масло,DF,CB,,right,tm_lineups
tm:55734,Геворг Казарян,FW,LW,CAM:0.2;RW:0.13;ST:0.09,right,tm_lineups
tm:127349,Майкон Олівейра,FW,ST,,both,tm_lineups
tm:64711,Пабло Фонтанельйо,DF,CB,,both,tm_lineups
tm:97859,Євген Павлов,FW,ST,,right,tm_lineups
tm:73769,Зе Соарес,FW,RW,,right,tm_lineups
tm:4678,Маркус Бергер,DF,CB,,right,tm_lineups
tm:24011,Бобан Грнчаров,DF,CB,,right,tm_lineups
tm:104351,Рамон Лопес,FW,RM,CAM:0.28;LM:0.21;RW:0.07,left,tm_lineups
tm:103950,Роман Ємельянов,MF,CDM,CB:0.21;CM:0.07,both,tm_lineups
tm:41037,Данило,FW,ST,RW:0.46,right,tm_lineups
tm:88102,Карлен Мкртчян,MF,CDM,LM:0.06,left,tm_lineups
tm:91563,Олексій Бабир,FW,ST,LW:0.22;RW:0.11,left,tm_lineups
tm:58950,Володимир Коробка,FW,RW,RM:0.19;ST:0.13,right,tm_lineups
tm:31348,Сотіріс Балафас,DF,CDM,CB:0.13,right,tm_lineups
tm:59950,Дам'єн Ле Таллек,MF,CDM,CB:0.16;CM:0.09;ST:0.08,right,tm_lineups
tm:85563,Домінік Адійя,FW,RW,,right,tm_lineups
tm:85964,Андерсон Мінейро,DF,LB,,left,tm_lineups
tm:91341,Андрій Шевчук,FW,ST,,,tm_lineups
tm:57748,Матеус Лопес,DF,CB,,left,tm_lineups
tm:92575,Юрій Габовда,MF,RM,RB:0.25;LM:0.08;CAM:0.06,right,tm_lineups
tm:18860,Франк Джа Джедже,FW,LW,RW:0.23;ST:0.1,both,tm_lineups
tm:8480,Сіто Рієра,MF,LW,RW:0.34;CAM:0.22;ST:0.05,right,tm_lineups
tm:54565,Душан Савич,FW,ST,CM:0.4;CAM:0.3,right,tm_lineups
tm:60979,Янік Болі,FW,ST,,right,tm_lineups
tm:140561,Майкл Одібе,DF,CB,,right,tm_lineups
tm:44662,Шумахер,FW,ST,,left,tm_lineups
tm:58467,Мусавенкосі Мгуні,FW,ST,,right,tm_lineups
tm:58514,Еліс Бакай,MF,CAM,ST:0.53;RW:0.16,both,tm_lineups
tm:177291,Станіслав Причиненко,MF,CDM,CAM:0.27;CM:0.11,right,tm_lineups
tm:43938,Разван Кочіш,FW,CM,RM:0.31;CAM:0.26,right,tm_lineups
tm:91349,Олександр Жабокрицький,MF,CAM,CM:0.22;LM:0.22,both,tm_lineups
tm:75109,Селіо Сантос,DF,CB,,left,tm_lineups
tm:26200,Крісті Вангелі,DF,RB,CB:0.23;LB:0.12,both,tm_lineups
tm:114937,Дуду,FW,LW,CAM:0.3;LM:0.1;RM:0.08,right,tm_lineups
tm:20005,Папу Гомес,FW,LW,ST:0.31;CAM:0.26,right,tm_lineups
tm:45587,Рафаел Сантос,DF,CB,,left,tm_lineups
tm:197622,Фарлей Роза,FW,LW,CAM:0.2;RW:0.12,right,tm_lineups
tm:13028,Ерік Матуку,DF,CB,CDM:0.28;RB:0.07,right,tm_lineups
tm:41362,Густав Свенссон,DF,CB,CDM:0.37,right,tm_lineups
tm:91529,Ярослав Кінаш,MF,CM,CDM:0.17,left,tm_lineups
tm:37301,Велі Лампі,DF,RB,LB:0.47;CB:0.19,right,tm_lineups
tm:42550,Мате Гвініанідзе,DF,CB,RB:0.09,,tm_lineups
tm:33315,Дієго Соуза,FW,CAM,CM:0.43;CDM:0.05;RW:0.05,right,tm_lineups
tm:98536,Адіс Яхович,FW,ST,,right,tm_lineups
tm:113235,Георгій Зотов,DF,RB,LB:0.32;LM:0.07,right,tm_lineups
tm:64215,Крістіан Орош,DF,CB,RB:0.14,right,tm_lineups
tm:90255,Франтішек Кубік,FW,LM,LW:0.2;LB:0.1,left,tm_lineups
tm:37430,Даррен О'Ді,DF,CB,,left,tm_lineups
tm:59985,Євген Сантрапинських,FW,ST,RM:0.23;LB:0.18;LM:0.16,both,tm_lineups
tm:75631,Мілош Йокич,MF,CM,CAM:0.15;CDM:0.15,left,tm_lineups
tm:265930,Максим Приходной,MF,RM,CAM:0.12,,tm_lineups
tm:285040,Дмитро Ярчук,MF,CDM,,left,tm_lineups
tm:101670,Марселіньйо,FW,LW,ST:0.36,right,tm_lineups
tm:120996,Володимир Гудима,FW,ST,,both,tm_lineups
tm:213287,Александру Дандя,DF,CB,CDM:0.18,,tm_lineups
tm:13831,Маріус Нікулае,FW,ST,,,tm_lineups
tm:27236,Неманя Рнич,DF,CB,RB:0.34,right,tm_lineups
tm:119434,Родріго Моледо,DF,CB,,right,tm_lineups
tm:17228,Панайотіс Лагос,MF,LM,LW:0.23,left,tm_lineups
tm:257817,Дмитро Матвієнко,DF,RB,LB:0.13,right,tm_lineups
tm:51948,Даніел де Олівейра,FW,ST,,right,tm_lineups
tm:127774,Гармоні Іканде,MF,CDM,CAM:0.33;CM:0.16;RM:0.16,right,tm_lineups
tm:84980,Александрс Фертовс,MF,CDM,CM:0.15;RM:0.07,right,tm_lineups
tm:48206,Нуну Пінту,DF,LB,,left,tm_lineups
tm:93862,Денис Причиненко,DF,CB,CM:0.07,right,tm_lineups
tm:177010,Сергій Мельник,FW,ST,,right,tm_lineups
tm:213035,Амаду Мутарі,FW,LW,RW:0.52;ST:0.1,right,tm_lineups
tm:45353,Воллес,DF,LB,,left,tm_lineups
tm:51141,Александар Лазевскі,DF,LB,,left,tm_lineups
tm:97205,Микита Безлихотнов,FW,RM,LM:0.31;RW:0.24;ST:0.05,right,tm_lineups
tm:130196,Євген Колесник,MF,CM,CDM:0.22,right,tm_lineups
tm:156556,Венцислав Христов,FW,ST,RW:0.06,right,tm_lineups
tm:184930,Мохаммед Алію,DF,LB,,left,tm_lineups
tm:293108,Руслан Мамутов,DF,RB,CDM:0.55,right,tm_lineups
tm:34514,Чіпріан Васілаке,MF,CAM,,left,tm_lineups
tm:103600,Вісенте Арсе,MF,CAM,CM:0.2,both,tm_lineups
tm:121188,Антон Крамар,MF,RM,CAM:0.2;LM:0.07,right,tm_lineups
tm:166584,Микита Полюлях,MF,CM,CDM:0.11;CAM:0.05,right,tm_lineups
tm:166647,Арман Елла,FW,LW,CAM:0.19;CM:0.19;ST:0.09,left,tm_lineups
tm:132999,Іван Рогач,DF,CB,,right,tm_lineups
tm:271513,Віталій Тимофієнко,MF,RM,RB:0.06;CAM:0.04;LM:0.04,both,tm_lineups
tm:272903,Владислав Гевлич,DF,RB,RM:0.3;CM:0.15,right,tm_lineups
tm:98821,Андрій Савченко,DF,LB,,,tm_lineups
tm:293106,Георгій Копаліані,GK,GK,,,tm_lineups
tm:297009,Олег Крамаренко,FW,RW,RB:0.5,right,tm_lineups
tm:297765,Сергій Каретник,MF,CAM,CDM:0.37;CM:0.24,right,tm_lineups
tm:321308,Дмитро Литвиненко,FW,ST,,right,tm_lineups
tm:322915,Юрій Павлик,DF,RB,RM:0.44;LM:0.11,right,tm_lineups
tm:323664,Тарас Червонецький,MF,LM,RB:0.33;LB:0.25,left,tm_lineups
tm:325801,Олексій Тищенко,MF,CB,,right,tm_lineups
tm:85949,Ігор Шуховцев,GK,GK,,right,tm_lineups
tm:24004,Сергій Долганський,GK,GK,,right,tm_lineups
tm:14945,Андрій Воробєй,FW,ST,,right,tm_main
tm:24061,Сергій Валяєв,MF,CM,,right,tm_main
tm:34771,Олександр Косирін,FW,ST,,right,tm_main
tm:26267,Фернандіньйо,MF,CDM,CM:0.21;CB:0.11,right,tm_lineups
tm:49022,Віталій Руденко,GK,GK,,right,tm_main
tm:14927,Олексій Бєлік,FW,ST,,both,tm_main
tm:14940,Разван Рац,DF,LB,,left,tm_lineups
tm:42621,Віталі Бордіян,DF,RB,LB:0.45;CB:0.2,both,tm_lineups
tm:8669,Мілан Обрадович,DF,CB,RB:0.25,right,tm_lineups
tm:45196,Тарас Михалик,MF,CB,CDM:0.41,right,tm_lineups
tm:52769,Віллян,MF,LW,RW:0.41;CAM:0.21,right,tm_lineups
tm:29671,Олег Шандрук,DF,CB,,right,tm_main
tm:25823,Віталій Денисов,DF,LB,LM:0.04,left,tm_lineups
tm:59253,Андрій Бойко,DF,CB,,right,tm_main
tm:36934,Іван Мілошевич,DF,CB,,left,tm_lineups
tm:48740,Мілош Нінкович,MF,CAM,RW:0.18;CM:0.12;LW:0.12,right,tm_lineups
tm:55735,Генріх Мхітарян,FW,CM,CAM:0.27;RW:0.19;LW:0.14,both,tm_lineups
tm:59060,Олександр Іващенко,FW,ST,,both,tm_lineups
tm:9796,Олександр Алієв,MF,CAM,LW:0.29;CM:0.16;RW:0.1,both,tm_lineups
tm:18445,Бетао,DF,CB,RB:0.31,right,tm_lineups
tm:43934,Йонуц Мазілу,FW,ST,,left,tm_main
tm:94926,Олександр Кас'ян,FW,ST,,both,tm_lineups
tm:91365,Андрій Воронков,FW,ST,,right,tm_main
tm:59265,Сергій Ференчак,MF,CM,,right,tm_main
tm:85973,Андрій Гринченко,DF,LM,,left,tm_lineups
tm:35633,Іржі Єслінек,MF,RW,,right,tm_main
tm:34641,Даріян Матич,MF,CDM,,right,tm_lineups
tm:89427,Євген Пічкур,MF,LM,,left,tm_lineups
tm:36732,Драман Траоре,FW,ST,,left,tm_main
tm:74843,Віталій Іванко,FW,LW,ST:0.21,both,tm_lineups
tm:9369,Айоделе Аделеє,DF,CB,,left,tm_lineups
tm:134609,Микола Гібалюк,DF,RB,,,tm_main
tm:105534,Артур Каськов,FW,ST,,both,tm_lineups
tm:26303,Мартін Богатінов,GK,GK,,right,tm_lineups
tm:72899,Олександр Ситник,MF,RM,,right,tm_main
tm:36075,Саша Стевич,MF,CM,,right,tm_main
tm:35259,Валентин Ілієв,DF,CB,,left,tm_main
tm:91540,Артем Штанько,GK,GK,,right,tm_lineups
tm:19721,Горан Попов,DF,LB,CB:0.1,left,tm_lineups
tm:45341,Джордже Флореску,MF,CDM,CM:0.1;CAM:0.05,left,tm_lineups
tm:135172,Ігор Озарків,MF,CDM,,right,tm_lineups
tm:43495,Сергій Пилипчук,FW,LW,,left,tm_main
tm:59277,Дмитро Козаченко,GK,GK,,left,tm_lineups
tm:55338,Віллян,FW,LW,ST:0.26,right,tm_lineups
tm:58954,Євген Пєсков,DF,CB,CDM:0.5,,tm_lineups
tm:66058,Адмір Мехмеді,FW,ST,LW:0.19;RW:0.16;CAM:0.06,right,tm_lineups
tm:73185,Лукас Перес,FW,ST,RW:0.16,left,tm_lineups
tm:18091,Дерек Боатенг,MF,CDM,,,tm_lineups
tm:60129,Боян Малішич,DF,CB,,right,tm_main
tm:65297,Данієл Суботич,FW,ST,,left,tm_lineups
tm:36235,Петар Занев,DF,CB,LB:0.54;LM:0.05,left,tm_lineups
tm:46340,Семір Штилич,MF,CAM,RW:0.1,left,tm_lineups
tm:66472,Бесарт Ібраїмі,FW,ST,LW:0.07,both,tm_lineups
tm:87864,Ашраф Халфауї,MF,CAM,,both,tm_main
tm:95239,Павло Щедраков,DF,CB,CDM:0.38,right,tm_lineups
tm:28922,Тайє Тайво,DF,LB,,left,tm_lineups
tm:30732,Леван Кенія,MF,CAM,,left,tm_lineups
tm:55737,Артур Єдигарян,MF,CM,CAM:0.26;CDM:0.25;ST:0.07,right,tm_lineups
tm:73094,Едуардо Нето,MF,CDM,,left,tm_main
tm:15463,Жорді Лопес,MF,CM,,right,tm_lineups
tm:47165,Сільвіу Ізворану,DF,CB,,left,tm_main
tm:93976,Станіслав Печенкін,MF,CAM,RM:0.43,,tm_lineups
tm:48508,Махач Гаджиєв,MF,LM,RM:0.23;CAM:0.15,both,tm_lineups
tm:121218,Євген Єлісеєв,DF,CB,,right,tm_lineups
tm:179624,Абайомі Сеун,FW,ST,,both,tm_main
tm:1716,Давід Одонкор,FW,RW,,right,tm_main
tm:164247,Степан Гірський,DF,CDM,LB:0.33,right,tm_lineups
tm:13113,Марко Не,MF,CAM,,right,tm_main
tm:16746,Ніко Кранчар,MF,CAM,LM:0.27,both,tm_lineups
tm:92158,Абейку Куанса,MF,CDM,,right,tm_main
tm:30825,Марко Рубен,FW,ST,LW:0.07,right,tm_lineups
tm:44411,Фініньйо,DF,LB,,left,tm_main
tm:223319,Слім Бен Отман,FW,LW,,left,tm_main
tm:62533,Ігор Силантьєв,MF,ST,,right,tm_main
tm:70919,Володимир Бідловський,MF,LM,LB:0.35,left,tm_lineups
tm:3978,Светослав Тодоров,FW,ST,,right,tm_main
tm:19819,Раффаел,FW,ST,,right,tm_lineups
tm:241163,Леонардо,FW,LW,CAM:0.24;RW:0.07,right,tm_lineups
tm:55763,Іван Лєтава,FW,ST,,both,tm_main
tm:119433,Артак Єдигарян,MF,LM,CDM:0.21;LB:0.12;RB:0.12,right,tm_lineups
tm:78733,Кирило Сидоренко,DF,CB,CDM:0.12,right,tm_lineups
tm:211314,Денис Барвінко,DF,LB,,left,tm_main
tm:228847,Микола Жовтюк,DF,CB,,right,tm_lineups
tm:59045,Павло Грищенко,MF,CM,,right,tm_lineups
tm:81349,Антоніо Яколіш,FW,RW,RM:0.27;LW:0.1;RB:0.05,right,tm_lineups
tm:124870,Лоренсо Ебесіліо,MF,CAM,CDM:0.23;CM:0.16;LW:0.07,right,tm_lineups
tm:217760,Олексій Казаков,GK,GK,,right,tm_lineups
tm:24038,Єгіше Мелікян,DF,LB,,left,tm_main
tm:24880,Артур,MF,CAM,RW:0.22;CM:0.06,right,tm_lineups
tm:65542,Тіагу Терросу,MF,CDM,CM:0.42;CAM:0.05,left,tm_lineups
tm:99189,Пеле,MF,CDM,CM:0.08,right,tm_lineups
tm:163481,Юрій Глушко,FW,ST,,,tm_main
tm:32306,Якуб Тосік,MF,CDM,,right,tm_lineups
tm:34405,Мілан Пурович,FW,ST,,right,tm_main
tm:60941,Іванс Лук'яновс,FW,LW,RW:0.3;ST:0.3;CAM:0.1,both,tm_lineups
tm:138292,Борис Тащі,FW,ST,CAM:0.34,right,tm_lineups
tm:162952,Гаетано Монакелло,FW,ST,,left,tm_lineups
tm:87663,Максим Скороходов,MF,LM,RM:0.5,,tm_lineups
tm:124160,Андрій Гайдаш,FW,ST,,right,tm_main
tm:249217,Сергій Загідулін,MF,RW,,,tm_lineups
tm:27239,Сімон Вукчевич,FW,RW,CAM:0.24;LW:0.19;ST:0.09,left,tm_lineups
tm:64344,Ігор Варцаба,GK,GK,,right,tm_lineups
tm:38206,Анте Розич,DF,CB,,right,tm_main
tm:42803,Мілан Ілич,DF,CB,,right,tm_main
tm:58980,В'ячеслав Турчанов,MF,CDM,,right,tm_lineups
tm:163809,Олег Білий,DF,RB,CDM:0.36,,tm_lineups
tm:166587,Віталій Квашук,FW,RW,,left,tm_lineups
tm:237655,Віктор Ряшко,MF,CDM,CAM:0.23;CM:0.23,right,tm_lineups
tm:249619,Ігор Бровко,MF,RM,LM:0.23,,tm_lineups
tm:250064,Кирило Нестеренко,MF,CDM,,,tm_main
tm:252778,Валерій Курелех,DF,CB,CDM:0.14,right,tm_lineups
tm:271432,Сергій Курта,,,,right,group
tm:271435,Роберт Мольнар,DF,LB,,both,tm_main
w:1977-01-08:kostishin,Руслан Костишин,MF,MF,,,group
w:1975-05-03:sachko,Василь Сачко,FW,ST,,,group
w:1983-01-16:rusol,Андрій Русол,DF,DF,,,group
w:1977-04-02:koniushenko,Андрій Конюшенко,DF,DF,,,group
w:1977-09-15:sliusar,Валентин Слюсар,MF,MF,,,group
w:1977-06-03:hihiadze,Васіл Гігіадзе,FW,ST,,,group
w:1980-04-15:esin,Дмитро Єсін,MF,MF,,,group
w:1978-11-01:kornev,Андрій Корнєв,MF,MF,,,group
w:1977-03-24:romanenko,Всеволод Романенко,GK,GK,,,group_gk
w:1984-03-19:nevmivaka,Дмитро Невмивака,DF,DF,,,group
w:1976-09-29:shevchenko,Андрій Шевченко,FW,ST,,,group
w:1979-03-07:tlumak,Андрій Тлумак,GK,GK,,,group_gk
w:1978-11-09:markovich,Слободан Маркович,DF,DF,,,group
w:1986-07-22:baranets,Борис Баранець,MF,MF,,,group
w:1976-08-09:velichko,Сергій Величко,GK,GK,,,group_gk
w:1981-01-31:badr,Ель Каддурі Бадр,DF,DF,,,group
w:1979-08-01:djurichich,Саша Джурічич,DF,DF,,,group
w:1980-07-27:batista,Роша Батіста Вільям,FW,ST,,,group
w:1981-01-20:savin,Артем Савін,DF,DF,,,group
w:1981-07-28:leal,Маріо Сержіо,DF,DF,,,group
w:1982-01-01:sibiriakov,Сергій Сібіряков,MF,MF,,,group
w:1985-05-23:panas,Вадим Панас,MF,MF,,,group
w:1985-12-22:kitsuta,Анатолій Кіцута,DF,DF,,,group
w:1985-04-28:kotenko,Іван Котенко,MF,MF,,,group
w:1984-02-03:petrivski,Тарас Петрівський,DF,DF,,,group
w:1981-01-29:pischur,Олександр Пищур,FW,ST,,,group
w:1987-03-19:eremenko,Роман Єременко,MF,MF,,,group
w:1980-12-29:karlos,Корреа Карлос Родріго,MF,MF,,,group
w:1984-05-27:jdanov,Олександр Жданов,DF,DF,,,group
w:1985-11-09:aleksander,Александер Гурулі,FW,ST,,,group
w:1977-11-01:buta,Корнел Бута,DF,DF,,,group
w:1986-10-28:holek,Маріо Голек,MF,MF,,,group
w:1978-04-21:fernandes,Рібейро Фернандес Рікардо,MF,MF,,,group
w:1982-04-15:dos,Жоао Педро,DF,DF,,,group
w:1987-03-14:almeida,Леандро Алмейда,DF,DF,,,group
w:1980-11-25:ivaschenko,Валерій Іващенко,MF,MF,,,group
w:1977-08-27:vorobiov,Дмитро Воробйов,GK,GK,,,group_gk
w:1985-03-15:ilkiv,Ігор Ільків,DF,DF,,,group
w:1983-11-03:aparesido,Перейра де Сантан Вінісіус Апаресідо,MF,MF,,,group
w:1987-05-08:vasilev,Денис Васільєв,DF,DF,,,group
w:1978-07-24:florin,Флорін Шоава,DF,DF,,,group
w:1984-06-21:diakat,Пап Діакате,DF,DF,,,group
w:1985-03-08:lukas,Лукаш Тесак,DF,DF,,,group
w:1988-09-02:semenenko,Артем Семененко,MF,MF,,,group
w:1985-00-00:polevoi,Володимир Польовий,DF,DF,,,group
w:1989-06-01:inkum,Самуель Інкум,DF,DF,,,group
w:1983-00-00:filo,Соарес ла Силва Фильо Жозе,MF,MF,,,group
w:1979-00-00:salhi,Тауфік Салхі,MF,MF,,,group
w:1988-00-00:boiko,Денис Бойко,GK,GK,,,group_gk
w:1988-00-00:lukas,Перес Мартинес Лукас,FW,ST,,,group
w:1984-01-07:kucherenko,Сергій Кучеренко,MF,MF,,,group
w:1985-00-00:kiril,Кирило Сидоренко,DF,DF,,,group
w:1983-12-03:izvoranu,Сільвіу Ізворану,DF,DF,,,group
w:1989-06-09:avelar,Даніло Авелар,MF,MF,,,group
w:1981-00-00:pshenichnih,Сергій Пшеничних,DF,DF,,,group
w:1989-08-03:ado,Даніель Аддо,DF,DF,,,group
w:1982-00-00:shimanek,Войцех Шиманек,DF,DF,,,group
w:1987-09-15:frank,Маду Франк- Олів'є,FW,ST,,,group
w:1985-00-00:shevchenko,В'ячеслав Шевченко,FW,ST,,,group
w:1984-00-00:andres,Сетти Себастьян Андрес,DF,DF,,,group
w:1987-00-00:ribka,Олександр Рибка,GK,GK,,,group_gk
w:1984-03-29:chavdar,Янков Чавдар Кірілов,MF,MF,,,group
w:1990-02-08:shevchuk,Антон Шевчук,MF,MF,,,group
w:1984-00-00:cherednichenko,Ігор Чередниченко,DF,DF,,,group
w:1988-00-00:borha,Гомес Перес Борха (ушёл),DF,DF,,,group
w:1988-00-00:lisenko,Володимир Лисенко,FW,ST,,,group
w:1984-00-00:markos,Пинейро Пиззелли Маркос (ушёл),MF,MF,,,group
w:1987-00-00:ksenz,Павло Ксьонз,MF,MF,,,group
w:1984-00-00:tsihirlash,Ігор Цигирлаш,FW,ST,,,group
w:1989-00-00:sahnevich,Андрій Сахневич,DF,DF,,,group
w:1990-08-24:berezovski,Ігор Березовський,GK,GK,,,group_gk
w:1981-00-00:donets,Андрій Донець,DF,DF,,,group
w:1981-00-00:kabanov,Тарас Кабанов,FW,ST,,,group
w:1989-00-00:beli,Максим Білий,MF,MF,,,group
w:1983-00-00:alvesh,Алвеш да Силва Эдуардо,FW,ST,,,group
w:1991-00-00:artur,Артур Каськов,FW,ST,,,group
w:1991-00-00:balashov,Віталій Балашов,FW,ST,,,group
w:1990-05-27:tsakich,Михайло Цакич,MF,MF,,,group
w:1978-00-00:kazaniuk,Олександр Казанюк,DF,DF,,,group
w:1989-00-00:habovda,Юрій Габовда,FW,ST,,,group
w:1986-00-00:timchenko,Ігор Тимченко,FW,ST,,,group
w:1988-01-29:karkovski,Богдан Карковський,DF,DF,,,group
w:1990-00-00:adi,Фанендо Аді,FW,ST,,,group
w:1986-00-00:shendrik,Антон Шендрик,DF,DF,,,group
w:1985-08-16:leonidov,Олег Леонідов,DF,DF,,,group
w:1982-00-00:kovalchuk,Сергій Ковальчук,MF,MF,,,group
w:1984-00-00:romaniuk,Віталій Романюк,DF,DF,,,group
w:1987-00-00:kralik,Ян Кралік,FW,ST,,,group
w:1983-00-00:jadson,Родригес да Силва Жадсон (ушёл),MF,MF,,,group
w:1989-05-19:tkachov,Сергій Ткачов,MF,MF,,,group
w:1984-00-00:davidov,Сергій Давидов,FW,ST,,,group
w:1982-00-00:enrike,Майя Гоэбер Энрике,MF,MF,,,group
w:1986-00-00:antonov,Олексій Антонов,FW,ST,,,group
w:1988-00-00:lepa,Дмитро Льопа,MF,MF,,,group
w:1991-00-00:turchanov,В'ячеслав Турчанов,MF,MF,,,group
w:1974-00-00:reva,Віталій Рева,GK,GK,,,group_gk
w:1986-00-00:havrish,Віталій Гавриш,MF,MF,,,group
w:1987-06-17:hraf,Іван Граф,DF,DF,,,group
w:1988-00-00:henev,Віктор Генев,DF,DF,,,group
w:1982-00-00:zeinalov,Руслан Зейналов,MF,MF,,,group
w:1976-00-00:zakarliuka,Сергій Закарлюка,MF,MF,,,group
w:1990-00-00:iliuk,Максим Ілюк,FW,ST,,,group
w:1991-00-00:ehor,Єгор Іванов,FW,ST,,,group
w:1990-00-00:kampos,Соуза Кампос Данило (пришёл),MF,MF,,,group
w:1988-00-00:hurski,Андрій Гурський,DF,DF,,,group
w:1989-00-00:mahnovski,Костянтин Махновський,GK,GK,,,group_gk
w:1992-00-00:alimi,Джаміу Алімі,DF,DF,,,group
w:1981-00-00:jelko,Желько Любенович,MF,MF,,,group
w:1990-02-04:tolstiak,Олександр Толстяк,MF,MF,,,group
w:1989-00-00:shelihov,Денис Шеліхов,GK,GK,,,group_gk
w:1991-00-00:bruno,Тромбелли Бруно Ренан,MF,MF,,,group
w:1993-00-00:iakovenko,Юрій Яковенко,FW,ST,,,group
w:1985-12-11:durovski,Маріо Джуровскі,MF,MF,,,group
w:1984-00-00:dimitr,Димитр Макрієв,FW,ST,,,group
w:1987-00-00:nazarenko,Дмитро Назаренко,DF,DF,,,group
w:1984-00-00:dalibor,Далибор Стеванович,MF,MF,,,group
w:1989-00-00:kovalev,Максим Ковальов,DF,DF,,,group
w:1984-00-00:krespo,Крістобаль Маркес,MF,MF,,,group
w:1993-00-00:irakli,Іраклі Месхія,MF,MF,,,group
w:1987-00-00:enrike,Велозо Леонардо Энрике (пришёл),DF,DF,,,group
w:1986-00-00:haruna,Кайта Харуна Сани,MF,MF,,,group
w:1986-00-00:ermak,Олег Єрмак,MF,MF,,,group
w:1985-00-00:erik,Оливейра Перейра Эрик де,FW,ST,,,group
w:1991-00-00:esekel,Пачеко Херман Эсекель (ушёл),FW,ST,,,group
w:1987-00-00:barilko,Сергій Барилко,MF,MF,,,group
w:1987-00-00:kalouda,Любош Калоуда,MF,MF,,,group
w:1979-00-00:kovba,Денис Ковба,MF,MF,,,group
w:1984-00-00:muhovikov,Антон Муховиков,MF,MF,,,group
w:1987-00-00:protich,Радош Протич,DF,DF,,,group
w:1986-00-00:bolohan,Вадим Болохан,DF,DF,,,group
w:1989-00-00:voronkov,Андрій Воронков,FW,ST,,,group
w:1985-00-00:kink,Тармо Кінк,FW,ST,,,group
w:1990-00-00:miroslav,Мирослав Славов,FW,ST,,,group
w:1986-00-00:barishich,Йосип Барішич,FW,ST,,,group
w:1984-00-00:djimi,Дуглас Франса Джимми (ушёл),FW,ST,,,group
w:1984-00-00:solianik,Руслан Соляник,MF,MF,,,group
w:1986-00-00:dopilka,Олег Допілка,DF,DF,,,group
w:1982-00-00:osipenko,Дмитро Осипенко,FW,ST,,,group
w:1982-00-00:lozinski,Євген Лозинський,DF,DF,,,group
w:1988-00-00:hoshkoderia,Віталій Гошкодеря,MF,MF,,,group
w:1989-00-00:zaharevich,Ярослав Захаревич,MF,MF,,,group
w:1981-00-00:pischur,Олександр Пищур,FW,ST,,,group
w:1991-00-00:cheremisin,Олексій Черемісін,DF,DF,,,group
w:1991-00-00:abdulvahid,Абдулвахід Афолабі,FW,ST,,,group
w:1983-00-00:arbi,Арури Мохаммед Арби (ушёл),DF,DF,,,group
w:1990-07-16:pohoreltsev,Роллан Погорельцев,DF,DF,,,group
w:1987-00-00:david,Давид Янчик,FW,ST,,,group
w:1981-00-00:dino,Діно Дрпич,DF,DF,,,group
w:1984-00-00:romanchuk,Олександр Романчук,DF,DF,,,group
w:1991-00-00:batischev,Олександр Батищев,MF,MF,,,group
w:1986-00-00:kravchenko,Костянтин Кравченко,MF,MF,,,group
w:1990-00-00:eremenko,Дмитро Єрьоменко,MF,MF,,,group
w:1993-00-00:kiril,Кирило Ковалець,MF,MF,,,group
w:1988-00-00:andre,Террозу Тьягу Андре Рамуш (пришёл),MF,MF,,,group
w:1983-00-00:hodvin,Самсон Годвін,MF,MF,,,group
w:1980-00-00:smirnov,Дмитро Смирнов,MF,MF,,,group
w:1990-00-00:mihalev,Ілля Михальов,MF,MF,,,group
w:1988-00-00:bobuh,Артем Бобух,DF,DF,,,group
w:1986-00-00:besart,Бесарт Ібраїмі,FW,ST,,,group
w:1990-00-00:frank,Франк Теміле,MF,MF,,,group
w:1980-00-00:matiuhin,Сергій Матюхін,DF,DF,,,group
w:1989-00-00:akimov,В'ячеслав Акімов,MF,MF,,,group
w:1991-00-00:juk,Василь Жук,MF,MF,,,group
w:1991-00-00:kravchenko,Антон Кравченко,DF,DF,,,group
w:1989-00-00:kichak,Артем Кичак,GK,GK,,,group_gk
w:1986-00-00:lavreniuk,Максим Лавренюк,GK,GK,,,group_gk
w:1989-00-00:ritvar,Рітварс Ругінс,MF,MF,,,group
w:1990-00-00:budnik,Євген Будник,MF,MF,,,group
w:1994-00-00:azatski,Олександр Азацький,DF,DF,,,group
w:1989-00-00:tistik,Ігор Тистик,DF,DF,,,group
w:1980-00-00:batista,Вільям Батіста,FW,ST,,,group
w:1987-00-00:kohut,Богдан Когут,GK,GK,,,group_gk
w:1992-00-00:emelianov,Роман Ємельянов,MF,MF,,,group
w:1985-00-00:rojok,Сергій Рожок,MF,MF,,,group
w:1986-00-00:kremenchutski,Максим Кременчуцький,MF,MF,,,group
w:1976-08-17:zakarliuka,Сергій Закарлюка,MF,MF,,,group
w:1975-01-02:vaschuk,Владислав Ващук,DF,DF,,,group
w:1978-05-06:rikun,Олександр Рикун,MF,MF,,,group
w:1975-02-07:medvedev,Геннадій Медведєв,DF,DF,,,group
w:1979-02-28:nesmachni,Андрій Несмачний,DF,DF,,,group
w:1979-02-10:tkachenko,Сергій Ткаченко,MF,MF,,,group
w:1974-06-14:maksimiuk,Роман Максимюк,MF,MF,,,group
w:1980-04-12:andrenko,Денис Андрієнко,DF,DF,,,group
w:1980-03-21:matiuhin,Сергій Матюхін,DF,DF,,,group
w:1981-08-20:danilovski,Сергій Даниловський,MF,MF,,,group
w:1981-12-12:harison,Омоко Оровіанор Гаррісон,DF,DF,,,group
w:1972-03-03:kovaliuk,Володимир Ковалюк,MF,MF,,,group
w:1980-10-05:kashevski,Мікалай Кашевський,MF,MF,,,group
w:1981-06-18:hioane,Тіберіу Гіоане,MF,MF,,,group
w:1980-05-16:melnik,Вадим Мельник,FW,ST,,,group
w:1983-10-05:jadson,Родрігес да Сільва Жадсон,MF,MF,,,group
w:1981-11-19:pshenichnih,Сергій Пшеничних,DF,DF,,,group
w:1977-11-08:mazurenko,Олег Мазуренко,MF,MF,,,group
w:1980-08-11:melnik,Віктор Мельник,MF,MF,,,group
w:1980-09-10:danilav,Аляксандр Данілав,MF,MF,,,group
w:1982-07-06:motuz,Сергій Мотуз,MF,MF,,,group
w:1985-02-24:iatsenko,Олександр Яценко,DF,DF,,,group
w:1981-07-02:anderson,Рібейро Андерсон Мендес,FW,ST,,,group
w:1979-09-14:kozoriz,Іван Козоріз,MF,MF,,,group
w:1982-02-12:ahahova,Джуліус Агахова,FW,ST,,,group
w:1985-02-15:chuchman,Ігор Чучман,DF,DF,,,group
w:1984-03-10:tsiharav,Ян Тігорєв,DF,DF,,,group
w:1980-11-10:lutsenko,Євген Луценко,MF,MF,,,group
w:1982-02-07:lozinski,Євгеній Лозінський,DF,DF,,,group
w:1975-02-03:stoiko,Дмитро Стойко,GK,GK,,,group_gk
w:1982-09-10:bredun,Євген Бредун,MF,MF,,,group
w:1984-02-09:eschenko,Андрій Єщенко,DF,DF,,,group
w:1982-08-27:sheveliuhin,Олександр Шевелюхін,DF,DF,,,group
w:1977-10-27:ostapenko,Олег Остапенко,GK,GK,,,group_gk
w:1989-04-27:bili,Максим Білий,FW,ST,,,group
w:1984-04-30:karamushka,Олег Карамушка,DF,DF,,,group
w:1981-01-03:donets,Андрій Донець,DF,DF,,,group
w:1986-10-16:alozi,Міхаель Алозі,FW,ST,,,group
w:1986-08-15:bolohan,Вадим Болохан,DF,DF,,,group
w:1983-07-20:bito,Сендлей Біто,FW,ST,,,group
w:1988-11-12:chesnakov,Володимир Чеснаков,DF,DF,,,group
w:1979-01-25:semochko,Дмитро Семочко,DF,DF,,,group
w:1977-09-17:husev,Ролан Гусєв,MF,MF,,,group
w:1985-04-25:rojok,Сергій Рожок,MF,MF,,,group
w:1986-02-25:zborovski,Андрій Зборовський,MF,MF,,,group
w:1983-01-09:danel,Феррейра Осмар Даніель,MF,MF,,,group
w:1986-02-28:avelino,Жажа,FW,ST,,,group
w:1981-02-02:chiprian,Чіпріан Тенасе,FW,ST,,,group
w:1982-05-17:haiduchek,Павел Хайдучек,MF,MF,,,group
w:1983-07-18:djihani,Паріт Джіхані,MF,MF,,,group
w:1984-04-08:nemania,Неманья Тубич,DF,DF,,,group
w:1980-01-05:voinarovski,Роман Войнаровський,MF,MF,,,group
w:1978-06-11:stepanov,Андрій Степанов,DF,DF,,,group
w:1978-09-08:mantas,Мантас Самусіовас,DF,DF,,,group
w:1986-01-16:timchenko,Ігор Тимченко,FW,ST,,,group
w:1984-02-24:tsihirlash,Ігор Цигирлаш,FW,ST,,,group
w:1979-08-21:salhi,Салхі Тауфік,MF,MF,,,group
w:1987-06-18:marselo,Морено Мартінс Марсело,FW,ST,,,group
w:1984-02-28:kalonas,Міндаугас Калонас,FW,ST,,,group
w:1979-05-10:maruschak,Мар'ян Марущак,GK,GK,,,group_gk
w:1985-06-13:alenkor,Де Ліма Герсон Аленкор Жуніо,MF,MF,,,group
w:1987-03-22:jeniuh,Олег Женюх,MF,MF,,,group
w:1978-11-09:miroshnichenko,Артем Мірошниченко,MF,MF,,,group
w:1980-04-19:harmash,Денис Гармаш,MF,MF,,,group
w:1989-11-21:kiva,Андрій Ківа,MF,MF,,,group
w:1983-03-03:tarasenko,Євген Тарасенко,DF,DF,,,group
w:1980-10-06:nudni,Сергій Нудний,MF,MF,,,group
w:1976-02-23:sokorenko,Олександр Сокоренко,GK,GK,,,group_gk
w:1985-03-13:alsides,Мендес де Арауйо Алв Алсідес Едуардо,DF,DF,,,group
w:1989-10-03:habedava,Гіоргі Габедава,FW,ST,,,group
w:1988-08-06:karaush,Васіле Карауш,MF,MF,,,group
w:1985-01-01:hololobov,Дмитро Гололобов,DF,DF,,,group
w:1984-03-28:kultishev,Артем Култишев,MF,MF,,,group
w:1989-11-20:artak,Артак Дашян,MF,MF,,,group
w:1989-07-06:nasibulin,Владислав Насібулін,MF,MF,,,group
w:1985-04-05:emanuel,Морейра Сільва Фабіо Емануель,MF,MF,,,group
w:1989-09-24:zaharevich,Ярослав Захаревич,MF,MF,,,group
w:1988-10-14:djenison,Пьячентіні де Куадра Дженісон,MF,MF,,,group
w:1985-12-12:ndoe,Ісса Ндоє,GK,GK,,,group_gk
w:1983-05-13:arbi,Арурі Мохамед Арбі,DF,DF,,,group
w:1988-10-22:hilerme,Мільомем Гусмао Гіл'єрме,FW,ST,,,group
w:1982-10-16:veremko,Сергій Веремко,GK,GK,,,group_gk
w:1991-04-17:polischuk,Олег Поліщук,MF,MF,,,group
w:1981-06-17:paraskiv,Сорін Парасків,MF,MF,,,group
w:1982-12-12:asipenka,Дмитро Осипенко,FW,ST,,,group
w:1983-10-19:dimitri,Дімітрі Татанашвілі,FW,ST,,,group
w:1978-08-30:homutovski,Василь Хомутовський,GK,GK,,,group_gk
w:1988-08-29:pleshakov,Юрій Плешаков,FW,ST,,,group
w:1983-03-08:alehandre,Сільва Клейтон Алехандре Енріке,MF,MF,,,group
w:1990-10-10:fanendo,Фанендо Аді,FW,ST,,,group
w:1986-03-05:kostiuk,Сергій Костюк,MF,MF,,,group
w:1988-08-17:beka,Бека Гоцірідзе,MF,MF,,,group
w:1984-07-29:oleksandru,Олександру Оніка,MF,MF,,,group
w:1985-11-24:fabiano,Фабіано,FW,ST,,,group
w:1984-12-28:piskun,Владислав Піскун,DF,DF,,,group
w:1988-05-14:borha,Гомес Перес Борха,DF,DF,,,group
w:1980-10-02:andrade,Де Андраде Тейшейра Філіпе,MF,MF,,,group
w:1989-09-05:kablash,Олександр Каблаш,FW,ST,,,group
w:1984-08-14:luksha,Вітаутас Лукша,MF,MF,,,group
w:1987-11-08:leshko,Павло Лешко,DF,DF,,,group
w:1986-05-02:haruna,Кайта Харуна Сані,MF,MF,,,group
w:1985-05-21:lisovi,Максим Лісовий,DF,DF,,,group
w:1979-06-04:adrian,Няга Адріан Константін,FW,ST,,,group
w:1984-01-17:rachich,Стеван Рачич,FW,ST,,,group
w:1990-06-30:bertohlio,Факундо Бертольйо,MF,MF,,,group
w:1987-07-05:skepski,Денис Скепський,MF,MF,,,group
w:1984-06-20:muhovikov,Антон Муховиков,MF,MF,,,group
w:1989-01-26:meporia,Іка Мепорія,MF,MF,,,group
w:1989-02-17:sirik,Артур Сірик,FW,ST,,,group
w:1988-12-24:luhachov,Єгор Лугачов,MF,MF,,,group
w:1984-04-15:aleisho,Леонардо,FW,ST,,,group
w:1986-02-27:karpovich,Максим Карпович,MF,MF,,,group
w:1990-09-27:andre,Рібейро де Соуза Андре Феліпе,FW,ST,,,group
w:1990-08-17:diakiv,Ростислав Дяків,FW,ST,,,group
w:1988-02-24:matia,Матія Шпичич,MF,MF,,,group
w:1982-06-25:aleksandar,Младенов Александар Стойчев,DF,DF,,,group
w:1989-01-02:sahaidak,Андрій Сагайдак,DF,DF,,,group
w:1988-11-06:davidov,Кирило Давидов,MF,MF,,,group
w:1984-12-21:alberto,Констанціа Тіаго Альберто,MF,MF,,,group
w:1989-02-13:batista,Дос Сантос Батіста Джеферсон Дуглас,MF,MF,,,group
w:1979-03-14:ramovich,Сід Рамовіч,GK,GK,,,group_gk
w:1991-07-28:lukash,Лукаш Штетіна,DF,DF,,,group
w:1989-10-03:butenin,Артем Бутенін,DF,DF,,,group
w:1983-03-25:enrike,Рівас Лопес Нельсон Енріке,DF,DF,,,group
w:1991-03-02:kisli,Микита Кислий,FW,ST,,,group
w:1990-02-21:shumilin,Сергій Шумілін,FW,ST,,,group
w:1989-05-27:tistik,Ігор Тістик,DF,DF,,,group
w:1991-10-25:moisenko,Олексій Моісеєнко,FW,ST,,,group
w:1991-01-18:spichka,Іван Спичка,MF,MF,,,group
w:1984-11-18:jdankov,Дмитро Жданков,GK,GK,,,group_gk
w:1988-09-12:adeni,Айодежі Аденії Браун,DF,DF,,,group
w:1991-04-19:bruno,Тромбеллі Бруно Ренан,MF,MF,,,group
w:1971-05-27:chijevski,Олександр Чижевський,DF,DF,,,group
w:1976-01-13:shischenko,Сергій Шищенко,MF,MF,,,group
w:1975-02-23:zotov,Олександр Зотов,MF,MF,,,group
w:1977-01-15:platonov,Валентин Платонов,MF,MF,,,group
w:1975-04-02:esin,Сергій Єсін,DF,DF,,,group
w:1978-12-13:melaschenko,Олександр Мелащенко,FW,ST,,,group
w:1979-07-15:bilozor,Сергій Білозор,DF,DF,,,group
w:1978-01-09:ivanov,Олексій Іванов,MF,MF,,,group
w:1976-06-04:kernozenko,В'ячеслав Кернозенко,GK,GK,,,group_gk
w:1976-08-20:demchenko,Андрій Демченко,MF,MF,,,group
w:1976-03-11:hranovski,Олександр Грановський,DF,DF,,,group
w:1978-06-15:shopin,Ігор Шопін,MF,MF,,,group
w:1975-11-08:hramtsov,Олексій Храмцов,DF,DF,,,group
w:1978-08-21:braila,Володимир Браіла,MF,MF,,,group
w:1977-11-25:opria,Анатолій Опря,DF,DF,,,group
w:1981-08-02:komarnitski,Віталій Комарницький,DF,DF,,,group
w:1978-08-28:horodov,Олексій Городов,MF,MF,,,group
w:1977-09-24:havriushov,Андрій Гаврюшов,DF,DF,,,group
w:1981-01-04:kirilchik,Павло Кірильчик,MF,MF,,,group
w:1981-11-22:danel,Ганчаржик Северин Даніель,DF,DF,,,group
w:1983-01-31:leviha,Руслан Левига,FW,ST,,,group
w:1983-03-04:ilnitski,Тарас Ільницький,DF,DF,,,group
w:1979-02-15:babich,Олександр Бабич,DF,DF,,,group
w:1986-03-03:hlavina,Деніс Главіна,MF,MF,,,group
w:1979-01-12:andrius,Андрюс Йокшас,MF,MF,,,group
w:1984-10-04:modebadze,Іраклі Модебадзе,FW,ST,,,group
w:1977-09-28:maziar,Володимир Мазяр,FW,ST,,,group
w:1979-08-13:melikian,Єгіше Мелікян,MF,MF,,,group
w:1982-02-02:komaritski,Андрій Комарицький,GK,GK,,,group_gk
w:1983-11-10:hiorhi,Гіоргі Цімакурідзе,MF,MF,,,group
w:1980-08-08:bilikbashi,Доріан Биликбаші,MF,MF,,,group
w:1980-10-18:dos,Жоземар,FW,ST,,,group
w:1980-08-20:djakobia,Лаша Джакобія,FW,ST,,,group
w:1979-10-04:polovkov,Олександр Половков,DF,DF,,,group
w:1981-06-17:venans,Венанс Зезе,FW,ST,,,group
w:1979-01-30:litovchenko,Сергій Літовченко,DF,DF,,,group
w:1985-05-10:vorobei,Дмитро Воробей,FW,ST,,,group
w:1987-04-16:evsev,Євген Євсєєв,DF,DF,,,group
w:1980-01-07:biletski,Максим Білецький,DF,DF,,,group
w:1982-02-11:klimenko,Олександр Клименко,DF,DF,,,group
w:1981-07-20:bidnenko,Руслан Бідненко,MF,MF,,,group
w:1981-03-03:bulku,Ервін Булку,MF,MF,,,group
w:1981-07-06:bondarenko,Володимир Бондаренко,MF,MF,,,group
w:1981-11-13:karakevich,Роман Каракевич,FW,ST,,,group
w:1981-12-13:chamba,Ессола Чамба Пауль Ерве,MF,MF,,,group
w:1981-09-09:eke,Санні Еке,MF,MF,,,group
w:1975-07-25:vinokurov,Винокуров (Деонас) Вадим Володимирович,GK,GK,,,group_gk
w:1980-02-26:olefir,Володимир Олефір,DF,DF,,,group
w:1982-11-18:despotovski,Філіп Деспотовський,MF,MF,,,group
w:1985-06-07:shmakov,Євгеній Шмаков,MF,MF,,,group
w:1979-07-12:onisko,Павло Онисько,FW,ST,,,group
w:1980-10-26:burduli,Владімер Бурдулі,MF,MF,,,group
w:1979-11-27:malihin,Олександр Малигін,DF,DF,,,group
w:1980-11-04:maidana,Васкез Майдана Родріго Себастьян,MF,MF,,,group
w:1985-08-01:trusevich,Максим Трусевич,MF,MF,,,group
w:1980-10-15:hidi,Іслі Хіді,GK,GK,,,group_gk
w:1981-05-19:karpenko,Сергій Карпенко,DF,DF,,,group
w:1979-01-01:sviderski,В'ячеслав Свідерський,DF,DF,,,group
w:1979-05-13:alehandro,Мельо Сільвейра Альваро Алехандро,MF,MF,,,group
w:1985-07-29:djonatan,Майдана Джонатан Рамон,DF,DF,,,group
w:1984-02-22:shiriaev,Євген Ширяєв,GK,GK,,,group_gk
w:1979-09-12:rijih,Сергій Рижих,FW,ST,,,group
w:1980-02-14:boaventura,Вільям Боавентура,DF,DF,,,group
w:1984-06-26:buhaiov,Ігор Бугайов,FW,ST,,,group
w:1991-02-07:balashov,Віталій Балашов,FW,ST,,,group
w:1985-03-14:charlz,Невуче Чарлз Ннаемека,FW,ST,,,group
w:1984-02-01:arakelian,Арарат Аракелян,MF,MF,,,group
w:1987-01-23:kolesnichenko,Сергій Колесниченко,MF,MF,,,group
w:1988-08-16:zavarov,Валерій Заваров,MF,MF,,,group
w:1986-05-17:lima,Северіно,FW,ST,,,group
w:1985-03-12:tovt,Андрій Товт,GK,GK,,,group_gk
w:1989-03-24:fartushniak,Андрій Фартушняк,DF,DF,,,group
w:1982-02-26:fabio,Де Матос Перейра Фабіо,MF,MF,,,group
w:1984-07-31:durai,Тарас Дурай,DF,DF,,,group
w:1983-02-22:darius,Даріус Міцейка,MF,MF,,,group
w:1981-02-22:aurimas,Аурімас Кучис,DF,DF,,,group
w:1984-06-13:alberto,Кастільо Нері Альберто,FW,ST,,,group
w:1986-05-30:juk,Володимир Жук,GK,GK,,,group_gk
w:1989-07-15:bohomazov,Андрій Богомазов,MF,MF,,,group
w:1987-01-19:artomenko,Олександр Артьоменко,DF,DF,,,group
w:1978-12-29:antonenko,Олександр Антоненко,FW,ST,,,group
w:1988-03-31:hrihorik,Андрій Григорик,MF,MF,,,group
w:1986-02-10:kavatsiv,Ярема Каваців,DF,DF,,,group
w:1985-04-17:ivashkevichius,Кестутіс Івашкевічюс,MF,MF,,,group
w:1982-10-11:aholi,Ансі Аголлі,MF,MF,,,group
w:1982-07-25:len,Іван Лень,DF,DF,,,group
w:1985-08-14:huardia,Сауседо Гуардіа Маурісіо,MF,MF,,,group
w:1984-05-27:bobal,Матвій Бобаль,FW,ST,,,group
w:1983-01-12:buriak,Ігор Буряк,DF,DF,,,group
w:1986-05-31:aleksev,Сергій Алексєєв,FW,ST,,,group
w:1986-02-25:hai,Антон Гай,MF,MF,,,group
w:1985-09-29:haushi,Богдан Хауші,DF,DF,,,group
w:1979-02-23:komlonok,Віктор Комльонок,MF,MF,,,group
w:1982-11-25:arinton,Міна Вільялба Аррінтон Нарцісо,FW,ST,,,group
w:1983-03-24:eromenko,Олексій Єрьоменко,FW,ST,,,group
w:1990-03-12:vladov,Дмитро Владов,MF,MF,,,group
w:1988-09-05:iakimenko,Олександр Якименко,MF,MF,,,group
w:1983-04-12:karmalita,Євген Кармаліта,MF,MF,,,group
w:1988-07-29:sikorski,Ігор Сікорський,FW,ST,,,group
w:1988-02-18:hustavo,Пінедо Забала Густаво,MF,MF,,,group
w:1983-12-06:koval,Андрій Коваль,FW,ST,,,group
w:1981-07-16:lisitsin,Євген Лисицин,MF,MF,,,group
w:1987-11-09:kim,Кім Пюнг Рае,MF,MF,,,group
w:1983-09-25:burkhardt,Марцін Буркхардт,MF,MF,,,group
w:1980-05-04:kolesnichenko,Владімірс Колесніченко,MF,MF,,,group
w:1982-10-27:hediminas,Гедімінас Паулаускас,DF,DF,,,group
w:1989-02-05:hovbosha,Дмитро Ховбоша,MF,MF,,,group
w:1988-05-31:furta,Юрій Фурта,FW,ST,,,group
w:1987-05-03:arturs,Артурс Сілагайліс,DF,DF,,,group
w:1983-07-15:malish,Ігор Малиш,MF,MF,,,group
w:1986-11-20:sviridov,Платон Свиридов,MF,MF,,,group
w:1983-06-09:lazarevski,Владе Лазаревський,DF,DF,,,group
w:1988-03-11:andronik,Ігор Андронік,DF,DF,,,group
w:1986-01-25:ponomarov,Олександр Пономарьов,DF,DF,,,group
w:1986-06-13:zeldi,Сергій Зелді,DF,DF,,,group
w:1988-09-04:melnik,Сергій Мельник,DF,DF,,,group
w:1987-03-27:danel,Фредес Ернан Даніель,MF,MF,,,group
w:1987-07-27:sirota,Максим Сирота,MF,MF,,,group
w:1983-02-13:kaschelan,Младен Кашчелан,MF,MF,,,group
w:1984-01-09:fedorenko,Андрій Федоренко,GK,GK,,,group_gk
w:1987-04-06:hvan,Хван Хун Хі,FW,ST,,,group
w:1988-08-30:hurski,Андрій Гурський,DF,DF,,,group
w:1990-06-05:mali,Сергій Малий,DF,DF,,,group
w:1990-05-25:kohman,Андрій Кохман,FW,ST,,,group
w:1983-02-19:julio,Мендес Морейра Жуліо Сезар,DF,DF,,,group
w:1991-03-01:riabi,Руслан Рябий,FW,ST,,,group
w:1988-06-27:bidni,Єгор Бідний,DF,DF,,,group
w:1978-03-07:hudzikevich,Станіслав Гудзікевич,MF,MF,,,group
w:1985-04-01:boiovich,Дарко Бойович,MF,MF,,,group
w:1983-03-29:kalinichenko,Віталій Калініченко,DF,DF,,,group
w:1981-10-25:ilchishin,Андрій Ільчишин,DF,DF,,,group
w:1990-02-12:misko,Павло Місько,FW,ST,,,group
w:1990-08-17:karabaev,Дмитро Карабаєв,MF,MF,,,group
w:1987-08-27:bochkur,Роман Бочкур,DF,DF,,,group
w:1990-01-02:didik,Ігор Дідик,DF,DF,,,group
w:1974-04-25:beno,Юрій Беньо,DF,DF,,,group
w:1974-03-18:hluschenko,Андрій Глущенко,GK,GK,,,group_gk
w:1981-01-23:kabanov,Тарас Кабанов,FW,ST,,,group
w:1976-07-19:radchenko,Олександр Радченко,DF,DF,,,group
w:1979-08-09:hunchak,Руслан Гунчак,MF,MF,,,group
w:1975-02-18:fedorov,Сергій Федоров,DF,DF,,,group
w:1977-08-03:nazarov,Дмитро Назаров,DF,DF,,,group
w:1980-06-16:evaeverson,Лемос да Сільва Еваеверсон,FW,ST,,,group
w:1980-03-23:rojon,Віталій Розгон,DF,DF,,,group
w:1980-05-10:chernat,Флорін Чернат,MF,MF,,,group
w:1978-03-21:venhlinski,Олег Венглінський,FW,ST,,,group
w:1977-01-07:hilazev,Руслан Гілазєв,MF,MF,,,group
w:1979-11-03:kuzniatsov,Сяргей Кузняцов,MF,MF,,,group
w:1977-12-29:cheliadzinski,Артем Челядинський,DF,DF,,,group
w:1979-06-19:koteliuh,Олег Котелюх,DF,DF,,,group
w:1982-08-13:balabanov,Костянтин Балабанов,FW,ST,,,group
w:1978-09-05:hiom,Ібанда Патрік Гійом,MF,MF,,,group
w:1983-06-14:karnilenka,Сяргєй Карнілєнка,FW,ST,,,group
w:1981-06-10:suchkov,Олексій Сучков,MF,MF,,,group
w:1978-03-31:matsei,Налепа Мацей Павел,GK,GK,,,group_gk
w:1978-06-08:sokolenko,Андрій Соколенко,DF,DF,,,group
w:1979-07-06:karitska,Володимир Коритько,MF,MF,,,group
w:1977-06-07:nijehorodov,Геннадій Нижегородов,DF,DF,,,group
w:1978-06-25:raspopov,Андрій Распопов,DF,DF,,,group
w:1981-07-07:kusli,Артем Куслій,GK,GK,,,group_gk
w:1974-03-26:sasha,Саша Тодич,GK,GK,,,group_gk
w:1981-04-18:pankavets,Олексій Панковець,DF,DF,,,group
w:1979-08-04:horan,Горан Саблич,DF,DF,,,group
w:1984-08-08:solianik,Руслан Соляник,MF,MF,,,group
w:1985-01-02:banhura,Ісмаель Бангура,FW,ST,,,group
w:1982-02-23:nefedov,Валентин Нєфьодов,DF,DF,,,group
w:1981-06-24:rajkov,Ігор Рожков,MF,MF,,,group
w:1985-08-29:samborski,Володимир Самборський,DF,DF,,,group
w:1979-03-27:alunderis,Відас Алундеріс,DF,DF,,,group
w:1975-07-25:deonas,Вадим Деонас,GK,GK,,,group_gk
w:1982-02-26:damian,Гіменез Даміан Жоель,DF,DF,,,group
w:1982-08-25:pihur,Олександр Піхур,FW,ST,,,group
w:1979-10-27:drahan,Драган Перішич,DF,DF,,,group
w:1987-12-09:alan,Да Сільва Соуза Алан,MF,MF,,,group
w:1978-10-02:mjavanadze,Кахабер Мжаванадзе,DF,DF,,,group
w:1981-07-18:davidson,Де Олівейра Мораіс Давідсон,DF,DF,,,group
w:1980-07-27:shahoika,Олександр Шагойка,DF,DF,,,group
w:1983-11-30:jankarlos,Де ла Аса Уркуіза Паоло Жанкарлос,FW,ST,,,group
w:1984-02-22:romaniuk,Віталій Романюк,DF,DF,,,group
w:1977-07-16:dikan,Андрій Дикань,GK,GK,,,group_gk
w:1981-09-18:halchuk,Любомир Гальчук,DF,DF,,,group
w:1983-07-27:poltavets,Роман Полтавець,MF,MF,,,group
w:1984-10-19:pivnenko,Сергій Півненко,FW,ST,,,group
w:1983-02-24:erik,Камдем Камдем Ерік,DF,DF,,,group
w:1981-02-28:abdulae,Абдулає Джіре,MF,MF,,,group
w:1987-06-14:baha,Жюль Бага,FW,ST,,,group
w:1982-07-22:lolo,Лоло Ігор Александр,DF,DF,,,group
w:1984-03-15:melkonian,Самвел Мелконян,FW,ST,,,group
w:1986-03-09:ermak,Олег Єрмак,DF,DF,,,group
w:1981-01-09:biahanski,Павло Беганський,FW,ST,,,group
w:1986-02-27:hrinchenko,Микола Грінченко,MF,MF,,,group
w:1986-02-16:anibal,Асеведо Вальтер Анібал,MF,MF,,,group
w:1983-03-02:hordenko,Дмитро Гордієнко,FW,ST,,,group
w:1981-08-04:asatiani,Малхаз Асатіані,MF,MF,,,group
w:1987-03-31:moldovan,Дмитро Молдован,FW,ST,,,group
w:1978-01-04:kazaniuk,Олександр Казанюк,MF,MF,,,group
w:1987-01-23:dankiv,Андрій Даньків,MF,MF,,,group
w:1983-03-05:melnik,Ігор Мельник,FW,ST,,,group
w:1986-02-16:lischuk,Олександр Ліщук,FW,ST,,,group
w:1988-11-24:ribalchenko,Вадим Рибальченко,FW,ST,,,group
w:1983-10-05:mostovi,Артем Мостовий,FW,ST,,,group
w:1978-09-25:dobre,Лучіан Добре,DF,DF,,,group
w:1989-02-09:kostiuk,Василь Костюк,FW,ST,,,group
w:1988-03-16:rad,Андрій Радь,GK,GK,,,group_gk
w:1983-12-19:nikola,Нікола Васілєвич,DF,DF,,,group
w:1985-07-09:ernesto,Вітті Пабло Ернесто,FW,ST,,,group
w:1980-03-21:koziuberda,Сергій Козюберда,MF,MF,,,group
w:1988-05-18:krivi,Максим Кривий,DF,DF,,,group
w:1989-11-04:kechedji,Олександр Кечеджі,FW,ST,,,group
w:1982-10-12:bulichev,Юрій Буличев,MF,MF,,,group
w:1983-09-27:shapiatovski,Віталій Шап'ятовський,FW,ST,,,group
w:1983-07-24:kornutiak,Володимир Корнутяк,DF,DF,,,group
w:1989-11-07:ushakov,Євген Ушаков,FW,ST,,,group
w:1989-02-26:boichenko,Валерій Бойченко,MF,MF,,,group
w:1989-08-29:palamarchuk,Владислав Паламарчук,MF,MF,,,group
w:1989-04-07:hodanovich,Ігор Ходанович,GK,GK,,,group_gk
w:1989-06-04:nahirni,Ігор Нагірний,MF,MF,,,group
w:1984-05-25:lesko,Артур Лесько,GK,GK,,,group_gk
w:1991-02-27:vorobei,Максим Воробєй,MF,MF,,,group
w:1985-05-06:shevchuk,Юрій Шевчук,GK,GK,,,group_gk
w:1979-01-03:korea,Де Олівейра Корреа Рожеріо,DF,DF,,,group
w:1989-02-02:romanov,Руслан Романов,FW,ST,,,group
w:1990-07-15:frank,Франк Теміле,MF,MF,,,group
w:1989-04-10:klimavichius,Лінас Клімавічюс,DF,DF,,,group
w:1981-09-26:kolins,Нгаха Пунгу Колінс Стробель,FW,ST,,,group
w:1985-10-15:deineko,Євген Дейнеко,GK,GK,,,group_gk
w:1980-03-30:butenko,Роман Бутенко,FW,ST,,,group
w:1988-04-03:iahno,Максим Яхно,DF,DF,,,group
w:1984-05-09:prihodko,Сергій Приходько,GK,GK,,,group_gk
w:1988-05-22:jerebtsov,Віталій Жеребцов,FW,ST,,,group
w:1988-09-25:fedota,Дмитро Федота,DF,DF,,,group
w:1989-06-09:iavorski,Тарас Яворський,FW,ST,,,group
w:1972-09-25:mizin,Сергій Мізін,MF,MF,,,group
w:1974-11-21:kirlik,Андрій Кірлік,MF,MF,,,group
w:1975-04-18:poltavets,Валентин Полтавець,MF,MF,,,group
w:1975-05-06:babich,Костянтин Бабич,FW,ST,,,group
w:1973-06-24:tsihmeistruk,Едуард Цихмейструк,MF,MF,,,group
w:1977-06-23:pershin,Олександр Першин,DF,DF,,,group
w:1975-06-18:smirnov,Денис Смірнов,MF,MF,,,group
w:1972-04-03:shutkov,Дмитро Шутков,GK,GK,,,group_gk
w:1974-06-03:rebrov,Сергій Ребров,FW,ST,,,group
w:1973-01-27:bialkevich,Валентин Бялькевич,MF,MF,,,group
w:1974-09-11:parfonov,Дмитро Парфьонов,DF,DF,,,group
w:1978-08-02:havranchich,Горан Гавранчич,DF,DF,,,group
w:1983-11-21:emanuel,Окодува Еммануель Осеї,FW,ST,,,group
w:1976-09-26:demetradze,Георгій Деметрадзе,FW,ST,,,group
w:1980-04-18:dioho,Діого Рінкон,MF,MF,,,group
w:1976-10-11:lapko,Микола Лапко,MF,MF,,,group
w:1979-04-18:tselih,Юрій Целих,FW,ST,,,group
w:1981-08-24:stoian,Денис Стоян,DF,DF,,,group
w:1979-08-31:iarosh,Руслан Ярош,MF,MF,,,group
w:1973-09-29:liubarski,Руслан Любарський,MF,MF,,,group
w:1977-04-09:aleksandru,Александру Поповічі,FW,ST,,,group
w:1978-02-05:bunevchevich,Мирко Буньєвчевич,DF,DF,,,group
w:1977-02-07:shuha,Іван Шуга,DF,DF,,,group
w:1981-02-08:darko,Дарко Дун'їч,MF,MF,,,group
w:1985-10-02:chiprian,Маріка Чіпріан Андрей,FW,ST,,,group
w:1981-01-22:smalko,Андрій Смалько,MF,MF,,,group
w:1983-08-12:djakomase,Де Соуза Фрейтас Клебер Джакомасе,FW,ST,,,group
w:1979-07-19:vukich,Звонимир Вукич,MF,MF,,,group
w:1980-01-21:bratislav,Братислав Рістич,MF,MF,,,group
w:1982-07-22:vishniak,Ярослав Вишняк,DF,DF,,,group
w:1978-08-02:esip,Богдан Єсип,MF,MF,,,group
w:1981-02-02:huvanchmuhamed,Гуванчмухамед Овеков,MF,MF,,,group
w:1980-09-23:hrubelich,Марко Грубеліч,DF,DF,,,group
w:1975-12-07:harchenkojukovski,Вадим Харченко(Жуковський),MF,MF,,,group
w:1980-03-24:laschenkov,Сергій Лащенков,DF,DF,,,group
w:1978-04-26:andres,Мендоса Асеведо Андрес Аугусто,FW,ST,,,group
w:1984-05-11:brovkin,Дмитро Бровкін,FW,ST,,,group
w:1982-02-26:boian,Боян Незірі,DF,DF,,,group
w:1980-06-27:dato,Дато Квірквелія,DF,DF,,,group
w:1975-03-31:snitko,Сергій Снитко,MF,MF,,,group
w:1976-12-22:bundash,Мирослав Бундаш,FW,ST,,,group
w:1984-06-29:hrumich,Мирослав Грумич,FW,ST,,,group
w:1980-08-27:baldaso,Да Коста Родріго Балдассо,DF,DF,,,group
w:1979-04-09:valutsa,Едуард Валуца,DF,DF,,,group
w:1976-09-10:marius,Міту Дан Маріус,MF,MF,,,group
w:1978-09-10:kutarba,Герман Кутарба,MF,MF,,,group
w:1983-01-14:tovkatski,Василь Товкацький,FW,ST,,,group
w:1986-10-28:batalski,Олександр Батальський,FW,ST,,,group
w:1977-06-20:nerius,Неріюс Васіляускас,MF,MF,,,group
w:1974-02-01:lutsenko,Тарас Луценко,GK,GK,,,group_gk
w:1979-11-11:dombrae,Едді Домбрайе,MF,MF,,,group
w:1981-01-20:katalin,Лікіою Каталін Сергіу,FW,ST,,,group
w:1981-09-28:markovich,Мар'ян Маркович,DF,DF,,,group
w:1983-02-28:nvoa,Онєкачі Нвоа,FW,ST,,,group
w:1986-05-31:horbushin,Дмитро Горбушин,MF,MF,,,group
w:1981-06-07:oliveira,Пачеко де Олівейра Сержіо,MF,MF,,,group
w:1983-01-20:artola,Фернандес Артола Даніель,DF,DF,,,group
w:1980-01-03:irmartas,Ірмартас Зельмікас,DF,DF,,,group
w:1986-07-29:kovel,Леонід Ковель,FW,ST,,,group
w:1981-06-02:kirilov,Вадим Кирилов,FW,ST,,,group
w:1983-06-16:buri,Олександр Бурий,FW,ST,,,group
w:1974-02-09:iohan,Круіфф Йохан Йорді,DF,DF,,,group
w:1985-03-14:shvets,Ігор Швець,FW,ST,,,group
w:1983-09-03:petkovich,Ігор Петкович,DF,DF,,,group
w:1985-05-14:joze,Де Соуза Жозе Леандро,DF,DF,,,group
w:1983-08-11:aladashvili,Кахабер Аладашвілі,DF,DF,,,group
w:1983-03-27:henri,Генрі Ндрека,DF,DF,,,group
w:1984-07-14:martsvaladze,Отар Марцваладзе,FW,ST,,,group
w:1979-07-23:audrius,Аудрюс Вейкутіс,DF,DF,,,group
w:1976-07-22:kretov,Анатолій Кретов,MF,MF,,,group
w:1984-02-22:krivoshev,Олексій Кривошеєв,DF,DF,,,group
w:1980-11-15:zaichuk,Владислав Зайчук,DF,DF,,,group
w:1985-07-29:artiuh,Сергій Артюх,FW,ST,,,group
w:1976-10-30:bulut,Ерол Булут,MF,MF,,,group
w:1980-09-20:pisni,Андрій Пісний,FW,ST,,,group
w:1980-10-27:linov,Євген Ліньов,DF,DF,,,group
w:1977-02-07:paulo,Рамос Вог Пауло Сезар,FW,ST,,,group
w:1979-05-30:kutsenko,Андрій Куценко,DF,DF,,,group
w:1984-06-07:kikot,Андрій Кікоть,MF,MF,,,group
w:1981-11-14:ptachik,Олег Птачик,DF,DF,,,group
w:1983-10-10:holoporov,Владислав Голопьоров,FW,ST,,,group
w:1975-10-04:kristiano,Крістіано Лукареллі,FW,ST,,,group
w:1986-07-25:abdulae,Ібрагім Абдулає,FW,ST,,,group
w:1985-06-08:romanenko,Володимир Романенко,MF,MF,,,group
w:1979-12-13:iuritsa,Юріца Пул'їз,DF,DF,,,group
w:1979-08-08:iurevich,Олександр Юревич,DF,DF,,,group
w:1986-09-01:sheptitski,Олег Шептицький,FW,ST,,,group
w:1984-02-23:danishevski,Олександр Данішевський,FW,ST,,,group
w:1983-06-26:ervis,Ервіс Края,DF,DF,,,group
w:1978-08-19:hvozdenovich,Іван Гвозденович,MF,MF,,,group
w:1983-02-16:anderson,Перейра да Сільва Міхаель Андерсон,MF,MF,,,group
w:1982-04-01:arhuedas,Вільямарін Аргуедас Едгар Гаррі,DF,DF,,,group
w:1982-12-11:aleksandar,Александар Стоймірович,MF,MF,,,group
w:1981-02-21:vitoshinski,Андрій Вітошинський,MF,MF,,,group
w:1981-08-31:bakovich,Бранко Бакович,MF,MF,,,group
w:1982-10-01:shkred,Олег Шкред,DF,DF,,,group
w:1981-12-09:babai,Шпетім Бабай,MF,MF,,,group
w:1978-11-14:melnichuk,Андрій Мельничук,GK,GK,,,group_gk
w:1988-04-24:balaj,Балаж Фаркаш,FW,ST,,,group
w:1985-01-20:lutsenko,Роман Луценко,MF,MF,,,group
w:1983-08-05:hisham,Гішам Мадуфі,DF,DF,,,group
w:1984-11-22:diachenko,Сергій Дяченко,MF,MF,,,group
w:1987-03-25:lutsik,Антон Луцик,MF,MF,,,group
w:1980-07-11:ikedia,Піус Ікедія,FW,ST,,,group
w:1982-03-29:davidov,Олег Давидов,DF,DF,,,group
w:1978-10-21:iovanovich,Марко Йованович,FW,ST,,,group
w:1986-07-28:lubenets,Максим Лубенець,FW,ST,,,group
w:1983-01-23:minia,Мінья Попович,MF,MF,,,group
w:1973-07-19:ailton,Гонсалвеш да Сільва Аілтон,FW,ST,,,group
w:1982-06-19:zeinalov,Руслан Зейналов,MF,MF,,,group
w:1983-05-14:fernandes,Хосе Карлос Фернандес,FW,ST,,,group
w:1986-06-26:klimov,Василь Клімов,MF,MF,,,group
w:1984-04-26:kazankov,Віталій Казанков,MF,MF,,,group
w:1979-08-08:lomaia,Георгі Ломая,GK,GK,,,group_gk
w:1989-06-20:omelchenko,Олексій Омельченко,FW,ST,,,group
w:1987-01-11:sahniuk,Григорій Сахнюк,DF,DF,,,group
w:1988-08-01:barishnikov,Євген Баришніков,DF,DF,,,group
w:1984-03-02:lozo,Ігор Лозо,DF,DF,,,group
w:1973-07-13:mihailenko,Дмитро Михайленко,MF,MF,,,group
w:1973-10-13:starostiak,Михайло Старостяк,DF,DF,,,group
w:1977-09-12:zubov,Геннадій Зубов,MF,MF,,,group
w:1975-12-10:dotsenko,Віктор Доценко,DF,DF,,,group
w:1977-02-04:iaksmanitski,Володимир Яксманицький,DF,DF,,,group
w:1979-03-30:timoschuk,Анатолій Тимощук,MF,MF,,,group
w:1972-01-08:nikitin,Андрій Нікітін,GK,GK,,,group_gk
w:1975-01-22:poklonski,Олександр Поклонський,DF,DF,,,group
w:1980-01-15:akopian,Армен Акопян,MF,MF,,,group
w:1974-05-04:virt,Юрій Вірт,GK,GK,,,group_gk
w:1976-02-20:zadorojni,Сергій Задорожний,DF,DF,,,group
w:1975-10-30:maltsev,Олександр Мальцев,DF,DF,,,group
w:1977-08-05:holovko,Андрій Головко,FW,ST,,,group
w:1976-03-24:vetrenikov,Сергій Ветренніков,MF,MF,,,group
w:1977-11-14:olinik,Олексій Олійник,MF,MF,,,group
w:1977-07-08:timchishin,Олег Тимчишин,DF,DF,,,group
w:1980-02-25:honchar,Олександр Гончар,MF,MF,,,group
w:1977-11-03:jura,Сергій Згура,MF,MF,,,group
w:1975-02-28:miterev,Юрій Мітерєв,FW,ST,,,group
w:1979-04-21:kondratiuk,Петро Кондратюк,DF,DF,,,group
w:1980-11-04:akobian,Ара Акобян,FW,ST,,,group
w:1981-11-17:hribanov,Сергій Грибанов,FW,ST,,,group
w:1973-09-13:ostrovski,Андрій Островський,DF,DF,,,group
w:1977-01-24:ivitsa,Івіца Пірич,MF,MF,,,group
w:1980-06-10:franselino,Матузалем,MF,MF,,,group
w:1976-09-12:epurianu,Сергій Епуряну,MF,MF,,,group
w:1978-11-03:dmitrev,Сергій Дмитрієв,DF,DF,,,group
w:1980-09-27:bechiri,Елвін Бечірі,DF,DF,,,group
w:1975-06-12:shutov,Олександр Шутов,MF,MF,,,group
w:1982-10-23:bispo,Дантас Біспо Родольфо,DF,DF,,,group
w:1976-06-22:ibrahimov,Ельдар Ібрагімов,MF,MF,,,group
w:1982-03-12:pohorelov,Іван Погорелов,MF,MF,,,group
w:1982-09-18:boiarintsev,Леонід Бояринцев,DF,DF,,,group
w:1976-11-24:flavius,Стойкан Владімір Флавіус,DF,DF,,,group
w:1979-10-15:maris,Маріс Верпаковськіс,FW,ST,,,group
w:1981-01-04:arsen,Арсен Не,DF,DF,,,group
w:1981-06-14:blumer,Елано,MF,MF,,,group
w:1983-07-10:biurnel,Бюрнель Окана-Стазі,MF,MF,,,group
w:1978-09-15:onischenko,Денис Онищенко,MF,MF,,,group
w:1978-09-16:shevchenko,Олег Шевченко,FW,ST,,,group
w:1981-12-26:kandelaki,Ілля Канделакі,DF,DF,,,group
w:1981-10-24:popov,Володимир Попов,MF,MF,,,group
w:1979-05-22:altman,Геннадій Альтман,GK,GK,,,group_gk
w:1983-11-30:kilikevich,Володимир Кілікевич,MF,MF,,,group
w:1979-01-02:lashankov,Євген Лошанков,MF,MF,,,group
w:1978-03-22:startsev,Вадим Старцев,GK,GK,,,group_gk
w:1982-01-15:chernikov,Володимир Черніков,MF,MF,,,group
w:1979-01-08:pletikosa,Стіпе Плетікоса,GK,GK,,,group_gk
w:1974-01-23:kormiltsev,Сергій Кормильцев,MF,MF,,,group
w:1984-05-20:darko,Дарко Тасевський,MF,MF,,,group
w:1981-08-30:sernetski,Сергій Сернецький,FW,ST,,,group
w:1980-03-09:aristarhov,Максим Арістархов,FW,ST,,,group
w:1977-04-15:brhles,Даріо Брглес,MF,MF,,,group
w:1979-08-13:bledi,Бледі Шкембі,MF,MF,,,group
w:1982-05-06:milian,Мілян Мрдакович,FW,ST,,,group
w:1978-01-30:mirko,Мірко Селак,FW,ST,,,group
w:1977-04-16:vishnevski,В'ячеслав Вишневський,FW,ST,,,group
w:1978-07-10:osipov,Сергій Осіпов,FW,ST,,,group
w:1976-05-16:hroshev,Юрій Грошев,DF,DF,,,group
w:1981-03-28:ribich,Владимир Рібич,MF,MF,,,group
w:1975-02-05:kondakov,Юрій Кондаков,DF,DF,,,group
w:1981-02-15:djordjevich,Славолюб Джорджевич,DF,DF,,,group
w:1986-03-19:aparesido,Леонардо,DF,DF,,,group
w:1982-05-05:perich,Іван Перич,FW,ST,,,group
w:1975-08-25:erve,Ерве Лембі-Нзело,MF,MF,,,group
w:1979-03-01:hbenha,Окуново Гбенга Самуель,DF,DF,,,group
w:1982-12-21:onischenko,Олег Онищенко,MF,MF,,,group
w:1986-10-24:chelidze,Георге Челідзе,FW,ST,,,group
w:1979-02-03:babak,Олександр Бабак,GK,GK,,,group_gk
w:1984-09-19:aristid,Арістід Бансе,FW,ST,,,group
w:1979-08-15:akobian,Арам Акобян,FW,ST,,,group
w:1985-08-20:jura,Олександр Згура,MF,MF,,,group
w:1988-09-29:diop,Серіні Діоп,FW,ST,,,group
w:1982-01-28:sasha,Саша Ціліншек,DF,DF,,,group
w:1979-09-01:shashiashvili,Георгій Шашіашвілі,DF,DF,,,group
w:1983-06-12:kaniuk,Андрій Канюк,DF,DF,,,group
w:1983-12-16:dancho,Данчо Масев,MF,MF,,,group
w:1985-10-03:salatin,Вадим Салатін,DF,DF,,,group
w:1983-01-20:miroslav,Мирослав Ріканович,FW,ST,,,group
w:1982-02-05:ivoso,Патрік Івоссо,DF,DF,,,group
w:1978-07-01:amor,Амор Дербаль,DF,DF,,,group
w:1978-04-12:dias,Рібейро Флавіо Діас,FW,ST,,,group
w:1982-02-06:zelenbaba,Владимир Зеленбаба,MF,MF,,,group
w:1980-11-24:ronald,Рональд Шіклич,MF,MF,,,group
w:1979-02-28:aleksandru,Голбан Александру Георге,FW,ST,,,group
w:1987-01-06:kucherenko,Іван Кучеренко,MF,MF,,,group
w:1985-08-09:dudnik,Ігор Дудник,DF,DF,,,group
w:1984-12-31:demba,Демба Туре,FW,ST,,,group
w:1989-02-07:svorak,Ярослав Сворак,MF,MF,,,group
w:1982-08-12:marko,Марко Мілованович,DF,DF,,,group
w:1985-01-14:papush,Олександр Папуш,MF,MF,,,group
w:1986-03-09:bebeindei,Руді Бебей-Ндей,FW,ST,,,group
w:1988-10-04:borsh,Руслан Борш,FW,ST,,,group
w:1986-01-04:svitlichni,Роман Світличний,MF,MF,,,group
w:1984-12-15:davit,Давіт Імедашвілі,DF,DF,,,group
w:1988-10-04:barabadze,Реваз Барабадзе,FW,ST,,,group
w:1981-01-26:almir,Алмір Сулейманович,MF,MF,,,group
w:1976-08-27:andrian,Андріан Богдан,GK,GK,,,group_gk
w:1979-08-24:aimen,Аймен Бушюа,FW,ST,,,group
w:1984-07-06:bobilev,Володимир Бобилєв,MF,MF,,,group
w:1987-09-14:nazarenko,Дмитро Назаренко,DF,DF,,,group
w:1985-11-28:patiak,Олег Патяк,MF,MF,,,group
w:1985-07-04:popov,Андрій Попов,MF,MF,,,group
w:1977-10-28:haev,Володимир Гаєв,GK,GK,,,group_gk
w:1988-05-15:shavrin,Вадим Шаврін,FW,ST,,,group
w:1982-05-01:orbeladze,Сергі Орбеладзе,DF,DF,,,group
w:1985-05-30:shevchenko,В'ячеслав Шевченко,MF,MF,,,group
w:1977-02-09:adriano,Спадото Адріано Луіс,MF,MF,,,group
w:1987-01-20:ilesku,Денис Ілеску,DF,DF,,,group
w:1986-10-12:kostishin,Віталій Костишин,FW,ST,,,group
w:1987-06-19:kondratiuk,Богдан Кондратюк,DF,DF,,,group
w:1981-09-16:nikitski,Максим Нікитський,FW,ST,,,group
w:1988-02-11:jadan,Артем Жадан,FW,ST,,,group
w:1984-09-20:konovalov,Роман Коновалов,MF,MF,,,group
w:1978-11-12:shaib,Шаїб Туре,DF,DF,,,group
w:1986-02-19:krujilin,Олександр Кружилін,MF,MF,,,group
w:1987-04-18:parhomenko,Сергій Пархоменко,DF,DF,,,group
w:1986-10-04:antoniuk,Дмитро Антонюк,DF,DF,,,group
w:1988-01-13:shibko,Андрій Шибко,DF,DF,,,group
w:1986-03-21:kupalni,Олександр Купальний,GK,GK,,,group_gk
w:1989-02-01:protsiuk,Олександр Процюк,MF,MF,,,group
w:1973-11-19:luchkevich,Ігор Лучкевич,MF,MF,,,group
w:1972-01-06:holovko,Олександр Головко,DF,DF,,,group
w:1971-04-22:popov,Сергій Попов,DF,DF,,,group
w:1973-07-31:kriventsov,Валерій Кривенцов,MF,MF,,,group
w:1970-07-05:rati,Олег Ратій,DF,DF,,,group
w:1972-05-04:medin,Микола Медін,GK,GK,,,group_gk
w:1975-12-18:seleznov,Юрій Селезньов,MF,MF,,,group
w:1975-02-10:dmitrulin,Юрій Дмитрулін,DF,DF,,,group
w:1976-01-16:anikev,Володимир Анікеєв,DF,DF,,,group
w:1972-03-01:konovalov,Сергій Коновалов,MF,MF,,,group
w:1973-01-14:kardash,Василь Кардаш,MF,MF,,,group
w:1971-09-05:nahorniak,Сергій Нагорняк,FW,ST,,,group
w:1972-01-02:haschin,Володимир Гащин,MF,MF,,,group
w:1972-12-19:kuraev,Андрій Кураєв,GK,GK,,,group_gk
w:1974-04-24:honcharenko,Сергій Гончаренко,MF,MF,,,group
w:1976-01-04:spevak,Андрій Спєвак,MF,MF,,,group
w:1968-09-26:dudnik,Юрій Дуднік,MF,MF,,,group
w:1975-09-14:kostiuk,Ігор Костюк,MF,MF,,,group
w:1974-06-01:zaiats,Вадим Заяць,MF,MF,,,group
w:1976-10-04:sapuha,Андрій Сапуга,DF,DF,,,group
w:1973-07-28:blizniuk,Ілля Близнюк,GK,GK,,,group_gk
w:1975-02-17:seleznov,Сергій Селезньов,DF,DF,,,group
w:1975-11-02:osipov,Олексій Осіпов,MF,MF,,,group
w:1974-02-17:homa,Ярослав Хома,MF,MF,,,group
w:1977-10-13:kolchin,Денис Колчін,DF,DF,,,group
w:1974-03-31:nivinski,В'ячеслав Нівінський,DF,DF,,,group
w:1977-01-16:tereschenko,В'ячеслав Терещенко,FW,ST,,,group
w:1979-05-13:oleksenko,Олександр Олексієнко,MF,MF,,,group
w:1979-03-11:ivanov,Пеєв Георгі Іванов,MF,MF,,,group
w:1975-11-21:hurka,Михайло Гурка,MF,MF,,,group
w:1981-10-10:alehbe,Тоні Алегбе,MF,MF,,,group
w:1976-12-08:poliakov,Борис Поляков,DF,DF,,,group
w:1976-02-29:prodan,Ігор Продан,FW,ST,,,group
w:1975-12-18:danel,Даніель Флоря,DF,DF,,,group
w:1974-08-05:pestriakov,Олег Пестряков,MF,MF,,,group
w:1979-04-19:savinov,Олексій Савінов,DF,DF,,,group
w:1977-03-06:kovalchik,Мацей Ковальчик,FW,ST,,,group
w:1978-02-04:aliutse,Маріан Аліуце,MF,MF,,,group
w:1976-10-06:humeniuk,Олександр Гуменюк,GK,GK,,,group_gk
w:1975-04-29:iashkin,Артем Яшкін,MF,MF,,,group
w:1981-02-24:kravchenko,Володимир Кравченко,MF,MF,,,group
w:1976-04-02:hiuzelov,Ігор Гюзелов,DF,DF,,,group
w:1980-04-09:erko,Єрко Леко,MF,MF,,,group
w:1975-02-03:chebotari,Борис Чеботарі,MF,MF,,,group
w:1981-05-16:riahn,Тааві Ряхн,MF,MF,,,group
w:1973-07-18:boshniak,Споменко Бошняк,DF,DF,,,group
w:1976-11-04:hrebenojko,Олександр Гребеножко,FW,ST,,,group
w:1978-12-07:mitich,Саша Митич,FW,ST,,,group
w:1978-08-19:nikitsenka,Сергій Нікітенко,MF,MF,,,group
w:1979-09-06:djudovich,Міодраг Джудович,DF,DF,,,group
w:1977-09-15:voloshin,Микола Волошин,MF,MF,,,group
w:1979-01-29:antoniuk,Олександр Антонюк,DF,DF,,,group
w:1976-11-26:schehlov,Сергій Щеглов,MF,MF,,,group
w:1974-08-07:bairashevski,Роман Байрашевський,GK,GK,,,group_gk
w:1985-12-02:jersh,Роман Жерш,MF,MF,,,group
w:1977-06-30:adev,Магомед Адієв,FW,ST,,,group
w:1981-06-01:uvarov,Олексій Уваров,MF,MF,,,group
w:1978-08-18:meliti,Соф'єн Мелліті,MF,MF,,,group
w:1979-08-25:postolatev,Володимир Постолатьєв,FW,ST,,,group
w:1979-01-28:branislav,Браніслав Круніч,MF,MF,,,group
w:1984-11-28:tretiak,Сергій Третяк,FW,ST,,,group
w:1979-03-23:jolt,Жолт Нодь,FW,ST,,,group
w:1984-01-04:radevich,Сергій Радевич,DF,DF,,,group
w:1974-07-18:petrov,Юрій Петров,FW,ST,,,group
w:1974-03-24:danel,Даніель Кіріце,DF,DF,,,group
w:1985-07-12:karpenko,Максим Карпенко,MF,MF,,,group
w:1975-07-25:varlamov,Євген Варламов,DF,DF,,,group
w:1975-04-02:florin,Пірву Флорін Крістіан,MF,MF,,,group
w:1980-08-06:onikenko,Андрій Оникієнко,GK,GK,,,group_gk
w:1982-05-16:riabih,Андрій Рябих,MF,MF,,,group
w:1978-08-05:berkeuan,Космін Беркеуан,DF,DF,,,group
w:1974-11-23:ihors,Ігорс Корабльовс,DF,DF,,,group
w:1978-08-01:nesteruk,Андрій Нестерук,FW,ST,,,group
w:1976-05-08:konstantin,Константін Шумахер,MF,MF,,,group
w:1976-11-08:hrenko,Юрій Хрієнко,GK,GK,,,group_gk
w:1984-08-02:kovalevski,Антон Ковалевський,MF,MF,,,group
w:1983-10-18:ermolenko,Руслан Єрмоленко,MF,MF,,,group
w:1977-01-17:seihan,Толга Сейхан,DF,DF,,,group
w:1978-10-30:ovsenko,Володимир Овсієнко,GK,GK,,,group_gk
w:1979-03-10:ramazanov,Мурад Рамазанов,MF,MF,,,group
w:1980-01-30:hlushok,Олег Глушок,DF,DF,,,group
w:1979-02-19:mitreski,Ігор Мітреський,DF,DF,,,group
w:1982-10-09:savanchuk,Олександр Саванчук,MF,MF,,,group
w:1983-05-07:lujankov,Олександр Лужанков,FW,ST,,,group
w:1980-05-15:sharaba,Здравко Шараба,DF,DF,,,group
w:1977-09-29:ioan,Мара Іоан Богдан,FW,ST,,,group
w:1982-10-01:aruna,Аруна Бабангіда,FW,ST,,,group
w:1977-12-26:davhulevets,Павло Довгулевець,DF,DF,,,group
w:1978-05-31:malitski,Олександр Маліцький,MF,MF,,,group
w:1977-12-07:andjelkovich,Міодраг Анджелкович,FW,ST,,,group
w:1973-08-13:shtaniuk,Сергій Штанюк,DF,DF,,,group
w:1982-08-20:aleksander,Александер Амісулашвілі,DF,DF,,,group
w:1984-07-26:hanas,Андрій Ханас,DF,DF,,,group
w:1979-01-08:ostroushko,Володимир Остроушко,DF,DF,,,group
w:1986-01-03:morozov,Сергій Морозов,FW,ST,,,group
w:1974-05-05:falemi,Нгассам Нана Фалемі,MF,MF,,,group
w:1979-09-01:danaev,Андрій Данаєв,MF,MF,,,group
w:1980-11-02:panforov,Андрій Панфьоров,MF,MF,,,group
w:1984-02-21:brazeiro,Да Сільва Бразейро Жадер,MF,MF,,,group
w:1984-02-05:chesnauskis,Едгарас Чеснаускіс,MF,MF,,,group
w:1985-06-16:baranov,Іван Баранов,DF,DF,,,group
w:1985-06-08:osmani,Тефік Османі,DF,DF,,,group
w:1973-12-10:liubisha,Любіша Ранкович,DF,DF,,,group
w:1981-09-30:boiko,Дмитро Бойко,FW,ST,,,group
w:1984-09-12:kots,Роман Коц,DF,DF,,,group
w:1980-08-16:ioksimovich,Ігор Йоксімович,MF,MF,,,group
w:1982-06-25:ohanian,Карен Оганян,FW,ST,,,group
w:1981-01-17:stasovski,Олександр Стасовський,DF,DF,,,group
w:1976-01-10:levan,Леван Цкітішвілі,MF,MF,,,group
w:1978-09-02:aleksandar,Томовський Александар Томаш,DF,DF,,,group
w:1981-04-24:prohorov,Федір Прохоров,DF,DF,,,group
w:1985-02-16:bashlai,Андрій Башлай,DF,DF,,,group
w:1982-01-23:bojich,Мілан Божіч,DF,DF,,,group
w:1989-07-12:ribkovski,Павло Рибковський,MF,MF,,,group
w:1985-02-09:kaminski,Василь Камінський,FW,ST,,,group
w:1984-06-18:evlanov,Артем Євланов,MF,MF,,,group
w:1984-09-22:djozef,Джозеф Еїмофе,DF,DF,,,group
w:1977-08-28:kovalenko,Дмитро Коваленко,MF,MF,,,group
w:1982-01-02:vokalchuk,Сергій Вокальчук,GK,GK,,,group_gk
w:1984-01-15:kriuchihin,Сергій Крючихін,DF,DF,,,group
w:1984-01-01:shpak,Сергій Шпак,DF,DF,,,group
w:1989-09-25:maidan,Руслан Майдан,FW,ST,,,group
w:1982-12-06:podrobaha,Анатолій Подробаха,FW,ST,,,group
w:1986-04-17:semiriak,Іван Семиряк,MF,MF,,,group
w:1986-11-02:bondarenko,Михайло Бондаренко,FW,ST,,,group
w:1985-04-01:ochuko,Очуко Оджобо,MF,MF,,,group
w:1980-05-24:ivitsa,Івіца Жулєвич,MF,MF,,,group
w:1977-05-11:alves,Маркос Пауло,MF,MF,,,group
w:1986-04-22:kruhliak,Андрій Кругляк,FW,ST,,,group
w:1984-07-16:pidhaini,Артем Підгайний,DF,DF,,,group
w:1987-06-25:skarlosh,Андрій Скарлош,MF,MF,,,group
w:1974-07-13:florinel,Міря Флорінел Крісті,DF,DF,,,group
w:1980-11-18:artomov,Сергій Артьомов,MF,MF,,,group
w:1978-07-03:barishev,Віктор Баришев,MF,MF,,,group
w:1973-10-26:onopko,Сергій Онопко,MF,MF,,,group
w:1973-08-27:kliuchik,Сергій Ключик,MF,MF,,,group
w:1968-09-05:kovalets,Сергій Ковалець,MF,MF,,,group
w:1972-05-09:kobzar,Віталій Кобзар,MF,MF,,,group
w:1972-10-29:ponomarenko,Володимир Пономаренко,MF,MF,,,group
w:1972-12-11:husin,Андрій Гусін,MF,MF,,,group
w:1975-03-27:moroz,Геннадій Мороз,FW,ST,,,group
w:1976-09-04:makovei,Ігор Маковей,FW,ST,,,group
w:1969-01-21:anenkov,Андрій Анненков,MF,MF,,,group
w:1974-07-13:pushkutsa,Віталій Пушкуца,FW,ST,,,group
w:1972-03-13:volosianko,Микола Волосянко,DF,DF,,,group
w:1975-02-03:zakotiuk,Микола Закотюк,MF,MF,,,group
w:1977-03-15:zubchenko,Андрій Зубченко,MF,MF,,,group
w:1968-12-08:maksimov,Юрій Максимов,MF,MF,,,group
w:1974-10-29:polischuk,Володимир Поліщук,DF,DF,,,group
w:1973-08-30:svistunov,Олександр Свистунов,MF,MF,,,group
w:1976-10-12:baharev,Олексій Бахарєв,MF,MF,,,group
w:1977-09-01:dranov,Сергій Дранов,FW,ST,,,group
w:1975-12-31:shevtsov,Сергій Шевцов,FW,ST,,,group
w:1973-02-21:kovalchuk,Тарас Ковальчук,MF,MF,,,group
w:1978-08-10:kotov,Євген Котов,DF,DF,,,group
w:1979-07-21:skoropad,Павло Скоропад,DF,DF,,,group
w:1979-10-19:chernov,Андрій Чернов,DF,DF,,,group
w:1975-05-10:kudinov,Юрій Кудінов,FW,ST,,,group
w:1979-08-09:danchenko,Юрій Данченко,FW,ST,,,group
w:1974-09-27:oksimets,Андрій Оксимець,DF,DF,,,group
w:1971-07-09:koniushenko,Сергій Конюшенко,DF,DF,,,group
w:1971-01-31:prizetko,Олександр Призетко,MF,MF,,,group
w:1977-07-20:kariaka,Дмитро Каряка,MF,MF,,,group
w:1970-06-23:antonel,Пірву Іонел Антонел,MF,MF,,,group
w:1974-03-28:nikitenko,Юрій Нікітенко,GK,GK,,,group_gk
w:1977-05-03:dainius,Глевецкас Дайнюс Юлюс,DF,DF,,,group
w:1979-10-06:slabishev,Юрій Слабишев,FW,ST,,,group
w:1975-07-25:olinik,Роман Олійник,DF,DF,,,group
w:1971-06-23:djamarauli,Гоча Джамараулі,MF,MF,,,group
w:1979-08-08:hrol,Геннадій Хроль,MF,MF,,,group
w:1977-06-17:matkevich,Анатолій Маткевич,MF,MF,,,group
w:1980-08-08:omelianchuk,Сергій Омельянчук,DF,DF,,,group
w:1980-08-19:stoian,Максим Стоян,DF,DF,,,group
w:1979-03-26:sokolovski,Денис Соколовський,MF,MF,,,group
w:1973-06-22:prudius,Владислав Прудіус,MF,MF,,,group
w:1981-09-10:nakonechni,Микола Наконечний,MF,MF,,,group
w:1979-04-04:kozir,Сергій Козир,MF,MF,,,group
w:1974-10-01:kiriuhin,Олександр Кірюхін,DF,DF,,,group
w:1975-08-26:mischenko,Віталій Міщенко,MF,MF,,,group
w:1982-06-26:draholiuk,Андрій Драголюк,FW,ST,,,group
w:1981-02-21:emako,Сіанкам Емако Ернест,FW,ST,,,group
w:1977-09-13:klimenko,Андрій Клименко,MF,MF,,,group
w:1982-04-08:krohmal,Володимир Крохмаль,DF,DF,,,group
w:1978-01-02:suhomlinov,Владислав Сухомлинов,MF,MF,,,group
w:1980-07-16:dmitruk,Олександр Дмитрук,MF,MF,,,group
w:1975-11-04:marchel,Решітка Марчел Петру,FW,ST,,,group
w:1982-07-13:milosavlevich,Урош Милосавлевич,MF,MF,,,group
w:1979-10-24:morozov,Андрій Морозов,MF,MF,,,group
w:1984-02-09:nazaruk,Сергій Назарук,DF,DF,,,group
w:1979-01-30:brankovich,Сініша Бранкович,MF,MF,,,group
w:1983-05-13:hnehneri,Туре Яя Гнегнері,MF,MF,,,group
w:1979-02-22:litovchak,Роман Литовчак,MF,MF,,,group
w:1975-10-18:donitsa,Юліан Доніца,DF,DF,,,group
w:1977-02-01:sizon,Олег Сизон,DF,DF,,,group
w:1977-10-24:salahovich,Сеад Салахович,FW,ST,,,group
w:1976-12-13:mladenovich,Ненад Младенович,FW,ST,,,group
w:1981-01-05:serhev,Лев Сергеєв,MF,MF,,,group
w:1971-12-02:ionanidze,Зураб Іонанідзе,FW,ST,,,group
w:1969-01-24:zarutski,Олександр Заруцький,DF,DF,,,group
w:1982-12-20:iliashov,Андрій Ільяшов,FW,ST,,,group
w:1984-02-23:nesin,Віталій Несін,FW,ST,,,group
w:1974-01-09:hvostunov,Олександр Хвостунов,DF,DF,,,group
w:1985-05-28:derkach,Андрій Деркач,MF,MF,,,group
w:1971-10-23:lobanovs,Валентінс Лобаньовс,DF,DF,,,group
w:1980-06-15:milan,Мілан Загорац,DF,DF,,,group
w:1975-02-07:datsishin,Віталій Дацишин,MF,MF,,,group
w:1979-07-07:stolitsia,Ілія Столиця,FW,ST,,,group
w:1978-02-24:chetiani,Кахабер Чхетіані,DF,DF,,,group
w:1982-05-23:hromih,Антон Хромих,DF,DF,,,group
w:1980-03-27:djinovich,Ігор Джінович,DF,DF,,,group
w:1973-04-17:kabelski,Сергій Кабельський,DF,DF,,,group
w:1979-11-15:antonio,Перейра Евертон Антоніо,DF,DF,,,group
w:1978-05-27:ian,Ян Золна,GK,GK,,,group_gk
w:1982-05-07:mihailov,Андрій Михайлов,GK,GK,,,group_gk
w:1984-04-09:cherni,Сергій Черній,DF,DF,,,group
w:1973-09-25:chanturia,Грігол Чантурія,GK,GK,,,group_gk
w:1982-05-04:suhina,Євген Сухина,GK,GK,,,group_gk
w:1984-04-24:chuprina,Євгеній Чуприна,MF,MF,,,group
w:1977-12-22:lalatovich,Ненад Лалатович,DF,DF,,,group
w:1983-05-30:hromtsov,Олег Хромцов,FW,ST,,,group
w:1979-06-26:dariush,Новак Марцін Даріуш,DF,DF,,,group
w:1982-06-22:milenkovich,Владимир Міленкович,FW,ST,,,group
w:1977-11-16:andre,Марселіно Консесао Андре Луіз,MF,MF,,,group
w:1983-12-15:kapanisti,Роман Капаністий,FW,ST,,,group
w:1984-09-24:ivanov,Павло Іванов,DF,DF,,,group
w:1974-04-08:horovoi,Борис Горовой,MF,MF,,,group
w:1977-05-18:sandulovich,Владимир Сандулович,DF,DF,,,group
w:1975-03-04:batista,Касеміро Маркус Жоао Батіста,MF,MF,,,group
w:1981-06-30:histev,Сергій Хістєв,DF,DF,,,group
w:1983-01-21:korobkin,Владислав Коробкін,FW,ST,,,group
w:1982-07-19:horkun,Валентин Горкун,FW,ST,,,group
w:1981-08-04:adson,Да Сільва Нері Адсон,MF,MF,,,group
w:1982-12-21:andronik,Валеріу Андронік,FW,ST,,,group
w:1979-11-01:frantsisko,Монтейро да Сільва Марсело Франціско,FW,ST,,,group
w:1974-10-03:ismet,Ісмет Муніші,MF,MF,,,group
w:1975-09-09:solomatin,Андрій Соломатін,MF,MF,,,group
w:1975-05-07:matsiuk,Віктор Мацюк,FW,ST,,,group
w:1983-09-06:shubin,Артем Шубін,MF,MF,,,group
w:1985-03-09:morozov,Олександр Морозов,FW,ST,,,group
w:1977-02-15:dimitrevich,Ігор Дімітрієвич,GK,GK,,,group_gk
w:1982-02-20:ponomarenko,Сергій Пономаренко,FW,ST,,,group
w:1977-05-20:trapachkin,Роман Тропачкін,MF,MF,,,group
w:1985-10-12:hristian,Хрістіян Кіровскі,FW,ST,,,group
w:1979-11-01:savchuk,Владислав Савчук,DF,DF,,,group
w:1985-01-16:polunitski,Олександр Полуницький,DF,DF,,,group
w:1981-05-15:branavitski,Євген Брановицький,DF,DF,,,group
w:1984-10-15:kozerenko,Роман Козеренко,MF,MF,,,group
w:1978-09-05:aleksandar,Александар Недович,MF,MF,,,group
w:1981-07-07:irimia,Крістіан Ірімія,DF,DF,,,group
w:1974-05-21:rade,Раде Тодорович,MF,MF,,,group
w:1981-01-03:levchenko,Сергій Левченко,FW,ST,,,group
w:1982-01-25:orlati,Андрій Орлатий,DF,DF,,,group
w:1984-06-14:kozliuk,Юрій Козлюк,FW,ST,,,group
w:1977-10-04:mor,Едуард Мор,MF,MF,,,group
w:1984-01-19:horbkov,Максим Горбков,FW,ST,,,group
w:1978-12-23:dotsenko,Валерій Доценко,DF,DF,,,group
w:1980-11-11:berbat,Сергій Бербат,FW,ST,,,group
w:1985-01-03:stankevich,Максим Станкевич,DF,DF,,,group
w:1985-01-20:stadnik,Максим Стадник,MF,MF,,,group
w:1974-10-15:matveichik,Артур Матвейчик,MF,MF,,,group
w:1986-04-21:kudlai,Сергій Кудлай,DF,DF,,,group
w:1985-03-09:suspitsin,Дмитро Суспіцин,MF,MF,,,group
w:1975-11-05:hahokidze,Гіоргі Гахокідзе,MF,MF,,,group
w:1983-06-01:musonda,Віктор Мусонда,MF,MF,,,group
w:1984-11-26:pilipchuk,Сергій Пилипчук,FW,ST,,,group
w:1986-11-25:slobodian,Вадим Слободян,MF,MF,,,group
w:1979-05-07:pavlenko,Микола Павленко,GK,GK,,,group_gk
w:1985-07-02:sahno,Сергій Сахно,DF,DF,,,group
w:1981-04-20:dushan,Душан Попович,FW,ST,,,group
w:1981-08-20:antonio,Нанні Роберто Антоніо,FW,ST,,,group
w:1984-02-22:horbanenko,В'ячеслав Горбаненко,MF,MF,,,group
w:1986-12-10:sichov,Віталій Сичов,FW,ST,,,group
w:1985-03-13:chelidze,Лаша Челідзе,DF,DF,,,group
w:1984-04-03:ovramenko,Максим Овраменко,GK,GK,,,group_gk
w:1984-08-10:abliametov,Арсен Абляметов,MF,MF,,,group
w:1984-09-28:tatarintsev,Антон Татарінцев,DF,DF,,,group
w:1981-06-29:katkov,Павло Катков,DF,DF,,,group
w:1983-03-30:solomatin,Олексій Соломатін,FW,ST,,,group
w:1982-01-18:saraiva,Іван,DF,DF,,,group
w:1988-10-12:listopad,Тимофій Листопад,MF,MF,,,group
w:1971-04-18:diriavka,Сергій Дірявка,DF,DF,,,group
w:1967-08-07:haidash,Олександр Гайдаш,FW,ST,,,group
w:1972-01-23:nazarov,Євгеній Назаров,MF,MF,,,group
w:1973-03-11:musolitin,Володимир Мусолітін,FW,ST,,,group
w:1976-01-27:doniushkin,Юрій Донюшкін,DF,DF,,,group
w:1971-09-09:saharov,Костянтин Сахаров,MF,MF,,,group
w:1975-04-24:bohatir,Іван Богатир,MF,MF,,,group
w:1971-03-05:polunin,Андрій Полунін,MF,MF,,,group
w:1976-06-16:rimshin,Євген Римшин,FW,ST,,,group
w:1977-11-01:mitrofanov,Олександр Митрофанов,MF,MF,,,group
w:1963-12-13:fediukov,Олег Федюков,DF,DF,,,group
w:1972-10-08:rusanovski,Роман Русановський,DF,DF,,,group
w:1976-09-03:kotiuk,Андрій Котюк,DF,DF,,,group
w:1975-02-17:lavrinenko,Сергій Лавриненко,DF,DF,,,group
w:1973-10-19:hatskevich,Олександр Хацкевич,MF,MF,,,group
w:1976-04-18:homenko,Ігор Хоменко,DF,DF,,,group
w:1976-03-24:kovalenko,Олександр Коваленко,MF,MF,,,group
w:1971-12-19:iakovenko,Юрій Яковенко,FW,ST,,,group
w:1971-03-04:kovalov,Альберт Ковальов,DF,DF,,,group
w:1969-08-29:stolovitski,Ігор Столовицький,FW,ST,,,group
w:1974-01-23:semchuk,Дмитро Семчук,DF,DF,,,group
w:1972-01-18:mizenko,Олександр Мизенко,FW,ST,,,group
w:1978-08-22:balitski,Віталій Балицький,DF,DF,,,group
w:1974-07-28:schekotilin,Геннадій Щекотилін,MF,MF,,,group
w:1979-10-11:brovchenko,Віктор Бровченко,MF,MF,,,group
w:1978-10-25:cherniak,Сергій Черняк,DF,DF,,,group
w:1971-12-11:shved,Василь Швед,FW,ST,,,group
w:1979-07-11:kosilov,Сергій Косілов,MF,MF,,,group
w:1982-01-20:kovalchuk,Сергій Ковальчук,MF,MF,,,group
w:1980-10-21:teliatnikov,Олексій Телятников,FW,ST,,,group
w:1977-10-03:krivi,Сергій Кривий,MF,MF,,,group
w:1976-05-09:trapaidze,Гоча Трапаідзе,MF,MF,,,group
w:1974-10-11:kril,Ігор Кріль,DF,DF,,,group
w:1980-01-17:monarov,Роман Монарьов,FW,ST,,,group
w:1979-02-25:bodnar,Ласло Боднар,DF,DF,,,group
w:1972-11-18:skachenko,Сергій Скаченко,FW,ST,,,group
w:1977-09-02:kuptsov,Олексій Купцов,DF,DF,,,group
w:1978-11-17:chomahidze,Шота Чомахідзе,MF,MF,,,group
w:1976-09-17:artemenko,Сергій Артеменко,MF,MF,,,group
w:1978-10-10:aniamke,Едвард Аньямке,FW,ST,,,group
w:1969-05-04:parahnevich,Віталій Парахневич,FW,ST,,,group
w:1971-11-19:pavlik,Ігор Павлик,MF,MF,,,group
w:1975-03-01:samoilov,Віталій Самойлов,MF,MF,,,group
w:1978-11-11:shevchuk,Юрій Шевчук,MF,MF,,,group
w:1976-11-14:ahaseid,Гулієв Камаль Агасеїд огли,DF,DF,,,group
w:1979-10-21:miklashevich,Руслан Міклашевич,DF,DF,,,group
w:1978-04-27:katinsus,Валерій Катинсус,DF,DF,,,group
w:1980-08-14:aphazava,Шалва Апхазава,FW,ST,,,group
w:1976-02-14:hohil,Ігор Гогіль,FW,ST,,,group
w:1980-02-14:duarte,Васконцелос Фабіо Дуарте,MF,MF,,,group
w:1978-08-18:kutsi,Павло Куций,DF,DF,,,group
w:1977-02-05:schastlivi,Сергій Щастливий,DF,DF,,,group
w:1979-04-14:alev,Самір Алієв,FW,ST,,,group
w:1980-12-09:tomislav,Томислав Вишевич,DF,DF,,,group
w:1976-08-26:erko,Єрко Мікулич,DF,DF,,,group
w:1970-12-21:komziuk,Ярослав Комзюк,DF,DF,,,group
w:1977-03-26:sahno,Віталій Сахно,MF,MF,,,group
w:1981-12-01:merkado,Пітер Меркадо,MF,MF,,,group
w:1969-07-11:tarahti,Андрій Тарахтій,GK,GK,,,group_gk
w:1978-07-18:martinenko,Андрій Мартиненко,DF,DF,,,group
w:1973-11-30:iovichevich,Ігор Йовічевич,MF,MF,,,group
w:1978-11-20:lavrenti,Лавренті Мікадзе,DF,DF,,,group
w:1977-11-11:androshich,Вальтер Андрошич,DF,DF,,,group
w:1978-03-21:horban,Андрій Горбань,MF,MF,,,group
w:1977-04-04:lanko,Віталій Ланько,MF,MF,,,group
w:1979-10-03:paholiuk,Роман Пахолюк,FW,ST,,,group
w:1973-03-14:pajin,Предраг Пажін,DF,DF,,,group
w:1971-11-17:ahmedov,Тарлан Ахмедов,DF,DF,,,group
w:1980-04-06:petrunia,Максим Петруня,FW,ST,,,group
w:1979-11-14:arman,Арман Карамян,FW,ST,,,group
w:1972-09-05:dobrianski,Андрій Добрянський,MF,MF,,,group
w:1975-10-10:avhustin,Кіріце Августін Едвар,MF,MF,,,group
w:1982-09-11:dedich,Русмін Дедич,DF,DF,,,group
w:1982-09-04:bairamov,Назар Байрамов,MF,MF,,,group
w:1981-02-09:batrachenko,Олександр Батраченко,DF,DF,,,group
w:1981-08-19:esteban,Фронтіні Карлос Естебан,FW,ST,,,group
w:1979-01-30:evmenev,Роман Євменьєв,MF,MF,,,group
w:1977-03-22:nesterenko,Роман Нестеренко,GK,GK,,,group_gk
w:1979-06-14:esinhila,Мозес Есінгіла Молонго,FW,ST,,,group
w:1978-08-20:smishko,Богдан Смішко,DF,DF,,,group
w:1979-01-13:kerimov,Расім Керімов,DF,DF,,,group
w:1976-06-27:pavlovich,Зоран Павлович,MF,MF,,,group
w:1980-09-09:hrishin,Віталій Гришин,MF,MF,,,group
w:1977-04-10:savelev,Олексій Савельєв,MF,MF,,,group
w:1982-07-06:mihashko,Максим Мігашко,DF,DF,,,group
w:1973-03-27:deripapa,Олексій Дерипапа,FW,ST,,,group
w:1979-08-07:homutov,Денис Хомутов,MF,MF,,,group
w:1979-08-04:djahanhir,Гасанзаде Джахангір Алі оглу,GK,GK,,,group_gk
w:1970-09-14:hela,Гела Шекіладзе,DF,DF,,,group
w:1977-07-27:mitin,Сергій Мітін,DF,DF,,,group
w:1981-12-18:berlizev,Максим Берлізєв,MF,MF,,,group
w:1983-11-29:orehov,Олександр Орєхов,DF,DF,,,group
w:1975-09-17:hamza,Ядуллаєв Ільхам Хамза оглу,DF,DF,,,group
w:1975-08-28:senad,Сенад Тігань,FW,ST,,,group
w:1978-04-14:ershov,Сергій Єршов,FW,ST,,,group
w:1978-06-22:firsov,Вадим Фірсов,MF,MF,,,group
w:1973-05-10:hanlar,Гурбанов Махмуд Ханлар оглу,MF,MF,,,group
w:1976-03-18:ihonin,Олексій Ігонін,MF,MF,,,group
w:1979-09-12:vasin,Денис Васін,DF,DF,,,group
w:1978-08-30:aladin,Ісмаїлов Фарух Аладдін огли,MF,MF,,,group
w:1976-08-23:irismetov,Жафар Ірісметов,FW,ST,,,group
w:1979-01-09:marhel,Юрій Мархель,FW,ST,,,group
w:1983-04-02:veprik,Олег Веприк,MF,MF,,,group
w:1981-12-12:chukvudi,Чуквуді Нвогу,FW,ST,,,group
w:1982-09-14:kovhan,Олександр Ковган,FW,ST,,,group
w:1986-02-16:iariuhin,Олексій Ярюхін,MF,MF,,,group
w:1980-10-02:hrihol,Грігол Імедадзе,FW,ST,,,group
w:1982-03-21:fabio,Перейра да Сільва Фабіо,DF,DF,,,group
w:1982-11-17:schepanovich,Вучіна Щепанович,FW,ST,,,group
w:1979-01-22:andrius,Андрюс Бразаускас,FW,ST,,,group
w:1978-03-07:hrischenko,Олексій Грищенко,MF,MF,,,group
w:1984-01-17:slobodian,Михайло Слободян,FW,ST,,,group
w:1976-03-17:arhire,Юліан Архіре,MF,MF,,,group
w:1980-06-28:novikov,Євгені Новіков,FW,ST,,,group
w:1977-08-02:dzenisiuk,Дмитро Денисюк,MF,MF,,,group
w:1982-04-07:branimir,Бранимир Субашич,FW,ST,,,group
w:1981-11-11:komar,Ярослав Комар,MF,MF,,,group
w:1978-07-17:braikovich,Горан Брайкович,MF,MF,,,group
w:1973-05-19:tomash,Цетнарович Пйотр Томаш,FW,ST,,,group
w:1984-10-25:honcharenko,Євген Гончаренко,MF,MF,,,group
w:1981-05-01:kalachov,Тимофій Калачов,MF,MF,,,group
w:1984-03-27:chaban,Сергій Чабан,FW,ST,,,group
w:1980-05-23:korol,Костянтин Король,FW,ST,,,group
w:1974-08-04:kachur,Василь Качур,DF,DF,,,group
w:1979-01-10:alesandro,Алессандро,DF,DF,,,group
w:1986-09-19:mihailov,Сергій Михайлов,MF,MF,,,group
w:1975-10-11:michovich,Владимир Мічович,GK,GK,,,group_gk
w:1975-03-01:djordje,Джордже Інджич,MF,MF,,,group
w:1983-08-14:drabeniuk,Роман Драбенюк,FW,ST,,,group
w:1979-02-16:artemov,Віталій Артемов,DF,DF,,,group
w:1982-12-31:borenovich,Ілія Боренович,FW,ST,,,group
w:1980-09-10:konovalenko,Євгеній Коноваленко,MF,MF,,,group
w:1972-05-17:vasilev,Вадим Васильєв,FW,ST,,,group
w:1979-11-23:suslov,Кирило Суслов,GK,GK,,,group_gk
w:1982-01-06:pinchuk,Дмитро Пінчук,FW,ST,,,group
w:1984-01-05:trefilovski,Дмитро Трефіловський,MF,MF,,,group
w:1977-02-24:ohnenovich,Періца Огнєнович,MF,MF,,,group
w:1981-10-05:alekseis,Алєксейс Колесніковс,MF,MF,,,group
w:1981-10-23:skidan,Ярослав Скидан,MF,MF,,,group
w:1983-08-06:sonin,Олександр Сонін,FW,ST,,,group
w:1986-01-21:stepanov,Роман Степанов,FW,ST,,,group
w:1983-01-18:popko,Олександр Попко,DF,DF,,,group
w:1982-01-22:simonchuk,Володимир Симончук,MF,MF,,,group
w:1975-06-21:kotri,Улікс Котррі,DF,DF,,,group
w:1983-03-08:cheh,Віталій Чех,MF,MF,,,group
w:1984-10-17:chetiani,Звіаді Чхетіані,DF,DF,,,group
w:1986-03-05:kirenko,Ігор Кірієнко,MF,MF,,,group
w:1984-08-19:ivanov,Іван Іванов,MF,MF,,,group
w:1969-08-26:vovchuk,Любомир Вовчук,MF,MF,,,group
w:1972-02-29:palianitsia,Олександр Паляниця,FW,ST,,,group
w:1971-06-21:pokladok,Андрій Покладок,FW,ST,,,group
w:1966-06-09:plotko,Ігор Плотко,MF,MF,,,group
w:1971-09-23:kozar,Геннадій Козар,DF,DF,,,group
w:1970-08-18:matvev,Олег Матвєєв,MF,MF,,,group
w:1968-01-13:strontsitski,Богдан Стронціцький,GK,GK,,,group_gk
w:1972-01-08:atelkin,Сергій Ателькін,FW,ST,,,group
w:1970-08-09:bejenar,Сергій Беженар,DF,DF,,,group
w:1971-09-18:sharan,Володимир Шаран,MF,MF,,,group
w:1970-10-16:mokritski,Юрій Мокрицький,DF,DF,,,group
w:1976-01-26:voskoboinik,Олександр Воскобойник,FW,ST,,,group
w:1973-02-19:huzenko,Андрій Гузенко,MF,MF,,,group
w:1971-11-17:kucher,Олег Кучер,MF,MF,,,group
w:1969-06-21:pets,Роман Пець,DF,DF,,,group
w:1973-08-14:prihodko,Геннадій Приходько,MF,MF,,,group
w:1974-09-09:piatenko,Володимир П'ятенко,DF,DF,,,group
w:1967-01-03:sak,Юрій Сак,DF,DF,,,group
w:1972-09-29:buhai,Сергій Бугай,DF,DF,,,group
w:1966-09-25:topchev,Дмитро Топчієв,MF,MF,,,group
w:1970-09-22:omelchuk,Олександр Омельчук,MF,MF,,,group
w:1970-08-15:pervak,Віталій Первак,DF,DF,,,group
w:1968-12-11:tolochko,Роман Толочко,MF,MF,,,group
w:1973-06-10:kolesnichenko,Віталій Колесніченко,MF,MF,,,group
w:1974-10-12:romanchuk,Руслан Романчук,MF,MF,,,group
w:1978-06-13:kripak,Яків Кріпак,FW,ST,,,group
w:1967-02-16:zub,Роман Зуб,MF,MF,,,group
w:1975-04-16:anischenko,Андрій Аніщенко,DF,DF,,,group
w:1972-10-29:mintenko,Віталій Мінтенко,FW,ST,,,group
w:1979-08-18:molokutsko,Степан Молокуцько,FW,ST,,,group
w:1968-10-25:chuichenko,Сергій Чуйченко,FW,ST,,,group
w:1975-03-31:balanchuk,Сергій Баланчук,DF,DF,,,group
w:1970-10-30:osadchi,Сергій Осадчий,DF,DF,,,group
w:1972-06-15:balatski,Анатолій Балацький,DF,DF,,,group
w:1971-08-02:jilin,Олег Жилін,DF,DF,,,group
w:1970-06-29:rudniak,Дмитро Рудняк,FW,ST,,,group
w:1966-08-01:tsitkin,Володимир Циткін,GK,GK,,,group_gk
w:1972-11-18:holdin,Вадим Гольдін,MF,MF,,,group
w:1974-04-17:borisenko,Сергій Борисенко,FW,ST,,,group
w:1976-01-10:kravchenko,Віктор Кравченко,MF,MF,,,group
w:1976-01-26:chali,Володимир Чалий,MF,MF,,,group
w:1975-08-26:burdin,Олександр Бурдін,MF,MF,,,group
w:1970-06-14:kulik,Костянтин Кулик,MF,MF,,,group
w:1975-08-09:kozakevich,Олександр Козакевич,FW,ST,,,group
w:1977-09-08:bulhakov,Олексій Булгаков,DF,DF,,,group
w:1967-04-27:pilipchuk,Роман Пилипчук,FW,ST,,,group
w:1971-04-08:zubkov,Владислав Зубков,MF,MF,,,group
w:1978-09-13:besarab,Олександр Бессараб,FW,ST,,,group
w:1975-09-11:kostiukov,Сергій Костюков,MF,MF,,,group
w:1979-01-01:kolesnik,Сергій Колесник,MF,MF,,,group
w:1974-08-01:asan,Ассан Ндіайе,DF,DF,,,group
w:1976-12-29:mikuliak,Олександр Микуляк,FW,ST,,,group
w:1978-05-01:isak,Ісаак Окоронкво,DF,DF,,,group
w:1979-03-09:belikov,Віталій Бєліков,MF,MF,,,group
w:1975-05-14:matsihura,Володимир Мацігура,DF,DF,,,group
w:1979-05-28:sanjar,Роман Санжар,MF,MF,,,group
w:1972-02-02:chopik,Тарас Чопик,GK,GK,,,group_gk
w:1977-11-04:jurka,Олег Журка,DF,DF,,,group
w:1973-10-20:boitsan,Олександр Бойцан,DF,DF,,,group
w:1981-06-23:hrebiniuk,Олександр Гребінюк,FW,ST,,,group
w:1980-04-11:taran,Євген Таран,DF,DF,,,group
w:1976-04-03:bohatirov,Сергій Богатирьов,MF,MF,,,group
w:1977-09-10:poliarush,Олег Поляруш,MF,MF,,,group
w:1974-05-08:lemishko,Костянтин Лемішко,DF,DF,,,group
w:1976-02-11:sobkovich,Олександр Собкович,MF,MF,,,group
w:1970-08-08:moroz,Юрій Мороз,DF,DF,,,group
w:1973-06-07:baston,Євген Бастон,FW,ST,,,group
w:1980-08-11:bermudes,Дмитро Бермудес,MF,MF,,,group
w:1982-03-29:karabkin,Ярослав Карабкін,DF,DF,,,group
w:1975-11-18:bobovich,Ігор Бобович,FW,ST,,,group
w:1978-03-24:erohin,Андрій Єрохін,DF,DF,,,group
w:1973-01-31:lozovski,Андрій Лозовський,DF,DF,,,group
w:1975-02-25:zbarah,Микола Збарах,GK,GK,,,group_gk
w:1972-06-02:pophadze,Зураб Попхадзе,DF,DF,,,group
w:1980-08-16:stejkovi,Василь Стежковий,DF,DF,,,group
w:1977-05-11:kovalevski,Войцех Ковалевський,GK,GK,,,group_gk
w:1981-01-07:dodich,Маріо Додич,DF,DF,,,group
w:1976-09-02:bernar,Чутанг Бернар Самуель,MF,MF,,,group
w:1981-01-18:aleksandar,Александар Брджанін,FW,ST,,,group
w:1983-01-11:ivanski,Любомир Іванський,MF,MF,,,group
w:1979-07-03:uchechukvu,Учечукву Увакве,FW,ST,,,group
w:1980-07-22:dushan,Душан Сімич,MF,MF,,,group
w:1980-07-06:shvidakov,Микола Швидаков,MF,MF,,,group
w:1972-02-01:beliakov,Олег Беляков,GK,GK,,,group_gk
w:1969-10-05:opria,Ігор Опря,DF,DF,,,group
w:1982-11-03:vasilev,Сергій Васильєв,MF,MF,,,group
w:1980-08-12:sanin,Анатолій Санін,MF,MF,,,group
w:1978-06-18:oleshko,Олексій Олешко,MF,MF,,,group
w:1983-02-20:kiselov,Віталій Кісельов,MF,MF,,,group
w:1975-05-15:sarkisian,Альберт Саркісян,MF,MF,,,group
w:1979-04-08:aparesido,Толєдо Родріго Апаресідо,FW,ST,,,group
w:1979-04-16:ditkovski,Сергій Дітковський,DF,DF,,,group
w:1976-06-27:mihalatiuk,Ігор Мігалатюк,MF,MF,,,group
w:1978-07-24:malimon,Іван Малімон,FW,ST,,,group
w:1978-03-24:sulimenko,Юрій Суліменко,FW,ST,,,group
w:1978-06-25:polischuk,Роман Поліщук,DF,DF,,,group
w:1972-02-17:lutsenko,Володимир Луценко,MF,MF,,,group
w:1982-09-20:adam,Маріан Адам,FW,ST,,,group
w:1974-06-22:damian,Родрігес Кантос Оскар Даміан,DF,DF,,,group
w:1981-06-17:pasichnichenko,Роман Пасічниченко,DF,DF,,,group
w:1975-10-21:ianichevich,Івіца Янічевич,MF,MF,,,group
w:1978-10-06:rozlach,Олександр Розлач,FW,ST,,,group
w:1981-08-03:matos,Веслі Рібейру де Матос,FW,ST,,,group
w:1976-12-05:haras,Олег Гарас,FW,ST,,,group
w:1981-04-18:iovanovich,Мілан Йованович,FW,ST,,,group
w:1977-02-20:sautin,Артем Саутін,MF,MF,,,group
w:1976-03-22:leandro,Леандро Машаду,FW,ST,,,group
w:1977-08-16:fereira,Вашингтон,FW,ST,,,group
w:1979-05-18:bahniuk,Олексій Багнюк,MF,MF,,,group
w:1980-12-15:kovtunov,Євген Ковтунов,DF,DF,,,group
w:1981-04-13:berna,Де Олівейра Роджер Франклін Берна,DF,DF,,,group
w:1983-02-21:brushko,Томаш Брушко,MF,MF,,,group
w:1981-01-17:hotsiridze,Реваз Гоцірідзе,FW,ST,,,group
w:1973-09-06:alen,Амугу Ален Сільвен,FW,ST,,,group
w:1973-01-06:boriachinski,Андрій Борячинський,GK,GK,,,group_gk
w:1982-08-18:rostovski,Сергій Ростовський,MF,MF,,,group
w:1969-03-06:iastrebinski,Євген Ястребінський,FW,ST,,,group
w:1979-03-21:kudria,В'ячеслав Кудря,MF,MF,,,group
w:1983-07-11:derevlov,Костянтин Деревльов,FW,ST,,,group
w:1979-06-15:stoliarchuk,Олександр Столярчук,MF,MF,,,group
w:1984-07-12:ferents,Володимир Ференц,FW,ST,,,group
w:1976-05-21:chosich,Горан Чосич,DF,DF,,,group
w:1979-03-23:ansen,Біаншім Ансен Матеус,DF,DF,,,group
w:1982-05-16:iakovets,Сергій Яковець,GK,GK,,,group_gk
w:1984-09-27:diachenko,Станіслав Дьяченко,MF,MF,,,group
w:1973-07-17:edin,Един Кунич,MF,MF,,,group
w:1978-09-14:ashkovich,Бранко Ашкович,MF,MF,,,group
w:1983-05-06:tirkalo,Віталій Тиркало,MF,MF,,,group
w:1982-04-05:ahramev,Артем Ахрамеєв,DF,DF,,,group
w:1984-05-09:cherednichenko,Ігор Чередніченко,DF,DF,,,group
w:1983-03-24:homutov,Сергій Хомутов,MF,MF,,,group
w:1974-11-03:bolotov,Олександр Болотов,DF,DF,,,group
w:1976-01-21:shpirka,Богдан Шпирка,MF,MF,,,group
w:1973-11-11:kundenok,Олександр Кундєнок,MF,MF,,,group
w:1968-02-28:kovtun,Андрій Ковтун,GK,GK,,,group_gk
w:1976-08-12:pavliuh,Іван Павлюх,DF,DF,,,group
w:1971-08-04:lejentsev,Сергій Леженцев,DF,DF,,,group
w:1973-12-09:hrehul,Валентин Грегуль,DF,DF,,,group
w:1973-08-11:kosovski,Віталій Косовський,MF,MF,,,group
w:1968-01-19:sobol,Олександр Соболь,DF,DF,,,group
w:1966-01-03:fokin,Юрій Фокін,MF,MF,,,group
w:1971-01-02:zavialov,Андрій Зав'ялов,MF,MF,,,group
w:1970-03-03:machohan,Ігор Мачоган,DF,DF,,,group
w:1968-11-12:tanasiuk,Сергій Танасюк,DF,DF,,,group
w:1971-02-25:revut,Сергій Ревут,DF,DF,,,group
w:1972-09-07:dichko,Володимир Дичко,DF,DF,,,group
w:1974-09-27:mochuliak,Олег Мочуляк,FW,ST,,,group
w:1969-10-05:leonenko,Віктор Леоненко,FW,ST,,,group
w:1974-04-06:mihailiv,Євгеній Михайлів,DF,DF,,,group
w:1971-07-14:mehanoshin,Олександр Механошин,MF,MF,,,group
w:1968-04-06:hetsko,Іван Гецко,FW,ST,,,group
w:1973-02-20:holovko,Олександр Головко,DF,DF,,,group
w:1977-04-23:makovski,Володимир Маковський,FW,ST,,,group
w:1976-01-03:simakov,Олег Сімаков,MF,MF,,,group
w:1971-03-10:zabranski,Руслан Забранський,FW,ST,,,group
w:1976-10-06:kundenok,Геннадій Кундєнок,MF,MF,,,group
w:1970-08-05:ivanenko,Віктор Іваненко,DF,DF,,,group
w:1966-02-15:riznik,Володимир Різник,MF,MF,,,group
w:1974-02-13:tofan,Василь Тофан,DF,DF,,,group
w:1963-12-20:leskiv,Василь Леськів,MF,MF,,,group
w:1967-05-01:vilchinski,Володимир Вільчинський,DF,DF,,,group
w:1972-07-28:ripan,Олег Рипан,GK,GK,,,group_gk
w:1972-07-24:martiuk,Олександр Мартюк,DF,DF,,,group
w:1975-11-21:lutsishin,Михайло Луцишин,MF,MF,,,group
w:1974-09-13:plahotin,Ігор Плахотін,MF,MF,,,group
w:1968-04-27:heraschenko,Володимир Геращенко,DF,DF,,,group
w:1976-04-06:martinov,Володимир Мартинов,FW,ST,,,group
w:1971-09-05:atamanchuk,Орест Атаманчук,FW,ST,,,group
w:1972-12-02:kandaurov,Сергій Кандауров,MF,MF,,,group
w:1973-08-13:levan,Леван Мікадзе,MF,MF,,,group
w:1974-07-12:abramov,Віталій Абрамов,MF,MF,,,group
w:1976-09-01:serebrenikov,Сергій Серебренніков,FW,ST,,,group
w:1980-08-24:zapoiaska,В'ячеслав Запояска,MF,MF,,,group
w:1975-05-30:bahirov,Едуард Багіров,MF,MF,,,group
w:1977-06-10:bezdolni,Ігор Бездольний,FW,ST,,,group
w:1973-09-25:atso,Ацо Васілєвич,FW,ST,,,group
w:1974-05-18:haldianu,Константін Галдяну,FW,ST,,,group
w:1967-08-15:volotek,Олег Волотек,MF,MF,,,group
w:1970-01-21:serikov,Володимир Сєріков,MF,MF,,,group
w:1978-11-30:kostiuk,Сергій Костюк,MF,MF,,,group
w:1974-10-13:marius,Маріус Скіндеріс,DF,DF,,,group
w:1978-09-18:andrius,Андрюс Гедгаудас,MF,MF,,,group
w:1974-04-02:frantishek,Франтішек Ганц,DF,DF,,,group
w:1975-04-13:cherevan,Андрій Черевань,MF,MF,,,group
w:1981-01-08:herasimenko,Андрій Герасименко,FW,ST,,,group
w:1977-11-10:mishkov,Омар Мішков,DF,DF,,,group
w:1982-05-27:lazarchuk,Андрій Лазарчук,GK,GK,,,group_gk
w:1983-01-02:hubrenko,Олександр Губрієнко,MF,MF,,,group
w:1981-01-21:podust,Руслан Подуст,FW,ST,,,group
w:1978-01-18:lukashuk,Володимир Лукашук,MF,MF,,,group
w:1973-10-15:filimonov,Олександр Філімонов,GK,GK,,,group_gk
w:1981-10-21:ahbo,Патрік Агбо,FW,ST,,,group
w:1980-01-14:klabukov,Дмитро Клабуков,DF,DF,,,group
w:1983-02-26:bohach,Олександр Богач,DF,DF,,,group
w:1976-03-20:bondar,Олексій Бондар,MF,MF,,,group
w:1981-06-24:kondratovich,Дмитро Кондратович,DF,DF,,,group
w:1982-03-21:sarkis,Дмитро Саркіс,MF,MF,,,group
w:1977-05-21:telehin,Сергій Тєлєгін,MF,MF,,,group
w:1981-03-17:sizov,Кирило Сізов,FW,ST,,,group
w:1977-08-25:muamer,Муамер Вугдалич,DF,DF,,,group
w:1980-03-22:zub,Сергій Зуб,MF,MF,,,group
w:1976-06-03:henri,Мутамбіква Тондерей Хенрі,FW,ST,,,group
w:1979-02-15:hritsenko,Артур Гриценко,DF,DF,,,group
w:1979-12-23:verhun,Роман Вергун,MF,MF,,,group
w:1975-02-16:peter,Петер Суковський,DF,DF,,,group
w:1978-07-28:krivobok,Ігор Кривобок,FW,ST,,,group
w:1982-01-03:dindikov,Олександр Диндіков,MF,MF,,,group
w:1982-02-14:afonin,Дмитро Афонін,MF,MF,,,group
w:1980-11-18:mazurenko,Олександр Мазуренко,MF,MF,,,group
w:1981-01-13:stahiv,Олександр Стахів,FW,ST,,,group
w:1978-07-03:parubin,Євген Парубін,MF,MF,,,group
w:1971-06-15:mamonov,Сергій Мамонов,FW,ST,,,group
w:1977-07-29:otsokolich,Предраг Оцокольич,DF,DF,,,group
w:1978-08-05:kadar,Йосип Кадар,MF,MF,,,group
w:1962-12-01:kapanadze,Автанділ Капанадзе,MF,MF,,,group
w:1968-05-27:oparin,Андрій Опарін,MF,MF,,,group
w:1972-03-28:korobchenko,Олексій Коробченко,DF,DF,,,group
w:1971-01-19:markin,Юрій Маркін,DF,DF,,,group
w:1960-08-11:biskup,Ігор Біскуп,DF,DF,,,group
w:1967-03-17:mazur,Дмитро Мазур,DF,DF,,,group
w:1970-04-28:mikitin,Володимир Микитін,DF,DF,,,group
w:1970-07-23:orbu,Геннадій Орбу,MF,MF,,,group
w:1969-09-04:sushka,Ігор Сушка,DF,DF,,,group
w:1970-08-18:pantilov,Віталій Пантілов,MF,MF,,,group
w:1971-11-25:antiuhin,Олексій Антюхін,FW,ST,,,group
w:1970-10-11:evtushok,Олександр Євтушок,DF,DF,,,group
w:1971-08-23:hrebeniuk,Тарас Гребенюк,GK,GK,,,group_gk
w:1971-11-22:kovalov,Сергій Ковальов,MF,MF,,,group
w:1971-01-20:solovenko,Юрій Солов'єнко,DF,DF,,,group
w:1968-07-09:babi,Олександр Бабій,DF,DF,,,group
w:1974-08-09:nikolaichuk,Матвій Николайчук,MF,MF,,,group
w:1975-08-12:potshveria,Михайло Поцхверія,FW,ST,,,group
w:1966-07-19:kislov,Ігор Кислов,FW,ST,,,group
w:1969-07-18:sevidov,Олександр Севідов,FW,ST,,,group
w:1971-08-23:skish,Віталій Скиш,DF,DF,,,group
w:1971-01-23:kuptsov,Андрій Купцов,DF,DF,,,group
w:1974-10-22:iakimenko,Олексій Якименко,MF,MF,,,group
w:1967-09-29:sirotin,Павло Сіротін,GK,GK,,,group_gk
w:1970-02-14:shkolnikov,Ян Школьніков,MF,MF,,,group
w:1970-12-10:nohin,Олександр Ногін,GK,GK,,,group_gk
w:1975-03-09:kosenko,Олексій Косенко,FW,ST,,,group
w:1969-01-27:dorohov,Олександр Дорохов,DF,DF,,,group
w:1969-06-11:demianenko,Дмитро Дем'яненко,DF,DF,,,group
w:1973-11-01:hnativ,Роман Гнатів,MF,MF,,,group
w:1974-03-03:karabuta,Олександр Карабута,FW,ST,,,group
w:1978-10-25:shpak,Андрій Шпак,FW,ST,,,group
w:1976-08-27:shapovalov,Валерій Шаповалов,DF,DF,,,group
w:1978-02-27:kaladze,Каха Каладзе,MF,MF,,,group
w:1972-12-04:lapa,Микола Лапа,DF,DF,,,group
w:1974-04-27:filipenko,Павло Филипенко,DF,DF,,,group
w:1974-08-23:hvianidze,Автанділ Гвіанідзе,MF,MF,,,group
w:1970-02-17:herasimenko,Олексій Герасименко,DF,DF,,,group
w:1973-01-16:doroshenko,Ігор Дорошенко,DF,DF,,,group
w:1977-10-25:homenko,Сергій Хоменко,FW,ST,,,group
w:1972-02-26:dhebuadze,Кахабер Дгебуадзе,MF,MF,,,group
w:1978-04-12:kolodin,Дмитро Колодін,MF,MF,,,group
w:1975-03-07:morhunov,Олексій Моргунов,FW,ST,,,group
w:1978-11-02:kaidarashvili,Олександр Кайдарашвілі,FW,ST,,,group
w:1967-01-24:losev,Геннадій Лосєв,GK,GK,,,group_gk
w:1975-11-14:siharulidze,Автанділ Сіхарулідзе,FW,ST,,,group
w:1976-11-29:shimanski,Сергій Шиманський,DF,DF,,,group
w:1969-03-05:hrachov,Олексій Грачов,FW,ST,,,group
w:1975-01-23:arefev,Віктор Ареф'єв,FW,ST,,,group
w:1971-10-14:manko,Євген Манько,DF,DF,,,group
w:1974-12-15:ushtan,Володимир Уштан,MF,MF,,,group
w:1975-08-16:verteletski,Анатолій Вертелецький,MF,MF,,,group
w:1970-01-04:polushin,Сергій Полушин,DF,DF,,,group
w:1974-09-26:hritsai,Олег Грицай,FW,ST,,,group
w:1973-01-18:kuchirka,Роман Кучирка,MF,MF,,,group
w:1967-09-30:kose,Володимир Коссе,FW,ST,,,group
w:1974-09-25:suhoruchenko,Сергій Сухорученко,DF,DF,,,group
w:1973-03-03:bojko,Сергій Божко,MF,MF,,,group
w:1978-09-03:starovik,Віталій Старовик,DF,DF,,,group
w:1975-08-08:lopatkin,Артем Лопаткін,FW,ST,,,group
w:1978-10-27:daraselia,Віталій Дараселія,MF,MF,,,group
w:1969-10-07:bohodelov,В'ячеслав Богодєлов,GK,GK,,,group_gk
w:1981-04-14:litinski,Тарас Літинський,FW,ST,,,group
w:1972-04-06:lukash,Олег Лукаш,DF,DF,,,group
w:1980-01-20:pravkin,Сергій Правкін,GK,GK,,,group_gk
w:1970-10-14:pavlish,Тарас Павліш,DF,DF,,,group
w:1971-02-09:tsvik,Андрій Цвік,MF,MF,,,group
w:1975-04-18:kriulin,Станіслав Кріулін,MF,MF,,,group
w:1973-04-17:shukatka,Віталій Шукатка,DF,DF,,,group
w:1979-01-11:popov,Василь Попов,FW,ST,,,group
w:1972-10-11:savu,Маріан Саву,FW,ST,,,group
w:1971-09-05:tolkach,Олександр Толкач,DF,DF,,,group
w:1979-11-05:oleksenko,Іван Олексієнко,DF,DF,,,group
w:1969-03-12:shmarko,Олександр Шмарко,DF,DF,,,group
w:1980-04-13:fedorchenko,Артем Федорченко,DF,DF,,,group
w:1981-01-07:horin,Олександр Горін,DF,DF,,,group
w:1979-11-10:mihailov,Сталєв Станімір Міхайлов,DF,DF,,,group
w:1979-07-28:kuzmichov,Володимир Кузьмічов,FW,ST,,,group
w:1968-04-12:plotnikov,Вадим Плотников,MF,MF,,,group
w:1980-09-23:shaida,Сергій Шайда,MF,MF,,,group
w:1975-01-23:hrechani,Василь Гречаний,DF,DF,,,group
w:1977-02-02:matvichuk,Олександр Матвійчук,DF,DF,,,group
w:1981-05-09:hurin,Роман Гурін,GK,GK,,,group_gk
w:1975-10-19:iordanov,Колєв Васіл Йорданов,MF,MF,,,group
w:1974-08-13:titsa,Сергій Тіца,DF,DF,,,group
w:1980-04-10:tarasenko,Віталій Тарасенко,MF,MF,,,group
w:1980-07-27:ratski,Володимир Рацький,MF,MF,,,group
w:1970-08-27:iulian,Нейчев Юліян Нейчев,FW,ST,,,group
w:1982-05-13:jdaha,Олександр Ждаха,FW,ST,,,group
w:1977-11-27:tanurkov,Володимир Танурков,MF,MF,,,group
w:1973-01-12:buhakov,Олег Бугаков,MF,MF,,,group
w:1981-07-29:tenhiz,Тенгіз Угрехелідзе,MF,MF,,,group
w:1975-05-18:demirchian,Оганес Демірчян,DF,DF,,,group
w:1977-06-15:duhno,Анатолій Духно,FW,ST,,,group
w:1981-07-05:ptashnik,Анатолій Пташник,FW,ST,,,group
w:1982-03-21:strelkov,Ігор Стрєлков,FW,ST,,,group
w:1980-07-09:storojev,Сергій Сторожев,FW,ST,,,group
w:1976-02-01:kruts,Олексій Круц,GK,GK,,,group_gk
w:1978-01-25:venchak,Олег Венчак,GK,GK,,,group_gk
w:1983-11-02:ribak,Василь Рибак,FW,ST,,,group
w:1978-08-05:sokoliukorel,Андрій Соколюк-Орел,DF,DF,,,group
w:1977-08-16:soroka,Роман Сорока,DF,DF,,,group
w:1980-08-31:horodchanin,Віталій Городчанін,MF,MF,,,group
w:1980-08-08:lakomski,Володимир Лакомський,DF,DF,,,group
w:1983-02-01:famuliak,Григорій Фамуляк,MF,MF,,,group
w:1981-04-13:shenhelia,Іраклій Шенгелія,FW,ST,,,group
w:1966-08-14:bondarenko,Роман Бондаренко,FW,ST,,,group
w:1962-01-28:smihunov,Віктор Смігунов,DF,DF,,,group
w:1968-01-24:huseinov,Тімєрлан Гусейнов,FW,ST,,,group
w:1974-05-03:koval,Олександр Коваль,DF,DF,,,group
w:1971-11-15:demianchuk,Михайло Дем'янчук,MF,MF,,,group
w:1967-09-14:leonov,Ігор Леонов,DF,DF,,,group
w:1972-10-11:zuenko,Микола Зуєнко,DF,DF,,,group
w:1971-06-22:bukel,Юрій Букель,DF,DF,,,group
w:1963-01-28:fedorov,Леонід Федоров,MF,MF,,,group
w:1969-02-13:korponai,Іван Корпонай,FW,ST,,,group
w:1970-02-01:irichuk,Павло Ірічук,FW,ST,,,group
w:1971-01-04:filimonov,Денис Філімонов,MF,MF,,,group
w:1968-05-24:homin,Андрій Хомин,MF,MF,,,group
w:1962-04-08:chumak,Юрій Чумак,GK,GK,,,group_gk
w:1963-05-25:vatamaniuk,Ярослав Ватаманюк,DF,DF,,,group
w:1975-01-06:spivak,Олександр Співак,MF,MF,,,group
w:1969-02-15:kolesov,Олег Колесов,GK,GK,,,group_gk
w:1970-12-06:nosenko,Владислав Носенко,DF,DF,,,group
w:1969-06-03:evhlevski,Сергій Євглевський,MF,MF,,,group
w:1969-09-26:sosenko,Костянтин Сосенко,DF,DF,,,group
w:1968-05-05:kalitvintsev,Юрій Калитвинцев,MF,MF,,,group
w:1972-03-10:chorniavski,Олександр Чорнявський,DF,DF,,,group
w:1971-05-27:burhan,Євген Бурхан,FW,ST,,,group
w:1965-06-05:martinov,Юрій Мартинов,MF,MF,,,group
w:1972-08-07:ulianitski,Віктор Ульяницький,DF,DF,,,group
w:1970-01-09:redushko,Анатолій Редушко,MF,MF,,,group
w:1964-05-04:bilozerski,Олександр Білозерський,DF,DF,,,group
w:1971-12-25:hrin,Володимир Гринь,MF,MF,,,group
w:1969-11-24:makohon,Ігор Макогон,DF,DF,,,group
w:1971-05-02:siletski,Сергій Сілецький,DF,DF,,,group
w:1969-05-11:bohatir,Віктор Богатир,MF,MF,,,group
w:1972-09-18:bohdanov,Юрій Богданов,FW,ST,,,group
w:1978-04-01:kariaka,Андрій Каряка,MF,MF,,,group
w:1965-09-28:mikolaenko,Юрій Миколаєнко,FW,ST,,,group
w:1974-06-18:mishenin,Олег Мішенін,DF,DF,,,group
w:1971-08-26:korol,Ігор Король,DF,DF,,,group
w:1970-06-03:ostashov,Олександр Осташов,FW,ST,,,group
w:1977-11-08:larin,Володимир Ларін,FW,ST,,,group
w:1972-12-15:lavrentsov,Олександр Лавренцов,GK,GK,,,group_gk
w:1974-11-29:venhlinski,Олександр Венглінський,MF,MF,,,group
w:1966-06-29:bondarenko,Олександр Бондаренко,DF,DF,,,group
w:1968-03-10:matviv,Степан Матвіїв,MF,MF,,,group
w:1974-07-08:shtoltsers,Андрій Штолцерс,FW,ST,,,group
w:1976-03-11:hristov,Петков Іордан Хрістов,DF,DF,,,group
w:1962-02-09:beloshapka,Борис Белошапка,GK,GK,,,group_gk
w:1977-12-10:datsenko,Сергій Даценко,MF,MF,,,group
w:1979-08-03:hapon,Володимир Гапон,MF,MF,,,group
w:1975-01-31:muhin,Андрій Мухін,MF,MF,,,group
w:1970-07-03:suharev,Олександр Сухарєв,FW,ST,,,group
w:1979-09-06:kovba,Денис Ковба,MF,MF,,,group
w:1974-10-04:bulihinshramko,Сергій Булигін-Шрамко,DF,DF,,,group
w:1976-09-07:halstian,Овік Галстян,FW,ST,,,group
w:1976-01-28:holokolosov,Олександр Голоколосов,FW,ST,,,group
w:1974-11-02:polischuk,Сергій Поліщук,GK,GK,,,group_gk
w:1975-05-09:savenchuk,Олександр Савенчук,MF,MF,,,group
w:1978-11-08:simonov,Олександр Симонов,MF,MF,,,group
w:1973-01-08:vasilkiv,Руслан Васильків,MF,MF,,,group
w:1977-01-20:lots,Віталій Лоц,DF,DF,,,group
w:1970-10-07:korenev,Дмитро Корєнєв,FW,ST,,,group
w:1978-08-31:bohorodichenko,Сергій Богородіченко,MF,MF,,,group
w:1962-05-27:chistov,Анатолій Чистов,GK,GK,,,group_gk
w:1970-06-12:mardas,Геннадій Мардас,MF,MF,,,group
w:1969-01-06:bereski,Олег Береський,GK,GK,,,group_gk
w:1966-06-29:mokan,Василь Мокан,MF,MF,,,group
w:1974-06-01:dranitski,Сергій Драницький,MF,MF,,,group
w:1969-01-23:nikiforov,Андрій Никифоров,MF,MF,,,group
w:1981-05-06:matvev,Андрій Матвеєв,FW,ST,,,group
w:1975-04-21:averin,Сергій Аверін,MF,MF,,,group
w:1963-08-22:spitsin,Олександр Спіцин,DF,DF,,,group
w:1971-04-25:blajaev,Павло Блажаєв,GK,GK,,,group_gk
w:1976-12-13:stratulat,Георгій Стратулат,MF,MF,,,group
w:1976-05-16:levchenko,Олексій Левченко,DF,DF,,,group
w:1970-05-13:junenko,Сергій Жуненко,DF,DF,,,group
w:1980-04-08:hanitski,Даніїл Ганицький,MF,MF,,,group
w:1977-08-10:krisanov,Дмитро Крісанов,MF,MF,,,group
w:1961-11-02:hrishko,Віктор Гришко,GK,GK,,,group_gk
w:1976-02-23:kuznetsov,Олексій Кузнецов,DF,DF,,,group
w:1972-01-05:krohan,Вадим Крохан,MF,MF,,,group
w:1968-01-18:moroz,Віктор Мороз,MF,MF,,,group
w:1972-08-21:mamedov,Раміз Мамедов,DF,DF,,,group
w:1973-12-10:iatsurak,Василь Яцурак,DF,DF,,,group
w:1975-09-13:tabachun,Руслан Табачун,FW,ST,,,group
w:1973-02-16:zalizniak,Віталій Залізняк,DF,DF,,,group
w:1974-04-29:ahaev,Муслім Агаєв,FW,ST,,,group
w:1971-12-02:mahdev,Юрій Магдієв,MF,MF,,,group
w:1971-09-25:chuprin,Дмитро Чупрін,MF,MF,,,group
w:1976-07-22:bohomol,Олег Богомол,MF,MF,,,group
w:1973-09-09:konopelko,Михайло Конопелько,MF,MF,,,group
w:1972-10-30:zaiats,Валентин Заяць,DF,DF,,,group
w:1979-12-24:rachiba,Олексій Рачиба,MF,MF,,,group
w:1978-02-26:lashuk,Євген Лашук,FW,ST,,,group
w:1980-02-21:mikula,Євген Микула,DF,DF,,,group
w:1976-04-19:romashev,Олександр Ромашев,DF,DF,,,group
w:1975-04-21:rak,Олег Рак,MF,MF,,,group
w:1966-10-29:huzun,Олександр Гузун,DF,DF,,,group
w:1978-06-23:evsiukov,Олександр Євсюков,MF,MF,,,group
w:1971-06-04:diak,Віктор Д'як,MF,MF,,,group
w:1975-10-02:matiushenko,В'ячеслав Матюшенко,DF,DF,,,group
w:1979-07-02:kovrijkin,Сергій Коврижкін,MF,MF,,,group
w:1979-04-25:shubin,Владислав Шубін,MF,MF,,,group
w:1964-10-01:ptashnik,Сергій Пташник,MF,MF,,,group
w:1976-09-22:vitvitski,Микола Вітвіцький,MF,MF,,,group
w:1978-08-15:pinenko,Олександр Піненко,MF,MF,,,group
w:1972-06-29:stoianov,Едуард Стоянов,FW,ST,,,group
w:1982-01-02:chornoivan,Олексій Чорноіван,FW,ST,,,group
w:1979-06-19:fenin,Віталій Фенін,DF,DF,,,group
w:1971-12-02:taloverov,Вадим Таловєров,MF,MF,,,group
w:1980-05-28:soproniuk,Іван Сопронюк,DF,DF,,,group
w:1978-08-23:lahoida,Ігор Лагойда,MF,MF,,,group
w:1980-12-11:zaets,Віталій Заєць,MF,MF,,,group
w:1974-08-27:metreveli,Костянтин Метревелі,MF,MF,,,group
w:1980-02-07:jitski,Данило Жицький,FW,ST,,,group
w:1968-08-05:lujni,Олег Лужний,DF,DF,,,group
w:1965-02-03:hromov,Віктор Громов,FW,ST,,,group
w:1965-11-23:konovalchuk,Володимир Коновальчук,MF,MF,,,group
w:1972-05-17:shumski,Віталій Шумський,MF,MF,,,group
w:1972-11-26:levitski,Максим Левицький,GK,GK,,,group_gk
w:1972-12-16:shkapenko,Павло Шкапенко,MF,MF,,,group
w:1967-03-12:kolesnik,Вадим Колесник,FW,ST,,,group
w:1968-07-01:jabchenko,Ігор Жабченко,MF,MF,,,group
w:1970-08-25:liuti,Владислав Лютий,MF,MF,,,group
w:1963-03-25:samardak,Богдан Самардак,DF,DF,,,group
w:1966-10-12:rusnak,Іван Руснак,DF,DF,,,group
w:1971-09-12:huralski,Олександр Гуральський,MF,MF,,,group
w:1969-08-11:zaharov,Олександр Захаров,MF,MF,,,group
w:1966-03-11:kolokolov,Руслан Колоколов,DF,DF,,,group
w:1964-12-13:belichenko,Юрій Бєліченко,MF,MF,,,group
w:1972-06-27:jenilenko,В'ячеслав Жениленко,DF,DF,,,group
w:1971-05-14:moshevich,Ігор Мошевич,DF,DF,,,group
w:1970-11-20:rusak,Петро Русак,FW,ST,,,group
w:1968-02-25:dumenko,Сергій Думенко,FW,ST,,,group
w:1967-08-15:kozakov,Станіслав Козаков,MF,MF,,,group
w:1970-08-05:solodki,Вадим Солодкий,FW,ST,,,group
w:1972-05-17:duhnovski,Ігор Духновський,FW,ST,,,group
w:1968-09-20:kochvar,Сергій Кочвар,DF,DF,,,group
w:1969-04-14:djuheli,Іван Джугелі,FW,ST,,,group
w:1971-10-09:karas,Ігор Карась,DF,DF,,,group
w:1977-11-01:ilchenko,Сергій Ільченко,DF,DF,,,group
w:1975-04-03:maltsev,Владислав Мальцев,FW,ST,,,group
w:1972-03-03:sobeschakov,Сергій Собещаков,GK,GK,,,group_gk
w:1974-06-02:mostovi,Руслан Мостовий,DF,DF,,,group
w:1973-07-24:skidan,Геннадій Скідан,MF,MF,,,group
w:1966-05-14:krapivkin,Ігор Крапивкін,GK,GK,,,group_gk
w:1975-01-01:lipski,Олег Липський,FW,ST,,,group
w:1975-03-21:nesterchuk,Павло Нестерчук,FW,ST,,,group
w:1957-11-24:shari,Іван Шарій,FW,ST,,,group
w:1971-03-07:soloviov,Сергій Соловйов,DF,DF,,,group
w:1967-07-01:husev,Сергій Гусєв,FW,ST,,,group
w:1974-08-10:horobets,Дмитро Горобець,FW,ST,,,group
w:1965-06-21:storchak,Василь Сторчак,DF,DF,,,group
w:1973-12-22:kovalenko,Сергій Коваленко,FW,ST,,,group
w:1978-07-30:poroshin,Андрій Порошин,FW,ST,,,group
w:1970-08-02:burimenko,Сергій Бурименко,DF,DF,,,group
w:1972-10-15:zeleniuk,Ігор Зеленюк,DF,DF,,,group
w:1968-10-01:kovalenko,Валерій Коваленко,DF,DF,,,group
w:1973-02-06:bespalih,Сергій Беспалих,FW,ST,,,group
w:1972-02-11:chirva,Олексій Чирва,DF,DF,,,group
w:1967-09-27:sidelnikov,Андрій Сідельніков,DF,DF,,,group
w:1975-04-29:budnik,Андрій Будник,MF,MF,,,group
w:1962-03-19:iaremchuk,Іван Яремчук,MF,MF,,,group
w:1971-07-10:tutichenko,Дмитро Тутиченко,MF,MF,,,group
w:1977-09-04:perhun,Сергій Перхун,GK,GK,,,group_gk
w:1978-09-27:kozlov,Сергій Козлов,FW,ST,,,group
w:1974-07-19:maksimich,Сергій Максимич,MF,MF,,,group
w:1972-08-28:holubka,Петро Голубка,FW,ST,,,group
w:1975-04-06:alhali,Альхалі Соума,FW,ST,,,group
w:1966-02-13:sorokin,Вадим Сорокін,MF,MF,,,group
w:1967-04-17:tsisar,Олександр Цисар,DF,DF,,,group
w:1970-08-13:tupchenko,Костянтин Тупчиєнко,MF,MF,,,group
w:1969-05-26:buthanov,Борис Бутханов,DF,DF,,,group
w:1971-12-01:stroenko,Андрій Строєнко,MF,MF,,,group
w:1974-12-07:aleksev,Володимир Алексєєв,DF,DF,,,group
w:1971-07-26:dobrovolski,Дмитро Добровольський,DF,DF,,,group
w:1970-05-13:polischuk,Костянтин Поліщук,DF,DF,,,group
w:1980-10-08:chaidjoke,Нджоку Даніель Чайджоке,MF,MF,,,group
w:1973-08-10:shashkevich,Сергій Шашкевич,DF,DF,,,group
w:1971-04-05:sarkisov,Едуард Саркісов,MF,MF,,,group
w:1967-01-03:bahmetev,Ігор Бахметьєв,DF,DF,,,group
w:1977-03-29:iakushev,Артур Якушев,DF,DF,,,group
w:1976-11-12:maiorov,Владислав Майоров,FW,ST,,,group
w:1973-05-09:iurchenko,Дмитро Юрченко,FW,ST,,,group
w:1976-07-12:shkurupi,Андрій Шкурупій,MF,MF,,,group
w:1975-12-14:stasiuk,Ігор Стасюк,FW,ST,,,group
w:1975-05-14:nujni,В'ячеслав Нужний,MF,MF,,,group
w:1979-08-24:volkarachevski,Денис Волк-Карачевський,DF,DF,,,group
w:1975-05-05:hitia,Валерій Гитя,MF,MF,,,group
w:1980-09-19:iaskov,Юрій Яськов,FW,ST,,,group
w:1967-04-02:kostishin,Юрій Костишин,MF,MF,,,group
w:1975-08-21:sopkiv,Олександр Сопків,MF,MF,,,group
w:1974-09-24:novohatski,Василь Новохацький,FW,ST,,,group
w:1980-01-12:borovski,Дмитро Боровський,MF,MF,,,group
w:1970-08-28:stahov,Ігор Стахов,FW,ST,,,group
w:1979-03-22:kozlenko,Володимир Козленко,MF,MF,,,group
w:1970-11-10:kovalkov,Леонід Ковальков,DF,DF,,,group
w:1976-11-24:skvortsov,Анатолій Скворцов,MF,MF,,,group
w:1977-04-10:lunhu,Владіслав Лунгу,MF,MF,,,group
w:1978-07-18:davitnidze,Георгій Давітнідзе,MF,MF,,,group
w:1975-10-05:hudjadze,Шалва Худжадзе,DF,DF,,,group
w:1977-09-24:paleshev,Олександр Палешев,MF,MF,,,group
w:1977-01-01:lamtiuhin,Сергій Ламтюгін,DF,DF,,,group
w:1978-02-01:svisch,Роман Свищ,DF,DF,,,group
w:1970-07-07:kukalevich,Сергій Кукалевич,MF,MF,,,group
w:1981-05-29:bili,Олександр Білий,FW,ST,,,group
w:1973-06-06:tepchuk,Юрій Тепчук,MF,MF,,,group
w:1971-07-24:krijanivski,Володимир Крижанівський,FW,ST,,,group
w:1974-01-21:sidenko,Анатолій Сіденко,FW,ST,,,group
w:1978-07-24:belikov,Сергій Бєліков,FW,ST,,,group
w:1978-08-27:olinik,Віталій Олійник,GK,GK,,,group_gk
w:1975-02-13:vopliushkin,Ігор Воплюшкін,MF,MF,,,group
w:1978-05-10:kuratov,Олег Куратов,MF,MF,,,group
w:1979-01-16:vakar,Денис Вакар,FW,ST,,,group
w:1978-06-28:alahverdev,Ельдар Аллахвердієв,FW,ST,,,group
w:1977-07-12:mishko,Денис Мишко,DF,DF,,,group
w:1971-02-16:jovjerenko,Андрій Жовжеренко,MF,MF,,,group
w:1977-02-03:berehulia,Андрій Берегуля,DF,DF,,,group
w:1974-09-16:homin,Микола Хомин,GK,GK,,,group_gk
w:1974-04-02:tkachov,В'ячеслав Ткачов,MF,MF,,,group
w:1982-04-08:mihailenko,Валерій Михайленко,MF,MF,,,group
w:1977-01-09:potapov,Сергій Потапов,MF,MF,,,group
w:1970-04-11:tarhonski,Олексій Таргонський,DF,DF,,,group
w:1976-03-18:kolomets,Анатолій Коломієць,MF,MF,,,group
w:1970-08-12:marhoshia,Темурі Маргошія,MF,MF,,,group
w:1980-12-10:ivanov,Сергій Іванов,MF,MF,,,group
w:1980-10-31:pokatilov,Євген Покатилов,DF,DF,,,group
w:1981-06-25:kapustin,Віктор Капустін,DF,DF,,,group
w:1978-12-25:papazov,Іван Папазов,MF,MF,,,group
w:1970-11-17:franko,Владислав Франко,MF,MF,,,group
w:1978-10-09:novikov,Петро Новіков,MF,MF,,,group
w:1982-01-21:burmistrov,В'ячеслав Бурмістров,FW,ST,,,group
w:1982-01-28:borodai,Олексій Бородай,MF,MF,,,group
w:1982-03-30:koltsov,Дмитро Кольцов,MF,MF,,,group
w:1978-06-25:akinin,Костянтин Акінін,FW,ST,,,group
w:1982-06-28:romanenko,Антон Романенко,DF,DF,,,group
w:1975-01-11:klimenko,Олександр Клименко,MF,MF,,,group
w:1974-04-02:zavhorodni,Владіслав Завгородній,MF,MF,,,group
w:1965-12-06:fokin,Ігор Фокін,DF,DF,,,group
w:1965-03-13:volkov,Ігор Волков,DF,DF,,,group
w:1972-08-29:kurilenko,Олексій Куриленко,MF,MF,,,group
w:1965-02-17:cherkun,Ігор Черкун,DF,DF,,,group
w:1972-06-05:maksimenko,Андрій Максименко,DF,DF,,,group
w:1963-12-07:petrik,Анатолій Петрик,MF,MF,,,group
w:1970-01-03:fursov,Володимир Фурсов,FW,ST,,,group
w:1961-09-01:chervoni,Олександр Червоний,MF,MF,,,group
w:1967-01-29:shmatovalenko,Сергій Шматоваленко,DF,DF,,,group
w:1969-11-10:iankovski,Олександр Янковський,MF,MF,,,group
w:1962-11-13:raliuchenko,Сергій Ралюченко,MF,MF,,,group
w:1967-01-17:harkivschenko,Ігор Харківщенко,DF,DF,,,group
w:1971-06-27:muraviov,Олег Муравйов,DF,DF,,,group
w:1971-09-06:novikov,Владислав Новіков,MF,MF,,,group
w:1960-03-25:afsarohli,Расулов Ельхан Афсар-огли,GK,GK,,,group_gk
w:1960-09-05:iurchenko,Ігор Юрченко,MF,MF,,,group
w:1976-12-26:burhan,Кирило Бурхан,DF,DF,,,group
w:1966-03-05:chervoni,Віктор Червоний,MF,MF,,,group
w:1964-01-30:petrov,Ігор Петров,MF,MF,,,group
w:1974-06-12:amilehin,Сергій Амілехін,MF,MF,,,group
w:1962-05-25:turianski,Сергій Турянський,FW,ST,,,group
w:1969-10-21:benko,Олег Бенько,DF,DF,,,group
w:1965-08-01:ialovski,Віктор Яловський,MF,MF,,,group
w:1975-04-05:shubin,Олексій Шубін,DF,DF,,,group
w:1967-06-28:iudin,Андрій Юдін,DF,DF,,,group
w:1974-02-13:malevanov,Олександр Малєванов,DF,DF,,,group
w:1971-01-11:pavliuchenko,Костянтин Павлюченко,DF,DF,,,group
w:1963-01-03:mhlinets,Віктор Мглинець,MF,MF,,,group
w:1966-04-29:stelmah,Михайло Стельмах,MF,MF,,,group
w:1964-10-01:dudka,Валерій Дудка,GK,GK,,,group_gk
w:1971-05-25:jihulin,Спартак Жигулін,DF,DF,,,group
w:1969-09-07:kosheliuk,Олег Кошелюк,MF,MF,,,group
w:1973-02-25:belkin,Віктор Бєлкін,MF,MF,,,group
w:1962-11-12:savka,Михайло Савка,DF,DF,,,group
w:1968-01-12:androsov,Андрій Андросов,FW,ST,,,group
w:1976-10-21:chernov,Андрій Чернов,MF,MF,,,group
w:1971-05-13:portnov,Ігор Портнов,MF,MF,,,group
w:1974-08-03:efimenko,В'ячеслав Єфіменко,FW,ST,,,group
w:1970-06-07:kut,Віталій Куть,DF,DF,,,group
w:1970-03-09:oberemchenko,Ігор Оберемченко,FW,ST,,,group
w:1970-08-11:shuliatitski,Юрій Шулятицький,DF,DF,,,group
w:1973-05-24:kalian,Сергій Кальян,DF,DF,,,group
w:1967-06-25:pohorelov,Валерій Погорєлов,DF,DF,,,group
w:1970-03-05:shushura,Юрій Шушура,DF,DF,,,group
w:1969-08-03:jilkin,Геннадій Жилкін,GK,GK,,,group_gk
w:1971-04-29:malihin,Юрій Малигін,GK,GK,,,group_gk
w:1974-08-10:baranovski,Сергій Барановський,FW,ST,,,group
w:1973-10-27:michuda,Сергій Мічуда,DF,DF,,,group
w:1973-02-02:babichuk,Сергій Бабійчук,FW,ST,,,group
w:1973-12-24:pinchuk,Костянтин Пінчук,DF,DF,,,group
w:1961-02-14:horodov,Валерій Городов,GK,GK,,,group_gk
w:1976-10-26:chumachenko,Ігор Чумаченко,MF,MF,,,group
w:1971-01-08:dmitrev,Євген Дмитрієв,DF,DF,,,group
w:1974-06-16:sonin,Євген Сонін,FW,ST,,,group
w:1970-07-01:pilipenko,Василь Пилипенко,FW,ST,,,group
w:1968-10-29:borisenko,Анатолій Борисенко,FW,ST,,,group
w:1968-06-09:kilasonia,Георгій Кіласонія,MF,MF,,,group
w:1976-07-10:nazimov,Олексій Назімов,MF,MF,,,group
w:1971-03-21:stashko,Сергій Сташко,GK,GK,,,group_gk
w:1968-09-18:donchev,Кефалов Велін Дончев,DF,DF,,,group
w:1968-04-09:lipinski,Микола Липинський,FW,ST,,,group
w:1967-08-13:kilasonia,Варлам Кіласонія,FW,ST,,,group
w:1966-05-15:lutkov,Олег Лутков,GK,GK,,,group_gk
w:1973-06-06:porohnenko,Андрій Порохненко,DF,DF,,,group
w:1971-11-04:dail,Ібрям Даїл,DF,DF,,,group
w:1978-04-01:lisovi,Валерій Лісовий,DF,DF,,,group
w:1970-04-03:nemeshkalo,Владислав Немешкало,FW,ST,,,group
w:1975-09-25:boharada,Дмитро Богарада,DF,DF,,,group
w:1972-10-27:iaremko,Володимир Яремко,DF,DF,,,group
w:1971-07-02:karmeliuk,Юрій Кармелюк,MF,MF,,,group
w:1973-03-30:putria,Герман Путря,MF,MF,,,group
w:1962-05-15:popovich,Віктор Попович,DF,DF,,,group
w:1970-11-29:zinchenko,Володимир Зінченко,DF,DF,,,group
w:1973-03-23:baharev,В'ячеслав Бахарєв,DF,DF,,,group
w:1974-05-15:kapinus,Віталій Капінус,GK,GK,,,group_gk
w:1970-01-28:sushko,Геннадій Сушко,MF,MF,,,group
w:1972-09-08:burkovski,Сергій Бурковський,DF,DF,,,group
w:1972-10-13:turkin,Валерій Туркін,MF,MF,,,group
w:1976-08-15:serohin,Андрій Серьогін,FW,ST,,,group
w:1975-09-03:mahmutov,Марат Махмутов,DF,DF,,,group
w:1973-02-24:podlesni,Микола Подлєсний,DF,DF,,,group
w:1972-01-29:chipa,Сергій Чіпа,DF,DF,,,group
w:1972-06-20:kamnev,Костянтин Камнєв,FW,ST,,,group
w:1975-06-19:bilak,Іван Білак,DF,DF,,,group
w:1978-01-03:sobko,Сергій Собко,DF,DF,,,group
w:1975-08-16:hetman,Олексій Гетьман,DF,DF,,,group
w:1973-10-23:skomorohov,Андрій Скоморохов,MF,MF,,,group
w:1968-09-01:stahiv,Ігор Стахів,FW,ST,,,group
w:1970-05-07:chernikov,Геннадій Черніков,GK,GK,,,group_gk
w:1973-12-29:holemba,Роман Големба,FW,ST,,,group
w:1970-03-24:vasiutik,Володимир Васютик,GK,GK,,,group_gk
w:1965-08-07:sechin,Сергій Сечін,DF,DF,,,group
w:1975-02-28:lukianchikov,Анатолій Лук'янчиков,MF,MF,,,group
w:1973-10-10:zuev,Андрій Зуєв,DF,DF,,,group
w:1965-01-10:morhun,Олег Моргун,GK,GK,,,group_gk
w:1974-10-08:lopushinski,Андрій Лопушинський,MF,MF,,,group
w:1976-09-18:hordenko,Вадим Гордієнко,MF,MF,,,group
w:1972-01-11:iaskovich,Сергій Яскович,DF,DF,,,group
w:1973-06-03:vasiliv,Зіновій Василів,FW,ST,,,group
w:1978-06-20:apian,Артур Апіян,FW,ST,,,group
w:1972-05-15:dubina,Валентин Дубина,MF,MF,,,group
w:1965-08-13:zeiberlinsh,Арманд Зейберліньш,FW,ST,,,group
w:1971-01-27:hetman,Юрій Гетьман,FW,ST,,,group
w:1970-03-25:svidchenko,Сергій Свідченко,DF,DF,,,group
w:1971-08-15:makovski,Леонід Маковський,MF,MF,,,group
w:1966-10-19:krivchenko,Юрій Кривченко,MF,MF,,,group
w:1981-01-14:riumin,Дмитро Рюмін,DF,DF,,,group
w:1972-01-17:arabadji,Дмитро Арабаджи,MF,MF,,,group
w:1980-08-14:orlov,Владислав Орлов,MF,MF,,,group
w:1980-12-14:martiniuk,Віталій Мартинюк,FW,ST,,,group
w:1976-09-01:lisenko,Сергій Лисенко,DF,DF,,,group
w:1973-08-28:shaheldian,Армен Шахгельдян,FW,ST,,,group
w:1980-05-29:sinenko,Володимир Синенко,FW,ST,,,group
w:1975-03-19:dobrovinski,Олександр Добровинський,MF,MF,,,group
w:1962-06-07:simakovich,Валентин Сімакович,GK,GK,,,group_gk
w:1970-04-12:iadlos,Ігор Ядлось,FW,ST,,,group
w:1978-04-09:pinchuk,Денис Пінчук,FW,ST,,,group
w:1979-03-22:strashnenko,Сергій Страшненко,GK,GK,,,group_gk
w:1971-11-19:kopistianski,Микола Копистянський,MF,MF,,,group
w:1981-01-20:andrets,Сергій Андрієць,MF,MF,,,group
w:1977-10-20:halihuzov,Руслан Галігузов,GK,GK,,,group_gk
w:1977-02-22:shevchuk,Андрій Шевчук,DF,DF,,,group
w:1975-03-16:kovalchuk,Микола Ковальчук,FW,ST,,,group
w:1972-03-13:storojenko,Олег Стороженко,GK,GK,,,group_gk
w:1969-01-02:suslov,Олег Суслов,GK,GK,,,group_gk
w:1963-09-28:lukash,Сергій Лукаш,DF,DF,,,group
w:1971-11-25:pohlebaev,Євген Похлебаєв,MF,MF,,,group
w:1967-03-21:marchuk,Володимир Марчук,GK,GK,,,group_gk
w:1969-11-19:skripnik,Віктор Скрипник,DF,DF,,,group
w:1961-02-10:volkov,Олександр Волков,DF,DF,,,group
w:1971-07-04:fedkov,Андрій Федьков,FW,ST,,,group
w:1966-04-18:korponai,Адальберт Корпонай,MF,MF,,,group
w:1970-01-14:vorobiov,Валерій Воробйов,GK,GK,,,group_gk
w:1962-02-21:bahmut,Володимир Багмут,MF,MF,,,group
w:1966-12-28:nefedov,Олександр Нефедов,DF,DF,,,group
w:1959-05-20:haidarji,Леонід Гайдаржи,DF,DF,,,group
w:1964-12-04:rudnitski,Віталій Рудницький,MF,MF,,,group
w:1973-02-09:popovich,Геннадій Попович,FW,ST,,,group
w:1968-01-08:moskvin,Валентин Москвін,FW,ST,,,group
w:1965-07-13:vasilitchuk,Андрій Василитчук,DF,DF,,,group
w:1967-10-01:chihradze,Георгій Чіхрадзе,DF,DF,,,group
w:1971-05-06:iakovenko,Дмитро Яковенко,DF,DF,,,group
w:1966-07-17:derevinski,Олег Деревінський,MF,MF,,,group
w:1970-03-07:vetrov,Олег Вєтров,DF,DF,,,group
w:1972-01-14:bondarenko,Юрій Бондаренко,DF,DF,,,group
w:1961-06-15:panchishin,Іван Панчишин,DF,DF,,,group
w:1966-01-22:vernidub,Юрій Вернидуб,DF,DF,,,group
w:1959-06-09:iavorski,Ігор Яворський,FW,ST,,,group
w:1974-09-30:riabtsev,Олексій Рябцев,MF,MF,,,group
w:1968-12-10:kazmirchuk,Олег Казьмирчук,MF,MF,,,group
w:1966-04-24:sheihametov,Толят Шейхаметов,FW,ST,,,group
w:1971-04-02:laktionov,Олександр Лактіонов,MF,MF,,,group
w:1973-08-17:ivanov,Олександр Іванов,FW,ST,,,group
w:1975-09-03:romanishin,Сергій Романишин,DF,DF,,,group
w:1968-10-04:marchenko,Андрій Марченко,MF,MF,,,group
w:1975-08-05:parshin,Павло Паршин,FW,ST,,,group
w:1970-07-08:borovski,Станіслав Боровський,DF,DF,,,group
w:1970-10-28:liubinski,Олександр Любинський,MF,MF,,,group
w:1969-06-08:shuliatitski,Андрій Шулятицький,MF,MF,,,group
w:1973-01-16:zarutski,Олег Заруцький,MF,MF,,,group
w:1964-08-09:pankratev,Ігор Панкратьєв,DF,DF,,,group
w:1972-04-01:ostroushko,В'ячеслав Остроушко,MF,MF,,,group
w:1965-12-17:kutepov,Ігор Кутєпов,GK,GK,,,group_gk
w:1969-09-24:zaporojchenko,В'ячеслав Запорожченко,DF,DF,,,group
w:1968-09-24:mihailenko,Олександр Михайленко,DF,DF,,,group
w:1973-08-06:bezuhli,Юрій Безуглий,MF,MF,,,group
w:1965-04-25:krivenko,Олег Кривенко,DF,DF,,,group
w:1977-11-14:bilokin,Сергій Білокінь,DF,DF,,,group
w:1978-01-22:demidiak,Василь Демидяк,FW,ST,,,group
w:1962-08-17:iarovenko,Євген Яровенко,DF,DF,,,group
w:1974-01-08:leliuk,Дмитро Лелюк,DF,DF,,,group
w:1968-11-26:borovski,Сергій Боровський,MF,MF,,,group
w:1962-01-09:zolotnitski,Сергій Золотницький,GK,GK,,,group_gk
w:1975-10-05:shahov,Альберт Шахов,DF,DF,,,group
w:1972-04-24:karetnik,Володимир Каретник,MF,MF,,,group
w:1969-07-12:matvichenko,Павло Матвійченко,FW,ST,,,group
w:1969-05-22:kazmin,Олег Казьмін,DF,DF,,,group
w:1964-04-01:hredil,Степан Греділь,DF,DF,,,group
w:1975-02-28:maliuta,Василь Малюта,FW,ST,,,group
w:1972-01-14:bilousov,Андрій Білоусов,DF,DF,,,group
w:1975-04-16:kondratiuk,Віталій Кондратюк,DF,DF,,,group
w:1975-10-16:kitsak,Віталій Кіцак,MF,MF,,,group
w:1966-03-19:sobol,Юрій Соболь,FW,ST,,,group
w:1972-09-21:shevchenko,Олександр Шевченко,MF,MF,,,group
w:1963-12-07:samara,Олександр Самара,MF,MF,,,group
w:1973-03-22:vus,Вадим Вус,FW,ST,,,group
w:1967-09-24:shevchenko,Микола Шевченко,DF,DF,,,group
w:1973-06-24:aharin,Олександр Агарін,FW,ST,,,group
w:1976-10-08:derenov,Сергій Деренов,GK,GK,,,group_gk
w:1971-08-03:panin,Вадим Панін,MF,MF,,,group
w:1971-05-07:krivoruchko,Олександр Криворучко,FW,ST,,,group
w:1960-07-20:muradian,Сергій Мурадян,FW,ST,,,group
w:1977-08-08:budhusaim,Сергій Буд-Гусаім,MF,MF,,,group
w:1974-10-01:holovan,Олег Головань,MF,MF,,,group
w:1977-10-10:karaianov,Віталій Караянов,MF,MF,,,group
w:1966-03-19:ovcharov,Юрій Овчаров,GK,GK,,,group_gk
w:1979-09-23:eliar,Гусейнов Ельшад Ельяр огли,MF,MF,,,group
w:1971-09-11:panasiuk,Костянтин Панасюк,DF,DF,,,group
w:1975-09-09:fedirchik,Богдан Федірчик,MF,MF,,,group
w:1976-10-03:matiash,Валерій Матяш,DF,DF,,,group
w:1974-11-11:pavlovich,Віктор Павлович,DF,DF,,,group
w:1978-08-06:veretinski,Олег Веретинський,MF,MF,,,group
w:1969-09-01:haevik,Олег Гаєвик,DF,DF,,,group
w:1977-03-12:lihotvorik,Сергій Ліхотворік,DF,DF,,,group
w:1974-11-13:fedorkiv,Михайло Федорків,DF,DF,,,group
w:1971-11-23:levchuk,Юрій Левчук,DF,DF,,,group
w:1968-02-29:shtihar,Павло Штихар,DF,DF,,,group
w:1964-02-02:raiko,Сергій Райко,MF,MF,,,group
w:1974-02-27:rihard,Данило Ріхард,GK,GK,,,group_gk
w:1973-03-05:fedoriv,Василь Федорів,MF,MF,,,group
w:1962-04-20:liuti,Володимир Лютий,FW,ST,,,group
w:1975-08-08:jarkov,Ярослав Жарков,FW,ST,,,group
w:1978-06-25:pedchenko,Олег Педченко,FW,ST,,,group
w:1978-03-07:leonidov,Юрій Леонідов,DF,DF,,,group
w:1974-09-21:shvets,Сергій Швець,MF,MF,,,group
w:1971-10-05:muzika,Олег Музика,MF,MF,,,group
w:1978-03-30:pidvalni,Сергій Підвальний,DF,DF,,,group
w:1971-07-29:hoshovski,Роман Гошовський,DF,DF,,,group
w:1979-02-04:volovik,Руслан Воловик,MF,MF,,,group
w:1967-08-30:postovoi,Вадим Постовой,MF,MF,,,group
w:1976-03-13:reshetniak,Сергій Решетняк,MF,MF,,,group
w:1970-05-23:mazur,Сергій Мазур,DF,DF,,,group
w:1973-08-01:bohunov,Сергій Богунов,MF,MF,,,group
w:1962-02-15:diki,Володимир Дикий,FW,ST,,,group
w:1961-11-14:troitski,Сергій Троїцький,DF,DF,,,group
w:1964-01-28:mozoliuk,Володимир Мозолюк,FW,ST,,,group
w:1973-07-01:krukovets,Сергій Круковець,DF,DF,,,group
w:1964-02-19:salimov,Фанас Салімов,MF,MF,,,group
w:1972-11-27:nikitin,Руслан Нікітін,MF,MF,,,group
w:1958-08-05:fedetski,Андрій Федецький,MF,MF,,,group
w:1965-05-11:mustafaev,Асан Мустафаєв,DF,DF,,,group
w:1965-01-12:bondarchuk,Василь Бондарчук,MF,MF,,,group
w:1969-08-25:rosliakov,Андрій Росляков,MF,MF,,,group
w:1971-05-28:avakov,Арсен Аваков,DF,DF,,,group
w:1970-03-06:lobas,Володимир Лобас,FW,ST,,,group
w:1970-10-01:sirota,Святослав Сирота,GK,GK,,,group_gk
w:1970-03-05:tutichenko,Дмитро Тутиченко,MF,MF,,,group
w:1963-11-05:romanov,Юрій Романов,DF,DF,,,group
w:1970-12-06:hashkin,Андрій Гашкін,MF,MF,,,group
w:1970-08-01:shevchuk,Віталій Шевчук,MF,MF,,,group
w:1961-07-29:tarasenko,Віталій Тарасенко,DF,DF,,,group
w:1974-02-08:rizun,Микола Різун,DF,DF,,,group
w:1965-10-11:horili,Володимир Горілий,DF,DF,,,group
w:1968-05-27:sisoev,Євген Сисоєв,DF,DF,,,group
w:1969-05-02:ternavski,Владислав Тернавський,DF,DF,,,group
w:1968-09-01:habiskiria,Юрій Габіскірія,MF,MF,,,group
w:1970-04-15:matrosov,Олександр Матросов,DF,DF,,,group
w:1970-02-08:horshkov,Олександр Горшков,MF,MF,,,group
w:1970-08-29:kastorni,Олег Касторний,DF,DF,,,group
w:1962-08-24:suharev,Сергій Сухарев,DF,DF,,,group
w:1973-03-25:miroshnichenko,Роман Мірошниченко,FW,ST,,,group
w:1971-12-27:parhomenko,Андрій Пархоменко,MF,MF,,,group
w:1962-06-05:smotrich,Юрій Смотрич,DF,DF,,,group
w:1963-08-22:kulish,Юрій Куліш,MF,MF,,,group
w:1971-10-21:prohorenkov,Олексій Прохоренков,FW,ST,,,group
w:1975-11-25:kravchenko,Андрій Кравченко,FW,ST,,,group
w:1960-08-30:olinik,Віктор Олійник,DF,DF,,,group
w:1971-02-07:sich,Микола Сич,DF,DF,,,group
w:1963-01-06:kondratenko,Андрій Кондратенко,DF,DF,,,group
w:1971-06-22:maiboroda,Сергій Майборода,DF,DF,,,group
w:1971-10-14:dimitrishvili,Темурі Дімітрішвілі,DF,DF,,,group
w:1977-10-26:iaschuk,Олег Ящук,FW,ST,,,group
w:1975-01-05:andriuschenko,Анатолій Андрющенко,DF,DF,,,group
w:1969-06-22:kavteladze,Анзор Кавтеладзе,MF,MF,,,group
w:1965-03-22:hrihorchuk,Роман Григорчук,FW,ST,,,group
w:1962-04-17:puchkov,Сергій Пучков,DF,DF,,,group
w:1963-11-27:iarmolich,Сергій Ярмолич,DF,DF,,,group
w:1968-04-25:ovcharenko,Юрій Овчаренко,FW,ST,,,group
w:1974-03-14:vanin,Володимир Ванін,FW,ST,,,group
w:1960-04-15:burch,Михайло Бурч,GK,GK,,,group_gk
w:1975-09-27:borisiuk,Андрій Борисюк,FW,ST,,,group
w:1971-08-15:hela,Гела Квітатіані,DF,DF,,,group
w:1962-08-20:huihanov,Олександр Гуйганов,DF,DF,,,group
w:1970-12-16:andreiko,Роман Андрейко,FW,ST,,,group
w:1967-01-01:piskun,Едуард Піскун,MF,MF,,,group
w:1967-02-07:bidulko,Дмитро Бідулько,MF,MF,,,group
w:1976-03-25:kian,Володимир Кіян,MF,MF,,,group
w:1973-03-21:zaichenko,Юрій Зайченко,FW,ST,,,group
w:1972-02-04:kovalov,Сергій Ковальов,MF,MF,,,group
w:1976-08-22:liashenko,Олег Ляшенко,DF,DF,,,group
w:1966-08-05:huschin,Олександр Гущин,FW,ST,,,group
w:1974-10-23:kotik,Олександр Котік,DF,DF,,,group
w:1973-09-09:savchenko,Володимир Савченко,GK,GK,,,group_gk
w:1972-04-29:nemodruk,Євген Немодрук,GK,GK,,,group_gk
w:1971-07-05:kabachenko,Олександр Кабаченко,DF,DF,,,group
w:1973-07-17:sali,Володимир Салій,DF,DF,,,group
w:1971-08-22:suvorov,В'ячеслав Суворов,FW,ST,,,group
w:1972-05-04:husak,Богдан Гусак,MF,MF,,,group
w:1970-06-02:chorni,Сергій Чорний,MF,MF,,,group
w:1960-09-15:cherednik,Олексій Чередник,DF,DF,,,group
w:1973-07-21:emerson,Емерсон,FW,ST,,,group
w:1972-08-24:baziliak,Олександр Базиляк,MF,MF,,,group
w:1968-08-15:serchenko,Валерій Серченко,GK,GK,,,group_gk
w:1977-03-28:fenin,Юрій Фенін,MF,MF,,,group
w:1968-04-14:kudliuk,Валерій Кудлюк,MF,MF,,,group
w:1971-09-05:kovalenko,Олександр Коваленко,GK,GK,,,group_gk
w:1971-02-21:chmeruk,Сергій Чмерук,MF,MF,,,group
w:1974-08-22:efremov,Ігор Єфремов,FW,ST,,,group
w:1968-01-14:andreas,Андреас Зассен,MF,MF,,,group
w:1975-12-25:bezubko,Євген Беззубко,MF,MF,,,group
w:1972-03-17:bohach,Володимир Богач,DF,DF,,,group
w:1963-03-22:kuznetsov,Олег Кузнєцов,DF,DF,,,group
w:1968-03-14:kulev,Вагіф Кулієв,FW,ST,,,group
w:1974-02-04:hairov,Самір Хаіров,DF,DF,,,group
w:1975-01-02:kovalenko,Костянтин Коваленко,MF,MF,,,group
w:1963-09-11:litovchenko,Геннадій Литовченко,MF,MF,,,group
w:1967-03-25:sandul,Олег Сандул,DF,DF,,,group
w:1975-09-22:derik,Олександр Дерік,DF,DF,,,group
w:1960-07-19:sich,Олег Сич,MF,MF,,,group
w:1973-03-01:barkalov,Сергій Баркалов,GK,GK,,,group_gk
w:1966-03-28:salo,Ігор Сало,DF,DF,,,group
w:1973-01-28:tarabrin,Олександр Тарабрін,MF,MF,,,group
w:1977-05-14:shapovalov,Олексій Шаповалов,FW,ST,,,group
w:1970-05-05:eschenko,Олександр Єщенко,MF,MF,,,group
w:1976-04-01:kurilenko,Віктор Куриленко,MF,MF,,,group
w:1979-12-23:shakun,Сергій Шакун,MF,MF,,,group
w:1961-09-18:dunai,Віталій Дунай,MF,MF,,,group
w:1972-08-25:marashov,Олександр Марашов,MF,MF,,,group
w:1973-09-07:perehrim,Дмитро Перегрім,DF,DF,,,group
w:1972-01-14:pronin,Сергій Пронін,MF,MF,,,group
w:1965-07-23:taran,Вадим Таран,DF,DF,,,group
w:1979-10-20:baranov,Василь Баранов,MF,MF,,,group
w:1970-11-10:boiar,Руслан Бояр,FW,ST,,,group
w:1974-02-01:kito,Станіслав Кітто,MF,MF,,,group
w:1970-05-21:chaika,Віталій Чайка,DF,DF,,,group
w:1976-08-21:baranov,Євгеній Баранов,MF,MF,,,group
w:1974-10-11:zablotski,Сергій Заблоцький,MF,MF,,,group
w:1969-12-22:hmel,Роман Хмель,FW,ST,,,group
w:1971-12-16:rubanchuk,Валерій Рубанчук,MF,MF,,,group
w:1973-06-25:hriner,Андрій Грінер,MF,MF,,,group
w:1960-09-25:belanov,Ігор Бєланов,FW,ST,,,group
w:1967-08-15:zenin,Юрій Зенін,MF,MF,,,group
w:1971-09-08:meleshko,Роман Мелешко,MF,MF,,,group
w:1974-04-14:kopetski,Дмитро Копецький,MF,MF,,,group
w:1976-07-18:polivoda,Андрій Полівода,MF,MF,,,group
w:1969-10-12:mafumba,Мфілю Мафумба,MF,MF,,,group
w:1975-10-12:teodorovich,Артур Теодорович,MF,MF,,,group
w:1978-11-26:maschenko,Дмитро Мащенко,FW,ST,,,group
w:1975-06-23:zahoruiko,Сергій Загоруйко,DF,DF,,,group
w:1964-10-01:azovski,Іван Азовський,MF,MF,,,group
w:1969-04-03:skorik,Павло Скорик,DF,DF,,,group
w:1972-06-13:danilko,Роман Данилко,MF,MF,,,group
w:1976-03-13:chaplihin,Сергій Чаплигін,DF,DF,,,group
w:1977-08-27:batsmanov,Олександр Бацманов,MF,MF,,,group
w:1959-06-28:iaschenko,Сергій Ященко,MF,MF,,,group
w:1968-02-02:finkel,Борис Фінкель,FW,ST,,,group
w:1963-03-01:novak,Володимир Новак,DF,DF,,,group
w:1971-04-18:nichenko,Ігор Ніченко,FW,ST,,,group
w:1963-11-12:sobotiuk,Сергій Соботюк,DF,DF,,,group
w:1968-02-01:sarnavski,Ігор Сарнавський,DF,DF,,,group
w:1961-04-23:turchinenko,Микола Турчиненко,DF,DF,,,group
w:1961-10-21:sapronov,Сергій Сапронов,DF,DF,,,group
w:1966-04-12:telesnenko,Андрій Телесненко,DF,DF,,,group
w:1967-11-26:polischuk,Анатолій Поліщук,DF,DF,,,group
w:1965-04-30:len,Юрій Лень,MF,MF,,,group
w:1960-02-21:valenko,Едуард Валенко,FW,ST,,,group
w:1971-09-21:shulha,Владислав Шульга,MF,MF,,,group
w:1961-06-29:homonov,Сергій Гомонов,DF,DF,,,group
w:1970-09-21:dziubenko,Геннадій Дзюбенко,MF,MF,,,group
w:1967-07-14:kornets,Ігор Корнієць,MF,MF,,,group
w:1966-01-02:timoschuk,Ігор Тімощук,DF,DF,,,group
w:1973-02-19:shaporenko,Руслан Шапоренко,FW,ST,,,group
w:1975-12-18:mahonin,Віталій Махонін,FW,ST,,,group
w:1968-05-05:alibaev,Сефер Алібаєв,DF,DF,,,group
w:1968-09-06:bedni,Володимир Бєдний,DF,DF,,,group
w:1965-09-14:esipov,Олександр Єсипов,MF,MF,,,group
w:1970-01-06:iablonski,Віктор Яблонський,MF,MF,,,group
w:1960-02-23:nakonechni,Ігор Наконечний,MF,MF,,,group
w:1965-03-16:rolevich,Олександр Ролевич,DF,DF,,,group
w:1958-01-13:sivuha,Юрій Сивуха,GK,GK,,,group_gk
w:1962-03-23:zaets,Олександр Заєць,FW,ST,,,group
w:1968-04-29:sinitski,Олег Синицький,DF,DF,,,group
w:1968-06-21:kuznetsov,Ігор Кузнецов,DF,DF,,,group
w:1964-05-07:kabanets,Ігор Кабанець,MF,MF,,,group
w:1964-01-28:hridiushko,Олександр Гридюшко,FW,ST,,,group
w:1967-10-18:nikiforov,Олександр Никифоров,MF,MF,,,group
w:1964-01-16:fasahov,Тагір Фасахов,FW,ST,,,group
w:1970-03-29:eremev,В'ячеслав Єремеєв,MF,MF,,,group
w:1970-11-25:zaiarni,Володимир Заярний,MF,MF,,,group
w:1966-11-30:laba,Роман Лаба,FW,ST,,,group
w:1972-02-09:nikonchuk,Валентин Никончук,FW,ST,,,group
w:1963-09-18:tkachuk,Валерій Ткачук,MF,MF,,,group
w:1972-08-15:martsun,Олександр Марцун,DF,DF,,,group
w:1964-04-15:brundjadze,Ніязі Брунджадзе,MF,MF,,,group
w:1963-01-25:petrik,Олександр Петрик,FW,ST,,,group
w:1970-11-15:kovtun,Михайло Ковтун,DF,DF,,,group
w:1971-06-19:hetikov,Юрій Гетіков,DF,DF,,,group
w:1963-02-07:protsiuk,Сергій Процюк,DF,DF,,,group
w:1970-04-18:saprikin,Євген Саприкін,FW,ST,,,group
w:1968-04-29:pohodin,Сергій Погодін,FW,ST,,,group
w:1969-03-27:aleksanenkov,Андрій Алексаненков,DF,DF,,,group
w:1957-04-16:sorokalet,Олександр Сорокалєт,DF,DF,,,group
w:1973-04-13:zaitsev,Сергій Зайцев,DF,DF,,,group
w:1972-05-15:sherabokov,Сергій Шерабоков,MF,MF,,,group
w:1964-03-28:bonetski,Сергій Бонецький,MF,MF,,,group
w:1967-02-22:shubin,Сергій Шубін,FW,ST,,,group
w:1970-12-28:travin,Дмитро Травін,MF,MF,,,group
w:1969-11-01:djishkariani,Михайло Джишкаріані,FW,ST,,,group
w:1972-09-20:lomakin,Валерій Ломакін,FW,ST,,,group
w:1971-01-13:pindev,Олександр Піндєєв,FW,ST,,,group
w:1968-10-29:hachatrian,Вардан Хачатрян,DF,DF,,,group
w:1974-06-18:ustimenko,Максим Устименко,FW,ST,,,group
w:1974-01-10:romanenko,Олександр Романенко,FW,ST,,,group
w:1975-03-31:kuznetsov,Віктор Кузнецов,MF,MF,,,group
w:1971-10-13:shemetev,Олександр Шеметєв,FW,ST,,,group
w:1970-04-08:fihun,Іван Фігун,MF,MF,,,group
w:1965-01-29:chernishov,Сергій Чернишов,MF,MF,,,group
w:1976-04-04:domushkin,Сергій Дьомушкін,DF,DF,,,group
w:1967-04-12:kozak,Ярослав Козак,FW,ST,,,group
w:1971-02-07:zavaliak,Ігор Заваляк,DF,DF,,,group
w:1970-12-13:visokos,Валерій Високос,MF,MF,,,group
w:1970-09-07:cholokava,Володимир Чолокава,MF,MF,,,group
w:1960-01-29:iakubovski,Ігор Якубовський,MF,MF,,,group
w:1973-04-04:petrunia,Сергій Петруня,DF,DF,,,group
w:1966-07-02:buts,Петро Буц,DF,DF,,,group
w:1960-01-07:shoh,Антон Шох,MF,MF,,,group
w:1976-03-21:demenko,Максим Деменко,DF,DF,,,group
w:1975-12-13:anosov,Микола Аносов,FW,ST,,,group
w:1971-01-21:bojenko,Вадим Боженко,MF,MF,,,group
w:1968-11-02:holovati,Володимир Головатий,MF,MF,,,group
w:1973-02-05:chunihin,Аркадій Чуніхін,MF,MF,,,group
w:1966-03-31:iurchenko,Юрченко Микола Миколайович (футболіст),MF,MF,,,group
w:1968-02-08:biliai,Анатолій Біляй,DF,DF,,,group
w:1972-04-04:hvadahiani,Вахтанг Хвадагіані,DF,DF,,,group
w:1974-02-20:hora,В'ячеслав Гора,MF,MF,,,group
w:1970-12-22:babuadze,Георгій Бабуадзе,GK,GK,,,group_gk
w:1976-08-18:efimov,Андрій Єфімов,FW,ST,,,group
w:1965-04-12:skala,Юрій Скала,MF,MF,,,group
w:1974-02-12:shevirov,Валерій Шевирьов,DF,DF,,,group
w:1974-08-30:tischenko,Максим Тищенко,MF,MF,,,group
w:1975-02-10:vasilev,Вадим Васильєв,MF,MF,,,group
w:1974-02-02:hadelia,Теймураз Гаделія,FW,ST,,,group
w:1960-12-08:zaiats,Ярослав Заяць,DF,DF,,,group
w:1974-11-27:mamuka,Мамука Русія,MF,MF,,,group
w:1960-01-11:taran,Олег Таран,FW,ST,,,group
w:1962-08-30:evsev,Василь Євсєєв,DF,DF,,,group
w:1975-12-31:aladashvili,Кахабер Аладашвілі,MF,MF,,,group
w:1962-11-29:dovhalets,Олександр Довгалець,MF,MF,,,group
w:1969-03-16:baisarovich,Андрій Байсарович,GK,GK,,,group_gk
w:1972-11-13:sinitsin,Андрій Сініцин,MF,MF,,,group
w:1971-05-23:taran,Ігор Таран,MF,MF,,,group
w:1976-01-22:ukrainets,Ігор Українець,FW,ST,,,group
w:1974-08-03:chistiakov,Олексій Чистяков,MF,MF,,,group
w:1971-03-14:pletnov,Андрій Плетньов,FW,ST,,,group
w:1972-05-05:kapustnikov,Олег Капустніков,DF,DF,,,group
w:1966-11-23:hromei,Віталій Хромей,MF,MF,,,group
w:1964-09-08:isaev,Олександр Ісаєв,DF,DF,,,group
w:1976-01-22:chaladze,Дато Чаладзе,FW,ST,,,group
w:1965-03-18:juravlenko,Олександр Журавленко,MF,MF,,,group
w:1976-04-27:stepanov,Віталій Степанов,MF,MF,,,group
w:1970-05-06:sinkov,Юрій Синьков,MF,MF,,,group
w:1968-08-02:katerusha,Юрій Катеруша,MF,MF,,,group
w:1963-08-30:kuznetsov,Микола Кузнєцов,MF,MF,,,group
w:1974-08-03:rehviashvili,Александр Рехвіашвілі,MF,MF,,,group
w:1956-09-17:hrachov,Віктор Грачов,FW,ST,,,group
w:1969-12-09:liubimov,Олександр Любимов,MF,MF,,,group
w:1963-10-14:melnichuk,Ігор Мельничук,MF,MF,,,group
w:1977-08-03:omelianovich,Сергій Омельянович,MF,MF,,,group
w:1972-05-20:korobov,Сергій Коробов,MF,MF,,,group
w:1974-08-18:sumtsov,Олег Сумцов,DF,DF,,,group
w:1972-06-11:hatilov,Юрій Гатилов,FW,ST,,,group
w:1969-01-01:zaev,Роман Заєв,MF,MF,,,group
w:1974-01-24:sirik,Анатолій Сірик,DF,DF,,,group
w:1972-02-27:lastivka,Юрій Ластівка,FW,ST,,,group
w:1970-05-02:iarkov,Сергій Ярков,FW,ST,,,group
w:1969-04-25:kostikov,Олег Костіков,FW,ST,,,group
w:1964-10-04:merab,Мераб Тевзадзе,MF,MF,,,group
w:1972-04-08:zapishni,Андрій Запишний,MF,MF,,,group
w:1963-06-20:tsimbal,Сергій Цимбал,DF,DF,,,group
w:1976-05-06:pedorenko,Дмитро Педоренко,DF,DF,,,group
w:1964-11-07:koliada,Ігор Коляда,FW,ST,,,group
w:1960-07-16:havrilov,Володимир Гаврилов,GK,GK,,,group_gk
w:1968-02-09:soshko,Володимир Сошко,MF,MF,,,group
w:1974-12-23:pertia,Ромаз Пертія,MF,MF,,,group
w:1960-04-02:prichinenko,Володимир Причиненко,DF,DF,,,group
w:1967-02-04:miliukin,Ігор Мілюкін,DF,DF,,,group
w:1959-01-20:prohorov,Юрій Прохоров,GK,GK,,,group_gk
w:1971-08-20:shikir,Олег Шикир,DF,DF,,,group
w:1971-01-30:surelo,Сергій Сурело,DF,DF,,,group
w:1974-01-06:hamtsemlidze,Паата Гамцемлідзе,MF,MF,,,group
w:1967-04-11:matvichuk,Сергій Матвійчук,MF,MF,,,group
w:1966-12-24:tkachov,Борис Ткачов,GK,GK,,,group_gk
w:1973-02-25:iaschuk,Олег Ящук,MF,MF,,,group
w:1970-11-03:hopei,Олег Гопей,MF,MF,,,group
w:1975-08-19:sharabura,Сергій Шарабура,MF,MF,,,group
w:1975-05-04:lisakovski,Андрій Лисаковський,MF,MF,,,group
w:1976-11-04:masuliak,Андрій Масуляк,MF,MF,,,group
w:1967-02-14:seleznov,Олег Селезньов,DF,DF,,,group
w:1970-04-21:melashenko,Юрій Мелашенко,GK,GK,,,group_gk
w:1973-01-06:matiuhin,Віталій Матюхін,DF,DF,,,group
w:1975-11-28:nerovni,Сергій Неровний,MF,MF,,,group
w:1970-01-23:kulakovski,Сергій Кулаковський,MF,MF,,,group
w:1970-06-23:kolesnikov,Ігор Колесников,GK,GK,,,group_gk
w:1974-11-15:skripka,Володимир Скрипка,DF,DF,,,group
w:1974-03-11:menshikov,Андрій Меньшиков,MF,MF,,,group
w:1962-04-01:horbenko,Юрій Горбенко,FW,ST,,,group
w:1975-01-28:vorobei,Родіон Воробей,MF,MF,,,group
w:1976-03-17:chuchkevich,Віктор Чучкевич,FW,ST,,,group
w:1974-02-27:hudima,Руслан Гудима,MF,MF,,,group
w:1974-12-26:tischenko,Станіслав Тищенко,GK,GK,,,group_gk
w:1974-08-24:alsauhi,Насер Аль-Саухі,FW,ST,,,group
w:1972-07-12:ledovskih,Костянтин Лєдовських,GK,GK,,,group_gk
w:1977-11-20:zentsov,Денис Зенцов,MF,MF,,,group
w:1976-09-01:badlo,Сергій Бадло,DF,DF,,,group
w:1977-00-00:maiorenko,Вадим Майоренко,MF,MF,,,group
w:1977-09-10:marchenko,Сергій Марченко,MF,MF,,,group
w:1969-02-18:paios,Андрій Пайос,MF,MF,,,group
w:1973-11-04:ohrimchuk,Сергій Охрімчук,MF,MF,,,group
w:1969-02-18:sadovi,Сергій Садовий,MF,MF,,,group
w:1977-10-27:fedoruk,Олег Федорук,MF,MF,,,group
w:1969-05-28:pritula,Андрій Притула,DF,DF,,,group
w:1972-09-22:taranov,Владислав Таранов,FW,ST,,,group
w:1975-08-28:maherovich,Сергій Магерович,MF,MF,,,group
w:1977-10-29:smirnov,Андрій Смірнов,MF,MF,,,group
w:1973-04-29:hluschenko,Анатолій Глущенко,GK,GK,,,group_gk
w:1970-10-27:holovan,Валерій Головань,MF,MF,,,group
w:1977-00-00:evhen,Євген Сєріков,MF,MF,,,group
w:1967-05-11:nikolaenko,Леонід Ніколаєнко,DF,DF,,,group
w:1970-05-03:kres,Володимир Кресс,MF,MF,,,group
w:1965-08-12:tiapushkin,Дмитро Тяпушкін,GK,GK,,,group_gk
w:1964-09-16:horoshinski,Валерій Горошинський,DF,DF,,,group
w:1973-03-20:shpirnov,Роман Шпірнов,DF,DF,,,group
w:1968-01-08:markov,Віталій Марков,DF,DF,,,group
w:1970-04-20:shinkarov,Андрій Шинкарьов,DF,DF,,,group
w:1964-02-13:drahunov,Євген Драгунов,DF,DF,,,group
w:1973-03-20:pavlov,Володимир Павлов,DF,DF,,,group
w:1964-01-09:litvinov,Геннадій Літвінов,DF,DF,,,group
w:1965-01-05:voitiuk,Олександр Войтюк,DF,DF,,,group
w:1960-02-15:tsiselski,Ігор Цісельський,DF,DF,,,group
w:1957-11-28:alistarov,Валерій Алістаров,MF,MF,,,group
w:1969-08-23:homuha,Дмитро Хомуха,MF,MF,,,group
w:1967-11-05:chuhleba,Олег Чухлєба,DF,DF,,,group
w:1970-03-07:knish,Володимир Книш,DF,DF,,,group
w:1966-10-28:lantsfer,Ярослав Ланцфер,DF,DF,,,group
w:1973-08-17:lebid,Володимир Лебідь,FW,ST,,,group
w:1960-05-15:shevchenko,Сергій Шевченко,MF,MF,,,group
w:1969-01-23:ponomarenko,Віталій Пономаренко,DF,DF,,,group
w:1958-12-16:antoniuk,Володимир Антонюк,DF,DF,,,group
w:1961-09-14:bilous,Дмитро Білоус,MF,MF,,,group
w:1969-05-21:aleksandrov,Вадим Александров,DF,DF,,,group
w:1968-10-13:litvinenko,Ігор Литвиненко,FW,ST,,,group
w:1961-01-24:chernih,Геннадій Черних,MF,MF,,,group
w:1971-02-23:naduda,Олег Надуда,MF,MF,,,group
w:1969-10-05:kersteniuk,Олег Керстенюк,MF,MF,,,group
w:1969-09-24:humeniuk,Ігор Гуменюк,MF,MF,,,group
w:1971-06-15:hritsina,Юрій Гріцина,FW,ST,,,group
w:1972-10-30:karamustafa,Дмитро Кара-Мустафа,MF,MF,,,group
w:1969-09-09:kriachik,Євген Крячик,MF,MF,,,group
w:1967-03-06:uzakov,Руслан Узаков,DF,DF,,,group
w:1965-01-31:hula,Олег Гула,DF,DF,,,group
w:1969-06-11:povedonok,Анатолій Поведьонок,MF,MF,,,group
w:1965-01-17:danilishin,Віктор Данилишин,MF,MF,,,group
w:1971-01-17:kurbatski,Дмитро Курбатський,MF,MF,,,group
w:1970-01-14:poluliah,В'ячеслав Полулях,FW,ST,,,group
w:1974-08-03:varaksin,Кирило Вараксін,MF,MF,,,group
w:1960-11-03:budnik,Віктор Будник,MF,MF,,,group
w:1959-03-10:petrov,Олександр Петров,GK,GK,,,group_gk
w:1962-03-18:hruslov,В'ячеслав Хруслов,DF,DF,,,group
w:1965-02-15:pokidko,Ігор Покідько,DF,DF,,,group
w:1972-06-30:reshetnik,Павло Решетник,GK,GK,,,group_gk
w:1962-03-22:zadorojniak,Василь Задорожняк,MF,MF,,,group
w:1956-10-20:hamali,Іван Гамалій,MF,MF,,,group
w:1960-04-05:tarasov,Юрій Тарасов,FW,ST,,,group
w:1969-08-18:zaets,Сергій Заєць,DF,DF,,,group
w:1970-02-07:herasimets,Володимир Герасимець,DF,DF,,,group
w:1966-01-02:korzanov,Олександр Корзанов,DF,DF,,,group
w:1970-02-01:sidorkin,В'ячеслав Сидоркін,DF,DF,,,group
w:1973-05-26:rahaev,Ігор Рахаєв,FW,ST,,,group
w:1969-01-21:bezsmertni,Анатолій Безсмертний,DF,DF,,,group
w:1973-01-05:ashurbekov,Ерік Ашурбеков,MF,MF,,,group
w:1971-02-04:huralik,Володимир Гуралик,MF,MF,,,group
w:1969-07-08:steblovski,Андрій Стебловський,FW,ST,,,group
w:1970-01-01:hlan,Володимир Хлань,DF,DF,,,group
w:1972-05-11:haiduk,Олександр Гайдук,FW,ST,,,group
w:1962-11-24:avdenko,Юрій Авдеєнко,FW,ST,,,group
w:1969-08-04:kozub,Ігор Козуб,MF,MF,,,group
w:1970-01-25:liubinetski,Сергій Любинецький,FW,ST,,,group
w:1972-04-27:semenov,Віталій Семенов,DF,DF,,,group
w:1965-01-17:bubis,Іван Бубісь,MF,MF,,,group
w:1971-08-11:hvoia,Олег Хвоя,DF,DF,,,group
w:1970-06-12:burlaka,Сергій Бурлака,MF,MF,,,group
w:1973-11-12:kirepko,Анатолій Кірепко,MF,MF,,,group
w:1964-03-26:novoseltsev,Юрій Новосельцев,MF,MF,,,group
w:1976-08-22:hamal,Сергій Гамаль,MF,MF,,,group
w:1970-05-13:anisimkov,Віктор Анісімков,DF,DF,,,group
w:1968-05-03:visochanski,Ігор Височанський,MF,MF,,,group
w:1965-09-27:jorjoliani,Гоча Жоржоліані,GK,GK,,,group_gk
w:1969-09-21:androschuk,Олександр Андрощук,MF,MF,,,group
w:1962-05-30:rafalchuk,Віктор Рафальчук,MF,MF,,,group
w:1965-03-06:kovtun,Віталій Ковтун,MF,MF,,,group
w:1963-12-17:tsiba,Володимир Циба,FW,ST,,,group
w:1974-09-06:sultanov,Ельман Султанов,DF,DF,,,group
w:1963-01-22:korotaev,Андрій Коротаєв,MF,MF,,,group
w:1974-03-20:avramenko,Володимир Авраменко,MF,MF,,,group
w:1965-01-28:poliakov,Віталій Поляков,FW,ST,,,group
w:1976-09-19:vereschaka,Андрій Верещака,DF,DF,,,group
w:1961-01-15:suslo,Віктор Сусло,DF,DF,,,group
w:1968-09-07:zinich,Володимир Зінич,FW,ST,,,group
w:1961-01-08:kuznetsov,Віктор Кузнецов,MF,MF,,,group
w:1970-04-18:shvets,Орест Швець,DF,DF,,,group
w:1971-05-04:scherbina,Ігор Щербина,DF,DF,,,group
w:1959-01-05:smolianinov,Олег Смолянинов,FW,ST,,,group
w:1973-10-20:mansurov,Раміс Мансуров,MF,MF,,,group
w:1969-09-04:chaika,Андрій Чайка,MF,MF,,,group
w:1972-06-26:pahomov,Костянтин Пахомов,MF,MF,,,group
w:1970-04-05:savenko,Олександр Савенко,FW,ST,,,group
w:1974-07-13:unhurian,Андрій Унгурян,FW,ST,,,group
w:1974-09-14:vozniuk,Сергій Вознюк,FW,ST,,,group
w:1968-12-23:keniz,Михайло Кенийз,MF,MF,,,group
w:1970-12-13:burlaka,Сергій Бурлака,GK,GK,,,group_gk
w:1961-01-15:morozov,Сергій Морозов,FW,ST,,,group
w:1960-04-29:baranov,Олександр Баранов,MF,MF,,,group
w:1975-05-10:iakovenko,Сергій Яковенко,MF,MF,,,group
w:1960-06-12:kvasnikov,Сергій Квасніков,GK,GK,,,group_gk
w:1976-01-24:holovir,Олег Головір,DF,DF,,,group
w:1975-12-22:petrov,Андрій Петров,MF,MF,,,group
w:1968-10-20:mojovi,Олександр Мозговий,DF,DF,,,group
w:1972-04-12:malik,Віталій Малик,FW,ST,,,group
w:1972-02-17:rohojkin,Олександр Рогожкін,GK,GK,,,group_gk
w:1965-09-16:arakelian,Самвел Аракелян,FW,ST,,,group
w:1960-01-07:kondratev,Георгій Кондратьєв,FW,ST,,,group
w:1971-01-04:suchko,Владислав Сучко,MF,MF,,,group
w:1972-08-05:lesik,Микола Лесік,MF,MF,,,group
w:1967-01-27:daniliv,Юрій Данилів,FW,ST,,,group
w:1972-04-05:halev,Гліб Галєєв,FW,ST,,,group
w:1958-01-27:kriachko,Валентин Крячко,DF,DF,,,group
w:1974-01-31:cherepenkin,Микола Черепенькин,DF,DF,,,group
w:1962-02-11:rudi,Віктор Рудий,MF,MF,,,group
w:1975-02-20:zadov,Михайло Задов,MF,MF,,,group
w:1970-02-25:bojenko,Вадим Боженко,GK,GK,,,group_gk
w:1965-10-30:chaika,Олег Чайка,MF,MF,,,group
w:1971-06-09:palamarchuk,Олександр Паламарчук,MF,MF,,,group
w:1971-06-30:chachkin,Андрій Чачкін,FW,ST,,,group
w:1973-02-08:fadeichev,Андрій Фадеічев,MF,MF,,,group
w:1977-09-02:marich,Роман Марич,FW,ST,,,group
w:1971-01-21:sivahin,Олександр Сівагін,MF,MF,,,group
w:1961-09-30:bratchikov,Ігор Братчиков,MF,MF,,,group
w:1969-02-16:hudiakov,Юрій Худяков,FW,ST,,,group
w:1974-10-03:hrischenko,Андрій Грищенко,MF,MF,,,group
w:1964-10-07:akbarov,Едуард Акбаров,MF,MF,,,group
w:1972-12-12:ohorodnik,Олександр Огороднік,DF,DF,,,group
w:1972-03-23:avdev,Олександр Авдєєв,MF,MF,,,group
w:1977-01-28:artiuhov,Федір Артюхов,FW,ST,,,group
w:1977-01-08:shpak,Олексій Шпак,GK,GK,,,group_gk
w:1972-04-15:tarasenko,Юрій Тарасенко,FW,ST,,,group
w:1972-04-09:somik,Михайло Сомик,MF,MF,,,group
w:1961-01-01:mahinia,Юрій Махиня,DF,DF,,,group
w:1970-08-19:muschinka,Анатолій Мущинка,MF,MF,,,group
w:1971-10-11:pomazun,Олександр Помазун,GK,GK,,,group_gk
w:1961-08-18:polni,Іван Польний,DF,DF,,,group
w:1971-09-21:holovan,Олег Головань,FW,ST,,,group
w:1961-03-02:zolotnitski,Євгеній Золотницький,DF,DF,,,group
w:1966-01-16:bakalov,Юрій Бакалов,MF,MF,,,group
w:1967-06-25:voronejski,Сергій Воронежський,DF,DF,,,group
w:1966-02-18:marev,Андрій Марєєв,MF,MF,,,group
w:1969-01-04:marchak,Мирослав Марчак,MF,MF,,,group
w:1964-05-16:moisev,Ігор Моісеєв,GK,GK,,,group_gk
w:1970-09-03:shvirkov,Борис Швирков,DF,DF,,,group
w:1969-11-27:bordiuh,Володимир Бордюг,MF,MF,,,group
w:1958-07-03:mashnin,Валерій Машнін,MF,MF,,,group
w:1969-06-17:tsimbalar,Ілля Цимбалар,MF,MF,,,group
w:1964-07-30:rodnonok,Павло Родньонок,DF,DF,,,group
w:1960-03-05:hurinovich,Ігор Гуринович,FW,ST,,,group
w:1966-06-02:mehov,Олег Мєхов,FW,ST,,,group
w:1959-02-19:demianenko,Анатолій Дем'яненко,DF,DF,,,group
w:1967-10-03:laktionov,Сергій Лактіонов,MF,MF,,,group
w:1969-01-15:horiachilov,Євген Горячилов,FW,ST,,,group
w:1970-03-08:zadvorni,Ігор Задворний,FW,ST,,,group
w:1968-01-19:snihirov,Олексій Снігірьов,FW,ST,,,group
w:1965-10-03:martinkenas,Вальдемарас Мартінкенас,GK,GK,,,group_gk
w:1966-09-10:tsveiba,Ахрік Цвейба,DF,DF,,,group
w:1961-09-15:bobiliak,Ярослав Бобиляк,MF,MF,,,group
w:1973-08-13:soloviov,Олег Соловйов,FW,ST,,,group
w:1970-09-14:andrev,Сергій Андреєв,FW,ST,,,group
w:1965-03-13:matiuha,Андрій Матюха,MF,MF,,,group
w:1968-05-01:ilin,Олексій Ільїн,DF,DF,,,group
w:1968-05-29:petrov,Олег Петров,DF,DF,,,group
w:1963-07-10:panchik,Валерій Панчик,DF,DF,,,group
w:1965-02-20:medvid,В'ячеслав Медвідь,MF,MF,,,group
w:1969-09-15:vishniauskas,Відмантас Вишняускас,MF,MF,,,group
w:1970-09-16:nikiforov,Юрій Никифоров,DF,DF,,,group
w:1969-02-05:borovik,Олександр Боровик,DF,DF,,,group
w:1971-08-05:ishmirzaev,Садріддін Ішмірзаєв,MF,MF,,,group
w:1972-01-20:zelinski,Сергій Зелінський,MF,MF,,,group
w:1960-07-31:scherbakov,Олександр Щербаков,FW,ST,,,group
w:1964-12-19:iakovenko,Павло Яковенко,MF,MF,,,group
w:1972-08-13:iliuhin,Андрій Іллюхін,MF,MF,,,group
w:1967-07-05:nedorostkov,В'ячеслав Недоростков,MF,MF,,,group
w:1967-04-12:polstianov,Сергій Полстянов,FW,ST,,,group
w:1971-06-11:haidamaschuk,Володимир Гайдамащук,MF,MF,,,group
w:1968-06-24:miroshkin,Сергій Мірошкін,DF,DF,,,group
w:1973-08-12:boichishin,Олег Бойчишин,DF,DF,,,group
w:1969-12-06:tsokur,Валерій Цокур,MF,MF,,,group
w:1970-04-29:betsa,Степан Беца,MF,MF,,,group
w:1960-08-31:chaban,Сергій Чабан,GK,GK,,,group_gk
w:1965-01-25:poliakov,Олександр Поляков,DF,DF,,,group
w:1966-02-03:haria,Георгій Харя,MF,MF,,,group
w:1970-07-13:tsiura,Валерій Цюра,MF,MF,,,group
w:1968-05-12:sharipov,Геннадій Шаріпов,MF,MF,,,group
w:1962-01-21:stepanischev,Ігор Степанищев,MF,MF,,,group
w:1966-08-10:savchenko,Сергій Савченко,MF,MF,,,group
w:1967-07-20:hovoruha,Сергій Говоруха,FW,ST,,,group
w:1964-10-24:sluka,Микола Слука,MF,MF,,,group
w:1964-02-10:sofilkanich,Валерій Софілканич,FW,ST,,,group
w:1967-01-03:kvitkauskas,Гінтарас Квіткаускас,DF,DF,,,group
w:1956-03-11:kolesnikov,Юрій Колесников,FW,ST,,,group
w:1973-01-13:oshiko,Василь Ошийко,MF,MF,,,group
w:1960-08-22:shevchenko,Сергій Шевченко,DF,DF,,,group
w:1971-07-21:dolinovski,Олег Долиновський,DF,DF,,,group
w:1960-01-20:suhenko,Віктор Сухенко,MF,MF,,,group
w:1968-05-22:hulenkov,Дмитро Гуленков,GK,GK,,,group_gk
w:1966-03-10:hudimenko,Юрій Гудименко,MF,MF,,,group
w:1965-11-23:ivanov,Олександр Іванов,FW,ST,,,group
w:1967-09-04:kornev,Дмитро Корнєєв,DF,DF,,,group
w:1965-01-02:sartakov,Ігор Сартаков,MF,MF,,,group
w:1968-11-01:kunitsia,Віталій Куниця,GK,GK,,,group_gk
w:1967-01-20:sukiasian,Ерванд Сукіасян,DF,DF,,,group
w:1972-02-03:mamchur,Сергій Мамчур,DF,DF,,,group
w:1967-05-01:samoilov,Олег Самойлов,MF,MF,,,group
w:1968-10-25:vahanov,Андрій Ваганов,MF,MF,,,group
w:1959-03-11:bashkirov,Сергій Башкиров,DF,DF,,,group
w:1958-03-24:trehubov,Віктор Трегубов,DF,DF,,,group
w:1965-12-27:ovcharenko,Ігор Овчаренко,MF,MF,,,group
w:1969-11-27:korobov,Андрій Коробов,MF,MF,,,group
w:1963-02-12:filoniuk,Павло Філонюк,FW,ST,,,group
w:1966-08-16:tibilov,Гоча Тібілов,FW,ST,,,group
w:1971-10-29:malani,Руслан Маланій,MF,MF,,,group
w:1970-08-15:kurlikovski,Володимир Курліковський,DF,DF,,,group
w:1970-10-17:sasko,Олексій Сасько,DF,DF,,,group
w:1968-01-08:lupinos,Сергій Лупинос,DF,DF,,,group
w:1974-04-08:lutsiv,Андрій Луців,FW,ST,,,group
w:1975-09-05:tehaev,Олександр Тєгаєв,FW,ST,,,group
w:1972-08-19:tambovtsev,Олександр Тамбовцев,FW,ST,,,group
w:1973-08-12:patronov,Віталій Патронов,MF,MF,,,group
w:1974-03-17:bender,Павло Бендер,MF,MF,,,group
w:1968-08-27:martiniuk,Володимир Мартинюк,MF,MF,,,group
w:1963-07-20:anvar,Анвар Жаббаров,GK,GK,,,group_gk
w:1974-12-29:morhunov,Олександр Моргунов,MF,MF,,,group
w:1961-10-18:adjoev,Гурам Аджоєв,FW,ST,,,group
w:1973-12-07:aleksandrov,Сергій Александров,GK,GK,,,group_gk
w:1958-12-16:orinko,Олександр Орінко,GK,GK,,,group_gk
w:1969-11-03:borisevich,Володимир Борисевич,FW,ST,,,group
