person_id,main,alts,conf,source
w:1962-12-01:kapanadze,CAM,CM,high,uk.wikipedia.org/wiki/Капанадзе_Автанділ_Іванович
w:1971-05-27:chijevski,CB,RB,mid,en.wikipedia.org/wiki/Oleksandr_Chyzhevskyi
w:1976-01-13:shischenko,RW,CAM;ST,mid,news.sportbox.ru/Vidy_sporta/Futbol/Sergey-SHischenko-Futbol-13011976
w:1977-01-08:kostishin,CM,CDM,mid,en.wikipedia.org/wiki/Ruslan_Kostyshyn
w:1975-02-23:zotov,CM,CDM,low,en.wikipedia.org/wiki/Oleksandr_Zotov
w:1976-08-17:zakarliuka,CAM,CM,high,en.wikipedia.org/wiki/Serhiy_Zakarlyuka
w:1975-01-02:vaschuk,CB,RB,tm,https://www.transfermarkt.com/-/profil/spieler/15114
w:1972-09-25:mizin,CAM,CDM;CB,tm,https://www.transfermarkt.com/-/profil/spieler/59869
w:1974-11-21:kirlik,CM,CAM,low,en.wikipedia.org/wiki/Andriy_Kirlik
w:1975-04-18:poltavets,CDM,CM,mid,en.wikipedia.org/wiki/Valentyn_Poltavets
w:1972-01-06:holovko,CB,RB,tm,https://www.transfermarkt.com/-/profil/spieler/9782
w:1973-11-19:luchkevich,CM,,low,en.wikipedia.org/wiki/Ihor_Luchkevych
w:1978-05-06:rikun,CAM,CM,tm,https://www.transfermarkt.com/-/profil/spieler/24047
w:1974-04-25:beno,CB,,mid,en.wikipedia.org/wiki/Yuriy_Benyo
w:1975-05-06:babich,ST,,tm,https://www.transfermarkt.com/-/profil/spieler/71010
w:1973-07-13:mihailenko,CDM,CM,high,en.wikipedia.org/wiki/Dmytro_Mykhaylenko
w:1973-06-24:tsihmeistruk,CAM,LM,high,national-football-teams.com/player/11428/Eduard_Tsykhmeystruk.html
w:1969-08-26:vovchuk,CM,,low,group-default
w:1977-01-15:platonov,CB,CDM,mid,dic.academic.ru/dic.nsf/ruwiki/1599119
w:1977-06-23:pershin,CB,CDM,mid,en.wikipedia.org/wiki/Oleksandr_Pershyn
w:1973-10-26:onopko,CM,CB,low,en.wikipedia.org/wiki/Serhiy_Onopko
w:1975-02-07:medvedev,CB,,low,group-default
w:1975-05-03:sachko,ST,,tm,https://www.transfermarkt.com/-/profil/spieler/59127
w:1971-04-18:diriavka,CB,,high,en.wikipedia.org/wiki/Serhiy_Diryavka
w:1967-08-07:haidash,ST,,tm,https://www.transfermarkt.com/-/profil/spieler/183435
w:1973-08-27:kliuchik,CM,,low,group-default
w:1973-10-13:starostiak,CB,RB,high,en.wikipedia.org/wiki/Mykhaylo_Starostyak
w:1977-09-12:zubov,RM,RW,high,en.wikipedia.org/wiki/Hennadiy_Zubov
w:1975-04-02:esin,CB,CDM,low,en.wikipedia.org/wiki/Serhiy_Yesin
w:1972-02-29:palianitsia,ST,,tm,https://www.transfermarkt.com/-/profil/spieler/142526
w:1983-01-16:rusol,CB,,tm,https://www.transfermarkt.com/-/profil/spieler/24050
w:1977-04-02:koniushenko,CB,LB,mid,en.wikipedia.org/wiki/Andriy_Konyushenko
w:1971-04-22:popov,CB,CDM,mid,dic.academic.ru/dic.nsf/ruwiki/1147504
w:1975-12-10:dotsenko,CB,,low,group-default
w:1975-06-18:smirnov,CM,,low,en.wikipedia.org/wiki/Denys_Smirnov
w:1977-09-15:sliusar,CDM,CM,mid,en.wikipedia.org/wiki/Valentyn_Slyusar
w:1968-09-05:kovalets,CAM,LM;RM,tm,https://www.transfermarkt.com/-/profil/spieler/107039
w:1977-06-03:hihiadze,CAM,ST,tm,https://www.transfermarkt.com/-/profil/spieler/57878
w:1968-05-27:oparin,CM,,low,group-default
w:1977-02-04:iaksmanitski,LB,CB,low,en.wikipedia.org/wiki/Volodymyr_Yaksmanytskyi
w:1974-06-03:rebrov,ST,LW,tm,https://www.transfermarkt.com/-/profil/spieler/3122
w:1971-06-21:pokladok,ST,,tm,https://www.transfermarkt.com/-/profil/spieler/373877
w:1966-06-09:plotko,CM,,low,en.wikipedia.org/wiki/Ihor_Plotko
w:1979-03-30:timoschuk,CDM,CB,tm,https://www.transfermarkt.com/-/profil/spieler/14944
w:1972-01-23:nazarov,CM,,low,group-default
w:1980-04-15:esin,CM,CDM,low,en.wikipedia.org/wiki/Dmytro_Yesin
w:1972-03-28:korobchenko,CB,,low,protocol-group
w:1971-01-19:markin,CB,CDM,low,footballfakts.ru/person/25056
w:1973-07-31:kriventsov,CDM,CB;CM,mid,en.wikipedia.org/wiki/Valeriy_Kryventsov
w:1960-08-11:biskup,CB,CDM,low,footballfakts.ru/person/32076
w:1979-02-28:nesmachni,LB,,tm,https://www.transfermarkt.com/-/profil/spieler/9787
w:1973-03-11:musolitin,ST,,tm,https://www.transfermarkt.com/-/profil/spieler/172234
w:1979-02-10:tkachenko,LM,RM;CAM,low,news.sportbox.ru
w:1978-12-13:melaschenko,ST,,tm,https://www.transfermarkt.com/-/profil/spieler/9797
w:1970-07-05:rati,CB,,low,footballfakts.ru/person/20266
w:1973-01-27:bialkevich,CAM,RM;LM,tm,https://www.transfermarkt.com/-/profil/spieler/9784
w:1972-05-09:kobzar,ST,CAM,mid,en.wikipedia.org/wiki/Vitaliy_Kobzar
w:1971-09-23:kozar,CB,,low,footballfakts.ru/person/46880
w:1979-07-15:bilozor,CB,,tm,https://www.transfermarkt.com/-/profil/spieler/48980
w:1967-03-17:mazur,CB,CDM,low,footballfakts.ru/person/84072
w:1975-01-22:poklonski,CB,RB,tm,https://www.transfermarkt.com/-/profil/spieler/24044
w:1972-10-29:ponomarenko,CM,CDM,low,protocol-group
w:1972-12-11:husin,CDM,CM;CB,tm,https://www.transfermarkt.com/-/profil/spieler/9788
w:1973-11-11:kundenok,CM,,low,protocol-group
w:1966-08-14:bondarenko,ST,,tm,https://www.transfermarkt.com/-/profil/spieler/764456
w:1980-01-15:akopian,CM,RM,low,protocol-group
w:1962-01-28:smihunov,CB,,low,protocol-group
w:1978-01-09:ivanov,CM,CDM,low,news.sportbox.ru
w:1975-12-18:seleznov,CDM,CM,mid,news.sportbox.ru
w:1975-03-27:moroz,CAM,CDM;CB,tm,https://www.transfermarkt.com/-/profil/spieler/123213
w:1968-01-24:huseinov,ST,,tm,https://www.transfermarkt.com/-/profil/spieler/98750
w:1970-08-18:matvev,ST,,high,dic.academic.ru/dic.nsf/ruwiki/1074430
w:1974-06-14:maksimiuk,LM,LB,tm,https://www.transfermarkt.com/-/profil/spieler/24034
w:1970-07-23:orbu,LW,LM,tm,https://www.transfermarkt.com/-/profil/spieler/98989
w:1970-04-28:mikitin,CB,,low,protocol-group
w:1975-02-10:dmitrulin,LB,RB;CB,mid,fcdynamo.com/news/universalniy-soldat-nezaminniy-yuriy-dmitrulin
w:1976-01-16:anikev,CB,,low,protocol-group
w:1972-01-08:atelkin,ST,,tm,https://www.transfermarkt.com/-/profil/spieler/59956
w:1969-09-04:sushka,CB,,low,protocol-group
w:1980-04-12:andrenko,RB,CB,low,news.sportbox.ru
w:1976-09-04:makovei,ST,,tm,https://www.transfermarkt.com/-/profil/spieler/560690
w:1976-08-20:demchenko,CAM,CM;ST,mid,rusteam.su/players/demchenko.html
w:1978-11-01:kornev,CM,CDM,low,news.sportbox.ru
w:1970-08-09:bejenar,CB,RB,tm,https://www.transfermarkt.com/-/profil/spieler/116986
w:1974-05-03:koval,RB,CM,low,footballfakts.ru/person/8102
w:1976-01-27:doniushkin,CB,,low,protocol-group
w:1971-09-18:sharan,CAM,LM;RM,tm,https://www.transfermarkt.com/-/profil/spieler/175951
w:1971-09-09:saharov,CM,,low,protocol-group
w:1972-03-01:konovalov,CM,CAM;RM,tm,https://www.transfermarkt.com/-/profil/spieler/27159
w:1969-01-21:anenkov,CDM,CB;CM,tm,https://www.transfermarkt.com/-/profil/spieler/178673
w:1980-03-21:matiuhin,CB,RB,mid,ua.tribuna.com/blogs/tainydnipra/2758674
w:1975-04-24:bohatir,CM,,low,protocol-group
w:1976-01-26:voskoboinik,LW,RW,tm,https://www.transfermarkt.com/-/profil/spieler/556907
w:1981-08-20:danilovski,CM,CDM,mid,en.wikipedia.org/wiki/Serhiy_Danylovskyi
w:1970-08-18:pantilov,CM,,low,news.sportbox.ru
w:1970-10-16:mokritski,CB,LB,low,news.sportbox.ru
w:1981-12-12:harison,CB,,mid,sport.ua/football/players/141-harrison-omoko
w:1974-07-13:pushkutsa,ST,,tm,https://www.transfermarkt.com/-/profil/spieler/535482
w:1971-11-15:demianchuk,CM,,low,group-guess
w:1976-03-11:hranovski,CB,,mid,news.sportbox.ru
w:1972-03-03:kovaliuk,CM,CAM;CB,mid,en.wikipedia.org/wiki/Volodymyr_Kovalyuk
w:1973-02-19:huzenko,CM,,low,group-guess
w:1978-06-15:shopin,CM,RM,low,en.wikipedia.org/wiki/Ihor_Shopin
w:1976-08-12:pavliuh,CB,,low,group-guess
w:1971-03-05:polunin,CM,CAM,mid,en.wikipedia.org/wiki/Andriy_Polunin
w:1971-11-17:kucher,CM,,low,group-guess
w:1981-01-23:kabanov,ST,,tm,https://www.transfermarkt.com/-/profil/spieler/35352
w:1968-08-05:lujni,RB,CB,tm,https://www.transfermarkt.com/-/profil/spieler/3196
w:1974-09-11:parfonov,RB,CB;LB,tm,https://www.transfermarkt.com/-/profil/spieler/15107
w:1984-03-19:nevmivaka,CB,,tm,https://www.transfermarkt.com/-/profil/spieler/59959
w:1980-10-05:kashevski,CB,LB;CDM,tm,https://www.transfermarkt.com/-/profil/spieler/25472
w:1976-09-29:shevchenko,ST,LW;RW,tm,https://www.transfermarkt.com/-/profil/spieler/3522
w:1967-09-14:leonov,CM,CB;ST,low,news.sportbox.ru
w:1971-11-25:antiuhin,ST,,tm,https://www.transfermarkt.com/-/profil/spieler/305751
w:1965-02-03:hromov,ST,,mid,own-knowledge
w:1973-01-14:kardash,CM,RM,tm,https://www.transfermarkt.com/-/profil/spieler/27154
w:1971-08-04:lejentsev,CB,,tm,https://www.transfermarkt.com/-/profil/spieler/156498
w:1970-10-11:evtushok,CB,RB,high,own-knowledge
w:1965-12-06:fokin,CB,,low,group-guess
w:1971-09-05:nahorniak,CM,,tm,https://www.transfermarkt.com/-/profil/spieler/136144
w:1973-12-09:hrehul,CB,,low,group-guess
w:1981-06-18:hioane,CM,RM;RB,tm,https://www.transfermarkt.com/-/profil/spieler/9793
w:1972-01-02:haschin,CM,CAM,tm,https://www.transfermarkt.com/-/profil/spieler/167029
w:1980-05-16:melnik,CB,CDM,tm,https://www.transfermarkt.com/-/profil/spieler/59092
w:1972-10-11:zuenko,CB,,low,group-guess
w:1972-03-13:volosianko,CB,,tm,https://www.transfermarkt.com/-/profil/spieler/76929
w:1971-06-22:bukel,CB,RB,low,group-guess
w:1975-02-03:zakotiuk,CM,,low,group-guess
w:1976-07-19:radchenko,LB,RB;LM,tm,https://www.transfermarkt.com/-/profil/spieler/24046
w:1983-10-05:jadson,CAM,RW;LW,tm,https://www.transfermarkt.com/-/profil/spieler/29261
w:1969-06-21:pets,CB,,low,news.sportbox.ru
w:1975-11-08:hramtsov,CB,,tm,https://www.transfermarkt.com/-/profil/spieler/58041
w:1973-08-14:prihodko,CM,,low,group-guess
w:1979-08-09:hunchak,CB,CM;CDM,tm,https://www.transfermarkt.com/-/profil/spieler/58026
w:1977-03-15:zubchenko,CM,,low,group-guess
w:1973-08-11:kosovski,LW,LM,tm,https://www.transfermarkt.com/-/profil/spieler/117021
w:1968-01-19:sobol,CB,,low,group-guess
w:1966-01-03:fokin,CM,,low,group-guess
w:1976-02-20:zadorojni,CB,RB,mid,en.wikipedia.org/wiki/Serhiy_Zadorozhnyi
w:1974-04-24:honcharenko,CM,,low,sport.ua(полузащитник)
w:1975-10-30:maltsev,CB,,low,sportbox.ru(защитник)
w:1981-11-19:pshenichnih,RB,LB;CB,mid,en.wikipedia.org/wiki/Serhiy_Pshenychnykh
w:1963-01-28:fedorov,CM,,low,footballfacts.ru/person/72048
w:1976-01-04:spevak,CM,,low,matchtv.ru(полузащитник)
w:1965-11-23:konovalchuk,CM,,low,footballfacts.ru/person/26854
w:1978-08-21:braila,CM,,mid,en.wikipedia.org/wiki/Volodymyr_Braila
w:1976-06-16:rimshin,ST,,low,group
w:1977-11-25:opria,CDM,CB,mid,en.wikipedia.org/wiki/Anatoliy_Oprya
w:1975-02-18:fedorov,CB,RB;RM,high,en.wikipedia.org/wiki/Serhiy_Fedorov
w:1968-12-08:maksimov,CAM,CM,high,en.wikipedia.org/wiki/Yuriy_Maksymov
w:1972-05-17:shumski,CB,CDM,mid,en.wikipedia.org/wiki/Vitaliy_Shumskyi
w:1968-09-26:dudnik,CM,CDM;CB,mid,en.wikipedia.org/wiki/Yuriy_Dudnyk
w:1977-11-01:mitrofanov,CM,,mid,en.wikipedia.org/wiki/Oleksandr_Mytrofanov
w:1971-01-02:zavialov,CM,,low,en.wikipedia.org/wiki/Andriy_Zavyalov
w:1963-12-13:fediukov,CB,,low,group
w:1972-10-08:rusanovski,CB,CDM,mid,en.wikipedia.org/wiki/Roman_Rusanovskyi
w:1971-11-22:kovalov,CM,CAM,mid,en.wikipedia.org/wiki/Serhiy_Kovalyov
w:1969-02-13:korponai,ST,,high,en.wikipedia.org/wiki/Ivan_Korponay
w:1974-09-09:piatenko,CB,,mid,en.wikipedia.org/wiki/Volodymyr_Pyatenko
w:1977-08-05:holovko,ST,,low,group
w:1981-08-02:komarnitski,CB,RB,low,en.wikipedia.org/wiki/Vitaliy_Komarnytskyi
w:1967-01-03:sak,CDM,CB,mid,en.wikipedia.org/wiki/Yuriy_Sak
w:1978-08-28:horodov,CM,,mid,en.wikipedia.org/wiki/Oleksiy_Horodov
w:1972-09-29:buhai,CB,,low,group
w:1977-11-08:mazurenko,CM,,mid,en.wikipedia.org/wiki/Oleh_Mazurenko
w:1976-09-03:kotiuk,CB,,low,group
w:1974-10-29:polischuk,CDM,CB,mid,en.wikipedia.org/wiki/Volodymyr_Polishchuk
w:1977-08-03:nazarov,CB,,mid,en.wikipedia.org/wiki/Dmytro_Nazarov
w:1970-02-01:irichuk,ST,,low,group
w:1966-09-25:topchev,CDM,CB,mid,en.wikipedia.org/wiki/Dmytro_Topchiyev
w:1971-01-20:solovenko,CB,,mid,en.wikipedia.org/wiki/Yuriy_Solovyenko
w:1980-06-16:evaeverson,ST,,tm,https://www.transfermarkt.com/-/profil/spieler/14948
w:1971-01-04:filimonov,ST,CAM,mid,en.wikipedia.org/wiki/Denys_Filimonov
w:1968-05-24:homin,CB,CDM,mid,"en.wikipedia.org/wiki/Andriy_Khomyn_(footballer,_born_1968)"
w:1970-05-23:mazur,CDM,CB,mid,en.wikipedia.org/wiki/Serhiy_Mazur
w:1975-09-14:kostiuk,CM,CDM,mid,en.wikipedia.org/wiki/Ihor_Kostyuk
w:1968-07-09:babi,CB,CDM,mid,en.wikipedia.org/wiki/Oleksandr_Babiy
w:1963-09-28:lukash,CB,,low,group
w:1980-08-11:melnik,CM,,low,group
w:1970-09-22:omelchuk,CM,,low,group
w:1974-08-09:nikolaichuk,CM,,low,group
w:1965-03-13:volkov,CB,,mid,en.wikipedia.org/wiki/Ihor_Volkov
w:1975-02-17:lavrinenko,CB,,mid,en.wikipedia.org/wiki/Serhiy_Lavrynenko
w:1978-08-02:havranchich,CB,,high,en.wikipedia.org/wiki/Goran_Gavrančić
w:1974-06-01:zaiats,CM,,low,en.wikipedia.org/wiki/Vadym_Zayats
w:1972-12-16:shkapenko,CAM,CM,high,en.wikipedia.org/wiki/Pavlo_Shkapenko
w:1976-03-24:vetrenikov,CDM,CB,mid,rffk-roo.ru/news/1292
w:1983-11-21:emanuel,ST,,tm,https://www.transfermarkt.com/-/profil/spieler/44360
w:1973-10-19:hatskevich,CDM,CM;RM,tm,https://www.transfermarkt.com/-/profil/spieler/9792
w:1980-03-23:rojon,CB,,mid,sportbox.ru
w:1971-11-25:pohlebaev,RM,RW,high,sports.ru/football/blogs/3127529.html
w:1963-05-25:vatamaniuk,CB,,low,en.wikipedia.org/wiki/Yaroslav_Vatamanyuk
w:1976-10-04:sapuha,CB,CDM,low,sportbox.ru
w:1970-08-15:pervak,CB,,low,en.wikipedia.org/wiki/Vitaliy_Pervak
w:1980-05-10:chernat,CAM,CM,high,own-knowledge
w:1976-09-26:demetradze,ST,,tm,https://www.transfermarkt.com/-/profil/spieler/24002
w:1978-11-09:markovich,CB,CDM;RB,tm,https://www.transfermarkt.com/-/profil/spieler/24035
w:1978-03-21:venhlinski,ST,,tm,https://www.transfermarkt.com/-/profil/spieler/16004
w:1977-11-14:olinik,CM,,low,group-MF
w:1977-09-24:havriushov,CB,,low,en.wikipedia.org/wiki/Andriy_Havryushov
w:1980-04-18:dioho,CAM,LW;RW,high,en.wikipedia.org/wiki/Diogo_Rincón
w:1973-06-10:kolesnichenko,CM,,low,matchtv.ru/athlete/vitalii-kolesnichenko
w:1968-12-11:tolochko,CM,,low,ukr-football.com
w:1986-07-22:baranets,CDM,CM,mid,sports.ru/football/person/boris-baranec
w:1967-03-12:kolesnik,ST,,high,en.wikipedia.org/wiki/Vadym_Kolesnyk
w:1981-01-04:kirilchik,CDM,CM,mid,en.wikipedia.org/wiki/Pavel_Kirylchyk
w:1975-08-12:potshveria,ST,,high,en.wikipedia.org/wiki/Mikheil_Potskhveria
w:1968-07-01:jabchenko,CDM,CB,mid,en.wikipedia.org/wiki/Ihor_Zhabchenko
w:1973-08-30:svistunov,CM,,low,en.wikipedia.org/wiki/Oleksandr_Svystunov
w:1975-02-17:seleznov,CB,CDM,low,en.wikipedia.org/wiki/Serhiy_Seleznyov
w:1972-08-29:kurilenko,CM,,low,sportbox.ru
w:1966-07-19:kislov,ST,,high,en.wikipedia.org/wiki/Ihor_Kyslov
w:1969-11-19:skripnik,LB,LM;CB,tm,https://www.transfermarkt.com/-/profil/spieler/535
w:1975-01-06:spivak,CAM,CM,high,en.wikipedia.org/wiki/Oleksandr_Spivak
w:1976-10-12:baharev,CM,,tm,https://www.transfermarkt.com/-/profil/spieler/14926
w:1974-10-12:romanchuk,CM,,low,en.wikipedia.org/wiki/Ruslan_Romanchuk
w:1970-03-03:machohan,CB,,low,group-DF
w:1979-08-01:djurichich,CB,,high,en.wikipedia.org/wiki/Saša_Đuričić
w:1981-01-31:badr,LB,LM,tm,https://www.transfermarkt.com/-/profil/spieler/9790
w:1977-09-01:dranov,ST,,high,en.wikipedia.org/wiki/Serhiy_Dranov
w:1976-10-11:lapko,CM,,low,footballfacts.ru
w:1963-03-25:samardak,ST,CB,mid,start.uaf.ua/players/26322
w:1970-08-25:liuti,CDM,CB,low,matchtv.ru/athlete/vladislav-liutyi
w:1981-11-22:danel,LB,,high,en.wikipedia.org/wiki/Seweryn_Gancarczyk
w:1965-02-17:cherkun,CB,ST,mid,en.wikipedia.org/wiki/Ihor_Cherkun
w:1980-09-10:danilav,RM,RB,mid,sportbox.ru
w:1975-12-31:shevtsov,ST,,high,en.wikipedia.org/wiki/Serhiy_Shevtsov
w:1961-02-10:volkov,CB,CDM,low,"en.wikipedia.org/wiki/Oleksandr_Volkov_(footballer,_born_1961)"
w:1968-11-12:tanasiuk,CB,,low,group-DF
w:1972-06-05:maksimenko,CB,,low,group-DF
w:1976-04-18:homenko,CB,CDM,mid,footballfakts.ru/person/76311
w:1969-07-18:sevidov,ST,CAM,mid,en.wikipedia.org/wiki/Oleksandr_Sevidov
w:1978-06-13:kripak,ST,CAM,high,news.sportbox.ru/Vidy_sporta/Futbol/Jakov_Kripak__Futbol___13_06_1978_
w:1971-02-25:revut,CB,,tm,https://www.transfermarkt.com/-/profil/spieler/251344
w:1979-04-18:tselih,ST,,high,en.wikipedia.org/wiki/Yuriy_Tselykh
w:1977-01-07:hilazev,CM,LM,low,chernofans.narod.ru/gilazev.html
w:1972-09-07:dichko,CB,CDM,mid,matchtv.ru/athlete/vladimir-dychko
w:1970-12-06:nosenko,CB,,low,group-default
w:1969-06-03:evhlevski,CM,,low,footballfacts.ru/players/393716-evglevskij-sergej-yurevich
w:1976-03-24:kovalenko,CM,,tm,https://www.transfermarkt.com/-/profil/spieler/341515
w:1975-11-02:osipov,CM,CAM,mid,footballfakts.ru/person/72584-osipovalekseyrudolfovich
w:1973-02-21:kovalchuk,CAM,ST,low,news.sportbox.ru/Vidy_sporta/Futbol/Taras-Kovalichuk-Futbol-21021973
w:1977-07-08:timchishin,CB,,low,group-default
w:1971-07-04:fedkov,ST,,high,news.sportbox.ru/Vidy_sporta/Futbol/Andrey-YUrievich-Fedikov-Futbol-04071971
w:1971-08-23:skish,CB,CDM,low,news.sportbox.ru/Vidy_sporta/Futbol/Vitaliy-Skish-Futbol-23031971
w:1983-01-31:leviha,ST,,high,news.sportbox.ru/Vidy_sporta/Futbol/Ruslan-Ivanovich-Leviga-Futbol-31011983
w:1974-09-27:mochuliak,ST,,high,news.sportbox.ru/Vidy_sporta/Futbol/Oleg-Leonidovich-Mochulyak-Futbol-27091974
w:1982-07-06:motuz,ST,,tm,https://www.transfermarkt.com/-/profil/spieler/24042
w:1979-11-03:kuzniatsov,CDM,CB,mid,en.wikipedia.org/wiki/Syarhey_Kuznyatsow
w:1978-08-10:kotov,CB,,mid,matchtv.ru/athlete/evgenii-kotov
w:1969-10-05:leonenko,ST,,high,en.wikipedia.org/wiki/Viktor_Leonenko
w:1981-08-24:stoian,LB,RB;LM,tm,https://www.transfermarkt.com/-/profil/spieler/43377
w:1974-02-17:homa,CM,,low,group-default
w:1966-10-12:rusnak,CB,,low,group-default
w:1971-09-12:huralski,CM,,mid,matchtv.ru/athlete/aleksandr-guralskii
w:1985-02-24:iatsenko,CB,RB,mid,en.wikipedia.org/wiki/Oleksandr_Yatsenko
w:1983-03-04:ilnitski,LB,CB,low,sport.ua/football/players/4063-taras-ilnitskiy
w:1981-07-02:anderson,ST,CAM,high,sport.ua/news/13113-sekrety-zvezd-ribeyro-anderson-mendes-tuka
w:1979-09-14:kozoriz,CM,CDM,mid,news.sportbox.ru/Vidy_sporta/Futbol/Ivan-Nikolaevich-Kozoriz-Futbol-14091979
w:1977-12-29:cheliadzinski,CB,CDM,mid,fcminsk.by/player/artem-cheljadinskij/
w:1985-02-15:chuchman,CB,,mid,news.sportbox.ru/Vidy_sporta/Futbol/Igori-Romanovich-CHuchman-Futbol-15021985
w:1984-03-10:tsiharav,CDM,CB,mid,en.wikipedia.org/wiki/Yan_Tsiharaw
w:1977-10-13:kolchin,CB,RB,mid,en.wikipedia.org/wiki/Denys_Kolchin
w:1982-02-12:ahahova,ST,,high,en.wikipedia.org/wiki/Julius_Aghahowa
w:1980-07-27:batista,ST,,high,news.sportbox.ru/Vidy_sporta/Futbol/Batista-Futbol-27071980
w:1979-06-19:koteliuh,CB,,low,group-default
w:1969-08-11:zaharov,CM,,mid,news.sportbox.ru/Vidy_sporta/Futbol/Aleksandr-Viktorovich-Zaharov-Futbol-11081969
w:1967-02-16:zub,CM,,mid,news.sportbox.ru/Vidy_sporta/Futbol/Roman_Zub__Futbol___16_02_1967_
w:1971-12-19:iakovenko,ST,,high,news.sportbox.ru/Vidy_sporta/Futbol/YUriy-Viktorovich-YAkovenko-Futbol-19121971
w:1963-12-07:petrik,CM,,low,group-default
w:1975-04-16:anischenko,CB,,mid,news.sportbox.ru/Vidy_sporta/Futbol/Andrey-Anatolievich-Anischenko-Futbol-16041975
w:1966-04-18:korponai,CM,,low,group-default
w:1973-08-01:bohunov,CM,,mid,matchtv.ru/athlete/sergei-bogunov
w:1972-10-29:mintenko,ST,,mid,footballfakts.ru/person/83892-mintenkovitaliygeorgievich
w:1981-01-20:savin,CB,CDM,low,en.wikipedia.org/wiki/Artem_Savin
w:1974-03-31:nivinski,CB,,mid,news.sportbox.ru/Vidy_sporta/Futbol/V_acheslav_Nivinskij__Futbol___31_03_1974_
w:1977-01-16:tereschenko,ST,,high,en.wikipedia.org/wiki/Vyacheslav_Tereshchenko
w:1971-03-04:kovalov,CB,,low,matchtv.ru/athlete/albert-kovalev
w:1982-08-13:balabanov,ST,RW,high,en.wikipedia.org/wiki/Kostyantyn_Balabanov
w:1979-07-21:skoropad,CB,RB,low,group
w:1974-04-06:mihailiv,RB,RM,low,matchtv.ru/athlete/evgenii-mikhailiv
w:1979-02-15:babich,CB,,high,en.wikipedia.org/wiki/Oleksandr_Babych
w:1971-07-14:mehanoshin,CM,,low,sportbox.ru
w:1962-02-15:diki,ST,,high,en.wikipedia.org/wiki/Volodymyr_Dykyi
w:1971-01-23:kuptsov,CB,CDM,mid,en.wikipedia.org/wiki/Andriy_Kuptsov
w:1969-09-26:sosenko,CB,,low,group
w:1962-02-21:bahmut,CM,CDM,mid,en.wikipedia.org/wiki/Volodymyr_Bahmut
w:1968-05-05:kalitvintsev,CAM,CM,high,en.wikipedia.org/wiki/Yuriy_Kalitvintsev
w:1979-08-18:molokutsko,ST,,high,en.wikipedia.org/wiki/Stepan_Molokutsko
w:1970-01-03:fursov,ST,,low,group
w:1966-03-11:kolokolov,CB,,mid,en.wikipedia.org/wiki/Ruslan_Kolokolov
w:1986-03-03:hlavina,LW,LM,high,en.wikipedia.org/wiki/Denis_Glavina
w:1961-09-01:chervoni,CDM,CB,mid,en.wikipedia.org/wiki/Oleksandr_Chervonyi
w:1981-07-28:leal,RB,,high,"en.wikipedia.org/wiki/M%C3%A1rio_S%C3%A9rgio_(footballer,_born_1981)"
w:1968-10-25:chuichenko,ST,,high,en.wikipedia.org/wiki/Serhiy_Chuychenko
w:1980-11-10:lutsenko,CM,RM,mid,en.wikipedia.org/wiki/Yevhen_Lutsenko
w:1969-08-29:stolovitski,ST,CAM,mid,en.wikipedia.org/wiki/Ihor_Stolovytskyi
w:1974-01-23:semchuk,CB,,low,group
w:1982-02-07:lozinski,CB,,mid,en.wikipedia.org/wiki/Yevhen_Lozynskyi
w:1975-03-31:balanchuk,CB,,low,group
w:1982-01-01:sibiriakov,CM,,mid,en.wikipedia.org/wiki/Serhiy_Sibiryakov
w:1959-05-20:haidarji,CB,,mid,en.wikipedia.org/wiki/Leonid_Haidarzhy
w:1964-12-13:belichenko,CM,,low,group
w:1966-12-28:nefedov,CB,,mid,en.wikipedia.org/wiki/Oleksandr_Nefedov
w:1972-01-18:mizenko,ST,,low,group
w:1964-12-04:rudnitski,CM,,low,group
w:1970-10-30:osadchi,CB,,low,group
w:1968-04-06:hetsko,ST,,high,en.wikipedia.org/wiki/Ivan_Hetsko
w:1979-05-13:oleksenko,RM,CM,tm,https://www.transfermarkt.com/-/profil/spieler/23987
w:1961-11-14:troitski,CB,,low,group
w:1982-09-10:bredun,CM,CDM,mid,en.wikipedia.org/wiki/Yevhen_Bredun
w:1973-02-09:popovich,ST,,high,en.wikipedia.org/wiki/Hennadiy_Popovych
w:1979-08-31:iarosh,CM,,low,group
w:1984-02-09:eschenko,RB,LB,high,en.wikipedia.org/wiki/Andrei_Yeshchenko
w:1964-01-28:mozoliuk,ST,,high,en.wikipedia.org/wiki/Volodymyr_Mozolyuk
w:1967-01-29:shmatovalenko,LB,CB,high,en.wikipedia.org/wiki/Serhiy_Shmatovalenko
w:1978-09-05:hiom,CDM,RB;LB,tm,https://www.transfermarkt.com/-/profil/spieler/58236
w:1973-02-20:holovko,CB,,low,group
w:1978-08-22:balitski,CB,CDM,mid,en.wikipedia.org/wiki/Vitaliy_Balytskyi
w:1974-10-22:iakimenko,CM,,mid,en.wikipedia.org/wiki/Oleksiy_Yakymenko
w:1977-04-23:makovski,ST,CAM,mid,en.wikipedia.org/wiki/Mikhail_Makovsky
w:1972-06-27:jenilenko,CB,,low,group
w:1982-08-27:sheveliuhin,CB,RB,mid,en.wikipedia.org/wiki/Oleksandr_Shevelyukhin
w:1973-09-29:liubarski,CAM,ST;RM,mid,en.wikipedia.org/wiki/Ruslan_Lyubarskyi
w:1972-03-10:chorniavski,CB,,low,group
w:1979-03-11:ivanov,RM,RW;RB,high,en.wikipedia.org/wiki/Georgi_Peev
w:1971-05-27:burhan,ST,,high,matchtv.ru/athlete/evgenii-burkhan
w:1972-06-15:balatski,CB,,low,group
w:1989-04-27:bili,ST,CAM;LW,mid,news.sportbox.ru/Vidy_sporta/Futbol/Maksim-Ivanovich-Beliy-Futbol-27041989
w:1968-01-08:moskvin,ST,,mid,en.wikipedia.org/wiki/Valentyn_Moskvin
w:1979-01-12:andrius,CDM,CB;CM,mid,en.wikipedia.org/wiki/Andrius_Jokšas
w:1971-08-02:jilin,CDM,CB,mid,news.sportbox.ru/Vidy_sporta/Futbol/Oleg_Zhilin__Futbol___02_08_1971_
w:1985-05-23:panas,CM,RM,low,en.wikipedia.org/wiki/Vadym_Panas
w:1971-05-14:moshevich,CB,,low,group
w:1975-11-21:hurka,CM,,low,en.wikipedia.org/wiki/Mykhailo_Hurka
w:1965-06-05:martinov,CM,,low,group
w:1984-10-04:modebadze,ST,,high,en.wikipedia.org/wiki/Irakli_Modebadze
w:1965-07-13:vasilitchuk,CB,,mid,news.sportbox.ru/Vidy_sporta/Futbol/Andrey-Vasilitchuk-Futbol-13071965
w:1959-06-28:iaschenko,CM,CAM,mid,en.wikipedia.org/wiki/Serhiy_Yashchenko
w:1967-10-01:chihradze,CDM,CB,mid,news.sportbox.ru/Vidy_sporta/Futbol/Georgiy-CHihradze-Futbol-1967
w:1981-10-10:alehbe,CDM,CB,mid,en.wikipedia.org/wiki/Tony_Alegbe
w:1971-05-06:iakovenko,CB,,mid,news.sportbox.ru/Vidy_sporta/Futbol/Dmitriy-Aleksandrovich-YAkovenko-Futbol-06051971
w:1966-07-17:derevinski,CM,,low,group
w:1976-01-03:simakov,CM,,low,group
w:1984-04-30:karamushka,CB,,mid,en.wikipedia.org/wiki/Oleh_Karamushka
w:1970-02-14:shkolnikov,CM,,low,group
w:1980-02-25:honchar,CM,,low,group
w:1971-03-10:zabranski,ST,,high,en.wikipedia.org/wiki/Ruslan_Zabranskyi
w:1970-06-29:rudniak,ST,,low,group
w:1976-10-06:kundenok,CM,,low,group
w:1972-08-07:ulianitski,CB,,low,group
w:1970-11-20:rusak,ST,,high,en.wikipedia.org/wiki/Petro_Rusak
w:1972-11-18:holdin,CM,,low,group
w:1970-03-07:vetrov,CB,,low,group
w:1963-03-01:novak,CB,,low,group
w:1968-02-02:finkel,ST,,high,en.wikipedia.org/wiki/Borys_Finkel
w:1979-10-19:chernov,CB,,low,group
w:1973-07-01:krukovets,CB,,mid,en.wikipedia.org/wiki/Serhiy_Krukovets
w:1974-07-28:schekotilin,CDM,CM,mid,en.wikipedia.org/wiki/Hennadiy_Shchekotylin
w:1972-01-14:bondarenko,CB,,low,group
w:1985-12-22:kitsuta,CB,RB,mid,en.wikipedia.org/wiki/Anatoliy_Kitsuta
w:1975-05-10:kudinov,ST,,tm,https://www.transfermarkt.com/-/profil/spieler/91548
w:1983-06-14:karnilenka,ST,,high,en.wikipedia.org/wiki/Sergei_Kornilenko
w:1977-11-03:jura,CAM,ST;RM,mid,en.wikipedia.org/wiki/Serhiy_Zghura
w:1975-02-28:miterev,ST,,high,en.wikipedia.org/wiki/Iurie_Miterev
w:1964-02-19:salimov,CM,,low,group
w:1970-01-09:redushko,CM,,low,group
w:1979-08-09:danchenko,LB,LM,tm,https://www.transfermarkt.com/-/profil/spieler/91704
w:1981-06-10:suchkov,CDM,CM,mid,en.wikipedia.org/wiki/Aleksei_Suchkov
w:1961-06-15:panchishin,CB,,mid,start.uaf.ua/players/25988
w:1977-04-09:aleksandru,ST,,tm,https://www.transfermarkt.com/-/profil/spieler/58246
w:1970-08-05:ivanenko,CB,,low,group-DF
w:1974-09-27:oksimets,CB,,low,group-DF
w:1978-02-05:bunevchevich,CB,,mid,en.wikipedia.org/wiki/Mirko_Bunjevčević
w:1968-02-25:dumenko,ST,,mid,own-knowledge
w:1976-12-08:poliakov,CB,,low,group-DF
w:1972-11-27:nikitin,CM,,low,group-MF
w:1984-02-03:petrivski,CB,RB,mid,en.wikipedia.org/wiki/Taras_Petrivskyi
w:1964-05-04:bilozerski,CB,,low,group-DF
w:1985-04-28:kotenko,CM,CDM,mid,en.wikipedia.org/wiki/Ivan_Kotenko
w:1977-02-07:shuha,CB,,low,group-DF
w:1981-01-03:donets,RB,CDM,low,en.wikipedia.org/wiki/Andriy_Donets
w:1966-01-22:vernidub,CB,CDM,mid,en.wikipedia.org/wiki/Yuriy_Vernydub
w:1958-08-05:fedetski,CM,CAM;CB,mid,en.wikipedia.org/wiki/Andriy_Fedetskyi
w:1977-09-28:maziar,ST,,high,en.wikipedia.org/wiki/Volodymyr_Mazyar
w:1966-02-15:riznik,CM,,mid,en.wikipedia.org/wiki/Volodymyr_Riznyk
w:1979-04-21:kondratiuk,CB,CDM,mid,en.wikipedia.org/wiki/Petro_Kondratyuk
w:1971-07-09:koniushenko,CB,,mid,en.wikipedia.org/wiki/Serhiy_Konyushenko
w:1976-02-29:prodan,ST,,tm,https://www.transfermarkt.com/-/profil/spieler/167028
w:1969-11-10:iankovski,CDM,CM,high,en.wikipedia.org/wiki/Oleksandr_Yankovskyi
w:1974-04-17:borisenko,ST,,mid,en.wikipedia.org/wiki/Serhiy_Borysenko
w:1975-12-18:danel,LB,CB,high,"en.wikipedia.org/wiki/Daniel_Florea_(footballer,_born_1975)"
w:1965-05-11:mustafaev,CB,,mid,en.wikipedia.org/wiki/Asan_Mustafayev
w:1969-01-27:dorohov,CB,,low,group-DF
w:1975-03-09:kosenko,ST,,low,group-FW
w:1965-01-12:bondarchuk,CM,,low,group-MF
w:1979-08-13:melikian,LB,LM,high,en.wikipedia.org/wiki/Yeghishe_Melikyan
w:1981-02-08:darko,RB,,high,en.wikipedia.org/wiki/Darko_Dunjić
w:1969-08-25:rosliakov,CM,,low,group-MF
w:1969-06-11:demianenko,CB,,low,group-DF
w:1973-11-01:hnativ,CM,,mid,en.wikipedia.org/wiki/Roman_Hnativ
w:1979-10-11:brovchenko,CM,,low,group-MF
w:1967-08-15:kozakov,CM,,low,group-MF
w:1983-11-10:hiorhi,CM,,mid,en.wikipedia.org/wiki/Giorgi_Tsimakuridze
w:1977-07-20:kariaka,CM,,mid,own-knowledge
w:1971-01-31:prizetko,CAM,ST;CM,mid,en.wikipedia.org/wiki/Oleksandr_Pryzetko
w:1970-06-23:antonel,CM,,low,group-MF
w:1962-11-13:raliuchenko,CM,,mid,en.wikipedia.org/wiki/Serhiy_Ralyuchenko
w:1967-01-17:harkivschenko,CB,,low,group-DF
w:1986-10-16:alozi,ST,,tm,https://www.transfermarkt.com/-/profil/spieler/72387
w:1980-10-18:dos,ST,,mid,own-knowledge
w:1971-12-25:hrin,CM,,low,group-MF
w:1980-08-08:bilikbashi,CAM,CM,high,en.wikipedia.org/wiki/Dorian_Bylykbashi
w:1981-01-29:pischur,ST,,high,"en.wikipedia.org/wiki/Oleksandr_Pyshchur_(footballer,_born_1981)"
w:1971-04-18:nichenko,ST,,high,en.wikipedia.org/wiki/Ihor_Nichenko
w:1974-03-03:karabuta,ST,CAM,high,matchtv.ru/athlete/aleksandr-karabuta
w:1980-11-04:akobian,ST,,high,en.wikipedia.org/wiki/Ara_Hakobyan
w:1981-11-17:hribanov,ST,,high,en.wikipedia.org/wiki/Serhiy_Hrybanov
w:1974-08-05:pestriakov,CM,CAM;LM,mid,en.wikipedia.org/wiki/Oleh_Pestryakov
w:1973-09-13:ostrovski,CB,RB,mid,news.sportbox.ru
w:1979-10-04:polovkov,CB,,mid,en.wikipedia.org/wiki/Oleksandr_Polovkov
w:1980-08-20:djakobia,ST,,high,en.wikipedia.org/wiki/Lasha_Jakobia
w:1971-05-28:avakov,CB,,low,group
w:1971-06-27:muraviov,CB,,low,group
w:1970-03-06:lobas,ST,,low,group
w:1978-06-08:sokolenko,CB,RB,mid,en.wikipedia.org/wiki/Andriy_Sokolenko
w:1976-01-10:kravchenko,CM,,low,group
w:1971-09-06:novikov,CM,,low,group
w:1987-03-19:eremenko,CAM,CM;CDM,high,en.wikipedia.org/wiki/Roman_Eremenko
w:1974-02-13:tofan,CB,,low,group
w:1978-10-25:cherniak,LB,LM;CB,low,matchtv.ru/athlete/sergei-cherniak
w:1969-11-24:makohon,CB,,low,group
w:1979-04-19:savinov,CB,CDM,high,en.wikipedia.org/wiki/Alexei_Savinov
w:1963-12-20:leskiv,CM,CAM,mid,en.wikipedia.org/wiki/Vasyl_Leskiv
w:1959-06-09:iavorski,ST,,low,group
w:1985-10-02:chiprian,ST,RW;LW,tm,https://www.transfermarkt.com/-/profil/spieler/16833
w:1981-06-17:venans,RW,ST,tm,https://www.transfermarkt.com/-/profil/spieler/13758
w:1971-12-11:shved,ST,,low,group
w:1978-10-25:shpak,ST,,low,group
w:1980-12-29:karlos,CDM,CM,high,en.wikipedia.org/wiki/Carlos_Corrêa
w:1976-01-26:chali,CM,,low,group
w:1981-01-22:smalko,RB,RM,mid,news.sportbox.ru
w:1983-08-12:djakomase,ST,LW;RW,tm,https://www.transfermarkt.com/-/profil/spieler/15880
w:1970-03-05:tutichenko,CM,,low,group
w:1971-05-02:siletski,CB,,low,group
w:1976-08-27:shapovalov,CB,,low,en.wikipedia.org/wiki/Valeriy_Shapovalov
w:1970-08-05:solodki,ST,,low,group
w:1975-08-26:burdin,CM,,low,group
w:1979-07-11:kosilov,CM,,low,group
w:1969-05-11:bohatir,CM,,low,group
w:1979-07-19:vukich,CAM,ST,tm,https://www.transfermarkt.com/-/profil/spieler/14542
w:1979-01-30:litovchenko,CB,,mid,"en.wikipedia.org/wiki/Serhiy_Litovchenko_(footballer,_born_1979)"
w:1984-05-27:jdanov,CB,,mid,en.wikipedia.org/wiki/Oleksandr_Zhdanov
w:1977-05-03:dainius,CB,,high,knowledge
w:1974-09-30:riabtsev,CM,,low,group
w:1972-09-18:bohdanov,ST,,low,group
w:1978-04-01:kariaka,LW,RW;CAM,tm,https://www.transfermarkt.com/-/profil/spieler/15907
w:1967-05-01:vilchinski,CB,,low,group
w:1979-07-06:karitska,CM,CAM;RM,mid,en.wikipedia.org/wiki/Uladzimir_Karytska
w:1978-02-27:kaladze,CB,LB;CDM,tm,https://www.transfermarkt.com/-/profil/spieler/3430
w:1982-01-20:kovalchuk,CM,,low,group-guess
w:1977-01-24:ivitsa,CM,CDM,mid,en.wikipedia.org/wiki/Ivica_Pirić
w:1985-11-09:aleksander,RW,LW;ST,low,en.wikipedia.org/wiki/Aleksandre_Guruli
w:1972-05-17:duhnovski,ST,,low,group-guess
w:1977-03-06:kovalchik,ST,,high,en.wikipedia.org/wiki/Maciej_Kowalczyk
w:1968-12-10:kazmirchuk,CM,,mid,en.wikipedia.org/wiki/Oleg_Kazmirchuk
w:1960-09-05:iurchenko,CM,,mid,en.wikipedia.org/wiki/Ihor_Yurchenko
w:1966-03-05:chervoni,CM,,low,group-guess
w:1976-12-26:burhan,CB,,low,group-guess
w:1968-09-20:kochvar,CB,,low,group-guess
w:1966-04-24:sheihametov,ST,,high,en.wikipedia.org/wiki/Talyat_Sheikhametov
w:1978-02-04:aliutse,CAM,RM;CM,mid,en.wikipedia.org/wiki/Marian_Aliuță
w:1986-08-15:bolohan,CB,,high,en.wikipedia.org/wiki/Vadim_Bolohan
w:1979-10-06:slabishev,ST,,high,en.wikipedia.org/wiki/Yuriy_Slabyshev
w:1977-06-07:nijehorodov,CB,,high,en.wikipedia.org/wiki/Gennadi_Nizhegorodov
w:1965-09-28:mikolaenko,ST,,low,group-guess
w:1970-06-14:kulik,CM,ST;CAM,mid,en.wikipedia.org/wiki/Kostyantyn_Kulyk
w:1975-08-09:kozakevich,ST,,high,en.wikipedia.org/wiki/Oleksandr_Kozakevych
w:1980-10-21:teliatnikov,ST,,low,group-guess
w:1985-05-10:vorobei,RW,ST;LW,low,en.wikipedia.org/wiki/Dmytro_Vorobey
w:1980-06-10:franselino,CM,CAM;CDM,high,en.wikipedia.org/wiki/Matuzalém
w:1987-04-16:evsev,CB,,mid,en.wikipedia.org/wiki/Yevhen_Yevseyev
w:1974-06-18:mishenin,CB,,low,group-guess
w:1977-09-08:bulhakov,CB,,low,group-guess
w:1969-04-14:djuheli,ST,,low,group-guess
w:1963-11-05:romanov,CB,,low,group-guess
w:1964-01-30:petrov,CAM,ST;CM,mid,en.wikipedia.org/wiki/Ihor_Petrov
w:1970-08-01:shevchuk,CM,,low,group-guess
w:1977-10-03:krivi,CM,,low,group-guess
w:1974-06-12:amilehin,CM,,low,group-guess
w:1970-12-06:hashkin,CM,,mid,en.wikipedia.org/wiki/Andrei_Gashkin
w:1976-05-09:trapaidze,CM,,mid,en.wikipedia.org/wiki/Gocha_Trapaidze
w:1983-07-20:bito,ST,,high,en.wikipedia.org/wiki/Sendley_Bito
w:1975-07-25:olinik,CB,,low,group-guess
w:1974-10-11:kril,CB,,low,group-guess
w:1988-11-12:chesnakov,CB,RB;CDM,high,en.wikipedia.org/wiki/Volodymyr_Chesnakov
w:1962-05-25:turianski,ST,,high,en.wikipedia.org/wiki/Serhiy_Turyanskyi
w:1961-07-29:tarasenko,CB,,low,group-guess
w:1971-04-02:laktionov,CM,,low,group-guess
w:1980-01-07:biletski,CDM,CB,mid,en.wikipedia.org/wiki/Maksym_Biletskyi
w:1980-01-21:bratislav,CM,,mid,en.wikipedia.org/wiki/Bratislav_Ristić
w:1976-09-12:epurianu,CM,,low,en.wikipedia.org/wiki/Serghei_Epureanu
w:1967-04-27:pilipchuk,ST,,high,en.wikipedia.org/wiki/Roman_Pylypchuk
w:1971-10-09:karas,CB,,low,group-guess
w:1975-04-29:iashkin,CM,CAM,mid,en.wikipedia.org/wiki/Artem_Yashkin
w:1963-11-12:sobotiuk,CB,,low,group-guess
w:1974-02-08:rizun,CB,,low,uafootball.net.ua/igriky_1994-95.htm
w:1965-10-11:horili,CB,,mid,en.wikipedia.org/wiki/Volodymyr_Horilyi
w:1971-04-08:zubkov,CDM,CM;CB,mid,en.wikipedia.org/wiki/Vladyslav_Zubkov
w:1978-09-13:besarab,ST,,high,news.sportbox.ru/Vidy_sporta/Futbol/Aleksandr_Bessarab__Futbol___13_09_1978_
w:1980-01-17:monarov,ST,,high,en.wikipedia.org/wiki/Roman_Monaryov
w:1979-01-25:semochko,CB,RB,mid,en.wikipedia.org/wiki/Dmytro_Semochko
w:1981-02-24:kravchenko,CM,,low,footballfacts.ru/person/165410-kravchenkovladimiraleksandrovich
w:1976-04-02:hiuzelov,CB,,high,en.wikipedia.org/wiki/Igor_Gjuzelov
w:1982-07-22:vishniak,CB,RB,low,en.wikipedia.org/wiki/Yaroslav_Vyshnyak
w:1971-08-26:korol,CB,CDM,mid,en.wikipedia.org/wiki/Ihor_Korol
w:1977-09-17:husev,RM,,tm,https://www.transfermarkt.com/-/profil/spieler/15365
w:1977-11-01:buta,RB,CB,high,en.wikipedia.org/wiki/Cornel_Buta
w:1968-02-01:sarnavski,CB,,low,uafootball.net.ua/igriky_1994-95.htm
w:1973-08-17:ivanov,ST,CAM,low,uafootball.net.ua/igriky_1994-95.htm
w:1961-04-23:turchinenko,CB,,low,uafootball.net.ua/igriky_1994-95.htm
w:1969-10-21:benko,LB,,high,en.wikipedia.org/wiki/Oleh_Benko
w:1965-08-01:ialovski,CDM,CB;CM,mid,en.wikipedia.org/wiki/Viktor_Yalovskyi
w:1978-06-25:raspopov,CB,RB,low,en.wikipedia.org/wiki/Andriy_Raspopov
w:1975-09-03:romanishin,CB,,low,en.wikipedia.org/wiki/Serhiy_Romanyshyn
w:1980-04-09:erko,CDM,RM;RB,tm,https://www.transfermarkt.com/-/profil/spieler/9799
w:1970-06-03:ostashov,ST,,high,uafootball.net.ua/igriky_1994-95.htm
w:1985-04-25:rojok,CM,CDM,mid,en.wikipedia.org/wiki/Serhiy_Rozhok
w:1972-12-04:lapa,CB,,low,group-guess
w:1968-05-27:sisoev,CB,,low,group-guess
w:1986-02-25:zborovski,CM,CDM,mid,en.wikipedia.org/wiki/Andriy_Zborovskyi
w:1983-01-09:danel,LW,LM;CAM,high,en.wikipedia.org/wiki/Osmar_Ferreyra
w:1975-04-05:shubin,CB,,low,en.wikipedia.org/wiki/Oleksiy_Shubin
w:1975-09-11:kostiukov,CM,,low,group-guess
w:1986-02-28:avelino,ST,LW;CAM,high,en.wikipedia.org/wiki/Jajá_Coelho
w:1978-11-03:dmitrev,CB,,low,en.wikipedia.org/wiki/Serhiy_Dmytriyev
w:1982-02-11:klimenko,CB,,mid,dynamo.kiev.ua/persons/aleksandr-klimenko/
w:1972-07-24:martiuk,CB,CDM,mid,uafootball.net.ua/igriky_1994-95.htm
w:1977-11-08:larin,ST,,low,group-guess
w:1969-05-02:ternavski,CB,,high,dic.academic.ru/dic.nsf/ruwiki/367974
w:1986-10-28:holek,CB,CDM,high,en.wikipedia.org/wiki/Mario_Holek
w:1968-09-01:habiskiria,CM,CAM,mid,sport.ua/news/605674
w:1971-06-23:djamarauli,CAM,CM,high,en.wikipedia.org/wiki/Gocha_Jamarauli
w:1981-07-20:bidnenko,CAM,RM,mid,news.sportbox.ru/Vidy_sporta/Futbol/Ruslan-Mihaylovich-Bidnenko-Futbol-20071981
w:1979-08-21:salhi,CDM,CM,mid,en.wikipedia.org/wiki/Taoufik_Salhi
w:1967-06-28:iudin,CB,CDM,mid,en.wikipedia.org/wiki/Andriy_Yudin
w:1968-10-04:marchenko,CM,,low,footballfacts.ru/players/383095-marchenko-andrej-viktorovich
w:1977-11-01:ilchenko,CB,RB,low,heritage.premierliga.ru/players/Ilchenko-Sergey
w:1978-08-02:esip,ST,RW,high,en.wikipedia.org/wiki/Bohdan_Yesyp
w:1979-08-08:hrol,CM,,low,ua-football.com/stats/player/6288-hrol-gennadiy
w:1979-02-25:bodnar,RB,RM,high,en.wikipedia.org/wiki/László_Bodnár
w:1980-09-27:bechiri,CB,LB,high,en.wikipedia.org/wiki/Elvin_Beqiri
w:1981-03-03:bulku,CDM,CM,high,en.wikipedia.org/wiki/Ervin_Bulku
w:1978-04-21:fernandes,CAM,CM,high,"en.wikipedia.org/wiki/Ricardo_Fernandes_(footballer,_born_April_1978)"
w:1964-09-16:horoshinski,CB,,low,group-guess
w:1979-01-01:kolesnik,CM,,low,group-guess
w:1974-08-01:asan,CB,CDM,high,en.wikipedia.org/wiki/Assane_N%27Diaye
w:1981-02-02:huvanchmuhamed,ST,CAM,high,en.wikipedia.org/wiki/Guvanchmuhammed_Ovekov
w:1975-06-12:shutov,CDM,CM,low,en.wikipedia.org/wiki/Oleksandr_Shutov
w:1977-09-02:kuptsov,CB,,low,group-guess
w:1981-07-06:bondarenko,CDM,,tm,https://www.transfermarkt.com/-/profil/spieler/55530
w:1975-02-03:chebotari,CDM,CM,low,en.wikipedia.org/wiki/Boris_Cebotari
w:1982-10-23:bispo,CB,,high,en.wikipedia.org/wiki/Rodolfo_Dantas_Bispo
w:1981-04-18:pankavets,CB,,low,en.wikipedia.org/wiki/Alyaksey_Pankavets
w:1961-10-21:sapronov,CB,,low,en.wikipedia.org/wiki/Serhiy_Sapronov
w:1974-02-13:malevanov,CB,,mid,en.wikipedia.org/wiki/Oleksandr_Malevanov
w:1974-04-27:filipenko,CB,,low,group-guess
w:1975-12-07:harchenkojukovski,CM,,low,en.wikipedia.org/wiki/Vadym_Kharchenko
w:1981-05-16:riahn,CB,CDM,high,en.wikipedia.org/wiki/Taavi_Rähn
w:1980-03-24:laschenkov,CB,RB,mid,sports.ru/football/person/serghei-lascencov
w:1980-09-23:hrubelich,LB,CB,mid,hr-hr.soccerwiki.org/player.php?pid=25314
w:1977-06-17:matkevich,CM,,low,en.wikipedia.org/wiki/Anatoliy_Matkevych
w:1974-06-02:mostovi,CB,,low,en.wikipedia.org/wiki/Ruslan_Mostovyi
w:1974-11-29:venhlinski,CDM,CM,low,matchtv.ru/athlete/aleksandr-venglinskii
w:1974-08-23:hvianidze,CM,,low,group-guess
w:1976-06-22:ibrahimov,CAM,RM,low,matchtv.ru/athlete/eldar-ibragimov
w:1982-04-15:dos,RB,RM,high,"en.wikipedia.org/wiki/João_Pedro_(footballer,_born_April_1982)"
w:1966-06-29:bondarenko,CB,,low,"en.wikipedia.org/wiki/Oleksandr_Bondarenko_(footballer,_born_1966)"
w:1966-04-12:telesnenko,CB,,mid,en.wikipedia.org/wiki/Andriy_Telesnenko
w:1971-01-11:pavliuchenko,CB,,low,group-guess
w:1973-07-24:skidan,ST,RW,high,en.wikipedia.org/wiki/Hennadiy_Skidan
w:1970-04-15:matrosov,CB,,low,group-guess
w:1963-01-03:mhlinets,CAM,ST,mid,matchtv.ru/athlete/viktor-mglinets
w:1978-11-17:chomahidze,ST,LW,high,en.wikipedia.org/wiki/Shota_Chomakhidze
w:1978-05-01:isak,CB,RB,high,en.wikipedia.org/wiki/Isaac_Okoronkwo
w:1980-08-08:omelianchuk,CB,CDM,high,en.wikipedia.org/wiki/Sergei_Omelyanchuk
w:1981-12-13:chamba,CDM,CM,mid,en.wikipedia.org/wiki/Paul_Essola
w:1981-09-09:eke,CAM,ST;LW,mid,en.wikipedia.org/wiki/Sunny_Ekeh_Kingsley
w:1966-04-29:stelmah,CM,,low,group-guess
w:1967-11-26:polischuk,CB,,low,group-guess
w:1980-08-19:stoian,CB,,low,en.wikipedia.org/wiki/Maksym_Stoyan
w:1979-08-04:horan,CB,,high,en.wikipedia.org/wiki/Goran_Sablić
w:1987-03-14:almeida,CB,,high,"en.wikipedia.org/wiki/Leandro_Almeida_Silva_(footballer,_born_1987)"
w:1970-02-08:horshkov,CM,CDM,mid,en.wikipedia.org/wiki/Aleksandr_Gorshkov_(footballer)
w:1968-03-10:matviv,CM,,low,en.wikipedia.org/wiki/Stepan_Matviyiv
w:1970-02-17:herasimenko,ST,CAM;RW,mid,own-knowledge
w:1975-11-21:lutsishin,CM,,low,group-guess
w:1982-02-26:boian,LB,,high,en.wikipedia.org/wiki/Bojan_Neziri
w:1970-08-29:kastorni,CB,,low,en.wikipedia.org/wiki/Oleh_Kastornyi
w:1979-03-09:belikov,CM,,low,sportbox.ru
w:1979-03-26:sokolovski,ST,CAM,mid,en.wikipedia.org/wiki/Denys_Sokolovskyi
w:1976-09-17:artemenko,CM,,low,group-guess
w:1982-03-12:pohorelov,CM,,low,group-guess
w:1973-07-18:boshniak,CB,,mid,en.wikipedia.org/wiki/Spomenko_Bošnjak
w:1982-09-18:boiarintsev,CB,,low,group-guess
w:1976-11-24:flavius,RB,,high,en.wikipedia.org/wiki/Flavius_Stoican
w:1984-08-08:solianik,RB,RM;CDM,low,en.wikipedia.org/wiki/Ruslan_Solyanyk
w:1980-06-27:dato,CB,LB,high,en.wikipedia.org/wiki/Dato_Kvirkvelia
w:1975-03-31:snitko,CM,,low,en.wikipedia.org/wiki/Serhiy_Snytko
w:1982-05-17:haiduchek,CDM,CB,mid,en.wikipedia.org/wiki/Paweł_Hajduczek
w:1984-04-08:nemania,CB,,high,en.wikipedia.org/wiki/Nemanja_Tubić
w:1983-07-18:djihani,CAM,ST,mid,en.wikipedia.org/wiki/Parid_Xhihani
w:1969-09-07:kosheliuk,CAM,ST;LM,mid,en.wikipedia.org/wiki/Oleh_Koshelyuk
w:1973-02-25:belkin,CM,,low,sport.nv.ua
w:1965-04-30:len,CM,,low,group-guess
w:1971-05-25:jihulin,CB,,low,group-guess
w:1962-11-12:savka,CB,,low,group-guess
w:1980-01-05:voinarovski,CM,,low,en.wikipedia.org/wiki/Roman_Voynarovskyi
w:1974-09-13:plahotin,CM,,low,group-guess
w:1968-04-27:heraschenko,CB,,mid,en.wikipedia.org/wiki/Volodymyr_Herashchenko
w:1981-01-04:arsen,CB,,mid,en.wikipedia.org/wiki/Arsène_Né
w:1981-06-14:blumer,CAM,RM;RW,high,en.wikipedia.org/wiki/Elano
w:1980-02-26:olefir,CB,,low,en.wikipedia.org/wiki/Volodymyr_Olefir
w:1983-07-10:biurnel,ST,CAM,mid,en.wikipedia.org/wiki/Burnel_Okana-Stazi
w:1982-11-18:despotovski,CDM,CM,high,en.wikipedia.org/wiki/Filip_Despotovski
w:1971-09-21:shulha,CM,,low,group-guess
w:1961-06-29:homonov,CB,,low,group-guess
w:1962-08-24:suharev,CB,,low,group-guess
w:1970-07-08:borovski,CB,,low,group-guess
w:1973-01-16:doroshenko,CB,,low,group-guess
w:1985-06-07:shmakov,CM,CAM,low,en.wikipedia.org/wiki/Yevhen_Shmakov
w:1973-06-22:prudius,CM,CDM,mid,en.wikipedia.org/wiki/Vladyslav_Prudius
w:1975-05-14:matsihura,RB,CDM;CB,low,metalist-kh-stat.net.ua/player/1507
w:1981-09-10:nakonechni,CM,CDM,low,en.wikipedia.org/wiki/Mykola_Nakonechnyi
w:1973-03-20:shpirnov,CB,,low,group-default
w:1970-10-28:liubinski,CM,,low,group-default
w:1968-01-08:markov,CB,,low,matchtv.ru/athlete/vitalii-markov-1968
w:1970-04-20:shinkarov,CB,,low,group-default
w:1970-09-21:dziubenko,CM,,low,group-default
w:1971-12-27:parhomenko,CM,,low,group-default
w:1976-10-21:chernov,CM,,low,group-default
w:1976-03-11:hristov,CB,,high,en.wikipedia.org/wiki/Yordan_Petkov
w:1979-05-28:sanjar,CM,CDM,mid,en.wikipedia.org/wiki/Roman_Sanzhar
w:1980-10-26:burduli,RM,CM;CAM,high,national-football-teams.com/player/2542/Vladimer_Burduli.html
w:1964-02-13:drahunov,CB,CDM,mid,en.wikipedia.org/wiki/Yevhen_Drahunov
w:1967-07-14:kornets,CM,,low,group-default
w:1969-06-08:shuliatitski,CM,,low,group-default
w:1971-05-13:portnov,CM,,low,group-default
w:1979-11-27:malihin,CB,,mid,dic.academic.ru/dic.nsf/ruwiki/1554225
w:1978-09-15:onischenko,CDM,CM,mid,en.wikipedia.org/wiki/Denys_Onyshchenko
w:1980-11-25:ivaschenko,CM,,low,group-default
w:1979-04-04:kozir,CM,,low,group-default
w:1982-02-23:nefedov,RB,CDM,low,news.sportbox.ru/Vidy_sporta/Futbol/Valentin-Valentinovich-Nefedov-Futbol-23021982
w:1980-08-27:baldaso,CB,,high,en.wikipedia.org/wiki/Rodrigo_Baldasso_da_Costa
w:1981-06-24:rajkov,CM,CDM,mid,en.wikipedia.org/wiki/Ihar_Razhkow
w:1980-11-04:maidana,CM,CDM,mid,matchtv.ru/athlete/rodrigo-vaskes
w:1973-03-20:pavlov,CB,,low,group-default
w:1971-03-07:soloviov,CB,,low,group-default
w:1964-01-09:litvinov,CB,,low,group-default
w:1962-06-05:smotrich,CB,,low,en.wikipedia.org/wiki/Yuriy_Smotrych
w:1966-01-02:timoschuk,CB,,low,group-default
w:1971-11-19:pavlik,CM,,low,group-default
w:1974-10-01:kiriuhin,CB,RB,mid,news.sportbox.ru/Vidy_sporta/Futbol/Aleksandr-Grigorievich-Kiryuhin-Futbol-01101974
w:1979-04-09:valutsa,CB,,low,en.wikipedia.org/wiki/Eduard_Valuta
w:1975-08-26:mischenko,CM,,low,group-default
w:1985-03-15:ilkiv,CB,RB,low,en.wikipedia.org/wiki/Ihor_Ilkiv
w:1983-11-03:aparesido,LB,LM;LW,high,en.wikipedia.org/wiki/Fininho
w:1965-01-05:voitiuk,CB,,low,group-default
w:1960-02-15:tsiselski,CB,,low,group-default
w:1963-08-22:kulish,CM,,low,group-default
w:1975-03-01:samoilov,CM,CAM,low,en.wikipedia.org/wiki/Vitaliy_Samoilov
w:1977-12-10:datsenko,CB,CDM;RB,mid,"en.wikipedia.org/wiki/Serhiy_Datsenko_(footballer,_born_1977)"
w:1972-02-26:dhebuadze,CM,,low,group-default
w:1979-09-06:kovba,CDM,CM,high,en.wikipedia.org/wiki/Denis_Kovba
w:1985-08-29:samborski,CB,,low,en.wikipedia.org/wiki/Volodymyr_Samborskyi
w:1973-01-16:zarutski,CM,,low,group-default
w:1979-08-03:hapon,CM,,low,en.wikipedia.org/wiki/Volodymyr_Hapon
w:1978-04-12:kolodin,CM,,low,group-default
w:1978-11-11:shevchuk,CM,,low,group-default
w:1970-06-07:kut,CB,,low,group-default
w:1979-03-27:alunderis,CB,,mid,en.wikipedia.org/wiki/Vidas_Alunderis
w:1976-09-10:marius,CM,CDM,mid,en.wikipedia.org/wiki/Marius_Mitu
w:1987-05-08:vasilev,CB,,low,group-default
w:1968-05-05:alibaev,CB,,low,group-default
w:1977-09-13:klimenko,CM,,low,group-default
w:1982-04-08:krohmal,CB,,low,group-default
w:1976-11-14:ahaseid,CDM,CM;CB,low,en.wikipedia.org/wiki/Kamal_Guliyev
w:1978-09-10:kutarba,CM,LM;LB,low,tavriya.com.ua/team/kutarba.php
w:1985-08-01:trusevich,CM,CDM,low,en.wikipedia.org/wiki/Maksym_Trusevych
w:1978-08-19:nikitsenka,CM,,low,group-default
w:1982-02-26:damian,LB,LM,high,en.wikipedia.org/wiki/Damián_Giménez
w:1957-11-28:alistarov,CM,,low,group-default
w:1970-01-06:iablonski,CM,,low,group-default
w:1965-09-14:esipov,CM,,low,group-default
w:1965-06-21:storchak,CB,,low,group-default
w:1968-09-06:bedni,CB,,low,group-default
w:1960-02-23:nakonechni,CM,,low,en.wikipedia.org/wiki/Ihor_Nakonechnyi
w:1975-01-31:muhin,CM,,low,group-default
w:1978-01-02:suhomlinov,CM,,low,group-default
w:1977-11-04:jurka,CB,,low,group-default
w:1979-10-21:miklashevich,CB,,low,group-default
w:1978-04-27:katinsus,CB,,mid,en.wikipedia.org/wiki/Valeriu_Catînsus
w:1980-07-16:dmitruk,CM,,low,group-default
w:1978-06-11:stepanov,CB,,low,group-default
w:1979-09-06:djudovich,CB,,high,en.wikipedia.org/wiki/Miodrag_Džudović
w:1981-12-26:kandelaki,CB,,mid,en.wikipedia.org/wiki/Ilia_Kandelaki
w:1977-06-20:nerius,CM,CDM,low,en.wikipedia.org/wiki/Nerijus_Vasiliauskas
w:1981-05-19:karpenko,CB,,low,group-default
w:1984-02-22:romaniuk,CB,,low,group-default
w:1988-00-00:chesnakov,CB,RB;CDM,high,en.wikipedia.org/wiki/Volodymyr_Chesnakov
w:1960-08-30:olinik,CB,,low,group-default
w:1971-02-07:sich,CB,,low,group-default
w:1970-08-11:shuliatitski,CB,,low,group-default
w:1965-03-16:rolevich,CB,,low,group-default
w:1973-05-24:kalian,CB,,low,group-default
w:1963-01-06:kondratenko,CB,,low,group-default
w:1979-11-11:dombrae,CM,,low,group-default
w:1981-10-24:popov,CM,,low,group-default
w:1979-01-01:sviderski,CB,RB,high,en.wikipedia.org/wiki/Vyacheslav_Sviderskyi
w:1978-07-24:florin,RB,CDM;CB,low,dic.academic.ru/dic.nsf/ruwiki/1664964
w:1964-08-09:pankratev,CB,,low,group-default
w:1969-08-23:homuha,CM,,low,group-default
w:1968-04-29:sinitski,CB,,low,group_DF
w:1968-06-21:kuznetsov,CB,,low,group_DF
w:1981-09-28:markovich,RB,RWB,high,en.wikipedia.org/wiki/Marjan_Marković
w:1984-06-21:diakat,CB,LB;LM,high,en.wikipedia.org/wiki/Pape_Diakhaté
w:1967-11-05:chuhleba,CB,CDM,low,dbpedia.org/page/Oleg_Chukhleba
w:1970-03-07:knish,CB,,low,group_DF
w:1966-10-28:lantsfer,CB,,low,group_DF
w:1964-05-07:kabanets,CM,,low,group_MF
w:1972-04-01:ostroushko,CM,,low,group_MF
w:1970-08-02:burimenko,CB,,low,group_DF
w:1967-06-25:pohorelov,CB,,low,group_DF
w:1973-10-20:boitsan,CB,,low,group_DF
w:1983-11-30:kilikevich,ST,,high,en.wikipedia.org/wiki/Volodymyr_Kilikevych
w:1978-09-08:mantas,CB,,low,en.wikipedia.org/wiki/Mantas_Samusiovas
w:1967-10-18:nikiforov,CM,,low,en.wikipedia.org/wiki/Oleksandr_Nikiforov
w:1960-05-15:shevchenko,CM,,low,group_MF
w:1974-10-04:bulihinshramko,CB,,low,group_DF
w:1971-06-22:maiboroda,CB,,low,group_DF
w:1971-10-14:dimitrishvili,CB,,low,group_DF
w:1977-09-15:voloshin,CM,,low,group_MF
w:1980-02-14:duarte,CM,,low,group_MF
w:1982-07-13:milosavlevich,CM,,low,en.wikipedia.org/wiki/Uroš_Milosavljević
w:1979-01-30:brankovich,CM,,low,en.wikipedia.org/wiki/Siniša_Branković
w:1979-10-24:morozov,CM,,low,group_MF
w:1984-02-09:nazaruk,CB,,low,group_DF
w:1979-01-02:lashankov,CM,,low,group_MF
w:1970-03-29:eremev,CM,,low,group_MF
w:1969-01-23:ponomarenko,CB,,low,group_DF
w:1970-11-25:zaiarni,CDM,CB,low,en.wikipedia.org/wiki/Volodymyr_Zayarnyi
w:1970-03-05:shushura,CB,,low,group_DF
w:1980-04-11:taran,CB,,low,group_DF
w:1978-08-18:kutsi,CB,,low,group_DF
w:1979-01-29:antoniuk,CB,,low,group_DF
w:1976-11-26:schehlov,CM,,low,group_MF
w:1979-05-13:alehandro,CM,,low,group_MF
w:1985-07-29:djonatan,CB,,high,en.wikipedia.org/wiki/Jonatan_Maidana
w:1975-01-05:andriuschenko,CB,,low,group_DF
w:1972-12-02:kandaurov,CAM,CM,mid,en.wikipedia.org/wiki/Serhiy_Kandaurov
w:1969-06-22:kavteladze,CB,CDM,mid,en.wikipedia.org/wiki/Anzor_Kavteladze
w:1976-04-03:bohatirov,CAM,RM;LM,tm,https://www.transfermarkt.com/-/profil/spieler/943315
w:1977-02-05:schastlivi,CB,,low,group_DF
w:1973-08-13:levan,CB,CDM,low,en.wikipedia.org/wiki/Levan_Mikadze
w:1982-01-15:chernikov,CM,,low,group_MF
w:1983-05-13:hnehneri,CM,CDM;CAM;CB,high,en.wikipedia.org/wiki/Yaya_Touré
w:1986-05-31:horbushin,CM,,low,en.wikipedia.org/wiki/Dmitri_Gorbushin
w:1979-10-27:drahan,CB,,low,en.wikipedia.org/wiki/Dragan_Perišić
w:1985-03-08:lukas,LB,LM,high,en.wikipedia.org/wiki/Lukáš_Tesák
w:1963-09-18:tkachuk,CM,,low,group-default
w:1958-12-16:antoniuk,CB,,low,group-default
w:1961-09-14:bilous,CM,,low,group-default
w:1972-08-15:martsun,CB,CDM,mid,en.wikipedia.org/wiki/Oleksandr_Martsun
w:1969-09-24:zaporojchenko,CB,,low,group-default
w:1979-02-22:litovchak,CM,,low,group-default
w:1977-09-10:poliarush,CM,,low,en.wikipedia.org/wiki/Oleh_Polyarush
w:1974-05-08:lemishko,CB,,low,group-default
w:1974-07-12:abramov,CM,,low,en.wikipedia.org/wiki/Vitaliy_Abramov
w:1980-12-09:tomislav,CB,,low,en.wikipedia.org/wiki/Tomislav_Višević
w:1981-06-07:oliveira,CM,,low,group-default
w:1983-01-20:artola,CB,,mid,sports.ru/football/person/daniel-fernandez
w:1987-12-09:alan,CM,,low,"en.wikipedia.org/wiki/Alan_(footballer,_born_1987)"
w:1961-01-24:chernih,CM,,low,group-default
w:1969-05-21:aleksandrov,CB,,low,group-default
w:1969-10-05:kersteniuk,CM,,low,group-default
w:1971-02-23:naduda,CM,,low,en.wikipedia.org/wiki/Oleh_Naduda
w:1964-04-15:brundjadze,CM,,low,group-default
w:1975-05-09:savenchuk,ST,CAM,mid,en.wikipedia.org/wiki/Oleksandr_Savenchuk
w:1968-09-24:mihailenko,CB,,low,group-default
w:1976-11-29:shimanski,CB,,low,group-default
w:1978-11-08:simonov,CM,,low,group-default
w:1974-01-23:kormiltsev,CM,CDM;RB,mid,ru.wikipedia(dic.academic.ru)+own-knowledge
w:1976-08-26:erko,CB,,low,en.wikipedia.org/wiki/Jerko_Mikulić
w:1975-10-18:donitsa,CB,,low,group-default
w:1985-12-02:jersh,CM,,low,en.wikipedia.org/wiki/Roman_Zhersh
w:1978-10-02:mjavanadze,CB,,low,en.wikipedia.org/wiki/Kakhaber_Mzhavanadze
w:1984-05-20:darko,CAM,,high,en.wikipedia.org/wiki/Darko_Tasevski
w:1969-09-24:humeniuk,CM,,low,group-default
w:1970-12-21:komziuk,CDM,CB,mid,en.wikipedia.org/wiki/Yaroslav_Komzyuk
w:1977-02-01:sizon,CB,,low,en.wikipedia.org/wiki/Oleh_Syzon
w:1962-04-17:puchkov,CB,CDM,mid,en.wikipedia.org/wiki/Serhiy_Puchkov
w:1972-10-15:zeleniuk,CB,,low,group-default
w:1976-02-11:sobkovich,CDM,CB,mid,en.wikipedia.org/wiki/Oleksandr_Sobkovych
w:1977-03-26:sahno,CM,,low,group-default
w:1981-06-01:uvarov,CM,,low,group-default
w:1978-08-18:meliti,CM,CDM,mid,en.wikipedia.org/wiki/Sofiane_Melliti
w:1977-04-15:brhles,CM,,low,group-default
w:1981-07-18:davidson,CB,,low,group-default
w:1980-01-03:irmartas,CB,CDM,mid,ru.wikipedia(dic.academic.ru/dic.nsf/ruwiki/927839)
w:1980-02-14:boaventura,LB,LM,high,en.wikipedia.org/wiki/William_Boaventura
w:1969-09-09:kriachik,CM,,low,group
w:1967-03-06:uzakov,CB,,low,en.wikipedia.org/wiki/Ruslan_Uzakov
w:1972-10-30:karamustafa,CM,,low,group
w:1973-08-06:bezuhli,CM,,low,group
w:1963-11-27:iarmolich,CB,,low,en.wikipedia.org/wiki/Serhiy_Yarmolych
w:1970-11-15:kovtun,CB,,low,group
w:1973-01-08:vasilkiv,CM,,low,group
w:1968-10-01:kovalenko,CB,,low,group
w:1977-01-20:lots,CB,,low,group
w:1981-12-01:merkado,CDM,CB,mid,en.wikipedia.org/wiki/Peter_Mercado
w:1981-01-05:serhev,CM,,low,group
w:1988-09-02:semenenko,CDM,CB,high,en.wikipedia.org/wiki/Artem_Semenenko
w:1979-01-28:branislav,CM,CAM,mid,en.wikipedia.org/wiki/Branislav_Krunić
w:1980-07-27:shahoika,CB,,low,group
w:1963-02-07:protsiuk,CB,CDM,mid,en.wikipedia.org/wiki/Serhiy_Protsyuk
w:1970-08-08:moroz,CB,,low,en.wikipedia.org/wiki/Yuriy_Moroz
w:1961-01-01:mahinia,CB,,low,group
w:1972-02-11:chirva,CB,,low,group
w:1970-08-19:muschinka,CM,CAM,low,en.wikipedia.org/wiki/Anatoliy_Mushchynka
w:1971-06-19:hetikov,CB,,low,group
w:1973-10-27:michuda,CB,,low,group
w:1965-04-25:krivenko,CB,,low,group
w:1974-02-09:iohan,CAM,ST;CB,high,en.wikipedia.org/wiki/Jordi_Cruyff
w:1965-01-31:hula,CB,,low,group
w:1977-11-14:bilokin,CB,,low,group
w:1978-07-18:martinenko,CB,,low,group
w:1980-08-11:bermudes,CM,,low,group
w:1969-01-24:zarutski,CB,,low,group
w:1979-08-13:bledi,CAM,CM,high,en.wikipedia.org/wiki/Bledi_Shkëmbi
w:1985-06-13:alenkor,LM,CAM;LB,mid,en.wikipedia.org/wiki/Gérson_Magrão
w:1989-06-01:inkum,RB,,high,en.wikipedia.org/wiki/Samuel_Inkoom
w:1962-08-17:iarovenko,CB,CDM,low,group
w:1969-03-27:aleksanenkov,CB,,low,matchtv.ru/athlete/andrei-aleksanenkov
w:1965-01-17:danilishin,CM,,low,group
w:1971-10-14:manko,CB,,low,group
w:1961-08-18:polni,CB,,low,group
w:1969-06-11:povedonok,CM,,low,group
w:1973-12-24:pinchuk,CB,,low,group
w:1962-08-20:huihanov,CB,,low,group
w:1971-08-15:hela,CB,,low,group
w:1978-08-31:bohorodichenko,CM,,low,group
w:1967-09-27:sidelnikov,CB,CDM,mid,en.wikipedia.org/wiki/Andriy_Sidelnikov
w:1975-04-29:budnik,CM,,low,group
w:1982-03-29:karabkin,CB,,low,group
w:1973-11-30:iovichevich,RW,CAM;ST,low,en.wikipedia.org/wiki/Igor_Jovićević
w:1978-11-20:lavrenti,CB,,low,en.wikipedia.org/wiki/Levan_Mikadze
w:1985-05-14:joze,CB,,low,matchtv.ru/athlete/zhoze-leandro
w:1983-09-03:petkovich,RB,,high,en.wikipedia.org/wiki/Igor_Petković
w:1987-03-22:jeniuh,CM,,low,en.wikipedia.org/wiki/Oleh_Zhenyukh
w:1978-11-09:miroshnichenko,CM,,low,group
w:1957-04-16:sorokalet,LB,CDM,high,dn-football.okis.ru/statja52_SOROKOLET.html
w:1972-05-15:sherabokov,CM,CB,mid,fcsevastopol.ru/news/86.html
w:1973-04-13:zaitsev,CB,,low,wmj.su/stati/7601-zaycev-sergey-illarionovich.html
w:1971-01-17:kurbatski,CM,,low,group
w:1974-01-08:leliuk,CB,,low,news.sportbox.ru
w:1968-11-26:borovski,CM,,low,news.sportbox.ru
w:1974-12-15:ushtan,CM,,low,group
w:1962-03-19:iaremchuk,RM,CM;LM,tm,https://www.transfermarkt.com/-/profil/spieler/117396
w:1971-07-10:tutichenko,CM,,low,matchtv.ru
w:1975-08-16:verteletski,CM,,low,matchtv.ru
w:1970-01-04:polushin,CB,,low,group
w:1974-01-09:hvostunov,CB,CM,low,footballfakts.ru/person/17937
w:1985-05-28:derkach,CM,,low,news.sportbox.ru
w:1983-08-11:aladashvili,CB,CDM,low,en.wikipedia.org/wiki/Kakhaber_Aladashvili
w:1983-03-27:henri,CB,,low,en.wikipedia.org/wiki/Henri_Ndreka
w:1988-05-14:borha,CB,,tm,https://www.transfermarkt.com/-/profil/spieler/65060
w:1964-03-28:bonetski,ST,CAM,mid,playersfootball.ru/boneckij-sergej-romanovich
w:1970-12-28:travin,CM,,low,matchtv.ru
w:1967-01-01:piskun,CAM,ST,mid,dic.academic.ru/dic.nsf/ruwiki/1849979
w:1973-01-18:kuchirka,CM,,low,matchtv.ru
w:1970-06-12:mardas,CM,,low,group
w:1978-03-24:erohin,CB,,low,group
w:1977-11-11:androshich,CB,,low,group
w:1984-01-04:radevich,CB,,low,sports.ru
w:1984-02-01:arakelian,CDM,CB,high,en.wikipedia.org/wiki/Ararat_Arakelyan
w:1978-01-04:kazaniuk,CM,,low,group
w:1980-04-19:harmash,CM,CDM;RM,high,own_knowledge
w:1984-01-07:kucherenko,CAM,CM,mid,dic.academic.ru/dic.nsf/ruwiki/1816778
w:1967-02-07:bidulko,CM,,low,group
w:1960-11-03:budnik,CM,,low,group
w:1974-08-03:varaksin,CM,,low,group
w:1976-03-25:kian,CM,,low,group
w:1978-03-21:horban,CM,,low,en.wikipedia.org/wiki/Andriy_Horban
w:1974-09-25:suhoruchenko,CB,,low,group
w:1974-03-24:danel,CB,,low,en.wikipedia.org/wiki/Daniel_Chiriță
w:1981-09-18:halchuk,CB,,high,en.wikipedia.org/wiki/Lyubomyr_Halchuk
w:1971-10-23:lobanovs,CDM,CB,mid,en.wikipedia.org/wiki/Valentīns_Lobaņovs
w:1977-04-04:lanko,ST,,mid,en.wikipedia.org/wiki/Vital_Lanko
w:1980-06-15:milan,CB,,low,en.wikipedia.org/wiki/Milan_Zagorac
w:1975-07-25:varlamov,CB,,mid,en.wikipedia.org/wiki/Yevgeni_Varlamov
w:1985-07-12:karpenko,CM,,low,group
w:1975-04-02:florin,CM,,low,en.wikipedia.org/wiki/Florin_Pîrvu
w:1987-01-23:kolesnichenko,CDM,CB,tm,https://www.transfermarkt.com/-/profil/spieler/89713
w:1989-06-09:avelar,LB,CB,tm,https://www.transfermarkt.com/-/profil/spieler/140748
w:1983-12-03:izvoranu,CDM,CB,high,en.wikipedia.org/wiki/Silviu_Izvoranu
w:1961-03-02:zolotnitski,CB,,low,group
w:1966-01-16:bakalov,CM,CB,low,dic.academic.ru/dic.nsf/ruwiki/1688792
w:1972-02-04:kovalov,CM,,low,group
w:1976-08-22:liashenko,CB,,low,group
w:1976-10-26:chumachenko,CM,,low,dic.academic.ru/dic.nsf/ruwiki/1503857
w:1975-02-07:datsishin,CM,,low,group
w:1966-06-29:mokan,CM,,low,matchtv.ru/athlete/vasilii-mokan
w:1973-03-03:bojko,ST,RM,mid,news.sportbox.ru/Vidy_sporta/Futbol/Sergey-YUrievich-Bozhko-Futbol-03031973
w:1973-03-14:pajin,CB,LB,high,en.wikipedia.org/wiki/Predrag_Pažin
w:1983-07-27:poltavets,ST,,high,en.wikipedia.org/wiki/Roman_Poltavets
w:1971-11-17:ahmedov,CB,,low,en.wikipedia.org/wiki/Tarlan_Ahmadov
w:1979-07-23:audrius,CB,,low,group
w:1988-08-16:zavarov,CM,CAM,low,en.wikipedia.org/wiki/Valeriy_Zavarov
w:1976-07-22:kretov,CM,,low,matchtv.ru/athlete/anatolii-kretov
w:1983-02-24:erik,CB,,low,en.wikipedia.org/wiki/Eric_Kamdem_Kamdem
w:1989-11-21:kiva,CM,,low,en.wikipedia.org/wiki/Andriy_Kiva
w:1981-00-00:pshenichnih,RB,CB,mid,knowledge
w:1973-01-31:lozovski,CB,,low,group
w:1967-06-25:voronejski,CB,,low,group
w:1962-03-18:hruslov,CB,CDM,low,en.wikipedia.org/wiki/Vyacheslav_Khruslov
w:1965-02-15:pokidko,CB,,low,group
w:1969-01-23:nikiforov,CM,,low,group
w:1974-06-01:dranitski,CM,,low,matchtv.ru/athlete/sergei-dranitskii
w:1971-01-08:dmitrev,CB,,low,group
w:1974-07-19:maksimich,CM,,low,playersfootball.ru/maksimich-sergej-vasilevich
w:1978-09-03:starovik,CB,,low,group
w:1975-04-21:averin,ST,,mid,matchtv.ru/athlete/sergei-averin
w:1982-05-16:riabih,CM,CAM,low,news.sportbox.ru/Vidy_sporta/Futbol/Andrey-Mitrofanovich-Ryabih-Futbol-16051982
w:1972-06-02:pophadze,CB,,low,en.wikipedia.org/wiki/Zurab_Popkhadze
w:1975-10-10:avhustin,CM,,low,en.wikipedia.org/wiki/Augustin_Chiriță
w:1972-09-05:dobrianski,CM,,low,group
w:1978-08-05:berkeuan,CB,RB;ST,high,en.wikipedia.org/wiki/Cosmin_Bărcăuan
w:1984-02-22:krivoshev,CB,,low,group
w:1986-03-09:ermak,CB,,low,en.wikipedia.org/wiki/Oleh_Yermak
w:1983-03-03:tarasenko,CB,,low,en.wikipedia.org/wiki/Yevhen_Tarasenko
w:1989-08-03:ado,CB,,low,group
w:1982-00-00:shimanek,CB,,low,en.wikipedia.org/wiki/Wojciech_Szymanek
w:1962-03-22:zadorojniak,CM,,low,group
w:1956-10-20:hamali,CM,,low,group
w:1963-08-22:spitsin,CB,,low,group
w:1978-10-27:daraselia,CM,,low,en.wikipedia.org/wiki/Vitaly_Daraselia
w:1980-08-24:zapoiaska,CAM,ST,low,metalist-kh-stat.net.ua/player/1447
w:1982-09-11:dedich,CB,,low,en.wikipedia.org/wiki/Rusmin_Dedić
w:1982-09-04:bairamov,CM,,low,en.wikipedia.org/wiki/Nazar_Bayramov
w:1978-02-24:chetiani,CDM,CB,low,en.wikipedia.org/wiki/Kakhaber_Chkhetiani
w:1985-05-30:shevchenko,ST,,high,en.wikipedia.org/wiki/Vyacheslav_Shevchenko
w:1980-10-06:nudni,CM,,low,group
w:1989-03-24:fartushniak,CB,,low,en.wikipedia.org/wiki/Andriy_Fartushnyak
w:1969-08-18:zaets,CB,,low,en.wikipedia.org/wiki/Serhiy_Zayets
w:1966-02-13:sorokin,CM,,low,group
w:1968-06-09:kilasonia,CM,,low,en.wikipedia.org/wiki/Giorgi_Kilasonia
w:1976-07-10:nazimov,CM,,low,group
w:1975-05-30:bahirov,CB,CDM,low,news.sportbox.ru/Vidy_sporta/Futbol/Eduard-Aleksandrovich-Bagirov-Futbol-30051975
w:1976-12-13:stratulat,CM,,low,en.wikipedia.org/wiki/Gheorghe_Stratulat
w:1981-02-09:batrachenko,CB,,low,group
w:1980-08-16:stejkovi,CB,,low,group_DF
w:1982-05-23:hromih,CM,CB,low,en.wikipedia.org/wiki/Anton_Khromykh
w:1973-04-17:kabelski,CB,,low,group_DF
w:1979-11-15:antonio,CDM,CB,low,en.wikipedia.org/wiki/Everton_Antônio_Pereira
w:1980-03-27:djinovich,CB,,low,group_DF
w:1980-11-15:zaichuk,CB,,low,group_DF
w:1976-05-16:hroshev,CDM,CB,low,en.wikipedia.org/wiki/Yuriy_Hroshev
w:1981-02-28:abdulae,CM,CDM,low,en.wikipedia.org/wiki/Abdoulaye_Djiré
w:1984-00-00:andres,CDM,CB,low,en.wikipedia.org/wiki/Sebastián_Setti
w:1968-10-29:hachatrian,CB,,low,en.wikipedia.org/wiki/Vardan_Khachatryan
w:1970-02-07:herasimets,CB,,low,group_DF
w:1975-10-05:shahov,CM,CB,low,en.wikipedia.org/wiki/Albert_Shakhov
w:1974-10-23:kotik,CB,,low,group_DF
w:1972-04-24:karetnik,CM,,low,group_MF
w:1981-01-07:dodich,CB,,low,group_DF
w:1981-03-28:ribich,ST,,high,en.wikipedia.org/wiki/Vladimir_Ribić
w:1979-01-30:evmenev,CM,CB,low,en.wikipedia.org/wiki/Roman_Yevmenyev
w:1984-04-09:cherni,CB,,low,en.wikipedia.org/wiki/Serhiy_Cherniy
w:1974-11-23:ihors,CB,,low,en.wikipedia.org/wiki/Igors_Korabļovs
w:1976-10-30:bulut,LWB,LM;LB,high,en.wikipedia.org/wiki/Erol_Bulut
w:1982-02-26:fabio,CM,,low,"en.wikipedia.org/wiki/Fabinho_(footballer,_born_1982)"
w:1984-03-29:chavdar,CM,CDM;CAM,mid,en.wikipedia.org/wiki/Chavdar_Yankov
w:1990-02-08:shevchuk,CM,,low,en.wikipedia.org/wiki/Anton_Shevchuk
w:1984-00-00:markos,CAM,ST;LW,high,en.wikipedia.org/wiki/Marcos_Pizzelli
w:1987-00-00:ksenz,RB,RW,low,en.wikipedia.org/wiki/Pavlo_Ksyonz
w:1984-00-00:cherednichenko,CB,,low,en.wikipedia.org/wiki/Ihor_Cherednychenko
w:1990-00-00:taras,RB,RM;CM,high,en.wikipedia.org/wiki/Taras_Zaviyskyi
w:1969-01-21:bezsmertni,CB,CDM,low,en.wikipedia.org/wiki/Anatoliy_Bezsmertnyi
w:1966-01-02:korzanov,CB,,low,group_DF
w:1970-02-01:sidorkin,CB,,low,group_DF
w:1971-02-04:huralik,CM,,low,group_MF
w:1973-01-05:ashurbekov,CM,,low,group_MF
w:1971-07-05:kabachenko,CB,,low,group_DF
w:1969-05-22:kazmin,CB,,low,group_DF
w:1964-04-01:hredil,CB,,low,group_DF
w:1976-05-16:levchenko,CB,,low,group_DF
w:1968-09-18:donchev,CB,,low,en.wikipedia.org/wiki/Velin_Kefalov
w:1975-02-05:kondakov,CB,,low,group_DF
w:1967-04-17:tsisar,CB,,low,group_DF
w:1970-05-13:junenko,CDM,CM;RM;RB,high,sports.kz/news/sergey-junenko-pro-kayrat-tanki-i-manchester-yunayted
w:1978-08-20:smishko,CB,,low,en.wikipedia.org/wiki/Bohdan_Smishko
w:1976-09-02:bernar,ST,,high,en.wikipedia.org/wiki/Bernard_Tchoutang
w:1976-05-08:konstantin,CAM,,high,en.wikipedia.org/wiki/Constantin_Schumacher
w:1985-03-13:alsides,RB,CB,high,en.wikipedia.org/wiki/Alcides_(footballer)
w:1984-07-31:durai,CB,,high,en.wikipedia.org/wiki/Taras_Duray
w:1988-08-06:karaush,CM,,low,en.wikipedia.org/wiki/Vasile_Carauș
w:1966-02-18:marev,CM,,low,group_MF
w:1970-08-13:tupchenko,CM,,low,group_MF
w:1970-01-01:hlan,CB,,low,group_DF
w:1975-03-31:kuznetsov,CM,,low,group_MF
w:1970-04-08:fihun,CM,,low,protocol-group
w:1973-07-17:sali,CB,,low,protocol-group
w:1976-04-04:domushkin,CB,,low,protocol-group
w:1965-01-29:chernishov,CB,CDM,low,matchtv.ru/athlete/sergei-chernyshov-1965
w:1969-05-26:buthanov,CB,,low,protocol-group
w:1972-04-06:lukash,CB,,low,protocol-group
w:1980-04-08:hanitski,ST,CAM,mid,matchtv.ru/athlete/daniil-ganitskii
w:1979-01-13:kerimov,CB,,low,en.wikipedia.org/wiki/Rasim_Kerimow
w:1984-08-02:kovalevski,CM,,low,matchtv.ru/athlete/anton-kovalevskii-1984
w:1980-10-27:linov,CB,,low,en.wikipedia.org/wiki/Yawhen_Linyow
w:1982-07-22:lolo,CB,RB,mid,en.wikipedia.org/wiki/Igor_Lolo
w:1989-09-24:zaharevich,CM,,low,en.wikipedia.org/wiki/Yaroslav_Zakharevych
w:1983-02-22:darius,CM,CAM,low,en.wikipedia.org/wiki/Darius_Miceika
w:1989-00-00:denis,CAM,RW,high,en.wikipedia.org/wiki/Denys_Kostyshyn
w:1969-01-04:marchak,CM,,low,protocol-group
w:1970-09-03:shvirkov,CB,,low,protocol-group
w:1970-12-13:visokos,CM,,low,protocol-group
w:1972-05-04:husak,CM,,low,protocol-group
w:1971-02-07:zavaliak,CB,,low,protocol-group
w:1972-01-14:bilousov,CB,,low,protocol-group
w:1975-04-16:kondratiuk,CB,,low,protocol-group
w:1971-12-01:stroenko,CM,,low,protocol-group
w:1973-06-06:porohnenko,CB,,low,matchtv.ru/athlete/andrei-porokhnenko
w:1971-11-04:dail,CB,,low,protocol-group
w:1971-07-26:dobrovolski,CB,,low,protocol-group
w:1974-12-07:aleksev,CB,,low,protocol-group
w:1977-08-10:krisanov,CM,CAM,mid,peoples.ru/sport/football/dmitriy_krisanov
w:1983-10-18:ermolenko,CM,,low,protocol-group
w:1976-06-27:pavlovich,CM,CDM,low,en.wikipedia.org/wiki/Zoran_Pavlović
w:1984-04-24:chuprina,CM,,low,protocol-group
w:1977-04-10:savelev,CM,,low,news.sportbox.ru(полузащитник)
w:1980-09-09:hrishin,CM,CDM,mid,sport-strana.ru/grishin-vitalij-nikolaevich
w:1982-07-06:mihashko,CB,,low,football.lg.ua(defender)
w:1977-01-17:seihan,CB,RB,high,en.wikipedia.org/wiki/Tolga_Seyhan
w:1986-03-19:aparesido,CB,,high,en.wikipedia.org/wiki/Leonardo
w:1981-02-15:djordjevich,CB,LB,low,en.wikipedia.org/wiki/Slavoljub_Đorđević
w:1981-02-22:aurimas,CDM,CB,mid,en.wikipedia.org/wiki/Aurimas_Kučys
w:1992-00-00:batiushin,CM,,high,en.wikipedia.org/wiki/Yuriy_Batyushyn
w:1996-00-00:fabino,CAM,,high,sport.ua/news/545385
w:1989-00-00:oleh,RB,RM,low,ua.tribuna.com/football/person/oleg-sinogub
w:1969-06-17:tsimbalar,CAM,LM,high,en.wikipedia.org/wiki/Ilya_Tsymbalar
w:1959-02-19:demianenko,LB,RB;LM,tm,https://www.transfermarkt.com/-/profil/spieler/117378
w:1969-11-27:bordiuh,CM,,low,protocol-group
w:1958-07-03:mashnin,CM,,low,protocol-group
w:1964-07-30:rodnonok,CB,,low,protocol-group
w:1969-08-04:kozub,CM,,low,protocol-group
w:1970-06-02:chorni,CM,,low,protocol-group
w:1975-10-16:kitsak,CM,,low,protocol-group
w:1960-09-15:cherednik,RB,CB,mid,en.wikipedia.org/wiki/Oleksiy_Cherednyk
w:1973-04-04:petrunia,CB,,low,protocol-group
w:1960-01-29:iakubovski,CM,,low,group-default
w:1970-09-07:cholokava,CM,,low,group-default
w:1970-05-13:polischuk,CB,,low,group-default
w:1972-08-24:baziliak,CM,,low,group-default
w:1978-04-01:lisovi,CB,,low,group-default
w:1983-01-11:ivanski,LB,LM,high,en.wikipedia.org/wiki/Lyubomyr_Ivanskyi
w:1970-10-14:pavlish,CB,,low,group-default
w:1971-02-09:tsvik,CM,,low,group-default
w:1980-07-22:dushan,CM,,low,en.wikipedia.org/wiki/Dušan_Šimić
w:1980-07-06:shvidakov,CM,,low,group-default
w:1977-12-22:lalatovich,CB,,high,zaryalg.com/news/536789
w:1979-03-10:ramazanov,CAM,ST,mid,en.wikipedia.org/wiki/Murad_Ramazanov_(footballer)
w:1977-11-16:andre,CM,,low,group-default
w:1985-01-01:hololobov,CB,,mid,en.wikipedia.org/wiki/Dmytro_Hololobov
w:1979-06-26:dariush,CB,,mid,en.wikipedia.org/wiki/Marcin_Nowak_(footballer)
w:1979-05-30:kutsenko,CB,,low,group-default
w:1975-08-25:erve,CB,CDM,mid,en.wikipedia.org/wiki/Nzelo_Hervé_Lembi
w:1984-06-07:kikot,CM,,low,en.wikipedia.org/wiki/Andriy_Kikot
w:1989-07-15:bohomazov,CM,,low,group-default
w:1987-01-19:artomenko,CB,,low,group-default
w:1984-03-28:kultishev,CM,CAM,mid,en.wikipedia.org/wiki/Artem_Kultyshev
w:1990-05-27:tsakich,CDM,CM;CB,mid,en.soccerwiki.org/player.php?pid=49238
w:1996-00-00:beka,CM,CDM,mid,en.soccerwiki.org/player.php?pid=89398
w:1967-10-03:laktionov,CM,,low,group-default
w:1960-01-07:shoh,CDM,CM;ST,high,kp.kz/daily/27562/4887747
w:1966-07-02:buts,CB,,low,en.wikipedia.org/wiki/Petro_Buts
w:1977-03-28:fenin,CM,,low,group-default
w:1976-03-21:demenko,CM,CDM;CB,high,rusteam.su/players/demenko.html
w:1973-02-05:chunihin,CM,,low,group-default
w:1968-11-02:holovati,CM,,low,en.wikipedia.org/wiki/Volodymyr_Holovaty
w:1976-02-23:kuznetsov,CB,,low,group-default
w:1971-01-21:bojenko,CM,,low,group-default
w:1975-09-25:boharada,CB,,low,group-default
w:1972-10-27:iaremko,CB,,low,group-default
w:1973-03-30:putria,CM,,low,group-default
w:1971-07-02:karmeliuk,CM,,low,en.wikipedia.org/wiki/Yuriy_Karmelyuk
w:1962-05-15:popovich,CB,,low,group-default
w:1970-11-29:zinchenko,CB,,low,group-default
w:1980-10-08:chaidjoke,CM,,low,group-default
w:1973-08-10:shashkevich,CB,,low,group-default
w:1968-01-18:moroz,CM,,low,group-default
w:1975-04-18:kriulin,CDM,CB,low,news.sportbox.ru/Vidy_sporta/Futbol/Stanislav-Vladimirovich-Kriulin-Futbol-18041975
w:1972-01-05:krohan,CM,,low,group-default
w:1967-01-03:bahmetev,CB,,low,group-default
w:1971-04-05:sarkisov,CM,,low,en.wikipedia.org/wiki/Eduard_Sarkisov
w:1972-08-21:mamedov,RB,CB,mid,en.wikipedia.org/wiki/Ramiz_Mamedov
w:1973-04-17:shukatka,CB,,low,group-default
w:1979-08-07:homutov,CM,,low,en.wikipedia.org/wiki/Denys_Khomutov
w:1969-10-05:opria,CB,,low,news.sportbox.ru/Vidy_sporta/Futbol/Igori-Vasilievich-Oprya-Futbol-05101969
w:1970-09-14:hela,CB,,mid,en.wikipedia.org/wiki/Gela_Shekiladze
w:1984-09-24:ivanov,CB,,low,en.wikipedia.org/wiki/Pavlo_Ivanov
w:1980-01-30:hlushok,CB,,low,group_default
w:1979-03-01:hbenha,RB,,high,en.wikipedia.org/wiki/Gbenga_Okunowo
w:1988-03-31:hrihorik,CM,,low,group_default
w:1986-02-10:kavatsiv,CB,,low,en.wikipedia.org/wiki/Yarema_Kavatsiv
w:1982-12-21:onischenko,CM,,low,group_default
w:1985-08-14:huardia,CAM,ST,high,en.wikipedia.org/wiki/Mauricio_Saucedo
w:1982-10-11:aholi,LB,LM,high,en.wikipedia.org/wiki/Ansi_Agolli
w:1985-04-17:ivashkevichius,CAM,RM,high,en.wikipedia.org/wiki/Kęstutis_Ivaškevičius
w:1989-11-20:artak,CM,CDM,mid,en.wikipedia.org/wiki/Artak_Dashyan
w:1982-07-25:len,CB,CDM,low,en.wikipedia.org/wiki/Ivan_Len
w:1989-07-06:nasibulin,CM,CB,low,en.wikipedia.org/wiki/Vladyslav_Nasibulin
w:1986-05-02:haruna,CDM,,high,en.wikipedia.org/wiki/Sani_Kaita
w:1985-04-05:emanuel,CM,,low,group_default
w:1965-01-17:bubis,CM,,low,group_default
w:1966-09-10:tsveiba,CB,,mid,en.wikipedia.org/wiki/Akhrik_Tsveiba
w:1961-09-15:bobiliak,CM,,low,group_default
w:1972-04-27:semenov,CB,,low,group_default
w:1968-04-14:kudliuk,CM,,low,group_default
w:1965-03-13:matiuha,CM,,low,group_default
w:1968-05-01:ilin,CB,,low,group_default
w:1968-05-29:petrov,CB,,low,group_default
w:1970-06-12:burlaka,CM,,low,group_default
w:1971-08-11:hvoia,CB,,low,group_default
w:1971-02-21:chmeruk,CM,,low,group_default
w:1966-03-31:iurchenko,CM,,low,group_default
w:1973-12-10:iatsurak,CB,,low,group_default
w:1972-09-21:shevchenko,CM,,low,group_default
w:1973-03-23:baharev,CB,CM;ST,low,en.wikipedia.org/wiki/Vyacheslav_Bakharev
w:1971-09-05:tolkach,CB,,low,group_default
w:1977-07-27:mitin,CB,,low,group_default
w:1977-03-29:iakushev,CB,,low,group_default
w:1979-11-05:oleksenko,CB,,low,group_default
w:1969-03-12:shmarko,CB,,low,group_default
w:1980-04-13:fedorchenko,CB,,low,group_default
w:1981-12-18:berlizev,CM,,low,group_default
w:1983-11-29:orehov,CB,,low,group_default
w:1982-11-03:vasilev,CM,,low,group_default
w:1983-02-20:kiselov,CM,,low,group_default
w:1980-08-12:sanin,CM,,low,group_default
w:1978-06-18:oleshko,CM,,low,group_default
w:1975-09-17:hamza,CB,,low,en.wikipedia.org/wiki/Ilham_Yadullayev
w:1976-03-18:ihonin,CDM,CB,mid,en.wikipedia.org/wiki/Aleksei_Igonin
w:1983-01-12:buriak,CB,,low,en.wikipedia.org/wiki/Ihor_Buryak
w:1973-05-10:hanlar,CAM,ST,low,en.wikipedia.org/wiki/Mahmud_Qurbanov
w:1978-06-22:firsov,CM,,low,group_default
w:1981-11-14:ptachik,CB,,low,en.wikipedia.org/wiki/Oleh_Ptachyk
w:1979-02-19:mitreski,CB,,mid,en.wikipedia.org/wiki/Igor_Mitreski
w:1982-10-09:savanchuk,CM,,low,group_default
w:1986-02-27:hrinchenko,CM,,low,en.wikipedia.org/wiki/Mykola_Hrinchenko
w:1986-02-16:anibal,CDM,CM,mid,en.wikipedia.org/wiki/Walter_Acevedo
w:1988-10-14:djenison,CAM,CM,low,own_knowledge
w:1983-05-13:arbi,CB,,low,en.wikipedia.org/wiki/Mohamed_Arouri
w:1988-01-29:karkovski,CB,CDM,low,en.wikipedia.org/wiki/Bohdan_Karkovskyi
w:1986-00-00:shendrik,RB,CB,mid,en.wikipedia.org/wiki/Anton_Shendrik
w:1997-00-00:bohdan,CM,,low,group
w:1993-00-00:timofenko,CM,,low,group
w:1970-09-16:nikiforov,CB,CDM,high,en.wikipedia.org/wiki/Yuri_Nikiforov
w:1967-08-15:volotek,CDM,CB,mid,zaryalg.com/komanda/players/volotek
w:1963-07-10:panchik,CB,,low,zenit-history.ru
w:1965-02-20:medvid,CM,,low,group
w:1969-09-15:vishniauskas,CM,,low,en.wikipedia.org/wiki/Vidmantas_Vyšniauskas
w:1973-11-12:kirepko,CM,,low,group
w:1968-02-08:biliai,CB,,low,group
w:1968-01-14:andreas,CM,CDM,low,en.wikipedia.org/wiki/Andreas_Sassen
w:1975-12-25:bezubko,CM,,low,group
w:1974-02-20:hora,CM,,low,group
w:1972-03-17:bohach,CB,,low,group
w:1972-04-04:hvadahiani,CB,,low,en.wikipedia.org/wiki/Vakhtang_Khvadagiani
w:1963-03-22:kuznetsov,CB,CDM,high,en.wikipedia.org/wiki/Oleh_Kuznetsov
w:1963-12-07:samara,CM,,low,group
w:1970-01-28:sushko,CM,CB;ST,mid,en.wikipedia.org/wiki/Hennadiy_Sushko
w:1972-09-08:burkovski,CB,,low,group
w:1973-02-16:zalizniak,CB,,low,group
w:1970-01-21:serikov,CM,,low,group
w:1976-07-12:shkurupi,CM,,low,group
w:1979-09-12:vasin,CB,,low,group
w:1978-11-30:kostiuk,CM,,low,group
w:1971-12-02:mahdev,CM,,low,group
w:1981-01-07:horin,CB,,low,group
w:1979-11-10:mihailov,CB,,low,group
w:1974-10-13:marius,CB,,low,en.wikipedia.org/wiki/Marius_Skinderis
w:1978-09-18:andrius,CM,,low,en.wikipedia.org/wiki/Andrius_Gedgaudas
w:1975-05-15:sarkisian,RM,CAM,low,en.wikipedia.org/wiki/Albert_Sarkisyan
w:1974-04-08:horovoi,CM,,low,group
w:1978-08-30:aladin,ST,CAM,high,en.wikipedia.org/wiki/Farrukh_Ismayilov
w:1985-08-20:jura,ST,,high,en.wikipedia.org/wiki/Oleksandr_Zgura
w:1975-03-04:batista,CM,,low,group
w:1980-05-15:sharaba,LB,,high,en.wikipedia.org/wiki/Zdravko_Šaraba
w:1977-05-18:sandulovich,CB,,high,en.wikipedia.org/wiki/Vladimir_Sandulović
w:1986-02-25:hai,CM,,low,group
w:1985-06-08:romanenko,CM,,low,en.wikipedia.org/wiki/Volodymyr_Romanenko
w:1982-06-19:zeinalov,CM,,low,en.wikipedia.org/wiki/Ruslan_Zeynalov
w:1981-08-04:asatiani,CB,CDM;CAM,high,en.wikipedia.org/wiki/Malkhaz_Asatiani
w:1985-08-16:leonidov,CB,,low,en.wikipedia.org/wiki/Oleh_Leonidov
w:1988-08-30:hurski,CB,,low,en.wikipedia.org/wiki/Andriy_Hurskyi
w:1985-09-29:haushi,CB,,low,group
w:1979-02-23:komlonok,CM,,low,group
w:1991-04-17:polischuk,CM,,low,group
w:1981-06-17:paraskiv,CDM,,high,en.wikipedia.org/wiki/Sorin_Paraschiv
w:2003-00-00:hromei,CM,,high,en.wikipedia.org/wiki/Mykhaylo_Khromey
w:2002-00-00:bohdan,CB,,low,group_default
w:1995-00-00:junior,LB,CB,low,"en.wikipedia.org/wiki/Juninho_(footballer,_born_December_1995)"
w:1969-02-05:borovik,CB,,low,group_default
w:1971-09-25:chuprin,CM,,low,metalist-kh-stat.net.ua/player/1387
w:1971-08-05:ishmirzaev,CM,,low,matchtv.ru/athlete/sareddin-ishmirzaev
w:1972-01-20:zelinski,ST,CAM,mid,fc-tambov.ru/players/9177-Zelinskij-Sergej-Leonidovich.html
w:1976-08-22:hamal,CM,,low,group_default
w:1964-03-26:novoseltsev,CM,,low,group_default
w:1974-08-30:tischenko,CM,,low,group_default
w:1974-02-12:shevirov,CB,,low,group_default
w:1975-02-10:vasilev,CM,,low,group_default
w:1965-04-12:skala,CM,,low,group_default
w:1963-09-11:litovchenko,CM,CAM,mid,en.wikipedia.org/wiki/Hennadiy_Lytovchenko
w:1975-01-02:kovalenko,CM,,low,group_default
w:1967-03-25:sandul,CB,,low,group_default
w:1974-02-04:hairov,CB,,low,group_default
w:1975-09-03:mahmutov,CB,,low,group_default
w:1972-10-13:turkin,CM,,low,group_default
w:1975-05-14:nujni,CM,,low,group_default
w:1979-04-16:ditkovski,CB,,low,group_default
w:1968-04-12:plotnikov,CM,,low,group_default
w:1981-06-30:histev,CB,,low,group_default
w:1974-04-02:frantishek,CB,,mid,en.wikipedia.org/wiki/František_Hanc
w:1983-04-02:veprik,CM,,low,group_default
w:1981-08-04:adson,CM,,low,group_default
w:1986-02-16:iariuhin,CM,,low,group_default
w:1978-05-31:malitski,CM,,low,group_default
w:1977-12-26:davhulevets,CB,,low,en.wikipedia.org/wiki/Pavel_Dovgulevets
w:1973-08-13:shtaniuk,CB,,high,en.wikipedia.org/wiki/Sergei_Shtanyuk
w:1982-08-20:aleksander,CB,,mid,en.wikipedia.org/wiki/Aleksandre_Amisulashvili
w:1982-01-28:sasha,CB,,low,en.wikipedia.org/wiki/Saša_Cilinšek
w:1979-09-01:shashiashvili,CB,RB,high,en.wikipedia.org/wiki/Giorgi_Shashiashvili
w:1979-08-08:iurevich,LB,,high,en.wikipedia.org/wiki/Aleksandr_Yurevich
w:1979-12-13:iuritsa,CB,RB,low,en.wikipedia.org/wiki/Jurica_Puljiz
w:1987-01-23:dankiv,CM,,low,en.wikipedia.org/wiki/Andriy_Dankiv
w:1989-05-19:tkachov,CM,,low,group_default
w:1982-00-00:enrike,CM,,low,group_default
w:2002-00-00:danil,CB,,low,en.wikipedia.org/wiki/Danylo_Skorko
w:1996-00-00:ihor,RB,,mid,en.wikipedia.org/wiki/Ihor_Kyryukhantsev
w:1964-12-19:iakovenko,CM,,mid,en.wikipedia.org/wiki/Pavlo_Yakovenko
w:1972-08-13:iliuhin,CM,,low,group_default
w:1970-05-13:anisimkov,CB,,low,group_default
w:1967-07-05:nedorostkov,CM,,low,group_default
w:1976-06-27:mihalatiuk,CM,,low,group_default
w:1968-05-03:visochanski,CM,,low,group_default
w:1960-12-08:zaiats,CB,,low,group_default
w:1967-09-24:shevchenko,CB,,low,group_default
w:1974-11-27:mamuka,CM,,low,group_default
w:1975-09-22:derik,CB,,low,group_default
w:1973-02-24:podlesni,CB,,low,group
w:1979-08-24:volkarachevski,CB,,low,en.wikipedia.org/wiki/Denys_Volk-Karachevsky
w:1972-01-29:chipa,CB,,low,group
w:1975-04-13:cherevan,ST,,mid,matchtv.ru/athlete/andrei-cherevan
w:1976-07-22:bohomol,CM,,low,group
w:1973-09-09:konopelko,CM,,low,group
w:1980-09-23:shaida,CM,,low,group
w:1977-11-10:mishkov,CB,,low,en.wikipedia.org/wiki/Omar_Mishkov
w:1978-06-25:polischuk,CB,,low,group
w:1982-03-21:fabio,CB,,low,group
w:1975-09-09:solomatin,CM,,low,group
w:1974-10-03:ismet,CM,,low,en.wikipedia.org/wiki/Ismet_Munishi
w:1987-09-14:nazarenko,CB,,low,en.wikipedia.org/wiki/Dmytro_Nazarenko_(footballer)
w:1983-06-12:kaniuk,CB,,low,group
w:1983-06-26:ervis,CB,,low,en.wikipedia.org/wiki/Ervis_Kraja
w:1978-08-19:hvozdenovich,RB,RM,low,en.wikipedia.org/wiki/Ivan_Gvozdenović
w:1990-03-12:vladov,CM,,low,en.wikipedia.org/wiki/Dmytro_Vladov
w:1988-09-05:iakimenko,ST,,high,en.wikipedia.org/wiki/Oleksandr_Yakymenko_(footballer)
w:1983-03-08:alehandre,CM,,low,group
w:1991-04-19:bruno,CDM,,high,en.wikipedia.org/wiki/Bruno_Renan
w:1987-06-17:hraf,CB,,low,en.wikipedia.org/wiki/Ivan_Graf
w:1984-06-20:muhovikov,CM,,low,en.wikipedia.org/wiki/Anton_Mukhovykov
w:1990-00-00:kampos,CM,,low,group
w:1988-00-00:henev,CB,,high,en.wikipedia.org/wiki/Viktor_Genev
w:1981-00-00:jelko,CM,CDM,low,en.wikipedia.org/wiki/Željko_Ljubenović
w:1992-00-00:alimi,CB,,high,en.wikipedia.org/wiki/Jamiu_Alimi
w:1971-06-11:haidamaschuk,CM,,low,group
w:1970-04-29:betsa,CM,,low,en.wikipedia.org/wiki/Stepan_Betsa
w:1973-08-12:boichishin,CB,,low,en.wikipedia.org/wiki/Oleh_Boychyshyn
w:1962-05-30:rafalchuk,CM,,low,group
w:1969-12-06:tsokur,CM,,low,group
w:1968-06-24:miroshkin,CB,,low,group
w:1969-09-21:androschuk,CM,,low,group
w:1962-08-30:evsev,CB,RB,low,en.wikipedia.org/wiki/Vasyl_Yevseyev
w:1960-07-19:sich,CM,,low,group
w:1974-09-06:sultanov,CB,,low,group
w:1965-03-06:kovtun,CM,,low,group
w:1975-05-05:hitia,CM,,low,group
w:1978-03-07:hrischenko,CM,,low,group
w:1975-12-31:aladashvili,CM,,low,group
w:1962-11-29:dovhalets,CM,,low,group
w:1966-03-28:salo,CB,,low,group
w:1971-08-03:panin,CM,,low,group
w:1975-01-23:hrechani,CB,,low,group
w:1967-04-02:kostishin,CM,,low,group
w:1975-08-21:sopkiv,CM,,low,group
w:1977-02-02:matvichuk,CB,,low,group
w:1972-10-30:zaiats,CB,,low,group
w:1983-01-02:hubrenko,CM,,low,group
w:1974-06-22:damian,CB,,low,group
w:1972-02-17:lutsenko,CM,,low,group_fallback
w:1983-09-06:shubin,CM,,low,group_fallback
w:1984-07-26:hanas,CB,CDM,low,en.wikipedia.org/wiki/Andriy_Khanas
w:1983-04-12:karmalita,CB,CDM,low,matchtv.ru/athlete/evgenii-karmalita
w:1979-01-08:ostroushko,CB,,low,group_fallback
w:1986-03-05:kostiuk,CM,,low,group_fallback
w:1983-12-16:dancho,CAM,,tm,https://www.transfermarkt.com/-/profil/spieler/25805
w:1985-10-03:salatin,CB,,low,group_fallback
w:1982-04-01:arhuedas,CB,,high,en.wikipedia.org/wiki/Edgar_Villamarín
w:1983-02-16:anderson,LM,CAM,high,"en.wikipedia.org/wiki/Michael_(footballer,_born_1983)"
w:1988-08-17:beka,RW,ST,mid,en.wikipedia.org/wiki/Beka_Gotsiridze
w:1988-02-18:hustavo,RW,ST,low,en.wikipedia.org/wiki/Gustavo_Pinedo
w:1984-07-29:oleksandru,CDM,,high,en.wikipedia.org/wiki/Alexandru_Onica
w:1990-02-04:tolstiak,CM,,low,en.wikipedia.org/wiki/Oleksandr_Tolstyak
w:1993-00-00:monte,CB,RB,mid,en.wikipedia.org/wiki/Nélson_Monte
w:1992-00-00:leka,CB,,high,en.wikipedia.org/wiki/Mihai_Leca
w:1996-00-00:dmitri,CB,,low,group_fallback
w:1965-01-25:poliakov,CB,,low,group_fallback
w:1966-02-03:haria,CM,,low,group_fallback
w:1970-07-13:tsiura,CM,,low,group_fallback
w:1963-01-22:korotaev,CM,,low,group_fallback
w:1971-05-23:taran,CM,,low,group_fallback
w:1974-03-20:avramenko,CM,,low,group_fallback
w:1972-11-13:sinitsin,CM,,low,group_fallback
w:1972-05-05:kapustnikov,CB,,low,group_fallback
w:1965-03-18:juravlenko,CM,,low,group_fallback
w:1966-11-23:hromei,CM,,low,group_fallback
w:1975-06-19:bilak,CB,,low,group_fallback
w:1964-09-08:isaev,CB,,low,group_fallback
w:1976-04-27:stepanov,CM,,low,group_fallback
w:1974-08-03:chistiakov,CM,,low,group_fallback
w:1973-01-28:tarabrin,CM,,low,group_fallback
w:1970-05-05:eschenko,CM,,low,group_fallback
w:1978-01-03:sobko,CB,,low,group_fallback
w:1979-12-24:rachiba,CM,,low,group_fallback
w:1975-08-16:hetman,CB,CM,low,en.wikipedia.org/wiki/Oleksiy_Hetman
w:1973-10-23:skomorohov,CM,,low,group_fallback
w:1980-01-12:borovski,CM,,low,group_fallback
w:1975-10-19:iordanov,CM,,low,group_fallback
w:1974-08-13:titsa,CB,,low,group_fallback
w:1981-06-17:pasichnichenko,CB,,low,group_fallback
w:1975-10-21:ianichevich,CM,,low,group_fallback
w:1976-03-17:arhire,CM,,low,en.wikipedia.org/wiki/Iulian_Arhire
w:1977-08-02:dzenisiuk,CM,,low,group_fallback
w:1979-09-01:danaev,CAM,ST,low,en.wikipedia.org/wiki/Andriy_Danayev
w:1974-05-05:falemi,CDM,,high,en.wikipedia.org/wiki/Nana_Falemi
w:1978-07-01:amor,CB,,low,group_fallback
w:1982-12-11:aleksandar,CM,,low,group_fallback
w:1982-02-05:ivoso,CB,,low,group_fallback
w:1981-02-21:vitoshinski,CM,,low,en.wikipedia.org/wiki/Andriy_Vitoshynskyi
w:1981-08-31:bakovich,CAM,,high,en.wikipedia.org/wiki/Branko_Baković
w:1978-09-25:dobre,CB,,low,en.wikipedia.org/wiki/Lucian_Dobre
w:1980-05-04:kolesnichenko,CAM,,high,en.wikipedia.org/wiki/Vladimirs_Koļesņičenko
w:1981-07-16:lisitsin,CM,,low,group_default
w:1982-10-27:hediminas,CB,,low,en.wikipedia.org/wiki/Gediminas_Paulauskas
w:1983-09-25:burkhardt,CM,CAM,mid,igol.pl/zapomniani-marcin-burkhardt
w:1987-11-09:kim,CM,CDM,low,en.wikipedia.org/wiki/Kim_Pyung-rae
w:1980-10-02:andrade,CAM,RM;LM,mid,en.wikipedia.org/wiki/Filipe_Teixeira
w:1985-12-11:durovski,CAM,,high,en.wikipedia.org/wiki/Mario_Gjurovski
w:1984-12-28:piskun,CB,,low,group_default
w:1987-00-00:enrike,LB,,high,en.wikipedia.org/wiki/Léo_Veloso
w:1984-00-00:krespo,CM,CDM,low,en.wikipedia.org/wiki/Cristóbal_Márquez
w:1993-00-00:irakli,CM,,low,en.wikipedia.org/wiki/Irakli_Meskhia
w:1984-00-00:dalibor,CM,CDM,mid,en.wikipedia.org/wiki/Dalibor_Stevanović
w:1992-00-00:lihovidko,CB,,low,group_default
w:1966-08-10:savchenko,CM,,low,group_default
w:1962-01-21:stepanischev,CM,,low,zaryalg.com/statistika/allplayers
w:1968-05-12:sharipov,CM,,low,group_default
w:1970-04-18:shvets,CB,,low,group_default
w:1976-09-19:vereschaka,CB,,low,group_default
w:1971-05-04:scherbina,CB,,low,group_default
w:1961-01-15:suslo,CB,,low,group_default
w:1961-01-08:kuznetsov,CM,,low,group_default
w:1968-08-02:katerusha,CM,,low,group_default
w:1963-08-30:kuznetsov,CM,,low,group_default
w:1974-08-03:rehviashvili,CDM,,high,en.wikipedia.org/wiki/Aleksandre_Rekhviashvili
w:1963-10-14:melnichuk,CM,,low,group_default
w:1969-12-09:liubimov,CM,,low,group_default
w:1970-05-06:sinkov,CM,,low,group_default
w:1976-04-01:kurilenko,CM,,low,group_default
w:1961-09-18:dunai,ST,CM,mid,zaryalg.com/statistika/allplayers
w:1979-12-23:shakun,CM,,low,group_default
w:1977-08-08:budhusaim,CM,,low,group_default
w:1980-02-21:mikula,CB,,low,group_default
w:1975-02-28:lukianchikov,CM,,low,group_default
w:1970-11-10:kovalkov,CB,,low,group_default
w:1979-03-22:kozlenko,CM,,low,group_default
w:1976-11-24:skvortsov,CM,,low,group_default
w:1977-04-10:lunhu,CM,,low,en.wikipedia.org/wiki/Vladislav_Lungu
w:1965-08-07:sechin,CB,,low,group_default
w:1977-09-24:paleshev,CM,,low,group_default
w:1975-10-05:hudjadze,CM,CB,low,en.wikipedia.org/wiki/Shalva_Khujadze
w:1978-07-18:davitnidze,CB,CM,low,en.wikipedia.org/wiki/Giorgi_Davitnidze
w:1980-04-10:tarasenko,CM,,low,group_default
w:1975-04-21:rak,CM,,low,group_default
w:1976-04-19:romashev,CB,,low,group_default
w:1981-11-11:komar,CM,,low,group_default
w:1980-07-27:ratski,CM,,low,group_default
w:1973-01-12:buhakov,CM,,low,group_default
w:1977-11-27:tanurkov,CM,,low,en.wikipedia.org/wiki/Vladimir_Tanurcov
w:1978-07-17:braikovich,CM,,low,en.wikipedia.org/wiki/Goran_Brajković
w:1982-10-01:shkred,CB,,low,group_default
w:1977-05-20:trapachkin,CM,,low,group_default
w:1979-11-01:savchuk,CB,,low,group_default
w:1980-11-02:panforov,CM,,low,matchtv.ru/athlete/andrei-panferov
w:1984-02-21:brazeiro,CM,,low,"en.wikipedia.org/wiki/Jader_(footballer,_born_1984)"
w:1980-11-24:ronald,CB,CDM,mid,en.wikipedia.org/wiki/Ronald_Šiklić
w:1982-02-06:zelenbaba,CAM,ST,mid,en.wikipedia.org/wiki/Vladimir_Zelenbaba
w:1981-12-09:babai,CM,,low,en.wikipedia.org/wiki/Shpëtim_Babaj
w:1989-02-05:hovbosha,CDM,CB,low,zaryalg.com/statistika/allplayers
w:1987-05-03:arturs,CB,,low,en.wikipedia.org/wiki/Artūrs_Silagailis
w:1983-07-15:malish,CM,,low,en.wikipedia.org/wiki/Ihor_Malysh
w:1984-08-14:luksha,RM,CM;CAM,low,futbolas.lietuvai.lt/wiki/Vytautas_Lukša
w:1987-11-08:leshko,CB,,low,group_default
w:1987-00-00:barilko,CM,,low,group_default
w:1987-00-00:kalouda,CAM,CDM,high,isport.blesk.cz/clanek/fotbal-zahranici/116957
w:1997-00-00:aleksandr,CB,,high,en.wikipedia.org/wiki/Oleksandr_Masalov
w:1990-00-00:spirovski,CM,,high,en.wikipedia.org/wiki/Stefan_Spirovski
w:1992-00-00:kverkvelia,CB,,high,en.wikipedia.org/wiki/Solomon_Kvirkvelia
w:1964-10-24:sluka,CM,,low,group_default
w:1967-01-03:kvitkauskas,CDM,CB,low,en.wikipedia.org/wiki/Gintaras_Kvitkauskas
w:1973-10-20:mansurov,CM,,low,group_default
w:1972-06-26:pahomov,CM,,low,group_default
w:1969-09-04:chaika,CM,,low,group_default
w:1972-05-20:korobov,CM,,low,group_default
w:1977-01-01:lamtiuhin,CB,,low,group_default
w:1974-08-18:sumtsov,CB,,low,group_default
w:1977-08-03:omelianovich,CM,,low,group_default
w:1974-10-01:holovan,CM,,low,group_default
w:1972-04-08:zapishni,CM,,low,group_default
w:1963-06-20:tsimbal,CB,,low,group_default
w:1977-10-10:karaianov,CM,,low,group_default
w:1964-10-04:merab,CM,,low,group_default
w:1969-01-01:zaev,CM,,low,group_default
w:1974-01-24:sirik,CB,,low,group_default
w:1972-01-14:pronin,CM,,low,group_default
w:1965-07-23:taran,CB,,low,group_default
w:1972-08-25:marashov,CM,,low,group_default
w:1979-10-20:baranov,ST,CM,low,zaryalg.com/statistika/allplayers
w:1973-09-07:perehrim,CB,ST,low,zaryalg.com/statistika/allplayers
w:1971-09-11:panasiuk,CB,,low,group_default
w:1973-10-10:zuev,CB,,low,group_default
w:1966-10-29:huzun,CB,RB;CDM,low,en.wikipedia.org/wiki/Alexandru_Guzun
w:1979-09-23:eliar,CM,,low,group_default
w:1974-10-08:lopushinski,CM,,low,group_default
w:1978-06-23:evsiukov,CM,,low,group_default
w:1978-02-01:svisch,CB,,low,group_default
w:1972-01-11:iaskovich,CB,,low,en.wikipedia.org/wiki/Syarhey_Yaskovich
w:1976-09-18:hordenko,CM,,low,group_default
w:1971-06-04:diak,CM,,low,group_default
w:1973-06-06:tepchuk,CM,,low,group_default
w:1970-07-07:kukalevich,CM,,low,group_default
w:1977-02-20:sautin,CM,,low,group_default
w:1975-10-02:matiushenko,CB,,low,group_default
w:1981-07-29:tenhiz,CM,,low,group_default
w:1975-05-18:demirchian,CB,,low,group_default
w:1978-01-18:lukashuk,CM,,low,group_default
w:1979-05-18:bahniuk,CM,,low,group_default
w:1984-10-25:honcharenko,CM,,low,group_default
w:1984-02-05:chesnauskis,LM,LW,high,en.wikipedia.org/wiki/Edgaras_Česnauskis
w:1981-05-01:kalachov,RM,RW,high,en.wikipedia.org/wiki/Timofey_Kalachyov
w:1985-01-16:polunitski,CB,,low,en.wikipedia.org/wiki/Oleksandr_Polunytskyi
w:1985-06-16:baranov,CB,,low,group_default
w:1985-05-21:lisovi,CDM,CB,low,en.wikipedia.org/wiki/Maksym_Lisovyi
w:1981-05-15:branavitski,CDM,CB,low,en.wikipedia.org/wiki/Yawhen_Branavitski
w:1985-06-08:osmani,CB,CDM,high,en.wikipedia.org/wiki/Tefik_Osmani
w:1973-12-10:liubisha,CDM,CB,mid,en.wikipedia.org/wiki/Ljubiša_Ranković
w:1986-11-20:sviridov,CM,,low,en.wikipedia.org/wiki/Platon_Svyrydov
w:1983-06-09:lazarevski,RB,,high,macedonianfootball.com/vlade-lazarevski
w:1980-03-21:koziuberda,CM,,low,group_default
w:1983-12-19:nikola,CB,,high,en.wikipedia.org/wiki/Nikola_Vasiljević_(Bosnian_footballer)
w:1986-01-25:ponomarov,CB,,low,news.sportbox.ru/Aleksandr-Vladimirovich-Ponomarev-Futbol-25011986
w:1988-03-11:andronik,RB,LB,low,sheriff-sport.com/igor-andronik-zavershil-kareru-futbolista-i-uexal-v-irlandiyu
w:1987-00-00:protich,LB,,high,en.wikipedia.org/wiki/Radoš_Protić
w:1991-00-00:vadim,RB,,high,terrikon.com/posts/382036
w:1996-00-00:bosanchich,CB,,high,en.wikipedia.org/wiki/Petar_Bosančić
w:1973-01-13:oshiko,CM,,low,group_default
w:1960-08-22:shevchenko,CB,,low,group_default
w:1971-07-21:dolinovski,CB,,low,group_default
w:1960-01-20:suhenko,CM,,low,group_default
w:1966-03-10:hudimenko,ST,CAM,high,dic.academic.ru/dic.nsf/ruwiki/632459
w:1967-09-04:kornev,CB,,low,group_default
w:1965-01-02:sartakov,CM,,low,group_default
w:1968-12-23:keniz,CM,,low,group_default
w:1975-05-10:iakovenko,CM,,low,group_default
w:1960-04-29:baranov,CM,,low,en.wikipedia.org/wiki/Oleksandr_Baranov
w:1976-05-06:pedorenko,CB,,low,group_default
w:1967-02-04:miliukin,CB,,low,group_default
w:1979-07-02:kovrijkin,CM,,low,group_default
w:1960-04-02:prichinenko,CB,,low,group_default
w:1974-12-23:pertia,CM,,low,group_default
w:1968-02-09:soshko,CM,,low,group_default
w:1976-08-21:baranov,CM,,low,group_default
w:1974-10-11:zablotski,CM,,low,group_default
w:1970-05-21:chaika,CB,,low,group_default
w:1974-02-01:kito,CM,,low,group_default
w:1976-10-03:matiash,CB,,low,group_default
w:1975-09-09:fedirchik,CM,,low,group_default
w:1972-05-15:dubina,CM,,low,group_default
w:1976-09-22:vitvitski,CM,,low,group_default
w:1964-10-01:ptashnik,CM,,low,group_default
w:1979-04-25:shubin,CM,,low,group_default
w:1980-12-15:kovtunov,CB,,low,group_default
w:1981-04-13:berna,CB,,low,group_default
w:1979-03-21:kudria,CM,,low,group_default
w:1982-08-18:rostovski,CM,,low,group_default
w:1984-10-15:kozerenko,CM,,low,group_default
w:1983-02-21:brushko,CM,,low,en.wikipedia.org/wiki/Tomáš_Bruško
w:1974-08-04:kachur,CB,,low,group_default
w:1975-03-01:djordje,CM,,low,group_default
w:1979-01-10:alesandro,CB,,low,group_default
w:1986-09-19:mihailov,CM,,low,group_default
w:1984-09-12:kots,CB,,low,group_default
w:1981-07-07:irimia,RB,,high,footballfakts.ru/person/163637-irimiyakristian
w:1974-05-21:rade,CM,,low,group_default
w:1987-01-06:kucherenko,CM,,low,group_default
w:1985-08-09:dudnik,CB,,low,group_default
w:1982-01-25:orlati,CB,,low,group_default
w:1978-09-05:aleksandar,CAM,,high,en.wikipedia.org/wiki/Aleksandar_Nedović
w:1985-01-20:lutsenko,CM,,low,en.wikipedia.org/wiki/Roman_Lutsenko
w:1980-08-16:ioksimovich,ST,,high,en.wikipedia.org/wiki/Igor_Joksimović
w:1981-01-17:stasovski,CB,,low,group_default
w:1989-02-07:svorak,ST,,mid,en.wikipedia.org/wiki/Yaroslav_Svorak
w:1982-08-12:marko,CB,,low,group_default
w:1986-06-13:zeldi,CB,,low,group_default
w:1983-08-05:hisham,LB,LW,mid,en.wikipedia.org/wiki/Hicham_Mahdoufi
w:1988-05-18:krivi,CB,,low,group_default
w:1988-09-04:melnik,CB,,low,group_default
w:1983-07-24:kornutiak,CB,,low,en.wikipedia.org/wiki/Volodymyr_Kornutyak
w:1989-02-26:boichenko,CM,,low,group_default
w:1982-10-12:bulichev,CM,,low,group_default
w:1987-03-27:danel,CM,LM;ST,mid,en.wikipedia.org/wiki/Hernán_Fredes
w:1987-07-27:sirota,CM,,low,group_default
w:1990-06-30:bertohlio,CAM,LW,high,en.wikipedia.org/wiki/Facundo_Bertoglio
w:1987-07-05:skepski,CDM,,high,en.wikipedia.org/wiki/Denys_Skepskyi
w:1991-00-00:cheremisin,CB,,low,group_default
w:1983-00-00:arbi,CB,,low,group_default
w:1982-00-00:lozinski,CB,,low,group_default
w:2000-00-00:artem,CB,,low,group_default
w:1972-02-03:mamchur,CB,,low,footballfakts.ru/person/10674-mamchursergeynikolaevich
w:1967-01-20:sukiasian,CB,,low,en.wikipedia.org/wiki/Yervand_Sukiasyan
w:1968-10-25:vahanov,CM,,low,group_default
w:1958-03-24:trehubov,CB,,low,group_default
w:1959-03-11:bashkirov,CB,,low,group_default
w:1965-12-27:ovcharenko,CM,,low,group_default
w:1969-11-27:korobov,CM,,low,group_default
w:1967-05-01:samoilov,CM,,low,group_default
w:1975-12-22:petrov,CM,,low,group_default
w:1976-01-24:holovir,CB,,low,footballfakts.ru/person/161242-golovirolegvitalevich
w:1974-11-11:pavlovich,CB,,low,group_default
w:1971-01-04:suchko,CM,,low,group_default
w:1968-10-20:mojovi,CB,,low,group_default
w:1975-08-19:sharabura,CM,,low,group_default
w:1975-05-04:lisakovski,CM,,low,group_default
w:1971-01-30:surelo,CB,,low,group_default
w:1971-08-20:shikir,CB,,low,group_default
w:1970-11-03:hopei,CM,,low,group_default
w:1974-01-06:hamtsemlidze,CM,,low,group_default
w:1973-02-25:iaschuk,CM,,low,group_default
w:1967-04-11:matvichuk,CM,,low,group_default
w:1973-06-25:hriner,CM,,low,group_default
w:1978-08-06:veretinski,CM,,low,group_default
w:1967-08-15:zenin,CM,,low,group_default
w:1971-12-16:rubanchuk,CM,,low,group_default
w:1974-11-13:fedorkiv,CB,,low,group_default
w:1969-09-01:haevik,CB,,low,group_default
w:1977-03-12:lihotvorik,CB,,low,group_default
w:1978-08-15:pinenko,CM,,low,group_default
w:1970-03-25:svidchenko,CB,,low,group_default
w:1971-08-15:makovski,CM,,low,group_default
w:1979-06-19:fenin,CB,,low,group_default
w:1977-07-12:mishko,CB,,low,group_default
w:1971-02-16:jovjerenko,CM,,low,group_default
w:1978-05-10:kuratov,CM,,low,group_default
w:1975-02-13:vopliushkin,CM,,low,group_default
w:1978-08-05:sokoliukorel,CB,,low,group_default
w:1977-08-16:soroka,CB,,low,group_default
w:1980-01-14:klabukov,CB,,low,group_default
w:1983-02-26:bohach,CB,,low,en.wikipedia.org/wiki/Oleksandr_Bohach
w:1979-06-15:stoliarchuk,CM,,low,group_default
w:1984-11-22:diachenko,CM,,low,group_default
w:1980-09-10:konovalenko,CM,,low,group_default
w:1979-02-16:artemov,CB,,low,group_default
w:1977-10-04:mor,CM,,low,group_default
w:1978-12-23:dotsenko,CB,,low,group_default
w:1985-01-14:papush,CB,,low,en.wikipedia.org/wiki/Oleksandr_Papush
w:1976-01-10:levan,CDM,CM,mid,en.wikipedia.org/wiki/Levan_Tskitishvili
w:1978-09-02:aleksandar,CB,LB,high,en.wikipedia.org/wiki/Aleksandar_Tomash
w:1981-04-24:prohorov,CB,,low,group_default
w:1987-03-25:lutsik,CM,,low,en.wikipedia.org/wiki/Anton_Lutsyk
w:1982-03-29:davidov,CB,,low,en.wikipedia.org/wiki/Oleh_Davydov
w:1989-01-26:meporia,CM,,low,en.wikipedia.org/wiki/Ika_Meporia
w:1989-08-29:palamarchuk,CM,,low,group_default
w:1983-02-13:kaschelan,CM,CDM,mid,en.wikipedia.org/wiki/Mladen_Kašćelan
w:1988-12-24:luhachov,CM,,low,en.wikipedia.org/wiki/Yehor_Luhachov
w:1982-06-25:aleksandar,CAM,CM,high,en.wikipedia.org/wiki/Aleksandar_Mladenov
w:1988-02-24:matia,LB,LW,high,en.wikipedia.org/wiki/Matija_Špičić
w:1990-07-16:pohoreltsev,CB,,low,en.wikipedia.org/wiki/Rollan_Pohoreltsev
w:1986-02-27:karpovich,CM,,low,en.wikipedia.org/wiki/Maksim_Karpovich
w:1990-00-00:eremenko,CM,,low,group_default
w:1981-00-00:dino,CB,,mid,en.wikipedia.org/wiki/Dino_Drpić
w:1984-00-00:romanchuk,CB,,low,"en.wikipedia.org/wiki/Oleksandr_Romanchuk_(footballer,_born_1984)"
w:1991-00-00:batischev,CM,,low,zaryalg.com/komanda/players/batishchev
w:1970-10-17:sasko,CM,CB,low,dn-football.okis.ru/all_foot_dn.html
w:1968-01-08:lupinos,CB,,low,group_default
w:1971-10-29:malani,CM,,low,group_default
w:1970-08-15:kurlikovski,CB,,low,group_default
w:1972-08-05:lesik,CM,,low,group_default
w:1974-01-31:cherepenkin,CB,,low,group_default
w:1958-01-27:kriachko,CB,,low,en.wikipedia.org/wiki/Valentyn_Kryachko
w:1962-02-11:rudi,CM,,low,group_default
w:1975-02-20:zadov,CM,,low,group_default
w:1965-10-30:chaika,CM,,low,group_default
w:1966-10-19:krivchenko,CM,,low,group_default
w:1971-06-09:palamarchuk,CM,,low,group_default
w:1967-02-14:seleznov,CB,,low,group_default
w:1976-03-20:bondar,CM,,low,group_default
w:1973-01-06:matiuhin,CB,,low,group_default
w:1970-01-23:kulakovski,CM,,low,group_default
w:1975-11-28:nerovni,CM,,low,group_default
w:1977-02-03:berehulia,CB,,low,group_default
w:1974-11-15:skripka,CB,,low,group_default
w:1974-03-11:menshikov,CM,,low,group_default
w:1975-01-28:vorobei,CM,,low,group_default
w:1976-11-04:masuliak,CM,,low,group_default
w:1969-10-12:mafumba,CM,,low,group_default
w:1975-10-12:teodorovich,CM,,low,group_default
w:1974-04-14:kopetski,CM,,low,group_default
w:1976-07-18:polivoda,CM,,low,group_default
w:1971-09-08:meleshko,CM,,low,matchtv.ru/athlete/roman-meleshko
w:1971-11-23:levchuk,CB,,low,group_default
w:1968-02-29:shtihar,CB,,low,group_default
w:1964-02-02:raiko,CM,,low,group_default
w:1973-03-05:fedoriv,CM,,low,group_default
w:1981-01-14:riumin,CB,,low,group_default
w:1976-09-01:lisenko,CB,,low,group_default
w:1980-08-14:orlov,CM,,low,group_default
w:1972-01-17:arabadji,CM,,low,group_default
w:1974-04-02:tkachov,CM,,low,group_default
w:1970-04-11:tarhonski,CB,,low,group_default
w:1977-01-09:potapov,CM,,low,group_default
w:1970-08-12:marhoshia,CM,,low,group_default
w:1976-03-18:kolomets,CM,,low,group_default
w:1982-04-08:mihailenko,CM,,low,group_default
w:1981-06-24:kondratovich,CB,,low,group_default
w:1971-12-02:taloverov,CB,,high,en.wikipedia.org/wiki/Vadym_Taloverov
w:1980-05-28:soproniuk,CB,,low,group_default
w:1980-08-31:horodchanin,CM,,low,group_default
w:1977-05-21:telehin,CM,,low,group_default
w:1977-08-25:muamer,CB,,mid,en.wikipedia.org/wiki/Muamer_Vugdalić
w:1982-03-21:sarkis,CM,,low,group_default
w:1976-05-21:chosich,CB,,low,group_default
w:1979-03-23:ansen,CB,,low,group_default
w:1977-02-24:ohnenovich,RW,CAM;LW,mid,worldfootball.net/player_summary/perica-ognjenovic
w:1981-10-23:skidan,CM,,low,group_default
w:1981-10-05:alekseis,CM,,low,group_default
w:1984-01-05:trefilovski,CM,,low,group_default
w:1985-01-03:stankevich,CB,,low,group_default
w:1985-01-20:stadnik,CM,,low,group_default
w:1985-03-09:suspitsin,CM,,low,group_default
w:1974-10-15:matveichik,CDM,CB,low,en.wikipedia.org/wiki/Artur_Matveychik
w:1986-04-21:kudlai,CB,,low,group_default
w:1986-01-04:svitlichni,CM,CB,low,en.wikipedia.org/wiki/Roman_Svitlychnyi
w:1975-11-05:hahokidze,CAM,RW;ST,mid,en.wikipedia.org/wiki/Giorgi_Gakhokidze
w:1983-06-01:musonda,CM,,low,group_default
w:1986-11-25:slobodian,CM,,low,group_default
w:1985-02-16:bashlai,CB,,low,group_default
w:1984-06-18:evlanov,CM,,low,group_default
w:1984-09-22:djozef,CB,,low,group_default
w:1977-08-28:kovalenko,CM,,low,group_default
w:1989-07-12:ribkovski,CM,,low,group_default
w:1982-01-23:bojich,CDM,,high,en.wikipedia.org/wiki/Milan_Božić_(footballer)
w:1984-12-15:davit,CDM,LB,high,national-football-teams.com/player/16423
w:1984-07-06:bobilev,CM,,low,group_default
w:1985-07-04:popov,CM,,low,group_default
w:1985-11-28:patiak,CM,,low,group_default
w:1981-01-26:almir,RB,RM,high,en.wikipedia.org/wiki/Almir_Sulejmanović
w:1983-01-23:minia,CB,,low,en.wikipedia.org/wiki/Minja_Popović
w:1990-07-15:frank,ST,,high,en.wikipedia.org/wiki/Frank_Temile
w:1989-01-02:sahaidak,CB,,low,en.wikipedia.org/wiki/Andriy_Sahaydak
w:1989-06-04:nahirni,CM,,low,group_default
w:1991-02-27:vorobei,CM,,low,group_default
w:1988-11-06:davidov,CM,,low,en.wikipedia.org/wiki/Kyrylo_Davydov
w:1988-06-27:bidni,CB,,low,group_default
w:1983-02-19:julio,LB,,high,"en.wikipedia.org/wiki/Júlio_César_(footballer,_born_January_1983)"
w:1990-06-05:mali,CB,CDM,mid,zaryalg.com/statistika/allplayers
w:1984-12-21:alberto,CM,,low,group_default
w:1991-07-28:lukash,CB,,mid,sofascore.com/football/player/lukas-stetina/67349
w:1989-02-13:batista,CM,,low,group_default
w:1988-00-00:andre,CM,,low,en.wikipedia.org/wiki/Tiago_Terroso
w:1988-00-00:bobuh,CB,,low,en.wikipedia.org/wiki/Artem_Bobukh
w:1983-00-00:hodvin,CDM,CM,mid,en.wikipedia.org/wiki/Samson_Godwin
w:1980-00-00:smirnov,CM,,low,group_default
w:2000-00-00:dolhov,CM,,low,group_default
w:2000-00-00:sorokin,CM,,low,group_default
w:1974-03-17:bender,CM,,low,group_default
w:1968-08-27:martiniuk,CM,,low,group_default
w:1974-12-29:morhunov,CM,,low,group_default
w:1973-08-12:patronov,CB,,low,zaryalg.com/statistika/allplayers
w:1973-02-08:fadeichev,CM,,low,group_default
w:1971-01-21:sivahin,CM,,low,group_default
w:1974-10-03:hrischenko,CM,,low,group_default
w:1961-09-30:bratchikov,CM,,low,footballfakts.ru/person/2597
w:1972-12-12:ohorodnik,CB,,low,group_default
w:1964-10-07:akbarov,RB,CM,low,news.sportbox.ru/Vidy_sporta/Futbol/Eduard-Ilidusovich-Akbarov-Futbol-07101964
w:1972-03-23:avdev,CM,,low,group_default
w:1972-04-09:somik,CM,,low,group_default
w:1977-00-00:maiorenko,CM,,low,group_default
w:1977-09-10:marchenko,CM,,low,group_default
w:1976-09-01:badlo,CB,,low,group_default
w:1970-05-03:kres,CM,,low,group_default
w:1967-05-11:nikolaenko,CB,CM,low,footballfakts.ru/person/29164-nikolaenkoleonidnikolaevich
w:1969-02-18:sadovi,CM,,low,group_default
w:1969-05-28:pritula,CB,,low,group_default
w:1973-11-04:ohrimchuk,CM,,low,group_default
w:1969-02-18:paios,CM,,low,group_default
w:1977-10-27:fedoruk,CM,,low,group_default
w:1975-08-28:maherovich,CM,,low,group_default
w:1977-10-29:smirnov,CM,,low,group_default
w:1977-00-00:evhen,CM,,low,group_default
w:1970-10-27:holovan,CM,,low,group_default
w:1974-02-27:hudima,CM,,low,group_default
w:1977-11-20:zentsov,CM,,low,zaryalg.com/statistika/allplayers
w:1975-06-23:zahoruiko,CB,,low,group_default
w:1964-10-01:azovski,CM,CB,low,footballfakts.ru/person/771-azovskiyivangennadevich
w:1969-04-03:skorik,CB,,low,group_default
w:1972-06-13:danilko,CM,,low,group_default
w:1976-03-13:chaplihin,CB,,low,group_default
w:1977-08-27:batsmanov,CM,,low,zaryalg.com/statistika/allplayers
w:1978-03-07:leonidov,CB,,low,group_default
w:1971-10-05:muzika,CM,,low,group_default
w:1978-03-30:pidvalni,CB,,low,group_default
w:1974-09-21:shvets,CM,,low,group_default
w:1967-08-30:postovoi,CM,,low,group_default
w:1971-07-29:hoshovski,CB,,low,group_default
w:1979-02-04:volovik,CM,,low,group_default
w:1976-03-13:reshetniak,CM,,low,group_default
w:1971-11-19:kopistianski,CM,,low,group_default
w:1981-01-20:andrets,CM,,low,group_default
w:1977-02-22:shevchuk,CB,,low,group_default
w:1975-03-19:dobrovinski,CM,,low,group_default
w:1978-12-25:papazov,CM,,low,group_default
w:1980-10-31:pokatilov,CB,,low,group_default
w:1980-12-10:ivanov,CM,,low,group_default
w:1981-06-25:kapustin,CB,,low,group_default
w:1975-01-11:klimenko,CM,,low,group_default
w:1974-04-02:zavhorodni,CM,,low,group_default
w:1978-10-09:novikov,CM,,low,group_default
w:1970-11-17:franko,CM,,low,group_default
w:1982-01-28:borodai,CM,,low,group_default
w:1982-03-30:koltsov,CM,,low,group_default
w:1982-06-28:romanenko,CB,,low,group_default
w:1980-12-11:zaets,CM,,low,group_default
w:1974-08-27:metreveli,CM,,low,group_default
w:1978-08-23:lahoida,CM,,low,group_default
w:1983-02-01:famuliak,CM,,low,group_default
w:1980-08-08:lakomski,CB,,low,group_default
w:1978-08-05:kadar,CM,,low,group_default
w:1979-02-15:hritsenko,CB,,low,group_default
w:1975-02-16:peter,CB,,low,group_default
w:1979-12-23:verhun,CM,,low,group_default
w:1980-11-18:mazurenko,CM,,low,group_default
w:1982-02-14:afonin,CM,,low,group_default
w:1982-01-03:dindikov,CM,,low,group_default
w:1977-07-29:otsokolich,RB,,high,en.wikipedia.org/wiki/Predrag_Ocokoljić
w:1978-07-03:parubin,CM,,low,group_default
w:1980-03-22:zub,CM,,low,group_default
w:1973-07-17:edin,CM,,low,group_default
w:1983-05-06:tirkalo,CM,,low,group_default
w:1978-09-14:ashkovich,CM,,low,group_default
w:1984-05-09:cherednichenko,CB,,low,group_default
w:1982-04-05:ahramev,CB,,low,group_default
w:1976-01-21:shpirka,CM,,low,group_default
w:1974-11-03:bolotov,CB,,low,group_default
w:1983-03-24:homutov,CM,,low,group_default
w:1984-09-27:diachenko,CM,,low,group_default
w:1984-08-19:ivanov,CM,,low,group_default
w:1986-03-05:kirenko,CM,,low,group_default
w:1975-06-21:kotri,CM,CB,low,en.wikipedia.org/wiki/Uliks_Kotrri
w:1984-10-17:chetiani,CB,,low,group_default
w:1983-03-08:cheh,CM,,low,group_default
w:1982-01-22:simonchuk,CM,,low,group_default
w:1983-01-18:popko,CB,,low,group_default
w:1985-07-02:sahno,CB,,low,group_default
w:1988-10-12:listopad,CM,,low,group_default
w:1984-02-22:horbanenko,CM,,low,en.wikipedia.org/wiki/Vyacheslav_Horbanenko
w:1985-03-13:chelidze,CB,,low,worldfootball.net/player_summary/lasha-chelidze
w:1982-01-18:saraiva,LB,,high,"en.wikipedia.org/wiki/Ivan_(footballer,_born_1982)"
w:1984-08-10:abliametov,CM,,low,group_default
w:1981-06-29:katkov,CB,,low,group_default
w:1984-09-28:tatarintsev,CB,,low,group_default
w:1984-01-15:kriuchihin,CB,,low,group_default
w:1978-07-03:barishev,CM,,low,group_default
w:1977-05-11:alves,CDM,,high,"en.wikipedia.org/wiki/Marcos_Paulo_(footballer,_born_1977)"
w:1985-04-01:ochuko,CM,,low,group_default
w:1987-06-25:skarlosh,CM,,low,group_default
w:1980-05-24:ivitsa,ST,,mid,en.wikipedia.org/wiki/Ivica_Žuljević
w:1984-07-16:pidhaini,CB,,low,group_default
w:1980-11-18:artomov,CM,,low,group_default
w:1974-07-13:florinel,CB,,low,en.wikipedia.org/wiki/Florinel_Mirea
w:1986-04-17:semiriak,CM,,low,group_default
w:1984-01-01:shpak,CB,,low,group_default
w:1989-02-01:protsiuk,CM,,low,group_default
w:1987-01-20:ilesku,CB,,low,en.wikipedia.org/wiki/Denis_Ilescu
w:1982-05-01:orbeladze,CB,,low,group_default
w:1987-06-19:kondratiuk,CB,,low,group_default
w:1986-10-04:antoniuk,CB,,low,group_default
w:1988-01-13:shibko,CB,,low,group_default
w:1987-04-18:parhomenko,CB,,low,group_default
w:1978-11-12:shaib,CB,,low,group_default
w:1984-09-20:konovalov,CM,,low,group_default
w:1986-02-19:krujilin,CM,,low,group_default
w:1977-02-09:adriano,CB,,low,zaryalg.com/statistika/allplayers
w:1984-03-02:lozo,CB,,low,group_default
w:1987-01-11:sahniuk,CB,,low,group_default
w:1988-08-01:barishnikov,CB,,low,group_default
w:1986-06-26:klimov,CM,,low,group_default
w:1984-04-26:kazankov,CM,,low,zaryalg.com/statistika/allplayers
w:1989-04-10:klimavichius,CB,,high,en.wikipedia.org/wiki/Linas_Klimavičius
w:1988-09-25:fedota,CB,,low,group_default
w:1979-01-03:korea,CB,,low,group_default
w:1988-04-03:iahno,CM,CB,low,en.wikipedia.org/wiki/Maksym_Yakhno
w:1990-01-02:didik,CB,,low,group_default
w:1987-08-27:bochkur,RB,,low,peoples.ru/sport/football/roman_bochkur
w:1983-03-29:kalinichenko,CB,,low,group_default
w:1981-10-25:ilchishin,CB,,low,group_default
w:1985-04-01:boiovich,CM,,low,group_default
w:1978-03-07:hudzikevich,CM,,low,group_default
w:1990-08-17:karabaev,CM,,low,group_default
w:1983-03-25:enrike,CB,RB,tm,https://www.transfermarkt.com/-/profil/spieler/52580
w:1989-05-27:tistik,CB,,low,en.wikipedia.org/wiki/Ihor_Tistyk
w:1991-01-18:spichka,CB,CDM,low,en.wikipedia.org/wiki/Ivan_Spychka
w:1988-09-12:adeni,CB,,low,en.wikipedia.org/wiki/Ayodeji_Brown
w:1989-10-03:butenin,CB,,low,en.wikipedia.org/wiki/Artem_Butenin
w:1989-00-00:ritvar,CM,CDM;RB,mid,en.wikipedia.org/wiki/Ritvars_Rugins
w:1990-00-00:budnik,ST,RW,mid,en.wikipedia.org/wiki/Yevhen_Budnik
w:1989-00-00:tistik,CB,,low,en.wikipedia.org/wiki/Ihor_Tistyk
w:1986-00-00:kremenchutski,CM,,low,group_default
w:1991-00-00:juk,CM,,low,group_default
w:2000-00-00:maschenko,CM,,low,group_default
w:2001-00-00:belich,CM,,low,group_default
w:2004-00-00:oleh,CM,,low,group_default
w:2003-00-00:kozishkurt,CM,,low,group_default
w:2003-00-00:nedes,CB,,low,group_default
w:2001-00-00:ilia,CB,,low,group_default
w:2002-00-00:amar,CB,,high,en.wikipedia.org/wiki/Amar_Kvakić
