person_id,display_uk,group,main,alts,foot,source,dob,name_uk,name_ru,name_en,seasons,clubs
w:1988-00-00:chesnakov,Володимир Чеснаков,DF,DF,,,group,,,Владимир Чеснаков,,2011–2021,Ворскла (Полтава)
w:1990-00-00:beli,Максим Білий,DF,DF,,,group,,,Максим Белый,,2011–2021,Зоря (Луганськ); Рух (Львів)
w:2002-00-00:denis,Денис Кузик,DF,DF,,,group,,,Денис Свитюха,,2021–2021,Маріуполь / Іллічівець; Чорноморець (Одеса)
w:1988-00-00:evheni,Євген Паст,DF,DF,,,group,,,Евгений Паст,,2021–2021,Десна (Чернігів); СК Дніпро-1
w:2001-00-00:dubko,Валерій Дубко,DF,DF,,,group,,,Валерий Дубко,,2021–2021,Чорноморець (Одеса)
w:1991-00-00:ihor,Ігор Солдат,DF,DF,,,group,,,Игорь Солдат,,2021–2021,Верес (Рівне)
w:1990-00-00:taras,Тарас Завійський,MF,MF,,,group,,,Тарас Завийский,,2021–2021,Десна (Чернігів)
w:1992-00-00:aleksandr,Олександр Караваєв,MF,MF,,,group,,,Александр Караваев,,2021–2021,Динамо (Київ)
w:1989-00-00:politilo,Сергій Політило,MF,MF,,,group,,,Сергей Политыло,,2021–2021,ПФК Львів
w:2002-00-00:vanat,Владислав Ванат,FW,ST,,,group,,,Владислав Ванат,,2021–2021,Чорноморець (Одеса)
w:1993-00-00:henadi,Геннадій Пасіч,MF,MF,,,group,,,Геннадий Пасич,,2021–2021,Верес (Рівне)
w:1997-00-00:klaudio,Клаудіо Спінеллі,FW,ST,,,group,,,Клаудио Спинелли,,2021–2021,Олександрія
w:1990-00-00:dmitri,Дмитро Немчанінов,DF,DF,,,group,,,Дмитрий Немчанинов,,2021–2021,Верес (Рівне)
w:1994-00-00:nika,Ніка Сітчінава,FW,ST,,,group,,,Ника Ситчинава,,2021–2021,Колос (Ковалівка)
w:1995-00-00:pavel,Павло Полегенько,DF,DF,,,group,,,Павел Полегенько,,2021–2021,Інгулець (Петрове)
w:2000-00-00:evheni,Євген Ісаєнко,FW,ST,,,group,,,Евгений Исаенко,,2021–2021,Чорноморець (Одеса)
w:1997-00-00:buhai,Владислав Бугай,FW,ST,,,group,,,Владислав Бугай,,2021–2021,Чорноморець (Одеса)
w:1994-00-00:odariuk,Володимир Одарюк,FW,ST,,,group,,,Владимир Одарюк,,2021–2021,Олександрія
w:1993-00-00:nikita,Микита Полюлях,MF,MF,,,group,,,Никита Полюлях,,2021–2021,Верес (Рівне)
w:1992-00-00:panasenko,Сергій Панасенко,MF,MF,,,group,,,Сергей Панасенко,,2021–2021,Верес (Рівне)
w:1999-00-00:aleksandr,Олександр Сафронов,DF,DF,,,group,,,Александр Сафронов,,2021–2021,Десна (Чернігів)
w:2000-00-00:maikl,Майкл Стефен,FW,ST,,,group,,,Майкл Стефен,,2021–2021,Інгулець (Петрове)
w:1989-00-00:denis,Денис Костишин,MF,MF,,,group,,,Денис Костышин,,2021–2021,Колос (Ковалівка)
w:1990-00-00:anton,Антон Савін,MF,MF,,,group,,,Антон Савин,,2021–2021,Металіст 1925 (Харків)
w:2000-00-00:dmitri,Дмитро Криськів,MF,MF,,,group,,,Дмитрий Крыськив,,2021–2021,Металіст 1925 (Харків)
w:1992-00-00:ermakov,Віталій Єрмаков,DF,DF,,,group,,,Виталий Ермаков,,2021–2021,Металіст 1925 (Харків)
w:2001-00-00:mihailenko,Микола Михайленко,MF,MF,,,group,,,Николай Михайленко,,2021–2021,Чорноморець (Одеса)
w:1990-00-00:mihail,Михайло Шестаков,FW,ST,,,group,,,Михаил Шестаков,,2021–2021,Верес (Рівне)
w:1996-00-00:evheni,Євген Цимбалюк,DF,DF,,,group,,,Евгений Цымбалюк,,2021–2021,Десна (Чернігів)
w:1992-00-00:ionas,Йоонас Тамм,DF,DF,,,group,,,Йоонас Тамм,,2021–2021,Ворскла (Полтава)
w:1997-00-00:sharai,Владислав Шарай,MF,MF,,,group,,,Владислав Шарай,,2021–2021,Інгулець (Петрове)
w:1994-00-00:dmitri,Дмитро Мишньов,MF,MF,,,group,,,Дмитрий Мишнёв,,2021–2021,Маріуполь / Іллічівець
w:1997-00-00:evheni,Євген Протасов,MF,MF,,,group,,,Евгений Протасов,,2021–2021,Металіст 1925 (Харків)
w:1996-00-00:fabino,Фабінью,MF,MF,,,group,,,Фабиньо,,2021–2021,Металіст 1925 (Харків)
w:1992-00-00:batiushin,Юрій Батюшин,MF,MF,,,group,,,Юрий Батюшин,,2021–2021,Металіст 1925 (Харків)
w:1999-00-00:aleksei,Олексій Хахльов,MF,MF,,,group,,,Алексей Хахлёв,,2021–2021,Минай
w:1989-00-00:oleh,Олег Синегуб,MF,MF,,,group,,,Олег Синегуб,,2021–2021,Минай
w:1995-00-00:bilonoh,Дмитро Білоног,FW,ST,,,group,,,Дмитрий Билоног,,2021–2021,Минай
w:1990-00-00:artur,Артур Западня,DF,DF,,,group,,,Артур Западня,,2011–2021,Ворскла (Полтава); Металіст 1925 (Харків)
w:1993-00-00:hehedosh,Роберт Гегедош,FW,ST,,,group,,,Роберт Гегедош,,2021–2021,Верес (Рівне)
w:1993-00-00:evheni,Євген Пасіч,MF,MF,,,group,,,Евгений Пасич,,2021–2021,Верес (Рівне)
w:1997-00-00:kravchenko,Микита Кравченко,DF,DF,,,group,,,Никита Кравченко,,2021–2021,СК Дніпро-1
w:1996-00-00:hriso,Максим Грисьо,MF,MF,,,group,,,Максим Грисьо,,2021–2021,ПФК Львів
w:1997-00-00:marlison,Марлісон,FW,ST,,,group,,,Марлисон,,2021–2021,Металіст 1925 (Харків)
w:1996-00-00:beka,Бека Вачиберадзе,MF,MF,,,group,,,Бека Вачиберадзе,,2021–2021,Чорноморець (Одеса)
w:2000-00-00:heorhi,Георгій Цитаїшвілі,MF,MF,,,group,,,Георгий Цитаишвили,,2021–2021,Чорноморець (Одеса)
w:1993-00-00:bolbat,Сергій Болбат,MF,MF,,,group,,,Сергей Болбат,,2021–2021,Десна (Чернігів)
w:1990-00-00:evheni,Євген Опанасенко,DF,DF,,,group,,,Евгений Опанасенко,,2021–2021,Інгулець (Петрове)
w:1996-00-00:anatoli,Анатолій Нурієв,MF,MF,,,group,,,Анатолий Нуриев,,2021–2021,Колос (Ковалівка)
w:2003-00-00:denis,Денис Шостак,MF,MF,,,group,,,Денис Шостак,,2021–2021,Маріуполь / Іллічівець
w:2002-00-00:iuri,Юрій Тлумак,DF,DF,,,group,,,Юрий Тлумак,,2021–2021,Чорноморець (Одеса)
w:1996-00-00:kadiri,Мохаммед Кадірі,MF,MF,,,group,,,Мохаммед Кадири,,2021–2021,Чорноморець (Одеса)
w:1993-00-00:timofenko,Віталій Тимофеєнко,MF,MF,,,group,,,Виталий Тимофеенко,,2021–2021,Верес (Рівне)
w:1996-00-00:dmitri,Дмитро Махнєв,DF,DF,,,group,,,Дмитрий Клёц,,2021–2021,Верес (Рівне)
w:1994-00-00:petko,Сергій Петько,MF,MF,,,group,,,Сергей Петько,,2021–2021,Верес (Рівне)
w:1994-00-00:lukas,Лукас Ранжел,FW,ST,,,group,,,Лукас Ранжел,,2021–2021,Ворскла (Полтава)
w:1997-00-00:renan,Ренан,FW,ST,,,group,,,Ренан,,2021–2021,Колос (Ковалівка)
w:2002-00-00:bohdan,Богдан Поталов,DF,DF,,,group,,,Богдан Вьюнник,,2021–2021,Маріуполь / Іллічівець
w:1992-00-00:aleksei,Олексій Зозуля,DF,DF,,,group,,,Алексей Зозуля,,2021–2021,ПФК Львів
w:1997-00-00:bohdan,Богдан Коваленко,MF,MF,,,group,,,Богдан Коваленко,,2021–2021,Минай
w:1988-00-00:holodiuk,Олег Голодюк,MF,MF,,,group,,,Олег Голодюк,,2021–2021,Металіст 1925 (Харків)
w:1992-00-00:chenbai,Сергій Ченбай,DF,DF,,,group,,,Сергей Ченбай,,2021–2021,Металіст 1925 (Харків)
w:1993-00-00:dehtiarev,Максим Дегтярьов,FW,ST,,,group,,,Максим Дегтярёв,,2021–2021,Десна (Чернігів)
w:2001-00-00:vikenti,Вікентій Волошин,MF,MF,,,group,,,Викентий Волошин,,2021–2021,Десна (Чернігів)
w:1995-00-00:junior,Жуніор Рейс,DF,DF,,,group,,,Жуниор Рейс,,2021–2021,Зоря (Луганськ)
w:1998-00-00:deho,Дієго Каріока,MF,MF,,,group,,,Диего Кариока,,2021–2021,Колос (Ковалівка)
w:2003-00-00:artur,Артур Микитишин,FW,ST,,,group,,,Артур Микитишин,,2021–2021,Маріуполь / Іллічівець
w:2003-00-00:hromei,Михайло Хромей,MF,MF,,,group,,,Михаил Хромей,,2021–2021,Маріуполь / Іллічівець
w:1993-00-00:miakushko,Сергій Мякушко,MF,MF,,,group,,,Сергей Мякушко,,2011–2021,Оболонь (Київ); Минай
w:2002-00-00:danil,Данило Скорко,DF,DF,,,group,,,Данил Скорко,,2021–2021,Чорноморець (Одеса)
w:1996-00-00:ihor,Ігор Кірюханцев,DF,DF,,,group,,,Игорь Кирюханцев,,2021–2021,Олександрія
w:1998-00-00:lunev,Максим Луньов,FW,ST,,,group,,,Максим Лунёв,,2021–2021,Зоря (Луганськ)
w:1994-00-00:maksim,Максим Задерака,MF,MF,,,group,,,Максим Задерака,,2021–2021,Металіст 1925 (Харків)
w:2003-00-00:ocheretko,Олег Очеретько,MF,MF,,,group,,,Олег Очеретько,,2021–2021,Маріуполь / Іллічівець
w:1999-00-00:bohdan,Богдан Векляк,DF,DF,,,group,,,Богдан Векляк,,2021–2021,Минай
w:1998-00-00:roman,Роман Вантух,DF,DF,,,group,,,Роман Вантух,,2021–2021,Чорноморець (Одеса)
w:1998-00-00:evheni,Євген Смирний,MF,MF,,,group,,,Евгений Смирный,,2021–2021,Чорноморець (Одеса)
w:2001-00-00:bilovar,Крістіан Біловар,DF,DF,,,group,,,Кристиан Биловар,,2021–2021,Десна (Чернігів); Чорноморець (Одеса)
w:2001-00-00:danil,Данило Кравчук,FW,ST,,,group,,,Даниил Кравчук,,2021–2021,Ворскла (Полтава)
w:2002-00-00:edvard,Едвард Кобак,FW,ST,,,group,,,Эдвард Кобак,,2021–2021,Минай
w:1995-00-00:kuzik,Орест Кузик,FW,ST,,,group,,,Орест Кузык,,2021–2021,Рух (Львів)
w:1999-00-00:vitino,Вітінью,FW,ST,,,group,,,Витиньо,,2021–2021,Динамо (Київ)
w:1999-00-00:ilia,Ілля Шкурін,FW,ST,,,group,,,Илья Шкурин,,2021–2021,Динамо (Київ)
w:1998-00-00:nazari,Назарій Русин,FW,ST,,,group,,,Назарий Русин,,2021–2021,СК Дніпро-1
w:1993-00-00:monte,Нелсон Монте,DF,DF,,,group,,,Нелсон Монте,,2021–2021,СК Дніпро-1
w:1992-00-00:leka,Міхай Лека,DF,DF,,,group,,,Михай Лека,,2021–2021,ПФК Львів
w:1993-00-00:hahun,Роман Гагун,DF,DF,,,group,,,Роман Гагун,,2021–2021,Рух (Львів)
w:1994-00-00:iurchenko,Владлен Юрченко,MF,MF,,,group,,,Владлен Юрченко,,2021–2021,Десна (Чернігів)
w:1992-00-00:lihovidko,Віктор Лиховидько,DF,DF,,,group,,,Виктор Лиховидько,,2021–2021,Минай
w:1995-00-00:bohdan,Богдан Кушніренко,DF,DF,,,group,,,Богдан Кушниренко,,2021–2021,Ворскла (Полтава)
w:1999-00-00:vakula,Владислав Вакула,FW,ST,,,group,,,Владислав Вакула,,2021–2021,Ворскла (Полтава)
w:1997-00-00:aleksandr,Олександр Масалов,DF,DF,,,group,,,Александр Масалов,,2021–2021,Десна (Чернігів)
w:1997-00-00:sakiv,Тарас Саків,DF,DF,,,group,,,Тарас Сакив,,2021–2021,Колос (Ковалівка)
w:1990-00-00:spirovski,Стефан Спіровський,MF,MF,,,group,,,Стефан Спировский,,2021–2021,Маріуполь / Іллічівець
w:1994-00-00:klimenko,Владислав Клименко,MF,MF,,,group,,,Владислав Клименко,,2021–2021,Маріуполь / Іллічівець
w:2004-00-00:danil,Данило Удод,DF,DF,,,group,,,Даниил Удод,,2021–2021,Маріуполь / Іллічівець
w:1992-00-00:kverkvelia,Соломон Кверквелія,DF,DF,,,group,,,Соломон Кверквелия,,2021–2021,Металіст 1925 (Харків)
w:1993-00-00:andrei,Андрій Семенко,DF,DF,,,group,,,Андрей Семенко,,2021–2021,Минай
w:2003-00-00:vitali,Віталій Роман,DF,DF,,,group,,,Виталий Роман,,2021–2021,Рух (Львів)
w:1996-00-00:orihovski,Павло Оріховський,MF,MF,,,group,,,Павел Ориховский,,2021–2021,Рух (Львів)
w:1994-00-00:hrin,Сергій Гринь,FW,ST,,,group,,,Сергей Гринь,,2021–2021,Олександрія
w:1991-00-00:vadim,Вадим Жук,DF,DF,,,group,,,Вадим Жук,,2021–2021,Десна (Чернігів)
w:1996-00-00:bosanchich,Петар Босанчич,DF,DF,,,group,,,Петар Босанчич,,2021–2021,Маріуполь / Іллічівець
w:1994-00-00:bondarenko,Валерій Бондаренко,DF,DF,,,group,,,Валерий Бондаренко,,2021–2021,Ворскла (Полтава)
w:1995-00-00:aleksei,Олексій Ковтун,DF,DF,,,group,,,Алексей Ковтун,,2021–2021,Десна (Чернігів)
w:2000-00-00:artem,Артем Холод,DF,DF,,,group,,,Артём Холод,,2021–2021,Маріуполь / Іллічівець
w:1997-00-00:antiuh,Денис Антюх,FW,ST,,,group,,,Денис Антюх,,2021–2021,Динамо (Київ)
w:2000-00-00:dolhov,Петро Долгов,MF,MF,,,group,,,Пётр Долгов,,2021–2021,Чорноморець (Одеса)
w:1990-00-00:serhei,Сергій Шестаков,DF,DF,,,group,,,Сергей Шестаков,,2021–2021,Верес (Рівне)
w:1991-00-00:aderinsola,Адерінсола Есеола,FW,ST,,,group,,,Адеринсола Эсеола,,2021–2021,Ворскла (Полтава)
w:1998-00-00:hameliuk,Владислав Хамелюк,MF,MF,,,group,,,Владислав Хамелюк,,2021–2021,ПФК Львів
w:2000-00-00:sorokin,Станіслав Сорокін,MF,MF,,,group,,,Станислав Сорокин,,2021–2021,ПФК Львів
w:2004-00-00:oleh,Олег Філонов,MF,MF,,,group,,,Олег Степаненко,,2021–2021,Маріуполь / Іллічівець
w:1987-00-00:fedik,Іван Федик,FW,ST,,,group,,,Иван Федык,,2021–2021,Рух (Львів)
w:2001-00-00:osaze,Осазе Де Розаріо,FW,ST,,,group,,,Осазе Де Розарио,,2021–2021,Рух (Львів)
w:2000-00-00:maschenko,Вадим Мащенко,MF,MF,,,group,,,Вадим Мащенко,,2021–2021,Чорноморець (Одеса)
w:2001-00-00:belich,Євген Беліч,MF,MF,,,group,,,Евгений Белич,,2021–2021,Десна (Чернігів)
w:2000-00-00:alefirenko,Данило Алефіренко,FW,ST,,,group,,,Даниил Алефиренко,,2021–2021,Зоря (Луганськ)
w:2005-00-00:danil,Данило Савін,FW,ST,,,group,,,Даниил Савин,,2021–2021,Маріуполь / Іллічівець
w:2001-00-00:ilia,Ілля Царюк,DF,DF,,,group,,,Илья Царюк,,2021–2021,Маріуполь / Іллічівець
w:2003-00-00:mahinia,Микита Махиня,FW,ST,,,group,,,Никита Махиня,,2021–2021,Маріуполь / Іллічівець
w:2003-00-00:kozishkurt,Олег Козишкурт,MF,MF,,,group,,,Олег Козишкурт,,2021–2021,Маріуполь / Іллічівець
w:2003-00-00:nedes,Паоло Недес,DF,DF,,,group,,,Паоло Недес,,2021–2021,Маріуполь / Іллічівець
w:2002-00-00:amar,Амар Квакич,DF,DF,,,group,,,Амар Квакич,,2021–2021,Металіст 1925 (Харків)
tm:477185,Богдан Гладун,,,,,group,1999-06-10,,,Bogdan Gladun,2016–2016,Волинь (Луцьк)
tm:381920,Артем Захаров,,,,,group,1996-06-19,,,Artem Zakharov,2015–2015,Металург (Запоріжжя)
tm:348269,Олександр Дехтяренко,,,,,group,1996-02-13,,,Oleksandr Dekhtiarenko,2014–2014,Маріуполь / Іллічівець
tm:271432,Сергій Курта,,,,right,group,1993-06-30,,,Sergiy Kurta,2012–2012,Говерла / Закарпаття (Ужгород)
w:1977-01-08:kostishin,Руслан Костишин,MF,MF,,,group,1977-01-08,Костишин Руслан Володимирович,Костышин Руслан,,1996–2011,ЦСКА (Київ); Арсенал (Київ); Дніпро (Дніпропетровськ); Кривбас (Кривий Ріг)
w:1975-05-03:sachko,Василь Сачко,FW,ST,,,group,1975-05-03,Сачко Василь Вікторович,Сачко Василий,,1998–2011,Таврія (Сімферополь); Волинь (Луцьк); Кривбас (Кривий Ріг); Ворскла (Полтава)
w:1983-01-16:rusol,Андрій Русол,DF,DF,,,group,1983-01-16,Русол Андрій Анатолійович,Русол Андрей,,1998–2011,Зірка (Кропивницький); Кривбас (Кривий Ріг); Дніпро (Дніпропетровськ)
w:1977-04-02:koniushenko,Андрій Конюшенко,DF,DF,,,group,1977-04-02,Конюшенко Андрій Вікторович,Конюшенко Андрей (пришёл),,1997–2011,Металург (Запоріжжя); Шахтар (Донецьк); Волинь (Луцьк); Маріуполь / Іллічівець; Оболонь (Київ); Зоря (Луганськ); Металіс
w:1977-09-15:sliusar,Валентин Слюсар,MF,MF,,,group,1977-09-15,Слюсар Валентин Васильович,Слюсар Валентин,,1998–2011,Металург (Донецьк); Говерла / Закарпаття (Ужгород); Олександрія; Металіст (Харків); Оболонь (Київ)
w:1977-06-03:hihiadze,Васіл Гігіадзе,FW,ST,,,group,1977-06-03,Гігіадзе Васіл,Гигиадзе Васил (ушёл),,2000–2011,Таврія (Сімферополь); Кривбас (Кривий Ріг); Нафтовик-Укрнафта (Охтирка)
w:1980-04-15:esin,Дмитро Єсін,MF,MF,,,group,1980-04-15,Єсін Дмитро Олександрович,Есин Дмитрий,,2001–2011,Маріуполь / Іллічівець; Ворскла (Полтава)
w:1978-11-01:kornev,Андрій Корнєв,MF,MF,,,group,1978-11-01,Корнєв Андрій Володимирович,Корнев Андрей (пришёл),,2002–2011,Оболонь (Київ); Таврія (Сімферополь); Чорноморець (Одеса)
w:1984-03-19:nevmivaka,Дмитро Невмивака,DF,DF,,,group,1984-03-19,Невмивака Дмитро Васильович,Невмывака Дмитрий,,2003–2011,Металург (Запоріжжя); Маріуполь / Іллічівець
w:1976-09-29:shevchenko,Андрій Шевченко,FW,ST,,,group,1976-09-29,Шевченко Андрій Миколайович,Шевченко Андрей,,1994–2011,Динамо (Київ)
w:1978-11-09:markovich,Слободан Маркович,DF,DF,,,group,1978-11-09,Марковіч Слободан,Маркович Слободан (ушёл),,2003–2011,Металург (Донецьк); Таврія (Сімферополь)
w:1986-07-22:baranets,Борис Баранець,MF,MF,,,group,1986-07-22,Баранець Борис Григорович,Баранец Борис,,2008–2011,ФК Львів (2006–2012); Карпати (Львів); Оболонь (Київ)
w:1981-01-31:badr,Ель Каддурі Бадр,DF,DF,,,group,1981-01-31,Ель Каддурі Бадр,Эль-Каддури Бадр (пришёл),,2002–2011,Динамо (Київ)
w:1979-08-01:djurichich,Саша Джурічич,DF,DF,,,group,1979-08-01,Джурічіч Саша,Джуричич Саша,,2005–2011,Ворскла (Полтава); Таврія (Сімферополь)
w:1980-07-27:batista,Роша Батіста Вільям,FW,ST,,,group,1980-07-27,Роша Батіста Вільям,Батиста Вильям Роша,,2006–2011,Карпати (Львів); ФК Харків
w:1981-01-20:savin,Артем Савін,DF,DF,,,group,1981-01-20,Савін Артем Сергійович,Савин Артём,,2003–2011,Маріуполь / Іллічівець; Металург (Донецьк); Зоря (Луганськ); Кривбас (Кривий Ріг)
w:1981-07-28:leal,Маріо Сержіо,DF,DF,,,group,1981-07-28,Леал Ногуейра Маріо Сержіо,Леал Ногейра Мариу Сержиу,,2008–2011,Металург (Донецьк)
w:1982-01-01:sibiriakov,Сергій Сібіряков,MF,MF,,,group,1982-01-01,Сібіряков Сергій Олександрович,Сибиряков Сергей,,2000–2011,Дніпро (Дніпропетровськ); Олександрія; Таврія (Сімферополь); Оболонь (Київ)
w:1985-05-23:panas,Вадим Панас,MF,MF,,,group,1985-05-23,Панас Вадим Володимирович,Панас Вадим,,2002–2011,Волинь (Луцьк); Карпати (Львів); ФК Львів (2006–2012); Оболонь (Київ)
w:1985-12-22:kitsuta,Анатолій Кіцута,DF,DF,,,group,1985-12-22,Кіцута Анатолій Вікторович,Кицута Анатолий,,2005–2011,Говерла / Закарпаття (Ужгород); Арсенал (Київ); ФК Харків; ФК Львів (2006–2012); Кривбас (Кривий Ріг); Оболонь (Київ)
w:1985-04-28:kotenko,Іван Котенко,MF,MF,,,group,1985-04-28,Котенко Іван Петрович,Котенко Иван,,2004–2011,Дніпро (Дніпропетровськ); Кривбас (Кривий Ріг); Нафтовик-Укрнафта (Охтирка); ФК Львів (2006–2012); Оболонь (Київ)
w:1984-02-03:petrivski,Тарас Петрівський,DF,DF,,,group,1984-02-03,Петрівський Тарас Степанович,Петровский Тарас,,2006–2011,Карпати (Львів)
w:1981-01-29:pischur,Олександр Пищур,FW,ST,,,group,1981-01-29,Пищур Олександр Віталійович,Пищур Александр (пришёл),,2004–2011,Ворскла (Полтава); Говерла / Закарпаття (Ужгород); Волинь (Луцьк); Зоря (Луганськ)
w:1987-03-19:eremenko,Роман Єременко,MF,MF,,,group,1987-03-19,Єременко Роман Олексійович,Ерёменко Роман,,2008–2011,Динамо (Київ)
w:1980-12-29:karlos,Корреа Карлос Родріго,MF,MF,,,group,1980-12-29,Корреа Карлос Родріго,Корреа Карлос Родригес,,2006–2011,Динамо (Київ)
w:1984-05-27:jdanov,Олександр Жданов,DF,DF,,,group,1984-05-27,Жданов Олександр Миколайович,Жданов Александр,,2008–2011,ФК Львів (2006–2012); Кривбас (Кривий Ріг)
w:1985-11-09:aleksander,Александер Гурулі,FW,ST,,,group,1985-11-09,Гурулі Александер,Гурули Александр (ушёл),,2008–2011,Карпати (Львів)
w:1977-11-01:buta,Корнел Бута,DF,DF,,,group,1977-11-01,Бута Корнел,Бута Корнел,,2004–2011,Волинь (Луцьк)
w:1986-10-28:holek,Маріо Голек,MF,MF,,,group,1986-10-28,Холек Маріо,Голек Марио (ушёл),,2007–2011,Дніпро (Дніпропетровськ)
w:1978-04-21:fernandes,Рібейро Фернандес Рікардо,MF,MF,,,group,1978-04-21,Рібейро Фернандес Рікардо,Рибейру Фернандеш Рикарду (ушёл),,2007–2011,Металург (Донецьк)
w:1982-04-15:dos,Жоао Педро,DF,DF,,,group,1982-04-15,Дос Сантос Госалвеш Жоао Педро,Сантуш Гонсалвеш Жуан Педру душ,,2008–2011,Металург (Донецьк)
w:1987-03-14:almeida,Леандро Алмейда,DF,DF,,,group,1987-03-14,Алмейда да Сільва Леандро,Алмейда да Силва Леандро,,2009–2011,Динамо (Київ)
w:1980-11-25:ivaschenko,Валерій Іващенко,MF,MF,,,group,1980-11-25,Іващенко Валерій Володимирович,Иващенко Валерий,,1998–2011,Металург (Запоріжжя); Оболонь (Київ)
w:1985-03-15:ilkiv,Ігор Ільків,DF,DF,,,group,1985-03-15,Ільків Ігор Богданович,Илькив Игорь,,2008–2011,ФК Львів (2006–2012); Оболонь (Київ)
w:1983-11-03:aparesido,Перейра де Сантан Вінісіус Апаресідо,MF,MF,,,group,1983-11-03,Перейра де Сантан Вінісіус Апаресідо,Перейра де Сантана Винисиус Апаресидо,,2009–2011,Металіст (Харків)
w:1987-05-08:vasilev,Денис Васільєв,DF,DF,,,group,1987-05-08,Васільєв Денис Олександрович,Васильев Денис,,2009–2011,Оболонь (Київ); Кривбас (Кривий Ріг)
w:1978-07-24:florin,Флорін Шоава,DF,DF,,,group,1978-07-24,Шоава Флорін,Шоавэ Костин Флорин,,2009–2011,Арсенал (Київ)
w:1984-06-21:diakat,Пап Діакате,DF,DF,,,group,1984-06-21,Діакат Папа Маліку,Пап Малику Диакате,,2007–2011,Динамо (Київ)
w:1985-03-08:lukas,Лукаш Тесак,DF,DF,,,group,1985-03-08,Тесак Лукас,Тесак Лукаш,,2010–2011,Зоря (Луганськ)
w:1988-09-02:semenenko,Артем Семененко,MF,MF,,,group,1988-09-02,Семененко Артем Андрійович,Семененко Артём,,2004–2011,Металург (Запоріжжя); Зоря (Луганськ)
w:1985-00-00:polevoi,Володимир Польовий,DF,DF,,,group,,,Полевой Владимир,,2011–2011,Арсенал (Київ)
w:1989-06-01:inkum,Самуель Інкум,DF,DF,,,group,1989-06-01,Інкум Самуель,Инкум Самуэль,,2010–2011,Дніпро (Дніпропетровськ)
w:1983-00-00:filo,Соарес ла Силва Фильо Жозе,MF,MF,,,group,,,Соарес ла Силва Фильо Жозе,,2011–2011,Металург (Донецьк)
w:1979-00-00:salhi,Тауфік Салхі,MF,MF,,,group,,,Салхи Таофик,,2011–2011,Олександрія
w:1988-00-00:lukas,Перес Мартинес Лукас,FW,ST,,,group,,,Перес Мартинес Лукас,,2011–2011,Карпати (Львів)
w:1984-01-07:kucherenko,Сергій Кучеренко,MF,MF,,,group,1984-01-07,Кучеренко Сергій Сергійович,Кучеренко Сергей (пришёл),,2010–2011,Оболонь (Київ)
w:1985-00-00:kiril,Кирило Сидоренко,DF,DF,,,group,,,Сидоренко Кирилл,,2011–2011,Олександрія
w:1983-12-03:izvoranu,Сільвіу Ізворану,DF,DF,,,group,1983-12-03,Ізворану Сільвіу,Изворану Силвиу,,2010–2011,Волинь (Луцьк)
w:1989-06-09:avelar,Даніло Авелар,MF,MF,,,group,1989-06-09,Авелар Даніло Фернандо,Авелар Данило Фернандо,,2010–2011,Карпати (Львів)
w:1981-00-00:pshenichnih,Сергій Пшеничних,DF,DF,,,group,,,Пшеничных Сергей,,2011–2011,Металіст (Харків)
w:1989-08-03:ado,Даніель Аддо,DF,DF,,,group,1989-08-03,Аддо Даніель,Аддо Даниель,,2010–2011,Зоря (Луганськ)
w:1982-00-00:shimanek,Войцех Шиманек,DF,DF,,,group,,,Шиманек Войцех,,2011–2011,Чорноморець (Одеса)
w:1987-09-15:frank,Маду Франк- Олів'є,FW,ST,,,group,1987-09-15,Маду Франк- Олів'є,Маду Франк,,2010–2011,Зоря (Луганськ)
w:1985-00-00:shevchenko,В'ячеслав Шевченко,FW,ST,,,group,,,Шевченко Вячеслав,,2011–2011,Олександрія
w:1984-00-00:andres,Сетти Себастьян Андрес,DF,DF,,,group,,,Сетти Себастьян Андрес,,2011–2011,Чорноморець (Одеса)
w:1984-03-29:chavdar,Янков Чавдар Кірілов,MF,MF,,,group,1984-03-29,Янков Чавдар Кірілов,Янков Чавдар (пришёл),,2009–2011,Металург (Донецьк)
w:1990-02-08:shevchuk,Антон Шевчук,MF,MF,,,group,1990-02-08,Шевчук Антон Юрійович,Шевчук Антон,,2009–2011,Оболонь (Київ)
w:1984-00-00:cherednichenko,Ігор Чередниченко,DF,DF,,,group,,,Чередниченко Игорь,,2011–2011,Олександрія
w:1988-00-00:borha,Гомес Перес Борха (ушёл),DF,DF,,,group,,,Гомес Перес Борха (ушёл),,2011–2011,Карпати (Львів)
w:1988-00-00:lisenko,Володимир Лисенко,FW,ST,,,group,,,Лысенко Владимир,,2011–2011,Кривбас (Кривий Ріг)
w:1984-00-00:markos,Пинейро Пиззелли Маркос (ушёл),MF,MF,,,group,,,Пинейро Пиззелли Маркос (ушёл),,2011–2011,Металург (Донецьк)
w:1987-00-00:ksenz,Павло Ксьонз,MF,MF,,,group,,,Ксёнз Павел,,2011–2011,Олександрія
w:1984-00-00:tsihirlash,Ігор Цигирлаш,FW,ST,,,group,,,Цыгырлаш Игорь,,2011–2011,Чорноморець (Одеса)
w:1989-00-00:sahnevich,Андрій Сахневич,DF,DF,,,group,,,Сахневич Андрей,,2011–2011,Олександрія
w:1981-00-00:donets,Андрій Донець,DF,DF,,,group,,,Донец Андрей,,2011–2011,Чорноморець (Одеса)
w:1981-00-00:kabanov,Тарас Кабанов,FW,ST,,,group,,,Кабанов Тарас (ушёл),,2011–2011,Олександрія
w:1989-00-00:beli,Максим Білий,MF,MF,,,group,,,Белый Максим Иванович,,2011–2011,Зоря (Луганськ)
w:1983-00-00:alvesh,Алвеш да Силва Эдуардо,FW,ST,,,group,,,Алвеш да Силва Эдуардо,,2011–2011,Шахтар (Донецьк)
w:1991-00-00:artur,Артур Каськов,FW,ST,,,group,,,Каськов Артур (ушёл),,2011–2011,Чорноморець (Одеса)
w:1991-00-00:balashov,Віталій Балашов,FW,ST,,,group,,,Балашов Виталий,,2011–2011,Чорноморець (Одеса)
w:1990-05-27:tsakich,Михайло Цакич,MF,MF,,,group,1990-05-27,Цакіч Міхайло,Цакич Михайло,,2010–2011,Зоря (Луганськ)
w:1978-00-00:kazaniuk,Олександр Казанюк,DF,DF,,,group,,,Казанюк Александр (ушёл),,2011–2011,Олександрія
w:1989-00-00:habovda,Юрій Габовда,FW,ST,,,group,,,Габовда Юрий,,2011–2011,Кривбас (Кривий Ріг)
w:1986-00-00:timchenko,Ігор Тимченко,FW,ST,,,group,,,Тимченко Игорь,,2011–2011,Оболонь (Київ)
w:1988-01-29:karkovski,Богдан Карковський,DF,DF,,,group,1988-01-29,Карковський Богдан Михайлович,Карковский Богдан,,2010–2011,Волинь (Луцьк)
w:1990-00-00:adi,Фанендо Аді,FW,ST,,,group,,,Ади Фанендо (пришёл),,2011–2011,Динамо (Київ); Таврія (Сімферополь)
w:1986-00-00:shendrik,Антон Шендрик,DF,DF,,,group,,,Шендрик Антон,,2011–2011,Оболонь (Київ)
w:1985-08-16:leonidov,Олег Леонідов,DF,DF,,,group,1985-08-16,Леонідов Олег Анатолійович,Леонидов Олег (ушёл),,2008–2011,ФК Львів (2006–2012); Оболонь (Київ)
w:1982-00-00:kovalchuk,Сергій Ковальчук,MF,MF,,,group,,,Ковальчук Сергей (ушёл),,2011–2011,Чорноморець (Одеса)
w:1984-00-00:romaniuk,Віталій Романюк,DF,DF,,,group,,,Романюк Виталий,,2011–2011,Оболонь (Київ)
w:1987-00-00:kralik,Ян Кралік,FW,ST,,,group,,,Кралик Ян,,2011–2011,Олександрія
w:1983-00-00:jadson,Родригес да Силва Жадсон (ушёл),MF,MF,,,group,,,Родригес да Силва Жадсон (ушёл),,2011–2011,Шахтар (Донецьк)
w:1989-05-19:tkachov,Сергій Ткачов,MF,MF,,,group,1989-05-19,Ткачов Сергій Анатолійович,Ткачёв Сергей (ушёл),,2010–2011,Металіст (Харків)
w:1984-00-00:davidov,Сергій Давидов,FW,ST,,,group,,,Давыдов Сергей (ушёл),,2011–2011,Олександрія
w:1982-00-00:enrike,Майя Гоэбер Энрике,MF,MF,,,group,,,Майя Гоэбер Энрике,,2011–2011,Волинь (Луцьк)
w:1986-00-00:antonov,Олексій Антонов,FW,ST,,,group,,,Антонов Алексей (ушёл),,2011–2011,Дніпро (Дніпропетровськ)
w:1988-00-00:lepa,Дмитро Льопа,MF,MF,,,group,,,Лёпа Дмитрий (пришёл),,2011–2011,Дніпро (Дніпропетровськ); Кривбас (Кривий Ріг)
w:1991-00-00:turchanov,В'ячеслав Турчанов,MF,MF,,,group,,,Турчанов Вячеслав,,2011–2011,Оболонь (Київ)
w:1986-00-00:havrish,Віталій Гавриш,MF,MF,,,group,,,Гавриш Виталий (пришёл),,2011–2011,Олександрія
w:1987-06-17:hraf,Іван Граф,DF,DF,,,group,1987-06-17,Граф Іван,Граф Иван,,2010–2011,Таврія (Сімферополь)
w:1988-00-00:henev,Віктор Генев,DF,DF,,,group,,,Генев Виктор (пришёл),,2011–2011,Олександрія
w:1982-00-00:zeinalov,Руслан Зейналов,MF,MF,,,group,,,Зейналов Руслан (ушёл),,2011–2011,Олександрія
w:1976-00-00:zakarliuka,Сергій Закарлюка,MF,MF,,,group,,,Закарлюка Сергей (ушёл),,2011–2011,Ворскла (Полтава)
w:1990-00-00:iliuk,Максим Ілюк,FW,ST,,,group,,,Илюк Максим,,2011–2011,Зоря (Луганськ)
w:1991-00-00:ehor,Єгор Іванов,FW,ST,,,group,,,Иванов Егор,,2011–2011,Маріуполь / Іллічівець
w:1990-00-00:kampos,Соуза Кампос Данило (пришёл),MF,MF,,,group,,,Соуза Кампос Данило (пришёл),,2011–2011,Металург (Донецьк)
w:1988-00-00:hurski,Андрій Гурський,DF,DF,,,group,,,Гурский Андрей (пришёл),,2011–2011,Оболонь (Київ)
w:1992-00-00:alimi,Джаміу Алімі,DF,DF,,,group,,,Алими Джамиу,,2011–2011,Таврія (Сімферополь)
w:1981-00-00:jelko,Желько Любенович,MF,MF,,,group,,,Любенович Желько (пришёл),,2011–2011,Олександрія
w:1990-02-04:tolstiak,Олександр Толстяк,MF,MF,,,group,1990-02-04,Толстяк Олександр Аркадійович,Толстяк Александр,,2010–2011,Оболонь (Київ)
w:1991-00-00:bruno,Тромбелли Бруно Ренан,MF,MF,,,group,,,Тромбелли Бруно Ренан,,2011–2011,Зоря (Луганськ)
w:1993-00-00:iakovenko,Юрій Яковенко,FW,ST,,,group,,,Яковенко Юрий,,2011–2011,Оболонь (Київ)
w:1985-12-11:durovski,Маріо Джуровскі,MF,MF,,,group,1985-12-11,Дуровскі Маріо,Джуровски Марио,,2010–2011,Металург (Донецьк)
w:1984-00-00:dimitr,Димитр Макрієв,FW,ST,,,group,,,Макриев Димитр (пришёл),,2011–2011,Олександрія
w:1987-00-00:nazarenko,Дмитро Назаренко,DF,DF,,,group,,,Назаренко Дмитрий,,2011–2011,Олександрія
w:1984-00-00:dalibor,Далибор Стеванович,MF,MF,,,group,,,Стеванович Далибор (ушёл),,2011–2011,Волинь (Луцьк)
w:1989-00-00:kovalev,Максим Ковальов,DF,DF,,,group,,,Ковалёв Максим,,2011–2011,Маріуполь / Іллічівець
w:1984-00-00:krespo,Крістобаль Маркес,MF,MF,,,group,,,Креспо Кристобаль Маркес (ушёл),,2011–2011,Карпати (Львів)
w:1993-00-00:irakli,Іраклі Месхія,MF,MF,,,group,,,Месхия Иракли,,2011–2011,Оболонь (Київ)
w:1987-00-00:enrike,Велозо Леонардо Энрике (пришёл),DF,DF,,,group,,,Велозо Леонардо Энрике (пришёл),,2011–2011,Чорноморець (Одеса)
w:1986-00-00:haruna,Кайта Харуна Сани,MF,MF,,,group,,,Кайта Харуна Сани,,2011–2011,Таврія (Сімферополь)
w:1986-00-00:ermak,Олег Єрмак,MF,MF,,,group,,,Ермак Олег (ушёл),,2011–2011,Олександрія
w:1985-00-00:erik,Оливейра Перейра Эрик де,FW,ST,,,group,,,Оливейра Перейра Эрик де,,2011–2011,Карпати (Львів)
w:1991-00-00:esekel,Пачеко Херман Эсекель (ушёл),FW,ST,,,group,,,Пачеко Херман Эсекель (ушёл),,2011–2011,Карпати (Львів)
w:1987-00-00:barilko,Сергій Барилко,MF,MF,,,group,,,Барилко Сергей (ушёл),,2011–2011,Оболонь (Київ)
w:1987-00-00:kalouda,Любош Калоуда,MF,MF,,,group,,,Калоуда Любош (ушёл),,2011–2011,Олександрія
w:1979-00-00:kovba,Денис Ковба,MF,MF,,,group,,,Ковба Денис (пришёл),,2011–2011,Олександрія
w:1984-00-00:muhovikov,Антон Муховиков,MF,MF,,,group,,,Муховиков Антон,,2011–2011,Олександрія
w:1987-00-00:protich,Радош Протич,DF,DF,,,group,,,Протич Радош (пришёл),,2011–2011,Олександрія
w:1986-00-00:bolohan,Вадим Болохан,DF,DF,,,group,,,Болохан Вадим (пришёл),,2011–2011,Карпати (Львів)
w:1989-00-00:voronkov,Андрій Воронков,FW,ST,,,group,,,Воронков Андрей (ушёл),,2011–2011,Карпати (Львів)
w:1985-00-00:kink,Тармо Кінк,FW,ST,,,group,,,Кинк Тармо (пришёл),,2011–2011,Карпати (Львів)
w:1990-00-00:miroslav,Мирослав Славов,FW,ST,,,group,,,Славов Мирослав,,2011–2011,Металург (Донецьк)
w:1986-00-00:barishich,Йосип Барішич,FW,ST,,,group,,,Баришич Йосип (пришёл),,2011–2011,Олександрія
w:1984-00-00:djimi,Дуглас Франса Джимми (ушёл),FW,ST,,,group,,,Дуглас Франса Джимми (ушёл),,2011–2011,Чорноморець (Одеса)
w:1984-00-00:solianik,Руслан Соляник,MF,MF,,,group,,,Соляник Руслан (ушёл),,2011–2011,Чорноморець (Одеса)
w:1986-00-00:dopilka,Олег Допілка,DF,DF,,,group,,,Допилка Олег (пришёл),,2011–2011,Олександрія
w:1982-00-00:osipenko,Дмитро Осипенко,FW,ST,,,group,,,Осипенко Дмитрий (ушёл),,2011–2011,Ворскла (Полтава)
w:1982-00-00:lozinski,Євген Лозинський,DF,DF,,,group,,,Лозинский Евгений,,2011–2011,Зоря (Луганськ)
w:1988-00-00:hoshkoderia,Віталій Гошкодеря,MF,MF,,,group,,,Гошкодеря Виталий (ушёл),,2011–2011,Кривбас (Кривий Ріг)
w:1989-00-00:zaharevich,Ярослав Захаревич,MF,MF,,,group,,,Захаревич Ярослав (пришёл),,2011–2011,Кривбас (Кривий Ріг); Оболонь (Київ)
w:1981-00-00:pischur,Олександр Пищур,FW,ST,,,group,,,Пищур Александр,,2011–2011,Таврія (Сімферополь)
w:1991-00-00:cheremisin,Олексій Черемісін,DF,DF,,,group,,,Черемисин Алексей,,2011–2011,Оболонь (Київ)
w:1991-00-00:abdulvahid,Абдулвахід Афолабі,FW,ST,,,group,,,Афолаби Абдулвахид,,2011–2011,Таврія (Сімферополь)
w:1983-00-00:arbi,Арури Мохаммед Арби (ушёл),DF,DF,,,group,,,Арури Мохаммед Арби (ушёл),,2011–2011,Олександрія
w:1990-07-16:pohoreltsev,Роллан Погорельцев,DF,DF,,,group,1990-07-16,Погорельцев Роллан Сергійович,Погорельцев Роллан,,2010–2011,Таврія (Сімферополь)
w:1987-00-00:david,Давид Янчик,FW,ST,,,group,,,Янчик Давид (ушёл),,2011–2011,Олександрія
w:1981-00-00:dino,Діно Дрпич,DF,DF,,,group,,,Дрпич Дино (ушёл),,2011–2011,Волинь (Луцьк)
w:1984-00-00:romanchuk,Олександр Романчук,DF,DF,,,group,,,Романчук Александр (пришёл),,2011–2011,Волинь (Луцьк)
w:1991-00-00:batischev,Олександр Батищев,MF,MF,,,group,,,Батищев Александр,,2011–2011,Зоря (Луганськ)
w:1986-00-00:kravchenko,Костянтин Кравченко,MF,MF,,,group,,,Кравченко Константин (ушёл),,2011–2011,Карпати (Львів)
w:1990-00-00:eremenko,Дмитро Єрьоменко,MF,MF,,,group,,,Ерёменко Дмитрий,,2011–2011,Металіст (Харків)
w:1993-00-00:kiril,Кирило Ковалець,MF,MF,,,group,,,Ковалец Кирилл,,2011–2011,Оболонь (Київ)
w:1988-00-00:andre,Террозу Тьягу Андре Рамуш (пришёл),MF,MF,,,group,,,Террозу Тьягу Андре Рамуш (пришёл),,2011–2011,Чорноморець (Одеса)
w:1983-00-00:hodvin,Самсон Годвін,MF,MF,,,group,,,Годвин Самсон,,2011–2011,Волинь (Луцьк)
w:1980-00-00:smirnov,Дмитро Смирнов,MF,MF,,,group,,,Смирнов Дмитрий,,2011–2011,Волинь (Луцьк)
w:1990-00-00:mihalev,Ілля Михальов,MF,MF,,,group,,,Михалёв Илья (пришёл),,2011–2011,Карпати (Львів)
w:1988-00-00:bobuh,Артем Бобух,DF,DF,,,group,,,Бобух Артём,,2011–2011,Оболонь (Київ)
w:1986-00-00:besart,Бесарт Ібраїмі,FW,ST,,,group,,,Ибраими Бесарт,,2011–2011,Таврія (Сімферополь)
w:1990-00-00:frank,Франк Теміле,MF,MF,,,group,,,Темиле Франк,,2011–2011,Олександрія
w:1980-00-00:matiuhin,Сергій Матюхін,DF,DF,,,group,,,Матюхин Сергей (ушёл),,2011–2011,Олександрія
w:1989-00-00:akimov,В'ячеслав Акімов,MF,MF,,,group,,,Акимов Вячеслав,,2011–2011,Волинь (Луцьк)
w:1991-00-00:juk,Василь Жук,MF,MF,,,group,,,Жук Василий,,2011–2011,Волинь (Луцьк)
w:1991-00-00:kravchenko,Антон Кравченко,DF,DF,,,group,,,Кравченко Антон (пришёл),,2011–2011,Волинь (Луцьк)
w:1989-00-00:ritvar,Рітварс Ругінс,MF,MF,,,group,,,Ругин Ритвар (пришёл),,2011–2011,Маріуполь / Іллічівець
w:1990-00-00:budnik,Євген Будник,MF,MF,,,group,,,Будник Евгений (ушёл),,2011–2011,Металіст (Харків)
w:1994-00-00:azatski,Олександр Азацький,DF,DF,,,group,,,Азацкий Александр,,2011–2011,Металіст (Харків)
w:1989-00-00:tistik,Ігор Тистик,DF,DF,,,group,,,Тистык Игорь (пришёл),,2011–2011,Оболонь (Київ)
w:1980-00-00:batista,Вільям Батіста,FW,ST,,,group,,,Батиста Вильям Роша,,2011–2011,Оболонь (Київ)
w:1992-00-00:emelianov,Роман Ємельянов,MF,MF,,,group,,,Емельянов Роман,,2011–2011,Шахтар (Донецьк)
w:1985-00-00:rojok,Сергій Рожок,MF,MF,,,group,,,Рожок Сергей (ушёл),,2011–2011,Чорноморець (Одеса)
w:1986-00-00:kremenchutski,Максим Кременчуцький,MF,MF,,,group,,,Кременьчуцкий Максим (ушёл),,2011–2011,Олександрія
w:1976-08-17:zakarliuka,Сергій Закарлюка,MF,MF,,,group,1976-08-17,Закарлюка Сергій Володимирович,,,1993–2010,Дніпро (Дніпропетровськ); ЦСКА (Київ); Арсенал (Київ); Металург (Донецьк); Маріуполь / Іллічівець; Шахтар (Донецьк)
w:1975-01-02:vaschuk,Владислав Ващук,DF,DF,,,group,1975-01-02,Ващук Владислав Вікторович,,,1993–2010,Динамо (Київ); Чорноморець (Одеса); ФК Львів (2006–2012); Волинь (Луцьк)
w:1978-05-06:rikun,Олександр Рикун,MF,MF,,,group,1978-05-06,Рикун Олександр Валерійович,,,1997–2010,Дніпро (Дніпропетровськ); Маріуполь / Іллічівець; Металіст (Харків); Ворскла (Полтава)
w:1975-02-07:medvedev,Геннадій Медведєв,DF,DF,,,group,1975-02-07,Медведєв Геннадій Миколайович,,,1997–2010,Зірка (Кропивницький); Ворскла (Полтава)
w:1979-02-28:nesmachni,Андрій Несмачний,DF,DF,,,group,1979-02-28,Несмачний Андрій Миколайович,,,1997–2010,Динамо (Київ)
w:1979-02-10:tkachenko,Сергій Ткаченко,MF,MF,,,group,1979-02-10,Ткаченко Сергій Вікторович,,,1997–2010,Чорноморець (Одеса); ЦСКА (Київ); Арсенал (Київ); Металург (Донецьк); Шахтар (Донецьк)
w:1974-06-14:maksimiuk,Роман Максимюк,MF,MF,,,group,1974-06-14,Максимюк Роман Васильович,,,1995–2010,Прикарпаття (Івано-Франківськ); Динамо (Київ); Дніпро (Дніпропетровськ); Волинь (Луцьк); Чорноморець (Одеса)
w:1980-04-12:andrenko,Денис Андрієнко,DF,DF,,,group,1980-04-12,Андрієнко Денис Андрійович,,,1997–2010,Таврія (Сімферополь); Металург (Донецьк); Олександрія; Кривбас (Кривий Ріг); Дніпро (Дніпропетровськ)
w:1980-03-21:matiuhin,Сергій Матюхін,DF,DF,,,group,1980-03-21,Матюхін Сергій Володимирович,,,1997–2010,Дніпро (Дніпропетровськ); Кривбас (Кривий Ріг); Арсенал (Київ)
w:1981-08-20:danilovski,Сергій Даниловський,MF,MF,,,group,1981-08-20,Даниловський Сергій Юрійович,,,1999–2010,Карпати (Львів); Чорноморець (Одеса); Металург (Донецьк); Кривбас (Кривий Ріг)
w:1981-12-12:harison,Омоко Оровіанор Гаррісон,DF,DF,,,group,1981-12-12,Омоко Оровіанор Гаррісон,,,2002–2010,Арсенал (Київ); Ворскла (Полтава); Волинь (Луцьк); Таврія (Сімферополь); Зоря (Луганськ)
w:1972-03-03:kovaliuk,Володимир Ковалюк,MF,MF,,,group,1972-03-03,Ковалюк Володимир Васильович,,,1992–2010,Карпати (Львів); Прикарпаття (Івано-Франківськ); Дніпро (Дніпропетровськ); Динамо (Київ); Шахтар (Донецьк); Кривбас (Кри
w:1980-10-05:kashevski,Мікалай Кашевський,MF,MF,,,group,1980-10-05,Кашевський Мікалай Мікалаєвіч,,,2003–2010,Кривбас (Кривий Ріг); Металург (Запоріжжя); Маріуполь / Іллічівець; Таврія (Сімферополь)
w:1981-06-18:hioane,Тіберіу Гіоане,MF,MF,,,group,1981-06-18,Гіоане Тіберіу,,,2001–2010,Динамо (Київ)
w:1980-05-16:melnik,Вадим Мельник,FW,ST,,,group,1980-05-16,Мельник Вадим Васильович,,,2003–2010,Борисфен (Бориспіль); Металург (Донецьк); Таврія (Сімферополь); Маріуполь / Іллічівець
w:1983-10-05:jadson,Родрігес да Сільва Жадсон,MF,MF,,,group,1983-10-05,Родрігес да Сільва Жадсон,,,2004–2010,Шахтар (Донецьк)
w:1981-11-19:pshenichnih,Сергій Пшеничних,DF,DF,,,group,1981-11-19,Пшеничних Сергій Миколайович,,,2000–2010,Ворскла (Полтава); Борисфен (Бориспіль); Карпати (Львів); Металіст (Харків)
w:1977-11-08:mazurenko,Олег Мазуренко,MF,MF,,,group,1977-11-08,Мазуренко Олег Миколайович,,,2002–2010,Оболонь (Київ); Маріуполь / Іллічівець
w:1980-08-11:melnik,Віктор Мельник,MF,MF,,,group,1980-08-11,Мельник Віктор Володимирович,,,2000–2010,Металург (Запоріжжя); Оболонь (Київ); Металіст (Харків); Кривбас (Кривий Ріг); Чорноморець (Одеса); Волинь (Луцьк)
w:1980-09-10:danilav,Аляксандр Данілав,MF,MF,,,group,1980-09-10,Данілав Аляксандр Анатольєвіч,,,2004–2010,Металіст (Харків); Металург (Донецьк); Арсенал (Київ)
w:1982-07-06:motuz,Сергій Мотуз,MF,MF,,,group,1982-07-06,Мотуз Сергій Сергійович,,,2001–2010,Говерла / Закарпаття (Ужгород); Оболонь (Київ); Ворскла (Полтава); Дніпро (Дніпропетровськ); Кривбас (Кривий Ріг)
w:1985-02-24:iatsenko,Олександр Яценко,DF,DF,,,group,1985-02-24,Яценко Олександр Іванович,,,2002–2010,Динамо (Київ); ФК Харків; Чорноморець (Одеса); Маріуполь / Іллічівець
w:1981-07-02:anderson,Рібейро Андерсон Мендес,FW,ST,,,group,1981-07-02,Рібейро Андерсон Мендес,,,2004–2010,Металіст (Харків); ФК Харків; Металург (Запоріжжя)
w:1979-09-14:kozoriz,Іван Козоріз,MF,MF,,,group,1979-09-14,Козоріз Іван Миколайович,,,2004–2010,Таврія (Сімферополь); Говерла / Закарпаття (Ужгород); ФК Харків; Маріуполь / Іллічівець
w:1982-02-12:ahahova,Джуліус Агахова,FW,ST,,,group,1982-02-12,Агахова Джуліус,,,2000–2010,Шахтар (Донецьк); Севастополь
w:1985-02-15:chuchman,Ігор Чучман,DF,DF,,,group,1985-02-15,Чучман Ігор Романович,,,2004–2010,Говерла / Закарпаття (Ужгород); Маріуполь / Іллічівець
w:1984-03-10:tsiharav,Ян Тігорєв,DF,DF,,,group,1984-03-10,Цігарав Ян Аляксандравіч,,,2006–2010,Металург (Запоріжжя)
w:1980-11-10:lutsenko,Євген Луценко,MF,MF,,,group,1980-11-10,Луценко Євген Валентинович,,,2004–2010,Чорноморець (Одеса); Зоря (Луганськ); Таврія (Сімферополь)
w:1982-02-07:lozinski,Євгеній Лозінський,DF,DF,,,group,1982-02-07,Лозінський Євгеній Петрович,,,2001–2010,Говерла / Закарпаття (Ужгород); Металург (Запоріжжя); Оболонь (Київ)
w:1982-09-10:bredun,Євген Бредун,MF,MF,,,group,1982-09-10,Бредун Євген Дмитрович,,,2001–2010,Шахтар (Донецьк); Маріуполь / Іллічівець; Борисфен (Бориспіль); Металург (Запоріжжя); Арсенал (Київ); Зоря (Луганськ); С
w:1984-02-09:eschenko,Андрій Єщенко,DF,DF,,,group,1984-02-09,Єщенко Андрій Олегович,,,2005–2010,Динамо (Київ); Дніпро (Дніпропетровськ); Арсенал (Київ)
w:1982-08-27:sheveliuhin,Олександр Шевелюхін,DF,DF,,,group,1982-08-27,Шевелюхін Олександр Анатолійович,,,2002–2010,Кривбас (Кривий Ріг); Ворскла (Полтава); Говерла / Закарпаття (Ужгород); ФК Львів (2006–2012); Севастополь
w:1989-04-27:bili,Максим Білий,FW,ST,,,group,1989-04-27,Білий Максим Іванович,,,2007–2010,ФК Харків; Зоря (Луганськ); Металург (Запоріжжя)
w:1984-04-30:karamushka,Олег Карамушка,DF,DF,,,group,1984-04-30,Карамушка Олег Олександрович,,,2003–2010,Борисфен (Бориспіль); Металург (Запоріжжя); Шахтар (Донецьк); ФК Харків; Таврія (Сімферополь); Оболонь (Київ)
w:1981-01-03:donets,Андрій Донець,DF,DF,,,group,1981-01-03,Донець Андрій Анатолійович,,,1999–2010,Карпати (Львів); Волинь (Луцьк); Говерла / Закарпаття (Ужгород); Таврія (Сімферополь)
w:1986-10-16:alozi,Міхаель Алозі,FW,ST,,,group,1986-10-16,Алозі Міхаель Чіді,,,2004–2010,Волинь (Луцьк); Металург (Запоріжжя)
w:1986-08-15:bolohan,Вадим Болохан,DF,DF,,,group,1986-08-15,Болохан Вадим,,,2008–2010,Зоря (Луганськ); Говерла / Закарпаття (Ужгород); Севастополь
w:1983-07-20:bito,Сендлей Біто,FW,ST,,,group,1983-07-20,Біто Сендлей Сідней,,,2006–2010,Сталь (Алчевськ); Арсенал (Київ); Говерла / Закарпаття (Ужгород); Таврія (Сімферополь)
w:1988-11-12:chesnakov,Володимир Чеснаков,DF,DF,,,group,1988-11-12,Чеснаков Володимир Геннадійович,,,2007–2010,Ворскла (Полтава)
w:1979-01-25:semochko,Дмитро Семочко,DF,DF,,,group,1979-01-25,Семочко Дмитро Дмитрович,,,1998–2010,Карпати (Львів); Дніпро (Дніпропетровськ); Металіст (Харків); Говерла / Закарпаття (Ужгород); Волинь (Луцьк)
w:1977-09-17:husev,Ролан Гусєв,MF,MF,,,group,1977-09-17,Гусєв Ролан Олександрович,,,2007–2010,Дніпро (Дніпропетровськ); Арсенал (Київ)
w:1985-04-25:rojok,Сергій Рожок,MF,MF,,,group,1985-04-25,Рожок Сергій Володимирович,,,2004–2010,Таврія (Сімферополь); Говерла / Закарпаття (Ужгород); ФК Харків; Оболонь (Київ); Кривбас (Кривий Ріг)
w:1986-02-25:zborovski,Андрій Зборовський,MF,MF,,,group,1986-02-25,Зборовський Андрій Олегович,,,2006–2010,Таврія (Сімферополь); Севастополь
w:1983-01-09:danel,Феррейра Осмар Даніель,MF,MF,,,group,1983-01-09,Феррейра Осмар Даніель,,,2007–2010,Дніпро (Дніпропетровськ)
w:1986-02-28:avelino,Жажа,FW,ST,,,group,1986-02-28,Авеліно Коельо Джексон,,,2007–2010,Металіст (Харків)
w:1981-02-02:chiprian,Чіпріан Тенасе,FW,ST,,,group,1981-02-02,Чіпріан Йон Тенасе,,,2008–2010,Металург (Донецьк)
w:1982-05-17:haiduchek,Павел Хайдучек,MF,MF,,,group,1982-05-17,Хайдучек Павел,,,2007–2010,Таврія (Сімферополь); Металург (Запоріжжя)
w:1983-07-18:djihani,Паріт Джіхані,MF,MF,,,group,1983-07-18,Джіхані Паріт,,,2008–2010,Зоря (Луганськ)
w:1984-04-08:nemania,Неманья Тубич,DF,DF,,,group,1984-04-08,Тубіч Неманья,,,2008–2010,Карпати (Львів)
w:1980-01-05:voinarovski,Роман Войнаровський,MF,MF,,,group,1980-01-05,Войнаровський Роман Васильович,,,1997–2010,Таврія (Сімферополь); Сталь (Алчевськ); Севастополь
w:1978-06-11:stepanov,Андрій Степанов,DF,DF,,,group,1978-06-11,Степанов Андрій Володимирович,,,2003–2010,Таврія (Сімферополь); Волинь (Луцьк); Севастополь
w:1978-09-08:mantas,Мантас Самусіовас,DF,DF,,,group,1978-09-08,Самусіовас Мантас,,,2009–2010,Маріуполь / Іллічівець
w:1986-01-16:timchenko,Ігор Тимченко,FW,ST,,,group,1986-01-16,Тимченко Ігор Вікторович,,,2006–2010,Сталь (Алчевськ); Металург (Донецьк); Ворскла (Полтава); Говерла / Закарпаття (Ужгород)
w:1984-02-24:tsihirlash,Ігор Цигирлаш,FW,ST,,,group,1984-02-24,Цигирлаш Ігор Іванович,,,2005–2010,ФК Харків; Металург (Запоріжжя)
w:1979-08-21:salhi,Салхі Тауфік,MF,MF,,,group,1979-08-21,Тауфік Салхі,,,2006–2010,Зоря (Луганськ); Севастополь
w:1987-06-18:marselo,Морено Мартінс Марсело,FW,ST,,,group,1987-06-18,Морено Мартінс Марсело,,,2008–2010,Шахтар (Донецьк)
w:1984-02-28:kalonas,Міндаугас Калонас,FW,ST,,,group,1984-02-28,Калонас Міндаугас,,,2008–2010,Металург (Запоріжжя)
w:1985-06-13:alenkor,Де Ліма Герсон Аленкор Жуніо,MF,MF,,,group,1985-06-13,Де Ліма Герсон Аленкор Жуніо,,,2009–2010,Динамо (Київ)
w:1987-03-22:jeniuh,Олег Женюх,MF,MF,,,group,1987-03-22,Женюх Олег Васильович,,,2006–2010,Карпати (Львів); Волинь (Луцьк)
w:1978-11-09:miroshnichenko,Артем Мірошниченко,MF,MF,,,group,1978-11-09,Мірошниченко Артем Володимирович,,,2009–2010,Оболонь (Київ)
w:1980-04-19:harmash,Денис Гармаш,MF,MF,,,group,1980-04-19,Гармаш Денис Вікторович,,,2009–2010,Динамо (Київ)
w:1989-11-21:kiva,Андрій Ківа,MF,MF,,,group,1989-11-21,Ківа Андрій Ігорович,,,2010–2010,Севастополь
w:1983-03-03:tarasenko,Євген Тарасенко,DF,DF,,,group,1983-03-03,Тарасенко Євген Володимирович,,,2008–2010,Карпати (Львів)
w:1980-10-06:nudni,Сергій Нудний,MF,MF,,,group,1980-10-06,Нудний Сергій Вікторович,,,2008–2010,Чорноморець (Одеса); Севастополь
w:1985-03-13:alsides,Мендес де Арауйо Алв Алсідес Едуардо,DF,DF,,,group,1985-03-13,Мендес де Арауйо Алв Алсідес Едуардо,,,2008–2010,Дніпро (Дніпропетровськ)
w:1989-10-03:habedava,Гіоргі Габедава,FW,ST,,,group,1989-10-03,Габедава Гіоргі,,,2009–2010,Маріуполь / Іллічівець
w:1988-08-06:karaush,Васіле Карауш,MF,MF,,,group,1988-08-06,Карауш Васіле,,,2009–2010,Металург (Запоріжжя)
w:1985-01-01:hololobov,Дмитро Гололобов,DF,DF,,,group,1985-01-01,Гололобов Дмитро Вікторович,,,2004–2010,Оболонь (Київ); ФК Харків; Севастополь
w:1984-03-28:kultishev,Артем Култишев,MF,MF,,,group,1984-03-28,Култишев Артем Сергійович,,,2010–2010,Севастополь
w:1989-11-20:artak,Артак Дашян,MF,MF,,,group,1989-11-20,Дашян Артак,,,2009–2010,Металург (Донецьк)
w:1989-07-06:nasibulin,Владислав Насібулін,MF,MF,,,group,1989-07-06,Насібулін Владислав Олегович,,,2010–2010,Маріуполь / Іллічівець
w:1985-04-05:emanuel,Морейра Сільва Фабіо Емануель,MF,MF,,,group,1985-04-05,Морейра Сільва Фабіо Емануель,,,2010–2010,Металург (Запоріжжя)
w:1989-09-24:zaharevich,Ярослав Захаревич,MF,MF,,,group,1989-09-24,Захаревич Ярослав Олегович,,,2007–2010,Арсенал (Київ)
w:1988-10-14:djenison,Пьячентіні де Куадра Дженісон,MF,MF,,,group,1988-10-14,Пьячентіні де Куадра Дженісон,,,2010–2010,Карпати (Львів); Севастополь
w:1983-05-13:arbi,Арурі Мохамед Арбі,DF,DF,,,group,1983-05-13,Арурі Мохамед Арбі,,,2010–2010,Металург (Запоріжжя)
w:1988-10-22:hilerme,Мільомем Гусмао Гіл'єрме,FW,ST,,,group,1988-10-22,Мільомем Гусмао Гіл'єрме,,,2008–2010,Динамо (Київ)
w:1991-04-17:polischuk,Олег Поліщук,MF,MF,,,group,1991-04-17,Поліщук Олег Леонідович,,,2010–2010,Севастополь
w:1981-06-17:paraskiv,Сорін Парасків,MF,MF,,,group,1981-06-17,Парасків Іон Сорін,,,2010–2010,Волинь (Луцьк)
w:1982-12-12:asipenka,Дмитро Осипенко,FW,ST,,,group,1982-12-12,Асіпенка Дмітрий Міхайлавіч,,,2010–2010,Ворскла (Полтава)
w:1983-10-19:dimitri,Дімітрі Татанашвілі,FW,ST,,,group,1983-10-19,Татанашвілі Дімітрі,,,2010–2010,Металург (Запоріжжя)
w:1988-08-29:pleshakov,Юрій Плешаков,FW,ST,,,group,1988-08-29,Плешаков Юрій Сергійович,,,2010–2010,Севастополь
w:1983-03-08:alehandre,Сільва Клейтон Алехандре Енріке,MF,MF,,,group,1983-03-08,Сільва Клейтон Алехандре Енріке,,,2010–2010,Металург (Донецьк)
w:1990-10-10:fanendo,Фанендо Аді,FW,ST,,,group,1990-10-10,Фанендо Аді,,,2010–2010,Металург (Донецьк)
w:1986-03-05:kostiuk,Сергій Костюк,MF,MF,,,group,1986-03-05,Костюк Сергій Володимирович,,,2005–2010,Металіст (Харків); Волинь (Луцьк)
w:1988-08-17:beka,Бека Гоцірідзе,MF,MF,,,group,1988-08-17,Гоцірідзе Бека,,,2008–2010,Дніпро (Дніпропетровськ); Кривбас (Кривий Ріг)
w:1984-07-29:oleksandru,Олександру Оніка,MF,MF,,,group,1984-07-29,Оніка Олександру,,,2009–2010,Ворскла (Полтава)
w:1985-11-24:fabiano,Фабіано,FW,ST,,,group,1985-11-24,Фабіано де Ліма Кампос Марія,,,2010–2010,Металург (Запоріжжя)
w:1984-12-28:piskun,Владислав Піскун,DF,DF,,,group,1984-12-28,Піскун Владислав Едуардович,,,2010–2010,Севастополь
w:1988-05-14:borha,Гомес Перес Борха,DF,DF,,,group,1988-05-14,Гомес Перес Борха,,,2010–2010,Карпати (Львів)
w:1980-10-02:andrade,Де Андраде Тейшейра Філіпе,MF,MF,,,group,1980-10-02,Де Андраде Тейшейра Філіпе,,,2010–2010,Металург (Донецьк)
w:1989-09-05:kablash,Олександр Каблаш,FW,ST,,,group,1989-09-05,Каблаш Олександр Геннадійович,,,2006–2010,Чорноморець (Одеса); Таврія (Сімферополь)
w:1984-08-14:luksha,Вітаутас Лукша,MF,MF,,,group,1984-08-14,Лукша Вітаутас,,,2009–2010,Маріуполь / Іллічівець; Арсенал (Київ)
w:1987-11-08:leshko,Павло Лешко,DF,DF,,,group,1987-11-08,Лешко Павло Любомирович,,,2010–2010,Ворскла (Полтава)
w:1986-05-02:haruna,Кайта Харуна Сані,MF,MF,,,group,1986-05-02,Кайта Харуна Сані,,,2010–2010,Металіст (Харків)
w:1985-05-21:lisovi,Максим Лісовий,DF,DF,,,group,1985-05-21,Лісовий Максим Олексійович,,,2004–2010,Борисфен (Бориспіль); Волинь (Луцьк); Севастополь
w:1979-06-04:adrian,Няга Адріан Константін,FW,ST,,,group,1979-06-04,Няга Адріан Константін,,,2010–2010,Волинь (Луцьк)
w:1984-01-17:rachich,Стеван Рачич,FW,ST,,,group,1984-01-17,Рачіч Стеван,,,2010–2010,Волинь (Луцьк)
w:1990-06-30:bertohlio,Факундо Бертольйо,MF,MF,,,group,1990-06-30,Бертогліо Факундо Даніель,,,2010–2010,Динамо (Київ)
w:1987-07-05:skepski,Денис Скепський,MF,MF,,,group,1987-07-05,Скепський Денис Володимирович,,,2010–2010,Металург (Запоріжжя)
w:1984-06-20:muhovikov,Антон Муховиков,MF,MF,,,group,1984-06-20,Муховиков Антон Володимирович,,,2010–2010,Таврія (Сімферополь)
w:1989-01-26:meporia,Іка Мепорія,MF,MF,,,group,1989-01-26,Мепорія Іка Гурамович,,,2008–2010,Арсенал (Київ)
w:1989-02-17:sirik,Артур Сірик,FW,ST,,,group,1989-02-17,Сірик Артур Володимирович,,,2008–2010,ФК Харків; Маріуполь / Іллічівець
w:1988-12-24:luhachov,Єгор Лугачов,MF,MF,,,group,1988-12-24,Лугачов Єгор Юрійович,,,2010–2010,Арсенал (Київ)
w:1984-04-15:aleisho,Леонардо,FW,ST,,,group,1984-04-15,Алейшо да Коста Леонардо,,,2010–2010,Волинь (Луцьк)
w:1986-02-27:karpovich,Максим Карпович,MF,MF,,,group,1986-02-27,Карпович Максим Петрович,,,2010–2010,Ворскла (Полтава)
w:1990-09-27:andre,Рібейро де Соуза Андре Феліпе,FW,ST,,,group,1990-09-27,Рібейро де Соуза Андре Феліпе,,,2010–2010,Динамо (Київ)
w:1990-08-17:diakiv,Ростислав Дяків,FW,ST,,,group,1990-08-17,Дяків Ростислав Васильович,,,2010–2010,Кривбас (Кривий Ріг)
w:1988-02-24:matia,Матія Шпичич,MF,MF,,,group,1988-02-24,Шпичич Матія,,,2010–2010,Таврія (Сімферополь)
w:1982-06-25:aleksandar,Младенов Александар Стойчев,DF,DF,,,group,1982-06-25,Младенов Александар Стойчев,,,2010–2010,Севастополь
w:1989-01-02:sahaidak,Андрій Сагайдак,DF,DF,,,group,1989-01-02,Сагайдак Андрій Васильович,,,2008–2010,Карпати (Львів)
w:1988-11-06:davidov,Кирило Давидов,MF,MF,,,group,1988-11-06,Давидов Кирило Юрійович,,,2008–2010,Таврія (Сімферополь)
w:1984-12-21:alberto,Констанціа Тіаго Альберто,MF,MF,,,group,1984-12-21,Констанціа Тіаго Альберто,,,2010–2010,Карпати (Львів)
w:1989-02-13:batista,Дос Сантос Батіста Джеферсон Дуглас,MF,MF,,,group,1989-02-13,Дос Сантос Батіста Джеферсон Дуглас,,,2010–2010,Металург (Запоріжжя)
w:1991-07-28:lukash,Лукаш Штетіна,DF,DF,,,group,1991-07-28,Штетіна Лукаш,,,2010–2010,Металіст (Харків)
w:1989-10-03:butenin,Артем Бутенін,DF,DF,,,group,1989-10-03,Бутенін Артем Олексійович,,,2010–2010,Волинь (Луцьк)
w:1983-03-25:enrike,Рівас Лопес Нельсон Енріке,DF,DF,,,group,1983-03-25,Рівас Лопес Нельсон Енріке,,,2010–2010,Дніпро (Дніпропетровськ)
w:1991-03-02:kisli,Микита Кислий,FW,ST,,,group,1991-03-02,Кислий Микита Григорович,,,2010–2010,Зоря (Луганськ)
w:1990-02-21:shumilin,Сергій Шумілін,FW,ST,,,group,1990-02-21,Шумілін Сергій Іванович,,,2010–2010,Кривбас (Кривий Ріг)
w:1989-05-27:tistik,Ігор Тістик,DF,DF,,,group,1989-05-27,Тістик Ігор Володимирович,,,2010–2010,Карпати (Львів)
w:1991-10-25:moisenko,Олексій Моісеєнко,FW,ST,,,group,1991-10-25,Моісеєнко Олексій Анатолійович,,,2010–2010,Металург (Запоріжжя)
w:1991-01-18:spichka,Іван Спичка,MF,MF,,,group,1991-01-18,Спичка Іван Миколайович,,,2010–2010,Металург (Запоріжжя)
w:1988-09-12:adeni,Айодежі Аденії Браун,DF,DF,,,group,1988-09-12,Айодежі Аденії Браун,,,2010–2010,Таврія (Сімферополь)
w:1991-04-19:bruno,Тромбеллі Бруно Ренан,MF,MF,,,group,1991-04-19,Тромбеллі Бруно Ренан,,,2010–2010,Шахтар (Донецьк)
w:1971-05-27:chijevski,Олександр Чижевський,DF,DF,,,group,1971-05-27,Чижевський Олександр Арсенійович,,,1992–2009,Карпати (Львів); Металург (Запоріжжя); Шахтар (Донецьк); Таврія (Сімферополь); Волинь (Луцьк); Говерла / Закарпаття (Ужг
w:1976-01-13:shischenko,Сергій Шищенко,MF,MF,,,group,1976-01-13,Шищенко Сергій Юрійович,,,1992–2009,Металіст (Харків); Шахтар (Донецьк); Нива (Тернопіль); Кривбас (Кривий Ріг); Металург (Запоріжжя); Металург (Донецьк); М
w:1975-02-23:zotov,Олександр Зотов,MF,MF,,,group,1975-02-23,Зотов Олександр Сергійович,,,1994–2009,Чорноморець (Одеса); Кривбас (Кривий Ріг); Ворскла (Полтава); Металург (Донецьк); Говерла / Закарпаття (Ужгород)
w:1977-01-15:platonov,Валентин Платонов,MF,MF,,,group,1977-01-15,Платонов Валентин Вікторович,,,1995–2009,Дніпро (Дніпропетровськ); Кривбас (Кривий Ріг); Маріуполь / Іллічівець; Зоря (Луганськ); Ворскла (Полтава); Говерла / За
w:1975-04-02:esin,Сергій Єсін,DF,DF,,,group,1975-04-02,Єсін Сергій Олександрович,,,1992–2009,Таврія (Сімферополь); Металіст (Харків); Говерла / Закарпаття (Ужгород)
w:1978-12-13:melaschenko,Олександр Мелащенко,FW,ST,,,group,1978-12-13,Мелащенко Олександр Петрович,,,1997–2009,Ворскла (Полтава); Динамо (Київ); Дніпро (Дніпропетровськ); Кривбас (Кривий Ріг)
w:1979-07-15:bilozor,Сергій Білозор,DF,DF,,,group,1979-07-15,Білозор Сергій Володимирович,,,2000–2009,ЦСКА (Київ); Арсенал (Київ); Чорноморець (Одеса); Металург (Донецьк)
w:1978-01-09:ivanov,Олексій Іванов,MF,MF,,,group,1978-01-09,Іванов Олексій Володимирович,,,2001–2009,Карпати (Львів); Олександрія; Арсенал (Київ); Таврія (Сімферополь); Нафтовик-Укрнафта (Охтирка); ФК Харків; Говерла / За
w:1976-08-20:demchenko,Андрій Демченко,MF,MF,,,group,1976-08-20,Демченко Андрій Анатолійович,,,1996–2009,Торпедо (Запоріжжя); Металург (Запоріжжя)
w:1976-03-11:hranovski,Олександр Грановський,DF,DF,,,group,1976-03-11,Грановський Олександр Анатолійович,,,1996–2009,Нива (Вінниця); Кривбас (Кривий Ріг); Карпати (Львів); Металіст (Харків); ФК Харків
w:1978-06-15:shopin,Ігор Шопін,MF,MF,,,group,1978-06-15,Шопін Ігор Вікторович,,,1995–2009,Зоря (Луганськ); Металіст (Харків); ФК Харків; Говерла / Закарпаття (Ужгород)
w:1975-11-08:hramtsov,Олексій Храмцов,DF,DF,,,group,1975-11-08,Храмцов Олексій Володимирович,,,1998–2009,Прикарпаття (Івано-Франківськ); Таврія (Сімферополь); Сталь (Алчевськ); Зоря (Луганськ)
w:1978-08-21:braila,Володимир Браіла,MF,MF,,,group,1978-08-21,Браіла Володимир Леонідович,,,1996–2009,Нива (Вінниця); Маріуполь / Іллічівець; Таврія (Сімферополь); Ворскла (Полтава); Говерла / Закарпаття (Ужгород)
w:1977-11-25:opria,Анатолій Опря,DF,DF,,,group,1977-11-25,Опря Анатолій Олександрович,,,2002–2009,Чорноморець (Одеса); Металіст (Харків); ФК Харків; Кривбас (Кривий Ріг)
w:1981-08-02:komarnitski,Віталій Комарницький,DF,DF,,,group,1981-08-02,Комарницький Віталій Станіславович,,,2003–2009,Дніпро (Дніпропетровськ); Металіст (Харків); ФК Харків; Говерла / Закарпаття (Ужгород); Кривбас (Кривий Ріг)
w:1978-08-28:horodov,Олексій Городов,MF,MF,,,group,1978-08-28,Городов Олексій Анатолійович,,,1997–2009,ЦСКА (Київ); Прикарпаття (Івано-Франківськ); Олександрія; Маріуполь / Іллічівець; Борисфен (Бориспіль); Зоря (Луганськ);
w:1977-09-24:havriushov,Андрій Гаврюшов,DF,DF,,,group,1977-09-24,Гаврюшов Андрій Валерійович,,,2001–2009,Олександрія; Сталь (Алчевськ); Зоря (Луганськ); Металург (Донецьк)
w:1981-01-04:kirilchik,Павло Кірильчик,MF,MF,,,group,1981-01-04,Кірильчик Павел Васільєвіч,,,2003–2009,Кривбас (Кривий Ріг); Чорноморець (Одеса); Карпати (Львів); Маріуполь / Іллічівець
w:1981-11-22:danel,Ганчаржик Северин Даніель,DF,DF,,,group,1981-11-22,Ганчаржик Северин Даніель,,,2002–2009,Арсенал (Київ); Волинь (Луцьк); Металіст (Харків)
w:1983-01-31:leviha,Руслан Левига,FW,ST,,,group,1983-01-31,Левига Руслан Іванович,,,2004–2009,Борисфен (Бориспіль); Маріуполь / Іллічівець; Ворскла (Полтава); Чорноморець (Одеса)
w:1983-03-04:ilnitski,Тарас Ільницький,DF,DF,,,group,1983-03-04,Ільницький Тарас Іванович,,,2004–2009,Говерла / Закарпаття (Ужгород); Арсенал (Київ); Таврія (Сімферополь)
w:1979-02-15:babich,Олександр Бабич,DF,DF,,,group,1979-02-15,Бабич Олександр Олександрович,,,1998–2009,Дніпро (Дніпропетровськ); Олександрія; Металіст (Харків); Чорноморець (Одеса)
w:1986-03-03:hlavina,Деніс Главіна,MF,MF,,,group,1986-03-03,Главіна Деніс,,,2005–2009,Ворскла (Полтава); Дніпро (Дніпропетровськ)
w:1979-01-12:andrius,Андрюс Йокшас,MF,MF,,,group,1979-01-12,Йокшас Андрюс,,,1999–2009,Кривбас (Кривий Ріг); Арсенал (Київ); Ворскла (Полтава); Таврія (Сімферополь)
w:1984-10-04:modebadze,Іраклі Модебадзе,FW,ST,,,group,1984-10-04,Модебадзе Іраклі Іузайович,,,2001–2009,Металург (Запоріжжя); Чорноморець (Одеса)
w:1977-09-28:maziar,Володимир Мазяр,FW,ST,,,group,1977-09-28,Мазяр Володимир Іванович,,,1999–2009,Ворскла (Полтава); Дніпро (Дніпропетровськ); Олександрія; Таврія (Сімферополь); Кривбас (Кривий Ріг); Говерла / Закарпат
w:1979-08-13:melikian,Єгіше Мелікян,MF,MF,,,group,1979-08-13,Мелікян Єгіше Мєлікович,,,2002–2009,Металург (Донецьк); Сталь (Алчевськ); Зоря (Луганськ)
w:1983-11-10:hiorhi,Гіоргі Цімакурідзе,MF,MF,,,group,1983-11-10,Цімакурідзе Гіоргі,,,2005–2009,Сталь (Алчевськ); Маріуполь / Іллічівець; Зоря (Луганськ)
w:1980-08-08:bilikbashi,Доріан Биликбаші,MF,MF,,,group,1980-08-08,Биликбаші Доріан,,,2006–2009,Кривбас (Кривий Ріг)
w:1980-10-18:dos,Жоземар,FW,ST,,,group,1980-10-18,Дос Сантос Сільва Жоземар,,,2006–2009,Сталь (Алчевськ); Арсенал (Київ)
w:1980-08-20:djakobia,Лаша Джакобія,FW,ST,,,group,1980-08-20,Джакобія Лаша,,,2004–2009,Металіст (Харків); Арсенал (Київ)
w:1979-10-04:polovkov,Олександр Половков,DF,DF,,,group,1979-10-04,Половков Олександр Іванович,,,2005–2009,Сталь (Алчевськ); Зоря (Луганськ)
w:1981-06-17:venans,Венанс Зезе,FW,ST,,,group,1981-06-17,Зезе Венанс,,,2005–2009,Металург (Донецьк); Металіст (Харків)
w:1979-01-30:litovchenko,Сергій Літовченко,DF,DF,,,group,1979-01-30,Літовченко Сергій Вікторович,,,2004–2009,Таврія (Сімферополь); Арсенал (Київ)
w:1985-05-10:vorobei,Дмитро Воробей,FW,ST,,,group,1985-05-10,Воробей Дмитро Сергійович,,,2005–2009,Арсенал (Київ); Зоря (Луганськ); Маріуполь / Іллічівець; Кривбас (Кривий Ріг)
w:1987-04-16:evsev,Євген Євсєєв,DF,DF,,,group,1987-04-16,Євсєєв Євген Васильович,,,2006–2009,Арсенал (Київ)
w:1980-01-07:biletski,Максим Білецький,DF,DF,,,group,1980-01-07,Білецький Максим Андрійович,,,2007–2009,Чорноморець (Одеса)
w:1982-02-11:klimenko,Олександр Клименко,DF,DF,,,group,1982-02-11,Клименко Олександр Віталійович,,,2001–2009,Арсенал (Київ); Борисфен (Бориспіль); Чорноморець (Одеса); Оболонь (Київ)
w:1981-07-20:bidnenko,Руслан Бідненко,MF,MF,,,group,1981-07-20,Бідненко Руслан Михайлович,,,2003–2009,Борисфен (Бориспіль); Динамо (Київ); Дніпро (Дніпропетровськ); Нафтовик-Укрнафта (Охтирка); Чорноморець (Одеса)
w:1981-03-03:bulku,Ервін Булку,MF,MF,,,group,1981-03-03,Булку Ервін,,,2007–2009,Кривбас (Кривий Ріг)
w:1981-07-06:bondarenko,Володимир Бондаренко,MF,MF,,,group,1981-07-06,Бондаренко Володимир Петрович,,,2001–2009,Арсенал (Київ); Волинь (Луцьк); Чорноморець (Одеса)
w:1981-11-13:karakevich,Роман Каракевич,FW,ST,,,group,1981-11-13,Каракевич Роман Васильович,,,2004–2009,Металург (Запоріжжя); Нафтовик-Укрнафта (Охтирка); Кривбас (Кривий Ріг)
w:1981-12-13:chamba,Ессола Чамба Пауль Ерве,MF,MF,,,group,1981-12-13,Ессола Чамба Пауль Ерве,,,2006–2009,Сталь (Алчевськ); Арсенал (Київ); Дніпро (Дніпропетровськ)
w:1981-09-09:eke,Санні Еке,MF,MF,,,group,1981-09-09,Еке Санні Кінгслі,,,2008–2009,Металург (Донецьк)
w:1980-02-26:olefir,Володимир Олефір,DF,DF,,,group,1980-02-26,Олефір Володимир Андрійович,,,2004–2009,Ворскла (Полтава); Кривбас (Кривий Ріг); Маріуполь / Іллічівець; Нафтовик-Укрнафта (Охтирка); Оболонь (Київ)
w:1982-11-18:despotovski,Філіп Деспотовський,MF,MF,,,group,1982-11-18,Деспотовський Філіп,,,2007–2009,Ворскла (Полтава)
w:1985-06-07:shmakov,Євгеній Шмаков,MF,MF,,,group,1985-06-07,Шмаков Євгеній Вікторович,,,2006–2009,Карпати (Львів); Зоря (Луганськ); Арсенал (Київ); Таврія (Сімферополь); Маріуполь / Іллічівець
w:1979-07-12:onisko,Павло Онисько,FW,ST,,,group,1979-07-12,Онисько Павло Степанович,,,1998–2009,Карпати (Львів); Маріуполь / Іллічівець; Оболонь (Київ); Ворскла (Полтава)
w:1980-10-26:burduli,Владімер Бурдулі,MF,MF,,,group,1980-10-26,Бурдулі Владімер,,,2006–2009,Кривбас (Кривий Ріг); Зоря (Луганськ); Таврія (Сімферополь); Говерла / Закарпаття (Ужгород)
w:1979-11-27:malihin,Олександр Малигін,DF,DF,,,group,1979-11-27,Малигін Олександр Володимирович,,,1995–2009,Зоря (Луганськ); Маріуполь / Іллічівець; Говерла / Закарпаття (Ужгород)
w:1980-11-04:maidana,Васкез Майдана Родріго Себастьян,MF,MF,,,group,1980-11-04,Васкез Майдана Родріго Себастьян,,,2007–2009,Чорноморець (Одеса)
w:1985-08-01:trusevich,Максим Трусевич,MF,MF,,,group,1985-08-01,Трусевич Максим Павлович,,,2003–2009,Борисфен (Бориспіль); Металург (Запоріжжя); Шахтар (Донецьк); Оболонь (Київ)
w:1981-05-19:karpenko,Сергій Карпенко,DF,DF,,,group,1981-05-19,Карпенко Сергій Васильович,,,2007–2009,Нафтовик-Укрнафта (Охтирка); Кривбас (Кривий Ріг)
w:1979-01-01:sviderski,В'ячеслав Свідерський,DF,DF,,,group,1979-01-01,Свідерський Вячеслав Михайлович,,,2005–2009,Арсенал (Київ); Чорноморець (Одеса); Шахтар (Донецьк); Дніпро (Дніпропетровськ); Таврія (Сімферополь)
w:1979-05-13:alehandro,Мельо Сільвейра Альваро Алехандро,MF,MF,,,group,1979-05-13,Мельо Сільвейра Альваро Алехандро,,,2007–2009,Чорноморець (Одеса)
w:1985-07-29:djonatan,Майдана Джонатан Рамон,DF,DF,,,group,1985-07-29,Майдана Джонатан Рамон,,,2008–2009,Металіст (Харків)
w:1979-09-12:rijih,Сергій Рижих,FW,ST,,,group,1979-09-12,Рижих Сергій Володимирович,,,1998–2009,Металіст (Харків); Говерла / Закарпаття (Ужгород)
w:1980-02-14:boaventura,Вільям Боавентура,DF,DF,,,group,1980-02-14,Боавентура Вільям Клейт,,,2008–2009,Металург (Донецьк)
w:1984-06-26:buhaiov,Ігор Бугайов,FW,ST,,,group,1984-06-26,Бугайов Ігор Віталійович,,,2005–2009,Чорноморець (Одеса); Металург (Запоріжжя)
w:1991-02-07:balashov,Віталій Балашов,FW,ST,,,group,1991-02-07,Балашов Віталій Юрійович,,,2008–2009,Чорноморець (Одеса)
w:1985-03-14:charlz,Невуче Чарлз Ннаемека,FW,ST,,,group,1985-03-14,Невуче Чарлз Ннаемека,,,2007–2009,Говерла / Закарпаття (Ужгород)
w:1984-02-01:arakelian,Арарат Аракелян,MF,MF,,,group,1984-02-01,Аракелян Арарат,,,2007–2009,Металург (Донецьк)
w:1987-01-23:kolesnichenko,Сергій Колесниченко,MF,MF,,,group,1987-01-23,Колесниченко Сергій Геннадійович,,,2008–2009,Зоря (Луганськ)
w:1988-08-16:zavarov,Валерій Заваров,MF,MF,,,group,1988-08-16,Заваров Валерій Олександрович,,,2007–2009,Арсенал (Київ)
w:1986-05-17:lima,Северіно,FW,ST,,,group,1986-05-17,Ліма де Моура Северіно,,,2008–2009,Маріуполь / Іллічівець
w:1989-03-24:fartushniak,Андрій Фартушняк,DF,DF,,,group,1989-03-24,Фартушняк Андрій Петрович,,,2008–2009,ФК Харків; Оболонь (Київ)
w:1982-02-26:fabio,Де Матос Перейра Фабіо,MF,MF,,,group,1982-02-26,Де Матос Перейра Фабіо,,,2008–2009,Металург (Донецьк)
w:1984-07-31:durai,Тарас Дурай,DF,DF,,,group,1984-07-31,Дурай Тарас Богданович,,,2008–2009,Зоря (Луганськ)
w:1983-02-22:darius,Даріус Міцейка,MF,MF,,,group,1983-02-22,Міцейка Даріус,,,2009–2009,Металург (Запоріжжя)
w:1981-02-22:aurimas,Аурімас Кучис,DF,DF,,,group,1981-02-22,Кучис Аурімас,,,2007–2009,Нафтовик-Укрнафта (Охтирка); Говерла / Закарпаття (Ужгород)
w:1984-06-13:alberto,Кастільо Нері Альберто,FW,ST,,,group,1984-06-13,Кастільо Нері Альберто,,,2007–2009,Шахтар (Донецьк); Дніпро (Дніпропетровськ)
w:1989-07-15:bohomazov,Андрій Богомазов,MF,MF,,,group,1989-07-15,Богомазов Андрій Юрійович,,,2008–2009,Кривбас (Кривий Ріг)
w:1987-01-19:artomenko,Олександр Артьоменко,DF,DF,,,group,1987-01-19,Артьоменко Олександр Петрович,,,2008–2009,Таврія (Сімферополь); Говерла / Закарпаття (Ужгород)
w:1978-12-29:antonenko,Олександр Антоненко,FW,ST,,,group,1978-12-29,Антоненко Олександр Сергійович,,,2003–2009,Маріуполь / Іллічівець; Оболонь (Київ)
w:1988-03-31:hrihorik,Андрій Григорик,MF,MF,,,group,1988-03-31,Григорик Андрій В'ячеславович,,,2006–2009,Кривбас (Кривий Ріг); Маріуполь / Іллічівець
w:1986-02-10:kavatsiv,Ярема Каваців,DF,DF,,,group,1986-02-10,Каваців Ярема Володимирович,,,2006–2009,Металург (Запоріжжя); ФК Львів (2006–2012); Маріуполь / Іллічівець
w:1985-04-17:ivashkevichius,Кестутіс Івашкевічюс,MF,MF,,,group,1985-04-17,Івашкевічюс Кестутіс,,,2009–2009,Кривбас (Кривий Ріг)
w:1982-10-11:aholi,Ансі Аголлі,MF,MF,,,group,1982-10-11,Аголлі Ансі,,,2009–2009,Кривбас (Кривий Ріг)
w:1982-07-25:len,Іван Лень,DF,DF,,,group,1982-07-25,Лень Іван Анатолійович,,,2009–2009,Оболонь (Київ)
w:1985-08-14:huardia,Сауседо Гуардіа Маурісіо,MF,MF,,,group,1985-08-14,Сауседо Гуардіа Маурісіо,,,2009–2009,Чорноморець (Одеса)
w:1984-05-27:bobal,Матвій Бобаль,FW,ST,,,group,1984-05-27,Бобаль Матвій Матвійович,,,2001–2009,Говерла / Закарпаття (Ужгород); Таврія (Сімферополь)
w:1983-01-12:buriak,Ігор Буряк,DF,DF,,,group,1983-01-12,Буряк Ігор Васильович,,,2003–2009,Металург (Донецьк); ФК Харків; Таврія (Сімферополь)
w:1986-05-31:aleksev,Сергій Алексєєв,FW,ST,,,group,1986-05-31,Алексєєв Сергій Вікторович,,,2009–2009,Говерла / Закарпаття (Ужгород)
w:1986-02-25:hai,Антон Гай,MF,MF,,,group,1986-02-25,Гай Антон Анатолійович,,,2006–2009,Металург (Запоріжжя); Маріуполь / Іллічівець
w:1985-09-29:haushi,Богдан Хауші,DF,DF,,,group,1985-09-29,Хауши Богдан,,,2009–2009,Говерла / Закарпаття (Ужгород)
w:1979-02-23:komlonok,Віктор Комльонок,MF,MF,,,group,1979-02-23,Комльонок Віктор Миколайович,,,2009–2009,Оболонь (Київ)
w:1982-11-25:arinton,Міна Вільялба Аррінтон Нарцісо,FW,ST,,,group,1982-11-25,Міна Вільялба Аррінтон Нарцісо,,,2009–2009,Чорноморець (Одеса)
w:1983-03-24:eromenko,Олексій Єрьоменко,FW,ST,,,group,1983-03-24,Єрьоменко Олексій Олексійович,,,2009–2009,Металіст (Харків)
w:1990-03-12:vladov,Дмитро Владов,MF,MF,,,group,1990-03-12,Владов Дмитро Михайлович,,,2008–2009,Чорноморець (Одеса)
w:1988-09-05:iakimenko,Олександр Якименко,MF,MF,,,group,1988-09-05,Якименко Олександр Валерійович,,,2009–2009,Чорноморець (Одеса)
w:1983-04-12:karmalita,Євген Кармаліта,MF,MF,,,group,1983-04-12,Кармаліта Євген Олегович,,,2004–2009,Таврія (Сімферополь); Оболонь (Київ)
w:1988-07-29:sikorski,Ігор Сікорський,FW,ST,,,group,1988-07-29,Сікорський Ігор Олександрович,,,2007–2009,Зоря (Луганськ)
w:1988-02-18:hustavo,Пінедо Забала Густаво,MF,MF,,,group,1988-02-18,Пінедо Забала Густаво,,,2009–2009,Чорноморець (Одеса)
w:1983-12-06:koval,Андрій Коваль,FW,ST,,,group,1983-12-06,Коваль Андрій Анатолійович,,,2005–2009,Говерла / Закарпаття (Ужгород)
w:1981-07-16:lisitsin,Євген Лисицин,MF,MF,,,group,1981-07-16,Лисицин Євген Анатолійович,,,2009–2009,Говерла / Закарпаття (Ужгород)
w:1987-11-09:kim,Кім Пюнг Рае,MF,MF,,,group,1987-11-09,Кім Пюнг Рае,,,2009–2009,Металург (Запоріжжя)
w:1983-09-25:burkhardt,Марцін Буркхардт,MF,MF,,,group,1983-09-25,Марцін Буркхардт,,,2009–2009,Металіст (Харків)
w:1980-05-04:kolesnichenko,Владімірс Колесніченко,MF,MF,,,group,1980-05-04,Колесніченко Владімірс,,,2009–2009,Чорноморець (Одеса)
w:1982-10-27:hediminas,Гедімінас Паулаускас,DF,DF,,,group,1982-10-27,Паулаускас Гедімінас,,,2009–2009,Маріуполь / Іллічівець
w:1989-02-05:hovbosha,Дмитро Ховбоша,MF,MF,,,group,1989-02-05,Ховбоша Дмитро Вікторович,,,2007–2009,Зоря (Луганськ)
w:1988-05-31:furta,Юрій Фурта,FW,ST,,,group,1988-05-31,Фурта Юрій Ярославович,,,2008–2009,Карпати (Львів)
w:1987-05-03:arturs,Артурс Сілагайліс,DF,DF,,,group,1987-05-03,Сілагайліс Артурс,,,2008–2009,Кривбас (Кривий Ріг)
w:1983-07-15:malish,Ігор Малиш,MF,MF,,,group,1983-07-15,Малиш Ігор Анатолійович,,,2009–2009,Говерла / Закарпаття (Ужгород); Оболонь (Київ)
w:1986-11-20:sviridov,Платон Свиридов,MF,MF,,,group,1986-11-20,Свиридов Платон Миколайович,,,2006–2009,Шахтар (Донецьк); Кривбас (Кривий Ріг)
w:1983-06-09:lazarevski,Владе Лазаревський,DF,DF,,,group,1983-06-09,Лазаревський Владе,,,2007–2009,Металіст (Харків); Карпати (Львів)
w:1988-03-11:andronik,Ігор Андронік,DF,DF,,,group,1988-03-11,Андронік Ігор,,,2009–2009,Говерла / Закарпаття (Ужгород)
w:1986-01-25:ponomarov,Олександр Пономарьов,DF,DF,,,group,1986-01-25,Пономарьов Олександр Владіміровіч,,,2009–2009,Чорноморець (Одеса)
w:1986-06-13:zeldi,Сергій Зелді,DF,DF,,,group,1986-06-13,Зелді Сергій Володимирович,,,2007–2009,Говерла / Закарпаття (Ужгород); Таврія (Сімферополь)
w:1988-09-04:melnik,Сергій Мельник,DF,DF,,,group,1988-09-04,Мельник Сергій Анатолійович,,,2008–2009,Чорноморець (Одеса)
w:1987-03-27:danel,Фредес Ернан Даніель,MF,MF,,,group,1987-03-27,Фредес Ернан Даніель,,,2009–2009,Металіст (Харків)
w:1987-07-27:sirota,Максим Сирота,MF,MF,,,group,1987-07-27,Сирота Максим Олександрович,,,2009–2009,Таврія (Сімферополь)
w:1983-02-13:kaschelan,Младен Кашчелан,MF,MF,,,group,1983-02-13,Кашчелан Младен,,,2009–2009,Карпати (Львів)
w:1987-04-06:hvan,Хван Хун Хі,FW,ST,,,group,1987-04-06,Хван Хун Хі,,,2009–2009,Металург (Запоріжжя)
w:1988-08-30:hurski,Андрій Гурський,DF,DF,,,group,1988-08-30,Гурський Андрій Петрович,,,2008–2009,Карпати (Львів)
w:1990-06-05:mali,Сергій Малий,DF,DF,,,group,1990-06-05,Малий Сергій Вікторович,,,2009–2009,Зоря (Луганськ)
w:1990-05-25:kohman,Андрій Кохман,FW,ST,,,group,1990-05-25,Кохман Андрій Володимирович,,,2009–2009,Зоря (Луганськ)
w:1983-02-19:julio,Мендес Морейра Жуліо Сезар,DF,DF,,,group,1983-02-19,Мендес Морейра Жуліо Сезар,,,2009–2009,Металург (Донецьк)
w:1991-03-01:riabi,Руслан Рябий,FW,ST,,,group,1991-03-01,Рябий Руслан Валентинович,,,2009–2009,Оболонь (Київ)
w:1988-06-27:bidni,Єгор Бідний,DF,DF,,,group,1988-06-27,Бідний Єгор Павлович,,,2009–2009,Чорноморець (Одеса)
w:1978-03-07:hudzikevich,Станіслав Гудзікевич,MF,MF,,,group,1978-03-07,Гудзікевич Станіслав Олександрович,,,2009–2009,Маріуполь / Іллічівець
w:1985-04-01:boiovich,Дарко Бойович,MF,MF,,,group,1985-04-01,Бойович Дарко,,,2009–2009,Маріуполь / Іллічівець
w:1983-03-29:kalinichenko,Віталій Калініченко,DF,DF,,,group,1983-03-29,Калініченко Віталій Леонідович,,,2009–2009,Говерла / Закарпаття (Ужгород)
w:1981-10-25:ilchishin,Андрій Ільчишин,DF,DF,,,group,1981-10-25,Ільчишин Андрій Ярославович,,,2009–2009,Говерла / Закарпаття (Ужгород)
w:1990-02-12:misko,Павло Місько,FW,ST,,,group,1990-02-12,Місько Павло Анатолійович,,,2009–2009,Кривбас (Кривий Ріг)
w:1990-08-17:karabaev,Дмитро Карабаєв,MF,MF,,,group,1990-08-17,Карабаєв Дмитро Володимирович,,,2009–2009,Оболонь (Київ)
w:1987-08-27:bochkur,Роман Бочкур,DF,DF,,,group,1987-08-27,Бочкур Роман Романович,,,2009–2009,Чорноморець (Одеса)
w:1990-01-02:didik,Ігор Дідик,DF,DF,,,group,1990-01-02,Дідик Ігор Миколайович,,,2009–2009,Арсенал (Київ)
w:1974-04-25:beno,Юрій Беньо,DF,DF,,,group,1974-04-25,Беньо Юрій Володимирович,,,1996–2008,Карпати (Львів); Металург (Запоріжжя); Шахтар (Донецьк); Арсенал (Київ)
w:1981-01-23:kabanov,Тарас Кабанов,FW,ST,,,group,1981-01-23,Кабанов Тарас Володимирович,,,1999–2008,Карпати (Львів); Кривбас (Кривий Ріг); Металург (Запоріжжя); ФК Харків
w:1976-07-19:radchenko,Олександр Радченко,DF,DF,,,group,1976-07-19,Радченко Олександр Борисович,,,1997–2008,Динамо (Київ); Говерла / Закарпаття (Ужгород); Дніпро (Дніпропетровськ); Кривбас (Кривий Ріг)
w:1979-08-09:hunchak,Руслан Гунчак,MF,MF,,,group,1979-08-09,Гунчак Руслан Іванович,,,2002–2008,Маріуполь / Іллічівець; Металіст (Харків); ФК Харків
w:1975-02-18:fedorov,Сергій Федоров,DF,DF,,,group,1975-02-18,Федоров Сергій Владиславович,,,1993–2008,Динамо (Київ); ЦСКА (Київ); Чорноморець (Одеса)
w:1977-08-03:nazarov,Дмитро Назаров,DF,DF,,,group,1977-08-03,Назаров Дмитро Аркадійович,,,1993–2008,Таврія (Сімферополь); Маріуполь / Іллічівець
w:1980-06-16:evaeverson,Лемос да Сільва Еваеверсон,FW,ST,,,group,1980-06-16,Лемос да Сільва Еваеверсон,,,2002–2008,Шахтар (Донецьк)
w:1980-03-23:rojon,Віталій Розгон,DF,DF,,,group,1980-03-23,Розгон Віталій Вікторович,,,2000–2008,Нива (Тернопіль); Волинь (Луцьк); Арсенал (Київ); Таврія (Сімферополь); ФК Львів (2006–2012)
w:1980-05-10:chernat,Флорін Чернат,MF,MF,,,group,1980-05-10,Чернат Флорін Лучіан,,,2000–2008,Динамо (Київ)
w:1978-03-21:venhlinski,Олег Венглінський,FW,ST,,,group,1978-03-21,Венглінський Олег Миколайович,,,1997–2008,Динамо (Київ); Дніпро (Дніпропетровськ); Чорноморець (Одеса)
w:1977-01-07:hilazev,Руслан Гілазєв,MF,MF,,,group,1977-01-07,Гілазєв Руслан Накіфович,,,2002–2008,Чорноморець (Одеса)
w:1979-11-03:kuzniatsov,Сяргей Кузняцов,MF,MF,,,group,1979-11-03,Кузняцов Сяргей Вячаслававіч,,,2004–2008,Металіст (Харків); Таврія (Сімферополь); Арсенал (Київ)
w:1977-12-29:cheliadzinski,Артем Челядинський,DF,DF,,,group,1977-12-29,Челядзінський Арцьом Віктаравіч,,,2003–2008,Металург (Запоріжжя)
w:1979-06-19:koteliuh,Олег Котелюх,DF,DF,,,group,1979-06-19,Котелюх Олег Дмитрович,,,2003–2008,Борисфен (Бориспіль); Кривбас (Кривий Ріг); Нафтовик-Укрнафта (Охтирка)
w:1982-08-13:balabanov,Костянтин Балабанов,FW,ST,,,group,1982-08-13,Балабанов Костянтин Олексійович,,,2002–2008,Чорноморець (Одеса); Дніпро (Дніпропетровськ); Нафтовик-Укрнафта (Охтирка); Кривбас (Кривий Ріг)
w:1978-09-05:hiom,Ібанда Патрік Гійом,MF,MF,,,group,1978-09-05,Ібанда Патрік Гійом,,,2001–2008,Ворскла (Полтава); Арсенал (Київ); Зоря (Луганськ); Кривбас (Кривий Ріг)
w:1983-06-14:karnilenka,Сяргєй Карнілєнка,FW,ST,,,group,1983-06-14,Карнілєнка Сяргєй Аляксандравіч,,,2003–2008,Динамо (Київ); Дніпро (Дніпропетровськ)
w:1981-06-10:suchkov,Олексій Сучков,MF,MF,,,group,1981-06-10,Сучков Аляксєй Вячаслававіч,,,2002–2008,Карпати (Львів); ФК Харків
w:1978-06-08:sokolenko,Андрій Соколенко,DF,DF,,,group,1978-06-08,Соколенко Андрій Євгенович,,,1994–2008,Таврія (Сімферополь); Прикарпаття (Івано-Франківськ); Волинь (Луцьк); ФК Харків
w:1979-07-06:karitska,Володимир Коритько,MF,MF,,,group,1979-07-06,Карицька Владзімір Міхайлавіч,,,2005–2008,Металург (Запоріжжя); Чорноморець (Одеса); Металург (Донецьк)
w:1977-06-07:nijehorodov,Геннадій Нижегородов,DF,DF,,,group,1977-06-07,Нижегородов Геннадій Олександрович,,,2006–2008,Чорноморець (Одеса)
w:1978-06-25:raspopov,Андрій Распопов,DF,DF,,,group,1978-06-25,Распопов Андрій Миколайович,,,1998–2008,СК Миколаїв; Карпати (Львів); Арсенал (Київ)
w:1981-04-18:pankavets,Олексій Панковець,DF,DF,,,group,1981-04-18,Панкавец Аляксєй Юр'євіч,,,2006–2008,ФК Харків
w:1979-08-04:horan,Горан Саблич,DF,DF,,,group,1979-08-04,Сабліч Горан,,,2002–2008,Динамо (Київ)
w:1984-08-08:solianik,Руслан Соляник,MF,MF,,,group,1984-08-08,Соляник Руслан Олексійович,,,2004–2008,Ворскла (Полтава); Таврія (Сімферополь); Маріуполь / Іллічівець
w:1985-01-02:banhura,Ісмаель Бангура,FW,ST,,,group,1985-01-02,Бангура Ісмаель,,,2007–2008,Динамо (Київ)
w:1982-02-23:nefedov,Валентин Нєфьодов,DF,DF,,,group,1982-02-23,Нєфєдов Валєнтін Валєнтіновіч,,,2003–2008,Чорноморець (Одеса); Нафтовик-Укрнафта (Охтирка); Маріуполь / Іллічівець
w:1981-06-24:rajkov,Ігор Рожков,MF,MF,,,group,1981-06-24,Ражков Ігар Аляксандравіч,,,2006–2008,Кривбас (Кривий Ріг)
w:1985-08-29:samborski,Володимир Самборський,DF,DF,,,group,1985-08-29,Самборський Володимир Сергійович,,,2004–2008,Металіст (Харків); ФК Харків
w:1979-03-27:alunderis,Відас Алундеріс,DF,DF,,,group,1979-03-27,Алундеріс Відас,,,2001–2008,Металіст (Харків); Таврія (Сімферополь)
w:1982-02-26:damian,Гіменез Даміан Жоель,DF,DF,,,group,1982-02-26,Гіменез Даміан Жоель,,,2007–2008,Чорноморець (Одеса)
w:1982-08-25:pihur,Олександр Піхур,FW,ST,,,group,1982-08-25,Піхур Олександр Віталійович,,,2005–2008,Говерла / Закарпаття (Ужгород); ФК Харків
w:1979-10-27:drahan,Драган Перішич,DF,DF,,,group,1979-10-27,Перішіч Драган,,,2006–2008,Металург (Запоріжжя)
w:1987-12-09:alan,Да Сільва Соуза Алан,MF,MF,,,group,1987-12-09,Да Сільва Соуза Алан,,,2006–2008,Сталь (Алчевськ); Арсенал (Київ); Металург (Донецьк)
w:1978-10-02:mjavanadze,Кахабер Мжаванадзе,DF,DF,,,group,1978-10-02,Мжаванадзе Кахабер Нодарович,,,2005–2008,Чорноморець (Одеса)
w:1981-07-18:davidson,Де Олівейра Мораіс Давідсон,DF,DF,,,group,1981-07-18,Де Олівейра Мораіс Давідсон,,,2006–2008,Дніпро (Дніпропетровськ)
w:1980-07-27:shahoika,Олександр Шагойка,DF,DF,,,group,1980-07-27,Шагойка Олександр Олександрович,,,2007–2008,Кривбас (Кривий Ріг)
w:1983-11-30:jankarlos,Де ла Аса Уркуіза Паоло Жанкарлос,FW,ST,,,group,1983-11-30,Де ла Аса Уркуіза Паоло Жанкарлос,,,2007–2008,Чорноморець (Одеса)
w:1984-02-22:romaniuk,Віталій Романюк,DF,DF,,,group,1984-02-22,Романюк Віталій Вікторович,,,2008–2008,ФК Львів (2006–2012)
w:1981-09-18:halchuk,Любомир Гальчук,DF,DF,,,group,1981-09-18,Гальчук Любомир Богданович,,,2002–2008,Волинь (Луцьк); ФК Львів (2006–2012)
w:1983-07-27:poltavets,Роман Полтавець,MF,MF,,,group,1983-07-27,Полтавець Роман Вадимович,,,2003–2008,Таврія (Сімферополь); ФК Львів (2006–2012)
w:1984-10-19:pivnenko,Сергій Півненко,FW,ST,,,group,1984-10-19,Півненко Сергій Сергійович,,,2004–2008,Маріуполь / Іллічівець; Арсенал (Київ)
w:1983-02-24:erik,Камдем Камдем Ерік,DF,DF,,,group,1983-02-24,Камдем Камдем Ерік,,,2008–2008,Маріуполь / Іллічівець
w:1981-02-28:abdulae,Абдулає Джіре,MF,MF,,,group,1981-02-28,Джіре Абдулає,,,2006–2008,Металург (Донецьк); Металіст (Харків)
w:1987-06-14:baha,Жюль Бага,FW,ST,,,group,1987-06-14,Бага Жюль Ів Стефан,,,2008–2008,Зоря (Луганськ)
w:1982-07-22:lolo,Лоло Ігор Александр,DF,DF,,,group,1982-07-22,Лоло Ігор Александр,,,2004–2008,Металург (Донецьк); Дніпро (Дніпропетровськ)
w:1984-03-15:melkonian,Самвел Мелконян,FW,ST,,,group,1984-03-15,Мелконян Самвел,,,2007–2008,Металург (Донецьк)
w:1986-03-09:ermak,Олег Єрмак,DF,DF,,,group,1986-03-09,Єрмак Олег Васильович,,,2006–2008,Арсенал (Київ); Зоря (Луганськ)
w:1981-01-09:biahanski,Павло Беганський,FW,ST,,,group,1981-01-09,Бяганський Павєл Вікєнцьєвіч,,,2008–2008,Маріуполь / Іллічівець
w:1986-02-27:hrinchenko,Микола Грінченко,MF,MF,,,group,1986-02-27,Грінченко Микола Володимирович,,,2006–2008,ФК Харків
w:1986-02-16:anibal,Асеведо Вальтер Анібал,MF,MF,,,group,1986-02-16,Асеведо Вальтер Анібал,,,2008–2008,Металіст (Харків)
w:1983-03-02:hordenko,Дмитро Гордієнко,FW,ST,,,group,1983-03-02,Гордієнко Дмитро Олександрович,,,2008–2008,ФК Львів (2006–2012)
w:1981-08-04:asatiani,Малхаз Асатіані,MF,MF,,,group,1981-08-04,Асатіані Малхаз,,,2008–2008,Динамо (Київ)
w:1987-03-31:moldovan,Дмитро Молдован,FW,ST,,,group,1987-03-31,Молдован Дмитро Васильович,,,2004–2008,Металург (Запоріжжя); Шахтар (Донецьк); Зоря (Луганськ)
w:1978-01-04:kazaniuk,Олександр Казанюк,MF,MF,,,group,1978-01-04,Казанюк Олександр Федорович,,,2008–2008,Таврія (Сімферополь)
w:1987-01-23:dankiv,Андрій Даньків,MF,MF,,,group,1987-01-23,Даньків Андрій Ігорович,,,2008–2008,ФК Львів (2006–2012)
w:1983-03-05:melnik,Ігор Мельник,FW,ST,,,group,1983-03-05,Мельник Ігор Миколайович,,,2008–2008,Маріуполь / Іллічівець
w:1986-02-16:lischuk,Олександр Ліщук,FW,ST,,,group,1986-02-16,Ліщук Олександр Сергійович,,,2008–2008,ФК Львів (2006–2012)
w:1988-11-24:ribalchenko,Вадим Рибальченко,FW,ST,,,group,1988-11-24,Рибальченко Вадим Валерійович,,,2006–2008,Арсенал (Київ)
w:1983-10-05:mostovi,Артем Мостовий,FW,ST,,,group,1983-10-05,Мостовий Артем Олександрович,,,2006–2008,Сталь (Алчевськ); ФК Львів (2006–2012)
w:1978-09-25:dobre,Лучіан Добре,DF,DF,,,group,1978-09-25,Добре Лучіан Міхаіл,,,2007–2008,Таврія (Сімферополь)
w:1989-02-09:kostiuk,Василь Костюк,FW,ST,,,group,1989-02-09,Костюк Василь Євгенович,,,2007–2008,Зоря (Луганськ)
w:1983-12-19:nikola,Нікола Васілєвич,DF,DF,,,group,1983-12-19,Васілєвіч Нікола,,,2008–2008,Металург (Запоріжжя)
w:1985-07-09:ernesto,Вітті Пабло Ернесто,FW,ST,,,group,1985-07-09,Вітті Пабло Ернесто,,,2008–2008,Чорноморець (Одеса)
w:1980-03-21:koziuberda,Сергій Козюберда,MF,MF,,,group,1980-03-21,Козюберда Сергій Сергійович,,,2008–2008,ФК Харків
w:1988-05-18:krivi,Максим Кривий,DF,DF,,,group,1988-05-18,Кривий Максим Вікторович,,,2007–2008,Металург (Запоріжжя)
w:1989-11-04:kechedji,Олександр Кечеджі,FW,ST,,,group,1989-11-04,Кечеджі Олександр Ігорович,,,2008–2008,Маріуполь / Іллічівець
w:1982-10-12:bulichev,Юрій Буличев,MF,MF,,,group,1982-10-12,Буличев Юрій Петрович,,,2008–2008,Кривбас (Кривий Ріг)
w:1983-09-27:shapiatovski,Віталій Шап'ятовський,FW,ST,,,group,1983-09-27,Шапятовський Віталь Вітальєвіч,,,2008–2008,Кривбас (Кривий Ріг)
w:1983-07-24:kornutiak,Володимир Корнутяк,DF,DF,,,group,1983-07-24,Корнутяк Володимир Петрович,,,2008–2008,ФК Харків
w:1989-11-07:ushakov,Євген Ушаков,FW,ST,,,group,1989-11-07,Ушаков Євген Сергійович,,,2008–2008,ФК Харків
w:1989-02-26:boichenko,Валерій Бойченко,MF,MF,,,group,1989-02-26,Бойченко Валерій Вікторович,,,2008–2008,ФК Харків
w:1989-08-29:palamarchuk,Владислав Паламарчук,MF,MF,,,group,1989-08-29,Паламарчук Владислав Вікторович,,,2008–2008,ФК Харків
w:1989-06-04:nahirni,Ігор Нагірний,MF,MF,,,group,1989-06-04,Нагірний Ігор Михайлович,,,2008–2008,Кривбас (Кривий Ріг)
w:1991-02-27:vorobei,Максим Воробєй,MF,MF,,,group,1991-02-27,Воробєй Максим Вікторович,,,2008–2008,Металург (Запоріжжя)
w:1979-01-03:korea,Де Олівейра Корреа Рожеріо,DF,DF,,,group,1979-01-03,Де Олівейра Корреа Рожеріо,,,2008–2008,Маріуполь / Іллічівець
w:1989-02-02:romanov,Руслан Романов,FW,ST,,,group,1989-02-02,Романов Руслан Ігоревич,,,2008–2008,Маріуполь / Іллічівець
w:1990-07-15:frank,Франк Теміле,MF,MF,,,group,1990-07-15,Теміле Франк,,,2008–2008,Динамо (Київ)
w:1989-04-10:klimavichius,Лінас Клімавічюс,DF,DF,,,group,1989-04-10,Клімавічюс Лінас,,,2008–2008,Дніпро (Дніпропетровськ)
w:1981-09-26:kolins,Нгаха Пунгу Колінс Стробель,FW,ST,,,group,1981-09-26,Нгаха Пунгу Колінс Стробель,,,2008–2008,Зоря (Луганськ)
w:1980-03-30:butenko,Роман Бутенко,FW,ST,,,group,1980-03-30,Бутенко Роман Анатолійович,,,2008–2008,Металіст (Харків)
w:1988-04-03:iahno,Максим Яхно,DF,DF,,,group,1988-04-03,Яхно Максим Анатолійович,,,2008–2008,Металіст (Харків)
w:1988-05-22:jerebtsov,Віталій Жеребцов,FW,ST,,,group,1988-05-22,Жеребцов Віталій Сергійович,,,2008–2008,ФК Харків
w:1988-09-25:fedota,Дмитро Федота,DF,DF,,,group,1988-09-25,Федота Дмитро Валерійович,,,2008–2008,ФК Харків
w:1989-06-09:iavorski,Тарас Яворський,FW,ST,,,group,1989-06-09,Яворський Тарас Ярославович,,,2008–2008,ФК Львів (2006–2012)
w:1972-09-25:mizin,Сергій Мізін,MF,MF,,,group,1972-09-25,Мізін Сергій Григорович,,,1992–2007,Динамо (Київ); Дніпро (Дніпропетровськ); ЦСКА (Київ); Чорноморець (Одеса); Карпати (Львів); Кривбас (Кривий Ріг); Металі
w:1974-11-21:kirlik,Андрій Кірлік,MF,MF,,,group,1974-11-21,Кірлік Андрій Яношевич,,,1993–2007,Металіст (Харків); Кремінь (Кременчук); Нива (Тернопіль); ЦСКА (Київ); Арсенал (Київ); Чорноморець (Одеса)
w:1975-04-18:poltavets,Валентин Полтавець,MF,MF,,,group,1975-04-18,Полтавець Валентин Миколайович,,,1994–2007,Металург (Запоріжжя); Дніпро (Дніпропетровськ); Арсенал (Київ); Чорноморець (Одеса)
w:1975-05-06:babich,Костянтин Бабич,FW,ST,,,group,1975-05-06,Бабич Костянтин Миколайович,,,1995–2007,Дніпро (Дніпропетровськ); ЦСКА (Київ); Чорноморець (Одеса); Ворскла (Полтава); Маріуполь / Іллічівець; Арсенал (Київ); Г
w:1973-06-24:tsihmeistruk,Едуард Цихмейструк,MF,MF,,,group,1973-06-24,Цихмейструк Едуард Миколайович,,,1994–2007,Нива (Вінниця); ЦСКА (Київ); Металург (Донецьк); Маріуполь / Іллічівець; Ворскла (Полтава); Зоря (Луганськ)
w:1977-06-23:pershin,Олександр Першин,DF,DF,,,group,1977-06-23,Першин Олександр Валентинович,,,1996–2007,Дніпро (Дніпропетровськ); Ворскла (Полтава); Арсенал (Київ); Таврія (Сімферополь)
w:1975-06-18:smirnov,Денис Смірнов,MF,MF,,,group,1975-06-18,Смірнов Денис Анатолійович,,,1993–2007,Торпедо (Запоріжжя); Таврія (Сімферополь); Металург (Запоріжжя); Говерла / Закарпаття (Ужгород)
w:1974-06-03:rebrov,Сергій Ребров,FW,ST,,,group,1974-06-03,Ребров Сергій Станіславович,,,1992–2007,Динамо (Київ)
w:1973-01-27:bialkevich,Валентин Бялькевич,MF,MF,,,group,1973-01-27,Бялькевіч Валянцін Мікалаєвіч,,,1996–2007,Динамо (Київ)
w:1974-09-11:parfonov,Дмитро Парфьонов,DF,DF,,,group,1974-09-11,Парфьонов Дмитро Володимирович,,,1992–2007,Чорноморець (Одеса); Дніпро (Дніпропетровськ); Арсенал (Київ)
w:1978-08-02:havranchich,Горан Гавранчич,DF,DF,,,group,1978-08-02,Гавранчіч Горан,,,2000–2007,Динамо (Київ)
w:1983-11-21:emanuel,Окодува Еммануель Осеї,FW,ST,,,group,1983-11-21,Окодува Еммануель Осеї,,,2001–2007,Ворскла (Полтава); Арсенал (Київ); Металург (Донецьк); Шахтар (Донецьк)
w:1976-09-26:demetradze,Георгій Деметрадзе,FW,ST,,,group,1976-09-26,Деметрадзе Георге,,,1999–2007,Динамо (Київ); Металург (Донецьк); Арсенал (Київ)
w:1980-04-18:dioho,Діого Рінкон,MF,MF,,,group,1980-04-18,Діого Рінкон,,,2002–2007,Динамо (Київ)
w:1976-10-11:lapko,Микола Лапко,MF,MF,,,group,1976-10-11,Лапко Микола Романович,,,1992–2007,Карпати (Львів); Ворскла (Полтава); Прикарпаття (Івано-Франківськ); Металург (Запоріжжя)
w:1979-04-18:tselih,Юрій Целих,FW,ST,,,group,1979-04-18,Целих Юрій Миколайович,,,1999–2007,Динамо (Київ); Ворскла (Полтава); Говерла / Закарпаття (Ужгород); Оболонь (Київ); Металург (Запоріжжя); Металіст (Харків
w:1981-08-24:stoian,Денис Стоян,DF,DF,,,group,1981-08-24,Стоян Денис Анатолійович,,,2003–2007,Борисфен (Бориспіль); Чорноморець (Одеса); Ворскла (Полтава); Таврія (Сімферополь)
w:1979-08-31:iarosh,Руслан Ярош,MF,MF,,,group,1979-08-31,Ярош Руслан Леонідович,,,2001–2007,Олександрія; Говерла / Закарпаття (Ужгород); Металіст (Харків); Маріуполь / Іллічівець; Арсенал (Київ)
w:1973-09-29:liubarski,Руслан Любарський,MF,MF,,,group,1973-09-29,Любарський Руслан Миколайович,,,2004–2007,Металург (Запоріжжя)
w:1977-04-09:aleksandru,Александру Поповічі,FW,ST,,,group,1977-04-09,Поповічі Александру,,,2002–2007,Дніпро (Дніпропетровськ); Кривбас (Кривий Ріг); Зоря (Луганськ)
w:1978-02-05:bunevchevich,Мирко Буньєвчевич,DF,DF,,,group,1978-02-05,Буньєвчевич Мирко,,,2003–2007,Арсенал (Київ); Зоря (Луганськ)
w:1977-02-07:shuha,Іван Шуга,DF,DF,,,group,1977-02-07,Шуга Іван Семенович,,,2003–2007,Зірка (Кропивницький); Сталь (Алчевськ); Говерла / Закарпаття (Ужгород)
w:1981-02-08:darko,Дарко Дун'їч,MF,MF,,,group,1981-02-08,Дун'їч Дарко,,,2004–2007,Кривбас (Кривий Ріг); Зоря (Луганськ)
w:1985-10-02:chiprian,Маріка Чіпріан Андрей,FW,ST,,,group,1985-10-02,Маріка Чіпріан Андрей,,,2003–2007,Шахтар (Донецьк)
w:1981-01-22:smalko,Андрій Смалько,MF,MF,,,group,1981-01-22,Смалько Андрій Олексійович,,,2003–2007,Борисфен (Бориспіль); Чорноморець (Одеса); Таврія (Сімферополь); Зоря (Луганськ); ФК Харків
w:1983-08-12:djakomase,Де Соуза Фрейтас Клебер Джакомасе,FW,ST,,,group,1983-08-12,Де Соуза Фрейтас Клебер Джакомасе,,,2003–2007,Динамо (Київ)
w:1979-07-19:vukich,Звонимир Вукич,MF,MF,,,group,1979-07-19,Вукіч Звонімір,,,2003–2007,Шахтар (Донецьк)
w:1980-01-21:bratislav,Братислав Рістич,MF,MF,,,group,1980-01-21,Рістіч Братіслав,,,2003–2007,Металург (Донецьк)
w:1982-07-22:vishniak,Ярослав Вишняк,DF,DF,,,group,1982-07-22,Вишняк Ярослав Васильович,,,2003–2007,Зірка (Кропивницький); Металург (Запоріжжя); Зоря (Луганськ); Говерла / Закарпаття (Ужгород)
w:1978-08-02:esip,Богдан Єсип,MF,MF,,,group,1978-08-02,Єсип Богдан Борисович,,,1998–2007,Зірка (Кропивницький); Карпати (Львів); Говерла / Закарпаття (Ужгород); Нафтовик-Укрнафта (Охтирка)
w:1981-02-02:huvanchmuhamed,Гуванчмухамед Овеков,MF,MF,,,group,1981-02-02,Овеков Гуванчмухамед,,,2001–2007,Арсенал (Київ); Ворскла (Полтава); Зоря (Луганськ); ФК Харків
w:1980-09-23:hrubelich,Марко Грубеліч,DF,DF,,,group,1980-09-23,Грубеліч Марко,,,2005–2007,Металург (Донецьк); Сталь (Алчевськ)
w:1975-12-07:harchenkojukovski,Вадим Харченко(Жуковський),MF,MF,,,group,1975-12-07,Харченко(Жуковський) Вадим Юрійович,,,1999–2007,Металіст (Харків); Нафтовик-Укрнафта (Охтирка)
w:1980-03-24:laschenkov,Сергій Лащенков,DF,DF,,,group,1980-03-24,Лащенков Сергій Миколайович,,,2004–2007,Металіст (Харків); Маріуполь / Іллічівець; Карпати (Львів)
w:1978-04-26:andres,Мендоса Асеведо Андрес Аугусто,FW,ST,,,group,1978-04-26,Мендоса Асеведо Андрес Аугусто,,,2004–2007,Металург (Донецьк)
w:1984-05-11:brovkin,Дмитро Бровкін,FW,ST,,,group,1984-05-11,Бровкін Дмитро Валерійович,,,2004–2007,Металіст (Харків); Оболонь (Київ); Ворскла (Полтава); Зоря (Луганськ)
w:1982-02-26:boian,Боян Незірі,DF,DF,,,group,1982-02-26,Незірі Боян,,,2003–2007,Металург (Донецьк)
w:1980-06-27:dato,Дато Квірквелія,DF,DF,,,group,1980-06-27,Квірквелія Дато,,,2005–2007,Металург (Запоріжжя)
w:1975-03-31:snitko,Сергій Снитко,MF,MF,,,group,1975-03-31,Снитко Сергій Миколайович,,,2005–2007,Таврія (Сімферополь); Нафтовик-Укрнафта (Охтирка)
w:1976-12-22:bundash,Мирослав Бундаш,FW,ST,,,group,1976-12-22,Бундаш Мирослав Омелянович,,,2001–2007,Говерла / Закарпаття (Ужгород)
w:1984-06-29:hrumich,Мирослав Грумич,FW,ST,,,group,1984-06-29,Груміч Мірослав,,,2006–2007,Ворскла (Полтава)
w:1980-08-27:baldaso,Да Коста Родріго Балдассо,DF,DF,,,group,1980-08-27,Да Коста Родріго Балдассо,,,2004–2007,Динамо (Київ)
w:1979-04-09:valutsa,Едуард Валуца,DF,DF,,,group,1979-04-09,Валуца Едуард,,,2001–2007,Металург (Запоріжжя); Нафтовик-Укрнафта (Охтирка)
w:1976-09-10:marius,Міту Дан Маріус,MF,MF,,,group,1976-09-10,Міту Дан Маріус,,,2005–2007,Металург (Донецьк)
w:1978-09-10:kutarba,Герман Кутарба,MF,MF,,,group,1978-09-10,Кутарба Герман Васильович,,,2003–2007,Арсенал (Київ); Металург (Запоріжжя); Таврія (Сімферополь)
w:1983-01-14:tovkatski,Василь Товкацький,FW,ST,,,group,1983-01-14,Товкацький Василь Сергійович,,,2004–2007,Волинь (Луцьк); Говерла / Закарпаття (Ужгород); Нафтовик-Укрнафта (Охтирка)
w:1986-10-28:batalski,Олександр Батальський,FW,ST,,,group,1986-10-28,Батальський Олександр Анатолійович,,,2004–2007,Арсенал (Київ)
w:1977-06-20:nerius,Неріюс Васіляускас,MF,MF,,,group,1977-06-20,Васіляускас Неріюс,,,2005–2007,Таврія (Сімферополь)
w:1979-11-11:dombrae,Едді Домбрайе,MF,MF,,,group,1979-11-11,Домбрайе Едді Лорд,,,2003–2007,Волинь (Луцьк); Говерла / Закарпаття (Ужгород)
w:1981-01-20:katalin,Лікіою Каталін Сергіу,FW,ST,,,group,1981-01-20,Лікіою Каталін Сергіу,,,2005–2007,Ворскла (Полтава)
w:1981-09-28:markovich,Мар'ян Маркович,DF,DF,,,group,1981-09-28,Марковіч Мар'ян,,,2005–2007,Динамо (Київ)
w:1983-02-28:nvoa,Онєкачі Нвоа,FW,ST,,,group,1983-02-28,Нвоа Онєкачі,,,2006–2007,Металіст (Харків); Зоря (Луганськ)
w:1986-05-31:horbushin,Дмитро Горбушин,MF,MF,,,group,1986-05-31,Горбушин Дмитро Андрійович,,,2005–2007,Сталь (Алчевськ); Зоря (Луганськ)
w:1981-06-07:oliveira,Пачеко де Олівейра Сержіо,MF,MF,,,group,1981-06-07,Пачеко де Олівейра Сержіо,,,2006–2007,Металург (Донецьк)
w:1983-01-20:artola,Фернандес Артола Даніель,DF,DF,,,group,1983-01-20,Фернандес Артола Даніель,,,2006–2007,Металург (Донецьк)
w:1980-01-03:irmartas,Ірмартас Зельмікас,DF,DF,,,group,1980-01-03,Зельмікас Ірмартас,,,2006–2007,Таврія (Сімферополь)
w:1986-07-29:kovel,Леонід Ковель,FW,ST,,,group,1986-07-29,Ковєль Лєанід Лєанідавіч,,,2006–2007,Карпати (Львів)
w:1981-06-02:kirilov,Вадим Кирилов,FW,ST,,,group,1981-06-02,Кирилов Вадим Васильович,,,2003–2007,Зірка (Кропивницький); Металург (Запоріжжя); Зоря (Луганськ); Нафтовик-Укрнафта (Охтирка)
w:1983-06-16:buri,Олександр Бурий,FW,ST,,,group,1983-06-16,Бурий Олександр Васильович,,,2005–2007,Говерла / Закарпаття (Ужгород)
w:1974-02-09:iohan,Круіфф Йохан Йорді,DF,DF,,,group,1974-02-09,Круіфф Йохан Йорді,,,2006–2007,Металург (Донецьк)
w:1985-03-14:shvets,Ігор Швець,FW,ST,,,group,1985-03-14,Швець Ігор Богданович,,,2003–2007,Борисфен (Бориспіль); Ворскла (Полтава)
w:1983-09-03:petkovich,Ігор Петкович,DF,DF,,,group,1983-09-03,Петковіч Ігор,,,2003–2007,Ворскла (Полтава); Зоря (Луганськ)
w:1985-05-14:joze,Де Соуза Жозе Леандро,DF,DF,,,group,1985-05-14,Де Соуза Жозе Леандро,,,2003–2007,Металург (Донецьк)
w:1983-08-11:aladashvili,Кахабер Аладашвілі,DF,DF,,,group,1983-08-11,Аладашвілі Кахабер,,,2006–2007,Динамо (Київ); Дніпро (Дніпропетровськ); Говерла / Закарпаття (Ужгород); ФК Харків
w:1983-03-27:henri,Генрі Ндрека,DF,DF,,,group,1983-03-27,Ндрека Генрі,,,2006–2007,Кривбас (Кривий Ріг)
w:1984-07-14:martsvaladze,Отар Марцваладзе,FW,ST,,,group,1984-07-14,Марцваладзе Отар,,,2005–2007,Динамо (Київ); Говерла / Закарпаття (Ужгород)
w:1979-07-23:audrius,Аудрюс Вейкутіс,DF,DF,,,group,1979-07-23,Вейкутіс Аудрюс,,,2005–2007,Таврія (Сімферополь)
w:1976-07-22:kretov,Анатолій Кретов,MF,MF,,,group,1976-07-22,Кретов Анатолій Вікторович,,,2007–2007,Нафтовик-Укрнафта (Охтирка)
w:1984-02-22:krivoshev,Олексій Кривошеєв,DF,DF,,,group,1984-02-22,Кривошеєв Олексій Анатолійович,,,2005–2007,Металіст (Харків); Говерла / Закарпаття (Ужгород)
w:1980-11-15:zaichuk,Владислав Зайчук,DF,DF,,,group,1980-11-15,Зайчук Владислав Леонідович,,,2005–2007,ФК Харків; Нафтовик-Укрнафта (Охтирка)
w:1985-07-29:artiuh,Сергій Артюх,FW,ST,,,group,1985-07-29,Артюх Сергій Валентинович,,,2006–2007,Ворскла (Полтава)
w:1976-10-30:bulut,Ерол Булут,MF,MF,,,group,1976-10-30,Булут Ерол,,,2007–2007,Металург (Донецьк)
w:1980-09-20:pisni,Андрій Пісний,FW,ST,,,group,1980-09-20,Пісний Андрій Миколайович,,,1998–2007,Дніпро (Дніпропетровськ); Волинь (Луцьк); Говерла / Закарпаття (Ужгород); Нафтовик-Укрнафта (Охтирка)
w:1980-10-27:linov,Євген Ліньов,DF,DF,,,group,1980-10-27,Ліньов Явгеній Владзіміравіч,,,2003–2007,Металург (Запоріжжя); Таврія (Сімферополь)
w:1977-02-07:paulo,Рамос Вог Пауло Сезар,FW,ST,,,group,1977-02-07,Рамос Вог Пауло Сезар,,,2006–2007,Металург (Донецьк); Сталь (Алчевськ)
w:1979-05-30:kutsenko,Андрій Куценко,DF,DF,,,group,1979-05-30,Куценко Андрій Сергійович,,,2006–2007,ФК Харків; Нафтовик-Укрнафта (Охтирка)
w:1984-06-07:kikot,Андрій Кікоть,MF,MF,,,group,1984-06-07,Кікоть Андрій Ярославович,,,2007–2007,Нафтовик-Укрнафта (Охтирка)
w:1981-11-14:ptachik,Олег Птачик,DF,DF,,,group,1981-11-14,Птачик Олег Іванович,,,2005–2007,Чорноморець (Одеса); Нафтовик-Укрнафта (Охтирка)
w:1983-10-10:holoporov,Владислав Голопьоров,FW,ST,,,group,1983-10-10,Голопьоров Владислав Юрійович,,,2006–2007,Зоря (Луганськ)
w:1975-10-04:kristiano,Крістіано Лукареллі,FW,ST,,,group,1975-10-04,Лукареллі Крістіано,,,2007–2007,Шахтар (Донецьк)
w:1986-07-25:abdulae,Ібрагім Абдулає,FW,ST,,,group,1986-07-25,Ібрагім Абдулає,,,2007–2007,ФК Харків
w:1985-06-08:romanenko,Володимир Романенко,MF,MF,,,group,1985-06-08,Романенко Володимир Олександрович,,,2007–2007,Металург (Донецьк)
w:1979-12-13:iuritsa,Юріца Пул'їз,DF,DF,,,group,1979-12-13,Пул'їз Юріца,,,2007–2007,Зоря (Луганськ)
w:1979-08-08:iurevich,Олександр Юревич,DF,DF,,,group,1979-08-08,Юрєвіч Аляксандр Владзіміравіч,,,2007–2007,Карпати (Львів)
w:1986-09-01:sheptitski,Олег Шептицький,FW,ST,,,group,1986-09-01,Шептицький Олег Романович,,,2007–2007,Нафтовик-Укрнафта (Охтирка)
w:1984-02-23:danishevski,Олександр Данішевський,FW,ST,,,group,1984-02-23,Данішевський Олександр Володимирович,,,2007–2007,Арсенал (Київ)
w:1983-06-26:ervis,Ервіс Края,DF,DF,,,group,1983-06-26,Края Ервіс,,,2007–2007,Говерла / Закарпаття (Ужгород)
w:1978-08-19:hvozdenovich,Іван Гвозденович,MF,MF,,,group,1978-08-19,Гвозденовіч Іван,,,2007–2007,Металург (Донецьк)
w:1983-02-16:anderson,Перейра да Сільва Міхаель Андерсон,MF,MF,,,group,1983-02-16,Перейра да Сільва Міхаель Андерсон,,,2007–2007,Динамо (Київ)
w:1982-04-01:arhuedas,Вільямарін Аргуедас Едгар Гаррі,DF,DF,,,group,1982-04-01,Вільямарін Аргуедас Едгар Гаррі,,,2007–2007,Чорноморець (Одеса)
w:1982-12-11:aleksandar,Александар Стоймірович,MF,MF,,,group,1982-12-11,Стойміровіч Александар,,,2006–2007,Ворскла (Полтава)
w:1981-02-21:vitoshinski,Андрій Вітошинський,MF,MF,,,group,1981-02-21,Вітошинський Андрій Юрійович,,,2007–2007,Говерла / Закарпаття (Ужгород)
w:1981-08-31:bakovich,Бранко Бакович,MF,MF,,,group,1981-08-31,Баковіч Бранко,,,2007–2007,Нафтовик-Укрнафта (Охтирка)
w:1982-10-01:shkred,Олег Шкред,DF,DF,,,group,1982-10-01,Шкред Олег Васильович,,,2003–2007,Маріуполь / Іллічівець; Карпати (Львів)
w:1981-12-09:babai,Шпетім Бабай,MF,MF,,,group,1981-12-09,Бабай Шпетім,,,2007–2007,Зоря (Луганськ)
w:1988-04-24:balaj,Балаж Фаркаш,FW,ST,,,group,1988-04-24,Фаркаш Балаж,,,2006–2007,Динамо (Київ)
w:1985-01-20:lutsenko,Роман Луценко,MF,MF,,,group,1985-01-20,Луценко Роман Васильович,,,2005–2007,Чорноморець (Одеса); Металург (Запоріжжя)
w:1983-08-05:hisham,Гішам Мадуфі,DF,DF,,,group,1983-08-05,Мадуфі Гішам,,,2007–2007,Металіст (Харків)
w:1984-11-22:diachenko,Сергій Дяченко,MF,MF,,,group,1984-11-22,Дяченко Сергій Анатолійович,,,2002–2007,Ворскла (Полтава)
w:1987-03-25:lutsik,Антон Луцик,MF,MF,,,group,1987-03-25,Луцик Антон Васильович,,,2007–2007,Карпати (Львів)
w:1980-07-11:ikedia,Піус Ікедія,FW,ST,,,group,1980-07-11,Ікедія Піус Нельсон,,,2007–2007,Металург (Донецьк)
w:1982-03-29:davidov,Олег Давидов,DF,DF,,,group,1982-03-29,Давидов Олег Олегович,,,2007–2007,Нафтовик-Укрнафта (Охтирка)
w:1978-10-21:iovanovich,Марко Йованович,FW,ST,,,group,1978-10-21,Йовановіч Марко,,,2007–2007,Чорноморець (Одеса)
w:1986-07-28:lubenets,Максим Лубенець,FW,ST,,,group,1986-07-28,Лубенець Максим Олексійович,,,2007–2007,Ворскла (Полтава)
w:1983-01-23:minia,Мінья Попович,MF,MF,,,group,1983-01-23,Поповіч Мінья,,,2007–2007,Говерла / Закарпаття (Ужгород)
w:1973-07-19:ailton,Гонсалвеш да Сільва Аілтон,FW,ST,,,group,1973-07-19,Гонсалвеш да Сільва Аілтон,,,2007–2007,Металург (Донецьк)
w:1982-06-19:zeinalov,Руслан Зейналов,MF,MF,,,group,1982-06-19,Зейналов Руслан Бахтіярович,,,2007–2007,Нафтовик-Укрнафта (Охтирка)
w:1983-05-14:fernandes,Хосе Карлос Фернандес,FW,ST,,,group,1983-05-14,Фернандес Пєдра Хосе Карлос,,,2007–2007,Чорноморець (Одеса)
w:1986-06-26:klimov,Василь Клімов,MF,MF,,,group,1986-06-26,Клімов Василь Ігорович,,,2007–2007,Ворскла (Полтава)
w:1984-04-26:kazankov,Віталій Казанков,MF,MF,,,group,1984-04-26,Казанков Віталій Юрійович,,,2007–2007,Зоря (Луганськ)
w:1989-06-20:omelchenko,Олексій Омельченко,FW,ST,,,group,1989-06-20,Омельченко Олексій Сергійович,,,2007–2007,Карпати (Львів)
w:1987-01-11:sahniuk,Григорій Сахнюк,DF,DF,,,group,1987-01-11,Сахнюк Григорій Вікторович,,,2007–2007,Кривбас (Кривий Ріг)
w:1988-08-01:barishnikov,Євген Баришніков,DF,DF,,,group,1988-08-01,Баришніков Євген Віталійович,,,2007–2007,Нафтовик-Укрнафта (Охтирка)
w:1984-03-02:lozo,Ігор Лозо,DF,DF,,,group,1984-03-02,Лозо Ігор,,,2007–2007,Чорноморець (Одеса)
w:1973-07-13:mihailenko,Дмитро Михайленко,MF,MF,,,group,1973-07-13,Михайленко Дмитро Станіславович,,,1992–2006,Дніпро (Дніпропетровськ); Нива (Вінниця); Динамо (Київ); Металург (Запоріжжя)
w:1973-10-13:starostiak,Михайло Старостяк,DF,DF,,,group,1973-10-13,Старостяк Михайло Володимирович,,,1994–2006,Прикарпаття (Івано-Франківськ); Шахтар (Донецьк); Кривбас (Кривий Ріг)
w:1977-09-12:zubov,Геннадій Зубов,MF,MF,,,group,1977-09-12,Зубов Геннадій Олександрович,,,1994–2006,Шахтар (Донецьк); Маріуполь / Іллічівець; Сталь (Алчевськ); Зоря (Луганськ)
w:1975-12-10:dotsenko,Віктор Доценко,DF,DF,,,group,1975-12-10,Доценко Віктор Петрович,,,1993–2006,Карпати (Львів); Нива (Тернопіль); Кривбас (Кривий Ріг); Ворскла (Полтава); СК Миколаїв; Чорноморець (Одеса); Зоря (Луга
w:1977-02-04:iaksmanitski,Володимир Яксманицький,DF,DF,,,group,1977-02-04,Яксманицький Володимир Іванович,,,1995–2006,Шахтар (Донецьк); Металург (Донецьк); Кривбас (Кривий Ріг); Маріуполь / Іллічівець; Зоря (Луганськ)
w:1979-03-30:timoschuk,Анатолій Тимощук,MF,MF,,,group,1979-03-30,Тимощук Анатолій Олександрович,,,1995–2006,Волинь (Луцьк); Шахтар (Донецьк)
w:1975-01-22:poklonski,Олександр Поклонський,DF,DF,,,group,1975-01-22,Поклонський Олександр Володимирович,,,1996–2006,Дніпро (Дніпропетровськ); Таврія (Сімферополь); Кривбас (Кривий Ріг); Зоря (Луганськ)
w:1980-01-15:akopian,Армен Акопян,MF,MF,,,group,1980-01-15,Акопян Армен Антонович,,,1996–2006,Металург (Запоріжжя); Металург (Донецьк); Кривбас (Кривий Ріг)
w:1976-02-20:zadorojni,Сергій Задорожний,DF,DF,,,group,1976-02-20,Задорожний Сергій Михайлович,,,1993–2006,Дніпро (Дніпропетровськ); Кремінь (Кременчук); Кривбас (Кривий Ріг); Зоря (Луганськ)
w:1975-10-30:maltsev,Олександр Мальцев,DF,DF,,,group,1975-10-30,Мальцев Олександр Володимирович,,,1996–2006,ЦСКА (Київ); Арсенал (Київ); Маріуполь / Іллічівець
w:1977-08-05:holovko,Андрій Головко,FW,ST,,,group,1977-08-05,Головко Андрій Валентинович,,,1995–2006,Нива (Вінниця); Дніпро (Дніпропетровськ); ЦСКА (Київ); Ворскла (Полтава); Металіст (Харків); Маріуполь / Іллічівець; Бор
w:1976-03-24:vetrenikov,Сергій Ветренніков,MF,MF,,,group,1976-03-24,Ветренніков Сергій Юрійович,,,1995–2006,Таврія (Сімферополь); Сталь (Алчевськ); Металіст (Харків); ФК Харків
w:1977-11-14:olinik,Олексій Олійник,MF,MF,,,group,1977-11-14,Олійник Олексій Степанович,,,1995–2006,Металург (Запоріжжя); ЦСКА (Київ); Металіст (Харків)
w:1977-07-08:timchishin,Олег Тимчишин,DF,DF,,,group,1977-07-08,Тимчишин Олег Миронович,,,1996–2006,Карпати (Львів); Оболонь (Київ)
w:1980-02-25:honchar,Олександр Гончар,MF,MF,,,group,1980-02-25,Гончар Олександр Борисович,,,1999–2006,Прикарпаття (Івано-Франківськ); Ворскла (Полтава); Борисфен (Бориспіль); Металіст (Харків); Зоря (Луганськ)
w:1977-11-03:jura,Сергій Згура,MF,MF,,,group,1977-11-03,Згура Сергій Олександрович,,,2000–2006,Металург (Донецьк); Чорноморець (Одеса); Кривбас (Кривий Ріг)
w:1975-02-28:miterev,Юрій Мітерєв,FW,ST,,,group,1975-02-28,Мітерєв Юрій,,,2002–2006,Чорноморець (Одеса); Зоря (Луганськ)
w:1979-04-21:kondratiuk,Петро Кондратюк,DF,DF,,,group,1979-04-21,Кондратюк Петро Петрович,,,2000–2006,Ворскла (Полтава); Сталь (Алчевськ)
w:1980-11-04:akobian,Ара Акобян,FW,ST,,,group,1980-11-04,Акобян Ара,,,2000–2006,Сталь (Алчевськ); Металург (Донецьк); Маріуполь / Іллічівець
w:1981-11-17:hribanov,Сергій Грибанов,FW,ST,,,group,1981-11-17,Грибанов Сергій Олегович,,,2001–2006,Маріуполь / Іллічівець; Таврія (Сімферополь); Сталь (Алчевськ)
w:1973-09-13:ostrovski,Андрій Островський,DF,DF,,,group,1973-09-13,Островський Андрій Миколайович,,,2002–2006,Арсенал (Київ); Чорноморець (Одеса)
w:1977-01-24:ivitsa,Івіца Пірич,MF,MF,,,group,1977-01-24,Піріч Івіца,,,2002–2006,Арсенал (Київ)
w:1980-06-10:franselino,Матузалем,MF,MF,,,group,1980-06-10,Франселіно да Сільва Матузалем,,,2004–2006,Шахтар (Донецьк)
w:1976-09-12:epurianu,Сергій Епуряну,MF,MF,,,group,1976-09-12,Єпуряну Сергей,,,2004–2006,Ворскла (Полтава); Кривбас (Кривий Ріг)
w:1978-11-03:dmitrev,Сергій Дмитрієв,DF,DF,,,group,1978-11-03,Дмитрієв Сергій Олександрович,,,2000–2006,Металург (Донецьк); Кривбас (Кривий Ріг); Зоря (Луганськ)
w:1980-09-27:bechiri,Елвін Бечірі,DF,DF,,,group,1980-09-27,Бечірі Елвін,,,2003–2006,Металург (Донецьк)
w:1975-06-12:shutov,Олександр Шутов,MF,MF,,,group,1975-06-12,Шутов Олександр Валентинович,,,1993–2006,Таврія (Сімферополь); Зоря (Луганськ); Чорноморець (Одеса)
w:1982-10-23:bispo,Дантас Біспо Родольфо,DF,DF,,,group,1982-10-23,Дантас Біспо Родольфо,,,2004–2006,Динамо (Київ)
w:1976-06-22:ibrahimov,Ельдар Ібрагімов,MF,MF,,,group,1976-06-22,Ібрагімов Ельдар Саїдович,,,1998–2006,Прикарпаття (Івано-Франківськ); Металіст (Харків); ФК Харків
w:1982-03-12:pohorelov,Іван Погорелов,MF,MF,,,group,1982-03-12,Погорелов Іван Анатолійович,,,2000–2006,Металіст (Харків); Зірка (Кропивницький); Металург (Запоріжжя); Зоря (Луганськ)
w:1982-09-18:boiarintsev,Леонід Бояринцев,DF,DF,,,group,1982-09-18,Бояринцев Леонід Андрійович,,,2003–2006,Маріуполь / Іллічівець
w:1976-11-24:flavius,Стойкан Владімір Флавіус,DF,DF,,,group,1976-11-24,Стойкан Владімір Флавіус,,,2003–2006,Шахтар (Донецьк); Металіст (Харків)
w:1979-10-15:maris,Маріс Верпаковськіс,FW,ST,,,group,1979-10-15,Верпаковськийс Маріс,,,2003–2006,Динамо (Київ)
w:1981-01-04:arsen,Арсен Не,DF,DF,,,group,1981-01-04,Не Арсен,,,2003–2006,Металург (Донецьк)
w:1981-06-14:blumer,Елано,MF,MF,,,group,1981-06-14,Блумер Елано,,,2004–2006,Шахтар (Донецьк)
w:1983-07-10:biurnel,Бюрнель Окана-Стазі,MF,MF,,,group,1983-07-10,Окана-Стазі Бюрнель,,,2005–2006,Сталь (Алчевськ)
w:1978-09-15:onischenko,Денис Онищенко,MF,MF,,,group,1978-09-15,Онищенко Денис Анатолійович,,,1998–2006,Динамо (Київ); Дніпро (Дніпропетровськ); Ворскла (Полтава); Зоря (Луганськ)
w:1978-09-16:shevchenko,Олег Шевченко,FW,ST,,,group,1978-09-16,Шевченко Олег Вікторович,,,1998–2006,Металіст (Харків); Зоря (Луганськ)
w:1981-12-26:kandelaki,Ілля Канделакі,DF,DF,,,group,1981-12-26,Канделакі Ілля,,,2005–2006,Чорноморець (Одеса)
w:1981-10-24:popov,Володимир Попов,MF,MF,,,group,1981-10-24,Попов Володимир Васильович,,,2003–2006,Ворскла (Полтава)
w:1983-11-30:kilikevich,Володимир Кілікевич,MF,MF,,,group,1983-11-30,Кілікевич Володимир Володимирович,,,2000–2006,Маріуполь / Іллічівець
w:1979-01-02:lashankov,Євген Лошанков,MF,MF,,,group,1979-01-02,Лашанков Євген Іванович,,,2004–2006,Чорноморець (Одеса); ФК Харків
w:1982-01-15:chernikov,Володимир Черніков,MF,MF,,,group,1982-01-15,Черніков Володимир Валерійович,,,2002–2006,Оболонь (Київ); Арсенал (Київ)
w:1974-01-23:kormiltsev,Сергій Кормильцев,MF,MF,,,group,1974-01-23,Кормильцев Сергій Геннадійович,,,1998–2006,Динамо (Київ); Зоря (Луганськ)
w:1984-05-20:darko,Дарко Тасевський,MF,MF,,,group,1984-05-20,Тасевський Дарко,,,2005–2006,Металург (Запоріжжя)
w:1981-08-30:sernetski,Сергій Сернецький,FW,ST,,,group,1981-08-30,Сернецький Сергій Миколайович,,,2000–2006,ЦСКА (Київ); Сталь (Алчевськ)
w:1980-03-09:aristarhov,Максим Арістархов,FW,ST,,,group,1980-03-09,Арістархов Максим Юрійович,,,2003–2006,Арсенал (Київ); Металург (Запоріжжя); Зоря (Луганськ)
w:1977-04-15:brhles,Даріо Брглес,MF,MF,,,group,1977-04-15,Брглес Даріо,,,2005–2006,Арсенал (Київ)
w:1979-08-13:bledi,Бледі Шкембі,MF,MF,,,group,1979-08-13,Шкембі Бледі,,,2004–2006,Металург (Запоріжжя); Кривбас (Кривий Ріг)
w:1982-05-06:milian,Мілян Мрдакович,FW,ST,,,group,1982-05-06,Мрдаковіч Мілян,,,2005–2006,Металіст (Харків)
w:1978-01-30:mirko,Мірко Селак,FW,ST,,,group,1978-01-30,Селак Мірко,,,2005–2006,Металург (Запоріжжя)
w:1977-04-16:vishnevski,В'ячеслав Вишневський,FW,ST,,,group,1977-04-16,Вишневський Вячеслав Миколайович,,,2005–2006,Таврія (Сімферополь)
w:1978-07-10:osipov,Сергій Осіпов,FW,ST,,,group,1978-07-10,Осіпов Сергій Олександрович,,,2005–2006,Чорноморець (Одеса)
w:1976-05-16:hroshev,Юрій Грошев,DF,DF,,,group,1976-05-16,Грошев Юрій Валерійович,,,2005–2006,Кривбас (Кривий Ріг)
w:1981-03-28:ribich,Владимир Рібич,MF,MF,,,group,1981-03-28,Рібіч Владімір,,,2003–2006,Арсенал (Київ)
w:1975-02-05:kondakov,Юрій Кондаков,DF,DF,,,group,1975-02-05,Кондаков Юрій Миколайович,,,1997–2006,Металург (Донецьк); Волинь (Луцьк); Сталь (Алчевськ); Зоря (Луганськ)
w:1981-02-15:djordjevich,Славолюб Джорджевич,DF,DF,,,group,1981-02-15,Славолюб Джорджевич,,,2005–2006,Волинь (Луцьк); Кривбас (Кривий Ріг)
w:1986-03-19:aparesido,Леонардо,DF,DF,,,group,1986-03-19,Апаресідо Моура Леонардо Жозе,,,2005–2006,Шахтар (Донецьк)
w:1982-05-05:perich,Іван Перич,FW,ST,,,group,1982-05-05,Періч Іван,,,2005–2006,Арсенал (Київ)
w:1975-08-25:erve,Ерве Лембі-Нзело,MF,MF,,,group,1975-08-25,Лембі-Нзело Ерве,,,2006–2006,Металург (Донецьк)
w:1979-03-01:hbenha,Окуново Гбенга Самуель,DF,DF,,,group,1979-03-01,Окуново Гбенга Самуель,,,2005–2006,Металург (Донецьк); Сталь (Алчевськ)
w:1982-12-21:onischenko,Олег Онищенко,MF,MF,,,group,1982-12-21,Онищенко Олег Олегович,,,2006–2006,Зоря (Луганськ)
w:1986-10-24:chelidze,Георге Челідзе,FW,ST,,,group,1986-10-24,Челідзе Георге,,,2006–2006,Зоря (Луганськ)
w:1984-09-19:aristid,Арістід Бансе,FW,ST,,,group,1984-09-19,Арістід Бансе,,,2006–2006,Металург (Донецьк)
w:1979-08-15:akobian,Арам Акобян,FW,ST,,,group,1979-08-15,Акобян Арам,,,2006–2006,Маріуполь / Іллічівець
w:1985-08-20:jura,Олександр Згура,MF,MF,,,group,1985-08-20,Згура Олександр Олександрович,,,2004–2006,Чорноморець (Одеса)
w:1988-09-29:diop,Серіні Діоп,FW,ST,,,group,1988-09-29,Діоп Серіні Мор,,,2006–2006,Сталь (Алчевськ)
w:1982-01-28:sasha,Саша Ціліншек,DF,DF,,,group,1982-01-28,Ціліншек Саша,,,2005–2006,Таврія (Сімферополь)
w:1979-09-01:shashiashvili,Георгій Шашіашвілі,DF,DF,,,group,1979-09-01,Шашіашвілі Георгій,,,2006–2006,Чорноморець (Одеса)
w:1983-06-12:kaniuk,Андрій Канюк,DF,DF,,,group,1983-06-12,Канюк Андрій Володимирович,,,2006–2006,Зоря (Луганськ)
w:1983-12-16:dancho,Данчо Масев,MF,MF,,,group,1983-12-16,Масев Данчо,,,2005–2006,Металург (Запоріжжя)
w:1985-10-03:salatin,Вадим Салатін,DF,DF,,,group,1985-10-03,Салатін Вадим Євгенович,,,2006–2006,Маріуполь / Іллічівець
w:1983-01-20:miroslav,Мирослав Ріканович,FW,ST,,,group,1983-01-20,Рікановіч Мірослав,,,2006–2006,Зоря (Луганськ)
w:1982-02-05:ivoso,Патрік Івоссо,DF,DF,,,group,1982-02-05,Івоссо Патрік,,,2006–2006,Зоря (Луганськ)
w:1978-07-01:amor,Амор Дербаль,DF,DF,,,group,1978-07-01,Дербаль Амор,,,2006–2006,ФК Харків
w:1978-04-12:dias,Рібейро Флавіо Діас,FW,ST,,,group,1978-04-12,Рібейро Флавіо Діас,,,2006–2006,Зоря (Луганськ)
w:1982-02-06:zelenbaba,Владимир Зеленбаба,MF,MF,,,group,1982-02-06,Зеленбаба Владімір,,,2006–2006,Зоря (Луганськ)
w:1980-11-24:ronald,Рональд Шіклич,MF,MF,,,group,1980-11-24,Шікліч Рональд,,,2006–2006,Кривбас (Кривий Ріг)
w:1979-02-28:aleksandru,Голбан Александру Георге,FW,ST,,,group,1979-02-28,Голбан Александру Георге,,,2003–2006,Карпати (Львів)
w:1987-01-06:kucherenko,Іван Кучеренко,MF,MF,,,group,1987-01-06,Кучеренко Іван Васильович,,,2004–2006,Кривбас (Кривий Ріг)
w:1985-08-09:dudnik,Ігор Дудник,DF,DF,,,group,1985-08-09,Дудник Ігор Анатолійович,,,2004–2006,Металург (Запоріжжя)
w:1984-12-31:demba,Демба Туре,FW,ST,,,group,1984-12-31,Туре Демба,,,2006–2006,Динамо (Київ)
w:1989-02-07:svorak,Ярослав Сворак,MF,MF,,,group,1989-02-07,Сворак Ярослав Любомирович,,,2006–2006,Карпати (Львів)
w:1982-08-12:marko,Марко Мілованович,DF,DF,,,group,1982-08-12,Міловановіч Марко,,,2006–2006,Таврія (Сімферополь)
w:1985-01-14:papush,Олександр Папуш,MF,MF,,,group,1985-01-14,Папуш Олександр Сергійович,,,2005–2006,Маріуполь / Іллічівець
w:1986-03-09:bebeindei,Руді Бебей-Ндей,FW,ST,,,group,1986-03-09,Руді Бебей-Ндей,,,2006–2006,Зоря (Луганськ)
w:1988-10-04:borsh,Руслан Борш,FW,ST,,,group,1988-10-04,Борш Руслан Віталійович,,,2006–2006,Металург (Запоріжжя)
w:1986-01-04:svitlichni,Роман Світличний,MF,MF,,,group,1986-01-04,Світличний Роман Петрович,,,2004–2006,Металіст (Харків)
w:1984-12-15:davit,Давіт Імедашвілі,DF,DF,,,group,1984-12-15,Імедашвілі Давіт,,,2006–2006,Динамо (Київ)
w:1988-10-04:barabadze,Реваз Барабадзе,FW,ST,,,group,1988-10-04,Барабадзе Ревазі,,,2006–2006,Дніпро (Дніпропетровськ)
w:1981-01-26:almir,Алмір Сулейманович,MF,MF,,,group,1981-01-26,Алмір Сулеймановіч,,,2006–2006,Зоря (Луганськ)
w:1979-08-24:aimen,Аймен Бушюа,FW,ST,,,group,1979-08-24,Бушюа Аймен,,,2006–2006,Зоря (Луганськ)
w:1984-07-06:bobilev,Володимир Бобилєв,MF,MF,,,group,1984-07-06,Бобилєв Володимир Володимирович,,,2006–2006,Карпати (Львів)
w:1987-09-14:nazarenko,Дмитро Назаренко,DF,DF,,,group,1987-09-14,Назаренко Дмитро Миколайович,,,2006–2006,Металург (Донецьк)
w:1985-11-28:patiak,Олег Патяк,MF,MF,,,group,1985-11-28,Патяк Олег Станіславович,,,2006–2006,Металург (Запоріжжя)
w:1985-07-04:popov,Андрій Попов,MF,MF,,,group,1985-07-04,Попов Андрій Сергійович,,,2006–2006,Металург (Запоріжжя)
w:1988-05-15:shavrin,Вадим Шаврін,FW,ST,,,group,1988-05-15,Шаврін Вадим Олегович,,,2006–2006,Шахтар (Донецьк)
w:1982-05-01:orbeladze,Сергі Орбеладзе,DF,DF,,,group,1982-05-01,Орбеладзе Сергі,,,2006–2006,Маріуполь / Іллічівець
w:1985-05-30:shevchenko,В'ячеслав Шевченко,MF,MF,,,group,1985-05-30,Шевченко В'ячеслав Тарасович,,,2006–2006,Маріуполь / Іллічівець
w:1977-02-09:adriano,Спадото Адріано Луіс,MF,MF,,,group,1977-02-09,Спадото Адріано Луіс,,,2006–2006,Зоря (Луганськ)
w:1987-01-20:ilesku,Денис Ілеску,DF,DF,,,group,1987-01-20,Ілеску Денис,,,2006–2006,Кривбас (Кривий Ріг)
w:1986-10-12:kostishin,Віталій Костишин,FW,ST,,,group,1986-10-12,Костишин Віталій Володимирович,,,2006–2006,Кривбас (Кривий Ріг)
w:1987-06-19:kondratiuk,Богдан Кондратюк,DF,DF,,,group,1987-06-19,Кондратюк Богдан Олександрович,,,2006–2006,Металург (Донецьк)
w:1981-09-16:nikitski,Максим Нікитський,FW,ST,,,group,1981-09-16,Нікитський Максим Євгенович,,,2006–2006,Металург (Донецьк)
w:1988-02-11:jadan,Артем Жадан,FW,ST,,,group,1988-02-11,Жадан Артем Володимирович,,,2006–2006,Сталь (Алчевськ)
w:1984-09-20:konovalov,Роман Коновалов,MF,MF,,,group,1984-09-20,Коновалов Роман Віталійович,,,2006–2006,Сталь (Алчевськ)
w:1978-11-12:shaib,Шаїб Туре,DF,DF,,,group,1978-11-12,Шаїб Туре,,,2006–2006,Сталь (Алчевськ)
w:1986-02-19:krujilin,Олександр Кружилін,MF,MF,,,group,1986-02-19,Кружилін Олександр Сергійович,,,2006–2006,Сталь (Алчевськ)
w:1987-04-18:parhomenko,Сергій Пархоменко,DF,DF,,,group,1987-04-18,Пархоменко Сергій Олександрович,,,2006–2006,Сталь (Алчевськ)
w:1986-10-04:antoniuk,Дмитро Антонюк,DF,DF,,,group,1986-10-04,Антонюк Дмитро Григорович,,,2006–2006,Шахтар (Донецьк)
w:1988-01-13:shibko,Андрій Шибко,DF,DF,,,group,1988-01-13,Шибко Андрій Володимирович,,,2006–2006,Шахтар (Донецьк)
w:1989-02-01:protsiuk,Олександр Процюк,MF,MF,,,group,1989-02-01,Процюк Олександр Сергійович,,,2006–2006,ФК Харків
w:1973-11-19:luchkevich,Ігор Лучкевич,MF,MF,,,group,1973-11-19,Лучкевич Ігор Валерійович,,,1992–2005,Металург (Запоріжжя); Металург (Донецьк); Карпати (Львів); Таврія (Сімферополь)
w:1972-01-06:holovko,Олександр Головко,DF,DF,,,group,1972-01-06,Головко Олександр Борисович,,,1992–2005,Таврія (Сімферополь); Динамо (Київ)
w:1971-04-22:popov,Сергій Попов,DF,DF,,,group,1971-04-22,Попов Сергій Олександрович,,,1992–2005,Шахтар (Донецьк); Металург (Запоріжжя)
w:1973-07-31:kriventsov,Валерій Кривенцов,MF,MF,,,group,1973-07-31,Кривенцов Валерій Сергійович,,,1992–2005,Шахтар (Донецьк); Металург (Донецьк); Волинь (Луцьк); Металург (Запоріжжя)
w:1970-07-05:rati,Олег Ратій,DF,DF,,,group,1970-07-05,Ратій Олег Борисович,,,1993–2005,Кремінь (Кременчук); Металург (Запоріжжя); Олександрія; Волинь (Луцьк)
w:1975-12-18:seleznov,Юрій Селезньов,MF,MF,,,group,1975-12-18,Селезньов Юрій Олександрович,,,1994–2005,Чорноморець (Одеса); Шахтар (Донецьк); Металург (Донецьк); Кривбас (Кривий Ріг); Говерла / Закарпаття (Ужгород); Таврія 
w:1975-02-10:dmitrulin,Юрій Дмитрулін,DF,DF,,,group,1975-02-10,Дмитрулін Юрій Михайлович,,,1994–2005,Динамо (Київ); Таврія (Сімферополь)
w:1976-01-16:anikev,Володимир Анікеєв,DF,DF,,,group,1976-01-16,Анікеєв Володимир Юрійович,,,1997–2005,Маріуполь / Іллічівець; Арсенал (Київ)
w:1972-03-01:konovalov,Сергій Коновалов,MF,MF,,,group,1972-03-01,Коновалов Сергій Борисович,,,1992–2005,Дніпро (Дніпропетровськ); Динамо (Київ); Арсенал (Київ); Борисфен (Бориспіль)
w:1973-01-14:kardash,Василь Кардаш,MF,MF,,,group,1973-01-14,Кардаш Василь Ярославович,,,1992–2005,Карпати (Львів); Чорноморець (Одеса); Динамо (Київ); Арсенал (Київ)
w:1971-09-05:nahorniak,Сергій Нагорняк,FW,ST,,,group,1971-09-05,Нагорняк Сергій Миколайович,,,1993–2005,Нива (Вінниця); Дніпро (Дніпропетровськ); Шахтар (Донецьк); Арсенал (Київ); Волинь (Луцьк); Металург (Запоріжжя)
w:1972-01-02:haschin,Володимир Гащин,MF,MF,,,group,1972-01-02,Гащин Володимир Володимирович,,,1992–2005,Волинь (Луцьк); Дніпро (Дніпропетровськ); Кривбас (Кривий Ріг); Зірка (Кропивницький)
w:1974-04-24:honcharenko,Сергій Гончаренко,MF,MF,,,group,1974-04-24,Гончаренко Сергій Григорович,,,1994–2005,Кривбас (Кривий Ріг); ЦСКА (Київ); Маріуполь / Іллічівець; Нива (Тернопіль); Волинь (Луцьк); Карпати (Львів)
w:1976-01-04:spevak,Андрій Спєвак,MF,MF,,,group,1976-01-04,Спєвак Андрій Олександрович,,,1997–2005,Металург (Донецьк); Прикарпаття (Івано-Франківськ); Дніпро (Дніпропетровськ); Кривбас (Кривий Ріг); Металіст (Харків)
w:1968-09-26:dudnik,Юрій Дуднік,MF,MF,,,group,1968-09-26,Дуднік Юрій Володимирович,,,1992–2005,Металург (Запоріжжя); Кривбас (Кривий Ріг); Карпати (Львів); Сталь (Алчевськ); Волинь (Луцьк); Говерла / Закарпаття (Ужг
w:1975-09-14:kostiuk,Ігор Костюк,MF,MF,,,group,1975-09-14,Костюк Ігор Володимирович,,,1995–2005,Динамо (Київ); Ворскла (Полтава); Говерла / Закарпаття (Ужгород); Арсенал (Київ); Борисфен (Бориспіль)
w:1974-06-01:zaiats,Вадим Заяць,MF,MF,,,group,1974-06-01,Заяць Вадим Григорович,,,1993–2005,Буковина (Чернівці); Зірка (Кропивницький); Металург (Запоріжжя); Таврія (Сімферополь); Говерла / Закарпаття (Ужгород)
w:1976-10-04:sapuha,Андрій Сапуга,DF,DF,,,group,1976-10-04,Сапуга Андрій Михайлович,,,1992–2005,Карпати (Львів); Говерла / Закарпаття (Ужгород)
w:1975-02-17:seleznov,Сергій Селезньов,DF,DF,,,group,1975-02-17,Селезньов Сергій Анатолійович,,,1993–2005,Металіст (Харків); ЦСКА (Київ); Кривбас (Кривий Ріг); Олександрія; Говерла / Закарпаття (Ужгород)
w:1975-11-02:osipov,Олексій Осіпов,MF,MF,,,group,1975-11-02,Осіпов Олексій Рудольфович,,,1993–2005,Таврія (Сімферополь); Арсенал (Київ)
w:1974-02-17:homa,Ярослав Хома,MF,MF,,,group,1974-02-17,Хома Ярослав Богданович,,,1995–2005,Волинь (Луцьк); Карпати (Львів); Шахтар (Донецьк); Металург (Запоріжжя)
w:1977-10-13:kolchin,Денис Колчін,DF,DF,,,group,1977-10-13,Колчін Денис Борисович,,,1994–2005,Чорноморець (Одеса); Кривбас (Кривий Ріг)
w:1974-03-31:nivinski,В'ячеслав Нівінський,DF,DF,,,group,1974-03-31,Нівінський Вячеслав Миколайович,,,1997–2005,Металург (Запоріжжя); Оболонь (Київ); Кривбас (Кривий Ріг)
w:1977-01-16:tereschenko,В'ячеслав Терещенко,FW,ST,,,group,1977-01-16,Терещенко Вячеслав Володимирович,,,1999–2005,Чорноморець (Одеса); Оболонь (Київ); Говерла / Закарпаття (Ужгород)
w:1979-05-13:oleksenko,Олександр Олексієнко,MF,MF,,,group,1979-05-13,Олексієнко Олександр Миколайович,,,1997–2005,ЦСКА (Київ); Шахтар (Донецьк); Металург (Донецьк)
w:1979-03-11:ivanov,Пеєв Георгі Іванов,MF,MF,,,group,1979-03-11,Пеєв Георгі Іванов,,,2000–2005,Динамо (Київ); Дніпро (Дніпропетровськ)
w:1975-11-21:hurka,Михайло Гурка,MF,MF,,,group,1975-11-21,Гурка Михайло Петрович,,,1995–2005,Карпати (Львів); Ворскла (Полтава); Говерла / Закарпаття (Ужгород)
w:1981-10-10:alehbe,Тоні Алегбе,MF,MF,,,group,1981-10-10,Алегбе Тоні,,,2001–2005,Металург (Донецьк); Кривбас (Кривий Ріг)
w:1976-12-08:poliakov,Борис Поляков,DF,DF,,,group,1976-12-08,Поляков Борис Маркович,,,1996–2005,ЦСКА (Київ); Таврія (Сімферополь); Волинь (Луцьк)
w:1976-02-29:prodan,Ігор Продан,FW,ST,,,group,1976-02-29,Продан Ігор Вячеславович,,,1999–2005,Зірка (Кропивницький); Говерла / Закарпаття (Ужгород); Оболонь (Київ)
w:1975-12-18:danel,Даніель Флоря,DF,DF,,,group,1975-12-18,Флоря Даніель,,,2001–2005,Шахтар (Донецьк); Металург (Запоріжжя); Металург (Донецьк)
w:1974-08-05:pestriakov,Олег Пестряков,MF,MF,,,group,1974-08-05,Пестряков Олег Ігорович,,,1995–2005,ЦСКА (Київ); Шахтар (Донецьк); Металург (Запоріжжя); Таврія (Сімферополь); Арсенал (Київ)
w:1979-04-19:savinov,Олексій Савінов,DF,DF,,,group,1979-04-19,Савінов Олексій,,,2001–2005,Металург (Запоріжжя); Волинь (Луцьк); Говерла / Закарпаття (Ужгород)
w:1977-03-06:kovalchik,Мацей Ковальчик,FW,ST,,,group,1977-03-06,Ковальчик Мацей,,,2002–2005,Арсенал (Київ)
w:1978-02-04:aliutse,Маріан Аліуце,MF,MF,,,group,1978-02-04,Аліуце Маріан,,,1999–2005,Шахтар (Донецьк); Металург (Донецьк)
w:1975-04-29:iashkin,Артем Яшкін,MF,MF,,,group,1975-04-29,Яшкін Артем Олександрович,,,1998–2005,Динамо (Київ); Арсенал (Київ); Чорноморець (Одеса)
w:1981-02-24:kravchenko,Володимир Кравченко,MF,MF,,,group,1981-02-24,Кравченко Володимир Олександрович,,,2000–2005,Металіст (Харків); Говерла / Закарпаття (Ужгород)
w:1976-04-02:hiuzelov,Ігор Гюзелов,DF,DF,,,group,1976-04-02,Гюзелов Ігор,,,2001–2005,Шахтар (Донецьк); Металург (Донецьк)
w:1980-04-09:erko,Єрко Леко,MF,MF,,,group,1980-04-09,Леко Єрко,,,2002–2005,Динамо (Київ)
w:1975-02-03:chebotari,Борис Чеботарі,MF,MF,,,group,1975-02-03,Чеботарі Борис,,,2003–2005,Волинь (Луцьк)
w:1981-05-16:riahn,Тааві Ряхн,MF,MF,,,group,1981-05-16,Ряхн Тааві,,,2003–2005,Волинь (Луцьк)
w:1973-07-18:boshniak,Споменко Бошняк,DF,DF,,,group,1973-07-18,Бошняк Споменко,,,2002–2005,Металург (Запоріжжя)
w:1976-11-04:hrebenojko,Олександр Гребеножко,FW,ST,,,group,1976-11-04,Гребеножко Олександр Олександрович,,,2002–2005,Волинь (Луцьк); Оболонь (Київ); Говерла / Закарпаття (Ужгород)
w:1978-12-07:mitich,Саша Митич,FW,ST,,,group,1978-12-07,Саша Митич,,,2003–2005,Волинь (Луцьк)
w:1978-08-19:nikitsenka,Сергій Нікітенко,MF,MF,,,group,1978-08-19,Нікіценка Сяргєй Віктаравіч,,,2003–2005,Кривбас (Кривий Ріг)
w:1979-09-06:djudovich,Міодраг Джудович,DF,DF,,,group,1979-09-06,Джудовіч Міодраг,,,2003–2005,Волинь (Луцьк)
w:1977-09-15:voloshin,Микола Волошин,MF,MF,,,group,1977-09-15,Волошин Микола Миколайович,,,1997–2005,Металург (Донецьк); ФК Харків
w:1979-01-29:antoniuk,Олександр Антонюк,DF,DF,,,group,1979-01-29,Антонюк Олександр Андрійович,,,2000–2005,Нива (Тернопіль); Говерла / Закарпаття (Ужгород)
w:1976-11-26:schehlov,Сергій Щеглов,MF,MF,,,group,1976-11-26,Щеглов Сергій Євгенович,,,2004–2005,Кривбас (Кривий Ріг)
w:1985-12-02:jersh,Роман Жерш,MF,MF,,,group,1985-12-02,Жерш Роман Валерійович,,,2002–2005,Волинь (Луцьк)
w:1977-06-30:adev,Магомед Адієв,FW,ST,,,group,1977-06-30,Адієв Магомед Мусаєвіч,,,2004–2005,Кривбас (Кривий Ріг)
w:1981-06-01:uvarov,Олексій Уваров,MF,MF,,,group,1981-06-01,Уваров Олексій Міхайловіч,,,2003–2005,Чорноморець (Одеса); Арсенал (Київ)
w:1978-08-18:meliti,Соф'єн Мелліті,MF,MF,,,group,1978-08-18,Мелліті Соф'єн,,,2004–2005,Ворскла (Полтава)
w:1979-08-25:postolatev,Володимир Постолатьєв,FW,ST,,,group,1979-08-25,Постолатьєв Володимир Володимирович,,,2003–2005,Зірка (Кропивницький); Таврія (Сімферополь)
w:1979-01-28:branislav,Браніслав Круніч,MF,MF,,,group,1979-01-28,Круніч Браніслав,,,2004–2005,Волинь (Луцьк)
w:1984-11-28:tretiak,Сергій Третяк,FW,ST,,,group,1984-11-28,Третяк Сергій Вікторович,,,2003–2005,Оболонь (Київ); Сталь (Алчевськ)
w:1979-03-23:jolt,Жолт Нодь,FW,ST,,,group,1979-03-23,Нодь Жолт,,,2002–2005,Олександрія; Говерла / Закарпаття (Ужгород); Чорноморець (Одеса)
w:1984-01-04:radevich,Сергій Радевич,DF,DF,,,group,1984-01-04,Радевич Сергій Анатолійович,,,2002–2005,Ворскла (Полтава)
w:1974-07-18:petrov,Юрій Петров,FW,ST,,,group,1974-07-18,Петров Юрій Анатолійович,,,1994–2005,СК Миколаїв; Волинь (Луцьк); Металіст (Харків)
w:1974-03-24:danel,Даніель Кіріце,DF,DF,,,group,1974-03-24,Кіріце Даніель,,,2001–2005,Шахтар (Донецьк); Сталь (Алчевськ)
w:1985-07-12:karpenko,Максим Карпенко,MF,MF,,,group,1985-07-12,Карпенко Максим Васильович,,,2004–2005,Ворскла (Полтава)
w:1975-07-25:varlamov,Євген Варламов,DF,DF,,,group,1975-07-25,Варламов Євген Володимирович,,,2004–2005,Металіст (Харків)
w:1975-04-02:florin,Пірву Флорін Крістіан,MF,MF,,,group,1975-04-02,Пірву Флорін Крістіан,,,2005–2005,Сталь (Алчевськ)
w:1982-05-16:riabih,Андрій Рябих,MF,MF,,,group,1982-05-16,Рябих Андрій Митрофанович,,,2002–2005,Арсенал (Київ)
w:1978-08-05:berkeuan,Космін Беркеуан,DF,DF,,,group,1978-08-05,Беркеуан Космін,,,2004–2005,Шахтар (Донецьк)
w:1974-11-23:ihors,Ігорс Корабльовс,DF,DF,,,group,1974-11-23,Корабльовс Ігорс,,,2005–2005,Кривбас (Кривий Ріг)
w:1978-08-01:nesteruk,Андрій Нестерук,FW,ST,,,group,1978-08-01,Нестерук Андрій Петрович,,,1995–2005,Прикарпаття (Івано-Франківськ); Сталь (Алчевськ); Таврія (Сімферополь)
w:1976-05-08:konstantin,Константін Шумахер,MF,MF,,,group,1976-05-08,Константін Шумахер,,,2005–2005,Волинь (Луцьк)
w:1984-08-02:kovalevski,Антон Ковалевський,MF,MF,,,group,1984-08-02,Ковалевський Антон Анатолійович,,,2002–2005,Ворскла (Полтава)
w:1983-10-18:ermolenko,Руслан Єрмоленко,MF,MF,,,group,1983-10-18,Єрмоленко Руслан Миколайович,,,2002–2005,Оболонь (Київ); Сталь (Алчевськ)
w:1977-01-17:seihan,Толга Сейхан,DF,DF,,,group,1977-01-17,Сейхан Толга,,,2005–2005,Шахтар (Донецьк)
w:1979-03-10:ramazanov,Мурад Рамазанов,MF,MF,,,group,1979-03-10,Рамазанов Мурад Сергійович,,,2004–2005,Кривбас (Кривий Ріг)
w:1980-01-30:hlushok,Олег Глушок,DF,DF,,,group,1980-01-30,Глушок Олег Анатолійович,,,2005–2005,Металіст (Харків)
w:1979-02-19:mitreski,Ігор Мітреський,DF,DF,,,group,1979-02-19,Мітреський Ігор,,,2005–2005,Металург (Запоріжжя)
w:1982-10-09:savanchuk,Олександр Саванчук,MF,MF,,,group,1982-10-09,Саванчук Олександр Володимирович,,,2005–2005,Сталь (Алчевськ)
w:1983-05-07:lujankov,Олександр Лужанков,FW,ST,,,group,1983-05-07,Лужанков Олександр Олександрович,,,2003–2005,Волинь (Луцьк)
w:1980-05-15:sharaba,Здравко Шараба,DF,DF,,,group,1980-05-15,Здравко Шараба,,,2004–2005,Волинь (Луцьк)
w:1977-09-29:ioan,Мара Іоан Богдан,FW,ST,,,group,1977-09-29,Мара Іоан Богдан,,,2005–2005,Сталь (Алчевськ)
w:1982-10-01:aruna,Аруна Бабангіда,FW,ST,,,group,1982-10-01,Бабангіда Аруна,,,2004–2005,Металург (Донецьк)
w:1977-12-26:davhulevets,Павло Довгулевець,DF,DF,,,group,1977-12-26,Давгулевец Павел Аляксандравіч,,,2005–2005,Кривбас (Кривий Ріг)
w:1978-05-31:malitski,Олександр Маліцький,MF,MF,,,group,1978-05-31,Маліцький Олександр Вікторович,,,2005–2005,Говерла / Закарпаття (Ужгород)
w:1977-12-07:andjelkovich,Міодраг Анджелкович,FW,ST,,,group,1977-12-07,Анджелковіч Міодраг,,,2005–2005,Металург (Запоріжжя)
w:1973-08-13:shtaniuk,Сергій Штанюк,DF,DF,,,group,1973-08-13,Штанюк Сяргєй Петрович,,,2005–2005,Металург (Запоріжжя)
w:1982-08-20:aleksander,Александер Амісулашвілі,DF,DF,,,group,1982-08-20,Амісулашвілі Александер,,,2005–2005,Таврія (Сімферополь)
w:1984-07-26:hanas,Андрій Ханас,DF,DF,,,group,1984-07-26,Ханас Андрій Петрович,,,2004–2005,Металіст (Харків)
w:1979-01-08:ostroushko,Володимир Остроушко,DF,DF,,,group,1979-01-08,Остроушко Володимир Миколайович,,,2005–2005,Чорноморець (Одеса)
w:1986-01-03:morozov,Сергій Морозов,FW,ST,,,group,1986-01-03,Морозов Сергій Олександрович,,,2003–2005,Металург (Запоріжжя)
w:1974-05-05:falemi,Нгассам Нана Фалемі,MF,MF,,,group,1974-05-05,Нгассам Нана Фалемі,,,2005–2005,Волинь (Луцьк)
w:1979-09-01:danaev,Андрій Данаєв,MF,MF,,,group,1979-09-01,Данаєв Андрій Валерійович,,,2005–2005,Сталь (Алчевськ)
w:1980-11-02:panforov,Андрій Панфьоров,MF,MF,,,group,1980-11-02,Панфьоров Андрій Вікторович,,,2005–2005,Кривбас (Кривий Ріг)
w:1984-02-21:brazeiro,Да Сільва Бразейро Жадер,MF,MF,,,group,1984-02-21,Да Сільва Бразейро Жадер,,,2005–2005,Металіст (Харків)
w:1984-02-05:chesnauskis,Едгарас Чеснаускіс,MF,MF,,,group,1984-02-05,Чеснауськийс Едгарас,,,2003–2005,Динамо (Київ)
w:1985-06-16:baranov,Іван Баранов,DF,DF,,,group,1985-06-16,Баранов Іван Олександрович,,,2004–2005,Арсенал (Київ)
w:1985-06-08:osmani,Тефік Османі,DF,DF,,,group,1985-06-08,Османі Тефік,,,2005–2005,Металург (Запоріжжя)
w:1973-12-10:liubisha,Любіша Ранкович,DF,DF,,,group,1973-12-10,Ранковіч Любіша,,,2005–2005,Металург (Запоріжжя)
w:1981-09-30:boiko,Дмитро Бойко,FW,ST,,,group,1981-09-30,Бойко Дмитро В'ячеславович,,,2000–2005,Сталь (Алчевськ)
w:1984-09-12:kots,Роман Коц,DF,DF,,,group,1984-09-12,Коц Роман Миколайович,,,2003–2005,Волинь (Луцьк)
w:1980-08-16:ioksimovich,Ігор Йоксімович,MF,MF,,,group,1980-08-16,Йоксімовіч Ігор,,,2005–2005,Говерла / Закарпаття (Ужгород)
w:1982-06-25:ohanian,Карен Оганян,FW,ST,,,group,1982-06-25,Оганян Карен Геннадьєвіч,,,2005–2005,Металіст (Харків)
w:1981-01-17:stasovski,Олександр Стасовський,DF,DF,,,group,1981-01-17,Стасовський Олександр Миколайович,,,2005–2005,Сталь (Алчевськ)
w:1976-01-10:levan,Леван Цкітішвілі,MF,MF,,,group,1976-01-10,Цкітішвілі Леван,,,2005–2005,Металург (Донецьк)
w:1978-09-02:aleksandar,Томовський Александар Томаш,DF,DF,,,group,1978-09-02,Томовський Александар Томаш,,,2005–2005,Металург (Запоріжжя)
w:1981-04-24:prohorov,Федір Прохоров,DF,DF,,,group,1981-04-24,Прохоров Федір Вікторович,,,2005–2005,Таврія (Сімферополь)
w:1985-02-16:bashlai,Андрій Башлай,DF,DF,,,group,1985-02-16,Башлай Андрій Олександрович,,,2005–2005,Арсенал (Київ)
w:1982-01-23:bojich,Мілан Божіч,DF,DF,,,group,1982-01-23,Божіч Мілан,,,2005–2005,Волинь (Луцьк)
w:1989-07-12:ribkovski,Павло Рибковський,MF,MF,,,group,1989-07-12,Рибковський Павло Володимирович,,,2005–2005,Волинь (Луцьк)
w:1985-02-09:kaminski,Василь Камінський,FW,ST,,,group,1985-02-09,Камінський Василь Васильович,,,2005–2005,Говерла / Закарпаття (Ужгород)
w:1984-06-18:evlanov,Артем Євланов,MF,MF,,,group,1984-06-18,Євланов Артем Володимирович,,,2005–2005,Говерла / Закарпаття (Ужгород)
w:1984-09-22:djozef,Джозеф Еїмофе,DF,DF,,,group,1984-09-22,Еїмофе Джозеф,,,2005–2005,Металург (Донецьк)
w:1977-08-28:kovalenko,Дмитро Коваленко,MF,MF,,,group,1977-08-28,Коваленко Дмитро Геннадійович,,,2005–2005,Металург (Запоріжжя)
w:1984-01-15:kriuchihin,Сергій Крючихін,DF,DF,,,group,1984-01-15,Крючихін Сергій Павлович,,,2005–2005,Арсенал (Київ)
w:1984-01-01:shpak,Сергій Шпак,DF,DF,,,group,1984-01-01,Шпак Сергій Федорович,,,2005–2005,Волинь (Луцьк)
w:1989-09-25:maidan,Руслан Майдан,FW,ST,,,group,1989-09-25,Майдан Руслан Леонідович,,,2005–2005,Волинь (Луцьк)
w:1982-12-06:podrobaha,Анатолій Подробаха,FW,ST,,,group,1982-12-06,Подробаха Анатолій Олександрович,,,2005–2005,Ворскла (Полтава)
w:1986-04-17:semiriak,Іван Семиряк,MF,MF,,,group,1986-04-17,Семиряк Іван Миколайович,,,2005–2005,Волинь (Луцьк)
w:1986-11-02:bondarenko,Михайло Бондаренко,FW,ST,,,group,1986-11-02,Бондаренко Михайло Ігорович,,,2005–2005,Ворскла (Полтава)
w:1985-04-01:ochuko,Очуко Оджобо,MF,MF,,,group,1985-04-01,Оджобо Очуко,,,2005–2005,Металург (Донецьк)
w:1980-05-24:ivitsa,Івіца Жулєвич,MF,MF,,,group,1980-05-24,Жулєвіч Івіца,,,2005–2005,Металург (Донецьк)
w:1977-05-11:alves,Маркос Пауло,MF,MF,,,group,1977-05-11,Алвес Маркос Пауло,,,2005–2005,Металіст (Харків)
w:1986-04-22:kruhliak,Андрій Кругляк,FW,ST,,,group,1986-04-22,Кругляк Андрій Олександрович,,,2005–2005,Металург (Запоріжжя)
w:1984-07-16:pidhaini,Артем Підгайний,DF,DF,,,group,1984-07-16,Підгайний Артем Ігорович,,,2005–2005,Металург (Донецьк)
w:1987-06-25:skarlosh,Андрій Скарлош,MF,MF,,,group,1987-06-25,Скарлош Андрій Володимирович,,,2005–2005,Металург (Донецьк)
w:1974-07-13:florinel,Міря Флорінел Крісті,DF,DF,,,group,1974-07-13,Міря Флорінел Крісті,,,2005–2005,Сталь (Алчевськ)
w:1980-11-18:artomov,Сергій Артьомов,MF,MF,,,group,1980-11-18,Артьомов Сергій Вікторович,,,2005–2005,Сталь (Алчевськ)
w:1978-07-03:barishev,Віктор Баришев,MF,MF,,,group,1978-07-03,Баришев Віктор,,,2005–2005,ФК Харків
w:1973-10-26:onopko,Сергій Онопко,MF,MF,,,group,1973-10-26,Онопко Сергій Савелійович,,,1992–2004,Шахтар (Донецьк); Ворскла (Полтава); СК Миколаїв
w:1973-08-27:kliuchik,Сергій Ключик,MF,MF,,,group,1973-08-27,Ключик Сергій Леонідович,,,1992–2004,Металург (Запоріжжя); Таврія (Сімферополь); Сталь (Алчевськ); Кривбас (Кривий Ріг); Говерла / Закарпаття (Ужгород)
w:1968-09-05:kovalets,Сергій Ковалець,MF,MF,,,group,1968-09-05,Ковалець Сергій Іванович,,,1992–2004,Динамо (Київ); Дніпро (Дніпропетровськ); Чорноморець (Одеса); Карпати (Львів); Металург (Запоріжжя); Оболонь (Київ); Вол
w:1972-05-09:kobzar,Віталій Кобзар,MF,MF,,,group,1972-05-09,Кобзар Віталій Юрійович,,,1996–2004,Ворскла (Полтава); Оболонь (Київ)
w:1972-10-29:ponomarenko,Володимир Пономаренко,MF,MF,,,group,1972-10-29,Пономаренко Володимир Миколайович,,,1994–2004,СК Миколаїв; Кривбас (Кривий Ріг); Металург (Донецьк); Таврія (Сімферополь)
w:1972-12-11:husin,Андрій Гусін,MF,MF,,,group,1972-12-11,Гусін Андрій Леонідович,,,1992–2004,Карпати (Львів); ЦСКА (Київ); Динамо (Київ)
w:1975-03-27:moroz,Геннадій Мороз,FW,ST,,,group,1975-03-27,Мороз Геннадій Григорович,,,1992–2004,Дніпро (Дніпропетровськ); Кривбас (Кривий Ріг); Динамо (Київ); Оболонь (Київ)
w:1976-09-04:makovei,Ігор Маковей,FW,ST,,,group,1976-09-04,Маковей Ігор Юрійович,,,1994–2004,Карпати (Львів); Кривбас (Кривий Ріг); Ворскла (Полтава); Говерла / Закарпаття (Ужгород)
w:1969-01-21:anenkov,Андрій Анненков,MF,MF,,,group,1969-01-21,Анненков Андрій Михайлович,,,1992–2004,Динамо (Київ); ЦСКА (Київ); Дніпро (Дніпропетровськ); Кривбас (Кривий Ріг); Арсенал (Київ); Борисфен (Бориспіль)
w:1974-07-13:pushkutsa,Віталій Пушкуца,FW,ST,,,group,1974-07-13,Пушкуца Віталій Георгійович,,,1992–2004,Металіст (Харків); ЦСКА (Київ); Маріуполь / Іллічівець; Ворскла (Полтава)
w:1972-03-13:volosianko,Микола Волосянко,DF,DF,,,group,1972-03-13,Волосянко Микола Миколайович,,,1995–2004,ЦСКА (Київ); Динамо (Київ); Маріуполь / Іллічівець; Арсенал (Київ); Борисфен (Бориспіль); Волинь (Луцьк)
w:1975-02-03:zakotiuk,Микола Закотюк,MF,MF,,,group,1975-02-03,Закотюк Микола Степанович,,,1993–2004,Верес (Рівне); ЦСКА (Київ); Нива (Тернопіль); Карпати (Львів); Ворскла (Полтава)
w:1977-03-15:zubchenko,Андрій Зубченко,MF,MF,,,group,1977-03-15,Зубченко Андрій Володимирович,,,1995–2004,Торпедо (Запоріжжя); Дніпро (Дніпропетровськ); Металург (Запоріжжя)
w:1968-12-08:maksimov,Юрій Максимов,MF,MF,,,group,1968-12-08,Максимов Юрій Вільйович,,,1992–2004,Дніпро (Дніпропетровськ); Динамо (Київ); Борисфен (Бориспіль); Металург (Запоріжжя)
w:1974-10-29:polischuk,Володимир Поліщук,DF,DF,,,group,1974-10-29,Поліщук Володимир Васильович,,,1996–2004,ЦСКА (Київ); Маріуполь / Іллічівець; Таврія (Сімферополь); Чорноморець (Одеса); Арсенал (Київ); Ворскла (Полтава)
w:1973-08-30:svistunov,Олександр Свистунов,MF,MF,,,group,1973-08-30,Свистунов Олександр Вікторович,,,1992–2004,Верес (Рівне); ЦСКА (Київ); Металург (Донецьк); Ворскла (Полтава)
w:1976-10-12:baharev,Олексій Бахарєв,MF,MF,,,group,1976-10-12,Бахарєв Олексій Олександрович,,,1998–2004,Шахтар (Донецьк)
w:1977-09-01:dranov,Сергій Дранов,FW,ST,,,group,1977-09-01,Дранов Сергій Геннадійович,,,1994–2004,Шахтар (Донецьк); Дніпро (Дніпропетровськ); СК Миколаїв; Металург (Донецьк); Кривбас (Кривий Ріг)
w:1975-12-31:shevtsov,Сергій Шевцов,FW,ST,,,group,1975-12-31,Шевцов Сергій Анатолійович,,,1999–2004,Дніпро (Дніпропетровськ); Ворскла (Полтава); Говерла / Закарпаття (Ужгород); Таврія (Сімферополь)
w:1973-02-21:kovalchuk,Тарас Ковальчук,MF,MF,,,group,1973-02-21,Ковальчук Тарас Степанович,,,1994–2004,Прикарпаття (Івано-Франківськ); Борисфен (Бориспіль)
w:1978-08-10:kotov,Євген Котов,DF,DF,,,group,1978-08-10,Котов Євген Валентинович,,,1998–2004,Шахтар (Донецьк); Металург (Донецьк); Сталь (Алчевськ); Кривбас (Кривий Ріг)
w:1979-07-21:skoropad,Павло Скоропад,DF,DF,,,group,1979-07-21,Скоропад Павло Васильович,,,1996–2004,Чорноморець (Одеса); ЦСКА (Київ); Ворскла (Полтава); Кривбас (Кривий Ріг); Металург (Запоріжжя)
w:1979-10-19:chernov,Андрій Чернов,DF,DF,,,group,1979-10-19,Чернов Андрій Анатолійович,,,1999–2004,Чорноморець (Одеса); Карпати (Львів); Арсенал (Київ)
w:1975-05-10:kudinov,Юрій Кудінов,FW,ST,,,group,1975-05-10,Кудінов Юрій Олексійович,,,1999–2004,Зірка (Кропивницький); Кривбас (Кривий Ріг); Карпати (Львів); Говерла / Закарпаття (Ужгород)
w:1979-08-09:danchenko,Юрій Данченко,FW,ST,,,group,1979-08-09,Данченко Юрій Володимирович,,,1998–2004,Шахтар (Донецьк); Металург (Донецьк); Сталь (Алчевськ); Олександрія; Чорноморець (Одеса); Кривбас (Кривий Ріг)
w:1974-09-27:oksimets,Андрій Оксимець,DF,DF,,,group,1974-09-27,Оксимець Андрій Григорович,,,1997–2004,Металург (Донецьк); Кривбас (Кривий Ріг); Говерла / Закарпаття (Ужгород); Борисфен (Бориспіль)
w:1971-07-09:koniushenko,Сергій Конюшенко,DF,DF,,,group,1971-07-09,Конюшенко Сергій Вікторович,,,2002–2004,Оболонь (Київ)
w:1971-01-31:prizetko,Олександр Призетко,MF,MF,,,group,1971-01-31,Призетко Олександр Сергійович,,,1992–2004,Металіст (Харків); Динамо (Київ)
w:1977-07-20:kariaka,Дмитро Каряка,MF,MF,,,group,1977-07-20,Каряка Дмитро Вікторович,,,1994–2004,Металург (Запоріжжя); Чорноморець (Одеса); Оболонь (Київ)
w:1970-06-23:antonel,Пірву Іонел Антонел,MF,MF,,,group,1970-06-23,Пірву Іонел Антонел,,,2000–2004,Металург (Запоріжжя); Таврія (Сімферополь)
w:1977-05-03:dainius,Глевецкас Дайнюс Юлюс,DF,DF,,,group,1977-05-03,Глевецкас Дайнюс Юлюс,,,1998–2004,Шахтар (Донецьк); Маріуполь / Іллічівець
w:1979-10-06:slabishev,Юрій Слабишев,FW,ST,,,group,1979-10-06,Слабишев Юрій Олександрович,,,1996–2004,Торпедо (Запоріжжя); Дніпро (Дніпропетровськ); Кривбас (Кривий Ріг); Борисфен (Бориспіль)
w:1975-07-25:olinik,Роман Олійник,DF,DF,,,group,1975-07-25,Олійник Роман Анатолійович,,,1997–2004,Металург (Донецьк); Оболонь (Київ)
w:1971-06-23:djamarauli,Гоча Джамараулі,MF,MF,,,group,1971-06-23,Джамараулі Гоча,,,2002–2004,Металург (Донецьк)
w:1979-08-08:hrol,Геннадій Хроль,MF,MF,,,group,1979-08-08,Хроль Геннадій Юрійович,,,1999–2004,Чорноморець (Одеса); Карпати (Львів); Ворскла (Полтава)
w:1977-06-17:matkevich,Анатолій Маткевич,MF,MF,,,group,1977-06-17,Маткевич Анатолій Анатолійович,,,1996–2004,Кремінь (Кременчук); Металург (Запоріжжя); Дніпро (Дніпропетровськ); Кривбас (Кривий Ріг); Таврія (Сімферополь)
w:1980-08-08:omelianchuk,Сергій Омельянчук,DF,DF,,,group,1980-08-08,Омельянчук Сергій Петрович,,,2002–2004,Арсенал (Київ)
w:1980-08-19:stoian,Максим Стоян,DF,DF,,,group,1980-08-19,Стоян Максим Анатолійович,,,2002–2004,Арсенал (Київ); Борисфен (Бориспіль); Чорноморець (Одеса); Оболонь (Київ)
w:1979-03-26:sokolovski,Денис Соколовський,MF,MF,,,group,1979-03-26,Соколовський Денис Михайлович,,,1998–2004,Металург (Донецьк); Ворскла (Полтава); Зірка (Кропивницький); Оболонь (Київ); Кривбас (Кривий Ріг)
w:1973-06-22:prudius,Владислав Прудіус,MF,MF,,,group,1973-06-22,Прудіус Владислав Миколайович,,,1992–2004,Металіст (Харків); Динамо (Київ); ЦСКА (Київ); Ворскла (Полтава)
w:1981-09-10:nakonechni,Микола Наконечний,MF,MF,,,group,1981-09-10,Наконечний Микола Леонідович,,,2002–2004,Арсенал (Київ); Оболонь (Київ)
w:1979-04-04:kozir,Сергій Козир,MF,MF,,,group,1979-04-04,Козир Сергій Васильович,,,1999–2004,Прикарпаття (Івано-Франківськ); Борисфен (Бориспіль); Чорноморець (Одеса); Оболонь (Київ)
w:1974-10-01:kiriuhin,Олександр Кірюхін,DF,DF,,,group,1974-10-01,Кірюхін Олександр Григорович,,,1995–2004,Зоря (Луганськ); Динамо (Київ); Кривбас (Кривий Ріг); Борисфен (Бориспіль)
w:1975-08-26:mischenko,Віталій Міщенко,MF,MF,,,group,1975-08-26,Міщенко Віталій Миколайович,,,2003–2004,Оболонь (Київ)
w:1982-06-26:draholiuk,Андрій Драголюк,FW,ST,,,group,1982-06-26,Драголюк Андрій Вікторович,,,2001–2004,Карпати (Львів); Оболонь (Київ)
w:1981-02-21:emako,Сіанкам Емако Ернест,FW,ST,,,group,1981-02-21,Сіанкам Емако Ернест,,,2002–2004,Волинь (Луцьк)
w:1977-09-13:klimenko,Андрій Клименко,MF,MF,,,group,1977-09-13,Клименко Андрій Віталійович,,,1997–2004,Ворскла (Полтава); Зірка (Кропивницький); Металург (Донецьк); Кривбас (Кривий Ріг); Олександрія
w:1982-04-08:krohmal,Володимир Крохмаль,DF,DF,,,group,1982-04-08,Крохмаль Володимир Олександрович,,,2002–2004,Оболонь (Київ)
w:1978-01-02:suhomlinov,Владислав Сухомлинов,MF,MF,,,group,1978-01-02,Сухомлинов Владислав Валерійович,,,1999–2004,Чорноморець (Одеса); Кривбас (Кривий Ріг); Металіст (Харків); Борисфен (Бориспіль)
w:1980-07-16:dmitruk,Олександр Дмитрук,MF,MF,,,group,1980-07-16,Дмитрук Олександр Миколайович,,,2003–2004,Борисфен (Бориспіль)
w:1975-11-04:marchel,Решітка Марчел Петру,FW,ST,,,group,1975-11-04,Решітка Марчел Петру,,,2001–2004,Металург (Запоріжжя); Говерла / Закарпаття (Ужгород)
w:1982-07-13:milosavlevich,Урош Милосавлевич,MF,MF,,,group,1982-07-13,Урош Милосавлевич,,,2002–2004,Металург (Запоріжжя); Волинь (Луцьк)
w:1979-10-24:morozov,Андрій Морозов,MF,MF,,,group,1979-10-24,Морозов Андрій Петрович,,,2003–2004,Кривбас (Кривий Ріг)
w:1984-02-09:nazaruk,Сергій Назарук,DF,DF,,,group,1984-02-09,Назарук Сергій Васильович,,,2003–2004,Оболонь (Київ)
w:1979-01-30:brankovich,Сініша Бранкович,MF,MF,,,group,1979-01-30,Бранковіч Сініша,,,2003–2004,Чорноморець (Одеса)
w:1983-05-13:hnehneri,Туре Яя Гнегнері,MF,MF,,,group,1983-05-13,Туре Яя Гнегнері,,,2003–2004,Металург (Донецьк)
w:1979-02-22:litovchak,Роман Литовчак,MF,MF,,,group,1979-02-22,Литовчак Роман Миколайович,,,1996–2004,Нива (Тернопіль); Оболонь (Київ); Борисфен (Бориспіль)
w:1975-10-18:donitsa,Юліан Доніца,DF,DF,,,group,1975-10-18,Доніца Юліан,,,2002–2004,Таврія (Сімферополь); Металіст (Харків)
w:1977-02-01:sizon,Олег Сизон,DF,DF,,,group,1977-02-01,Сизон Олег Федорович,,,1994–2004,Кривбас (Кривий Ріг); Маріуполь / Іллічівець; Борисфен (Бориспіль)
w:1977-10-24:salahovich,Сеад Салахович,FW,ST,,,group,1977-10-24,Салаховіч Сеад,,,2003–2004,Кривбас (Кривий Ріг)
w:1976-12-13:mladenovich,Ненад Младенович,FW,ST,,,group,1976-12-13,Младеновіч Ненад,,,2003–2004,Металург (Донецьк)
w:1981-01-05:serhev,Лев Сергеєв,MF,MF,,,group,1981-01-05,Сергеєв Лев Володимирович,,,2003–2004,Оболонь (Київ); Говерла / Закарпаття (Ужгород); Чорноморець (Одеса)
w:1971-12-02:ionanidze,Зураб Іонанідзе,FW,ST,,,group,1971-12-02,Іонанідзе Зураб Давидович,,,2003–2004,Таврія (Сімферополь)
w:1969-01-24:zarutski,Олександр Заруцький,DF,DF,,,group,1969-01-24,Заруцькій Александр Станіславовіч,,,2003–2004,Таврія (Сімферополь)
w:1982-12-20:iliashov,Андрій Ільяшов,FW,ST,,,group,1982-12-20,Ільяшов Андрій Степанович,,,2000–2004,Металург (Запоріжжя)
w:1984-02-23:nesin,Віталій Несін,FW,ST,,,group,1984-02-23,Несін Віталій Леонідович,,,2001–2004,Дніпро (Дніпропетровськ); Борисфен (Бориспіль); Ворскла (Полтава)
w:1974-01-09:hvostunov,Олександр Хвостунов,DF,DF,,,group,1974-01-09,Хвостунов Олександр Владіміровіч,,,2002–2004,Чорноморець (Одеса); Говерла / Закарпаття (Ужгород)
w:1985-05-28:derkach,Андрій Деркач,MF,MF,,,group,1985-05-28,Деркач Андрій Володимирович,,,2003–2004,Борисфен (Бориспіль)
w:1971-10-23:lobanovs,Валентінс Лобаньовс,DF,DF,,,group,1971-10-23,Лобаньовс Валентінс,,,2003–2004,Металург (Запоріжжя)
w:1980-06-15:milan,Мілан Загорац,DF,DF,,,group,1980-06-15,Загорац Мілан,,,2004–2004,Кривбас (Кривий Ріг)
w:1975-02-07:datsishin,Віталій Дацишин,MF,MF,,,group,1975-02-07,Дацишин Віталій Олександрович,,,1996–2004,Дніпро (Дніпропетровськ); Прикарпаття (Івано-Франківськ); Говерла / Закарпаття (Ужгород)
w:1979-07-07:stolitsia,Ілія Столиця,FW,ST,,,group,1979-07-07,Столиця Ілія,,,2002–2004,Металург (Донецьк)
w:1978-02-24:chetiani,Кахабер Чхетіані,DF,DF,,,group,1978-02-24,Чхетіані Кахабер,,,2003–2004,Таврія (Сімферополь)
w:1982-05-23:hromih,Антон Хромих,DF,DF,,,group,1982-05-23,Хромих Антон Георгійович,,,2003–2004,Чорноморець (Одеса)
w:1980-03-27:djinovich,Ігор Джінович,DF,DF,,,group,1980-03-27,Джіновіч Ігор,,,2003–2004,Ворскла (Полтава); Кривбас (Кривий Ріг)
w:1973-04-17:kabelski,Сергій Кабельський,DF,DF,,,group,1973-04-17,Кабельський Сяргєй Мар'янавіч,,,2003–2004,Металург (Запоріжжя)
w:1979-11-15:antonio,Перейра Евертон Антоніо,DF,DF,,,group,1979-11-15,Перейра Евертон Антоніо,,,2003–2004,Таврія (Сімферополь)
w:1984-04-09:cherni,Сергій Черній,DF,DF,,,group,1984-04-09,Черній Сергій Олександрович,,,2004–2004,Борисфен (Бориспіль)
w:1984-04-24:chuprina,Євгеній Чуприна,MF,MF,,,group,1984-04-24,Чуприна Євгеній Михайлович,,,2003–2004,Оболонь (Київ)
w:1977-12-22:lalatovich,Ненад Лалатович,DF,DF,,,group,1977-12-22,Лалатовіч Ненад,,,2002–2004,Шахтар (Донецьк)
w:1983-05-30:hromtsov,Олег Хромцов,FW,ST,,,group,1983-05-30,Хромцов Олег Віталійович,,,2004–2004,Борисфен (Бориспіль)
w:1979-06-26:dariush,Новак Марцін Даріуш,DF,DF,,,group,1979-06-26,Новак Марцін Даріуш,,,2004–2004,Волинь (Луцьк)
w:1982-06-22:milenkovich,Владимир Міленкович,FW,ST,,,group,1982-06-22,Міленковіч Владімір,,,2004–2004,Ворскла (Полтава)
w:1977-11-16:andre,Марселіно Консесао Андре Луіз,MF,MF,,,group,1977-11-16,Марселіно Консесао Андре Луіз,,,2004–2004,Металіст (Харків)
w:1983-12-15:kapanisti,Роман Капаністий,FW,ST,,,group,1983-12-15,Капаністий Роман Васильович,,,2003–2004,Ворскла (Полтава)
w:1984-09-24:ivanov,Павло Іванов,DF,DF,,,group,1984-09-24,Іванов Павло Олександрович,,,2003–2004,Оболонь (Київ)
w:1974-04-08:horovoi,Борис Горовой,MF,MF,,,group,1974-04-08,Горовой Борис Олеговіч,,,2003–2004,Металург (Запоріжжя)
w:1977-05-18:sandulovich,Владимир Сандулович,DF,DF,,,group,1977-05-18,Сандуловіч Владімір,,,2004–2004,Ворскла (Полтава)
w:1975-03-04:batista,Касеміро Маркус Жоао Батіста,MF,MF,,,group,1975-03-04,Касеміро Маркус Жоао Батіста,,,2004–2004,Шахтар (Донецьк)
w:1981-06-30:histev,Сергій Хістєв,DF,DF,,,group,1981-06-30,Хістєв Сергій Олександрович,,,2000–2004,Сталь (Алчевськ); Ворскла (Полтава)
w:1983-01-21:korobkin,Владислав Коробкін,FW,ST,,,group,1983-01-21,Коробкін Владислав Володимирович,,,2002–2004,Оболонь (Київ)
w:1982-07-19:horkun,Валентин Горкун,FW,ST,,,group,1982-07-19,Горкун Валентин Миколайович,,,2002–2004,Чорноморець (Одеса); Металіст (Харків)
w:1981-08-04:adson,Да Сільва Нері Адсон,MF,MF,,,group,1981-08-04,Да Сільва Нері Адсон,,,2003–2004,Таврія (Сімферополь)
w:1982-12-21:andronik,Валеріу Андронік,FW,ST,,,group,1982-12-21,Андронік Валеріу Міхаіл,,,2004–2004,Металіст (Харків)
w:1979-11-01:frantsisko,Монтейро да Сільва Марсело Франціско,FW,ST,,,group,1979-11-01,Монтейро да Сільва Марсело Франціско,,,2004–2004,Металіст (Харків)
w:1974-10-03:ismet,Ісмет Муніші,MF,MF,,,group,1974-10-03,Муніші Ісмет,,,2004–2004,Ворскла (Полтава)
w:1975-09-09:solomatin,Андрій Соломатін,MF,MF,,,group,1975-09-09,Соломатін Андрій Юр'євіч,,,2004–2004,Оболонь (Київ)
w:1975-05-07:matsiuk,Віктор Мацюк,FW,ST,,,group,1975-05-07,Мацюк Віктор Миколайович,,,1999–2004,Шахтар (Донецьк); Говерла / Закарпаття (Ужгород)
w:1983-09-06:shubin,Артем Шубін,MF,MF,,,group,1983-09-06,Шубін Артем Юрійович,,,2003–2004,Ворскла (Полтава); Кривбас (Кривий Ріг)
w:1985-03-09:morozov,Олександр Морозов,FW,ST,,,group,1985-03-09,Морозов Олександр Олександрович,,,2003–2004,Таврія (Сімферополь)
w:1982-02-20:ponomarenko,Сергій Пономаренко,FW,ST,,,group,1982-02-20,Пономаренко Сергій Іванович,,,1999–2004,Чорноморець (Одеса); Борисфен (Бориспіль)
w:1977-05-20:trapachkin,Роман Тропачкін,MF,MF,,,group,1977-05-20,Трапачкін Раман Валєр'євіч,,,2004–2004,Кривбас (Кривий Ріг)
w:1985-10-12:hristian,Хрістіян Кіровскі,FW,ST,,,group,1985-10-12,Кіровскі Хрістіян,,,2004–2004,Металург (Запоріжжя)
w:1979-11-01:savchuk,Владислав Савчук,DF,DF,,,group,1979-11-01,Савчук Владислав Валерійович,,,2004–2004,Металіст (Харків)
w:1985-01-16:polunitski,Олександр Полуницький,DF,DF,,,group,1985-01-16,Полуницький Олександр Віталійович,,,2003–2004,Ворскла (Полтава)
w:1981-05-15:branavitski,Євген Брановицький,DF,DF,,,group,1981-05-15,Бранавіцкі Явгеній Віктаравіч,,,2004–2004,Ворскла (Полтава)
w:1984-10-15:kozerenko,Роман Козеренко,MF,MF,,,group,1984-10-15,Козеренко Роман Андрійович,,,2002–2004,Оболонь (Київ)
w:1978-09-05:aleksandar,Александар Недович,MF,MF,,,group,1978-09-05,Александар Недович,,,2004–2004,Волинь (Луцьк)
w:1981-07-07:irimia,Крістіан Ірімія,DF,DF,,,group,1981-07-07,Ірімія Крістіан,,,2004–2004,Динамо (Київ)
w:1974-05-21:rade,Раде Тодорович,MF,MF,,,group,1974-05-21,Тодоровіч Раде,,,2004–2004,Кривбас (Кривий Ріг)
w:1981-01-03:levchenko,Сергій Левченко,FW,ST,,,group,1981-01-03,Левченко Сергій Миколайович,,,2004–2004,Металург (Запоріжжя)
w:1982-01-25:orlati,Андрій Орлатий,DF,DF,,,group,1982-01-25,Орлатий Андрій Миколайович,,,2004–2004,Оболонь (Київ)
w:1984-06-14:kozliuk,Юрій Козлюк,FW,ST,,,group,1984-06-14,Козлюк Юрій Володимирович,,,2004–2004,Ворскла (Полтава)
w:1977-10-04:mor,Едуард Мор,MF,MF,,,group,1977-10-04,Мор Едуард Володимирович,,,2004–2004,Волинь (Луцьк)
w:1984-01-19:horbkov,Максим Горбков,FW,ST,,,group,1984-01-19,Горбков Максим Станіславович,,,2004–2004,Ворскла (Полтава)
w:1978-12-23:dotsenko,Валерій Доценко,DF,DF,,,group,1978-12-23,Доценко Валерій Анатолійович,,,2004–2004,Ворскла (Полтава)
w:1980-11-11:berbat,Сергій Бербат,FW,ST,,,group,1980-11-11,Бербат Сергій Костянтинович,,,1999–2004,Дніпро (Дніпропетровськ); Ворскла (Полтава)
w:1985-01-03:stankevich,Максим Станкевич,DF,DF,,,group,1985-01-03,Станкевич Максим Олегович,,,2004–2004,Борисфен (Бориспіль)
w:1985-01-20:stadnik,Максим Стадник,MF,MF,,,group,1985-01-20,Стадник Максим Олександрович,,,2004–2004,Борисфен (Бориспіль)
w:1974-10-15:matveichik,Артур Матвейчик,MF,MF,,,group,1974-10-15,Матвейчик Артур Барисавіч,,,2004–2004,Кривбас (Кривий Ріг)
w:1986-04-21:kudlai,Сергій Кудлай,DF,DF,,,group,1986-04-21,Кудлай Сергій Валерійович,,,2004–2004,Кривбас (Кривий Ріг)
w:1985-03-09:suspitsin,Дмитро Суспіцин,MF,MF,,,group,1985-03-09,Суспіцин Дмитро Анатолійович,,,2004–2004,Кривбас (Кривий Ріг)
w:1975-11-05:hahokidze,Гіоргі Гахокідзе,MF,MF,,,group,1975-11-05,Гахокідзе Гіоргі,,,2004–2004,Металург (Донецьк)
w:1983-06-01:musonda,Віктор Мусонда,MF,MF,,,group,1983-06-01,Мусонда Віктор Петерович,,,2004–2004,Металург (Запоріжжя)
w:1984-11-26:pilipchuk,Сергій Пилипчук,FW,ST,,,group,1984-11-26,Пилипчук Сергій Валерійович,,,2004–2004,Металіст (Харків)
w:1986-11-25:slobodian,Вадим Слободян,MF,MF,,,group,1986-11-25,Слободян Вадим Олександрович,,,2004–2004,Оболонь (Київ)
w:1985-07-02:sahno,Сергій Сахно,DF,DF,,,group,1985-07-02,Сахно Сергій Миколайович,,,2004–2004,Борисфен (Бориспіль)
w:1981-04-20:dushan,Душан Попович,FW,ST,,,group,1981-04-20,Душан Попович,,,2004–2004,Волинь (Луцьк)
w:1981-08-20:antonio,Нанні Роберто Антоніо,FW,ST,,,group,1981-08-20,Нанні Роберто Антоніо,,,2004–2004,Динамо (Київ)
w:1984-02-22:horbanenko,В'ячеслав Горбаненко,MF,MF,,,group,1984-02-22,Горбаненко Вячеслав Олександрович,,,2004–2004,Кривбас (Кривий Ріг)
w:1986-12-10:sichov,Віталій Сичов,FW,ST,,,group,1986-12-10,Сичов Віталій Олексійович,,,2004–2004,Металург (Донецьк)
w:1985-03-13:chelidze,Лаша Челідзе,DF,DF,,,group,1985-03-13,Челідзе Лаша,,,2004–2004,Металург (Запоріжжя)
w:1984-08-10:abliametov,Арсен Абляметов,MF,MF,,,group,1984-08-10,Абляметов Арсен Шавкатович,,,2004–2004,Таврія (Сімферополь)
w:1984-09-28:tatarintsev,Антон Татарінцев,DF,DF,,,group,1984-09-28,Татарінцев Антон Юрійович,,,2004–2004,Таврія (Сімферополь)
w:1981-06-29:katkov,Павло Катков,DF,DF,,,group,1981-06-29,Катков Павло Валерійович,,,2004–2004,Таврія (Сімферополь)
w:1983-03-30:solomatin,Олексій Соломатін,FW,ST,,,group,1983-03-30,Соломатін Олексій Олександрович,,,2004–2004,Чорноморець (Одеса)
w:1982-01-18:saraiva,Іван,DF,DF,,,group,1982-01-18,Сарайва де Соуза Іван,,,2004–2004,Шахтар (Донецьк)
w:1988-10-12:listopad,Тимофій Листопад,MF,MF,,,group,1988-10-12,Листопад Тимофій Андрійович,,,2004–2004,Борисфен (Бориспіль)
w:1971-04-18:diriavka,Сергій Дірявка,DF,DF,,,group,1971-04-18,Дірявка Сергій Георгійович,,,1992–2003,Дніпро (Дніпропетровськ); ЦСКА (Київ); Кривбас (Кривий Ріг); Маріуполь / Іллічівець
w:1967-08-07:haidash,Олександр Гайдаш,FW,ST,,,group,1967-08-07,Гайдаш Олександр Миколайович,,,1992–2003,Таврія (Сімферополь); Маріуполь / Іллічівець
w:1972-01-23:nazarov,Євгеній Назаров,MF,MF,,,group,1972-01-23,Назаров Євгеній Миколайович,,,1992–2003,Металіст (Харків); Зоря (Луганськ); Карпати (Львів); Волинь (Луцьк)
w:1973-03-11:musolitin,Володимир Мусолітін,FW,ST,,,group,1973-03-11,Мусолітін Володимир Миколайович,,,1994–2003,Чорноморець (Одеса); Ворскла (Полтава); ЦСКА (Київ); Кривбас (Кривий Ріг); Металург (Запоріжжя)
w:1976-01-27:doniushkin,Юрій Донюшкін,DF,DF,,,group,1976-01-27,Донюшкін Юрій Олексійович,,,1995–2003,Таврія (Сімферополь)
w:1971-09-09:saharov,Костянтин Сахаров,MF,MF,,,group,1971-09-09,Сахаров Костянтин Анатолійович,,,1994–2003,Верес (Рівне); Маріуполь / Іллічівець
w:1975-04-24:bohatir,Іван Богатир,MF,MF,,,group,1975-04-24,Богатир Іван Олександрович,,,1994–2003,Металург (Запоріжжя); Металіст (Харків); Таврія (Сімферополь)
w:1971-03-05:polunin,Андрій Полунін,MF,MF,,,group,1971-03-05,Полунін Андрій Вікторович,,,1992–2003,Дніпро (Дніпропетровськ); ЦСКА (Київ); Карпати (Львів); Кривбас (Кривий Ріг)
w:1976-06-16:rimshin,Євген Римшин,FW,ST,,,group,1976-06-16,Римшин Євген Леонідович,,,1996–2003,Дніпро (Дніпропетровськ); Зірка (Кропивницький); Кривбас (Кривий Ріг); Прикарпаття (Івано-Франківськ); Карпати (Львів)
w:1977-11-01:mitrofanov,Олександр Митрофанов,MF,MF,,,group,1977-11-01,Митрофанов Олександр Володимирович,,,1994–2003,Таврія (Сімферополь); Волинь (Луцьк)
w:1963-12-13:fediukov,Олег Федюков,DF,DF,,,group,1963-12-13,Федюков Олег Іванович,,,1992–2003,Волинь (Луцьк); Карпати (Львів)
w:1972-10-08:rusanovski,Роман Русановський,DF,DF,,,group,1972-10-08,Русановський Роман Євгенович,,,1994–2003,Прикарпаття (Івано-Франківськ); Маріуполь / Іллічівець
w:1976-09-03:kotiuk,Андрій Котюк,DF,DF,,,group,1976-09-03,Котюк Андрій Валерійович,,,1993–2003,Дніпро (Дніпропетровськ); Кривбас (Кривий Ріг); Маріуполь / Іллічівець; Таврія (Сімферополь)
w:1975-02-17:lavrinenko,Сергій Лавриненко,DF,DF,,,group,1975-02-17,Лавриненко Сергій Дмитрович,,,1995–2003,Зірка (Кропивницький); Металург (Запоріжжя)
w:1973-10-19:hatskevich,Олександр Хацкевич,MF,MF,,,group,1973-10-19,Хацкевіч Аляксандр Мікалаєвіч,,,1996–2003,Динамо (Київ)
w:1976-04-18:homenko,Ігор Хоменко,DF,DF,,,group,1976-04-18,Хоменко Ігор Юрійович,,,1996–2003,Зірка (Кропивницький); Дніпро (Дніпропетровськ); Таврія (Сімферополь)
w:1976-03-24:kovalenko,Олександр Коваленко,MF,MF,,,group,1976-03-24,Коваленко Олександр Олександрович,,,1996–2003,Дніпро (Дніпропетровськ); Шахтар (Донецьк); Металург (Донецьк); Кривбас (Кривий Ріг)
w:1971-12-19:iakovenko,Юрій Яковенко,FW,ST,,,group,1971-12-19,Яковенко Юрій Вікторович,,,1993–2003,Кривбас (Кривий Ріг); Зірка (Кропивницький)
w:1971-03-04:kovalov,Альберт Ковальов,DF,DF,,,group,1971-03-04,Ковальов Альберт Сергійович,,,1997–2003,Металург (Донецьк); Ворскла (Полтава); Кривбас (Кривий Ріг)
w:1969-08-29:stolovitski,Ігор Столовицький,FW,ST,,,group,1969-08-29,Столовицький Ігор Михайлович,,,1992–2003,Шахтар (Донецьк); Торпедо (Запоріжжя); Зірка (Кропивницький)
w:1974-01-23:semchuk,Дмитро Семчук,DF,DF,,,group,1974-01-23,Семчук Дмитро Анатолійович,,,1994–2003,Нива (Вінниця); ЦСКА (Київ); Прикарпаття (Івано-Франківськ); Арсенал (Київ); Ворскла (Полтава)
w:1972-01-18:mizenko,Олександр Мизенко,FW,ST,,,group,1972-01-18,Мизенко Олександр Вікторович,,,1995–2003,Зірка (Кропивницький); Металург (Донецьк)
w:1978-08-22:balitski,Віталій Балицький,DF,DF,,,group,1978-08-22,Балицький Віталій Вікторович,,,1997–2003,ЦСКА (Київ); Арсенал (Київ); Волинь (Луцьк); Зірка (Кропивницький)
w:1974-07-28:schekotilin,Геннадій Щекотилін,MF,MF,,,group,1974-07-28,Щекотилін Геннадій Анатолійович,,,1996–2003,Чорноморець (Одеса); Кривбас (Кривий Ріг); Говерла / Закарпаття (Ужгород)
w:1979-10-11:brovchenko,Віктор Бровченко,MF,MF,,,group,1979-10-11,Бровченко Віктор Валерійович,,,1993–2003,Нива (Вінниця); Карпати (Львів)
w:1978-10-25:cherniak,Сергій Черняк,DF,DF,,,group,1978-10-25,Черняк Сергій Володимирович,,,1998–2003,Динамо (Київ); Ворскла (Полтава)
w:1971-12-11:shved,Василь Швед,FW,ST,,,group,1971-12-11,Швед Василь Васильович,,,2000–2003,Карпати (Львів)
w:1979-07-11:kosilov,Сергій Косілов,MF,MF,,,group,1979-07-11,Косілов Сергій Сергійович,,,1998–2003,Дніпро (Дніпропетровськ); Олександрія; Таврія (Сімферополь)
w:1982-01-20:kovalchuk,Сергій Ковальчук,MF,MF,,,group,1982-01-20,Ковальчук Сергій Сергійович,,,2001–2003,Карпати (Львів)
w:1980-10-21:teliatnikov,Олексій Телятников,FW,ST,,,group,1980-10-21,Телятников Олексій Леонідович,,,1996–2003,Торпедо (Запоріжжя); Дніпро (Дніпропетровськ); СК Миколаїв; Кривбас (Кривий Ріг); Олександрія
w:1977-10-03:krivi,Сергій Кривий,MF,MF,,,group,1977-10-03,Кривий Сергій Петрович,,,1998–2003,Нива (Тернопіль); Волинь (Луцьк)
w:1976-05-09:trapaidze,Гоча Трапаідзе,MF,MF,,,group,1976-05-09,Трапаідзе Гоча Важайович,,,2000–2003,Таврія (Сімферополь); Волинь (Луцьк)
w:1974-10-11:kril,Ігор Кріль,DF,DF,,,group,1974-10-11,Кріль Ігор Іванович,,,1997–2003,Прикарпаття (Івано-Франківськ); Зірка (Кропивницький)
w:1980-01-17:monarov,Роман Монарьов,FW,ST,,,group,1980-01-17,Монарьов Роман Геннадійович,,,1996–2003,Зірка (Кропивницький); Кривбас (Кривий Ріг); ЦСКА (Київ); Арсенал (Київ)
w:1979-02-25:bodnar,Ласло Боднар,DF,DF,,,group,1979-02-25,Боднар Ласло,,,2000–2003,Динамо (Київ); Арсенал (Київ)
w:1972-11-18:skachenko,Сергій Скаченко,FW,ST,,,group,1972-11-18,Скаченко Сергій Вікторович,,,1993–2003,Темп (Шепетівка); Динамо (Київ); Карпати (Львів)
w:1977-09-02:kuptsov,Олексій Купцов,DF,DF,,,group,1977-09-02,Купцов Олексій Сергійович,,,1994–2003,Дніпро (Дніпропетровськ); Кривбас (Кривий Ріг)
w:1978-11-17:chomahidze,Шота Чомахідзе,MF,MF,,,group,1978-11-17,Чомахідзе Шота,,,1999–2003,Нива (Тернопіль); Таврія (Сімферополь)
w:1976-09-17:artemenko,Сергій Артеменко,MF,MF,,,group,1976-09-17,Артеменко Сергій Володимирович,,,1999–2003,Чорноморець (Одеса); Маріуполь / Іллічівець; Таврія (Сімферополь)
w:1978-10-10:aniamke,Едвард Аньямке,FW,ST,,,group,1978-10-10,Аньямке Едвард,,,2001–2003,Карпати (Львів)
w:1969-05-04:parahnevich,Віталій Парахневич,FW,ST,,,group,1969-05-04,Парахневич Віталій Валерійович,,,1992–2003,Чорноморець (Одеса)
w:1971-11-19:pavlik,Ігор Павлик,MF,MF,,,group,1971-11-19,Павлик Ігор Васильович,,,1994–2003,Металург (Запоріжжя); Торпедо (Запоріжжя); Зірка (Кропивницький)
w:1975-03-01:samoilov,Віталій Самойлов,MF,MF,,,group,1975-03-01,Самойлов Віталій Олегович,,,1996–2003,Ворскла (Полтава); Динамо (Київ); Оболонь (Київ)
w:1978-11-11:shevchuk,Юрій Шевчук,MF,MF,,,group,1978-11-11,Шевчук Юрій Васильович,,,1996–2003,Кривбас (Кривий Ріг); Олександрія; Оболонь (Київ)
w:1976-11-14:ahaseid,Гулієв Камаль Агасеїд огли,DF,DF,,,group,1976-11-14,Гулієв Камаль Агасеїд огли,,,2002–2003,Волинь (Луцьк)
w:1979-10-21:miklashevich,Руслан Міклашевич,DF,DF,,,group,1979-10-21,Міклашевич Руслан Сергійович,,,2001–2003,Маріуполь / Іллічівець
w:1978-04-27:katinsus,Валерій Катинсус,DF,DF,,,group,1978-04-27,Катинсус Валерій,,,2002–2003,Чорноморець (Одеса)
w:1980-08-14:aphazava,Шалва Апхазава,FW,ST,,,group,1980-08-14,Апхазава Шалва,,,2002–2003,Арсенал (Київ)
w:1976-02-14:hohil,Ігор Гогіль,FW,ST,,,group,1976-02-14,Гогіль Ігор Михайлович,,,1996–2003,ЦСКА (Київ); Прикарпаття (Івано-Франківськ); Борисфен (Бориспіль)
w:1980-02-14:duarte,Васконцелос Фабіо Дуарте,MF,MF,,,group,1980-02-14,Васконцелос Фабіо Дуарте,,,2002–2003,Металург (Запоріжжя)
w:1978-08-18:kutsi,Павло Куций,DF,DF,,,group,1978-08-18,Куций Павло Павлович,,,1999–2003,Таврія (Сімферополь)
w:1977-02-05:schastlivi,Сергій Щастливий,DF,DF,,,group,1977-02-05,Щастливий Сергій Миколайович,,,1999–2003,Зірка (Кропивницький)
w:1979-04-14:alev,Самір Алієв,FW,ST,,,group,1979-04-14,Алієв Самір Якуб огли,,,2002–2003,Волинь (Луцьк)
w:1980-12-09:tomislav,Томислав Вишевич,DF,DF,,,group,1980-12-09,Вишевич Томислав,,,2002–2003,Металург (Запоріжжя)
w:1976-08-26:erko,Єрко Мікулич,DF,DF,,,group,1976-08-26,Мікуліч Єрко,,,2002–2003,Карпати (Львів)
w:1970-12-21:komziuk,Ярослав Комзюк,DF,DF,,,group,1970-12-21,Комзюк Ярослав Васильович,,,1993–2003,Волинь (Луцьк)
w:1977-03-26:sahno,Віталій Сахно,MF,MF,,,group,1977-03-26,Сахно Віталій Вікторович,,,2001–2003,Олександрія; Карпати (Львів)
w:1981-12-01:merkado,Пітер Меркадо,MF,MF,,,group,1981-12-01,Меркадо Назарен Пітер Тейлор,,,2002–2003,Ворскла (Полтава)
w:1978-07-18:martinenko,Андрій Мартиненко,DF,DF,,,group,1978-07-18,Мартиненко Андрій Анатолійович,,,1999–2003,Зірка (Кропивницький); Олександрія
w:1973-11-30:iovichevich,Ігор Йовічевич,MF,MF,,,group,1973-11-30,Йовічевіч Ігор,,,2002–2003,Карпати (Львів)
w:1978-11-20:lavrenti,Лавренті Мікадзе,DF,DF,,,group,1978-11-20,Мікадзе Лавренті,,,2002–2003,Кривбас (Кривий Ріг)
w:1977-11-11:androshich,Вальтер Андрошич,DF,DF,,,group,1977-11-11,Андрошіч Вальтер,,,2002–2003,Ворскла (Полтава)
w:1978-03-21:horban,Андрій Горбань,MF,MF,,,group,1978-03-21,Горбань Андрій Павлович,,,1996–2003,Зірка (Кропивницький)
w:1977-04-04:lanko,Віталій Ланько,MF,MF,,,group,1977-04-04,Ланько Вітал Аляксандравіч,,,2003–2003,Волинь (Луцьк)
w:1979-10-03:paholiuk,Роман Пахолюк,FW,ST,,,group,1979-10-03,Пахолюк Роман Васильович,,,1997–2003,ЦСКА (Київ); Арсенал (Київ); Чорноморець (Одеса)
w:1973-03-14:pajin,Предраг Пажін,DF,DF,,,group,1973-03-14,Пажін Предраг,,,2002–2003,Шахтар (Донецьк)
w:1971-11-17:ahmedov,Тарлан Ахмедов,DF,DF,,,group,1971-11-17,Ахмедов Тарлан Муса оглу,,,2003–2003,Волинь (Луцьк)
w:1980-04-06:petrunia,Максим Петруня,FW,ST,,,group,1980-04-06,Петруня Максим Михайлович,,,1999–2003,Зірка (Кропивницький)
w:1979-11-14:arman,Арман Карамян,FW,ST,,,group,1979-11-14,Карамян Арман,,,2003–2003,Арсенал (Київ)
w:1972-09-05:dobrianski,Андрій Добрянський,MF,MF,,,group,1972-09-05,Добрянський Андрій Миколайович,,,2003–2003,Зірка (Кропивницький)
w:1975-10-10:avhustin,Кіріце Августін Едвар,MF,MF,,,group,1975-10-10,Кіріце Августін Едвар,,,2003–2003,Карпати (Львів)
w:1982-09-11:dedich,Русмін Дедич,DF,DF,,,group,1982-09-11,Дедіч Русмін,,,2002–2003,Ворскла (Полтава)
w:1982-09-04:bairamov,Назар Байрамов,MF,MF,,,group,1982-09-04,Байрамов Назар Караджаєвіч,,,2002–2003,Ворскла (Полтава)
w:1981-02-09:batrachenko,Олександр Батраченко,DF,DF,,,group,1981-02-09,Батраченко Олександр Миколайович,,,1998–2003,Металург (Запоріжжя)
w:1981-08-19:esteban,Фронтіні Карлос Естебан,FW,ST,,,group,1981-08-19,Фронтіні Карлос Естебан,,,2003–2003,Ворскла (Полтава)
w:1979-01-30:evmenev,Роман Євменьєв,MF,MF,,,group,1979-01-30,Євменьєв Роман Владіміровіч,,,2003–2003,Зірка (Кропивницький)
w:1979-06-14:esinhila,Мозес Есінгіла Молонго,FW,ST,,,group,1979-06-14,Мозес Есінгіла Молонго,,,2002–2003,Волинь (Луцьк); Ворскла (Полтава)
w:1978-08-20:smishko,Богдан Смішко,DF,DF,,,group,1978-08-20,Смішко Богдан Володимирович,,,2002–2003,Чорноморець (Одеса); Зірка (Кропивницький)
w:1979-01-13:kerimov,Расім Керімов,DF,DF,,,group,1979-01-13,Керімов Расім Рафікович,,,2002–2003,Ворскла (Полтава)
w:1976-06-27:pavlovich,Зоран Павлович,MF,MF,,,group,1976-06-27,Павловіч Зоран,,,2002–2003,Ворскла (Полтава)
w:1980-09-09:hrishin,Віталій Гришин,MF,MF,,,group,1980-09-09,Гришин Віталій Миколайович,,,2003–2003,Ворскла (Полтава)
w:1977-04-10:savelev,Олексій Савельєв,MF,MF,,,group,1977-04-10,Савельєв Олексій Віталійович,,,2003–2003,Ворскла (Полтава)
w:1982-07-06:mihashko,Максим Мігашко,DF,DF,,,group,1982-07-06,Мігашко Максим Михайлович,,,2003–2003,Зірка (Кропивницький)
w:1973-03-27:deripapa,Олексій Дерипапа,FW,ST,,,group,1973-03-27,Дерипапа Олексій Володимирович,,,2001–2003,Металіст (Харків); Зірка (Кропивницький)
w:1979-08-07:homutov,Денис Хомутов,MF,MF,,,group,1979-08-07,Хомутов Денис Олександрович,,,2001–2003,Олександрія; Зірка (Кропивницький)
w:1970-09-14:hela,Гела Шекіладзе,DF,DF,,,group,1970-09-14,Шекіладзе Гела,,,2003–2003,Арсенал (Київ)
w:1977-07-27:mitin,Сергій Мітін,DF,DF,,,group,1977-07-27,Мітін Сергій Анатолійович,,,1998–2003,Маріуполь / Іллічівець; Кривбас (Кривий Ріг)
w:1981-12-18:berlizev,Максим Берлізєв,MF,MF,,,group,1981-12-18,Берлізєв Максим Анатолійович,,,2001–2003,Ворскла (Полтава)
w:1983-11-29:orehov,Олександр Орєхов,DF,DF,,,group,1983-11-29,Орєхов Олександр Олександрович,,,2002–2003,Арсенал (Київ)
w:1975-09-17:hamza,Ядуллаєв Ільхам Хамза оглу,DF,DF,,,group,1975-09-17,Ядуллаєв Ільхам Хамза оглу,,,2002–2003,Волинь (Луцьк); Таврія (Сімферополь)
w:1975-08-28:senad,Сенад Тігань,FW,ST,,,group,1975-08-28,Тігань Сенад,,,2002–2003,Карпати (Львів)
w:1978-04-14:ershov,Сергій Єршов,FW,ST,,,group,1978-04-14,Єршов Сергій Валерійович,,,2002–2003,Металург (Запоріжжя)
w:1978-06-22:firsov,Вадим Фірсов,MF,MF,,,group,1978-06-22,Фірсов Вадим Миколайович,,,2003–2003,Зірка (Кропивницький)
w:1973-05-10:hanlar,Гурбанов Махмуд Ханлар оглу,MF,MF,,,group,1973-05-10,Гурбанов Махмуд Ханлар оглу,,,2003–2003,Таврія (Сімферополь)
w:1976-03-18:ihonin,Олексій Ігонін,MF,MF,,,group,1976-03-18,Ігонін Олексій Андрєєвіч,,,2003–2003,Чорноморець (Одеса)
w:1979-09-12:vasin,Денис Васін,DF,DF,,,group,1979-09-12,Васін Денис Юрійович,,,1998–2003,СК Миколаїв; Таврія (Сімферополь)
w:1978-08-30:aladin,Ісмаїлов Фарух Аладдін огли,MF,MF,,,group,1978-08-30,Ісмаїлов Фарух Аладдін огли,,,2003–2003,Волинь (Луцьк)
w:1976-08-23:irismetov,Жафар Ірісметов,FW,ST,,,group,1976-08-23,Ірісметов Жафар Турсунбаєвич,,,2003–2003,Кривбас (Кривий Ріг)
w:1979-01-09:marhel,Юрій Мархель,FW,ST,,,group,1979-01-09,Мархель Юрий Міхайлавіч,,,2003–2003,Металург (Запоріжжя)
w:1983-04-02:veprik,Олег Веприк,MF,MF,,,group,1983-04-02,Веприк Олег Олексійович,,,2001–2003,Карпати (Львів)
w:1981-12-12:chukvudi,Чуквуді Нвогу,FW,ST,,,group,1981-12-12,Нвогу Чуквуді,,,2002–2003,Ворскла (Полтава); Кривбас (Кривий Ріг)
w:1982-09-14:kovhan,Олександр Ковган,FW,ST,,,group,1982-09-14,Ковган Олександр Олександрович,,,2003–2003,Зірка (Кропивницький)
w:1986-02-16:iariuhin,Олексій Ярюхін,MF,MF,,,group,1986-02-16,Ярюхін Олексій Олексійович,,,2003–2003,Зірка (Кропивницький)
w:1980-10-02:hrihol,Грігол Імедадзе,FW,ST,,,group,1980-10-02,Імедадзе Грігол,,,2003–2003,Таврія (Сімферополь)
w:1982-03-21:fabio,Перейра да Сільва Фабіо,DF,DF,,,group,1982-03-21,Перейра да Сільва Фабіо,,,2003–2003,Ворскла (Полтава)
w:1982-11-17:schepanovich,Вучіна Щепанович,FW,ST,,,group,1982-11-17,Щепановіч Вучіна,,,2003–2003,Кривбас (Кривий Ріг)
w:1979-01-22:andrius,Андрюс Бразаускас,FW,ST,,,group,1979-01-22,Бразаускас Андрюс,,,2003–2003,Металург (Запоріжжя)
w:1978-03-07:hrischenko,Олексій Грищенко,MF,MF,,,group,1978-03-07,Грищенко Олексій Володимирович,,,1994–2003,Таврія (Сімферополь)
w:1984-01-17:slobodian,Михайло Слободян,FW,ST,,,group,1984-01-17,Слободян Михайло Петрович,,,2002–2003,Оболонь (Київ)
w:1976-03-17:arhire,Юліан Архіре,MF,MF,,,group,1976-03-17,Юліан Архіре,,,2002–2003,Металург (Донецьк); Волинь (Луцьк)
w:1980-06-28:novikov,Євгені Новіков,FW,ST,,,group,1980-06-28,Новіков Євгені,,,2003–2003,Зірка (Кропивницький)
w:1977-08-02:dzenisiuk,Дмитро Денисюк,MF,MF,,,group,1977-08-02,Дзенісюк Дзмітрий Васільєвіч,,,2003–2003,Металург (Запоріжжя)
w:1982-04-07:branimir,Бранимир Субашич,FW,ST,,,group,1982-04-07,Субашіч Бранімір,,,2003–2003,Чорноморець (Одеса)
w:1981-11-11:komar,Ярослав Комар,MF,MF,,,group,1981-11-11,Комар Ярослав Володимирович,,,1999–2003,Зірка (Кропивницький)
w:1978-07-17:braikovich,Горан Брайкович,MF,MF,,,group,1978-07-17,Брайковіч Горан,,,2003–2003,Арсенал (Київ)
w:1973-05-19:tomash,Цетнарович Пйотр Томаш,FW,ST,,,group,1973-05-19,Цетнарович Пйотр Томаш,,,2003–2003,Кривбас (Кривий Ріг)
w:1984-10-25:honcharenko,Євген Гончаренко,MF,MF,,,group,1984-10-25,Гончаренко Євген Геннадійович,,,2002–2003,Кривбас (Кривий Ріг)
w:1981-05-01:kalachov,Тимофій Калачов,MF,MF,,,group,1981-05-01,Калачов Цімафей,,,2003–2003,Маріуполь / Іллічівець; Шахтар (Донецьк)
w:1984-03-27:chaban,Сергій Чабан,FW,ST,,,group,1984-03-27,Чабан Сергій Миколайович,,,2003–2003,Карпати (Львів)
w:1980-05-23:korol,Костянтин Король,FW,ST,,,group,1980-05-23,Король Костянтин Миколайович,,,1998–2003,Таврія (Сімферополь)
w:1974-08-04:kachur,Василь Качур,DF,DF,,,group,1974-08-04,Качур Василь Михайлович,,,2003–2003,Борисфен (Бориспіль)
w:1979-01-10:alesandro,Алессандро,DF,DF,,,group,1979-01-10,Алессандро Морі,,,2003–2003,Динамо (Київ)
w:1986-09-19:mihailov,Сергій Михайлов,MF,MF,,,group,1986-09-19,Михайлов Сергій Олександрович,,,2003–2003,Металург (Запоріжжя)
w:1975-03-01:djordje,Джордже Інджич,MF,MF,,,group,1975-03-01,Джордже Інджич,,,2003–2003,Чорноморець (Одеса)
w:1983-08-14:drabeniuk,Роман Драбенюк,FW,ST,,,group,1983-08-14,Драбенюк Роман Миколайович,,,2003–2003,Борисфен (Бориспіль)
w:1979-02-16:artemov,Віталій Артемов,DF,DF,,,group,1979-02-16,Артемов Віталій Павлович,,,2003–2003,Зірка (Кропивницький)
w:1982-12-31:borenovich,Ілія Боренович,FW,ST,,,group,1982-12-31,Бореновіч Ілія,,,2003–2003,Кривбас (Кривий Ріг)
w:1980-09-10:konovalenko,Євгеній Коноваленко,MF,MF,,,group,1980-09-10,Коноваленко Євгеній Леонідович,,,2003–2003,Металург (Запоріжжя)
w:1972-05-17:vasilev,Вадим Васильєв,FW,ST,,,group,1972-05-17,Васильєв Вадим Вікторович,,,2003–2003,Таврія (Сімферополь)
w:1982-01-06:pinchuk,Дмитро Пінчук,FW,ST,,,group,1982-01-06,Пінчук Дмитро Миколайович,,,2003–2003,Борисфен (Бориспіль)
w:1984-01-05:trefilovski,Дмитро Трефіловський,MF,MF,,,group,1984-01-05,Трефіловський Дмитро Сергійович,,,2003–2003,Волинь (Луцьк)
w:1977-02-24:ohnenovich,Періца Огнєнович,MF,MF,,,group,1977-02-24,Огнєновіч Періца,,,2003–2003,Динамо (Київ)
w:1981-10-05:alekseis,Алєксейс Колесніковс,MF,MF,,,group,1981-10-05,Колесніковс Алєксейс,,,2003–2003,Металург (Запоріжжя)
w:1981-10-23:skidan,Ярослав Скидан,MF,MF,,,group,1981-10-23,Скидан Ярослав Олександрович,,,2003–2003,Маріуполь / Іллічівець
w:1983-08-06:sonin,Олександр Сонін,FW,ST,,,group,1983-08-06,Сонін Олександр Миколайович,,,2003–2003,Арсенал (Київ)
w:1986-01-21:stepanov,Роман Степанов,FW,ST,,,group,1986-01-21,Степанов Роман Анатолійович,,,2003–2003,Волинь (Луцьк)
w:1983-01-18:popko,Олександр Попко,DF,DF,,,group,1983-01-18,Попко Олександр Вікторович,,,2003–2003,Ворскла (Полтава)
w:1982-01-22:simonchuk,Володимир Симончук,MF,MF,,,group,1982-01-22,Симончук Володимир Петрович,,,2003–2003,Таврія (Сімферополь)
w:1975-06-21:kotri,Улікс Котррі,DF,DF,,,group,1975-06-21,Котррі Улікс,,,2003–2003,Таврія (Сімферополь)
w:1983-03-08:cheh,Віталій Чех,MF,MF,,,group,1983-03-08,Чех Віталій Ростиславович,,,2003–2003,Таврія (Сімферополь)
w:1984-10-17:chetiani,Звіаді Чхетіані,DF,DF,,,group,1984-10-17,Чхетіані Звіаді,,,2003–2003,Таврія (Сімферополь)
w:1986-03-05:kirenko,Ігор Кірієнко,MF,MF,,,group,1986-03-05,Кірієнко Ігор Сергійович,,,2003–2003,Маріуполь / Іллічівець
w:1984-08-19:ivanov,Іван Іванов,MF,MF,,,group,1984-08-19,Іванов Іван Олександрович,,,2003–2003,Маріуполь / Іллічівець
w:1969-08-26:vovchuk,Любомир Вовчук,MF,MF,,,group,1969-08-26,Вовчук Любомир Євгенович,,,1992–2002,Волинь (Луцьк); Карпати (Львів)
w:1972-02-29:palianitsia,Олександр Паляниця,FW,ST,,,group,1972-02-29,Паляниця Олександр Віталійович,,,1992–2002,Верес (Рівне); Дніпро (Дніпропетровськ); Кривбас (Кривий Ріг); Карпати (Львів); Металіст (Харків)
w:1971-06-21:pokladok,Андрій Покладок,FW,ST,,,group,1971-06-21,Покладок Андрій Ярославович,,,1992–2002,Карпати (Львів); Металург (Донецьк); Олександрія
w:1966-06-09:plotko,Ігор Плотко,MF,MF,,,group,1966-06-09,Плотко Ігор Володимирович,,,1992–2002,Карпати (Львів); Дніпро (Дніпропетровськ); Торпедо (Запоріжжя); Кривбас (Кривий Ріг); Металург (Запоріжжя); Маріуполь / 
w:1971-09-23:kozar,Геннадій Козар,DF,DF,,,group,1971-09-23,Козар Геннадій Васильович,,,1992–2002,Кривбас (Кривий Ріг); Дніпро (Дніпропетровськ); Олександрія
w:1970-08-18:matvev,Олег Матвєєв,MF,MF,,,group,1970-08-18,Матвєєв Олег Юрійович,,,1992–2002,Шахтар (Донецьк); Кремінь (Кременчук); Металург (Запоріжжя); Металург (Донецьк)
w:1972-01-08:atelkin,Сергій Ателькін,FW,ST,,,group,1972-01-08,Ателькін Сергій Валерійович,,,1992–2002,Шахтар (Донецьк); Кремінь (Кременчук); Металург (Донецьк)
w:1970-08-09:bejenar,Сергій Беженар,DF,DF,,,group,1970-08-09,Беженар Сергій Миколайович,,,1992–2002,Дніпро (Дніпропетровськ); Динамо (Київ); Ворскла (Полтава); ЦСКА (Київ); Таврія (Сімферополь)
w:1971-09-18:sharan,Володимир Шаран,MF,MF,,,group,1971-09-18,Шаран Володимир Богданович,,,1992–2002,Динамо (Київ); Дніпро (Дніпропетровськ); Карпати (Львів); Олександрія
w:1970-10-16:mokritski,Юрій Мокрицький,DF,DF,,,group,1970-10-16,Мокрицький Юрій Ярославович,,,1992–2002,Карпати (Львів); Ворскла (Полтава); Прикарпаття (Івано-Франківськ); Олександрія
w:1976-01-26:voskoboinik,Олександр Воскобойник,FW,ST,,,group,1976-01-26,Воскобойник Олександр Володимирович,,,1993–2002,Шахтар (Донецьк); Кривбас (Кривий Ріг); Металург (Донецьк); Ворскла (Полтава)
w:1973-02-19:huzenko,Андрій Гузенко,MF,MF,,,group,1973-02-19,Гузенко Андрій Леонідович,,,1992–2002,Карпати (Львів); Торпедо (Запоріжжя); СК Миколаїв; Ворскла (Полтава)
w:1971-11-17:kucher,Олег Кучер,MF,MF,,,group,1971-11-17,Кучер Олег Миколайович,,,1992–2002,Верес (Рівне); Металіст (Харків)
w:1969-06-21:pets,Роман Пець,DF,DF,,,group,1969-06-21,Пець Роман Васильович,,,1992–2002,Металіст (Харків); Чорноморець (Одеса)
w:1973-08-14:prihodko,Геннадій Приходько,MF,MF,,,group,1973-08-14,Приходько Геннадій Миколайович,,,1993–2002,Кривбас (Кривий Ріг); Дніпро (Дніпропетровськ); Зірка (Кропивницький); Олександрія
w:1974-09-09:piatenko,Володимир П'ятенко,DF,DF,,,group,1974-09-09,Пятенко Володимир Миколайович,,,1992–2002,Таврія (Сімферополь); Шахтар (Донецьк); Металіст (Харків); Металург (Донецьк); Ворскла (Полтава)
w:1967-01-03:sak,Юрій Сак,DF,DF,,,group,1967-01-03,Сак Юрій Миколайович,,,1992–2002,Чорноморець (Одеса); Маріуполь / Іллічівець; Оболонь (Київ)
w:1972-09-29:buhai,Сергій Бугай,DF,DF,,,group,1972-09-29,Бугай Сергій Іванович,,,1994–2002,СК Миколаїв; Кривбас (Кривий Ріг); Металург (Запоріжжя)
w:1966-09-25:topchev,Дмитро Топчієв,MF,MF,,,group,1966-09-25,Топчієв Дмитро Миколайович,,,1992–2002,Динамо (Київ); Карпати (Львів); Дніпро (Дніпропетровськ); Зірка (Кропивницький); Металург (Запоріжжя); Волинь (Луцьк)
w:1970-09-22:omelchuk,Олександр Омельчук,MF,MF,,,group,1970-09-22,Омельчук Олександр Макарович,,,1996–2002,Ворскла (Полтава); Кривбас (Кривий Ріг)
w:1970-08-15:pervak,Віталій Первак,DF,DF,,,group,1970-08-15,Первак Віталій Миколайович,,,1997–2002,Нива (Тернопіль); Прикарпаття (Івано-Франківськ); Олександрія
w:1968-12-11:tolochko,Роман Толочко,MF,MF,,,group,1968-12-11,Толочко Роман Любомирович,,,1992–2002,Карпати (Львів); Волинь (Луцьк)
w:1973-06-10:kolesnichenko,Віталій Колесніченко,MF,MF,,,group,1973-06-10,Колесніченко Віталій Віталійович,,,1994–2002,Чорноморець (Одеса)
w:1974-10-12:romanchuk,Руслан Романчук,MF,MF,,,group,1974-10-12,Романчук Руслан Володимирович,,,1992–2002,Чорноморець (Одеса); Кремінь (Кременчук); Нива (Вінниця)
w:1978-06-13:kripak,Яків Кріпак,FW,ST,,,group,1978-06-13,Кріпак Яків Вікторович,,,1995–2002,Металург (Запоріжжя); ЦСКА (Київ); Металург (Донецьк); Шахтар (Донецьк); Сталь (Алчевськ); Олександрія; Дніпро (Дніпропе
w:1967-02-16:zub,Роман Зуб,MF,MF,,,group,1967-02-16,Зуб Роман Іванович,,,1992–2002,Волинь (Луцьк); Карпати (Львів); Прикарпаття (Івано-Франківськ); Олександрія
w:1975-04-16:anischenko,Андрій Аніщенко,DF,DF,,,group,1975-04-16,Аніщенко Андрій Анатолійович,,,1997–2002,Кривбас (Кривий Ріг)
w:1972-10-29:mintenko,Віталій Мінтенко,FW,ST,,,group,1972-10-29,Мінтенко Віталій Георгійович,,,1992–2002,Динамо (Київ); Прикарпаття (Івано-Франківськ); Металург (Донецьк); Кривбас (Кривий Ріг); Дніпро (Дніпропетровськ)
w:1979-08-18:molokutsko,Степан Молокуцько,FW,ST,,,group,1979-08-18,Молокуцько Степан Костянтинович,,,1997–2002,Маріуполь / Іллічівець
w:1968-10-25:chuichenko,Сергій Чуйченко,FW,ST,,,group,1968-10-25,Чуйченко Сергій Олександрович,,,1994–2002,Дніпро (Дніпропетровськ); Ворскла (Полтава); Олександрія; Металіст (Харків)
w:1975-03-31:balanchuk,Сергій Баланчук,DF,DF,,,group,1975-03-31,Баланчук Сергій Олександрович,,,1995–2002,Динамо (Київ); Ворскла (Полтава); Металіст (Харків)
w:1970-10-30:osadchi,Сергій Осадчий,DF,DF,,,group,1970-10-30,Осадчий Сергій Миколайович,,,1999–2002,Металург (Донецьк); Металіст (Харків)
w:1972-06-15:balatski,Анатолій Балацький,DF,DF,,,group,1972-06-15,Балацький Анатолій Васильович,,,1994–2002,Нива (Тернопіль); Нива (Вінниця); ЦСКА (Київ); Олександрія
w:1971-08-02:jilin,Олег Жилін,DF,DF,,,group,1971-08-02,Жилін Олег Миколайович,,,1998–2002,Зірка (Кропивницький); Металіст (Харків); Олександрія
w:1970-06-29:rudniak,Дмитро Рудняк,FW,ST,,,group,1970-06-29,Рудняк Дмитро Геннадійович,,,1998–2002,Металіст (Харків)
w:1972-11-18:holdin,Вадим Гольдін,MF,MF,,,group,1972-11-18,Гольдін Вадим Якович,,,1998–2002,Металіст (Харків)
w:1974-04-17:borisenko,Сергій Борисенко,FW,ST,,,group,1974-04-17,Борисенко Сергій Миколайович,,,1995–2002,Зірка (Кропивницький); ЦСКА (Київ); Таврія (Сімферополь); Кривбас (Кривий Ріг)
w:1976-01-10:kravchenko,Віктор Кравченко,MF,MF,,,group,1976-01-10,Кравченко Віктор Миколайович,,,1997–2002,Металург (Запоріжжя); Таврія (Сімферополь)
w:1976-01-26:chali,Володимир Чалий,MF,MF,,,group,1976-01-26,Чалий Володимир Володимирович,,,1996–2002,Зірка (Кропивницький); Кривбас (Кривий Ріг)
w:1975-08-26:burdin,Олександр Бурдін,MF,MF,,,group,1975-08-26,Бурдін Олександр Васильович,,,1994–2002,Таврія (Сімферополь); Оболонь (Київ)
w:1970-06-14:kulik,Костянтин Кулик,MF,MF,,,group,1970-06-14,Кулик Костянтин Анатолійович,,,1992–2002,Чорноморець (Одеса)
w:1975-08-09:kozakevich,Олександр Козакевич,FW,ST,,,group,1975-08-09,Козакевич Олександр Володимирович,,,1995–2002,Чорноморець (Одеса); Олександрія
w:1977-09-08:bulhakov,Олексій Булгаков,DF,DF,,,group,1977-09-08,Булгаков Олексій Володимирович,,,1997–2002,Металург (Донецьк); Маріуполь / Іллічівець
w:1967-04-27:pilipchuk,Роман Пилипчук,FW,ST,,,group,1967-04-27,Пилипчук Роман Михайлович,,,1999–2002,Металург (Донецьк)
w:1971-04-08:zubkov,Владислав Зубков,MF,MF,,,group,1971-04-08,Зубков Владислав Вікторович,,,1992–2002,Металург (Запоріжжя); Чорноморець (Одеса); Дніпро (Дніпропетровськ)
w:1978-09-13:besarab,Олександр Бессараб,FW,ST,,,group,1978-09-13,Бессараб Олександр Миколайович,,,1994–2002,Нива (Вінниця); Ворскла (Полтава)
w:1975-09-11:kostiukov,Сергій Костюков,MF,MF,,,group,1975-09-11,Костюков Сергій Миколайович,,,1998–2002,Металіст (Харків)
w:1979-01-01:kolesnik,Сергій Колесник,MF,MF,,,group,1979-01-01,Колесник Сергій Олександрович,,,1998–2002,Маріуполь / Іллічівець
w:1974-08-01:asan,Ассан Ндіайе,DF,DF,,,group,1974-08-01,Ндіайе Ассан,,,2000–2002,Шахтар (Донецьк)
w:1976-12-29:mikuliak,Олександр Микуляк,FW,ST,,,group,1976-12-29,Микуляк Олександр Васильович,,,1994–2002,Прикарпаття (Івано-Франківськ); Металург (Запоріжжя); Таврія (Сімферополь)
w:1978-05-01:isak,Ісаак Окоронкво,DF,DF,,,group,1978-05-01,Окоронкво Ісаак,,,2000–2002,Шахтар (Донецьк)
w:1979-03-09:belikov,Віталій Бєліков,MF,MF,,,group,1979-03-09,Бєліков Віталій Петрович,,,1996–2002,Торпедо (Запоріжжя); Дніпро (Дніпропетровськ); Кривбас (Кривий Ріг)
w:1975-05-14:matsihura,Володимир Мацігура,DF,DF,,,group,1975-05-14,Мацігура Володимир Васильович,,,1995–2002,ЦСКА (Київ); Металіст (Харків)
w:1979-05-28:sanjar,Роман Санжар,MF,MF,,,group,1979-05-28,Санжар Роман Миколайович,,,2000–2002,Металург (Донецьк); Кривбас (Кривий Ріг)
w:1977-11-04:jurka,Олег Журка,DF,DF,,,group,1977-11-04,Журка Олег Васильович,,,2001–2002,Говерла / Закарпаття (Ужгород); Олександрія
w:1973-10-20:boitsan,Олександр Бойцан,DF,DF,,,group,1973-10-20,Бойцан Олександр Володимирович,,,1999–2002,Нива (Тернопіль); Таврія (Сімферополь); Волинь (Луцьк)
w:1981-06-23:hrebiniuk,Олександр Гребінюк,FW,ST,,,group,1981-06-23,Гребінюк Олександр Вікторович,,,1999–2002,Кривбас (Кривий Ріг)
w:1980-04-11:taran,Євген Таран,DF,DF,,,group,1980-04-11,Таран Євген Миколайович,,,1999–2002,Маріуполь / Іллічівець
w:1976-04-03:bohatirov,Сергій Богатирьов,MF,MF,,,group,1976-04-03,Богатирьов Сергій Борисович,,,1997–2002,Маріуполь / Іллічівець; Говерла / Закарпаття (Ужгород); Арсенал (Київ)
w:1977-09-10:poliarush,Олег Поляруш,MF,MF,,,group,1977-09-10,Поляруш Олег Миколайович,,,1997–2002,ЦСКА (Київ); Арсенал (Київ); Таврія (Сімферополь)
w:1974-05-08:lemishko,Костянтин Лемішко,DF,DF,,,group,1974-05-08,Лемішко Костянтин Львович,,,1999–2002,Нива (Тернопіль); Олександрія; Ворскла (Полтава)
w:1976-02-11:sobkovich,Олександр Собкович,MF,MF,,,group,1976-02-11,Собкович Олександр Дмитрович,,,1997–2002,Маріуполь / Іллічівець; ЦСКА (Київ); Чорноморець (Одеса); Оболонь (Київ)
w:1970-08-08:moroz,Юрій Мороз,DF,DF,,,group,1970-08-08,Мороз Юрій Леонтійович,,,1992–2002,Верес (Рівне); Динамо (Київ); Говерла / Закарпаття (Ужгород); Ворскла (Полтава)
w:1973-06-07:baston,Євген Бастон,FW,ST,,,group,1973-06-07,Бастон Євген Даніель,,,2000–2002,Металург (Запоріжжя)
w:1980-08-11:bermudes,Дмитро Бермудес,MF,MF,,,group,1980-08-11,Бермудес Дмитро Валерійович,,,2001–2002,Металіст (Харків)
w:1982-03-29:karabkin,Ярослав Карабкін,DF,DF,,,group,1982-03-29,Карабкін Ярослав Станіславович,,,2001–2002,Говерла / Закарпаття (Ужгород); Арсенал (Київ)
w:1975-11-18:bobovich,Ігор Бобович,FW,ST,,,group,1975-11-18,Бобович Ігор Михайлович,,,2002–2002,Чорноморець (Одеса)
w:1978-03-24:erohin,Андрій Єрохін,DF,DF,,,group,1978-03-24,Єрохін Андрій Анатолійович,,,1999–2002,Чорноморець (Одеса)
w:1973-01-31:lozovski,Андрій Лозовський,DF,DF,,,group,1973-01-31,Лозовський Андрій Миколайович,,,1992–2002,Чорноморець (Одеса)
w:1972-06-02:pophadze,Зураб Попхадзе,DF,DF,,,group,1972-06-02,Попхадзе Зураб,,,2002–2002,Кривбас (Кривий Ріг)
w:1980-08-16:stejkovi,Василь Стежковий,DF,DF,,,group,1980-08-16,Стежковий Василь Вікторович,,,1999–2002,Чорноморець (Одеса)
w:1981-01-07:dodich,Маріо Додич,DF,DF,,,group,1981-01-07,Додіч Маріо,,,2002–2002,Металург (Запоріжжя)
w:1976-09-02:bernar,Чутанг Бернар Самуель,MF,MF,,,group,1976-09-02,Чутанг Бернар Самуель,,,2002–2002,Металург (Донецьк)
w:1981-01-18:aleksandar,Александар Брджанін,FW,ST,,,group,1981-01-18,Брджанін Александар,,,2002–2002,Металург (Запоріжжя)
w:1983-01-11:ivanski,Любомир Іванський,MF,MF,,,group,1983-01-11,Іванський Любомир Михайлович,,,2000–2002,Карпати (Львів)
w:1979-07-03:uchechukvu,Учечукву Увакве,FW,ST,,,group,1979-07-03,Увакве Учечукву,,,2000–2002,Таврія (Сімферополь)
w:1980-07-22:dushan,Душан Сімич,MF,MF,,,group,1980-07-22,Сіміч Душан,,,2001–2002,Карпати (Львів)
w:1980-07-06:shvidakov,Микола Швидаков,MF,MF,,,group,1980-07-06,Швидаков Микола Олександрович,,,2001–2002,Металіст (Харків)
w:1969-10-05:opria,Ігор Опря,DF,DF,,,group,1969-10-05,Опря Ігор Васильович,,,2002–2002,Чорноморець (Одеса)
w:1982-11-03:vasilev,Сергій Васильєв,MF,MF,,,group,1982-11-03,Васильєв Сергій Анатолійович,,,2002–2002,Металіст (Харків)
w:1980-08-12:sanin,Анатолій Санін,MF,MF,,,group,1980-08-12,Санін Анатолій Анатолійович,,,2002–2002,Металіст (Харків)
w:1978-06-18:oleshko,Олексій Олешко,MF,MF,,,group,1978-06-18,Олешко Олексій Миколайович,,,2002–2002,Оболонь (Київ)
w:1983-02-20:kiselov,Віталій Кісельов,MF,MF,,,group,1983-02-20,Кісельов Віталій Миколайович,,,2002–2002,Металіст (Харків)
w:1975-05-15:sarkisian,Альберт Саркісян,MF,MF,,,group,1975-05-15,Саркісян Альберт Ельвадікович,,,2002–2002,Арсенал (Київ)
w:1979-04-08:aparesido,Толєдо Родріго Апаресідо,FW,ST,,,group,1979-04-08,Толєдо Родріго Апаресідо,,,2002–2002,Металург (Запоріжжя)
w:1979-04-16:ditkovski,Сергій Дітковський,DF,DF,,,group,1979-04-16,Дітковський Сергій Станіславович,,,2000–2002,ЦСКА (Київ); Оболонь (Київ)
w:1976-06-27:mihalatiuk,Ігор Мігалатюк,MF,MF,,,group,1976-06-27,Мігалатюк Ігор Володимирович,,,1993–2002,Буковина (Чернівці); Чорноморець (Одеса)
w:1978-07-24:malimon,Іван Малімон,FW,ST,,,group,1978-07-24,Малімон Іван Іванович,,,1994–2002,Темп (Шепетівка); Торпедо (Запоріжжя); ЦСКА (Київ); Металіст (Харків)
w:1978-03-24:sulimenko,Юрій Суліменко,FW,ST,,,group,1978-03-24,Суліменко Юрій Миколайович,,,2002–2002,Ворскла (Полтава)
w:1978-06-25:polischuk,Роман Поліщук,DF,DF,,,group,1978-06-25,Поліщук Роман Володимирович,,,2002–2002,Чорноморець (Одеса)
w:1972-02-17:lutsenko,Володимир Луценко,MF,MF,,,group,1972-02-17,Луценко Володимир Володимирович,,,2002–2002,Волинь (Луцьк)
w:1982-09-20:adam,Маріан Адам,FW,ST,,,group,1982-09-20,Адам Маріан,,,2002–2002,Металіст (Харків)
w:1974-06-22:damian,Родрігес Кантос Оскар Даміан,DF,DF,,,group,1974-06-22,Родрігес Кантос Оскар Даміан,,,2002–2002,Шахтар (Донецьк)
w:1981-06-17:pasichnichenko,Роман Пасічниченко,DF,DF,,,group,1981-06-17,Пасічниченко Роман Сергійович,,,2001–2002,Дніпро (Дніпропетровськ); Олександрія
w:1975-10-21:ianichevich,Івіца Янічевич,MF,MF,,,group,1975-10-21,Янічевіч Івіца,,,2001–2002,Карпати (Львів)
w:1978-10-06:rozlach,Олександр Розлач,FW,ST,,,group,1978-10-06,Розлач Олександр Віталійович,,,2001–2002,Олександрія
w:1981-08-03:matos,Веслі Рібейру де Матос,FW,ST,,,group,1981-08-03,Веслі Рібейру де Матос,,,2002–2002,Кривбас (Кривий Ріг)
w:1976-12-05:haras,Олег Гарас,FW,ST,,,group,1976-12-05,Гарас Олег Зіновійович,,,1992–2002,Карпати (Львів)
w:1981-04-18:iovanovich,Мілан Йованович,FW,ST,,,group,1981-04-18,Йовановіч Мілан,,,2002–2002,Шахтар (Донецьк)
w:1977-02-20:sautin,Артем Саутін,MF,MF,,,group,1977-02-20,Саутін Артем Володимирович,,,1998–2002,Зірка (Кропивницький); Говерла / Закарпаття (Ужгород); Таврія (Сімферополь)
w:1976-03-22:leandro,Леандро Машаду,FW,ST,,,group,1976-03-22,Машаду Леандро,,,2002–2002,Динамо (Київ)
w:1977-08-16:fereira,Вашингтон,FW,ST,,,group,1977-08-16,Феррейра Вашінгтон Тейкс,,,2002–2002,Металург (Запоріжжя)
w:1979-05-18:bahniuk,Олексій Багнюк,MF,MF,,,group,1979-05-18,Багнюк Олексій Сергійович,,,2002–2002,Чорноморець (Одеса)
w:1980-12-15:kovtunov,Євген Ковтунов,DF,DF,,,group,1980-12-15,Ковтунов Євген Геннадійович,,,2001–2002,Маріуполь / Іллічівець
w:1981-04-13:berna,Де Олівейра Роджер Франклін Берна,DF,DF,,,group,1981-04-13,Де Олівейра Роджер Франклін Берна,,,2001–2002,Таврія (Сімферополь)
w:1983-02-21:brushko,Томаш Брушко,MF,MF,,,group,1983-02-21,Брушко Томаш,,,2002–2002,Ворскла (Полтава)
w:1981-01-17:hotsiridze,Реваз Гоцірідзе,FW,ST,,,group,1981-01-17,Гоцірідзе Реваз,,,2002–2002,Кривбас (Кривий Ріг)
w:1973-09-06:alen,Амугу Ален Сільвен,FW,ST,,,group,1973-09-06,Амугу Ален Сільвен,,,2002–2002,Металіст (Харків)
w:1982-08-18:rostovski,Сергій Ростовський,MF,MF,,,group,1982-08-18,Ростовський Сергій Анатолійович,,,2002–2002,Металіст (Харків)
w:1969-03-06:iastrebinski,Євген Ястребінський,FW,ST,,,group,1969-03-06,Ястребінський Євген Іванович,,,2002–2002,Оболонь (Київ)
w:1979-03-21:kudria,В'ячеслав Кудря,MF,MF,,,group,1979-03-21,Кудря Вячеслав Миколайович,,,2002–2002,Чорноморець (Одеса)
w:1983-07-11:derevlov,Костянтин Деревльов,FW,ST,,,group,1983-07-11,Деревльов Костянтин Миколайович,,,2002–2002,Арсенал (Київ)
w:1979-06-15:stoliarchuk,Олександр Столярчук,MF,MF,,,group,1979-06-15,Столярчук Олександр Михайлович,,,2002–2002,Волинь (Луцьк)
w:1984-07-12:ferents,Володимир Ференц,FW,ST,,,group,1984-07-12,Ференц Володимир Ігорович,,,2002–2002,Ворскла (Полтава)
w:1976-05-21:chosich,Горан Чосич,DF,DF,,,group,1976-05-21,Чосіч Горан,,,2002–2002,Кривбас (Кривий Ріг)
w:1979-03-23:ansen,Біаншім Ансен Матеус,DF,DF,,,group,1979-03-23,Біаншім Ансен Матеус,,,2002–2002,Металург (Запоріжжя)
w:1984-09-27:diachenko,Станіслав Дьяченко,MF,MF,,,group,1984-09-27,Дьяченко Станіслав Володимирович,,,2002–2002,Волинь (Луцьк)
w:1973-07-17:edin,Един Кунич,MF,MF,,,group,1973-07-17,Кунич Един,,,2002–2002,Карпати (Львів)
w:1978-09-14:ashkovich,Бранко Ашкович,MF,MF,,,group,1978-09-14,Ашковіч Бранко,,,2002–2002,Кривбас (Кривий Ріг)
w:1983-05-06:tirkalo,Віталій Тиркало,MF,MF,,,group,1983-05-06,Тиркало Віталій Євгенійович,,,2002–2002,Карпати (Львів)
w:1982-04-05:ahramev,Артем Ахрамеєв,DF,DF,,,group,1982-04-05,Ахрамеєв Артем Євгенійович,,,2002–2002,Металіст (Харків)
w:1984-05-09:cherednichenko,Ігор Чередніченко,DF,DF,,,group,1984-05-09,Чередніченко Ігор Вікторович,,,2002–2002,Металіст (Харків)
w:1983-03-24:homutov,Сергій Хомутов,MF,MF,,,group,1983-03-24,Хомутов Сергій Володимирович,,,2002–2002,Таврія (Сімферополь)
w:1974-11-03:bolotov,Олександр Болотов,DF,DF,,,group,1974-11-03,Болотов Олександр Олександрович,,,2002–2002,Олександрія
w:1976-01-21:shpirka,Богдан Шпирка,MF,MF,,,group,1976-01-21,Шпирка Богдан Петрович,,,2002–2002,Олександрія
w:1973-11-11:kundenok,Олександр Кундєнок,MF,MF,,,group,1973-11-11,Кундєнок Олександр Миколайович,,,1993–2001,Таврія (Сімферополь); Металіст (Харків)
w:1976-08-12:pavliuh,Іван Павлюх,DF,DF,,,group,1976-08-12,Павлюх Іван Богданович,,,1992–2001,Карпати (Львів); Дніпро (Дніпропетровськ)
w:1971-08-04:lejentsev,Сергій Леженцев,DF,DF,,,group,1971-08-04,Леженцев Сергій Борисович,,,1992–2001,Кремінь (Кременчук); Нива (Тернопіль); Динамо (Київ); Чорноморець (Одеса); Ворскла (Полтава); Таврія (Сімферополь); Мета
w:1973-12-09:hrehul,Валентин Грегуль,DF,DF,,,group,1973-12-09,Грегуль Валентин Миколайович,,,1992–2001,Нива (Тернопіль); Металург (Донецьк); ЦСКА (Київ); Прикарпаття (Івано-Франківськ); Карпати (Львів)
w:1973-08-11:kosovski,Віталій Косовський,MF,MF,,,group,1973-08-11,Косовський Віталій Владиславович,,,1993–2001,Нива (Вінниця); Динамо (Київ)
w:1968-01-19:sobol,Олександр Соболь,DF,DF,,,group,1968-01-19,Соболь Олександр Іванович,,,1992–2001,Торпедо (Запоріжжя); Зірка (Кропивницький); Олександрія
w:1966-01-03:fokin,Юрій Фокін,MF,MF,,,group,1966-01-03,Фокін Юрій Тенгісович,,,1992–2001,Шахтар (Донецьк); Таврія (Сімферополь); Нива (Тернопіль); Металург (Донецьк); Прикарпаття (Івано-Франківськ)
w:1971-01-02:zavialov,Андрій Зав'ялов,MF,MF,,,group,1971-01-02,Зав'ялов Андрій Олександрович,,,1992–2001,Динамо (Київ); Нива (Вінниця); Прикарпаття (Івано-Франківськ); Металург (Донецьк); Кривбас (Кривий Ріг); Олександрія
w:1970-03-03:machohan,Ігор Мачоган,DF,DF,,,group,1970-03-03,Мачоган Ігор Петрович,,,1994–2001,Карпати (Львів); Ворскла (Полтава)
w:1968-11-12:tanasiuk,Сергій Танасюк,DF,DF,,,group,1968-11-12,Танасюк Сергій Анатолійович,,,1994–2001,Верес (Рівне); Нива (Тернопіль); Карпати (Львів); Торпедо (Запоріжжя); Олександрія
w:1971-02-25:revut,Сергій Ревут,DF,DF,,,group,1971-02-25,Ревут Сергій Анатолійович,,,1995–2001,ЦСКА (Київ); Арсенал (Київ)
w:1972-09-07:dichko,Володимир Дичко,DF,DF,,,group,1972-09-07,Дичко Володимир Вікторович,,,1993–2001,Кремінь (Кременчук); Ворскла (Полтава); Маріуполь / Іллічівець
w:1974-09-27:mochuliak,Олег Мочуляк,FW,ST,,,group,1974-09-27,Мочуляк Олег Леонідович,,,1992–2001,Нива (Тернопіль); Чорноморець (Одеса); Таврія (Сімферополь)
w:1969-10-05:leonenko,Віктор Леоненко,FW,ST,,,group,1969-10-05,Леоненко Віктор Євгенович,,,1992–2001,Динамо (Київ); ЦСКА (Київ); Говерла / Закарпаття (Ужгород)
w:1974-04-06:mihailiv,Євгеній Михайлів,DF,DF,,,group,1974-04-06,Михайлів Євгеній Євгенійович,,,1993–2001,Волинь (Луцьк); Металург (Донецьк); Нива (Тернопіль); Карпати (Львів)
w:1971-07-14:mehanoshin,Олександр Механошин,MF,MF,,,group,1971-07-14,Механошин Олександр Михайлович,,,1993–2001,Нива (Вінниця); Прикарпаття (Івано-Франківськ); Маріуполь / Іллічівець
w:1968-04-06:hetsko,Іван Гецко,FW,ST,,,group,1968-04-06,Гецко Іван Михайлович,,,1997–2001,Дніпро (Дніпропетровськ); Карпати (Львів); Кривбас (Кривий Ріг); Металіст (Харків)
w:1973-02-20:holovko,Олександр Головко,DF,DF,,,group,1973-02-20,Головко Олександр Миколайович,,,1996–2001,Ворскла (Полтава)
w:1977-04-23:makovski,Володимир Маковський,FW,ST,,,group,1977-04-23,Маковський Михайло Михайлович,,,1997–2001,Динамо (Київ); Ворскла (Полтава); ЦСКА (Київ); Говерла / Закарпаття (Ужгород)
w:1976-01-03:simakov,Олег Сімаков,MF,MF,,,group,1976-01-03,Сімаков Олег Олександрович,,,1997–2001,Кривбас (Кривий Ріг)
w:1971-03-10:zabranski,Руслан Забранський,FW,ST,,,group,1971-03-10,Забранський Руслан Михайлович,,,1992–2001,Карпати (Львів); СК Миколаїв; Кривбас (Кривий Ріг); Прикарпаття (Івано-Франківськ); Таврія (Сімферополь)
w:1976-10-06:kundenok,Геннадій Кундєнок,MF,MF,,,group,1976-10-06,Кундєнок Геннадій Миколайович,,,1993–2001,Таврія (Сімферополь)
w:1970-08-05:ivanenko,Віктор Іваненко,DF,DF,,,group,1970-08-05,Іваненко Віктор Валерійович,,,1998–2001,Металіст (Харків)
w:1966-02-15:riznik,Володимир Різник,MF,MF,,,group,1966-02-15,Різник Володимир Йосипович,,,1992–2001,Карпати (Львів)
w:1974-02-13:tofan,Василь Тофан,DF,DF,,,group,1974-02-13,Тофан Василь Васильович,,,1995–2001,Прикарпаття (Івано-Франківськ); Металіст (Харків)
w:1963-12-20:leskiv,Василь Леськів,MF,MF,,,group,1963-12-20,Леськів Василь Іванович,,,1992–2001,Карпати (Львів)
w:1967-05-01:vilchinski,Володимир Вільчинський,DF,DF,,,group,1967-05-01,Вільчинський Володимир Нестерович,,,1998–2001,Карпати (Львів)
w:1972-07-24:martiuk,Олександр Мартюк,DF,DF,,,group,1972-07-24,Мартюк Олександр Леонідович,,,1992–2001,Шахтар (Донецьк); Торпедо (Запоріжжя); Металург (Донецьк); Кривбас (Кривий Ріг)
w:1975-11-21:lutsishin,Михайло Луцишин,MF,MF,,,group,1975-11-21,Луцишин Михайло Михайлович,,,1998–2001,Карпати (Львів)
w:1974-09-13:plahotin,Ігор Плахотін,MF,MF,,,group,1974-09-13,Плахотін Ігор Сергійович,,,1998–2001,Металіст (Харків)
w:1968-04-27:heraschenko,Володимир Геращенко,DF,DF,,,group,1968-04-27,Геращенко Володимир Васильович,,,1999–2001,Дніпро (Дніпропетровськ)
w:1976-04-06:martinov,Володимир Мартинов,FW,ST,,,group,1976-04-06,Мартинов Володимир Володимирович,,,1993–2001,Таврія (Сімферополь); Прикарпаття (Івано-Франківськ); Металург (Донецьк)
w:1971-09-05:atamanchuk,Орест Атаманчук,FW,ST,,,group,1971-09-05,Атаманчук Орест Богданович,,,1998–2001,Кривбас (Кривий Ріг); Прикарпаття (Івано-Франківськ)
w:1972-12-02:kandaurov,Сергій Кандауров,MF,MF,,,group,1972-12-02,Кандауров Сергій Вікторович,,,1992–2001,Металіст (Харків)
w:1973-08-13:levan,Леван Мікадзе,MF,MF,,,group,1973-08-13,Мікадзе Леван,,,2000–2001,ЦСКА (Київ); Арсенал (Київ)
w:1974-07-12:abramov,Віталій Абрамов,MF,MF,,,group,1974-07-12,Абрамов Віталій Сергійович,,,1999–2001,Шахтар (Донецьк); Металург (Донецьк)
w:1976-09-01:serebrenikov,Сергій Серебренніков,FW,ST,,,group,1976-09-01,Серебренніков Сергій Олександрович,,,1998–2001,Динамо (Київ)
w:1980-08-24:zapoiaska,В'ячеслав Запояска,MF,MF,,,group,1980-08-24,Запояска Вячеслав Олексійович,,,1998–2001,Металіст (Харків)
w:1975-05-30:bahirov,Едуард Багіров,MF,MF,,,group,1975-05-30,Багіров Едуард Олександрович,,,1997–2001,Торпедо (Запоріжжя); Чорноморець (Одеса); Кривбас (Кривий Ріг)
w:1977-06-10:bezdolni,Ігор Бездольний,FW,ST,,,group,1977-06-10,Бездольний Ігор Юрійович,,,1998–2001,Дніпро (Дніпропетровськ); СК Миколаїв
w:1973-09-25:atso,Ацо Васілєвич,FW,ST,,,group,1973-09-25,Васілєвич Ацо,,,1999–2001,Металург (Запоріжжя)
w:1974-05-18:haldianu,Константін Галдяну,FW,ST,,,group,1974-05-18,Галдяну Константін Дан,,,2001–2001,Дніпро (Дніпропетровськ); Кривбас (Кривий Ріг)
w:1967-08-15:volotek,Олег Волотек,MF,MF,,,group,1967-08-15,Волотек Олег Вікторович,,,1992–2001,Динамо (Київ); Кривбас (Кривий Ріг); СК Миколаїв; Говерла / Закарпаття (Ужгород)
w:1970-01-21:serikov,Володимир Сєріков,MF,MF,,,group,1970-01-21,Сєріков Володимир Ілліч,,,1998–2001,Металіст (Харків); Олександрія
w:1978-11-30:kostiuk,Сергій Костюк,MF,MF,,,group,1978-11-30,Костюк Сергій Анатолійович,,,1999–2001,Чорноморець (Одеса); Ворскла (Полтава)
w:1974-10-13:marius,Маріус Скіндеріс,DF,DF,,,group,1974-10-13,Скіндеріс Маріус,,,2000–2001,Сталь (Алчевськ); Металург (Донецьк)
w:1978-09-18:andrius,Андрюс Гедгаудас,MF,MF,,,group,1978-09-18,Гедгаудас Андрюс,,,2001–2001,Металург (Донецьк)
w:1974-04-02:frantishek,Франтішек Ганц,DF,DF,,,group,1974-04-02,Ганц Франтішек,,,2001–2001,Карпати (Львів)
w:1975-04-13:cherevan,Андрій Черевань,MF,MF,,,group,1975-04-13,Черевань Андрій Валерійович,,,1999–2001,Металург (Запоріжжя)
w:1981-01-08:herasimenko,Андрій Герасименко,FW,ST,,,group,1981-01-08,Герасименко Андрій Олександрович,,,2000–2001,Кривбас (Кривий Ріг); Говерла / Закарпаття (Ужгород)
w:1977-11-10:mishkov,Омар Мішков,DF,DF,,,group,1977-11-10,Мішков Омар Фауазович,,,2001–2001,Олександрія
w:1983-01-02:hubrenko,Олександр Губрієнко,MF,MF,,,group,1983-01-02,Губрієнко Олександр Анатолійович,,,2001–2001,Металург (Запоріжжя)
w:1981-01-21:podust,Руслан Подуст,FW,ST,,,group,1981-01-21,Подуст Руслан Валерійович,,,2000–2001,Металіст (Харків)
w:1978-01-18:lukashuk,Володимир Лукашук,MF,MF,,,group,1978-01-18,Лукашук Володимир Павлович,,,2001–2001,Кривбас (Кривий Ріг)
w:1981-10-21:ahbo,Патрік Агбо,FW,ST,,,group,1981-10-21,Агбо Патрік Умомо,,,2001–2001,Металург (Донецьк)
w:1980-01-14:klabukov,Дмитро Клабуков,DF,DF,,,group,1980-01-14,Клабуков Дмитро Васильович,,,2001–2001,Металіст (Харків)
w:1983-02-26:bohach,Олександр Богач,DF,DF,,,group,1983-02-26,Богач Олександр Анатолійович,,,2001–2001,Таврія (Сімферополь)
w:1976-03-20:bondar,Олексій Бондар,MF,MF,,,group,1976-03-20,Бондар Олексій Вікторович,,,1994–2001,Кривбас (Кривий Ріг)
w:1981-06-24:kondratovich,Дмитро Кондратович,DF,DF,,,group,1981-06-24,Кондратович Дмитро Андрійович,,,1999–2001,Дніпро (Дніпропетровськ)
w:1982-03-21:sarkis,Дмитро Саркіс,MF,MF,,,group,1982-03-21,Саркіс Дмитро Маркович,,,2001–2001,Ворскла (Полтава)
w:1977-05-21:telehin,Сергій Тєлєгін,MF,MF,,,group,1977-05-21,Тєлєгін Сергій Анатолійович,,,2001–2001,Говерла / Закарпаття (Ужгород)
w:1981-03-17:sizov,Кирило Сізов,FW,ST,,,group,1981-03-17,Сізов Кирилл Сергійович,,,2001–2001,Маріуполь / Іллічівець
w:1977-08-25:muamer,Муамер Вугдалич,DF,DF,,,group,1977-08-25,Вугдаліч Муамер,,,2001–2001,Шахтар (Донецьк)
w:1980-03-22:zub,Сергій Зуб,MF,MF,,,group,1980-03-22,Зуб Сергій Леонідович,,,2001–2001,Ворскла (Полтава)
w:1976-06-03:henri,Мутамбіква Тондерей Хенрі,FW,ST,,,group,1976-06-03,Мутамбіква Тондерей Хенрі,,,2001–2001,Карпати (Львів)
w:1979-02-15:hritsenko,Артур Гриценко,DF,DF,,,group,1979-02-15,Гриценко Артур Володимирович,,,2001–2001,Карпати (Львів)
w:1979-12-23:verhun,Роман Вергун,MF,MF,,,group,1979-12-23,Вергун Роман Богданович,,,2001–2001,Кривбас (Кривий Ріг)
w:1975-02-16:peter,Петер Суковський,DF,DF,,,group,1975-02-16,Суковський Петер,,,2001–2001,Карпати (Львів)
w:1978-07-28:krivobok,Ігор Кривобок,FW,ST,,,group,1978-07-28,Кривобок Ігор Федорович,,,2001–2001,Кривбас (Кривий Ріг)
w:1982-01-03:dindikov,Олександр Диндіков,MF,MF,,,group,1982-01-03,Диндіков Олександр Леонідович,,,2001–2001,Металург (Донецьк)
w:1982-02-14:afonin,Дмитро Афонін,MF,MF,,,group,1982-02-14,Афонін Дмитро Миколайович,,,2001–2001,Маріуполь / Іллічівець
w:1980-11-18:mazurenko,Олександр Мазуренко,MF,MF,,,group,1980-11-18,Мазуренко Олександр Олександрович,,,2001–2001,Маріуполь / Іллічівець
w:1981-01-13:stahiv,Олександр Стахів,FW,ST,,,group,1981-01-13,Стахів Олександр Володимирович,,,2001–2001,Таврія (Сімферополь)
w:1978-07-03:parubin,Євген Парубін,MF,MF,,,group,1978-07-03,Парубін Євген Володимирович,,,2001–2001,Таврія (Сімферополь)
w:1971-06-15:mamonov,Сергій Мамонов,FW,ST,,,group,1971-06-15,Мамонов Сергій Миколайович,,,2001–2001,Таврія (Сімферополь)
w:1977-07-29:otsokolich,Предраг Оцокольич,DF,DF,,,group,1977-07-29,Оцокольіч Предраг,,,2001–2001,Шахтар (Донецьк)
w:1978-08-05:kadar,Йосип Кадар,MF,MF,,,group,1978-08-05,Кадар Йосип Йосипович,,,2001–2001,Арсенал (Київ)
w:1962-12-01:kapanadze,Автанділ Капанадзе,MF,MF,,,group,1962-12-01,Капанадзе Автанділ Давидович,,,1993–2000,Темп (Шепетівка); Нива (Тернопіль)
w:1968-05-27:oparin,Андрій Опарін,MF,MF,,,group,1968-05-27,Опарін Андрій Станіславович,,,1992–2000,Таврія (Сімферополь)
w:1972-03-28:korobchenko,Олексій Коробченко,DF,DF,,,group,1972-03-28,Коробченко Олексій Юрійович,,,1992–2000,Зоря (Луганськ); ЦСКА (Київ); Таврія (Сімферополь)
w:1971-01-19:markin,Юрій Маркін,DF,DF,,,group,1971-01-19,Маркін Юрій Володимирович,,,1992–2000,Металург (Запоріжжя); Зірка (Кропивницький); Таврія (Сімферополь); Сталь (Алчевськ)
w:1960-08-11:biskup,Ігор Біскуп,DF,DF,,,group,1960-08-11,Біскуп Ігор Іванович,,,1992–2000,Нива (Тернопіль)
w:1967-03-17:mazur,Дмитро Мазур,DF,DF,,,group,1967-03-17,Мазур Дмитро Анатолійович,,,1992–2000,Карпати (Львів); Прикарпаття (Івано-Франківськ); Нива (Тернопіль)
w:1970-04-28:mikitin,Володимир Микитін,DF,DF,,,group,1970-04-28,Микитін Володимир Богданович,,,1992–2000,Зоря (Луганськ); Карпати (Львів); Шахтар (Донецьк); Ворскла (Полтава)
w:1970-07-23:orbu,Геннадій Орбу,MF,MF,,,group,1970-07-23,Орбу Геннадій Григорович,,,1992–2000,Шахтар (Донецьк); Ворскла (Полтава)
w:1969-09-04:sushka,Ігор Сушка,DF,DF,,,group,1969-09-04,Сушка Ігор Володимирович,,,1992–2000,Кремінь (Кременчук); Нива (Тернопіль); Чорноморець (Одеса)
w:1970-08-18:pantilov,Віталій Пантілов,MF,MF,,,group,1970-08-18,Пантілов Віталій Олексійович,,,1992–2000,Кривбас (Кривий Ріг); Зірка (Кропивницький); Маріуполь / Іллічівець
w:1971-11-25:antiuhin,Олексій Антюхін,FW,ST,,,group,1971-11-25,Антюхін Олексій Володимирович,,,1992–2000,Металург (Запоріжжя); Таврія (Сімферополь); Динамо (Київ); Ворскла (Полтава)
w:1970-10-11:evtushok,Олександр Євтушок,DF,DF,,,group,1970-10-11,Євтушок Олександр Васильович,,,1993–2000,Карпати (Львів); Дніпро (Дніпропетровськ); ЦСКА (Київ)
w:1971-11-22:kovalov,Сергій Ковальов,MF,MF,,,group,1971-11-22,Ковальов Сергій Миколайович,,,1993–2000,Шахтар (Донецьк)
w:1971-01-20:solovenko,Юрій Солов'єнко,DF,DF,,,group,1971-01-20,Солов'єнко Юрій Леонідович,,,1993–2000,Нива (Вінниця); Металург (Донецьк); Маріуполь / Іллічівець
w:1968-07-09:babi,Олександр Бабій,DF,DF,,,group,1968-07-09,Бабій Олександр Миколайович,,,1992–2000,Нива (Тернопіль); Шахтар (Донецьк); Металург (Запоріжжя); Торпедо (Запоріжжя); Сталь (Алчевськ)
w:1974-08-09:nikolaichuk,Матвій Николайчук,MF,MF,,,group,1974-08-09,Николайчук Матвій Михайлович,,,1992–2000,Нива (Тернопіль); Динамо (Київ); Чорноморець (Одеса); Маріуполь / Іллічівець; Зірка (Кропивницький); Прикарпаття (Івано-
w:1975-08-12:potshveria,Михайло Поцхверія,FW,ST,,,group,1975-08-12,Поцхверія Михайло Іванович,,,1993–2000,Зоря (Луганськ); Металург (Запоріжжя); Шахтар (Донецьк); Дніпро (Дніпропетровськ)
w:1966-07-19:kislov,Ігор Кислов,FW,ST,,,group,1966-07-19,Кислов Ігор Миколайович,,,1996–2000,Ворскла (Полтава); Зірка (Кропивницький); Таврія (Сімферополь)
w:1969-07-18:sevidov,Олександр Севідов,FW,ST,,,group,1969-07-18,Севідов Олександр Володимирович,,,1992–2000,Зоря (Луганськ); Металург (Запоріжжя); Кривбас (Кривий Ріг); Металург (Донецьк)
w:1971-08-23:skish,Віталій Скиш,DF,DF,,,group,1971-08-23,Скиш Віталій Володимирович,,,1992–2000,Чорноморець (Одеса); Прикарпаття (Івано-Франківськ); Зірка (Кропивницький); Металіст (Харків); Металург (Запоріжжя)
w:1971-01-23:kuptsov,Андрій Купцов,DF,DF,,,group,1971-01-23,Купцов Андрій Сергійович,,,1992–2000,Шахтар (Донецьк); Кремінь (Кременчук); Кривбас (Кривий Ріг); Карпати (Львів); Металург (Донецьк)
w:1974-10-22:iakimenko,Олексій Якименко,MF,MF,,,group,1974-10-22,Якименко Олексій Володимирович,,,1993–2000,Торпедо (Запоріжжя); СК Миколаїв; Кривбас (Кривий Ріг)
w:1970-02-14:shkolnikov,Ян Школьніков,MF,MF,,,group,1970-02-14,Школьніков Ян Нафтулович,,,1994–2000,Прикарпаття (Івано-Франківськ); Металіст (Харків)
w:1975-03-09:kosenko,Олексій Косенко,FW,ST,,,group,1975-03-09,Косенко Олексій Юрійович,,,1994–2000,Металург (Запоріжжя); Торпедо (Запоріжжя); Ворскла (Полтава); Таврія (Сімферополь)
w:1969-01-27:dorohov,Олександр Дорохов,DF,DF,,,group,1969-01-27,Дорохов Олександр Олександрович,,,1997–2000,Металург (Донецьк)
w:1969-06-11:demianenko,Дмитро Дем'яненко,DF,DF,,,group,1969-06-11,Дем'яненко Дмитро Володимирович,,,1992–2000,Дніпро (Дніпропетровськ); Таврія (Сімферополь)
w:1973-11-01:hnativ,Роман Гнатів,MF,MF,,,group,1973-11-01,Гнатів Роман Михайлович,,,1993–2000,Карпати (Львів); Торпедо (Запоріжжя)
w:1974-03-03:karabuta,Олександр Карабута,FW,ST,,,group,1974-03-03,Карабута Олександр Петрович,,,1992–2000,Металіст (Харків); Карпати (Львів)
w:1978-10-25:shpak,Андрій Шпак,FW,ST,,,group,1978-10-25,Шпак Андрій Володимирович,,,1996–2000,Нива (Тернопіль); Металург (Запоріжжя)
w:1976-08-27:shapovalov,Валерій Шаповалов,DF,DF,,,group,1976-08-27,Шаповалов Валерій Валерійович,,,1996–2000,Дніпро (Дніпропетровськ); Зірка (Кропивницький); Кривбас (Кривий Ріг); Металург (Запоріжжя)
w:1978-02-27:kaladze,Каха Каладзе,MF,MF,,,group,1978-02-27,Каладзе Каха Карлович,,,1997–2000,Динамо (Київ)
w:1972-12-04:lapa,Микола Лапа,DF,DF,,,group,1972-12-04,Лапа Микола Петрович,,,1997–2000,Нива (Тернопіль)
w:1974-04-27:filipenko,Павло Филипенко,DF,DF,,,group,1974-04-27,Филипенко Павло Олексійович,,,1993–2000,Шахтар (Донецьк); Нива (Тернопіль)
w:1974-08-23:hvianidze,Автанділ Гвіанідзе,MF,MF,,,group,1974-08-23,Гвіанідзе Автанділ Отарович,,,1998–2000,Нива (Тернопіль)
w:1970-02-17:herasimenko,Олексій Герасименко,DF,DF,,,group,1970-02-17,Герасименко Олексій Петрович,,,1997–2000,Динамо (Київ)
w:1973-01-16:doroshenko,Ігор Дорошенко,DF,DF,,,group,1973-01-16,Дорошенко Ігор Миколайович,,,1996–2000,Кривбас (Кривий Ріг)
w:1977-10-25:homenko,Сергій Хоменко,FW,ST,,,group,1977-10-25,Хоменко Сергій Леонідович,,,1997–2000,Нива (Тернопіль)
w:1972-02-26:dhebuadze,Кахабер Дгебуадзе,MF,MF,,,group,1972-02-26,Дгебуадзе Кахабер Віссаріонович,,,1998–2000,Нива (Тернопіль)
w:1978-04-12:kolodin,Дмитро Колодін,MF,MF,,,group,1978-04-12,Колодін Дмитро Вікторович,,,1995–2000,Металург (Запоріжжя); Кривбас (Кривий Ріг)
w:1975-03-07:morhunov,Олексій Моргунов,FW,ST,,,group,1975-03-07,Моргунов Олексій Борисович,,,1998–2000,Металург (Запоріжжя); Металург (Донецьк); Сталь (Алчевськ)
w:1978-11-02:kaidarashvili,Олександр Кайдарашвілі,FW,ST,,,group,1978-11-02,Кайдарашвілі Олександр,,,1998–2000,Нива (Тернопіль); Кривбас (Кривий Ріг)
w:1975-11-14:siharulidze,Автанділ Сіхарулідзе,FW,ST,,,group,1975-11-14,Сіхарулідзе Автанділ Тамазович,,,1997–2000,Нива (Тернопіль)
w:1976-11-29:shimanski,Сергій Шиманський,DF,DF,,,group,1976-11-29,Шиманський Сергій Михайлович,,,1996–2000,Нива (Тернопіль)
w:1969-03-05:hrachov,Олексій Грачов,FW,ST,,,group,1969-03-05,Грачов Олексій Вікторович,,,1995–2000,Зірка (Кропивницький); Таврія (Сімферополь)
w:1975-01-23:arefev,Віктор Ареф'єв,FW,ST,,,group,1975-01-23,Ареф'єв Віктор Леонідович,,,1999–2000,ЦСКА (Київ); Сталь (Алчевськ)
w:1971-10-14:manko,Євген Манько,DF,DF,,,group,1971-10-14,Манько Євген Валентинович,,,1992–2000,Шахтар (Донецьк); Сталь (Алчевськ)
w:1974-12-15:ushtan,Володимир Уштан,MF,MF,,,group,1974-12-15,Уштан Володимир Романович,,,1995–2000,Волинь (Луцьк); Торпедо (Запоріжжя); Карпати (Львів)
w:1975-08-16:verteletski,Анатолій Вертелецький,MF,MF,,,group,1975-08-16,Вертелецький Анатолій Анатолійович,,,2000–2000,Сталь (Алчевськ)
w:1970-01-04:polushin,Сергій Полушин,DF,DF,,,group,1970-01-04,Полушин Сергій Миколайович,,,2000–2000,Сталь (Алчевськ)
w:1974-09-26:hritsai,Олег Грицай,FW,ST,,,group,1974-09-26,Грицай Олег Анатолійович,,,1996–2000,Прикарпаття (Івано-Франківськ); Дніпро (Дніпропетровськ)
w:1973-01-18:kuchirka,Роман Кучирка,MF,MF,,,group,1973-01-18,Кучирка Роман Михайлович,,,1996–2000,ЦСКА (Київ); Сталь (Алчевськ)
w:1967-09-30:kose,Володимир Коссе,FW,ST,,,group,1967-09-30,Коссе Володимир Дмитрович,,,1999–2000,Зірка (Кропивницький); Таврія (Сімферополь)
w:1974-09-25:suhoruchenko,Сергій Сухорученко,DF,DF,,,group,1974-09-25,Сухорученко Сергій Григорович,,,1998–2000,Кривбас (Кривий Ріг)
w:1973-03-03:bojko,Сергій Божко,MF,MF,,,group,1973-03-03,Божко Сергій Юрійович,,,2000–2000,Сталь (Алчевськ)
w:1978-09-03:starovik,Віталій Старовик,DF,DF,,,group,1978-09-03,Старовик Віталій Вікторович,,,1995–2000,Зоря (Луганськ); Карпати (Львів)
w:1975-08-08:lopatkin,Артем Лопаткін,FW,ST,,,group,1975-08-08,Лопаткін Артем Євгенович,,,2000–2000,Сталь (Алчевськ)
w:1978-10-27:daraselia,Віталій Дараселія,MF,MF,,,group,1978-10-27,Дараселія Віталій Віталійович,,,1997–2000,ЦСКА (Київ)
w:1981-04-14:litinski,Тарас Літинський,FW,ST,,,group,1981-04-14,Літинський Тарас Зіновійович,,,2000–2000,Нива (Тернопіль)
w:1972-04-06:lukash,Олег Лукаш,DF,DF,,,group,1972-04-06,Лукаш Олег Михайлович,,,1998–2000,Металіст (Харків); СК Миколаїв
w:1970-10-14:pavlish,Тарас Павліш,DF,DF,,,group,1970-10-14,Павліш Тарас Романович,,,2000–2000,Нива (Тернопіль)
w:1971-02-09:tsvik,Андрій Цвік,MF,MF,,,group,1971-02-09,Цвік Андрій Степанович,,,2000–2000,Сталь (Алчевськ)
w:1975-04-18:kriulin,Станіслав Кріулін,MF,MF,,,group,1975-04-18,Кріулін Станіслав Володимирович,,,1998–2000,Кривбас (Кривий Ріг)
w:1973-04-17:shukatka,Віталій Шукатка,DF,DF,,,group,1973-04-17,Шукатка Віталій Йосипович,,,1999–2000,Карпати (Львів)
w:1979-01-11:popov,Василь Попов,FW,ST,,,group,1979-01-11,Попов Василь Юрійович,,,2000–2000,Кривбас (Кривий Ріг); Металіст (Харків)
w:1972-10-11:savu,Маріан Саву,FW,ST,,,group,1972-10-11,Саву Маріан,,,2000–2000,Металург (Донецьк); Шахтар (Донецьк)
w:1971-09-05:tolkach,Олександр Толкач,DF,DF,,,group,1971-09-05,Толкач Олександр Леонідович,,,1997–2000,Кривбас (Кривий Ріг); Зірка (Кропивницький)
w:1979-11-05:oleksenko,Іван Олексієнко,DF,DF,,,group,1979-11-05,Олексієнко Іван Іванович,,,1999–2000,Металург (Запоріжжя)
w:1969-03-12:shmarko,Олександр Шмарко,DF,DF,,,group,1969-03-12,Шмарко Олександр Миколайович,,,1999–2000,Шахтар (Донецьк)
w:1980-04-13:fedorchenko,Артем Федорченко,DF,DF,,,group,1980-04-13,Федорченко Артем Володимирович,,,2000–2000,Сталь (Алчевськ)
w:1981-01-07:horin,Олександр Горін,DF,DF,,,group,1981-01-07,Горін Олександр Володимирович,,,2000–2000,Кривбас (Кривий Ріг)
w:1979-11-10:mihailov,Сталєв Станімір Міхайлов,DF,DF,,,group,1979-11-10,Сталєв Станімір Міхайлов,,,2000–2000,Нива (Тернопіль)
w:1979-07-28:kuzmichov,Володимир Кузьмічов,FW,ST,,,group,1979-07-28,Кузьмічов Володимир Володимирович,,,2000–2000,Динамо (Київ)
w:1968-04-12:plotnikov,Вадим Плотников,MF,MF,,,group,1968-04-12,Плотников Вадим Вячеславович,,,2000–2000,Сталь (Алчевськ)
w:1980-09-23:shaida,Сергій Шайда,MF,MF,,,group,1980-09-23,Шайда Сергій Семенович,,,2000–2000,Нива (Тернопіль)
w:1975-01-23:hrechani,Василь Гречаний,DF,DF,,,group,1975-01-23,Гречаний Василь Володимирович,,,1996–2000,Ворскла (Полтава); Карпати (Львів)
w:1977-02-02:matvichuk,Олександр Матвійчук,DF,DF,,,group,1977-02-02,Матвійчук Олександр Вікторович,,,1998–2000,Таврія (Сімферополь); Сталь (Алчевськ)
w:1975-10-19:iordanov,Колєв Васіл Йорданов,MF,MF,,,group,1975-10-19,Колєв Васіл Йорданов,,,2000–2000,Нива (Тернопіль)
w:1974-08-13:titsa,Сергій Тіца,DF,DF,,,group,1974-08-13,Тица Сергей,,,2000–2000,Сталь (Алчевськ)
w:1980-04-10:tarasenko,Віталій Тарасенко,MF,MF,,,group,1980-04-10,Тарасенко Віталій Юрійович,,,1999–2000,Дніпро (Дніпропетровськ)
w:1980-07-27:ratski,Володимир Рацький,MF,MF,,,group,1980-07-27,Рацький Володимир Богданович,,,2000–2000,Карпати (Львів)
w:1970-08-27:iulian,Нейчев Юліян Нейчев,FW,ST,,,group,1970-08-27,Нейчев Юліян Нейчев,,,2000–2000,Нива (Тернопіль)
w:1982-05-13:jdaha,Олександр Ждаха,FW,ST,,,group,1982-05-13,Ждаха Олександр Олександрович,,,2000–2000,Нива (Тернопіль)
w:1977-11-27:tanurkov,Володимир Танурков,MF,MF,,,group,1977-11-27,Танурков Володимир Іванович,,,2000–2000,Сталь (Алчевськ)
w:1973-01-12:buhakov,Олег Бугаков,MF,MF,,,group,1973-01-12,Бугаков Олег Петрович,,,2000–2000,Сталь (Алчевськ)
w:1981-07-29:tenhiz,Тенгіз Угрехелідзе,MF,MF,,,group,1981-07-29,Угрехелідзе Тенгіз,,,2000–2000,Нива (Тернопіль)
w:1975-05-18:demirchian,Оганес Демірчян,DF,DF,,,group,1975-05-18,Демірчян Оганес Самвелович,,,2000–2000,Сталь (Алчевськ)
w:1977-06-15:duhno,Анатолій Духно,FW,ST,,,group,1977-06-15,Духно Анатолій Іванович,,,1999–2000,Маріуполь / Іллічівець
w:1981-07-05:ptashnik,Анатолій Пташник,FW,ST,,,group,1981-07-05,Пташник Анатолій Ігорович,,,2000–2000,Нива (Тернопіль)
w:1982-03-21:strelkov,Ігор Стрєлков,FW,ST,,,group,1982-03-21,Стрєлков Ігор Сергійович,,,2000–2000,Шахтар (Донецьк)
w:1980-07-09:storojev,Сергій Сторожев,FW,ST,,,group,1980-07-09,Сторожев Сергій Леонідович,,,1998–2000,Кривбас (Кривий Ріг)
w:1983-11-02:ribak,Василь Рибак,FW,ST,,,group,1983-11-02,Рибак Василь Іванович,,,2000–2000,Нива (Тернопіль)
w:1978-08-05:sokoliukorel,Андрій Соколюк-Орел,DF,DF,,,group,1978-08-05,Соколюк-Орел Андрій Леонідович,,,2000–2000,Нива (Тернопіль)
w:1977-08-16:soroka,Роман Сорока,DF,DF,,,group,1977-08-16,Сорока Роман Ігорович,,,2000–2000,Нива (Тернопіль)
w:1980-08-31:horodchanin,Віталій Городчанін,MF,MF,,,group,1980-08-31,Городчанін Віталій Анатолійович,,,2000–2000,Ворскла (Полтава)
w:1980-08-08:lakomski,Володимир Лакомський,DF,DF,,,group,1980-08-08,Лакомський Володимир Володимирович,,,2000–2000,Карпати (Львів)
w:1983-02-01:famuliak,Григорій Фамуляк,MF,MF,,,group,1983-02-01,Фамуляк Григорій Васильович,,,2000–2000,Карпати (Львів)
w:1981-04-13:shenhelia,Іраклій Шенгелія,FW,ST,,,group,1981-04-13,Шенгелія Іраклій Атарович,,,2000–2000,Нива (Тернопіль)
w:1966-08-14:bondarenko,Роман Бондаренко,FW,ST,,,group,1966-08-14,Бондаренко Роман Дмитрійович,,,1992–1999,Торпедо (Запоріжжя); Металург (Запоріжжя)
w:1962-01-28:smihunov,Віктор Смігунов,DF,DF,,,group,1962-01-28,Смігунов Віктор Іванович,,,1992–1999,Шахтар (Донецьк); Таврія (Сімферополь)
w:1968-01-24:huseinov,Тімєрлан Гусейнов,FW,ST,,,group,1968-01-24,Гусейнов Тімєрлан Рустамович,,,1992–1999,Зоря (Луганськ); Чорноморець (Одеса)
w:1974-05-03:koval,Олександр Коваль,DF,DF,,,group,1974-05-03,Коваль Олександр Миколайович,,,1992–1999,Шахтар (Донецьк); Металург (Донецьк)
w:1971-11-15:demianchuk,Михайло Дем'янчук,MF,MF,,,group,1971-11-15,Дем'янчук Михайло Михайлович,,,1992–1999,Нива (Тернопіль)
w:1967-09-14:leonov,Ігор Леонов,DF,DF,,,group,1967-09-14,Леонов Ігор Іванович,,,1992–1999,Шахтар (Донецьк); Кремінь (Кременчук); Металург (Донецьк)
w:1972-10-11:zuenko,Микола Зуєнко,DF,DF,,,group,1972-10-11,Зуєнко Микола Миколайович,,,1992–1999,Динамо (Київ); Металург (Запоріжжя); Нива (Вінниця); Прикарпаття (Івано-Франківськ)
w:1971-06-22:bukel,Юрій Букель,DF,DF,,,group,1971-06-22,Букель Юрій Олександрович,,,1992–1999,Чорноморець (Одеса); Маріуполь / Іллічівець
w:1963-01-28:fedorov,Леонід Федоров,MF,MF,,,group,1963-01-28,Федоров Леонід Володимирович,,,1992–1999,Буковина (Чернівці); Зірка (Кропивницький)
w:1969-02-13:korponai,Іван Корпонай,FW,ST,,,group,1969-02-13,Корпонай Іван Тиберійович,,,1992–1999,Металург (Запоріжжя); Нива (Тернопіль); Кремінь (Кременчук); Дніпро (Дніпропетровськ); Прикарпаття (Івано-Франківськ); Ч
w:1970-02-01:irichuk,Павло Ірічук,FW,ST,,,group,1970-02-01,Ірічук Павло Васильович,,,1992–1999,Буковина (Чернівці); Прикарпаття (Івано-Франківськ); Дніпро (Дніпропетровськ)
w:1971-01-04:filimonov,Денис Філімонов,MF,MF,,,group,1971-01-04,Філімонов Денис Володимирович,,,1992–1999,Верес (Рівне); Дніпро (Дніпропетровськ); Кривбас (Кривий Ріг)
w:1968-05-24:homin,Андрій Хомин,MF,MF,,,group,1968-05-24,Хомин Андрій Романович,,,1993–1999,Динамо (Київ); Прикарпаття (Івано-Франківськ); Ворскла (Полтава)
w:1963-05-25:vatamaniuk,Ярослав Ватаманюк,DF,DF,,,group,1963-05-25,Ватаманюк Ярослав Петрович,,,1994–1999,Прикарпаття (Івано-Франківськ)
w:1975-01-06:spivak,Олександр Співак,MF,MF,,,group,1975-01-06,Співак Олександр Сергійович,,,1994–1999,Чорноморець (Одеса); Шахтар (Донецьк); Зірка (Кропивницький); Металург (Запоріжжя)
w:1970-12-06:nosenko,Владислав Носенко,DF,DF,,,group,1970-12-06,Носенко Владислав Валерійович,,,1992–1999,Кривбас (Кривий Ріг); Зірка (Кропивницький)
w:1969-06-03:evhlevski,Сергій Євглевський,MF,MF,,,group,1969-06-03,Євглевський Сергій Юрійович,,,1994–1999,Прикарпаття (Івано-Франківськ); Карпати (Львів)
w:1969-09-26:sosenko,Костянтин Сосенко,DF,DF,,,group,1969-09-26,Сосенко Костянтин Федорович,,,1994–1999,Нива (Вінниця); Дніпро (Дніпропетровськ); ЦСКА (Київ); Прикарпаття (Івано-Франківськ)
w:1968-05-05:kalitvintsev,Юрій Калитвинцев,MF,MF,,,group,1968-05-05,Калитвинцев Юрій Миколайович,,,1994–1999,Динамо (Київ); ЦСКА (Київ)
w:1972-03-10:chorniavski,Олександр Чорнявський,DF,DF,,,group,1972-03-10,Чорнявський Олександр Анатолійович,,,1994–1999,Металург (Запоріжжя)
w:1971-05-27:burhan,Євген Бурхан,FW,ST,,,group,1971-05-27,Бурхан Євген Юрійович,,,1992–1999,Торпедо (Запоріжжя); Металург (Запоріжжя); Нива (Вінниця); Зірка (Кропивницький)
w:1965-06-05:martinov,Юрій Мартинов,MF,MF,,,group,1965-06-05,Мартинов Юрій Петрович,,,1995–1999,Зірка (Кропивницький)
w:1972-08-07:ulianitski,Віктор Ульяницький,DF,DF,,,group,1972-08-07,Ульяницький Віктор Васильович,,,1995–1999,ЦСКА (Київ)
w:1970-01-09:redushko,Анатолій Редушко,MF,MF,,,group,1970-01-09,Редушко Анатолій Ярославович,,,1994–1999,Прикарпаття (Івано-Франківськ)
w:1964-05-04:bilozerski,Олександр Білозерський,DF,DF,,,group,1964-05-04,Білозерський Олександр Павлович,,,1995–1999,Кривбас (Кривий Ріг); Кремінь (Кременчук); Зірка (Кропивницький)
w:1971-12-25:hrin,Володимир Гринь,MF,MF,,,group,1971-12-25,Гринь Володимир Дмитрович,,,1992–1999,Кривбас (Кривий Ріг); Зірка (Кропивницький)
w:1969-11-24:makohon,Ігор Макогон,DF,DF,,,group,1969-11-24,Макогон Ігор Васильович,,,1992–1999,Кремінь (Кременчук); Зірка (Кропивницький)
w:1971-05-02:siletski,Сергій Сілецький,DF,DF,,,group,1971-05-02,Сілецький Сергій Валерійович,,,1994–1999,СК Миколаїв; Ворскла (Полтава)
w:1969-05-11:bohatir,Віктор Богатир,MF,MF,,,group,1969-05-11,Богатир Віктор Миколайович,,,1993–1999,Чорноморець (Одеса); Кривбас (Кривий Ріг); Ворскла (Полтава); Зірка (Кропивницький)
w:1972-09-18:bohdanov,Юрій Богданов,FW,ST,,,group,1972-09-18,Богданов Юрій Вікторович,,,1995–1999,Зірка (Кропивницький)
w:1978-04-01:kariaka,Андрій Каряка,MF,MF,,,group,1978-04-01,Каряка Андрій Костянтинович,,,1995–1999,Металург (Запоріжжя); ЦСКА (Київ)
w:1965-09-28:mikolaenko,Юрій Миколаєнко,FW,ST,,,group,1965-09-28,Миколаєнко Юрій Петрович,,,1992–1999,Металіст (Харків); Нива (Вінниця); Кривбас (Кривий Ріг); СК Миколаїв; Зірка (Кропивницький)
w:1974-06-18:mishenin,Олег Мішенін,DF,DF,,,group,1974-06-18,Мішенін Олег Володимирович,,,1996–1999,Нива (Тернопіль)
w:1971-08-26:korol,Ігор Король,DF,DF,,,group,1971-08-26,Король Ігор Євгенович,,,1994–1999,Нива (Тернопіль); Металург (Донецьк)
w:1970-06-03:ostashov,Олександр Осташов,FW,ST,,,group,1970-06-03,Осташов Олександр Сергійович,,,1994–1999,Шахтар (Донецьк); Металург (Запоріжжя)
w:1977-11-08:larin,Володимир Ларін,FW,ST,,,group,1977-11-08,Ларін Володимир Миколайович,,,1995–1999,Прикарпаття (Івано-Франківськ)
w:1974-11-29:venhlinski,Олександр Венглінський,MF,MF,,,group,1974-11-29,Венглінський Олександр Миколайович,,,1996–1999,Ворскла (Полтава); Металург (Донецьк); Прикарпаття (Івано-Франківськ)
w:1966-06-29:bondarenko,Олександр Бондаренко,DF,DF,,,group,1966-06-29,Бондаренко Олександр Миколайович,,,1992–1999,Торпедо (Запоріжжя); Чорноморець (Одеса); Зірка (Кропивницький)
w:1968-03-10:matviv,Степан Матвіїв,MF,MF,,,group,1968-03-10,Матвіїв Степан Олексійович,,,1995–1999,Прикарпаття (Івано-Франківськ); ЦСКА (Київ)
w:1974-07-08:shtoltsers,Андрій Штолцерс,FW,ST,,,group,1974-07-08,Штолцерс Андрій Янович,,,1997–1999,Шахтар (Донецьк)
w:1976-03-11:hristov,Петков Іордан Хрістов,DF,DF,,,group,1976-03-11,Петков Іордан Хрістов,,,1997–1999,Ворскла (Полтава)
w:1977-12-10:datsenko,Сергій Даценко,MF,MF,,,group,1977-12-10,Даценко Сергій Анатолійович,,,1996–1999,Динамо (Київ); Металург (Донецьк); Кривбас (Кривий Ріг)
w:1979-08-03:hapon,Володимир Гапон,MF,MF,,,group,1979-08-03,Гапон Володимир Аркадійович,,,1994–1999,Волинь (Луцьк); Чорноморець (Одеса)
w:1975-01-31:muhin,Андрій Мухін,MF,MF,,,group,1975-01-31,Мухін Андрій Олександрович,,,1993–1999,Зоря (Луганськ); Металург (Запоріжжя); Металург (Донецьк)
w:1970-07-03:suharev,Олександр Сухарєв,FW,ST,,,group,1970-07-03,Сухарєв Олександр Анатолійович,,,1997–1999,Дніпро (Дніпропетровськ)
w:1979-09-06:kovba,Денис Ковба,MF,MF,,,group,1979-09-06,Ковба Денис Юрійович,,,1998–1999,Зірка (Кропивницький)
w:1974-10-04:bulihinshramko,Сергій Булигін-Шрамко,DF,DF,,,group,1974-10-04,Булигін-Шрамко Сергій Віталійович,,,1993–1999,Чорноморець (Одеса); Нива (Вінниця)
w:1976-09-07:halstian,Овік Галстян,FW,ST,,,group,1976-09-07,Галстян Овік Саргісович,,,1994–1999,СК Миколаїв; Чорноморець (Одеса)
w:1976-01-28:holokolosov,Олександр Голоколосов,FW,ST,,,group,1976-01-28,Голоколосов Олександр Олександрович,,,1994–1999,Нива (Вінниця); Чорноморець (Одеса)
w:1975-05-09:savenchuk,Олександр Савенчук,MF,MF,,,group,1975-05-09,Савенчук Олександр Михайлович,,,1993–1999,Торпедо (Запоріжжя); Дніпро (Дніпропетровськ)
w:1978-11-08:simonov,Олександр Симонов,MF,MF,,,group,1978-11-08,Симонов Олександр Вікторович,,,1996–1999,Торпедо (Запоріжжя); Металіст (Харків)
w:1973-01-08:vasilkiv,Руслан Васильків,MF,MF,,,group,1973-01-08,Васильків Руслан Борисович,,,1995–1999,СК Миколаїв; Чорноморець (Одеса)
w:1977-01-20:lots,Віталій Лоц,DF,DF,,,group,1977-01-20,Лоц Віталій Михайлович,,,1998–1999,Металіст (Харків)
w:1970-10-07:korenev,Дмитро Корєнєв,FW,ST,,,group,1970-10-07,Корєнєв Дмитро Віталійович,,,1994–1999,Нива (Вінниця); ЦСКА (Київ); Ворскла (Полтава)
w:1978-08-31:bohorodichenko,Сергій Богородіченко,MF,MF,,,group,1978-08-31,Богородіченко Сергій Анатолійович,,,1996–1999,Нива (Тернопіль); Металург (Донецьк)
w:1970-06-12:mardas,Геннадій Мардас,MF,MF,,,group,1970-06-12,Мардас Геннадій Олександрович,,,1998–1999,Таврія (Сімферополь)
w:1966-06-29:mokan,Василь Мокан,MF,MF,,,group,1966-06-29,Мокан Василь Іванович,,,1999–1999,Чорноморець (Одеса)
w:1974-06-01:dranitski,Сергій Драницький,MF,MF,,,group,1974-06-01,Драницький Сергій Миколайович,,,1993–1999,Волинь (Луцьк); Чорноморець (Одеса)
w:1969-01-23:nikiforov,Андрій Никифоров,MF,MF,,,group,1969-01-23,Никифоров Андрій Вікторович,,,1993–1999,Таврія (Сімферополь); Нива (Вінниця); Зірка (Кропивницький)
w:1981-05-06:matvev,Андрій Матвеєв,FW,ST,,,group,1981-05-06,Матвеєв Андрій Іванович,,,1997–1999,Дніпро (Дніпропетровськ)
w:1975-04-21:averin,Сергій Аверін,MF,MF,,,group,1975-04-21,Аверін Сергій Сергійович,,,1999–1999,Таврія (Сімферополь)
w:1963-08-22:spitsin,Олександр Спіцин,DF,DF,,,group,1963-08-22,Спіцин Олександр Сергійович,,,1994–1999,СК Миколаїв; Чорноморець (Одеса)
w:1976-12-13:stratulat,Георгій Стратулат,MF,MF,,,group,1976-12-13,Стратулат Георгій Ніканорович,,,1998–1999,Дніпро (Дніпропетровськ)
w:1976-05-16:levchenko,Олексій Левченко,DF,DF,,,group,1976-05-16,Левченко Олексій Валерійович,,,1996–1999,Нива (Вінниця); Торпедо (Запоріжжя); Маріуполь / Іллічівець
w:1970-05-13:junenko,Сергій Жуненко,DF,DF,,,group,1970-05-13,Жуненко Сергій Миколайович,,,1997–1999,Шахтар (Донецьк); Металург (Донецьк)
w:1980-04-08:hanitski,Даніїл Ганицький,MF,MF,,,group,1980-04-08,Ганицький Даніїл Ігорович,,,1999–1999,Маріуполь / Іллічівець
w:1977-08-10:krisanov,Дмитро Крісанов,MF,MF,,,group,1977-08-10,Крісанов Дмитро Володимирович,,,1999–1999,Чорноморець (Одеса)
w:1976-02-23:kuznetsov,Олексій Кузнецов,DF,DF,,,group,1976-02-23,Кузнецов Олексій Миколайович,,,1994–1999,Таврія (Сімферополь)
w:1972-01-05:krohan,Вадим Крохан,MF,MF,,,group,1972-01-05,Крохан Вадим Валерійович,,,1998–1999,Металург (Донецьк)
w:1968-01-18:moroz,Віктор Мороз,MF,MF,,,group,1968-01-18,Мороз Віктор Васильович,,,1998–1999,ЦСКА (Київ)
w:1972-08-21:mamedov,Раміз Мамедов,DF,DF,,,group,1972-08-21,Мамедов Раміз Мехманович,,,1999–1999,Динамо (Київ)
w:1973-12-10:iatsurak,Василь Яцурак,DF,DF,,,group,1973-12-10,Яцурак Василь Іванович,,,1995–1999,Волинь (Луцьк); Чорноморець (Одеса)
w:1975-09-13:tabachun,Руслан Табачун,FW,ST,,,group,1975-09-13,Табачун Руслан Миколайович,,,1999–1999,Таврія (Сімферополь)
w:1973-02-16:zalizniak,Віталій Залізняк,DF,DF,,,group,1973-02-16,Залізняк Віталій Олександрович,,,1998–1999,Маріуполь / Іллічівець
w:1974-04-29:ahaev,Муслім Агаєв,FW,ST,,,group,1974-04-29,Агаєв Муслім Байрамович,,,1999–1999,Нива (Тернопіль)
w:1971-12-02:mahdev,Юрій Магдієв,MF,MF,,,group,1971-12-02,Магдієв Юрій Загірбекович,,,1999–1999,Нива (Тернопіль)
w:1971-09-25:chuprin,Дмитро Чупрін,MF,MF,,,group,1971-09-25,Чупрін Дмитро Олександрович,,,1992–1999,Металіст (Харків)
w:1976-07-22:bohomol,Олег Богомол,MF,MF,,,group,1976-07-22,Богомол Олег Вікторович,,,1999–1999,Таврія (Сімферополь)
w:1973-09-09:konopelko,Михайло Конопелько,MF,MF,,,group,1973-09-09,Конопелько Михайло Миколайович,,,1999–1999,Таврія (Сімферополь)
w:1972-10-30:zaiats,Валентин Заяць,DF,DF,,,group,1972-10-30,Заяць Валентин Григорович,,,1999–1999,Нива (Тернопіль)
w:1979-12-24:rachiba,Олексій Рачиба,MF,MF,,,group,1979-12-24,Рачиба Олексій Іванович,,,1997–1999,Дніпро (Дніпропетровськ)
w:1978-02-26:lashuk,Євген Лашук,FW,ST,,,group,1978-02-26,Лашук Євген Віталійович,,,1999–1999,Нива (Тернопіль)
w:1980-02-21:mikula,Євген Микула,DF,DF,,,group,1980-02-21,Микула Євген Іванович,,,1997–1999,Дніпро (Дніпропетровськ)
w:1976-04-19:romashev,Олександр Ромашев,DF,DF,,,group,1976-04-19,Ромашев Олександр Валерійович,,,1999–1999,Зірка (Кропивницький)
w:1975-04-21:rak,Олег Рак,MF,MF,,,group,1975-04-21,Рак Олег Віталійович,,,1999–1999,Прикарпаття (Івано-Франківськ)
w:1966-10-29:huzun,Олександр Гузун,DF,DF,,,group,1966-10-29,Гузун Олександр Дмитрович,,,1996–1999,Нива (Вінниця); Дніпро (Дніпропетровськ)
w:1978-06-23:evsiukov,Олександр Євсюков,MF,MF,,,group,1978-06-23,Євсюков Олександр Сергійович,,,1997–1999,Кривбас (Кривий Ріг)
w:1971-06-04:diak,Віктор Д'як,MF,MF,,,group,1971-06-04,Д'як Віктор Іванович,,,1998–1999,Металург (Донецьк)
w:1975-10-02:matiushenko,В'ячеслав Матюшенко,DF,DF,,,group,1975-10-02,Матюшенко Вячеслав Вікторович,,,1999–1999,Чорноморець (Одеса)
w:1979-07-02:kovrijkin,Сергій Коврижкін,MF,MF,,,group,1979-07-02,Коврижкін Сергій Євгенович,,,1994–1999,Таврія (Сімферополь); Чорноморець (Одеса)
w:1979-04-25:shubin,Владислав Шубін,MF,MF,,,group,1979-04-25,Шубін Владислав Вікторович,,,1999–1999,Зірка (Кропивницький)
w:1964-10-01:ptashnik,Сергій Пташник,MF,MF,,,group,1964-10-01,Пташник Сергій Володимирович,,,1999–1999,Прикарпаття (Івано-Франківськ)
w:1976-09-22:vitvitski,Микола Вітвіцький,MF,MF,,,group,1976-09-22,Вітвіцький Микола Станіславович,,,1999–1999,Чорноморець (Одеса)
w:1978-08-15:pinenko,Олександр Піненко,MF,MF,,,group,1978-08-15,Піненко Олександр Сергійович,,,1997–1999,Дніпро (Дніпропетровськ)
w:1972-06-29:stoianov,Едуард Стоянов,FW,ST,,,group,1972-06-29,Стоянов Едуард Миколайович,,,1997–1999,Чорноморець (Одеса)
w:1982-01-02:chornoivan,Олексій Чорноіван,FW,ST,,,group,1982-01-02,Чорноіван Олексій Олександрович,,,1998–1999,Зірка (Кропивницький)
w:1979-06-19:fenin,Віталій Фенін,DF,DF,,,group,1979-06-19,Фенін Віталій Олександрович,,,1998–1999,Маріуполь / Іллічівець
w:1971-12-02:taloverov,Вадим Таловєров,MF,MF,,,group,1971-12-02,Таловєров Вадим Миколайович,,,1999–1999,Металург (Донецьк)
w:1980-05-28:soproniuk,Іван Сопронюк,DF,DF,,,group,1980-05-28,Сопронюк Іван Анатолійович,,,1999–1999,Нива (Тернопіль)
w:1978-08-23:lahoida,Ігор Лагойда,MF,MF,,,group,1978-08-23,Лагойда Ігор Ярославович,,,1999–1999,Зірка (Кропивницький)
w:1980-12-11:zaets,Віталій Заєць,MF,MF,,,group,1980-12-11,Заєць Віталій Васильович,,,1999–1999,Металіст (Харків)
w:1974-08-27:metreveli,Костянтин Метревелі,MF,MF,,,group,1974-08-27,Метревелі Костянтин Юрійович,,,1999–1999,Нива (Тернопіль)
w:1980-02-07:jitski,Данило Жицький,FW,ST,,,group,1980-02-07,Жицький Данило Анатолійович,,,1999–1999,Чорноморець (Одеса)
w:1968-08-05:lujni,Олег Лужний,DF,DF,,,group,1968-08-05,Лужний Олег Романович,,,1992–1998,Динамо (Київ)
w:1965-02-03:hromov,Віктор Громов,FW,ST,,,group,1965-02-03,Громов Віктор Олексійович,,,1992–1998,Кривбас (Кривий Ріг); Металург (Запоріжжя)
w:1965-11-23:konovalchuk,Володимир Коновальчук,MF,MF,,,group,1965-11-23,Коновальчук Володимир Дмитрович,,,1992–1998,Кремінь (Кременчук); Ворскла (Полтава); Металург (Запоріжжя)
w:1972-05-17:shumski,Віталій Шумський,MF,MF,,,group,1972-05-17,Шумський Віталій Іванович,,,1992–1998,Нива (Тернопіль); Карпати (Львів); Дніпро (Дніпропетровськ); Прикарпаття (Івано-Франківськ)
w:1972-12-16:shkapenko,Павло Шкапенко,MF,MF,,,group,1972-12-16,Шкапенко Павло Леонідович,,,1992–1998,Динамо (Київ); ЦСКА (Київ)
w:1967-03-12:kolesnik,Вадим Колесник,FW,ST,,,group,1967-03-12,Колесник Вадим Леонідович,,,1992–1998,Металіст (Харків); Карпати (Львів); Маріуполь / Іллічівець
w:1968-07-01:jabchenko,Ігор Жабченко,MF,MF,,,group,1968-07-01,Жабченко Ігор Валентинович,,,1992–1998,Кремінь (Кременчук); Чорноморець (Одеса); Шахтар (Донецьк); Металург (Донецьк)
w:1970-08-25:liuti,Владислав Лютий,MF,MF,,,group,1970-08-25,Лютий Владислав Олексійович,,,1992–1998,Кривбас (Кривий Ріг); Металург (Запоріжжя); Прикарпаття (Івано-Франківськ)
w:1963-03-25:samardak,Богдан Самардак,DF,DF,,,group,1963-03-25,Самардак Богдан Миколайович,,,1992–1998,Верес (Рівне); Нива (Тернопіль)
w:1966-10-12:rusnak,Іван Руснак,DF,DF,,,group,1966-10-12,Руснак Іван Іванович,,,1992–1998,Буковина (Чернівці); Зірка (Кропивницький)
w:1971-09-12:huralski,Олександр Гуральський,MF,MF,,,group,1971-09-12,Гуральський Олександр Петрович,,,1992–1998,Металург (Запоріжжя); Торпедо (Запоріжжя); СК Миколаїв; Металург (Донецьк)
w:1969-08-11:zaharov,Олександр Захаров,MF,MF,,,group,1969-08-11,Захаров Олександр Вікторович,,,1992–1998,Дніпро (Дніпропетровськ); Кривбас (Кривий Ріг)
w:1966-03-11:kolokolov,Руслан Колоколов,DF,DF,,,group,1966-03-11,Колоколов Руслан Миколайович,,,1993–1998,Темп (Шепетівка); Металург (Запоріжжя); Кривбас (Кривий Ріг); Металіст (Харків)
w:1964-12-13:belichenko,Юрій Бєліченко,MF,MF,,,group,1964-12-13,Бєліченко Юрій Олександрович,,,1992–1998,Шахтар (Донецьк); Зірка (Кропивницький); Металург (Донецьк)
w:1972-06-27:jenilenko,В'ячеслав Жениленко,DF,DF,,,group,1972-06-27,Жениленко Вячеслав Миколайович,,,1993–1998,Кремінь (Кременчук); СК Миколаїв
w:1971-05-14:moshevich,Ігор Мошевич,DF,DF,,,group,1971-05-14,Мошевич Ігор Володимирович,,,1993–1998,Торпедо (Запоріжжя); Зірка (Кропивницький)
w:1970-11-20:rusak,Петро Русак,FW,ST,,,group,1970-11-20,Русак Петро Романович,,,1994–1998,Прикарпаття (Івано-Франківськ)
w:1968-02-25:dumenko,Сергій Думенко,FW,ST,,,group,1968-02-25,Думенко Сергій Валерійович,,,1992–1998,Дніпро (Дніпропетровськ); СК Миколаїв; Маріуполь / Іллічівець
w:1967-08-15:kozakov,Станіслав Козаков,MF,MF,,,group,1967-08-15,Козаков Станіслав Володимирович,,,1995–1998,Зірка (Кропивницький)
w:1970-08-05:solodki,Вадим Солодкий,FW,ST,,,group,1970-08-05,Солодкий Вадим Петрович,,,1994–1998,Волинь (Луцьк); Металург (Донецьк)
w:1972-05-17:duhnovski,Ігор Духновський,FW,ST,,,group,1972-05-17,Духновський Ігор Олександрович,,,1992–1998,Таврія (Сімферополь); Зірка (Кропивницький); Маріуполь / Іллічівець
w:1968-09-20:kochvar,Сергій Кочвар,DF,DF,,,group,1968-09-20,Кочвар Сергій Володимирович,,,1994–1998,Нива (Тернопіль); Шахтар (Донецьк); Кривбас (Кривий Ріг); СК Миколаїв
w:1969-04-14:djuheli,Іван Джугелі,FW,ST,,,group,1969-04-14,Джугелі Іван Рамазович,,,1994–1998,Темп (Шепетівка); Зоря (Луганськ); Таврія (Сімферополь); Прикарпаття (Івано-Франківськ); СК Миколаїв
w:1971-10-09:karas,Ігор Карась,DF,DF,,,group,1971-10-09,Карась Ігор Миколайович,,,1996–1998,Прикарпаття (Івано-Франківськ)
w:1977-11-01:ilchenko,Сергій Ільченко,DF,DF,,,group,1977-11-01,Ільченко Сергій Олександрович,,,1995–1998,Металург (Запоріжжя); ЦСКА (Київ)
w:1975-04-03:maltsev,Владислав Мальцев,FW,ST,,,group,1975-04-03,Мальцев Владислав Анатолійович,,,1993–1998,Кривбас (Кривий Ріг); Прикарпаття (Івано-Франківськ)
w:1974-06-02:mostovi,Руслан Мостовий,DF,DF,,,group,1974-06-02,Мостовий Руслан Іванович,,,1996–1998,Прикарпаття (Івано-Франківськ)
w:1973-07-24:skidan,Геннадій Скідан,MF,MF,,,group,1973-07-24,Скідан Геннадій Вікторович,,,1993–1998,Таврія (Сімферополь); Кривбас (Кривий Ріг); Карпати (Львів); Прикарпаття (Івано-Франківськ)
w:1975-01-01:lipski,Олег Липський,FW,ST,,,group,1975-01-01,Липський Олег Леонідович,,,1994–1998,Металург (Запоріжжя)
w:1975-03-21:nesterchuk,Павло Нестерчук,FW,ST,,,group,1975-03-21,Нестерчук Павло Петрович,,,1996–1998,Прикарпаття (Івано-Франківськ); Зірка (Кропивницький); Ворскла (Полтава)
w:1957-11-24:shari,Іван Шарій,FW,ST,,,group,1957-11-24,Шарій Іван Григорович,,,1996–1998,Ворскла (Полтава)
w:1971-03-07:soloviov,Сергій Соловйов,DF,DF,,,group,1971-03-07,Соловйов Сергій Миколайович,,,1992–1998,Кривбас (Кривий Ріг); СК Миколаїв
w:1967-07-01:husev,Сергій Гусєв,FW,ST,,,group,1967-07-01,Гусєв Сергій Євгенійович,,,1992–1998,Чорноморець (Одеса); Зірка (Кропивницький)
w:1974-08-10:horobets,Дмитро Горобець,FW,ST,,,group,1974-08-10,Горобець Дмитро Іванович,,,1992–1998,Торпедо (Запоріжжя); СК Миколаїв
w:1965-06-21:storchak,Василь Сторчак,DF,DF,,,group,1965-06-21,Сторчак Василь Валерійович,,,1992–1998,Металург (Запоріжжя); Торпедо (Запоріжжя); СК Миколаїв
w:1973-12-22:kovalenko,Сергій Коваленко,FW,ST,,,group,1973-12-22,Коваленко Сергій Григорович,,,1993–1998,Дніпро (Дніпропетровськ); Металург (Запоріжжя)
w:1978-07-30:poroshin,Андрій Порошин,FW,ST,,,group,1978-07-30,Порошин Андрій Михайлович,,,1996–1998,Зірка (Кропивницький)
w:1970-08-02:burimenko,Сергій Бурименко,DF,DF,,,group,1970-08-02,Бурименко Сергій Леонідович,,,1994–1998,СК Миколаїв; Кремінь (Кременчук)
w:1972-10-15:zeleniuk,Ігор Зеленюк,DF,DF,,,group,1972-10-15,Зеленюк Ігор Михайлович,,,1994–1998,Нива (Тернопіль); Нива (Вінниця); СК Миколаїв
w:1968-10-01:kovalenko,Валерій Коваленко,DF,DF,,,group,1968-10-01,Коваленко Валерій Іванович,,,1995–1998,Кремінь (Кременчук); Металург (Запоріжжя)
w:1973-02-06:bespalih,Сергій Беспалих,FW,ST,,,group,1973-02-06,Беспалих Сергій Олексійович,,,1996–1998,Дніпро (Дніпропетровськ); Прикарпаття (Івано-Франківськ)
w:1972-02-11:chirva,Олексій Чирва,DF,DF,,,group,1972-02-11,Чирва Олексій Володимирович,,,1992–1998,Металіст (Харків); СК Миколаїв
w:1967-09-27:sidelnikov,Андрій Сідельніков,DF,DF,,,group,1967-09-27,Сідельніков Андрій Анатолійович,,,1997–1998,Дніпро (Дніпропетровськ)
w:1975-04-29:budnik,Андрій Будник,MF,MF,,,group,1975-04-29,Будник Андрій Іванович,,,1997–1998,Прикарпаття (Івано-Франківськ)
w:1962-03-19:iaremchuk,Іван Яремчук,MF,MF,,,group,1962-03-19,Яремчук Іван Іванович,,,1996–1998,Ворскла (Полтава); Прикарпаття (Івано-Франківськ)
w:1971-07-10:tutichenko,Дмитро Тутиченко,MF,MF,,,group,1971-07-10,Тутиченко Дмитро Павлович,,,1997–1998,Дніпро (Дніпропетровськ)
w:1978-09-27:kozlov,Сергій Козлов,FW,ST,,,group,1978-09-27,Козлов Сергій Олександрович,,,1998–1998,СК Миколаїв
w:1974-07-19:maksimich,Сергій Максимич,MF,MF,,,group,1974-07-19,Максимич Сергій Васильович,,,1994–1998,Зоря (Луганськ); Дніпро (Дніпропетровськ)
w:1972-08-28:holubka,Петро Голубка,FW,ST,,,group,1972-08-28,Голубка Петро Михайлович,,,1993–1998,Таврія (Сімферополь); Карпати (Львів); Нива (Тернопіль)
w:1975-04-06:alhali,Альхалі Соума,FW,ST,,,group,1975-04-06,Соума Альхалі,,,1997–1998,Карпати (Львів)
w:1966-02-13:sorokin,Вадим Сорокін,MF,MF,,,group,1966-02-13,Сорокін Вадим Євгенович,,,1994–1998,СК Миколаїв; Зірка (Кропивницький)
w:1967-04-17:tsisar,Олександр Цисар,DF,DF,,,group,1967-04-17,Цисар Олександр Вікторович,,,1997–1998,Прикарпаття (Івано-Франківськ)
w:1970-08-13:tupchenko,Костянтин Тупчиєнко,MF,MF,,,group,1970-08-13,Тупчиєнко Костянтин Веніамінович,,,1993–1998,Карпати (Львів); Зірка (Кропивницький)
w:1969-05-26:buthanov,Борис Бутханов,DF,DF,,,group,1969-05-26,Бутханов Борис Володимирович,,,1997–1998,Дніпро (Дніпропетровськ)
w:1971-12-01:stroenko,Андрій Строєнко,MF,MF,,,group,1971-12-01,Строєнко Андрій Васильович,,,1997–1998,Кривбас (Кривий Ріг)
w:1974-12-07:aleksev,Володимир Алексєєв,DF,DF,,,group,1974-12-07,Алексєєв Володимир Вікторович,,,1998–1998,Таврія (Сімферополь)
w:1971-07-26:dobrovolski,Дмитро Добровольський,DF,DF,,,group,1971-07-26,Добровольський Дмитро Вікторович,,,1998–1998,СК Миколаїв
w:1970-05-13:polischuk,Костянтин Поліщук,DF,DF,,,group,1970-05-13,Поліщук Костянтин Володимирович,,,1995–1998,Кремінь (Кременчук); СК Миколаїв
w:1980-10-08:chaidjoke,Нджоку Даніель Чайджоке,MF,MF,,,group,1980-10-08,Нджоку Даніель Чайджоке,,,1997–1998,Ворскла (Полтава)
w:1973-08-10:shashkevich,Сергій Шашкевич,DF,DF,,,group,1973-08-10,Шашкевич Сергій Вікторович,,,1997–1998,Зірка (Кропивницький)
w:1971-04-05:sarkisov,Едуард Саркісов,MF,MF,,,group,1971-04-05,Саркісов Едуард Рачикович,,,1998–1998,Прикарпаття (Івано-Франківськ)
w:1967-01-03:bahmetev,Ігор Бахметьєв,DF,DF,,,group,1967-01-03,Бахметьєв Ігор Олександрович,,,1998–1998,СК Миколаїв
w:1977-03-29:iakushev,Артур Якушев,DF,DF,,,group,1977-03-29,Якушев Артур Юрійович,,,1998–1998,Прикарпаття (Івано-Франківськ)
w:1976-11-12:maiorov,Владислав Майоров,FW,ST,,,group,1976-11-12,Майоров Владислав Миколайович,,,1998–1998,Кривбас (Кривий Ріг)
w:1973-05-09:iurchenko,Дмитро Юрченко,FW,ST,,,group,1973-05-09,Юрченко Дмитро Олександрович,,,1998–1998,СК Миколаїв
w:1976-07-12:shkurupi,Андрій Шкурупій,MF,MF,,,group,1976-07-12,Шкурупій Андрій Віталійович,,,1998–1998,СК Миколаїв
w:1975-12-14:stasiuk,Ігор Стасюк,FW,ST,,,group,1975-12-14,Стасюк Ігор Валерійович,,,1998–1998,Металург (Донецьк)
w:1975-05-14:nujni,В'ячеслав Нужний,MF,MF,,,group,1975-05-14,Нужний В'ячеслав Олександрович,,,1998–1998,СК Миколаїв
w:1979-08-24:volkarachevski,Денис Волк-Карачевський,DF,DF,,,group,1979-08-24,Волк-Карачевський Денис Сергійович,,,1997–1998,Таврія (Сімферополь)
w:1975-05-05:hitia,Валерій Гитя,MF,MF,,,group,1975-05-05,Гитя Валерій Валерійович,,,1994–1998,Нива (Вінниця); Таврія (Сімферополь)
w:1980-09-19:iaskov,Юрій Яськов,FW,ST,,,group,1980-09-19,Яськов Юрій Володимирович,,,1998–1998,Кривбас (Кривий Ріг)
w:1967-04-02:kostishin,Юрій Костишин,MF,MF,,,group,1967-04-02,Костишин Юрій Степанович,,,1998–1998,Прикарпаття (Івано-Франківськ)
w:1975-08-21:sopkiv,Олександр Сопків,MF,MF,,,group,1975-08-21,Сопків Олександр Васильович,,,1998–1998,Прикарпаття (Івано-Франківськ)
w:1974-09-24:novohatski,Василь Новохацький,FW,ST,,,group,1974-09-24,Новохацький Василь Михайлович,,,1997–1998,ЦСКА (Київ)
w:1980-01-12:borovski,Дмитро Боровський,MF,MF,,,group,1980-01-12,Боровський Дмитро Леонідович,,,1998–1998,СК Миколаїв
w:1970-08-28:stahov,Ігор Стахов,FW,ST,,,group,1970-08-28,Стахов Ігор Борисович,,,1998–1998,СК Миколаїв
w:1979-03-22:kozlenko,Володимир Козленко,MF,MF,,,group,1979-03-22,Козленко Володимир Анатолійович,,,1997–1998,Металург (Запоріжжя)
w:1970-11-10:kovalkov,Леонід Ковальков,DF,DF,,,group,1970-11-10,Ковальков Леонід Вячеславович,,,1997–1998,Металург (Запоріжжя)
w:1976-11-24:skvortsov,Анатолій Скворцов,MF,MF,,,group,1976-11-24,Скворцов Анатолій Олександрович,,,1997–1998,Таврія (Сімферополь)
w:1977-04-10:lunhu,Владіслав Лунгу,MF,MF,,,group,1977-04-10,Лунгу Владіслав Валерійович,,,1997–1998,Ворскла (Полтава)
w:1978-07-18:davitnidze,Георгій Давітнідзе,MF,MF,,,group,1978-07-18,Давітнідзе Георгій,,,1998–1998,Нива (Тернопіль)
w:1975-10-05:hudjadze,Шалва Худжадзе,DF,DF,,,group,1975-10-05,Худжадзе Шалва Теймуразович,,,1998–1998,Нива (Тернопіль)
w:1977-09-24:paleshev,Олександр Палешев,MF,MF,,,group,1977-09-24,Палешев Олександр Юрійович,,,1998–1998,СК Миколаїв
w:1977-01-01:lamtiuhin,Сергій Ламтюгін,DF,DF,,,group,1977-01-01,Ламтюгін Сергій Євгенович,,,1993–1998,Таврія (Сімферополь); Дніпро (Дніпропетровськ)
w:1978-02-01:svisch,Роман Свищ,DF,DF,,,group,1978-02-01,Свищ Роман Іванович,,,1997–1998,Прикарпаття (Івано-Франківськ)
w:1970-07-07:kukalevich,Сергій Кукалевич,MF,MF,,,group,1970-07-07,Кукалевич Сергій Олександрович,,,1998–1998,Таврія (Сімферополь)
w:1981-05-29:bili,Олександр Білий,FW,ST,,,group,1981-05-29,Білий Олександр Володимирович,,,1998–1998,СК Миколаїв
w:1973-06-06:tepchuk,Юрій Тепчук,MF,MF,,,group,1973-06-06,Тепчук Юрій Васильович,,,1998–1998,СК Миколаїв
w:1971-07-24:krijanivski,Володимир Крижанівський,FW,ST,,,group,1971-07-24,Крижанівський Володимир Романович,,,1998–1998,Прикарпаття (Івано-Франківськ)
w:1974-01-21:sidenko,Анатолій Сіденко,FW,ST,,,group,1974-01-21,Сіденко Анатолій Васильович,,,1998–1998,Прикарпаття (Івано-Франківськ)
w:1978-07-24:belikov,Сергій Бєліков,FW,ST,,,group,1978-07-24,Бєліков Сергій Вікторович,,,1998–1998,СК Миколаїв
w:1975-02-13:vopliushkin,Ігор Воплюшкін,MF,MF,,,group,1975-02-13,Воплюшкін Ігор Леонідович,,,1998–1998,Таврія (Сімферополь)
w:1978-05-10:kuratov,Олег Куратов,MF,MF,,,group,1978-05-10,Куратов Олег Костянтинович,,,1998–1998,Таврія (Сімферополь)
w:1979-01-16:vakar,Денис Вакар,FW,ST,,,group,1979-01-16,Вакар Денис Миколайович,,,1998–1998,СК Миколаїв
w:1978-06-28:alahverdev,Ельдар Аллахвердієв,FW,ST,,,group,1978-06-28,Аллахвердієв Ельдар Гафарович,,,1998–1998,СК Миколаїв
w:1977-07-12:mishko,Денис Мишко,DF,DF,,,group,1977-07-12,Мишко Денис Олександрович,,,1998–1998,СК Миколаїв
w:1971-02-16:jovjerenko,Андрій Жовжеренко,MF,MF,,,group,1971-02-16,Жовжеренко Андрій Іванович,,,1998–1998,СК Миколаїв
w:1977-02-03:berehulia,Андрій Берегуля,DF,DF,,,group,1977-02-03,Берегуля Андрій Володимирович,,,1994–1998,СК Миколаїв
w:1974-04-02:tkachov,В'ячеслав Ткачов,MF,MF,,,group,1974-04-02,Ткачов Вячеслав Володимирович,,,1998–1998,Дніпро (Дніпропетровськ)
w:1982-04-08:mihailenko,Валерій Михайленко,MF,MF,,,group,1982-04-08,Михайленко Валерій Володимирович,,,1998–1998,Зірка (Кропивницький)
w:1977-01-09:potapov,Сергій Потапов,MF,MF,,,group,1977-01-09,Потапов Сергій Вікторович,,,1998–1998,Металург (Донецьк)
w:1970-04-11:tarhonski,Олексій Таргонський,DF,DF,,,group,1970-04-11,Таргонський Олексій Олександрович,,,1998–1998,Металіст (Харків)
w:1976-03-18:kolomets,Анатолій Коломієць,MF,MF,,,group,1976-03-18,Коломієць Анатолій Анатолійович,,,1998–1998,Прикарпаття (Івано-Франківськ)
w:1970-08-12:marhoshia,Темурі Маргошія,MF,MF,,,group,1970-08-12,Маргошія Темурі Корнелович,,,1998–1998,СК Миколаїв
w:1980-12-10:ivanov,Сергій Іванов,MF,MF,,,group,1980-12-10,Іванов Сергій Володимирович,,,1998–1998,Металург (Запоріжжя)
w:1980-10-31:pokatilov,Євген Покатилов,DF,DF,,,group,1980-10-31,Покатилов Євген Георгійович,,,1998–1998,Металург (Донецьк)
w:1981-06-25:kapustin,Віктор Капустін,DF,DF,,,group,1981-06-25,Капустін Віктор Вікторович,,,1998–1998,Металург (Запоріжжя)
w:1978-12-25:papazov,Іван Папазов,MF,MF,,,group,1978-12-25,Папазов Іван Васильович,,,1998–1998,Маріуполь / Іллічівець
w:1970-11-17:franko,Владислав Франко,MF,MF,,,group,1970-11-17,Франко Владислав Андрійович,,,1998–1998,Прикарпаття (Івано-Франківськ)
w:1978-10-09:novikov,Петро Новіков,MF,MF,,,group,1978-10-09,Новіков Петро Миколайович,,,1998–1998,Прикарпаття (Івано-Франківськ)
w:1982-01-21:burmistrov,В'ячеслав Бурмістров,FW,ST,,,group,1982-01-21,Бурмістров В'ячеслав Олександрович,,,1998–1998,Таврія (Сімферополь)
w:1982-01-28:borodai,Олексій Бородай,MF,MF,,,group,1982-01-28,Бородай Олексій Вікторович,,,1998–1998,Таврія (Сімферополь)
w:1982-03-30:koltsov,Дмитро Кольцов,MF,MF,,,group,1982-03-30,Кольцов Дмитро Миколайович,,,1998–1998,Таврія (Сімферополь)
w:1978-06-25:akinin,Костянтин Акінін,FW,ST,,,group,1978-06-25,Акінін Костянтин Юрійович,,,1998–1998,Шахтар (Донецьк)
w:1982-06-28:romanenko,Антон Романенко,DF,DF,,,group,1982-06-28,Романенко Антон Юрійович,,,1998–1998,Таврія (Сімферополь)
w:1975-01-11:klimenko,Олександр Клименко,MF,MF,,,group,1975-01-11,Клименко Олександр Іванович,,,1998–1998,СК Миколаїв
w:1974-04-02:zavhorodni,Владіслав Завгородній,MF,MF,,,group,1974-04-02,Завгородній Владіслав Євгенович,,,1998–1998,СК Миколаїв
w:1965-12-06:fokin,Ігор Фокін,DF,DF,,,group,1965-12-06,Фокін Ігор Петрович,,,1992–1997,Зоря (Луганськ); Кривбас (Кривий Ріг); Металург (Запоріжжя); Торпедо (Запоріжжя)
w:1965-03-13:volkov,Ігор Волков,DF,DF,,,group,1965-03-13,Волков Ігор Миколайович,,,1992–1997,Таврія (Сімферополь)
w:1972-08-29:kurilenko,Олексій Куриленко,MF,MF,,,group,1972-08-29,Куриленко Олексій Вікторович,,,1992–1997,Кривбас (Кривий Ріг); Дніпро (Дніпропетровськ); Металург (Запоріжжя); Торпедо (Запоріжжя)
w:1965-02-17:cherkun,Ігор Черкун,DF,DF,,,group,1965-02-17,Черкун Ігор Валентинович,,,1992–1997,Торпедо (Запоріжжя); Зірка (Кропивницький)
w:1972-06-05:maksimenko,Андрій Максименко,DF,DF,,,group,1972-06-05,Максименко Андрій Юрійович,,,1992–1997,Металург (Запоріжжя); Торпедо (Запоріжжя); Маріуполь / Іллічівець
w:1963-12-07:petrik,Анатолій Петрик,MF,MF,,,group,1963-12-07,Петрик Анатолій Степанович,,,1992–1997,Карпати (Львів)
w:1970-01-03:fursov,Володимир Фурсов,FW,ST,,,group,1970-01-03,Фурсов Володимир Володимирович,,,1992–1997,Зоря (Луганськ); Таврія (Сімферополь)
w:1961-09-01:chervoni,Олександр Червоний,MF,MF,,,group,1961-09-01,Червоний Олександр Володимирович,,,1992–1997,Верес (Рівне); Дніпро (Дніпропетровськ); Зоря (Луганськ); Нива (Вінниця); Маріуполь / Іллічівець
w:1967-01-29:shmatovalenko,Сергій Шматоваленко,DF,DF,,,group,1967-01-29,Шматоваленко Сергій Сергійович,,,1992–1997,Динамо (Київ)
w:1969-11-10:iankovski,Олександр Янковський,MF,MF,,,group,1969-11-10,Янковський Олександр Леонідович,,,1992–1997,Кремінь (Кременчук); Металург (Запоріжжя)
w:1962-11-13:raliuchenko,Сергій Ралюченко,MF,MF,,,group,1962-11-13,Ралюченко Сергій Петрович,,,1992–1997,Торпедо (Запоріжжя); Темп (Шепетівка); Зірка (Кропивницький)
w:1967-01-17:harkivschenko,Ігор Харківщенко,DF,DF,,,group,1967-01-17,Харківщенко Ігор Олександрович,,,1993–1997,Верес (Рівне); Дніпро (Дніпропетровськ)
w:1971-06-27:muraviov,Олег Муравйов,DF,DF,,,group,1971-06-27,Муравйов Олег Вікторович,,,1995–1997,Таврія (Сімферополь)
w:1971-09-06:novikov,Владислав Новіков,MF,MF,,,group,1971-09-06,Новіков Владислав Михайлович,,,1992–1997,Таврія (Сімферополь); Кремінь (Кременчук); ЦСКА (Київ); Шахтар (Донецьк)
w:1960-09-05:iurchenko,Ігор Юрченко,MF,MF,,,group,1960-09-05,Юрченко Ігор Миколайович,,,1994–1997,Прикарпаття (Івано-Франківськ)
w:1976-12-26:burhan,Кирило Бурхан,DF,DF,,,group,1976-12-26,Бурхан Кирило Юрійович,,,1992–1997,Торпедо (Запоріжжя)
w:1966-03-05:chervoni,Віктор Червоний,MF,MF,,,group,1966-03-05,Червоний Віктор Володимирович,,,1993–1997,Верес (Рівне); Нива (Тернопіль); Маріуполь / Іллічівець
w:1964-01-30:petrov,Ігор Петров,MF,MF,,,group,1964-01-30,Петров Ігор Григорович,,,1994–1997,Шахтар (Донецьк); Металург (Донецьк)
w:1974-06-12:amilehin,Сергій Амілехін,MF,MF,,,group,1974-06-12,Амілехін Сергій Володимирович,,,1993–1997,Карпати (Львів); Прикарпаття (Івано-Франківськ); ЦСКА (Київ); Зірка (Кропивницький)
w:1962-05-25:turianski,Сергій Турянський,FW,ST,,,group,1962-05-25,Турянський Сергій Миронович,,,1994–1997,Прикарпаття (Івано-Франківськ); Нива (Тернопіль)
w:1969-10-21:benko,Олег Бенько,DF,DF,,,group,1969-10-21,Бенько Олег Іванович,,,1992–1997,Волинь (Луцьк); Карпати (Львів); Металург (Запоріжжя)
w:1965-08-01:ialovski,Віктор Яловський,MF,MF,,,group,1965-08-01,Яловський Віктор Михайлович,,,1992–1997,Кремінь (Кременчук); Торпедо (Запоріжжя); Темп (Шепетівка); Кривбас (Кривий Ріг); Зірка (Кропивницький)
w:1975-04-05:shubin,Олексій Шубін,DF,DF,,,group,1975-04-05,Шубін Олексій Вікторович,,,1994–1997,Торпедо (Запоріжжя)
w:1967-06-28:iudin,Андрій Юдін,DF,DF,,,group,1967-06-28,Юдін Андрій Вікторович,,,1992–1997,Дніпро (Дніпропетровськ); Кривбас (Кривий Ріг)
w:1974-02-13:malevanov,Олександр Малєванов,DF,DF,,,group,1974-02-13,Малєванов Олександр Васильович,,,1993–1997,Шахтар (Донецьк); Волинь (Луцьк); Металург (Донецьк)
w:1971-01-11:pavliuchenko,Костянтин Павлюченко,DF,DF,,,group,1971-01-11,Павлюченко Костянтин Володимирович,,,1992–1997,Дніпро (Дніпропетровськ); Кривбас (Кривий Ріг)
w:1963-01-03:mhlinets,Віктор Мглинець,MF,MF,,,group,1963-01-03,Мглинець Віктор Іванович,,,1996–1997,Чорноморець (Одеса)
w:1966-04-29:stelmah,Михайло Стельмах,MF,MF,,,group,1966-04-29,Стельмах Михайло Андрійович,,,1992–1997,Карпати (Львів); ЦСКА (Київ)
w:1971-05-25:jihulin,Спартак Жигулін,DF,DF,,,group,1971-05-25,Жигулін Спартак Володимирович,,,1992–1997,Торпедо (Запоріжжя); СК Миколаїв; Металург (Донецьк)
w:1969-09-07:kosheliuk,Олег Кошелюк,MF,MF,,,group,1969-09-07,Кошелюк Олег Борисович,,,1992–1997,Чорноморець (Одеса); Маріуполь / Іллічівець
w:1973-02-25:belkin,Віктор Бєлкін,MF,MF,,,group,1973-02-25,Бєлкін Віктор Володимирович,,,1992–1997,Динамо (Київ); ЦСКА (Київ); Дніпро (Дніпропетровськ)
w:1962-11-12:savka,Михайло Савка,DF,DF,,,group,1962-11-12,Савка Михайло Степанович,,,1995–1997,Прикарпаття (Івано-Франківськ)
w:1968-01-12:androsov,Андрій Андросов,FW,ST,,,group,1968-01-12,Андросов Андрій Анатолійович,,,1994–1997,СК Миколаїв; Маріуполь / Іллічівець
w:1976-10-21:chernov,Андрій Чернов,MF,MF,,,group,1976-10-21,Чернов Андрій Володимирович,,,1993–1997,Дніпро (Дніпропетровськ); Кремінь (Кременчук); Кривбас (Кривий Ріг)
w:1971-05-13:portnov,Ігор Портнов,MF,MF,,,group,1971-05-13,Портнов Ігор Вячеславович,,,1995–1997,Кривбас (Кривий Ріг); Кремінь (Кременчук); Торпедо (Запоріжжя)
w:1974-08-03:efimenko,В'ячеслав Єфіменко,FW,ST,,,group,1974-08-03,Єфіменко Вячеслав Миколайович,,,1995–1997,Карпати (Львів); Торпедо (Запоріжжя)
w:1970-06-07:kut,Віталій Куть,DF,DF,,,group,1970-06-07,Куть Віталій Дмитрович,,,1996–1997,Нива (Тернопіль)
w:1970-03-09:oberemchenko,Ігор Оберемченко,FW,ST,,,group,1970-03-09,Оберемченко Ігор Вікторович,,,1996–1997,Таврія (Сімферополь)
w:1970-08-11:shuliatitski,Юрій Шулятицький,DF,DF,,,group,1970-08-11,Шулятицький Юрій Юрій-Йосипович,,,1992–1997,Карпати (Львів); Зірка (Кропивницький)
w:1973-05-24:kalian,Сергій Кальян,DF,DF,,,group,1973-05-24,Кальян Сергій Миколайович,,,1994–1997,Темп (Шепетівка); Таврія (Сімферополь); Маріуполь / Іллічівець
w:1967-06-25:pohorelov,Валерій Погорєлов,DF,DF,,,group,1967-06-25,Погорєлов Валерій Іванович,,,1996–1997,Чорноморець (Одеса)
w:1970-03-05:shushura,Юрій Шушура,DF,DF,,,group,1970-03-05,Шушура Юрій Станіславович,,,1996–1997,Торпедо (Запоріжжя)
w:1974-08-10:baranovski,Сергій Барановський,FW,ST,,,group,1974-08-10,Барановський Сергій Вікторович,,,1994–1997,Темп (Шепетівка); Прикарпаття (Івано-Франківськ); Зірка (Кропивницький)
w:1973-10-27:michuda,Сергій Мічуда,DF,DF,,,group,1973-10-27,Мічуда Сергій Миколайович,,,1993–1997,Верес (Рівне); Торпедо (Запоріжжя)
w:1973-02-02:babichuk,Сергій Бабійчук,FW,ST,,,group,1973-02-02,Бабійчук Сергій Олександрович,,,1994–1997,Нива (Вінниця); Торпедо (Запоріжжя)
w:1973-12-24:pinchuk,Костянтин Пінчук,DF,DF,,,group,1973-12-24,Пінчук Костянтин Миколайович,,,1993–1997,Зоря (Луганськ); Маріуполь / Іллічівець
w:1976-10-26:chumachenko,Ігор Чумаченко,MF,MF,,,group,1976-10-26,Чумаченко Ігор Гаврилович,,,1996–1997,Чорноморець (Одеса)
w:1971-01-08:dmitrev,Євген Дмитрієв,DF,DF,,,group,1971-01-08,Дмитрієв Євген Миколайович,,,1994–1997,Дніпро (Дніпропетровськ); ЦСКА (Київ)
w:1974-06-16:sonin,Євген Сонін,FW,ST,,,group,1974-06-16,Сонін Євген Юрійович,,,1995–1997,СК Миколаїв; Дніпро (Дніпропетровськ); Кривбас (Кривий Ріг)
w:1970-07-01:pilipenko,Василь Пилипенко,FW,ST,,,group,1970-07-01,Пилипенко Василь Володимирович,,,1992–1997,Волинь (Луцьк); Торпедо (Запоріжжя)
w:1968-10-29:borisenko,Анатолій Борисенко,FW,ST,,,group,1968-10-29,Борисенко Анатолій Анатолійович,,,1993–1997,Металург (Запоріжжя); Карпати (Львів); Маріуполь / Іллічівець
w:1968-06-09:kilasonia,Георгій Кіласонія,MF,MF,,,group,1968-06-09,Кіласонія Георгій,,,1996–1997,Дніпро (Дніпропетровськ)
w:1976-07-10:nazimov,Олексій Назімов,MF,MF,,,group,1976-07-10,Назімов Олексій Миколайович,,,1997–1997,Маріуполь / Іллічівець
w:1968-09-18:donchev,Кефалов Велін Дончев,DF,DF,,,group,1968-09-18,Кефалов Велін Дончев,,,1996–1997,Ворскла (Полтава)
w:1968-04-09:lipinski,Микола Липинський,FW,ST,,,group,1968-04-09,Липинський Микола Дмитрович,,,1994–1997,Карпати (Львів); Торпедо (Запоріжжя)
w:1967-08-13:kilasonia,Варлам Кіласонія,FW,ST,,,group,1967-08-13,Кіласонія Варлам,,,1996–1997,Дніпро (Дніпропетровськ)
w:1973-06-06:porohnenko,Андрій Порохненко,DF,DF,,,group,1973-06-06,Порохненко Андрій Васильович,,,1997–1997,Маріуполь / Іллічівець
w:1971-11-04:dail,Ібрям Даїл,DF,DF,,,group,1971-11-04,Даїл Ібрям,,,1997–1997,Ворскла (Полтава)
w:1978-04-01:lisovi,Валерій Лісовий,DF,DF,,,group,1978-04-01,Лісовий Валерій Миколайович,,,1996–1997,Кривбас (Кривий Ріг)
w:1970-04-03:nemeshkalo,Владислав Немешкало,FW,ST,,,group,1970-04-03,Немешкало Владислав Григорович,,,1994–1997,Нива (Вінниця); Таврія (Сімферополь)
w:1975-09-25:boharada,Дмитро Богарада,DF,DF,,,group,1975-09-25,Богарада Дмитро Вікторович,,,1995–1997,Волинь (Луцьк); Маріуполь / Іллічівець
w:1972-10-27:iaremko,Володимир Яремко,DF,DF,,,group,1972-10-27,Яремко Володимир Миколайович,,,1996–1997,ЦСКА (Київ)
w:1971-07-02:karmeliuk,Юрій Кармелюк,MF,MF,,,group,1971-07-02,Кармелюк Юрій Анатолійович,,,1997–1997,Металург (Донецьк)
w:1973-03-30:putria,Герман Путря,MF,MF,,,group,1973-03-30,Путря Герман Геннадійович,,,1997–1997,Маріуполь / Іллічівець
w:1962-05-15:popovich,Віктор Попович,DF,DF,,,group,1962-05-15,Попович Віктор Миколайович,,,1997–1997,Торпедо (Запоріжжя)
w:1970-11-29:zinchenko,Володимир Зінченко,DF,DF,,,group,1970-11-29,Зінченко Володимир Геннадійович,,,1997–1997,Торпедо (Запоріжжя)
w:1973-03-23:baharev,В'ячеслав Бахарєв,DF,DF,,,group,1973-03-23,Бахарєв В'ячеслав Володимирович,,,1997–1997,Чорноморець (Одеса)
w:1970-01-28:sushko,Геннадій Сушко,MF,MF,,,group,1970-01-28,Сушко Геннадій Миколайович,,,1997–1997,Маріуполь / Іллічівець
w:1972-09-08:burkovski,Сергій Бурковський,DF,DF,,,group,1972-09-08,Бурковський Сергій Збиславович,,,1997–1997,Торпедо (Запоріжжя)
w:1972-10-13:turkin,Валерій Туркін,MF,MF,,,group,1972-10-13,Туркін Валерій Валентинович,,,1997–1997,Маріуполь / Іллічівець
w:1976-08-15:serohin,Андрій Серьогін,FW,ST,,,group,1976-08-15,Серьогін Андрій Олександрович,,,1997–1997,Чорноморець (Одеса)
w:1975-09-03:mahmutov,Марат Махмутов,DF,DF,,,group,1975-09-03,Махмутов Марат Максутович,,,1997–1997,Чорноморець (Одеса)
w:1973-02-24:podlesni,Микола Подлєсний,DF,DF,,,group,1973-02-24,Подлєсний Микола Юрійович,,,1997–1997,Маріуполь / Іллічівець
w:1972-01-29:chipa,Сергій Чіпа,DF,DF,,,group,1972-01-29,Чіпа Сергій Степанович,,,1997–1997,Торпедо (Запоріжжя)
w:1972-06-20:kamnev,Костянтин Камнєв,FW,ST,,,group,1972-06-20,Камнєв Костянтин Миколайович,,,1997–1997,Чорноморець (Одеса)
w:1975-06-19:bilak,Іван Білак,DF,DF,,,group,1975-06-19,Білак Іван Іванович,,,1994–1997,Нива (Вінниця); Нива (Тернопіль)
w:1978-01-03:sobko,Сергій Собко,DF,DF,,,group,1978-01-03,Собко Сергій Григорович,,,1996–1997,Зірка (Кропивницький)
w:1975-08-16:hetman,Олексій Гетьман,DF,DF,,,group,1975-08-16,Гетьман Олексій Олексійович,,,1997–1997,Маріуполь / Іллічівець
w:1973-10-23:skomorohov,Андрій Скоморохов,MF,MF,,,group,1973-10-23,Скоморохов Андрій Валерійович,,,1997–1997,Маріуполь / Іллічівець
w:1968-09-01:stahiv,Ігор Стахів,FW,ST,,,group,1968-09-01,Стахів Ігор Іванович,,,1995–1997,Прикарпаття (Івано-Франківськ); Торпедо (Запоріжжя)
w:1973-12-29:holemba,Роман Големба,FW,ST,,,group,1973-12-29,Големба Роман Дмитрович,,,1996–1997,Нива (Тернопіль)
w:1965-08-07:sechin,Сергій Сечін,DF,DF,,,group,1965-08-07,Сечін Сергій Миколайович,,,1997–1997,Зірка (Кропивницький)
w:1975-02-28:lukianchikov,Анатолій Лук'янчиков,MF,MF,,,group,1975-02-28,Лук'янчиков Анатолій Єгорович,,,1997–1997,Кривбас (Кривий Ріг)
w:1973-10-10:zuev,Андрій Зуєв,DF,DF,,,group,1973-10-10,Зуєв Андрій Євгенович,,,1996–1997,Кривбас (Кривий Ріг)
w:1974-10-08:lopushinski,Андрій Лопушинський,MF,MF,,,group,1974-10-08,Лопушинський Андрій Іванович,,,1997–1997,Кривбас (Кривий Ріг)
w:1976-09-18:hordenko,Вадим Гордієнко,MF,MF,,,group,1976-09-18,Гордієнко Вадим Миколайович,,,1997–1997,Торпедо (Запоріжжя)
w:1972-01-11:iaskovich,Сергій Яскович,DF,DF,,,group,1972-01-11,Яскович Сергій Іванович,,,1997–1997,Шахтар (Донецьк)
w:1973-06-03:vasiliv,Зіновій Василів,FW,ST,,,group,1973-06-03,Василів Зіновій Васильович,,,1994–1997,Прикарпаття (Івано-Франківськ)
w:1978-06-20:apian,Артур Апіян,FW,ST,,,group,1978-06-20,Апіян Артур Нептунович,,,1995–1997,Прикарпаття (Івано-Франківськ)
w:1972-05-15:dubina,Валентин Дубина,MF,MF,,,group,1972-05-15,Дубина Валентин Вікторович,,,1997–1997,Кривбас (Кривий Ріг)
w:1965-08-13:zeiberlinsh,Арманд Зейберліньш,FW,ST,,,group,1965-08-13,Зейберліньш Арманд Янович,,,1997–1997,Металург (Запоріжжя)
w:1971-01-27:hetman,Юрій Гетьман,FW,ST,,,group,1971-01-27,Гетьман Юрій Олексійович,,,1997–1997,Маріуполь / Іллічівець
w:1970-03-25:svidchenko,Сергій Свідченко,DF,DF,,,group,1970-03-25,Свідченко Сергій Олександрович,,,1997–1997,Маріуполь / Іллічівець
w:1971-08-15:makovski,Леонід Маковський,MF,MF,,,group,1971-08-15,Маковський Леонід Петрович,,,1997–1997,Прикарпаття (Івано-Франківськ)
w:1966-10-19:krivchenko,Юрій Кривченко,MF,MF,,,group,1966-10-19,Кривченко Юрій Михайлович,,,1993–1997,Темп (Шепетівка); Зірка (Кропивницький)
w:1981-01-14:riumin,Дмитро Рюмін,DF,DF,,,group,1981-01-14,Рюмін Дмитро Сергійович,,,1996–1997,Торпедо (Запоріжжя)
w:1972-01-17:arabadji,Дмитро Арабаджи,MF,MF,,,group,1972-01-17,Арабаджи Дмитро Костянтинович,,,1997–1997,Маріуполь / Іллічівець
w:1980-08-14:orlov,Владислав Орлов,MF,MF,,,group,1980-08-14,Орлов Владислав Михайлович,,,1997–1997,Чорноморець (Одеса)
w:1980-12-14:martiniuk,Віталій Мартинюк,FW,ST,,,group,1980-12-14,Мартинюк Віталій Вікторович,,,1997–1997,Чорноморець (Одеса)
w:1976-09-01:lisenko,Сергій Лисенко,DF,DF,,,group,1976-09-01,Лисенко Сергій Анатолійович,,,1997–1997,Чорноморець (Одеса)
w:1973-08-28:shaheldian,Армен Шахгельдян,FW,ST,,,group,1973-08-28,Шахгельдян Армен Андронікович,,,1997–1997,Чорноморець (Одеса)
w:1980-05-29:sinenko,Володимир Синенко,FW,ST,,,group,1980-05-29,Синенко Володимир Вікторович,,,1997–1997,Дніпро (Дніпропетровськ)
w:1975-03-19:dobrovinski,Олександр Добровинський,MF,MF,,,group,1975-03-19,Добровинський Олександр Вячеславович,,,1997–1997,Зірка (Кропивницький)
w:1970-04-12:iadlos,Ігор Ядлось,FW,ST,,,group,1970-04-12,Ядлось Ігор Іванович,,,1997–1997,Карпати (Львів)
w:1978-04-09:pinchuk,Денис Пінчук,FW,ST,,,group,1978-04-09,Пінчук Денис Валерійович,,,1997–1997,Кривбас (Кривий Ріг)
w:1971-11-19:kopistianski,Микола Копистянський,MF,MF,,,group,1971-11-19,Копистянський Микола Іванович,,,1997–1997,Прикарпаття (Івано-Франківськ)
w:1981-01-20:andrets,Сергій Андрієць,MF,MF,,,group,1981-01-20,Андрієць Сергій Анатолійович,,,1997–1997,Таврія (Сімферополь)
w:1977-02-22:shevchuk,Андрій Шевчук,DF,DF,,,group,1977-02-22,Шевчук Андрій Романович,,,1997–1997,Торпедо (Запоріжжя)
w:1975-03-16:kovalchuk,Микола Ковальчук,FW,ST,,,group,1975-03-16,Ковальчук Микола Станіславович,,,1997–1997,ЦСКА (Київ)
w:1963-09-28:lukash,Сергій Лукаш,DF,DF,,,group,1963-09-28,Лукаш Сергій Митрофанович,,,1992–1996,Кремінь (Кременчук)
w:1971-11-25:pohlebaev,Євген Похлебаєв,MF,MF,,,group,1971-11-25,Похлебаєв Євген Васильович,,,1992–1996,Дніпро (Дніпропетровськ); Динамо (Київ)
w:1969-11-19:skripnik,Віктор Скрипник,DF,DF,,,group,1969-11-19,Скрипник Віктор Анатолійович,,,1992–1996,Металург (Запоріжжя); Дніпро (Дніпропетровськ)
w:1961-02-10:volkov,Олександр Волков,DF,DF,,,group,1961-02-10,Волков Олександр Миколайович,,,1992–1996,Торпедо (Запоріжжя); Зірка (Кропивницький)
w:1971-07-04:fedkov,Андрій Федьков,FW,ST,,,group,1971-07-04,Федьков Андрій Юрійович,,,1992–1996,Кремінь (Кременчук); Шахтар (Донецьк)
w:1966-04-18:korponai,Адальберт Корпонай,MF,MF,,,group,1966-04-18,Корпонай Адальберт Тиберійович,,,1992–1996,Металург (Запоріжжя); Кремінь (Кременчук); СК Миколаїв
w:1962-02-21:bahmut,Володимир Багмут,MF,MF,,,group,1962-02-21,Багмут Володимир Миколайович,,,1992–1996,Дніпро (Дніпропетровськ); Торпедо (Запоріжжя)
w:1966-12-28:nefedov,Олександр Нефедов,DF,DF,,,group,1966-12-28,Нефедов Олександр Миколайович,,,1992–1996,Торпедо (Запоріжжя); Нива (Вінниця); Кривбас (Кривий Ріг)
w:1959-05-20:haidarji,Леонід Гайдаржи,DF,DF,,,group,1959-05-20,Гайдаржи Леонід Васильович,,,1993–1996,Нива (Вінниця); Металург (Запоріжжя)
w:1964-12-04:rudnitski,Віталій Рудницький,MF,MF,,,group,1964-12-04,Рудницький Віталій Павлович,,,1992–1996,Нива (Тернопіль)
w:1973-02-09:popovich,Геннадій Попович,FW,ST,,,group,1973-02-09,Попович Геннадій Іванович,,,1992–1996,Кривбас (Кривий Ріг); Шахтар (Донецьк)
w:1968-01-08:moskvin,Валентин Москвін,FW,ST,,,group,1968-01-08,Москвін Валентин Артурович,,,1992–1996,Дніпро (Дніпропетровськ); Кривбас (Кривий Ріг)
w:1965-07-13:vasilitchuk,Андрій Василитчук,DF,DF,,,group,1965-07-13,Василитчук Андрій Миколайович,,,1992–1996,Нива (Тернопіль); Карпати (Львів); Нива (Вінниця)
w:1967-10-01:chihradze,Георгій Чіхрадзе,DF,DF,,,group,1967-10-01,Чіхрадзе Георгій Олександрович,,,1993–1996,Темп (Шепетівка); Шахтар (Донецьк)
w:1971-05-06:iakovenko,Дмитро Яковенко,DF,DF,,,group,1971-05-06,Яковенко Дмитро Олександрович,,,1992–1996,Дніпро (Дніпропетровськ); Кривбас (Кривий Ріг)
w:1966-07-17:derevinski,Олег Деревінський,MF,MF,,,group,1966-07-17,Деревінський Олег Михайлович,,,1993–1996,Темп (Шепетівка); Металург (Запоріжжя); Кривбас (Кривий Ріг)
w:1970-03-07:vetrov,Олег Вєтров,DF,DF,,,group,1970-03-07,Вєтров Олег Миколайович,,,1993–1996,Торпедо (Запоріжжя); Металург (Запоріжжя)
w:1972-01-14:bondarenko,Юрій Бондаренко,DF,DF,,,group,1972-01-14,Бондаренко Юрій Володимирович,,,1993–1996,Торпедо (Запоріжжя)
w:1961-06-15:panchishin,Іван Панчишин,DF,DF,,,group,1961-06-15,Панчишин Іван Миколайович,,,1992–1996,Металіст (Харків); Карпати (Львів)
w:1966-01-22:vernidub,Юрій Вернидуб,DF,DF,,,group,1966-01-22,Вернидуб Юрій Миколайович,,,1992–1996,Металург (Запоріжжя); Торпедо (Запоріжжя)
w:1959-06-09:iavorski,Ігор Яворський,FW,ST,,,group,1959-06-09,Яворський Ігор Петрович,,,1992–1996,Верес (Рівне); Нива (Тернопіль)
w:1974-09-30:riabtsev,Олексій Рябцев,MF,MF,,,group,1974-09-30,Рябцев Олексій Васильович,,,1994–1996,Нива (Вінниця)
w:1968-12-10:kazmirchuk,Олег Казьмирчук,MF,MF,,,group,1968-12-10,Казьмирчук Олег Васильович,,,1993–1996,Кремінь (Кременчук); Нива (Тернопіль)
w:1966-04-24:sheihametov,Толят Шейхаметов,FW,ST,,,group,1966-04-24,Шейхаметов Толят Абдулганієвич,,,1992–1996,Таврія (Сімферополь); Кремінь (Кременчук)
w:1971-04-02:laktionov,Олександр Лактіонов,MF,MF,,,group,1971-04-02,Лактіонов Олександр Юрійович,,,1994–1996,Нива (Вінниця)
w:1973-08-17:ivanov,Олександр Іванов,FW,ST,,,group,1973-08-17,Іванов Олександр Анатолійович,,,1992–1996,Буковина (Чернівці); СК Миколаїв; Волинь (Луцьк); Металург (Запоріжжя)
w:1975-09-03:romanishin,Сергій Романишин,DF,DF,,,group,1975-09-03,Романишин Сергій Володимирович,,,1992–1996,Карпати (Львів); Кремінь (Кременчук); Прикарпаття (Івано-Франківськ)
w:1968-10-04:marchenko,Андрій Марченко,MF,MF,,,group,1968-10-04,Марченко Андрій Вікторович,,,1992–1996,Кремінь (Кременчук); Торпедо (Запоріжжя); Ворскла (Полтава)
w:1975-08-05:parshin,Павло Паршин,FW,ST,,,group,1975-08-05,Паршин Павло Анатолійович,,,1994–1996,Нива (Вінниця)
w:1970-07-08:borovski,Станіслав Боровський,DF,DF,,,group,1970-07-08,Боровський Станіслав Миколайович,,,1995–1996,Зірка (Кропивницький); Ворскла (Полтава)
w:1970-10-28:liubinski,Олександр Любинський,MF,MF,,,group,1970-10-28,Любинський Олександр Валентинович,,,1995–1996,Нива (Вінниця)
w:1969-06-08:shuliatitski,Андрій Шулятицький,MF,MF,,,group,1969-06-08,Шулятицький Андрій Тарасович,,,1993–1996,Карпати (Львів)
w:1973-01-16:zarutski,Олег Заруцький,MF,MF,,,group,1973-01-16,Заруцький Олег Валентинович,,,1993–1996,Буковина (Чернівці); Темп (Шепетівка); Таврія (Сімферополь)
w:1964-08-09:pankratev,Ігор Панкратьєв,DF,DF,,,group,1964-08-09,Панкратьев Ігор Панкратійович,,,1992–1996,Динамо (Київ); Зоря (Луганськ); Нива (Тернопіль)
w:1972-04-01:ostroushko,В'ячеслав Остроушко,MF,MF,,,group,1972-04-01,Остроушко Вячеслав Валерійович,,,1993–1996,Кремінь (Кременчук); ЦСКА (Київ)
w:1969-09-24:zaporojchenko,В'ячеслав Запорожченко,DF,DF,,,group,1969-09-24,Запорожченко Вячеслав Юрійович,,,1995–1996,Нива (Вінниця)
w:1968-09-24:mihailenko,Олександр Михайленко,DF,DF,,,group,1968-09-24,Михайленко Олександр Станіславович,,,1995–1996,Зірка (Кропивницький); Кривбас (Кривий Ріг)
w:1973-08-06:bezuhli,Юрій Безуглий,MF,MF,,,group,1973-08-06,Безуглий Юрій Леонідович,,,1993–1996,Металіст (Харків); Кремінь (Кременчук)
w:1965-04-25:krivenko,Олег Кривенко,DF,DF,,,group,1965-04-25,Кривенко Олег Миколайович,,,1995–1996,Кремінь (Кременчук); Ворскла (Полтава)
w:1977-11-14:bilokin,Сергій Білокінь,DF,DF,,,group,1977-11-14,Білокінь Сергій Вікторович,,,1994–1996,Дніпро (Дніпропетровськ); Кривбас (Кривий Ріг)
w:1978-01-22:demidiak,Василь Демидяк,FW,ST,,,group,1978-01-22,Демидяк Василь Ярославович,,,1994–1996,Нива (Тернопіль); Нива (Вінниця); ЦСКА (Київ); Чорноморець (Одеса)
w:1962-08-17:iarovenko,Євген Яровенко,DF,DF,,,group,1962-08-17,Яровенко Євген Вікторович,,,1992–1996,Дніпро (Дніпропетровськ); Кривбас (Кривий Ріг); Металург (Запоріжжя)
w:1974-01-08:leliuk,Дмитро Лелюк,DF,DF,,,group,1974-01-08,Лелюк Дмитро Валерійович,,,1994–1996,Нива (Вінниця)
w:1968-11-26:borovski,Сергій Боровський,MF,MF,,,group,1968-11-26,Боровський Сергій Миколайович,,,1994–1996,Торпедо (Запоріжжя)
w:1975-10-05:shahov,Альберт Шахов,DF,DF,,,group,1975-10-05,Шахов Альберт Георгійович,,,1994–1996,Дніпро (Дніпропетровськ); Кремінь (Кременчук); Нива (Вінниця)
w:1972-04-24:karetnik,Володимир Каретник,MF,MF,,,group,1972-04-24,Каретник Володимир Володимирович,,,1994–1996,Зоря (Луганськ); Кремінь (Кременчук); Прикарпаття (Івано-Франківськ); Нива (Тернопіль)
w:1969-07-12:matvichenko,Павло Матвійченко,FW,ST,,,group,1969-07-12,Матвійченко Павло Васильович,,,1995–1996,Нива (Вінниця)
w:1969-05-22:kazmin,Олег Казьмін,DF,DF,,,group,1969-05-22,Казьмін Олег Анатолійович,,,1995–1996,Кремінь (Кременчук)
w:1964-04-01:hredil,Степан Греділь,DF,DF,,,group,1964-04-01,Греділь Степан Осипович,,,1995–1996,Кривбас (Кривий Ріг)
w:1975-02-28:maliuta,Василь Малюта,FW,ST,,,group,1975-02-28,Малюта Василь Миколайович,,,1996–1996,Нива (Вінниця)
w:1972-01-14:bilousov,Андрій Білоусов,DF,DF,,,group,1972-01-14,Білоусов Андрій Володимирович,,,1995–1996,Кривбас (Кривий Ріг)
w:1975-04-16:kondratiuk,Віталій Кондратюк,DF,DF,,,group,1975-04-16,Кондратюк Віталій Дмитрович,,,1996–1996,Нива (Вінниця)
w:1975-10-16:kitsak,Віталій Кіцак,MF,MF,,,group,1975-10-16,Кіцак Віталій Михайлович,,,1993–1996,Волинь (Луцьк); Нива (Вінниця)
w:1966-03-19:sobol,Юрій Соболь,FW,ST,,,group,1966-03-19,Соболь Юрій Олексійович,,,1996–1996,Ворскла (Полтава); Кремінь (Кременчук)
w:1972-09-21:shevchenko,Олександр Шевченко,MF,MF,,,group,1972-09-21,Шевченко Олександр Миколайович,,,1996–1996,Нива (Вінниця)
w:1963-12-07:samara,Олександр Самара,MF,MF,,,group,1963-12-07,Самара Олександр Юрійович,,,1996–1996,Кремінь (Кременчук)
w:1973-03-22:vus,Вадим Вус,FW,ST,,,group,1973-03-22,Вус Вадим Михайлович,,,1996–1996,ЦСКА (Київ)
w:1967-09-24:shevchenko,Микола Шевченко,DF,DF,,,group,1967-09-24,Шевченко Микола Миколайович,,,1994–1996,Нива (Вінниця); Ворскла (Полтава)
w:1973-06-24:aharin,Олександр Агарін,FW,ST,,,group,1973-06-24,Агарін Олександр Миколайович,,,1996–1996,Ворскла (Полтава)
w:1971-08-03:panin,Вадим Панін,MF,MF,,,group,1971-08-03,Панін Вадим Миколайович,,,1995–1996,Торпедо (Запоріжжя)
w:1971-05-07:krivoruchko,Олександр Криворучко,FW,ST,,,group,1971-05-07,Криворучко Олександр Юрійович,,,1996–1996,Нива (Вінниця)
w:1960-07-20:muradian,Сергій Мурадян,FW,ST,,,group,1960-07-20,Мурадян Сергій Вардкесович,,,1992–1996,Кремінь (Кременчук)
w:1977-08-08:budhusaim,Сергій Буд-Гусаім,MF,MF,,,group,1977-08-08,Буд-Гусаім Сергій Олександрович,,,1996–1996,Таврія (Сімферополь)
w:1974-10-01:holovan,Олег Головань,MF,MF,,,group,1974-10-01,Головань Олег Дмитрович,,,1994–1996,Металург (Запоріжжя); Кривбас (Кривий Ріг)
w:1977-10-10:karaianov,Віталій Караянов,MF,MF,,,group,1977-10-10,Караянов Віталій Анатолійович,,,1994–1996,Нива (Вінниця)
w:1979-09-23:eliar,Гусейнов Ельшад Ельяр огли,MF,MF,,,group,1979-09-23,Гусейнов Ельшад Ельяр огли,,,1996–1996,Прикарпаття (Івано-Франківськ)
w:1971-09-11:panasiuk,Костянтин Панасюк,DF,DF,,,group,1971-09-11,Панасюк Костянтин Юрійович,,,1996–1996,ЦСКА (Київ)
w:1975-09-09:fedirchik,Богдан Федірчик,MF,MF,,,group,1975-09-09,Федірчик Богдан Миколайович,,,1996–1996,Зірка (Кропивницький)
w:1976-10-03:matiash,Валерій Матяш,DF,DF,,,group,1976-10-03,Матяш Валерій Анатолійович,,,1996–1996,Торпедо (Запоріжжя)
w:1974-11-11:pavlovich,Віктор Павлович,DF,DF,,,group,1974-11-11,Павлович Віктор Теодозійович,,,1993–1996,Нива (Тернопіль)
w:1978-08-06:veretinski,Олег Веретинський,MF,MF,,,group,1978-08-06,Веретинський Олег Анатолійович,,,1995–1996,Нива (Вінниця)
w:1969-09-01:haevik,Олег Гаєвик,DF,DF,,,group,1969-09-01,Гаєвик Олег Іванович,,,1996–1996,Нива (Вінниця)
w:1977-03-12:lihotvorik,Сергій Ліхотворік,DF,DF,,,group,1977-03-12,Ліхотворік Сергій Олександрович,,,1996–1996,Прикарпаття (Івано-Франківськ)
w:1974-11-13:fedorkiv,Михайло Федорків,DF,DF,,,group,1974-11-13,Федорків Михайло Михайлович,,,1996–1996,Нива (Тернопіль)
w:1971-11-23:levchuk,Юрій Левчук,DF,DF,,,group,1971-11-23,Левчук Юрій Миколайович,,,1996–1996,Кремінь (Кременчук)
w:1968-02-29:shtihar,Павло Штихар,DF,DF,,,group,1968-02-29,Штихар Павло Вікторович,,,1996–1996,Кривбас (Кривий Ріг)
w:1964-02-02:raiko,Сергій Райко,MF,MF,,,group,1964-02-02,Райко Сергій Іванович,,,1996–1996,Нива (Вінниця)
w:1973-03-05:fedoriv,Василь Федорів,MF,MF,,,group,1973-03-05,Федорів Василь Васильович,,,1996–1996,Прикарпаття (Івано-Франківськ)
w:1962-04-20:liuti,Володимир Лютий,FW,ST,,,group,1962-04-20,Лютий Володимир Іванович,,,1996–1996,Дніпро (Дніпропетровськ)
w:1975-08-08:jarkov,Ярослав Жарков,FW,ST,,,group,1975-08-08,Жарков Ярослав Іванович,,,1996–1996,Кремінь (Кременчук)
w:1978-06-25:pedchenko,Олег Педченко,FW,ST,,,group,1978-06-25,Педченко Олег Володимирович,,,1996–1996,Кремінь (Кременчук)
w:1978-03-07:leonidov,Юрій Леонідов,DF,DF,,,group,1978-03-07,Леонідов Юрій Анатолійович,,,1996–1996,Металург (Запоріжжя)
w:1974-09-21:shvets,Сергій Швець,MF,MF,,,group,1974-09-21,Швець Сергій Володимирович,,,1996–1996,Нива (Вінниця)
w:1971-10-05:muzika,Олег Музика,MF,MF,,,group,1971-10-05,Музика Олег Михайлович,,,1996–1996,Нива (Тернопіль)
w:1978-03-30:pidvalni,Сергій Підвальний,DF,DF,,,group,1978-03-30,Підвальний Сергій Васильович,,,1996–1996,Нива (Вінниця)
w:1971-07-29:hoshovski,Роман Гошовський,DF,DF,,,group,1971-07-29,Гошовський Роман Володимирович,,,1996–1996,Прикарпаття (Івано-Франківськ)
w:1979-02-04:volovik,Руслан Воловик,MF,MF,,,group,1979-02-04,Воловик Руслан Володимирович,,,1996–1996,Таврія (Сімферополь)
w:1967-08-30:postovoi,Вадим Постовой,MF,MF,,,group,1967-08-30,Постовой Вадим Володимирович,,,1996–1996,Прикарпаття (Івано-Франківськ)
w:1976-03-13:reshetniak,Сергій Решетняк,MF,MF,,,group,1976-03-13,Решетняк Сергій Володимирович,,,1996–1996,Таврія (Сімферополь)
w:1970-05-23:mazur,Сергій Мазур,DF,DF,,,group,1970-05-23,Мазур Сергій Миколайович,,,1992–1995,Зоря (Луганськ); Кривбас (Кривий Ріг)
w:1973-08-01:bohunov,Сергій Богунов,MF,MF,,,group,1973-08-01,Богунов Сергій Анатолійович,,,1992–1995,Волинь (Луцьк)
w:1962-02-15:diki,Володимир Дикий,FW,ST,,,group,1962-02-15,Дикий Володимир Петрович,,,1992–1995,Волинь (Луцьк)
w:1961-11-14:troitski,Сергій Троїцький,DF,DF,,,group,1961-11-14,Троїцький Сергій Геннадійович,,,1992–1995,Кремінь (Кременчук)
w:1964-01-28:mozoliuk,Володимир Мозолюк,FW,ST,,,group,1964-01-28,Мозолюк Володимир Данилович,,,1992–1995,Волинь (Луцьк); Карпати (Львів)
w:1973-07-01:krukovets,Сергій Круковець,DF,DF,,,group,1973-07-01,Круковець Сергій Михайлович,,,1992–1995,Волинь (Луцьк)
w:1964-02-19:salimov,Фанас Салімов,MF,MF,,,group,1964-02-19,Салімов Фанас Нагімович,,,1992–1995,Нива (Тернопіль); Кривбас (Кривий Ріг); СК Миколаїв
w:1972-11-27:nikitin,Руслан Нікітін,MF,MF,,,group,1972-11-27,Нікітін Руслан Анатолійович,,,1992–1995,Волинь (Луцьк)
w:1958-08-05:fedetski,Андрій Федецький,MF,MF,,,group,1958-08-05,Федецький Андрій Стефанович,,,1992–1995,Волинь (Луцьк)
w:1965-05-11:mustafaev,Асан Мустафаєв,DF,DF,,,group,1965-05-11,Мустафаєв Асан Сеферович,,,1992–1995,Буковина (Чернівці); Металіст (Харків); Кремінь (Кременчук); Зоря (Луганськ)
w:1965-01-12:bondarchuk,Василь Бондарчук,MF,MF,,,group,1965-01-12,Бондарчук Василь Васильович,,,1992–1995,Буковина (Чернівці); Карпати (Львів); Зірка (Кропивницький)
w:1969-08-25:rosliakov,Андрій Росляков,MF,MF,,,group,1969-08-25,Росляков Андрій Вячеславович,,,1992–1995,Таврія (Сімферополь)
w:1971-05-28:avakov,Арсен Аваков,DF,DF,,,group,1971-05-28,Аваков Арсен Георгійович,,,1993–1995,Темп (Шепетівка); Торпедо (Запоріжжя)
w:1970-03-06:lobas,Володимир Лобас,FW,ST,,,group,1970-03-06,Лобас Володимир Демидович,,,1992–1995,Нива (Тернопіль); ЦСКА (Київ)
w:1970-03-05:tutichenko,Дмитро Тутиченко,MF,MF,,,group,1970-03-05,Тутиченко Дмитро Павлович,,,1993–1995,Нива (Тернопіль)
w:1963-11-05:romanov,Юрій Романов,DF,DF,,,group,1963-11-05,Романов Юрій Володимирович,,,1993–1995,Темп (Шепетівка); Торпедо (Запоріжжя)
w:1970-12-06:hashkin,Андрій Гашкін,MF,MF,,,group,1970-12-06,Гашкін Андрій Олександрович,,,1993–1995,Нива (Тернопіль); Чорноморець (Одеса)
w:1970-08-01:shevchuk,Віталій Шевчук,MF,MF,,,group,1970-08-01,Шевчук Віталій Іванович,,,1993–1995,Волинь (Луцьк)
w:1961-07-29:tarasenko,Віталій Тарасенко,DF,DF,,,group,1961-07-29,Тарасенко Віталій Іванович,,,1993–1995,Нива (Вінниця); Волинь (Луцьк)
w:1974-02-08:rizun,Микола Різун,DF,DF,,,group,1974-02-08,Різун Микола Леонідович,,,1992–1995,Зоря (Луганськ)
w:1965-10-11:horili,Володимир Горілий,DF,DF,,,group,1965-10-11,Горілий Володимир Іванович,,,1993–1995,Дніпро (Дніпропетровськ)
w:1968-05-27:sisoev,Євген Сисоєв,DF,DF,,,group,1968-05-27,Сисоєв Євген Васильович,,,1992–1995,Кривбас (Кривий Ріг)
w:1969-05-02:ternavski,Владислав Тернавський,DF,DF,,,group,1969-05-02,Тернавський Владислав Михайлович,,,1992–1995,Нива (Тернопіль); Чорноморець (Одеса)
w:1968-09-01:habiskiria,Юрій Габіскірія,MF,MF,,,group,1968-09-01,Габіскірія Юрій Важикович,,,1993–1995,Темп (Шепетівка); Кривбас (Кривий Ріг); Шахтар (Донецьк)
w:1970-04-15:matrosov,Олександр Матросов,DF,DF,,,group,1970-04-15,Матросов Олександр Анатолійович,,,1994–1995,СК Миколаїв
w:1970-02-08:horshkov,Олександр Горшков,MF,MF,,,group,1970-02-08,Горшков Олександр Вікторович,,,1993–1995,Нива (Вінниця); Чорноморець (Одеса)
w:1970-08-29:kastorni,Олег Касторний,DF,DF,,,group,1970-08-29,Касторний Олег Вікторович,,,1992–1995,Металіст (Харків); Шахтар (Донецьк)
w:1962-08-24:suharev,Сергій Сухарев,DF,DF,,,group,1962-08-24,Сухарев Сергій Віталійович,,,1994–1995,Нива (Тернопіль); Волинь (Луцьк)
w:1973-03-25:miroshnichenko,Роман Мірошниченко,FW,ST,,,group,1973-03-25,Мірошниченко Роман Іванович,,,1992–1995,Зоря (Луганськ)
w:1971-12-27:parhomenko,Андрій Пархоменко,MF,MF,,,group,1971-12-27,Пархоменко Андрій Вікторович,,,1992–1995,Таврія (Сімферополь); Нива (Тернопіль)
w:1962-06-05:smotrich,Юрій Смотрич,DF,DF,,,group,1962-06-05,Смотрич Юрій Іванович,,,1993–1995,Чорноморець (Одеса); СК Миколаїв; Прикарпаття (Івано-Франківськ)
w:1963-08-22:kulish,Юрій Куліш,MF,MF,,,group,1963-08-22,Куліш Юрій Петрович,,,1992–1995,Нива (Тернопіль); СК Миколаїв
w:1971-10-21:prohorenkov,Олексій Прохоренков,FW,ST,,,group,1971-10-21,Прохоренков Олексій Олексійович,,,1994–1995,Нива (Тернопіль)
w:1975-11-25:kravchenko,Андрій Кравченко,FW,ST,,,group,1975-11-25,Кравченко Андрій Гарійович,,,1994–1995,Зоря (Луганськ)
w:1960-08-30:olinik,Віктор Олійник,DF,DF,,,group,1960-08-30,Олійник Віктор Борисович,,,1992–1995,Буковина (Чернівці); Зірка (Кропивницький)
w:1971-02-07:sich,Микола Сич,DF,DF,,,group,1971-02-07,Сич Микола Анатолійович,,,1992–1995,Карпати (Львів); Волинь (Луцьк)
w:1963-01-06:kondratenko,Андрій Кондратенко,DF,DF,,,group,1963-01-06,Кондратенко Андрій Вікторович,,,1994–1995,Зоря (Луганськ)
w:1971-06-22:maiboroda,Сергій Майборода,DF,DF,,,group,1971-06-22,Майборода Сергій Іванович,,,1993–1995,Металіст (Харків); СК Миколаїв
w:1971-10-14:dimitrishvili,Темурі Дімітрішвілі,DF,DF,,,group,1971-10-14,Дімітрішвілі Темурі Георгійович,,,1994–1995,Зоря (Луганськ)
w:1977-10-26:iaschuk,Олег Ящук,FW,ST,,,group,1977-10-26,Ящук Олег Ростиславович,,,1994–1995,Нива (Тернопіль)
w:1975-01-05:andriuschenko,Анатолій Андрющенко,DF,DF,,,group,1975-01-05,Андрющенко Анатолій Анатолійович,,,1992–1995,Кривбас (Кривий Ріг); Зоря (Луганськ)
w:1969-06-22:kavteladze,Анзор Кавтеладзе,MF,MF,,,group,1969-06-22,Кавтеладзе Анзор Джадулієвич,,,1994–1995,Кремінь (Кременчук)
w:1965-03-22:hrihorchuk,Роман Григорчук,FW,ST,,,group,1965-03-22,Григорчук Роман Йосипович,,,1994–1995,Прикарпаття (Івано-Франківськ); Кривбас (Кривий Ріг)
w:1962-04-17:puchkov,Сергій Пучков,DF,DF,,,group,1962-04-17,Пучков Сергій Валентинович,,,1994–1995,СК Миколаїв
w:1963-11-27:iarmolich,Сергій Ярмолич,DF,DF,,,group,1963-11-27,Ярмолич Сергій Федорович,,,1993–1995,Зоря (Луганськ); Металург (Запоріжжя)
w:1968-04-25:ovcharenko,Юрій Овчаренко,FW,ST,,,group,1968-04-25,Овчаренко Юрій Миколайович,,,1993–1995,Нива (Вінниця)
w:1974-03-14:vanin,Володимир Ванін,FW,ST,,,group,1974-03-14,Ванін Володимир Вікторович,,,1994–1995,Металург (Запоріжжя)
w:1975-09-27:borisiuk,Андрій Борисюк,FW,ST,,,group,1975-09-27,Борисюк Андрій Віталійович,,,1993–1995,Нива (Вінниця)
w:1971-08-15:hela,Гела Квітатіані,DF,DF,,,group,1971-08-15,Квітатіані Гела,,,1994–1995,Зоря (Луганськ)
w:1962-08-20:huihanov,Олександр Гуйганов,DF,DF,,,group,1962-08-20,Гуйганов Олександр Михайлович,,,1994–1995,Металург (Запоріжжя)
w:1970-12-16:andreiko,Роман Андрейко,FW,ST,,,group,1970-12-16,Андрейко Роман Іванович,,,1994–1995,СК Миколаїв; Кремінь (Кременчук)
w:1967-01-01:piskun,Едуард Піскун,MF,MF,,,group,1967-01-01,Піскун Едуард Олександрович,,,1995–1995,Зірка (Кропивницький)
w:1967-02-07:bidulko,Дмитро Бідулько,MF,MF,,,group,1967-02-07,Бідулько Дмитро Васильович,,,1992–1995,Буковина (Чернівці); Кривбас (Кривий Ріг)
w:1976-03-25:kian,Володимир Кіян,MF,MF,,,group,1976-03-25,Кіян Володимир Віталійович,,,1995–1995,Зоря (Луганськ)
w:1973-03-21:zaichenko,Юрій Зайченко,FW,ST,,,group,1973-03-21,Зайченко Юрій Володимирович,,,1992–1995,Торпедо (Запоріжжя); СК Миколаїв
w:1972-02-04:kovalov,Сергій Ковальов,MF,MF,,,group,1972-02-04,Ковальов Сергій Вікторович,,,1994–1995,Кремінь (Кременчук)
w:1976-08-22:liashenko,Олег Ляшенко,DF,DF,,,group,1976-08-22,Ляшенко Олег Володимирович,,,1994–1995,СК Миколаїв
w:1966-08-05:huschin,Олександр Гущин,FW,ST,,,group,1966-08-05,Гущин Олександр Сергійович,,,1994–1995,Зоря (Луганськ); Кремінь (Кременчук)
w:1974-10-23:kotik,Олександр Котік,DF,DF,,,group,1974-10-23,Котік Олександр Леонтійович,,,1994–1995,Волинь (Луцьк)
w:1971-07-05:kabachenko,Олександр Кабаченко,DF,DF,,,group,1971-07-05,Кабаченко Олександр Олександрович,,,1994–1995,Металург (Запоріжжя)
w:1973-07-17:sali,Володимир Салій,DF,DF,,,group,1973-07-17,Салій Володимир Богданович,,,1994–1995,Прикарпаття (Івано-Франківськ)
w:1971-08-22:suvorov,В'ячеслав Суворов,FW,ST,,,group,1971-08-22,Суворов Вячеслав Валерійович,,,1995–1995,Зоря (Луганськ)
w:1972-05-04:husak,Богдан Гусак,MF,MF,,,group,1972-05-04,Гусак Богдан Ярославович,,,1994–1995,Прикарпаття (Івано-Франківськ)
w:1970-06-02:chorni,Сергій Чорний,MF,MF,,,group,1970-06-02,Чорний Сергій Васильович,,,1993–1995,Дніпро (Дніпропетровськ); СК Миколаїв
w:1960-09-15:cherednik,Олексій Чередник,DF,DF,,,group,1960-09-15,Чередник Олексій Валентинович,,,1994–1995,Металург (Запоріжжя); Чорноморець (Одеса); Кривбас (Кривий Ріг)
w:1973-07-21:emerson,Емерсон,FW,ST,,,group,1973-07-21,Емерсон Луіс Ферміно,,,1995–1995,Дніпро (Дніпропетровськ)
w:1972-08-24:baziliak,Олександр Базиляк,MF,MF,,,group,1972-08-24,Базиляк Олександр Юрійович,,,1995–1995,Торпедо (Запоріжжя)
w:1977-03-28:fenin,Юрій Фенін,MF,MF,,,group,1977-03-28,Фенін Юрій Анатолійович,,,1992–1995,Таврія (Сімферополь)
w:1968-04-14:kudliuk,Валерій Кудлюк,MF,MF,,,group,1968-04-14,Кудлюк Валерій Ігорович,,,1992–1995,Нива (Тернопіль); СК Миколаїв
w:1971-02-21:chmeruk,Сергій Чмерук,MF,MF,,,group,1971-02-21,Чмерук Сергій Андрійович,,,1994–1995,СК Миколаїв
w:1974-08-22:efremov,Ігор Єфремов,FW,ST,,,group,1974-08-22,Єфремов Ігор Геннадійович,,,1995–1995,Кремінь (Кременчук)
w:1968-01-14:andreas,Андреас Зассен,MF,MF,,,group,1968-01-14,Зассен Андреас,,,1994–1995,Дніпро (Дніпропетровськ)
w:1975-12-25:bezubko,Євген Беззубко,MF,MF,,,group,1975-12-25,Беззубко Євген Миколайович,,,1994–1995,Нива (Тернопіль)
w:1972-03-17:bohach,Володимир Богач,DF,DF,,,group,1972-03-17,Богач Володимир Володимирович,,,1994–1995,Верес (Рівне); ЦСКА (Київ)
w:1963-03-22:kuznetsov,Олег Кузнєцов,DF,DF,,,group,1963-03-22,Кузнєцов Олег Володимирович,,,1995–1995,ЦСКА (Київ)
w:1968-03-14:kulev,Вагіф Кулієв,FW,ST,,,group,1968-03-14,Кулієв Вагіф Джабраїлович,,,1994–1995,Зоря (Луганськ)
w:1974-02-04:hairov,Самір Хаіров,DF,DF,,,group,1974-02-04,Хаіров Самір Іскендерович,,,1995–1995,Зоря (Луганськ)
w:1975-01-02:kovalenko,Костянтин Коваленко,MF,MF,,,group,1975-01-02,Коваленко Костянтин Валерійович,,,1995–1995,Кремінь (Кременчук)
w:1963-09-11:litovchenko,Геннадій Литовченко,MF,MF,,,group,1963-09-11,Литовченко Геннадій Володимирович,,,1995–1995,Чорноморець (Одеса)
w:1967-03-25:sandul,Олег Сандул,DF,DF,,,group,1967-03-25,Сандул Олег Олександрович,,,1995–1995,СК Миколаїв
w:1975-09-22:derik,Олександр Дерік,DF,DF,,,group,1975-09-22,Дерік Олександр Анатолійович,,,1995–1995,Нива (Вінниця)
w:1960-07-19:sich,Олег Сич,MF,MF,,,group,1960-07-19,Сич Олег Андрійович,,,1993–1995,Металург (Запоріжжя); СК Миколаїв
w:1966-03-28:salo,Ігор Сало,DF,DF,,,group,1966-03-28,Сало Ігор Іванович,,,1995–1995,Кремінь (Кременчук)
w:1973-01-28:tarabrin,Олександр Тарабрін,MF,MF,,,group,1973-01-28,Тарабрін Олександр Юрійович,,,1995–1995,Таврія (Сімферополь)
w:1977-05-14:shapovalov,Олексій Шаповалов,FW,ST,,,group,1977-05-14,Шаповалов Олексій Валерійович,,,1995–1995,СК Миколаїв
w:1970-05-05:eschenko,Олександр Єщенко,MF,MF,,,group,1970-05-05,Єщенко Олександр Олексійович,,,1995–1995,Волинь (Луцьк)
w:1976-04-01:kurilenko,Віктор Куриленко,MF,MF,,,group,1976-04-01,Куриленко Віктор Сергійович,,,1995–1995,Волинь (Луцьк)
w:1979-12-23:shakun,Сергій Шакун,MF,MF,,,group,1979-12-23,Шакун Сергій Олександрович,,,1995–1995,Зоря (Луганськ)
w:1961-09-18:dunai,Віталій Дунай,MF,MF,,,group,1961-09-18,Дунай Віталій Олександрович,,,1995–1995,Зоря (Луганськ)
w:1972-08-25:marashov,Олександр Марашов,MF,MF,,,group,1972-08-25,Марашов Олександр Володимирович,,,1995–1995,Зоря (Луганськ)
w:1973-09-07:perehrim,Дмитро Перегрім,DF,DF,,,group,1973-09-07,Перегрім Дмитро Павлович,,,1995–1995,Зоря (Луганськ)
w:1972-01-14:pronin,Сергій Пронін,MF,MF,,,group,1972-01-14,Пронін Сергій Васильович,,,1995–1995,Карпати (Львів)
w:1965-07-23:taran,Вадим Таран,DF,DF,,,group,1965-07-23,Таран Вадим Володимирович,,,1995–1995,Волинь (Луцьк)
w:1979-10-20:baranov,Василь Баранов,MF,MF,,,group,1979-10-20,Баранов Василь Анатолійович,,,1995–1995,Зоря (Луганськ)
w:1970-11-10:boiar,Руслан Бояр,FW,ST,,,group,1970-11-10,Бояр Руслан Леонідович,,,1994–1995,Кремінь (Кременчук)
w:1974-02-01:kito,Станіслав Кітто,MF,MF,,,group,1974-02-01,Кітто Станіслав Едуардович,,,1995–1995,Зоря (Луганськ)
w:1970-05-21:chaika,Віталій Чайка,DF,DF,,,group,1970-05-21,Чайка Віталій Олександрович,,,1995–1995,Зоря (Луганськ)
w:1976-08-21:baranov,Євгеній Баранов,MF,MF,,,group,1976-08-21,Баранов Євгеній Олександрович,,,1995–1995,Кремінь (Кременчук)
w:1974-10-11:zablotski,Сергій Заблоцький,MF,MF,,,group,1974-10-11,Заблоцький Сергій Петрович,,,1995–1995,Металург (Запоріжжя)
w:1969-12-22:hmel,Роман Хмель,FW,ST,,,group,1969-12-22,Хмель Роман Валентинович,,,1994–1995,Верес (Рівне); Волинь (Луцьк)
w:1971-12-16:rubanchuk,Валерій Рубанчук,MF,MF,,,group,1971-12-16,Рубанчук Валерій Миколайович,,,1995–1995,Зоря (Луганськ)
w:1973-06-25:hriner,Андрій Грінер,MF,MF,,,group,1973-06-25,Грінер Андрій Михайлович,,,1995–1995,Карпати (Львів)
w:1960-09-25:belanov,Ігор Бєланов,FW,ST,,,group,1960-09-25,Бєланов Ігор,,,1995–1995,Чорноморець (Одеса)
w:1967-08-15:zenin,Юрій Зенін,MF,MF,,,group,1967-08-15,Зенін Юрій Леонідович,,,1995–1995,Зоря (Луганськ)
w:1971-09-08:meleshko,Роман Мелешко,MF,MF,,,group,1971-09-08,Мелешко Роман Іванович,,,1995–1995,Зоря (Луганськ)
w:1974-04-14:kopetski,Дмитро Копецький,MF,MF,,,group,1974-04-14,Копецький Дмитро Володимирович,,,1995–1995,Нива (Вінниця)
w:1976-07-18:polivoda,Андрій Полівода,MF,MF,,,group,1976-07-18,Полівода Андрій Анатолійович,,,1995–1995,Торпедо (Запоріжжя)
w:1969-10-12:mafumba,Мфілю Мафумба,MF,MF,,,group,1969-10-12,Мфіло Мафумба,,,1995–1995,ЦСКА (Київ)
w:1975-10-12:teodorovich,Артур Теодорович,MF,MF,,,group,1975-10-12,Теодорович Артур Юрійович,,,1995–1995,Дніпро (Дніпропетровськ)
w:1978-11-26:maschenko,Дмитро Мащенко,FW,ST,,,group,1978-11-26,Мащенко Дмитро Олександрович,,,1995–1995,Зоря (Луганськ)
w:1975-06-23:zahoruiko,Сергій Загоруйко,DF,DF,,,group,1975-06-23,Загоруйко Сергій Володимирович,,,1995–1995,Кремінь (Кременчук)
w:1964-10-01:azovski,Іван Азовський,MF,MF,,,group,1964-10-01,Азовський Іван Геннадійович,,,1995–1995,Кривбас (Кривий Ріг)
w:1969-04-03:skorik,Павло Скорик,DF,DF,,,group,1969-04-03,Скорик Павло Георгійович,,,1995–1995,Кривбас (Кривий Ріг)
w:1972-06-13:danilko,Роман Данилко,MF,MF,,,group,1972-06-13,Данилко Роман Ярославович,,,1995–1995,Прикарпаття (Івано-Франківськ)
w:1976-03-13:chaplihin,Сергій Чаплигін,DF,DF,,,group,1976-03-13,Чаплигін Сергій Вікторович,,,1995–1995,Шахтар (Донецьк)
w:1977-08-27:batsmanov,Олександр Бацманов,MF,MF,,,group,1977-08-27,Бацманов Олександр Григорович,,,1995–1995,Зоря (Луганськ)
w:1959-06-28:iaschenko,Сергій Ященко,MF,MF,,,group,1959-06-28,Ященко Сергій Володимирович,,,1992–1994,Шахтар (Донецьк)
w:1968-02-02:finkel,Борис Фінкель,FW,ST,,,group,1968-02-02,Фінкель Борис Аркадійович,,,1992–1994,Буковина (Чернівці); Дніпро (Дніпропетровськ)
w:1963-03-01:novak,Володимир Новак,DF,DF,,,group,1963-03-01,Новак Володимир Петрович,,,1992–1994,Верес (Рівне)
w:1971-04-18:nichenko,Ігор Ніченко,FW,ST,,,group,1971-04-18,Ніченко Ігор Григорович,,,1992–1994,Кривбас (Кривий Ріг)
w:1963-11-12:sobotiuk,Сергій Соботюк,DF,DF,,,group,1963-11-12,Соботюк Сергій Анатолійович,,,1992–1994,Буковина (Чернівці); Нива (Вінниця); Торпедо (Запоріжжя)
w:1968-02-01:sarnavski,Ігор Сарнавський,DF,DF,,,group,1968-02-01,Сарнавський Ігор Григорович,,,1992–1994,Волинь (Луцьк)
w:1961-04-23:turchinenko,Микола Турчиненко,DF,DF,,,group,1961-04-23,Турчиненко Микола Іванович,,,1992–1994,Таврія (Сімферополь); Нива (Вінниця); Темп (Шепетівка)
w:1961-10-21:sapronov,Сергій Сапронов,DF,DF,,,group,1961-10-21,Сапронов Сергій Валентинович,,,1992–1994,Верес (Рівне); Нива (Вінниця)
w:1966-04-12:telesnenko,Андрій Телесненко,DF,DF,,,group,1966-04-12,Телесненко Андрій Васильович,,,1992–1994,Чорноморець (Одеса)
w:1967-11-26:polischuk,Анатолій Поліщук,DF,DF,,,group,1967-11-26,Поліщук Анатолій Олегович,,,1992–1994,Верес (Рівне); Волинь (Луцьк); Карпати (Львів)
w:1965-04-30:len,Юрій Лень,MF,MF,,,group,1965-04-30,Лень Юрій Олександрович,,,1992–1994,Верес (Рівне); Кремінь (Кременчук)
w:1960-02-21:valenko,Едуард Валенко,FW,ST,,,group,1960-02-21,Валенко Едуард Анатолійович,,,1993–1994,Карпати (Львів)
w:1971-09-21:shulha,Владислав Шульга,MF,MF,,,group,1971-09-21,Шульга Владислав Іванович,,,1992–1994,Кривбас (Кривий Ріг)
w:1961-06-29:homonov,Сергій Гомонов,DF,DF,,,group,1961-06-29,Гомонов Сергій Анатолійович,,,1993–1994,Темп (Шепетівка)
w:1970-09-21:dziubenko,Геннадій Дзюбенко,MF,MF,,,group,1970-09-21,Дзюбенко Геннадій Ігорович,,,1992–1994,Таврія (Сімферополь)
w:1967-07-14:kornets,Ігор Корнієць,MF,MF,,,group,1967-07-14,Корнієць Ігор Васильович,,,1993–1994,Чорноморець (Одеса)
w:1966-01-02:timoschuk,Ігор Тімощук,DF,DF,,,group,1966-01-02,Тімощук Ігор Іванович,,,1993–1994,Темп (Шепетівка)
w:1973-02-19:shaporenko,Руслан Шапоренко,FW,ST,,,group,1973-02-19,Шапоренко Руслан Васильович,,,1993–1994,Верес (Рівне)
w:1975-12-18:mahonin,Віталій Махонін,FW,ST,,,group,1975-12-18,Махонін Віталій Володимирович,,,1992–1994,Зоря (Луганськ); Таврія (Сімферополь)
w:1968-05-05:alibaev,Сефер Алібаєв,DF,DF,,,group,1968-05-05,Алібаєв Сефер Енверович,,,1992–1994,Таврія (Сімферополь); Кремінь (Кременчук)
w:1968-09-06:bedni,Володимир Бєдний,DF,DF,,,group,1968-09-06,Бєдний Володимир Анатолійович,,,1992–1994,Зоря (Луганськ)
w:1965-09-14:esipov,Олександр Єсипов,MF,MF,,,group,1965-09-14,Єсипов Олександр Геннадійович,,,1992–1994,Кремінь (Кременчук); Металіст (Харків); Торпедо (Запоріжжя); СК Миколаїв; Темп (Шепетівка)
w:1970-01-06:iablonski,Віктор Яблонський,MF,MF,,,group,1970-01-06,Яблонський Віктор Вікторович,,,1992–1994,Чорноморець (Одеса)
w:1960-02-23:nakonechni,Ігор Наконечний,MF,MF,,,group,1960-02-23,Наконечний Ігор Анатолійович,,,1993–1994,Металург (Запоріжжя)
w:1965-03-16:rolevich,Олександр Ролевич,DF,DF,,,group,1965-03-16,Ролевич Олександр Георгійович,,,1992–1994,Верес (Рівне); Кривбас (Кривий Ріг); Темп (Шепетівка)
w:1962-03-23:zaets,Олександр Заєць,FW,ST,,,group,1962-03-23,Заєць Олександр Леонідович,,,1992–1994,Торпедо (Запоріжжя)
w:1968-04-29:sinitski,Олег Синицький,DF,DF,,,group,1968-04-29,Синицький Олег Васильович,,,1992–1994,Верес (Рівне); Волинь (Луцьк); Нива (Вінниця)
w:1968-06-21:kuznetsov,Ігор Кузнецов,DF,DF,,,group,1968-06-21,Кузнецов Ігор Васильович,,,1993–1994,Зоря (Луганськ)
w:1964-05-07:kabanets,Ігор Кабанець,MF,MF,,,group,1964-05-07,Кабанець Ігор Леонідович,,,1992–1994,Верес (Рівне)
w:1964-01-28:hridiushko,Олександр Гридюшко,FW,ST,,,group,1964-01-28,Гридюшко Олександр Станіславович,,,1993–1994,Зоря (Луганськ)
w:1967-10-18:nikiforov,Олександр Никифоров,MF,MF,,,group,1967-10-18,Никифоров Олександр Валерійович,,,1992–1994,Чорноморець (Одеса); СК Миколаїв
w:1964-01-16:fasahov,Тагір Фасахов,FW,ST,,,group,1964-01-16,Фасахов Тагір Рівкатович,,,1992–1994,Нива (Тернопіль); Прикарпаття (Івано-Франківськ)
w:1970-03-29:eremev,В'ячеслав Єремеєв,MF,MF,,,group,1970-03-29,Єремеєв Вячеслав Миколайович,,,1992–1994,Чорноморець (Одеса)
w:1970-11-25:zaiarni,Володимир Заярний,MF,MF,,,group,1970-11-25,Заярний Володимир Анатолійович,,,1993–1994,Металург (Запоріжжя); Нива (Вінниця)
w:1966-11-30:laba,Роман Лаба,FW,ST,,,group,1966-11-30,Лаба Роман Романович,,,1992–1994,Буковина (Чернівці); Верес (Рівне); Кремінь (Кременчук)
w:1972-02-09:nikonchuk,Валентин Никончук,FW,ST,,,group,1972-02-09,Никончук Валентин Іванович,,,1993–1994,Темп (Шепетівка)
w:1963-09-18:tkachuk,Валерій Ткачук,MF,MF,,,group,1963-09-18,Ткачук Валерій Андрійович,,,1992–1994,Торпедо (Запоріжжя); Металург (Запоріжжя)
w:1972-08-15:martsun,Олександр Марцун,DF,DF,,,group,1972-08-15,Марцун Олександр Миколайович,,,1993–1994,Темп (Шепетівка)
w:1964-04-15:brundjadze,Ніязі Брунджадзе,MF,MF,,,group,1964-04-15,Брунджадзе Ніязі Ізетович,,,1993–1994,Темп (Шепетівка); СК Миколаїв
w:1963-01-25:petrik,Олександр Петрик,FW,ST,,,group,1963-01-25,Петрик Олександр Геннадійович,,,1993–1994,Металург (Запоріжжя)
w:1970-11-15:kovtun,Михайло Ковтун,DF,DF,,,group,1970-11-15,Ковтун Михайло Васильович,,,1994–1994,Верес (Рівне)
w:1971-06-19:hetikov,Юрій Гетіков,DF,DF,,,group,1971-06-19,Гетіков Юрій Олексійович,,,1992–1994,Таврія (Сімферополь); Темп (Шепетівка)
w:1963-02-07:protsiuk,Сергій Процюк,DF,DF,,,group,1963-02-07,Процюк Сергій Анатолійович,,,1992–1994,Чорноморець (Одеса); Верес (Рівне)
w:1970-04-18:saprikin,Євген Саприкін,FW,ST,,,group,1970-04-18,Саприкін Євген Олександрович,,,1993–1994,Металург (Запоріжжя)
w:1968-04-29:pohodin,Сергій Погодін,FW,ST,,,group,1968-04-29,Погодін Сергій Анатолійович,,,1992–1994,Шахтар (Донецьк)
w:1969-03-27:aleksanenkov,Андрій Алексаненков,DF,DF,,,group,1969-03-27,Алексаненков Андрій Миколайович,,,1992–1994,Динамо (Київ); СК Миколаїв
w:1957-04-16:sorokalet,Олександр Сорокалєт,DF,DF,,,group,1957-04-16,Сорокалєт Олександр Іванович,,,1992–1994,Металург (Запоріжжя); Торпедо (Запоріжжя); СК Миколаїв
w:1973-04-13:zaitsev,Сергій Зайцев,DF,DF,,,group,1973-04-13,Зайцев Сергій Ларіонович,,,1992–1994,Торпедо (Запоріжжя); Металург (Запоріжжя)
w:1972-05-15:sherabokov,Сергій Шерабоков,MF,MF,,,group,1972-05-15,Шерабоков Сергій Олексійович,,,1992–1994,Таврія (Сімферополь); Кремінь (Кременчук)
w:1964-03-28:bonetski,Сергій Бонецький,MF,MF,,,group,1964-03-28,Бонецький Сергій Романович,,,1993–1994,Торпедо (Запоріжжя); Волинь (Луцьк)
w:1967-02-22:shubin,Сергій Шубін,FW,ST,,,group,1967-02-22,Шубін Сергій Анатолійович,,,1994–1994,Волинь (Луцьк); Нива (Вінниця)
w:1970-12-28:travin,Дмитро Травін,MF,MF,,,group,1970-12-28,Травін Дмитро Олегович,,,1994–1994,Темп (Шепетівка)
w:1969-11-01:djishkariani,Михайло Джишкаріані,FW,ST,,,group,1969-11-01,Джишкаріані Михайло Дмитрович,,,1993–1994,Динамо (Київ)
w:1972-09-20:lomakin,Валерій Ломакін,FW,ST,,,group,1972-09-20,Ломакін Валерій Олексійович,,,1994–1994,Волинь (Луцьк)
w:1971-01-13:pindev,Олександр Піндєєв,FW,ST,,,group,1971-01-13,Піндєєв Олександр Валерійович,,,1993–1994,Кремінь (Кременчук)
w:1968-10-29:hachatrian,Вардан Хачатрян,DF,DF,,,group,1968-10-29,Хачатрян Вардан Барегалевич,,,1993–1994,Металург (Запоріжжя)
w:1974-06-18:ustimenko,Максим Устименко,FW,ST,,,group,1974-06-18,Устименко Максим Вікторович,,,1993–1994,Таврія (Сімферополь)
w:1974-01-10:romanenko,Олександр Романенко,FW,ST,,,group,1974-01-10,Романенко Олександр Іванович,,,1993–1994,Зоря (Луганськ)
w:1975-03-31:kuznetsov,Віктор Кузнецов,MF,MF,,,group,1975-03-31,Кузнецов Віктор Вікторович,,,1993–1994,Зоря (Луганськ); Таврія (Сімферополь); Кривбас (Кривий Ріг)
w:1971-10-13:shemetev,Олександр Шеметєв,FW,ST,,,group,1971-10-13,Шеметєв Олександр Васильович,,,1993–1994,Таврія (Сімферополь)
w:1970-04-08:fihun,Іван Фігун,MF,MF,,,group,1970-04-08,Фігун Іван Михайлович,,,1993–1994,Волинь (Луцьк)
w:1965-01-29:chernishov,Сергій Чернишов,MF,MF,,,group,1965-01-29,Чернишов Сергій Дмитрович,,,1994–1994,Зоря (Луганськ)
w:1976-04-04:domushkin,Сергій Дьомушкін,DF,DF,,,group,1976-04-04,Дьомушкін Сергій Володимирович,,,1994–1994,Верес (Рівне)
w:1967-04-12:kozak,Ярослав Козак,FW,ST,,,group,1967-04-12,Козак Ярослав Миколайович,,,1992–1994,Карпати (Львів); СК Миколаїв
w:1971-02-07:zavaliak,Ігор Заваляк,DF,DF,,,group,1971-02-07,Заваляк Ігор Дмитрович,,,1994–1994,Волинь (Луцьк)
w:1970-12-13:visokos,Валерій Високос,MF,MF,,,group,1970-12-13,Високос Валерій Леонтійович,,,1994–1994,СК Миколаїв
w:1970-09-07:cholokava,Володимир Чолокава,MF,MF,,,group,1970-09-07,Чолокава Володимир Анзорович,,,1994–1994,Верес (Рівне)
w:1960-01-29:iakubovski,Ігор Якубовський,MF,MF,,,group,1960-01-29,Якубовський Ігор Кузьмич,,,1994–1994,Темп (Шепетівка)
w:1973-04-04:petrunia,Сергій Петруня,DF,DF,,,group,1973-04-04,Петруня Сергій Олександрович,,,1994–1994,СК Миколаїв
w:1966-07-02:buts,Петро Буц,DF,DF,,,group,1966-07-02,Буц Петро Миколайович,,,1992–1994,Кривбас (Кривий Ріг); СК Миколаїв
w:1960-01-07:shoh,Антон Шох,MF,MF,,,group,1960-01-07,Шох Антон Рохусович,,,1992–1994,Кремінь (Кременчук); СК Миколаїв
w:1976-03-21:demenko,Максим Деменко,DF,DF,,,group,1976-03-21,Деменко Максим Володимирович,,,1993–1994,Динамо (Київ)
w:1975-12-13:anosov,Микола Аносов,FW,ST,,,group,1975-12-13,Аносов Микола Вікторович,,,1993–1994,Зоря (Луганськ)
w:1971-01-21:bojenko,Вадим Боженко,MF,MF,,,group,1971-01-21,Боженко Вадим Євгенович,,,1994–1994,Зоря (Луганськ)
w:1968-11-02:holovati,Володимир Головатий,MF,MF,,,group,1968-11-02,Головатий Володимир Мирославович,,,1994–1994,Прикарпаття (Івано-Франківськ)
w:1973-02-05:chunihin,Аркадій Чуніхін,MF,MF,,,group,1973-02-05,Чуніхін Аркадій Анатолійович,,,1994–1994,СК Миколаїв
w:1966-03-31:iurchenko,Юрченко Микола Миколайович (футболіст),MF,MF,,,group,1966-03-31,Юрченко Микола Миколайович (футболіст),,,1994–1994,Прикарпаття (Івано-Франківськ)
w:1968-02-08:biliai,Анатолій Біляй,DF,DF,,,group,1968-02-08,Біляй Анатолій Григорович,,,1993–1994,Металург (Запоріжжя)
w:1972-04-04:hvadahiani,Вахтанг Хвадагіані,DF,DF,,,group,1972-04-04,Хвадагіані Вахтанг Абессаломович,,,1994–1994,Верес (Рівне)
w:1974-02-20:hora,В'ячеслав Гора,MF,MF,,,group,1974-02-20,Гора Вячеслав Володимирович,,,1994–1994,Нива (Вінниця)
w:1976-08-18:efimov,Андрій Єфімов,FW,ST,,,group,1976-08-18,Єфімов Андрій Олександрович,,,1992–1994,Металіст (Харків); Темп (Шепетівка)
w:1965-04-12:skala,Юрій Скала,MF,MF,,,group,1965-04-12,Скала Юрій Васильович,,,1994–1994,Зоря (Луганськ)
w:1974-02-12:shevirov,Валерій Шевирьов,DF,DF,,,group,1974-02-12,Шевирьов Валерій Володимирович,,,1994–1994,Металург (Запоріжжя)
w:1974-08-30:tischenko,Максим Тищенко,MF,MF,,,group,1974-08-30,Тищенко Максим Вікторович,,,1994–1994,Металург (Запоріжжя)
w:1975-02-10:vasilev,Вадим Васильєв,MF,MF,,,group,1975-02-10,Васильєв Вадим В'ячеславович,,,1994–1994,Верес (Рівне)
w:1974-02-02:hadelia,Теймураз Гаделія,FW,ST,,,group,1974-02-02,Гаделія Теймураз Отарович,,,1994–1994,Верес (Рівне)
w:1960-12-08:zaiats,Ярослав Заяць,DF,DF,,,group,1960-12-08,Заяць Ярослав Миколайович,,,1994–1994,Нива (Вінниця)
w:1974-11-27:mamuka,Мамука Русія,MF,MF,,,group,1974-11-27,Русія Мамука,,,1994–1994,Темп (Шепетівка)
w:1960-01-11:taran,Олег Таран,FW,ST,,,group,1960-01-11,Таран Олег Анатолійович,,,1992–1994,Металург (Запоріжжя); Дніпро (Дніпропетровськ)
w:1962-08-30:evsev,Василь Євсєєв,DF,DF,,,group,1962-08-30,Євсєєв Василь Аркадійович,,,1993–1994,Буковина (Чернівці); Нива (Вінниця)
w:1975-12-31:aladashvili,Кахабер Аладашвілі,MF,MF,,,group,1975-12-31,Аладашвілі Кахабер Ясонович,,,1994–1994,Темп (Шепетівка)
w:1962-11-29:dovhalets,Олександр Довгалець,MF,MF,,,group,1962-11-29,Довгалець Олександр Леонідович,,,1994–1994,Верес (Рівне)
w:1972-11-13:sinitsin,Андрій Сініцин,MF,MF,,,group,1972-11-13,Сініцин Андрій Вадимович,,,1993–1994,Нива (Вінниця)
w:1971-05-23:taran,Ігор Таран,MF,MF,,,group,1971-05-23,Таран Ігор Петрович,,,1993–1994,Буковина (Чернівці); СК Миколаїв
w:1976-01-22:ukrainets,Ігор Українець,FW,ST,,,group,1976-01-22,Українець Ігор Васильович,,,1994–1994,Верес (Рівне)
w:1974-08-03:chistiakov,Олексій Чистяков,MF,MF,,,group,1974-08-03,Чистяков Олексій Олексійович,,,1994–1994,Зоря (Луганськ)
w:1971-03-14:pletnov,Андрій Плетньов,FW,ST,,,group,1971-03-14,Плетньов Андрій Володимирович,,,1994–1994,Зоря (Луганськ)
w:1972-05-05:kapustnikov,Олег Капустніков,DF,DF,,,group,1972-05-05,Капустніков Олег Юрійович,,,1994–1994,Металург (Запоріжжя)
w:1966-11-23:hromei,Віталій Хромей,MF,MF,,,group,1966-11-23,Хромей Віталій Михайлович,,,1994–1994,Нива (Тернопіль)
w:1964-09-08:isaev,Олександр Ісаєв,DF,DF,,,group,1964-09-08,Ісаєв Олександр Вікторович,,,1994–1994,Темп (Шепетівка)
w:1976-01-22:chaladze,Дато Чаладзе,FW,ST,,,group,1976-01-22,Чаладзе Дато Амарович,,,1994–1994,Темп (Шепетівка)
w:1965-03-18:juravlenko,Олександр Журавленко,MF,MF,,,group,1965-03-18,Журавленко Олександр Анатолійович,,,1994–1994,СК Миколаїв
w:1976-04-27:stepanov,Віталій Степанов,MF,MF,,,group,1976-04-27,Степанов Віталій Юрійович,,,1994–1994,Верес (Рівне)
w:1970-05-06:sinkov,Юрій Синьков,MF,MF,,,group,1970-05-06,Синьков Юрій Михайлович,,,1994–1994,Волинь (Луцьк)
w:1968-08-02:katerusha,Юрій Катеруша,MF,MF,,,group,1968-08-02,Катеруша Юрій Анатолійович,,,1994–1994,Кремінь (Кременчук)
w:1963-08-30:kuznetsov,Микола Кузнєцов,MF,MF,,,group,1963-08-30,Кузнєцов Микола Миколайович,,,1994–1994,Темп (Шепетівка)
w:1974-08-03:rehviashvili,Александр Рехвіашвілі,MF,MF,,,group,1974-08-03,Рехвіашвілі Александр Роландович,,,1994–1994,Темп (Шепетівка)
w:1956-09-17:hrachov,Віктор Грачов,FW,ST,,,group,1956-09-17,Грачов Віктор Олександрович,,,1994–1994,Шахтар (Донецьк)
w:1969-12-09:liubimov,Олександр Любимов,MF,MF,,,group,1969-12-09,Любимов Олександр Миколайович,,,1994–1994,Верес (Рівне)
w:1963-10-14:melnichuk,Ігор Мельничук,MF,MF,,,group,1963-10-14,Мельничук Ігор Васильович,,,1994–1994,Верес (Рівне)
w:1977-08-03:omelianovich,Сергій Омельянович,MF,MF,,,group,1977-08-03,Омельянович Сергій Леонідович,,,1993–1994,Зоря (Луганськ)
w:1972-05-20:korobov,Сергій Коробов,MF,MF,,,group,1972-05-20,Коробов Сергій Миколайович,,,1993–1994,Таврія (Сімферополь); Кремінь (Кременчук)
w:1974-08-18:sumtsov,Олег Сумцов,DF,DF,,,group,1974-08-18,Сумцов Олег Володимирович,,,1993–1994,Торпедо (Запоріжжя); СК Миколаїв
w:1972-06-11:hatilov,Юрій Гатилов,FW,ST,,,group,1972-06-11,Гатилов Юрій Валентинович,,,1994–1994,Волинь (Луцьк)
w:1969-01-01:zaev,Роман Заєв,MF,MF,,,group,1969-01-01,Заєв Роман Миколайович,,,1994–1994,Зоря (Луганськ); Торпедо (Запоріжжя)
w:1974-01-24:sirik,Анатолій Сірик,DF,DF,,,group,1974-01-24,Сірик Анатолій Андрійович,,,1994–1994,Зоря (Луганськ)
w:1972-02-27:lastivka,Юрій Ластівка,FW,ST,,,group,1972-02-27,Ластівка Юрій Васильович,,,1994–1994,Кремінь (Кременчук)
w:1970-05-02:iarkov,Сергій Ярков,FW,ST,,,group,1970-05-02,Ярков Сергій Іванович,,,1994–1994,Нива (Тернопіль)
w:1969-04-25:kostikov,Олег Костіков,FW,ST,,,group,1969-04-25,Костіков Олег Євгенович,,,1994–1994,СК Миколаїв; Таврія (Сімферополь)
w:1964-10-04:merab,Мераб Тевзадзе,MF,MF,,,group,1964-10-04,Тевзадзе Мераб,,,1994–1994,Темп (Шепетівка)
w:1972-04-08:zapishni,Андрій Запишний,MF,MF,,,group,1972-04-08,Запишний Андрій Васильович,,,1994–1994,СК Миколаїв
w:1963-06-20:tsimbal,Сергій Цимбал,DF,DF,,,group,1963-06-20,Цимбал Сергій Юрійович,,,1994–1994,СК Миколаїв
w:1976-05-06:pedorenko,Дмитро Педоренко,DF,DF,,,group,1976-05-06,Педоренко Дмитро Петрович,,,1993–1994,Металург (Запоріжжя)
w:1964-11-07:koliada,Ігор Коляда,FW,ST,,,group,1964-11-07,Коляда Ігор Васильович,,,1993–1994,Темп (Шепетівка); Металург (Запоріжжя)
w:1968-02-09:soshko,Володимир Сошко,MF,MF,,,group,1968-02-09,Сошко Володимир Петрович,,,1994–1994,Волинь (Луцьк)
w:1974-12-23:pertia,Ромаз Пертія,MF,MF,,,group,1974-12-23,Пертія Ромаз Ревазович,,,1994–1994,Темп (Шепетівка)
w:1960-04-02:prichinenko,Володимир Причиненко,DF,DF,,,group,1960-04-02,Причиненко Володимир Олексійович,,,1994–1994,Темп (Шепетівка)
w:1967-02-04:miliukin,Ігор Мілюкін,DF,DF,,,group,1967-02-04,Мілюкін Ігор Петрович,,,1994–1994,СК Миколаїв
w:1971-08-20:shikir,Олег Шикир,DF,DF,,,group,1971-08-20,Шикир Олег Анатолійович,,,1994–1994,Нива (Вінниця)
w:1971-01-30:surelo,Сергій Сурело,DF,DF,,,group,1971-01-30,Сурело Сергій Григорович,,,1994–1994,Нива (Тернопіль)
w:1974-01-06:hamtsemlidze,Паата Гамцемлідзе,MF,MF,,,group,1974-01-06,Гамцемлідзе Паата,,,1994–1994,Темп (Шепетівка)
w:1967-04-11:matvichuk,Сергій Матвійчук,MF,MF,,,group,1967-04-11,Матвійчук Сергій Віталійович,,,1994–1994,Темп (Шепетівка)
w:1973-02-25:iaschuk,Олег Ящук,MF,MF,,,group,1973-02-25,Ящук Олег Петрович,,,1994–1994,Темп (Шепетівка)
w:1970-11-03:hopei,Олег Гопей,MF,MF,,,group,1970-11-03,Гопей Олег Олексійович,,,1994–1994,Шахтар (Донецьк)
w:1975-08-19:sharabura,Сергій Шарабура,MF,MF,,,group,1975-08-19,Шарабура Сергій Володимирович,,,1994–1994,СК Миколаїв
w:1975-05-04:lisakovski,Андрій Лисаковський,MF,MF,,,group,1975-05-04,Лисаковський Андрій Анатолійович,,,1994–1994,СК Миколаїв
w:1976-11-04:masuliak,Андрій Масуляк,MF,MF,,,group,1976-11-04,Масуляк Андрій Зіновійович,,,1994–1994,Волинь (Луцьк)
w:1967-02-14:seleznov,Олег Селезньов,DF,DF,,,group,1967-02-14,Селезньов Олег Миколайович,,,1994–1994,Кремінь (Кременчук)
w:1973-01-06:matiuhin,Віталій Матюхін,DF,DF,,,group,1973-01-06,Матюхін Віталій Володимирович,,,1994–1994,Металург (Запоріжжя)
w:1975-11-28:nerovni,Сергій Неровний,MF,MF,,,group,1975-11-28,Неровний Сергій Вікторович,,,1994–1994,Металург (Запоріжжя)
w:1970-01-23:kulakovski,Сергій Кулаковський,MF,MF,,,group,1970-01-23,Кулаковський Сергій Аркадійович,,,1994–1994,Металург (Запоріжжя)
w:1974-11-15:skripka,Володимир Скрипка,DF,DF,,,group,1974-11-15,Скрипка Володимир Едуардович,,,1994–1994,Таврія (Сімферополь)
w:1974-03-11:menshikov,Андрій Меньшиков,MF,MF,,,group,1974-03-11,Меньшиков Андрій Миколайович,,,1994–1994,Темп (Шепетівка)
w:1962-04-01:horbenko,Юрій Горбенко,FW,ST,,,group,1962-04-01,Горбенко Юрій Володимирович,,,1994–1994,Темп (Шепетівка)
w:1975-01-28:vorobei,Родіон Воробей,MF,MF,,,group,1975-01-28,Воробей Родіон Олексійович,,,1994–1994,Волинь (Луцьк)
w:1976-03-17:chuchkevich,Віктор Чучкевич,FW,ST,,,group,1976-03-17,Чучкевич Віктор Андрійович,,,1994–1994,Верес (Рівне)
w:1974-02-27:hudima,Руслан Гудима,MF,MF,,,group,1974-02-27,Гудима Руслан Петрович,,,1994–1994,Волинь (Луцьк)
w:1974-08-24:alsauhi,Насер Аль-Саухі,FW,ST,,,group,1974-08-24,АльСаухі Насер Амер,,,1994–1994,Динамо (Київ)
w:1977-11-20:zentsov,Денис Зенцов,MF,MF,,,group,1977-11-20,Зенцов Денис Леонідович,,,1994–1994,Зоря (Луганськ)
w:1976-09-01:badlo,Сергій Бадло,DF,DF,,,group,1976-09-01,Бадло Сергій Миколайович,,,1994–1994,Металург (Запоріжжя)
w:1977-00-00:maiorenko,Вадим Майоренко,MF,MF,,,group,,Майоренко Вадим,,,1994–1994,Металург (Запоріжжя)
w:1977-09-10:marchenko,Сергій Марченко,MF,MF,,,group,1977-09-10,Марченко Сергій Анатолійович,,,1994–1994,Металург (Запоріжжя)
w:1969-02-18:paios,Андрій Пайос,MF,MF,,,group,1969-02-18,Пайос Андрій Іванович,,,1994–1994,Нива (Вінниця)
w:1973-11-04:ohrimchuk,Сергій Охрімчук,MF,MF,,,group,1973-11-04,Охрімчук Сергій Анатолійович,,,1994–1994,Нива (Вінниця)
w:1969-02-18:sadovi,Сергій Садовий,MF,MF,,,group,1969-02-18,Садовий Сергій Васильович,,,1994–1994,Нива (Тернопіль)
w:1977-10-27:fedoruk,Олег Федорук,MF,MF,,,group,1977-10-27,Федорук Олег Євгенійович,,,1994–1994,Нива (Вінниця)
w:1969-05-28:pritula,Андрій Притула,DF,DF,,,group,1969-05-28,Притула Андрій Архипович,,,1994–1994,Нива (Тернопіль)
w:1972-09-22:taranov,Владислав Таранов,FW,ST,,,group,1972-09-22,Таранов Владислав Вікторович,,,1994–1994,Нива (Тернопіль)
w:1975-08-28:maherovich,Сергій Магерович,MF,MF,,,group,1975-08-28,Магерович Сергій Богданович,,,1994–1994,Прикарпаття (Івано-Франківськ)
w:1977-10-29:smirnov,Андрій Смірнов,MF,MF,,,group,1977-10-29,Смірнов Андрій Вікторович,,,1994–1994,Таврія (Сімферополь)
w:1970-10-27:holovan,Валерій Головань,MF,MF,,,group,1970-10-27,Головань Валерій Миколайович,,,1994–1994,Темп (Шепетівка)
w:1977-00-00:evhen,Євген Сєріков,MF,MF,,,group,,Сєріков Євген,,,1994–1994,Таврія (Сімферополь)
w:1967-05-11:nikolaenko,Леонід Ніколаєнко,DF,DF,,,group,1967-05-11,Ніколаєнко Леонід Миколайович,,,1994–1994,СК Миколаїв
w:1970-05-03:kres,Володимир Кресс,MF,MF,,,group,1970-05-03,Кресс Володимир Вікторович,,,1994–1994,СК Миколаїв
w:1964-09-16:horoshinski,Валерій Горошинський,DF,DF,,,group,1964-09-16,Горошинський Валерій Володимирович,,,1992–1993,Нива (Тернопіль); Верес (Рівне)
w:1973-03-20:shpirnov,Роман Шпірнов,DF,DF,,,group,1973-03-20,Шпірнов Роман Вікторович,,,1992–1993,Буковина (Чернівці)
w:1968-01-08:markov,Віталій Марков,DF,DF,,,group,1968-01-08,Марков Віталій Олександрович,,,1992–1993,Буковина (Чернівці)
w:1970-04-20:shinkarov,Андрій Шинкарьов,DF,DF,,,group,1970-04-20,Шинкарьов Андрій Вікторович,,,1992–1993,Металіст (Харків)
w:1964-02-13:drahunov,Євген Драгунов,DF,DF,,,group,1964-02-13,Драгунов Євген Іванович,,,1992–1993,Таврія (Сімферополь); Шахтар (Донецьк)
w:1973-03-20:pavlov,Володимир Павлов,DF,DF,,,group,1973-03-20,Павлов Володимир Вікторович,,,1992–1993,Буковина (Чернівці)
w:1964-01-09:litvinov,Геннадій Літвінов,DF,DF,,,group,1964-01-09,Літвінов Геннадій Юрійович,,,1992–1993,Зоря (Луганськ)
w:1965-01-05:voitiuk,Олександр Войтюк,DF,DF,,,group,1965-01-05,Войтюк Олександр Ростиславович,,,1992–1993,Буковина (Чернівці); Торпедо (Запоріжжя); Верес (Рівне)
w:1960-02-15:tsiselski,Ігор Цісельський,DF,DF,,,group,1960-02-15,Цісельський Ігор Петрович,,,1992–1993,Нива (Тернопіль); Верес (Рівне)
w:1957-11-28:alistarov,Валерій Алістаров,MF,MF,,,group,1957-11-28,Алістаров Валерій Михайлович,,,1992–1993,Буковина (Чернівці); Кремінь (Кременчук)
w:1969-08-23:homuha,Дмитро Хомуха,MF,MF,,,group,1969-08-23,Хомуха Дмитро Іванович,,,1992–1993,Металіст (Харків)
w:1967-11-05:chuhleba,Олег Чухлєба,DF,DF,,,group,1967-11-05,Чухлєба Олег Миколайович,,,1992–1993,Дніпро (Дніпропетровськ)
w:1970-03-07:knish,Володимир Книш,DF,DF,,,group,1970-03-07,Книш Володимир Миколайович,,,1992–1993,Верес (Рівне); Кривбас (Кривий Ріг)
w:1966-10-28:lantsfer,Ярослав Ланцфер,DF,DF,,,group,1966-10-28,Ланцфер Ярослав Йосипович,,,1992–1993,Верес (Рівне); Торпедо (Запоріжжя); Металіст (Харків)
w:1973-08-17:lebid,Володимир Лебідь,FW,ST,,,group,1973-08-17,Лебідь Володимир Анатолійович,,,1992–1993,Чорноморець (Одеса)
w:1960-05-15:shevchenko,Сергій Шевченко,MF,MF,,,group,1960-05-15,Шевченко Сергій Якович,,,1992–1993,Таврія (Сімферополь); Металіст (Харків)
w:1969-01-23:ponomarenko,Віталій Пономаренко,DF,DF,,,group,1969-01-23,Пономаренко Віталій Миколайович,,,1992–1993,Динамо (Київ)
w:1958-12-16:antoniuk,Володимир Антонюк,DF,DF,,,group,1958-12-16,Антонюк Володимир Георгійович,,,1992–1993,Волинь (Луцьк)
w:1961-09-14:bilous,Дмитро Білоус,MF,MF,,,group,1961-09-14,Білоус Дмитро Іванович,,,1993–1993,Буковина (Чернівці)
w:1969-05-21:aleksandrov,Вадим Александров,DF,DF,,,group,1969-05-21,Александров Вадим Олексійович,,,1992–1993,Зоря (Луганськ)
w:1968-10-13:litvinenko,Ігор Литвиненко,FW,ST,,,group,1968-10-13,Литвиненко Ігор Миколайович,,,1992–1993,Кривбас (Кривий Ріг)
w:1961-01-24:chernih,Геннадій Черних,MF,MF,,,group,1961-01-24,Черних Геннадій Володимирович,,,1992–1993,Верес (Рівне)
w:1971-02-23:naduda,Олег Надуда,MF,MF,,,group,1971-02-23,Надуда Олег Миколайович,,,1993–1993,Нива (Вінниця)
w:1969-10-05:kersteniuk,Олег Керстенюк,MF,MF,,,group,1969-10-05,Керстенюк Олег Володимирович,,,1993–1993,Буковина (Чернівці)
w:1969-09-24:humeniuk,Ігор Гуменюк,MF,MF,,,group,1969-09-24,Гуменюк Ігор Іванович,,,1992–1993,Кремінь (Кременчук)
w:1971-06-15:hritsina,Юрій Гріцина,FW,ST,,,group,1971-06-15,Гріцина Юрій Васильович,,,1992–1993,Динамо (Київ)
w:1972-10-30:karamustafa,Дмитро Кара-Мустафа,MF,MF,,,group,1972-10-30,Кара-Мустафа Дмитро Олексійович,,,1992–1993,Зоря (Луганськ)
w:1969-09-09:kriachik,Євген Крячик,MF,MF,,,group,1969-09-09,Крячик Євген Олександрович,,,1992–1993,Кремінь (Кременчук)
w:1967-03-06:uzakov,Руслан Узаков,DF,DF,,,group,1967-03-06,Узаков Руслан Яркулович,,,1992–1993,Торпедо (Запоріжжя); Шахтар (Донецьк)
w:1965-01-31:hula,Олег Гула,DF,DF,,,group,1965-01-31,Гула Олег Володимирович,,,1993–1993,Волинь (Луцьк)
w:1969-06-11:povedonok,Анатолій Поведьонок,MF,MF,,,group,1969-06-11,Поведьонок Анатолій Геннадійович,,,1992–1993,Зоря (Луганськ)
w:1965-01-17:danilishin,Віктор Данилишин,MF,MF,,,group,1965-01-17,Данилишин Віктор Богданович,,,1992–1993,Кремінь (Кременчук); Нива (Вінниця)
w:1971-01-17:kurbatski,Дмитро Курбатський,MF,MF,,,group,1971-01-17,Курбатський Дмитро Володимирович,,,1992–1993,Зоря (Луганськ)
w:1970-01-14:poluliah,В'ячеслав Полулях,FW,ST,,,group,1970-01-14,Полулях Вячеслав Владиславович,,,1993–1993,Торпедо (Запоріжжя)
w:1974-08-03:varaksin,Кирило Вараксін,MF,MF,,,group,1974-08-03,Вараксін Кирило Олександрович,,,1992–1993,Металург (Запоріжжя)
w:1960-11-03:budnik,Віктор Будник,MF,MF,,,group,1960-11-03,Будник Віктор Миколайович,,,1992–1993,Буковина (Чернівці); Нива (Вінниця)
w:1962-03-18:hruslov,В'ячеслав Хруслов,DF,DF,,,group,1962-03-18,Хруслов Вячеслав Михайлович,,,1992–1993,Динамо (Київ)
w:1965-02-15:pokidko,Ігор Покідько,DF,DF,,,group,1965-02-15,Покідько Ігор Романович,,,1992–1993,Верес (Рівне); Нива (Тернопіль)
w:1962-03-22:zadorojniak,Василь Задорожняк,MF,MF,,,group,1962-03-22,Задорожняк Василь Григорович,,,1992–1993,Буковина (Чернівці)
w:1956-10-20:hamali,Іван Гамалій,MF,MF,,,group,1956-10-20,Гамалій Іван Павлович,,,1993–1993,Карпати (Львів)
w:1960-04-05:tarasov,Юрій Тарасов,FW,ST,,,group,1960-04-05,Тарасов Юрій Іванович,,,1993–1993,Металіст (Харків)
w:1969-08-18:zaets,Сергій Заєць,DF,DF,,,group,1969-08-18,Заєць Сергій Анатолійович,,,1992–1993,Динамо (Київ); Нива (Вінниця)
w:1970-02-07:herasimets,Володимир Герасимець,DF,DF,,,group,1970-02-07,Герасимець Володимир Григорович,,,1993–1993,Нива (Вінниця)
w:1966-01-02:korzanov,Олександр Корзанов,DF,DF,,,group,1966-01-02,Корзанов Олександр Іванович,,,1992–1993,Кремінь (Кременчук)
w:1970-02-01:sidorkin,В'ячеслав Сидоркін,DF,DF,,,group,1970-02-01,Сидоркін Вячеслав Євгенович,,,1992–1993,Торпедо (Запоріжжя); Металіст (Харків)
w:1973-05-26:rahaev,Ігор Рахаєв,FW,ST,,,group,1973-05-26,Рахаєв Ігор Володимирович,,,1992–1993,Торпедо (Запоріжжя)
w:1969-01-21:bezsmertni,Анатолій Безсмертний,DF,DF,,,group,1969-01-21,Безсмертний Анатолій Петрович,,,1992–1993,Динамо (Київ)
w:1973-01-05:ashurbekov,Ерік Ашурбеков,MF,MF,,,group,1973-01-05,Ашурбеков Ерік Магомедсалімович,,,1993–1993,Металіст (Харків)
w:1971-02-04:huralik,Володимир Гуралик,MF,MF,,,group,1971-02-04,Гуралик Володимир Степанович,,,1993–1993,Буковина (Чернівці)
w:1969-07-08:steblovski,Андрій Стебловський,FW,ST,,,group,1969-07-08,Стебловський Андрій Миколайович,,,1993–1993,Зоря (Луганськ)
w:1970-01-01:hlan,Володимир Хлань,DF,DF,,,group,1970-01-01,Хлань Володимир Володимирович,,,1993–1993,Кремінь (Кременчук)
w:1972-05-11:haiduk,Олександр Гайдук,FW,ST,,,group,1972-05-11,Гайдук Олександр Володимирович,,,1993–1993,Нива (Вінниця)
w:1962-11-24:avdenko,Юрій Авдеєнко,FW,ST,,,group,1962-11-24,Авдеєнко Юрій Петрович,,,1992–1993,Зоря (Луганськ)
w:1969-08-04:kozub,Ігор Козуб,MF,MF,,,group,1969-08-04,Козуб Ігор Романович,,,1993–1993,Буковина (Чернівці); Нива (Тернопіль)
w:1970-01-25:liubinetski,Сергій Любинецький,FW,ST,,,group,1970-01-25,Любинецький Сергій Святославович,,,1992–1993,Буковина (Чернівці)
w:1972-04-27:semenov,Віталій Семенов,DF,DF,,,group,1972-04-27,Семенов Віталій Іванович,,,1992–1993,Металург (Запоріжжя)
w:1965-01-17:bubis,Іван Бубісь,MF,MF,,,group,1965-01-17,Бубісь Іван Антонович,,,1992–1993,Буковина (Чернівці)
w:1971-08-11:hvoia,Олег Хвоя,DF,DF,,,group,1971-08-11,Хвоя Олег Михайлович,,,1993–1993,Нива (Вінниця)
w:1970-06-12:burlaka,Сергій Бурлака,MF,MF,,,group,1970-06-12,Бурлака Сергій Васильович,,,1993–1993,Буковина (Чернівці)
w:1973-11-12:kirepko,Анатолій Кірепко,MF,MF,,,group,1973-11-12,Кірепко Анатолій Павлович,,,1992–1993,Волинь (Луцьк)
w:1964-03-26:novoseltsev,Юрій Новосельцев,MF,MF,,,group,1964-03-26,Новосельцев Юрій Євгенович,,,1993–1993,Металург (Запоріжжя)
w:1976-08-22:hamal,Сергій Гамаль,MF,MF,,,group,1976-08-22,Гамаль Сергій Миколайович,,,1993–1993,Буковина (Чернівці)
w:1970-05-13:anisimkov,Віктор Анісімков,DF,DF,,,group,1970-05-13,Анісімков Віктор Семенович,,,1992–1993,Металург (Запоріжжя); Кривбас (Кривий Ріг)
w:1968-05-03:visochanski,Ігор Височанський,MF,MF,,,group,1968-05-03,Височанський Ігор Броніславович,,,1993–1993,Волинь (Луцьк)
w:1969-09-21:androschuk,Олександр Андрощук,MF,MF,,,group,1969-09-21,Андрощук Олександр Анатолійович,,,1992–1993,Зоря (Луганськ); Торпедо (Запоріжжя)
w:1962-05-30:rafalchuk,Віктор Рафальчук,MF,MF,,,group,1962-05-30,Рафальчук Віктор Казимирович,,,1992–1993,Карпати (Львів)
w:1965-03-06:kovtun,Віталій Ковтун,MF,MF,,,group,1965-03-06,Ковтун Віталій Анатолійович,,,1993–1993,Зоря (Луганськ)
w:1963-12-17:tsiba,Володимир Циба,FW,ST,,,group,1963-12-17,Циба Володимир Борисович,,,1993–1993,Металіст (Харків)
w:1974-09-06:sultanov,Ельман Султанов,DF,DF,,,group,1974-09-06,Султанов Ельман Байрамович,,,1993–1993,Торпедо (Запоріжжя)
w:1963-01-22:korotaev,Андрій Коротаєв,MF,MF,,,group,1963-01-22,Коротаєв Андрій Олексійович,,,1992–1993,Волинь (Луцьк); Верес (Рівне)
w:1974-03-20:avramenko,Володимир Авраменко,MF,MF,,,group,1974-03-20,Авраменко Володимир Олександрович,,,1993–1993,Дніпро (Дніпропетровськ)
w:1965-01-28:poliakov,Віталій Поляков,FW,ST,,,group,1965-01-28,Поляков Віталій Васильович,,,1993–1993,Зоря (Луганськ)
w:1976-09-19:vereschaka,Андрій Верещака,DF,DF,,,group,1976-09-19,Верещака Андрій Іванович,,,1993–1993,Металіст (Харків)
w:1961-01-15:suslo,Віктор Сусло,DF,DF,,,group,1961-01-15,Сусло Віктор Володимирович,,,1993–1993,Темп (Шепетівка)
w:1968-09-07:zinich,Володимир Зінич,FW,ST,,,group,1968-09-07,Зінич Володимир Миколайович,,,1993–1993,Торпедо (Запоріжжя)
w:1961-01-08:kuznetsov,Віктор Кузнецов,MF,MF,,,group,1961-01-08,Кузнецов Віктор Михайлович,,,1993–1993,Торпедо (Запоріжжя)
w:1970-04-18:shvets,Орест Швець,DF,DF,,,group,1970-04-18,Швець Орест Зеновійович,,,1993–1993,Буковина (Чернівці)
w:1971-05-04:scherbina,Ігор Щербина,DF,DF,,,group,1971-05-04,Щербина Ігор Миколайович,,,1993–1993,Шахтар (Донецьк)
w:1959-01-05:smolianinov,Олег Смолянинов,FW,ST,,,group,1959-01-05,Смолянинов Олег Олексійович,,,1993–1993,Зоря (Луганськ)
w:1973-10-20:mansurov,Раміс Мансуров,MF,MF,,,group,1973-10-20,Мансуров Раміс Фарідович,,,1993–1993,Кремінь (Кременчук)
w:1969-09-04:chaika,Андрій Чайка,MF,MF,,,group,1969-09-04,Чайка Андрій Іванович,,,1993–1993,Металург (Запоріжжя)
w:1972-06-26:pahomov,Костянтин Пахомов,MF,MF,,,group,1972-06-26,Пахомов Костянтин Миколайович,,,1993–1993,Металіст (Харків)
w:1970-04-05:savenko,Олександр Савенко,FW,ST,,,group,1970-04-05,Савенко Олександр Анатолійович,,,1993–1993,Металіст (Харків)
w:1974-07-13:unhurian,Андрій Унгурян,FW,ST,,,group,1974-07-13,Унгурян Андрій Штефанович,,,1993–1993,Буковина (Чернівці)
w:1974-09-14:vozniuk,Сергій Вознюк,FW,ST,,,group,1974-09-14,Вознюк Сергій Васильович,,,1993–1993,Верес (Рівне)
w:1968-12-23:keniz,Михайло Кенийз,MF,MF,,,group,1968-12-23,Кенийз Михайло Михайлович,,,1993–1993,Карпати (Львів)
w:1961-01-15:morozov,Сергій Морозов,FW,ST,,,group,1961-01-15,Морозов Сергій Миколайович,,,1993–1993,Металург (Запоріжжя)
w:1960-04-29:baranov,Олександр Баранов,MF,MF,,,group,1960-04-29,Баранов Олександр Іванович,,,1993–1993,Металіст (Харків)
w:1975-05-10:iakovenko,Сергій Яковенко,MF,MF,,,group,1975-05-10,Яковенко Сергій Сергійович,,,1993–1993,Металіст (Харків)
w:1976-01-24:holovir,Олег Головір,DF,DF,,,group,1976-01-24,Головір Олег Віталійович,,,1993–1993,Дніпро (Дніпропетровськ)
w:1975-12-22:petrov,Андрій Петров,MF,MF,,,group,1975-12-22,Петров Андрій Володимирович,,,1993–1993,Дніпро (Дніпропетровськ)
w:1968-10-20:mojovi,Олександр Мозговий,DF,DF,,,group,1968-10-20,Мозговий Олександр Іванович,,,1993–1993,Зоря (Луганськ)
w:1972-04-12:malik,Віталій Малик,FW,ST,,,group,1972-04-12,Малик Віталій Іванович,,,1993–1993,Карпати (Львів)
w:1965-09-16:arakelian,Самвел Аракелян,FW,ST,,,group,1965-09-16,Аракелян Самвел Вашикторович,,,1993–1993,Металіст (Харків)
w:1960-01-07:kondratev,Георгій Кондратьєв,FW,ST,,,group,1960-01-07,Кондратьев Георгій Петрович,,,1993–1993,Темп (Шепетівка)
w:1971-01-04:suchko,Владислав Сучко,MF,MF,,,group,1971-01-04,Сучко Владислав Вікторович,,,1993–1993,Торпедо (Запоріжжя)
w:1972-08-05:lesik,Микола Лесік,MF,MF,,,group,1972-08-05,Лесік Микола Андрійович,,,1993–1993,Буковина (Чернівці)
w:1967-01-27:daniliv,Юрій Данилів,FW,ST,,,group,1967-01-27,Данилів Юрій Миколайович,,,1993–1993,Карпати (Львів)
w:1972-04-05:halev,Гліб Галєєв,FW,ST,,,group,1972-04-05,Галєєв Гліб Далродович,,,1993–1993,Кривбас (Кривий Ріг)
w:1958-01-27:kriachko,Валентин Крячко,DF,DF,,,group,1958-01-27,Крячко Валентин Миколайович,,,1993–1993,Металіст (Харків)
w:1974-01-31:cherepenkin,Микола Черепенькин,DF,DF,,,group,1974-01-31,Черепенькин Микола Васильович,,,1993–1993,Металіст (Харків)
w:1962-02-11:rudi,Віктор Рудий,MF,MF,,,group,1962-02-11,Рудий Віктор Володимирович,,,1993–1993,Нива (Вінниця)
w:1975-02-20:zadov,Михайло Задов,MF,MF,,,group,1975-02-20,Задов Михайло Адамович,,,1993–1993,Таврія (Сімферополь)
w:1965-10-30:chaika,Олег Чайка,MF,MF,,,group,1965-10-30,Чайка Олег Миколайович,,,1993–1993,Темп (Шепетівка)
w:1971-06-09:palamarchuk,Олександр Паламарчук,MF,MF,,,group,1971-06-09,Паламарчук Олександр Михайлович,,,1993–1993,Торпедо (Запоріжжя)
w:1971-06-30:chachkin,Андрій Чачкін,FW,ST,,,group,1971-06-30,Чачкін Андрій Валерійович,,,1993–1993,Волинь (Луцьк)
w:1973-02-08:fadeichev,Андрій Фадеічев,MF,MF,,,group,1973-02-08,Фадеічев Андрій Станіславович,,,1993–1993,Дніпро (Дніпропетровськ)
w:1977-09-02:marich,Роман Марич,FW,ST,,,group,1977-09-02,Марич Роман Ростиславович,,,1993–1993,Карпати (Львів)
w:1971-01-21:sivahin,Олександр Сівагін,MF,MF,,,group,1971-01-21,Сівагін Олександр Валентинович,,,1993–1993,Кривбас (Кривий Ріг)
w:1961-09-30:bratchikov,Ігор Братчиков,MF,MF,,,group,1961-09-30,Братчиков Ігор Анатолійович,,,1993–1993,Металург (Запоріжжя)
w:1969-02-16:hudiakov,Юрій Худяков,FW,ST,,,group,1969-02-16,Худяков Юрій Володимирович,,,1993–1993,Металург (Запоріжжя)
w:1974-10-03:hrischenko,Андрій Грищенко,MF,MF,,,group,1974-10-03,Грищенко Андрій Валентинович,,,1993–1993,Металіст (Харків)
w:1964-10-07:akbarov,Едуард Акбаров,MF,MF,,,group,1964-10-07,Акбаров Едуард Ільдусович,,,1993–1993,Нива (Вінниця)
w:1972-12-12:ohorodnik,Олександр Огороднік,DF,DF,,,group,1972-12-12,Огороднік Олександр Валентинович,,,1993–1993,Нива (Тернопіль)
w:1972-03-23:avdev,Олександр Авдєєв,MF,MF,,,group,1972-03-23,Авдєєв Олександр Борисович,,,1993–1993,Таврія (Сімферополь)
w:1977-01-28:artiuhov,Федір Артюхов,FW,ST,,,group,1977-01-28,Артюхов Федір Анатолійович,,,1993–1993,Таврія (Сімферополь)
w:1972-04-15:tarasenko,Юрій Тарасенко,FW,ST,,,group,1972-04-15,Тарасенко Юрій Васильович,,,1993–1993,Буковина (Чернівці)
w:1972-04-09:somik,Михайло Сомик,MF,MF,,,group,1972-04-09,Сомик Михайло Миколайович,,,1993–1993,Волинь (Луцьк)
w:1961-01-01:mahinia,Юрій Махиня,DF,DF,,,group,1961-01-01,Махиня Юрій Олександрович,,,1992–1992,Кремінь (Кременчук)
w:1970-08-19:muschinka,Анатолій Мущинка,MF,MF,,,group,1970-08-19,Мущинка Анатолій Михайлович,,,1992–1992,Металург (Запоріжжя)
w:1961-08-18:polni,Іван Польний,DF,DF,,,group,1961-08-18,Польний Іван Броніславович,,,1992–1992,Волинь (Луцьк)
w:1971-09-21:holovan,Олег Головань,FW,ST,,,group,1971-09-21,Головань Олег Михайлович,,,1992–1992,Металург (Запоріжжя)
w:1961-03-02:zolotnitski,Євгеній Золотницький,DF,DF,,,group,1961-03-02,Золотницький Євгеній Олексійович,,,1992–1992,Кремінь (Кременчук)
w:1966-01-16:bakalov,Юрій Бакалов,MF,MF,,,group,1966-01-16,Бакалов Юрій Михайлович,,,1992–1992,Торпедо (Запоріжжя)
w:1967-06-25:voronejski,Сергій Воронежський,DF,DF,,,group,1967-06-25,Воронежський Сергій Петрович,,,1992–1992,Таврія (Сімферополь); Чорноморець (Одеса)
w:1966-02-18:marev,Андрій Марєєв,MF,MF,,,group,1966-02-18,Марєєв Андрій Олексійович,,,1992–1992,Торпедо (Запоріжжя)
w:1969-01-04:marchak,Мирослав Марчак,MF,MF,,,group,1969-01-04,Марчак Мирослав Петрович,,,1992–1992,Буковина (Чернівці)
w:1970-09-03:shvirkov,Борис Швирков,DF,DF,,,group,1970-09-03,Швирков Борис Євгенович,,,1992–1992,Кривбас (Кривий Ріг)
w:1969-11-27:bordiuh,Володимир Бордюг,MF,MF,,,group,1969-11-27,Бордюг Володимир Миколайович,,,1992–1992,Нива (Тернопіль)
w:1958-07-03:mashnin,Валерій Машнін,MF,MF,,,group,1958-07-03,Машнін Валерій Олексійович,,,1992–1992,Торпедо (Запоріжжя)
w:1969-06-17:tsimbalar,Ілля Цимбалар,MF,MF,,,group,1969-06-17,Цимбалар Ілля Володимирович,,,1992–1992,Чорноморець (Одеса)
w:1964-07-30:rodnonok,Павло Родньонок,DF,DF,,,group,1964-07-30,Родньонок Павло Петрович,,,1992–1992,Верес (Рівне)
w:1960-03-05:hurinovich,Ігор Гуринович,FW,ST,,,group,1960-03-05,Гуринович Ігор Миколайович,,,1992–1992,Верес (Рівне)
w:1966-06-02:mehov,Олег Мєхов,FW,ST,,,group,1966-06-02,Мєхов Олег Іванович,,,1992–1992,Верес (Рівне)
w:1959-02-19:demianenko,Анатолій Дем'яненко,DF,DF,,,group,1959-02-19,Дем'яненко Анатолій Васильович,,,1992–1992,Динамо (Київ)
w:1967-10-03:laktionov,Сергій Лактіонов,MF,MF,,,group,1967-10-03,Лактіонов Сергій Володимирович,,,1992–1992,Кремінь (Кременчук)
w:1969-01-15:horiachilov,Євген Горячилов,FW,ST,,,group,1969-01-15,Горячилов Євген Юрійович,,,1992–1992,Металург (Запоріжжя)
w:1970-03-08:zadvorni,Ігор Задворний,FW,ST,,,group,1970-03-08,Задворний Ігор Іванович,,,1992–1992,Нива (Тернопіль)
w:1968-01-19:snihirov,Олексій Снігірьов,FW,ST,,,group,1968-01-19,Снігірьов Олексій Анатолійович,,,1992–1992,Верес (Рівне)
w:1966-09-10:tsveiba,Ахрік Цвейба,DF,DF,,,group,1966-09-10,Цвейба Ахрік Сократович,,,1992–1992,Динамо (Київ)
w:1961-09-15:bobiliak,Ярослав Бобиляк,MF,MF,,,group,1961-09-15,Бобиляк Ярослав Іванович,,,1992–1992,Кремінь (Кременчук)
w:1973-08-13:soloviov,Олег Соловйов,FW,ST,,,group,1973-08-13,Соловйов Олег Миколайович,,,1992–1992,Металіст (Харків)
w:1970-09-14:andrev,Сергій Андреєв,FW,ST,,,group,1970-09-14,Андреєв Сергій Миколайович,,,1992–1992,Таврія (Сімферополь)
w:1965-03-13:matiuha,Андрій Матюха,MF,MF,,,group,1965-03-13,Матюха Андрій Володимирович,,,1992–1992,Торпедо (Запоріжжя)
w:1968-05-01:ilin,Олексій Ільїн,DF,DF,,,group,1968-05-01,Ільїн Олексій Вікторович,,,1992–1992,Верес (Рівне)
w:1968-05-29:petrov,Олег Петров,DF,DF,,,group,1968-05-29,Петров Олег Львович,,,1992–1992,Верес (Рівне)
w:1963-07-10:panchik,Валерій Панчик,DF,DF,,,group,1963-07-10,Панчик Валерій Станіславович,,,1992–1992,Металіст (Харків)
w:1965-02-20:medvid,В'ячеслав Медвідь,MF,MF,,,group,1965-02-20,Медвідь В'ячеслав Йосипович,,,1992–1992,Нива (Тернопіль)
w:1969-09-15:vishniauskas,Відмантас Вишняускас,MF,MF,,,group,1969-09-15,Вишняускас Відмантас Вітаутович,,,1992–1992,Таврія (Сімферополь)
w:1970-09-16:nikiforov,Юрій Никифоров,DF,DF,,,group,1970-09-16,Никифоров Юрій Валерійович,,,1992–1992,Чорноморець (Одеса)
w:1969-02-05:borovik,Олександр Боровик,DF,DF,,,group,1969-02-05,Боровик Олександр Іванович,,,1992–1992,Металіст (Харків)
w:1971-08-05:ishmirzaev,Садріддін Ішмірзаєв,MF,MF,,,group,1971-08-05,Ішмірзаєв Садріддін Саідмуратович,,,1992–1992,Таврія (Сімферополь)
w:1972-01-20:zelinski,Сергій Зелінський,MF,MF,,,group,1972-01-20,Зелінський Сергій Леонідович,,,1992–1992,Торпедо (Запоріжжя)
w:1960-07-31:scherbakov,Олександр Щербаков,FW,ST,,,group,1960-07-31,Щербаков Олександр Іванович,,,1992–1992,Чорноморець (Одеса)
w:1964-12-19:iakovenko,Павло Яковенко,MF,MF,,,group,1964-12-19,Яковенко Павло Олександрович,,,1992–1992,Динамо (Київ)
w:1972-08-13:iliuhin,Андрій Іллюхін,MF,MF,,,group,1972-08-13,Іллюхін Андрій Миколайович,,,1992–1992,Металіст (Харків)
w:1967-07-05:nedorostkov,В'ячеслав Недоростков,MF,MF,,,group,1967-07-05,Недоростков Вячеслав Валерійович,,,1992–1992,Нива (Тернопіль)
w:1967-04-12:polstianov,Сергій Полстянов,FW,ST,,,group,1967-04-12,Полстянов Сергій Миколайович,,,1992–1992,Таврія (Сімферополь)
w:1971-06-11:haidamaschuk,Володимир Гайдамащук,MF,MF,,,group,1971-06-11,Гайдамащук Володимир Пилипович,,,1992–1992,Буковина (Чернівці)
w:1968-06-24:miroshkin,Сергій Мірошкін,DF,DF,,,group,1968-06-24,Мірошкін Сергій Миколайович,,,1992–1992,Зоря (Луганськ)
w:1973-08-12:boichishin,Олег Бойчишин,DF,DF,,,group,1973-08-12,Бойчишин Олег Іванович,,,1992–1992,Карпати (Львів)
w:1969-12-06:tsokur,Валерій Цокур,MF,MF,,,group,1969-12-06,Цокур Валерій Іванович,,,1992–1992,Металург (Запоріжжя)
w:1970-04-29:betsa,Степан Беца,MF,MF,,,group,1970-04-29,Беца Степан Степанович,,,1992–1992,Динамо (Київ)
w:1965-01-25:poliakov,Олександр Поляков,DF,DF,,,group,1965-01-25,Поляков Олександр Федорович,,,1992–1992,Кремінь (Кременчук)
w:1966-02-03:haria,Георгій Харя,MF,MF,,,group,1966-02-03,Харя Георгій Георгійович,,,1992–1992,Металіст (Харків)
w:1970-07-13:tsiura,Валерій Цюра,MF,MF,,,group,1970-07-13,Цюра Валерій Вікторович,,,1992–1992,Торпедо (Запоріжжя)
w:1968-05-12:sharipov,Геннадій Шаріпов,MF,MF,,,group,1968-05-12,Шаріпов Геннадій Михайлович,,,1992–1992,Зоря (Луганськ)
w:1962-01-21:stepanischev,Ігор Степанищев,MF,MF,,,group,1962-01-21,Степанищев Ігор Валентинович,,,1992–1992,Зоря (Луганськ)
w:1966-08-10:savchenko,Сергій Савченко,MF,MF,,,group,1966-08-10,Савченко Сергій Вікторович,,,1992–1992,Торпедо (Запоріжжя)
w:1967-07-20:hovoruha,Сергій Говоруха,FW,ST,,,group,1967-07-20,Говоруха Сергій Олександрович,,,1992–1992,Волинь (Луцьк)
w:1964-10-24:sluka,Микола Слука,MF,MF,,,group,1964-10-24,Слука Микола Васильович,,,1992–1992,Волинь (Луцьк); Карпати (Львів)
w:1964-02-10:sofilkanich,Валерій Софілканич,FW,ST,,,group,1964-02-10,Софілканич Валерій Михайлович,,,1992–1992,Кремінь (Кременчук)
w:1967-01-03:kvitkauskas,Гінтарас Квіткаускас,DF,DF,,,group,1967-01-03,Квіткаускас Гінтарас Вікторович,,,1992–1992,Верес (Рівне)
w:1956-03-11:kolesnikov,Юрій Колесников,FW,ST,,,group,1956-03-11,Колесников Юрій Васильович,,,1992–1992,Зоря (Луганськ)
w:1973-01-13:oshiko,Василь Ошийко,MF,MF,,,group,1973-01-13,Ошийко Василь Любомирович,,,1992–1992,Карпати (Львів)
w:1960-08-22:shevchenko,Сергій Шевченко,DF,DF,,,group,1960-08-22,Шевченко Сергій Миколайович,,,1992–1992,Кремінь (Кременчук)
w:1971-07-21:dolinovski,Олег Долиновський,DF,DF,,,group,1971-07-21,Долиновський Олег Вікторович,,,1992–1992,Металург (Запоріжжя)
w:1960-01-20:suhenko,Віктор Сухенко,MF,MF,,,group,1960-01-20,Сухенко Віктор Миколайович,,,1992–1992,Нива (Тернопіль)
w:1966-03-10:hudimenko,Юрій Гудименко,MF,MF,,,group,1966-03-10,Гудименко Юрій Аркадійович,,,1992–1992,Таврія (Сімферополь)
w:1965-11-23:ivanov,Олександр Іванов,FW,ST,,,group,1965-11-23,Іванов Олександр Михайлович,,,1992–1992,Торпедо (Запоріжжя)
w:1967-09-04:kornev,Дмитро Корнєєв,DF,DF,,,group,1967-09-04,Корнєєв Дмитро Анатолійович,,,1992–1992,Верес (Рівне)
w:1965-01-02:sartakov,Ігор Сартаков,MF,MF,,,group,1965-01-02,Сартаков Ігор Анатолійович,,,1992–1992,Волинь (Луцьк)
w:1967-01-20:sukiasian,Ерванд Сукіасян,DF,DF,,,group,1967-01-20,Сукіасян Ерванд Гарсеванович,,,1992–1992,Динамо (Київ)
w:1972-02-03:mamchur,Сергій Мамчур,DF,DF,,,group,1972-02-03,Мамчур Сергій Миколайович,,,1992–1992,Дніпро (Дніпропетровськ)
w:1967-05-01:samoilov,Олег Самойлов,MF,MF,,,group,1967-05-01,Самойлов Олег Володимирович,,,1992–1992,Зоря (Луганськ)
w:1968-10-25:vahanov,Андрій Ваганов,MF,MF,,,group,1968-10-25,Ваганов Андрій Геннадійович,,,1992–1992,Кривбас (Кривий Ріг)
w:1959-03-11:bashkirov,Сергій Башкиров,DF,DF,,,group,1959-03-11,Башкиров Сергій Геннадійович,,,1992–1992,Металург (Запоріжжя)
w:1958-03-24:trehubov,Віктор Трегубов,DF,DF,,,group,1958-03-24,Трегубов Віктор Васильович,,,1992–1992,Кривбас (Кривий Ріг)
w:1965-12-27:ovcharenko,Ігор Овчаренко,MF,MF,,,group,1965-12-27,Овчаренко Ігор Вячеславович,,,1992–1992,Торпедо (Запоріжжя)
w:1969-11-27:korobov,Андрій Коробов,MF,MF,,,group,1969-11-27,Коробов Андрій Юрійович,,,1992–1992,Волинь (Луцьк)
w:1963-02-12:filoniuk,Павло Філонюк,FW,ST,,,group,1963-02-12,Філонюк Павло Олександрович,,,1992–1992,Волинь (Луцьк)
w:1966-08-16:tibilov,Гоча Тібілов,FW,ST,,,group,1966-08-16,Тібілов Гоча Казбекович,,,1992–1992,Волинь (Луцьк)
w:1971-10-29:malani,Руслан Маланій,MF,MF,,,group,1971-10-29,Маланій Руслан Миколайович,,,1992–1992,Волинь (Луцьк)
w:1970-08-15:kurlikovski,Володимир Курліковський,DF,DF,,,group,1970-08-15,Курліковський Володимир Михайлович,,,1992–1992,Волинь (Луцьк)
w:1970-10-17:sasko,Олексій Сасько,DF,DF,,,group,1970-10-17,Сасько Олексій Вікторович,,,1992–1992,Дніпро (Дніпропетровськ)
w:1968-01-08:lupinos,Сергій Лупинос,DF,DF,,,group,1968-01-08,Лупинос Сергій Вікторович,,,1992–1992,Кремінь (Кременчук)
w:1974-04-08:lutsiv,Андрій Луців,FW,ST,,,group,1974-04-08,Луців Андрій Михайлович,,,1992–1992,Буковина (Чернівці)
w:1975-09-05:tehaev,Олександр Тєгаєв,FW,ST,,,group,1975-09-05,Тєгаєв Олександр Вячеславович,,,1992–1992,Дніпро (Дніпропетровськ)
w:1972-08-19:tambovtsev,Олександр Тамбовцев,FW,ST,,,group,1972-08-19,Тамбовцев Олександр Анатолійович,,,1992–1992,Зоря (Луганськ)
w:1973-08-12:patronov,Віталій Патронов,MF,MF,,,group,1973-08-12,Патронов Віталій Петрович,,,1992–1992,Зоря (Луганськ)
w:1974-03-17:bender,Павло Бендер,MF,MF,,,group,1974-03-17,Бендер Павло Якович,,,1992–1992,Кривбас (Кривий Ріг)
w:1968-08-27:martiniuk,Володимир Мартинюк,MF,MF,,,group,1968-08-27,Мартинюк Володимир Володимирович,,,1992–1992,Кривбас (Кривий Ріг)
w:1974-12-29:morhunov,Олександр Моргунов,MF,MF,,,group,1974-12-29,Моргунов Олександр Юрійович,,,1992–1992,Металург (Запоріжжя)
w:1961-10-18:adjoev,Гурам Аджоєв,FW,ST,,,group,1961-10-18,Аджоєв Гурам Захарович,,,1992–1992,Металіст (Харків)
w:1969-11-03:borisevich,Володимир Борисевич,FW,ST,,,group,1969-11-03,Борисевич Володимир Миколайович,,,1992–1992,Волинь (Луцьк)
