person_id,name,foot,source,url,note
tm:25820,В'ячеслав Шевчук,B,transfermarkt (kaggle transfermarkt-datasets),https://www.transfermarkt.com/-/profil/spieler/25820,
tm:24006,Володимир Єзерський,R,transfermarkt (kaggle transfermarkt-datasets),https://www.transfermarkt.com/-/profil/spieler/24006,
tm:14942,Дарійо Срна,R,transfermarkt (kaggle transfermarkt-datasets),https://www.transfermarkt.com/-/profil/spieler/14942,
tm:9794,Олег Гусєв,R,transfermarkt (kaggle transfermarkt-datasets),https://www.transfermarkt.com/-/profil/spieler/9794,
tm:24043,Сергій Назаренко,B,transfermarkt (kaggle transfermarkt-datasets),https://www.transfermarkt.com/-/profil/spieler/24043,
tm:167722,Віталій Буяльський,R,transfermarkt (kaggle transfermarkt-datasets),https://www.transfermarkt.com/-/profil/spieler/167722,
tm:108710,Владислав Калітвінцев,L,transfermarkt (kaggle transfermarkt-datasets),https://www.transfermarkt.com/-/profil/spieler/108710,
w:1979-02-28:nesmachni,Андрій Несмачний,L,transfermarkt (profile),https://www.transfermarkt.com/-/profil/spieler/9787,"via wikidata P2446, dob match; tm name: Andriy Nesmachnyi; checked 2026-09-29"
tm:59322,Олександр Караваєв,R,transfermarkt (kaggle transfermarkt-datasets),https://www.transfermarkt.com/-/profil/spieler/59322,
tm:289059,Микола Матвієнко,L,transfermarkt (kaggle transfermarkt-datasets),https://www.transfermarkt.com/-/profil/spieler/289059,
tm:43359,Павло Ребенок,L,transfermarkt (kaggle transfermarkt-datasets),https://www.transfermarkt.com/-/profil/spieler/43359,
tm:68778,Марлос,L,transfermarkt (kaggle transfermarkt-datasets),https://www.transfermarkt.com/-/profil/spieler/68778,
w:1975-02-10:dmitrulin,Юрій Дмитрулін,R,transfermarkt (profile),https://www.transfermarkt.com/-/profil/spieler/9780,"via wikidata P2446, dob match; tm name: Yuriy Dmytrulin; checked 2026-09-29"
w:1977-04-02:koniushenko,Андрій Конюшенко,L,transfermarkt (profile),https://www.transfermarkt.com/-/profil/spieler/58050,"via wikidata P2446, dob match; tm name: Andriy Konyushenko; checked 2026-09-29"
tm:122088,Артем Громов,R,transfermarkt (kaggle transfermarkt-datasets),https://www.transfermarkt.com/-/profil/spieler/122088,
tm:236468,Артем Шабанов,L,transfermarkt (kaggle transfermarkt-datasets),https://www.transfermarkt.com/-/profil/spieler/236468,
tm:59389,Микола Морозюк,R,transfermarkt (kaggle transfermarkt-datasets),https://www.transfermarkt.com/-/profil/spieler/59389,
tm:92567,Андрій Богданов,R,transfermarkt (kaggle transfermarkt-datasets),https://www.transfermarkt.com/-/profil/spieler/92567,
tm:59896,Дмитро Хомченовський,B,transfermarkt (kaggle transfermarkt-datasets),https://www.transfermarkt.com/-/profil/spieler/59896,
w:1973-01-14:kardash,Василь Кардаш,L,transfermarkt (profile),https://www.transfermarkt.com/-/profil/spieler/13280,"via wikidata P2446, dob match; tm name: Thomas Caers; checked 2026-09-29"
tm:210689,Владислав Кабаєв,R,transfermarkt (kaggle transfermarkt-datasets),https://www.transfermarkt.com/-/profil/spieler/210689,
tm:124028,Ісмаїлі,L,transfermarkt (kaggle transfermarkt-datasets),https://www.transfermarkt.com/-/profil/spieler/124028,
w:1977-02-04:iaksmanitski,Володимир Яксманицький,B,transfermarkt (profile),https://www.transfermarkt.com/-/profil/spieler/58167,"via wikidata P2446, dob match; tm name: Volodymyr Yaksmanytskyi; checked 2026-09-29"
tm:56698,Александер Кобахідзе,L,transfermarkt (kaggle transfermarkt-datasets),https://www.transfermarkt.com/-/profil/spieler/56698,
tm:14940,Разван Рац,L,transfermarkt (kaggle transfermarkt-datasets),https://www.transfermarkt.com/-/profil/spieler/14940,
w:1976-07-19:radchenko,Олександр Радченко,B,transfermarkt (profile),https://www.transfermarkt.com/-/profil/spieler/24046,"via wikidata P2446, dob match; tm name: Oleksandr Radchenko; checked 2026-09-29"
tm:58046,Василь Кобін,R,transfermarkt (kaggle transfermarkt-datasets),https://www.transfermarkt.com/-/profil/spieler/58046,
w:1981-06-18:hioane,Тіберіу Гіоане,R,transfermarkt (profile),https://www.transfermarkt.com/-/profil/spieler/9793,"via wikidata P2446, dob match; tm name: Tiberiu Ghioane; checked 2026-09-29"
w:1973-10-13:starostiak,Михайло Старостяк,R,transfermarkt (profile),https://www.transfermarkt.com/-/profil/spieler/14943,"via wikidata P2446, dob match; tm name: Mykhaylo Starostyak; checked 2026-09-29"
w:1979-02-10:tkachenko,Сергій Ткаченко,R,transfermarkt (profile),https://www.transfermarkt.com/-/profil/spieler/24059,"via wikidata P2446, dob match; tm name: Sergiy Tkachenko; checked 2026-09-29"
tm:287792,Олександр Тимчик,R,transfermarkt (kaggle transfermarkt-datasets),https://www.transfermarkt.com/-/profil/spieler/287792,
tm:58930,Володимир Чеснаков,R,transfermarkt (kaggle transfermarkt-datasets),https://www.transfermarkt.com/-/profil/spieler/58930,
tm:49008,Віталій Мандзюк,R,transfermarkt (kaggle transfermarkt-datasets),https://www.transfermarkt.com/-/profil/spieler/49008,
tm:59893,Олександр Романчук,L,transfermarkt (kaggle transfermarkt-datasets),https://www.transfermarkt.com/-/profil/spieler/59893,
tm:23379,Володимир Польовий,L,transfermarkt (kaggle transfermarkt-datasets),https://www.transfermarkt.com/-/profil/spieler/23379,
tm:25618,Сергій Пшеничних,L,transfermarkt (kaggle transfermarkt-datasets),https://www.transfermarkt.com/-/profil/spieler/25618,
tm:273663,Володимир Адамюк,R,transfermarkt (kaggle transfermarkt-datasets),https://www.transfermarkt.com/-/profil/spieler/273663,
tm:28179,Младен Бартулович,L,transfermarkt (kaggle transfermarkt-datasets),https://www.transfermarkt.com/-/profil/spieler/28179,
tm:296366,Олексій Гуцуляк,L,transfermarkt (kaggle transfermarkt-datasets),https://www.transfermarkt.com/-/profil/spieler/296366,
tm:58238,Микита Каменюка,B,transfermarkt (kaggle transfermarkt-datasets),https://www.transfermarkt.com/-/profil/spieler/58238,
tm:25734,Денис Кулаков,R,transfermarkt (kaggle transfermarkt-datasets),https://www.transfermarkt.com/-/profil/spieler/25734,
tm:17206,Александар Тришович,B,transfermarkt (kaggle transfermarkt-datasets),https://www.transfermarkt.com/-/profil/spieler/17206,
tm:57888,Павло Ксьонз,R,transfermarkt (kaggle transfermarkt-datasets),https://www.transfermarkt.com/-/profil/spieler/57888,
tm:155964,Андрій Цуріков,L,transfermarkt (kaggle transfermarkt-datasets),https://www.transfermarkt.com/-/profil/spieler/155964,
tm:248934,Валерій Лучкевич,R,transfermarkt (kaggle transfermarkt-datasets),https://www.transfermarkt.com/-/profil/spieler/248934,
tm:58000,Артем Федецький,R,transfermarkt (kaggle transfermarkt-datasets),https://www.transfermarkt.com/-/profil/spieler/58000,
tm:8669,Мілан Обрадович,R,transfermarkt (kaggle transfermarkt-datasets),https://www.transfermarkt.com/-/profil/spieler/8669,
tm:201671,Ігор Пердута,R,transfermarkt (kaggle transfermarkt-datasets),https://www.transfermarkt.com/-/profil/spieler/201671,
tm:68915,Олег Краснопьоров,R,transfermarkt (kaggle transfermarkt-datasets),https://www.transfermarkt.com/-/profil/spieler/68915,
tm:86931,Євген Опанасенко,B,transfermarkt (kaggle transfermarkt-datasets),https://www.transfermarkt.com/-/profil/spieler/86931,
tm:370399,Микита Кравченко,R,transfermarkt (kaggle transfermarkt-datasets),https://www.transfermarkt.com/-/profil/spieler/370399,
tm:58961,Максим Пашаєв,R,transfermarkt (kaggle transfermarkt-datasets),https://www.transfermarkt.com/-/profil/spieler/58961,
tm:42621,Віталі Бордіян,B,transfermarkt (kaggle transfermarkt-datasets),https://www.transfermarkt.com/-/profil/spieler/42621,
tm:61952,Данило Сілва,R,transfermarkt (kaggle transfermarkt-datasets),https://www.transfermarkt.com/-/profil/spieler/61952,
tm:59442,Євген Селін,L,transfermarkt (kaggle transfermarkt-datasets),https://www.transfermarkt.com/-/profil/spieler/59442,
tm:43393,Григорій Ярмаш,R,transfermarkt (kaggle transfermarkt-datasets),https://www.transfermarkt.com/-/profil/spieler/43393,
tm:94922,Богдан Бутко,R,transfermarkt (kaggle transfermarkt-datasets),https://www.transfermarkt.com/-/profil/spieler/94922,
tm:244262,Денис Мірошніченко,R,transfermarkt (kaggle transfermarkt-datasets),https://www.transfermarkt.com/-/profil/spieler/244262,
tm:91801,Олександр Скляр,B,transfermarkt (kaggle transfermarkt-datasets),https://www.transfermarkt.com/-/profil/spieler/91801,
tm:43308,Денис Голайдо,B,transfermarkt (kaggle transfermarkt-datasets),https://www.transfermarkt.com/-/profil/spieler/43308,
tm:203074,Іван Петряк,R,transfermarkt (kaggle transfermarkt-datasets),https://www.transfermarkt.com/-/profil/spieler/203074,
tm:15067,Максим Калініченко,B,transfermarkt (kaggle transfermarkt-datasets),https://www.transfermarkt.com/-/profil/spieler/15067,
tm:294730,Богдан Михайличенко,L,transfermarkt (kaggle transfermarkt-datasets),https://www.transfermarkt.com/-/profil/spieler/294730,
tm:59982,Володимир Аржанов,B,transfermarkt (kaggle transfermarkt-datasets),https://www.transfermarkt.com/-/profil/spieler/59982,
tm:54816,Дмитро Льопа,R,transfermarkt (kaggle transfermarkt-datasets),https://www.transfermarkt.com/-/profil/spieler/54816,
tm:59129,Вадим Сапай,B,transfermarkt (kaggle transfermarkt-datasets),https://www.transfermarkt.com/-/profil/spieler/59129,
tm:52937,Ілсіньйо,R,transfermarkt (kaggle transfermarkt-datasets),https://www.transfermarkt.com/-/profil/spieler/52937,
tm:549960,Тимур Стецков,L,transfermarkt (kaggle transfermarkt-datasets),https://www.transfermarkt.com/-/profil/spieler/549960,
tm:325429,Максим Задерака,R,transfermarkt (kaggle transfermarkt-datasets),https://www.transfermarkt.com/-/profil/spieler/325429,
tm:44138,Олексій Годін,L,transfermarkt (kaggle transfermarkt-datasets),https://www.transfermarkt.com/-/profil/spieler/44138,
tm:42641,Андрій Хомин,R,transfermarkt (kaggle transfermarkt-datasets),https://www.transfermarkt.com/-/profil/spieler/42641,
tm:271482,Артем Гордієнко,R,transfermarkt (kaggle transfermarkt-datasets),https://www.transfermarkt.com/-/profil/spieler/271482,
tm:55484,Марсіо Азеведо,L,transfermarkt (kaggle transfermarkt-datasets),https://www.transfermarkt.com/-/profil/spieler/55484,
tm:25823,Віталій Денисов,L,transfermarkt (kaggle transfermarkt-datasets),https://www.transfermarkt.com/-/profil/spieler/25823,
tm:264063,Сергій Болбат,R,transfermarkt (kaggle transfermarkt-datasets),https://www.transfermarkt.com/-/profil/spieler/264063,
tm:86502,Іван Кривошеєнко,R,transfermarkt (kaggle transfermarkt-datasets),https://www.transfermarkt.com/-/profil/spieler/86502,
tm:467250,Юхим Конопля,R,transfermarkt (kaggle transfermarkt-datasets),https://www.transfermarkt.com/-/profil/spieler/467250,
tm:34773,Володимир Прийомов,R,transfermarkt (kaggle transfermarkt-datasets),https://www.transfermarkt.com/-/profil/spieler/34773,
tm:248938,Максим Третьяков,R,transfermarkt (kaggle transfermarkt-datasets),https://www.transfermarkt.com/-/profil/spieler/248938,
tm:366723,Владислав Дубинчак,L,transfermarkt (kaggle transfermarkt-datasets),https://www.transfermarkt.com/-/profil/spieler/366723,
tm:58252,Сергій Сімінін,R,transfermarkt (kaggle transfermarkt-datasets),https://www.transfermarkt.com/-/profil/spieler/58252,
tm:59826,Олег Герасимюк,R,transfermarkt (kaggle transfermarkt-datasets),https://www.transfermarkt.com/-/profil/spieler/59826,
tm:181118,Томаш Кендзьора,R,transfermarkt (kaggle transfermarkt-datasets),https://www.transfermarkt.com/-/profil/spieler/181118,
tm:315237,Євген Пасіч,R,transfermarkt (kaggle transfermarkt-datasets),https://www.transfermarkt.com/-/profil/spieler/315237,
tm:216579,Павло Полегенько,R,transfermarkt (kaggle transfermarkt-datasets),https://www.transfermarkt.com/-/profil/spieler/216579,
tm:495920,Олександр Назаренко,L,transfermarkt (kaggle transfermarkt-datasets),https://www.transfermarkt.com/-/profil/spieler/495920,
tm:248932,Владислав Кочергін,R,transfermarkt (kaggle transfermarkt-datasets),https://www.transfermarkt.com/-/profil/spieler/248932,
tm:396532,Євген Смирний,L,transfermarkt (kaggle transfermarkt-datasets),https://www.transfermarkt.com/-/profil/spieler/396532,
tm:49000,Ігор Коротецький,R,transfermarkt (kaggle transfermarkt-datasets),https://www.transfermarkt.com/-/profil/spieler/49000,
tm:120262,Дмитро Немчанінов,L,transfermarkt (kaggle transfermarkt-datasets),https://www.transfermarkt.com/-/profil/spieler/120262,
tm:203855,Ігор Кирюханцев,R,transfermarkt (kaggle transfermarkt-datasets),https://www.transfermarkt.com/-/profil/spieler/203855,
tm:39799,Іван Стрінич,L,transfermarkt (kaggle transfermarkt-datasets),https://www.transfermarkt.com/-/profil/spieler/39799,
tm:404842,Віталій Миколенко,L,transfermarkt (kaggle transfermarkt-datasets),https://www.transfermarkt.com/-/profil/spieler/404842,
tm:193158,Сергій Мякушко,B,transfermarkt (kaggle transfermarkt-datasets),https://www.transfermarkt.com/-/profil/spieler/193158,
tm:248931,Олександр Каплієнко,L,transfermarkt (kaggle transfermarkt-datasets),https://www.transfermarkt.com/-/profil/spieler/248931,
tm:97727,Ігор Тищенко,R,transfermarkt (kaggle transfermarkt-datasets),https://www.transfermarkt.com/-/profil/spieler/97727,
tm:27172,Павло Кутас,R,transfermarkt (kaggle transfermarkt-datasets),https://www.transfermarkt.com/-/profil/spieler/27172,
tm:321417,Микита Татарков,R,transfermarkt (kaggle transfermarkt-datasets),https://www.transfermarkt.com/-/profil/spieler/321417,
tm:315236,Геннадій Пасіч,R,transfermarkt (kaggle transfermarkt-datasets),https://www.transfermarkt.com/-/profil/spieler/315236,
tm:30803,Крістіан Вільягра,R,transfermarkt (kaggle transfermarkt-datasets),https://www.transfermarkt.com/-/profil/spieler/30803,
tm:45812,Джордже Лазич,B,transfermarkt (kaggle transfermarkt-datasets),https://www.transfermarkt.com/-/profil/spieler/45812,
tm:18445,Бетао,R,transfermarkt (kaggle transfermarkt-datasets),https://www.transfermarkt.com/-/profil/spieler/18445,
tm:177818,Андрій Блізніченко,L,transfermarkt (kaggle transfermarkt-datasets),https://www.transfermarkt.com/-/profil/spieler/177818,
tm:57900,В'ячеслав Сердюк,L,transfermarkt (kaggle transfermarkt-datasets),https://www.transfermarkt.com/-/profil/spieler/57900,
tm:396536,Роман Вантух,L,transfermarkt (kaggle transfermarkt-datasets),https://www.transfermarkt.com/-/profil/spieler/396536,
tm:111074,Артур Западня,L,transfermarkt (kaggle transfermarkt-datasets),https://www.transfermarkt.com/-/profil/spieler/111074,
tm:93077,Сергій Старенький,B,transfermarkt (kaggle transfermarkt-datasets),https://www.transfermarkt.com/-/profil/spieler/93077,
tm:121026,Юрій Путраш,L,transfermarkt (kaggle transfermarkt-datasets),https://www.transfermarkt.com/-/profil/spieler/121026,
tm:58425,Ігор Ощипко,L,transfermarkt (kaggle transfermarkt-datasets),https://www.transfermarkt.com/-/profil/spieler/58425,
tm:59407,Сергій Барілко,B,transfermarkt (kaggle transfermarkt-datasets),https://www.transfermarkt.com/-/profil/spieler/59407,
tm:58051,Михайло Кополовець,L,transfermarkt (kaggle transfermarkt-datasets),https://www.transfermarkt.com/-/profil/spieler/58051,
tm:723621,Денис Кузик,B,transfermarkt (kaggle transfermarkt-datasets),https://www.transfermarkt.com/-/profil/spieler/723621,
tm:58389,Олег Допілка,R,transfermarkt (kaggle transfermarkt-datasets),https://www.transfermarkt.com/-/profil/spieler/58389,
tm:43297,Дебатік Цуррі,L,transfermarkt (kaggle transfermarkt-datasets),https://www.transfermarkt.com/-/profil/spieler/43297,
tm:45343,Олег Гуменюк,R,transfermarkt (kaggle transfermarkt-datasets),https://www.transfermarkt.com/-/profil/spieler/45343,
tm:94925,Єгор Картушов,L,transfermarkt (kaggle transfermarkt-datasets),https://www.transfermarkt.com/-/profil/spieler/94925,
tm:537852,Дмитро Криськів,R,transfermarkt (kaggle transfermarkt-datasets),https://www.transfermarkt.com/-/profil/spieler/537852,
tm:288853,Сергій Горбунов,L,transfermarkt (kaggle transfermarkt-datasets),https://www.transfermarkt.com/-/profil/spieler/288853,
tm:543380,Ібрагім Кане,L,transfermarkt (kaggle transfermarkt-datasets),https://www.transfermarkt.com/-/profil/spieler/543380,
tm:96498,Олександр Насонов,R,transfermarkt (kaggle transfermarkt-datasets),https://www.transfermarkt.com/-/profil/spieler/96498,
tm:58417,Станіслав Микицей,R,transfermarkt (kaggle transfermarkt-datasets),https://www.transfermarkt.com/-/profil/spieler/58417,
tm:316945,Мар'ян Мисик,L,transfermarkt (kaggle transfermarkt-datasets),https://www.transfermarkt.com/-/profil/spieler/316945,
tm:22378,Лео Матос,R,transfermarkt (kaggle transfermarkt-datasets),https://www.transfermarkt.com/-/profil/spieler/22378,
tm:257937,Олег Данченко,R,transfermarkt (kaggle transfermarkt-datasets),https://www.transfermarkt.com/-/profil/spieler/257937,
tm:24038,Єгіше Мелікян,L,transfermarkt (kaggle transfermarkt-datasets),https://www.transfermarkt.com/-/profil/spieler/24038,
tm:59434,Артем Путівцев,L,transfermarkt (kaggle transfermarkt-datasets),https://www.transfermarkt.com/-/profil/spieler/59434,
tm:501612,Юрій Климчук,R,transfermarkt (kaggle transfermarkt-datasets),https://www.transfermarkt.com/-/profil/spieler/501612,
tm:58440,Сергій Шевчук,L,transfermarkt (kaggle transfermarkt-datasets),https://www.transfermarkt.com/-/profil/spieler/58440,
tm:58392,Віталій Федорів,L,transfermarkt (kaggle transfermarkt-datasets),https://www.transfermarkt.com/-/profil/spieler/58392,
tm:495923,Олег Ільїн,R,transfermarkt (kaggle transfermarkt-datasets),https://www.transfermarkt.com/-/profil/spieler/495923,
tm:55975,Уча Лобжанідзе,R,transfermarkt (kaggle transfermarkt-datasets),https://www.transfermarkt.com/-/profil/spieler/55975,
tm:206717,Едуард Соболь,L,transfermarkt (kaggle transfermarkt-datasets),https://www.transfermarkt.com/-/profil/spieler/206717,
tm:695310,Максим Брагару,R,transfermarkt (kaggle transfermarkt-datasets),https://www.transfermarkt.com/-/profil/spieler/695310,
tm:123543,Артем Сухоцький,L,transfermarkt (kaggle transfermarkt-datasets),https://www.transfermarkt.com/-/profil/spieler/123543,
tm:498899,Тарас Саків,L,transfermarkt (kaggle transfermarkt-datasets),https://www.transfermarkt.com/-/profil/spieler/498899,
tm:387928,Лукас Тейлор,R,transfermarkt (kaggle transfermarkt-datasets),https://www.transfermarkt.com/-/profil/spieler/387928,
tm:467243,Віктор Корнієнко,L,transfermarkt (kaggle transfermarkt-datasets),https://www.transfermarkt.com/-/profil/spieler/467243,
tm:289095,Денис Фаворов,R,transfermarkt (kaggle transfermarkt-datasets),https://www.transfermarkt.com/-/profil/spieler/289095,
tm:15033,Велізар Дімітров,R,transfermarkt (kaggle transfermarkt-datasets),https://www.transfermarkt.com/-/profil/spieler/15033,
tm:432658,Юрій Копина,R,transfermarkt (kaggle transfermarkt-datasets),https://www.transfermarkt.com/-/profil/spieler/432658,
tm:748939,Олексій Сич,R,transfermarkt (kaggle transfermarkt-datasets),https://www.transfermarkt.com/-/profil/spieler/748939,
tm:130824,Євген Зубейко,R,transfermarkt (kaggle transfermarkt-datasets),https://www.transfermarkt.com/-/profil/spieler/130824,
tm:245048,Василь Кравець,L,transfermarkt (kaggle transfermarkt-datasets),https://www.transfermarkt.com/-/profil/spieler/245048,
tm:96455,Євген Макаренко,L,transfermarkt (kaggle transfermarkt-datasets),https://www.transfermarkt.com/-/profil/spieler/96455,
tm:396400,Ілля Путря,R,transfermarkt (kaggle transfermarkt-datasets),https://www.transfermarkt.com/-/profil/spieler/396400,
tm:62515,Іван Бобко,L,transfermarkt (kaggle transfermarkt-datasets),https://www.transfermarkt.com/-/profil/spieler/62515,
tm:844373,Борис Крушинський,L,transfermarkt (kaggle transfermarkt-datasets),https://www.transfermarkt.com/-/profil/spieler/844373,
tm:533537,Ростислав Лях,B,transfermarkt (kaggle transfermarkt-datasets),https://www.transfermarkt.com/-/profil/spieler/533537,
tm:636237,Костянтин Вівчаренко,L,transfermarkt (kaggle transfermarkt-datasets),https://www.transfermarkt.com/-/profil/spieler/636237,
tm:169260,Віталій Єрмаков,R,transfermarkt (kaggle transfermarkt-datasets),https://www.transfermarkt.com/-/profil/spieler/169260,
tm:42933,Аніс Бусаїді,R,transfermarkt (kaggle transfermarkt-datasets),https://www.transfermarkt.com/-/profil/spieler/42933,
tm:889438,Ілля Крупський,B,transfermarkt (kaggle transfermarkt-datasets),https://www.transfermarkt.com/-/profil/spieler/889438,
tm:419119,Ігор Снурніцин,L,transfermarkt (kaggle transfermarkt-datasets),https://www.transfermarkt.com/-/profil/spieler/419119,
tm:82608,Павло Худзік,B,transfermarkt (kaggle transfermarkt-datasets),https://www.transfermarkt.com/-/profil/spieler/82608,
tm:448783,Максим Грисьо,R,transfermarkt (kaggle transfermarkt-datasets),https://www.transfermarkt.com/-/profil/spieler/448783,
tm:95707,Володимир Танчик,B,transfermarkt (kaggle transfermarkt-datasets),https://www.transfermarkt.com/-/profil/spieler/95707,
tm:310782,Андрій Бацула,L,transfermarkt (kaggle transfermarkt-datasets),https://www.transfermarkt.com/-/profil/spieler/310782,
tm:167555,Олександр Чорноморець,L,transfermarkt (kaggle transfermarkt-datasets),https://www.transfermarkt.com/-/profil/spieler/167555,
tm:44699,Антунеш,L,transfermarkt (kaggle transfermarkt-datasets),https://www.transfermarkt.com/-/profil/spieler/44699,
tm:110028,Артем Чорній,B,transfermarkt (kaggle transfermarkt-datasets),https://www.transfermarkt.com/-/profil/spieler/110028,
tm:863919,Іван Дібанго,L,transfermarkt (kaggle transfermarkt-datasets),https://www.transfermarkt.com/-/profil/spieler/863919,
tm:401529,Додо,R,transfermarkt (kaggle transfermarkt-datasets),https://www.transfermarkt.com/-/profil/spieler/401529,
tm:122317,Віталій Гошкодеря,L,transfermarkt (kaggle transfermarkt-datasets),https://www.transfermarkt.com/-/profil/spieler/122317,
tm:91991,Сергій Люлька,B,transfermarkt (kaggle transfermarkt-datasets),https://www.transfermarkt.com/-/profil/spieler/91991,
tm:576022,Владислав Ємець,L,transfermarkt (kaggle transfermarkt-datasets),https://www.transfermarkt.com/-/profil/spieler/576022,
tm:396530,Артем Козак,L,transfermarkt (kaggle transfermarkt-datasets),https://www.transfermarkt.com/-/profil/spieler/396530,
tm:623319,Олександр Драмбаєв,L,transfermarkt (kaggle transfermarkt-datasets),https://www.transfermarkt.com/-/profil/spieler/623319,
tm:708240,Едуард Козік,R,transfermarkt (kaggle transfermarkt-datasets),https://www.transfermarkt.com/-/profil/spieler/708240,
tm:522833,Андрій Понєдєльнік,R,transfermarkt (kaggle transfermarkt-datasets),https://www.transfermarkt.com/-/profil/spieler/522833,
tm:91359,Темур Парцванія,R,transfermarkt (kaggle transfermarkt-datasets),https://www.transfermarkt.com/-/profil/spieler/91359,
tm:353584,Сергій Петько,R,transfermarkt (kaggle transfermarkt-datasets),https://www.transfermarkt.com/-/profil/spieler/353584,
tm:221955,Сергій Шестаков,R,transfermarkt (kaggle transfermarkt-datasets),https://www.transfermarkt.com/-/profil/spieler/221955,
tm:375657,Владислав Шаповал,L,transfermarkt (kaggle transfermarkt-datasets),https://www.transfermarkt.com/-/profil/spieler/375657,
tm:858712,Педро Енріке,L,transfermarkt (kaggle transfermarkt-datasets),https://www.transfermarkt.com/-/profil/spieler/858712,
tm:380376,Євген Морозко,R,transfermarkt (kaggle transfermarkt-datasets),https://www.transfermarkt.com/-/profil/spieler/380376,
tm:59964,Євген Пісоцький,R,transfermarkt (kaggle transfermarkt-datasets),https://www.transfermarkt.com/-/profil/spieler/59964,
tm:89556,Віталій Федотов,R,transfermarkt (kaggle transfermarkt-datasets),https://www.transfermarkt.com/-/profil/spieler/89556,
tm:530696,Іраклі Азарові,L,transfermarkt (kaggle transfermarkt-datasets),https://www.transfermarkt.com/-/profil/spieler/530696,
tm:330060,Сідклей,L,transfermarkt (kaggle transfermarkt-datasets),https://www.transfermarkt.com/-/profil/spieler/330060,
tm:19721,Горан Попов,L,transfermarkt (kaggle transfermarkt-datasets),https://www.transfermarkt.com/-/profil/spieler/19721,
tm:58958,Олександр Матвєєв,R,transfermarkt (kaggle transfermarkt-datasets),https://www.transfermarkt.com/-/profil/spieler/58958,
tm:55115,Давид Таргамадзе,B,transfermarkt (kaggle transfermarkt-datasets),https://www.transfermarkt.com/-/profil/spieler/55115,
tm:114658,Сергій Воронін,L,transfermarkt (kaggle transfermarkt-datasets),https://www.transfermarkt.com/-/profil/spieler/114658,
tm:935039,Мар'ян Фарина,L,transfermarkt (kaggle transfermarkt-datasets),https://www.transfermarkt.com/-/profil/spieler/935039,
tm:540056,Георгій Гочолейшвілі,R,transfermarkt (kaggle transfermarkt-datasets),https://www.transfermarkt.com/-/profil/spieler/540056,
tm:569805,Маркіньйос Сіпріано,L,transfermarkt (kaggle transfermarkt-datasets),https://www.transfermarkt.com/-/profil/spieler/569805,
tm:45826,Йосип Піварич,L,transfermarkt (kaggle transfermarkt-datasets),https://www.transfermarkt.com/-/profil/spieler/45826,
tm:606952,Жуніньйо,L,transfermarkt (kaggle transfermarkt-datasets),https://www.transfermarkt.com/-/profil/spieler/606952,
tm:131444,Артем Полярус,R,transfermarkt (kaggle transfermarkt-datasets),https://www.transfermarkt.com/-/profil/spieler/131444,
tm:1038054,Ярослав Кисіль,R,transfermarkt (kaggle transfermarkt-datasets),https://www.transfermarkt.com/-/profil/spieler/1038054,
tm:935095,Навін Малиш,R,transfermarkt (kaggle transfermarkt-datasets),https://www.transfermarkt.com/-/profil/spieler/935095,
tm:631819,Даніл Скорко,R,transfermarkt (kaggle transfermarkt-datasets),https://www.transfermarkt.com/-/profil/spieler/631819,
tm:248935,Павло Лук'янчук,R,transfermarkt (kaggle transfermarkt-datasets),https://www.transfermarkt.com/-/profil/spieler/248935,
tm:543493,Наджиб Якубу,R,transfermarkt (kaggle transfermarkt-datasets),https://www.transfermarkt.com/-/profil/spieler/543493,
tm:726038,Віталій Роман,R,transfermarkt (kaggle transfermarkt-datasets),https://www.transfermarkt.com/-/profil/spieler/726038,
tm:204040,Александру Влад,L,transfermarkt (kaggle transfermarkt-datasets),https://www.transfermarkt.com/-/profil/spieler/204040,
tm:719652,Олександр Мартинюк,L,transfermarkt (kaggle transfermarkt-datasets),https://www.transfermarkt.com/-/profil/spieler/719652,
tm:28964,Саулюс Міколюнас,B,transfermarkt (kaggle transfermarkt-datasets),https://www.transfermarkt.com/-/profil/spieler/28964,
tm:208469,Володимир Костевич,L,transfermarkt (kaggle transfermarkt-datasets),https://www.transfermarkt.com/-/profil/spieler/208469,
tm:206054,Павло Мягков,L,transfermarkt (kaggle transfermarkt-datasets),https://www.transfermarkt.com/-/profil/spieler/206054,
tm:951439,Максим Сміян,L,transfermarkt (kaggle transfermarkt-datasets),https://www.transfermarkt.com/-/profil/spieler/951439,
tm:887142,Іван Нестеренко,R,transfermarkt (kaggle transfermarkt-datasets),https://www.transfermarkt.com/-/profil/spieler/887142,
tm:962090,Артем Смоляков,L,transfermarkt (kaggle transfermarkt-datasets),https://www.transfermarkt.com/-/profil/spieler/962090,
tm:24670,Нікола Ігнятієвич,L,transfermarkt (kaggle transfermarkt-datasets),https://www.transfermarkt.com/-/profil/spieler/24670,
tm:567880,Євген Протасов,L,transfermarkt (kaggle transfermarkt-datasets),https://www.transfermarkt.com/-/profil/spieler/567880,
tm:92575,Юрій Габовда,R,transfermarkt (kaggle transfermarkt-datasets),https://www.transfermarkt.com/-/profil/spieler/92575,
tm:156137,Редван Мемешев,B,transfermarkt (kaggle transfermarkt-datasets),https://www.transfermarkt.com/-/profil/spieler/156137,
tm:524031,Олександр Бєляєв,R,transfermarkt (kaggle transfermarkt-datasets),https://www.transfermarkt.com/-/profil/spieler/524031,
tm:59136,Максим Жичиков,R,transfermarkt (kaggle transfermarkt-datasets),https://www.transfermarkt.com/-/profil/spieler/59136,
tm:58002,Володимир Федорів,R,transfermarkt (kaggle transfermarkt-datasets),https://www.transfermarkt.com/-/profil/spieler/58002,
tm:202840,Максим Драченко,R,transfermarkt (kaggle transfermarkt-datasets),https://www.transfermarkt.com/-/profil/spieler/202840,
tm:106632,Санжар Турсунов,B,transfermarkt (kaggle transfermarkt-datasets),https://www.transfermarkt.com/-/profil/spieler/106632,
tm:520400,Владислав Шарай,L,transfermarkt (kaggle transfermarkt-datasets),https://www.transfermarkt.com/-/profil/spieler/520400,
tm:92640,Андрій Мостовий,L,transfermarkt (kaggle transfermarkt-datasets),https://www.transfermarkt.com/-/profil/spieler/92640,
tm:461666,Максим Мельничук,L,transfermarkt (kaggle transfermarkt-datasets),https://www.transfermarkt.com/-/profil/spieler/461666,
tm:525576,Бандейра,R,transfermarkt (kaggle transfermarkt-datasets),https://www.transfermarkt.com/-/profil/spieler/525576,
tm:428380,Юрій Романюк,R,transfermarkt (kaggle transfermarkt-datasets),https://www.transfermarkt.com/-/profil/spieler/428380,
tm:90768,Ярослав Олійник,R,transfermarkt (kaggle transfermarkt-datasets),https://www.transfermarkt.com/-/profil/spieler/90768,
tm:51232,Данило,R,transfermarkt (kaggle transfermarkt-datasets),https://www.transfermarkt.com/-/profil/spieler/51232,
tm:297752,Микола Золотов,R,transfermarkt (kaggle transfermarkt-datasets),https://www.transfermarkt.com/-/profil/spieler/297752,
tm:202659,Андрейс Циганікс,L,transfermarkt (kaggle transfermarkt-datasets),https://www.transfermarkt.com/-/profil/spieler/202659,
tm:155275,Андрій Слінкін,L,transfermarkt (kaggle transfermarkt-datasets),https://www.transfermarkt.com/-/profil/spieler/155275,
tm:76071,Леандро,L,transfermarkt (kaggle transfermarkt-datasets),https://www.transfermarkt.com/-/profil/spieler/76071,
tm:520517,Михаіл Гечев,B,transfermarkt (kaggle transfermarkt-datasets),https://www.transfermarkt.com/-/profil/spieler/520517,
tm:134761,Олександр Волков,R,transfermarkt (kaggle transfermarkt-datasets),https://www.transfermarkt.com/-/profil/spieler/134761,
tm:339844,Зураб Очігава,L,transfermarkt (kaggle transfermarkt-datasets),https://www.transfermarkt.com/-/profil/spieler/339844,
tm:688714,Віталій Дахновський,R,transfermarkt (kaggle transfermarkt-datasets),https://www.transfermarkt.com/-/profil/spieler/688714,
tm:269365,Олексій Зозуля,R,transfermarkt (kaggle transfermarkt-datasets),https://www.transfermarkt.com/-/profil/spieler/269365,
tm:54031,Андерсон Піко,B,transfermarkt (kaggle transfermarkt-datasets),https://www.transfermarkt.com/-/profil/spieler/54031,
tm:743587,Вінісіус Тобіас,R,transfermarkt (kaggle transfermarkt-datasets),https://www.transfermarkt.com/-/profil/spieler/743587,
tm:264646,Олександр Осман,L,transfermarkt (kaggle transfermarkt-datasets),https://www.transfermarkt.com/-/profil/spieler/264646,
tm:375955,Єгор Клименчук,L,transfermarkt (kaggle transfermarkt-datasets),https://www.transfermarkt.com/-/profil/spieler/375955,
tm:888342,Георгій Майсурадзе,R,transfermarkt (kaggle transfermarkt-datasets),https://www.transfermarkt.com/-/profil/spieler/888342,
tm:325420,Богдан Мишенко,R,transfermarkt (kaggle transfermarkt-datasets),https://www.transfermarkt.com/-/profil/spieler/325420,
tm:72899,Олександр Ситник,R,transfermarkt (kaggle transfermarkt-datasets),https://www.transfermarkt.com/-/profil/spieler/72899,
tm:524965,Андрій Бусько,R,transfermarkt (kaggle transfermarkt-datasets),https://www.transfermarkt.com/-/profil/spieler/524965,
tm:230409,Євген Неплях,L,transfermarkt (kaggle transfermarkt-datasets),https://www.transfermarkt.com/-/profil/spieler/230409,
tm:322952,Роман Никитюк,R,transfermarkt (kaggle transfermarkt-datasets),https://www.transfermarkt.com/-/profil/spieler/322952,
tm:211314,Денис Барвінко,L,transfermarkt (kaggle transfermarkt-datasets),https://www.transfermarkt.com/-/profil/spieler/211314,
tm:85973,Андрій Гринченко,L,transfermarkt (kaggle transfermarkt-datasets),https://www.transfermarkt.com/-/profil/spieler/85973,
tm:343622,Петро Стасюк,B,transfermarkt (kaggle transfermarkt-datasets),https://www.transfermarkt.com/-/profil/spieler/343622,
tm:492354,Денис Норенков,L,transfermarkt (kaggle transfermarkt-datasets),https://www.transfermarkt.com/-/profil/spieler/492354,
tm:398675,Микола Квасний,L,transfermarkt (kaggle transfermarkt-datasets),https://www.transfermarkt.com/-/profil/spieler/398675,
tm:166563,Денис Балан,R,transfermarkt (kaggle transfermarkt-datasets),https://www.transfermarkt.com/-/profil/spieler/166563,
tm:271228,Іван Цюпа,L,transfermarkt (kaggle transfermarkt-datasets),https://www.transfermarkt.com/-/profil/spieler/271228,
tm:201625,Ігор Гончар,R,transfermarkt (kaggle transfermarkt-datasets),https://www.transfermarkt.com/-/profil/spieler/201625,
tm:288856,Олександр Мігунов,L,transfermarkt (kaggle transfermarkt-datasets),https://www.transfermarkt.com/-/profil/spieler/288856,
tm:396402,Володимир Якимець,R,transfermarkt (kaggle transfermarkt-datasets),https://www.transfermarkt.com/-/profil/spieler/396402,
tm:147998,Флорентін Матей,R,transfermarkt (kaggle transfermarkt-datasets),https://www.transfermarkt.com/-/profil/spieler/147998,
tm:64104,Саша Балич,L,transfermarkt (kaggle transfermarkt-datasets),https://www.transfermarkt.com/-/profil/spieler/64104,
tm:226014,Сергій Ченбай,L,transfermarkt (kaggle transfermarkt-datasets),https://www.transfermarkt.com/-/profil/spieler/226014,
tm:267396,Ігор Калінін,L,transfermarkt (kaggle transfermarkt-datasets),https://www.transfermarkt.com/-/profil/spieler/267396,
tm:522327,Роман Гагун,R,transfermarkt (kaggle transfermarkt-datasets),https://www.transfermarkt.com/-/profil/spieler/522327,
tm:491264,Сергій Суханов,R,transfermarkt (kaggle transfermarkt-datasets),https://www.transfermarkt.com/-/profil/spieler/491264,
tm:92845,Андрій Сахневич,R,transfermarkt (kaggle transfermarkt-datasets),https://www.transfermarkt.com/-/profil/spieler/92845,
tm:42622,Леандро,B,transfermarkt (kaggle transfermarkt-datasets),https://www.transfermarkt.com/-/profil/spieler/42622,
tm:930106,Володимир Салюк,R,transfermarkt (kaggle transfermarkt-datasets),https://www.transfermarkt.com/-/profil/spieler/930106,
tm:91259,Юрій Штурко,R,transfermarkt (kaggle transfermarkt-datasets),https://www.transfermarkt.com/-/profil/spieler/91259,
tm:1159925,Сергій Корнійчук,L,transfermarkt (kaggle transfermarkt-datasets),https://www.transfermarkt.com/-/profil/spieler/1159925,
tm:524964,Орест Лебеденко,L,transfermarkt (kaggle transfermarkt-datasets),https://www.transfermarkt.com/-/profil/spieler/524964,
tm:43264,Бенуа Тремулінас,L,transfermarkt (kaggle transfermarkt-datasets),https://www.transfermarkt.com/-/profil/spieler/43264,
tm:104351,Рамон Лопес,L,transfermarkt (kaggle transfermarkt-datasets),https://www.transfermarkt.com/-/profil/spieler/104351,
tm:213984,Тарас Завійський,B,transfermarkt (kaggle transfermarkt-datasets),https://www.transfermarkt.com/-/profil/spieler/213984,
tm:795280,Тимур Кораблін,L,transfermarkt (kaggle transfermarkt-datasets),https://www.transfermarkt.com/-/profil/spieler/795280,
tm:70919,Володимир Бідловський,L,transfermarkt (kaggle transfermarkt-datasets),https://www.transfermarkt.com/-/profil/spieler/70919,
tm:26200,Крісті Вангелі,B,transfermarkt (kaggle transfermarkt-datasets),https://www.transfermarkt.com/-/profil/spieler/26200,
tm:37301,Велі Лампі,R,transfermarkt (kaggle transfermarkt-datasets),https://www.transfermarkt.com/-/profil/spieler/37301,
tm:708242,Андрій Булеза,L,transfermarkt (kaggle transfermarkt-datasets),https://www.transfermarkt.com/-/profil/spieler/708242,
tm:107274,Сергій Чеботаєв,R,transfermarkt (kaggle transfermarkt-datasets),https://www.transfermarkt.com/-/profil/spieler/107274,
tm:116302,Едгар Малакян,R,transfermarkt (kaggle transfermarkt-datasets),https://www.transfermarkt.com/-/profil/spieler/116302,
tm:597290,Анді Хадрой,R,transfermarkt (kaggle transfermarkt-datasets),https://www.transfermarkt.com/-/profil/spieler/597290,
tm:271635,Дмитро Фатєєв,R,transfermarkt (kaggle transfermarkt-datasets),https://www.transfermarkt.com/-/profil/spieler/271635,
tm:91377,Дмитро Трухін,L,transfermarkt (kaggle transfermarkt-datasets),https://www.transfermarkt.com/-/profil/spieler/91377,
tm:332132,Валерій Рогозинський,L,transfermarkt (kaggle transfermarkt-datasets),https://www.transfermarkt.com/-/profil/spieler/332132,
tm:91571,Дмитро Леонов,R,transfermarkt (kaggle transfermarkt-datasets),https://www.transfermarkt.com/-/profil/spieler/91571,
tm:288857,Дмитро Нагієв,R,transfermarkt (kaggle transfermarkt-datasets),https://www.transfermarkt.com/-/profil/spieler/288857,
tm:62180,Галь Шиш,L,transfermarkt (kaggle transfermarkt-datasets),https://www.transfermarkt.com/-/profil/spieler/62180,
tm:89427,Євген Пічкур,L,transfermarkt (kaggle transfermarkt-datasets),https://www.transfermarkt.com/-/profil/spieler/89427,
tm:90255,Франтішек Кубік,L,transfermarkt (kaggle transfermarkt-datasets),https://www.transfermarkt.com/-/profil/spieler/90255,
tm:363740,Євген Шевченко,L,transfermarkt (kaggle transfermarkt-datasets),https://www.transfermarkt.com/-/profil/spieler/363740,
tm:718408,Дмитро Капінус,R,transfermarkt (kaggle transfermarkt-datasets),https://www.transfermarkt.com/-/profil/spieler/718408,
tm:130907,Євген Зарічнюк,L,transfermarkt (kaggle transfermarkt-datasets),https://www.transfermarkt.com/-/profil/spieler/130907,
tm:776033,Андрій Кітела,R,transfermarkt (kaggle transfermarkt-datasets),https://www.transfermarkt.com/-/profil/spieler/776033,
tm:794617,Ян Костенко,R,transfermarkt (kaggle transfermarkt-datasets),https://www.transfermarkt.com/-/profil/spieler/794617,
tm:203851,Євген Трояновський,L,transfermarkt (kaggle transfermarkt-datasets),https://www.transfermarkt.com/-/profil/spieler/203851,
tm:166580,Іван Трубочкін,R,transfermarkt (kaggle transfermarkt-datasets),https://www.transfermarkt.com/-/profil/spieler/166580,
tm:123216,Дмитро Рижук,R,transfermarkt (kaggle transfermarkt-datasets),https://www.transfermarkt.com/-/profil/spieler/123216,
tm:672616,Ян Юрчец,R,transfermarkt (kaggle transfermarkt-datasets),https://www.transfermarkt.com/-/profil/spieler/672616,
tm:320861,Матія Ром,R,transfermarkt (kaggle transfermarkt-datasets),https://www.transfermarkt.com/-/profil/spieler/320861,
tm:461595,Тео Ндіка,L,transfermarkt (kaggle transfermarkt-datasets),https://www.transfermarkt.com/-/profil/spieler/461595,
tm:85964,Андерсон Мінейро,L,transfermarkt (kaggle transfermarkt-datasets),https://www.transfermarkt.com/-/profil/spieler/85964,
tm:819493,Ельдар Кулієв,R,transfermarkt (kaggle transfermarkt-datasets),https://www.transfermarkt.com/-/profil/spieler/819493,
tm:383229,Микола Мусолітін,R,transfermarkt (kaggle transfermarkt-datasets),https://www.transfermarkt.com/-/profil/spieler/383229,
tm:1052373,Артур Шах,R,transfermarkt (kaggle transfermarkt-datasets),https://www.transfermarkt.com/-/profil/spieler/1052373,
tm:537538,Єгор Прокопенко,L,transfermarkt (kaggle transfermarkt-datasets),https://www.transfermarkt.com/-/profil/spieler/537538,
tm:882224,Ілля Ухань,R,transfermarkt (kaggle transfermarkt-datasets),https://www.transfermarkt.com/-/profil/spieler/882224,
tm:1293294,Олександр Каменський,R,transfermarkt (kaggle transfermarkt-datasets),https://www.transfermarkt.com/-/profil/spieler/1293294,
tm:376227,Денис Галенков,R,transfermarkt (kaggle transfermarkt-datasets),https://www.transfermarkt.com/-/profil/spieler/376227,
tm:629567,Яніс Амаш,L,transfermarkt (kaggle transfermarkt-datasets),https://www.transfermarkt.com/-/profil/spieler/629567,
tm:935053,Микола Огарков,L,transfermarkt (kaggle transfermarkt-datasets),https://www.transfermarkt.com/-/profil/spieler/935053,
tm:721512,Микита Кононов,R,transfermarkt (kaggle transfermarkt-datasets),https://www.transfermarkt.com/-/profil/spieler/721512,
tm:1263365,Єгор Поправка,R,transfermarkt (kaggle transfermarkt-datasets),https://www.transfermarkt.com/-/profil/spieler/1263365,
tm:278857,Дмитро Задерецький,L,transfermarkt (kaggle transfermarkt-datasets),https://www.transfermarkt.com/-/profil/spieler/278857,
tm:343489,Бесір Демірі,L,transfermarkt (kaggle transfermarkt-datasets),https://www.transfermarkt.com/-/profil/spieler/343489,
tm:44411,Фініньйо,L,transfermarkt (kaggle transfermarkt-datasets),https://www.transfermarkt.com/-/profil/spieler/44411,
tm:296780,Антон Котляр,R,transfermarkt (kaggle transfermarkt-datasets),https://www.transfermarkt.com/-/profil/spieler/296780,
tm:49985,Іван Томечак,R,transfermarkt (kaggle transfermarkt-datasets),https://www.transfermarkt.com/-/profil/spieler/49985,
tm:193812,Сергій Гаращенков,R,transfermarkt (kaggle transfermarkt-datasets),https://www.transfermarkt.com/-/profil/spieler/193812,
tm:389942,Хайнер,R,transfermarkt (kaggle transfermarkt-datasets),https://www.transfermarkt.com/-/profil/spieler/389942,
tm:227199,Ігор Солдат,R,transfermarkt (kaggle transfermarkt-datasets),https://www.transfermarkt.com/-/profil/spieler/227199,
tm:467244,Кирило Меліченко,R,transfermarkt (kaggle transfermarkt-datasets),https://www.transfermarkt.com/-/profil/spieler/467244,
tm:130264,Юрій Бушман,L,transfermarkt (kaggle transfermarkt-datasets),https://www.transfermarkt.com/-/profil/spieler/130264,
tm:436833,Феліпе Родрігес,R,transfermarkt (kaggle transfermarkt-datasets),https://www.transfermarkt.com/-/profil/spieler/436833,
tm:28922,Тайє Тайво,L,transfermarkt (kaggle transfermarkt-datasets),https://www.transfermarkt.com/-/profil/spieler/28922,
tm:560110,Іван Коваленко,L,transfermarkt (kaggle transfermarkt-datasets),https://www.transfermarkt.com/-/profil/spieler/560110,
tm:130040,Олександр Голіков,R,transfermarkt (kaggle transfermarkt-datasets),https://www.transfermarkt.com/-/profil/spieler/130040,
tm:268273,Рональд Матарріта,L,transfermarkt (kaggle transfermarkt-datasets),https://www.transfermarkt.com/-/profil/spieler/268273,
tm:698742,Бузанелло,L,transfermarkt (kaggle transfermarkt-datasets),https://www.transfermarkt.com/-/profil/spieler/698742,
tm:471638,Еміліано Пуріта,R,transfermarkt (kaggle transfermarkt-datasets),https://www.transfermarkt.com/-/profil/spieler/471638,
tm:331460,Іван Сондей,R,transfermarkt (kaggle transfermarkt-datasets),https://www.transfermarkt.com/-/profil/spieler/331460,
tm:765401,Назарій Воробчак,R,transfermarkt (kaggle transfermarkt-datasets),https://www.transfermarkt.com/-/profil/spieler/765401,
tm:289282,Роман Попов,R,transfermarkt (kaggle transfermarkt-datasets),https://www.transfermarkt.com/-/profil/spieler/289282,
tm:935107,Михайло Протасевич,R,transfermarkt (kaggle transfermarkt-datasets),https://www.transfermarkt.com/-/profil/spieler/935107,
tm:461654,Тарас Дмитрук,R,transfermarkt (kaggle transfermarkt-datasets),https://www.transfermarkt.com/-/profil/spieler/461654,
tm:412615,Георгій Куція,R,transfermarkt (kaggle transfermarkt-datasets),https://www.transfermarkt.com/-/profil/spieler/412615,
tm:955349,Олексій Гусєв,R,transfermarkt (kaggle transfermarkt-datasets),https://www.transfermarkt.com/-/profil/spieler/955349,
tm:296903,Артур,L,transfermarkt (kaggle transfermarkt-datasets),https://www.transfermarkt.com/-/profil/spieler/296903,
tm:17228,Панайотіс Лагос,L,transfermarkt (kaggle transfermarkt-datasets),https://www.transfermarkt.com/-/profil/spieler/17228,
tm:97576,Роман Кунєв,R,transfermarkt (kaggle transfermarkt-datasets),https://www.transfermarkt.com/-/profil/spieler/97576,
tm:553056,Вадим Янчак,R,transfermarkt (kaggle transfermarkt-datasets),https://www.transfermarkt.com/-/profil/spieler/553056,
tm:1074045,Максим Коробов,R,transfermarkt (kaggle transfermarkt-datasets),https://www.transfermarkt.com/-/profil/spieler/1074045,
tm:347270,Максим Гречкін,L,transfermarkt (kaggle transfermarkt-datasets),https://www.transfermarkt.com/-/profil/spieler/347270,
tm:522058,Василь Гакман,R,transfermarkt (kaggle transfermarkt-datasets),https://www.transfermarkt.com/-/profil/spieler/522058,
tm:870185,Сімон Галоян,R,transfermarkt (kaggle transfermarkt-datasets),https://www.transfermarkt.com/-/profil/spieler/870185,
tm:370998,Бартол Франьїч,L,transfermarkt (kaggle transfermarkt-datasets),https://www.transfermarkt.com/-/profil/spieler/370998,
tm:177267,Ілля Коваленко,R,transfermarkt (kaggle transfermarkt-datasets),https://www.transfermarkt.com/-/profil/spieler/177267,
tm:583354,Владислав Сидоренко,R,transfermarkt (kaggle transfermarkt-datasets),https://www.transfermarkt.com/-/profil/spieler/583354,
tm:314571,Володимир Баєнко,R,transfermarkt (kaggle transfermarkt-datasets),https://www.transfermarkt.com/-/profil/spieler/314571,
tm:271513,Віталій Тимофієнко,B,transfermarkt (kaggle transfermarkt-datasets),https://www.transfermarkt.com/-/profil/spieler/271513,
tm:207889,Михайло Писко,L,transfermarkt (kaggle transfermarkt-datasets),https://www.transfermarkt.com/-/profil/spieler/207889,
tm:526365,Гуттінер,L,transfermarkt (kaggle transfermarkt-datasets),https://www.transfermarkt.com/-/profil/spieler/526365,
tm:448869,Андрій Ляшенко,R,transfermarkt (kaggle transfermarkt-datasets),https://www.transfermarkt.com/-/profil/spieler/448869,
tm:272785,Андрій Маркович,R,transfermarkt (kaggle transfermarkt-datasets),https://www.transfermarkt.com/-/profil/spieler/272785,
tm:654393,Вісенте,R,transfermarkt (kaggle transfermarkt-datasets),https://www.transfermarkt.com/-/profil/spieler/654393,
tm:1240255,Олександр Іванов,R,transfermarkt (kaggle transfermarkt-datasets),https://www.transfermarkt.com/-/profil/spieler/1240255,
tm:371318,Петро Переверза,R,transfermarkt (kaggle transfermarkt-datasets),https://www.transfermarkt.com/-/profil/spieler/371318,
tm:899884,Олександр Чернов,R,transfermarkt (kaggle transfermarkt-datasets),https://www.transfermarkt.com/-/profil/spieler/899884,
tm:54419,Ежидіо,L,transfermarkt (kaggle transfermarkt-datasets),https://www.transfermarkt.com/-/profil/spieler/54419,
tm:339323,Хеннос Асмелаш,R,transfermarkt (kaggle transfermarkt-datasets),https://www.transfermarkt.com/-/profil/spieler/339323,
tm:91376,Євген Одинцов,R,transfermarkt (kaggle transfermarkt-datasets),https://www.transfermarkt.com/-/profil/spieler/91376,
tm:27151,Павло Іванов,L,transfermarkt (kaggle transfermarkt-datasets),https://www.transfermarkt.com/-/profil/spieler/27151,
tm:1259753,Арсен Залипка,R,transfermarkt (kaggle transfermarkt-datasets),https://www.transfermarkt.com/-/profil/spieler/1259753,
tm:257817,Дмитро Матвієнко,R,transfermarkt (kaggle transfermarkt-datasets),https://www.transfermarkt.com/-/profil/spieler/257817,
tm:501610,Олексій Луценко,L,transfermarkt (kaggle transfermarkt-datasets),https://www.transfermarkt.com/-/profil/spieler/501610,
tm:401987,Сіака Багайоко,L,transfermarkt (kaggle transfermarkt-datasets),https://www.transfermarkt.com/-/profil/spieler/401987,
tm:702664,Анте Бекавац,L,transfermarkt (kaggle transfermarkt-datasets),https://www.transfermarkt.com/-/profil/spieler/702664,
tm:271514,Дмитро Ульянов,B,transfermarkt (kaggle transfermarkt-datasets),https://www.transfermarkt.com/-/profil/spieler/271514,
tm:524572,Пауло Вітор,R,transfermarkt (kaggle transfermarkt-datasets),https://www.transfermarkt.com/-/profil/spieler/524572,
tm:91722,Антон Голенков,R,transfermarkt (kaggle transfermarkt-datasets),https://www.transfermarkt.com/-/profil/spieler/91722,
tm:113235,Георгій Зотов,R,transfermarkt (kaggle transfermarkt-datasets),https://www.transfermarkt.com/-/profil/spieler/113235,
tm:469685,Жан Тронтель,R,transfermarkt (kaggle transfermarkt-datasets),https://www.transfermarkt.com/-/profil/spieler/469685,
tm:959399,Роман Михайлів,R,transfermarkt (kaggle transfermarkt-datasets),https://www.transfermarkt.com/-/profil/spieler/959399,
tm:419118,Олександр Климець,L,transfermarkt (kaggle transfermarkt-datasets),https://www.transfermarkt.com/-/profil/spieler/419118,
tm:119433,Артак Єдигарян,R,transfermarkt (kaggle transfermarkt-datasets),https://www.transfermarkt.com/-/profil/spieler/119433,
tm:1222645,Тіаго Боржес,L,transfermarkt (kaggle transfermarkt-datasets),https://www.transfermarkt.com/-/profil/spieler/1222645,
tm:567505,Константінос Стамуліс,R,transfermarkt (kaggle transfermarkt-datasets),https://www.transfermarkt.com/-/profil/spieler/567505,
tm:48508,Махач Гаджиєв,B,transfermarkt (kaggle transfermarkt-datasets),https://www.transfermarkt.com/-/profil/spieler/48508,
tm:183943,Габріел Араужо,L,transfermarkt (kaggle transfermarkt-datasets),https://www.transfermarkt.com/-/profil/spieler/183943,
tm:569576,Пепі,L,transfermarkt (kaggle transfermarkt-datasets),https://www.transfermarkt.com/-/profil/spieler/569576,
tm:313741,Бредлі де Нойєр,L,transfermarkt (kaggle transfermarkt-datasets),https://www.transfermarkt.com/-/profil/spieler/313741,
tm:916226,Зураб Рухадзе,L,transfermarkt (kaggle transfermarkt-datasets),https://www.transfermarkt.com/-/profil/spieler/916226,
tm:272776,Максим Банасевич,R,transfermarkt (kaggle transfermarkt-datasets),https://www.transfermarkt.com/-/profil/spieler/272776,
tm:451603,Штефан Вледою,R,transfermarkt (kaggle transfermarkt-datasets),https://www.transfermarkt.com/-/profil/spieler/451603,
tm:791140,Даниїл Семилет,R,transfermarkt (kaggle transfermarkt-datasets),https://www.transfermarkt.com/-/profil/spieler/791140,
tm:97205,Микита Безлихотнов,R,transfermarkt (kaggle transfermarkt-datasets),https://www.transfermarkt.com/-/profil/spieler/97205,
tm:1050249,Денис Шевченко,R,transfermarkt (kaggle transfermarkt-datasets),https://www.transfermarkt.com/-/profil/spieler/1050249,
tm:600003,Дмитро Касімов,L,transfermarkt (kaggle transfermarkt-datasets),https://www.transfermarkt.com/-/profil/spieler/600003,
tm:293108,Руслан Мамутов,R,transfermarkt (kaggle transfermarkt-datasets),https://www.transfermarkt.com/-/profil/spieler/293108,
tm:284608,Ерік Гліха,L,transfermarkt (kaggle transfermarkt-datasets),https://www.transfermarkt.com/-/profil/spieler/284608,
tm:938299,Дем'ян Чубатий,L,transfermarkt (kaggle transfermarkt-datasets),https://www.transfermarkt.com/-/profil/spieler/938299,
tm:425567,Дієго Паласіос,L,transfermarkt (kaggle transfermarkt-datasets),https://www.transfermarkt.com/-/profil/spieler/425567,
tm:141329,Акім Латіфу,R,transfermarkt (kaggle transfermarkt-datasets),https://www.transfermarkt.com/-/profil/spieler/141329,
tm:766706,Станіслав Кристін,L,transfermarkt (kaggle transfermarkt-datasets),https://www.transfermarkt.com/-/profil/spieler/766706,
tm:1115271,Захар Карпус,R,transfermarkt (kaggle transfermarkt-datasets),https://www.transfermarkt.com/-/profil/spieler/1115271,
tm:354640,Хосе Ернандес,L,transfermarkt (kaggle transfermarkt-datasets),https://www.transfermarkt.com/-/profil/spieler/354640,
tm:807731,Артем Мачелюк,R,transfermarkt (kaggle transfermarkt-datasets),https://www.transfermarkt.com/-/profil/spieler/807731,
tm:404844,Тимофій Сухар,R,transfermarkt (kaggle transfermarkt-datasets),https://www.transfermarkt.com/-/profil/spieler/404844,
tm:1291840,Ерік Калинець,L,transfermarkt (kaggle transfermarkt-datasets),https://www.transfermarkt.com/-/profil/spieler/1291840,
tm:623322,Михайло Рудавський,L,transfermarkt (kaggle transfermarkt-datasets),https://www.transfermarkt.com/-/profil/spieler/623322,
tm:319165,Олег Синьогуб,L,transfermarkt (kaggle transfermarkt-datasets),https://www.transfermarkt.com/-/profil/spieler/319165,
tm:36235,Петар Занев,L,transfermarkt (kaggle transfermarkt-datasets),https://www.transfermarkt.com/-/profil/spieler/36235,
tm:45353,Воллес,L,transfermarkt (kaggle transfermarkt-datasets),https://www.transfermarkt.com/-/profil/spieler/45353,
tm:842904,Сергій Заєць,R,transfermarkt (kaggle transfermarkt-datasets),https://www.transfermarkt.com/-/profil/spieler/842904,
tm:857859,Владислав Кристін,R,transfermarkt (kaggle transfermarkt-datasets),https://www.transfermarkt.com/-/profil/spieler/857859,
tm:726013,Гліб Савчук,R,transfermarkt (kaggle transfermarkt-datasets),https://www.transfermarkt.com/-/profil/spieler/726013,
tm:313504,Марвін Мартінс,R,transfermarkt (kaggle transfermarkt-datasets),https://www.transfermarkt.com/-/profil/spieler/313504,
tm:51141,Александар Лазевскі,L,transfermarkt (kaggle transfermarkt-datasets),https://www.transfermarkt.com/-/profil/spieler/51141,
tm:322915,Юрій Павлик,R,transfermarkt (kaggle transfermarkt-datasets),https://www.transfermarkt.com/-/profil/spieler/322915,
tm:187115,Вахтанг Чантурішвілі,L,transfermarkt (kaggle transfermarkt-datasets),https://www.transfermarkt.com/-/profil/spieler/187115,
tm:662418,Сідней,L,transfermarkt (kaggle transfermarkt-datasets),https://www.transfermarkt.com/-/profil/spieler/662418,
tm:949337,Гільєрме Сміт,R,transfermarkt (kaggle transfermarkt-datasets),https://www.transfermarkt.com/-/profil/spieler/949337,
tm:1244435,Єгор Капустян,R,transfermarkt (kaggle transfermarkt-datasets),https://www.transfermarkt.com/-/profil/spieler/1244435,
tm:1038055,Назар Байрук,L,transfermarkt (kaggle transfermarkt-datasets),https://www.transfermarkt.com/-/profil/spieler/1038055,
tm:1028757,Артем Долбнєв,R,transfermarkt (kaggle transfermarkt-datasets),https://www.transfermarkt.com/-/profil/spieler/1028757,
tm:1244434,Євген Писаренко,R,transfermarkt (kaggle transfermarkt-datasets),https://www.transfermarkt.com/-/profil/spieler/1244434,
tm:58883,Айтор Фернандес,R,transfermarkt (kaggle transfermarkt-datasets),https://www.transfermarkt.com/-/profil/spieler/58883,
tm:192192,Арман Ованнісян,L,transfermarkt (kaggle transfermarkt-datasets),https://www.transfermarkt.com/-/profil/spieler/192192,
tm:577844,Олег Соколов,R,transfermarkt (kaggle transfermarkt-datasets),https://www.transfermarkt.com/-/profil/spieler/577844,
tm:373941,Жоель Бопесу,L,transfermarkt (kaggle transfermarkt-datasets),https://www.transfermarkt.com/-/profil/spieler/373941,
tm:383294,Євген Єфремов,R,transfermarkt (kaggle transfermarkt-datasets),https://www.transfermarkt.com/-/profil/spieler/383294,
tm:672802,В'ячеслав Велєв,L,transfermarkt (kaggle transfermarkt-datasets),https://www.transfermarkt.com/-/profil/spieler/672802,
tm:426011,Микола Когут,L,transfermarkt (kaggle transfermarkt-datasets),https://www.transfermarkt.com/-/profil/spieler/426011,
tm:1153473,Крістіан Свистун,R,transfermarkt (kaggle transfermarkt-datasets),https://www.transfermarkt.com/-/profil/spieler/1153473,
tm:1293579,Дмитро Матківський,L,transfermarkt (kaggle transfermarkt-datasets),https://www.transfermarkt.com/-/profil/spieler/1293579,
tm:702562,Ернест Астахов,R,transfermarkt (kaggle transfermarkt-datasets),https://www.transfermarkt.com/-/profil/spieler/702562,
tm:162783,Володимир Заставний,R,transfermarkt (kaggle transfermarkt-datasets),https://www.transfermarkt.com/-/profil/spieler/162783,
tm:570538,Інал Черткоєв,R,transfermarkt (kaggle transfermarkt-datasets),https://www.transfermarkt.com/-/profil/spieler/570538,
tm:427668,Ігор Бойчук,L,transfermarkt (kaggle transfermarkt-datasets),https://www.transfermarkt.com/-/profil/spieler/427668,
tm:426008,Іван Когут,R,transfermarkt (kaggle transfermarkt-datasets),https://www.transfermarkt.com/-/profil/spieler/426008,
tm:432094,Шеммі Маємбе,R,transfermarkt (kaggle transfermarkt-datasets),https://www.transfermarkt.com/-/profil/spieler/432094,
tm:1293592,Давид Благодарний,R,transfermarkt (kaggle transfermarkt-datasets),https://www.transfermarkt.com/-/profil/spieler/1293592,
tm:373251,Владислав Щетінін,R,transfermarkt (kaggle transfermarkt-datasets),https://www.transfermarkt.com/-/profil/spieler/373251,
tm:354326,Навід Насімі,L,transfermarkt (kaggle transfermarkt-datasets),https://www.transfermarkt.com/-/profil/spieler/354326,
tm:938681,Віталій Дубілей,R,transfermarkt (kaggle transfermarkt-datasets),https://www.transfermarkt.com/-/profil/spieler/938681,
tm:728381,Владислав Бондар,L,transfermarkt (kaggle transfermarkt-datasets),https://www.transfermarkt.com/-/profil/spieler/728381,
tm:623321,Кирило Романюк,R,transfermarkt (kaggle transfermarkt-datasets),https://www.transfermarkt.com/-/profil/spieler/623321,
tm:1125319,Максим Вадовський,L,transfermarkt (kaggle transfermarkt-datasets),https://www.transfermarkt.com/-/profil/spieler/1125319,
tm:201628,Олексій Майданевич,R,transfermarkt (kaggle transfermarkt-datasets),https://www.transfermarkt.com/-/profil/spieler/201628,
tm:817885,Олег Осипенко,L,transfermarkt (kaggle transfermarkt-datasets),https://www.transfermarkt.com/-/profil/spieler/817885,
tm:1065123,Віталій Катрич,L,transfermarkt (kaggle transfermarkt-datasets),https://www.transfermarkt.com/-/profil/spieler/1065123,
tm:121188,Антон Крамар,R,transfermarkt (kaggle transfermarkt-datasets),https://www.transfermarkt.com/-/profil/spieler/121188,
tm:415859,Матеус Мендес,L,transfermarkt (kaggle transfermarkt-datasets),https://www.transfermarkt.com/-/profil/spieler/415859,
tm:220807,Сергій Семенюк,R,transfermarkt (kaggle transfermarkt-datasets),https://www.transfermarkt.com/-/profil/spieler/220807,
tm:1091519,Кайо Гомес,R,transfermarkt (kaggle transfermarkt-datasets),https://www.transfermarkt.com/-/profil/spieler/1091519,
tm:1183905,Даниїл Власюк,L,transfermarkt (kaggle transfermarkt-datasets),https://www.transfermarkt.com/-/profil/spieler/1183905,
tm:48206,Нуну Пінту,L,transfermarkt (kaggle transfermarkt-datasets),https://www.transfermarkt.com/-/profil/spieler/48206,
tm:272903,Владислав Гевлич,R,transfermarkt (kaggle transfermarkt-datasets),https://www.transfermarkt.com/-/profil/spieler/272903,
tm:1263950,Ростислав Лящук,R,transfermarkt (kaggle transfermarkt-datasets),https://www.transfermarkt.com/-/profil/spieler/1263950,
tm:923514,Віталій Фарасеєнко,L,transfermarkt (kaggle transfermarkt-datasets),https://www.transfermarkt.com/-/profil/spieler/923514,
tm:379714,Роберто Корраль,L,transfermarkt (kaggle transfermarkt-datasets),https://www.transfermarkt.com/-/profil/spieler/379714,
tm:323664,Тарас Червонецький,L,transfermarkt (kaggle transfermarkt-datasets),https://www.transfermarkt.com/-/profil/spieler/323664,
tm:717196,Артем Бенедюк,R,transfermarkt (kaggle transfermarkt-datasets),https://www.transfermarkt.com/-/profil/spieler/717196,
tm:771917,Максим Комарець,L,transfermarkt (kaggle transfermarkt-datasets),https://www.transfermarkt.com/-/profil/spieler/771917,
tm:814454,Самуел,R,transfermarkt (kaggle transfermarkt-datasets),https://www.transfermarkt.com/-/profil/spieler/814454,
tm:844358,Сергій Топчій,L,transfermarkt (kaggle transfermarkt-datasets),https://www.transfermarkt.com/-/profil/spieler/844358,
tm:1346771,Володимир Ясінський,R,transfermarkt (kaggle transfermarkt-datasets),https://www.transfermarkt.com/-/profil/spieler/1346771,
tm:228846,Юрій Соломка,R,transfermarkt (kaggle transfermarkt-datasets),https://www.transfermarkt.com/-/profil/spieler/228846,
tm:483451,Бруніньйо,R,transfermarkt (kaggle transfermarkt-datasets),https://www.transfermarkt.com/-/profil/spieler/483451,
tm:435214,Джонатан,R,transfermarkt (kaggle transfermarkt-datasets),https://www.transfermarkt.com/-/profil/spieler/435214,
tm:521844,Кирило Костенко,R,transfermarkt (kaggle transfermarkt-datasets),https://www.transfermarkt.com/-/profil/spieler/521844,
tm:1082832,Раян Карлос,L,transfermarkt (kaggle transfermarkt-datasets),https://www.transfermarkt.com/-/profil/spieler/1082832,
tm:381299,Ігор Коцюмака,L,transfermarkt (kaggle transfermarkt-datasets),https://www.transfermarkt.com/-/profil/spieler/381299,
tm:581011,Микола Бужин,R,transfermarkt (kaggle transfermarkt-datasets),https://www.transfermarkt.com/-/profil/spieler/581011,
tm:381812,Назар Маліновський,R,transfermarkt (kaggle transfermarkt-datasets),https://www.transfermarkt.com/-/profil/spieler/381812,
tm:213424,Олександр Дударенко,L,transfermarkt (kaggle transfermarkt-datasets),https://www.transfermarkt.com/-/profil/spieler/213424,
tm:321947,Андрій Савенков,R,transfermarkt (kaggle transfermarkt-datasets),https://www.transfermarkt.com/-/profil/spieler/321947,
tm:307308,Володимир Шопін,B,transfermarkt (kaggle transfermarkt-datasets),https://www.transfermarkt.com/-/profil/spieler/307308,
tm:271435,Роберт Мольнар,B,transfermarkt (kaggle transfermarkt-datasets),https://www.transfermarkt.com/-/profil/spieler/271435,
tm:724428,Ула Траоре,L,transfermarkt (kaggle transfermarkt-datasets),https://www.transfermarkt.com/-/profil/spieler/724428,
tm:295619,Євген Немтінов,R,transfermarkt (kaggle transfermarkt-datasets),https://www.transfermarkt.com/-/profil/spieler/295619,
tm:184930,Мохаммед Алію,L,transfermarkt (kaggle transfermarkt-datasets),https://www.transfermarkt.com/-/profil/spieler/184930,
tm:58928,Юрій Бровченко,L,transfermarkt (kaggle transfermarkt-datasets),https://www.transfermarkt.com/-/profil/spieler/58928,
tm:521842,Микола Павлюк,L,transfermarkt (kaggle transfermarkt-datasets),https://www.transfermarkt.com/-/profil/spieler/521842,
tm:567756,Еберт,L,transfermarkt (kaggle transfermarkt-datasets),https://www.transfermarkt.com/-/profil/spieler/567756,
tm:1120127,Кирило Влага,R,transfermarkt (kaggle transfermarkt-datasets),https://www.transfermarkt.com/-/profil/spieler/1120127,
tm:1401728,Максим Нанашко,R,transfermarkt (kaggle transfermarkt-datasets),https://www.transfermarkt.com/-/profil/spieler/1401728,
tm:1291839,Юрій Мужиловський,R,transfermarkt (kaggle transfermarkt-datasets),https://www.transfermarkt.com/-/profil/spieler/1291839,
tm:529543,Марко Ніколич,R,transfermarkt (kaggle transfermarkt-datasets),https://www.transfermarkt.com/-/profil/spieler/529543,
tm:1140587,Даніїл Приходько,R,transfermarkt (kaggle transfermarkt-datasets),https://www.transfermarkt.com/-/profil/spieler/1140587,
tm:1075339,Владислав Мендрук,R,transfermarkt (kaggle transfermarkt-datasets),https://www.transfermarkt.com/-/profil/spieler/1075339,
tm:330122,Вадим Семчук,R,transfermarkt (kaggle transfermarkt-datasets),https://www.transfermarkt.com/-/profil/spieler/330122,
tm:470830,Роман Слива,L,transfermarkt (kaggle transfermarkt-datasets),https://www.transfermarkt.com/-/profil/spieler/470830,
tm:382527,Віктор Гей,R,transfermarkt (kaggle transfermarkt-datasets),https://www.transfermarkt.com/-/profil/spieler/382527,
tm:1154991,Владислав Чабан,R,transfermarkt (kaggle transfermarkt-datasets),https://www.transfermarkt.com/-/profil/spieler/1154991,
tm:863203,Владислав Чушенко,L,transfermarkt (kaggle transfermarkt-datasets),https://www.transfermarkt.com/-/profil/spieler/863203,
tm:483717,Роман Шандрук,L,transfermarkt (kaggle transfermarkt-datasets),https://www.transfermarkt.com/-/profil/spieler/483717,
tm:406776,Дмитро Гапончук,L,transfermarkt (kaggle transfermarkt-datasets),https://www.transfermarkt.com/-/profil/spieler/406776,
tm:9798,Максим Шацьких,R,transfermarkt (kaggle transfermarkt-datasets),https://www.transfermarkt.com/-/profil/spieler/9798,
tm:69015,Андрій Ярмоленко,L,transfermarkt (kaggle transfermarkt-datasets),https://www.transfermarkt.com/-/profil/spieler/69015,
tm:76028,Тайсон,R,transfermarkt (kaggle transfermarkt-datasets),https://www.transfermarkt.com/-/profil/spieler/76028,
tm:9796,Олександр Алієв,B,transfermarkt (kaggle transfermarkt-datasets),https://www.transfermarkt.com/-/profil/spieler/9796,
tm:36238,Руслан Фомін,R,transfermarkt (kaggle transfermarkt-datasets),https://www.transfermarkt.com/-/profil/spieler/36238,
tm:58413,Володимир Лисенко,L,transfermarkt (kaggle transfermarkt-datasets),https://www.transfermarkt.com/-/profil/spieler/58413,
tm:58949,Євгеній Коноплянка,R,transfermarkt (kaggle transfermarkt-datasets),https://www.transfermarkt.com/-/profil/spieler/58949,
tm:277777,Андрій Тотовицький,R,transfermarkt (kaggle transfermarkt-datasets),https://www.transfermarkt.com/-/profil/spieler/277777,
tm:52787,Дентіньйо,R,transfermarkt (kaggle transfermarkt-datasets),https://www.transfermarkt.com/-/profil/spieler/52787,
tm:57895,Денис Олійник,B,transfermarkt (kaggle transfermarkt-datasets),https://www.transfermarkt.com/-/profil/spieler/57895,
tm:70767,Роман Зозуля,R,transfermarkt (kaggle transfermarkt-datasets),https://www.transfermarkt.com/-/profil/spieler/70767,
tm:43332,Олександр Ковпак,R,transfermarkt (kaggle transfermarkt-datasets),https://www.transfermarkt.com/-/profil/spieler/43332,
tm:48740,Мілош Нінкович,R,transfermarkt (kaggle transfermarkt-datasets),https://www.transfermarkt.com/-/profil/spieler/48740,
tm:401822,Максим Луньов,L,transfermarkt (kaggle transfermarkt-datasets),https://www.transfermarkt.com/-/profil/spieler/401822,
tm:366729,Назарій Русин,R,transfermarkt (kaggle transfermarkt-datasets),https://www.transfermarkt.com/-/profil/spieler/366729,
tm:423606,Богдан Леднєв,L,transfermarkt (kaggle transfermarkt-datasets),https://www.transfermarkt.com/-/profil/spieler/423606,
tm:49030,Денис Васін,R,transfermarkt (kaggle transfermarkt-datasets),https://www.transfermarkt.com/-/profil/spieler/49030,
tm:264372,Віктор Циганков,L,transfermarkt (kaggle transfermarkt-datasets),https://www.transfermarkt.com/-/profil/spieler/264372,
tm:58403,Денис Кожанов,R,transfermarkt (kaggle transfermarkt-datasets),https://www.transfermarkt.com/-/profil/spieler/58403,
tm:53299,Костянтин Ярошенко,B,transfermarkt (kaggle transfermarkt-datasets),https://www.transfermarkt.com/-/profil/spieler/53299,
tm:131553,В'ячеслав Чурко,L,transfermarkt (kaggle transfermarkt-datasets),https://www.transfermarkt.com/-/profil/spieler/131553,
tm:289075,Олександр Зубков,L,transfermarkt (kaggle transfermarkt-datasets),https://www.transfermarkt.com/-/profil/spieler/289075,
tm:35245,Матеус,B,transfermarkt (kaggle transfermarkt-datasets),https://www.transfermarkt.com/-/profil/spieler/35245,
tm:24633,Едуардо,L,transfermarkt (kaggle transfermarkt-datasets),https://www.transfermarkt.com/-/profil/spieler/24633,
tm:244904,Артур Авагімян,R,transfermarkt (kaggle transfermarkt-datasets),https://www.transfermarkt.com/-/profil/spieler/244904,
tm:75615,Дуглас Коста,L,transfermarkt (kaggle transfermarkt-datasets),https://www.transfermarkt.com/-/profil/spieler/75615,
tm:359247,Мар'ян Швед,L,transfermarkt (kaggle transfermarkt-datasets),https://www.transfermarkt.com/-/profil/spieler/359247,
tm:43404,Олексій Чичиков,B,transfermarkt (kaggle transfermarkt-datasets),https://www.transfermarkt.com/-/profil/spieler/43404,
tm:62610,Дмитро Хльобас,B,transfermarkt (kaggle transfermarkt-datasets),https://www.transfermarkt.com/-/profil/spieler/62610,
tm:52769,Віллян,R,transfermarkt (kaggle transfermarkt-datasets),https://www.transfermarkt.com/-/profil/spieler/52769,
tm:58008,Максим Фещук,R,transfermarkt (kaggle transfermarkt-datasets),https://www.transfermarkt.com/-/profil/spieler/58008,
tm:755174,Данило Алефіренко,R,transfermarkt (kaggle transfermarkt-datasets),https://www.transfermarkt.com/-/profil/spieler/755174,
tm:359796,Дмитро Шастал,R,transfermarkt (kaggle transfermarkt-datasets),https://www.transfermarkt.com/-/profil/spieler/359796,
tm:708241,Олег Очеретько,L,transfermarkt (kaggle transfermarkt-datasets),https://www.transfermarkt.com/-/profil/spieler/708241,
tm:404846,Сергій Булеца,R,transfermarkt (kaggle transfermarkt-datasets),https://www.transfermarkt.com/-/profil/spieler/404846,
tm:343492,Олег Кожушко,R,transfermarkt (kaggle transfermarkt-datasets),https://www.transfermarkt.com/-/profil/spieler/343492,
tm:188180,Беньямін Вербич,R,transfermarkt (kaggle transfermarkt-datasets),https://www.transfermarkt.com/-/profil/spieler/188180,
tm:383325,Денис Антюх,L,transfermarkt (kaggle transfermarkt-datasets),https://www.transfermarkt.com/-/profil/spieler/383325,
tm:175169,Бернард,R,transfermarkt (kaggle transfermarkt-datasets),https://www.transfermarkt.com/-/profil/spieler/175169,
tm:526578,Владислав Вакула,R,transfermarkt (kaggle transfermarkt-datasets),https://www.transfermarkt.com/-/profil/spieler/526578,
tm:166745,Гегам Кадимян,R,transfermarkt (kaggle transfermarkt-datasets),https://www.transfermarkt.com/-/profil/spieler/166745,
tm:55735,Генріх Мхітарян,B,transfermarkt (kaggle transfermarkt-datasets),https://www.transfermarkt.com/-/profil/spieler/55735,
tm:121988,Веллінгтон Нем,L,transfermarkt (kaggle transfermarkt-datasets),https://www.transfermarkt.com/-/profil/spieler/121988,
tm:726036,Артур Микитишин,R,transfermarkt (kaggle transfermarkt-datasets),https://www.transfermarkt.com/-/profil/spieler/726036,
tm:365692,Дмитро Топалов,L,transfermarkt (kaggle transfermarkt-datasets),https://www.transfermarkt.com/-/profil/spieler/365692,
tm:726034,Назар Волошин,R,transfermarkt (kaggle transfermarkt-datasets),https://www.transfermarkt.com/-/profil/spieler/726034,
tm:176412,Олексій Хобленко,R,transfermarkt (kaggle transfermarkt-datasets),https://www.transfermarkt.com/-/profil/spieler/176412,
tm:243841,Михайло Сергійчук,R,transfermarkt (kaggle transfermarkt-datasets),https://www.transfermarkt.com/-/profil/spieler/243841,
tm:353252,Орест Кузик,R,transfermarkt (kaggle transfermarkt-datasets),https://www.transfermarkt.com/-/profil/spieler/353252,
tm:396638,Манор Соломон,R,transfermarkt (kaggle transfermarkt-datasets),https://www.transfermarkt.com/-/profil/spieler/396638,
tm:537860,Михайло Мудрик,R,transfermarkt (kaggle transfermarkt-datasets),https://www.transfermarkt.com/-/profil/spieler/537860,
tm:91450,Олег Міщенко,L,transfermarkt (kaggle transfermarkt-datasets),https://www.transfermarkt.com/-/profil/spieler/91450,
tm:395069,Володимир Одарюк,R,transfermarkt (kaggle transfermarkt-datasets),https://www.transfermarkt.com/-/profil/spieler/395069,
tm:58947,Віталій Каверін,B,transfermarkt (kaggle transfermarkt-datasets),https://www.transfermarkt.com/-/profil/spieler/58947,
tm:404851,Денис Янаков,R,transfermarkt (kaggle transfermarkt-datasets),https://www.transfermarkt.com/-/profil/spieler/404851,
tm:269374,Сергій Грин,R,transfermarkt (kaggle transfermarkt-datasets),https://www.transfermarkt.com/-/profil/spieler/269374,
tm:729781,Владислав Велетень,R,transfermarkt (kaggle transfermarkt-datasets),https://www.transfermarkt.com/-/profil/spieler/729781,
tm:58515,Віталій Балашов,B,transfermarkt (kaggle transfermarkt-datasets),https://www.transfermarkt.com/-/profil/spieler/58515,
tm:85626,Сергій Зеньов,R,transfermarkt (kaggle transfermarkt-datasets),https://www.transfermarkt.com/-/profil/spieler/85626,
tm:120144,Євген Будник,R,transfermarkt (kaggle transfermarkt-datasets),https://www.transfermarkt.com/-/profil/spieler/120144,
tm:936825,Ілля Квасниця,R,transfermarkt (kaggle transfermarkt-datasets),https://www.transfermarkt.com/-/profil/spieler/936825,
tm:90769,Віталій Пономар,B,transfermarkt (kaggle transfermarkt-datasets),https://www.transfermarkt.com/-/profil/spieler/90769,
tm:59984,Тарас Лазарович,R,transfermarkt (kaggle transfermarkt-datasets),https://www.transfermarkt.com/-/profil/spieler/59984,
tm:419067,Георгій Цитаїшвілі,L,transfermarkt (kaggle transfermarkt-datasets),https://www.transfermarkt.com/-/profil/spieler/419067,
tm:54576,Себастьян Бланко,B,transfermarkt (kaggle transfermarkt-datasets),https://www.transfermarkt.com/-/profil/spieler/54576,
tm:789583,Ярослав Карабін,L,transfermarkt (kaggle transfermarkt-datasets),https://www.transfermarkt.com/-/profil/spieler/789583,
tm:91380,Дмитро Коркішко,R,transfermarkt (kaggle transfermarkt-datasets),https://www.transfermarkt.com/-/profil/spieler/91380,
tm:177688,Міхель Бабатунде,L,transfermarkt (kaggle transfermarkt-datasets),https://www.transfermarkt.com/-/profil/spieler/177688,
tm:892025,Антон Салабай,R,transfermarkt (kaggle transfermarkt-datasets),https://www.transfermarkt.com/-/profil/spieler/892025,
tm:274058,Франсіско Ді Франко,R,transfermarkt (kaggle transfermarkt-datasets),https://www.transfermarkt.com/-/profil/spieler/274058,
tm:15568,Бруно Гама,R,transfermarkt (kaggle transfermarkt-datasets),https://www.transfermarkt.com/-/profil/spieler/15568,
tm:74843,Віталій Іванко,B,transfermarkt (kaggle transfermarkt-datasets),https://www.transfermarkt.com/-/profil/spieler/74843,
tm:371256,Тете,L,transfermarkt (kaggle transfermarkt-datasets),https://www.transfermarkt.com/-/profil/spieler/371256,
tm:257740,Карлос де Пена,L,transfermarkt (kaggle transfermarkt-datasets),https://www.transfermarkt.com/-/profil/spieler/257740,
tm:751363,Данило Кравчук,R,transfermarkt (kaggle transfermarkt-datasets),https://www.transfermarkt.com/-/profil/spieler/751363,
tm:1033963,Егіналдо,R,transfermarkt (kaggle transfermarkt-datasets),https://www.transfermarkt.com/-/profil/spieler/1033963,
tm:375180,Олександр Козак,L,transfermarkt (kaggle transfermarkt-datasets),https://www.transfermarkt.com/-/profil/spieler/375180,
tm:678783,Євген Підлепенець,L,transfermarkt (kaggle transfermarkt-datasets),https://www.transfermarkt.com/-/profil/spieler/678783,
tm:282734,Жерсон Родрігес,R,transfermarkt (kaggle transfermarkt-datasets),https://www.transfermarkt.com/-/profil/spieler/282734,
tm:259461,Пауліньйо,R,transfermarkt (kaggle transfermarkt-datasets),https://www.transfermarkt.com/-/profil/spieler/259461,
tm:748940,Василь Рунич,R,transfermarkt (kaggle transfermarkt-datasets),https://www.transfermarkt.com/-/profil/spieler/748940,
tm:515208,Педріньйо,L,transfermarkt (kaggle transfermarkt-datasets),https://www.transfermarkt.com/-/profil/spieler/515208,
tm:1082823,Невертон,R,transfermarkt (kaggle transfermarkt-datasets),https://www.transfermarkt.com/-/profil/spieler/1082823,
tm:182577,Дерліс Гонсалес,R,transfermarkt (kaggle transfermarkt-datasets),https://www.transfermarkt.com/-/profil/spieler/182577,
tm:337198,Богдан Бойчук,R,transfermarkt (kaggle transfermarkt-datasets),https://www.transfermarkt.com/-/profil/spieler/337198,
tm:73769,Зе Соарес,R,transfermarkt (kaggle transfermarkt-datasets),https://www.transfermarkt.com/-/profil/spieler/73769,
tm:491960,Беніто,L,transfermarkt (kaggle transfermarkt-datasets),https://www.transfermarkt.com/-/profil/spieler/491960,
tm:261780,Артем Шулянський,R,transfermarkt (kaggle transfermarkt-datasets),https://www.transfermarkt.com/-/profil/spieler/261780,
tm:137939,Торніке Окріашвілі,R,transfermarkt (kaggle transfermarkt-datasets),https://www.transfermarkt.com/-/profil/spieler/137939,
tm:659886,Білл,R,transfermarkt (kaggle transfermarkt-datasets),https://www.transfermarkt.com/-/profil/spieler/659886,
tm:114937,Дуду,R,transfermarkt (kaggle transfermarkt-datasets),https://www.transfermarkt.com/-/profil/spieler/114937,
tm:909138,Даніель Сосах,R,transfermarkt (kaggle transfermarkt-datasets),https://www.transfermarkt.com/-/profil/spieler/909138,
tm:1083965,Жуан Безерра,L,transfermarkt (kaggle transfermarkt-datasets),https://www.transfermarkt.com/-/profil/spieler/1083965,
tm:242854,Дмитро Юсов,R,transfermarkt (kaggle transfermarkt-datasets),https://www.transfermarkt.com/-/profil/spieler/242854,
tm:821535,Артур Ременяк,R,transfermarkt (kaggle transfermarkt-datasets),https://www.transfermarkt.com/-/profil/spieler/821535,
tm:404849,Олексій Кащук,L,transfermarkt (kaggle transfermarkt-datasets),https://www.transfermarkt.com/-/profil/spieler/404849,
tm:1041630,Проспер Оба,B,transfermarkt (kaggle transfermarkt-datasets),https://www.transfermarkt.com/-/profil/spieler/1041630,
tm:480975,Аллахьяр Сайядманеш,R,transfermarkt (kaggle transfermarkt-datasets),https://www.transfermarkt.com/-/profil/spieler/480975,
tm:316280,Моха Рхарсалла,R,transfermarkt (kaggle transfermarkt-datasets),https://www.transfermarkt.com/-/profil/spieler/316280,
tm:669305,Віктор Близніченко,R,transfermarkt (kaggle transfermarkt-datasets),https://www.transfermarkt.com/-/profil/spieler/669305,
tm:60324,Грегорі Нелсон,R,transfermarkt (kaggle transfermarkt-datasets),https://www.transfermarkt.com/-/profil/spieler/60324,
tm:58950,Володимир Коробка,R,transfermarkt (kaggle transfermarkt-datasets),https://www.transfermarkt.com/-/profil/spieler/58950,
tm:285127,Домінго Бланко,R,transfermarkt (kaggle transfermarkt-datasets),https://www.transfermarkt.com/-/profil/spieler/285127,
tm:548993,Андре Гонсалвеш,R,transfermarkt (kaggle transfermarkt-datasets),https://www.transfermarkt.com/-/profil/spieler/548993,
tm:624920,Бені Макуана,R,transfermarkt (kaggle transfermarkt-datasets),https://www.transfermarkt.com/-/profil/spieler/624920,
tm:381430,Фабрісіо Альваренга,R,transfermarkt (kaggle transfermarkt-datasets),https://www.transfermarkt.com/-/profil/spieler/381430,
tm:675878,Крістіан,B,transfermarkt (kaggle transfermarkt-datasets),https://www.transfermarkt.com/-/profil/spieler/675878,
tm:649030,Самба Діалло,R,transfermarkt (kaggle transfermarkt-datasets),https://www.transfermarkt.com/-/profil/spieler/649030,
tm:38497,Джеремейн Ленс,R,transfermarkt (kaggle transfermarkt-datasets),https://www.transfermarkt.com/-/profil/spieler/38497,
tm:82610,Михайло Козак,R,transfermarkt (kaggle transfermarkt-datasets),https://www.transfermarkt.com/-/profil/spieler/82610,
tm:497221,Андрій Ременюк,R,transfermarkt (kaggle transfermarkt-datasets),https://www.transfermarkt.com/-/profil/spieler/497221,
tm:900195,Кевін,R,transfermarkt (kaggle transfermarkt-datasets),https://www.transfermarkt.com/-/profil/spieler/900195,
tm:654385,Альваро Вієйра,R,transfermarkt (kaggle transfermarkt-datasets),https://www.transfermarkt.com/-/profil/spieler/654385,
tm:581782,Андрій Штогрин,R,transfermarkt (kaggle transfermarkt-datasets),https://www.transfermarkt.com/-/profil/spieler/581782,
tm:581000,Ейнел Соареш,R,transfermarkt (kaggle transfermarkt-datasets),https://www.transfermarkt.com/-/profil/spieler/581000,
tm:1134218,Артем Гусол,R,transfermarkt (kaggle transfermarkt-datasets),https://www.transfermarkt.com/-/profil/spieler/1134218,
tm:404845,Владислав Наумець,L,transfermarkt (kaggle transfermarkt-datasets),https://www.transfermarkt.com/-/profil/spieler/404845,
tm:1083070,Алісон,L,transfermarkt (kaggle transfermarkt-datasets),https://www.transfermarkt.com/-/profil/spieler/1083070,
tm:497719,Шина,R,transfermarkt (kaggle transfermarkt-datasets),https://www.transfermarkt.com/-/profil/spieler/497719,
tm:646153,Теді Цара,R,transfermarkt (kaggle transfermarkt-datasets),https://www.transfermarkt.com/-/profil/spieler/646153,
tm:8480,Сіто Рієра,R,transfermarkt (kaggle transfermarkt-datasets),https://www.transfermarkt.com/-/profil/spieler/8480,
tm:882717,Денис Теслюк,R,transfermarkt (kaggle transfermarkt-datasets),https://www.transfermarkt.com/-/profil/spieler/882717,
tm:55734,Геворг Казарян,R,transfermarkt (kaggle transfermarkt-datasets),https://www.transfermarkt.com/-/profil/spieler/55734,
tm:699842,Антон Байдал,R,transfermarkt (kaggle transfermarkt-datasets),https://www.transfermarkt.com/-/profil/spieler/699842,
tm:376445,Маріо Чуже,R,transfermarkt (kaggle transfermarkt-datasets),https://www.transfermarkt.com/-/profil/spieler/376445,
tm:47375,Іван Родич,R,transfermarkt (kaggle transfermarkt-datasets),https://www.transfermarkt.com/-/profil/spieler/47375,
tm:581405,Іван Головкін,L,transfermarkt (kaggle transfermarkt-datasets),https://www.transfermarkt.com/-/profil/spieler/581405,
tm:913115,Костянтин Бичек,L,transfermarkt (kaggle transfermarkt-datasets),https://www.transfermarkt.com/-/profil/spieler/913115,
tm:935109,Артем Слесар,R,transfermarkt (kaggle transfermarkt-datasets),https://www.transfermarkt.com/-/profil/spieler/935109,
tm:91563,Олексій Бабир,L,transfermarkt (kaggle transfermarkt-datasets),https://www.transfermarkt.com/-/profil/spieler/91563,
tm:204348,Дмитро Білоног,R,transfermarkt (kaggle transfermarkt-datasets),https://www.transfermarkt.com/-/profil/spieler/204348,
tm:726035,Кирило Попов,R,transfermarkt (kaggle transfermarkt-datasets),https://www.transfermarkt.com/-/profil/spieler/726035,
tm:464619,Владислав Дмитренко,B,transfermarkt (kaggle transfermarkt-datasets),https://www.transfermarkt.com/-/profil/spieler/464619,
tm:817676,Жеовані,L,transfermarkt (kaggle transfermarkt-datasets),https://www.transfermarkt.com/-/profil/spieler/817676,
tm:214448,Ярослав Богунов,R,transfermarkt (kaggle transfermarkt-datasets),https://www.transfermarkt.com/-/profil/spieler/214448,
tm:569056,Жан-Морель Пое,L,transfermarkt (kaggle transfermarkt-datasets),https://www.transfermarkt.com/-/profil/spieler/569056,
tm:1158515,Рамік Гаджиєв,L,transfermarkt (kaggle transfermarkt-datasets),https://www.transfermarkt.com/-/profil/spieler/1158515,
tm:774067,Ігор Горбач,R,transfermarkt (kaggle transfermarkt-datasets),https://www.transfermarkt.com/-/profil/spieler/774067,
tm:85563,Домінік Адійя,R,transfermarkt (kaggle transfermarkt-datasets),https://www.transfermarkt.com/-/profil/spieler/85563,
tm:35633,Іржі Єслінек,R,transfermarkt (kaggle transfermarkt-datasets),https://www.transfermarkt.com/-/profil/spieler/35633,
tm:1029207,Глейкер Мендоса,R,transfermarkt (kaggle transfermarkt-datasets),https://www.transfermarkt.com/-/profil/spieler/1029207,
tm:1041334,Клайвер,R,transfermarkt (kaggle transfermarkt-datasets),https://www.transfermarkt.com/-/profil/spieler/1041334,
tm:392091,Дмитро Семенів,R,transfermarkt (kaggle transfermarkt-datasets),https://www.transfermarkt.com/-/profil/spieler/392091,
tm:687881,Дієго Каріока,R,transfermarkt (kaggle transfermarkt-datasets),https://www.transfermarkt.com/-/profil/spieler/687881,
tm:955213,Андрій Маткевич,R,transfermarkt (kaggle transfermarkt-datasets),https://www.transfermarkt.com/-/profil/spieler/955213,
tm:743627,Джевісон Беннетт,L,transfermarkt (kaggle transfermarkt-datasets),https://www.transfermarkt.com/-/profil/spieler/743627,
tm:429157,Юрій Козиренко,L,transfermarkt (kaggle transfermarkt-datasets),https://www.transfermarkt.com/-/profil/spieler/429157,
tm:289487,Ростислав Русин,L,transfermarkt (kaggle transfermarkt-datasets),https://www.transfermarkt.com/-/profil/spieler/289487,
tm:292717,Гіоргі Арабідзе,L,transfermarkt (kaggle transfermarkt-datasets),https://www.transfermarkt.com/-/profil/spieler/292717,
tm:97835,Дмитро Єременко,R,transfermarkt (kaggle transfermarkt-datasets),https://www.transfermarkt.com/-/profil/spieler/97835,
tm:59290,Антон Савін,R,transfermarkt (kaggle transfermarkt-datasets),https://www.transfermarkt.com/-/profil/spieler/59290,
tm:315930,Максім До Куто,R,transfermarkt (kaggle transfermarkt-datasets),https://www.transfermarkt.com/-/profil/spieler/315930,
tm:425707,Артем Дудік,R,transfermarkt (kaggle transfermarkt-datasets),https://www.transfermarkt.com/-/profil/spieler/425707,
tm:1045568,Данило Голуб,R,transfermarkt (kaggle transfermarkt-datasets),https://www.transfermarkt.com/-/profil/spieler/1045568,
tm:1268326,Тимур Бутенко,R,transfermarkt (kaggle transfermarkt-datasets),https://www.transfermarkt.com/-/profil/spieler/1268326,
tm:649029,Мамаду Данфа,R,transfermarkt (kaggle transfermarkt-datasets),https://www.transfermarkt.com/-/profil/spieler/649029,
tm:755175,Володимир Білоцерковець,R,transfermarkt (kaggle transfermarkt-datasets),https://www.transfermarkt.com/-/profil/spieler/755175,
tm:359678,Ернест Антві,L,transfermarkt (kaggle transfermarkt-datasets),https://www.transfermarkt.com/-/profil/spieler/359678,
tm:268697,Данило Книш,R,transfermarkt (kaggle transfermarkt-datasets),https://www.transfermarkt.com/-/profil/spieler/268697,
tm:176413,Тарас Пучковський,R,transfermarkt (kaggle transfermarkt-datasets),https://www.transfermarkt.com/-/profil/spieler/176413,
tm:182912,Анж-Фредді Плюмен,R,transfermarkt (kaggle transfermarkt-datasets),https://www.transfermarkt.com/-/profil/spieler/182912,
tm:722371,Денис Світюха,L,transfermarkt (kaggle transfermarkt-datasets),https://www.transfermarkt.com/-/profil/spieler/722371,
tm:18860,Франк Джа Джедже,B,transfermarkt (kaggle transfermarkt-datasets),https://www.transfermarkt.com/-/profil/spieler/18860,
tm:115133,Іван Пешич,R,transfermarkt (kaggle transfermarkt-datasets),https://www.transfermarkt.com/-/profil/spieler/115133,
tm:331184,Ростислав Волошинович,R,transfermarkt (kaggle transfermarkt-datasets),https://www.transfermarkt.com/-/profil/spieler/331184,
tm:41037,Данило,R,transfermarkt (kaggle transfermarkt-datasets),https://www.transfermarkt.com/-/profil/spieler/41037,
tm:192347,Джон Хайро Руїс,R,transfermarkt (kaggle transfermarkt-datasets),https://www.transfermarkt.com/-/profil/spieler/192347,
tm:349107,Олег Синиця,R,transfermarkt (kaggle transfermarkt-datasets),https://www.transfermarkt.com/-/profil/spieler/349107,
tm:354717,Євген Мурашов,R,transfermarkt (kaggle transfermarkt-datasets),https://www.transfermarkt.com/-/profil/spieler/354717,
tm:31776,Олександр Яковенко,R,transfermarkt (kaggle transfermarkt-datasets),https://www.transfermarkt.com/-/profil/spieler/31776,
tm:391127,Вів Соломон-Отабор,R,transfermarkt (kaggle transfermarkt-datasets),https://www.transfermarkt.com/-/profil/spieler/391127,
tm:20005,Папу Гомес,R,transfermarkt (kaggle transfermarkt-datasets),https://www.transfermarkt.com/-/profil/spieler/20005,
tm:627227,Пеглоу,R,transfermarkt (kaggle transfermarkt-datasets),https://www.transfermarkt.com/-/profil/spieler/627227,
tm:937918,Руслан Непейпієв,R,transfermarkt (kaggle transfermarkt-datasets),https://www.transfermarkt.com/-/profil/spieler/937918,
tm:721511,Максим Хлань,R,transfermarkt (kaggle transfermarkt-datasets),https://www.transfermarkt.com/-/profil/spieler/721511,
tm:55338,Віллян,R,transfermarkt (kaggle transfermarkt-datasets),https://www.transfermarkt.com/-/profil/spieler/55338,
tm:796574,Стеніо,R,transfermarkt (kaggle transfermarkt-datasets),https://www.transfermarkt.com/-/profil/spieler/796574,
tm:155843,Антон Кіча,R,transfermarkt (kaggle transfermarkt-datasets),https://www.transfermarkt.com/-/profil/spieler/155843,
tm:681497,Арі Моура,B,transfermarkt (kaggle transfermarkt-datasets),https://www.transfermarkt.com/-/profil/spieler/681497,
tm:624883,Амількар Коджові,L,transfermarkt (kaggle transfermarkt-datasets),https://www.transfermarkt.com/-/profil/spieler/624883,
tm:168830,Ігор Мединський,R,transfermarkt (kaggle transfermarkt-datasets),https://www.transfermarkt.com/-/profil/spieler/168830,
tm:124025,Зігі Бадібанга,R,transfermarkt (kaggle transfermarkt-datasets),https://www.transfermarkt.com/-/profil/spieler/124025,
tm:762387,Хусрав Тоїров,R,transfermarkt (kaggle transfermarkt-datasets),https://www.transfermarkt.com/-/profil/spieler/762387,
tm:654384,Вітор Пернамбуко,L,transfermarkt (kaggle transfermarkt-datasets),https://www.transfermarkt.com/-/profil/spieler/654384,
tm:706176,Абдул Авуду,R,transfermarkt (kaggle transfermarkt-datasets),https://www.transfermarkt.com/-/profil/spieler/706176,
tm:1115074,Молло Бессала,R,transfermarkt (kaggle transfermarkt-datasets),https://www.transfermarkt.com/-/profil/spieler/1115074,
tm:1219849,Лукас Феррейра,L,transfermarkt (kaggle transfermarkt-datasets),https://www.transfermarkt.com/-/profil/spieler/1219849,
tm:37414,Давід Каяду,B,transfermarkt (kaggle transfermarkt-datasets),https://www.transfermarkt.com/-/profil/spieler/37414,
tm:383211,Ярослав Деда,R,transfermarkt (kaggle transfermarkt-datasets),https://www.transfermarkt.com/-/profil/spieler/383211,
tm:1138725,Богдан Редушко,R,transfermarkt (kaggle transfermarkt-datasets),https://www.transfermarkt.com/-/profil/spieler/1138725,
tm:605326,Педро Вітор,L,transfermarkt (kaggle transfermarkt-datasets),https://www.transfermarkt.com/-/profil/spieler/605326,
tm:530414,Кахім Перріс,L,transfermarkt (kaggle transfermarkt-datasets),https://www.transfermarkt.com/-/profil/spieler/530414,
tm:998742,Шола Огундана,R,transfermarkt (kaggle transfermarkt-datasets),https://www.transfermarkt.com/-/profil/spieler/998742,
tm:43495,Сергій Пилипчук,L,transfermarkt (kaggle transfermarkt-datasets),https://www.transfermarkt.com/-/profil/spieler/43495,
tm:424145,Олександр Машнін,R,transfermarkt (kaggle transfermarkt-datasets),https://www.transfermarkt.com/-/profil/spieler/424145,
tm:717413,Олег Пушкарьов,R,transfermarkt (kaggle transfermarkt-datasets),https://www.transfermarkt.com/-/profil/spieler/717413,
tm:81349,Антоніо Яколіш,R,transfermarkt (kaggle transfermarkt-datasets),https://www.transfermarkt.com/-/profil/spieler/81349,
tm:574215,Олександр Кожевников,L,transfermarkt (kaggle transfermarkt-datasets),https://www.transfermarkt.com/-/profil/spieler/574215,
tm:285296,Едін Шехич,R,transfermarkt (kaggle transfermarkt-datasets),https://www.transfermarkt.com/-/profil/spieler/285296,
tm:101670,Марселіньйо,R,transfermarkt (kaggle transfermarkt-datasets),https://www.transfermarkt.com/-/profil/spieler/101670,
tm:250007,Клейтон,B,transfermarkt (kaggle transfermarkt-datasets),https://www.transfermarkt.com/-/profil/spieler/250007,
tm:718123,Самуель Нонго,L,transfermarkt (kaggle transfermarkt-datasets),https://www.transfermarkt.com/-/profil/spieler/718123,
tm:327911,Феліпе Пірес,R,transfermarkt (kaggle transfermarkt-datasets),https://www.transfermarkt.com/-/profil/spieler/327911,
tm:654311,Велвес,L,transfermarkt (kaggle transfermarkt-datasets),https://www.transfermarkt.com/-/profil/spieler/654311,
tm:655838,Бекназ Алмазбеков,R,transfermarkt (kaggle transfermarkt-datasets),https://www.transfermarkt.com/-/profil/spieler/655838,
tm:938300,Ярослав Базаєв,R,transfermarkt (kaggle transfermarkt-datasets),https://www.transfermarkt.com/-/profil/spieler/938300,
tm:405176,Олексій Збунь,R,transfermarkt (kaggle transfermarkt-datasets),https://www.transfermarkt.com/-/profil/spieler/405176,
tm:343154,Ігор Биковський,L,transfermarkt (kaggle transfermarkt-datasets),https://www.transfermarkt.com/-/profil/spieler/343154,
tm:755164,Батон Заберджа,R,transfermarkt (kaggle transfermarkt-datasets),https://www.transfermarkt.com/-/profil/spieler/755164,
tm:856056,Ассан Сек,R,transfermarkt (kaggle transfermarkt-datasets),https://www.transfermarkt.com/-/profil/spieler/856056,
tm:882227,Микита Козицький,R,transfermarkt (kaggle transfermarkt-datasets),https://www.transfermarkt.com/-/profil/spieler/882227,
tm:400719,Темур Чогадзе,L,transfermarkt (kaggle transfermarkt-datasets),https://www.transfermarkt.com/-/profil/spieler/400719,
tm:985349,Ігор Енріке,L,transfermarkt (kaggle transfermarkt-datasets),https://www.transfermarkt.com/-/profil/spieler/985349,
tm:972535,Ермір Рашица,R,transfermarkt (kaggle transfermarkt-datasets),https://www.transfermarkt.com/-/profil/spieler/972535,
tm:572271,Шебер Алькайн,R,transfermarkt (kaggle transfermarkt-datasets),https://www.transfermarkt.com/-/profil/spieler/572271,
tm:966009,Бар Лін,L,transfermarkt (kaggle transfermarkt-datasets),https://www.transfermarkt.com/-/profil/spieler/966009,
tm:599224,Анхель Торрес,L,transfermarkt (kaggle transfermarkt-datasets),https://www.transfermarkt.com/-/profil/spieler/599224,
tm:1031575,Себастьян Кастільйо,R,transfermarkt (kaggle transfermarkt-datasets),https://www.transfermarkt.com/-/profil/spieler/1031575,
tm:709479,Абдулла Абдуллаєв,R,transfermarkt (kaggle transfermarkt-datasets),https://www.transfermarkt.com/-/profil/spieler/709479,
tm:1007020,Хоакінете,R,transfermarkt (kaggle transfermarkt-datasets),https://www.transfermarkt.com/-/profil/spieler/1007020,
tm:96928,Сержіньйо,B,transfermarkt (kaggle transfermarkt-datasets),https://www.transfermarkt.com/-/profil/spieler/96928,
tm:1093843,Фабіано,R,transfermarkt (kaggle transfermarkt-datasets),https://www.transfermarkt.com/-/profil/spieler/1093843,
tm:470265,Кирило Кириленко,L,transfermarkt (kaggle transfermarkt-datasets),https://www.transfermarkt.com/-/profil/spieler/470265,
tm:819249,Луан Кампос,R,transfermarkt (kaggle transfermarkt-datasets),https://www.transfermarkt.com/-/profil/spieler/819249,
tm:241163,Леонардо,R,transfermarkt (kaggle transfermarkt-datasets),https://www.transfermarkt.com/-/profil/spieler/241163,
tm:628473,Карлос Рохас,R,transfermarkt (kaggle transfermarkt-datasets),https://www.transfermarkt.com/-/profil/spieler/628473,
tm:108709,Еріксон Дансо,L,transfermarkt (kaggle transfermarkt-datasets),https://www.transfermarkt.com/-/profil/spieler/108709,
tm:1126427,Майкен Гонсалес,B,transfermarkt (kaggle transfermarkt-datasets),https://www.transfermarkt.com/-/profil/spieler/1126427,
tm:888190,Домагой Єлавич,R,transfermarkt (kaggle transfermarkt-datasets),https://www.transfermarkt.com/-/profil/spieler/888190,
tm:213035,Амаду Мутарі,R,transfermarkt (kaggle transfermarkt-datasets),https://www.transfermarkt.com/-/profil/spieler/213035,
tm:166586,Ян Ковалевський,R,transfermarkt (kaggle transfermarkt-datasets),https://www.transfermarkt.com/-/profil/spieler/166586,
tm:355367,Вагнер Гонсалвес,L,transfermarkt (kaggle transfermarkt-datasets),https://www.transfermarkt.com/-/profil/spieler/355367,
tm:574774,Веслі Помба,R,transfermarkt (kaggle transfermarkt-datasets),https://www.transfermarkt.com/-/profil/spieler/574774,
tm:622625,Енріке Араужо,R,transfermarkt (kaggle transfermarkt-datasets),https://www.transfermarkt.com/-/profil/spieler/622625,
tm:789587,Олег Власов,L,transfermarkt (kaggle transfermarkt-datasets),https://www.transfermarkt.com/-/profil/spieler/789587,
tm:1253920,Гільєрме Баїя,L,transfermarkt (kaggle transfermarkt-datasets),https://www.transfermarkt.com/-/profil/spieler/1253920,
tm:601285,Панамбі,R,transfermarkt (kaggle transfermarkt-datasets),https://www.transfermarkt.com/-/profil/spieler/601285,
tm:618487,Хуссейн Туаті,L,transfermarkt (kaggle transfermarkt-datasets),https://www.transfermarkt.com/-/profil/spieler/618487,
tm:744099,Жота,L,transfermarkt (kaggle transfermarkt-datasets),https://www.transfermarkt.com/-/profil/spieler/744099,
tm:661858,Хосе Флорес,R,transfermarkt (kaggle transfermarkt-datasets),https://www.transfermarkt.com/-/profil/spieler/661858,
tm:1293400,Роман Кузик,R,transfermarkt (kaggle transfermarkt-datasets),https://www.transfermarkt.com/-/profil/spieler/1293400,
tm:166587,Віталій Квашук,L,transfermarkt (kaggle transfermarkt-datasets),https://www.transfermarkt.com/-/profil/spieler/166587,
tm:294876,Кевін Мендес,R,transfermarkt (kaggle transfermarkt-datasets),https://www.transfermarkt.com/-/profil/spieler/294876,
tm:144935,Валерій Гришин,L,transfermarkt (kaggle transfermarkt-datasets),https://www.transfermarkt.com/-/profil/spieler/144935,
tm:568702,Папа Ндіага Яде,L,transfermarkt (kaggle transfermarkt-datasets),https://www.transfermarkt.com/-/profil/spieler/568702,
tm:1716,Давід Одонкор,R,transfermarkt (kaggle transfermarkt-datasets),https://www.transfermarkt.com/-/profil/spieler/1716,
tm:775723,Іван Бендера,R,transfermarkt (kaggle transfermarkt-datasets),https://www.transfermarkt.com/-/profil/spieler/775723,
tm:514623,Мауро Родрігеш,R,transfermarkt (kaggle transfermarkt-datasets),https://www.transfermarkt.com/-/profil/spieler/514623,
tm:453483,Ігор Богач,R,transfermarkt (kaggle transfermarkt-datasets),https://www.transfermarkt.com/-/profil/spieler/453483,
tm:751995,Андрій Глоба,R,transfermarkt (kaggle transfermarkt-datasets),https://www.transfermarkt.com/-/profil/spieler/751995,
tm:1291385,Орест Лепський,R,transfermarkt (kaggle transfermarkt-datasets),https://www.transfermarkt.com/-/profil/spieler/1291385,
tm:1074482,Венделл,R,transfermarkt (kaggle transfermarkt-datasets),https://www.transfermarkt.com/-/profil/spieler/1074482,
tm:61464,Карім Йода,L,transfermarkt (kaggle transfermarkt-datasets),https://www.transfermarkt.com/-/profil/spieler/61464,
tm:923512,Сергій Стень,R,transfermarkt (kaggle transfermarkt-datasets),https://www.transfermarkt.com/-/profil/spieler/923512,
tm:197622,Фарлей Роза,R,transfermarkt (kaggle transfermarkt-datasets),https://www.transfermarkt.com/-/profil/spieler/197622,
tm:1185406,Роман Ковалюк,L,transfermarkt (kaggle transfermarkt-datasets),https://www.transfermarkt.com/-/profil/spieler/1185406,
tm:1095335,Жоннатан Сілва,L,transfermarkt (kaggle transfermarkt-datasets),https://www.transfermarkt.com/-/profil/spieler/1095335,
tm:1167746,Ігнат Пушкуца,R,transfermarkt (kaggle transfermarkt-datasets),https://www.transfermarkt.com/-/profil/spieler/1167746,
tm:779241,Андрій Столярчук,R,transfermarkt (kaggle transfermarkt-datasets),https://www.transfermarkt.com/-/profil/spieler/779241,
tm:166647,Арман Елла,L,transfermarkt (kaggle transfermarkt-datasets),https://www.transfermarkt.com/-/profil/spieler/166647,
tm:973704,Тіаго Кунья,L,transfermarkt (kaggle transfermarkt-datasets),https://www.transfermarkt.com/-/profil/spieler/973704,
tm:935094,Дмитро Кремчанін,L,transfermarkt (kaggle transfermarkt-datasets),https://www.transfermarkt.com/-/profil/spieler/935094,
tm:965816,Станіслав Прус,R,transfermarkt (kaggle transfermarkt-datasets),https://www.transfermarkt.com/-/profil/spieler/965816,
tm:830080,Данило Дмитрієв,R,transfermarkt (kaggle transfermarkt-datasets),https://www.transfermarkt.com/-/profil/spieler/830080,
tm:316946,Сергій Наполов,L,transfermarkt (kaggle transfermarkt-datasets),https://www.transfermarkt.com/-/profil/spieler/316946,
tm:333020,Владислав Войцеховський,R,transfermarkt (kaggle transfermarkt-datasets),https://www.transfermarkt.com/-/profil/spieler/333020,
tm:27239,Сімон Вукчевич,L,transfermarkt (kaggle transfermarkt-datasets),https://www.transfermarkt.com/-/profil/spieler/27239,
tm:583607,Вільям де Камарго,R,transfermarkt (kaggle transfermarkt-datasets),https://www.transfermarkt.com/-/profil/spieler/583607,
tm:206889,Святослав Козловський,R,transfermarkt (kaggle transfermarkt-datasets),https://www.transfermarkt.com/-/profil/spieler/206889,
tm:522577,Богдан Оринчак,R,transfermarkt (kaggle transfermarkt-datasets),https://www.transfermarkt.com/-/profil/spieler/522577,
tm:837287,Вадим Сологуб,L,transfermarkt (kaggle transfermarkt-datasets),https://www.transfermarkt.com/-/profil/spieler/837287,
tm:632674,Василь Пиняшко,R,transfermarkt (kaggle transfermarkt-datasets),https://www.transfermarkt.com/-/profil/spieler/632674,
tm:537850,Богдан Могильний,R,transfermarkt (kaggle transfermarkt-datasets),https://www.transfermarkt.com/-/profil/spieler/537850,
tm:1082915,Геннадій Синчук,L,transfermarkt (kaggle transfermarkt-datasets),https://www.transfermarkt.com/-/profil/spieler/1082915,
tm:1293455,Даніїл Юшко,R,transfermarkt (kaggle transfermarkt-datasets),https://www.transfermarkt.com/-/profil/spieler/1293455,
tm:707201,Павло Тищук,R,transfermarkt (kaggle transfermarkt-datasets),https://www.transfermarkt.com/-/profil/spieler/707201,
tm:389479,Роберт Мютцерс,L,transfermarkt (kaggle transfermarkt-datasets),https://www.transfermarkt.com/-/profil/spieler/389479,
tm:463397,Маурісіо Кортес,L,transfermarkt (kaggle transfermarkt-datasets),https://www.transfermarkt.com/-/profil/spieler/463397,
tm:1061623,Назар Касарда,R,transfermarkt (kaggle transfermarkt-datasets),https://www.transfermarkt.com/-/profil/spieler/1061623,
tm:339845,Іван Янаков,R,transfermarkt (kaggle transfermarkt-datasets),https://www.transfermarkt.com/-/profil/spieler/339845,
tm:143121,Мелвін Лоренцен,R,transfermarkt (kaggle transfermarkt-datasets),https://www.transfermarkt.com/-/profil/spieler/143121,
tm:1074042,Данило Кайдалов,R,transfermarkt (kaggle transfermarkt-datasets),https://www.transfermarkt.com/-/profil/spieler/1074042,
tm:774533,Дмитро Шамич,R,transfermarkt (kaggle transfermarkt-datasets),https://www.transfermarkt.com/-/profil/spieler/774533,
tm:1140603,Богдан-Юліан Вишинський,R,transfermarkt (kaggle transfermarkt-datasets),https://www.transfermarkt.com/-/profil/spieler/1140603,
tm:1302421,Жуан Нето,R,transfermarkt (kaggle transfermarkt-datasets),https://www.transfermarkt.com/-/profil/spieler/1302421,
tm:694512,Хішам Лаюс,R,transfermarkt (kaggle transfermarkt-datasets),https://www.transfermarkt.com/-/profil/spieler/694512,
tm:173933,Олександр Єрмаченко,R,transfermarkt (kaggle transfermarkt-datasets),https://www.transfermarkt.com/-/profil/spieler/173933,
tm:1141487,Владислав Герич,R,transfermarkt (kaggle transfermarkt-datasets),https://www.transfermarkt.com/-/profil/spieler/1141487,
tm:297009,Олег Крамаренко,R,transfermarkt (kaggle transfermarkt-datasets),https://www.transfermarkt.com/-/profil/spieler/297009,
tm:1194386,Андрій Меленчук,R,transfermarkt (kaggle transfermarkt-datasets),https://www.transfermarkt.com/-/profil/spieler/1194386,
tm:1074052,Владислав Калин,R,transfermarkt (kaggle transfermarkt-datasets),https://www.transfermarkt.com/-/profil/spieler/1074052,
tm:669312,Євген Рязанцев,B,transfermarkt (kaggle transfermarkt-datasets),https://www.transfermarkt.com/-/profil/spieler/669312,
tm:670000,Жуан Діого,R,transfermarkt (kaggle transfermarkt-datasets),https://www.transfermarkt.com/-/profil/spieler/670000,
tm:223319,Слім Бен Отман,L,transfermarkt (kaggle transfermarkt-datasets),https://www.transfermarkt.com/-/profil/spieler/223319,
tm:60941,Іванс Лук'яновс,B,transfermarkt (kaggle transfermarkt-datasets),https://www.transfermarkt.com/-/profil/spieler/60941,
tm:405620,Фарід Алі,R,transfermarkt (kaggle transfermarkt-datasets),https://www.transfermarkt.com/-/profil/spieler/405620,
tm:100163,Сергій Борзенко,R,transfermarkt (kaggle transfermarkt-datasets),https://www.transfermarkt.com/-/profil/spieler/100163,
tm:101304,Дуглас,R,transfermarkt (kaggle transfermarkt-datasets),https://www.transfermarkt.com/-/profil/spieler/101304,
tm:101808,Мамаду Ваге,R,transfermarkt (kaggle transfermarkt-datasets),https://www.transfermarkt.com/-/profil/spieler/101808,
tm:1018927,Кетелін Кукош,R,transfermarkt (kaggle transfermarkt-datasets),https://www.transfermarkt.com/-/profil/spieler/1018927,
tm:1027018,Матеус Амарал,L,transfermarkt (kaggle transfermarkt-datasets),https://www.transfermarkt.com/-/profil/spieler/1027018,
tm:1027625,Артем Лєгостаєв,R,transfermarkt (kaggle transfermarkt-datasets),https://www.transfermarkt.com/-/profil/spieler/1027625,
tm:10288,Ігор Дуляй,R,transfermarkt (kaggle transfermarkt-datasets),https://www.transfermarkt.com/-/profil/spieler/10288,
tm:1031028,Олександр Вівдич,R,transfermarkt (kaggle transfermarkt-datasets),https://www.transfermarkt.com/-/profil/spieler/1031028,
tm:1033040,Марк Ассінор,R,transfermarkt (kaggle transfermarkt-datasets),https://www.transfermarkt.com/-/profil/spieler/1033040,
tm:1035981,Данило Ізотов,R,transfermarkt (kaggle transfermarkt-datasets),https://www.transfermarkt.com/-/profil/spieler/1035981,
tm:1035982,Дмитро Черниш,R,transfermarkt (kaggle transfermarkt-datasets),https://www.transfermarkt.com/-/profil/spieler/1035982,
tm:103600,Вісенте Арсе,B,transfermarkt (kaggle transfermarkt-datasets),https://www.transfermarkt.com/-/profil/spieler/103600,
tm:103950,Роман Ємельянов,B,transfermarkt (kaggle transfermarkt-datasets),https://www.transfermarkt.com/-/profil/spieler/103950,
tm:104203,Євген Старіков,R,transfermarkt (kaggle transfermarkt-datasets),https://www.transfermarkt.com/-/profil/spieler/104203,
tm:104331,Лукман Аруна,R,transfermarkt (kaggle transfermarkt-datasets),https://www.transfermarkt.com/-/profil/spieler/104331,
tm:104505,Алан Патрік,R,transfermarkt (kaggle transfermarkt-datasets),https://www.transfermarkt.com/-/profil/spieler/104505,
tm:1045187,Ігор Краснопір,R,transfermarkt (kaggle transfermarkt-datasets),https://www.transfermarkt.com/-/profil/spieler/1045187,
tm:1045884,Крістіан Мба,R,transfermarkt (kaggle transfermarkt-datasets),https://www.transfermarkt.com/-/profil/spieler/1045884,
tm:104590,Рафаел Форстер,L,transfermarkt (kaggle transfermarkt-datasets),https://www.transfermarkt.com/-/profil/spieler/104590,
tm:1050852,Віталій Холод,R,transfermarkt (kaggle transfermarkt-datasets),https://www.transfermarkt.com/-/profil/spieler/1050852,
tm:1052374,Євген Скиба,R,transfermarkt (kaggle transfermarkt-datasets),https://www.transfermarkt.com/-/profil/spieler/1052374,
tm:1052387,Мирослав Сердюк,R,transfermarkt (kaggle transfermarkt-datasets),https://www.transfermarkt.com/-/profil/spieler/1052387,
tm:1053568,Джозеф Джонс,L,transfermarkt (kaggle transfermarkt-datasets),https://www.transfermarkt.com/-/profil/spieler/1053568,
tm:105362,Адольф Тейку,L,transfermarkt (kaggle transfermarkt-datasets),https://www.transfermarkt.com/-/profil/spieler/105362,
tm:105456,Фернандо,R,transfermarkt (kaggle transfermarkt-datasets),https://www.transfermarkt.com/-/profil/spieler/105456,
tm:105534,Артур Каськов,B,transfermarkt (kaggle transfermarkt-datasets),https://www.transfermarkt.com/-/profil/spieler/105534,
tm:1057222,Віктор Цуканов,R,transfermarkt (kaggle transfermarkt-datasets),https://www.transfermarkt.com/-/profil/spieler/1057222,
tm:1059104,Олександр Ніколишин,L,transfermarkt (kaggle transfermarkt-datasets),https://www.transfermarkt.com/-/profil/spieler/1059104,
tm:1059630,Віталій Михайлів,R,transfermarkt (kaggle transfermarkt-datasets),https://www.transfermarkt.com/-/profil/spieler/1059630,
tm:1059634,Костянтин Квас,R,transfermarkt (kaggle transfermarkt-datasets),https://www.transfermarkt.com/-/profil/spieler/1059634,
tm:1060543,Бакарі Конате,R,transfermarkt (kaggle transfermarkt-datasets),https://www.transfermarkt.com/-/profil/spieler/1060543,
tm:1061435,Андрій Ломницький,L,transfermarkt (kaggle transfermarkt-datasets),https://www.transfermarkt.com/-/profil/spieler/1061435,
tm:1061626,Олексій Товарницький,R,transfermarkt (kaggle transfermarkt-datasets),https://www.transfermarkt.com/-/profil/spieler/1061626,
tm:1061628,Євген Пастух,R,transfermarkt (kaggle transfermarkt-datasets),https://www.transfermarkt.com/-/profil/spieler/1061628,
tm:1061629,Максим Бойко,R,transfermarkt (kaggle transfermarkt-datasets),https://www.transfermarkt.com/-/profil/spieler/1061629,
tm:1067225,Тарас Михавко,L,transfermarkt (kaggle transfermarkt-datasets),https://www.transfermarkt.com/-/profil/spieler/1067225,
tm:1067497,Вадим Сидун,R,transfermarkt (kaggle transfermarkt-datasets),https://www.transfermarkt.com/-/profil/spieler/1067497,
tm:107283,Василь Палагнюк,R,transfermarkt (kaggle transfermarkt-datasets),https://www.transfermarkt.com/-/profil/spieler/107283,
tm:1073028,Іван Чабан,R,transfermarkt (kaggle transfermarkt-datasets),https://www.transfermarkt.com/-/profil/spieler/1073028,
tm:107373,Сергій Даценко,R,transfermarkt (kaggle transfermarkt-datasets),https://www.transfermarkt.com/-/profil/spieler/107373,
tm:1074043,Віталій Лобко,R,transfermarkt (kaggle transfermarkt-datasets),https://www.transfermarkt.com/-/profil/spieler/1074043,
tm:1074053,Матвій Пономаренко,R,transfermarkt (kaggle transfermarkt-datasets),https://www.transfermarkt.com/-/profil/spieler/1074053,
tm:1074059,Кирило Дігтярь,L,transfermarkt (kaggle transfermarkt-datasets),https://www.transfermarkt.com/-/profil/spieler/1074059,
tm:1074060,Владислав Захарченко,R,transfermarkt (kaggle transfermarkt-datasets),https://www.transfermarkt.com/-/profil/spieler/1074060,
tm:1074505,Хаїр Кольяуасо,L,transfermarkt (kaggle transfermarkt-datasets),https://www.transfermarkt.com/-/profil/spieler/1074505,
tm:107803,Максим Білий,R,transfermarkt (kaggle transfermarkt-datasets),https://www.transfermarkt.com/-/profil/spieler/107803,
tm:1078831,Матвій Панченко,R,transfermarkt (kaggle transfermarkt-datasets),https://www.transfermarkt.com/-/profil/spieler/1078831,
tm:1082597,Фабрісіо Ян,R,transfermarkt (kaggle transfermarkt-datasets),https://www.transfermarkt.com/-/profil/spieler/1082597,
tm:1082633,Венделл,L,transfermarkt (kaggle transfermarkt-datasets),https://www.transfermarkt.com/-/profil/spieler/1082633,
tm:1083960,Кауа Пайшао,R,transfermarkt (kaggle transfermarkt-datasets),https://www.transfermarkt.com/-/profil/spieler/1083960,
tm:1084065,Аріелсон,R,transfermarkt (kaggle transfermarkt-datasets),https://www.transfermarkt.com/-/profil/spieler/1084065,
tm:108866,Дмитро Поспєлов,R,transfermarkt (kaggle transfermarkt-datasets),https://www.transfermarkt.com/-/profil/spieler/108866,
tm:1090422,Жан Педрозо,R,transfermarkt (kaggle transfermarkt-datasets),https://www.transfermarkt.com/-/profil/spieler/1090422,
tm:109314,Андрій Нестеров,R,transfermarkt (kaggle transfermarkt-datasets),https://www.transfermarkt.com/-/profil/spieler/109314,
tm:1098098,Дієго Арройо,L,transfermarkt (kaggle transfermarkt-datasets),https://www.transfermarkt.com/-/profil/spieler/1098098,
tm:1101761,Джовані Герберт,R,transfermarkt (kaggle transfermarkt-datasets),https://www.transfermarkt.com/-/profil/spieler/1101761,
tm:1105073,Анель Райс,R,transfermarkt (kaggle transfermarkt-datasets),https://www.transfermarkt.com/-/profil/spieler/1105073,
tm:110688,Сергій Логінов,R,transfermarkt (kaggle transfermarkt-datasets),https://www.transfermarkt.com/-/profil/spieler/110688,
tm:1109816,Іван Демиденко,R,transfermarkt (kaggle transfermarkt-datasets),https://www.transfermarkt.com/-/profil/spieler/1109816,
tm:111072,Владислав Огіря,R,transfermarkt (kaggle transfermarkt-datasets),https://www.transfermarkt.com/-/profil/spieler/111072,
tm:1111025,Бабукарр Фаал,L,transfermarkt (kaggle transfermarkt-datasets),https://www.transfermarkt.com/-/profil/spieler/1111025,
tm:1112706,Іван Матюшенко,R,transfermarkt (kaggle transfermarkt-datasets),https://www.transfermarkt.com/-/profil/spieler/1112706,
tm:111556,Йоонас Тамм,R,transfermarkt (kaggle transfermarkt-datasets),https://www.transfermarkt.com/-/profil/spieler/111556,
tm:1116038,Дмитро Шух,R,transfermarkt (kaggle transfermarkt-datasets),https://www.transfermarkt.com/-/profil/spieler/1116038,
tm:1118450,Данило Тузенко,R,transfermarkt (kaggle transfermarkt-datasets),https://www.transfermarkt.com/-/profil/spieler/1118450,
tm:1119009,Кауа Еліас,R,transfermarkt (kaggle transfermarkt-datasets),https://www.transfermarkt.com/-/profil/spieler/1119009,
tm:1121524,Денис Хмельовський,R,transfermarkt (kaggle transfermarkt-datasets),https://www.transfermarkt.com/-/profil/spieler/1121524,
tm:112364,В'ячеслав Рябов,R,transfermarkt (kaggle transfermarkt-datasets),https://www.transfermarkt.com/-/profil/spieler/112364,
tm:112640,Альдо Адорно,R,transfermarkt (kaggle transfermarkt-datasets),https://www.transfermarkt.com/-/profil/spieler/112640,
tm:1130335,Дмитро Годя,L,transfermarkt (kaggle transfermarkt-datasets),https://www.transfermarkt.com/-/profil/spieler/1130335,
tm:1134676,Данііл Ващенко,R,transfermarkt (kaggle transfermarkt-datasets),https://www.transfermarkt.com/-/profil/spieler/1134676,
tm:1136725,Денис Гаркавенко,L,transfermarkt (kaggle transfermarkt-datasets),https://www.transfermarkt.com/-/profil/spieler/1136725,
tm:1138480,Микола Киричок,R,transfermarkt (kaggle transfermarkt-datasets),https://www.transfermarkt.com/-/profil/spieler/1138480,
tm:1140013,Володимир Вілівальд,R,transfermarkt (kaggle transfermarkt-datasets),https://www.transfermarkt.com/-/profil/spieler/1140013,
tm:114019,Василь Павлов,R,transfermarkt (kaggle transfermarkt-datasets),https://www.transfermarkt.com/-/profil/spieler/114019,
tm:1141270,Богдан Токар,R,transfermarkt (kaggle transfermarkt-datasets),https://www.transfermarkt.com/-/profil/spieler/1141270,
tm:1143805,Олександр Цвіренко,R,transfermarkt (kaggle transfermarkt-datasets),https://www.transfermarkt.com/-/profil/spieler/1143805,
tm:1143806,Богдан Панчишин,R,transfermarkt (kaggle transfermarkt-datasets),https://www.transfermarkt.com/-/profil/spieler/1143806,
tm:1143809,Іван Бокало,R,transfermarkt (kaggle transfermarkt-datasets),https://www.transfermarkt.com/-/profil/spieler/1143809,
tm:1143811,Ярослав Шандра,R,transfermarkt (kaggle transfermarkt-datasets),https://www.transfermarkt.com/-/profil/spieler/1143811,
tm:1143823,Денис Довбецький,R,transfermarkt (kaggle transfermarkt-datasets),https://www.transfermarkt.com/-/profil/spieler/1143823,
tm:114398,Максим Максименко,R,transfermarkt (kaggle transfermarkt-datasets),https://www.transfermarkt.com/-/profil/spieler/114398,
tm:1159512,Олександр Козлов,R,transfermarkt (kaggle transfermarkt-datasets),https://www.transfermarkt.com/-/profil/spieler/1159512,
tm:1165884,Магомед Кратов,R,transfermarkt (kaggle transfermarkt-datasets),https://www.transfermarkt.com/-/profil/spieler/1165884,
tm:1173335,Даниїл Чечер,R,transfermarkt (kaggle transfermarkt-datasets),https://www.transfermarkt.com/-/profil/spieler/1173335,
tm:1179117,Владислав Шершень,R,transfermarkt (kaggle transfermarkt-datasets),https://www.transfermarkt.com/-/profil/spieler/1179117,
tm:1179284,Володимир Мулик,R,transfermarkt (kaggle transfermarkt-datasets),https://www.transfermarkt.com/-/profil/spieler/1179284,
tm:1179658,Пітер Ітодо,B,transfermarkt (kaggle transfermarkt-datasets),https://www.transfermarkt.com/-/profil/spieler/1179658,
tm:1180068,Данііл Денисенко,R,transfermarkt (kaggle transfermarkt-datasets),https://www.transfermarkt.com/-/profil/spieler/1180068,
tm:118022,Юнес Бельханда,R,transfermarkt (kaggle transfermarkt-datasets),https://www.transfermarkt.com/-/profil/spieler/118022,
tm:118283,Крістіан Ербес,R,transfermarkt (kaggle transfermarkt-datasets),https://www.transfermarkt.com/-/profil/spieler/118283,
tm:1186330,Антон Демченко,R,transfermarkt (kaggle transfermarkt-datasets),https://www.transfermarkt.com/-/profil/spieler/1186330,
tm:1187437,Тарас Лях,R,transfermarkt (kaggle transfermarkt-datasets),https://www.transfermarkt.com/-/profil/spieler/1187437,
tm:118850,Іван Ордець,R,transfermarkt (kaggle transfermarkt-datasets),https://www.transfermarkt.com/-/profil/spieler/118850,
tm:119434,Родріго Моледо,R,transfermarkt (kaggle transfermarkt-datasets),https://www.transfermarkt.com/-/profil/spieler/119434,
tm:1195407,Салью Ба,L,transfermarkt (kaggle transfermarkt-datasets),https://www.transfermarkt.com/-/profil/spieler/1195407,
tm:119717,Сергій Басов,R,transfermarkt (kaggle transfermarkt-datasets),https://www.transfermarkt.com/-/profil/spieler/119717,
tm:12064,Ігор Скоба,L,transfermarkt (kaggle transfermarkt-datasets),https://www.transfermarkt.com/-/profil/spieler/12064,
tm:1209124,Ростислав Баран,R,transfermarkt (kaggle transfermarkt-datasets),https://www.transfermarkt.com/-/profil/spieler/1209124,
tm:120996,Володимир Гудима,B,transfermarkt (kaggle transfermarkt-datasets),https://www.transfermarkt.com/-/profil/spieler/120996,
tm:121009,Максим Каленчук,R,transfermarkt (kaggle transfermarkt-datasets),https://www.transfermarkt.com/-/profil/spieler/121009,
tm:121011,Олександр Кочура,L,transfermarkt (kaggle transfermarkt-datasets),https://www.transfermarkt.com/-/profil/spieler/121011,
tm:121030,Ігор Семенина,L,transfermarkt (kaggle transfermarkt-datasets),https://www.transfermarkt.com/-/profil/spieler/121030,
tm:121218,Євген Єлісеєв,R,transfermarkt (kaggle transfermarkt-datasets),https://www.transfermarkt.com/-/profil/spieler/121218,
tm:1218821,Гуларт,L,transfermarkt (kaggle transfermarkt-datasets),https://www.transfermarkt.com/-/profil/spieler/1218821,
tm:1219752,Ісаке,R,transfermarkt (kaggle transfermarkt-datasets),https://www.transfermarkt.com/-/profil/spieler/1219752,
tm:1220143,Лука Мейреллес,R,transfermarkt (kaggle transfermarkt-datasets),https://www.transfermarkt.com/-/profil/spieler/1220143,
tm:122235,Дмитро Скоблов,R,transfermarkt (kaggle transfermarkt-datasets),https://www.transfermarkt.com/-/profil/spieler/122235,
tm:122361,Адерінсола Есеола,R,transfermarkt (kaggle transfermarkt-datasets),https://www.transfermarkt.com/-/profil/spieler/122361,
tm:123136,Алассан Ндіає,R,transfermarkt (kaggle transfermarkt-datasets),https://www.transfermarkt.com/-/profil/spieler/123136,
tm:123214,Володимир Коваль,B,transfermarkt (kaggle transfermarkt-datasets),https://www.transfermarkt.com/-/profil/spieler/123214,
tm:123366,Роман Годований,R,transfermarkt (kaggle transfermarkt-datasets),https://www.transfermarkt.com/-/profil/spieler/123366,
tm:1237939,Ілля Баденко,R,transfermarkt (kaggle transfermarkt-datasets),https://www.transfermarkt.com/-/profil/spieler/1237939,
tm:1237999,Самуель Обінайя,R,transfermarkt (kaggle transfermarkt-datasets),https://www.transfermarkt.com/-/profil/spieler/1237999,
tm:1239140,Хоель Мая,L,transfermarkt (kaggle transfermarkt-datasets),https://www.transfermarkt.com/-/profil/spieler/1239140,
tm:1240467,Артем Присяжнюк,L,transfermarkt (kaggle transfermarkt-datasets),https://www.transfermarkt.com/-/profil/spieler/1240467,
tm:124160,Андрій Гайдаш,R,transfermarkt (kaggle transfermarkt-datasets),https://www.transfermarkt.com/-/profil/spieler/124160,
tm:124182,Сергій Сидорчук,R,transfermarkt (kaggle transfermarkt-datasets),https://www.transfermarkt.com/-/profil/spieler/124182,
tm:124870,Лоренсо Ебесіліо,R,transfermarkt (kaggle transfermarkt-datasets),https://www.transfermarkt.com/-/profil/spieler/124870,
tm:1249850,Олександр Жовтенко,R,transfermarkt (kaggle transfermarkt-datasets),https://www.transfermarkt.com/-/profil/spieler/1249850,
tm:1250365,Михайло Раско,R,transfermarkt (kaggle transfermarkt-datasets),https://www.transfermarkt.com/-/profil/spieler/1250365,
tm:1250366,Кирило Кобернюк,R,transfermarkt (kaggle transfermarkt-datasets),https://www.transfermarkt.com/-/profil/spieler/1250366,
tm:1250868,Мухаммад Джурабаєв,R,transfermarkt (kaggle transfermarkt-datasets),https://www.transfermarkt.com/-/profil/spieler/1250868,
tm:125291,Еверсон Ліма,R,transfermarkt (kaggle transfermarkt-datasets),https://www.transfermarkt.com/-/profil/spieler/125291,
tm:1256101,Максим Шолупець,R,transfermarkt (kaggle transfermarkt-datasets),https://www.transfermarkt.com/-/profil/spieler/1256101,
tm:1262359,Федір Задорожний,L,transfermarkt (kaggle transfermarkt-datasets),https://www.transfermarkt.com/-/profil/spieler/1262359,
tm:1262360,Владислав Крамар,R,transfermarkt (kaggle transfermarkt-datasets),https://www.transfermarkt.com/-/profil/spieler/1262360,
tm:1263951,Артем Чорний,R,transfermarkt (kaggle transfermarkt-datasets),https://www.transfermarkt.com/-/profil/spieler/1263951,
tm:1266282,Ярослав Шевченко,R,transfermarkt (kaggle transfermarkt-datasets),https://www.transfermarkt.com/-/profil/spieler/1266282,
tm:127349,Майкон Олівейра,B,transfermarkt (kaggle transfermarkt-datasets),https://www.transfermarkt.com/-/profil/spieler/127349,
tm:1275071,Кауан Баптістелла,L,transfermarkt (kaggle transfermarkt-datasets),https://www.transfermarkt.com/-/profil/spieler/1275071,
tm:127770,Нурудін Орелесі,L,transfermarkt (kaggle transfermarkt-datasets),https://www.transfermarkt.com/-/profil/spieler/127770,
tm:127774,Гармоні Іканде,R,transfermarkt (kaggle transfermarkt-datasets),https://www.transfermarkt.com/-/profil/spieler/127774,
tm:1284125,Джеррі Йока,R,transfermarkt (kaggle transfermarkt-datasets),https://www.transfermarkt.com/-/profil/spieler/1284125,
tm:1290268,Олександр Пшеничнюк,R,transfermarkt (kaggle transfermarkt-datasets),https://www.transfermarkt.com/-/profil/spieler/1290268,
tm:1291231,Назар Попов,R,transfermarkt (kaggle transfermarkt-datasets),https://www.transfermarkt.com/-/profil/spieler/1291231,
tm:1291232,Дмитро Мурашко,R,transfermarkt (kaggle transfermarkt-datasets),https://www.transfermarkt.com/-/profil/spieler/1291232,
tm:1291835,Дмитро Себро,R,transfermarkt (kaggle transfermarkt-datasets),https://www.transfermarkt.com/-/profil/spieler/1291835,
tm:1291837,Михайло Дзюн,R,transfermarkt (kaggle transfermarkt-datasets),https://www.transfermarkt.com/-/profil/spieler/1291837,
tm:1293290,Євген Маяков,R,transfermarkt (kaggle transfermarkt-datasets),https://www.transfermarkt.com/-/profil/spieler/1293290,
tm:1293298,Матвій Боднар,R,transfermarkt (kaggle transfermarkt-datasets),https://www.transfermarkt.com/-/profil/spieler/1293298,
tm:1293390,Олексій Безручук,R,transfermarkt (kaggle transfermarkt-datasets),https://www.transfermarkt.com/-/profil/spieler/1293390,
tm:1293451,Олександр Фещенко,R,transfermarkt (kaggle transfermarkt-datasets),https://www.transfermarkt.com/-/profil/spieler/1293451,
tm:1293692,Назар Прокопенко,R,transfermarkt (kaggle transfermarkt-datasets),https://www.transfermarkt.com/-/profil/spieler/1293692,
tm:1294033,Ярослав Караман,R,transfermarkt (kaggle transfermarkt-datasets),https://www.transfermarkt.com/-/profil/spieler/1294033,
tm:1295300,Олексій Товарчі,R,transfermarkt (kaggle transfermarkt-datasets),https://www.transfermarkt.com/-/profil/spieler/1295300,
tm:130041,Дмитро Гречишкін,R,transfermarkt (kaggle transfermarkt-datasets),https://www.transfermarkt.com/-/profil/spieler/130041,
tm:130196,Євген Колесник,R,transfermarkt (kaggle transfermarkt-datasets),https://www.transfermarkt.com/-/profil/spieler/130196,
tm:13028,Ерік Матуку,R,transfermarkt (kaggle transfermarkt-datasets),https://www.transfermarkt.com/-/profil/spieler/13028,
tm:13113,Марко Не,R,transfermarkt (kaggle transfermarkt-datasets),https://www.transfermarkt.com/-/profil/spieler/13113,
tm:131257,Джонатан Моя,R,transfermarkt (kaggle transfermarkt-datasets),https://www.transfermarkt.com/-/profil/spieler/131257,
tm:131694,Оларенваджу Кайоде,R,transfermarkt (kaggle transfermarkt-datasets),https://www.transfermarkt.com/-/profil/spieler/131694,
tm:132999,Іван Рогач,R,transfermarkt (kaggle transfermarkt-datasets),https://www.transfermarkt.com/-/profil/spieler/132999,
tm:135172,Ігор Озарків,R,transfermarkt (kaggle transfermarkt-datasets),https://www.transfermarkt.com/-/profil/spieler/135172,
tm:1362423,Ерікі,R,transfermarkt (kaggle transfermarkt-datasets),https://www.transfermarkt.com/-/profil/spieler/1362423,
tm:1375876,Дієго Енріке,L,transfermarkt (kaggle transfermarkt-datasets),https://www.transfermarkt.com/-/profil/spieler/1375876,
tm:138292,Борис Тащі,R,transfermarkt (kaggle transfermarkt-datasets),https://www.transfermarkt.com/-/profil/spieler/138292,
tm:139943,Івиця Жунич,R,transfermarkt (kaggle transfermarkt-datasets),https://www.transfermarkt.com/-/profil/spieler/139943,
tm:140461,Артем Рахманов,R,transfermarkt (kaggle transfermarkt-datasets),https://www.transfermarkt.com/-/profil/spieler/140461,
tm:140561,Майкл Одібе,R,transfermarkt (kaggle transfermarkt-datasets),https://www.transfermarkt.com/-/profil/spieler/140561,
tm:140676,Кирило Ковалець,R,transfermarkt (kaggle transfermarkt-datasets),https://www.transfermarkt.com/-/profil/spieler/140676,
tm:1417090,Алагі Валлі,R,transfermarkt (kaggle transfermarkt-datasets),https://www.transfermarkt.com/-/profil/spieler/1417090,
tm:1434798,Кирило Рибак,R,transfermarkt (kaggle transfermarkt-datasets),https://www.transfermarkt.com/-/profil/spieler/1434798,
tm:1436068,Олександр Дєдов,R,transfermarkt (kaggle transfermarkt-datasets),https://www.transfermarkt.com/-/profil/spieler/1436068,
tm:143967,Артур Новотрясов,R,transfermarkt (kaggle transfermarkt-datasets),https://www.transfermarkt.com/-/profil/spieler/143967,
tm:1447744,Тутті,R,transfermarkt (kaggle transfermarkt-datasets),https://www.transfermarkt.com/-/profil/spieler/1447744,
tm:1448405,Віктор Адеоє,R,transfermarkt (kaggle transfermarkt-datasets),https://www.transfermarkt.com/-/profil/spieler/1448405,
tm:146725,Мілош Стаменкович,R,transfermarkt (kaggle transfermarkt-datasets),https://www.transfermarkt.com/-/profil/spieler/146725,
tm:14927,Олексій Бєлік,B,transfermarkt (kaggle transfermarkt-datasets),https://www.transfermarkt.com/-/profil/spieler/14927,
tm:14934,Маріуш Левандовський,R,transfermarkt (kaggle transfermarkt-datasets),https://www.transfermarkt.com/-/profil/spieler/14934,
tm:14939,Адріан Пуканич,B,transfermarkt (kaggle transfermarkt-datasets),https://www.transfermarkt.com/-/profil/spieler/14939,
tm:14945,Андрій Воробєй,R,transfermarkt (kaggle transfermarkt-datasets),https://www.transfermarkt.com/-/profil/spieler/14945,
tm:150284,Віталійс Ягодинскіс,R,transfermarkt (kaggle transfermarkt-datasets),https://www.transfermarkt.com/-/profil/spieler/150284,
tm:1522779,Давід Нійо,L,transfermarkt (kaggle transfermarkt-datasets),https://www.transfermarkt.com/-/profil/spieler/1522779,
tm:15463,Жорді Лопес,R,transfermarkt (kaggle transfermarkt-datasets),https://www.transfermarkt.com/-/profil/spieler/15463,
tm:155861,Руслан Зубков,R,transfermarkt (kaggle transfermarkt-datasets),https://www.transfermarkt.com/-/profil/spieler/155861,
tm:15593,Сергій Самодін,R,transfermarkt (kaggle transfermarkt-datasets),https://www.transfermarkt.com/-/profil/spieler/15593,
tm:15596,Богдан Шершун,L,transfermarkt (kaggle transfermarkt-datasets),https://www.transfermarkt.com/-/profil/spieler/15596,
tm:156128,Андрій Пилявський,R,transfermarkt (kaggle transfermarkt-datasets),https://www.transfermarkt.com/-/profil/spieler/156128,
tm:156556,Венцислав Христов,R,transfermarkt (kaggle transfermarkt-datasets),https://www.transfermarkt.com/-/profil/spieler/156556,
tm:157373,Владлен Юрченко,R,transfermarkt (kaggle transfermarkt-datasets),https://www.transfermarkt.com/-/profil/spieler/157373,
tm:157849,Лукаш Теодорчик,R,transfermarkt (kaggle transfermarkt-datasets),https://www.transfermarkt.com/-/profil/spieler/157849,
tm:160109,Арні Вільхамссон,B,transfermarkt (kaggle transfermarkt-datasets),https://www.transfermarkt.com/-/profil/spieler/160109,
tm:162952,Гаетано Монакелло,L,transfermarkt (kaggle transfermarkt-datasets),https://www.transfermarkt.com/-/profil/spieler/162952,
tm:164247,Степан Гірський,R,transfermarkt (kaggle transfermarkt-datasets),https://www.transfermarkt.com/-/profil/spieler/164247,
tm:164292,Фран Соль,R,transfermarkt (kaggle transfermarkt-datasets),https://www.transfermarkt.com/-/profil/spieler/164292,
tm:165825,Давид Хочолава,R,transfermarkt (kaggle transfermarkt-datasets),https://www.transfermarkt.com/-/profil/spieler/165825,
tm:166230,Йосип Вукович,B,transfermarkt (kaggle transfermarkt-datasets),https://www.transfermarkt.com/-/profil/spieler/166230,
tm:166584,Микита Полюлях,R,transfermarkt (kaggle transfermarkt-datasets),https://www.transfermarkt.com/-/profil/spieler/166584,
tm:167032,Ілля Михальов,R,transfermarkt (kaggle transfermarkt-datasets),https://www.transfermarkt.com/-/profil/spieler/167032,
tm:167093,Александар Пантич,R,transfermarkt (kaggle transfermarkt-datasets),https://www.transfermarkt.com/-/profil/spieler/167093,
tm:16746,Ніко Кранчар,B,transfermarkt (kaggle transfermarkt-datasets),https://www.transfermarkt.com/-/profil/spieler/16746,
tm:167553,Антон Братков,R,transfermarkt (kaggle transfermarkt-datasets),https://www.transfermarkt.com/-/profil/spieler/167553,
tm:167556,Владислав Кулач,R,transfermarkt (kaggle transfermarkt-datasets),https://www.transfermarkt.com/-/profil/spieler/167556,
tm:167863,Донатас Казлаускас,R,transfermarkt (kaggle transfermarkt-datasets),https://www.transfermarkt.com/-/profil/spieler/167863,
tm:168041,Михайло Шишка,R,transfermarkt (kaggle transfermarkt-datasets),https://www.transfermarkt.com/-/profil/spieler/168041,
tm:168292,Леван Арвеладзе,R,transfermarkt (kaggle transfermarkt-datasets),https://www.transfermarkt.com/-/profil/spieler/168292,
tm:168376,Сергій Шаповал,R,transfermarkt (kaggle transfermarkt-datasets),https://www.transfermarkt.com/-/profil/spieler/168376,
tm:169679,Ярослав Ямполь,L,transfermarkt (kaggle transfermarkt-datasets),https://www.transfermarkt.com/-/profil/spieler/169679,
tm:170245,Артем Фаворов,R,transfermarkt (kaggle transfermarkt-datasets),https://www.transfermarkt.com/-/profil/spieler/170245,
tm:170354,Сергій Вакуленко,R,transfermarkt (kaggle transfermarkt-datasets),https://www.transfermarkt.com/-/profil/spieler/170354,
tm:170919,Прінс Сегбефія,R,transfermarkt (kaggle transfermarkt-datasets),https://www.transfermarkt.com/-/profil/spieler/170919,
tm:171730,Гліб Рассадкін,R,transfermarkt (kaggle transfermarkt-datasets),https://www.transfermarkt.com/-/profil/spieler/171730,
tm:173079,Олександр Васильєв,R,transfermarkt (kaggle transfermarkt-datasets),https://www.transfermarkt.com/-/profil/spieler/173079,
tm:176409,Ігор Дуць,R,transfermarkt (kaggle transfermarkt-datasets),https://www.transfermarkt.com/-/profil/spieler/176409,
tm:176562,Роже Гоміс,R,transfermarkt (kaggle transfermarkt-datasets),https://www.transfermarkt.com/-/profil/spieler/176562,
tm:177010,Сергій Мельник,R,transfermarkt (kaggle transfermarkt-datasets),https://www.transfermarkt.com/-/profil/spieler/177010,
tm:177280,Віталій Гемега,L,transfermarkt (kaggle transfermarkt-datasets),https://www.transfermarkt.com/-/profil/spieler/177280,
tm:177291,Станіслав Причиненко,R,transfermarkt (kaggle transfermarkt-datasets),https://www.transfermarkt.com/-/profil/spieler/177291,
tm:178862,Ніка Сандохадзе,R,transfermarkt (kaggle transfermarkt-datasets),https://www.transfermarkt.com/-/profil/spieler/178862,
tm:179624,Абайомі Сеун,B,transfermarkt (kaggle transfermarkt-datasets),https://www.transfermarkt.com/-/profil/spieler/179624,
tm:181006,Густаво Бланко Лещук,R,transfermarkt (kaggle transfermarkt-datasets),https://www.transfermarkt.com/-/profil/spieler/181006,
tm:187622,Кваме Карікарі,L,transfermarkt (kaggle transfermarkt-datasets),https://www.transfermarkt.com/-/profil/spieler/187622,
tm:190333,Фарес Бахлулі,R,transfermarkt (kaggle transfermarkt-datasets),https://www.transfermarkt.com/-/profil/spieler/190333,
tm:191614,Фред,B,transfermarkt (kaggle transfermarkt-datasets),https://www.transfermarkt.com/-/profil/spieler/191614,
tm:192897,Аді Мехремич,L,transfermarkt (kaggle transfermarkt-datasets),https://www.transfermarkt.com/-/profil/spieler/192897,
tm:193257,Владислав Гельзін,R,transfermarkt (kaggle transfermarkt-datasets),https://www.transfermarkt.com/-/profil/spieler/193257,
tm:193323,Максим Дегтярьов,R,transfermarkt (kaggle transfermarkt-datasets),https://www.transfermarkt.com/-/profil/spieler/193323,
tm:197078,Давид Пуцлін,R,transfermarkt (kaggle transfermarkt-datasets),https://www.transfermarkt.com/-/profil/spieler/197078,
tm:198005,Крістіан Понде,R,transfermarkt (kaggle transfermarkt-datasets),https://www.transfermarkt.com/-/profil/spieler/198005,
tm:19819,Раффаел,R,transfermarkt (kaggle transfermarkt-datasets),https://www.transfermarkt.com/-/profil/spieler/19819,
tm:198264,Артур Загорулько,R,transfermarkt (kaggle transfermarkt-datasets),https://www.transfermarkt.com/-/profil/spieler/198264,
tm:198967,Міхкель Айнсалу,B,transfermarkt (kaggle transfermarkt-datasets),https://www.transfermarkt.com/-/profil/spieler/198967,
tm:200320,Кевін Кубемба,R,transfermarkt (kaggle transfermarkt-datasets),https://www.transfermarkt.com/-/profil/spieler/200320,
tm:20137,Хосе Соса,R,transfermarkt (kaggle transfermarkt-datasets),https://www.transfermarkt.com/-/profil/spieler/20137,
tm:203842,Віктор Коваленко,R,transfermarkt (kaggle transfermarkt-datasets),https://www.transfermarkt.com/-/profil/spieler/203842,
tm:203854,Андрій Борячук,R,transfermarkt (kaggle transfermarkt-datasets),https://www.transfermarkt.com/-/profil/spieler/203854,
tm:203856,Іван Лобай,R,transfermarkt (kaggle transfermarkt-datasets),https://www.transfermarkt.com/-/profil/spieler/203856,
tm:204045,Бека Вачіберадзе,L,transfermarkt (kaggle transfermarkt-datasets),https://www.transfermarkt.com/-/profil/spieler/204045,
tm:204396,Станіслав-Нурі Малиш,R,transfermarkt (kaggle transfermarkt-datasets),https://www.transfermarkt.com/-/profil/spieler/204396,
tm:204406,Артем Радченко,R,transfermarkt (kaggle transfermarkt-datasets),https://www.transfermarkt.com/-/profil/spieler/204406,
tm:204560,Міха Горопевшек,B,transfermarkt (kaggle transfermarkt-datasets),https://www.transfermarkt.com/-/profil/spieler/204560,
tm:205758,Демір Імері,R,transfermarkt (kaggle transfermarkt-datasets),https://www.transfermarkt.com/-/profil/spieler/205758,
tm:205849,Джоко Зайков,R,transfermarkt (kaggle transfermarkt-datasets),https://www.transfermarkt.com/-/profil/spieler/205849,
tm:206053,Гор Малакян,R,transfermarkt (kaggle transfermarkt-datasets),https://www.transfermarkt.com/-/profil/spieler/206053,
tm:206890,Олександр Лучик,R,transfermarkt (kaggle transfermarkt-datasets),https://www.transfermarkt.com/-/profil/spieler/206890,
tm:207074,Олександр Андрієвський,L,transfermarkt (kaggle transfermarkt-datasets),https://www.transfermarkt.com/-/profil/spieler/207074,
tm:207877,Руслан Маліновський,L,transfermarkt (kaggle transfermarkt-datasets),https://www.transfermarkt.com/-/profil/spieler/207877,
tm:210109,Алессандро,R,transfermarkt (kaggle transfermarkt-datasets),https://www.transfermarkt.com/-/profil/spieler/210109,
tm:211117,Жонатан Ліма,R,transfermarkt (kaggle transfermarkt-datasets),https://www.transfermarkt.com/-/profil/spieler/211117,
tm:211313,Олександр Азацький,L,transfermarkt (kaggle transfermarkt-datasets),https://www.transfermarkt.com/-/profil/spieler/211313,
tm:211318,Руслан Паламар,R,transfermarkt (kaggle transfermarkt-datasets),https://www.transfermarkt.com/-/profil/spieler/211318,
tm:211734,Артем Філімонов,L,transfermarkt (kaggle transfermarkt-datasets),https://www.transfermarkt.com/-/profil/spieler/211734,
tm:212232,Амбросій Чачуа,R,transfermarkt (kaggle transfermarkt-datasets),https://www.transfermarkt.com/-/profil/spieler/212232,
tm:212243,Дмитро Мишньов,R,transfermarkt (kaggle transfermarkt-datasets),https://www.transfermarkt.com/-/profil/spieler/212243,
tm:213271,Лео,L,transfermarkt (kaggle transfermarkt-datasets),https://www.transfermarkt.com/-/profil/spieler/213271,
tm:213429,Емерсон,R,transfermarkt (kaggle transfermarkt-datasets),https://www.transfermarkt.com/-/profil/spieler/213429,
tm:213452,Юрій Ткачук,B,transfermarkt (kaggle transfermarkt-datasets),https://www.transfermarkt.com/-/profil/spieler/213452,
tm:213865,Микита Бурда,R,transfermarkt (kaggle transfermarkt-datasets),https://www.transfermarkt.com/-/profil/spieler/213865,
tm:213974,Артем Габелок,L,transfermarkt (kaggle transfermarkt-datasets),https://www.transfermarkt.com/-/profil/spieler/213974,
tm:213975,Тарас Качараба,R,transfermarkt (kaggle transfermarkt-datasets),https://www.transfermarkt.com/-/profil/spieler/213975,
tm:213976,Ігор Харатін,R,transfermarkt (kaggle transfermarkt-datasets),https://www.transfermarkt.com/-/profil/spieler/213976,
tm:213980,В'ячеслав Танковський,R,transfermarkt (kaggle transfermarkt-datasets),https://www.transfermarkt.com/-/profil/spieler/213980,
tm:215596,Шериф Іса,L,transfermarkt (kaggle transfermarkt-datasets),https://www.transfermarkt.com/-/profil/spieler/215596,
tm:216639,Фуссені Бамба,R,transfermarkt (kaggle transfermarkt-datasets),https://www.transfermarkt.com/-/profil/spieler/216639,
tm:216842,Микола Вечурко,R,transfermarkt (kaggle transfermarkt-datasets),https://www.transfermarkt.com/-/profil/spieler/216842,
tm:221958,Роман Яремчук,R,transfermarkt (kaggle transfermarkt-datasets),https://www.transfermarkt.com/-/profil/spieler/221958,
tm:222079,Руслан Степанюк,B,transfermarkt (kaggle transfermarkt-datasets),https://www.transfermarkt.com/-/profil/spieler/222079,
tm:222686,Манджрекар Джеймс,R,transfermarkt (kaggle transfermarkt-datasets),https://www.transfermarkt.com/-/profil/spieler/222686,
tm:223779,Маріо Аркес,R,transfermarkt (kaggle transfermarkt-datasets),https://www.transfermarkt.com/-/profil/spieler/223779,
tm:224164,Ростислав Тарануха,R,transfermarkt (kaggle transfermarkt-datasets),https://www.transfermarkt.com/-/profil/spieler/224164,
tm:224736,Артем Барановський,R,transfermarkt (kaggle transfermarkt-datasets),https://www.transfermarkt.com/-/profil/spieler/224736,
tm:226093,Лоренцо Шимич,R,transfermarkt (kaggle transfermarkt-datasets),https://www.transfermarkt.com/-/profil/spieler/226093,
tm:226102,Фране Войкович,L,transfermarkt (kaggle transfermarkt-datasets),https://www.transfermarkt.com/-/profil/spieler/226102,
tm:226208,Володимир Доронін,R,transfermarkt (kaggle transfermarkt-datasets),https://www.transfermarkt.com/-/profil/spieler/226208,
tm:228847,Микола Жовтюк,R,transfermarkt (kaggle transfermarkt-datasets),https://www.transfermarkt.com/-/profil/spieler/228847,
tm:229320,Даніель Романовський,R,transfermarkt (kaggle transfermarkt-datasets),https://www.transfermarkt.com/-/profil/spieler/229320,
tm:232612,Євген Смирнов,R,transfermarkt (kaggle transfermarkt-datasets),https://www.transfermarkt.com/-/profil/spieler/232612,
tm:232644,Олександр Калітов,R,transfermarkt (kaggle transfermarkt-datasets),https://www.transfermarkt.com/-/profil/spieler/232644,
tm:23443,Ондржей Мазух,R,transfermarkt (kaggle transfermarkt-datasets),https://www.transfermarkt.com/-/profil/spieler/23443,
tm:234820,Родріго Варгас,R,transfermarkt (kaggle transfermarkt-datasets),https://www.transfermarkt.com/-/profil/spieler/234820,
tm:237623,Олександр Філіппов,R,transfermarkt (kaggle transfermarkt-datasets),https://www.transfermarkt.com/-/profil/spieler/237623,
tm:237655,Віктор Ряшко,R,transfermarkt (kaggle transfermarkt-datasets),https://www.transfermarkt.com/-/profil/spieler/237655,
tm:237947,Рум'ян Овсепян,R,transfermarkt (kaggle transfermarkt-datasets),https://www.transfermarkt.com/-/profil/spieler/237947,
tm:24000,В'ячеслав Чечер,R,transfermarkt (kaggle transfermarkt-datasets),https://www.transfermarkt.com/-/profil/spieler/24000,
tm:24008,Рубен Гомес,R,transfermarkt (kaggle transfermarkt-datasets),https://www.transfermarkt.com/-/profil/spieler/24008,
tm:24010,Олександр Грицай,R,transfermarkt (kaggle transfermarkt-datasets),https://www.transfermarkt.com/-/profil/spieler/24010,
tm:24011,Бобан Грнчаров,R,transfermarkt (kaggle transfermarkt-datasets),https://www.transfermarkt.com/-/profil/spieler/24011,
tm:24026,Костянтин Кравченко,L,transfermarkt (kaggle transfermarkt-datasets),https://www.transfermarkt.com/-/profil/spieler/24026,
tm:24032,Віталій Лисицький,R,transfermarkt (kaggle transfermarkt-datasets),https://www.transfermarkt.com/-/profil/spieler/24032,
tm:24049,Руслан Ротань,B,transfermarkt (kaggle transfermarkt-datasets),https://www.transfermarkt.com/-/profil/spieler/24049,
tm:24054,Олег Шелаєв,R,transfermarkt (kaggle transfermarkt-datasets),https://www.transfermarkt.com/-/profil/spieler/24054,
tm:24061,Сергій Валяєв,R,transfermarkt (kaggle transfermarkt-datasets),https://www.transfermarkt.com/-/profil/spieler/24061,
tm:241686,Олександр Лебеденко,R,transfermarkt (kaggle transfermarkt-datasets),https://www.transfermarkt.com/-/profil/spieler/241686,
tm:241687,Андрій Міщенко,R,transfermarkt (kaggle transfermarkt-datasets),https://www.transfermarkt.com/-/profil/spieler/241687,
tm:241700,Ніка Січінава,R,transfermarkt (kaggle transfermarkt-datasets),https://www.transfermarkt.com/-/profil/spieler/241700,
tm:242272,Євген Банада,R,transfermarkt (kaggle transfermarkt-datasets),https://www.transfermarkt.com/-/profil/spieler/242272,
tm:242279,Олексій Дитятьєв,R,transfermarkt (kaggle transfermarkt-datasets),https://www.transfermarkt.com/-/profil/spieler/242279,
tm:243843,Олег Тарасенко,R,transfermarkt (kaggle transfermarkt-datasets),https://www.transfermarkt.com/-/profil/spieler/243843,
tm:244165,Микита Корзун,R,transfermarkt (kaggle transfermarkt-datasets),https://www.transfermarkt.com/-/profil/spieler/244165,
tm:244264,Владислав Павленко,R,transfermarkt (kaggle transfermarkt-datasets),https://www.transfermarkt.com/-/profil/spieler/244264,
tm:244271,Олександр Сваток,R,transfermarkt (kaggle transfermarkt-datasets),https://www.transfermarkt.com/-/profil/spieler/244271,
tm:244915,Олексій Зінкевич,R,transfermarkt (kaggle transfermarkt-datasets),https://www.transfermarkt.com/-/profil/spieler/244915,
tm:245021,Сергій Чоботенко,R,transfermarkt (kaggle transfermarkt-datasets),https://www.transfermarkt.com/-/profil/spieler/245021,
tm:24880,Артур,R,transfermarkt (kaggle transfermarkt-datasets),https://www.transfermarkt.com/-/profil/spieler/24880,
tm:248936,Павло Оріховський,R,transfermarkt (kaggle transfermarkt-datasets),https://www.transfermarkt.com/-/profil/spieler/248936,
tm:249639,Євген Місюра,R,transfermarkt (kaggle transfermarkt-datasets),https://www.transfermarkt.com/-/profil/spieler/249639,
tm:24976,Ванче Шиков,R,transfermarkt (kaggle transfermarkt-datasets),https://www.transfermarkt.com/-/profil/spieler/24976,
tm:250416,Фране Чир'як,L,transfermarkt (kaggle transfermarkt-datasets),https://www.transfermarkt.com/-/profil/spieler/250416,
tm:251676,Ріфет Капич,L,transfermarkt (kaggle transfermarkt-datasets),https://www.transfermarkt.com/-/profil/spieler/251676,
tm:252778,Валерій Курелех,R,transfermarkt (kaggle transfermarkt-datasets),https://www.transfermarkt.com/-/profil/spieler/252778,
tm:254985,Таулант Сефері,R,transfermarkt (kaggle transfermarkt-datasets),https://www.transfermarkt.com/-/profil/spieler/254985,
tm:255443,Лука Коберідзе,R,transfermarkt (kaggle transfermarkt-datasets),https://www.transfermarkt.com/-/profil/spieler/255443,
tm:255635,Євген Чумак,L,transfermarkt (kaggle transfermarkt-datasets),https://www.transfermarkt.com/-/profil/spieler/255635,
tm:255638,Дмитро Кравченко,R,transfermarkt (kaggle transfermarkt-datasets),https://www.transfermarkt.com/-/profil/spieler/255638,
tm:255639,Дмитро Луканов,R,transfermarkt (kaggle transfermarkt-datasets),https://www.transfermarkt.com/-/profil/spieler/255639,
tm:255641,Сергій Сизий,R,transfermarkt (kaggle transfermarkt-datasets),https://www.transfermarkt.com/-/profil/spieler/255641,
tm:256213,Максим Малишев,R,transfermarkt (kaggle transfermarkt-datasets),https://www.transfermarkt.com/-/profil/spieler/256213,
tm:256942,Хайдін Саліху,R,transfermarkt (kaggle transfermarkt-datasets),https://www.transfermarkt.com/-/profil/spieler/256942,
tm:25732,Дмитро Чигринський,R,transfermarkt (kaggle transfermarkt-datasets),https://www.transfermarkt.com/-/profil/spieler/25732,
tm:257461,Неманя Іванович,R,transfermarkt (kaggle transfermarkt-datasets),https://www.transfermarkt.com/-/profil/spieler/257461,
tm:25758,Джаба Канкава,B,transfermarkt (kaggle transfermarkt-datasets),https://www.transfermarkt.com/-/profil/spieler/25758,
tm:25780,Аїла Юссуф,R,transfermarkt (kaggle transfermarkt-datasets),https://www.transfermarkt.com/-/profil/spieler/25780,
tm:25821,Олександр Бондаренко,R,transfermarkt (kaggle transfermarkt-datasets),https://www.transfermarkt.com/-/profil/spieler/25821,
tm:25845,Олексій Антонов,B,transfermarkt (kaggle transfermarkt-datasets),https://www.transfermarkt.com/-/profil/spieler/25845,
tm:25891,Анатолій Діденко,B,transfermarkt (kaggle transfermarkt-datasets),https://www.transfermarkt.com/-/profil/spieler/25891,
tm:259869,Владислав Нехтій,R,transfermarkt (kaggle transfermarkt-datasets),https://www.transfermarkt.com/-/profil/spieler/259869,
tm:261550,Неманя Анджушич,R,transfermarkt (kaggle transfermarkt-datasets),https://www.transfermarkt.com/-/profil/spieler/261550,
tm:262182,Роман Дебелко,R,transfermarkt (kaggle transfermarkt-datasets),https://www.transfermarkt.com/-/profil/spieler/262182,
tm:26267,Фернандіньйо,R,transfermarkt (kaggle transfermarkt-datasets),https://www.transfermarkt.com/-/profil/spieler/26267,
tm:263217,Руслан Кисіль,R,transfermarkt (kaggle transfermarkt-datasets),https://www.transfermarkt.com/-/profil/spieler/263217,
tm:265267,Віктор Хомченко,R,transfermarkt (kaggle transfermarkt-datasets),https://www.transfermarkt.com/-/profil/spieler/265267,
tm:267330,Джоель Абу Ханна,L,transfermarkt (kaggle transfermarkt-datasets),https://www.transfermarkt.com/-/profil/spieler/267330,
tm:269371,Денис Безбородько,R,transfermarkt (kaggle transfermarkt-datasets),https://www.transfermarkt.com/-/profil/spieler/269371,
tm:269677,Владислав Краєв,L,transfermarkt (kaggle transfermarkt-datasets),https://www.transfermarkt.com/-/profil/spieler/269677,
tm:270019,Реальдо Філі,R,transfermarkt (kaggle transfermarkt-datasets),https://www.transfermarkt.com/-/profil/spieler/270019,
tm:27108,Константінос Макрідіс,R,transfermarkt (kaggle transfermarkt-datasets),https://www.transfermarkt.com/-/profil/spieler/27108,
tm:271432,Сергій Курта,R,transfermarkt (kaggle transfermarkt-datasets),https://www.transfermarkt.com/-/profil/spieler/271432,
tm:271665,Ігор Загальський,L,transfermarkt (kaggle transfermarkt-datasets),https://www.transfermarkt.com/-/profil/spieler/271665,
tm:27236,Неманя Рнич,R,transfermarkt (kaggle transfermarkt-datasets),https://www.transfermarkt.com/-/profil/spieler/27236,
tm:272624,Давід Фопала,R,transfermarkt (kaggle transfermarkt-datasets),https://www.transfermarkt.com/-/profil/spieler/272624,
tm:272816,Юрій Глущук,R,transfermarkt (kaggle transfermarkt-datasets),https://www.transfermarkt.com/-/profil/spieler/272816,
tm:272934,Артем Недоля,B,transfermarkt (kaggle transfermarkt-datasets),https://www.transfermarkt.com/-/profil/spieler/272934,
tm:273236,Марлон,R,transfermarkt (kaggle transfermarkt-datasets),https://www.transfermarkt.com/-/profil/spieler/273236,
tm:273341,Валерій Кучеров,R,transfermarkt (kaggle transfermarkt-datasets),https://www.transfermarkt.com/-/profil/spieler/273341,
tm:273641,Василь Білий,L,transfermarkt (kaggle transfermarkt-datasets),https://www.transfermarkt.com/-/profil/spieler/273641,
tm:27378,Клейтон Шав'єр,B,transfermarkt (kaggle transfermarkt-datasets),https://www.transfermarkt.com/-/profil/spieler/27378,
tm:27954,Огнєн Вукоєвич,R,transfermarkt (kaggle transfermarkt-datasets),https://www.transfermarkt.com/-/profil/spieler/27954,
tm:280064,Олександр Аксьонов,R,transfermarkt (kaggle transfermarkt-datasets),https://www.transfermarkt.com/-/profil/spieler/280064,
tm:280076,Семен Даценко,R,transfermarkt (kaggle transfermarkt-datasets),https://www.transfermarkt.com/-/profil/spieler/280076,
tm:280234,Олексій Савченко,R,transfermarkt (kaggle transfermarkt-datasets),https://www.transfermarkt.com/-/profil/spieler/280234,
tm:282280,Вадим Страшкевич,R,transfermarkt (kaggle transfermarkt-datasets),https://www.transfermarkt.com/-/profil/spieler/282280,
tm:282329,Тіаго Ромуло,L,transfermarkt (kaggle transfermarkt-datasets),https://www.transfermarkt.com/-/profil/spieler/282329,
tm:285040,Дмитро Ярчук,L,transfermarkt (kaggle transfermarkt-datasets),https://www.transfermarkt.com/-/profil/spieler/285040,
tm:287015,Олів'є Тілль,R,transfermarkt (kaggle transfermarkt-datasets),https://www.transfermarkt.com/-/profil/spieler/287015,
tm:288854,Секу Конде,R,transfermarkt (kaggle transfermarkt-datasets),https://www.transfermarkt.com/-/profil/spieler/288854,
tm:289434,Сесе Пепе,R,transfermarkt (kaggle transfermarkt-datasets),https://www.transfermarkt.com/-/profil/spieler/289434,
tm:289472,Микита Безуглий,R,transfermarkt (kaggle transfermarkt-datasets),https://www.transfermarkt.com/-/profil/spieler/289472,
tm:289802,Рафаел Ратао,R,transfermarkt (kaggle transfermarkt-datasets),https://www.transfermarkt.com/-/profil/spieler/289802,
tm:290571,Альваро Нгамба,R,transfermarkt (kaggle transfermarkt-datasets),https://www.transfermarkt.com/-/profil/spieler/290571,
tm:292570,Євген Мартиненко,R,transfermarkt (kaggle transfermarkt-datasets),https://www.transfermarkt.com/-/profil/spieler/292570,
tm:293253,Михайло Перович,R,transfermarkt (kaggle transfermarkt-datasets),https://www.transfermarkt.com/-/profil/spieler/293253,
tm:294188,Дмитро Кльоц,R,transfermarkt (kaggle transfermarkt-datasets),https://www.transfermarkt.com/-/profil/spieler/294188,
tm:294201,Роман Стефурак,L,transfermarkt (kaggle transfermarkt-datasets),https://www.transfermarkt.com/-/profil/spieler/294201,
tm:294746,Володимир Шепелєв,R,transfermarkt (kaggle transfermarkt-datasets),https://www.transfermarkt.com/-/profil/spieler/294746,
tm:294780,Олександр Піхальонок,L,transfermarkt (kaggle transfermarkt-datasets),https://www.transfermarkt.com/-/profil/spieler/294780,
tm:294786,Святослав Шаповалов,R,transfermarkt (kaggle transfermarkt-datasets),https://www.transfermarkt.com/-/profil/spieler/294786,
tm:295178,Ардіт Толі,R,transfermarkt (kaggle transfermarkt-datasets),https://www.transfermarkt.com/-/profil/spieler/295178,
tm:295309,Алію Абубакар,R,transfermarkt (kaggle transfermarkt-datasets),https://www.transfermarkt.com/-/profil/spieler/295309,
tm:295429,Мохамед Бен Салем,R,transfermarkt (kaggle transfermarkt-datasets),https://www.transfermarkt.com/-/profil/spieler/295429,
tm:295613,Іван Брікнер,L,transfermarkt (kaggle transfermarkt-datasets),https://www.transfermarkt.com/-/profil/spieler/295613,
tm:295845,Ігор Курило,L,transfermarkt (kaggle transfermarkt-datasets),https://www.transfermarkt.com/-/profil/spieler/295845,
tm:29671,Олег Шандрук,R,transfermarkt (kaggle transfermarkt-datasets),https://www.transfermarkt.com/-/profil/spieler/29671,
tm:296781,Станіслав Куліш,B,transfermarkt (kaggle transfermarkt-datasets),https://www.transfermarkt.com/-/profil/spieler/296781,
tm:297008,Ігор Кошман,R,transfermarkt (kaggle transfermarkt-datasets),https://www.transfermarkt.com/-/profil/spieler/297008,
tm:297765,Сергій Каретник,R,transfermarkt (kaggle transfermarkt-datasets),https://www.transfermarkt.com/-/profil/spieler/297765,
tm:299973,Тім Холл,L,transfermarkt (kaggle transfermarkt-datasets),https://www.transfermarkt.com/-/profil/spieler/299973,
tm:305415,Артем Бєсєдін,R,transfermarkt (kaggle transfermarkt-datasets),https://www.transfermarkt.com/-/profil/spieler/305415,
tm:305423,Іван Зотько,R,transfermarkt (kaggle transfermarkt-datasets),https://www.transfermarkt.com/-/profil/spieler/305423,
tm:30694,Хуан Мануель Торрес,R,transfermarkt (kaggle transfermarkt-datasets),https://www.transfermarkt.com/-/profil/spieler/30694,
tm:307053,Сергій Панасенко,L,transfermarkt (kaggle transfermarkt-datasets),https://www.transfermarkt.com/-/profil/spieler/307053,
tm:30732,Леван Кенія,L,transfermarkt (kaggle transfermarkt-datasets),https://www.transfermarkt.com/-/profil/spieler/30732,
tm:30825,Марко Рубен,R,transfermarkt (kaggle transfermarkt-datasets),https://www.transfermarkt.com/-/profil/spieler/30825,
tm:308436,Денис Баланюк,R,transfermarkt (kaggle transfermarkt-datasets),https://www.transfermarkt.com/-/profil/spieler/308436,
tm:308452,Олексій Щебетун,R,transfermarkt (kaggle transfermarkt-datasets),https://www.transfermarkt.com/-/profil/spieler/308452,
tm:308778,Драган Ловрич,R,transfermarkt (kaggle transfermarkt-datasets),https://www.transfermarkt.com/-/profil/spieler/308778,
tm:312799,Вадим Парамонов,L,transfermarkt (kaggle transfermarkt-datasets),https://www.transfermarkt.com/-/profil/spieler/312799,
tm:31348,Сотіріс Балафас,R,transfermarkt (kaggle transfermarkt-datasets),https://www.transfermarkt.com/-/profil/spieler/31348,
tm:313753,Ярослав Квасов,B,transfermarkt (kaggle transfermarkt-datasets),https://www.transfermarkt.com/-/profil/spieler/313753,
tm:317467,Ловро Цвек,R,transfermarkt (kaggle transfermarkt-datasets),https://www.transfermarkt.com/-/profil/spieler/317467,
tm:317944,Ілля Ходуля,R,transfermarkt (kaggle transfermarkt-datasets),https://www.transfermarkt.com/-/profil/spieler/317944,
tm:318361,Джемал Кизилатеш,R,transfermarkt (kaggle transfermarkt-datasets),https://www.transfermarkt.com/-/profil/spieler/318361,
tm:319143,Іван Єлич Балта,L,transfermarkt (kaggle transfermarkt-datasets),https://www.transfermarkt.com/-/profil/spieler/319143,
tm:320247,Артем Ситало,R,transfermarkt (kaggle transfermarkt-datasets),https://www.transfermarkt.com/-/profil/spieler/320247,
tm:320248,Олег Слободян,R,transfermarkt (kaggle transfermarkt-datasets),https://www.transfermarkt.com/-/profil/spieler/320248,
tm:320265,Міккель Дуелунд,B,transfermarkt (kaggle transfermarkt-datasets),https://www.transfermarkt.com/-/profil/spieler/320265,
tm:320953,Юрій Кравчук,L,transfermarkt (kaggle transfermarkt-datasets),https://www.transfermarkt.com/-/profil/spieler/320953,
tm:321146,Владислав Клименко,R,transfermarkt (kaggle transfermarkt-datasets),https://www.transfermarkt.com/-/profil/spieler/321146,
tm:321165,Михайло Шестаков,R,transfermarkt (kaggle transfermarkt-datasets),https://www.transfermarkt.com/-/profil/spieler/321165,
tm:321308,Дмитро Литвиненко,R,transfermarkt (kaggle transfermarkt-datasets),https://www.transfermarkt.com/-/profil/spieler/321308,
tm:32306,Якуб Тосік,R,transfermarkt (kaggle transfermarkt-datasets),https://www.transfermarkt.com/-/profil/spieler/32306,
tm:324521,Вадим Яворський,R,transfermarkt (kaggle transfermarkt-datasets),https://www.transfermarkt.com/-/profil/spieler/324521,
tm:325221,Ігор Жураховський,R,transfermarkt (kaggle transfermarkt-datasets),https://www.transfermarkt.com/-/profil/spieler/325221,
tm:325386,Максим Марусич,R,transfermarkt (kaggle transfermarkt-datasets),https://www.transfermarkt.com/-/profil/spieler/325386,
tm:325801,Олексій Тищенко,R,transfermarkt (kaggle transfermarkt-datasets),https://www.transfermarkt.com/-/profil/spieler/325801,
tm:327861,Кельвін Нвамора,R,transfermarkt (kaggle transfermarkt-datasets),https://www.transfermarkt.com/-/profil/spieler/327861,
tm:328733,Артур Данієлян,R,transfermarkt (kaggle transfermarkt-datasets),https://www.transfermarkt.com/-/profil/spieler/328733,
tm:329055,Енес Махмутович,R,transfermarkt (kaggle transfermarkt-datasets),https://www.transfermarkt.com/-/profil/spieler/329055,
tm:330030,Наїлсон,L,transfermarkt (kaggle transfermarkt-datasets),https://www.transfermarkt.com/-/profil/spieler/330030,
tm:330574,Олег Бородай,R,transfermarkt (kaggle transfermarkt-datasets),https://www.transfermarkt.com/-/profil/spieler/330574,
tm:331216,Олег Тракало,L,transfermarkt (kaggle transfermarkt-datasets),https://www.transfermarkt.com/-/profil/spieler/331216,
tm:33315,Дієго Соуза,R,transfermarkt (kaggle transfermarkt-datasets),https://www.transfermarkt.com/-/profil/spieler/33315,
tm:334126,Тодор Петрович,R,transfermarkt (kaggle transfermarkt-datasets),https://www.transfermarkt.com/-/profil/spieler/334126,
tm:334728,Данило Маріотто,L,transfermarkt (kaggle transfermarkt-datasets),https://www.transfermarkt.com/-/profil/spieler/334728,
tm:335191,Валеріан Гвілія,R,transfermarkt (kaggle transfermarkt-datasets),https://www.transfermarkt.com/-/profil/spieler/335191,
tm:335744,Мігел Кампуш,R,transfermarkt (kaggle transfermarkt-datasets),https://www.transfermarkt.com/-/profil/spieler/335744,
tm:335820,Константін Діма,L,transfermarkt (kaggle transfermarkt-datasets),https://www.transfermarkt.com/-/profil/spieler/335820,
tm:341424,Невен Джурасек,R,transfermarkt (kaggle transfermarkt-datasets),https://www.transfermarkt.com/-/profil/spieler/341424,
tm:341486,Данило Сагуткін,R,transfermarkt (kaggle transfermarkt-datasets),https://www.transfermarkt.com/-/profil/spieler/341486,
tm:341490,Олександр Глагола,L,transfermarkt (kaggle transfermarkt-datasets),https://www.transfermarkt.com/-/profil/spieler/341490,
tm:34186,Василіос Пліацикас,B,transfermarkt (kaggle transfermarkt-datasets),https://www.transfermarkt.com/-/profil/spieler/34186,
tm:342139,Богдан Суходуб,R,transfermarkt (kaggle transfermarkt-datasets),https://www.transfermarkt.com/-/profil/spieler/342139,
tm:342148,Зе Гоміш,R,transfermarkt (kaggle transfermarkt-datasets),https://www.transfermarkt.com/-/profil/spieler/342148,
tm:342609,Микола Ковталюк,R,transfermarkt (kaggle transfermarkt-datasets),https://www.transfermarkt.com/-/profil/spieler/342609,
tm:342820,Рубін Хебай,R,transfermarkt (kaggle transfermarkt-datasets),https://www.transfermarkt.com/-/profil/spieler/342820,
tm:342878,Ясін Фортюне,R,transfermarkt (kaggle transfermarkt-datasets),https://www.transfermarkt.com/-/profil/spieler/342878,
tm:343151,Іван Калюжний,L,transfermarkt (kaggle transfermarkt-datasets),https://www.transfermarkt.com/-/profil/spieler/343151,
tm:343153,Євген Чеберко,L,transfermarkt (kaggle transfermarkt-datasets),https://www.transfermarkt.com/-/profil/spieler/343153,
tm:343175,Ахмед Алібеков,R,transfermarkt (kaggle transfermarkt-datasets),https://www.transfermarkt.com/-/profil/spieler/343175,
tm:343316,Сергій Косовський,R,transfermarkt (kaggle transfermarkt-datasets),https://www.transfermarkt.com/-/profil/spieler/343316,
tm:343537,Артем Довбик,L,transfermarkt (kaggle transfermarkt-datasets),https://www.transfermarkt.com/-/profil/spieler/343537,
tm:343769,Сергій Петров,L,transfermarkt (kaggle transfermarkt-datasets),https://www.transfermarkt.com/-/profil/spieler/343769,
tm:34390,Юриця Бульят,B,transfermarkt (kaggle transfermarkt-datasets),https://www.transfermarkt.com/-/profil/spieler/34390,
tm:343963,Петар Мічин,R,transfermarkt (kaggle transfermarkt-datasets),https://www.transfermarkt.com/-/profil/spieler/343963,
tm:34405,Мілан Пурович,R,transfermarkt (kaggle transfermarkt-datasets),https://www.transfermarkt.com/-/profil/spieler/34405,
tm:344399,Леонардо Руїс,R,transfermarkt (kaggle transfermarkt-datasets),https://www.transfermarkt.com/-/profil/spieler/344399,
tm:344893,Жуан Тейшейра,R,transfermarkt (kaggle transfermarkt-datasets),https://www.transfermarkt.com/-/profil/spieler/344893,
tm:34514,Чіпріан Васілаке,L,transfermarkt (kaggle transfermarkt-datasets),https://www.transfermarkt.com/-/profil/spieler/34514,
tm:345183,Еннур Тотре,R,transfermarkt (kaggle transfermarkt-datasets),https://www.transfermarkt.com/-/profil/spieler/345183,
tm:345401,Ніколас Карека,R,transfermarkt (kaggle transfermarkt-datasets),https://www.transfermarkt.com/-/profil/spieler/345401,
tm:345714,Стефан Євтоскі,R,transfermarkt (kaggle transfermarkt-datasets),https://www.transfermarkt.com/-/profil/spieler/345714,
tm:345772,Брайт Енобахаре,R,transfermarkt (kaggle transfermarkt-datasets),https://www.transfermarkt.com/-/profil/spieler/345772,
tm:34641,Даріян Матич,R,transfermarkt (kaggle transfermarkt-datasets),https://www.transfermarkt.com/-/profil/spieler/34641,
tm:34771,Олександр Косирін,R,transfermarkt (kaggle transfermarkt-datasets),https://www.transfermarkt.com/-/profil/spieler/34771,
tm:347804,Андрій Коробенко,R,transfermarkt (kaggle transfermarkt-datasets),https://www.transfermarkt.com/-/profil/spieler/347804,
tm:348768,Макс Челич,R,transfermarkt (kaggle transfermarkt-datasets),https://www.transfermarkt.com/-/profil/spieler/348768,
tm:348839,Сергій Кулинич,R,transfermarkt (kaggle transfermarkt-datasets),https://www.transfermarkt.com/-/profil/spieler/348839,
tm:34941,Александру Тудосе,R,transfermarkt (kaggle transfermarkt-datasets),https://www.transfermarkt.com/-/profil/spieler/34941,
tm:350828,Шахаб Захеді,B,transfermarkt (kaggle transfermarkt-datasets),https://www.transfermarkt.com/-/profil/spieler/350828,
tm:35259,Валентин Ілієв,L,transfermarkt (kaggle transfermarkt-datasets),https://www.transfermarkt.com/-/profil/spieler/35259,
tm:354145,Хорхе Карраскаль,R,transfermarkt (kaggle transfermarkt-datasets),https://www.transfermarkt.com/-/profil/spieler/354145,
tm:354325,Олег Луценко,R,transfermarkt (kaggle transfermarkt-datasets),https://www.transfermarkt.com/-/profil/spieler/354325,
tm:35435,Лучан Бурдужан,L,transfermarkt (kaggle transfermarkt-datasets),https://www.transfermarkt.com/-/profil/spieler/35435,
tm:355130,Михайло Ряшко,R,transfermarkt (kaggle transfermarkt-datasets),https://www.transfermarkt.com/-/profil/spieler/355130,
tm:355492,Жорже Еліас,R,transfermarkt (kaggle transfermarkt-datasets),https://www.transfermarkt.com/-/profil/spieler/355492,
tm:35607,Арменд Даллку,R,transfermarkt (kaggle transfermarkt-datasets),https://www.transfermarkt.com/-/profil/spieler/35607,
tm:356936,Йон Шпорн,R,transfermarkt (kaggle transfermarkt-datasets),https://www.transfermarkt.com/-/profil/spieler/356936,
tm:357776,Хрвоє Ілич,L,transfermarkt (kaggle transfermarkt-datasets),https://www.transfermarkt.com/-/profil/spieler/357776,
tm:357917,Джастін Лонвейк,R,transfermarkt (kaggle transfermarkt-datasets),https://www.transfermarkt.com/-/profil/spieler/357917,
tm:35871,Фернандо Тіссоне,R,transfermarkt (kaggle transfermarkt-datasets),https://www.transfermarkt.com/-/profil/spieler/35871,
tm:358734,Александру Бойчук,L,transfermarkt (kaggle transfermarkt-datasets),https://www.transfermarkt.com/-/profil/spieler/358734,
tm:358956,Олександр Кучеренко,R,transfermarkt (kaggle transfermarkt-datasets),https://www.transfermarkt.com/-/profil/spieler/358956,
tm:35908,Мірко Райчевич,R,transfermarkt (kaggle transfermarkt-datasets),https://www.transfermarkt.com/-/profil/spieler/35908,
tm:359667,Вадим Гранчар,R,transfermarkt (kaggle transfermarkt-datasets),https://www.transfermarkt.com/-/profil/spieler/359667,
tm:36075,Саша Стевич,R,transfermarkt (kaggle transfermarkt-datasets),https://www.transfermarkt.com/-/profil/spieler/36075,
tm:36149,Йован Маркоскі,B,transfermarkt (kaggle transfermarkt-datasets),https://www.transfermarkt.com/-/profil/spieler/36149,
tm:362529,Андрій Сторчоус,L,transfermarkt (kaggle transfermarkt-datasets),https://www.transfermarkt.com/-/profil/spieler/362529,
tm:363063,Олексій Ковтун,R,transfermarkt (kaggle transfermarkt-datasets),https://www.transfermarkt.com/-/profil/spieler/363063,
tm:363065,Максим Авер'янов,R,transfermarkt (kaggle transfermarkt-datasets),https://www.transfermarkt.com/-/profil/spieler/363065,
tm:36364,Михайло Сіваков,B,transfermarkt (kaggle transfermarkt-datasets),https://www.transfermarkt.com/-/profil/spieler/36364,
tm:36371,Нікола Калинич,B,transfermarkt (kaggle transfermarkt-datasets),https://www.transfermarkt.com/-/profil/spieler/36371,
tm:363714,Абукар Мохамед,R,transfermarkt (kaggle transfermarkt-datasets),https://www.transfermarkt.com/-/profil/spieler/363714,
tm:364261,Тче Тче,B,transfermarkt (kaggle transfermarkt-datasets),https://www.transfermarkt.com/-/profil/spieler/364261,
tm:364574,Артур Кузнецов,R,transfermarkt (kaggle transfermarkt-datasets),https://www.transfermarkt.com/-/profil/spieler/364574,
tm:364831,Микита Жуков,R,transfermarkt (kaggle transfermarkt-datasets),https://www.transfermarkt.com/-/profil/spieler/364831,
tm:365195,Андрій Кухарук,R,transfermarkt (kaggle transfermarkt-datasets),https://www.transfermarkt.com/-/profil/spieler/365195,
tm:365540,Валерій Бондаренко,R,transfermarkt (kaggle transfermarkt-datasets),https://www.transfermarkt.com/-/profil/spieler/365540,
tm:365779,Лука Гучек,R,transfermarkt (kaggle transfermarkt-datasets),https://www.transfermarkt.com/-/profil/spieler/365779,
tm:366446,Денис Костишин,L,transfermarkt (kaggle transfermarkt-datasets),https://www.transfermarkt.com/-/profil/spieler/366446,
tm:366450,Юрі Кастільйо,R,transfermarkt (kaggle transfermarkt-datasets),https://www.transfermarkt.com/-/profil/spieler/366450,
tm:36732,Драман Траоре,L,transfermarkt (kaggle transfermarkt-datasets),https://www.transfermarkt.com/-/profil/spieler/36732,
tm:368611,Микола Шапаренко,R,transfermarkt (kaggle transfermarkt-datasets),https://www.transfermarkt.com/-/profil/spieler/368611,
tm:369093,Андрій Ралюченко,R,transfermarkt (kaggle transfermarkt-datasets),https://www.transfermarkt.com/-/profil/spieler/369093,
tm:369153,Даниїл Соломаха,R,transfermarkt (kaggle transfermarkt-datasets),https://www.transfermarkt.com/-/profil/spieler/369153,
tm:369155,Юрій Вакулко,L,transfermarkt (kaggle transfermarkt-datasets),https://www.transfermarkt.com/-/profil/spieler/369155,
tm:36934,Іван Мілошевич,L,transfermarkt (kaggle transfermarkt-datasets),https://www.transfermarkt.com/-/profil/spieler/36934,
tm:371319,Габріель Окечукву,L,transfermarkt (kaggle transfermarkt-datasets),https://www.transfermarkt.com/-/profil/spieler/371319,
tm:372138,Юрій Захарків,R,transfermarkt (kaggle transfermarkt-datasets),https://www.transfermarkt.com/-/profil/spieler/372138,
tm:372362,Юрій Тома,R,transfermarkt (kaggle transfermarkt-datasets),https://www.transfermarkt.com/-/profil/spieler/372362,
tm:37303,Желько Любенович,L,transfermarkt (kaggle transfermarkt-datasets),https://www.transfermarkt.com/-/profil/spieler/37303,
tm:373044,Максим Казаков,R,transfermarkt (kaggle transfermarkt-datasets),https://www.transfermarkt.com/-/profil/spieler/373044,
tm:373302,Сілас,L,transfermarkt (kaggle transfermarkt-datasets),https://www.transfermarkt.com/-/profil/spieler/373302,
tm:374036,Роман Помазан,R,transfermarkt (kaggle transfermarkt-datasets),https://www.transfermarkt.com/-/profil/spieler/374036,
tm:37430,Даррен О'Ді,L,transfermarkt (kaggle transfermarkt-datasets),https://www.transfermarkt.com/-/profil/spieler/37430,
tm:376082,Данило Ігнатенко,R,transfermarkt (kaggle transfermarkt-datasets),https://www.transfermarkt.com/-/profil/spieler/376082,
tm:376226,Євген Цимбалюк,R,transfermarkt (kaggle transfermarkt-datasets),https://www.transfermarkt.com/-/profil/spieler/376226,
tm:376228,Дмитро Іванісеня,B,transfermarkt (kaggle transfermarkt-datasets),https://www.transfermarkt.com/-/profil/spieler/376228,
tm:378520,Фернан Фаеррон,R,transfermarkt (kaggle transfermarkt-datasets),https://www.transfermarkt.com/-/profil/spieler/378520,
tm:378972,Гай Хадіда,L,transfermarkt (kaggle transfermarkt-datasets),https://www.transfermarkt.com/-/profil/spieler/378972,
tm:379677,Олександр Мішуренко,R,transfermarkt (kaggle transfermarkt-datasets),https://www.transfermarkt.com/-/profil/spieler/379677,
tm:379977,Андрій Семенко,R,transfermarkt (kaggle transfermarkt-datasets),https://www.transfermarkt.com/-/profil/spieler/379977,
tm:380379,Олександр Поздєєв,L,transfermarkt (kaggle transfermarkt-datasets),https://www.transfermarkt.com/-/profil/spieler/380379,
tm:380554,Євген Запорожець,R,transfermarkt (kaggle transfermarkt-datasets),https://www.transfermarkt.com/-/profil/spieler/380554,
tm:380691,Віталій Кольцов,R,transfermarkt (kaggle transfermarkt-datasets),https://www.transfermarkt.com/-/profil/spieler/380691,
tm:381268,Гліб Бухал,L,transfermarkt (kaggle transfermarkt-datasets),https://www.transfermarkt.com/-/profil/spieler/381268,
tm:381273,Андрій Домбровський,R,transfermarkt (kaggle transfermarkt-datasets),https://www.transfermarkt.com/-/profil/spieler/381273,
tm:381815,Олександр Сніжко,L,transfermarkt (kaggle transfermarkt-datasets),https://www.transfermarkt.com/-/profil/spieler/381815,
tm:38206,Анте Розич,R,transfermarkt (kaggle transfermarkt-datasets),https://www.transfermarkt.com/-/profil/spieler/38206,
tm:382895,Роман Гончаренко,B,transfermarkt (kaggle transfermarkt-datasets),https://www.transfermarkt.com/-/profil/spieler/382895,
tm:383082,Євген Стрельцов,R,transfermarkt (kaggle transfermarkt-datasets),https://www.transfermarkt.com/-/profil/spieler/383082,
tm:383198,Ілля Шевцов,R,transfermarkt (kaggle transfermarkt-datasets),https://www.transfermarkt.com/-/profil/spieler/383198,
tm:383565,Назар Вербний,R,transfermarkt (kaggle transfermarkt-datasets),https://www.transfermarkt.com/-/profil/spieler/383565,
tm:383567,Володимир Сениця,R,transfermarkt (kaggle transfermarkt-datasets),https://www.transfermarkt.com/-/profil/spieler/383567,
tm:383623,Ілля Корнєв,R,transfermarkt (kaggle transfermarkt-datasets),https://www.transfermarkt.com/-/profil/spieler/383623,
tm:383758,Владислав Даниленко,L,transfermarkt (kaggle transfermarkt-datasets),https://www.transfermarkt.com/-/profil/spieler/383758,
tm:384449,Гвідо Кортеджано,L,transfermarkt (kaggle transfermarkt-datasets),https://www.transfermarkt.com/-/profil/spieler/384449,
tm:385416,Михайло Шершень,R,transfermarkt (kaggle transfermarkt-datasets),https://www.transfermarkt.com/-/profil/spieler/385416,
tm:386659,Хон Себеріо,R,transfermarkt (kaggle transfermarkt-datasets),https://www.transfermarkt.com/-/profil/spieler/386659,
tm:387098,Демір Скриєль,R,transfermarkt (kaggle transfermarkt-datasets),https://www.transfermarkt.com/-/profil/spieler/387098,
tm:387198,Єгор Демченко,R,transfermarkt (kaggle transfermarkt-datasets),https://www.transfermarkt.com/-/profil/spieler/387198,
tm:387495,Андрій Різник,R,transfermarkt (kaggle transfermarkt-datasets),https://www.transfermarkt.com/-/profil/spieler/387495,
tm:388313,Терсіус Малепе,L,transfermarkt (kaggle transfermarkt-datasets),https://www.transfermarkt.com/-/profil/spieler/388313,
tm:390368,Вітор Буено,R,transfermarkt (kaggle transfermarkt-datasets),https://www.transfermarkt.com/-/profil/spieler/390368,
tm:39253,Антон Шиндер,B,transfermarkt (kaggle transfermarkt-datasets),https://www.transfermarkt.com/-/profil/spieler/39253,
tm:39316,Серж Акакпо,R,transfermarkt (kaggle transfermarkt-datasets),https://www.transfermarkt.com/-/profil/spieler/39316,
tm:393975,Ілля Зубков,L,transfermarkt (kaggle transfermarkt-datasets),https://www.transfermarkt.com/-/profil/spieler/393975,
tm:395537,Дмитро Плахтир,L,transfermarkt (kaggle transfermarkt-datasets),https://www.transfermarkt.com/-/profil/spieler/395537,
tm:39637,Роман Мірошник,R,transfermarkt (kaggle transfermarkt-datasets),https://www.transfermarkt.com/-/profil/spieler/39637,
tm:396394,Валерій Бондар,R,transfermarkt (kaggle transfermarkt-datasets),https://www.transfermarkt.com/-/profil/spieler/396394,
tm:396395,Олексій Биков,L,transfermarkt (kaggle transfermarkt-datasets),https://www.transfermarkt.com/-/profil/spieler/396395,
tm:396401,Максим Чех,R,transfermarkt (kaggle transfermarkt-datasets),https://www.transfermarkt.com/-/profil/spieler/396401,
tm:396411,Владислав Бугай,R,transfermarkt (kaggle transfermarkt-datasets),https://www.transfermarkt.com/-/profil/spieler/396411,
tm:396524,Артем Ярмоленко,R,transfermarkt (kaggle transfermarkt-datasets),https://www.transfermarkt.com/-/profil/spieler/396524,
tm:396535,Владислав Алексєєв,R,transfermarkt (kaggle transfermarkt-datasets),https://www.transfermarkt.com/-/profil/spieler/396535,
tm:397464,Леонідас,L,transfermarkt (kaggle transfermarkt-datasets),https://www.transfermarkt.com/-/profil/spieler/397464,
tm:3978,Светослав Тодоров,R,transfermarkt (kaggle transfermarkt-datasets),https://www.transfermarkt.com/-/profil/spieler/3978,
tm:39792,Марин Любичич,R,transfermarkt (kaggle transfermarkt-datasets),https://www.transfermarkt.com/-/profil/spieler/39792,
tm:398808,Мартін Онгла,R,transfermarkt (kaggle transfermarkt-datasets),https://www.transfermarkt.com/-/profil/spieler/398808,
tm:401884,Руслан Марушка,B,transfermarkt (kaggle transfermarkt-datasets),https://www.transfermarkt.com/-/profil/spieler/401884,
tm:402363,Кауе Сілва,L,transfermarkt (kaggle transfermarkt-datasets),https://www.transfermarkt.com/-/profil/spieler/402363,
tm:402874,Дмитро Литвин,L,transfermarkt (kaggle transfermarkt-datasets),https://www.transfermarkt.com/-/profil/spieler/402874,
tm:404841,Денис Попов,B,transfermarkt (kaggle transfermarkt-datasets),https://www.transfermarkt.com/-/profil/spieler/404841,
tm:404847,Олексій Хахльов,L,transfermarkt (kaggle transfermarkt-datasets),https://www.transfermarkt.com/-/profil/spieler/404847,
tm:404848,Андрій Кулаков,R,transfermarkt (kaggle transfermarkt-datasets),https://www.transfermarkt.com/-/profil/spieler/404848,
tm:40608,Алекс да Сілва,R,transfermarkt (kaggle transfermarkt-datasets),https://www.transfermarkt.com/-/profil/spieler/40608,
tm:406761,Євген Іздебський,R,transfermarkt (kaggle transfermarkt-datasets),https://www.transfermarkt.com/-/profil/spieler/406761,
tm:407014,Гаетан Міссі Мезу,R,transfermarkt (kaggle transfermarkt-datasets),https://www.transfermarkt.com/-/profil/spieler/407014,
tm:410213,Олександр Чепелюк,R,transfermarkt (kaggle transfermarkt-datasets),https://www.transfermarkt.com/-/profil/spieler/410213,
tm:411027,Владислав Ігнатьєв,R,transfermarkt (kaggle transfermarkt-datasets),https://www.transfermarkt.com/-/profil/spieler/411027,
tm:411149,Кертіс Єблі,R,transfermarkt (kaggle transfermarkt-datasets),https://www.transfermarkt.com/-/profil/spieler/411149,
tm:41362,Густав Свенссон,R,transfermarkt (kaggle transfermarkt-datasets),https://www.transfermarkt.com/-/profil/spieler/41362,
tm:41372,Ян Масло,R,transfermarkt (kaggle transfermarkt-datasets),https://www.transfermarkt.com/-/profil/spieler/41372,
tm:415860,Сілвіо Жуніор,B,transfermarkt (kaggle transfermarkt-datasets),https://www.transfermarkt.com/-/profil/spieler/415860,
tm:417228,Данило Сікан,R,transfermarkt (kaggle transfermarkt-datasets),https://www.transfermarkt.com/-/profil/spieler/417228,
tm:418173,Джихад Бізімана,R,transfermarkt (kaggle transfermarkt-datasets),https://www.transfermarkt.com/-/profil/spieler/418173,
tm:41885,Сергій Сілюк,L,transfermarkt (kaggle transfermarkt-datasets),https://www.transfermarkt.com/-/profil/spieler/41885,
tm:418891,Олександр Мельник,R,transfermarkt (kaggle transfermarkt-datasets),https://www.transfermarkt.com/-/profil/spieler/418891,
tm:418896,Станіслав Сорокін,L,transfermarkt (kaggle transfermarkt-datasets),https://www.transfermarkt.com/-/profil/spieler/418896,
tm:419061,Владислав Супряга,R,transfermarkt (kaggle transfermarkt-datasets),https://www.transfermarkt.com/-/profil/spieler/419061,
tm:419062,Клим Приходько,R,transfermarkt (kaggle transfermarkt-datasets),https://www.transfermarkt.com/-/profil/spieler/419062,
tm:421636,Самсон Ієде,R,transfermarkt (kaggle transfermarkt-datasets),https://www.transfermarkt.com/-/profil/spieler/421636,
tm:421935,Майкон,L,transfermarkt (kaggle transfermarkt-datasets),https://www.transfermarkt.com/-/profil/spieler/421935,
tm:422746,Федеріко Перейра,R,transfermarkt (kaggle transfermarkt-datasets),https://www.transfermarkt.com/-/profil/spieler/422746,
tm:423252,Віктор Серденюк,R,transfermarkt (kaggle transfermarkt-datasets),https://www.transfermarkt.com/-/profil/spieler/423252,
tm:42624,Сергій Давидов,R,transfermarkt (kaggle transfermarkt-datasets),https://www.transfermarkt.com/-/profil/spieler/42624,
tm:427100,Матар Дієй,L,transfermarkt (kaggle transfermarkt-datasets),https://www.transfermarkt.com/-/profil/spieler/427100,
tm:42803,Мілан Ілич,R,transfermarkt (kaggle transfermarkt-datasets),https://www.transfermarkt.com/-/profil/spieler/42803,
tm:428603,Богдан Кушніренко,R,transfermarkt (kaggle transfermarkt-datasets),https://www.transfermarkt.com/-/profil/spieler/428603,
tm:428746,Ерік Рамірес,R,transfermarkt (kaggle transfermarkt-datasets),https://www.transfermarkt.com/-/profil/spieler/428746,
tm:428783,Вітао,R,transfermarkt (kaggle transfermarkt-datasets),https://www.transfermarkt.com/-/profil/spieler/428783,
tm:429099,Богдан Мельник,B,transfermarkt (kaggle transfermarkt-datasets),https://www.transfermarkt.com/-/profil/spieler/429099,
tm:430190,Єгор Назарина,R,transfermarkt (kaggle transfermarkt-datasets),https://www.transfermarkt.com/-/profil/spieler/430190,
tm:43060,Сергій Кузнецов,R,transfermarkt (kaggle transfermarkt-datasets),https://www.transfermarkt.com/-/profil/spieler/43060,
tm:43276,Жуніор,L,transfermarkt (kaggle transfermarkt-datasets),https://www.transfermarkt.com/-/profil/spieler/43276,
tm:432763,Івіян Сврзняк,R,transfermarkt (kaggle transfermarkt-datasets),https://www.transfermarkt.com/-/profil/spieler/432763,
tm:43288,Олександр Чижов,R,transfermarkt (kaggle transfermarkt-datasets),https://www.transfermarkt.com/-/profil/spieler/43288,
tm:43299,Едмар,B,transfermarkt (kaggle transfermarkt-datasets),https://www.transfermarkt.com/-/profil/spieler/43299,
tm:43309,Володимир Гоменюк,R,transfermarkt (kaggle transfermarkt-datasets),https://www.transfermarkt.com/-/profil/spieler/43309,
tm:433219,Папе-Аліун Ндіає,L,transfermarkt (kaggle transfermarkt-datasets),https://www.transfermarkt.com/-/profil/spieler/433219,
tm:433976,Тудор Белуце,R,transfermarkt (kaggle transfermarkt-datasets),https://www.transfermarkt.com/-/profil/spieler/433976,
tm:435665,Владислав Хомутов,R,transfermarkt (kaggle transfermarkt-datasets),https://www.transfermarkt.com/-/profil/spieler/435665,
tm:436379,Дмитро Щербак,R,transfermarkt (kaggle transfermarkt-datasets),https://www.transfermarkt.com/-/profil/spieler/436379,
tm:43848,Мігел Велозу,L,transfermarkt (kaggle transfermarkt-datasets),https://www.transfermarkt.com/-/profil/spieler/43848,
tm:43934,Йонуц Мазілу,L,transfermarkt (kaggle transfermarkt-datasets),https://www.transfermarkt.com/-/profil/spieler/43934,
tm:43938,Разван Кочіш,R,transfermarkt (kaggle transfermarkt-datasets),https://www.transfermarkt.com/-/profil/spieler/43938,
tm:442784,Ранжел,R,transfermarkt (kaggle transfermarkt-datasets),https://www.transfermarkt.com/-/profil/spieler/442784,
tm:442942,Мохаммед Кадірі,R,transfermarkt (kaggle transfermarkt-datasets),https://www.transfermarkt.com/-/profil/spieler/442942,
tm:44357,Олександр Кучер,R,transfermarkt (kaggle transfermarkt-datasets),https://www.transfermarkt.com/-/profil/spieler/44357,
tm:44361,Олексій Гай,R,transfermarkt (kaggle transfermarkt-datasets),https://www.transfermarkt.com/-/profil/spieler/44361,
tm:44624,Дьомерсі Мбокані,R,transfermarkt (kaggle transfermarkt-datasets),https://www.transfermarkt.com/-/profil/spieler/44624,
tm:44662,Шумахер,L,transfermarkt (kaggle transfermarkt-datasets),https://www.transfermarkt.com/-/profil/spieler/44662,
tm:448331,Ардін Даллку,R,transfermarkt (kaggle transfermarkt-datasets),https://www.transfermarkt.com/-/profil/spieler/448331,
tm:448537,Максим Саламаха,R,transfermarkt (kaggle transfermarkt-datasets),https://www.transfermarkt.com/-/profil/spieler/448537,
tm:448854,Еммануель Денніс,R,transfermarkt (kaggle transfermarkt-datasets),https://www.transfermarkt.com/-/profil/spieler/448854,
tm:448867,Максим Лопирьонок,R,transfermarkt (kaggle transfermarkt-datasets),https://www.transfermarkt.com/-/profil/spieler/448867,
tm:448868,Ігор Когут,R,transfermarkt (kaggle transfermarkt-datasets),https://www.transfermarkt.com/-/profil/spieler/448868,
tm:450196,Угочукву Одуеньї,L,transfermarkt (kaggle transfermarkt-datasets),https://www.transfermarkt.com/-/profil/spieler/450196,
tm:450715,Дмитро Заїкин,R,transfermarkt (kaggle transfermarkt-datasets),https://www.transfermarkt.com/-/profil/spieler/450715,
tm:451788,Олександр П'ятов,R,transfermarkt (kaggle transfermarkt-datasets),https://www.transfermarkt.com/-/profil/spieler/451788,
tm:45196,Тарас Михалик,R,transfermarkt (kaggle transfermarkt-datasets),https://www.transfermarkt.com/-/profil/spieler/45196,
tm:452579,Сергій Мелінишин,R,transfermarkt (kaggle transfermarkt-datasets),https://www.transfermarkt.com/-/profil/spieler/452579,
tm:45341,Джордже Флореску,L,transfermarkt (kaggle transfermarkt-datasets),https://www.transfermarkt.com/-/profil/spieler/45341,
tm:45577,Себастьян Рібас,R,transfermarkt (kaggle transfermarkt-datasets),https://www.transfermarkt.com/-/profil/spieler/45577,
tm:45587,Рафаел Сантос,L,transfermarkt (kaggle transfermarkt-datasets),https://www.transfermarkt.com/-/profil/spieler/45587,
tm:460591,Агрон Руфаті,R,transfermarkt (kaggle transfermarkt-datasets),https://www.transfermarkt.com/-/profil/spieler/460591,
tm:460644,Маруан Міхубі,L,transfermarkt (kaggle transfermarkt-datasets),https://www.transfermarkt.com/-/profil/spieler/460644,
tm:46083,Домагой Віда,R,transfermarkt (kaggle transfermarkt-datasets),https://www.transfermarkt.com/-/profil/spieler/46083,
tm:461582,Іссіар Драме,R,transfermarkt (kaggle transfermarkt-datasets),https://www.transfermarkt.com/-/profil/spieler/461582,
tm:461657,Олександр Петрусенко,R,transfermarkt (kaggle transfermarkt-datasets),https://www.transfermarkt.com/-/profil/spieler/461657,
tm:461670,Богдан Білошевський,R,transfermarkt (kaggle transfermarkt-datasets),https://www.transfermarkt.com/-/profil/spieler/461670,
tm:46340,Семір Штилич,L,transfermarkt (kaggle transfermarkt-datasets),https://www.transfermarkt.com/-/profil/spieler/46340,
tm:463845,Олександр Демченко,R,transfermarkt (kaggle transfermarkt-datasets),https://www.transfermarkt.com/-/profil/spieler/463845,
tm:46478,Рагнар Сігурдссон,R,transfermarkt (kaggle transfermarkt-datasets),https://www.transfermarkt.com/-/profil/spieler/46478,
tm:46504,Ерік Бікфалві,R,transfermarkt (kaggle transfermarkt-datasets),https://www.transfermarkt.com/-/profil/spieler/46504,
tm:467241,Олександр Сафронов,R,transfermarkt (kaggle transfermarkt-datasets),https://www.transfermarkt.com/-/profil/spieler/467241,
tm:4678,Маркус Бергер,R,transfermarkt (kaggle transfermarkt-datasets),https://www.transfermarkt.com/-/profil/spieler/4678,
tm:468301,Маркос Антоніо,R,transfermarkt (kaggle transfermarkt-datasets),https://www.transfermarkt.com/-/profil/spieler/468301,
tm:468735,Олександр Маткобожик,R,transfermarkt (kaggle transfermarkt-datasets),https://www.transfermarkt.com/-/profil/spieler/468735,
tm:469709,Давид Зец,R,transfermarkt (kaggle transfermarkt-datasets),https://www.transfermarkt.com/-/profil/spieler/469709,
tm:470495,Осама Халайла,R,transfermarkt (kaggle transfermarkt-datasets),https://www.transfermarkt.com/-/profil/spieler/470495,
tm:470831,Вікентій Волошин,L,transfermarkt (kaggle transfermarkt-datasets),https://www.transfermarkt.com/-/profil/spieler/470831,
tm:47165,Сільвіу Ізворану,L,transfermarkt (kaggle transfermarkt-datasets),https://www.transfermarkt.com/-/profil/spieler/47165,
tm:476072,Арно Гедж,R,transfermarkt (kaggle transfermarkt-datasets),https://www.transfermarkt.com/-/profil/spieler/476072,
tm:476770,Михайло Месхі,R,transfermarkt (kaggle transfermarkt-datasets),https://www.transfermarkt.com/-/profil/spieler/476770,
tm:477182,Сергій Ічанський,L,transfermarkt (kaggle transfermarkt-datasets),https://www.transfermarkt.com/-/profil/spieler/477182,
tm:484995,Ноа Ндомбасі,R,transfermarkt (kaggle transfermarkt-datasets),https://www.transfermarkt.com/-/profil/spieler/484995,
tm:487194,Паті Малумандсоко,R,transfermarkt (kaggle transfermarkt-datasets),https://www.transfermarkt.com/-/profil/spieler/487194,
tm:48974,Луїс Адріано,R,transfermarkt (kaggle transfermarkt-datasets),https://www.transfermarkt.com/-/profil/spieler/48974,
tm:48989,Дмитро Гришко,R,transfermarkt (kaggle transfermarkt-datasets),https://www.transfermarkt.com/-/profil/spieler/48989,
tm:49018,Олексій Полянський,R,transfermarkt (kaggle transfermarkt-datasets),https://www.transfermarkt.com/-/profil/spieler/49018,
tm:49024,Сергій Симоненко,L,transfermarkt (kaggle transfermarkt-datasets),https://www.transfermarkt.com/-/profil/spieler/49024,
tm:495918,Дмитро Семенов,R,transfermarkt (kaggle transfermarkt-datasets),https://www.transfermarkt.com/-/profil/spieler/495918,
tm:495922,Максим Войтиховський,R,transfermarkt (kaggle transfermarkt-datasets),https://www.transfermarkt.com/-/profil/spieler/495922,
tm:497222,Олег Веремієнко,R,transfermarkt (kaggle transfermarkt-datasets),https://www.transfermarkt.com/-/profil/spieler/497222,
tm:501417,Кирило Дришлюк,R,transfermarkt (kaggle transfermarkt-datasets),https://www.transfermarkt.com/-/profil/spieler/501417,
tm:501609,Олег Остапенко,R,transfermarkt (kaggle transfermarkt-datasets),https://www.transfermarkt.com/-/profil/spieler/501609,
tm:502842,Едуардо Герреро,R,transfermarkt (kaggle transfermarkt-datasets),https://www.transfermarkt.com/-/profil/spieler/502842,
tm:505463,Олександр Сирота,L,transfermarkt (kaggle transfermarkt-datasets),https://www.transfermarkt.com/-/profil/spieler/505463,
tm:509837,Максим Прядун,R,transfermarkt (kaggle transfermarkt-datasets),https://www.transfermarkt.com/-/profil/spieler/509837,
tm:510432,Родел Річардс,R,transfermarkt (kaggle transfermarkt-datasets),https://www.transfermarkt.com/-/profil/spieler/510432,
tm:511668,Назар Виздрик,R,transfermarkt (kaggle transfermarkt-datasets),https://www.transfermarkt.com/-/profil/spieler/511668,
tm:511669,Станіслав Біленький,R,transfermarkt (kaggle transfermarkt-datasets),https://www.transfermarkt.com/-/profil/spieler/511669,
tm:511909,Артем Челядін,L,transfermarkt (kaggle transfermarkt-datasets),https://www.transfermarkt.com/-/profil/spieler/511909,
tm:512496,Василь Курко,R,transfermarkt (kaggle transfermarkt-datasets),https://www.transfermarkt.com/-/profil/spieler/512496,
tm:51531,Артем Касьянов,L,transfermarkt (kaggle transfermarkt-datasets),https://www.transfermarkt.com/-/profil/spieler/51531,
tm:515669,Михайло Плохотнюк,R,transfermarkt (kaggle transfermarkt-datasets),https://www.transfermarkt.com/-/profil/spieler/515669,
tm:517081,Владислав Приймак,R,transfermarkt (kaggle transfermarkt-datasets),https://www.transfermarkt.com/-/profil/spieler/517081,
tm:517284,Мухаррем Яшарі,B,transfermarkt (kaggle transfermarkt-datasets),https://www.transfermarkt.com/-/profil/spieler/517284,
tm:518723,Луїзао,R,transfermarkt (kaggle transfermarkt-datasets),https://www.transfermarkt.com/-/profil/spieler/518723,
tm:51948,Даніел де Олівейра,R,transfermarkt (kaggle transfermarkt-datasets),https://www.transfermarkt.com/-/profil/spieler/51948,
tm:520858,Ліпе Велозо,L,transfermarkt (kaggle transfermarkt-datasets),https://www.transfermarkt.com/-/profil/spieler/520858,
tm:521841,Андрій Якимів,R,transfermarkt (kaggle transfermarkt-datasets),https://www.transfermarkt.com/-/profil/spieler/521841,
tm:521845,Гліб Грачов,R,transfermarkt (kaggle transfermarkt-datasets),https://www.transfermarkt.com/-/profil/spieler/521845,
tm:521997,Віталій Бойко,L,transfermarkt (kaggle transfermarkt-datasets),https://www.transfermarkt.com/-/profil/spieler/521997,
tm:522091,Ренан Олівейра,L,transfermarkt (kaggle transfermarkt-datasets),https://www.transfermarkt.com/-/profil/spieler/522091,
tm:522328,Віталій Груша,R,transfermarkt (kaggle transfermarkt-datasets),https://www.transfermarkt.com/-/profil/spieler/522328,
tm:522329,Артур Думанюк,R,transfermarkt (kaggle transfermarkt-datasets),https://www.transfermarkt.com/-/profil/spieler/522329,
tm:522791,Самбу Сіссоко,R,transfermarkt (kaggle transfermarkt-datasets),https://www.transfermarkt.com/-/profil/spieler/522791,
tm:522832,Тарас Мороз,R,transfermarkt (kaggle transfermarkt-datasets),https://www.transfermarkt.com/-/profil/spieler/522832,
tm:523491,Валерій Сад,R,transfermarkt (kaggle transfermarkt-datasets),https://www.transfermarkt.com/-/profil/spieler/523491,
tm:523903,Назарій Нич,L,transfermarkt (kaggle transfermarkt-datasets),https://www.transfermarkt.com/-/profil/spieler/523903,
tm:523907,Данило Бескоровайний,L,transfermarkt (kaggle transfermarkt-datasets),https://www.transfermarkt.com/-/profil/spieler/523907,
tm:524966,Дмитро Копитов,R,transfermarkt (kaggle transfermarkt-datasets),https://www.transfermarkt.com/-/profil/spieler/524966,
tm:525209,Андрій Новіков,R,transfermarkt (kaggle transfermarkt-datasets),https://www.transfermarkt.com/-/profil/spieler/525209,
tm:526577,Артем Хоцяновський,L,transfermarkt (kaggle transfermarkt-datasets),https://www.transfermarkt.com/-/profil/spieler/526577,
tm:527967,Джек Іпалібо,R,transfermarkt (kaggle transfermarkt-datasets),https://www.transfermarkt.com/-/profil/spieler/527967,
tm:527968,Пабло Альварес,L,transfermarkt (kaggle transfermarkt-datasets),https://www.transfermarkt.com/-/profil/spieler/527968,
tm:528423,Катріель Санчес,R,transfermarkt (kaggle transfermarkt-datasets),https://www.transfermarkt.com/-/profil/spieler/528423,
tm:52915,Жуніор Мораес,R,transfermarkt (kaggle transfermarkt-datasets),https://www.transfermarkt.com/-/profil/spieler/52915,
tm:530673,Шота Нонікашвілі,L,transfermarkt (kaggle transfermarkt-datasets),https://www.transfermarkt.com/-/profil/spieler/530673,
tm:531456,Хішам Ель Хамдауї,R,transfermarkt (kaggle transfermarkt-datasets),https://www.transfermarkt.com/-/profil/spieler/531456,
tm:531967,Матеус Яковеллі,R,transfermarkt (kaggle transfermarkt-datasets),https://www.transfermarkt.com/-/profil/spieler/531967,
tm:53258,Владислав Лупашко,R,transfermarkt (kaggle transfermarkt-datasets),https://www.transfermarkt.com/-/profil/spieler/53258,
tm:53270,Олександр Гладкий,B,transfermarkt (kaggle transfermarkt-datasets),https://www.transfermarkt.com/-/profil/spieler/53270,
tm:533318,Назарій Муравський,R,transfermarkt (kaggle transfermarkt-datasets),https://www.transfermarkt.com/-/profil/spieler/533318,
tm:534474,Ніл Кок,L,transfermarkt (kaggle transfermarkt-datasets),https://www.transfermarkt.com/-/profil/spieler/534474,
tm:53477,Джонатан Крістальдо,R,transfermarkt (kaggle transfermarkt-datasets),https://www.transfermarkt.com/-/profil/spieler/53477,
tm:53523,Марко Торсільєрі,L,transfermarkt (kaggle transfermarkt-datasets),https://www.transfermarkt.com/-/profil/spieler/53523,
tm:537646,Олексій Литовченко,R,transfermarkt (kaggle transfermarkt-datasets),https://www.transfermarkt.com/-/profil/spieler/537646,
tm:537845,Павло Шушко,R,transfermarkt (kaggle transfermarkt-datasets),https://www.transfermarkt.com/-/profil/spieler/537845,
tm:537847,Дмитро Павлиш,L,transfermarkt (kaggle transfermarkt-datasets),https://www.transfermarkt.com/-/profil/spieler/537847,
tm:537851,Станіслав Біблик,R,transfermarkt (kaggle transfermarkt-datasets),https://www.transfermarkt.com/-/profil/spieler/537851,
tm:537853,Андрій Стрижак,R,transfermarkt (kaggle transfermarkt-datasets),https://www.transfermarkt.com/-/profil/spieler/537853,
tm:537854,Артем Бондаренко,L,transfermarkt (kaggle transfermarkt-datasets),https://www.transfermarkt.com/-/profil/spieler/537854,
tm:537859,Андрій Кравчук,L,transfermarkt (kaggle transfermarkt-datasets),https://www.transfermarkt.com/-/profil/spieler/537859,
tm:538773,Чінеду Джеффрі,R,transfermarkt (kaggle transfermarkt-datasets),https://www.transfermarkt.com/-/profil/spieler/538773,
tm:539435,Богдан Чуєв,R,transfermarkt (kaggle transfermarkt-datasets),https://www.transfermarkt.com/-/profil/spieler/539435,
tm:539436,Крістіан Біловар,R,transfermarkt (kaggle transfermarkt-datasets),https://www.transfermarkt.com/-/profil/spieler/539436,
tm:539441,Євген Ісаєнко,L,transfermarkt (kaggle transfermarkt-datasets),https://www.transfermarkt.com/-/profil/spieler/539441,
tm:539444,Артем Мильченко,R,transfermarkt (kaggle transfermarkt-datasets),https://www.transfermarkt.com/-/profil/spieler/539444,
tm:539448,Даниїл Сухоручко,R,transfermarkt (kaggle transfermarkt-datasets),https://www.transfermarkt.com/-/profil/spieler/539448,
tm:539738,Олег Горін,B,transfermarkt (kaggle transfermarkt-datasets),https://www.transfermarkt.com/-/profil/spieler/539738,
tm:540186,Данило Кондраков,R,transfermarkt (kaggle transfermarkt-datasets),https://www.transfermarkt.com/-/profil/spieler/540186,
tm:540469,Оскар Піріс,R,transfermarkt (kaggle transfermarkt-datasets),https://www.transfermarkt.com/-/profil/spieler/540469,
tm:542597,Марлісон,R,transfermarkt (kaggle transfermarkt-datasets),https://www.transfermarkt.com/-/profil/spieler/542597,
tm:54375,Джуліано,R,transfermarkt (kaggle transfermarkt-datasets),https://www.transfermarkt.com/-/profil/spieler/54375,
tm:54565,Душан Савич,R,transfermarkt (kaggle transfermarkt-datasets),https://www.transfermarkt.com/-/profil/spieler/54565,
tm:546253,Дада Белмонте,R,transfermarkt (kaggle transfermarkt-datasets),https://www.transfermarkt.com/-/profil/spieler/546253,
tm:546532,Жордан,R,transfermarkt (kaggle transfermarkt-datasets),https://www.transfermarkt.com/-/profil/spieler/546532,
tm:548653,Кая Макоссо,R,transfermarkt (kaggle transfermarkt-datasets),https://www.transfermarkt.com/-/profil/spieler/548653,
tm:550027,Ерікс Сантос,L,transfermarkt (kaggle transfermarkt-datasets),https://www.transfermarkt.com/-/profil/spieler/550027,
tm:550495,Фернандо,R,transfermarkt (kaggle transfermarkt-datasets),https://www.transfermarkt.com/-/profil/spieler/550495,
tm:550696,Ібрагім Каргбо,R,transfermarkt (kaggle transfermarkt-datasets),https://www.transfermarkt.com/-/profil/spieler/550696,
tm:551695,Лассіна Траоре,R,transfermarkt (kaggle transfermarkt-datasets),https://www.transfermarkt.com/-/profil/spieler/551695,
tm:552418,Сергій Кисленко,L,transfermarkt (kaggle transfermarkt-datasets),https://www.transfermarkt.com/-/profil/spieler/552418,
tm:553380,Анатолій Ульянов,L,transfermarkt (kaggle transfermarkt-datasets),https://www.transfermarkt.com/-/profil/spieler/553380,
tm:553772,Олександр Романчук,R,transfermarkt (kaggle transfermarkt-datasets),https://www.transfermarkt.com/-/profil/spieler/553772,
tm:55737,Артур Єдигарян,R,transfermarkt (kaggle transfermarkt-datasets),https://www.transfermarkt.com/-/profil/spieler/55737,
tm:55763,Іван Лєтава,B,transfermarkt (kaggle transfermarkt-datasets),https://www.transfermarkt.com/-/profil/spieler/55763,
tm:561974,Владислав Веремеєв,B,transfermarkt (kaggle transfermarkt-datasets),https://www.transfermarkt.com/-/profil/spieler/561974,
tm:562484,Олег Вишневський,R,transfermarkt (kaggle transfermarkt-datasets),https://www.transfermarkt.com/-/profil/spieler/562484,
tm:56370,Гійон Фернандес,R,transfermarkt (kaggle transfermarkt-datasets),https://www.transfermarkt.com/-/profil/spieler/56370,
tm:564383,Мурило Соуза,L,transfermarkt (kaggle transfermarkt-datasets),https://www.transfermarkt.com/-/profil/spieler/564383,
tm:564841,Драмане Салу,R,transfermarkt (kaggle transfermarkt-datasets),https://www.transfermarkt.com/-/profil/spieler/564841,
tm:567735,Владислав Хамелюк,L,transfermarkt (kaggle transfermarkt-datasets),https://www.transfermarkt.com/-/profil/spieler/567735,
tm:567873,Владислав Бабогло,R,transfermarkt (kaggle transfermarkt-datasets),https://www.transfermarkt.com/-/profil/spieler/567873,
tm:569743,Джойскім Дава,R,transfermarkt (kaggle transfermarkt-datasets),https://www.transfermarkt.com/-/profil/spieler/569743,
tm:570537,Вадим Червак,L,transfermarkt (kaggle transfermarkt-datasets),https://www.transfermarkt.com/-/profil/spieler/570537,
tm:570743,Анатолій Нурієв,R,transfermarkt (kaggle transfermarkt-datasets),https://www.transfermarkt.com/-/profil/spieler/570743,
tm:572309,Богдан Литвяк,L,transfermarkt (kaggle transfermarkt-datasets),https://www.transfermarkt.com/-/profil/spieler/572309,
tm:572399,Кирило Прокопчук,L,transfermarkt (kaggle transfermarkt-datasets),https://www.transfermarkt.com/-/profil/spieler/572399,
tm:573930,Євген Білокінь,R,transfermarkt (kaggle transfermarkt-datasets),https://www.transfermarkt.com/-/profil/spieler/573930,
tm:576021,Станіслав Шарай,L,transfermarkt (kaggle transfermarkt-datasets),https://www.transfermarkt.com/-/profil/spieler/576021,
tm:576896,Владислав Тишинінов,L,transfermarkt (kaggle transfermarkt-datasets),https://www.transfermarkt.com/-/profil/spieler/576896,
tm:577260,Факундо Батіста,R,transfermarkt (kaggle transfermarkt-datasets),https://www.transfermarkt.com/-/profil/spieler/577260,
tm:57748,Матеус Лопес,L,transfermarkt (kaggle transfermarkt-datasets),https://www.transfermarkt.com/-/profil/spieler/57748,
tm:57869,Денис Дедечко,R,transfermarkt (kaggle transfermarkt-datasets),https://www.transfermarkt.com/-/profil/spieler/57869,
tm:57894,Владислав Микуляк,L,transfermarkt (kaggle transfermarkt-datasets),https://www.transfermarkt.com/-/profil/spieler/57894,
tm:57901,В'ячеслав Шарпар,R,transfermarkt (kaggle transfermarkt-datasets),https://www.transfermarkt.com/-/profil/spieler/57901,
tm:57971,Андрій Березовчук,R,transfermarkt (kaggle transfermarkt-datasets),https://www.transfermarkt.com/-/profil/spieler/57971,
tm:57987,Євген Чеберячко,L,transfermarkt (kaggle transfermarkt-datasets),https://www.transfermarkt.com/-/profil/spieler/57987,
tm:58016,Олег Голодюк,R,transfermarkt (kaggle transfermarkt-datasets),https://www.transfermarkt.com/-/profil/spieler/58016,
tm:58020,Самсон Годвін,R,transfermarkt (kaggle transfermarkt-datasets),https://www.transfermarkt.com/-/profil/spieler/58020,
tm:58035,Микола Іщенко,R,transfermarkt (kaggle transfermarkt-datasets),https://www.transfermarkt.com/-/profil/spieler/58035,
tm:58042,Ігор Худоб'як,B,transfermarkt (kaggle transfermarkt-datasets),https://www.transfermarkt.com/-/profil/spieler/58042,
tm:58072,Ярослав Мартинюк,L,transfermarkt (kaggle transfermarkt-datasets),https://www.transfermarkt.com/-/profil/spieler/58072,
tm:58103,Руслан Платон,R,transfermarkt (kaggle transfermarkt-datasets),https://www.transfermarkt.com/-/profil/spieler/58103,
tm:58150,Андрій Ткачук,R,transfermarkt (kaggle transfermarkt-datasets),https://www.transfermarkt.com/-/profil/spieler/58150,
tm:58402,Максим Ковальов,R,transfermarkt (kaggle transfermarkt-datasets),https://www.transfermarkt.com/-/profil/spieler/58402,
tm:58405,Артем Кравець,R,transfermarkt (kaggle transfermarkt-datasets),https://www.transfermarkt.com/-/profil/spieler/58405,
tm:584083,Бруніньйо,R,transfermarkt (kaggle transfermarkt-datasets),https://www.transfermarkt.com/-/profil/spieler/584083,
tm:58418,Вадим Мілько,R,transfermarkt (kaggle transfermarkt-datasets),https://www.transfermarkt.com/-/profil/spieler/58418,
tm:58427,Кирило Петров,R,transfermarkt (kaggle transfermarkt-datasets),https://www.transfermarkt.com/-/profil/spieler/58427,
tm:58467,Мусавенкосі Мгуні,R,transfermarkt (kaggle transfermarkt-datasets),https://www.transfermarkt.com/-/profil/spieler/58467,
tm:58514,Еліс Бакай,B,transfermarkt (kaggle transfermarkt-datasets),https://www.transfermarkt.com/-/profil/spieler/58514,
tm:585950,Натанаель Сентіні,R,transfermarkt (kaggle transfermarkt-datasets),https://www.transfermarkt.com/-/profil/spieler/585950,
tm:58606,Сергій Політило,B,transfermarkt (kaggle transfermarkt-datasets),https://www.transfermarkt.com/-/profil/spieler/58606,
tm:58922,Різван Аблітаров,L,transfermarkt (kaggle transfermarkt-datasets),https://www.transfermarkt.com/-/profil/spieler/58922,
tm:58933,Євген Бохашвілі,B,transfermarkt (kaggle transfermarkt-datasets),https://www.transfermarkt.com/-/profil/spieler/58933,
tm:58946,Артур Карноза,R,transfermarkt (kaggle transfermarkt-datasets),https://www.transfermarkt.com/-/profil/spieler/58946,
tm:58956,Олександр Максимов,B,transfermarkt (kaggle transfermarkt-datasets),https://www.transfermarkt.com/-/profil/spieler/58956,
tm:58970,Євген Шахов,R,transfermarkt (kaggle transfermarkt-datasets),https://www.transfermarkt.com/-/profil/spieler/58970,
tm:58980,В'ячеслав Турчанов,R,transfermarkt (kaggle transfermarkt-datasets),https://www.transfermarkt.com/-/profil/spieler/58980,
tm:59032,Александар Драгович,R,transfermarkt (kaggle transfermarkt-datasets),https://www.transfermarkt.com/-/profil/spieler/59032,
tm:59038,Віталій Гавриш,R,transfermarkt (kaggle transfermarkt-datasets),https://www.transfermarkt.com/-/profil/spieler/59038,
tm:59045,Павло Грищенко,R,transfermarkt (kaggle transfermarkt-datasets),https://www.transfermarkt.com/-/profil/spieler/59045,
tm:59047,Василь Грицук,B,transfermarkt (kaggle transfermarkt-datasets),https://www.transfermarkt.com/-/profil/spieler/59047,
tm:59060,Олександр Іващенко,B,transfermarkt (kaggle transfermarkt-datasets),https://www.transfermarkt.com/-/profil/spieler/59060,
tm:59074,Петро Ковальчук,R,transfermarkt (kaggle transfermarkt-datasets),https://www.transfermarkt.com/-/profil/spieler/59074,
tm:59076,Сергій Кравченко,R,transfermarkt (kaggle transfermarkt-datasets),https://www.transfermarkt.com/-/profil/spieler/59076,
tm:59083,Олег Бараннік,R,transfermarkt (kaggle transfermarkt-datasets),https://www.transfermarkt.com/-/profil/spieler/59083,
tm:59115,Віталій Павлов,R,transfermarkt (kaggle transfermarkt-datasets),https://www.transfermarkt.com/-/profil/spieler/59115,
tm:59142,Олександр Ситнік,R,transfermarkt (kaggle transfermarkt-datasets),https://www.transfermarkt.com/-/profil/spieler/59142,
tm:59148,Олександр Воловик,L,transfermarkt (kaggle transfermarkt-datasets),https://www.transfermarkt.com/-/profil/spieler/59148,
tm:59150,Ахмед Янузі,R,transfermarkt (kaggle transfermarkt-datasets),https://www.transfermarkt.com/-/profil/spieler/59150,
tm:591619,Владимир Арсич,L,transfermarkt (kaggle transfermarkt-datasets),https://www.transfermarkt.com/-/profil/spieler/591619,
tm:59249,Іван Матяж,R,transfermarkt (kaggle transfermarkt-datasets),https://www.transfermarkt.com/-/profil/spieler/59249,
tm:59253,Андрій Бойко,R,transfermarkt (kaggle transfermarkt-datasets),https://www.transfermarkt.com/-/profil/spieler/59253,
tm:59265,Сергій Ференчак,R,transfermarkt (kaggle transfermarkt-datasets),https://www.transfermarkt.com/-/profil/spieler/59265,
tm:59266,Ілля Галюза,B,transfermarkt (kaggle transfermarkt-datasets),https://www.transfermarkt.com/-/profil/spieler/59266,
tm:59269,Лакі Ідахор,R,transfermarkt (kaggle transfermarkt-datasets),https://www.transfermarkt.com/-/profil/spieler/59269,
tm:59411,Марко Девич,B,transfermarkt (kaggle transfermarkt-datasets),https://www.transfermarkt.com/-/profil/spieler/59411,
tm:59414,Папа Гуйе,R,transfermarkt (kaggle transfermarkt-datasets),https://www.transfermarkt.com/-/profil/spieler/59414,
tm:59423,Олексій Курілов,R,transfermarkt (kaggle transfermarkt-datasets),https://www.transfermarkt.com/-/profil/spieler/59423,
tm:59440,Антон Поступаленко,R,transfermarkt (kaggle transfermarkt-datasets),https://www.transfermarkt.com/-/profil/spieler/59440,
tm:59636,Бой Деул,R,transfermarkt (kaggle transfermarkt-datasets),https://www.transfermarkt.com/-/profil/spieler/59636,
tm:598629,Бруно Дуарте,R,transfermarkt (kaggle transfermarkt-datasets),https://www.transfermarkt.com/-/profil/spieler/598629,
tm:598635,Аугусто,R,transfermarkt (kaggle transfermarkt-datasets),https://www.transfermarkt.com/-/profil/spieler/598635,
tm:59877,Руслан Черненко,R,transfermarkt (kaggle transfermarkt-datasets),https://www.transfermarkt.com/-/profil/spieler/59877,
tm:598972,Марта,R,transfermarkt (kaggle transfermarkt-datasets),https://www.transfermarkt.com/-/profil/spieler/598972,
tm:598992,Рафаел Сабіно,R,transfermarkt (kaggle transfermarkt-datasets),https://www.transfermarkt.com/-/profil/spieler/598992,
tm:59908,Євген Селезньов,R,transfermarkt (kaggle transfermarkt-datasets),https://www.transfermarkt.com/-/profil/spieler/59908,
tm:59913,Артем Старгородський,R,transfermarkt (kaggle transfermarkt-datasets),https://www.transfermarkt.com/-/profil/spieler/59913,
tm:59950,Дам'єн Ле Таллек,R,transfermarkt (kaggle transfermarkt-datasets),https://www.transfermarkt.com/-/profil/spieler/59950,
tm:59970,Тарас Степаненко,L,transfermarkt (kaggle transfermarkt-datasets),https://www.transfermarkt.com/-/profil/spieler/59970,
tm:59973,Віталій Вернидуб,R,transfermarkt (kaggle transfermarkt-datasets),https://www.transfermarkt.com/-/profil/spieler/59973,
tm:59978,Євген Задоя,R,transfermarkt (kaggle transfermarkt-datasets),https://www.transfermarkt.com/-/profil/spieler/59978,
tm:59985,Євген Сантрапинських,B,transfermarkt (kaggle transfermarkt-datasets),https://www.transfermarkt.com/-/profil/spieler/59985,
tm:600008,Ігор Карпенко,R,transfermarkt (kaggle transfermarkt-datasets),https://www.transfermarkt.com/-/profil/spieler/600008,
tm:60129,Боян Малішич,R,transfermarkt (kaggle transfermarkt-datasets),https://www.transfermarkt.com/-/profil/spieler/60129,
tm:60132,Неманя Обрадович,R,transfermarkt (kaggle transfermarkt-datasets),https://www.transfermarkt.com/-/profil/spieler/60132,
tm:603126,Андрія Янич,R,transfermarkt (kaggle transfermarkt-datasets),https://www.transfermarkt.com/-/profil/spieler/603126,
tm:60323,Антон Монахов,R,transfermarkt (kaggle transfermarkt-datasets),https://www.transfermarkt.com/-/profil/spieler/60323,
tm:603384,Арсентій Дорошенко,R,transfermarkt (kaggle transfermarkt-datasets),https://www.transfermarkt.com/-/profil/spieler/603384,
tm:606248,Данило Карась,R,transfermarkt (kaggle transfermarkt-datasets),https://www.transfermarkt.com/-/profil/spieler/606248,
tm:606743,Іван Литвиненко,L,transfermarkt (kaggle transfermarkt-datasets),https://www.transfermarkt.com/-/profil/spieler/606743,
tm:607249,Матіас Оєвусі,R,transfermarkt (kaggle transfermarkt-datasets),https://www.transfermarkt.com/-/profil/spieler/607249,
tm:60790,Тоні Шунич,R,transfermarkt (kaggle transfermarkt-datasets),https://www.transfermarkt.com/-/profil/spieler/60790,
tm:608760,Арінальдо Рапай,R,transfermarkt (kaggle transfermarkt-datasets),https://www.transfermarkt.com/-/profil/spieler/608760,
tm:60979,Янік Болі,R,transfermarkt (kaggle transfermarkt-datasets),https://www.transfermarkt.com/-/profil/spieler/60979,
tm:61462,Рінар Валєєв,L,transfermarkt (kaggle transfermarkt-datasets),https://www.transfermarkt.com/-/profil/spieler/61462,
tm:617643,Альбін Краснічі,B,transfermarkt (kaggle transfermarkt-datasets),https://www.transfermarkt.com/-/profil/spieler/617643,
tm:620368,Остап Притула,L,transfermarkt (kaggle transfermarkt-datasets),https://www.transfermarkt.com/-/profil/spieler/620368,
tm:620722,Деян Попара,R,transfermarkt (kaggle transfermarkt-datasets),https://www.transfermarkt.com/-/profil/spieler/620722,
tm:620892,Арад Бар,R,transfermarkt (kaggle transfermarkt-datasets),https://www.transfermarkt.com/-/profil/spieler/620892,
tm:622410,Денис Устименко,R,transfermarkt (kaggle transfermarkt-datasets),https://www.transfermarkt.com/-/profil/spieler/622410,
tm:623325,Георгій Судаков,B,transfermarkt (kaggle transfermarkt-datasets),https://www.transfermarkt.com/-/profil/spieler/623325,
tm:623327,Андрій Чирук,R,transfermarkt (kaggle transfermarkt-datasets),https://www.transfermarkt.com/-/profil/spieler/623327,
tm:623331,Богдан В'юнник,B,transfermarkt (kaggle transfermarkt-datasets),https://www.transfermarkt.com/-/profil/spieler/623331,
tm:624808,Ілір Краснічі,R,transfermarkt (kaggle transfermarkt-datasets),https://www.transfermarkt.com/-/profil/spieler/624808,
tm:624831,Таддеус Нкенг,R,transfermarkt (kaggle transfermarkt-datasets),https://www.transfermarkt.com/-/profil/spieler/624831,
tm:625144,Владислав Семотюк,R,transfermarkt (kaggle transfermarkt-datasets),https://www.transfermarkt.com/-/profil/spieler/625144,
tm:62533,Ігор Силантьєв,R,transfermarkt (kaggle transfermarkt-datasets),https://www.transfermarkt.com/-/profil/spieler/62533,
tm:626475,Микола Михайленко,R,transfermarkt (kaggle transfermarkt-datasets),https://www.transfermarkt.com/-/profil/spieler/626475,
tm:626771,Лука Станковскі,R,transfermarkt (kaggle transfermarkt-datasets),https://www.transfermarkt.com/-/profil/spieler/626771,
tm:627222,Таллес Коста,R,transfermarkt (kaggle transfermarkt-datasets),https://www.transfermarkt.com/-/profil/spieler/627222,
tm:628329,Айді Дайко,R,transfermarkt (kaggle transfermarkt-datasets),https://www.transfermarkt.com/-/profil/spieler/628329,
tm:628569,Роман Толочко,R,transfermarkt (kaggle transfermarkt-datasets),https://www.transfermarkt.com/-/profil/spieler/628569,
tm:628570,Сергій Майборода,R,transfermarkt (kaggle transfermarkt-datasets),https://www.transfermarkt.com/-/profil/spieler/628570,
tm:631821,Владислав Ванат,L,transfermarkt (kaggle transfermarkt-datasets),https://www.transfermarkt.com/-/profil/spieler/631821,
tm:632667,Іван Тищенко,R,transfermarkt (kaggle transfermarkt-datasets),https://www.transfermarkt.com/-/profil/spieler/632667,
tm:632675,Олексій Шпак,R,transfermarkt (kaggle transfermarkt-datasets),https://www.transfermarkt.com/-/profil/spieler/632675,
tm:633728,Браян Кастільйо,R,transfermarkt (kaggle transfermarkt-datasets),https://www.transfermarkt.com/-/profil/spieler/633728,
tm:633850,Артур Рябов,R,transfermarkt (kaggle transfermarkt-datasets),https://www.transfermarkt.com/-/profil/spieler/633850,
tm:634023,Луїфер Ернандес,R,transfermarkt (kaggle transfermarkt-datasets),https://www.transfermarkt.com/-/profil/spieler/634023,
tm:634609,Руслан Дедух,R,transfermarkt (kaggle transfermarkt-datasets),https://www.transfermarkt.com/-/profil/spieler/634609,
tm:636756,Мілот Авдилі,L,transfermarkt (kaggle transfermarkt-datasets),https://www.transfermarkt.com/-/profil/spieler/636756,
tm:641426,Вадим Вітенчук,R,transfermarkt (kaggle transfermarkt-datasets),https://www.transfermarkt.com/-/profil/spieler/641426,
tm:64215,Крістіан Орош,R,transfermarkt (kaggle transfermarkt-datasets),https://www.transfermarkt.com/-/profil/spieler/64215,
tm:642947,Еліас Теллес,R,transfermarkt (kaggle transfermarkt-datasets),https://www.transfermarkt.com/-/profil/spieler/642947,
tm:64308,Браун Ідейє,R,transfermarkt (kaggle transfermarkt-datasets),https://www.transfermarkt.com/-/profil/spieler/64308,
tm:64313,Тамаш Кадар,L,transfermarkt (kaggle transfermarkt-datasets),https://www.transfermarkt.com/-/profil/spieler/64313,
tm:64341,Антон Кравченко,R,transfermarkt (kaggle transfermarkt-datasets),https://www.transfermarkt.com/-/profil/spieler/64341,
tm:645137,Томер Йосефі,L,transfermarkt (kaggle transfermarkt-datasets),https://www.transfermarkt.com/-/profil/spieler/645137,
tm:64711,Пабло Фонтанельйо,B,transfermarkt (kaggle transfermarkt-datasets),https://www.transfermarkt.com/-/profil/spieler/64711,
tm:647172,Алагі Олівейра,B,transfermarkt (kaggle transfermarkt-datasets),https://www.transfermarkt.com/-/profil/spieler/647172,
tm:647831,Жео Данні Екра,R,transfermarkt (kaggle transfermarkt-datasets),https://www.transfermarkt.com/-/profil/spieler/647831,
tm:648076,Джованні Болівар,R,transfermarkt (kaggle transfermarkt-datasets),https://www.transfermarkt.com/-/profil/spieler/648076,
tm:650393,Василь Вашкеба,R,transfermarkt (kaggle transfermarkt-datasets),https://www.transfermarkt.com/-/profil/spieler/650393,
tm:650863,Браян Себальос,R,transfermarkt (kaggle transfermarkt-datasets),https://www.transfermarkt.com/-/profil/spieler/650863,
tm:651388,Міслав Матич,R,transfermarkt (kaggle transfermarkt-datasets),https://www.transfermarkt.com/-/profil/spieler/651388,
tm:65297,Данієл Суботич,L,transfermarkt (kaggle transfermarkt-datasets),https://www.transfermarkt.com/-/profil/spieler/65297,
tm:653832,Офек Бітон,R,transfermarkt (kaggle transfermarkt-datasets),https://www.transfermarkt.com/-/profil/spieler/653832,
tm:654950,Мурило Кадіна,R,transfermarkt (kaggle transfermarkt-datasets),https://www.transfermarkt.com/-/profil/spieler/654950,
tm:65542,Тіагу Терросу,L,transfermarkt (kaggle transfermarkt-datasets),https://www.transfermarkt.com/-/profil/spieler/65542,
tm:656172,Яков Башич,L,transfermarkt (kaggle transfermarkt-datasets),https://www.transfermarkt.com/-/profil/spieler/656172,
tm:657796,Алаа Грам,R,transfermarkt (kaggle transfermarkt-datasets),https://www.transfermarkt.com/-/profil/spieler/657796,
tm:658060,Ніка Гагнідзе,R,transfermarkt (kaggle transfermarkt-datasets),https://www.transfermarkt.com/-/profil/spieler/658060,
tm:659089,Ілля Забарний,R,transfermarkt (kaggle transfermarkt-datasets),https://www.transfermarkt.com/-/profil/spieler/659089,
tm:659219,Гільєрме,R,transfermarkt (kaggle transfermarkt-datasets),https://www.transfermarkt.com/-/profil/spieler/659219,
tm:66058,Адмір Мехмеді,R,transfermarkt (kaggle transfermarkt-datasets),https://www.transfermarkt.com/-/profil/spieler/66058,
tm:661284,Фабіньйо,R,transfermarkt (kaggle transfermarkt-datasets),https://www.transfermarkt.com/-/profil/spieler/661284,
tm:661776,Богдан Порох,L,transfermarkt (kaggle transfermarkt-datasets),https://www.transfermarkt.com/-/profil/spieler/661776,
tm:66472,Бесарт Ібраїмі,B,transfermarkt (kaggle transfermarkt-datasets),https://www.transfermarkt.com/-/profil/spieler/66472,
tm:665048,Арсеній Батагов,L,transfermarkt (kaggle transfermarkt-datasets),https://www.transfermarkt.com/-/profil/spieler/665048,
tm:66515,Алекс Тейшейра,R,transfermarkt (kaggle transfermarkt-datasets),https://www.transfermarkt.com/-/profil/spieler/66515,
tm:666614,Клемент Ікенна,R,transfermarkt (kaggle transfermarkt-datasets),https://www.transfermarkt.com/-/profil/spieler/666614,
tm:666943,Валентин Рубчинський,R,transfermarkt (kaggle transfermarkt-datasets),https://www.transfermarkt.com/-/profil/spieler/666943,
tm:668235,Марлон Гомес,R,transfermarkt (kaggle transfermarkt-datasets),https://www.transfermarkt.com/-/profil/spieler/668235,
tm:669306,Володимир Бражко,R,transfermarkt (kaggle transfermarkt-datasets),https://www.transfermarkt.com/-/profil/spieler/669306,
tm:669310,Данило Гончарук,R,transfermarkt (kaggle transfermarkt-datasets),https://www.transfermarkt.com/-/profil/spieler/669310,
tm:670309,Матей Ангелов,R,transfermarkt (kaggle transfermarkt-datasets),https://www.transfermarkt.com/-/profil/spieler/670309,
tm:675708,Гітіс Паулаускас,R,transfermarkt (kaggle transfermarkt-datasets),https://www.transfermarkt.com/-/profil/spieler/675708,
tm:678606,Адмір Брістрич,R,transfermarkt (kaggle transfermarkt-datasets),https://www.transfermarkt.com/-/profil/spieler/678606,
tm:678778,Едуард Сарапій,R,transfermarkt (kaggle transfermarkt-datasets),https://www.transfermarkt.com/-/profil/spieler/678778,
tm:685375,Кай Ціпот,R,transfermarkt (kaggle transfermarkt-datasets),https://www.transfermarkt.com/-/profil/spieler/685375,
tm:686332,Едсон Фернандо,R,transfermarkt (kaggle transfermarkt-datasets),https://www.transfermarkt.com/-/profil/spieler/686332,
tm:69004,Євген Хачеріді,R,transfermarkt (kaggle transfermarkt-datasets),https://www.transfermarkt.com/-/profil/spieler/69004,
tm:690246,Френсіс Момо,R,transfermarkt (kaggle transfermarkt-datasets),https://www.transfermarkt.com/-/profil/spieler/690246,
tm:692997,Олексій Сидоров,R,transfermarkt (kaggle transfermarkt-datasets),https://www.transfermarkt.com/-/profil/spieler/692997,
tm:69913,Кирило Ковальчук,R,transfermarkt (kaggle transfermarkt-datasets),https://www.transfermarkt.com/-/profil/spieler/69913,
tm:702561,Роман Дідик,R,transfermarkt (kaggle transfermarkt-datasets),https://www.transfermarkt.com/-/profil/spieler/702561,
tm:705058,Маттео Аморозо,L,transfermarkt (kaggle transfermarkt-datasets),https://www.transfermarkt.com/-/profil/spieler/705058,
tm:705337,Марко Мрвальєвич,R,transfermarkt (kaggle transfermarkt-datasets),https://www.transfermarkt.com/-/profil/spieler/705337,
tm:706166,Владислав Бленуце,R,transfermarkt (kaggle transfermarkt-datasets),https://www.transfermarkt.com/-/profil/spieler/706166,
tm:707217,Албан Таїпі,R,transfermarkt (kaggle transfermarkt-datasets),https://www.transfermarkt.com/-/profil/spieler/707217,
tm:70754,Денис Гармаш,R,transfermarkt (kaggle transfermarkt-datasets),https://www.transfermarkt.com/-/profil/spieler/70754,
tm:708172,Філіпе Пахтманн,R,transfermarkt (kaggle transfermarkt-datasets),https://www.transfermarkt.com/-/profil/spieler/708172,
tm:70869,Грегор Балажиц,R,transfermarkt (kaggle transfermarkt-datasets),https://www.transfermarkt.com/-/profil/spieler/70869,
tm:712857,Марк Мампассі,R,transfermarkt (kaggle transfermarkt-datasets),https://www.transfermarkt.com/-/profil/spieler/712857,
tm:717198,Данило Удод,R,transfermarkt (kaggle transfermarkt-datasets),https://www.transfermarkt.com/-/profil/spieler/717198,
tm:717199,Богдан Слюбик,R,transfermarkt (kaggle transfermarkt-datasets),https://www.transfermarkt.com/-/profil/spieler/717199,
tm:717200,Назар Русяк,R,transfermarkt (kaggle transfermarkt-datasets),https://www.transfermarkt.com/-/profil/spieler/717200,
tm:717203,Іван Лосенко,L,transfermarkt (kaggle transfermarkt-datasets),https://www.transfermarkt.com/-/profil/spieler/717203,
tm:717390,Антон Царенко,R,transfermarkt (kaggle transfermarkt-datasets),https://www.transfermarkt.com/-/profil/spieler/717390,
tm:717391,Максим Мельниченко,R,transfermarkt (kaggle transfermarkt-datasets),https://www.transfermarkt.com/-/profil/spieler/717391,
tm:717392,Антон Глущенко,R,transfermarkt (kaggle transfermarkt-datasets),https://www.transfermarkt.com/-/profil/spieler/717392,
tm:717411,Єгор Ярмолюк,R,transfermarkt (kaggle transfermarkt-datasets),https://www.transfermarkt.com/-/profil/spieler/717411,
tm:717415,Даніель Ківінда,R,transfermarkt (kaggle transfermarkt-datasets),https://www.transfermarkt.com/-/profil/spieler/717415,
tm:718409,Владислав Погорілий,R,transfermarkt (kaggle transfermarkt-datasets),https://www.transfermarkt.com/-/profil/spieler/718409,
tm:718643,Аліун Ндур,R,transfermarkt (kaggle transfermarkt-datasets),https://www.transfermarkt.com/-/profil/spieler/718643,
tm:726014,Максим Дячук,R,transfermarkt (kaggle transfermarkt-datasets),https://www.transfermarkt.com/-/profil/spieler/726014,
tm:726016,Денис Шостак,R,transfermarkt (kaggle transfermarkt-datasets),https://www.transfermarkt.com/-/profil/spieler/726016,
tm:726019,Олександр Яцик,R,transfermarkt (kaggle transfermarkt-datasets),https://www.transfermarkt.com/-/profil/spieler/726019,
tm:728380,Андрій Вискребенцев,R,transfermarkt (kaggle transfermarkt-datasets),https://www.transfermarkt.com/-/profil/spieler/728380,
tm:729196,Роман Волохатий,R,transfermarkt (kaggle transfermarkt-datasets),https://www.transfermarkt.com/-/profil/spieler/729196,
tm:730126,Микола Кухаревич,R,transfermarkt (kaggle transfermarkt-datasets),https://www.transfermarkt.com/-/profil/spieler/730126,
tm:730874,Андрій Ліповуз,R,transfermarkt (kaggle transfermarkt-datasets),https://www.transfermarkt.com/-/profil/spieler/730874,
tm:73094,Едуардо Нето,L,transfermarkt (kaggle transfermarkt-datasets),https://www.transfermarkt.com/-/profil/spieler/73094,
tm:73137,Марк Кастельс,R,transfermarkt (kaggle transfermarkt-datasets),https://www.transfermarkt.com/-/profil/spieler/73137,
tm:73185,Лукас Перес,L,transfermarkt (kaggle transfermarkt-datasets),https://www.transfermarkt.com/-/profil/spieler/73185,
tm:734799,Прінс Аду,R,transfermarkt (kaggle transfermarkt-datasets),https://www.transfermarkt.com/-/profil/spieler/734799,
tm:735788,Ігор Габріел,R,transfermarkt (kaggle transfermarkt-datasets),https://www.transfermarkt.com/-/profil/spieler/735788,
tm:737982,Жуліо Сезар,L,transfermarkt (kaggle transfermarkt-datasets),https://www.transfermarkt.com/-/profil/spieler/737982,
tm:738154,Крістофер Нваезе,R,transfermarkt (kaggle transfermarkt-datasets),https://www.transfermarkt.com/-/profil/spieler/738154,
tm:740732,Таллес Бренер,R,transfermarkt (kaggle transfermarkt-datasets),https://www.transfermarkt.com/-/profil/spieler/740732,
tm:74089,Сергій Кривцов,R,transfermarkt (kaggle transfermarkt-datasets),https://www.transfermarkt.com/-/profil/spieler/74089,
tm:745252,Артем Кулаковський,R,transfermarkt (kaggle transfermarkt-datasets),https://www.transfermarkt.com/-/profil/spieler/745252,
tm:746397,Артем Вовкун,R,transfermarkt (kaggle transfermarkt-datasets),https://www.transfermarkt.com/-/profil/spieler/746397,
tm:748838,Юрій Тлумак,L,transfermarkt (kaggle transfermarkt-datasets),https://www.transfermarkt.com/-/profil/spieler/748838,
tm:748936,Дмитро Піддубний,R,transfermarkt (kaggle transfermarkt-datasets),https://www.transfermarkt.com/-/profil/spieler/748936,
tm:75109,Селіо Сантос,L,transfermarkt (kaggle transfermarkt-datasets),https://www.transfermarkt.com/-/profil/spieler/75109,
tm:751988,Денис Галата,R,transfermarkt (kaggle transfermarkt-datasets),https://www.transfermarkt.com/-/profil/spieler/751988,
tm:752691,Богдан Векляк,R,transfermarkt (kaggle transfermarkt-datasets),https://www.transfermarkt.com/-/profil/spieler/752691,
tm:75296,Радосав Петрович,R,transfermarkt (kaggle transfermarkt-datasets),https://www.transfermarkt.com/-/profil/spieler/75296,
tm:75631,Мілош Йокич,L,transfermarkt (kaggle transfermarkt-datasets),https://www.transfermarkt.com/-/profil/spieler/75631,
tm:758845,Єгор Твердохліб,R,transfermarkt (kaggle transfermarkt-datasets),https://www.transfermarkt.com/-/profil/spieler/758845,
tm:761326,Став Лемкін,R,transfermarkt (kaggle transfermarkt-datasets),https://www.transfermarkt.com/-/profil/spieler/761326,
tm:766709,Максим Сасовський,R,transfermarkt (kaggle transfermarkt-datasets),https://www.transfermarkt.com/-/profil/spieler/766709,
tm:767643,Олександр Мизюк,R,transfermarkt (kaggle transfermarkt-datasets),https://www.transfermarkt.com/-/profil/spieler/767643,
tm:771909,Алекс Чідомере,R,transfermarkt (kaggle transfermarkt-datasets),https://www.transfermarkt.com/-/profil/spieler/771909,
tm:771912,Ілля Гулько,R,transfermarkt (kaggle transfermarkt-datasets),https://www.transfermarkt.com/-/profil/spieler/771912,
tm:771914,Євген Павлюк,R,transfermarkt (kaggle transfermarkt-datasets),https://www.transfermarkt.com/-/profil/spieler/771914,
tm:773961,Олег Федор,R,transfermarkt (kaggle transfermarkt-datasets),https://www.transfermarkt.com/-/profil/spieler/773961,
tm:774552,Денис Слюсар,R,transfermarkt (kaggle transfermarkt-datasets),https://www.transfermarkt.com/-/profil/spieler/774552,
tm:77490,Ігор Худобяк,R,transfermarkt (kaggle transfermarkt-datasets),https://www.transfermarkt.com/-/profil/spieler/77490,
tm:775830,Семен Вовченко,L,transfermarkt (kaggle transfermarkt-datasets),https://www.transfermarkt.com/-/profil/spieler/775830,
tm:775868,Денис Дем'яненко,R,transfermarkt (kaggle transfermarkt-datasets),https://www.transfermarkt.com/-/profil/spieler/775868,
tm:775902,Владислав Шинкаренко,R,transfermarkt (kaggle transfermarkt-datasets),https://www.transfermarkt.com/-/profil/spieler/775902,
tm:776959,Андрій Співаков,R,transfermarkt (kaggle transfermarkt-datasets),https://www.transfermarkt.com/-/profil/spieler/776959,
tm:77853,Роман Локтіонов,L,transfermarkt (kaggle transfermarkt-datasets),https://www.transfermarkt.com/-/profil/spieler/77853,
tm:779244,Іван Варфоломєєв,R,transfermarkt (kaggle transfermarkt-datasets),https://www.transfermarkt.com/-/profil/spieler/779244,
tm:78733,Кирило Сидоренко,R,transfermarkt (kaggle transfermarkt-datasets),https://www.transfermarkt.com/-/profil/spieler/78733,
tm:787776,Валерій Дубко,L,transfermarkt (kaggle transfermarkt-datasets),https://www.transfermarkt.com/-/profil/spieler/787776,
tm:789478,Богдан Кобзар,R,transfermarkt (kaggle transfermarkt-datasets),https://www.transfermarkt.com/-/profil/spieler/789478,
tm:792844,Рустам Ахмедзаде,R,transfermarkt (kaggle transfermarkt-datasets),https://www.transfermarkt.com/-/profil/spieler/792844,
tm:794896,Габріель Ескінья,R,transfermarkt (kaggle transfermarkt-datasets),https://www.transfermarkt.com/-/profil/spieler/794896,
tm:798106,Руан Олівейра,R,transfermarkt (kaggle transfermarkt-datasets),https://www.transfermarkt.com/-/profil/spieler/798106,
tm:800015,Влад Рейляну,R,transfermarkt (kaggle transfermarkt-datasets),https://www.transfermarkt.com/-/profil/spieler/800015,
tm:804264,Ігор Невес,R,transfermarkt (kaggle transfermarkt-datasets),https://www.transfermarkt.com/-/profil/spieler/804264,
tm:807784,Жослен Беїратче,R,transfermarkt (kaggle transfermarkt-datasets),https://www.transfermarkt.com/-/profil/spieler/807784,
tm:808113,Максим Багачанський,L,transfermarkt (kaggle transfermarkt-datasets),https://www.transfermarkt.com/-/profil/spieler/808113,
tm:808465,Ардіт Тахірі,R,transfermarkt (kaggle transfermarkt-datasets),https://www.transfermarkt.com/-/profil/spieler/808465,
tm:808971,Денис Ндукве,L,transfermarkt (kaggle transfermarkt-datasets),https://www.transfermarkt.com/-/profil/spieler/808971,
tm:808973,Денис Резепов,R,transfermarkt (kaggle transfermarkt-datasets),https://www.transfermarkt.com/-/profil/spieler/808973,
tm:809569,Єгор Гунічев,R,transfermarkt (kaggle transfermarkt-datasets),https://www.transfermarkt.com/-/profil/spieler/809569,
tm:809617,Лео Антоніо,R,transfermarkt (kaggle transfermarkt-datasets),https://www.transfermarkt.com/-/profil/spieler/809617,
tm:809899,Лука Лацабідзе,R,transfermarkt (kaggle transfermarkt-datasets),https://www.transfermarkt.com/-/profil/spieler/809899,
tm:812726,Андрій Беженар,R,transfermarkt (kaggle transfermarkt-datasets),https://www.transfermarkt.com/-/profil/spieler/812726,
tm:812755,Денис Підгурський,R,transfermarkt (kaggle transfermarkt-datasets),https://www.transfermarkt.com/-/profil/spieler/812755,
tm:814830,Микола Миронюк,R,transfermarkt (kaggle transfermarkt-datasets),https://www.transfermarkt.com/-/profil/spieler/814830,
tm:815673,Фернандо Енріке,B,transfermarkt (kaggle transfermarkt-datasets),https://www.transfermarkt.com/-/profil/spieler/815673,
tm:81649,Сергій Рибалка,R,transfermarkt (kaggle transfermarkt-datasets),https://www.transfermarkt.com/-/profil/spieler/81649,
tm:821534,Максим Мудрий,R,transfermarkt (kaggle transfermarkt-datasets),https://www.transfermarkt.com/-/profil/spieler/821534,
tm:825229,Валерій Самар,R,transfermarkt (kaggle transfermarkt-datasets),https://www.transfermarkt.com/-/profil/spieler/825229,
tm:82599,Валерій Федорчук,R,transfermarkt (kaggle transfermarkt-datasets),https://www.transfermarkt.com/-/profil/spieler/82599,
tm:830079,Родіон Плакса,R,transfermarkt (kaggle transfermarkt-datasets),https://www.transfermarkt.com/-/profil/spieler/830079,
tm:830083,Іван Мамросенко,L,transfermarkt (kaggle transfermarkt-datasets),https://www.transfermarkt.com/-/profil/spieler/830083,
tm:831697,Яго Сікейра,R,transfermarkt (kaggle transfermarkt-datasets),https://www.transfermarkt.com/-/profil/spieler/831697,
tm:833315,Новатус Міроші,L,transfermarkt (kaggle transfermarkt-datasets),https://www.transfermarkt.com/-/profil/spieler/833315,
tm:836428,Борель Томандзото,R,transfermarkt (kaggle transfermarkt-datasets),https://www.transfermarkt.com/-/profil/spieler/836428,
tm:837005,Раймонд Овусу,R,transfermarkt (kaggle transfermarkt-datasets),https://www.transfermarkt.com/-/profil/spieler/837005,
tm:837974,Патрісіо Танда,L,transfermarkt (kaggle transfermarkt-datasets),https://www.transfermarkt.com/-/profil/spieler/837974,
tm:838182,Ярослав Доброхотов,R,transfermarkt (kaggle transfermarkt-datasets),https://www.transfermarkt.com/-/profil/spieler/838182,
tm:838384,Антон Боль,R,transfermarkt (kaggle transfermarkt-datasets),https://www.transfermarkt.com/-/profil/spieler/838384,
tm:84980,Александрс Фертовс,R,transfermarkt (kaggle transfermarkt-datasets),https://www.transfermarkt.com/-/profil/spieler/84980,
tm:85430,Джаба Ліпартія,L,transfermarkt (kaggle transfermarkt-datasets),https://www.transfermarkt.com/-/profil/spieler/85430,
tm:85506,Каспарс Дубра,R,transfermarkt (kaggle transfermarkt-datasets),https://www.transfermarkt.com/-/profil/spieler/85506,
tm:85938,Андрій Оберемко,L,transfermarkt (kaggle transfermarkt-datasets),https://www.transfermarkt.com/-/profil/spieler/85938,
tm:860096,Карлос Рохас,L,transfermarkt (kaggle transfermarkt-datasets),https://www.transfermarkt.com/-/profil/spieler/860096,
tm:860701,Микола Гайдучик,L,transfermarkt (kaggle transfermarkt-datasets),https://www.transfermarkt.com/-/profil/spieler/860701,
tm:863582,Сулейман Сейтхалілов,R,transfermarkt (kaggle transfermarkt-datasets),https://www.transfermarkt.com/-/profil/spieler/863582,
tm:86466,Євгеній Ткачук,R,transfermarkt (kaggle transfermarkt-datasets),https://www.transfermarkt.com/-/profil/spieler/86466,
tm:865572,Жеоване,L,transfermarkt (kaggle transfermarkt-datasets),https://www.transfermarkt.com/-/profil/spieler/865572,
tm:869465,Тіаго Сантана,B,transfermarkt (kaggle transfermarkt-datasets),https://www.transfermarkt.com/-/profil/spieler/869465,
tm:870177,Владислав Мороз,R,transfermarkt (kaggle transfermarkt-datasets),https://www.transfermarkt.com/-/profil/spieler/870177,
tm:87097,Сергій Рудика,R,transfermarkt (kaggle transfermarkt-datasets),https://www.transfermarkt.com/-/profil/spieler/87097,
tm:871863,Андрій Андрейчук,R,transfermarkt (kaggle transfermarkt-datasets),https://www.transfermarkt.com/-/profil/spieler/871863,
tm:873534,Ерен Айдин,R,transfermarkt (kaggle transfermarkt-datasets),https://www.transfermarkt.com/-/profil/spieler/873534,
tm:87864,Ашраф Халфауї,B,transfermarkt (kaggle transfermarkt-datasets),https://www.transfermarkt.com/-/profil/spieler/87864,
tm:87893,Василь Прийма,R,transfermarkt (kaggle transfermarkt-datasets),https://www.transfermarkt.com/-/profil/spieler/87893,
tm:880458,Жуан Віалле,R,transfermarkt (kaggle transfermarkt-datasets),https://www.transfermarkt.com/-/profil/spieler/880458,
tm:88102,Карлен Мкртчян,L,transfermarkt (kaggle transfermarkt-datasets),https://www.transfermarkt.com/-/profil/spieler/88102,
tm:882089,Адам Якубу,R,transfermarkt (kaggle transfermarkt-datasets),https://www.transfermarkt.com/-/profil/spieler/882089,
tm:882225,Іван Кошкош,L,transfermarkt (kaggle transfermarkt-datasets),https://www.transfermarkt.com/-/profil/spieler/882225,
tm:882696,Борис Лотоцький,L,transfermarkt (kaggle transfermarkt-datasets),https://www.transfermarkt.com/-/profil/spieler/882696,
tm:884849,Данило Хрипчук,R,transfermarkt (kaggle transfermarkt-datasets),https://www.transfermarkt.com/-/profil/spieler/884849,
tm:885150,Карлос Парако,R,transfermarkt (kaggle transfermarkt-datasets),https://www.transfermarkt.com/-/profil/spieler/885150,
tm:888023,Кевін Келсі,L,transfermarkt (kaggle transfermarkt-datasets),https://www.transfermarkt.com/-/profil/spieler/888023,
tm:89010,Сілвано Комваліус,R,transfermarkt (kaggle transfermarkt-datasets),https://www.transfermarkt.com/-/profil/spieler/89010,
tm:892049,Марко Сапуга,R,transfermarkt (kaggle transfermarkt-datasets),https://www.transfermarkt.com/-/profil/spieler/892049,
tm:892052,Юрій Дудник,R,transfermarkt (kaggle transfermarkt-datasets),https://www.transfermarkt.com/-/profil/spieler/892052,
tm:892053,Денис Нагнойний,R,transfermarkt (kaggle transfermarkt-datasets),https://www.transfermarkt.com/-/profil/spieler/892053,
tm:892054,Еміль Мустафаєв,L,transfermarkt (kaggle transfermarkt-datasets),https://www.transfermarkt.com/-/profil/spieler/892054,
tm:892097,Андрусв Араухо,R,transfermarkt (kaggle transfermarkt-datasets),https://www.transfermarkt.com/-/profil/spieler/892097,
tm:892105,Ліндон Емерллаху,B,transfermarkt (kaggle transfermarkt-datasets),https://www.transfermarkt.com/-/profil/spieler/892105,
tm:89222,Ярослав Ракицький,L,transfermarkt (kaggle transfermarkt-datasets),https://www.transfermarkt.com/-/profil/spieler/89222,
tm:89318,Борха Екіса,R,transfermarkt (kaggle transfermarkt-datasets),https://www.transfermarkt.com/-/profil/spieler/89318,
tm:893187,Решат Рамадані,R,transfermarkt (kaggle transfermarkt-datasets),https://www.transfermarkt.com/-/profil/spieler/893187,
tm:91312,Антон Шендрік,L,transfermarkt (kaggle transfermarkt-datasets),https://www.transfermarkt.com/-/profil/spieler/91312,
tm:913387,Данило Колесник,R,transfermarkt (kaggle transfermarkt-datasets),https://www.transfermarkt.com/-/profil/spieler/913387,
tm:91349,Олександр Жабокрицький,B,transfermarkt (kaggle transfermarkt-datasets),https://www.transfermarkt.com/-/profil/spieler/91349,
tm:91358,Євген Новак,R,transfermarkt (kaggle transfermarkt-datasets),https://www.transfermarkt.com/-/profil/spieler/91358,
tm:91365,Андрій Воронков,R,transfermarkt (kaggle transfermarkt-datasets),https://www.transfermarkt.com/-/profil/spieler/91365,
tm:91366,Олександр Акименко,R,transfermarkt (kaggle transfermarkt-datasets),https://www.transfermarkt.com/-/profil/spieler/91366,
tm:91419,Олексій Довгий,L,transfermarkt (kaggle transfermarkt-datasets),https://www.transfermarkt.com/-/profil/spieler/91419,
tm:91425,Юрій Коломоєць,B,transfermarkt (kaggle transfermarkt-datasets),https://www.transfermarkt.com/-/profil/spieler/91425,
tm:91448,Кирило Дорошенко,R,transfermarkt (kaggle transfermarkt-datasets),https://www.transfermarkt.com/-/profil/spieler/91448,
tm:91465,Андрій Запорожан,R,transfermarkt (kaggle transfermarkt-datasets),https://www.transfermarkt.com/-/profil/spieler/91465,
tm:91479,Сергій Яворський,R,transfermarkt (kaggle transfermarkt-datasets),https://www.transfermarkt.com/-/profil/spieler/91479,
tm:91527,Роман Карасюк,R,transfermarkt (kaggle transfermarkt-datasets),https://www.transfermarkt.com/-/profil/spieler/91527,
tm:91529,Ярослав Кінаш,L,transfermarkt (kaggle transfermarkt-datasets),https://www.transfermarkt.com/-/profil/spieler/91529,
tm:91537,Віталій Приндета,L,transfermarkt (kaggle transfermarkt-datasets),https://www.transfermarkt.com/-/profil/spieler/91537,
tm:91549,Валерій Куценко,R,transfermarkt (kaggle transfermarkt-datasets),https://www.transfermarkt.com/-/profil/spieler/91549,
tm:91727,Андрій Гітченко,R,transfermarkt (kaggle transfermarkt-datasets),https://www.transfermarkt.com/-/profil/spieler/91727,
tm:917287,Вадим Підлепич,R,transfermarkt (kaggle transfermarkt-datasets),https://www.transfermarkt.com/-/profil/spieler/917287,
tm:918615,Степан Григоращук,R,transfermarkt (kaggle transfermarkt-datasets),https://www.transfermarkt.com/-/profil/spieler/918615,
tm:92030,Дмитро Башлай,R,transfermarkt (kaggle transfermarkt-datasets),https://www.transfermarkt.com/-/profil/spieler/92030,
tm:92158,Абейку Куанса,R,transfermarkt (kaggle transfermarkt-datasets),https://www.transfermarkt.com/-/profil/spieler/92158,
tm:923433,Артем Оніщенко,R,transfermarkt (kaggle transfermarkt-datasets),https://www.transfermarkt.com/-/profil/spieler/923433,
tm:925044,Тарас Галас,R,transfermarkt (kaggle transfermarkt-datasets),https://www.transfermarkt.com/-/profil/spieler/925044,
tm:925401,Роман Саленко,R,transfermarkt (kaggle transfermarkt-datasets),https://www.transfermarkt.com/-/profil/spieler/925401,
tm:926183,Вендел,R,transfermarkt (kaggle transfermarkt-datasets),https://www.transfermarkt.com/-/profil/spieler/926183,
tm:92649,Дмитро Зозуля,R,transfermarkt (kaggle transfermarkt-datasets),https://www.transfermarkt.com/-/profil/spieler/92649,
tm:926657,Кирило Матвєєв,R,transfermarkt (kaggle transfermarkt-datasets),https://www.transfermarkt.com/-/profil/spieler/926657,
tm:928276,Сергій Копил,R,transfermarkt (kaggle transfermarkt-datasets),https://www.transfermarkt.com/-/profil/spieler/928276,
tm:928288,Олександр Дихтярук,R,transfermarkt (kaggle transfermarkt-datasets),https://www.transfermarkt.com/-/profil/spieler/928288,
tm:935046,Роман Савченко,L,transfermarkt (kaggle transfermarkt-datasets),https://www.transfermarkt.com/-/profil/spieler/935046,
tm:935047,Кирило Сігеєв,R,transfermarkt (kaggle transfermarkt-datasets),https://www.transfermarkt.com/-/profil/spieler/935047,
tm:935106,Марко Подоляк,L,transfermarkt (kaggle transfermarkt-datasets),https://www.transfermarkt.com/-/profil/spieler/935106,
tm:936859,Мозес Джарджу,R,transfermarkt (kaggle transfermarkt-datasets),https://www.transfermarkt.com/-/profil/spieler/936859,
tm:9369,Айоделе Аделеє,L,transfermarkt (kaggle transfermarkt-datasets),https://www.transfermarkt.com/-/profil/spieler/9369,
tm:93795,Факундо Феррейра,R,transfermarkt (kaggle transfermarkt-datasets),https://www.transfermarkt.com/-/profil/spieler/93795,
tm:93862,Денис Причиненко,R,transfermarkt (kaggle transfermarkt-datasets),https://www.transfermarkt.com/-/profil/spieler/93862,
tm:941418,Деніл Кастільйо,R,transfermarkt (kaggle transfermarkt-datasets),https://www.transfermarkt.com/-/profil/spieler/941418,
tm:942475,Верлей Баррера,R,transfermarkt (kaggle transfermarkt-datasets),https://www.transfermarkt.com/-/profil/spieler/942475,
tm:94318,Йован Крнета,R,transfermarkt (kaggle transfermarkt-datasets),https://www.transfermarkt.com/-/profil/spieler/94318,
tm:949111,Аліу Тіаре,L,transfermarkt (kaggle transfermarkt-datasets),https://www.transfermarkt.com/-/profil/spieler/949111,
tm:94923,Ігор Чайковський,R,transfermarkt (kaggle transfermarkt-datasets),https://www.transfermarkt.com/-/profil/spieler/94923,
tm:94924,Максим Імереков,R,transfermarkt (kaggle transfermarkt-datasets),https://www.transfermarkt.com/-/profil/spieler/94924,
tm:94926,Олександр Кас'ян,B,transfermarkt (kaggle transfermarkt-datasets),https://www.transfermarkt.com/-/profil/spieler/94926,
tm:94928,Руслан Бабенко,L,transfermarkt (kaggle transfermarkt-datasets),https://www.transfermarkt.com/-/profil/spieler/94928,
tm:94931,Віталій Віценець,R,transfermarkt (kaggle transfermarkt-datasets),https://www.transfermarkt.com/-/profil/spieler/94931,
tm:950181,Матей Матич,L,transfermarkt (kaggle transfermarkt-datasets),https://www.transfermarkt.com/-/profil/spieler/950181,
tm:95129,Євген Морозенко,R,transfermarkt (kaggle transfermarkt-datasets),https://www.transfermarkt.com/-/profil/spieler/95129,
tm:951690,Юрій Потімков,R,transfermarkt (kaggle transfermarkt-datasets),https://www.transfermarkt.com/-/profil/spieler/951690,
tm:95239,Павло Щедраков,R,transfermarkt (kaggle transfermarkt-datasets),https://www.transfermarkt.com/-/profil/spieler/95239,
tm:955216,Максим Василець,R,transfermarkt (kaggle transfermarkt-datasets),https://www.transfermarkt.com/-/profil/spieler/955216,
tm:955333,Назар Балаба,R,transfermarkt (kaggle transfermarkt-datasets),https://www.transfermarkt.com/-/profil/spieler/955333,
tm:95649,Олександр Нойок,R,transfermarkt (kaggle transfermarkt-datasets),https://www.transfermarkt.com/-/profil/spieler/95649,
tm:95682,Євген Чепурненко,R,transfermarkt (kaggle transfermarkt-datasets),https://www.transfermarkt.com/-/profil/spieler/95682,
tm:964036,Олег Криворучко,R,transfermarkt (kaggle transfermarkt-datasets),https://www.transfermarkt.com/-/profil/spieler/964036,
tm:965929,Владислав Островський,R,transfermarkt (kaggle transfermarkt-datasets),https://www.transfermarkt.com/-/profil/spieler/965929,
tm:967602,Андрій Соловйов,R,transfermarkt (kaggle transfermarkt-datasets),https://www.transfermarkt.com/-/profil/spieler/967602,
tm:967981,Жан-Клод,R,transfermarkt (kaggle transfermarkt-datasets),https://www.transfermarkt.com/-/profil/spieler/967981,
tm:9688,Томаш Гюбшман,R,transfermarkt (kaggle transfermarkt-datasets),https://www.transfermarkt.com/-/profil/spieler/9688,
tm:96957,В'ячеслав Акімов,R,transfermarkt (kaggle transfermarkt-datasets),https://www.transfermarkt.com/-/profil/spieler/96957,
tm:969596,Габріел Гомес,L,transfermarkt (kaggle transfermarkt-datasets),https://www.transfermarkt.com/-/profil/spieler/969596,
tm:97335,Ігор Пластун,R,transfermarkt (kaggle transfermarkt-datasets),https://www.transfermarkt.com/-/profil/spieler/97335,
tm:97567,Роман Безус,R,transfermarkt (kaggle transfermarkt-datasets),https://www.transfermarkt.com/-/profil/spieler/97567,
tm:97808,Дмитро Козьбан,R,transfermarkt (kaggle transfermarkt-datasets),https://www.transfermarkt.com/-/profil/spieler/97808,
tm:97859,Євген Павлов,R,transfermarkt (kaggle transfermarkt-datasets),https://www.transfermarkt.com/-/profil/spieler/97859,
tm:9800,Артем Мілевський,R,transfermarkt (kaggle transfermarkt-datasets),https://www.transfermarkt.com/-/profil/spieler/9800,
tm:981181,Ніколас Аревало,R,transfermarkt (kaggle transfermarkt-datasets),https://www.transfermarkt.com/-/profil/spieler/981181,
tm:983434,Георгій Робакідзе,R,transfermarkt (kaggle transfermarkt-datasets),https://www.transfermarkt.com/-/profil/spieler/983434,
tm:98536,Адіс Яхович,R,transfermarkt (kaggle transfermarkt-datasets),https://www.transfermarkt.com/-/profil/spieler/98536,
tm:986412,Радіон Лісняк,R,transfermarkt (kaggle transfermarkt-datasets),https://www.transfermarkt.com/-/profil/spieler/986412,
tm:99189,Пеле,R,transfermarkt (kaggle transfermarkt-datasets),https://www.transfermarkt.com/-/profil/spieler/99189,
tm:99490,Муртаз Даушвілі,R,transfermarkt (kaggle transfermarkt-datasets),https://www.transfermarkt.com/-/profil/spieler/99490,
tm:99863,Пилип Будківський,R,transfermarkt (kaggle transfermarkt-datasets),https://www.transfermarkt.com/-/profil/spieler/99863,
tm:102572,Юрій Паньків,R,transfermarkt (kaggle transfermarkt-datasets),https://www.transfermarkt.com/-/profil/spieler/102572,
tm:1048954,Ігор Потімков,L,transfermarkt (kaggle transfermarkt-datasets),https://www.transfermarkt.com/-/profil/spieler/1048954,
tm:1063685,В'ячеслав Суркіс,R,transfermarkt (kaggle transfermarkt-datasets),https://www.transfermarkt.com/-/profil/spieler/1063685,
tm:1072234,Олександр Домолега,R,transfermarkt (kaggle transfermarkt-datasets),https://www.transfermarkt.com/-/profil/spieler/1072234,
tm:1083190,Іван Пахолюк,R,transfermarkt (kaggle transfermarkt-datasets),https://www.transfermarkt.com/-/profil/spieler/1083190,
tm:1111147,Чіджіоке Аніагбосо,R,transfermarkt (kaggle transfermarkt-datasets),https://www.transfermarkt.com/-/profil/spieler/1111147,
tm:1113558,Микита Мінчев,R,transfermarkt (kaggle transfermarkt-datasets),https://www.transfermarkt.com/-/profil/spieler/1113558,
tm:112953,Дмитро Безотосний,R,transfermarkt (kaggle transfermarkt-datasets),https://www.transfermarkt.com/-/profil/spieler/112953,
tm:113888,Ігор Левченко,L,transfermarkt (kaggle transfermarkt-datasets),https://www.transfermarkt.com/-/profil/spieler/113888,
tm:1159511,Денис Марченко,L,transfermarkt (kaggle transfermarkt-datasets),https://www.transfermarkt.com/-/profil/spieler/1159511,
tm:1159736,Вадим Сташків,L,transfermarkt (kaggle transfermarkt-datasets),https://www.transfermarkt.com/-/profil/spieler/1159736,
tm:1160405,Віктор Долгий,L,transfermarkt (kaggle transfermarkt-datasets),https://www.transfermarkt.com/-/profil/spieler/1160405,
tm:1161403,Назар Домчак,R,transfermarkt (kaggle transfermarkt-datasets),https://www.transfermarkt.com/-/profil/spieler/1161403,
tm:117481,Роман Мисак,R,transfermarkt (kaggle transfermarkt-datasets),https://www.transfermarkt.com/-/profil/spieler/117481,
tm:1186332,Ростислав Баглай,R,transfermarkt (kaggle transfermarkt-datasets),https://www.transfermarkt.com/-/profil/spieler/1186332,
tm:120211,Максим Коваль,R,transfermarkt (kaggle transfermarkt-datasets),https://www.transfermarkt.com/-/profil/spieler/120211,
tm:120543,Андрій Полтавцев,R,transfermarkt (kaggle transfermarkt-datasets),https://www.transfermarkt.com/-/profil/spieler/120543,
tm:120966,Олександр Ільющенков,R,transfermarkt (kaggle transfermarkt-datasets),https://www.transfermarkt.com/-/profil/spieler/120966,
tm:120991,Геннадій Ганєв,L,transfermarkt (kaggle transfermarkt-datasets),https://www.transfermarkt.com/-/profil/spieler/120991,
tm:128813,Сергій Літовченко,L,transfermarkt (kaggle transfermarkt-datasets),https://www.transfermarkt.com/-/profil/spieler/128813,
tm:1295301,Єгор Клименко,R,transfermarkt (kaggle transfermarkt-datasets),https://www.transfermarkt.com/-/profil/spieler/1295301,
tm:129646,Артур Рудько,R,transfermarkt (kaggle transfermarkt-datasets),https://www.transfermarkt.com/-/profil/spieler/129646,
tm:136537,Олексій Шевченко,R,transfermarkt (kaggle transfermarkt-datasets),https://www.transfermarkt.com/-/profil/spieler/136537,
tm:166575,Заурі Махарадзе,L,transfermarkt (kaggle transfermarkt-datasets),https://www.transfermarkt.com/-/profil/spieler/166575,
tm:166581,Євген Волинець,R,transfermarkt (kaggle transfermarkt-datasets),https://www.transfermarkt.com/-/profil/spieler/166581,
tm:174213,Олександр Ткаченко,R,transfermarkt (kaggle transfermarkt-datasets),https://www.transfermarkt.com/-/profil/spieler/174213,
tm:176406,Олексій Баштаненко,R,transfermarkt (kaggle transfermarkt-datasets),https://www.transfermarkt.com/-/profil/spieler/176406,
tm:177276,Богдан Сарнавський,R,transfermarkt (kaggle transfermarkt-datasets),https://www.transfermarkt.com/-/profil/spieler/177276,
tm:186769,Андрій Попович,L,transfermarkt (kaggle transfermarkt-datasets),https://www.transfermarkt.com/-/profil/spieler/186769,
tm:190190,Андрій Кліщук,R,transfermarkt (kaggle transfermarkt-datasets),https://www.transfermarkt.com/-/profil/spieler/190190,
tm:19619,Олександр Рибка,R,transfermarkt (kaggle transfermarkt-datasets),https://www.transfermarkt.com/-/profil/spieler/19619,
tm:19702,Владимир Дишленкович,R,transfermarkt (kaggle transfermarkt-datasets),https://www.transfermarkt.com/-/profil/spieler/19702,
tm:206888,Георгій Бущан,R,transfermarkt (kaggle transfermarkt-datasets),https://www.transfermarkt.com/-/profil/spieler/206888,
tm:213973,Дмитро Безрук,L,transfermarkt (kaggle transfermarkt-datasets),https://www.transfermarkt.com/-/profil/spieler/213973,
tm:217760,Олексій Казаков,R,transfermarkt (kaggle transfermarkt-datasets),https://www.transfermarkt.com/-/profil/spieler/217760,
tm:225632,Антон Яшков,L,transfermarkt (kaggle transfermarkt-datasets),https://www.transfermarkt.com/-/profil/spieler/225632,
tm:24004,Сергій Долганський,R,transfermarkt (kaggle transfermarkt-datasets),https://www.transfermarkt.com/-/profil/spieler/24004,
tm:244620,Владислав Леванідов,R,transfermarkt (kaggle transfermarkt-datasets),https://www.transfermarkt.com/-/profil/spieler/244620,
tm:248454,Нікола Василь,R,transfermarkt (kaggle transfermarkt-datasets),https://www.transfermarkt.com/-/profil/spieler/248454,
tm:248930,Данило Каневцев,R,transfermarkt (kaggle transfermarkt-datasets),https://www.transfermarkt.com/-/profil/spieler/248930,
tm:26303,Мартін Богатінов,R,transfermarkt (kaggle transfermarkt-datasets),https://www.transfermarkt.com/-/profil/spieler/26303,
tm:267388,Орест Будюк,R,transfermarkt (kaggle transfermarkt-datasets),https://www.transfermarkt.com/-/profil/spieler/267388,
tm:269351,Максим Кучинський,R,transfermarkt (kaggle transfermarkt-datasets),https://www.transfermarkt.com/-/profil/spieler/269351,
tm:27126,Ігор Бажан,R,transfermarkt (kaggle transfermarkt-datasets),https://www.transfermarkt.com/-/profil/spieler/27126,
tm:271516,Валерій Восконян,B,transfermarkt (kaggle transfermarkt-datasets),https://www.transfermarkt.com/-/profil/spieler/271516,
tm:278917,Роман Підківка,R,transfermarkt (kaggle transfermarkt-datasets),https://www.transfermarkt.com/-/profil/spieler/278917,
tm:28186,Ян Лаштувка,R,transfermarkt (kaggle transfermarkt-datasets),https://www.transfermarkt.com/-/profil/spieler/28186,
tm:289060,Олег Мозіль,L,transfermarkt (kaggle transfermarkt-datasets),https://www.transfermarkt.com/-/profil/spieler/289060,
tm:292396,Валерій Юрчук,R,transfermarkt (kaggle transfermarkt-datasets),https://www.transfermarkt.com/-/profil/spieler/292396,
tm:294723,Володимир Маханьков,R,transfermarkt (kaggle transfermarkt-datasets),https://www.transfermarkt.com/-/profil/spieler/294723,
tm:305418,Назарій Федорівський,R,transfermarkt (kaggle transfermarkt-datasets),https://www.transfermarkt.com/-/profil/spieler/305418,
tm:322383,Ярослав Котляров,L,transfermarkt (kaggle transfermarkt-datasets),https://www.transfermarkt.com/-/profil/spieler/322383,
tm:325410,Максим Бабійчук,R,transfermarkt (kaggle transfermarkt-datasets),https://www.transfermarkt.com/-/profil/spieler/325410,
tm:332144,Володимир Кринський,R,transfermarkt (kaggle transfermarkt-datasets),https://www.transfermarkt.com/-/profil/spieler/332144,
tm:341485,Олег Кудрик,R,transfermarkt (kaggle transfermarkt-datasets),https://www.transfermarkt.com/-/profil/spieler/341485,
tm:345750,Роман Льопка,R,transfermarkt (kaggle transfermarkt-datasets),https://www.transfermarkt.com/-/profil/spieler/345750,
tm:359239,Микита Крюков,R,transfermarkt (kaggle transfermarkt-datasets),https://www.transfermarkt.com/-/profil/spieler/359239,
tm:36109,Дамір Кахріман,R,transfermarkt (kaggle transfermarkt-datasets),https://www.transfermarkt.com/-/profil/spieler/36109,
tm:364038,Тимофій Шеремета,R,transfermarkt (kaggle transfermarkt-datasets),https://www.transfermarkt.com/-/profil/spieler/364038,
tm:366445,Андрій Марчук,R,transfermarkt (kaggle transfermarkt-datasets),https://www.transfermarkt.com/-/profil/spieler/366445,
tm:375659,Герман Пеньков,R,transfermarkt (kaggle transfermarkt-datasets),https://www.transfermarkt.com/-/profil/spieler/375659,
tm:38297,Богдан Шуст,R,transfermarkt (kaggle transfermarkt-datasets),https://www.transfermarkt.com/-/profil/spieler/38297,
tm:395068,Ян Вічний,R,transfermarkt (kaggle transfermarkt-datasets),https://www.transfermarkt.com/-/profil/spieler/395068,
tm:39996,Андрій П'ятов,R,transfermarkt (kaggle transfermarkt-datasets),https://www.transfermarkt.com/-/profil/spieler/39996,
tm:404838,Владислав Кучерук,R,transfermarkt (kaggle transfermarkt-datasets),https://www.transfermarkt.com/-/profil/spieler/404838,
tm:404839,Андрій Лунін,R,transfermarkt (kaggle transfermarkt-datasets),https://www.transfermarkt.com/-/profil/spieler/404839,
tm:417242,Руслан Нещерет,R,transfermarkt (kaggle transfermarkt-datasets),https://www.transfermarkt.com/-/profil/spieler/417242,
tm:42631,Олександр Горяінов,R,transfermarkt (kaggle transfermarkt-datasets),https://www.transfermarkt.com/-/profil/spieler/42631,
tm:427341,Данило Кучер,L,transfermarkt (kaggle transfermarkt-datasets),https://www.transfermarkt.com/-/profil/spieler/427341,
tm:430152,Андрій Черепко,R,transfermarkt (kaggle transfermarkt-datasets),https://www.transfermarkt.com/-/profil/spieler/430152,
tm:43290,Олег Чуваєв,R,transfermarkt (kaggle transfermarkt-datasets),https://www.transfermarkt.com/-/profil/spieler/43290,
tm:449084,Олег Білик,R,transfermarkt (kaggle transfermarkt-datasets),https://www.transfermarkt.com/-/profil/spieler/449084,
tm:461653,Артем Малиш,R,transfermarkt (kaggle transfermarkt-datasets),https://www.transfermarkt.com/-/profil/spieler/461653,
tm:467240,Андрій Кожухар,R,transfermarkt (kaggle transfermarkt-datasets),https://www.transfermarkt.com/-/profil/spieler/467240,
tm:49016,Євген Паст,L,transfermarkt (kaggle transfermarkt-datasets),https://www.transfermarkt.com/-/profil/spieler/49016,
tm:49022,Віталій Руденко,R,transfermarkt (kaggle transfermarkt-datasets),https://www.transfermarkt.com/-/profil/spieler/49022,
tm:495917,Іван Пономаренко,B,transfermarkt (kaggle transfermarkt-datasets),https://www.transfermarkt.com/-/profil/spieler/495917,
tm:497190,Бетім Халімі,R,transfermarkt (kaggle transfermarkt-datasets),https://www.transfermarkt.com/-/profil/spieler/497190,
tm:50346,Кршеван Сантіні,R,transfermarkt (kaggle transfermarkt-datasets),https://www.transfermarkt.com/-/profil/spieler/50346,
tm:522831,Максим Механів,R,transfermarkt (kaggle transfermarkt-datasets),https://www.transfermarkt.com/-/profil/spieler/522831,
tm:524021,Роман Жмурко,R,transfermarkt (kaggle transfermarkt-datasets),https://www.transfermarkt.com/-/profil/spieler/524021,
tm:537841,Євген Кучеренко,L,transfermarkt (kaggle transfermarkt-datasets),https://www.transfermarkt.com/-/profil/spieler/537841,
tm:537844,Анатолій Трубін,R,transfermarkt (kaggle transfermarkt-datasets),https://www.transfermarkt.com/-/profil/spieler/537844,
tm:539425,Валентин Моргун,R,transfermarkt (kaggle transfermarkt-datasets),https://www.transfermarkt.com/-/profil/spieler/539425,
tm:572163,Даніїл Єрмолов,R,transfermarkt (kaggle transfermarkt-datasets),https://www.transfermarkt.com/-/profil/spieler/572163,
tm:573907,Луїс Феліпе,L,transfermarkt (kaggle transfermarkt-datasets),https://www.transfermarkt.com/-/profil/spieler/573907,
tm:574229,Микита Федотов,R,transfermarkt (kaggle transfermarkt-datasets),https://www.transfermarkt.com/-/profil/spieler/574229,
tm:58043,Рустам Худжамов,R,transfermarkt (kaggle transfermarkt-datasets),https://www.transfermarkt.com/-/profil/spieler/58043,
tm:58073,Юрій Мартищук,R,transfermarkt (kaggle transfermarkt-datasets),https://www.transfermarkt.com/-/profil/spieler/58073,
tm:58093,Андрій Новак,L,transfermarkt (kaggle transfermarkt-datasets),https://www.transfermarkt.com/-/profil/spieler/58093,
tm:58939,Олексій Паламарчук,L,transfermarkt (kaggle transfermarkt-datasets),https://www.transfermarkt.com/-/profil/spieler/58939,
tm:58945,Антон Каніболоцький,R,transfermarkt (kaggle transfermarkt-datasets),https://www.transfermarkt.com/-/profil/spieler/58945,
tm:58972,Денис Шеліхов,R,transfermarkt (kaggle transfermarkt-datasets),https://www.transfermarkt.com/-/profil/spieler/58972,
tm:58976,Максим Старцев,R,transfermarkt (kaggle transfermarkt-datasets),https://www.transfermarkt.com/-/profil/spieler/58976,
tm:59022,Євген Гальчук,R,transfermarkt (kaggle transfermarkt-datasets),https://www.transfermarkt.com/-/profil/spieler/59022,
tm:59024,Євген Боровик,R,transfermarkt (kaggle transfermarkt-datasets),https://www.transfermarkt.com/-/profil/spieler/59024,
tm:592336,Макс Валеф,R,transfermarkt (kaggle transfermarkt-datasets),https://www.transfermarkt.com/-/profil/spieler/592336,
tm:59277,Дмитро Козаченко,L,transfermarkt (kaggle transfermarkt-datasets),https://www.transfermarkt.com/-/profil/spieler/59277,
tm:59446,Денис Сидоренко,R,transfermarkt (kaggle transfermarkt-datasets),https://www.transfermarkt.com/-/profil/spieler/59446,
tm:597880,Дмитро Ризник,R,transfermarkt (kaggle transfermarkt-datasets),https://www.transfermarkt.com/-/profil/spieler/597880,
tm:59933,Станіслав Богуш,R,transfermarkt (kaggle transfermarkt-datasets),https://www.transfermarkt.com/-/profil/spieler/59933,
tm:615314,Андрій Артим,R,transfermarkt (kaggle transfermarkt-datasets),https://www.transfermarkt.com/-/profil/spieler/615314,
tm:623318,Ілля Каравашенко,R,transfermarkt (kaggle transfermarkt-datasets),https://www.transfermarkt.com/-/profil/spieler/623318,
tm:64344,Ігор Варцаба,R,transfermarkt (kaggle transfermarkt-datasets),https://www.transfermarkt.com/-/profil/spieler/64344,
tm:678503,Данило Варакута,R,transfermarkt (kaggle transfermarkt-datasets),https://www.transfermarkt.com/-/profil/spieler/678503,
tm:69581,Костянтин Махновський,R,transfermarkt (kaggle transfermarkt-datasets),https://www.transfermarkt.com/-/profil/spieler/69581,
tm:70923,Богдан Когут,R,transfermarkt (kaggle transfermarkt-datasets),https://www.transfermarkt.com/-/profil/spieler/70923,
tm:709478,Микита Турбаєвський,R,transfermarkt (kaggle transfermarkt-datasets),https://www.transfermarkt.com/-/profil/spieler/709478,
tm:71725,Олександр Надь,R,transfermarkt (kaggle transfermarkt-datasets),https://www.transfermarkt.com/-/profil/spieler/71725,
tm:717394,Юрій-Володимир Герета,R,transfermarkt (kaggle transfermarkt-datasets),https://www.transfermarkt.com/-/profil/spieler/717394,
tm:725356,Валентин Горох,B,transfermarkt (kaggle transfermarkt-datasets),https://www.transfermarkt.com/-/profil/spieler/725356,
tm:726033,Павло Ісенко,R,transfermarkt (kaggle transfermarkt-datasets),https://www.transfermarkt.com/-/profil/spieler/726033,
tm:728379,Андрій Чекотун,R,transfermarkt (kaggle transfermarkt-datasets),https://www.transfermarkt.com/-/profil/spieler/728379,
tm:729432,Вадим Ющишин,R,transfermarkt (kaggle transfermarkt-datasets),https://www.transfermarkt.com/-/profil/spieler/729432,
tm:729638,Олександр Кемкін,R,transfermarkt (kaggle transfermarkt-datasets),https://www.transfermarkt.com/-/profil/spieler/729638,
tm:747315,Орест Костик,R,transfermarkt (kaggle transfermarkt-datasets),https://www.transfermarkt.com/-/profil/spieler/747315,
tm:751977,Кирило Фесюн,R,transfermarkt (kaggle transfermarkt-datasets),https://www.transfermarkt.com/-/profil/spieler/751977,
tm:752862,Тимур Пузанков,L,transfermarkt (kaggle transfermarkt-datasets),https://www.transfermarkt.com/-/profil/spieler/752862,
tm:775709,Георгій Єрмаков,R,transfermarkt (kaggle transfermarkt-datasets),https://www.transfermarkt.com/-/profil/spieler/775709,
tm:775832,Дмитро Мацапура,R,transfermarkt (kaggle transfermarkt-datasets),https://www.transfermarkt.com/-/profil/spieler/775832,
tm:77847,Дмитро Непогодов,L,transfermarkt (kaggle transfermarkt-datasets),https://www.transfermarkt.com/-/profil/spieler/77847,
tm:795201,Павло Кравцов,L,transfermarkt (kaggle transfermarkt-datasets),https://www.transfermarkt.com/-/profil/spieler/795201,
tm:80312,Микита Шевченко,R,transfermarkt (kaggle transfermarkt-datasets),https://www.transfermarkt.com/-/profil/spieler/80312,
tm:812170,Кирило Самойленко,R,transfermarkt (kaggle transfermarkt-datasets),https://www.transfermarkt.com/-/profil/spieler/812170,
tm:82508,Лібор Грдлічка,R,transfermarkt (kaggle transfermarkt-datasets),https://www.transfermarkt.com/-/profil/spieler/82508,
tm:825449,В'ячеслав Борисенко,R,transfermarkt (kaggle transfermarkt-datasets),https://www.transfermarkt.com/-/profil/spieler/825449,
tm:85949,Ігор Шуховцев,R,transfermarkt (kaggle transfermarkt-datasets),https://www.transfermarkt.com/-/profil/spieler/85949,
tm:85969,Олександр Бандура,R,transfermarkt (kaggle transfermarkt-datasets),https://www.transfermarkt.com/-/profil/spieler/85969,
tm:86269,Олександр Гутор,R,transfermarkt (kaggle transfermarkt-datasets),https://www.transfermarkt.com/-/profil/spieler/86269,
tm:880039,Владислав Рибак,R,transfermarkt (kaggle transfermarkt-datasets),https://www.transfermarkt.com/-/profil/spieler/880039,
tm:88879,Артем Кичак,L,transfermarkt (kaggle transfermarkt-datasets),https://www.transfermarkt.com/-/profil/spieler/88879,
tm:911644,Ілля Ольховий,R,transfermarkt (kaggle transfermarkt-datasets),https://www.transfermarkt.com/-/profil/spieler/911644,
tm:91533,Віталій Неділько,R,transfermarkt (kaggle transfermarkt-datasets),https://www.transfermarkt.com/-/profil/spieler/91533,
tm:91540,Артем Штанько,R,transfermarkt (kaggle transfermarkt-datasets),https://www.transfermarkt.com/-/profil/spieler/91540,
tm:917809,Ярослав Проценко,R,transfermarkt (kaggle transfermarkt-datasets),https://www.transfermarkt.com/-/profil/spieler/917809,
tm:91931,Денис Бойко,R,transfermarkt (kaggle transfermarkt-datasets),https://www.transfermarkt.com/-/profil/spieler/91931,
tm:92046,Сергій Погорілий,B,transfermarkt (kaggle transfermarkt-datasets),https://www.transfermarkt.com/-/profil/spieler/92046,
tm:924466,Антон Жилкін,R,transfermarkt (kaggle transfermarkt-datasets),https://www.transfermarkt.com/-/profil/spieler/924466,
tm:93105,Ігор Литовка,R,transfermarkt (kaggle transfermarkt-datasets),https://www.transfermarkt.com/-/profil/spieler/93105,
tm:935048,Денис Твардовський,R,transfermarkt (kaggle transfermarkt-datasets),https://www.transfermarkt.com/-/profil/spieler/935048,
tm:936008,Олександр Сапутін,R,transfermarkt (kaggle transfermarkt-datasets),https://www.transfermarkt.com/-/profil/spieler/936008,
tm:937917,Дмитро Ледвій,R,transfermarkt (kaggle transfermarkt-datasets),https://www.transfermarkt.com/-/profil/spieler/937917,
tm:952943,Яків Кінарейкін,R,transfermarkt (kaggle transfermarkt-datasets),https://www.transfermarkt.com/-/profil/spieler/952943,
tm:9775,Олександр Шовковський,R,transfermarkt (kaggle transfermarkt-datasets),https://www.transfermarkt.com/-/profil/spieler/9775,
tm:9779,Віталій Рева,R,transfermarkt (kaggle transfermarkt-datasets),https://www.transfermarkt.com/-/profil/spieler/9779,
tm:978659,Богдан Хома,R,transfermarkt (kaggle transfermarkt-datasets),https://www.transfermarkt.com/-/profil/spieler/978659,
