rank,group,person_id,name,slots,best_rating,wheel_freq_pct,score,club_seasons,tm_foot
1,1,tm:25820,В'ячеслав Шевчук,LB,93,4.885,45.4328,Металург 97/98; Металург 98/99; Металург 99/00; Шахтар 00/01; Металург 01/02; Шахтар 01/02; Дніпро 04/05; Шахтар 05/06; Шахтар 06/07; Шахтар 07/08; Шахтар 08/09; Шахтар 09/10; Шахтар 10/11; Шахтар 11/12; Шахтар 12/13; Шахтар 13/14; Шахтар 14/15; Шахтар 15/16,both
2,1,tm:24006,Володимир Єзерський,RB,94,4.769,44.8295,Карпати 97/98; Динамо 98/99; Карпати 98/99; Динамо 99/00; Кривбас 99/00; Дніпро 00/01; Дніпро 01/02; Дніпро 02/03; Дніпро 03/04; Дніпро 04/05; Дніпро 05/06; Дніпро 06/07; Шахтар 07/08; Шахтар 08/09; Зоря 09/10; Зоря 10/11; Таврія 11/12; Таврія 12/13; Говерла / Закарпаття 13/14,right
3,1,tm:14942,Дарійо Срна,RB,99,4.447,44.0215,Шахтар 03/04; Шахтар 04/05; Шахтар 05/06; Шахтар 06/07; Шахтар 07/08; Шахтар 08/09; Шахтар 09/10; Шахтар 10/11; Шахтар 11/12; Шахтар 12/13; Шахтар 13/14; Шахтар 14/15; Шахтар 15/16; Шахтар 16/17; Шахтар 17/18,right
4,1,tm:9794,Олег Гусєв,LW RB RM RW,94,4.58,43.0519,Арсенал 02/03; Динамо 03/04; Динамо 04/05; Динамо 05/06; Динамо 06/07; Динамо 07/08; Динамо 08/09; Динамо 09/10; Динамо 10/11; Динамо 11/12; Динамо 12/13; Динамо 13/14; Динамо 14/15; Динамо 15/16; Динамо 16/17; Динамо 17/18,right
5,1,tm:24043,Сергій Назаренко,LM,95,4.263,40.5009,Дніпро 99/00; Дніпро 01/02; Дніпро 02/03; Дніпро 03/04; Дніпро 04/05; Дніпро 05/06; Дніпро 06/07; Дніпро 07/08; Дніпро 08/09; Дніпро 09/10; Дніпро 10/11; Таврія 11/12; Таврія 12/13; Таврія 13/14; Чорноморець 14/15; Металіст 14/15; Дніпро 15/16; Металіст 15/16; Дніпро 16/17,both
6,1,tm:167722,Віталій Буяльський,LM,96,3.931,37.7361,Динамо 12/13; Говерла / Закарпаття 13/14; Динамо 14/15; Динамо 15/16; Динамо 16/17; Динамо 17/18; Динамо 18/19; Динамо 19/20; Динамо 20/21; Динамо 21/22; Динамо 22/23; Динамо 23/24; Динамо 24/25; Динамо 25/26,right
7,1,tm:108710,Владислав Калітвінцев,LM LW RM,90,4.181,37.6333,Динамо 09/10; Динамо 10/11; Динамо 11/12; Динамо 12/13; Динамо 13/14; Динамо 14/15; Чорноморець 15/16; Чорноморець 16/17; Зоря 16/17; Зоря 17/18; Арсенал 18/19; Динамо 18/19; Десна 19/20; Десна 20/21; Десна 21/22; Олександрія 22/23; Олександрія 23/24; Металіст 1925 25/26,left
8,1,w:1979-02-28:nesmachni,Андрій Несмачний,LB,95,3.866,36.7269,Динамо 97/98; Динамо 99/00; Динамо 00/01; Динамо 01/02; Динамо 02/03; Динамо 03/04; Динамо 04/05; Динамо 05/06; Динамо 06/07; Динамо 07/08; Динамо 08/09; Динамо 09/10; Динамо 10/11,
9,1,w:1975-02-18:fedorov,Сергій Федоров,RB RM,94,3.897,36.6359,Динамо 93/94; ЦСКА 95/96; ЦСКА 96/97; Динамо 97/98; Динамо 98/99; Динамо 99/00; Динамо 00/01; Динамо 01/02; Динамо 02/03; Динамо 03/04; Динамо 04/05; Динамо 05/06; Динамо 07/08; Чорноморець 08/09,
10,1,tm:59322,Олександр Караваєв,LB RB RM,96,3.681,35.3372,Севастополь 13/14; Зоря 14/15; Зоря 15/16; Зоря 16/17; Зоря 17/18; Зоря 18/19; Динамо 19/20; Динамо 20/21; Динамо 21/22; Динамо 22/23; Динамо 23/24; Динамо 24/25; Динамо 25/26,right
11,1,w:1980-03-21:matiuhin,Сергій Матюхін,RB,87,3.89,33.8428,Дніпро 97/98; Дніпро 98/99; Дніпро 99/00; Дніпро 00/01; Дніпро 01/02; Кривбас 01/02; Дніпро 02/03; Дніпро 03/04; Дніпро 04/05; Дніпро 05/06; Дніпро 06/07; Дніпро 07/08; Кривбас 07/08; Арсенал 08/09; Кривбас 08/09; Арсенал 09/10; Арсенал 10/11; Олександрія 11/12,
12,1,tm:289059,Микола Матвієнко,LB,95,3.351,31.8347,Шахтар 15/16; Карпати 16/17; Шахтар 17/18; Ворскла 17/18; Шахтар 18/19; Шахтар 19/20; Шахтар 20/21; Шахтар 21/22; Шахтар 22/23; Шахтар 23/24; Шахтар 24/25; Шахтар 25/26,left
13,1,w:1971-09-18:sharan,Володимир Шаран,LM,94,3.374,31.7157,Динамо 92/93; Динамо 93/94; Дніпро 94/95; Динамо 94/95; Дніпро 95/96; Дніпро 96/97; Дніпро 97/98; Карпати 97/98; Карпати 98/99; Карпати 99/00; Карпати 00/01; Олександрія 01/02; Олександрія 02/03,
14,1,tm:43359,Павло Ребенок,LB LM,92,3.423,31.4956,Ворскла 04/05; Ворскла 05/06; Ворскла 06/07; Металіст 07/08; Чорноморець 08/09; Чорноморець 09/10; Ворскла 11/12; Металіст 12/13; Ворскла 12/13; Чорноморець 13/14; Ворскла 13/14; Металіст 14/15; Ворскла 15/16; Ворскла 16/17; Ворскла 17/18; Ворскла 18/19; Ворскла 19/20; Ворскла 20/21,left
15,1,w:1971-05-27:chijevski,Олександр Чижевський,RB,88,3.574,31.448,Карпати 92/93; Карпати 93/94; Карпати 94/95; Карпати 95/96; Карпати 96/97; Карпати 97/98; Карпати 98/99; Металург 99/00; Шахтар 99/00; Металург 00/01; Металург 01/02; Таврія 01/02; Карпати 02/03; Волинь 02/03; Таврія 03/04; Таврія 04/05; Таврія 05/06; Говерла / Закарпаття 07/08; Говерла / Закарпаття 09/10,
16,1,tm:68778,Марлос,RM RW,94,3.32,31.2064,Металіст 11/12; Металіст 12/13; Металіст 13/14; Шахтар 14/15; Шахтар 15/16; Шахтар 16/17; Шахтар 17/18; Шахтар 18/19; Шахтар 19/20; Шахтар 20/21; Шахтар 21/22,left
17,1,w:1975-02-10:dmitrulin,Юрій Дмитрулін,LB RB,89,3.494,31.093,Динамо 94/95; Динамо 95/96; Динамо 96/97; Динамо 97/98; Динамо 98/99; Динамо 99/00; Динамо 00/01; Динамо 01/02; Динамо 02/03; Динамо 03/04; Динамо 04/05; Таврія 05/06,
18,1,w:1977-04-02:koniushenko,Андрій Конюшенко,LB,92,3.299,30.3466,Металург 97/98; Металург 98/99; Металург 99/00; Металург 00/01; Шахтар 00/01; Шахтар 01/02; Шахтар 02/03; Волинь 02/03; Маріуполь / Іллічівець 03/04; Маріуполь / Іллічівець 04/05; Оболонь 04/05; Маріуполь / Іллічівець 05/06; Маріуполь / Іллічівець 06/07; Зоря 07/08; Металіст 08/09; Оболонь 09/10; Оболонь 11/12,
19,1,tm:122088,Артем Громов,LM LW RM,90,3.362,30.2597,Ворскла 09/10; Ворскла 10/11; Ворскла 11/12; Ворскла 12/13; Ворскла 13/14; Ворскла 14/15; Ворскла 15/16; Динамо 16/17; Зоря 17/18; Зоря 18/19; Зоря 19/20; Зоря 20/21; Зоря 21/22; СК Дніпро-1 22/23,right
20,1,tm:236468,Артем Шабанов,LB,92,3.265,30.0348,Арсенал 13/14; Волинь 13/14; Волинь 14/15; Волинь 15/16; Сталь 16/17; Волинь 16/17; Динамо 17/18; Олімпік 17/18; Динамо 18/19; Динамо 19/20; Динамо 20/21; Динамо 21/22; Полісся 23/24; Олександрія 24/25; Металіст 1925 25/26,left
21,1,tm:59389,Микола Морозюк,LB LM RB RM,94,3.184,29.9285,Динамо 06/07; Динамо 07/08; Динамо 08/09; Кривбас 09/10; Оболонь 09/10; Металург 10/11; Металург 11/12; Металург 12/13; Металург 13/14; Металург 14/15; Динамо 15/16; Динамо 16/17; Динамо 17/18; Динамо 18/19,right
22,1,tm:92567,Андрій Богданов,RB,82,3.641,29.8547,Арсенал 08/09; Арсенал 09/10; Арсенал 10/11; Арсенал 11/12; Арсенал 12/13; Динамо 12/13; Арсенал 13/14; Металіст 13/14; Волинь 15/16; Олімпік 16/17; Волинь 16/17; Олімпік 17/18; Десна 18/19; Десна 19/20; Колос 19/20; Колос 20/21; Колос 21/22; Колос 22/23; Колос 23/24,right
23,1,w:1977-09-12:zubov,Геннадій Зубов,RM RW,96,3.099,29.7507,Шахтар 94/95; Шахтар 95/96; Шахтар 96/97; Шахтар 97/98; Шахтар 98/99; Шахтар 99/00; Шахтар 00/01; Шахтар 01/02; Шахтар 02/03; Шахтар 03/04; Маріуполь / Іллічівець 04/05; Сталь 05/06; Зоря 06/07,
24,1,tm:59896,Дмитро Хомченовський,LM LW,88,3.348,29.4633,Кривбас 10/11; Зоря 10/11; Зоря 11/12; Зоря 12/13; Зоря 13/14; Зоря 14/15; Зоря 15/16; Зоря 18/19; Зоря 19/20; Зоря 20/21; Зоря 21/22; Кривбас 22/23; Кривбас 23/24; Кривбас 24/25,both
25,1,w:1973-01-14:kardash,Василь Кардаш,RM,91,3.22,29.3045,Карпати 92/93; Карпати 93/94; Чорноморець 94/95; Чорноморець 95/96; Динамо 96/97; Динамо 97/98; Динамо 98/99; Динамо 99/00; Динамо 00/01; Арсенал 02/03; Арсенал 03/04; Арсенал 04/05; Арсенал 05/06,
26,1,tm:210689,Владислав Кабаєв,LM LW,85,3.425,29.1122,Чорноморець 14/15; Чорноморець 15/16; Чорноморець 16/17; Зоря 17/18; Зоря 18/19; Зоря 19/20; Зоря 20/21; Зоря 21/22; Динамо 22/23; Зоря 22/23; Динамо 23/24; Динамо 24/25; Динамо 25/26,right
27,1,tm:124028,Ісмаїлі,LB,98,2.939,28.8033,Шахтар 12/13; Шахтар 13/14; Шахтар 14/15; Шахтар 15/16; Шахтар 16/17; Шахтар 17/18; Шахтар 18/19; Шахтар 19/20; Шахтар 20/21; Шахтар 21/22,left
28,1,w:1977-02-04:iaksmanitski,Володимир Яксманицький,LB,91,3.142,28.5896,Шахтар 95/96; Шахтар 96/97; Шахтар 97/98; Шахтар 98/99; Металург 99/00; Металург 00/01; Металург 01/02; Металург 02/03; Кривбас 03/04; Металург 03/04; Маріуполь / Іллічівець 04/05; Маріуполь / Іллічівець 05/06; Кривбас 06/07; Зоря 06/07,
29,1,tm:56698,Александер Кобахідзе,LM RM,89,3.206,28.5326,Дніпро 07/08; Кривбас 09/10; Арсенал 10/11; Кривбас 10/11; Арсенал 11/12; Арсенал 12/13; Дніпро 12/13; Дніпро 13/14; Волинь 14/15; Дніпро 15/16; Волинь 15/16; Ворскла 16/17; Ворскла 17/18; Ворскла 18/19; СК Дніпро-1 19/20,left
30,1,tm:14940,Разван Рац,LB,95,2.979,28.2966,Шахтар 03/04; Шахтар 04/05; Шахтар 05/06; Шахтар 06/07; Шахтар 07/08; Шахтар 08/09; Шахтар 09/10; Шахтар 10/11; Шахтар 11/12; Шахтар 12/13,left
31,1,w:1976-07-19:radchenko,Олександр Радченко,LB,88,3.215,28.29,Динамо 97/98; Динамо 98/99; Динамо 99/00; Говерла / Закарпаття 01/02; Дніпро 02/03; Динамо 02/03; Дніпро 03/04; Дніпро 04/05; Дніпро 05/06; Дніпро 06/07; Кривбас 06/07; Кривбас 07/08; Кривбас 08/09,
32,1,tm:58046,Василь Кобін,LB RB RM,88,3.202,28.1772,Говерла / Закарпаття 04/05; Говерла / Закарпаття 05/06; Карпати 06/07; Карпати 07/08; Карпати 08/09; Шахтар 09/10; Шахтар 10/11; Шахтар 11/12; Шахтар 12/13; Шахтар 13/14; Металіст 14/15; Шахтар 15/16; Шахтар 16/17; Верес 17/18,right
33,1,w:1981-06-18:hioane,Тіберіу Гіоане,RM,94,2.974,27.9563,Динамо 01/02; Динамо 02/03; Динамо 03/04; Динамо 04/05; Динамо 05/06; Динамо 06/07; Динамо 07/08; Динамо 08/09; Динамо 09/10; Динамо 10/11,
34,1,w:1973-10-13:starostiak,Михайло Старостяк,RB,92,3.013,27.7175,Прикарпаття 94/95; Прикарпаття 95/96; Шахтар 95/96; Шахтар 96/97; Шахтар 97/98; Шахтар 98/99; Шахтар 99/00; Шахтар 00/01; Шахтар 01/02; Шахтар 02/03; Шахтар 03/04; Кривбас 05/06; Кривбас 06/07,
35,1,w:1979-02-10:tkachenko,Сергій Ткаченко,LM RM,84,3.266,27.4364,Чорноморець 97/98; ЦСКА 99/00; ЦСКА 00/01; Арсенал 01/02; Металург 02/03; Металург 03/04; Металург 04/05; Металург 05/06; Чорноморець 06/07; Шахтар 06/07; Металург 07/08; Шахтар 07/08; Металург 08/09; Металург 09/10; Металург 10/11,
36,1,w:1981-01-31:badr,Бадр Ель-Каддурі,LB,92,2.958,27.2113,Динамо 02/03; Динамо 03/04; Динамо 04/05; Динамо 05/06; Динамо 06/07; Динамо 07/08; Динамо 08/09; Динамо 09/10; Динамо 10/11; Динамо 11/12,
37,1,tm:287792,Олександр Тимчик,RB,88,3.067,26.9915,Динамо 16/17; Сталь 17/18; Зоря 17/18; Зоря 18/19; Зоря 19/20; Динамо 20/21; Динамо 21/22; Динамо 22/23; Динамо 23/24; Динамо 24/25; Динамо 25/26,right
38,1,tm:58930,Володимир Чеснаков,RB,87,3.069,26.7019,Ворскла 07/08; Ворскла 08/09; Ворскла 09/10; Ворскла 10/11; Ворскла 11/12; Ворскла 12/13; Ворскла 13/14; Ворскла 14/15; Ворскла 15/16; Ворскла 16/17; Ворскла 17/18; Ворскла 18/19; Ворскла 19/20; Ворскла 20/21; Ворскла 21/22; Ворскла 22/23; Ворскла 23/24,right
39,1,tm:49008,Віталій Мандзюк,RB,91,2.918,26.5529,Динамо 06/07; Динамо 07/08; Арсенал 08/09; Динамо 08/09; Дніпро 09/10; Динамо 09/10; Дніпро 10/11; Дніпро 11/12; Дніпро 12/13; Дніпро 13/14,right
40,1,tm:59893,Олександр Романчук,LB,84,3.159,26.5347,Динамо 04/05; Арсенал 05/06; Арсенал 06/07; Дніпро 06/07; Арсенал 07/08; Динамо 08/09; Арсенал 09/10; Металіст 10/11; Металіст 11/12; Волинь 11/12; Арсенал 12/13; Таврія 12/13; Арсенал 13/14; Ворскла 13/14; Ворскла 14/15,left
41,1,tm:23379,Володимир Польовий,LB,87,3.031,26.3679,Металург 03/04; Металург 04/05; Металург 05/06; Металург 06/07; Металург 07/08; Металург 08/09; Металург 09/10; Арсенал 10/11; Металург 10/11; Арсенал 11/12; Арсенал 12/13; Металург 12/13; Металург 13/14; Дніпро 14/15; Волинь 14/15; Волинь 15/16; Дніпро 16/17; СК Дніпро-1 19/20,left
42,1,tm:25618,Сергій Пшеничних,LB RB,86,3.037,26.1214,Ворскла 00/01; Ворскла 01/02; Ворскла 02/03; Борисфен 04/05; Карпати 06/07; Карпати 07/08; Карпати 08/09; Металіст 09/10; Металіст 10/11; Металіст 11/12; Металіст 12/13; Металіст 13/14; Металіст 14/15; Сталь 15/16,left
43,1,tm:273663,Володимир Адамюк,RB,93,2.801,26.051,Дніпро 15/16; Сталь 15/16; Дніпро 16/17; Верес 17/18; ПФК Львів 18/19; СК Дніпро-1 19/20; ПФК Львів 19/20; СК Дніпро-1 20/21; СК Дніпро-1 21/22; СК Дніпро-1 22/23; СК Дніпро-1 23/24; Карпати 24/25; Карпати 25/26,right
44,1,tm:28179,Младен Бартулович,LM,88,2.945,25.9117,Дніпро 06/07; Дніпро 07/08; Кривбас 07/08; Дніпро 08/09; Кривбас 08/09; Кривбас 09/10; Арсенал 10/11; Кривбас 10/11; Кривбас 11/12; Кривбас 12/13; Карпати 13/14; Дніпро 14/15; Ворскла 15/16; Ворскла 16/17; Інгулець 20/21; Інгулець 21/22,left
45,1,tm:296366,Олексій Гуцуляк,LM RM RW,93,2.774,25.7952,Карпати 14/15; Карпати 15/16; Карпати 16/17; Карпати 17/18; Карпати 18/19; Десна 19/20; Карпати 19/20; Десна 20/21; Десна 21/22; СК Дніпро-1 21/22; СК Дніпро-1 23/24; Полісся 24/25; Полісся 25/26,left
46,1,w:1980-04-12:andrenko,Денис Андрієнко,RB,79,3.228,25.5026,Таврія 97/98; Таврія 98/99; Таврія 99/00; Металург 00/01; Таврія 00/01; Металург 01/02; Олександрія 01/02; Кривбас 02/03; Кривбас 03/04; Дніпро 04/05; Дніпро 05/06; Дніпро 06/07; Дніпро 07/08; Дніпро 08/09; Кривбас 08/09; Кривбас 09/10; Кривбас 10/11,
47,1,tm:58238,Микита Каменюка,LB RB RM,89,2.785,24.7859,Зоря 06/07; Зоря 08/09; Зоря 09/10; Зоря 10/11; Зоря 11/12; Зоря 12/13; Зоря 13/14; Зоря 14/15; Зоря 15/16; Зоря 16/17; Верес 17/18; Зоря 18/19; Зоря 19/20,both
48,1,w:1971-08-04:lejentsev,Сергій Леженцев,RB,91,2.715,24.7105,Кремінь 92/93; Нива 93/94; Динамо 94/95; Чорноморець 95/96; Динамо 95/96; Чорноморець 96/97; Ворскла 97/98; Таврія 98/99; Ворскла 98/99; Ворскла 99/00; Металіст 00/01; Ворскла 00/01; Кривбас 01/02,
49,1,tm:25734,Денис Кулаков,RB RM,85,2.885,24.5187,Шахтар 03/04; Шахтар 04/05; Маріуполь / Іллічівець 05/06; Маріуполь / Іллічівець 06/07; Ворскла 07/08; Ворскла 08/09; Ворскла 09/10; Ворскла 10/11; Дніпро 11/12; Дніпро 12/13; Дніпро 13/14; Металіст 14/15,right
50,1,tm:17206,Александар Тришович,LB LM,92,2.647,24.3497,Волинь 03/04; Волинь 04/05; Кривбас 05/06; Волинь 05/06; Кривбас 06/07; Металіст 07/08; Чорноморець 08/09; Металіст 08/09; Говерла / Закарпаття 09/10; Металіст 09/10; Металіст 10/11; Говерла / Закарпаття 12/13; Говерла / Закарпаття 13/14,both
51,1,tm:57888,Павло Ксьонз,LM RB RM RW,90,2.696,24.2625,Говерла / Закарпаття 07/08; ФК Харків 08/09; Маріуполь / Іллічівець 08/09; Говерла / Закарпаття 09/10; Карпати 11/12; Олександрія 11/12; Карпати 12/13; Карпати 13/14; Металіст 13/14; Дніпро 14/15; Карпати 14/15; Карпати 15/16; Карпати 16/17; Карпати 17/18; Олімпік 18/19; Олімпік 19/20; Олімпік 20/21,right
52,1,tm:155964,Андрій Цуріков,LB LM,91,2.665,24.2494,Металург 10/11; Динамо 12/13; Металург 12/13; Динамо 13/14; Металург 14/15; Говерла / Закарпаття 15/16; Олександрія 16/17; Олександрія 17/18; Олександрія 18/19; СК Дніпро-1 20/21; Олександрія 21/22; Олександрія 22/23; Колос 23/24; Колос 24/25; Колос 25/26,left
53,1,tm:248934,Валерій Лучкевич,RB RM,84,2.873,24.1358,Дніпро 14/15; Дніпро 15/16; Дніпро 16/17; Олександрія 18/19; Олександрія 19/20; Олександрія 20/21; СК Дніпро-1 21/22; СК Дніпро-1 22/23; Колос 23/24; Динамо 24/25; Колос 24/25; Епіцентр 25/26,right
54,1,tm:58000,Артем Федецький,RB,90,2.654,23.8891,Арсенал 06/07; ФК Харків 07/08; Шахтар 08/09; Карпати 09/10; Карпати 10/11; Карпати 11/12; Дніпро 12/13; Дніпро 13/14; Дніпро 14/15; Дніпро 15/16; Карпати 17/18; Карпати 18/19,right
55,1,w:1973-06-24:tsihmeistruk,Едуард Цихмейструк,LM,86,2.775,23.8666,Нива 94/95; ЦСКА 95/96; ЦСКА 96/97; ЦСКА 97/98; ЦСКА 98/99; ЦСКА 99/00; Металург 02/03; Маріуполь / Іллічівець 03/04; Металург 03/04; Маріуполь / Іллічівець 04/05; Маріуполь / Іллічівець 05/06; Маріуполь / Іллічівець 06/07; Ворскла 07/08; Зоря 07/08,
56,1,tm:8669,Мілан Обрадович,RB,95,2.496,23.7081,Металіст 06/07; Металіст 07/08; Металіст 08/09; Металіст 09/10; Металіст 10/11; Металіст 11/12; Арсенал 12/13; Металіст 12/13,right
57,1,tm:201671,Ігор Пердута,LB RB RM,88,2.666,23.4602,Ворскла 11/12; Ворскла 12/13; Ворскла 13/14; Ворскла 14/15; Ворскла 15/16; Ворскла 16/17; Ворскла 17/18; Ворскла 18/19; Ворскла 19/20; Ворскла 20/21; Ворскла 21/22; Ворскла 22/23; Ворскла 23/24; Ворскла 24/25; Зоря 25/26,right
58,1,tm:68915,Олег Краснопьоров,RB,84,2.779,23.3458,Говерла / Закарпаття 01/02; Маріуполь / Іллічівець 02/03; Маріуполь / Іллічівець 03/04; Маріуполь / Іллічівець 04/05; Маріуполь / Іллічівець 05/06; Маріуполь / Іллічівець 06/07; Ворскла 08/09; Ворскла 09/10; Ворскла 10/11; Ворскла 11/12; Металіст 12/13; Ворскла 12/13; Металіст 13/14; Металіст 14/15,right
59,1,w:1973-08-11:kosovski,Віталій Косовський,LM LW,91,2.547,23.1764,Нива 93/94; Динамо 94/95; Динамо 95/96; Динамо 96/97; Динамо 97/98; Динамо 98/99; Динамо 99/00; Динамо 00/01; Динамо 01/02,
60,1,tm:86931,Євген Опанасенко,LB RB,88,2.622,23.0769,Металург 08/09; Металург 09/10; Металург 10/11; Металург 12/13; Металург 13/14; Чорноморець 14/15; Зоря 14/15; Зоря 15/16; Зоря 16/17; Зоря 17/18; Ворскла 20/21; Інгулець 21/22; Кривбас 22/23; СК Полтава 25/26,both
61,1,w:1974-06-14:maksimiuk,Роман Максимюк,RM RW,87,2.626,22.8437,Прикарпаття 95/96; Прикарпаття 96/97; Прикарпаття 97/98; Динамо 99/00; Дніпро 00/01; Дніпро 01/02; Дніпро 02/03; Дніпро 03/04; Дніпро 04/05; Волинь 05/06; Чорноморець 09/10; Волинь 10/11,
62,1,tm:370399,Микита Кравченко,RB,94,2.416,22.7131,Маріуполь / Іллічівець 14/15; Динамо 16/17; Олімпік 19/20; Колос 20/21; СК Дніпро-1 21/22; Динамо 22/23; Колос 22/23; Полісся 23/24; Олександрія 24/25; Полісся 25/26,right
63,1,tm:58961,Максим Пашаєв,RB,85,2.666,22.6574,Кривбас 07/08; Дніпро 08/09; Кривбас 08/09; Дніпро 09/10; Дніпро 10/11; Кривбас 12/13; Карпати 13/14; Металург 14/15; Металург 15/16; Сталь 16/17; Олександрія 17/18; Олександрія 18/19; Олександрія 19/20; Олександрія 20/21,right
64,1,tm:42621,Віталі Бордіян,LB RB,91,2.476,22.5329,Металіст 04/05; Металіст 05/06; Металіст 06/07; Металіст 07/08; Металіст 08/09; Металіст 09/10; Металіст 10/11; Металіст 11/12; Говерла / Закарпаття 12/13,both
65,1,tm:61952,Данило Сілва,RB,98,2.264,22.1841,Динамо 09/10; Динамо 10/11; Динамо 11/12; Динамо 12/13; Динамо 13/14; Динамо 14/15; Динамо 15/16; Динамо 16/17,right
66,1,tm:59442,Євген Селін,LB,89,2.487,22.1331,Металіст 08/09; Металіст 09/10; Ворскла 10/11; Ворскла 11/12; Динамо 12/13; Ворскла 12/13; Динамо 13/14; Динамо 14/15; Металіст 14/15; Чорноморець 22/23; ЛНЗ 23/24,left
67,1,tm:43393,Григорій Ярмаш,LB RB,84,2.634,22.1261,Ворскла 05/06; Ворскла 06/07; Ворскла 07/08; Ворскла 08/09; Ворскла 09/10; Ворскла 10/11; Зоря 10/11; Зоря 11/12; Зоря 12/13; Зоря 13/14; Зоря 14/15; Зоря 15/16; Зоря 16/17,right
68,1,w:1981-11-22:danel,Северин Ганчаржик,LB,92,2.368,21.7829,Арсенал 02/03; Волинь 03/04; Арсенал 04/05; Волинь 04/05; Арсенал 05/06; Металіст 05/06; Металіст 06/07; Металіст 07/08; Металіст 08/09; Металіст 09/10,
69,1,tm:94922,Богдан Бутко,LB RB,89,2.426,21.5931,Волинь 10/11; Маріуполь / Іллічівець 11/12; Маріуполь / Іллічівець 12/13; Маріуполь / Іллічівець 13/14; Маріуполь / Іллічівець 14/15; Шахтар 16/17; Шахтар 17/18; Шахтар 18/19; Зоря 22/23; Зоря 23/24; Чорноморець 24/25; Олександрія 25/26,right
70,1,tm:244262,Денис Мірошніченко,LB RB RM,87,2.471,21.4979,Кривбас 12/13; Карпати 13/14; Карпати 14/15; Карпати 15/16; Карпати 16/17; Карпати 17/18; Карпати 18/19; Олександрія 19/20; Олександрія 20/21; Олександрія 21/22; Олександрія 22/23; СК Дніпро-1 23/24; Карпати 24/25; Карпати 25/26,right
71,1,w:1976-02-20:zadorojni,Сергій Задорожний,RB,87,2.448,21.2954,Дніпро 93/94; Дніпро 94/95; Дніпро 95/96; Кремінь 96/97; Дніпро 99/00; Дніпро 00/01; Дніпро 01/02; Дніпро 02/03; Кривбас 03/04; Кривбас 04/05; Зоря 06/07,
72,1,tm:91801,Олександр Скляр,LB,87,2.44,21.2304,ФК Харків 08/09; Ворскла 12/13; Ворскла 13/14; Ворскла 14/15; Ворскла 15/16; Ворскла 16/17; Ворскла 17/18; Ворскла 18/19; Ворскла 19/20; Ворскла 20/21; Ворскла 21/22; Ворскла 22/23; Ворскла 23/24; Ворскла 24/25,both
73,1,tm:43308,Денис Голайдо,LB LM,84,2.456,20.6334,Таврія 02/03; Таврія 03/04; Говерла / Закарпаття 04/05; Таврія 04/05; Говерла / Закарпаття 05/06; Таврія 06/07; Таврія 07/08; Таврія 08/09; Таврія 09/10; Металург 10/11; Таврія 10/11; Металург 11/12; Металург 12/13; Металург 13/14; Металург 14/15,both
74,1,w:1968-08-05:lujni,Олег Лужний,RB,97,2.099,20.3579,Динамо 92/93; Динамо 93/94; Динамо 94/95; Динамо 95/96; Динамо 96/97; Динамо 97/98; Динамо 98/99,
75,1,tm:203074,Іван Петряк,LM LW RM RW,87,2.334,20.3025,Зоря 11/12; Зоря 12/13; Зоря 13/14; Зоря 14/15; Зоря 15/16; Зоря 16/17; Шахтар 17/18; Шахтар 22/23; Полісся 23/24; Чорноморець 24/25,right
76,1,tm:15067,Максим Калініченко,LM RM,92,2.183,20.0856,Дніпро 96/97; Дніпро 97/98; Дніпро 98/99; Дніпро 99/00; Дніпро 08/09; Дніпро 09/10; Дніпро 10/11; Таврія 11/12; Таврія 12/13; Таврія 13/14,both
77,1,tm:294730,Богдан Михайличенко,LB RB,93,2.152,20.0116,Динамо 14/15; Сталь 17/18; Зоря 18/19; Зоря 19/20; Шахтар 22/23; Полісся 23/24; Полісся 24/25; Полісся 25/26,left
78,1,tm:59982,Володимир Аржанов,LM RM RW,87,2.281,19.8436,Металург 04/05; Металург 05/06; Металург 06/07; Металург 07/08; Металург 08/09; Металург 09/10; Арсенал 10/11; Металург 10/11; Арсенал 11/12; Арсенал 12/13; Волинь 12/13; Арсенал 13/14; Чорноморець 13/14; Чорноморець 14/15; Чорноморець 18/19,both
79,1,tm:54816,Дмитро Льопа,LM RM,85,2.325,19.7638,Дніпро 07/08; Дніпро 08/09; Дніпро 09/10; Кривбас 09/10; Дніпро 10/11; Дніпро 11/12; Кривбас 11/12; Кривбас 12/13; Карпати 13/14; Металург 14/15; Металіст 15/16,right
80,1,tm:59129,Вадим Сапай,LB RB,88,2.226,19.5876,Борисфен 04/05; Металург 07/08; Оболонь 10/11; Оболонь 11/12; Ворскла 12/13; Ворскла 13/14; Ворскла 14/15; Ворскла 15/16; Ворскла 16/17; Ворскла 17/18; Ворскла 18/19; Ворскла 19/20; Ворскла 20/21,both
81,1,tm:52937,Ілсіньйо,RB RM,94,2.078,19.5362,Шахтар 07/08; Шахтар 08/09; Шахтар 09/10; Шахтар 11/12; Шахтар 12/13; Шахтар 13/14; Шахтар 14/15,right
82,1,w:1977-10-13:kolchin,Денис Колчін,RB,86,2.252,19.3713,Чорноморець 94/95; Чорноморець 95/96; Чорноморець 96/97; Чорноморець 97/98; Кривбас 98/99; Кривбас 99/00; Кривбас 00/01; Чорноморець 02/03; Чорноморець 03/04; Кривбас 05/06,
83,1,tm:549960,Тимур Стецков,LB,93,2.075,19.2951,Олександрія 17/18; Олександрія 18/19; Олександрія 19/20; Олександрія 20/21; Олександрія 21/22; Кривбас 22/23; Кривбас 23/24; Карпати 24/25; Кривбас 24/25; Карпати 25/26,left
84,1,tm:325429,Максим Задерака,LW RM RW,89,2.148,19.1194,Металург 14/15; Сталь 16/17; Сталь 17/18; Олександрія 18/19; Олександрія 19/20; Олександрія 20/21; Металіст 1925 21/22; Кривбас 22/23; Кривбас 23/24; Кривбас 24/25; Кривбас 25/26,right
85,1,w:1974-05-03:koval,Олександр Коваль,RB,88,2.162,19.0222,Шахтар 92/93; Шахтар 93/94; Шахтар 94/95; Шахтар 95/96; Шахтар 96/97; Шахтар 97/98; Шахтар 98/99; Металург 99/00; Шахтар 99/00,
86,1,tm:44138,Олексій Годін,RM,88,2.156,18.9742,Металург 01/02; Металург 02/03; Металург 03/04; Металург 04/05; Металург 05/06; Таврія 05/06; Металург 06/07; Металург 07/08; Металург 08/09; Металург 09/10; Металург 10/11; Металург 11/12; Металург 13/14,left
87,1,w:1980-01-15:akopian,Армен Акопян,RM,85,2.199,18.6909,Металург 96/97; Металург 97/98; Металург 98/99; Металург 99/00; Металург 00/01; Металург 01/02; Металург 02/03; Металург 03/04; Металург 04/05; Металург 05/06; Металург 05/06; Кривбас 06/07; Металург 06/07,
88,1,w:1974-09-11:parfonov,Дмитро Парфьонов,RB RM,95,1.964,18.6614,Чорноморець 92/93; Чорноморець 93/94; Чорноморець 94/95; Чорноморець 95/96; Чорноморець 96/97; Дніпро 97/98; Арсенал 07/08,
89,1,w:1979-03-11:ivanov,Георгі Пеєв,RB RM RW,91,2.04,18.5622,Динамо 00/01; Динамо 01/02; Динамо 02/03; Динамо 03/04; Динамо 04/05; Дніпро 05/06; Динамо 05/06,
90,1,tm:42641,Андрій Хомин,LB RB,82,2.262,18.5491,Борисфен 03/04; Борисфен 04/05; Металіст 05/06; Металіст 06/07; Арсенал 07/08; Арсенал 08/09; Арсенал 09/10; Арсенал 10/11; Арсенал 11/12; Арсенал 12/13; Арсенал 13/14; Говерла / Закарпаття 13/14; Говерла / Закарпаття 14/15,right
91,1,tm:271482,Артем Гордієнко,RB,83,2.214,18.3733,Зоря 12/13; Зоря 13/14; Зоря 14/15; Зоря 15/16; Зоря 16/17; Зоря 17/18; Зоря 18/19; Олександрія 19/20; Олександрія 20/21,right
92,1,tm:55484,Марсіо Азеведо,LB,90,2.02,18.1775,Металіст 12/13; Металіст 13/14; Металіст 14/15; Шахтар 14/15; Шахтар 15/16; Шахтар 16/17; Шахтар 17/18,left
93,1,tm:25823,Віталій Денисов,LB,88,2.053,18.0638,Дніпро 06/07; Дніпро 07/08; Дніпро 08/09; Дніпро 09/10; Дніпро 10/11; Дніпро 11/12; Дніпро 12/13,left
94,1,w:1971-06-22:bukel,Юрій Букель,RB,93,1.929,17.9424,Чорноморець 92/93; Чорноморець 93/94; Чорноморець 94/95; Чорноморець 95/96; Чорноморець 96/97; Маріуполь / Іллічівець 97/98; Маріуполь / Іллічівець 98/99; Чорноморець 99/00,
95,1,w:1974-08-05:pestriakov,Олег Пестряков,LM,82,2.175,17.8347,ЦСКА 95/96; ЦСКА 96/97; Шахтар 99/00; Шахтар 00/01; Шахтар 01/02; Шахтар 02/03; Металург 03/04; Таврія 03/04; Арсенал 04/05; Таврія 05/06,
96,1,tm:264063,Сергій Болбат,LW RB RW,82,2.174,17.8245,Металург 13/14; Металіст 14/15; Шахтар 14/15; Маріуполь / Іллічівець 17/18; Шахтар 18/19; Шахтар 19/20; Шахтар 20/21; Десна 21/22; Колос 22/23; Колос 23/24,right
97,1,tm:86502,Іван Кривошеєнко,RB RM,81,2.192,17.7534,Металург 02/03; Маріуполь / Іллічівець 03/04; Маріуполь / Іллічівець 04/05; Маріуполь / Іллічівець 05/06; Маріуполь / Іллічівець 06/07; Маріуполь / Іллічівець 08/09; Маріуполь / Іллічівець 09/10; Маріуполь / Іллічівець 10/11; Ворскла 11/12; Ворскла 12/13; Ворскла 13/14; Ворскла 14/15,right
98,1,w:1970-10-11:evtushok,Олександр Євтушок,RB,89,1.984,17.6588,Карпати 93/94; Карпати 94/95; Дніпро 95/96; Карпати 96/97; Карпати 97/98; Карпати 98/99; ЦСКА 99/00; Карпати 99/00; ЦСКА 00/01,
99,1,w:1982-07-06:motuz,Сергій Мотуз,RM,83,2.103,17.4585,Говерла / Закарпаття 01/02; Оболонь 02/03; Дніпро 03/04; Ворскла 03/04; Дніпро 04/05; Дніпро 05/06; Дніпро 06/07; Кривбас 07/08; Кривбас 08/09; Кривбас 09/10; Кривбас 10/11,
100,1,tm:467250,Юхим Конопля,RB,89,1.949,17.3417,Десна 19/20; Десна 20/21; Шахтар 21/22; Шахтар 22/23; Шахтар 23/24; Шахтар 24/25; Шахтар 25/26,right
101,1,tm:34773,Володимир Прийомов,RM,84,2.026,17.0222,Металург 05/06; Металург 06/07; Чорноморець 07/08; Шахтар 07/08; Кривбас 12/13; Чорноморець 13/14; Металург 13/14; Металіст 14/15; Металург 14/15; Металіст 15/16; Олександрія 16/17; Олімпік 17/18,right
102,1,tm:248938,Максим Третьяков,LM LW RM RW,87,1.947,16.9414,Металіст 15/16; Чорноморець 16/17; Чорноморець 17/18; Олександрія 19/20; Олександрія 20/21; Олександрія 21/22; Олександрія 22/23; СК Дніпро-1 23/24; Колос 24/25; Колос 25/26; Оболонь 25/26,right
103,1,w:1971-11-25:pohlebaev,Євген Похлебаєв,RM RW,90,1.867,16.7996,Дніпро 92/93; Дніпро 93/94; Дніпро 94/95; Динамо 94/95; Динамо 95/96; Динамо 96/97,
104,1,tm:366723,Владислав Дубинчак,LB,91,1.845,16.7863,Арсенал 18/19; Карпати 19/20; СК Дніпро-1 20/21; СК Дніпро-1 21/22; Динамо 22/23; Динамо 23/24; Динамо 24/25; Динамо 25/26,left
105,1,w:1976-10-12:baharev,Олексій Бахарєв,LM LW,84,1.995,16.7598,Шахтар 98/99; Шахтар 99/00; Шахтар 00/01; Шахтар 01/02; Шахтар 02/03; Шахтар 03/04; Шахтар 04/05,
106,1,w:1967-01-29:shmatovalenko,Сергій Шматоваленко,LB,93,1.799,16.7306,Динамо 92/93; Динамо 93/94; Динамо 94/95; Динамо 95/96; Динамо 96/97; Динамо 97/98,
107,1,tm:58252,Сергій Сімінін,LB RB,89,1.874,16.6783,Зоря 08/09; Волинь 10/11; Волинь 11/12; Волинь 12/13; Волинь 13/14; Волинь 14/15; Ворскла 14/15; Ворскла 15/16; Олександрія 16/17; Ворскла 16/17; Верес 17/18; ПФК Львів 22/23,right
108,1,tm:59826,Олег Герасимюк,LM RM,81,2.039,16.5142,Динамо 04/05; Волинь 04/05; Волинь 05/06; Арсенал 06/07; Волинь 10/11; Волинь 11/12; Арсенал 12/13; Волинь 12/13; Арсенал 13/14; Говерла / Закарпаття 13/14; Говерла / Закарпаття 14/15; Волинь 15/16; Волинь 16/17,right
109,1,tm:181118,Томаш Кендзьора,RB,95,1.737,16.5042,Динамо 17/18; Динамо 18/19; Динамо 19/20; Динамо 20/21; Динамо 21/22; Динамо 22/23,right
110,1,tm:315237,Євген Пасіч,LB RB RM,81,1.991,16.1267,Олімпік 17/18; Верес 17/18; Олімпік 18/19; Олімпік 19/20; Олімпік 20/21; Верес 21/22; СК Дніпро-1 22/23; Верес 22/23; СК Дніпро-1 23/24; Ворскла 24/25; Оболонь 25/26,right
111,1,tm:216579,Павло Полегенько,RB RM,80,1.979,15.8335,Говерла / Закарпаття 15/16; Зірка 16/17; Зірка 17/18; Маріуполь / Іллічівець 18/19; Маріуполь / Іллічівець 19/20; Десна 20/21; Інгулець 21/22; ПФК Львів 22/23; Зоря 22/23; Карпати 24/25; Карпати 25/26; Оболонь 25/26,right
112,1,w:1985-02-24:iatsenko,Олександр Яценко,RB,80,1.976,15.8092,Динамо 02/03; Динамо 03/04; Динамо 04/05; ФК Харків 05/06; ФК Харків 06/07; Чорноморець 07/08; Чорноморець 08/09; Чорноморець 09/10; Маріуполь / Іллічівець 09/10; Маріуполь / Іллічівець 10/11,
113,1,tm:495920,Олександр Назаренко,LM LW RW,90,1.748,15.7314,СК Дніпро-1 19/20; СК Дніпро-1 20/21; СК Дніпро-1 21/22; СК Дніпро-1 22/23; Полісся 23/24; Полісся 24/25; Полісся 25/26,left
114,1,w:1980-09-10:danilav,Олександр Данилов,RB RM,86,1.788,15.3734,Металіст 04/05; Металіст 05/06; Металіст 06/07; Металіст 07/08; Металург 07/08; Металург 08/09; Арсенал 09/10; Арсенал 10/11,
115,1,tm:248932,Владислав Кочергін,RM,91,1.685,15.3369,Дніпро 16/17; Зоря 17/18; Зоря 18/19; Зоря 19/20; Зоря 20/21; Зоря 21/22,right
116,1,w:1979-01-25:semochko,Дмитро Семочко,RB,82,1.856,15.2162,Карпати 98/99; Карпати 99/00; Дніпро 03/04; Дніпро 04/05; Дніпро 05/06; Металіст 08/09; Говерла / Закарпаття 09/10; Волинь 10/11,
117,1,tm:396532,Євген Смирний,RM,82,1.852,15.1848,Динамо 18/19; Маріуполь / Іллічівець 18/19; Колос 19/20; Колос 20/21; Чорноморець 21/22; Колос 22/23; Олександрія 23/24; Олександрія 24/25; Олександрія 25/26,left
118,1,w:1981-07-20:bidnenko,Руслан Бідненко,RM,82,1.823,14.9478,Борисфен 03/04; Динамо 03/04; Дніпро 04/05; Динамо 04/05; Дніпро 05/06; Дніпро 06/07; Нафтовик-Укрнафта 07/08; Чорноморець 09/10,
119,1,w:1979-07-19:vukich,Звонимир Вукич,LM,96,1.516,14.5525,Шахтар 03/04; Шахтар 04/05; Шахтар 05/06; Шахтар 06/07; Шахтар 07/08,
120,1,tm:49000,Ігор Коротецький,LB,73,1.988,14.5141,Шахтар 05/06; Кривбас 06/07; Зоря 07/08; Маріуполь / Іллічівець 08/09; Зоря 08/09; Металург 09/10; Металург 10/11; Зоря 11/12; Металург 12/13; Зоря 12/13; Металург 13/14; Говерла / Закарпаття 14/15; Металург 14/15,right
121,1,tm:120262,Дмитро Немчанінов,LB,84,1.72,14.4457,Волинь 13/14; Волинь 14/15; Чорноморець 15/16; Олімпік 15/16; Олімпік 16/17; Олімпік 17/18; Десна 18/19; Олімпік 18/19; Верес 21/22; Минай 22/23; Минай 23/24,left
122,1,tm:203855,Ігор Кирюханцев,RB RM,80,1.795,14.3584,Шахтар 16/17; Маріуполь / Іллічівець 17/18; Маріуполь / Іллічівець 18/19; Маріуполь / Іллічівець 19/20; Маріуполь / Іллічівець 20/21; Зоря 22/23; Зоря 23/24; Зоря 24/25; Епіцентр 25/26,right
123,1,tm:39799,Іван Стрінич,LB,89,1.609,14.3219,Дніпро 10/11; Дніпро 11/12; Дніпро 12/13; Дніпро 13/14; Дніпро 14/15,left
124,1,tm:404842,Віталій Миколенко,LB,97,1.47,14.2633,Динамо 17/18; Динамо 18/19; Динамо 19/20; Динамо 20/21; Динамо 21/22,left
125,1,tm:193158,Сергій Мякушко,LM LW RM,81,1.741,14.102,Оболонь 11/12; Говерла / Закарпаття 14/15; Динамо 15/16; Ворскла 16/17; Карпати 17/18; Карпати 18/19; Минай 21/22; Колос 22/23; Колос 23/24; Ворскла 23/24; Ворскла 24/25,both
126,1,tm:248931,Олександр Каплієнко,LB,77,1.828,14.0769,Металург 13/14; Металург 14/15; Металіст 15/16; Металург 15/16; Чорноморець 16/17; Чорноморець 17/18; СК Дніпро-1 22/23; Металіст 22/23; СК Дніпро-1 23/24; ЛНЗ 23/24; ЛНЗ 24/25,left
127,1,tm:97727,Ігор Тищенко,LB LM RB RM,86,1.635,14.0649,Маріуполь / Іллічівець 08/09; Маріуполь / Іллічівець 09/10; Маріуполь / Іллічівець 10/11; Маріуполь / Іллічівець 11/12; Карпати 13/14; Олімпік 14/15; Олімпік 15/16; Маріуполь / Іллічівець 17/18; Маріуполь / Іллічівець 18/19; Маріуполь / Іллічівець 19/20; Маріуполь / Іллічівець 20/21,right
128,1,tm:27172,Павло Кутас,LB RB,85,1.654,14.0607,Говерла / Закарпаття 01/02; Оболонь 02/03; Оболонь 03/04; Оболонь 04/05; Оболонь 09/10; Оболонь 10/11; Чорноморець 11/12; Чорноморець 12/13; Чорноморець 13/14; Чорноморець 14/15; Говерла / Закарпаття 15/16,right
129,1,tm:321417,Микита Татарков,LW RM RW,81,1.734,14.0479,Металург 13/14; Металург 14/15; Чорноморець 15/16; Металург 15/16; Чорноморець 16/17; Чорноморець 17/18; Чорноморець 18/19; ПФК Львів 19/20; Ворскла 20/21; Кривбас 22/23; Кривбас 23/24,right
130,1,tm:315236,Геннадій Пасіч,LB LM RB RM,82,1.696,13.9086,Олімпік 17/18; Верес 17/18; Олімпік 18/19; Карпати 19/20; Олімпік 19/20; Верес 21/22; Верес 22/23; ЛНЗ 23/24; ЛНЗ 24/25; ЛНЗ 25/26,right
131,1,tm:30803,Крістіан Вільягра,LB RB,89,1.507,13.4097,Металіст 10/11; Металіст 11/12; Металіст 12/13; Металіст 13/14; Металіст 14/15,right
132,1,w:1981-01-03:donets,Андрій Донець,RB,75,1.779,13.3444,Карпати 99/00; Карпати 00/01; Карпати 01/02; Карпати 03/04; Волинь 04/05; Волинь 05/06; Говерла / Закарпаття 07/08; Таврія 08/09; Говерла / Закарпаття 09/10; Таврія 09/10; Таврія 10/11; Чорноморець 11/12,
133,1,tm:45812,Джордже Лазич,LM,90,1.478,13.305,Металург 08/09; Металург 09/10; Металург 10/11; Металург 11/12; Металург 12/13; Металург 13/14; Металург 14/15; Сталь 15/16,both
134,1,tm:18445,Бетао,RB,93,1.43,13.2979,Динамо 08/09; Динамо 09/10; Динамо 10/11; Динамо 11/12; Динамо 12/13,right
135,1,tm:177818,Андрій Блізніченко,LW RM RW,84,1.582,13.2904,Дніпро 13/14; Дніпро 14/15; Дніпро 15/16; Дніпро 16/17; Інгулець 22/23; Верес 22/23; Верес 23/24,left
136,1,w:1975-12-18:danel,Даніель Флоря,LB,89,1.493,13.2893,Шахтар 01/02; Шахтар 02/03; Шахтар 03/04; Металург 04/05; Шахтар 04/05; Металург 05/06,
137,1,tm:57900,В'ячеслав Сердюк,LB RB,78,1.698,13.2435,Дніпро 05/06; Дніпро 06/07; Нафтовик-Укрнафта 07/08; Дніпро 08/09; Кривбас 08/09; Кривбас 09/10; Кривбас 10/11; Кривбас 11/12; Кривбас 12/13; Арсенал 13/14,left
138,1,tm:396536,Роман Вантух,LB LM,82,1.613,13.2243,Олімпік 18/19; Олександрія 19/20; Олімпік 19/20; Олександрія 20/21; Чорноморець 21/22; Зоря 22/23; Зоря 23/24; Зоря 24/25; Зоря 25/26,left
139,1,w:1977-11-03:jura,Сергій Згура,RM,76,1.739,13.2159,Металург 00/01; Металург 01/02; Металург 02/03; Чорноморець 03/04; Чорноморець 04/05; Чорноморець 05/06; Кривбас 05/06; Кривбас 06/07,
140,1,w:1984-02-09:eschenko,Андрій Єщенко,LB RB,82,1.593,13.0662,Динамо 05/06; Динамо 06/07; Дніпро 07/08; Арсенал 08/09; Дніпро 08/09; Арсенал 09/10; Арсенал 10/11,
141,1,tm:111074,Артур Западня,LB LM,81,1.611,13.0505,Маріуполь / Іллічівець 08/09; Маріуполь / Іллічівець 09/10; Маріуполь / Іллічівець 10/11; Ворскла 11/12; Верес 17/18; ПФК Львів 18/19; Десна 19/20; Десна 20/21; Металіст 1925 21/22,left
142,1,tm:93077,Сергій Старенький,RM,90,1.43,12.8667,Олександрія 11/12; Арсенал 12/13; Олександрія 15/16; Олександрія 16/17; Олександрія 17/18; Десна 18/19; Десна 19/20; Десна 20/21,both
143,1,tm:121026,Юрій Путраш,LB LM,76,1.646,12.5068,Оболонь 09/10; Оболонь 10/11; Оболонь 11/12; Таврія 11/12; Таврія 12/13; Таврія 13/14; Чорноморець 14/15; Олександрія 15/16; Сталь 15/16; Олександрія 16/17; ПФК Львів 18/19,left
144,1,tm:58425,Ігор Ощипко,LB,91,1.365,12.4241,Шахтар 06/07; Карпати 07/08; Карпати 08/09; Карпати 09/10; Карпати 10/11; Карпати 11/12; Карпати 12/13; Сталь 17/18,left
145,1,tm:59407,Сергій Барілко,RM,62,2.003,12.4204,Металіст 06/07; Металіст 07/08; Металіст 08/09; Металіст 09/10; Металіст 10/11; Металіст 14/15; Металіст 15/16,both
146,1,tm:58051,Михайло Кополовець,LB LW,74,1.661,12.2897,Говерла / Закарпаття 04/05; Говерла / Закарпаття 05/06; Карпати 07/08; Карпати 08/09; Карпати 09/10; Карпати 10/11; Карпати 11/12; Карпати 12/13; Говерла / Закарпаття 13/14; Карпати 14/15; Минай 20/21,left
147,1,w:1970-10-16:mokritski,Юрій Мокрицький,LB,86,1.426,12.2614,Карпати 92/93; Карпати 93/94; Карпати 95/96; Карпати 96/97; Ворскла 97/98; Прикарпаття 98/99; Ворскла 98/99; Олександрія 01/02; Олександрія 02/03,
148,1,tm:723621,Денис Кузик,LB LM RM,88,1.39,12.2312,Чорноморець 21/22; Маріуполь / Іллічівець 21/22; Колос 22/23; ПФК Львів 22/23; Кривбас 23/24; Кривбас 24/25; ЛНЗ 25/26,both
149,1,tm:58389,Олег Допілка,RB,73,1.648,12.0337,Динамо 06/07; Динамо 07/08; Динамо 08/09; Кривбас 09/10; Севастополь 10/11; Олександрія 11/12; Говерла / Закарпаття 12/13; Зірка 16/17; Минай 20/21,right
150,1,tm:43297,Дебатік Цуррі,LB,92,1.308,12.0291,Ворскла 04/05; Ворскла 05/06; Ворскла 06/07; Ворскла 07/08; Ворскла 08/09; Ворскла 09/10; Говерла / Закарпаття 13/14; Севастополь 13/14,left
151,1,tm:45343,Олег Гуменюк,LB LM RB RM,79,1.519,12.0008,Чорноморець 07/08; Чорноморець 08/09; Чорноморець 09/10; Таврія 10/11; Таврія 11/12; Таврія 12/13; Таврія 13/14; Волинь 14/15; Волинь 15/16; Волинь 16/17,right
152,1,tm:94925,Єгор Картушов,LB LM LW RM,87,1.379,12.0003,Зоря 09/10; Маріуполь / Іллічівець 10/11; Зоря 10/11; Десна 18/19; Десна 19/20; Десна 20/21; Десна 21/22; Металіст 22/23,left
153,1,tm:537852,Дмитро Криськів,LM,92,1.304,11.998,Металіст 1925 21/22; Шахтар 22/23; Шахтар 23/24; Шахтар 24/25; Шахтар 25/26,right
154,1,tm:288853,Сергій Горбунов,LB LM RM,77,1.553,11.9612,Дніпро 14/15; Маріуполь / Іллічівець 18/19; Маріуполь / Іллічівець 19/20; Маріуполь / Іллічівець 20/21; Маріуполь / Іллічівець 21/22; СК Дніпро-1 22/23; СК Дніпро-1 23/24,left
155,1,tm:543380,Ібрагім Кане,LB LM RM,90,1.325,11.923,Ворскла 18/19; Ворскла 19/20; Ворскла 20/21; Ворскла 21/22; Ворскла 22/23; Ворскла 23/24; Ворскла 24/25; Колос 25/26,left
156,1,tm:96498,Олександр Насонов,LB RB,77,1.541,11.8662,Волинь 11/12; Волинь 12/13; Металург 13/14; Металург 14/15; Волинь 15/16; Маріуполь / Іллічівець 17/18; Арсенал 18/19; ПФК Львів 18/19; ПФК Львів 19/20; ЛНЗ 23/24,right
157,1,tm:58417,Станіслав Микицей,RB,81,1.46,11.8234,Шахтар 06/07; Маріуполь / Іллічівець 09/10; Маріуполь / Іллічівець 10/11; Зоря 10/11; Олександрія 15/16; Олександрія 16/17; Олександрія 18/19; Маріуполь / Іллічівець 21/22,right
158,1,w:1976-11-24:flavius,Флавіус Стойкан,RB,92,1.282,11.7912,Шахтар 03/04; Шахтар 04/05; Шахтар 05/06; Металіст 06/07,
159,1,tm:316945,Мар'ян Мисик,LB LM,77,1.522,11.7191,Металург 14/15; Сталь 15/16; Сталь 16/17; Сталь 17/18; Ворскла 18/19; Рух 20/21; Рух 21/22; Рух 22/23; Рух 23/24; Інгулець 24/25,left
160,1,tm:22378,Лео Матос,LB RB,90,1.294,11.6462,Чорноморець 09/10; Чорноморець 11/12; Чорноморець 12/13; Чорноморець 13/14; Дніпро 14/15; Дніпро 15/16,right
161,1,tm:257937,Олег Данченко,RB RM,81,1.43,11.5846,Чорноморець 13/14; Чорноморець 14/15; Чорноморець 15/16; Чорноморець 16/17; Шахтар 18/19; Зоря 22/23; Зоря 23/24,right
162,1,tm:24038,Єгіше Мелікян,LB LM,80,1.443,11.5443,Металург 02/03; Металург 03/04; Металург 04/05; Металург 05/06; Сталь 06/07; Зоря 09/10; Говерла / Закарпаття 12/13,left
163,1,w:1969-11-19:skripnik,Віктор Скрипник,LB LM,93,1.238,11.5147,Металург 92/93; Металург 93/94; Дніпро 94/95; Дніпро 95/96; Дніпро 96/97,
164,1,w:1978-06-15:shopin,Ігор Шопін,RM,81,1.41,11.4218,Зоря 95/96; Металіст 98/99; Металіст 99/00; Металіст 00/01; Металіст 01/02; Металіст 02/03; ФК Харків 05/06; ФК Харків 06/07; Говерла / Закарпаття 07/08; Говерла / Закарпаття 09/10,
165,1,tm:59434,Артем Путівцев,LB,82,1.388,11.3782,Металіст 09/10; Маріуполь / Іллічівець 10/11; Маріуполь / Іллічівець 11/12; Маріуполь / Іллічівець 12/13; Маріуполь / Іллічівець 13/14; Маріуполь / Іллічівець 14/15; Металург 14/15; Металіст 15/16,left
166,1,tm:501612,Юрій Климчук,LW RM,87,1.302,11.3263,Сталь 16/17; Сталь 17/18; Рух 20/21; Рух 21/22; Рух 22/23; Рух 23/24; Рух 24/25; Колос 25/26,right
167,1,tm:58440,Сергій Шевчук,LM LW,79,1.43,11.2982,Шахтар 06/07; Зоря 07/08; Зоря 08/09; Зоря 09/10; Зоря 10/11; Маріуполь / Іллічівець 11/12; Маріуполь / Іллічівець 12/13; Маріуполь / Іллічівець 13/14; Маріуполь / Іллічівець 14/15,left
168,1,w:1980-11-10:lutsenko,Євген Луценко,RM,80,1.402,11.2158,Чорноморець 04/05; Чорноморець 05/06; Чорноморець 06/07; Зоря 06/07; Зоря 07/08; Чорноморець 08/09; Таврія 09/10; Таврія 10/11,
169,1,tm:58392,Віталій Федорів,LB,73,1.533,11.1927,Динамо 06/07; Динамо 07/08; Кривбас 12/13; Говерла / Закарпаття 14/15; Олімпік 15/16; Олімпік 16/17; Олімпік 17/18; Металіст 22/23,left
170,1,tm:495923,Олег Ільїн,LM RM RW,83,1.339,11.1138,Колос 19/20; Колос 20/21; Колос 21/22; Колос 22/23; Колос 23/24; Колос 24/25; Оболонь 24/25; Оболонь 25/26,right
171,1,tm:55975,Уча Лобжанідзе,RB,84,1.313,11.0296,Дніпро 09/10; Дніпро 10/11; Кривбас 11/12; Кривбас 12/13; Дніпро 13/14,right
172,1,tm:206717,Едуард Соболь,LB LM,85,1.284,10.9121,Металург 12/13; Шахтар 12/13; Шахтар 13/14; Металург 14/15; Металіст 15/16; Зоря 16/17,left
173,1,tm:695310,Максим Брагару,LB LW RW,82,1.33,10.9074,Чорноморець 21/22; Чорноморець 22/23; Чорноморець 23/24; Динамо 24/25; Динамо 25/26; Полісся 25/26,right
174,1,tm:123543,Артем Сухоцький,LB,82,1.294,10.6132,Олександрія 15/16; Зоря 15/16; Зоря 16/17; Зоря 17/18; Десна 20/21,left
175,1,w:1981-01-22:smalko,Андрій Смалько,RB RM,81,1.308,10.5934,Борисфен 03/04; Чорноморець 03/04; Чорноморець 04/05; Таврія 04/05; Таврія 05/06; ФК Харків 06/07; Зоря 06/07; ФК Харків 07/08,
176,1,tm:498899,Тарас Саків,LB,71,1.49,10.5769,Ворскла 16/17; Ворскла 17/18; Ворскла 18/19; Ворскла 19/20; Минай 20/21; Рух 20/21; Колос 21/22; Інгулець 22/23; Карпати 24/25,left
177,1,tm:387928,Лукас Тейлор,RB RM,82,1.289,10.571,ПФК Львів 18/19; СК Дніпро-1 19/20; СК Дніпро-1 20/21; Шахтар 22/23; Полісся 23/24; Полісся 24/25,right
178,1,tm:467243,Віктор Корнієнко,LB,80,1.3,10.3963,Маріуполь / Іллічівець 19/20; Шахтар 20/21; Шахтар 21/22; Шахтар 22/23; Ворскла 23/24; Ворскла 24/25,left
179,1,tm:289095,Денис Фаворов,RB,93,1.117,10.3909,Десна 18/19; Десна 19/20; Зоря 20/21; Зоря 21/22,right
180,1,w:1981-08-02:komarnitski,Віталій Комарницький,RB,79,1.313,10.3702,Дніпро 03/04; Металіст 04/05; ФК Харків 05/06; ФК Харків 06/07; ФК Харків 07/08; ФК Харків 08/09; Говерла / Закарпаття 09/10; Кривбас 09/10,
181,1,tm:15033,Велізар Дімітров,RB,89,1.164,10.3589,Металург 08/09; Металург 09/10; Металург 10/11; Металург 11/12; Металург 12/13; Металург 13/14,right
182,1,tm:432658,Юрій Копина,LB RB,81,1.278,10.3558,Металіст 15/16; Рух 20/21; Олександрія 21/22; Олександрія 22/23; Олександрія 23/24; Олександрія 24/25; Рух 25/26,right
183,1,w:1979-07-21:skoropad,Павло Скоропад,RB,81,1.267,10.2612,Чорноморець 96/97; Чорноморець 97/98; ЦСКА 99/00; Ворскла 00/01; Кривбас 01/02; Кривбас 02/03; Металург 03/04; Чорноморець 04/05,
184,1,tm:748939,Олексій Сич,RB,86,1.191,10.2443,Рух 20/21; Рух 21/22; Рух 22/23; Рух 23/24; Карпати 24/25; Рух 24/25; Карпати 25/26,right
185,1,w:1986-03-03:hlavina,Деніс Главіна,LM LW,87,1.171,10.1848,Ворскла 05/06; Дніпро 06/07; Ворскла 06/07; Ворскла 07/08; Ворскла 08/09; Ворскла 09/10,
186,1,w:1978-02-27:kaladze,Каха Каладзе,LB,85,1.192,10.1294,Динамо 97/98; Динамо 98/99; Динамо 99/00; Динамо 00/01,
187,1,w:1974-10-01:kiriuhin,Олександр Кірюхін,RB,80,1.26,10.0795,Зоря 95/96; Динамо 97/98; Динамо 98/99; Динамо 99/00; Кривбас 00/01; Борисфен 04/05,
188,1,tm:130824,Євген Зубейко,RB RM,82,1.227,10.0614,Чорноморець 11/12; Чорноморець 12/13; Чорноморець 13/14; Чорноморець 14/15; Металіст 15/16; Карпати 16/17; Чорноморець 17/18; Олімпік 18/19,right
189,1,tm:245048,Василь Кравець,LB,86,1.165,10.0164,Карпати 14/15; Карпати 15/16; Карпати 16/17; Ворскла 22/23; СК Дніпро-1 23/24; Полісся 23/24,left
190,1,tm:96455,Євген Макаренко,LB,79,1.268,10.0161,Говерла / Закарпаття 12/13; Динамо 13/14; Динамо 14/15; Динамо 15/16; Динамо 16/17,left
191,1,tm:396400,Ілля Путря,RB,80,1.246,9.965,Маріуполь / Іллічівець 18/19; Маріуполь / Іллічівець 19/20; Чорноморець 21/22; Чорноморець 22/23; Чорноморець 23/24; ЛНЗ 24/25; ЛНЗ 25/26,right
192,1,tm:62515,Іван Бобко,LM,80,1.245,9.9609,Чорноморець 11/12; Чорноморець 12/13; Чорноморець 13/14; Чорноморець 14/15; Металіст 14/15; Металіст 15/16; Чорноморець 17/18; Чорноморець 22/23,left
193,1,tm:844373,Борис Крушинський,LB,84,1.177,9.8857,ПФК Львів 20/21; ПФК Львів 21/22; ПФК Львів 22/23; Полісся 23/24; Полісся 24/25; Полісся 25/26,left
194,1,w:1979-02-25:bodnar,Ласло Боднар,RB RM,92,1.074,9.8777,Динамо 00/01; Динамо 01/02; Динамо 02/03; Арсенал 03/04,
195,1,tm:533537,Ростислав Лях,LB LM,78,1.251,9.7578,Карпати 19/20; Рух 20/21; Рух 21/22; Рух 22/23; Рух 23/24; Рух 24/25; Карпати 25/26; Рух 25/26,both
196,1,tm:636237,Костянтин Вівчаренко,LB,86,1.13,9.7188,Динамо 22/23; Динамо 23/24; Динамо 24/25; Динамо 25/26,left
197,1,w:1982-08-27:sheveliuhin,Олександр Шевелюхін,RB,74,1.307,9.674,Кривбас 02/03; Кривбас 03/04; Ворскла 03/04; Говерла / Закарпаття 04/05; Кривбас 04/05; Кривбас 05/06; Кривбас 06/07; ФК Львів 08/09; Севастополь 10/11,
198,1,w:1977-01-07:hilazev,Руслан Гілазєв,LM,84,1.151,9.6722,Чорноморець 02/03; Чорноморець 03/04; Чорноморець 04/05; Чорноморець 05/06; Чорноморець 06/07; Чорноморець 08/09,
199,1,w:1978-10-25:cherniak,Сергій Черняк,LB LM,83,1.164,9.6572,Динамо 98/99; Ворскла 99/00; Ворскла 00/01; Ворскла 01/02; Ворскла 02/03; Ворскла 03/04,
200,1,tm:169260,Віталій Єрмаков,LB RB,78,1.237,9.6498,Десна 18/19; Десна 19/20; Десна 20/21; Металіст 1925 21/22; Чорноморець 22/23; Чорноморець 23/24; Чорноморець 24/25,right
201,1,w:1983-01-09:danel,Осмар Феррейра,LM LW,84,1.145,9.6221,Дніпро 07/08; Дніпро 08/09; Дніпро 09/10; Дніпро 10/11,
202,1,w:1984-06-21:diakat,Пап Діакате,LB LM,84,1.143,9.6024,Динамо 07/08; Динамо 08/09; Динамо 09/10; Динамо 11/12,
203,1,tm:42933,Аніс Бусаїді,RB,80,1.185,9.4806,Металург 04/05; Металург 05/06; Металург 06/07; Металург 07/08; Таврія 11/12; Таврія 12/13; Таврія 13/14,right
204,1,w:1978-06-08:sokolenko,Андрій Соколенко,RB,78,1.21,9.437,Таврія 94/95; Таврія 95/96; Прикарпаття 98/99; Волинь 02/03; Волинь 05/06; ФК Харків 06/07; ФК Харків 07/08; ФК Харків 08/09,
205,1,tm:889438,Ілля Крупський,LB RB,89,1.057,9.4048,Ворскла 20/21; Ворскла 21/22; Ворскла 22/23; Ворскла 23/24; Ворскла 24/25; Металіст 1925 25/26,both
206,1,tm:419119,Ігор Снурніцин,LB,76,1.208,9.1773,Олімпік 18/19; Олімпік 19/20; Олімпік 20/21; Зоря 21/22; Зоря 22/23; Зоря 23/24,left
207,1,tm:82608,Павло Худзік,LM,84,1.076,9.0387,ФК Львів 08/09; Оболонь 10/11; Зоря 11/12; Зоря 12/13; Зоря 13/14; Зоря 14/15,both
208,1,w:1973-09-13:ostrovski,Андрій Островський,RB,88,1.023,9.0055,Арсенал 02/03; Арсенал 03/04; Арсенал 04/05; Чорноморець 05/06; Чорноморець 06/07,
209,1,tm:448783,Максим Грисьо,RB RM RW,73,1.227,8.9555,Карпати 16/17; Карпати 17/18; ПФК Львів 20/21; ПФК Львів 21/22; ПФК Львів 22/23; Чорноморець 23/24; Оболонь 23/24; Оболонь 24/25; Оболонь 25/26,right
210,1,w:1979-01-01:sviderski,В'ячеслав Свідерський,RB,71,1.246,8.8458,Арсенал 05/06; Чорноморець 06/07; Шахтар 06/07; Дніпро 07/08; Таврія 08/09; Таврія 09/10,
211,1,tm:95707,Володимир Танчик,RB RM,79,1.117,8.828,Севастополь 13/14; Олімпік 15/16; Олімпік 16/17; Чорноморець 18/19; СК Дніпро-1 23/24; Епіцентр 25/26,both
212,1,w:1979-07-06:karitska,Володимир Коритько,RM,91,0.96,8.7318,Металург 05/06; Чорноморець 06/07; Чорноморець 07/08; Чорноморець 08/09; Металург 08/09,
213,1,tm:310782,Андрій Бацула,LB LM,80,1.083,8.666,Зірка 16/17; Олександрія 17/18; Олександрія 18/19; Ворскла 22/23; Ворскла 23/24; Ворскла 24/25,left
214,1,tm:167555,Олександр Чорноморець,LB,83,1.041,8.6424,Колос 19/20; Колос 20/21; Колос 21/22; Колос 22/23; Колос 23/24; Ворскла 24/25,left
215,1,w:1985-05-23:panas,Вадим Панас,RM,82,1.045,8.5722,Волинь 02/03; Волинь 03/04; Волинь 04/05; Карпати 06/07; ФК Львів 08/09; Оболонь 10/11; Оболонь 11/12,
216,1,w:1983-11-03:aparesido,Вінісіус,LB LM LW,85,1.004,8.5373,Металіст 09/10; Металіст 10/11; Металіст 11/12,
217,1,tm:44699,Антунеш,LB,94,0.898,8.4379,Динамо 14/15; Динамо 15/16; Динамо 16/17,left
218,1,tm:110028,Артем Чорній,LM,82,1.024,8.3943,Маріуполь / Іллічівець 08/09; Маріуполь / Іллічівець 09/10; Олександрія 15/16; Олександрія 16/17; Чорноморець 17/18; Олександрія 17/18; Чорноморець 18/19,both
219,1,w:1978-02-04:aliutse,Маріан Аліуце,RM,82,1.017,8.3432,Шахтар 99/00; Шахтар 00/01; Шахтар 01/02; Металург 05/06,
220,1,tm:863919,Іван Дібанго,LB,94,0.887,8.3383,Кривбас 22/23; Кривбас 23/24; Кривбас 24/25; Кривбас 25/26,left
221,1,w:1977-12-10:datsenko,Сергій Даценко,RB,78,1.069,8.3352,Динамо 96/97; Металург 97/98; Кривбас 98/99; Кривбас 99/00,
222,1,w:1981-06-14:blumer,Елано,RM RW,91,0.913,8.3063,Шахтар 04/05; Шахтар 05/06; Шахтар 06/07,
223,1,tm:401529,Додо,RB,97,0.853,8.2714,Шахтар 19/20; Шахтар 20/21; Шахтар 21/22,right
224,1,tm:122317,Віталій Гошкодеря,LB LM,79,1.042,8.2302,Волинь 10/11; Кривбас 11/12; Волинь 13/14; Олімпік 14/15; Олімпік 15/16; Олімпік 16/17; Чорноморець 18/19,left
225,1,tm:91991,Сергій Люлька,LB RB,80,1.014,8.109,Говерла / Закарпаття 13/14; Говерла / Закарпаття 14/15; Говерла / Закарпаття 15/16; Чорноморець 16/17; Чорноморець 17/18; Десна 18/19; ПФК Львів 19/20,both
226,1,tm:576022,Владислав Ємець,LB,75,1.079,8.0962,Колос 19/20; Колос 20/21; Зоря 20/21; Колос 22/23; Колос 23/24,left
227,1,tm:396530,Артем Козак,RM,88,0.916,8.0643,Арсенал 18/19; Карпати 19/20; Полісся 23/24; Олександрія 24/25; Олександрія 25/26,left
228,1,w:1981-08-24:stoian,Денис Стоян,LB,81,0.996,8.0642,Борисфен 03/04; Чорноморець 03/04; Ворскла 04/05; Ворскла 05/06; Ворскла 06/07; Таврія 07/08,
229,1,tm:623319,Олександр Драмбаєв,LB,85,0.945,8.0339,Маріуполь / Іллічівець 20/21; Маріуполь / Іллічівець 21/22; Кривбас 24/25; ЛНЗ 24/25; ЛНЗ 25/26,left
230,1,tm:708240,Едуард Козік,RB,84,0.955,8.023,Шахтар 22/23; Шахтар 23/24; Колос 24/25; Колос 25/26,right
231,1,tm:522833,Андрій Понєдєльнік,RB,91,0.88,8.0048,Кривбас 22/23; Кривбас 23/24; Кривбас 24/25; Колос 25/26,right
232,1,tm:91359,Темур Парцванія,RB,73,1.095,7.9931,Металург 12/13; Волинь 13/14; Волинь 14/15; Олімпік 15/16; Олімпік 16/17; Олімпік 17/18; Десна 18/19,right
233,1,tm:353584,Сергій Петько,RB,70,1.14,7.9799,Чорноморець 14/15; Чорноморець 15/16; Чорноморець 16/17; Верес 21/22; Чорноморець 22/23; Минай 22/23; Минай 23/24; Інгулець 24/25,right
234,1,w:1985-12-22:kitsuta,Анатолій Кіцута,RB,72,1.107,7.9733,Говерла / Закарпаття 05/06; Арсенал 06/07; ФК Харків 06/07; ФК Львів 08/09; Кривбас 09/10; Оболонь 09/10; Кривбас 10/11; Кривбас 11/12,
235,1,tm:221955,Сергій Шестаков,LM RB RM,80,0.995,7.9605,Олімпік 15/16; Олімпік 16/17; Олімпік 17/18; Верес 21/22; Верес 22/23; ЛНЗ 23/24,right
236,1,tm:375657,Владислав Шаповал,LB,77,1.032,7.9489,Волинь 15/16; Волинь 16/17; СК Дніпро-1 19/20; Чорноморець 23/24; Полісся 23/24; Лівий Берег 24/25; Кудрівка 25/26,left
237,1,tm:858712,Педро Енріке,LB,92,0.856,7.8733,Шахтар 23/24; Шахтар 24/25; Шахтар 25/26,left
238,1,tm:380376,Євген Морозко,LM RB RM,75,1.044,7.8295,Колос 19/20; Колос 20/21; Полісся 23/24; Верес 23/24; Верес 24/25; Кудрівка 25/26,right
239,1,tm:59964,Євген Пісоцький,RM,81,0.965,7.8143,Металург 06/07; Металург 07/08; Металург 08/09; Металург 09/10; Металург 10/11; Металург 12/13; Металург 13/14,right
240,1,tm:89556,Віталій Федотов,LM RM,84,0.924,7.7613,Маріуполь / Іллічівець 10/11; Маріуполь / Іллічівець 11/12; Маріуполь / Іллічівець 12/13; Маріуполь / Іллічівець 13/14; Маріуполь / Іллічівець 14/15; Металург 14/15,right
241,1,w:1977-09-17:husev,Ролан Гусєв,RM RW,78,0.991,7.7264,Дніпро 07/08; Арсенал 08/09; Дніпро 08/09; Арсенал 09/10; Арсенал 10/11,
242,1,tm:530696,Іраклі Азарові,LB,89,0.856,7.6165,Шахтар 23/24; Шахтар 24/25; Шахтар 25/26,left
243,1,w:1981-09-28:markovich,Мар'ян Маркович,RB RWB,86,0.874,7.5131,Динамо 05/06; Динамо 06/07; Динамо 07/08,
244,1,w:1984-02-03:petrivski,Тарас Петрівський,RB,76,0.986,7.4946,Карпати 06/07; Карпати 07/08; Карпати 08/09; Карпати 09/10; Карпати 10/11; Карпати 11/12,
245,1,tm:330060,Сідклей,LB,82,0.913,7.4858,Динамо 18/19; Динамо 20/21; Динамо 21/22,left
246,1,tm:19721,Горан Попов,LB,88,0.849,7.4682,Динамо 10/11; Динамо 11/12; Динамо 12/13,left
247,1,tm:58958,Олександр Матвєєв,LB,77,0.967,7.4441,Ворскла 09/10; Ворскла 10/11; Ворскла 11/12; Ворскла 12/13; Маріуполь / Іллічівець 14/15; Олександрія 15/16,right
248,1,tm:55115,Давид Таргамадзе,LM LW RW,82,0.902,7.3989,Маріуполь / Іллічівець 11/12; Олександрія 11/12; Маріуполь / Іллічівець 12/13; Маріуполь / Іллічівець 13/14; Маріуполь / Іллічівець 14/15; Олександрія 15/16,both
249,1,tm:114658,Сергій Воронін,LB,79,0.936,7.3956,Севастополь 10/11; Севастополь 13/14; Волинь 14/15; Сталь 15/16; Сталь 16/17; ПФК Львів 18/19,left
250,1,tm:935039,Мар'ян Фарина,LB,65,1.135,7.38,Шахтар 22/23; Металіст 1925 23/24; Шахтар 23/24; Шахтар 24/25; Кудрівка 25/26,left
251,1,tm:540056,Георгій Гочолейшвілі,RB,83,0.886,7.3519,Шахтар 22/23; Шахтар 23/24; Шахтар 25/26,right
252,1,w:1983-03-04:ilnitski,Тарас Ільницький,LB,80,0.917,7.3392,Говерла / Закарпаття 04/05; Говерла / Закарпаття 05/06; Арсенал 06/07; Таврія 07/08; Таврія 08/09; Арсенал 09/10,
253,1,w:1978-05-01:isak,Ісаак Окоронкво,RB,86,0.841,7.2308,Шахтар 00/01; Шахтар 01/02; Шахтар 02/03,
254,1,tm:569805,Маркіньйос Сіпріано,LB,81,0.89,7.2058,Шахтар 18/19; Шахтар 19/20; Шахтар 20/21,left
255,1,w:1980-09-27:bechiri,Елвін Бечірі,LB,81,0.889,7.1982,Металург 03/04; Металург 04/05; Металург 05/06; Металург 06/07,
256,1,tm:45826,Йосип Піварич,LB,84,0.85,7.1381,Динамо 17/18; Динамо 18/19; Динамо 19/20,left
257,1,w:1978-04-01:kariaka,Андрій Каряка,LM LW,82,0.861,7.0624,Металург 95/96; Металург 96/97; Металург 97/98; ЦСКА 98/99; ЦСКА 99/00,
258,1,tm:606952,Жуніньйо,LB RB,84,0.841,7.0608,Зоря 20/21; Зоря 23/24; Зоря 24/25; Зоря 25/26,left
259,1,tm:131444,Артем Полярус,LM LW RM,77,0.915,7.0434,Олександрія 11/12; Олександрія 15/16; Олександрія 16/17; Олександрія 17/18; Олександрія 18/19,right
260,1,tm:1038054,Ярослав Кисіль,LB,67,1.051,7.0385,Зоря 22/23; Минай 23/24; Чорноморець 24/25; Кудрівка 25/26; ЛНЗ 25/26,right
261,1,w:1969-10-21:benko,Олег Бенько,LB,76,0.925,7.0279,Карпати 92/93; Волинь 92/93; Волинь 93/94; Волинь 94/95; Металург 96/97; Металург 97/98,
262,1,w:1981-07-28:leal,Маріо Сержіо,RB,86,0.813,6.9892,Металург 08/09; Металург 09/10; Металург 10/11; Металург 11/12,
263,1,tm:935095,Навін Малиш,RB,75,0.922,6.9181,Динамо 23/24; Динамо 24/25; Ворскла 24/25; Зоря 25/26,right
264,1,w:1982-02-26:boian,Боян Незірі,LB,78,0.868,6.7672,Металург 03/04; Металург 04/05; Металург 06/07; Металург 07/08,
265,1,tm:631819,Даніл Скорко,RB,80,0.841,6.7253,Олександрія 22/23; Олександрія 23/24; Олександрія 24/25; Олександрія 25/26,right
266,1,tm:248935,Павло Лук'янчук,RB,75,0.888,6.6609,Олімпік 17/18; Верес 17/18; Олімпік 19/20; Олімпік 20/21; Оболонь 23/24; Оболонь 24/25,right
267,1,tm:543493,Наджиб Якубу,LB LM RM,81,0.815,6.6021,Ворскла 18/19; Ворскла 19/20; Ворскла 20/21; Ворскла 21/22; Ворскла 23/24,right
268,1,tm:726038,Віталій Роман,LB RB,83,0.795,6.5989,Рух 21/22; Рух 22/23; Рух 23/24; Рух 24/25; Рух 25/26,right
269,1,tm:204040,Александру Влад,LB,80,0.825,6.5988,Дніпро 13/14; Дніпро 14/15; Дніпро 16/17,left
270,1,tm:719652,Олександр Мартинюк,LB,92,0.717,6.5957,Олександрія 23/24; Олександрія 24/25; Металіст 1925 25/26,left
271,1,w:1969-09-07:kosheliuk,Олег Кошелюк,LM,89,0.737,6.561,Чорноморець 92/93; Чорноморець 93/94; Маріуполь / Іллічівець 97/98,
272,1,tm:134609,Микола Гібалюк,RB,73,0.896,6.5426,Маріуполь / Іллічівець 03/04; Маріуполь / Іллічівець 04/05; Маріуполь / Іллічівець 05/06; Маріуполь / Іллічівець 06/07; Говерла / Закарпаття 12/13,
273,1,tm:28964,Саулюс Міколюнас,RB,81,0.805,6.5195,Арсенал 09/10; Арсенал 10/11; Арсенал 11/12; Арсенал 12/13; Севастополь 13/14,both
274,1,tm:208469,Володимир Костевич,LB LM,84,0.768,6.4508,Карпати 11/12; Карпати 13/14; Карпати 14/15; Карпати 15/16; Карпати 16/17,left
275,1,w:1977-11-01:ilchenko,Сергій Ільченко,RB,76,0.846,6.4262,Металург 95/96; Металург 96/97; ЦСКА 97/98; Металург 97/98; ЦСКА 98/99,
276,1,w:1985-03-13:alsides,Алсідес,RB,76,0.84,6.3826,Дніпро 08/09; Дніпро 09/10; Дніпро 10/11,
277,1,tm:206054,Павло Мягков,LB,74,0.856,6.3366,Зоря 11/12; Зоря 13/14; Олександрія 15/16; Олександрія 16/17; Верес 17/18,left
278,1,tm:951439,Максим Сміян,LB,80,0.79,6.3232,Зоря 22/23; Верес 23/24; Верес 24/25; Верес 25/26,left
279,1,tm:887142,Іван Нестеренко,LM,76,0.815,6.193,Ворскла 20/21; Ворскла 21/22; Ворскла 23/24; Ворскла 24/25; Оболонь 25/26,right
280,1,w:1982-04-15:dos,Жоао Педро,RB RM,76,0.813,6.1765,Металург 08/09; Металург 09/10; Металург 10/11; Металург 11/12,
281,1,tm:962090,Артем Смоляков,LB LM,83,0.744,6.1737,Інгулець 21/22; Інгулець 22/23; Полісся 23/24; Полісся 24/25,left
282,1,tm:24670,Нікола Ігнятієвич,LB,79,0.781,6.1731,Зоря 11/12; Зоря 12/13; Зоря 13/14; Зоря 14/15,left
283,1,tm:567880,Євген Протасов,LM RW,77,0.799,6.1549,Олександрія 17/18; Олександрія 18/19; Олександрія 19/20; Металіст 1925 21/22,left
284,1,tm:92575,Юрій Габовда,RB RM,66,0.93,6.1397,Карпати 09/10; Карпати 10/11; Кривбас 11/12; Таврія 12/13; Карпати 13/14; Таврія 13/14,right
285,1,tm:156137,Редван Мемешев,LM RM,86,0.713,6.1288,Волинь 13/14; Волинь 14/15; Волинь 15/16; Волинь 16/17; Карпати 17/18,both
286,1,tm:524031,Олександр Бєляєв,LM,78,0.773,6.0277,ПФК Львів 22/23; Олександрія 23/24; Олександрія 24/25; Кудрівка 25/26,right
287,1,tm:59136,Максим Жичиков,RB,75,0.802,6.0161,Маріуполь / Іллічівець 14/15; Олександрія 16/17; Арсенал 18/19; Металіст 1925 21/22; Металіст 1925 22/23; Металіст 1925 23/24,right
288,1,w:1975-05-14:matsihura,Володимир Мацігура,RB,78,0.761,5.9353,ЦСКА 95/96; ЦСКА 00/01; Металіст 01/02; Металіст 02/03,
289,1,tm:58002,Володимир Федорів,LB RB,79,0.751,5.9334,Карпати 06/07; Карпати 07/08; Карпати 08/09; Чорноморець 09/10; Севастополь 13/14,right
290,1,w:1974-04-06:mihailiv,Євгеній Михайлів,RB RM,75,0.785,5.8874,Волинь 93/94; Волинь 94/95; Волинь 95/96; Металург 98/99; Нива 00/01; Карпати 01/02,
291,1,w:1978-06-25:raspopov,Андрій Распопов,RB,77,0.755,5.813,СК Миколаїв 98/99; Карпати 03/04; Карпати 06/07; Арсенал 07/08; Арсенал 08/09,
292,1,tm:202840,Максим Драченко,RM,76,0.764,5.8074,Олімпік 14/15; Олімпік 15/16; Олімпік 16/17; Зірка 16/17; Зірка 17/18,right
293,1,tm:106632,Санжар Турсунов,RM,79,0.733,5.7879,Ворскла 13/14; Ворскла 14/15; Ворскла 15/16; Ворскла 16/17,both
294,1,tm:520400,Владислав Шарай,LM LW RW,80,0.722,5.7723,Інгулець 21/22; Верес 22/23; Верес 23/24; Верес 24/25; Верес 25/26,left
295,1,tm:92640,Андрій Мостовий,LB,85,0.679,5.7689,Десна 18/19; Десна 19/20; Десна 20/21,left
296,1,w:1970-05-13:junenko,Сергій Жуненко,RB RM,77,0.749,5.7685,Шахтар 97/98; Шахтар 98/99; Металург 99/00,
297,1,tm:461666,Максим Мельничук,LB,69,0.835,5.7615,Ворскла 19/20; Інгулець 21/22; Інгулець 22/23; Ворскла 22/23; Інгулець 24/25; Кудрівка 25/26,left
298,1,w:1974-01-23:kormiltsev,Сергій Кормильцев,RB,79,0.724,5.7166,Динамо 98/99; Динамо 99/00; Зоря 06/07,
299,1,tm:525576,Бандейра,RB,79,0.713,5.6359,Кривбас 23/24; Кривбас 24/25; Кривбас 25/26,right
300,1,tm:428380,Юрій Романюк,RB,67,0.835,5.5978,Волинь 15/16; Волинь 16/17; Чорноморець 17/18; Чорноморець 18/19; СК Дніпро-1 19/20; Металіст 22/23,right
301,1,w:1984-02-05:chesnauskis,Едгарас Чеснаускіс,LM LW,60,0.93,5.5772,Динамо 03/04; Динамо 04/05; Динамо 05/06,
302,1,tm:90768,Ярослав Олійник,RB,71,0.784,5.5646,Зоря 11/12; Зоря 12/13; Чорноморець 14/15; Олімпік 14/15; Олімпік 16/17,right
303,1,w:1978-08-05:berkeuan,Космін Беркеуан,RB,88,0.632,5.5617,Шахтар 04/05; Шахтар 05/06,
304,1,tm:51232,Данило,RM,82,0.678,5.5561,Металург 12/13; Металург 13/14; Дніпро 15/16,right
305,1,tm:297752,Микола Золотов,LB RB,74,0.746,5.5192,Колос 20/21; Колос 21/22; Колос 22/23; Колос 23/24,right
306,1,tm:202659,Андрейс Циганікс,LB,83,0.662,5.4968,Зоря 19/20; Зоря 20/21,left
307,1,tm:155275,Андрій Слінкін,LB,72,0.754,5.4256,Чорноморець 11/12; Чорноморець 12/13; Чорноморець 14/15; Чорноморець 15/16; Десна 18/19,left
308,1,w:1984-08-08:solianik,Руслан Соляник,RB RM,69,0.773,5.3318,Ворскла 04/05; Таврія 05/06; Таврія 06/07; Маріуполь / Іллічівець 08/09; Чорноморець 11/12,
309,1,tm:76071,Леандро,LB,76,0.701,5.3256,Говерла / Закарпаття 09/10; Таврія 10/11; Волинь 11/12; Говерла / Закарпаття 13/14; Волинь 13/14,left
310,1,tm:520517,Михаіл Гечев,LM RW,74,0.712,5.2706,Минай 21/22; Верес 21/22; Минай 22/23; Верес 22/23; Минай 23/24,both
311,1,tm:134761,Олександр Волков,LM,68,0.771,5.2448,Зоря 09/10; Олімпік 15/16; Десна 18/19; Колос 19/20; Десна 20/21,right
312,1,tm:339844,Зураб Очігава,LB,74,0.703,5.1994,Маріуполь / Іллічівець 14/15; Динамо 16/17; Олімпік 17/18; Ворскла 19/20,left
313,1,w:1981-02-08:darko,Дарко Дун'їч,RB,73,0.705,5.1457,Кривбас 04/05; Кривбас 05/06; Кривбас 06/07; Зоря 06/07; Зоря 07/08,
314,1,w:1980-03-24:laschenkov,Сергій Лащенков,RB,71,0.723,5.1323,Металіст 04/05; Маріуполь / Іллічівець 05/06; Маріуполь / Іллічівець 06/07; Карпати 07/08,
315,1,w:1973-09-29:liubarski,Руслан Любарський,RM,80,0.636,5.0891,Металург 04/05; Металург 05/06; Металург 06/07; Металург 07/08,
316,1,tm:688714,Віталій Дахновський,LM RM,85,0.598,5.086,Верес 21/22; Верес 22/23; Верес 23/24; Верес 24/25,right
317,1,w:1982-07-22:vishniak,Ярослав Вишняк,RB,75,0.677,5.0773,Зірка 03/04; Металург 04/05; Металург 05/06; Зоря 06/07; Говерла / Закарпаття 07/08,
318,1,tm:269365,Олексій Зозуля,RB,70,0.718,5.0294,Колос 19/20; Колос 20/21; ПФК Львів 21/22; Колос 22/23,right
319,1,w:1989-06-01:inkum,Самуель Інкум,RB,79,0.63,4.9762,Дніпро 10/11; Дніпро 11/12,
320,1,tm:58977,Сергій Вовкодав,RB,62,0.801,4.9633,Ворскла 09/10; Ворскла 10/11; Ворскла 11/12; Ворскла 12/13; Маріуполь / Іллічівець 14/15,
321,1,tm:54031,Андерсон Піко,LB,82,0.603,4.9443,Дніпро 15/16; Дніпро 16/17; Металіст 22/23,both
322,1,tm:743587,Вінісіус Тобіас,RB,87,0.567,4.9305,Шахтар 24/25; Шахтар 25/26,right
323,1,tm:264646,Олександр Осман,LB,72,0.682,4.9129,Металіст 14/15; Карпати 17/18; Арсенал 18/19; Оболонь 23/24; Оболонь 24/25,left
324,1,tm:375955,Єгор Клименчук,LB,65,0.754,4.8989,Металург 14/15; Металург 15/16; Олімпік 19/20; ПФК Львів 19/20; ПФК Львів 20/21; Металіст 22/23,left
325,1,tm:888342,Георгій Майсурадзе,RB,79,0.609,4.812,Полісся 24/25; Полісся 25/26,right
326,1,w:1973-03-14:pajin,Предраг Пажін,LB,86,0.559,4.808,Шахтар 02/03; Шахтар 03/04,
327,1,tm:325420,Богдан Мишенко,LM,76,0.632,4.8023,Металург 14/15; Олександрія 19/20; Олександрія 20/21; ПФК Львів 22/23,right
328,1,w:1977-11-01:buta,Корнел Бута,RB,81,0.583,4.7208,Волинь 04/05; Волинь 05/06; Волинь 10/11; Волинь 11/12,
329,1,tm:72899,Олександр Ситник,RM,66,0.709,4.6778,Арсенал 05/06; ФК Харків 06/07; Карпати 06/07; Маріуполь / Іллічівець 08/09; Говерла / Закарпаття 12/13,right
330,1,tm:524965,Андрій Бусько,RB,71,0.656,4.6545,Карпати 17/18; Карпати 18/19; ПФК Львів 20/21; ПФК Львів 21/22; ПФК Львів 22/23,right
331,1,w:1985-06-13:alenkor,Герсон Маграо,LB LM,84,0.551,4.6322,Динамо 09/10; Динамо 10/11,
332,1,w:1962-03-19:iaremchuk,Іван Яремчук,RM RW,76,0.606,4.6079,Ворскла 96/97; Ворскла 97/98; Прикарпаття 98/99,
333,1,tm:230409,Євген Неплях,LB,77,0.594,4.5749,Севастополь 13/14; Карпати 15/16; Маріуполь / Іллічівець 17/18; Олімпік 20/21,left
334,1,w:1976-06-22:ibrahimov,Ельдар Ібрагімов,RM,80,0.569,4.5486,Прикарпаття 98/99; Металіст 04/05; ФК Харків 05/06; ФК Харків 06/07,
335,1,tm:322952,Роман Никитюк,RB,64,0.708,4.5292,Волинь 13/14; Волинь 14/15; Волинь 15/16; Волинь 16/17; ПФК Львів 22/23,right
336,1,tm:211314,Денис Барвінко,LB,70,0.645,4.5133,Металіст 11/12; Металіст 12/13,left
337,1,tm:85973,Андрій Гринченко,LM,68,0.663,4.508,Зоря 08/09; Зоря 09/10; Волинь 10/11; Волинь 11/12; Говерла / Закарпаття 12/13,left
338,1,tm:343622,Петро Стасюк,LB RB,80,0.562,4.4999,Маріуполь / Іллічівець 20/21; Маріуполь / Іллічівець 21/22; ЛНЗ 23/24; Оболонь 24/25,both
339,1,tm:492354,Денис Норенков,LB,78,0.576,4.4895,Чорноморець 17/18; Чорноморець 18/19; ЛНЗ 23/24; ЛНЗ 24/25,left
340,1,tm:398675,Микола Квасний,LB,73,0.607,4.4287,Ворскла 15/16; ПФК Львів 19/20; Інгулець 20/21; Верес 22/23,left
341,1,tm:166563,Денис Балан,RB,79,0.56,4.4276,Чорноморець 17/18; Інгулець 20/21; Верес 22/23; Верес 23/24,right
342,1,w:1980-04-19:harmash,Денис Гармаш,RM,80,0.551,4.4116,Динамо 09/10; Динамо 10/11,
343,1,tm:271228,Іван Цюпа,LB LM,75,0.588,4.4073,Маріуполь / Іллічівець 12/13; Маріуполь / Іллічівець 13/14; Маріуполь / Іллічівець 14/15; Зірка 17/18,left
344,1,tm:201625,Ігор Гончар,RB,83,0.531,4.4071,Говерла / Закарпаття 15/16; ПФК Львів 19/20; Минай 21/22; Минай 22/23,right
345,1,tm:288856,Олександр Мігунов,LB,70,0.627,4.3887,Дніпро 14/15; Олімпік 17/18; Колос 19/20,left
346,1,tm:396402,Володимир Якимець,LB RB,78,0.557,4.3439,Карпати 19/20; ПФК Львів 20/21; ПФК Львів 21/22; Кривбас 22/23,right
347,1,tm:147998,Флорентін Матей,LM,90,0.477,4.2972,Волинь 13/14; Волинь 14/15; Волинь 15/16,right
348,1,tm:64104,Саша Балич,LB,76,0.565,4.2932,Кривбас 11/12; Кривбас 12/13; Металург 13/14; Металург 14/15,left
349,1,w:1960-09-15:cherednik,Олексій Чередник,RB,65,0.655,4.2574,Чорноморець 94/95; Металург 94/95; Кривбас 95/96,
350,1,w:1980-09-23:hrubelich,Марко Грубелич,LB,70,0.607,4.2499,Металург 05/06; Металург 06/07; Сталь 06/07; Металург 07/08,
351,1,tm:226014,Сергій Ченбай,LB,70,0.606,4.24,Ворскла 11/12; Ворскла 12/13; Металіст 1925 21/22; Інгулець 22/23,left
352,1,tm:267396,Ігор Калінін,LB,55,0.77,4.2343,Маріуполь / Іллічівець 13/14; Маріуполь / Іллічівець 14/15; Зоря 15/16; Зірка 16/17,left
353,1,tm:522327,Роман Гагун,RB,74,0.571,4.222,Рух 20/21; Рух 21/22; Верес 22/23; Верес 23/24,right
354,1,tm:123279,Артем Щедрий,LM,76,0.555,4.2173,Волинь 12/13; Зірка 16/17; Олімпік 17/18; Інгулець 20/21,
355,1,w:1980-10-26:burduli,Владімер Бурдулі,RM,76,0.555,4.2168,Кривбас 06/07; Зоря 07/08; Таврія 08/09; Говерла / Закарпаття 09/10,
356,1,tm:491264,Сергій Суханов,RM,76,0.55,4.1825,Чорноморець 22/23; Оболонь 23/24; Оболонь 24/25; Оболонь 25/26,right
357,1,tm:92845,Андрій Сахневич,RB,68,0.614,4.1755,Олександрія 11/12; Металург 12/13; Металург 13/14; Металург 14/15; Колос 19/20,right
358,1,tm:42622,Леандро,LB RB,81,0.513,4.1574,Арсенал 11/12; Арсенал 12/13; Сталь 16/17,both
359,1,w:1978-09-10:kutarba,Герман Кутарба,LB LM,86,0.482,4.1431,Арсенал 03/04; Металург 05/06; Таврія 07/08,
360,1,tm:930106,Володимир Салюк,RB,83,0.498,4.1343,Чорноморець 22/23; Чорноморець 23/24; Металіст 1925 25/26,right
361,1,tm:91259,Юрій Штурко,LM,83,0.495,4.1099,Кривбас 09/10; Металург 12/13; Металург 13/14; Металург 14/15,right
362,1,tm:1159925,Сергій Корнійчук,LB,67,0.605,4.0533,Минай 23/24; Полісся 25/26; Верес 25/26,left
363,1,w:1980-06-27:dato,Дато Квірквелія,LB,85,0.476,4.0496,Металург 05/06; Металург 06/07; Металург 07/08,
364,1,tm:524964,Орест Лебеденко,LB,75,0.536,4.022,Карпати 17/18; Карпати 18/19; Олімпік 19/20; Олімпік 20/21,left
365,1,tm:43264,Бенуа Тремулінас,LB,72,0.556,4.0007,Динамо 13/14; Динамо 14/15,left
366,1,tm:104351,Рамон Лопес,LM RM,73,0.533,3.8936,Волинь 10/11; Волинь 11/12; Волинь 12/13; Волинь 13/14,left
367,1,tm:213984,Тарас Завійський,RB,68,0.571,3.8806,Карпати 12/13; Карпати 16/17; Олімпік 19/20; Олімпік 20/21,both
368,1,w:1978-07-24:florin,Флорін Шоава,RB,74,0.521,3.8547,Арсенал 09/10; Арсенал 10/11; Арсенал 11/12,
369,1,tm:795280,Тимур Кораблін,RM,79,0.472,3.7299,Кривбас 22/23; Минай 23/24; Зоря 24/25,left
370,1,tm:70919,Володимир Бідловський,LM,56,0.663,3.7129,Карпати 08/09; Карпати 09/10; Карпати 10/11; Карпати 12/13,left
371,1,tm:26200,Крісті Вангелі,RB,72,0.514,3.7024,Чорноморець 11/12; Чорноморець 12/13; Чорноморець 13/14,both
372,1,tm:37301,Велі Лампі,RB,79,0.468,3.6983,Арсенал 11/12; Арсенал 12/13; Арсенал 13/14,right
373,1,w:1980-02-14:boaventura,Вільям Боавентура,LB LM,78,0.468,3.6503,Металург 08/09; Металург 09/10,
374,1,tm:708242,Андрій Булеза,LB LM,75,0.484,3.6281,Минай 22/23; Минай 23/24; Карпати 25/26,left
375,1,tm:107274,Сергій Чеботаєв,LB RB,74,0.483,3.574,Олександрія 15/16; Олександрія 16/17; Олександрія 17/18,right
376,1,tm:116302,Едгар Малакян,LM LW,78,0.454,3.5451,Сталь 15/16; Сталь 16/17; Сталь 17/18,right
377,1,tm:597290,Анді Хадрой,RB,58,0.609,3.5329,Полісся 24/25; Полісся 25/26,right
378,1,tm:271635,Дмитро Фатєєв,RB,67,0.527,3.5276,Зірка 16/17; Зірка 17/18; Інгулець 20/21; Оболонь 23/24,right
379,1,tm:91377,Дмитро Трухін,LM,82,0.422,3.4616,Говерла / Закарпаття 12/13; Говерла / Закарпаття 13/14; Говерла / Закарпаття 14/15,left
380,1,w:1982-07-22:lolo,Ігор Лоло,RB,73,0.466,3.4022,Металург 04/05; Дніпро 08/09,
381,1,tm:332132,Валерій Рогозинський,LB LM,80,0.424,3.3888,Минай 22/23; Минай 23/24; Кудрівка 25/26,left
382,1,tm:91571,Дмитро Леонов,RM,76,0.443,3.3699,Олександрія 15/16; Олександрія 16/17; Чорноморець 18/19,right
383,1,tm:288857,Дмитро Нагієв,RB RM,78,0.431,3.3605,Дніпро 16/17; Інгулець 22/23; Оболонь 23/24,right
384,1,tm:62180,Галь Шиш,LB,69,0.477,3.2945,Волинь 13/14; Волинь 14/15; Волинь 15/16,left
385,1,tm:89427,Євген Пічкур,LM,77,0.427,3.2865,Волинь 10/11; Волинь 11/12; Ворскла 12/13,left
386,1,tm:90255,Франтішек Кубік,LM,72,0.456,3.2802,Таврія 11/12; Таврія 12/13; Арсенал 13/14,left
387,1,tm:363740,Євген Шевченко,LB LM,76,0.429,3.2626,Верес 23/24; Верес 24/25; Оболонь 25/26,left
388,1,tm:718408,Дмитро Капінус,LB RB,70,0.464,3.2495,Металіст 1925 22/23; Металіст 1925 23/24; Металіст 1925 25/26,right
389,1,tm:130907,Євген Зарічнюк,LM,67,0.485,3.2493,Оболонь 09/10; Оболонь 10/11; Ворскла 16/17,left
390,1,tm:776033,Андрій Кітела,RB,70,0.46,3.2167,Рух 22/23; Рух 24/25; Рух 25/26,right
391,1,tm:794617,Ян Костенко,LM,86,0.373,3.2067,Карпати 24/25; Карпати 25/26,right
392,1,tm:203851,Євген Трояновський,LM,65,0.492,3.2004,Металург 12/13; Металург 13/14; Олімпік 18/19,left
393,1,tm:166580,Іван Трубочкін,LB,76,0.42,3.1953,Чорноморець 18/19; Олімпік 19/20; Минай 22/23,right
394,1,w:1957-04-16:sorokalet,Олександр Сорокалєт,LB,70,0.455,3.1857,Металург 92/93; Торпедо 93/94; СК Миколаїв 94/95,
395,1,w:1982-02-23:nefedov,Валентин Нєфьодов,RB,70,0.449,3.1453,Чорноморець 03/04; Нафтовик-Укрнафта 07/08; Маріуполь / Іллічівець 08/09,
396,1,tm:123216,Дмитро Рижук,RB,74,0.423,3.131,Металіст 14/15; Металіст 15/16; Чорноморець 18/19,right
397,1,tm:672616,Ян Юрчец,RB,82,0.381,3.1247,Кривбас 24/25; Кривбас 25/26,right
398,1,tm:320861,Матія Ром,RB,72,0.432,3.1114,Колос 20/21; Колос 21/22,right
399,1,tm:461595,Тео Ндіка,LB,62,0.494,3.0598,Олександрія 24/25; Олександрія 25/26,left
400,1,tm:85964,Андерсон Мінейро,LB,83,0.367,3.0488,Чорноморець 12/13; Чорноморець 13/14,left
401,1,w:1983-06-09:lazarevski,Владе Лазаревскі,RB,58,0.522,3.0299,Металіст 07/08; Карпати 09/10,
402,1,tm:819493,Ельдар Кулієв,LM,70,0.429,3.006,Маріуполь / Іллічівець 20/21; Минай 21/22; Минай 22/23,right
403,1,w:1983-01-11:ivanski,Любомир Іванський,LB LM,66,0.455,3.0047,Карпати 00/01; Карпати 01/02; Карпати 02/03,
404,1,tm:383229,Микола Мусолітін,RM,71,0.423,3.0007,Чорноморець 16/17; Чорноморець 17/18; Чорноморець 18/19,right
405,1,w:1985-03-15:ilkiv,Ігор Ільків,RB,72,0.416,2.9969,ФК Львів 08/09; Оболонь 10/11; Оболонь 11/12,
406,1,tm:1052373,Артур Шах,LM,80,0.373,2.983,Карпати 24/25; Карпати 25/26,right
407,1,tm:537538,Єгор Прокопенко,LB LM,72,0.399,2.8735,Оболонь 23/24; Оболонь 24/25; Оболонь 25/26,left
408,1,tm:882224,Ілля Ухань,RB,52,0.545,2.8354,Маріуполь / Іллічівець 20/21; Чорноморець 23/24; Олександрія 25/26; СК Полтава 25/26,right
409,1,tm:1293294,Олександр Каменський,LM,74,0.381,2.8199,Кривбас 24/25; Кривбас 25/26,right
410,1,w:1959-02-19:demianenko,Анатолій Дем'яненко,LB,90,0.311,2.7978,Динамо 92/93,
411,1,tm:376227,Денис Галенков,LM,74,0.374,2.7683,Олімпік 14/15; Олімпік 15/16; СК Полтава 25/26,right
412,1,tm:629567,Яніс Амаш,LB,86,0.32,2.7561,СК Дніпро-1 22/23,left
413,1,tm:935053,Микола Огарков,LB,66,0.416,2.7447,Шахтар 24/25; Олександрія 25/26,left
414,1,tm:721512,Микита Кононов,RB,64,0.427,2.7337,СК Дніпро-1 22/23; СК Полтава 25/26,right
415,1,tm:1263365,Єгор Поправка,RB,76,0.356,2.708,Колос 24/25; Колос 25/26,right
416,1,w:1977-01-17:seihan,Толга Сейхан,RB,86,0.314,2.7028,Шахтар 05/06,
417,1,tm:278857,Дмитро Задерецький,LM,65,0.407,2.6476,Волинь 13/14; Волинь 14/15; Волинь 16/17,left
418,1,w:1982-02-26:damian,Даміан Гіменез,LB LM,79,0.334,2.6391,Чорноморець 07/08; Чорноморець 08/09,
419,1,tm:343489,Бесір Демірі,LB,77,0.342,2.6358,Маріуполь / Іллічівець 17/18; Маріуполь / Іллічівець 18/19,left
420,1,tm:44411,Фініньйо,LB,78,0.332,2.5922,Металіст 12/13,left
421,1,w:1981-05-01:kalachov,Тимофій Калачов,RM RW,56,0.462,2.588,Маріуполь / Іллічівець 03/04; Шахтар 03/04,
422,1,tm:296780,Антон Котляр,RM,73,0.352,2.5729,Сталь 15/16; Верес 17/18,right
423,1,tm:49985,Іван Томечак,RB,78,0.326,2.5455,Дніпро 15/16,right
424,1,tm:193812,Сергій Гаращенков,RB,59,0.429,2.534,Карпати 12/13; Маріуполь / Іллічівець 13/14; Маріуполь / Іллічівець 14/15,right
425,1,w:1972-08-21:mamedov,Раміз Мамедов,RB,85,0.291,2.475,Динамо 99/00,
426,1,tm:389942,Хайнер,RB,77,0.32,2.4676,СК Дніпро-1 22/23,right
427,1,tm:227199,Ігор Солдат,RB,86,0.286,2.4555,Верес 21/22; Минай 23/24,right
428,1,tm:467244,Кирило Меліченко,RB,64,0.381,2.4394,Маріуполь / Іллічівець 20/21; Минай 20/21; Маріуполь / Іллічівець 21/22,right
429,1,tm:130264,Юрій Бушман,LB,61,0.398,2.426,Арсенал 12/13; Арсенал 13/14; Арсенал 18/19,left
430,1,tm:436833,Феліпе Родрігес,RM,74,0.327,2.4216,Ворскла 22/23; Ворскла 23/24,right
431,1,tm:28922,Тайє Тайво,LB,86,0.28,2.4059,Динамо 12/13,left
432,1,tm:560110,Іван Коваленко,LB,59,0.408,2.4057,Металіст 1925 21/22; Металіст 1925 22/23; Металіст 1925 23/24,left
433,1,tm:130040,Олександр Голіков,LB RB,80,0.299,2.3936,Чорноморець 18/19; ПФК Львів 18/19,right
434,1,tm:268273,Рональд Матарріта,LB,74,0.32,2.3715,СК Дніпро-1 22/23,left
435,1,tm:698742,Бузанелло,LB,74,0.32,2.3715,СК Дніпро-1 22/23,left
436,1,w:1983-02-16:anderson,Міхаель,LM,87,0.271,2.3555,Динамо 07/08,
437,1,tm:471638,Еміліано Пуріта,RB,72,0.32,2.3074,СК Дніпро-1 23/24,right
438,1,tm:331460,Іван Сондей,LM,76,0.3,2.2822,Олімпік 17/18; Олімпік 18/19,right
439,1,w:1995-00-00:junior,Жуніор Рейс,LB,77,0.295,2.2696,Зоря 21/22,
440,1,tm:765401,Назарій Воробчак,RM,77,0.294,2.2658,Минай 22/23; Минай 23/24,right
441,1,w:1989-06-09:avelar,Даніло Авелар,LB LM,72,0.313,2.2546,Карпати 10/11; Карпати 11/12,
442,1,w:1993-00-00:monte,Нелсон Монте,RB,75,0.3,2.2512,СК Дніпро-1 21/22,
443,1,w:1969-06-17:tsimbalar,Ілля Цимбалар,LM,78,0.284,2.217,Чорноморець 92/93,
444,1,tm:289282,Роман Попов,RB,62,0.356,2.2049,Металург 14/15; Металург 15/16; Зірка 16/17,right
445,1,tm:935107,Михайло Протасевич,RB,70,0.311,2.1763,Верес 24/25; Верес 25/26,right
446,1,w:1981-07-07:irimia,Крістіан Ірімія,RB,66,0.321,2.12,Динамо 04/05,
447,1,tm:461654,Тарас Дмитрук,RB RM,72,0.294,2.1186,Минай 22/23; Минай 23/24,right
448,1,tm:412615,Георгій Куція,RB,68,0.311,2.1142,Верес 24/25; Верес 25/26,right
449,1,tm:955349,Олексій Гусєв,RB,70,0.298,2.0861,Зоря 24/25; Кудрівка 25/26,right
450,1,tm:296903,Артур,LB LM,74,0.282,2.0849,Ворскла 18/19; Ворскла 19/20,left
451,1,tm:17228,Панайотіс Лагос,LM,64,0.324,2.0727,Ворскла 12/13; Ворскла 13/14,left
452,1,w:1985-03-08:lukas,Лукаш Тесак,LB LM,73,0.283,2.0647,Зоря 10/11; Зоря 11/12,
453,1,w:1987-03-27:danel,Ернан Фредес,LM,61,0.338,2.0645,Металіст 09/10,
454,1,w:1980-05-15:sharaba,Здравко Шараба,LB,66,0.311,2.0498,Волинь 04/05; Волинь 05/06,
455,1,tm:97576,Роман Кунєв,RM,60,0.34,2.0399,Ворскла 12/13; Ворскла 16/17,right
456,1,w:1983-08-05:hisham,Гішам Мадуфі,LB LW,62,0.329,2.0381,Металіст 07/08,
457,1,tm:553056,Вадим Янчак,RM,60,0.336,2.0183,ПФК Львів 18/19; Олександрія 20/21,right
458,1,w:1983-09-03:petkovich,Ігор Петкович,RB,74,0.268,1.9806,Ворскла 03/04; Зоря 07/08,
459,1,tm:1074045,Максим Коробов,RB,74,0.266,1.9674,Динамо 25/26,right
460,1,w:1981-02-15:djordjevich,Славолюб Джорджевич,LB,66,0.298,1.9651,Волинь 05/06; Кривбас 06/07,
461,1,tm:347270,Максим Гречкін,LB,59,0.33,1.9466,Зоря 20/21,left
462,1,tm:522058,Василь Гакман,RB,66,0.295,1.9448,Верес 23/24; Верес 24/25,right
463,1,w:1979-03-01:hbenha,Гбенга Окуново,RB,62,0.307,1.9057,Металург 05/06; Сталь 06/07,
464,1,tm:870185,Сімон Галоян,RM,53,0.357,1.8943,Олександрія 24/25,right
465,1,tm:370998,Бартол Франьїч,LB,67,0.28,1.8744,Шахтар 24/25,left
466,1,tm:177267,Ілля Коваленко,RM,72,0.26,1.87,Інгулець 20/21; Інгулець 21/22,right
467,1,tm:583354,Владислав Сидоренко,RB,70,0.265,1.8551,Інгулець 22/23; Інгулець 24/25,right
468,1,tm:314571,Володимир Баєнко,RB,69,0.268,1.8478,Зірка 16/17; Ворскла 19/20,right
469,1,tm:271513,Віталій Тимофієнко,RM,52,0.351,1.8264,Металург 12/13; Металург 13/14,both
470,1,w:1975-05-15:sarkisian,Альберт Саркісян,RM,79,0.228,1.802,Арсенал 02/03,
471,1,tm:207889,Михайло Писко,LB,60,0.295,1.7685,Зоря 14/15,left
472,1,tm:526365,Гуттінер,RM,58,0.302,1.7536,Чорноморець 17/18; Олімпік 17/18,left
473,1,tm:448869,Андрій Ляшенко,RM,65,0.268,1.7443,Волинь 16/17; Епіцентр 25/26,right
474,1,w:1983-03-25:enrike,Нельсон Рівас,RB,53,0.328,1.736,Дніпро 10/11,
475,1,tm:272785,Андрій Маркович,RB,54,0.32,1.7291,Карпати 15/16; Карпати 16/17,right
476,1,tm:654393,Вісенте,RB,54,0.32,1.7264,ПФК Львів 18/19; ПФК Львів 19/20,right
477,1,tm:1240255,Олександр Іванов,LM,53,0.323,1.7109,Полісся 25/26,right
478,1,tm:371318,Петро Переверза,LM,64,0.266,1.6995,Чорноморець 14/15; Чорноморець 15/16,right
479,1,w:1984-12-15:davit,Давіт Імедашвілі,LB,57,0.298,1.6963,Динамо 06/07,
480,1,tm:899884,Олександр Чернов,RB,64,0.264,1.6926,Оболонь 23/24; Оболонь 24/25,right
481,1,tm:54419,Ежидіо,LB,53,0.319,1.6923,Дніпро 14/15,left
482,1,w:1982-01-18:saraiva,Іван,LB,53,0.318,1.684,Шахтар 04/05,
483,1,w:1984-08-14:luksha,Вітаутас Лукша,RM,56,0.298,1.6673,Маріуполь / Іллічівець 09/10; Арсенал 10/11,
484,1,w:1987-01-23:kolesnichenko,Сергій Колесниченко,RM,63,0.264,1.6642,Зоря 08/09; Зоря 09/10,
485,1,tm:339323,Хеннос Асмелаш,RB,64,0.26,1.6622,Інгулець 20/21; Інгулець 21/22,right
486,1,tm:91376,Євген Одинцов,RB,54,0.304,1.6425,Таврія 04/05; Олімпік 14/15,right
487,1,tm:322912,Андрій Никитюк,RM,56,0.287,1.6095,Волинь 15/16; Волинь 16/17,
488,1,tm:27151,Павло Іванов,LB,69,0.232,1.6021,Олімпік 14/15; Говерла / Закарпаття 15/16,left
489,1,tm:1259753,Арсен Залипка,RB,53,0.302,1.6012,Рух 24/25; Рух 25/26,right
490,1,tm:265930,Максим Приходной,RM,60,0.265,1.5895,Таврія 12/13; Таврія 13/14,
491,1,tm:257817,Дмитро Матвієнко,RB,59,0.265,1.563,Таврія 12/13; Таврія 13/14,right
492,1,w:1977-07-29:otsokolich,Предраг Оцокольич,RB,54,0.285,1.5384,Шахтар 01/02,
493,1,tm:501610,Олексій Луценко,LB,52,0.292,1.5161,Ворскла 17/18,left
494,1,w:1962-08-30:evsev,Василь Євсєєв,RB,54,0.275,1.4877,Буковина 93/94; Нива 94/95,
495,1,tm:401987,Сіака Багайоко,LB,66,0.225,1.4845,Минай 20/21; Минай 21/22,left
496,1,tm:702664,Анте Бекавац,LB,74,0.189,1.3971,Кривбас 25/26,left
497,1,w:1996-00-00:ihor,Ігор Кірюханцев,RB,77,0.181,1.3968,Олександрія 21/22,
498,1,tm:271514,Дмитро Ульянов,LB,60,0.231,1.3852,Металург 12/13; Металург 14/15,both
499,1,w:1990-00-00:taras,Тарас Завійський,RB RM,84,0.161,1.3514,Десна 21/22,
500,1,w:1966-10-29:huzun,Олександр Гузун,RB,53,0.25,1.3275,Нива 96/97; Дніпро 99/00,
501,1,tm:524572,Пауло Вітор,LM,70,0.189,1.3264,Карпати 25/26,right
502,1,w:1979-09-01:shashiashvili,Георгій Шашіашвілі,RB,71,0.187,1.3259,Чорноморець 06/07,
503,1,tm:91722,Антон Голенков,RM,79,0.166,1.3133,Олександрія 15/16,right
504,1,tm:113235,Георгій Зотов,RB,76,0.171,1.3007,Металург 13/14,right
505,1,tm:469685,Жан Тронтель,RB RM,76,0.169,1.2819,Зоря 24/25,right
506,1,tm:959399,Роман Михайлів,LM,51,0.249,1.2703,ПФК Львів 21/22; ПФК Львів 22/23,right
507,1,tm:419118,Олександр Климець,LB,79,0.16,1.2618,Епіцентр 25/26,left
508,1,tm:119433,Артак Єдигарян,LM,69,0.18,1.2426,Металург 12/13,right
509,1,tm:1222645,Тіаго Боржес,LB,65,0.189,1.2272,Кривбас 25/26,left
510,1,tm:567505,Константінос Стамуліс,RB,79,0.152,1.2035,Верес 25/26,right
511,1,tm:48508,Махач Гаджиєв,LM,81,0.146,1.1856,Таврія 12/13,both
512,1,tm:183943,Габріел Араужо,LB,72,0.162,1.1668,Металург 14/15,left
513,1,tm:569576,Пепі,LB,58,0.2,1.1606,Верес 17/18,left
514,1,tm:313741,Бредлі де Нойєр,LB,58,0.199,1.1564,Ворскла 20/21,left
515,1,tm:916226,Зураб Рухадзе,LB,63,0.181,1.1428,Колос 25/26,left
516,1,tm:272776,Максим Банасевич,LM,67,0.167,1.1219,Десна 18/19,right
517,1,tm:451603,Штефан Вледою,RB,64,0.175,1.1195,Колос 24/25,right
518,1,w:1978-08-19:hvozdenovich,Іван Гвозденович,RB RM,74,0.151,1.1151,Металург 07/08,
519,1,tm:791140,Даниїл Семилет,RB,55,0.199,1.0966,Ворскла 20/21,right
520,1,tm:97205,Микита Безлихотнов,RM,64,0.171,1.0953,Металург 13/14,right
521,1,tm:1050249,Денис Шевченко,RM,62,0.174,1.0766,Кривбас 22/23,right
522,1,w:1976-10-30:bulut,Ерол Булут,LB LM LWB,70,0.151,1.0548,Металург 07/08,
523,1,w:1979-08-08:iurevich,Олександр Юревич,LB,65,0.158,1.0269,Карпати 07/08,
524,1,w:1980-10-02:andrade,Філіпе Тейшейра,LM RM,63,0.163,1.0247,Металург 10/11,
525,1,w:1983-02-19:julio,Жуліо Сезар,LB,55,0.183,1.005,Металург 09/10,
526,1,tm:600003,Дмитро Касімов,RM,61,0.164,1.003,Минай 22/23,left
527,1,tm:293108,Руслан Мамутов,RB,58,0.171,0.9926,Металург 13/14,right
528,1,tm:284608,Ерік Гліха,LB,68,0.145,0.9881,Рух 20/21,left
529,1,tm:938299,Дем'ян Чубатий,LB,54,0.183,0.9867,Олександрія 22/23,left
530,1,tm:425567,Дієго Паласіос,LB,52,0.189,0.9853,Карпати 25/26,left
531,1,tm:141329,Акім Латіфу,RB,64,0.152,0.975,Сталь 15/16,right
532,1,tm:766706,Станіслав Кристін,RM,61,0.16,0.9743,Епіцентр 25/26,left
533,1,tm:1115271,Захар Карпус,RM,56,0.174,0.9725,Кривбас 22/23,right
534,1,tm:354640,Хосе Ернандес,LB,59,0.164,0.9702,Олександрія 23/24,left
535,1,tm:807731,Артем Мачелюк,RB,75,0.129,0.9701,Кудрівка 25/26,right
536,1,w:1987-00-00:enrike,Леонардо Велозо,LB,66,0.147,0.9696,Чорноморець 11/12,
537,1,w:1982-10-11:aholi,Ансі Аголлі,LB LM,64,0.151,0.9679,Кривбас 09/10,
538,1,w:1985-04-17:ivashkevichius,Кестутіс Івашкевічюс,RM,64,0.151,0.9679,Кривбас 09/10,
539,1,w:1991-00-00:vadim,Вадим Жук,RB,60,0.161,0.9653,Десна 21/22,
540,1,tm:404844,Тимофій Сухар,LB,54,0.175,0.9446,Колос 24/25,right
541,1,tm:1291840,Ерік Калинець,LB,52,0.18,0.9364,Рух 24/25,left
542,1,tm:1272997,Данило Слива,LM,52,0.18,0.9364,Рух 24/25,
543,1,tm:623322,Михайло Рудавський,LB,66,0.142,0.9349,Металіст 1925 22/23,left
544,1,tm:319165,Олег Синьогуб,LB,69,0.133,0.9188,Інгулець 20/21,left
545,1,tm:36235,Петар Занев,LB,72,0.127,0.9179,Волинь 12/13,left
546,1,tm:45353,Воллес,LB,60,0.153,0.9174,Говерла / Закарпаття 13/14,left
547,1,w:1973-03-03:bojko,Сергій Божко,RM,79,0.116,0.9129,Сталь 00/01,
548,1,tm:842904,Сергій Заєць,RB,52,0.176,0.9129,СК Дніпро-1 20/21,right
549,1,tm:857859,Владислав Кристін,RB,57,0.16,0.9104,Епіцентр 25/26,right
550,1,tm:726013,Гліб Савчук,RB,57,0.16,0.9104,Епіцентр 25/26,right
551,1,tm:313504,Марвін Мартінс,RB,75,0.121,0.9086,Карпати 19/20,right
552,1,tm:51141,Александар Лазевскі,LB,58,0.153,0.8868,Говерла / Закарпаття 13/14,left
553,1,w:1988-02-24:matia,Матія Шпичич,LB LW,56,0.158,0.8847,Таврія 10/11,
554,1,tm:322915,Юрій Павлик,RB,52,0.169,0.8803,Ворскла 13/14,right
555,1,tm:187115,Вахтанг Чантурішвілі,LM,57,0.153,0.8715,Олександрія 16/17,left
556,1,tm:662418,Сідней,LB,71,0.121,0.8602,Лівий Берег 24/25,left
557,1,tm:949337,Гільєрме Сміт,LM,52,0.164,0.852,Зоря 23/24,right
558,1,tm:1244435,Єгор Капустян,RB,52,0.164,0.852,Зоря 23/24,right
559,1,tm:1038055,Назар Байрук,LB,52,0.164,0.852,Зоря 23/24,left
560,1,tm:1028757,Артем Долбнєв,LM,52,0.164,0.852,Зоря 23/24,right
561,1,tm:1244434,Євген Писаренко,RM,52,0.164,0.852,Зоря 23/24,right
562,1,tm:58883,Айтор Фернандес,RB,63,0.135,0.8512,Зірка 16/17,right
563,1,tm:192192,Арман Ованнісян,LB,66,0.129,0.8506,Зірка 17/18,left
564,1,tm:577844,Олег Соколов,RB,70,0.121,0.8481,Лівий Берег 24/25,right
565,1,w:1978-09-02:aleksandar,Александар Томовський,LB,55,0.153,0.844,Металург 05/06,
566,1,tm:373941,Жоель Бопесу,LB,58,0.145,0.8397,ПФК Львів 19/20,left
567,1,tm:383294,Євген Єфремов,RB,56,0.149,0.8317,Колос 19/20,right
568,1,tm:672802,В'ячеслав Велєв,RB,55,0.151,0.8288,Маріуполь / Іллічівець 20/21,left
569,1,tm:1257693,Ігор Дорош,LM,52,0.159,0.8245,Колос 23/24,
570,1,tm:426011,Микола Когут,RM,68,0.121,0.8238,Лівий Берег 24/25,left
571,1,tm:1153473,Крістіан Свистун,RB,69,0.118,0.8149,Інгулець 24/25,right
572,1,w:1986-00-00:shendrik,Антон Шендрик,RB,67,0.122,0.8147,Оболонь 11/12,
573,1,w:1979-12-13:iuritsa,Юріца Пул'їз,RB,64,0.127,0.8129,Зоря 07/08,
574,1,w:1989-00-00:ritvar,Рітварс Ругінс,RB,52,0.156,0.8097,Маріуполь / Іллічівець 11/12,
575,1,tm:1293579,Дмитро Матківський,RM,53,0.152,0.8074,Верес 25/26,left
576,1,tm:702562,Ернест Астахов,RB,66,0.121,0.7996,Лівий Берег 24/25,right
577,1,tm:162783,Володимир Заставний,RB,55,0.145,0.7992,Рух 20/21,right
578,1,w:1964-10-07:akbarov,Едуард Акбаров,RB,52,0.153,0.7951,Нива 93/94,
579,1,tm:131552,Ростислав Багдасаров,RB,52,0.152,0.7922,Сталь 15/16,
580,1,tm:570538,Інал Черткоєв,RM,52,0.151,0.7865,Чорноморець 22/23,right
581,1,tm:427668,Ігор Бойчук,LB,54,0.145,0.7847,Рух 20/21,left
582,1,tm:426008,Іван Когут,LM,64,0.121,0.7754,Лівий Берег 24/25,right
583,1,tm:98821,Андрій Савченко,LB,52,0.149,0.7751,Карпати 13/14,
584,1,tm:432094,Шеммі Маємбе,RB,70,0.111,0.7744,Минай 20/21,right
585,1,tm:1293592,Давид Благодарний,LM,51,0.151,0.7713,ЛНЗ 24/25,right
586,1,tm:373251,Владислав Щетінін,RB,56,0.138,0.7705,Чорноморець 14/15,right
587,1,tm:354326,Навід Насімі,LB,60,0.128,0.7677,Чорноморець 15/16,left
588,1,tm:938681,Віталій Дубілей,RB,65,0.118,0.7677,Інгулець 24/25,right
589,1,tm:728381,Владислав Бондар,LM,51,0.15,0.763,Маріуполь / Іллічівець 19/20,left
590,1,tm:623321,Кирило Романюк,RB,51,0.15,0.763,Маріуполь / Іллічівець 19/20,right
591,1,tm:249619,Ігор Бровко,RM,52,0.146,0.7611,Арсенал 12/13,
592,1,tm:1125319,Максим Вадовський,RM,51,0.148,0.7547,Верес 22/23,left
593,1,w:1989-00-00:oleh,Олег Синегуб,RB RM,66,0.114,0.7544,Минай 21/22,
594,1,tm:201628,Олексій Майданевич,RB,64,0.118,0.7531,Арсенал 18/19,right
595,1,tm:817885,Олег Осипенко,LM,51,0.147,0.7492,Інгулець 22/23,left
596,1,tm:1065123,Віталій Катрич,LB,63,0.118,0.7441,Інгулець 24/25,left
597,1,tm:121188,Антон Крамар,RM,54,0.138,0.743,Севастополь 13/14,right
598,1,tm:415859,Матеус Мендес,LB,58,0.128,0.7421,Чорноморець 15/16,left
599,1,tm:220807,Сергій Семенюк,LM,63,0.118,0.7414,Арсенал 18/19,right
600,1,tm:1091519,Кайо Гомес,LB,63,0.117,0.736,Чорноморець 24/25,right
601,1,tm:1183905,Даниїл Власюк,LB,54,0.136,0.735,Олександрія 25/26,left
602,1,tm:48206,Нуну Пінту,LB,62,0.119,0.7349,Таврія 13/14,left
603,1,tm:272903,Владислав Гевлич,RB,53,0.138,0.7293,Севастополь 13/14,right
604,1,tm:1263950,Ростислав Лящук,RB,54,0.135,0.727,Оболонь 25/26,right
605,1,tm:923514,Віталій Фарасеєнко,RM,61,0.118,0.7205,Інгулець 24/25,left
606,1,tm:379714,Роберто Корраль,LB,59,0.122,0.72,Металіст 22/23,left
607,1,tm:163809,Олег Білий,RB,51,0.141,0.7172,Карпати 12/13,
608,1,tm:323664,Тарас Червонецький,LM,52,0.138,0.7155,Севастополь 13/14,left
609,1,tm:717196,Артем Бенедюк,RB,60,0.118,0.7086,Інгулець 24/25,right
610,1,tm:771917,Максим Комарець,LB,52,0.135,0.7001,ПФК Львів 20/21,left
611,1,tm:814454,Самуел,RB,57,0.122,0.6956,Металіст 22/23,right
612,1,tm:1117106,Артур Андрейчик,LB,51,0.136,0.6941,Олександрія 25/26,
613,1,w:1981-01-26:almir,Алмір Сулейманович,RB RM,52,0.133,0.69,Зоря 06/07,
614,1,tm:844358,Сергій Топчій,RM,51,0.135,0.6866,ПФК Львів 20/21,left
615,1,w:1988-03-11:andronik,Ігор Андронік,LB RB,58,0.118,0.685,Говерла / Закарпаття 09/10,
616,1,w:1987-08-27:bochkur,Роман Бочкур,RB,51,0.134,0.6841,Чорноморець 09/10,
617,1,tm:1346771,Володимир Ясінський,RB,56,0.122,0.6834,Рух 25/26,right
618,1,tm:228846,Юрій Соломка,LM,53,0.128,0.6781,Чорноморець 15/16,right
619,1,tm:483451,Бруніньйо,RM,52,0.129,0.6702,Зірка 17/18,right
620,1,tm:435214,Джонатан,RB,54,0.123,0.6662,Сталь 17/18,right
621,1,tm:521844,Кирило Костенко,RM,54,0.123,0.6662,Сталь 17/18,right
622,1,tm:1082832,Раян Карлос,LB,57,0.117,0.6659,Чорноморець 24/25,left
623,1,tm:381299,Ігор Коцюмака,LB,62,0.107,0.6614,СК Полтава 25/26,left
624,1,tm:581011,Микола Бужин,RB,62,0.107,0.6614,СК Полтава 25/26,right
625,1,tm:381812,Назар Маліновський,RM,51,0.129,0.6573,Зірка 17/18,right
626,1,tm:213424,Олександр Дударенко,LB,54,0.121,0.6542,Лівий Берег 24/25,left
627,1,tm:321947,Андрій Савенков,LB,61,0.107,0.6507,СК Полтава 25/26,right
628,1,tm:307308,Володимир Шопін,LB,53,0.122,0.6468,Металіст 22/23,both
629,1,tm:271435,Роберт Мольнар,LB,51,0.127,0.6454,Говерла / Закарпаття 12/13,both
630,1,tm:449086,Назар Стасишин,RB,51,0.127,0.6454,Карпати 17/18,
631,1,tm:724428,Ула Траоре,LB,53,0.122,0.6444,ПФК Львів 22/23,left
632,1,tm:295619,Євген Немтінов,LM,52,0.124,0.6439,Маріуполь / Іллічівець 14/15,right
633,1,tm:184930,Мохаммед Алію,LB,54,0.119,0.6401,Таврія 13/14,left
634,1,tm:58928,Юрій Бровченко,RB,51,0.125,0.6361,Олімпік 14/15,left
635,1,tm:521842,Микола Павлюк,LB,51,0.123,0.6292,Сталь 17/18,left
636,1,tm:567756,Еберт,LM,51,0.123,0.6292,Сталь 17/18,left
637,1,tm:1120127,Кирило Влага,RB,51,0.122,0.6224,Металіст 22/23,right
638,1,tm:1401728,Максим Нанашко,RB,51,0.122,0.6224,Рух 25/26,right
639,1,tm:1291839,Юрій Мужиловський,RM,51,0.122,0.6224,Рух 25/26,right
640,1,w:1987-00-00:protich,Радош Протич,LB,51,0.122,0.6201,Олександрія 11/12,
641,1,tm:529543,Марко Ніколич,RB,52,0.118,0.6119,Арсенал 18/19,right
642,1,tm:1140587,Даніїл Приходько,RM,50,0.122,0.6102,Металіст 22/23,right
643,1,tm:1075339,Владислав Мендрук,RM,50,0.122,0.608,ПФК Львів 22/23,right
644,1,tm:330122,Вадим Семчук,RB,51,0.118,0.6002,Арсенал 18/19,right
645,1,tm:470830,Роман Слива,LB,49,0.121,0.5936,Карпати 19/20,left
646,1,tm:382527,Віктор Гей,RB,55,0.107,0.591,Говерла / Закарпаття 15/16,right
647,1,tm:1161400,Максим Скороход,LM,50,0.118,0.5905,Інгулець 24/25,
648,1,tm:1154991,Владислав Чабан,LM,50,0.118,0.5905,Інгулець 24/25,right
649,1,tm:430153,Олексій Хоменко,LM,53,0.107,0.5695,Говерла / Закарпаття 15/16,
650,1,tm:863203,Владислав Чушенко,LB,50,0.111,0.5531,Минай 20/21,left
651,1,tm:511121,Роман Баб'як,RM,50,0.109,0.5432,Волинь 16/17,
652,1,tm:509428,Сергій Трикош,RM,50,0.109,0.5432,Волинь 16/17,
653,1,tm:483717,Роман Шандрук,LB,50,0.109,0.5432,Волинь 16/17,left
654,1,tm:87663,Максим Скороходов,LM,50,0.094,0.4713,Металург 12/13,
655,1,tm:406776,Дмитро Гапончук,LB,50,0.084,0.4196,Металург 15/16,left
656,2,w:1976-01-13:shischenko,Сергій Шищенко,RW,96,4.331,41.5778,Металіст 92/93; Металіст 93/94; Шахтар 94/95; Нива 95/96; Шахтар 96/97; Кривбас 97/98; Металург 98/99; Металург 99/00; Металург 00/01; Металург 01/02; Металург 02/03; Маріуполь / Іллічівець 03/04; Металург 03/04; Маріуполь / Іллічівець 04/05; Металург 04/05; Металург 05/06; Металург 05/06; Чорноморець 06/07; Чорноморець 07/08; Металург 08/09; Металург 09/10,
657,2,tm:9798,Максим Шацьких,RW,96,4.278,41.072,Динамо 99/00; Динамо 00/01; Динамо 01/02; Динамо 02/03; Динамо 03/04; Динамо 04/05; Динамо 05/06; Динамо 06/07; Динамо 07/08; Динамо 08/09; Арсенал 09/10; Арсенал 10/11; Арсенал 11/12; Арсенал 12/13; Чорноморець 12/13; Арсенал 13/14; Говерла / Закарпаття 13/14; Говерла / Закарпаття 14/15,right
658,2,tm:69015,Андрій Ярмоленко,RW,96,3.988,38.2848,Динамо 07/08; Динамо 08/09; Динамо 09/10; Динамо 10/11; Динамо 11/12; Динамо 12/13; Динамо 13/14; Динамо 14/15; Динамо 15/16; Динамо 16/17; Динамо 17/18; Динамо 23/24; Динамо 24/25; Динамо 25/26,left
659,2,tm:76028,Тайсон,LW,93,3.666,34.0907,Металіст 10/11; Металіст 11/12; Металіст 12/13; Шахтар 12/13; Шахтар 13/14; Шахтар 14/15; Шахтар 15/16; Шахтар 16/17; Шахтар 17/18; Шахтар 18/19; Шахтар 19/20; Шахтар 20/21,right
660,2,tm:9796,Олександр Алієв,LW RW,98,3.379,33.112,Динамо 02/03; Динамо 03/04; Динамо 05/06; Металург 05/06; Динамо 06/07; Динамо 07/08; Динамо 08/09; Динамо 09/10; Динамо 10/11; Динамо 11/12; Дніпро 12/13; Динамо 12/13,both
661,2,w:1974-06-03:rebrov,Сергій Ребров,RW,98,3.264,31.9827,Динамо 92/93; Динамо 93/94; Динамо 94/95; Динамо 95/96; Динамо 96/97; Динамо 97/98; Динамо 98/99; Динамо 99/00; Динамо 05/06; Динамо 06/07; Динамо 07/08,
662,2,tm:36238,Руслан Фомін,LW,86,3.636,31.272,Металіст 05/06; Шахтар 05/06; Металіст 06/07; Металіст 07/08; Шахтар 07/08; Металіст 08/09; Шахтар 08/09; Шахтар 09/10; Зоря 10/11; Маріуполь / Іллічівець 11/12; Маріуполь / Іллічівець 12/13; Маріуполь / Іллічівець 13/14; Чорноморець 14/15; Маріуполь / Іллічівець 17/18; Маріуполь / Іллічівець 18/19; Маріуполь / Іллічівець 19/20,right
663,2,tm:58413,Володимир Лисенко,RW,82,3.509,28.7707,Динамо 06/07; Арсенал 07/08; Динамо 07/08; Арсенал 08/09; Металіст 09/10; Волинь 10/11; Кривбас 11/12; Говерла / Закарпаття 12/13; Металіст 12/13; Говерла / Закарпаття 13/14; Севастополь 13/14; Олімпік 14/15; Олімпік 15/16; Олімпік 16/17; Колос 19/20; Колос 20/21; Колос 21/22; Колос 22/23,left
664,2,tm:58949,Євгеній Коноплянка,LW,94,3.008,28.2765,Дніпро 07/08; Дніпро 08/09; Дніпро 09/10; Дніпро 10/11; Дніпро 11/12; Дніпро 12/13; Дніпро 13/14; Дніпро 14/15; Шахтар 19/20; Шахтар 20/21,right
665,2,tm:277777,Андрій Тотовицький,RW,93,2.994,27.8421,Маріуполь / Іллічівець 13/14; Маріуполь / Іллічівець 14/15; Зоря 14/15; Зоря 15/16; Шахтар 16/17; Маріуполь / Іллічівець 17/18; Шахтар 18/19; Десна 19/20; Десна 20/21; Десна 21/22; Шахтар 22/23; Колос 23/24; Кудрівка 25/26,right
666,2,tm:52787,Дентіньйо,LW,84,3.256,27.3477,Шахтар 11/12; Шахтар 12/13; Шахтар 13/14; Шахтар 14/15; Шахтар 15/16; Шахтар 16/17; Шахтар 17/18; Шахтар 18/19; Шахтар 19/20; Шахтар 20/21; Шахтар 21/22,right
667,2,tm:57895,Денис Олійник,LW RW,97,2.789,27.0542,Динамо 06/07; Динамо 07/08; Нафтовик-Укрнафта 07/08; Арсенал 08/09; Металіст 08/09; Металіст 09/10; Металіст 10/11; Дніпро 11/12; Дніпро 12/13; ЛНЗ 23/24; ЛНЗ 24/25,both
668,2,tm:70767,Роман Зозуля,RW,90,2.738,24.6394,Динамо 07/08; Динамо 08/09; Динамо 09/10; Динамо 10/11; Дніпро 11/12; Дніпро 12/13; Дніпро 13/14; Дніпро 14/15; Дніпро 15/16,right
669,2,tm:43332,Олександр Ковпак,RW,96,2.474,23.7488,Таврія 04/05; Таврія 05/06; Таврія 06/07; Таврія 07/08; Таврія 08/09; Таврія 09/10; Арсенал 10/11; Таврія 10/11; Арсенал 11/12; Арсенал 12/13; Севастополь 13/14; Ворскла 14/15; Ворскла 15/16; Арсенал 18/19; Десна 18/19,right
670,2,tm:48740,Мілош Нінкович,LW RW,90,2.625,23.6223,Динамо 04/05; Динамо 05/06; Динамо 06/07; Динамо 07/08; Динамо 08/09; Динамо 09/10; Динамо 10/11; Динамо 11/12; Динамо 12/13,right
671,2,w:1970-07-23:orbu,Геннадій Орбу,RW,94,2.419,22.7364,Шахтар 92/93; Шахтар 93/94; Шахтар 94/95; Шахтар 95/96; Шахтар 96/97; Шахтар 97/98; Шахтар 98/99; Шахтар 99/00; Шахтар 00/01; Ворскла 00/01,
672,2,w:1976-09-29:shevchenko,Андрій Шевченко,LW,97,2.344,22.7323,Динамо 94/95; Динамо 95/96; Динамо 96/97; Динамо 97/98; Динамо 98/99; Динамо 09/10; Динамо 10/11; Динамо 11/12,
673,2,tm:401822,Максим Луньов,LW,82,2.727,22.3616,Дніпро 16/17; Зоря 17/18; Зоря 18/19; Зоря 19/20; Зоря 20/21; Зоря 21/22; Кривбас 22/23; Зоря 22/23; Кривбас 23/24; Кривбас 24/25,left
674,2,w:1983-10-05:jadson,Жадсон,RW,94,2.377,22.3401,Шахтар 04/05; Шахтар 05/06; Шахтар 06/07; Шахтар 07/08; Шахтар 08/09; Шахтар 09/10; Шахтар 10/11; Шахтар 11/12,
675,2,tm:366729,Назарій Русин,LW,93,2.319,21.5668,Динамо 17/18; Динамо 18/19; Динамо 19/20; Зоря 19/20; Динамо 20/21; СК Дніпро-1 21/22; Зоря 22/23; Зоря 23/24,right
676,2,tm:423606,Богдан Леднєв,LW,95,2.164,20.5556,Зоря 18/19; Зоря 19/20; Динамо 20/21; Динамо 21/22; СК Дніпро-1 23/24; Полісся 24/25; Полісся 25/26,left
677,2,tm:49030,Денис Васін,LW RW,78,2.579,20.1195,Чорноморець 07/08; Чорноморець 08/09; Чорноморець 09/10; Чорноморець 11/12; Чорноморець 12/13; Карпати 13/14; Чорноморець 14/15; Маріуполь / Іллічівець 14/15; Сталь 15/16; Сталь 16/17; Чорноморець 17/18; Ворскла 17/18; Ворскла 18/19; Ворскла 19/20; Інгулець 20/21; Ворскла 20/21,right
678,2,tm:264372,Віктор Циганков,RW,97,2.024,19.6353,Динамо 16/17; Динамо 17/18; Динамо 18/19; Динамо 19/20; Динамо 20/21; Динамо 21/22; Динамо 22/23,left
679,2,tm:58403,Денис Кожанов,LW RW,86,2.218,19.0707,Шахтар 06/07; Карпати 07/08; Карпати 08/09; Карпати 09/10; Карпати 10/11; Маріуполь / Іллічівець 11/12; Маріуполь / Іллічівець 12/13; Севастополь 13/14; Карпати 14/15; Карпати 15/16; Маріуполь / Іллічівець 17/18; Верес 17/18; Минай 20/21,right
680,2,tm:53299,Костянтин Ярошенко,LW,92,2.041,18.7763,Металіст 04/05; Арсенал 05/06; Металіст 05/06; Арсенал 06/07; Чорноморець 07/08; Маріуполь / Іллічівець 08/09; Ворскла 08/09; Маріуполь / Іллічівець 09/10; Маріуполь / Іллічівець 10/11; Маріуполь / Іллічівець 11/12; Маріуполь / Іллічівець 12/13; Севастополь 13/14; Карпати 16/17,both
681,2,tm:131553,В'ячеслав Чурко,LW RW,86,2.167,18.6358,Говерла / Закарпаття 12/13; Маріуполь / Іллічівець 13/14; Маріуполь / Іллічівець 14/15; Металіст 15/16; Маріуполь / Іллічівець 17/18; Маріуполь / Іллічівець 18/19; Маріуполь / Іллічівець 19/20; Колос 20/21; Колос 21/22; Зоря 22/23; Зоря 23/24; Металіст 1925 25/26,left
682,2,tm:289075,Олександр Зубков,RW,92,1.935,17.803,Шахтар 15/16; Шахтар 16/17; Шахтар 17/18; Маріуполь / Іллічівець 18/19; Шахтар 22/23; Шахтар 23/24; Шахтар 24/25,left
683,2,tm:35245,Матеус,LW RW,91,1.936,17.6135,Дніпро 10/11; Дніпро 11/12; Дніпро 12/13; Дніпро 13/14; Дніпро 14/15; Дніпро 15/16,both
684,2,w:1986-02-28:avelino,Жажа,LW,95,1.853,17.6039,Металіст 07/08; Металіст 08/09; Металіст 09/10; Металіст 10/11; Металіст 12/13; Металіст 14/15,
685,2,w:1980-04-18:dioho,Діого Рінкон,LW RW,97,1.808,17.534,Динамо 02/03; Динамо 03/04; Динамо 04/05; Динамо 05/06; Динамо 06/07; Динамо 07/08,
686,2,tm:24633,Едуардо,RW,93,1.786,16.6138,Шахтар 10/11; Шахтар 11/12; Шахтар 12/13; Шахтар 13/14; Шахтар 15/16; Шахтар 16/17,left
687,2,tm:244904,Артур Авагімян,LW,86,1.915,16.465,Маріуполь / Іллічівець 17/18; Арсенал 18/19; Чорноморець 21/22; Чорноморець 22/23; Олександрія 22/23; Чорноморець 23/24; Олександрія 23/24; ЛНЗ 24/25; Олександрія 24/25; ЛНЗ 25/26,right
688,2,w:1982-08-13:balabanov,Костянтин Балабанов,RW,87,1.873,16.2981,Чорноморець 02/03; Чорноморець 03/04; Чорноморець 04/05; Дніпро 04/05; Дніпро 05/06; Дніпро 06/07; Дніпро 07/08; Нафтовик-Укрнафта 07/08; Кривбас 08/09,
689,2,tm:75615,Дуглас Коста,LW RW,91,1.775,16.1567,Шахтар 09/10; Шахтар 10/11; Шахтар 11/12; Шахтар 12/13; Шахтар 13/14; Шахтар 14/15,left
690,2,tm:359247,Мар'ян Швед,RW,92,1.751,16.1049,Карпати 14/15; Карпати 15/16; Карпати 17/18; Карпати 18/19; Шахтар 22/23; Шахтар 23/24; Шахтар 24/25; Шахтар 25/26,left
691,2,tm:43404,Олексій Чичиков,LW RW,77,2.085,16.0516,Ворскла 04/05; Дніпро 06/07; Ворскла 07/08; Ворскла 08/09; Ворскла 09/10; Ворскла 10/11; Ворскла 11/12; Ворскла 12/13; Зірка 16/17; Зірка 17/18; СК Дніпро-1 19/20; СК Дніпро-1 20/21,both
692,2,tm:62610,Дмитро Хльобас,RW,86,1.862,16.0139,Динамо 12/13; Говерла / Закарпаття 14/15; Говерла / Закарпаття 15/16; Ворскла 15/16; Ворскла 16/17; Десна 18/19; Десна 19/20; Десна 20/21; Колос 20/21,both
693,2,tm:52769,Віллян,LW RW,89,1.774,15.7848,Шахтар 07/08; Шахтар 08/09; Шахтар 09/10; Шахтар 10/11; Шахтар 11/12; Шахтар 12/13,right
694,2,tm:58008,Максим Фещук,RW,80,1.967,15.7356,Карпати 03/04; Карпати 06/07; Карпати 07/08; Карпати 08/09; Таврія 08/09; Таврія 09/10; Таврія 10/11; Таврія 11/12; Таврія 12/13; Говерла / Закарпаття 13/14; Таврія 13/14; Говерла / Закарпаття 14/15; Арсенал 18/19,right
695,2,tm:755174,Данило Алефіренко,LW RW,87,1.777,15.4606,Зоря 20/21; Чорноморець 21/22; Зоря 21/22; Чорноморець 22/23; Зоря 22/23; Зоря 23/24; Колос 24/25; Колос 25/26,right
696,2,tm:359796,Дмитро Шастал,LW RW,85,1.731,14.7154,Олександрія 17/18; Олександрія 18/19; Олександрія 19/20; Олександрія 20/21; Олександрія 21/22; Полісся 23/24; Верес 23/24; Лівий Берег 24/25; Полісся 24/25,right
697,2,tm:708241,Олег Очеретько,LW RW,86,1.66,14.2774,Маріуполь / Іллічівець 20/21; Маріуполь / Іллічівець 21/22; Шахтар 22/23; СК Дніпро-1 23/24; Шахтар 23/24; Карпати 24/25; Шахтар 25/26,left
698,2,w:1983-08-12:djakomase,Клебер,RW,92,1.498,13.7805,Динамо 03/04; Динамо 04/05; Динамо 05/06; Динамо 06/07; Динамо 07/08,
699,2,tm:404846,Сергій Булеца,LW,94,1.466,13.7784,СК Дніпро-1 19/20; СК Дніпро-1 20/21; Зоря 21/22; Зоря 22/23; Олександрія 24/25; Олександрія 25/26,right
700,2,tm:343492,Олег Кожушко,LW RW,89,1.518,13.5117,Дніпро 15/16; Дніпро 16/17; Колос 19/20; Олександрія 21/22; Олександрія 22/23; Кривбас 23/24; Кривбас 24/25,right
701,2,tm:188180,Беньямін Вербич,LW,90,1.47,13.234,Динамо 17/18; Динамо 18/19; Динамо 19/20; Динамо 20/21; Динамо 21/22,right
702,2,tm:383325,Денис Антюх,LW RW,82,1.598,13.1038,Колос 19/20; Колос 20/21; Динамо 21/22; Зоря 22/23; Зоря 23/24; Зоря 24/25; Металіст 1925 25/26,left
703,2,tm:175169,Бернард,LW,89,1.468,13.0655,Шахтар 13/14; Шахтар 14/15; Шахтар 15/16; Шахтар 16/17; Шахтар 17/18,right
704,2,w:1985-10-02:chiprian,Чіпріан Маріка,LW RW,85,1.516,12.8851,Шахтар 03/04; Шахтар 04/05; Шахтар 05/06; Шахтар 06/07; Шахтар 07/08,
705,2,tm:526578,Владислав Вакула,LW RW,81,1.538,12.4598,Сталь 17/18; Маріуполь / Іллічівець 18/19; Маріуполь / Іллічівець 19/20; Шахтар 20/21; Ворскла 21/22; Чорноморець 23/24; Минай 23/24; Зоря 24/25; Зоря 25/26,right
706,2,tm:166745,Гегам Кадимян,LW RW,77,1.602,12.3376,Говерла / Закарпаття 13/14; Олімпік 14/15; Карпати 15/16; Олімпік 15/16; Карпати 16/17; Зоря 16/17; Ворскла 17/18; Арсенал 18/19; Ворскла 18/19,right
707,2,tm:55735,Генріх Мхітарян,LW RW,98,1.251,12.2642,Металург 09/10; Металург 10/11; Шахтар 10/11; Шахтар 11/12; Шахтар 12/13,both
708,2,tm:121988,Веллінгтон Нем,RW,81,1.484,12.0237,Шахтар 13/14; Шахтар 14/15; Шахтар 15/16; Шахтар 16/17; Шахтар 18/19,left
709,2,tm:726036,Артур Микитишин,LW RW,80,1.502,12.0197,Маріуполь / Іллічівець 21/22; Кривбас 22/23; Кривбас 23/24; Олександрія 23/24; Кривбас 24/25; Кривбас 25/26; ЛНЗ 25/26,right
710,2,tm:365692,Дмитро Топалов,LW,78,1.504,11.7285,Маріуполь / Іллічівець 19/20; Маріуполь / Іллічівець 20/21; Маріуполь / Іллічівець 21/22; Шахтар 22/23; Колос 23/24; Шахтар 23/24; Колос 24/25; ЛНЗ 24/25,left
711,2,tm:726034,Назар Волошин,LW RW,88,1.304,11.4729,Динамо 22/23; Кривбас 22/23; Динамо 23/24; Динамо 24/25; Динамо 25/26,right
712,2,tm:176412,Олексій Хобленко,RW,86,1.315,11.3106,Чорноморець 15/16; Говерла / Закарпаття 15/16; Чорноморець 16/17; Чорноморець 17/18; СК Дніпро-1 19/20; СК Дніпро-1 20/21; Кривбас 22/23; ЛНЗ 23/24; Чорноморець 24/25,right
713,2,tm:243841,Михайло Сергійчук,RW,84,1.319,11.0798,Карпати 14/15; Говерла / Закарпаття 15/16; Олімпік 16/17; Верес 17/18; Десна 18/19; Ворскла 18/19; Верес 21/22; Верес 22/23,right
714,2,tm:353252,Орест Кузик,LW,79,1.362,10.7625,Говерла / Закарпаття 15/16; Сталь 16/17; Сталь 17/18; Десна 19/20; Рух 21/22; Чорноморець 22/23; Чорноморець 23/24; Карпати 24/25,right
715,2,w:1970-02-17:herasimenko,Олексій Герасименко,RW,90,1.192,10.7252,Динамо 97/98; Динамо 98/99; Динамо 99/00; Динамо 00/01,
716,2,w:1981-06-17:venans,Венанс Зезе,LW RW,80,1.314,10.5148,Металург 05/06; Металург 06/07; Металіст 07/08; Металіст 08/09; Металіст 09/10,
717,2,tm:396638,Манор Соломон,LW,90,1.161,10.4521,Шахтар 18/19; Шахтар 19/20; Шахтар 20/21; Шахтар 21/22,right
718,2,tm:537860,Михайло Мудрик,LW,89,1.161,10.3324,Арсенал 18/19; Десна 20/21; Шахтар 20/21; Шахтар 21/22; Шахтар 22/23,right
719,2,tm:91450,Олег Міщенко,RW,79,1.304,10.2999,Металург 08/09; Металург 10/11; Металург 11/12; Говерла / Закарпаття 12/13; Ворскла 13/14; Ворскла 14/15; Ворскла 15/16,left
720,2,tm:395069,Володимир Одарюк,RW,75,1.372,10.2866,Ворскла 15/16; Ворскла 16/17; Ворскла 17/18; Ворскла 18/19; Олександрія 21/22; Інгулець 22/23; Минай 23/24; СК Полтава 25/26,right
721,2,tm:58947,Віталій Каверін,LW,70,1.443,10.1002,Дніпро 08/09; Дніпро 09/10; Кривбас 10/11; Дніпро 11/12; Металург 12/13; Говерла / Закарпаття 14/15; Говерла / Закарпаття 15/16; Чорноморець 17/18,both
722,2,tm:404851,Денис Янаков,LW RW,82,1.177,9.6553,Арсенал 18/19; Інгулець 20/21; Зоря 20/21; Полісся 23/24; Верес 23/24; Чорноморець 24/25; Епіцентр 25/26,right
723,2,tm:269374,Сергій Грин,LW RW,81,1.187,9.6145,Маріуполь / Іллічівець 14/15; Олімпік 16/17; Верес 17/18; Арсенал 18/19; Зоря 20/21; Олександрія 22/23,right
724,2,tm:729781,Владислав Велетень,LW RW,84,1.138,9.5559,Колос 21/22; Колос 22/23; Колос 23/24; Колос 24/25; Колос 25/26; Полісся 25/26,right
725,2,tm:58515,Віталій Балашов,LW,80,1.177,9.4176,Чорноморець 08/09; Чорноморець 09/10; Чорноморець 11/12; Чорноморець 12/13; Говерла / Закарпаття 13/14; Чорноморець 14/15; Олімпік 18/19; Олімпік 19/20,both
726,2,tm:85626,Сергій Зеньов,RW,83,1.11,9.2146,Карпати 07/08; Карпати 08/09; Карпати 09/10; Карпати 10/11; Карпати 11/12; Карпати 12/13; Карпати 13/14,right
727,2,tm:120144,Євген Будник,RW,80,1.151,9.2118,Металіст 11/12; Ворскла 11/12; Ворскла 12/13; Ворскла 13/14; Ворскла 14/15; Сталь 15/16,right
728,2,tm:936825,Ілля Квасниця,RW,88,1.027,9.0357,Рух 22/23; Рух 23/24; Карпати 24/25; Рух 24/25; Карпати 25/26; Рух 25/26,right
729,2,tm:90769,Віталій Пономар,LW,84,1.073,9.0164,Олександрія 15/16; Олександрія 16/17; Олександрія 17/18; Олександрія 18/19; Металіст 1925 21/22; Металіст 1925 22/23,both
730,2,tm:59984,Тарас Лазарович,RW,81,1.108,8.9728,Металург 06/07; Металург 07/08; Металург 08/09; Зоря 09/10; Зоря 10/11; Зоря 11/12; Металург 12/13; Металург 13/14,right
731,2,tm:419067,Георгій Цитаїшвілі,LW,71,1.233,8.7573,Динамо 18/19; Динамо 19/20; Динамо 20/21; Ворскла 20/21; Чорноморець 21/22,left
732,2,tm:54576,Себастьян Бланко,RW,89,0.98,8.7177,Металіст 11/12; Металіст 12/13; Металіст 13/14,both
733,2,tm:789583,Ярослав Карабін,LW RW,86,1.008,8.6672,Рух 20/21; Рух 21/22; Рух 22/23; Рух 23/24; Рух 24/25; Карпати 25/26,left
734,2,tm:91380,Дмитро Коркішко,LW RW,82,1.042,8.5464,Арсенал 09/10; Чорноморець 15/16; Чорноморець 16/17; СК Дніпро-1 19/20; СК Дніпро-1 20/21; Металіст 22/23; Кудрівка 25/26,right
735,2,tm:92635,Олександр Мандзюк,RW,80,1.064,8.5159,Оболонь 03/04; ФК Львів 08/09; Оболонь 10/11; Оболонь 11/12; Маріуполь / Іллічівець 12/13; Маріуполь / Іллічівець 13/14; Маріуполь / Іллічівець 14/15,
736,2,tm:177688,Міхель Бабатунде,LW RW,78,1.081,8.431,Кривбас 10/11; Кривбас 11/12; Кривбас 12/13; Волинь 13/14; Волинь 14/15; Дніпро 15/16,left
737,2,tm:892025,Антон Салабай,LW,77,1.094,8.4232,Колос 20/21; Колос 21/22; Колос 23/24; Колос 24/25; Ворскла 24/25; Колос 25/26,right
738,2,tm:274058,Франсіско Ді Франко,RW,81,1.027,8.3212,Карпати 17/18; Карпати 18/19; СК Дніпро-1 19/20; Карпати 19/20; СК Дніпро-1 20/21; СК Дніпро-1 21/22,right
739,2,tm:15568,Бруно Гама,LW RW,83,0.997,8.272,Дніпро 13/14; Дніпро 14/15; Дніпро 15/16,right
740,2,tm:74843,Віталій Іванко,LW,71,1.143,8.1186,Металург 07/08; Металург 08/09; Металург 09/10; Металург 10/11; Металург 11/12; Металург 12/13,both
741,2,tm:371256,Тете,RW,95,0.853,8.1009,Шахтар 19/20; Шахтар 20/21; Шахтар 21/22,left
742,2,tm:257740,Карлос де Пена,LW,90,0.895,8.0585,Динамо 19/20; Динамо 20/21; Динамо 21/22,left
743,2,tm:751363,Данило Кравчук,RW,76,1.047,7.9567,Ворскла 20/21; Ворскла 21/22; Інгулець 22/23; Ворскла 22/23; ЛНЗ 25/26,right
744,2,tm:1033963,Егіналдо,LW,89,0.856,7.6165,Шахтар 23/24; Шахтар 24/25; Шахтар 25/26,right
745,2,tm:375180,Олександр Козак,LW RW,78,0.968,7.5542,Металург 14/15; Сталь 15/16; Інгулець 20/21; Інгулець 21/22; Інгулець 22/23; Інгулець 24/25; Кудрівка 25/26,left
746,2,tm:678783,Євген Підлепенець,RW,81,0.926,7.5011,СК Дніпро-1 21/22; СК Дніпро-1 22/23; Металіст 22/23; Карпати 24/25,left
747,2,tm:282734,Жерсон Родрігес,LW,83,0.895,7.4317,Динамо 19/20; Динамо 20/21; Динамо 21/22,right
748,2,tm:259461,Пауліньйо,LW,78,0.942,7.3475,Зоря 15/16; Зоря 16/17; Зоря 17/18,right
749,2,tm:748940,Василь Рунич,LW RW,78,0.94,7.3348,Рух 20/21; Рух 21/22; Рух 22/23; Рух 23/24; Рух 24/25; Рух 25/26,right
750,2,tm:515208,Педріньйо,RW,87,0.838,7.2946,Шахтар 21/22; Шахтар 24/25; Шахтар 25/26,left
751,2,tm:1082823,Невертон,LW,85,0.856,7.2742,Шахтар 23/24; Шахтар 24/25; Шахтар 25/26,right
752,2,tm:182577,Дерліс Гонсалес,LW,82,0.868,7.1215,Динамо 15/16; Динамо 16/17; Динамо 17/18,right
753,2,tm:337198,Богдан Бойчук,LW RW,79,0.891,7.0417,Металіст 14/15; Рух 20/21; Рух 21/22; Металіст 22/23; Рух 22/23; Чорноморець 23/24,right
754,2,tm:73769,Зе Соарес,RW,80,0.879,7.0293,Металург 09/10; Металург 10/11; Металург 11/12; Металург 12/13; Металург 13/14,right
755,2,tm:491960,Беніто,LW RW,80,0.865,6.9177,Олімпік 20/21; Динамо 22/23; Динамо 23/24; Зоря 24/25,left
756,2,tm:261780,Артем Шулянський,LW,82,0.841,6.8935,Олександрія 22/23; Олександрія 23/24; Олександрія 24/25; Олександрія 25/26,right
757,2,w:1989-04-27:bili,Максим Білий,LW,81,0.826,6.6931,ФК Харків 07/08; ФК Харків 08/09; Металург 09/10; Зоря 09/10; Зоря 10/11; Зоря 11/12,
758,2,w:1985-05-10:vorobei,Дмитро Воробей,LW RW,80,0.83,6.6401,Арсенал 05/06; Зоря 06/07; Зоря 07/08; Маріуполь / Іллічівець 08/09; Кривбас 09/10; Маріуполь / Іллічівець 09/10,
759,2,tm:137939,Торніке Окріашвілі,LW,78,0.832,6.4876,Маріуполь / Іллічівець 10/11; Маріуполь / Іллічівець 11/12; Маріуполь / Іллічівець 12/13; Чорноморець 13/14; Маріуполь / Іллічівець 13/14,right
760,2,tm:659886,Білл,LW,78,0.796,6.2103,СК Дніпро-1 20/21; СК Дніпро-1 21/22; СК Дніпро-1 23/24,right
761,2,tm:114937,Дуду,LW,75,0.815,6.1094,Динамо 11/12; Динамо 12/13; Динамо 13/14,right
762,2,w:1973-07-24:skidan,Геннадій Скідан,RW,81,0.745,6.0384,Таврія 93/94; Кривбас 95/96; Карпати 98/99; Прикарпаття 98/99,
763,2,tm:909138,Даніель Сосах,LW,83,0.698,5.7955,Кривбас 22/23; Кривбас 23/24; Кривбас 24/25,right
764,2,tm:1083965,Жуан Безерра,RW,87,0.658,5.7241,Олександрія 23/24; Олександрія 24/25; Олександрія 25/26,left
765,2,tm:242854,Дмитро Юсов,LW RW,81,0.707,5.7232,Металург 12/13; Металург 13/14; Металург 14/15; Металург 15/16; Чорноморець 22/23; Металіст 1925 23/24,right
766,2,tm:821535,Артур Ременяк,RW,82,0.694,5.6876,ПФК Львів 20/21; ПФК Львів 21/22; ПФК Львів 22/23; Минай 23/24; Рух 24/25,right
767,2,tm:404849,Олексій Кащук,RW,80,0.709,5.6736,Маріуполь / Іллічівець 19/20; Маріуполь / Іллічівець 20/21; Маріуполь / Іллічівець 21/22; Шахтар 23/24,left
768,2,tm:1041630,Проспер Оба,RW,91,0.618,5.6247,ЛНЗ 25/26; Шахтар 25/26,both
769,2,tm:480975,Аллахьяр Сайядманеш,RW,90,0.625,5.6222,Зоря 20/21; Зоря 21/22,right
770,2,tm:316280,Моха Рхарсалла,LW RW,85,0.659,5.6038,Олімпік 14/15; Олімпік 15/16; Олімпік 16/17; Олімпік 17/18,right
771,2,tm:669305,Віктор Близніченко,LW,74,0.749,5.5425,Інгулець 22/23; Кривбас 23/24; Оболонь 24/25; Оболонь 25/26,right
772,2,w:1978-11-17:chomahidze,Шота Чомахідзе,LW,77,0.691,5.3171,Нива 99/00; Нива 00/01; Таврія 01/02; Таврія 02/03; Таврія 03/04,
773,2,tm:60324,Грегорі Нелсон,RW,75,0.695,5.2151,Металург 11/12; Металург 12/13; Металург 13/14; Металург 14/15,right
774,2,tm:58950,Володимир Коробка,RW,74,0.702,5.1952,Таврія 08/09; Таврія 10/11; Таврія 11/12; Металург 12/13; Таврія 13/14,right
775,2,tm:285127,Домінго Бланко,LW,81,0.641,5.1916,СК Дніпро-1 22/23; СК Дніпро-1 23/24,right
776,2,tm:548993,Андре Гонсалвеш,LW,68,0.761,5.1779,Полісся 24/25; Полісся 25/26; Верес 25/26,right
777,2,tm:624920,Бені Макуана,LW,83,0.622,5.1593,Полісся 23/24; ЛНЗ 24/25; Полісся 24/25,right
778,2,w:1978-08-02:esip,Богдан Єсип,RW,76,0.672,5.1053,Зірка 98/99; Зірка 99/00; Карпати 00/01; Говерла / Закарпаття 01/02; Нафтовик-Укрнафта 07/08,
779,2,tm:381430,Фабрісіо Альваренга,RW,65,0.777,5.0531,Олімпік 20/21; Рух 21/22; Рух 22/23; Чорноморець 23/24; Рух 23/24,right
780,2,tm:675878,Крістіан,RW,79,0.638,5.0414,Зоря 21/22; Зоря 22/23,both
781,2,tm:649030,Самба Діалло,LW,73,0.685,5.0034,Динамо 22/23; Динамо 23/24; Рух 25/26,right
782,2,w:1985-11-09:aleksander,Александер Гурулі,LW RW,75,0.663,4.9689,Карпати 08/09; Карпати 09/10; Карпати 10/11; Карпати 11/12,
783,2,tm:38497,Джеремейн Ленс,LW RW,89,0.556,4.9453,Динамо 13/14; Динамо 14/15,right
784,2,tm:82610,Михайло Козак,RW,63,0.784,4.9366,ФК Львів 08/09; Олександрія 15/16; Олександрія 16/17; Олександрія 17/18; Десна 18/19,right
785,2,tm:497221,Андрій Ременюк,LW RW,75,0.655,4.9159,Карпати 17/18; Карпати 19/20; Металіст 1925 21/22; Металіст 1925 22/23; Металіст 1925 23/24,right
786,2,tm:900195,Кевін,LW,86,0.569,4.8919,Шахтар 23/24; Шахтар 24/25,right
787,2,tm:654385,Альваро Вієйра,RW,84,0.582,4.8872,ПФК Львів 18/19; ПФК Львів 19/20; ПФК Львів 20/21; ПФК Львів 21/22,right
788,2,tm:581782,Андрій Штогрин,LW RW,86,0.565,4.8582,Чорноморець 18/19; Чорноморець 21/22; Чорноморець 22/23; Чорноморець 23/24,right
789,2,tm:581000,Ейнел Соареш,LW,75,0.639,4.7941,ЛНЗ 23/24; ЛНЗ 24/25; ЛНЗ 25/26,right
790,2,tm:1134218,Артем Гусол,RW,71,0.67,4.7571,Колос 22/23; Колос 23/24; Колос 24/25; Колос 25/26,right
791,2,tm:404845,Владислав Наумець,RW,81,0.581,4.709,Чорноморець 22/23; Металіст 22/23; ЛНЗ 23/24; ЛНЗ 24/25,left
792,2,tm:1083070,Алісон,RW,80,0.567,4.5338,Шахтар 24/25; Шахтар 25/26,left
793,2,tm:497719,Шина,RW,78,0.573,4.4657,Карпати 16/17; ПФК Львів 19/20; ПФК Львів 20/21; ПФК Львів 21/22,right
794,2,tm:646153,Теді Цара,LW,90,0.494,4.4416,Олександрія 24/25; Олександрія 25/26,right
795,2,tm:8480,Сіто Рієра,LW RW,86,0.514,4.4223,Чорноморець 11/12; Чорноморець 12/13; Чорноморець 13/14,right
796,2,tm:882717,Денис Теслюк,RW,69,0.622,4.2886,Рух 22/23; Рух 23/24; Оболонь 24/25; Оболонь 25/26,right
797,2,tm:55734,Геворг Казарян,LW,80,0.533,4.2663,Металург 11/12; Металург 12/13; Металург 13/14,right
798,2,tm:699842,Антон Байдал,LW,73,0.579,4.2269,Маріуполь / Іллічівець 19/20; Маріуполь / Іллічівець 20/21; Минай 21/22; Минай 22/23,right
799,2,tm:376445,Маріо Чуже,LW,88,0.476,4.1864,СК Дніпро-1 20/21; СК Дніпро-1 21/22,right
800,2,tm:47375,Іван Родич,LW,75,0.557,4.1744,Зоря 11/12; Зоря 12/13; Говерла / Закарпаття 14/15; Металіст 15/16,right
801,2,tm:581405,Іван Головкін,RW,67,0.615,4.1234,Інгулець 21/22; Інгулець 22/23; Зоря 23/24; Зоря 25/26,left
802,2,tm:913115,Костянтин Бичек,LW,76,0.539,4.0955,Металіст 1925 22/23; Металіст 1925 23/24; Оболонь 24/25; Оболонь 25/26,left
803,2,tm:935109,Артем Слесар,RW,78,0.511,3.983,Зоря 23/24; Зоря 24/25; Зоря 25/26,right
804,2,tm:91563,Олексій Бабир,LW,58,0.686,3.9804,Волинь 10/11; Волинь 11/12; Волинь 12/13; Говерла / Закарпаття 13/14; Волинь 13/14,left
805,2,tm:204348,Дмитро Білоног,RW,76,0.519,3.9478,Зірка 16/17; Зірка 17/18; Олімпік 18/19; Минай 21/22,right
806,2,tm:726035,Кирило Попов,RW,70,0.56,3.9224,Колос 22/23; Колос 23/24; Минай 23/24; Чорноморець 24/25,right
807,2,tm:464619,Владислав Дмитренко,LW,75,0.516,3.8728,Волинь 16/17; Металіст 1925 21/22; Металіст 1925 22/23; Металіст 1925 23/24,both
808,2,tm:817676,Жеовані,RW,74,0.522,3.8616,Олександрія 23/24; Олександрія 24/25,left
809,2,tm:214448,Ярослав Богунов,LW RW,74,0.519,3.8414,ПФК Львів 19/20; ПФК Львів 20/21; ПФК Львів 22/23; Інгулець 24/25,right
810,2,tm:569056,Жан-Морель Пое,RW,73,0.525,3.8296,Кривбас 23/24; Кривбас 24/25,left
811,2,tm:1158515,Рамік Гаджиєв,RW,74,0.516,3.8151,СК Дніпро-1 23/24; Металіст 1925 25/26,left
812,2,w:1981-09-09:eke,Санні Еке,LW,80,0.468,3.7439,Металург 08/09; Металург 09/10,
813,2,tm:774067,Ігор Горбач,LW,72,0.511,3.6766,Зоря 23/24; Зоря 24/25; Зоря 25/26,right
814,2,tm:85563,Домінік Адійя,RW,77,0.468,3.6047,Арсенал 11/12; Арсенал 12/13; Арсенал 13/14,right
815,2,tm:35633,Іржі Єслінек,RW,78,0.456,3.5558,Кривбас 10/11; Кривбас 11/12; Кривбас 12/13,right
816,2,tm:1029207,Глейкер Мендоса,LW,93,0.381,3.5439,Кривбас 24/25; Кривбас 25/26,right
817,2,tm:1041334,Клайвер,LW,71,0.496,3.5251,Рух 23/24; Рух 24/25; Рух 25/26,right
818,2,tm:392091,Дмитро Семенів,LW,66,0.53,3.4953,Чорноморець 17/18; Чорноморець 18/19; ПФК Львів 20/21; ПФК Львів 21/22,right
819,2,tm:687881,Дієго Каріока,LW,73,0.478,3.4913,Колос 21/22; Колос 23/24; Колос 24/25,right
820,2,tm:955213,Андрій Маткевич,LW,68,0.507,3.4443,Зоря 24/25; Епіцентр 25/26; Зоря 25/26,right
821,2,tm:743627,Джевісон Беннетт,LW,71,0.482,3.4248,ЛНЗ 24/25; ЛНЗ 25/26,left
822,2,tm:429157,Юрій Козиренко,RW,59,0.579,3.4166,Ворскла 19/20; Інгулець 22/23; Ворскла 22/23; Інгулець 24/25,left
823,2,tm:289487,Ростислав Русин,RW,82,0.414,3.3985,Рух 20/21; Металіст 1925 22/23; Металіст 1925 23/24,left
824,2,tm:292717,Гіоргі Арабідзе,RW,56,0.591,3.3112,Шахтар 15/16; Шахтар 16/17,left
825,2,tm:97835,Дмитро Єременко,RW,65,0.508,3.3043,Металург 10/11; Ворскла 12/13; Олімпік 14/15; Говерла / Закарпаття 15/16,right
826,2,tm:59290,Антон Савін,RW,70,0.458,3.2066,Металург 10/11; Металіст 1925 21/22; ЛНЗ 23/24,right
827,2,tm:315930,Максім До Куто,LW RW,77,0.406,3.1227,Олімпік 18/19; Олімпік 19/20; Олімпік 20/21,right
828,2,tm:425707,Артем Дудік,RW,72,0.429,3.0893,Волинь 15/16; Волинь 16/17; Металіст 1925 22/23,right
829,2,tm:1045568,Данило Голуб,RW,69,0.446,3.0777,Минай 22/23; Чорноморець 23/24; Минай 23/24,right
830,2,tm:1268326,Тимур Бутенко,RW,59,0.521,3.0747,Кривбас 23/24; Кривбас 25/26,right
831,2,tm:649029,Мамаду Данфа,RW,71,0.432,3.0681,Колос 20/21; Колос 21/22,right
832,2,tm:755175,Володимир Білоцерковець,RW,73,0.42,3.0656,Інгулець 20/21; Інгулець 24/25; Зоря 24/25,right
833,2,tm:359678,Ернест Антві,LW,75,0.407,3.0556,ПФК Львів 20/21; Рух 20/21; ПФК Львів 21/22,left
834,2,tm:268697,Данило Книш,RW,64,0.47,3.0102,Сталь 17/18; Минай 20/21; Минай 21/22; Металіст 22/23,right
835,2,tm:176413,Тарас Пучковський,LW,67,0.448,3.0033,Карпати 12/13; Карпати 13/14; Карпати 14/15,right
836,2,tm:182912,Анж-Фредді Плюмен,LW,80,0.374,2.9957,Рух 23/24; Рух 24/25,right
837,2,tm:722371,Денис Світюха,RW,70,0.424,2.9681,Верес 23/24; Верес 24/25; Кудрівка 25/26,left
838,2,tm:18860,Франк Джа Джедже,LW,79,0.367,2.9018,Чорноморець 12/13; Чорноморець 13/14,both
839,2,tm:115133,Іван Пешич,LW,74,0.387,2.8675,Ворскла 20/21; Ворскла 21/22,right
840,2,tm:331184,Ростислав Волошинович,LW,76,0.375,2.8502,Верес 17/18; ПФК Львів 18/19,right
841,2,tm:41037,Данило,RW,82,0.348,2.8498,Зоря 12/13; Зоря 13/14,right
842,2,tm:192347,Джон Хайро Руїс,LW,87,0.326,2.8393,Дніпро 15/16,right
843,2,tm:349107,Олег Синиця,RW,72,0.392,2.8199,Металіст 15/16; Рух 20/21; Лівий Берег 24/25,right
844,2,tm:354717,Євген Мурашов,LW,67,0.421,2.8186,Чорноморець 14/15; Чорноморець 15/16; Чорноморець 16/17,right
845,2,tm:31776,Олександр Яковенко,LW,62,0.453,2.8102,Металіст 04/05; Динамо 15/16,right
846,2,tm:391127,Вів Соломон-Отабор,LW RW,77,0.352,2.7088,Рух 22/23; Рух 23/24,right
847,2,tm:20005,Папу Гомес,LW,80,0.335,2.6781,Металіст 13/14,right
848,2,tm:627227,Пеглоу,LW,83,0.32,2.6599,СК Дніпро-1 22/23,right
849,2,tm:937918,Руслан Непейпієв,LW,55,0.473,2.6012,Рух 22/23; Рух 23/24; Лівий Берег 24/25,right
850,2,tm:721511,Максим Хлань,LW,75,0.343,2.5755,Зоря 22/23,right
851,2,tm:55338,Віллян,LW,77,0.332,2.559,Металіст 12/13,right
852,2,tm:796574,Стеніо,RW,67,0.373,2.4983,Карпати 24/25; Карпати 25/26,right
853,2,tm:155843,Антон Кіча,LW,55,0.441,2.4241,Маріуполь / Іллічівець 10/11; Маріуполь / Іллічівець 11/12; Чорноморець 14/15,right
854,2,tm:681497,Арі Моура,RW,75,0.323,2.4192,Металіст 1925 23/24; Металіст 1925 25/26,both
855,2,tm:624883,Амількар Коджові,LW,72,0.334,2.4045,Ворскла 21/22; Ворскла 23/24,left
856,2,tm:168830,Ігор Мединський,RW,60,0.399,2.3946,Оболонь 23/24; Оболонь 24/25; Оболонь 25/26,right
857,2,tm:124025,Зігі Бадібанга,RW,79,0.303,2.394,Чорноморець 22/23; Чорноморець 23/24,right
858,2,tm:762387,Хусрав Тоїров,LW,56,0.427,2.3888,Шахтар 22/23; Чорноморець 24/25,right
859,2,tm:654384,Вітор Пернамбуко,RW,74,0.32,2.3658,ПФК Львів 18/19; ПФК Львів 19/20,left
860,2,w:1973-11-30:iovichevich,Ігор Йовічевич,RW,76,0.308,2.3423,Карпати 02/03; Карпати 03/04,
861,2,tm:706176,Абдул Авуду,RW,69,0.331,2.2848,ЛНЗ 25/26,right
862,2,tm:1115074,Молло Бессала,RW,74,0.308,2.2798,ЛНЗ 23/24; ЛНЗ 24/25,right
863,2,tm:1219849,Лукас Феррейра,RW,77,0.287,2.2097,Шахтар 25/26,left
864,2,tm:37414,Давід Каяду,LW,75,0.292,2.1914,Таврія 13/14; Металіст 14/15,both
865,2,tm:383211,Ярослав Деда,LW,52,0.409,2.1245,Волинь 15/16; Волинь 16/17; Карпати 19/20,right
866,2,tm:1138725,Богдан Редушко,LW,78,0.266,2.0738,Динамо 25/26,right
867,2,tm:605326,Педро Вітор,LW,64,0.32,2.0461,ПФК Львів 18/19; ПФК Львів 19/20,left
868,2,tm:530414,Кахім Перріс,RW,74,0.267,1.9746,Динамо 22/23,left
869,2,tm:998742,Шола Огундана,LW,73,0.266,1.9409,Динамо 25/26,right
870,2,w:1988-08-17:beka,Бека Гоцірідзе,RW,57,0.334,1.9015,Дніпро 08/09; Кривбас 10/11,
871,2,tm:43495,Сергій Пилипчук,LW,71,0.266,1.8856,Волинь 11/12; Волинь 12/13,left
872,2,tm:424145,Олександр Машнін,LW,62,0.298,1.8498,Чорноморець 16/17; Чорноморець 17/18,right
873,2,tm:717413,Олег Пушкарьов,LW RW,74,0.247,1.8312,Інгулець 24/25; Кудрівка 25/26,right
874,2,tm:81349,Антоніо Яколіш,RW,58,0.315,1.8284,Кривбас 11/12; Кривбас 12/13,right
875,2,tm:574215,Олександр Кожевников,RW,52,0.35,1.8204,Маріуполь / Іллічівець 20/21; Ворскла 20/21,left
876,2,tm:285296,Едін Шехич,RW,64,0.282,1.8031,Ворскла 18/19; Ворскла 19/20,right
877,2,tm:101670,Марселіньйо,LW,62,0.29,1.7961,Карпати 12/13; Карпати 13/14,right
878,2,tm:250007,Клейтон,LW,54,0.329,1.7793,Динамо 20/21,both
879,2,tm:718123,Самуель Нонго,RW,57,0.311,1.7722,Верес 24/25; Верес 25/26,left
880,2,tm:327911,Феліпе Пірес,LW,55,0.32,1.7626,СК Дніпро-1 23/24,right
881,2,tm:654311,Велвес,LW,62,0.279,1.7323,ПФК Львів 19/20; ПФК Львів 20/21,left
882,2,w:1977-02-24:ohnenovich,Періца Огнєнович,LW RW,56,0.303,1.6971,Динамо 03/04,
883,2,w:1990-06-30:bertohlio,Факундо Бертольйо,LW,61,0.278,1.6942,Динамо 10/11,
884,2,tm:655838,Бекназ Алмазбеков,LW,56,0.302,1.6919,Рух 24/25; Рух 25/26,right
885,2,tm:938300,Ярослав Базаєв,LW,54,0.301,1.6229,Олександрія 23/24; Олександрія 25/26,right
886,2,tm:405176,Олексій Збунь,RW,61,0.264,1.6104,Зірка 16/17; Зірка 17/18,right
887,2,tm:343154,Ігор Биковський,RW,53,0.297,1.5733,Маріуполь / Іллічівець 14/15; Маріуполь / Іллічівець 18/19,left
888,2,w:1975-11-05:hahokidze,Гіоргі Гахокідзе,RW,56,0.273,1.5293,Металург 04/05,
889,2,w:1984-00-00:markos,Маркос Піццеллі,LW,84,0.182,1.5293,Металург 11/12,
890,2,tm:755164,Батон Заберджа,RW,78,0.195,1.5216,Металіст 1925 25/26,right
891,2,tm:856056,Ассан Сек,RW,79,0.189,1.4915,Кривбас 25/26,right
892,2,tm:882227,Микита Козицький,RW,55,0.271,1.4879,Маріуполь / Іллічівець 20/21; Маріуполь / Іллічівець 21/22,right
893,2,tm:400719,Темур Чогадзе,RW,56,0.264,1.4807,Олімпік 19/20; Олімпік 20/21,left
894,2,tm:985349,Ігор Енріке,LW,55,0.269,1.4803,Металіст 1925 22/23; Металіст 1925 23/24,left
895,2,tm:972535,Ермір Рашица,LW,75,0.195,1.4631,Металіст 1925 25/26,right
896,2,tm:572271,Шебер Алькайн,RW,76,0.189,1.4401,Карпати 25/26,right
897,2,tm:966009,Бар Лін,RW,76,0.189,1.4349,Кривбас 25/26,left
898,2,tm:599224,Анхель Торрес,RW,53,0.266,1.4091,Динамо 25/26,left
899,2,tm:1031575,Себастьян Кастільйо,LW,72,0.195,1.4046,Металіст 1925 25/26,right
900,2,tm:709479,Абдулла Абдуллаєв,LW,52,0.269,1.3995,Металіст 1925 22/23; Металіст 1925 23/24,right
901,2,tm:1007020,Хоакінете,LW,86,0.16,1.3736,Епіцентр 25/26,right
902,2,tm:96928,Сержіньйо,LW,55,0.25,1.3732,Металург 13/14; Металург 14/15,both
903,2,tm:1093843,Фабіано,LW,72,0.189,1.3643,Карпати 25/26,right
904,2,tm:470265,Кирило Кириленко,LW,53,0.254,1.3453,Карпати 19/20; Олімпік 20/21,left
905,2,tm:819249,Луан Кампос,RW,83,0.159,1.3161,Верес 24/25,right
906,2,tm:241163,Леонардо,LW,72,0.18,1.2966,Металург 12/13,right
907,2,tm:628473,Карлос Рохас,RW,79,0.16,1.2618,Епіцентр 25/26,right
908,2,tm:108709,Еріксон Дансо,LW,66,0.179,1.1799,Сталь 16/17,left
909,2,tm:1126427,Майкен Гонсалес,LW,60,0.192,1.1536,Кривбас 24/25,both
910,2,tm:888190,Домагой Єлавич,LW,63,0.178,1.1222,Зоря 25/26,right
911,2,tm:213035,Амаду Мутарі,LW,65,0.171,1.1124,Металург 13/14,right
912,2,w:1989-00-00:denis,Денис Костишин,RW,76,0.145,1.1004,Колос 21/22,
913,2,tm:166586,Ян Ковалевський,RW,52,0.206,1.0686,Металург 10/11; Металург 15/16,right
914,2,tm:355367,Вагнер Гонсалвес,RW,60,0.176,1.0533,СК Дніпро-1 20/21,left
915,2,tm:574774,Веслі Помба,LW,69,0.152,1.0512,Верес 25/26,right
916,2,tm:622625,Енріке Араужо,RW,60,0.175,1.0495,ПФК Львів 18/19,right
917,2,tm:789587,Олег Власов,LW,52,0.199,1.0368,Ворскла 20/21,left
918,2,tm:1253920,Гільєрме Баїя,LW,68,0.152,1.0359,Верес 25/26,left
919,2,tm:601285,Панамбі,RW,59,0.175,1.032,ПФК Львів 18/19,right
920,2,tm:618487,Хуссейн Туаті,RW,74,0.136,1.0072,Олександрія 25/26,left
921,2,tm:744099,Жота,RW,74,0.136,1.0072,Олександрія 25/26,left
922,2,tm:661858,Хосе Флорес,RW,53,0.189,1.0006,Кривбас 25/26,right
923,2,tm:1293400,Роман Кузик,RW,56,0.175,0.9795,Колос 24/25,right
924,2,tm:166587,Віталій Квашук,RW,53,0.18,0.9544,Металург 12/13,left
925,2,w:1988-02-18:hustavo,Густаво Пінедо,RW,70,0.134,0.939,Чорноморець 09/10,
926,2,tm:294876,Кевін Мендес,LW,64,0.145,0.93,Карпати 18/19,right
927,2,tm:144935,Валерій Гришин,RW,65,0.143,0.9275,Говерла / Закарпаття 14/15,left
928,2,tm:1299696,Станіслав Ярошенко,RW,52,0.178,0.9263,Зоря 25/26,
929,2,tm:568702,Папа Ндіага Яде,LW,68,0.136,0.9255,Олександрія 25/26,left
930,2,tm:1716,Давід Одонкор,RW,73,0.127,0.9239,Говерла / Закарпаття 12/13,right
931,2,tm:842898,Кирило Ховайко,LW,52,0.176,0.9129,СК Дніпро-1 20/21,
932,2,tm:775723,Іван Бендера,LW,57,0.16,0.9104,Епіцентр 25/26,right
933,2,tm:363064,Єгор Чегурко,RW,52,0.174,0.903,Металіст 14/15,
934,2,tm:514623,Мауро Родрігеш,RW,66,0.136,0.8983,Олександрія 25/26,right
935,2,tm:453483,Ігор Богач,LW,54,0.166,0.8944,Карпати 16/17,right
936,2,tm:751995,Андрій Глоба,LW,55,0.161,0.8881,Олександрія 20/21,right
937,2,tm:1291385,Орест Лепський,RW,56,0.159,0.8879,Верес 24/25,right
938,2,tm:1074482,Венделл,RW,54,0.164,0.8847,Зоря 23/24,right
939,2,tm:61464,Карім Йода,RW,60,0.145,0.8719,Карпати 18/19,left
940,2,tm:923512,Сергій Стень,LW,57,0.152,0.8684,Верес 25/26,right
941,2,tm:197622,Фарлей Роза,LW,63,0.138,0.8669,Севастополь 13/14,right
942,2,tm:1185406,Роман Ковалюк,LW,63,0.136,0.8575,Верес 23/24,left
943,2,tm:1095335,Жоннатан Сілва,RW,63,0.136,0.8575,Олександрія 25/26,left
944,2,tm:1167746,Ігнат Пушкуца,RW,56,0.152,0.8531,Верес 25/26,right
945,2,tm:779241,Андрій Столярчук,LW,54,0.157,0.85,Рух 22/23,right
946,2,tm:166647,Арман Елла,LW,55,0.149,0.8198,Карпати 13/14,left
947,2,tm:973704,Тіаго Кунья,LW,56,0.146,0.8167,Ворскла 23/24,left
948,2,tm:935094,Дмитро Кремчанін,RW,59,0.136,0.803,Олександрія 25/26,left
949,2,tm:965816,Станіслав Прус,RW,54,0.147,0.7933,Ворскла 24/25,right
950,2,tm:830080,Данило Дмитрієв,LW,52,0.151,0.7836,Маріуполь / Іллічівець 20/21,right
951,2,tm:316946,Сергій Наполов,RW,61,0.125,0.7636,Металіст 15/16,left
952,2,tm:333020,Владислав Войцеховський,LW,63,0.121,0.7633,Лівий Берег 24/25,right
953,2,tm:27239,Сімон Вукчевич,RW,54,0.141,0.7594,Карпати 12/13,left
954,2,tm:583607,Вільям де Камарго,RW,52,0.145,0.7556,Карпати 18/19,right
955,2,tm:206889,Святослав Козловський,RW,52,0.145,0.7556,Рух 20/21,right
956,2,tm:522577,Богдан Оринчак,RW,52,0.145,0.7556,Рух 20/21,right
957,2,tm:249217,Сергій Загідулін,RW,53,0.141,0.7453,Карпати 12/13,
958,2,tm:837287,Вадим Сологуб,RW,52,0.142,0.7366,Металіст 1925 22/23,left
959,2,tm:632674,Василь Пиняшко,LW,66,0.111,0.7301,Минай 20/21,right
960,2,tm:170555,Орельєн Нгейтала,LW,62,0.118,0.7296,Арсенал 18/19,
961,2,tm:537850,Богдан Могильний,LW,61,0.118,0.7205,Інгулець 24/25,right
962,2,tm:1082915,Геннадій Синчук,RW,58,0.122,0.7078,Металіст 22/23,left
963,2,tm:1293455,Даніїл Юшко,RW,52,0.135,0.7026,Оболонь 24/25,right
964,2,tm:707201,Павло Тищук,RW,53,0.13,0.688,Минай 23/24,right
965,2,tm:389479,Роберт Мютцерс,LW,55,0.124,0.6835,Чорноморець 18/19,left
966,2,tm:463397,Маурісіо Кортес,LW,54,0.127,0.6834,Карпати 17/18,left
967,2,tm:1061623,Назар Касарда,LW,54,0.122,0.659,Рух 25/26,right
968,2,tm:376485,Йонатан Бедоя,LW,52,0.127,0.6581,Карпати 17/18,
969,2,tm:339845,Іван Янаков,LW,53,0.124,0.6563,Маріуполь / Іллічівець 14/15,right
970,2,tm:143121,Мелвін Лоренцен,LW,53,0.121,0.6421,Карпати 19/20,right
971,2,tm:1074042,Данило Кайдалов,LW,52,0.122,0.6346,Металіст 22/23,right
972,2,tm:774533,Дмитро Шамич,RW,52,0.122,0.6346,Металіст 22/23,right
973,2,tm:1433541,Олег Дзюринець,RW,52,0.122,0.6346,Рух 25/26,
974,2,tm:1467103,Олександр Гоч,RW,52,0.122,0.6346,Рух 25/26,
975,2,tm:1140603,Богдан-Юліан Вишинський,RW,52,0.122,0.6323,ПФК Львів 22/23,right
976,2,tm:1302421,Жуан Нето,RW,54,0.117,0.6309,Чорноморець 24/25,right
977,2,tm:694512,Хішам Лаюс,LW,52,0.121,0.63,Карпати 19/20,right
978,2,tm:173933,Олександр Єрмаченко,RW,53,0.118,0.6237,Арсенал 18/19,right
979,2,tm:1141487,Владислав Герич,RW,51,0.122,0.6201,ПФК Львів 22/23,right
980,2,tm:297009,Олег Крамаренко,RW,52,0.119,0.6164,Таврія 13/14,right
981,2,tm:1194386,Андрій Меленчук,LW,52,0.118,0.6142,Інгулець 24/25,right
982,2,tm:1074052,Владислав Калин,LW,52,0.117,0.6075,Чорноморець 24/25,right
983,2,tm:669312,Євген Рязанцев,RW,45,0.122,0.5492,Металіст 22/23,both
984,2,tm:670000,Жуан Діого,RW,45,0.121,0.5452,Карпати 19/20,right
985,2,tm:223319,Слім Бен Отман,LW,54,0.094,0.509,Металург 12/13,left
986,2,tm:60941,Іванс Лук'яновс,LW,53,0.094,0.4996,Металург 12/13,both
987,2,tm:405620,Фарід Алі,RW,51,0.084,0.428,Металург 15/16,right
