season_year,club_code,coach_name_uk,coach_name_en,role,date_from,date_to,source1,source2,confidence,note
1992,bukovyna-chernivtsi,Олександр Павленко,Oleksandr Pavlenko,head,1992,1994,ru:1992/93,rt:bukovyna-chernivtsi,medium,year-level
1992,veres-rivne,Віктор Носов,Viktor Nosov,head,1991,1992,rt:veres-rivne,ru:1992/93,low,year-level; order of in-season changes from template
1992,veres-rivne,Василь Курилов,Vasyl Kurilov,head,1992,1992,rt:veres-rivne,ru:1992/93,low,
1992,veres-rivne,Михайло Дунець,Mykhailo Dunets,head,1993,1994,rt:veres-rivne,ru:1992/93,low,
1992,volyn-lutsk,Роман Покора,Roman Pokora,head,1992,1994,rt:volyn-lutsk,ru:1992/93,medium,
1992,dynamo-kyiv,Анатолій Пузач,Anatoliy Puzach,head,1990,1992,rt:dynamo-kyiv,en:Dynamo-list,low,change date uncertain
1992,dynamo-kyiv,Йожеф Сабо,Yozhef Sabo,head,1992,1992,rt:dynamo-kyiv,web:obozrevatel Sabo bio,low,
1992,dynamo-kyiv,Михайло Фоменко,Mykhailo Fomenko,head,1992,1993,rt:dynamo-kyiv,web:kyivpost.com/uk/post/31831,medium,led Dynamo to 1992/93 title
1992,dnipro,Микола Павлов,Mykola Pavlov,head,1992,1994,rt:dnipro,ru:1992/93,medium,
1992,zorya-luhansk,Анатолій Куксов,Anatoliy Kuksov,head,1990,1993,rt:zorya-luhansk,ru:1992/93,medium,
1992,zorya-luhansk,Анатолій Шакун,Anatoliy Shakun,head,1993,1994,rt:zorya-luhansk,ru:1992/93,low,
1992,karpaty-lviv,Мирон Маркевич,Myron Markevych,head,1992,1995,rt:karpaty-lviv,web:ukrinform,medium,
1992,kremin-kremenchuk,Борис Стрельцов,Borys Streltsov,head,1992,1993,rt:kremin-kremenchuk,ru:1992/93,medium,
1992,kryvbas,Володимир Стрижевський,Volodymyr Stryzhevskyi,head,1992,1992,rt:kryvbas,ru:1992/93,low,
1992,kryvbas,Валентин Лактіонов,Valentyn Laktionov,head,1992,1993,rt:kryvbas,ru:1992/93,low,
1992,kryvbas,Ігор Надєїн,Ihor Nadein,head,1993,1993,rt:kryvbas,ru:1992/93,low,
1992,metalist-kharkiv,Леонід Ткаченко,Leonid Tkachenko,head,1989,1992,rt:metalist-kharkiv,ru:1992/93,medium,
1992,metalist-kharkiv,Віктор Арістов,Viktor Aristov,head,1993,1993,rt:metalist-kharkiv,ru:1992/93,low,
1992,metalist-kharkiv,Сергій Доценко,Serhiy Dotsenko,head,1993,1993,rt:metalist-kharkiv,ru:1992/93,low,
1992,metalurh-zaporizhzhia,Ігор Надєїн,Ihor Nadein,head,1988,1992,rt:metalurh-zaporizhzhia,ru:1992/93,medium,
1992,metalurh-zaporizhzhia,Яніс Скределіс,Janis Skredelis,head,1993,1993,rt:metalurh-zaporizhzhia,ru:1992/93,low,
1992,nyva-ternopil,Леонід Колтун,Leonid Koltun,head,1992,1992,rt:nyva-ternopil,ru:1992/93,low,
1992,nyva-ternopil,Леонід Буряк,Leonid Buryak,head,1992,1994,rt:nyva-ternopil,ru:1992/93,medium,
1992,tavriya-simferopol,Анатолій Заяєв,Anatoliy Zayaev,head,1991,1993,rt:tavriya-simferopol,ru:1992/93,medium,
1992,torpedo-zaporizhzhia,Євген Лемешко,Yevhen Lemeshko,head,1989,1993,rt:torpedo-zaporizhzhia,ru:1992/93,medium,
1992,torpedo-zaporizhzhia,Віктор Матвієнко,Viktor Matvienko,head,1993,1993,rt:torpedo-zaporizhzhia,ru:1992/93,low,
1992,chornomorets-odesa,Віктор Прокопенко,Viktor Prokopenko,head,1989,1994,rt:chornomorets-odesa,ru:1992/93,medium,
1992,shakhtar-donetsk,Валерій Яремченко,Valeriy Yaremchenko,head,1989-06,1994,en:Shakhtar-list,rt:shakhtar-donetsk,high,
1993,bukovyna-chernivtsi,Олександр Павленко,Oleksandr Pavlenko,head,1992,1994,ru:1993/94,rt:bukovyna-chernivtsi,medium,
1993,bukovyna-chernivtsi,Віктор Матвієнко,Viktor Matvienko,head,1994,1994,ru:1993/94,rt:bukovyna-chernivtsi,low,
1993,veres-rivne,Михайло Дунець,Mykhailo Dunets,head,1993,1994,ru:1993/94,rt:veres-rivne,medium,
1993,veres-rivne,В'ячеслав Кобилецький,Vyacheslav Kobyletskyi,head,1994,1994,ru:1993/94,rt:veres-rivne,low,
1993,volyn-lutsk,Роман Покора,Roman Pokora,head,1992,1994,ru:1993/94,rt:volyn-lutsk,medium,
1993,dynamo-kyiv,Михайло Фоменко,Mykhailo Fomenko,head,1992,1993,ru:1993/94,rt:dynamo-kyiv,medium,
1993,dynamo-kyiv,Йожеф Сабо,Yozhef Sabo,head,1993,1996,en:Dynamo-list,ru:1993/94,medium,en list 1993-96; ru template 1994
1993,dnipro,Микола Павлов,Mykola Pavlov,head,1992,1994,rt:dnipro,ru:1993/94,medium,
1993,zorya-luhansk,Анатолій Шакун,Anatoliy Shakun,head,1993,1994,rt:zorya-luhansk,ru:1993/94,medium,
1993,zorya-luhansk,Володимир Кобзарєв,Volodymyr Kobzarev,head,1994,1994,rt:zorya-luhansk,ru:1993/94,low,
1993,karpaty-lviv,Мирон Маркевич,Myron Markevych,head,1992,1995,ru:1993/94,rt:karpaty-lviv,medium,
1993,kremin-kremenchuk,Борис Стрельцов,Borys Streltsov,head,1992,1993,rt:kremin-kremenchuk,ru:1993/94,low,
1993,kremin-kremenchuk,Тіберій Корпонай,Tiberiy Korponai,head,1993,1993,rt:kremin-kremenchuk,ru:1993/94,low,
1993,kremin-kremenchuk,Євген Рудаков,Yevhen Rudakov,head,1994,1994,rt:kremin-kremenchuk,ru:1993/94,low,
1993,kryvbas,Валентин Лактіонов,Valentyn Laktionov,head,1992,1993,rt:kryvbas,ru:1993/94,low,
1993,kryvbas,Ігор Надєїн,Ihor Nadein,head,1993,1993,rt:kryvbas,ru:1993/94,low,
1993,kryvbas,Володимир Брухтій,Volodymyr Brukhtiy,head,1994,1994,ru:1993/94,rt:kryvbas,low,
1993,metalist-kharkiv,Віктор Арістов,Viktor Aristov,head,1993,1993,rt:metalist-kharkiv,ru:1993/94,low,
1993,metalist-kharkiv,Сергій Доценко,Serhiy Dotsenko,head,1993,1993,rt:metalist-kharkiv,ru:1993/94,low,
1993,metalist-kharkiv,Євген Лемешко,Yevhen Lemeshko,head,1993,1993,rt:metalist-kharkiv,ru:1993/94,low,
1993,metalist-kharkiv,Олександр Довбій,Oleksandr Dovbiy,head,1994,1994,rt:metalist-kharkiv,ru:1993/94,low,
1993,metalurh-zaporizhzhia,Яніс Скределіс,Janis Skredelis,head,1993,1993,rt:metalurh-zaporizhzhia,ru:1993/94,low,
1993,metalurh-zaporizhzhia,Григорій Вуль,Hryhoriy Vul,head,1993,1993,rt:metalurh-zaporizhzhia,ru:1993/94,low,
1993,metalurh-zaporizhzhia,Анатолій Куксов,Anatoliy Kuksov,head,1994,1994,rt:metalurh-zaporizhzhia,ru:1993/94,low,
1993,nyva-vinnytsia,Юхим Школьніков,Yefym Shkolnikov,head,1992,1994,rt:nyva-vinnytsia,ru:1993/94,medium,
1993,nyva-ternopil,Леонід Буряк,Leonid Buryak,head,1992,1994,rt:nyva-ternopil,ru:1993/94,medium,
1993,tavriya-simferopol,Анатолій Заяєв,Anatoliy Zayaev,head,1991,1993,rt:tavriya-simferopol,ru:1993/94,medium,
1993,temp-shepetivka,Леонід Ткаченко,Leonid Tkachenko,head,1993,1994,rt:temp-shepetivka,ru:1993/94,medium,Dotsenko in 1993 per template
1993,torpedo-zaporizhzhia,Віктор Матвієнко,Viktor Matvienko,head,1993,1993,rt:torpedo-zaporizhzhia,ru:1993/94,low,
1993,torpedo-zaporizhzhia,Ігор Надєїн,Ihor Nadein,head,1994,1997,rt:torpedo-zaporizhzhia,ru:1993/94,low,
1993,chornomorets-odesa,Віктор Прокопенко,Viktor Prokopenko,head,1989,1994,rt:chornomorets-odesa,ru:1993/94,medium,
1993,shakhtar-donetsk,Валерій Яремченко,Valeriy Yaremchenko,head,1989-06,1994,en:Shakhtar-list,rt:shakhtar-donetsk,high,
1994,veres-rivne,В'ячеслав Кобилецький,Vyacheslav Kobyletskyi,head,1994,1994,rt:veres-rivne,ru:1994/95,low,
1994,veres-rivne,Михайло Фоменко,Mykhailo Fomenko,head,1994,1994,rt:veres-rivne,ru:1994/95,low,
1994,veres-rivne,Орест Баль,Orest Bal,head,1995,1995,rt:veres-rivne,ru:1994/95,low,
1994,veres-rivne,Іван Краснецький,Ivan Krasnetskyi,head,1995,1995,rt:veres-rivne,ru:1994/95,low,
1994,volyn-lutsk,Віталій Кварцяний,Vitaliy Kvartsyanyi,head,1994,1996,rt:volyn-lutsk,ru:1994/95,medium,
1994,dynamo-kyiv,Йожеф Сабо,Yozhef Sabo,head,1993,1996,en:Dynamo-list,rt:dynamo-kyiv,medium,
1994,dynamo-kyiv,Володимир Онищенко,Volodymyr Onyshchenko,head,1995,1995,rt:dynamo-kyiv,ru:1994/95,low,
1994,dynamo-kyiv,Микола Павлов,Mykola Pavlov,caretaker,1995,1995,rt:dynamo-kyiv,en:Dynamo-list,low,
1994,dnipro,Микола Павлов,Mykola Pavlov,head,1992,1994,rt:dnipro,ru:1994/95,medium,
1994,dnipro,Олександр Лисенко,Oleksandr Lysenko,head,1995,1995,rt:dnipro,ru:1994/95,low,
1994,dnipro,Бернд Штанге,Bernd Stange,head,1995,1996,rt:dnipro,wd:P6087,medium,
1994,zorya-luhansk,Володимир Кобзарєв,Volodymyr Kobzarev,head,1994,1994,rt:zorya-luhansk,ru:1994/95,low,
1994,zorya-luhansk,Анатолій Коршиков,Anatoliy Korshykov,head,1995,1995,rt:zorya-luhansk,ru:1994/95,low,
1994,zorya-luhansk,Олександр Журавльов,Oleksandr Zhuravlyov,head,1995,1995,rt:zorya-luhansk,ru:1994/95,low,
1994,karpaty-lviv,Мирон Маркевич,Myron Markevych,head,1992,1995,ru:1994/95,rt:karpaty-lviv,medium,
1994,kremin-kremenchuk,Євген Рудаков,Yevhen Rudakov,head,1994,1994,rt:kremin-kremenchuk,ru:1994/95,low,
1994,kremin-kremenchuk,Тіберій Корпонай,Tiberiy Korponai,head,1994,1995,rt:kremin-kremenchuk,ru:1994/95,low,
1994,kryvbas,Володимир Брухтій,Volodymyr Brukhtiy,head,1994,1994,rt:kryvbas,ru:1994/95,low,
1994,kryvbas,Віктор Кузнецов,Viktor Kuznetsov,head,1994,1995,rt:kryvbas,ru:1994/95,low,
1994,kryvbas,Валентин Лактіонов,Valentyn Laktionov,head,1995,1995,rt:kryvbas,ru:1994/95,low,
1994,kryvbas,Юрій Коваль,Yuriy Koval,head,1995,1995,rt:kryvbas,ru:1994/95,low,
1994,metalurh-zaporizhzhia,Анатолій Куксов,Anatoliy Kuksov,head,1994,1994,rt:metalurh-zaporizhzhia,ru:1994/95,low,
1994,metalurh-zaporizhzhia,Олександр Томах,Oleksandr Tomakh,head,1994,1998,rt:metalurh-zaporizhzhia,ru:1994/95,medium,
1994,nyva-vinnytsia,Олександр Бобаріко,Oleksandr Bobariko,head,1994,1995,rt:nyva-vinnytsia,ru:1994/95,low,
1994,nyva-vinnytsia,Юрій Коваль,Yuriy Koval,caretaker,1995,1995,rt:nyva-vinnytsia,ru:1994/95,low,
1994,nyva-vinnytsia,Сергій Морозов,Serhiy Morozov,head,1995,1996,rt:nyva-vinnytsia,ru:1994/95,low,
1994,nyva-ternopil,Валерій Душков,Valeriy Dushkov,head,1994,1994,rt:nyva-ternopil,ru:1994/95,low,
1994,nyva-ternopil,Ігор Яворський,Ihor Yavorskyi,head,1994,1998,rt:nyva-ternopil,ru:1994/95,medium,
1994,mykolaiv,Євген Кучеревський,Yevhen Kucherevskyi,head,1994,1995,ru:1994/95,,low,single source
1994,mykolaiv,Валерій Журавко,Valeriy Zhuravko,head,1995,1995,ru:1994/95,,low,single source
1994,mykolaiv,Леонід Колтун,Leonid Koltun,head,1995,1995,ru:1994/95,,low,single source
1994,prykarpattia,Ігор Юрченко,Ihor Yurchenko,head,1993,1996,rt:prykarpattia,ru:1994/95,medium,
1994,tavriya-simferopol,Павло Костін,Pavlo Kostin,head,1994,1994,rt:tavriya-simferopol,ru:1994/95,low,
1994,tavriya-simferopol,Андрій Черемісін,Andriy Cheremisin,head,1994,1994,rt:tavriya-simferopol,ru:1994/95,low,
1994,tavriya-simferopol,Віталій Шаличев,Vitaliy Shalychev,head,1995,1995,rt:tavriya-simferopol,ru:1994/95,low,
1994,temp-shepetivka,Леонід Ткаченко,Leonid Tkachenko,head,1993,1994,rt:temp-shepetivka,ru:1994/95,low,
1994,temp-shepetivka,Станіслав Берніков,Stanislav Bernikov,head,1995,1995,rt:temp-shepetivka,ru:1994/95,low,
1994,temp-shepetivka,Реваз Дзодзуашвілі,Revaz Dzodzuashvili,head,1995,1995,rt:temp-shepetivka,ru:1994/95,low,
1994,torpedo-zaporizhzhia,Ігор Надєїн,Ihor Nadein,head,1994,1997,rt:torpedo-zaporizhzhia,ru:1994/95,medium,
1994,chornomorets-odesa,Леонід Буряк,Leonid Buryak,head,1994,1998,rt:chornomorets-odesa,ru:1994/95,medium,
1994,shakhtar-donetsk,Валерій Яремченко,Valeriy Yaremchenko,head,1989-06,1994,en:Shakhtar-list,rt:shakhtar-donetsk,medium,
1994,shakhtar-donetsk,Володимир Сальков,Volodymyr Salkov,head,1995,1995-08,en:Shakhtar-list,ru:1994/95,medium,
1995,volyn-lutsk,Віталій Кварцяний,Vitaliy Kvartsyanyi,head,1994,1996,rt:volyn-lutsk,ru:1995/96,medium,
1995,dynamo-kyiv,Йожеф Сабо,Yozhef Sabo,head,1995,1996,rt:dynamo-kyiv,en:Dynamo-list,high,
1995,dnipro,Бернд Штанге,Bernd Stange,head,1995,1996,rt:dnipro,ru:1995/96,medium,
1995,zirka-kropyvnytskyi,Олександр Іщенко,Oleksandr Ishchenko,head,1994,1997,rt:zirka-kropyvnytskyi,ru:1995/96,medium,
1995,zorya-luhansk,Олександр Журавльов,Oleksandr Zhuravlyov,head,1995,1995,rt:zorya-luhansk,ru:1995/96,low,
1995,zorya-luhansk,Віктор Арістов,Viktor Aristov,head,1996,1996,rt:zorya-luhansk,ru:1995/96,low,
1995,karpaty-lviv,Володимир Журавчак,Volodymyr Zhuravchak,head,1995,1996,rt:karpaty-lviv,ru:1995/96,medium,
1995,kryvbas,Юрій Коваль,Yuriy Koval,head,1995,1995,rt:kryvbas,ru:1995/96,low,
1995,kryvbas,Юрій Грузнов,Yuriy Hruznov,head,1995,1995,rt:kryvbas,ru:1995/96,low,
1995,kryvbas,Мирон Маркевич,Myron Markevych,head,1995,1996,rt:kryvbas,ru:1995/96,low,
1995,kremin-kremenchuk,Анатолій Скурський,Anatoliy Skurskyi,head,1995,1995,rt:kremin-kremenchuk,ru:1995/96,low,
1995,kremin-kremenchuk,Тіберій Корпонай,Tiberiy Korponai,head,1995,1995,rt:kremin-kremenchuk,ru:1995/96,low,
1995,kremin-kremenchuk,Валерій Яремченко,Valeriy Yaremchenko,head,1996,1996,rt:kremin-kremenchuk,ru:1995/96,low,
1995,metalurh-zaporizhzhia,Олександр Томах,Oleksandr Tomakh,head,1994,1998,rt:metalurh-zaporizhzhia,ru:1995/96,medium,
1995,nyva-vinnytsia,Сергій Морозов,Serhiy Morozov,head,1995,1996,rt:nyva-vinnytsia,ru:1995/96,medium,
1995,nyva-ternopil,Ігор Яворський,Ihor Yavorskyi,head,1994,1998,rt:nyva-ternopil,ru:1995/96,medium,
1995,mykolaiv,Євген Кучеревський,Yevhen Kucherevskyi,head,1994,1995,ru:1995/96,,low,single source
1995,prykarpattia,Ігор Юрченко,Ihor Yurchenko,head,1993,1996,rt:prykarpattia,ru:1995/96,medium,
1995,tavriya-simferopol,Анатолій Заяєв,Anatoliy Zayaev,head,1995,1995,rt:tavriya-simferopol,ru:1995/96,low,
1995,tavriya-simferopol,Юрій Керман,Yuriy Kerman,head,1996,1996,rt:tavriya-simferopol,ru:1995/96,low,
1995,tavriya-simferopol,Іван Балан,Ivan Balan,head,1996,1998,rt:tavriya-simferopol,wd:P6087,medium,
1995,torpedo-zaporizhzhia,Ігор Надєїн,Ihor Nadein,head,1994,1997,rt:torpedo-zaporizhzhia,ru:1995/96,medium,
1995,cska-kyiv,Михайло Фоменко,Mykhailo Fomenko,head,1995,1996,rt:cska-kyiv,ru:1995/96,medium,
1995,cska-kyiv,Віктор Чанов,Viktor Chanov,caretaker,1996,1996,rt:cska-kyiv,ru:1995/96,low,
1995,chornomorets-odesa,Леонід Буряк,Leonid Buryak,head,1994,1998,rt:chornomorets-odesa,ru:1995/96,medium,
1995,shakhtar-donetsk,Володимир Сальков,Volodymyr Salkov,head,1995,1995-08,en:Shakhtar-list,rt:shakhtar-donetsk,high,
1995,shakhtar-donetsk,Валерій Рудаков,Valeriy Rudakov,head,1995-09,1996-06,en:Shakhtar-list,rt:shakhtar-donetsk,high,
1996,vorskla-poltava,Віктор Пожечевський,Viktor Pozhechevskyi,head,1994,1998,rt:vorskla-poltava,ru:1996/97,medium,
1996,dynamo-kyiv,Йожеф Сабо,Yozhef Sabo,head,1995,1996-12,rt:dynamo-kyiv,ru:1996/97,medium,
1996,dynamo-kyiv,Валерій Лобановський,Valeriy Lobanovskyi,head,1996-12,2002-05-07,ru:1996/97,wd:P6087,medium,wikidata start 1997-01-01; month approximate
1996,dnipro,В'ячеслав Грозний,Vyacheslav Hrozny,head,1996,1997,rt:dnipro,ru:1996/97,medium,
1996,karpaty-lviv,Мирон Маркевич,Myron Markevych,head,1996,1999,rt:karpaty-lviv,ru:1996/97,medium,
1996,metalurh-zaporizhzhia,Олександр Томах,Oleksandr Tomakh,head,1994,1998,rt:metalurh-zaporizhzhia,ru:1996/97,medium,
1996,nyva-ternopil,Ігор Яворський,Ihor Yavorskyi,head,1994,1998,rt:nyva-ternopil,ru:1996/97,medium,
1996,zirka-kropyvnytskyi,Олександр Іщенко,Oleksandr Ishchenko,head,1994,1997,rt:zirka-kropyvnytskyi,ru:1996/97,medium,
1996,zirka-kropyvnytskyi,Михайло Каліта,Mykhailo Kalyta,head,1997,1997,rt:zirka-kropyvnytskyi,ru:1996/97,low,
1996,zirka-kropyvnytskyi,Олександр Довбій,Oleksandr Dovbiy,head,1997,1998,rt:zirka-kropyvnytskyi,ru:1996/97,low,
1996,cska-kyiv,Віктор Чанов,Viktor Chanov,caretaker,1996,1996,rt:cska-kyiv,ru:1996/97,low,
1996,cska-kyiv,Володимир Лозинський,Volodymyr Lozynskyi,head,1996,1997,rt:cska-kyiv,ru:1996/97,medium,
1996,kryvbas,Мирон Маркевич,Myron Markevych,head,1995,1996,rt:kryvbas,ru:1996/97,low,
1996,kryvbas,Олексій Чередник,Oleksiy Cherednyk,head,1996,1996,rt:kryvbas,ru:1996/97,low,
1996,kryvbas,Олександр Лисенко,Oleksandr Lysenko,head,1996,1997,rt:kryvbas,ru:1996/97,medium,
1996,prykarpattia,Борис Стрельцов,Borys Streltsov,head,1996,1996,rt:prykarpattia,ru:1996/97,low,
1996,prykarpattia,Віктор Колотов,Viktor Kolotov,head,1996,1997,rt:prykarpattia,ru:1996/97,low,
1996,prykarpattia,Ігор Юрченко,Ihor Yurchenko,head,1997,1997,rt:prykarpattia,ru:1996/97,low,
1996,tavriya-simferopol,Іван Балан,Ivan Balan,head,1996,1996,rt:tavriya-simferopol,ru:1996/97,low,
1996,tavriya-simferopol,Сергій Шевченко,Serhiy Shevchenko,head,1996,1996,rt:tavriya-simferopol,ru:1996/97,low,
1996,tavriya-simferopol,Микола Павлов,Mykola Pavlov,head,1997,1997,rt:tavriya-simferopol,ru:1996/97,low,
1996,tavriya-simferopol,Валерій Швєдюк,Valeriy Shvedyuk,head,1997,1997,rt:tavriya-simferopol,ru:1996/97,low,
1996,torpedo-zaporizhzhia,Ігор Надєїн,Ihor Nadein,head,1994,1997,rt:torpedo-zaporizhzhia,ru:1996/97,medium,
1996,torpedo-zaporizhzhia,Олексій Чередник,Oleksiy Cherednyk,caretaker,1997,1997,rt:torpedo-zaporizhzhia,ru:1996/97,low,
1996,torpedo-zaporizhzhia,Віктор Матвієнко,Viktor Matvienko,head,1997,1998,rt:torpedo-zaporizhzhia,ru:1996/97,low,
1996,kremin-kremenchuk,Михайло Білих,Mykhailo Bilykh,head,1996,1997,rt:kremin-kremenchuk,ru:1996/97,medium,
1996,nyva-vinnytsia,Паша Касанов,Pasha Kasanov,head,1996,1997,rt:nyva-vinnytsia,ru:1996/97,low,name per ru wiki
1996,nyva-vinnytsia,Володимир Рева,Volodymyr Reva,caretaker,1997,1997,rt:nyva-vinnytsia,ru:1996/97,low,
1996,chornomorets-odesa,Леонід Буряк,Leonid Buryak,head,1994,1998,rt:chornomorets-odesa,ru:1996/97,medium,
1996,shakhtar-donetsk,Валерій Яремченко,Valeriy Yaremchenko,head,1996-07,1999-03-31,en:Shakhtar-list,rt:shakhtar-donetsk,high,
1997,vorskla-poltava,Віктор Пожечевський,Viktor Pozhechevskyi,head,1994,1998,uk:1997/98sq,rt:vorskla-poltava,medium,27 matches
1997,vorskla-poltava,Олександр Довбій,Oleksandr Dovbiy,head,1998,1998,uk:1997/98sq,rt:vorskla-poltava,medium,3 matches
1997,dynamo-kyiv,Валерій Лобановський,Valeriy Lobanovskyi,head,1997-01,2002-05-07,en:Dynamo-list,uk:1997/98sq,high,
1997,dnipro,В'ячеслав Грозний,Vyacheslav Hrozny,head,1996,1997,uk:1997/98sq,rt:dnipro,medium,15 matches
1997,dnipro,Вадим Тищенко,Vadym Tyshchenko,head,1997,1998,uk:1997/98sq,rt:dnipro,medium,15 matches
1997,zirka-kropyvnytskyi,Олександр Довбій,Oleksandr Dovbiy,head,1997,1998,uk:1997/98sq,rt:zirka-kropyvnytskyi,medium,27 matches
1997,zirka-kropyvnytskyi,Сергій Страшненко,Serhiy Strashnenko,head,1998,1998,uk:1997/98sq,rt:zirka-kropyvnytskyi,low,1 match
1997,zirka-kropyvnytskyi,Олександр Іщенко,Oleksandr Ishchenko,head,1998,2000,uk:1997/98sq,rt:zirka-kropyvnytskyi,low,2 matches
1997,karpaty-lviv,Мирон Маркевич,Myron Markevych,head,1996,1999,uk:1997/98sq,rt:karpaty-lviv,high,
1997,kryvbas,Олег Таран,Oleh Taran,head,1997,2000,uk:1997/98sq,rt:kryvbas,high,
1997,metalurh-donetsk,Володимир Онищенко,Volodymyr Onyshchenko,head,1997,1998,uk:1997/98sq,rt:metalurh-donetsk,high,
1997,metalurh-zaporizhzhia,Олександр Томах,Oleksandr Tomakh,head,1994,1998,uk:1997/98sq,rt:metalurh-zaporizhzhia,medium,17 matches
1997,metalurh-zaporizhzhia,Леонід Ключик,Leonid Klyuchyk,head,1998,1998,uk:1997/98sq,rt:metalurh-zaporizhzhia,medium,1 match
1997,metalurh-zaporizhzhia,Олександр Штелін,Oleksandr Shtelin,head,1998,1999,uk:1997/98sq,rt:metalurh-zaporizhzhia,medium,12 matches
1997,mariupol,Юрій Погребняк,Yuriy Pohrebnyak,head,1995,1997,uk:1997/98sq,rt:mariupol,high,2 matches
1997,mariupol,Володимир Кузовлєв,Volodymyr Kuzovlev,head,1997,1997,uk:1997/98sq,rt:mariupol,high,1 match
1997,mariupol,Микола Павлов,Mykola Pavlov,head,1997,2004,uk:1997/98sq,rt:mariupol,high,27 matches
1997,nyva-ternopil,Ігор Яворський,Ihor Yavorskyi,head,1994,1998,ru:1997/98,rt:nyva-ternopil,medium,
1997,nyva-ternopil,Леонід Іщук,Leonid Ishchuk,head,1998,1998,ru:1997/98,rt:nyva-ternopil,medium,
1997,prykarpattia,Ігор Юрченко,Ihor Yurchenko,head,1997,1997,ru:1997/98,rt:prykarpattia,medium,
1997,prykarpattia,Богдан Блавацький,Bohdan Blavatskyi,head,1998,1998,ru:1997/98,rt:prykarpattia,medium,
1997,tavriya-simferopol,Валерій Швєдюк,Valeriy Shvedyuk,head,1997,1997,ru:1997/98,rt:tavriya-simferopol,medium,
1997,tavriya-simferopol,Іван Балан,Ivan Balan,head,1997,1998,ru:1997/98,rt:tavriya-simferopol,medium,
1997,tavriya-simferopol,Віктор Грачов,Viktor Hrachov,head,1998,1998,ru:1997/98,rt:tavriya-simferopol,medium,
1997,torpedo-zaporizhzhia,Віктор Матвієнко,Viktor Matvienko,head,1997,1998,ru:1997/98,rt:torpedo-zaporizhzhia,medium,
1997,torpedo-zaporizhzhia,В'ячеслав Першин,Vyacheslav Pershin,caretaker,1998,1998,ru:1997/98,rt:torpedo-zaporizhzhia,medium,
1997,torpedo-zaporizhzhia,Леонід Колтун,Leonid Koltun,head,1998,1999,ru:1997/98,rt:torpedo-zaporizhzhia,medium,
1997,cska-kyiv,Сергій Морозов,Serhiy Morozov,head,1997,1997,ru:1997/98,rt:cska-kyiv,medium,
1997,cska-kyiv,Володимир Безсонов,Volodymyr Bezsonov,head,1997,2000,ru:1997/98,rt:cska-kyiv,medium,
1997,chornomorets-odesa,Леонід Буряк,Leonid Buryak,head,1994,1998,ru:1997/98,rt:chornomorets-odesa,medium,
1997,chornomorets-odesa,Володимир Козеренко,Volodymyr Kozerenko,head,1998,1998,ru:1997/98,rt:chornomorets-odesa,medium,
1997,shakhtar-donetsk,Валерій Яремченко,Valeriy Yaremchenko,head,1996-07,1999-03-31,en:Shakhtar-list,rt:shakhtar-donetsk,high,
1998,vorskla-poltava,Олександр Довбій,Oleksandr Dovbiy,head,1998,1998,ru:1998/99,rt:vorskla-poltava,medium,
1998,vorskla-poltava,Сергій Собецький,Serhiy Sobetskyi,head,1998,1998,ru:1998/99,rt:vorskla-poltava,medium,
1998,vorskla-poltava,Анатолій Коньков,Anatoliy Konkov,head,1999,2000,ru:1998/99,rt:vorskla-poltava,medium,
1998,dynamo-kyiv,Валерій Лобановський,Valeriy Lobanovskyi,head,1997-01,2002-05-07,en:Dynamo-list,rt:dynamo-kyiv,high,
1998,dnipro,Вадим Тищенко,Vadym Tyshchenko,head,1997,1998,rt:dnipro,ru:1998/99,medium,
1998,dnipro,Володимир Кобзарєв,Volodymyr Kobzarev,head,1998,1999,rt:dnipro,ru:1998/99,medium,
1998,dnipro,Леонід Колтун,Leonid Koltun,head,1999,1999,rt:dnipro,ru:1998/99,medium,
1998,zirka-kropyvnytskyi,Олександр Іщенко,Oleksandr Ishchenko,head,1998,2000,rt:zirka-kropyvnytskyi,ru:1998/99,medium,
1998,karpaty-lviv,Мирон Маркевич,Myron Markevych,head,1996,1999,rt:karpaty-lviv,ru:1998/99,medium,
1998,karpaty-lviv,Степан Юрчишин,Stepan Yurchyshyn,head,1999,1999,rt:karpaty-lviv,ru:1998/99,medium,
1998,kryvbas,Олег Таран,Oleh Taran,head,1997,2000,rt:kryvbas,ru:1998/99,high,
1998,metalist-kharkiv,Михайло Фоменко,Mykhailo Fomenko,head,1996,2000,rt:metalist-kharkiv,ru:1998/99,high,
1998,metalurh-donetsk,Володимир Онищенко,Volodymyr Onyshchenko,head,1997,1998,rt:metalurh-donetsk,ru:1998/99,medium,
1998,metalurh-donetsk,Володимир Гаврилов,Volodymyr Havrylov,head,1998,1998,rt:metalurh-donetsk,ru:1998/99,medium,
1998,metalurh-donetsk,Ігор Яворський,Ihor Yavorskyi,head,1999,1999,rt:metalurh-donetsk,ru:1998/99,medium,
1998,metalurh-donetsk,Михайло Соколовський,Mykhailo Sokolovskyi,head,1999,1999,rt:metalurh-donetsk,ru:1998/99,medium,
1998,metalurh-zaporizhzhia,Леонід Ключик,Leonid Klyuchyk,head,1998,1998,rt:metalurh-zaporizhzhia,ru:1998/99,medium,
1998,metalurh-zaporizhzhia,Олександр Штелін,Oleksandr Shtelin,head,1998,1999,rt:metalurh-zaporizhzhia,ru:1998/99,medium,
1998,metalurh-zaporizhzhia,Мирон Маркевич,Myron Markevych,head,1999,2001,rt:metalurh-zaporizhzhia,ru:1998/99,medium,
1998,mariupol,Микола Павлов,Mykola Pavlov,head,1997,2004,rt:mariupol,ru:1998/99,high,
1998,nyva-ternopil,Леонід Іщук,Leonid Ishchuk,head,1998,1998,rt:nyva-ternopil,ru:1998/99,low,
1998,nyva-ternopil,Ігор Юрченко,Ihor Yurchenko,head,1998,1999,rt:nyva-ternopil,ru:1998/99,low,
1998,mykolaiv,Ігор Каліта,Ihor Kalyta,head,1998,1999,ru:1998/99,,low,single source; Konkov/Mykolaienko/Krasnetskyi also listed
1998,prykarpattia,Богдан Блавацький,Bohdan Blavatskyi,head,1998,1998,rt:prykarpattia,ru:1998/99,low,
1998,prykarpattia,Анатолій Заяєв,Anatoliy Zayaev,head,1998,1999,rt:prykarpattia,ru:1998/99,low,
1998,prykarpattia,Ігор Яворський,Ihor Yavorskyi,head,1999,1999,rt:prykarpattia,ru:1998/99,low,
1998,tavriya-simferopol,Віктор Грачов,Viktor Hrachov,head,1998,1998,rt:tavriya-simferopol,ru:1998/99,medium,
1998,tavriya-simferopol,Валерій Петров,Valeriy Petrov,head,1999,1999,rt:tavriya-simferopol,ru:1998/99,medium,
1998,tavriya-simferopol,Анатолій Коробочка,Anatoliy Korobochka,head,1999,2000,rt:tavriya-simferopol,ru:1998/99,medium,
1998,cska-kyiv,Володимир Безсонов,Volodymyr Bezsonov,head,1997,2000,rt:cska-kyiv,ru:1998/99,high,
1998,shakhtar-donetsk,Валерій Яремченко,Valeriy Yaremchenko,head,1996-07,1999-03-31,en:Shakhtar-list,rt:shakhtar-donetsk,high,
1998,shakhtar-donetsk,Анатолій Бишовець,Anatoliy Byshovets,head,1999-04-01,1999-10-01,en:Shakhtar-list,rt:shakhtar-donetsk,high,
1999,vorskla-poltava,Анатолій Коньков,Anatoliy Konkov,head,1999,2000,ru:1999/00,rt:vorskla-poltava,medium,
1999,dynamo-kyiv,Валерій Лобановський,Valeriy Lobanovskyi,head,1997-01,2002-05-07,en:Dynamo-list,rt:dynamo-kyiv,high,
1999,dnipro,Леонід Колтун,Leonid Koltun,head,1999,1999,rt:dnipro,ru:1999/00,low,
1999,dnipro,Микола Федоренко,Mykola Fedorenko,head,1999,2001,rt:dnipro,ru:1999/00,medium,
1999,zirka-kropyvnytskyi,Олександр Іщенко,Oleksandr Ishchenko,head,1998,2000,rt:zirka-kropyvnytskyi,ru:1999/00,low,ru season table lists Koltun - likely misaligned
1999,karpaty-lviv,Степан Юрчишин,Stepan Yurchyshyn,head,1999,1999,rt:karpaty-lviv,ru:1999/00,low,
1999,karpaty-lviv,Лев Броварський,Lev Brovarskyi,head,1999,2001,rt:karpaty-lviv,ru:1999/00,low,
1999,kryvbas,Олег Таран,Oleh Taran,head,1997,2000,rt:kryvbas,ru:1999/00,high,
1999,metalist-kharkiv,Михайло Фоменко,Mykhailo Fomenko,head,1996,2000,rt:metalist-kharkiv,ru:1999/00,high,
1999,metalurh-donetsk,Семен Альтман,Semen Altman,head,1999,2002,rt:metalurh-donetsk,ru:1999/00,high,
1999,metalurh-zaporizhzhia,Мирон Маркевич,Myron Markevych,head,1999,2001,rt:metalurh-zaporizhzhia,ru:1999/00,high,
1999,mariupol,Микола Павлов,Mykola Pavlov,head,1997,2004,rt:mariupol,ru:1999/00,high,
1999,nyva-ternopil,Валерій Богуславський,Valeriy Bohuslavskyi,head,1999,1999,rt:nyva-ternopil,ru:1999/00,medium,
1999,nyva-ternopil,Ігор Яворський,Ihor Yavorskyi,head,2000,2001,rt:nyva-ternopil,ru:1999/00,medium,
1999,prykarpattia,Сергій Морозов,Serhiy Morozov,head,1999,2000,rt:prykarpattia,ru:1999/00,medium,
1999,tavriya-simferopol,Анатолій Коробочка,Anatoliy Korobochka,head,1999,2000,rt:tavriya-simferopol,ru:1999/00,medium,
1999,tavriya-simferopol,Володимир Мунтян,Volodymyr Muntyan,head,2000,2000,rt:tavriya-simferopol,ru:1999/00,medium,
1999,cska-kyiv,Володимир Безсонов,Volodymyr Bezsonov,head,1997,2000,rt:cska-kyiv,ru:1999/00,medium,ru season table lists Korobochka - likely misaligned
1999,chornomorets-odesa,Олександр Голоколосов,Oleksandr Holokolosov,head,1998,1999,rt:chornomorets-odesa,ru:1999/00,medium,
1999,chornomorets-odesa,Анатолій Азаренков,Anatoliy Azarenkov,head,2000,2001,rt:chornomorets-odesa,ru:1999/00,medium,
1999,shakhtar-donetsk,Анатолій Бишовець,Anatoliy Byshovets,head,1999-04-01,1999-10-01,en:Shakhtar-list,rt:shakhtar-donetsk,high,
1999,shakhtar-donetsk,Олексій Дрозденко,Oleksiy Drozdenko,caretaker,1999-10-01,1999-11-16,en:Shakhtar-list,rt:shakhtar-donetsk,high,
1999,shakhtar-donetsk,Віктор Прокопенко,Viktor Prokopenko,head,1999-11-17,2001-10-12,en:Shakhtar-list,rt:shakhtar-donetsk,high,
2000,dynamo-kyiv,Валерій Лобановський,Valeriy Lobanovskyi,head,1997-01,2002-05-07,en:Dynamo-list,rt:dynamo-kyiv,high,
2000,shakhtar-donetsk,Віктор Прокопенко,Viktor Prokopenko,head,1999-11-17,2001-10-12,en:Shakhtar-list,rt:shakhtar-donetsk,high,
2000,dnipro,Микола Федоренко,Mykola Fedorenko,head,1999,2001,rt:dnipro,ru:2000/01,medium,
2000,mariupol,Микола Павлов,Mykola Pavlov,head,1997,2004,rt:mariupol,ru:2000/01,high,
2000,metalurh-donetsk,Семен Альтман,Semen Altman,head,1999,2002,rt:metalurh-donetsk,ru:2000/01,high,
2000,cska-kyiv,Михайло Фоменко,Mykhailo Fomenko,head,2000,2001,rt:cska-kyiv,ru:2000/01,medium,
2000,tavriya-simferopol,Володимир Мунтян,Volodymyr Muntyan,head,2000,2000,rt:tavriya-simferopol,ru:2000/01,low,
2000,tavriya-simferopol,Олександр Іщенко,Oleksandr Ishchenko,head,2000,2001,rt:tavriya-simferopol,ru:2000/01,low,
2000,tavriya-simferopol,Валерій Петров,Valeriy Petrov,head,2001,2002,rt:tavriya-simferopol,ru:2000/01,low,
2000,metalurh-zaporizhzhia,Мирон Маркевич,Myron Markevych,head,1999,2001,rt:metalurh-zaporizhzhia,ru:2000/01,medium,
2000,metalurh-zaporizhzhia,Володимир Атаманюк,Volodymyr Atamanyuk,head,2001,2001,rt:metalurh-zaporizhzhia,ru:2000/01,low,
2000,metalist-kharkiv,Михайло Фоменко,Mykhailo Fomenko,head,1996,2000,rt:metalist-kharkiv,ru:2000/01,medium,
2000,metalist-kharkiv,Леонід Ткаченко,Leonid Tkachenko,head,2000,2000,rt:metalist-kharkiv,ru:2000/01,low,
2000,metalist-kharkiv,Віктор Удовенко,Viktor Udovenko,head,2001,2001,rt:metalist-kharkiv,ru:2000/01,low,
2000,karpaty-lviv,Лев Броварський,Lev Brovarskyi,head,1999,2001,rt:karpaty-lviv,ru:2000/01,low,ru season table lists Yurchyshyn as head
2000,karpaty-lviv,Степан Юрчишин,Stepan Yurchyshyn,head,2001,2001,rt:karpaty-lviv,ru:2000/01,low,
2000,kryvbas,Олег Таран,Oleh Taran,head,1997,2000,rt:kryvbas,ru:2000/01,medium,
2000,kryvbas,Геннадій Литовченко,Hennadiy Lytovchenko,head,2000,2001,rt:kryvbas,ru:2000/01,medium,
2000,vorskla-poltava,Анатолій Коньков,Anatoliy Konkov,head,1999,2000,rt:vorskla-poltava,ru:2000/01,low,
2000,vorskla-poltava,Сергій Морозов,Serhiy Morozov,head,2000,2001,rt:vorskla-poltava,ru:2000/01,low,
2000,stal-alchevsk,Анатолій Волобуєв,Anatoliy Volobuyev,head,1999,2001,rt:stal-alchevsk,ru:2000/01,medium,
2000,nyva-ternopil,Ігор Яворський,Ihor Yavorskyi,head,2000,2001,rt:nyva-ternopil,ru:2000/01,medium,
2001,shakhtar-donetsk,Віктор Прокопенко,Viktor Prokopenko,head,1999-11-17,2001-10-12,en:Shakhtar-list,rt:shakhtar-donetsk,high,
2001,shakhtar-donetsk,Валерій Яремченко,Valeriy Yaremchenko,head,2001-10-12,2002-01-08,en:Shakhtar-list,rt:shakhtar-donetsk,high,
2001,shakhtar-donetsk,Невіо Скала,Nevio Scala,head,2002-01-09,2002-09-18,en:Shakhtar-list,wd:P6087,high,
2001,dynamo-kyiv,Валерій Лобановський,Valeriy Lobanovskyi,head,1997-01,2002-05-07,en:Dynamo-list,wd:P6087,high,
2001,dynamo-kyiv,Олексій Михайличенко,Oleksiy Mykhaylychenko,head,2002-05,2004-08,en:Dynamo-list,wd:P6087,high,
2001,metalurh-donetsk,Семен Альтман,Semen Altman,head,1999,2002,rt:metalurh-donetsk,ru:2001/02,high,
2001,metalurh-zaporizhzhia,Володимир Атаманюк,Volodymyr Atamanyuk,head,2001,2001,rt:metalurh-zaporizhzhia,ru:2001/02,low,
2001,metalurh-zaporizhzhia,Олег Таран,Oleh Taran,head,2001,2002,rt:metalurh-zaporizhzhia,ru:2001/02,medium,
2001,metalist-kharkiv,Михайло Фоменко,Mykhailo Fomenko,head,2001,2002,rt:metalist-kharkiv,ru:2001/02,medium,
2001,dnipro,Олександр Лисенко,Oleksandr Lysenko,caretaker,2001,2001,rt:dnipro,ru:2001/02,low,
2001,dnipro,Євген Кучеревський,Yevhen Kucherevskyi,head,2002,2005,rt:dnipro,ru:2001/02,medium,
2001,tavriya-simferopol,Валерій Петров,Valeriy Petrov,head,2001,2002,rt:tavriya-simferopol,ru:2001/02,low,
2001,tavriya-simferopol,Анатолій Заяєв,Anatoliy Zayaev,head,2002,2004,rt:tavriya-simferopol,ru:2001/02,medium,
2001,karpaty-lviv,Степан Юрчишин,Stepan Yurchyshyn,head,2001,2001,rt:karpaty-lviv,ru:2001/02,low,
2001,karpaty-lviv,Мирон Маркевич,Myron Markevych,head,2001,2002,rt:karpaty-lviv,ru:2001/02,medium,
2001,karpaty-lviv,Володимир Журавчак,Volodymyr Zhuravchak,head,2002,2002,rt:karpaty-lviv,ru:2001/02,low,
2001,kryvbas,Геннадій Литовченко,Hennadiy Lytovchenko,head,2000,2001,rt:kryvbas,ru:2001/02,medium,
2001,kryvbas,Ігор Надєїн,Ihor Nadein,head,2002,2002,rt:kryvbas,ru:2001/02,medium,
2001,mariupol,Микола Павлов,Mykola Pavlov,head,1997,2004,rt:mariupol,ru:2001/02,high,
2001,vorskla-poltava,Андрій Баль,Andriy Bal,head,2001,2003,rt:vorskla-poltava,ru:2001/02,high,
2001,arsenal-kyiv,Олег Кузнецов,Oleh Kuznetsov,head,2001,2002,rt:cska-kyiv,ru:2001/02,low,CSKA/Arsenal; sources disagree
2001,arsenal-kyiv,Володимир Безсонов,Volodymyr Bezsonov,head,2001,2001,ru:2001/02,,low,single source
2001,oleksandriya,Роман Покора,Roman Pokora,head,2000,2003,rt:oleksandriya,ru:2001/02,medium,
2001,hoverla-uzhhorod,Юрій Калитвинцев,Yuriy Kalitvintsev,head,2001,2002,rt:hoverla-uzhhorod,ru:2001/02,high,
2002,dynamo-kyiv,Олексій Михайличенко,Oleksiy Mykhaylychenko,head,2002-05,2004-08,en:Dynamo-list,rt:dynamo-kyiv,high,
2002,shakhtar-donetsk,Невіо Скала,Nevio Scala,head,2002-01-09,2002-09-18,en:Shakhtar-list,ru:2002/03,high,
2002,shakhtar-donetsk,Валерій Яремченко,Valeriy Yaremchenko,head,2002-09-19,2003-06-12,en:Shakhtar-list,rt:shakhtar-donetsk,high,
2002,metalurh-donetsk,Семен Альтман,Semen Altman,head,1999,2002,rt:metalurh-donetsk,ru:2002/03,medium,
2002,metalurh-donetsk,Олександр Севідов,Oleksandr Sevidov,head,2003,2003,rt:metalurh-donetsk,ru:2002/03,medium,
2002,dnipro,Євген Кучеревський,Yevhen Kucherevskyi,head,2002,2005,rt:dnipro,ru:2002/03,high,
2002,arsenal-kyiv,В'ячеслав Грозний,Vyacheslav Hrozny,head,2002,2004,rt:arsenal-kyiv,ru:2002/03,high,
2002,volyn-lutsk,Віталій Кварцяний,Vitaliy Kvartsyanyi,head,2001,2003,rt:volyn-lutsk,ru:2002/03,medium,
2002,volyn-lutsk,Степан Павлов,Stepan Pavlov,caretaker,2003,2003,rt:volyn-lutsk,ru:2002/03,low,
2002,karpaty-lviv,Володимир Журавчак,Volodymyr Zhuravchak,head,2002,2002,rt:karpaty-lviv,ru:2002/03,low,
2002,karpaty-lviv,Лев Броварський,Lev Brovarskyi,head,2002,2002,rt:karpaty-lviv,ru:2002/03,low,
2002,karpaty-lviv,Валентин Ходукін,Valentyn Khodukin,head,2002,2002,rt:karpaty-lviv,ru:2002/03,low,
2002,karpaty-lviv,Іван Голац,Ivan Holats,head,2002,2003,rt:karpaty-lviv,ru:2002/03,medium,
2002,chornomorets-odesa,Олександр Скрипник,Oleksandr Skrypnyk,head,2001,2002,rt:chornomorets-odesa,ru:2002/03,low,
2002,chornomorets-odesa,Леонід Гайдаржи,Leonid Haidarzhi,head,2002,2003,rt:chornomorets-odesa,ru:2002/03,medium,
2002,chornomorets-odesa,Семен Альтман,Semen Altman,head,2003,2007,rt:chornomorets-odesa,ru:2002/03,medium,
2002,tavriya-simferopol,Анатолій Заяєв,Anatoliy Zayaev,head,2002,2004,rt:tavriya-simferopol,ru:2002/03,high,
2002,mariupol,Микола Павлов,Mykola Pavlov,head,1997,2004,rt:mariupol,ru:2002/03,high,
2002,vorskla-poltava,Андрій Баль,Andriy Bal,head,2001,2003,rt:vorskla-poltava,ru:2002/03,high,
2002,kryvbas,Ігор Надєїн,Ihor Nadein,head,2002,2002,rt:kryvbas,ru:2002/03,medium,
2002,kryvbas,Олександр Іщенко,Oleksandr Ishchenko,head,2002,2003,rt:kryvbas,ru:2002/03,medium,
2002,oleksandriya,Роман Покора,Roman Pokora,head,2000,2003,rt:oleksandriya,ru:2002/03,medium,
2002,obolon-kyiv,Петро Слободян,Petro Slobodyan,head,2002,2004,rt:obolon-kyiv,ru:2002/03,high,
2002,metalurh-zaporizhzhia,Олег Таран,Oleh Taran,head,2001,2002,rt:metalurh-zaporizhzhia,ru:2002/03,medium,
2002,metalurh-zaporizhzhia,Олег Лутков,Oleh Lutkov,head,2002,2002,rt:metalurh-zaporizhzhia,ru:2002/03,low,
2002,metalurh-zaporizhzhia,Ігор Надєїн,Ihor Nadein,head,2002,2002,rt:metalurh-zaporizhzhia,ru:2002/03,low,
2002,metalurh-zaporizhzhia,Іван Каталінич,Ivan Katalynych,head,2003,2003,rt:metalurh-zaporizhzhia,ru:2002/03,medium,
2002,metalist-kharkiv,Михайло Фоменко,Mykhailo Fomenko,head,2001,2002,rt:metalist-kharkiv,ru:2002/03,medium,
2002,metalist-kharkiv,Валентин Крячко,Valentyn Kryachko,head,2002,2003,rt:metalist-kharkiv,ru:2002/03,medium,
2003,dynamo-kyiv,Олексій Михайличенко,Oleksiy Mykhaylychenko,head,2002-05,2004-08,en:Dynamo-list,rt:dynamo-kyiv,high,
2003,shakhtar-donetsk,Валерій Яремченко,Valeriy Yaremchenko,head,2002-09-19,2003-06-12,en:Shakhtar-list,rt:shakhtar-donetsk,high,
2003,shakhtar-donetsk,Бернд Шустер,Bernd Schuster,head,2003-06-13,2004-05-05,en:Shakhtar-list,rt:shakhtar-donetsk,high,
2003,shakhtar-donetsk,Віктор Прокопенко,Viktor Prokopenko,caretaker,2004-05-08,2004-05-16,en:Shakhtar-list,rt:shakhtar-donetsk,high,
2003,shakhtar-donetsk,Мірча Луческу,Mircea Lucescu,head,2004-05-17,2016-05-21,en:Shakhtar-list,wd:P6087,high,
2003,dnipro,Євген Кучеревський,Yevhen Kucherevskyi,head,2002,2005,rt:dnipro,ru:2003/04,high,
2003,metalurh-donetsk,Олександр Севідов,Oleksandr Sevidov,head,2003,2003,rt:metalurh-donetsk,ru:2003/04,medium,
2003,metalurh-donetsk,Віллем Фреш,Willem Fresch,head,2003,2004,rt:metalurh-donetsk,ru:2003/04,medium,
2003,metalurh-donetsk,Тон Каанен,Ton Caanen,head,2004,2004,rt:metalurh-donetsk,ru:2003/04,medium,
2003,chornomorets-odesa,Семен Альтман,Semen Altman,head,2003,2007,rt:chornomorets-odesa,ru:2003/04,high,
2003,obolon-kyiv,Петро Слободян,Petro Slobodyan,head,2002,2004,rt:obolon-kyiv,ru:2003/04,high,
2003,borysfen-boryspil,Олександр Рябоконь,Oleksandr Ryabokon,head,2002,2004,rt:borysfen-boryspil,ru:2003/04,high,
2003,mariupol,Микола Павлов,Mykola Pavlov,head,1997,2004,rt:mariupol,ru:2003/04,high,
2003,arsenal-kyiv,В'ячеслав Грозний,Vyacheslav Hrozny,head,2002,2004,rt:arsenal-kyiv,ru:2003/04,high,
2003,arsenal-kyiv,Сергій Краковський,Serhiy Krakovskyi,caretaker,2004,2004,rt:arsenal-kyiv,ru:2003/04,medium,
2003,kryvbas,Володимир Мунтян,Volodymyr Muntyan,head,2003,2003,rt:kryvbas,ru:2003/04,medium,
2003,kryvbas,Валентин Ходукін,Valentyn Khodukin,head,2004,2004,rt:kryvbas,ru:2003/04,medium,
2003,metalurh-zaporizhzhia,Михайло Фоменко,Mykhailo Fomenko,head,2003,2003,rt:metalurh-zaporizhzhia,ru:2003/04,medium,
2003,metalurh-zaporizhzhia,Анатолій Юревич,Anatoliy Yurevich,head,2004,2004,rt:metalurh-zaporizhzhia,wd:P6087,medium,
2003,metalurh-zaporizhzhia,Сергій Боровський,Serhiy Borovskyi,head,2004,2004,rt:metalurh-zaporizhzhia,wd:P6087,medium,
2003,tavriya-simferopol,Анатолій Заяєв,Anatoliy Zayaev,head,2002,2004,rt:tavriya-simferopol,ru:2003/04,high,
2003,volyn-lutsk,Віталій Кварцяний,Vitaliy Kvartsyanyi,head,2003,2011,rt:volyn-lutsk,ru:2003/04,high,
2003,vorskla-poltava,Андрій Баль,Andriy Bal,head,2001,2003,rt:vorskla-poltava,ru:2003/04,medium,
2003,vorskla-poltava,Олег Моргун,Oleh Morhun,caretaker,2003,2003,rt:vorskla-poltava,ru:2003/04,medium,
2003,vorskla-poltava,Олег Долматов,Oleh Dolmatov,head,2003,2003,rt:vorskla-poltava,ru:2003/04,medium,
2003,vorskla-poltava,Володимир Лозинський,Volodymyr Lozynskyi,head,2004,2004,rt:vorskla-poltava,ru:2003/04,medium,
2003,karpaty-lviv,Іван Голац,Ivan Holats,head,2002,2003,rt:karpaty-lviv,ru:2003/04,medium,
2003,karpaty-lviv,Мирон Маркевич,Myron Markevych,head,2003,2004,rt:karpaty-lviv,ru:2003/04,medium,
2003,karpaty-lviv,Юрій Дячук-Ставицький,Yuriy Dyachuk-Stavytskyi,head,2004,2006,rt:karpaty-lviv,ru:2003/04,medium,
2003,zirka-kropyvnytskyi,Юрій Коваль,Yuriy Koval,head,2000,2004,rt:zirka-kropyvnytskyi,ru:2003/04,high,
2004,shakhtar-donetsk,Мірча Луческу,Mircea Lucescu,head,2004-05-17,2016-05-21,en:Shakhtar-list,wd:P6087,high,
2004,dynamo-kyiv,Олексій Михайличенко,Oleksiy Mykhaylychenko,head,2002-05,2004-08,en:Dynamo-list,rt:dynamo-kyiv,high,
2004,dynamo-kyiv,Йожеф Сабо,Yozhef Sabo,head,2004-08,2005,en:Dynamo-list,rt:dynamo-kyiv,high,
2004,metalurh-donetsk,Тон Каанен,Ton Caanen,head,2004,2004,rt:metalurh-donetsk,ru:2004/05,medium,
2004,metalurh-donetsk,Славолюб Муслін,Slobodan Muslin,head,2004,2005,rt:metalurh-donetsk,ru:2004/05,medium,
2004,dnipro,Євген Кучеревський,Yevhen Kucherevskyi,head,2002,2005,rt:dnipro,ru:2004/05,high,
2004,mariupol,Микола Павлов,Mykola Pavlov,head,1997,2004,rt:mariupol,ru:2004/05,medium,
2004,mariupol,Іван Балан,Ivan Balan,head,2004,2007,rt:mariupol,wd:P6087,high,wikidata lists 2001-2007
2004,chornomorets-odesa,Семен Альтман,Semen Altman,head,2003,2007,rt:chornomorets-odesa,ru:2004/05,high,
2004,tavriya-simferopol,Анатолій Заяєв,Anatoliy Zayaev,head,2002,2004,rt:tavriya-simferopol,ru:2004/05,medium,
2004,tavriya-simferopol,Олег Федорчук,Oleh Fedorchuk,head,2005,2005,rt:tavriya-simferopol,ru:2004/05,medium,
2004,volyn-lutsk,Віталій Кварцяний,Vitaliy Kvartsyanyi,head,2003,2011,rt:volyn-lutsk,ru:2004/05,medium,ru season table lists Ryabokon as head (conflict)
2004,arsenal-kyiv,Олександр Баранов,Oleksandr Baranov,head,2004,2005,rt:arsenal-kyiv,ru:2004/05,high,
2004,arsenal-kyiv,Ігор Бабінчук,Ihor Babinchuk,caretaker,2005,2005,rt:arsenal-kyiv,ru:2004/05,medium,
2004,metalurh-zaporizhzhia,Валерій Яремченко,Valeriy Yaremchenko,head,2004,2005,rt:metalurh-zaporizhzhia,ru:2004/05,high,
2004,metalist-kharkiv,Геннадій Литовченко,Hennadiy Lytovchenko,head,2003,2004,rt:metalist-kharkiv,ru:2004/05,medium,
2004,metalist-kharkiv,Олександр Заваров,Oleksandr Zavarov,head,2005,2005,rt:metalist-kharkiv,ru:2004/05,medium,
2004,hoverla-uzhhorod,Віктор Ряшко,Viktor Ryashko,head,2002,2005,rt:hoverla-uzhhorod,ru:2004/05,high,
2004,kryvbas,Валентин Ходукін,Valentyn Khodukin,head,2004,2004,rt:kryvbas,ru:2004/05,medium,
2004,kryvbas,Анатолій Пісковець,Anatoliy Piskovets,head,2004,2004,rt:kryvbas,ru:2004/05,medium,
2004,kryvbas,Андрій Купцов,Andriy Kuptsov,caretaker,2004,2004,rt:kryvbas,ru:2004/05,medium,
2004,kryvbas,Олександр Косевич,Oleksandr Kosevych,head,2004,2006,rt:kryvbas,ru:2004/05,high,
2004,vorskla-poltava,Володимир Мунтян,Volodymyr Muntyan,head,2004,2005,rt:vorskla-poltava,wd:P6087,high,
2004,obolon-kyiv,Петро Слободян,Petro Slobodyan,head,2002,2004,rt:obolon-kyiv,ru:2004/05,medium,
2004,obolon-kyiv,Олександр Рябоконь,Oleksandr Ryabokon,head,2005,2005,rt:obolon-kyiv,ru:2004/05,medium,
2004,borysfen-boryspil,Олександр Рябоконь,Oleksandr Ryabokon,head,2002,2004,rt:borysfen-boryspil,ru:2004/05,medium,
2004,borysfen-boryspil,Степан Матвіїв,Stepan Matviiv,head,2005,2005,rt:borysfen-boryspil,ru:2004/05,medium,
2005,shakhtar-donetsk,Мірча Луческу,Mircea Lucescu,head,2004-05-17,2016-05-21,en:Shakhtar-list,wd:P6087,high,
2005,dynamo-kyiv,Йожеф Сабо,Yozhef Sabo,head,2004-08,2005,en:Dynamo-list,rt:dynamo-kyiv,high,
2005,dynamo-kyiv,Леонід Буряк,Leonid Buryak,head,2005,2005,en:Dynamo-list,rt:dynamo-kyiv,high,
2005,dynamo-kyiv,Анатолій Дем'яненко,Anatoliy Demyanenko,head,2005,2007-09,en:Dynamo-list,rt:dynamo-kyiv,high,
2005,chornomorets-odesa,Семен Альтман,Semen Altman,head,2003,2007,rt:chornomorets-odesa,ru:2005/06,high,
2005,mariupol,Іван Балан,Ivan Balan,head,2004,2007,rt:mariupol,ru:2005/06,high,
2005,metalist-kharkiv,Мирон Маркевич,Myron Markevych,head,2005,2014-02-24,rt:metalist-kharkiv,ru:2005/06,high,
2005,dnipro,Євген Кучеревський,Yevhen Kucherevskyi,head,2002,2005,rt:dnipro,ru:2005/06,high,
2005,dnipro,Вадим Тищенко,Vadym Tyshchenko,caretaker,2005,2005,rt:dnipro,ru:2005/06,medium,
2005,dnipro,Олег Протасов,Oleh Protasov,head,2006,2008-08-29,rt:dnipro,en:2008-09,high,
2005,tavriya-simferopol,Олег Федорчук,Oleh Fedorchuk,head,2005,2005,rt:tavriya-simferopol,ru:2005/06,medium,
2005,tavriya-simferopol,Михайло Фоменко,Mykhailo Fomenko,head,2006,2008,rt:tavriya-simferopol,ru:2005/06,medium,
2005,metalurh-zaporizhzhia,Валерій Яремченко,Valeriy Yaremchenko,head,2004,2005,rt:metalurh-zaporizhzhia,ru:2005/06,medium,
2005,metalurh-zaporizhzhia,Анатолій Чанцев,Anatoly Chantsev,head,2005,2005,rt:metalurh-zaporizhzhia,ru:2005/06,medium,
2005,metalurh-zaporizhzhia,В'ячеслав Грозний,Vyacheslav Hrozny,head,2005,2006,rt:metalurh-zaporizhzhia,ru:2005/06,medium,
2005,metalurh-donetsk,Віталій Шевченко,Vitaliy Shevchenko,head,2005,2005,rt:metalurh-donetsk,ru:2005/06,medium,
2005,metalurh-donetsk,Олександр Севідов,Oleksandr Sevidov,head,2005,2006,rt:metalurh-donetsk,ru:2005/06,medium,
2005,vorskla-poltava,Віктор Носов,Viktor Nosov,head,2005,2007,rt:vorskla-poltava,ru:2005/06,high,
2005,stal-alchevsk,Анатолій Волобуєв,Anatoliy Volobuyev,head,2002,2006,rt:stal-alchevsk,ru:2005/06,high,
2005,arsenal-kyiv,Олександр Заваров,Oleksandr Zavarov,head,2005,2007,rt:arsenal-kyiv,ru:2005/06,high,
2005,fc-kharkiv,Геннадій Литовченко,Hennadiy Lytovchenko,head,2005,2006,rt:fc-kharkiv,ru:2005/06,high,
2005,kryvbas,Олександр Косевич,Oleksandr Kosevych,head,2004,2006,rt:kryvbas,ru:2005/06,high,
2005,volyn-lutsk,Віталій Кварцяний,Vitaliy Kvartsyanyi,head,2003,2011,rt:volyn-lutsk,ru:2005/06,high,
2005,hoverla-uzhhorod,Віктор Ряшко,Viktor Ryashko,head,2002,2005,rt:hoverla-uzhhorod,ru:2005/06,medium,
2005,hoverla-uzhhorod,Володимир Васютик,Volodymyr Vasyutyk,head,2005,2005,rt:hoverla-uzhhorod,ru:2005/06,medium,
2005,hoverla-uzhhorod,Петро Кушлик,Petro Kushlyk,head,2005,2007,rt:hoverla-uzhhorod,ru:2005/06,medium,
2006,dynamo-kyiv,Анатолій Дем'яненко,Anatoliy Demyanenko,head,2005,2007-09,en:Dynamo-list,en:2006-07,high,
2006,shakhtar-donetsk,Мірча Луческу,Mircea Lucescu,head,2004-05-17,2016-05-21,en:Shakhtar-list,en:2006-07,high,
2006,metalist-kharkiv,Мирон Маркевич,Myron Markevych,head,2005,2014-02-24,rt:metalist-kharkiv,en:2006-07,high,
2006,dnipro,Олег Протасов,Oleh Protasov,head,2006,2008-08-29,rt:dnipro,en:2006-07,high,
2006,tavriya-simferopol,Михайло Фоменко,Mykhailo Fomenko,head,2006,2008,rt:tavriya-simferopol,en:2006-07,high,
2006,chornomorets-odesa,Семен Альтман,Semen Altman,head,2003,2007-06,rt:chornomorets-odesa,en:2007-08,high,Shevchenko appointed 2007-06-27
2006,chornomorets-odesa,Віктор Догадайло,Viktor Dohadailo,caretaker,2007,2007,rt:chornomorets-odesa,ru:2006/07,medium,
2006,metalurh-zaporizhzhia,В'ячеслав Грозний,Vyacheslav Hrozny,head,2005,2006,rt:metalurh-zaporizhzhia,ru:2006/07,medium,
2006,metalurh-zaporizhzhia,Сергій Ященко,Serhiy Yashchenko,head,2006,2007,rt:metalurh-zaporizhzhia,ru:2006/07,medium,
2006,metalurh-zaporizhzhia,Анатолій Чанцев,Anatoly Chantsev,head,2007,2008,rt:metalurh-zaporizhzhia,en:2006-07,medium,
2006,karpaty-lviv,Юрій Дячук-Ставицький,Yuriy Dyachuk-Stavytskyi,head,2004,2006,rt:karpaty-lviv,ru:2006/07,medium,
2006,karpaty-lviv,Олександр Іщенко,Oleksandr Ishchenko,head,2006,2007,rt:karpaty-lviv,ru:2006/07,medium,
2006,metalurh-donetsk,Степан Матвіїв,Stepan Matviiv,head,2006,2006,rt:metalurh-donetsk,ru:2006/07,medium,
2006,metalurh-donetsk,Пічі Алонсо,Pichi Alonso,head,2006,2006,rt:metalurh-donetsk,wd:P6087,high,
2006,metalurh-donetsk,Ко Адріансе,Co Adriaanse,head,2006,2007,rt:metalurh-donetsk,ru:2006/07,medium,
2006,metalurh-donetsk,Йос Дарден,Jos Daerden,head,2007,2007,rt:metalurh-donetsk,ru:2006/07,medium,
2006,kryvbas,Олександр Косевич,Oleksandr Kosevych,head,2004,2006,rt:kryvbas,ru:2006/07,medium,
2006,kryvbas,Олег Таран,Oleh Taran,head,2007,2010-01-12,rt:kryvbas,ru:2006/07,medium,
2006,zorya-luhansk,Юрій Коваль,Yuriy Koval,head,2004,2006,rt:zorya-luhansk,ru:2006/07,medium,
2006,zorya-luhansk,Юрій Малигін,Yuriy Malyhin,caretaker,2006,2007,rt:zorya-luhansk,ru:2006/07,medium,
2006,zorya-luhansk,Володимир Безсонов,Volodymyr Bezsonov,head,2006,2006,rt:zorya-luhansk,ru:2006/07,medium,
2006,zorya-luhansk,Олександр Косевич,Oleksandr Kosevych,head,2007,2008,rt:zorya-luhansk,ru:2006/07,medium,
2006,fc-kharkiv,Геннадій Литовченко,Hennadiy Lytovchenko,head,2005,2006,rt:fc-kharkiv,ru:2006/07,medium,
2006,fc-kharkiv,Володимир Кулаєв,Volodymyr Kulayev,head,2006,2006,rt:fc-kharkiv,ru:2006/07,medium,
2006,fc-kharkiv,Михайло Стельмах,Mykhailo Stelmakh,caretaker,2006,2006,rt:fc-kharkiv,ru:2006/07,medium,
2006,fc-kharkiv,Володимир Безсонов,Volodymyr Bezsonov,head,2006,2008,rt:fc-kharkiv,ru:2006/07,high,
2006,vorskla-poltava,Віктор Носов,Viktor Nosov,head,2005,2007,rt:vorskla-poltava,ru:2006/07,high,
2006,arsenal-kyiv,Олександр Заваров,Oleksandr Zavarov,head,2005,2007,rt:arsenal-kyiv,ru:2006/07,high,
2006,mariupol,Іван Балан,Ivan Balan,head,2004,2007,rt:mariupol,ru:2006/07,medium,
2006,mariupol,Олександр Червоний,Oleksandr Chervonyi,caretaker,2007,2007,rt:mariupol,ru:2006/07,medium,
2006,mariupol,Юрій Керман,Yuriy Kerman,head,2007,2007,rt:mariupol,ru:2006/07,medium,
2006,stal-alchevsk,Микола Павлов,Mykola Pavlov,head,2006,2006,rt:stal-alchevsk,ru:2006/07,medium,
2006,stal-alchevsk,Тон Каанен,Ton Caanen,head,2006,2007,rt:stal-alchevsk,ru:2006/07,high,
2007,shakhtar-donetsk,Мірча Луческу,Mircea Lucescu,head,2004-05-17,2016-05-21,en:Shakhtar-list,en:2007-08,high,
2007,dynamo-kyiv,Анатолій Дем'яненко,Anatoliy Demyanenko,head,2005,2007-09,en:Dynamo-list,en:2007-08,high,
2007,dynamo-kyiv,Йожеф Сабо,Yozhef Sabo,head,2007-09,2007-11,en:Dynamo-list,rt:dynamo-kyiv,high,
2007,dynamo-kyiv,Олег Лужний,Oleh Luzhnyi,caretaker,2007-11,2007-12,en:Dynamo-list,rt:dynamo-kyiv,high,
2007,dynamo-kyiv,Юрій Сьомін,Yuri Semin,head,2007-12-08,2009-05-26,en:Dynamo-list,rt:dynamo-kyiv,high,
2007,metalist-kharkiv,Мирон Маркевич,Myron Markevych,head,2005,2014-02-24,rt:metalist-kharkiv,en:2007-08,high,
2007,dnipro,Олег Протасов,Oleh Protasov,head,2006,2008-08-29,rt:dnipro,en:2008-09,high,
2007,tavriya-simferopol,Михайло Фоменко,Mykhailo Fomenko,head,2006,2008,rt:tavriya-simferopol,en:2007-08,high,
2007,arsenal-kyiv,Олександр Заваров,Oleksandr Zavarov,head,2005,2010-01-28,rt:arsenal-kyiv,en:2009-10,high,Yevseyev acting 2007
2007,chornomorets-odesa,Віталій Шевченко,Vitaliy Shevchenko,head,2007-06-27,2008-11-04,en:2007-08,en:2008-09,high,
2007,vorskla-poltava,Віктор Носов,Viktor Nosov,head,2005,2007,rt:vorskla-poltava,en:2007-08,medium,
2007,vorskla-poltava,Анатолій Момот,Anatoliy Momot,caretaker,2007,2007,rt:vorskla-poltava,en:2007-08,medium,
2007,vorskla-poltava,Микола Павлов,Mykola Pavlov,head,2008,2012-05-29,rt:vorskla-poltava,en:2012-13,high,
2007,metalurh-zaporizhzhia,Анатолій Чанцев,Anatoly Chantsev,head,2007,2008,rt:metalurh-zaporizhzhia,en:2007-08,medium,
2007,karpaty-lviv,Олександр Іщенко,Oleksandr Ishchenko,head,2006,2007,rt:karpaty-lviv,en:2007-08,medium,
2007,karpaty-lviv,Юрій Дячук-Ставицький,Yuriy Dyachuk-Stavytskyi,head,2007,2007,rt:karpaty-lviv,ru:2007/08,medium,
2007,karpaty-lviv,Валерій Яремченко,Valeriy Yaremchenko,head,2007,2008,rt:karpaty-lviv,en:2007-08,high,
2007,zorya-luhansk,Олександр Косевич,Oleksandr Kosevych,head,2007,2008,rt:zorya-luhansk,en:2007-08,medium,
2007,zorya-luhansk,Анатолій Волобуєв,Anatoliy Volobuyev,head,2008,2009,rt:zorya-luhansk,en:2007-08,medium,
2007,metalurh-donetsk,Йос Дарден,Jos Daerden,head,2007,2007,rt:metalurh-donetsk,en:2007-08,medium,
2007,metalurh-donetsk,Сергій Ященко,Serhiy Yashchenko,head,2007,2008,rt:metalurh-donetsk,ru:2007/08,medium,
2007,metalurh-donetsk,Нікола Костов,Nikolay Kostov,head,2008,2010-11-12,rt:metalurh-donetsk,en:2010-11,high,
2007,kryvbas,Олег Таран,Oleh Taran,head,2007,2010-01-12,rt:kryvbas,en:2007-08,high,
2007,fc-kharkiv,Володимир Безсонов,Volodymyr Bezsonov,head,2006,2008,rt:fc-kharkiv,en:2007-08,high,
2007,naftovyk-okhtyrka,Сергій Шевченко,Serhiy Shevchenko,head,2002,2007,rt:naftovyk-okhtyrka,en:2007-08,medium,
2007,naftovyk-okhtyrka,Віктор Іщенко,Viktor Ishchenko,caretaker,2007,2007,rt:naftovyk-okhtyrka,en:2007-08,medium,
2007,naftovyk-okhtyrka,Валерій Городов,Valeriy Horodov,head,2007,2008,rt:naftovyk-okhtyrka,en:2007-08,medium,
2007,hoverla-uzhhorod,Петро Кушлик,Petro Kushlyk,head,2005,2007,rt:hoverla-uzhhorod,en:2007-08,medium,
2007,hoverla-uzhhorod,Володимир Шаран,Volodymyr Sharan,head,2007,2008,rt:hoverla-uzhhorod,en:2007-08,medium,
2007,hoverla-uzhhorod,Володимир Васютик,Volodymyr Vasyutyk,head,2008,2008,rt:hoverla-uzhhorod,en:2007-08,medium,
2008,dynamo-kyiv,Юрій Сьомін,Yuri Semin,head,2007-12-08,2009-05-26,en:Dynamo-list,en:2008-09,high,
2008,shakhtar-donetsk,Мірча Луческу,Mircea Lucescu,head,2004-05-17,2016-05-21,en:Shakhtar-list,en:2008-09,high,
2008,metalist-kharkiv,Мирон Маркевич,Myron Markevych,head,2005,2014-02-24,rt:metalist-kharkiv,en:2008-09,high,
2008,metalurh-donetsk,Нікола Костов,Nikolay Kostov,head,2008,2010-11-12,rt:metalurh-donetsk,en:2008-09,high,
2008,vorskla-poltava,Микола Павлов,Mykola Pavlov,head,2008,2012-05-29,rt:vorskla-poltava,en:2008-09,high,
2008,dnipro,Олег Протасов,Oleh Protasov,head,2006,2008-08-29,en:2008-09,rt:dnipro,high,
2008,dnipro,Володимир Безсонов,Volodymyr Bezsonov,head,2008-08-29,2010-09-18,en:2008-09,en:2010-11,high,acting at first then permanent
2008,metalurh-zaporizhzhia,Анатолій Чанцев,Anatoly Chantsev,head,2007,2008,rt:metalurh-zaporizhzhia,en:2008-09,medium,
2008,metalurh-zaporizhzhia,Юрій Вернидуб,Yuriy Vernydub,head,2008,2008,rt:metalurh-zaporizhzhia,en:2008-09,low,
2008,metalurh-zaporizhzhia,Олег Лутков,Oleh Lutkov,head,2008,2009-09-03,rt:metalurh-zaporizhzhia,en:2009-10,high,
2008,tavriya-simferopol,Михайло Фоменко,Mykhailo Fomenko,head,2006,2008,rt:tavriya-simferopol,en:2008-09,medium,
2008,tavriya-simferopol,Сергій Пучков,Serhiy Puchkov,head,2008,2010-09-22,rt:tavriya-simferopol,en:2010-11,high,
2008,karpaty-lviv,Олег Кононов,Oleg Kononov,head,2008,2011-10-17,rt:karpaty-lviv,wd:P6087,high,
2008,chornomorets-odesa,Віталій Шевченко,Vitaliy Shevchenko,head,2007-06-27,2008-11-04,en:2008-09,rt:chornomorets-odesa,high,
2008,chornomorets-odesa,Віктор Гришко,Viktor Hryshko,caretaker,2008-11-04,2009-08-10,en:2008-09,en:2009-10,high,acting then permanent
2008,arsenal-kyiv,Олександр Заваров,Oleksandr Zavarov,head,2005,2010-01-28,en:2008-09,en:2009-10,high,
2008,kryvbas,Олег Таран,Oleh Taran,head,2007,2010-01-12,rt:kryvbas,en:2009-10,high,
2008,zorya-luhansk,Анатолій Волобуєв,Anatoliy Volobuyev,head,2008,2009,rt:zorya-luhansk,ru:2008/09,medium,
2008,zorya-luhansk,Юрій Дудник,Yuriy Dudnyk,caretaker,2009,2009,rt:zorya-luhansk,en:2008-09,medium,
2008,mariupol,Олександр Іщенко,Oleksandr Ishchenko,head,2007,2008-09-05,en:2008-09,rt:mariupol,medium,en wiki row club ambiguous
2008,mariupol,Ілля Близнюк,Ilya Bliznyuk,head,2008-09-05,2010-11-01,en:2008-09,en:2010-11,high,
2008,fc-lviv-2008,Степан Юрчишин,Stepan Yurchyshyn,head,2007,2008,rt:fc-lviv-2008,en:2008-09,medium,
2008,fc-lviv-2008,Роман Лаба,Roman Laba,caretaker,2008,2008,rt:fc-lviv-2008,en:2008-09,medium,
2008,fc-lviv-2008,Сергій Ковалець,Serhiy Kovalets,head,2008,2009,rt:fc-lviv-2008,en:2008-09,high,
2008,fc-kharkiv,Михайло Стельмах,Mykhailo Stelmakh,head,2008,2010,rt:fc-kharkiv,en:2008-09,high,
2009,shakhtar-donetsk,Мірча Луческу,Mircea Lucescu,head,2004-05-17,2016-05-21,en:Shakhtar-list,en:2009-10,high,
2009,dynamo-kyiv,Валерій Газзаєв,Valery Gazzaev,head,2009-06-01,2010-10-01,en:2009-10,en:Dynamo-list,high,
2009,metalist-kharkiv,Мирон Маркевич,Myron Markevych,head,2005,2014-02-24,en:2009-10,rt:metalist-kharkiv,high,
2009,dnipro,Володимир Безсонов,Volodymyr Bezsonov,head,2008-08-29,2010-09-18,en:2009-10,rt:dnipro,high,
2009,karpaty-lviv,Олег Кононов,Oleg Kononov,head,2008,2011-10-17,en:2009-10,rt:karpaty-lviv,high,
2009,tavriya-simferopol,Сергій Пучков,Serhiy Puchkov,head,2008,2010-09-22,en:2009-10,rt:tavriya-simferopol,high,
2009,arsenal-kyiv,Олександр Заваров,Oleksandr Zavarov,head,2005,2010-01-28,en:2009-10,rt:arsenal-kyiv,high,
2009,arsenal-kyiv,В'ячеслав Грозний,Vyacheslav Hrozny,head,2010-01-28,2010-04-16,en:2009-10,rt:arsenal-kyiv,high,
2009,arsenal-kyiv,Юрій Бакалов,Yuriy Bakalov,caretaker,2010-04-16,2010-04-22,en:2009-10,,medium,
2009,arsenal-kyiv,Василь Євсєєв,Vasyl Yevseyev,caretaker,2010-04-22,2010-04-30,en:2009-10,rt:arsenal-kyiv,medium,
2009,arsenal-kyiv,Юрій Бакалов,Yuriy Bakalov,head,2010-04-30,2011-06-02,en:2009-10,en:2011-12,high,
2009,metalurh-donetsk,Нікола Костов,Nikolay Kostov,head,2008,2010-11-12,en:2009-10,en:2010-11,high,
2009,metalurh-zaporizhzhia,Олег Лутков,Oleh Lutkov,head,2008,2009-09-03,en:2009-10,rt:metalurh-zaporizhzhia,high,
2009,metalurh-zaporizhzhia,Володимир Ходус,Volodymyr Khodus,caretaker,2009-09-03,2009-10-22,en:2009-10,rt:metalurh-zaporizhzhia,medium,
2009,metalurh-zaporizhzhia,Роман Григорчук,Roman Hryhorchuk,caretaker,2009-10-22,2009-11-07,en:2009-10,rt:metalurh-zaporizhzhia,medium,
2009,metalurh-zaporizhzhia,Володимир Ходус,Volodymyr Khodus,head,2009-11-08,2009-12-08,en:2009-10,rt:metalurh-zaporizhzhia,medium,
2009,metalurh-zaporizhzhia,Роман Григорчук,Roman Hryhorchuk,head,2009-12-08,2010-05-10,en:2009-10,en:2010-11,high,
2009,vorskla-poltava,Микола Павлов,Mykola Pavlov,head,2008,2012-05-29,en:2009-10,rt:vorskla-poltava,high,
2009,obolon-kyiv,Юрій Максимов,Yuriy Maksymov,head,2008-01,2009-12-25,en:2009-10,rt:obolon-kyiv,high,
2009,obolon-kyiv,Сергій Ковалець,Serhiy Kovalets,head,2010-01-14,2011-10-31,en:2009-10,en:2011-12,high,
2009,mariupol,Ілля Близнюк,Ilya Bliznyuk,head,2008-09-05,2010-11-01,en:2009-10,en:2010-11,high,
2009,zorya-luhansk,Юрій Дудник,Yuriy Dudnyk,caretaker,2009,2009-09-23,en:2009-10,rt:zorya-luhansk,high,
2009,zorya-luhansk,Юрій Коваль,Yuriy Koval,caretaker,2009-09-23,2009-12-29,en:2009-10,rt:zorya-luhansk,high,
2009,zorya-luhansk,Анатолій Чанцев,Anatoly Chantsev,head,2009-12-29,2011-11-27,en:2009-10,en:2011-12,high,
2009,kryvbas,Олег Таран,Oleh Taran,head,2007,2010-01-12,en:2009-10,rt:kryvbas,high,
2009,kryvbas,Юрій Максимов,Yuriy Maksymov,head,2010-01-12,2012-06-10,en:2009-10,en:2012-13,high,
2009,chornomorets-odesa,Віктор Гришко,Viktor Hryshko,head,2008-11-04,2009-08-10,en:2009-10,rt:chornomorets-odesa,high,
2009,chornomorets-odesa,Ігор Наконечний,Ihor Nakonechny,head,2009-08-12,2009-09-01,en:2009-10,rt:chornomorets-odesa,medium,
2009,chornomorets-odesa,Андрій Баль,Andriy Bal,caretaker,2009-09-01,2010,en:2009-10,rt:chornomorets-odesa,medium,temporary per en wiki; ru template: head 2009-2010
2009,hoverla-uzhhorod,Ігор Гамула,Ihor Hamula,head,2009,2011,en:2009-10,rt:hoverla-uzhhorod,high,
2010,shakhtar-donetsk,Мірча Луческу,Mircea Lucescu,head,2004-05-17,2016-05-21,en:2010-11,en:Shakhtar-list,high,
2010,dynamo-kyiv,Валерій Газзаєв,Valery Gazzaev,head,2009-06-01,2010-10-01,en:2010-11,en:Dynamo-list,high,
2010,dynamo-kyiv,Олег Лужний,Oleh Luzhnyi,caretaker,2010-10-01,2010-12-23,en:Dynamo-list,en:2010-11,high,
2010,dynamo-kyiv,Юрій Сьомін,Yuri Semin,head,2010-12-24,2012-09-24,en:Dynamo-list,en:2010-11,high,
2010,metalist-kharkiv,Мирон Маркевич,Myron Markevych,head,2005,2014-02-24,en:2010-11,rt:metalist-kharkiv,high,
2010,dnipro,Володимир Безсонов,Volodymyr Bezsonov,head,2008-08-29,2010-09-18,en:2010-11,rt:dnipro,high,
2010,dnipro,Вадим Тищенко,Vadym Tyshchenko,caretaker,2010-09-18,2010-10-01,en:2010-11,rt:dnipro,high,
2010,dnipro,Хуанде Рамос,Juande Ramos,head,2010-10-01,2014-05-22,en:2010-11,en:2014-15,high,
2010,karpaty-lviv,Олег Кононов,Oleg Kononov,head,2008,2011-10-17,en:2010-11,wd:P6087,high,
2010,vorskla-poltava,Микола Павлов,Mykola Pavlov,head,2008,2012-05-29,en:2010-11,rt:vorskla-poltava,high,
2010,tavriya-simferopol,Сергій Пучков,Serhiy Puchkov,head,2008,2010-09-22,en:2010-11,rt:tavriya-simferopol,high,
2010,tavriya-simferopol,Валерій Петров,Valeriy Petrov,caretaker,2010-09-22,2011-05-08,en:2010-11,rt:tavriya-simferopol,high,
2010,tavriya-simferopol,Олександр Шудрик,Oleksandr Shudryk,caretaker,2011-05-08,2011-06-09,en:2010-11,en:2011-12,high,
2010,metalurh-donetsk,Нікола Костов,Nikolay Kostov,head,2008,2010-11-12,en:2010-11,rt:metalurh-donetsk,high,
2010,metalurh-donetsk,Володимир П'ятенко,Volodymyr Pyatenko,caretaker,2010-11-12,2011-01-12,en:2010-11,rt:metalurh-donetsk,high,
2010,metalurh-donetsk,Андрій Гордєєв,Andrei Gordeyev,head,2011-01-12,2011-05-03,en:2010-11,rt:metalurh-donetsk,high,
2010,metalurh-donetsk,Володимир П'ятенко,Volodymyr Pyatenko,caretaker,2011-05-03,2011-06,en:2010-11,rt:metalurh-donetsk,high,
2010,arsenal-kyiv,Юрій Бакалов,Yuriy Bakalov,head,2010-04-30,2011-06-02,en:2010-11,en:2011-12,high,
2010,obolon-kyiv,Сергій Ковалець,Serhiy Kovalets,head,2010-01-14,2011-10-31,en:2010-11,en:2011-12,high,
2010,volyn-lutsk,Віталій Кварцяний,Vitaliy Kvartsyanyi,head,2003,2011-12-27,en:2010-11,en:2011-12,high,
2010,zorya-luhansk,Анатолій Чанцев,Anatoly Chantsev,head,2009-12-29,2011-11-27,en:2010-11,en:2011-12,high,
2010,kryvbas,Юрій Максимов,Yuriy Maksymov,head,2010-01-12,2012-06-10,en:2010-11,en:2012-13,high,
2010,mariupol,Ілля Близнюк,Ilya Bliznyuk,head,2008-09-05,2010-11-01,en:2010-11,rt:mariupol,high,
2010,mariupol,Олександр Волков,Oleksandr Volkov,caretaker,2010-11-01,2010-11-26,en:2010-11,rt:mariupol,high,
2010,mariupol,Валерій Яремченко,Valeriy Yaremchenko,head,2010-11-26,2011-10-06,en:2010-11,en:2011-12,high,
2010,sevastopol,Олег Лещинський,Oleh Leshchynskyi,head,2009,2010-06-19,en:2010-11,rt:sevastopol,medium,
2010,sevastopol,Сергій Шевченко,Serhiy Shevchenko,head,2010-06-19,2010-09-12,en:2010-11,rt:sevastopol,high,
2010,sevastopol,Олег Лещинський,Oleh Leshchynskyi,caretaker,2010-09-12,2010-12-21,en:2010-11,rt:sevastopol,high,
2010,sevastopol,Анжел Червенков,Angel Chervenkov,head,2010-12-21,2011,en:2010-11,rt:sevastopol,high,
2010,metalurh-zaporizhzhia,Роман Григорчук,Roman Hryhorchuk,head,2009-12-08,2010-05-10,en:2010-11,rt:metalurh-zaporizhzhia,high,
2010,metalurh-zaporizhzhia,Олег Лутков,Oleh Lutkov,head,2010-05-27,2011-05-04,en:2010-11,rt:metalurh-zaporizhzhia,high,
2010,metalurh-zaporizhzhia,Геннадій Негірєв,Hennadiy Nehiryev,caretaker,2011-05-04,2011-06,en:2010-11,rt:metalurh-zaporizhzhia,medium,
2011,shakhtar-donetsk,Мірча Луческу,Mircea Lucescu,head,2004-05-17,2016-05-21,en:Shakhtar-list,en:2011-12,high,
2011,dynamo-kyiv,Юрій Сьомін,Yuri Semin,head,2010-12-24,2012-09-24,en:Dynamo-list,en:2011-12,high,
2011,metalist-kharkiv,Мирон Маркевич,Myron Markevych,head,2005,2014-02-24,en:2011-12,rt:metalist-kharkiv,high,
2011,dnipro,Хуанде Рамос,Juande Ramos,head,2010-10-01,2014-05-22,en:2011-12,en:2014-15,high,
2011,arsenal-kyiv,Леонід Кучук,Leonid Kuchuk,head,2011-06-02,2013-01-01,en:2011-12,wd:P6087,high,
2011,tavriya-simferopol,Семен Альтман,Semen Altman,head,2011-06-09,2012-06-01,en:2011-12,en:2012-13,high,
2011,metalurh-donetsk,Володимир П'ятенко,Volodymyr Pyatenko,head,2011-05-03,2012-08-23,en:2010-11,en:2012-13,medium,caretaker from 2011-05-03; permanent status inferred
2011,vorskla-poltava,Микола Павлов,Mykola Pavlov,head,2008,2012-05-29,rt:vorskla-poltava,en:2012-13,high,
2011,chornomorets-odesa,Роман Григорчук,Roman Hryhorchuk,head,2011,2014-12-16,en:2011-12,wd:P286,medium,start 2011 (summer) approximate
2011,kryvbas,Юрій Максимов,Yuriy Maksymov,head,2010-01-12,2012-06-10,en:2011-12,en:2012-13,high,
2011,volyn-lutsk,Віталій Кварцяний,Vitaliy Kvartsyanyi,head,2003,2011-12-27,en:2011-12,rt:volyn-lutsk,high,
2011,volyn-lutsk,Анатолій Дем'яненко,Anatoliy Demyanenko,head,2012-01-08,2013-04-23,en:2011-12,en:2012-13,high,
2011,zorya-luhansk,Анатолій Чанцев,Anatoly Chantsev,head,2009-12-29,2011-11-27,en:2011-12,en:2010-11,high,
2011,zorya-luhansk,Юрій Вернидуб,Yuriy Vernydub,caretaker,2011-11-27,2011-12,en:2011-12,rt:zorya-luhansk,high,later permanent head to 2019
2011,karpaty-lviv,Олег Кононов,Oleg Kononov,head,2008,2011-10-17,en:2011-12,wd:P6087,high,
2011,karpaty-lviv,Павло Кучеров,Pavel Kucherov,caretaker,2011-10-19,2012-01-21,en:2011-12,rt:karpaty-lviv,high,
2011,karpaty-lviv,Володимир Шаран,Volodymyr Sharan,head,2012-01-21,2012-03-25,en:2011-12,rt:karpaty-lviv,high,
2011,karpaty-lviv,Юрій Дячук-Ставицький,Yuriy Dyachuk-Stavytskyi,caretaker,2012-03-25,2012-06-07,en:2011-12,en:2012-13,high,
2011,obolon-kyiv,Сергій Ковалець,Serhiy Kovalets,head,2010-01-14,2011-10-31,en:2011-12,rt:obolon-kyiv,high,
2011,obolon-kyiv,Василь Рац,Vasyl Rats,caretaker,2011-10-31,2011-11-26,en:2011-12,rt:obolon-kyiv,high,
2011,obolon-kyiv,Сергій Конюшенко,Serhiy Konyushenko,head,2011-11-26,2012,en:2011-12,rt:obolon-kyiv,high,
2011,oleksandriya,Володимир Шаран,Volodymyr Sharan,head,2010,2011-12-22,en:2011-12,rt:oleksandriya,high,
2011,oleksandriya,Леонід Буряк,Leonid Buryak,head,2011-12-27,2012-04-03,en:2011-12,rt:oleksandriya,high,
2011,oleksandriya,Андрій Купцов,Andriy Kuptsov,caretaker,2012-04-03,2012-06,en:2011-12,rt:oleksandriya,high,
2011,mariupol,Валерій Яремченко,Valeriy Yaremchenko,head,2010-11-26,2011-10-06,en:2011-12,en:2010-11,high,
2011,mariupol,Ігор Леонов,Ihor Leonov,caretaker,2011-10-06,2012-05-29,en:2011-12,en:2012-13,high,
2012,shakhtar-donetsk,Мірча Луческу,Mircea Lucescu,head,2004-05-17,2016-05-21,en:Shakhtar-list,en:2012-13,high,
2012,dynamo-kyiv,Юрій Сьомін,Yuri Semin,head,2010-12-24,2012-09-24,en:Dynamo-list,en:2012-13,high,
2012,dynamo-kyiv,Олег Блохін,Oleh Blokhin,head,2012-09-25,2012-10-06,en:2012-13,en:Dynamo-list,high,first spell; illness
2012,dynamo-kyiv,Олексій Михайличенко,Oleksiy Mykhaylychenko,caretaker,2012-10-06,2012-11-06,en:2012-13,wd:P6087,high,
2012,dynamo-kyiv,Олег Блохін,Oleh Blokhin,head,2012-11-06,2014-04-16,en:2012-13,en:2013-14,high,
2012,dnipro,Хуанде Рамос,Juande Ramos,head,2010-10-01,2014-05-22,en:2012-13,en:2014-15,high,
2012,metalist-kharkiv,Мирон Маркевич,Myron Markevych,head,2005,2014-02-24,en:2012-13,rt:metalist-kharkiv,high,
2012,metalurh-donetsk,Володимир П'ятенко,Volodymyr Pyatenko,head,2011-05-03,2012-08-23,en:2012-13,rt:metalurh-donetsk,medium,
2012,metalurh-donetsk,Юрій Максимов,Yuriy Maksymov,head,2012-08-23,2013-08-05,en:2012-13,en:2013-14,high,
2012,chornomorets-odesa,Роман Григорчук,Roman Hryhorchuk,head,2011,2014-12-16,en:2012-13,wd:P286,high,
2012,kryvbas,Віталій Кварцяний,Vitaliy Kvartsyanyi,head,2012-06-10,2012-07-11,en:2012-13,rt:kryvbas,high,
2012,kryvbas,Олег Таран,Oleh Taran,head,2012-07-12,2013-05-19,en:2012-13,wd:P286,high,appointed as interim
2012,arsenal-kyiv,Леонід Кучук,Leonid Kuchuk,head,2011-06-02,2013-01-01,en:2012-13,wd:P6087,high,
2012,arsenal-kyiv,Юрій Бакалов,Yuriy Bakalov,head,2013-01-01,2013-10-10,en:2012-13,en:2013-14,high,
2012,mariupol,Микола Павлов,Mykola Pavlov,head,2012-05-29,2015,en:2012-13,rt:mariupol,high,
2012,zorya-luhansk,Юрій Вернидуб,Yuriy Vernydub,head,2011-11-27,2019-05-31,en:2012-13,rt:zorya-luhansk,high,
2012,tavriya-simferopol,Олег Лужний,Oleh Luzhnyi,head,2012-06-06,2013-06-15,en:2012-13,en:2013-14,high,
2012,vorskla-poltava,Вадим Євтушенко,Vadym Yevtushenko,head,2012-06-07,2012-08-15,en:2012-13,rt:vorskla-poltava,high,
2012,vorskla-poltava,Сергій Свистун,Serhiy Svystun,caretaker,2012-08-15,2013-06-10,en:2012-13,wd:P286,high,
2012,volyn-lutsk,Анатолій Дем'яненко,Anatoliy Demyanenko,head,2012-01-08,2013-04-23,en:2012-13,rt:volyn-lutsk,high,
2012,volyn-lutsk,Анатолій Пісковець,Anatoliy Piskovets,caretaker,2013-04-23,2013-05-07,en:2012-13,rt:volyn-lutsk,high,
2012,volyn-lutsk,Віталій Кварцяний,Vitaliy Kvartsyanyi,caretaker,2013-05-07,2017,en:2012-13,rt:volyn-lutsk,high,interim then permanent
2012,karpaty-lviv,Юрій Дячук-Ставицький,Yuriy Dyachuk-Stavytskyi,caretaker,2012-03-25,2012-06-07,en:2012-13,en:2011-12,high,
2012,karpaty-lviv,Павло Кучеров,Pavel Kucherov,caretaker,2012-06-07,2012-07-29,en:2012-13,rt:karpaty-lviv,high,
2012,karpaty-lviv,Нікола Костов,Nikolay Kostov,head,2012-07-29,2013-05-04,en:2012-13,wd:P286,high,
2012,karpaty-lviv,Юрій Дячук-Ставицький,Yuriy Dyachuk-Stavytskyi,caretaker,2013-05-07,2013-06-19,en:2012-13,en:2013-14,high,
2012,hoverla-uzhhorod,Олександр Севідов,Oleksandr Sevidov,head,2011,2013-05-26,en:2012-13,rt:hoverla-uzhhorod,high,
2012,metalurh-zaporizhzhia,Анатолій Бузник,Anatoliy Buznyk,caretaker,2012-05-31,2012-07-13,en:2012-13,rt:metalurh-zaporizhzhia,high,
2012,metalurh-zaporizhzhia,Ігор Лучкевич,Ihor Luchkevych,caretaker,2012-07-14,2012-07-24,en:2012-13,rt:metalurh-zaporizhzhia,high,
2012,metalurh-zaporizhzhia,Сергій Ковалець,Serhiy Kovalets,head,2012-07-24,2012-08-31,en:2012-13,rt:metalurh-zaporizhzhia,high,
2012,metalurh-zaporizhzhia,Анатолій Заяєв,Anatoliy Zayaev,caretaker,2012-08-31,2012-09-06,en:2012-13,rt:metalurh-zaporizhzhia,high,
2012,metalurh-zaporizhzhia,Віталій Кварцяний,Vitaliy Kvartsyanyi,head,2012-09-06,2012-12-31,en:2012-13,rt:metalurh-zaporizhzhia,high,
2012,metalurh-zaporizhzhia,Сергій Зайцев,Serhiy Zaytsev,head,2013-01-01,2013-05-30,en:2012-13,en:2013-14,high,
2013,shakhtar-donetsk,Мірча Луческу,Mircea Lucescu,head,2004-05-17,2016-05-21,en:Shakhtar-list,en:2013-14,high,
2013,dnipro,Хуанде Рамос,Juande Ramos,head,2010-10-01,2014-05-22,en:2014-15,en:2013-14,high,
2013,metalist-kharkiv,Мирон Маркевич,Myron Markevych,head,2005,2014-02-24,en:2013-14,rt:metalist-kharkiv,high,
2013,metalist-kharkiv,Ігор Рахаєв,Ihor Rakhayev,caretaker,2014-02-24,2014-05-19,en:2013-14,wd:P286,high,permanent from 2014-05-19
2013,dynamo-kyiv,Олег Блохін,Oleh Blokhin,head,2012-11-06,2014-04-16,en:2013-14,en:2012-13,high,
2013,dynamo-kyiv,Сергій Ребров,Serhii Rebrov,caretaker,2014-04-17,2014-05-18,en:2013-14,wd:P6087,high,permanent from 2014-05-18
2013,chornomorets-odesa,Роман Григорчук,Roman Hryhorchuk,head,2011,2014-12-16,en:2013-14,wd:P286,high,
2013,metalurh-donetsk,Юрій Максимов,Yuriy Maksymov,head,2012-08-23,2013-08-05,en:2013-14,en:2012-13,high,
2013,metalurh-donetsk,Володимир П'ятенко,Volodymyr Pyatenko,caretaker,2013-08-05,2013-08-07,en:2013-14,rt:metalurh-donetsk,high,
2013,metalurh-donetsk,Сергій Ташуєв,Sergei Tashuyev,head,2013-08-07,2014-05-22,en:2013-14,en:2014-15,high,
2013,zorya-luhansk,Юрій Вернидуб,Yuriy Vernydub,head,2011-11-27,2019-05-31,en:2013-14,rt:zorya-luhansk,high,
2013,vorskla-poltava,Сергій Свистун,Serhiy Svystun,caretaker,2012-08-15,2013-06-10,en:2013-14,wd:P286,high,
2013,vorskla-poltava,Василь Сачко,Vasyl Sachko,head,2013-06-12,2013-07-04,en:2013-14,rt:vorskla-poltava,medium,unlicensed; Momot officially listed
2013,vorskla-poltava,Анатолій Момот,Anatoliy Momot,head,2013-07-04,2014-06-10,en:2013-14,en:2014-15,medium,
2013,mariupol,Микола Павлов,Mykola Pavlov,head,2012-05-29,2015,en:2013-14,rt:mariupol,high,
2013,sevastopol,Олег Кононов,Aleh Konanaw,head,2012,2013-08-10,en:2013-14,wd:P6087,high,
2013,sevastopol,Геннадій Орбу,Hennadiy Orbu,head,2013-08-10,2013-11-27,en:2013-14,rt:sevastopol,high,
2013,sevastopol,Сергій Коновалов,Serhiy Konovalov,caretaker,2013-11-27,2014-01-14,en:2013-14,rt:sevastopol,high,
2013,sevastopol,Анжел Червенков,Angel Chervenkov,head,2014-01-14,2014,en:2013-14,rt:sevastopol,high,
2013,karpaty-lviv,Юрій Дячук-Ставицький,Yuriy Dyachuk-Stavytskyi,caretaker,2013-05-07,2013-06-19,en:2013-14,en:2012-13,high,
2013,karpaty-lviv,Олександр Севідов,Oleksandr Sevidov,head,2013-06-19,2014-06-17,en:2013-14,en:2014-15,high,
2013,hoverla-uzhhorod,В'ячеслав Грозний,Vyacheslav Hrozny,head,2013-06-18,2016,en:2013-14,rt:hoverla-uzhhorod,high,
2013,volyn-lutsk,Віталій Кварцяний,Vitaliy Kvartsyanyi,head,2013-05-07,2017,en:2013-14,rt:volyn-lutsk,high,
2013,tavriya-simferopol,Олег Лужний,Oleh Luzhnyi,head,2012-06-06,2013-06-15,en:2013-14,en:2012-13,high,
2013,tavriya-simferopol,Яннис Христопулос,Giannis Christopoulos,head,2013-06-17,2014-01-09,en:2013-14,rt:tavriya-simferopol,high,
2013,tavriya-simferopol,Нікола Костов,Nikolay Kostov,head,2014-01-09,2014,en:2013-14,rt:tavriya-simferopol,high,
2013,metalurh-zaporizhzhia,Сергій Зайцев,Serhiy Zaytsev,head,2013-01-01,2013-05-30,en:2013-14,en:2012-13,high,
2013,metalurh-zaporizhzhia,Сергій Пучков,Serhiy Puchkov,head,2013-06-10,2013-10-28,en:2013-14,rt:metalurh-zaporizhzhia,high,
2013,metalurh-zaporizhzhia,Олег Таран,Oleh Taran,head,2013-10-28,2014-11-07,en:2013-14,en:2014-15,high,
2013,arsenal-kyiv,Юрій Бакалов,Yuriy Bakalov,head,2013-01-01,2013-10-10,en:2013-14,rt:arsenal-kyiv,high,
2013,arsenal-kyiv,Сергій Закарлюка,Serhiy Zakarlyuka,caretaker,2013-10-10,2014-02,en:2013-14,rt:arsenal-kyiv,high,
2014,dynamo-kyiv,Сергій Ребров,Serhii Rebrov,head,2014-05-18,2017-05-31,en:2014-15,wd:P6087,high,
2014,shakhtar-donetsk,Мірча Луческу,Mircea Lucescu,head,2004-05-17,2016-05-21,en:Shakhtar-list,en:2014-15,high,
2014,dnipro,Мирон Маркевич,Myron Markevych,head,2014-05-26,2016-06-30,en:2014-15,en:2016-17,high,
2014,zorya-luhansk,Юрій Вернидуб,Yuriy Vernydub,head,2011-11-27,2019-05-31,en:2014-15,rt:zorya-luhansk,high,
2014,vorskla-poltava,Василь Сачко,Vasyl Sachko,head,2014-06-10,2019-03-27,en:2014-15,en:2018-19,high,
2014,metalist-kharkiv,Ігор Рахаєв,Ihor Rakhayev,head,2014-05-19,2015-06-04,en:2014-15,wd:P286,high,
2014,volyn-lutsk,Віталій Кварцяний,Vitaliy Kvartsyanyi,head,2013-05-07,2017,en:2014-15,rt:volyn-lutsk,high,
2014,metalurh-donetsk,Володимир П'ятенко,Volodymyr Pyatenko,head,2014-06-16,2015,en:2014-15,rt:metalurh-donetsk,high,
2014,metalurh-zaporizhzhia,Олег Таран,Oleh Taran,head,2013-10-28,2014-11-07,en:2014-15,en:2013-14,high,
2014,metalurh-zaporizhzhia,Олександр Томах,Oleksandr Tomakh,caretaker,2014-11-07,2015-02-24,en:2014-15,rt:metalurh-zaporizhzhia,high,
2014,metalurh-zaporizhzhia,Анатолій Чанцев,Anatoly Chantsev,head,2015-02-24,2016,en:2014-15,rt:metalurh-zaporizhzhia,high,
2014,olimpik-donetsk,Роман Санжар,Roman Sanzhar,head,2013,2018-10-03,en:2014-15,rt:olimpik-donetsk,high,
2014,karpaty-lviv,Олександр Севідов,Oleksandr Sevidov,head,2013-06-19,2014-06-17,en:2014-15,en:2013-14,high,
2014,karpaty-lviv,Ігор Йовичевич,Igor Jovićević,caretaker,2014-06-18,2015-09-01,en:2014-15,rt:karpaty-lviv,high,permanent from 2015-09-01
2014,chornomorets-odesa,Роман Григорчук,Roman Hryhorchuk,head,2011,2014-12-16,en:2014-15,wd:P286,high,
2014,chornomorets-odesa,Олександр Бабич,Oleksandr Babych,caretaker,2014-12-16,2017-02-25,en:2014-15,rt:chornomorets-odesa,high,
2014,hoverla-uzhhorod,В'ячеслав Грозний,Vyacheslav Hrozny,head,2013-06-18,2016,en:2014-15,rt:hoverla-uzhhorod,high,
2014,mariupol,Микола Павлов,Mykola Pavlov,head,2012-05-29,2015,en:2014-15,rt:mariupol,high,
2015,dynamo-kyiv,Сергій Ребров,Serhii Rebrov,head,2014-05-18,2017-05-31,en:2015-16,wd:P6087,high,
2015,shakhtar-donetsk,Мірча Луческу,Mircea Lucescu,head,2004-05-17,2016-05-21,en:2015-16,en:2016-17,high,
2015,dnipro,Мирон Маркевич,Myron Markevych,head,2014-05-26,2016-06-30,en:2015-16,en:2016-17,high,
2015,zorya-luhansk,Юрій Вернидуб,Yuriy Vernydub,head,2011-11-27,2019-05-31,en:2015-16,rt:zorya-luhansk,high,
2015,vorskla-poltava,Василь Сачко,Vasyl Sachko,head,2014-06-10,2019-03-27,en:2015-16,en:2018-19,high,
2015,oleksandriya,Володимир Шаран,Volodymyr Sharan,head,2013-06-08,2021-05-13,en:2015-16,wd:P286,high,
2015,volyn-lutsk,Віталій Кварцяний,Vitaliy Kvartsyanyi,head,2013-05-07,2017,en:2015-16,rt:volyn-lutsk,high,
2015,karpaty-lviv,Ігор Йовичевич,Igor Jovićević,head,2014-06-18,2016-01-12,en:2015-16,rt:karpaty-lviv,high,caretaker until 2015-09-01
2015,karpaty-lviv,Олег Лужний,Oleh Luzhnyi,head,2016-01-22,2016-05-08,en:2015-16,en:2016-17,high,with Volodymyr Bezubyak as senior coach
2015,stal-kamianske,Володимир Мазяр,Volodymyr Mazyar,head,2015,2016-01-16,en:2015-16,rt:veres-rivne,medium,
2015,stal-kamianske,Ерік ван дер Меєр,Erik van der Meer,head,2016-01-16,2016-08-10,en:2015-16,en:2016-17,high,
2015,olimpik-donetsk,Роман Санжар,Roman Sanzhar,head,2013,2018-10-03,en:2015-16,rt:olimpik-donetsk,high,
2015,metalist-kharkiv,Олександр Севідов,Oleksandr Sevidov,head,2015-06-04,2016-04-18,en:2015-16,rt:metalist-kharkiv,high,
2015,metalist-kharkiv,Олександр Призетко,Oleksandr Pryzetko,caretaker,2016-04-18,2016,en:2015-16,rt:metalist-kharkiv,high,
2015,chornomorets-odesa,Олександр Бабич,Oleksandr Babych,caretaker,2014-12-16,2017-02-25,en:2015-16,wd:P6087,high,permanent from 2017-02-25
2015,hoverla-uzhhorod,В'ячеслав Грозний,Vyacheslav Hrozny,head,2013-06-18,2016,en:2015-16,rt:hoverla-uzhhorod,high,
2015,metalurh-zaporizhzhia,Анатолій Чанцев,Anatoly Chantsev,head,2015-02-24,2016,en:2015-16,rt:metalurh-zaporizhzhia,high,club withdrawn mid-season
2016,shakhtar-donetsk,Паулу Фонсека,Paulo Fonseca,head,2016-06-01,2019-06-12,en:2016-17,en:Shakhtar-list,high,
2016,dynamo-kyiv,Сергій Ребров,Serhii Rebrov,head,2014-05-18,2017-05-31,en:2016-17,en:2017-18,high,
2016,zorya-luhansk,Юрій Вернидуб,Yuriy Vernydub,head,2011-11-27,2019-05-31,en:2016-17,rt:zorya-luhansk,high,
2016,olimpik-donetsk,Роман Санжар,Roman Sanzhar,head,2013,2018-10-03,en:2016-17,rt:olimpik-donetsk,high,
2016,vorskla-poltava,Василь Сачко,Vasyl Sachko,head,2014-06-10,2019-03-27,en:2016-17,en:2018-19,high,
2016,stal-kamianske,Ерік ван дер Меєр,Erik van der Meer,head,2016-01-16,2016-08-10,en:2016-17,en:2015-16,high,
2016,stal-kamianske,Йоп Галл,Joop Gall,caretaker,2016-08-10,2016-08-28,en:2016-17,,medium,permanent from 2016-08-28
2016,stal-kamianske,Йоп Галл,Joop Gall,head,2016-08-28,2017-01-11,en:2016-17,,medium,
2016,stal-kamianske,Леонід Кучук,Leonid Kuchuk,head,2017-01-15,2017-06-06,en:2016-17,wd:P6087,high,
2016,oleksandriya,Володимир Шаран,Volodymyr Sharan,head,2013-06-08,2021-05-13,en:2016-17,wd:P286,high,
2016,chornomorets-odesa,Олександр Бабич,Oleksandr Babych,caretaker,2014-12-16,2017-02-25,en:2016-17,wd:P6087,high,permanent head from 2017-02-25 (PRO licence)
2016,dnipro,Дмитро Михайленко,Dmytro Mykhaylenko,caretaker,2016-06-30,2017,en:2016-17,,medium,
2016,zirka-kropyvnytskyi,Сергій Лавриненко,Serhiy Lavrynenko,head,2014,2016-08-19,en:2016-17,rt:zirka-kropyvnytskyi,medium,
2016,zirka-kropyvnytskyi,Даріо Друді,Dario Drudi,caretaker,2016-08-19,2016-11-15,en:2016-17,,medium,
2016,zirka-kropyvnytskyi,Віктор Догадайло,Viktor Dohadailo,caretaker,2016-11-15,2016-12-31,en:2016-17,,medium,
2016,zirka-kropyvnytskyi,Роман Монарьов,Roman Monaryov,caretaker,2016-11-15,2017-05-11,en:2016-17,rt:zirka-kropyvnytskyi,medium,permanent head from 2017-05-11
2016,karpaty-lviv,Валерій Яремченко,Valeriy Yaremchenko,head,2016-06-06,2016-06-17,en:2016-17,,medium,
2016,karpaty-lviv,Анатолій Чанцев,Anatoly Chantsev,caretaker,2016-06-17,2016-07-05,en:2016-17,rt:karpaty-lviv,medium,
2016,karpaty-lviv,Сергій Зайцев,Serhiy Zaytsev,caretaker,2016-07-05,2016-10-07,en:2016-17,rt:karpaty-lviv,medium,
2016,karpaty-lviv,Олег Дулуб,Oleg Dulub,head,2016-10-07,2017-06-11,en:2016-17,wd:P286,high,
2016,volyn-lutsk,Віталій Кварцяний,Vitaliy Kvartsyanyi,head,2013-05-07,2017,en:2016-17,rt:volyn-lutsk,high,
2017,shakhtar-donetsk,Паулу Фонсека,Paulo Fonseca,head,2016-06-01,2019-06-12,en:2017-18,en:Shakhtar-list,high,
2017,dynamo-kyiv,Олександр Хацкевич,Alyaksandr Khatskevich,head,2017-06-02,2019-08-14,en:2017-18,en:Dynamo-list,high,
2017,vorskla-poltava,Василь Сачко,Vasyl Sachko,head,2014-06-10,2019-03-27,en:2017-18,en:2018-19,high,
2017,zorya-luhansk,Юрій Вернидуб,Yuriy Vernydub,head,2011-11-27,2019-05-31,en:2017-18,rt:zorya-luhansk,high,
2017,veres-rivne,Юрій Вірт,Yuriy Virt,caretaker,2017,2017-06-06,en:2017-18,,medium,
2017,veres-rivne,Юрій Вірт,Yuriy Virt,head,2017-06-06,2017-12-29,en:2017-18,rt:veres-rivne,high,
2017,veres-rivne,Юрій Свірков,Yury Svirkov,head,2017-12-30,2018-04-25,en:2017-18,wd:P286,high,
2017,veres-rivne,Андрій Демченко,Andriy Demchenko,caretaker,2018-04-26,2018-06,en:2017-18,rt:veres-rivne,high,
2017,mariupol,Олександр Севідов,Oleksandr Sevidov,head,2016,2017-09-22,en:2017-18,rt:mariupol,high,
2017,mariupol,Олександр Бабич,Oleksandr Babych,head,2017-09-22,2020-07-30,en:2017-18,en:2020-21,high,
2017,olimpik-donetsk,Роман Санжар,Roman Sanzhar,head,2013,2018-10-03,en:2017-18,rt:olimpik-donetsk,high,
2017,oleksandriya,Володимир Шаран,Volodymyr Sharan,head,2013-06-08,2021-05-13,en:2017-18,wd:P286,high,
2017,zirka-kropyvnytskyi,Роман Монарьов,Roman Monaryov,head,2017-05-11,2018,en:2017-18,rt:zirka-kropyvnytskyi,high,
2017,karpaty-lviv,Олег Дулуб,Oleg Dulub,head,2016-10-07,2017-06-11,en:2017-18,wd:P286,high,
2017,karpaty-lviv,Серхіо Наварро,Sergio Navarro,head,2017-06-16,2017-09-14,en:2017-18,,medium,
2017,karpaty-lviv,Сергій Зайцев,Serhiy Zaytsev,head,2017-09-14,2017-11-19,en:2017-18,,medium,
2017,karpaty-lviv,Даріо Друді,Dario Drudi,caretaker,2017-11-19,2017-11-21,en:2017-18,,medium,
2017,karpaty-lviv,Олег Бойчишин,Oleh Boychyshyn,head,2017-11-21,2018-08-16,en:2017-18,en:2018-19,high,
2017,chornomorets-odesa,Олександр Бабич,Oleksandr Babych,head,2017-02-25,2017-08-21,en:2017-18,wd:P286,high,
2017,chornomorets-odesa,Олександр Грановський,Oleksandr Hranovskyi,caretaker,2017-08-21,2017-08-30,en:2017-18,rt:chornomorets-odesa,high,
2017,chornomorets-odesa,Олексій Чистяков,Oleksiy Chystyakov,caretaker,2017-08-30,2017-09-04,en:2017-18,rt:chornomorets-odesa,high,
2017,chornomorets-odesa,Олег Дулуб,Oleg Dulub,head,2017-09-04,2017-12-22,en:2017-18,wd:P286,high,
2017,chornomorets-odesa,Костянтин Фролов,Kostyantyn Frolov,head,2017-12-23,2018-06-13,en:2017-18,wd:P286,high,
2017,stal-kamianske,Леонід Кучук,Leonid Kuchuk,head,2017-01-15,2017-06-06,en:2017-18,wd:P6087,high,
2017,stal-kamianske,Егіше Мелікян,Yegishe Melikyan,head,2017-06-25,2017-09-25,en:2017-18,,medium,
2017,stal-kamianske,Кирило Нестеренко,Kyrylo Nesterenko,caretaker,2017-09-25,2017-09-28,en:2017-18,,medium,
2017,stal-kamianske,Нікола Костов,Nikolay Kostov,head,2017-09-28,2018,en:2017-18,rt:tavriya-simferopol,medium,
2018,shakhtar-donetsk,Паулу Фонсека,Paulo Fonseca,head,2016-06-01,2019-06-12,en:2018-19,en:Shakhtar-list,high,
2018,dynamo-kyiv,Олександр Хацкевич,Alyaksandr Khatskevich,head,2017-06-02,2019-08-14,en:2018-19,en:Dynamo-list,high,
2018,oleksandriya,Володимир Шаран,Volodymyr Sharan,head,2013-06-08,2021-05-13,en:2018-19,wd:P286,high,
2018,zorya-luhansk,Юрій Вернидуб,Yuriy Vernydub,head,2011-11-27,2019-05-31,en:2018-19,en:2019-20,high,
2018,pfk-lviv,Андрій Демченко,Andriy Demchenko,caretaker,2018-06-08,2018-06-29,en:2018-19,rt:pfk-lviv,high,
2018,pfk-lviv,Жилмар,Gilmar,head,2018-07-03,2018-08-14,en:2018-19,rt:pfk-lviv,high,
2018,pfk-lviv,Юрій Бакалов,Yuriy Bakalov,head,2018-08-16,2019-04-08,en:2018-19,rt:pfk-lviv,high,
2018,pfk-lviv,Тарас Гребенюк,Taras Hrebenyuk,caretaker,2019-04-08,2019-04-16,en:2018-19,rt:pfk-lviv,high,
2018,pfk-lviv,Богдан Блавацький,Bohdan Blavatskyi,head,2019-04-16,2019-09-10,en:2018-19,en:2019-20,high,
2018,mariupol,Олександр Бабич,Oleksandr Babych,head,2017-09-22,2020-07-30,en:2018-19,en:2020-21,high,
2018,vorskla-poltava,Василь Сачко,Vasyl Sachko,head,2014-06-10,2019-03-27,en:2018-19,wd:P6087,high,
2018,vorskla-poltava,Віталій Косовський,Vitaliy Kosovskyi,caretaker,2019-03-28,2019-11-14,en:2018-19,en:2019-20,high,
2018,desna-chernihiv,Олександр Рябоконь,Oleksandr Ryabokon,head,2012-03-16,2021,en:2018-19,wd:P286,high,
2018,karpaty-lviv,Олег Бойчишин,Oleh Boychyshyn,head,2017-11-21,2018-08-16,en:2018-19,wd:P286,high,
2018,karpaty-lviv,Жозе Моран,José Morais,head,2018-08-16,2018-11-28,en:2018-19,wd:P286,high,
2018,karpaty-lviv,Олег Бойчишин,Oleh Boychyshyn,caretaker,2018-11-28,2019-01-13,en:2018-19,wd:P286,high,
2018,karpaty-lviv,Фабрі,Fabri,head,2019-01-13,2019-05-27,en:2018-19,,medium,
2018,karpaty-lviv,Олександр Чижевський,Oleksandr Chyzhevskyi,caretaker,2019-05-27,2019-09-03,en:2018-19,en:2019-20,high,
2018,olimpik-donetsk,Роман Санжар,Roman Sanzhar,head,2013,2018-10-03,en:2018-19,rt:olimpik-donetsk,high,
2018,olimpik-donetsk,В'ячеслав Шевчук,Vyacheslav Shevchuk,head,2018-10-03,2019-04-17,en:2018-19,rt:olimpik-donetsk,high,
2018,olimpik-donetsk,Ігор Климовський,Ihor Klymovskyi,caretaker,2019-04-17,2019-07-01,en:2018-19,en:2019-20,high,
2018,chornomorets-odesa,Костянтин Фролов,Kostyantyn Frolov,head,2017-12-23,2018-06-13,en:2018-19,wd:P286,high,
2018,chornomorets-odesa,Анжел Червенков,Angel Chervenkov,head,2018-06-13,2019-09-16,en:2018-19,wd:P286,high,
2018,arsenal-kyiv,Сергій Литовченко,Serhiy Litovchenko,head,2015,2018-06-22,en:2018-19,rt:arsenal-kyiv,high,
2018,arsenal-kyiv,Фабріціо Раванеллі,Fabrizio Ravanelli,head,2018-06-22,2018-09-22,en:2018-19,wd:P6087,high,
2018,arsenal-kyiv,Владислав Гуменюк,Vladyslav Humenyuk,caretaker,2018-09-22,2018-10-01,en:2018-19,rt:arsenal-kyiv,high,
2018,arsenal-kyiv,В'ячеслав Грозний,Vyacheslav Hrozny,head,2018-10-01,2019-01-09,en:2018-19,rt:arsenal-kyiv,high,
2018,arsenal-kyiv,Ігор Леонов,Ihor Leonov,head,2019-01-16,2019,en:2018-19,rt:arsenal-kyiv,high,
2019,shakhtar-donetsk,Луїш Каштру,Luís Castro,head,2019-06-12,2021-05-12,en:2019-20,wd:P286,high,
2019,dynamo-kyiv,Олександр Хацкевич,Alyaksandr Khatskevich,head,2017-06-02,2019-08-14,en:2019-20,wd:P286,high,
2019,dynamo-kyiv,Олексій Михайличенко,Oleksiy Mykhaylychenko,head,2019-08-15,2020-07-20,en:2019-20,wd:P286,high,
2019,zorya-luhansk,Віктор Скрипник,Viktor Skrypnyk,head,2019-06-03,2022-06-28,en:2019-20,wd:P286,high,
2019,desna-chernihiv,Олександр Рябоконь,Oleksandr Ryabokon,head,2012-03-16,2021,en:2019-20,wd:P286,high,
2019,oleksandriya,Володимир Шаран,Volodymyr Sharan,head,2013-06-08,2021-05-13,en:2019-20,wd:P286,high,
2019,kolos-kovalivka,Руслан Костишин,Ruslan Kostyshyn,head,2014-02,2021-08-29,en:2019-20,wd:P286,high,
2019,dnipro-1,Дмитро Михайленко,Dmytro Mykhaylenko,head,2019,2020-09-18,en:2019-20,en:2020-21,high,
2019,mariupol,Олександр Бабич,Oleksandr Babych,head,2017-09-22,2020-07-30,en:2019-20,en:2020-21,high,
2019,pfk-lviv,Богдан Блавацький,Bohdan Blavatskyi,head,2019-04-16,2019-09-10,en:2019-20,en:2018-19,high,
2019,pfk-lviv,Володимир Мазяр,Volodymyr Mazyar,head,2019-09-10,2019-10-31,en:2019-20,,medium,
2019,pfk-lviv,Егіше Мелікян,Yegishe Melikyan,head,2019-10-31,2020-06-21,en:2019-20,wd:P286,high,
2019,pfk-lviv,Георгій Цецадзе,Giorgi Tsetsadze,head,2020-06-22,2020-10-24,en:2019-20,wd:P286,high,
2019,vorskla-poltava,Віталій Косовський,Vitaliy Kosovskyi,caretaker,2019-03-28,2019-11-14,en:2019-20,rt:vorskla-poltava,high,
2019,vorskla-poltava,Юрій Максимов,Yuriy Maksymov,head,2019-11-15,2022-05-31,en:2019-20,wd:P286,high,
2019,olimpik-donetsk,Ігор Климовський,Ihor Klymovskyi,caretaker,2019-04-17,2019-07-01,en:2019-20,en:2018-19,high,
2019,olimpik-donetsk,Жуліу Сезар Коррейя,Júlio César Correia,head,2019-07-01,2019-08-19,en:2019-20,rt:olimpik-donetsk,low,name per summarised source
2019,olimpik-donetsk,Ігор Климовський,Ihor Klymovskyi,caretaker,2019-08-19,2019-09-02,en:2019-20,rt:olimpik-donetsk,low,
2019,olimpik-donetsk,Вісенте Гомес,Vicente Gómez,head,2019-09-02,2020-03-13,en:2019-20,rt:olimpik-donetsk,medium,
2019,olimpik-donetsk,Ігор Климовський,Ihor Klymovskyi,caretaker,2020-03-13,2020-07-20,en:2019-20,wd:P286,high,
2019,karpaty-lviv,Олександр Чижевський,Oleksandr Chyzhevskyi,caretaker,2019-05-27,2019-09-03,en:2019-20,en:2018-19,high,
2019,karpaty-lviv,Роман Санжар,Roman Sanzhar,head,2019-09-03,2020-07-29,en:2019-20,wd:P286,high,club excluded from league in 2020
2020,dynamo-kyiv,Мірча Луческу,Mircea Lucescu,head,2020-07-23,2023-11-03,en:2020-21,wd:P286,high,
2020,shakhtar-donetsk,Луїш Каштру,Luís Castro,head,2019-06-12,2021-05-12,en:2020-21,wd:P286,high,
2020,zorya-luhansk,Віктор Скрипник,Viktor Skrypnyk,head,2019-06-03,2022-06-28,en:2020-21,wd:P286,high,
2020,kolos-kovalivka,Руслан Костишин,Ruslan Kostyshyn,head,2014-02,2021-08-29,en:2020-21,wd:P286,high,
2020,vorskla-poltava,Юрій Максимов,Yuriy Maksymov,head,2019-11-15,2022-05-31,en:2020-21,wd:P286,high,
2020,desna-chernihiv,Олександр Рябоконь,Oleksandr Ryabokon,head,2012-03-16,2021,en:2020-21,wd:P286,high,
2020,dnipro-1,Дмитро Михайленко,Dmytro Mykhaylenko,head,2019,2020-09-18,en:2020-21,en:2019-20,high,
2020,dnipro-1,Ігор Йовичевич,Igor Jovićević,head,2020-09-22,2022-06-30,en:2020-21,en:2022-23,high,
2020,oleksandriya,Володимир Шаран,Volodymyr Sharan,head,2013-06-08,2021-05-13,en:2020-21,wd:P286,high,
2020,pfk-lviv,Георгій Цецадзе,Giorgi Tsetsadze,head,2020-06-22,2020-10-24,en:2020-21,wd:P286,high,
2020,pfk-lviv,Віталій Шумський,Vitaliy Shumskyi,caretaker,2020-10-28,2021-03-01,en:2020-21,rt:pfk-lviv,high,
2020,pfk-lviv,Анатолій Безсмертний,Anatoliy Bezsmertnyi,head,2021-03-02,2021-08-25,en:2020-21,en:2021-22,high,
2020,rukh-lviv,Іван Федик,Ivan Fedyk,head,2020-06-15,2021-08-04,en:2020-21,wd:P286,high,
2020,mariupol,Остап Маркевич,Ostap Markevych,head,2020-08-03,2022,en:2020-21,en:2021-22,high,
2020,inhulets-petrove,Сергій Лавриненко,Serhiy Lavrynenko,head,2016-08-31,2022-11-13,en:2020-21,wd:P286,high,
2020,olimpik-donetsk,Ігор Климовський,Ihor Klymovskyi,head,2020-07-20,2021-02-25,en:2020-21,wd:P286,high,
2020,olimpik-donetsk,Юрій Калитвинцев,Yuriy Kalitvintsev,head,2021-02-25,2021-05-03,en:2020-21,rt:olimpik-donetsk,high,
2020,olimpik-donetsk,Роман Санжар,Roman Sanzhar,head,2021-05-04,2021,en:2020-21,rt:olimpik-donetsk,high,
2020,minaj,Василь Кобин,Vasyl Kobin,head,2019-06-19,2021-03-24,en:2020-21,wd:P286,high,
2020,minaj,Микола Цимбал,Mykola Tsymbal,head,2021-03-26,2021-06-15,en:2020-21,en:2021-22,high,
2021,shakhtar-donetsk,Роберто Де Дзербі,Roberto De Zerbi,head,2021-05-25,2022-07-11,en:2021-22,wd:P6087,high,
2021,dynamo-kyiv,Мірча Луческу,Mircea Lucescu,head,2020-07-23,2023-11-03,en:2021-22,wd:P286,high,
2021,dnipro-1,Ігор Йовичевич,Igor Jovićević,head,2020-09-22,2022-06-30,en:2021-22,en:2022-23,high,
2021,zorya-luhansk,Віктор Скрипник,Viktor Skrypnyk,head,2019-06-03,2022-06-28,en:2021-22,wd:P286,high,
2021,vorskla-poltava,Юрій Максимов,Yuriy Maksymov,head,2019-11-15,2022-05-31,en:2021-22,wd:P286,high,
2021,oleksandriya,Юрій Гура,Yuriy Hura,head,2021-05-18,2022-12-14,en:2021-22,wd:P286,high,
2021,desna-chernihiv,Олександр Рябоконь,Oleksandr Ryabokon,head,2012-03-16,2021,en:2021-22,wd:P286,medium,end of 2021 season
2021,kolos-kovalivka,Руслан Костишин,Ruslan Kostyshyn,head,2014-02,2021-08-29,en:2021-22,wd:P286,high,
2021,kolos-kovalivka,Сергій Кузнєцов,Syarhey Kuznyatsow,caretaker,2021-08-29,2021-11-06,en:2021-22,wd:P286,high,
2021,kolos-kovalivka,Ярослав Вишняк,Yaroslav Vyshnyak,head,2021-11-06,2024-04-28,en:2021-22,wd:P286,high,caretaker until 2021-11-28
2021,veres-rivne,Юрій Вірт,Yuriy Virt,head,2019-06-14,2023-06-15,en:2021-22,wd:P286,high,
2021,metalist-1925,Валерій Кривенцов,Valeriy Kryventsov,head,2020-08-21,2022-10-23,en:2021-22,wd:P286,high,
2021,rukh-lviv,Іван Федик,Ivan Fedyk,head,2020-06-15,2021-08-04,en:2021-22,wd:P286,high,
2021,rukh-lviv,Леонід Кучук,Leonid Kuchuk,head,2021-08-04,2023-03-19,en:2021-22,wd:P286,high,
2021,pfk-lviv,Анатолій Безсмертний,Anatoliy Bezsmertnyi,head,2021-03-02,2021-08-25,en:2021-22,en:2020-21,high,
2021,pfk-lviv,Тарас Чопик,Taras Chopyk,caretaker,2021-08-25,2021-09-06,en:2021-22,rt:pfk-lviv,high,
2021,pfk-lviv,Олег Дулуб,Oleg Dulub,head,2021-09-06,2023-03-20,en:2021-22,wd:P286,high,
2021,chornomorets-odesa,Олексій Антонов,Oleksiy Antonov,head,2021-02-18,2021-06-26,en:2021-22,wd:P286,high,
2021,chornomorets-odesa,Юрій Мороз,Yuriy Moroz,head,2021-06-26,2021-12-29,en:2021-22,wd:P286,high,
2021,chornomorets-odesa,Роман Григорчук,Roman Hryhorchuk,head,2021-12-30,2024-06-25,en:2021-22,wd:P286,high,
2021,inhulets-petrove,Сергій Лавриненко,Serhiy Lavrynenko,head,2016-08-31,2022-11-13,wd:P286,en:2022-23,medium,not in 2021-22 personnel table
2021,minaj,Микола Цимбал,Mykola Tsymbal,head,2021-03-26,2021-06-15,en:2021-22,en:2020-21,high,protocols listed Tsymbal until Oct 2021
2021,minaj,Василь Кобин,Vasyl Kobin,head,2021-06-15,2021-09-29,en:2021-22,wd:P286,high,
2021,minaj,Ігор Леонов,Ihor Leonov,head,2021-10-09,2021-12-16,en:2021-22,,medium,
2021,minaj,Володимир Шаран,Volodymyr Sharan,head,2022-01-14,2023-11-17,en:2021-22,wd:P286,high,
2021,mariupol,Остап Маркевич,Ostap Markevych,head,2020-08-03,2022,en:2021-22,en:2020-21,high,
2022,shakhtar-donetsk,Роберто Де Дзербі,Roberto De Zerbi,head,2021-05-25,2022-07-11,en:2022-23,wd:P6087,high,
2022,shakhtar-donetsk,Ігор Йовичевич,Igor Jovićević,head,2022-07-14,2023-06-08,en:2022-23,wd:P286,high,
2022,dnipro-1,Ігор Йовичевич,Igor Jovićević,head,2020-09-22,2022-06-30,en:2022-23,en:2021-22,high,
2022,dnipro-1,Олександр Кучер,Oleksandr Kucher,head,2022-07-29,2023-08-20,en:2022-23,wd:P6087,high,
2022,zorya-luhansk,Віктор Скрипник,Viktor Skrypnyk,head,2019-06-03,2022-06-28,en:2022-23,wd:P286,high,
2022,zorya-luhansk,Патрік ван Леувен,Patrick van Leeuwen,head,2022-06-28,2023-07-02,en:2022-23,wd:P286,high,
2022,dynamo-kyiv,Мірча Луческу,Mircea Lucescu,head,2020-07-23,2023-11-03,en:2022-23,wd:P286,high,
2022,dynamo-kyiv,Олександр Шовковський,Oleksandr Shovkovskyi,caretaker,2023-04-22,2023-06,en:2022-23,,medium,temporary during Lucescu sick leave
2022,vorskla-poltava,Юрій Максимов,Yuriy Maksymov,head,2019-11-15,2022-05-31,en:2022-23,wd:P286,high,
2022,vorskla-poltava,Віктор Скрипник,Viktor Skrypnyk,head,2022-07-01,2023-12-19,en:2022-23,wd:P286,high,
2022,oleksandriya,Юрій Гура,Yuriy Hura,head,2021-05-18,2022-12-14,en:2022-23,wd:P286,high,
2022,oleksandriya,Руслан Ротань,Ruslan Rotan,head,2022-12-21,2025-05-29,en:2022-23,wd:P286,high,
2022,kryvbas,Олександр Бабич,Oleksandr Babych,head,2021,2022-06-06,en:2022-23,rt:kryvbas,medium,start approximate
2022,kryvbas,Юрій Вернидуб,Yuriy Vernydub,head,2022-06-21,2025-06-01,en:2022-23,wd:P286,high,
2022,minaj,Володимир Шаран,Volodymyr Sharan,head,2022-01-14,2023-11-17,en:2022-23,wd:P286,high,
2022,kolos-kovalivka,Ярослав Вишняк,Yaroslav Vyshnyak,head,2021-11-06,2024-04-28,en:2022-23,wd:P286,high,
2022,chornomorets-odesa,Роман Григорчук,Roman Hryhorchuk,head,2021-12-30,2024-06-25,en:2022-23,wd:P286,high,
2022,rukh-lviv,Леонід Кучук,Leonid Kuchuk,head,2021-08-04,2023-03-19,en:2022-23,wd:P286,high,
2022,rukh-lviv,Віталій Пономарьов,Vitaliy Ponomaryov,head,2023-03-20,2025-06-04,en:2022-23,wd:P286,high,
2022,metalist-1925,Валерій Кривенцов,Valeriy Kryventsov,head,2020-08-21,2022-10-23,en:2022-23,wd:P286,high,
2022,metalist-1925,Едмар,Edmar,caretaker,2022-10-23,2023-11-05,en:2022-23,en:2023-24,high,
2022,veres-rivne,Юрій Вірт,Yuriy Virt,head,2019-06-14,2023-06-15,en:2022-23,wd:P286,high,
2022,inhulets-petrove,Сергій Лавриненко,Serhiy Lavrynenko,head,2016-08-31,2022-11-13,en:2022-23,wd:P286,high,
2022,inhulets-petrove,Младен Бартулович,Mladen Bartulović,caretaker,2022-11-13,2022-12-29,en:2022-23,,medium,
2022,inhulets-petrove,Сергій Ковалець,Serhiy Kovalets,head,2022-12-29,2023-06-04,en:2022-23,,medium,
2022,metalist-kharkiv,Олександр Кучер,Oleksandr Kucher,head,2020-07-30,2022-07-12,en:2022-23,wd:P6087,high,
2022,metalist-kharkiv,Олег Ратій,Oleh Ratiy,caretaker,2022-07-13,2023-01-27,en:2022-23,wd:P286,high,
2022,metalist-kharkiv,Періца Огненович,Perica Ognjenović,caretaker,2023-01-27,2023-06,en:2022-23,,medium,
2022,pfk-lviv,Олег Дулуб,Oleg Dulub,head,2021-09-06,2023-03-20,en:2022-23,wd:P286,high,
2022,pfk-lviv,Анатолій Безсмертний,Anatoliy Bezsmertnyi,head,2023-03-21,2023-06-22,en:2022-23,wd:P286,high,
2022,pfk-lviv,Роман Гандзин,Roman Handzyn,caretaker,2023-06-01,2023-06,en:2022-23,rt:pfk-lviv,medium,
2023,shakhtar-donetsk,Ігор Йовичевич,Igor Jovićević,head,2022-07-14,2023-06-08,en:2023-24,wd:P286,high,
2023,shakhtar-donetsk,Патрік ван Леувен,Patrick van Leeuwen,head,2023-07-03,2023-10-16,en:2023-24,wd:P286,high,
2023,shakhtar-donetsk,Дар'йо Срна,Darijo Srna,caretaker,2023-10-16,2023-10-24,en:2023-24,en:Shakhtar-list,high,
2023,shakhtar-donetsk,Марино Пушич,Marino Pušić,head,2023-10-24,2025-05-24,en:2023-24,wd:P286,high,
2023,dynamo-kyiv,Мірча Луческу,Mircea Lucescu,head,2020-07-23,2023-11-03,en:2023-24,wd:P286,high,
2023,dynamo-kyiv,Олександр Шовковський,Oleksandr Shovkovskyi,caretaker,2023-11-04,2023-12-12,en:2023-24,wd:P286,high,
2023,dynamo-kyiv,Олександр Шовковський,Oleksandr Shovkovskyi,head,2023-12-12,2025-11-27,en:2023-24,wd:P286,high,
2023,kryvbas,Юрій Вернидуб,Yuriy Vernydub,head,2022-06-21,2025-06-01,en:2023-24,wd:P286,high,
2023,dnipro-1,Олександр Кучер,Oleksandr Kucher,head,2022-07-29,2023-08-20,en:2023-24,wd:P286,high,
2023,dnipro-1,Валерій Городов,Valeriy Horodov,caretaker,2023-08-21,2023-09-14,en:2023-24,,medium,
2023,dnipro-1,Юрій Максимов,Yuriy Maksymov,head,2023-09-14,2024,en:2023-24,,medium,
2023,polissya-zhytomyr,Юрій Калитвинцев,Yuriy Kalitvintsev,head,2021-06-13,2024-03-11,en:2023-24,wd:P286,high,
2023,polissya-zhytomyr,Сергій Шищенко,Serhiy Shyshchenko,caretaker,2024-03-12,2024-05-26,en:2023-24,en:2024-25,high,
2023,rukh-lviv,Віталій Пономарьов,Vitaliy Ponomaryov,head,2023-03-20,2025-06-04,en:2023-24,wd:P286,high,
2023,lnz-cherkasy,Олександр Ковпак,Oleksandr Kovpak,head,2023,2023-08-23,en:2023-24,,medium,
2023,lnz-cherkasy,Юрій Дудник,Yuriy Dudnyk,caretaker,2023-08-25,2023-08-30,en:2023-24,,medium,
2023,lnz-cherkasy,Олег Дулуб,Oleg Dulub,head,2023-08-30,2024-06-10,en:2023-24,wd:P286,high,
2023,oleksandriya,Руслан Ротань,Ruslan Rotan,head,2022-12-21,2025-05-29,en:2023-24,wd:P286,high,
2023,vorskla-poltava,Віктор Скрипник,Viktor Skrypnyk,head,2022-07-01,2023-12-19,en:2023-24,wd:P286,high,
2023,vorskla-poltava,Сергій Долганський,Serhiy Dolhanskyi,caretaker,2024-01-04,2024-10-23,en:2023-24,en:2024-25,high,
2023,zorya-luhansk,Патрік ван Леувен,Patrick van Leeuwen,head,2022-06-28,2023-07-02,en:2023-24,wd:P286,high,
2023,zorya-luhansk,Ненад Лалатович,Nenad Lalatović,head,2023-07-04,2023-08-27,en:2023-24,wd:P286,high,
2023,zorya-luhansk,Младен Бартулович,Mladen Bartulović,caretaker,2023-08-27,2023-09-09,en:2023-24,wd:P286,medium,
2023,zorya-luhansk,Валерій Кривенцов,Valeriy Kryventsov,head,2023-09-09,2024,en:2023-24,rt:zorya-luhansk,low,source shows conflicting dates 2023-09-09 / 2023-11-11
2023,chornomorets-odesa,Роман Григорчук,Roman Hryhorchuk,head,2021-12-30,2024-06-25,en:2023-24,wd:P286,high,
2023,kolos-kovalivka,Ярослав Вишняк,Yaroslav Vyshnyak,head,2021-11-06,2024-04-28,en:2023-24,wd:P286,high,
2023,kolos-kovalivka,Олександр Поздєєв,Oleksandr Pozdeyev,caretaker,2024-04-28,2024-05-12,en:2023-24,wd:P286,high,
2023,veres-rivne,Юрій Вірт,Yuriy Virt,head,2019-06-14,2023-06-15,en:2023-24,wd:P286,high,
2023,veres-rivne,Сергій Лавриненко,Serhiy Lavrynenko,head,2023-06-16,2023-12-12,en:2023-24,,medium,
2023,veres-rivne,Олег Шандрук,Oleh Shandruk,head,2023-12-12,2026,en:2023-24,wd:P286,high,
2023,obolon-kyiv,Валерій Іващенко,Valeriy Ivashchenko,head,2021-05-05,2024-09-02,en:2023-24,wd:P286,high,
2023,minaj,Володимир Шаран,Volodymyr Sharan,head,2022-01-14,2023-11-17,en:2023-24,wd:P286,high,
2023,minaj,Желько Любенович,Željko Ljubenović,head,2023-11-18,2024,en:2023-24,wd:P286,high,
2023,metalist-1925,Едмар,Edmar,caretaker,2022-10-23,2023-11-05,en:2023-24,en:2022-23,high,
2023,metalist-1925,Олег Голодюк,Oleh Holodyuk,caretaker,2023-11-05,2023-12-20,en:2023-24,,medium,
2023,metalist-1925,Віктор Скрипник,Viktor Skrypnyk,head,2023-12-20,2024,en:2023-24,,medium,
2024,dynamo-kyiv,Олександр Шовковський,Oleksandr Shovkovskyi,head,2023-12-12,2025-11-27,en:2024-25,wd:P286,high,
2024,oleksandriya,Руслан Ротань,Ruslan Rotan,head,2022-12-21,2025-05-29,en:2024-25,wd:P286,high,
2024,shakhtar-donetsk,Марино Пушич,Marino Pušić,head,2023-10-24,2025-05-24,en:2024-25,wd:P286,high,
2024,polissya-zhytomyr,Сергій Шищенко,Serhiy Shyshchenko,caretaker,2024-03-12,2024-05-26,en:2024-25,en:2023-24,high,
2024,polissya-zhytomyr,Імад Ашур,Imad Ashur,head,2024-05-26,2025-05-12,en:2024-25,wd:P286,high,
2024,polissya-zhytomyr,Олександр Максимов,Oleksandr Maksymov,caretaker,2025-05-12,2025-05-29,en:2024-25,en:2025-26,high,
2024,kryvbas,Юрій Вернидуб,Yuriy Vernydub,head,2022-06-21,2025-06-01,en:2024-25,wd:P286,high,
2024,karpaty-lviv,Мирон Маркевич,Myron Markevych,head,2024,2024-07-17,en:2024-25,web:ukrinform,medium,
2024,karpaty-lviv,Владислав Лупашко,Vladyslav Lupashko,head,2024-07-19,2025-12-31,en:2024-25,wd:P286,high,
2024,zorya-luhansk,Юрій Коваль,Yuriy Koval,caretaker,2023-11,2024-08-26,en:2024-25,rt:zorya-luhansk,low,start approximate
2024,zorya-luhansk,Младен Бартулович,Mladen Bartulović,caretaker,2024-08-26,2025-06-16,en:2024-25,wd:P286,high,
2024,rukh-lviv,Віталій Пономарьов,Vitaliy Ponomaryov,head,2023-03-20,2025-06-04,en:2024-25,wd:P286,high,
2024,kolos-kovalivka,Олександр Поздєєв,Oleksandr Pozdeyev,head,2024-05-12,2025-03-10,en:2024-25,wd:P286,high,
2024,kolos-kovalivka,Руслан Костишин,Ruslan Kostyshyn,caretaker,2025-03-10,2026,en:2024-25,wd:P286,high,
2024,veres-rivne,Олег Шандрук,Oleh Shandruk,head,2023-12-12,2026,en:2024-25,wd:P286,high,
2024,obolon-kyiv,Валерій Іващенко,Valeriy Ivashchenko,head,2021-05-05,2024-09-02,en:2024-25,wd:P286,high,
2024,obolon-kyiv,Олександр Антоненко,Oleksandr Antonenko,caretaker,2024-09-04,2024-09-05,en:2024-25,,medium,
2024,obolon-kyiv,Сергій Шищенко,Serhiy Shyshchenko,head,2024-09-05,2025-06-06,en:2024-25,wd:P286,high,
2024,lnz-cherkasy,Олег Дулуб,Oleg Dulub,head,2023-08-30,2024-06-10,en:2024-25,wd:P286,high,
2024,lnz-cherkasy,Андрес Карраско,Andrés Carrasco,head,2024-06-11,2024-12-12,en:2024-25,wd:P286,high,
2024,lnz-cherkasy,Артем Чорний,Artem Chorniy,caretaker,2024-12-11,2024-12-18,en:2024-25,,low,with Andriy Dykan
2024,lnz-cherkasy,Андрій Дикань,Andriy Dykan,caretaker,2024-12-12,2024-12-18,en:2024-25,,low,
2024,lnz-cherkasy,Роман Григорчук,Roman Hryhorchuk,head,2024-12-18,2025-05-26,en:2024-25,,medium,
2024,vorskla-poltava,Сергій Долганський,Serhiy Dolhanskyi,caretaker,2024-01-04,2024-10-23,en:2024-25,en:2023-24,high,
2024,vorskla-poltava,Юрій Максимов,Yuriy Maksymov,head,2024-10-24,2025-06-10,en:2024-25,wd:P286,high,
2024,livyi-bereh-kyiv,Віталій Первак,Vitaliy Pervak,head,2023-01,2025-06-10,en:2024-25,wd:P286,high,
2024,inhulets-petrove,Владислав Лупашко,Vladyslav Lupashko,caretaker,2023-06-05,2024-06-05,en:2024-25,wd:P286,high,
2024,inhulets-petrove,Василь Кобин,Vasyl Kobin,head,2024-06-15,2025,en:2024-25,wd:P286,high,
2024,chornomorets-odesa,Роман Григорчук,Roman Hryhorchuk,head,2021-12-30,2024-06-25,en:2024-25,wd:P286,high,
2024,chornomorets-odesa,Степан Матвіїв,Stepan Matviyiv,caretaker,2024-06-26,2024-06-30,en:2024-25,,medium,
2024,chornomorets-odesa,Сергій Політило,Serhiy Politylo,caretaker,2024-07-01,2024-07-09,en:2024-25,,medium,with Anatoliy Didenko
2024,chornomorets-odesa,Олександр Бабич,Oleksandr Babych,head,2024-07-09,2025-03-23,en:2024-25,wd:P286,high,
2024,chornomorets-odesa,Олександр Кучер,Oleksandr Kucher,head,2025-03-24,2025,en:2024-25,,medium,
2025,shakhtar-donetsk,Арда Туран,Arda Turan,head,2025-05-27,2026,en:2025-26,wd:P286,high,
2025,lnz-cherkasy,Віталій Пономарьов,Vitaliy Ponomaryov,head,2025-06-05,2026,en:2025-26,wd:P286,high,
2025,polissya-zhytomyr,Руслан Ротань,Ruslan Rotan,head,2025-05-29,2026,en:2025-26,wd:P286,high,
2025,dynamo-kyiv,Олександр Шовковський,Oleksandr Shovkovskyi,head,2023-12-12,2025-11-27,en:2025-26,wd:P286,high,
2025,dynamo-kyiv,Ігор Костюк,Ihor Kostyuk,caretaker,2025-11-27,2025-12-17,en:2025-26,wd:P286,high,
2025,dynamo-kyiv,Ігор Костюк,Ihor Kostyuk,head,2025-12-17,2026,en:2025-26,en:Dynamo-list,high,
2025,metalist-1925,Младен Бартулович,Mladen Bartulović,head,2025-06-20,2026,en:2025-26,wd:P286,high,
2025,kolos-kovalivka,Руслан Костишин,Ruslan Kostyshyn,head,2025-03-10,2026,en:2025-26,wd:P286,high,interim from 2025-03-10; permanent per personnel table
2025,kryvbas,Патрік ван Леувен,Patrick van Leeuwen,head,2025-06-09,2026,en:2025-26,wd:P286,high,
2025,zorya-luhansk,Віктор Скрипник,Viktor Skrypnyk,head,2025-06-16,2026,en:2025-26,wd:P286,high,
2025,karpaty-lviv,Владислав Лупашко,Vladyslav Lupashko,head,2024-07-19,2025-12-31,en:2025-26,wd:P286,high,
2025,karpaty-lviv,Фран Фернандес,Fran Fernández,head,2026-01-08,2026,en:2025-26,wd:P286,high,
2025,epicentr,Сергій Нагорняк,Serhiy Nahornyak,head,2022-09-02,2026,en:2025-26,wd:P286,high,
2025,veres-rivne,Олег Шандрук,Oleh Shandruk,head,2023-12-12,2026,en:2025-26,wd:P286,high,
2025,obolon-kyiv,Олександр Антоненко,Oleksandr Antonenko,caretaker,2025-06-06,2026,en:2025-26,wd:P286,high,
2025,kudrivka,Василь Баранов,Vasyl Baranov,head,2024-09-04,2025-08-05,en:2025-26,wd:P286,medium,
2025,kudrivka,Віталій Костишин,Vitaliy Kostyshyn,caretaker,2025-08-05,2026-02-20,en:2025-26,,medium,
2025,kudrivka,Василь Баранов,Vasyl Baranov,head,2026-02-20,2026-05-04,en:2025-26,,medium,
2025,kudrivka,Олександр Протченко,Oleksandr Protchenko,head,2026-05-05,2026,en:2025-26,,low,source date printed as 2025; corrected to 2026
2025,rukh-lviv,Іван Федик,Ivan Fedyk,head,2025-06-11,2026,en:2025-26,wd:P286,high,
2025,oleksandriya,Кирило Нестеренко,Kyrylo Nesterenko,head,2025-06-17,2026-03-23,en:2025-26,wd:P286,high,
2025,oleksandriya,Володимир Шаран,Volodymyr Sharan,head,2026-03-23,2026,en:2025-26,,medium,
2025,sc-poltava,Володимир Сисенко,Volodymyr Sysenko,head,2025,2025-07-29,en:2025-26,,medium,
2025,sc-poltava,Павло Матвійченко,Pavlo Matviychenko,caretaker,2025-07-29,2026,en:2025-26,wd:P286,high,
