id,name,main_pos,club_seasons,match_date,competition,played_position,minutes,goals,source_url,note
tm:59024,Євген Боровик,GK,Кривбас (Кривий Ріг) 2006–2012; Дніпро (Дніпропетровськ) 2008–2009; Арсенал (Київ) 2011–2013; Металург (Запоріжжя) 2013–2014; Чорноморець (Одеса) 2015–2016; Карпати (Львів) 2016,2010-10-31,UKR1,Goalkeeper,90,1,https://www.transfermarkt.com/spielbericht/index/spielbericht/1058241,"воротар забив; рахунок 1:1; клуб TM 3592 проти 9007; позиції за кар'єру TM: Goalkeeper×181, 0×74"
w:1980-10-15:hidi,Іслі Хіді,GK,Кривбас (Кривий Ріг) 2007–2009,2019-09-01,ALB1,Goalkeeper,90,1,https://www.transfermarkt.com/spielbericht/index/spielbericht/3251155,"воротар забив (пенальті); рахунок 3:0; клуб TM 21234 проти 12469; позиції за кар'єру TM: Goalkeeper×217, 0×78"
w:1980-10-15:hidi,Іслі Хіді,GK,Кривбас (Кривий Ріг) 2007–2009,2019-09-15,ALB1,Goalkeeper,90,1,https://www.transfermarkt.com/spielbericht/index/spielbericht/3259266,"воротар забив (пенальті); рахунок 2:1; клуб TM 21234 проти 27116; позиції за кар'єру TM: Goalkeeper×217, 0×78"
w:1980-10-15:hidi,Іслі Хіді,GK,Кривбас (Кривий Ріг) 2007–2009,2019-10-19,ALB1,Goalkeeper,90,1,https://www.transfermarkt.com/spielbericht/index/spielbericht/3274949,"воротар забив (пенальті); рахунок 1:1; клуб TM 21234 проти 21934; позиції за кар'єру TM: Goalkeeper×217, 0×78"
w:1980-10-15:hidi,Іслі Хіді,GK,Кривбас (Кривий Ріг) 2007–2009,2020-01-22,ALB1,Goalkeeper,90,1,https://www.transfermarkt.com/spielbericht/index/spielbericht/3284736,"воротар забив (пенальті); рахунок 1:2; клуб TM 21234 проти 2049; позиції за кар'єру TM: Goalkeeper×217, 0×78"
w:1980-10-15:hidi,Іслі Хіді,GK,Кривбас (Кривий Ріг) 2007–2009,2020-02-12,ALBP,Goalkeeper,90,1,https://www.transfermarkt.com/spielbericht/index/spielbericht/3311356,"воротар забив (пенальті); рахунок 2:3; клуб TM 21234 проти 22140; позиції за кар'єру TM: Goalkeeper×217, 0×78"
w:1980-10-15:hidi,Іслі Хіді,GK,Кривбас (Кривий Ріг) 2007–2009,2020-06-20,ALB1,Goalkeeper,90,1,https://www.transfermarkt.com/spielbericht/index/spielbericht/3384849,"воротар забив (пенальті); рахунок 1:0; клуб TM 21234 проти 12469; позиції за кар'єру TM: Goalkeeper×217, 0×78"
w:1980-10-15:hidi,Іслі Хіді,GK,Кривбас (Кривий Ріг) 2007–2009,2020-07-10,ALB1,Goalkeeper,90,1,https://www.transfermarkt.com/spielbericht/index/spielbericht/3407231,"воротар забив (пенальті); рахунок 3:2; клуб TM 21234 проти 12460; позиції за кар'єру TM: Goalkeeper×217, 0×78"
w:1980-10-15:hidi,Іслі Хіді,GK,Кривбас (Кривий Ріг) 2007–2009,2020-07-24,ALB1,Goalkeeper,90,1,https://www.transfermarkt.com/spielbericht/index/spielbericht/3407550,"воротар забив (пенальті); рахунок 2:0; клуб TM 21234 проти 21934; позиції за кар'єру TM: Goalkeeper×217, 0×78"
w:1980-10-15:hidi,Іслі Хіді,GK,Кривбас (Кривий Ріг) 2007–2009,2021-09-25,ALB2,Goalkeeper,90,1,https://www.transfermarkt.com/spielbericht/index/spielbericht/3851750,"воротар забив (пенальті); рахунок 2:3; клуб TM 27062 проти 12468; позиції за кар'єру TM: Goalkeeper×217, 0×78"
w:1980-10-15:hidi,Іслі Хіді,GK,Кривбас (Кривий Ріг) 2007–2009,2021-10-23,ALB2,Goalkeeper,78,1,https://www.transfermarkt.com/spielbericht/index/spielbericht/3851781,"воротар забив (пенальті); рахунок 4:0; клуб TM 27062 проти 27099; позиції за кар'єру TM: Goalkeeper×217, 0×78"
w:1980-10-15:hidi,Іслі Хіді,GK,Кривбас (Кривий Ріг) 2007–2009,2022-02-12,ALB2,Goalkeeper,90,1,https://www.transfermarkt.com/spielbericht/index/spielbericht/3851900,"воротар забив (пенальті); рахунок 2:0; клуб TM 27062 проти 27074; позиції за кар'єру TM: Goalkeeper×217, 0×78"
tm:537844,Анатолій Трубін,GK,Шахтар (Донецьк) 2019–2022,2026-01-28,CL,Goalkeeper,90,1,https://www.transfermarkt.com/spielbericht/index/spielbericht/4715120,"воротар забив; рахунок 4:2; клуб TM 294 проти 418; позиції за кар'єру TM: Goalkeeper×318, 0×2"
w:1985-03-12:tovt,Андрій Товт,GK,Оболонь (Київ) 2003–2009,2001-02-24,FS,Centre-Back,90,0,https://www.transfermarkt.com/spielbericht/index/spielbericht/4425928,"воротар у полі; рахунок 2:1; клуб TM 30503 проти 46430; позиції за кар'єру TM: 0×92, Centre-Back×9, Central Midfield×4, Defensive Midfield×1"
w:1985-03-12:tovt,Андрій Товт,GK,Оболонь (Київ) 2003–2009,2001-10-10,FS,Centre-Back,63,0,https://www.transfermarkt.com/spielbericht/index/spielbericht/4417419,"воротар у полі; рахунок 3:0; клуб TM 23137 проти 10933; позиції за кар'єру TM: 0×92, Centre-Back×9, Central Midfield×4, Defensive Midfield×1"
w:1985-03-12:tovt,Андрій Товт,GK,Оболонь (Київ) 2003–2009,2001-12-11,FS,Centre-Back,90,0,https://www.transfermarkt.com/spielbericht/index/spielbericht/4417418,"воротар у полі; рахунок 1:1; клуб TM 23137 проти 23260; позиції за кар'єру TM: 0×92, Centre-Back×9, Central Midfield×4, Defensive Midfield×1"
w:1985-03-12:tovt,Андрій Товт,GK,Оболонь (Київ) 2003–2009,2001-12-13,FS,Centre-Back,20,0,https://www.transfermarkt.com/spielbericht/index/spielbericht/4417417,"воротар у полі; рахунок 1:1; клуб TM 23137 проти 23260; позиції за кар'єру TM: 0×92, Centre-Back×9, Central Midfield×4, Defensive Midfield×1"
w:1985-03-12:tovt,Андрій Товт,GK,Оболонь (Київ) 2003–2009,2002-03-06,U17Q,Centre-Back,80,0,https://www.transfermarkt.com/spielbericht/index/spielbericht/4240369,"воротар у полі; рахунок 2:0; клуб TM 23137 проти 30568; позиції за кар'єру TM: 0×92, Centre-Back×9, Central Midfield×4, Defensive Midfield×1"
w:1985-03-12:tovt,Андрій Товт,GK,Оболонь (Київ) 2003–2009,2002-03-08,U17Q,Centre-Back,80,0,https://www.transfermarkt.com/spielbericht/index/spielbericht/4240370,"воротар у полі; рахунок 4:0; клуб TM 23137 проти 31092; позиції за кар'єру TM: 0×92, Centre-Back×9, Central Midfield×4, Defensive Midfield×1"
w:1985-03-12:tovt,Андрій Товт,GK,Оболонь (Київ) 2003–2009,2002-04-28,17EU,Centre-Back,80,0,https://www.transfermarkt.com/spielbericht/index/spielbericht/3358342,"воротар у полі; рахунок 0:2; клуб TM 23137 проти 10831; позиції за кар'єру TM: 0×92, Centre-Back×9, Central Midfield×4, Defensive Midfield×1"
w:1985-03-12:tovt,Андрій Товт,GK,Оболонь (Київ) 2003–2009,2002-04-30,17EU,Centre-Back,80,0,https://www.transfermarkt.com/spielbericht/index/spielbericht/3358349,"воротар у полі; рахунок 0:1; клуб TM 23137 проти 23140; позиції за кар'єру TM: 0×92, Centre-Back×9, Central Midfield×4, Defensive Midfield×1"
w:1985-03-12:tovt,Андрій Товт,GK,Оболонь (Київ) 2003–2009,2002-05-02,17EU,Centre-Back,80,0,https://www.transfermarkt.com/spielbericht/index/spielbericht/3358358,"воротар у полі; рахунок 2:1; клуб TM 23137 проти 23313; позиції за кар'єру TM: 0×92, Centre-Back×9, Central Midfield×4, Defensive Midfield×1"
w:1985-03-12:tovt,Андрій Товт,GK,Оболонь (Київ) 2003–2009,2009-08-23,PO2,Goalkeeper,90,1,https://www.transfermarkt.com/spielbericht/index/spielbericht/970521,"воротар забив; рахунок 2:2; клуб TM 3336 проти 3325; позиції за кар'єру TM: 0×92, Centre-Back×9, Central Midfield×4, Defensive Midfield×1"
w:1985-03-12:tovt,Андрій Товт,GK,Оболонь (Київ) 2003–2009,2010-02-21,PO2,Goalkeeper,35,1,https://www.transfermarkt.com/spielbericht/index/spielbericht/998988,"воротар забив; рахунок 2:1; клуб TM 3336 проти 10919; позиції за кар'єру TM: 0×92, Centre-Back×9, Central Midfield×4, Defensive Midfield×1"
w:1985-03-12:tovt,Андрій Товт,GK,Оболонь (Київ) 2003–2009,2010-08-14,POCP,Central Midfield,61,0,https://www.transfermarkt.com/spielbericht/index/spielbericht/1043989,"воротар у полі; рахунок 0:1; клуб TM 4297 проти 8827; позиції за кар'єру TM: 0×92, Centre-Back×9, Central Midfield×4, Defensive Midfield×1"
w:1985-03-12:tovt,Андрій Товт,GK,Оболонь (Київ) 2003–2009,2010-08-29,PO2,Goalkeeper,90,1,https://www.transfermarkt.com/spielbericht/index/spielbericht/1046038,"воротар забив; рахунок 3:4; клуб TM 4297 проти 3327; позиції за кар'єру TM: 0×92, Centre-Back×9, Central Midfield×4, Defensive Midfield×1"
w:1985-03-12:tovt,Андрій Товт,GK,Оболонь (Київ) 2003–2009,2010-09-19,POPO,Central Midfield,90,2,https://www.transfermarkt.com/spielbericht/index/spielbericht/1058117,"воротар у полі; рахунок 2:0; клуб TM 4297 проти 7797; позиції за кар'єру TM: 0×92, Centre-Back×9, Central Midfield×4, Defensive Midfield×1"
w:1985-03-12:tovt,Андрій Товт,GK,Оболонь (Київ) 2003–2009,2010-11-14,PO2,Central Midfield,90,0,https://www.transfermarkt.com/spielbericht/index/spielbericht/1061959,"воротар у полі; рахунок 4:3; клуб TM 4297 проти 3345; позиції за кар'єру TM: 0×92, Centre-Back×9, Central Midfield×4, Defensive Midfield×1"
w:1985-03-12:tovt,Андрій Товт,GK,Оболонь (Київ) 2003–2009,2010-12-19,PO2,Goalkeeper,90,1,https://www.transfermarkt.com/spielbericht/index/spielbericht/1066833,"воротар забив; рахунок 5:2; клуб TM 4297 проти 10140; позиції за кар'єру TM: 0×92, Centre-Back×9, Central Midfield×4, Defensive Midfield×1"
w:1985-03-12:tovt,Андрій Товт,GK,Оболонь (Київ) 2003–2009,2010-12-23,POPO,Central Midfield,81,0,https://www.transfermarkt.com/spielbericht/index/spielbericht/1069093,"воротар у полі; рахунок 4:2; клуб TM 4297 проти 3323; позиції за кар'єру TM: 0×92, Centre-Back×9, Central Midfield×4, Defensive Midfield×1"
w:1985-03-12:tovt,Андрій Товт,GK,Оболонь (Київ) 2003–2009,2011-03-06,PO2,Goalkeeper,75,1,https://www.transfermarkt.com/spielbericht/index/spielbericht/1083349,"воротар забив; рахунок 1:1; клуб TM 4297 проти 3336; позиції за кар'єру TM: 0×92, Centre-Back×9, Central Midfield×4, Defensive Midfield×1"
w:1985-03-12:tovt,Андрій Товт,GK,Оболонь (Київ) 2003–2009,2011-11-20,POPO,Defensive Midfield,33,0,https://www.transfermarkt.com/spielbericht/index/spielbericht/1159727,"воротар у полі; рахунок 1:0; клуб TM 3345 проти 25823; позиції за кар'єру TM: 0×92, Centre-Back×9, Central Midfield×4, Defensive Midfield×1"
w:1985-03-12:tovt,Андрій Товт,GK,Оболонь (Київ) 2003–2009,2014-10-19,POPO,Goalkeeper,79,1,https://www.transfermarkt.com/spielbericht/index/spielbericht/2512721,"воротар забив (пенальті); рахунок 1:3; клуб TM 2459 проти 6119; позиції за кар'єру TM: 0×92, Centre-Back×9, Central Midfield×4, Defensive Midfield×1"
w:1968-01-13:strontsitski,Богдан Стронціцький,GK,Карпати (Львів) 1992–2001; Таврія (Сімферополь) 2002,1992-07-05,UKR2,Goalkeeper,90,1,https://www.transfermarkt.com/spielbericht/index/spielbericht/4303908,"воротар забив (пенальті); рахунок 1:1; клуб TM 20839 проти 28598; позиції за кар'єру TM: Goalkeeper×255, 0×19"
w:1969-10-07:bohodelov,В'ячеслав Богодєлов,GK,Нива (Тернопіль) 1992; Металург (Донецьк) 1998; Ворскла (Полтава) 1998–2000; Металіст (Харків) 2000,1992-07-18,RU2,Centre-Back,90,0,https://www.transfermarkt.com/spielbericht/index/spielbericht/3959129,"воротар у полі; рахунок 0:4; клуб TM 15122 проти 13640; позиції за кар'єру TM: Goalkeeper×111, 0×12, Centre-Back×1"
w:1978-10-30:ovsenko,Володимир Овсієнко,GK,Говерла / Закарпаття (Ужгород) 2001–2005; Металіст (Харків) 2004,2015-02-21,UNG1,Centre-Forward,82,0,https://www.transfermarkt.com/spielbericht/index/spielbericht/2498219,"воротар у полі; рахунок 1:1; клуб TM 6058 проти 12163; позиції за кар'єру TM: Goalkeeper×206, 0×67, Centre-Forward×1"
tm:9779,Віталій Рева,GK,ЦСКА (Київ) 1995–2000; Динамо (Київ) 2001–2004; Таврія (Сімферополь) 2005; Арсенал (Київ) 2007–2013; Оболонь (Київ) 2011; Кривбас (Кривий Ріг) 2012,1994-06-23,UKR2,Goalkeeper,90,1,https://www.transfermarkt.com/spielbericht/index/spielbericht/4319945,"воротар забив (пенальті); рахунок 5:0; клуб TM 18303 проти 30954; позиції за кар'єру TM: Goalkeeper×414, 0×151"
tm:774009,Віталій Циганков,GK,Нива (Вінниця) 1993,1997-09-06,ISR2,Goalkeeper,90,1,https://www.transfermarkt.com/spielbericht/index/spielbericht/4906463,"воротар забив (пенальті); рахунок 2:0; клуб TM 31176 проти 30062; позиції за кар'єру TM: Goalkeeper×29, 0×20"
tm:59277,Дмитро Козаченко,GK,Зоря (Луганськ) 2006–2012; Таврія (Сімферополь) 2007,2004-09-05,UKR2,Goalkeeper,90,1,https://www.transfermarkt.com/spielbericht/index/spielbericht/4242768,"воротар забив (пенальті); рахунок 1:3; клуб TM 6613 проти 10468; позиції за кар'єру TM: Goalkeeper×191, 0×52"
tm:59277,Дмитро Козаченко,GK,Зоря (Луганськ) 2006–2012; Таврія (Сімферополь) 2007,2009-07-31,UKR2,Goalkeeper,90,1,https://www.transfermarkt.com/spielbericht/index/spielbericht/963328,"воротар забив (пенальті); рахунок 5:0; клуб TM 18303 проти 10674; позиції за кар'єру TM: Goalkeeper×191, 0×52"
w:1972-04-03:shutkov,Дмитро Шутков,GK,Шахтар (Донецьк) 1992–2007,1992-11-30,U21Q,Goalkeeper,90,1,https://www.transfermarkt.com/spielbericht/index/spielbericht/2977461,"воротар забив; рахунок 2:1; клуб TM 21361 проти 20267; позиції за кар'єру TM: 0×47, Left-Back×2, Centre-Back×2"
w:1972-04-03:shutkov,Дмитро Шутков,GK,Шахтар (Донецьк) 1992–2007,1993-10-26,BALC,Centre-Back,45,0,https://www.transfermarkt.com/spielbericht/index/spielbericht/3047307,"воротар у полі; рахунок 0:0; клуб TM 521 проти 152; позиції за кар'єру TM: 0×47, Left-Back×2, Centre-Back×2"
w:1972-04-03:shutkov,Дмитро Шутков,GK,Шахтар (Донецьк) 1992–2007,1993-11-09,BALC,Centre-Back,46,0,https://www.transfermarkt.com/spielbericht/index/spielbericht/3047309,"воротар у полі; рахунок 1:4; клуб TM 521 проти 152; позиції за кар'єру TM: 0×47, Left-Back×2, Centre-Back×2"
w:1972-04-03:shutkov,Дмитро Шутков,GK,Шахтар (Донецьк) 1992–2007,1996-06-23,UI,Left-Back,90,0,https://www.transfermarkt.com/spielbericht/index/spielbericht/2983095,"воротар у полі; рахунок 3:1; клуб TM 208 проти 120; позиції за кар'єру TM: 0×47, Left-Back×2, Centre-Back×2"
w:1972-04-03:shutkov,Дмитро Шутков,GK,Шахтар (Донецьк) 1992–2007,1996-07-07,UI,Left-Back,90,0,https://www.transfermarkt.com/spielbericht/index/spielbericht/2983099,"воротар у полі; рахунок 1:2; клуб TM 208 проти 11127; позиції за кар'єру TM: 0×47, Left-Back×2, Centre-Back×2"
w:1972-04-03:shutkov,Дмитро Шутков,GK,Шахтар (Донецьк) 1992–2007,2006-04-19,BU1,Goalkeeper,90,1,https://www.transfermarkt.com/spielbericht/index/spielbericht/3573010,"воротар забив; рахунок 1:1; клуб TM 5284 проти 208; позиції за кар'єру TM: 0×47, Left-Back×2, Centre-Back×2"
tm:325410,Максим Бабійчук,GK,Металург (Запоріжжя) 2015,2026-08-09,UA3L,Goalkeeper,90,1,https://www.transfermarkt.com/spielbericht/index/spielbericht/4939587,"воротар забив; рахунок 3:5; клуб TM 122007 проти 132383; позиції за кар'єру TM: Goalkeeper×100, 0×5"
tm:269351,Максим Кучинський,GK,Карпати (Львів) 2018,2015-04-18,UKR2,Goalkeeper,90,1,https://www.transfermarkt.com/spielbericht/index/spielbericht/2551769,"воротар забив; рахунок 1:1; клуб TM 23634 проти 16239; позиції за кар'єру TM: Goalkeeper×165, 0×84"
tm:359239,Микита Крюков,GK,Маріуполь / Іллічівець 2014,2026-04-02,LNR1,Goalkeeper,90,1,https://www.transfermarkt.com/spielbericht/index/spielbericht/4670913,"воротар забив; рахунок 3:3; клуб TM 41188 проти 2906; позиції за кар'єру TM: Goalkeeper×125, 0×12"
tm:574229,Микита Федотов,GK,Епіцентр (Кам'янець-Подільський) 2025,2025-05-24,UKR2,Centre-Forward,5,0,https://www.transfermarkt.com/spielbericht/index/spielbericht/4608030,"воротар у полі; рахунок 0:2; клуб TM 110586 проти 21903; позиції за кар'єру TM: Goalkeeper×80, 0×4, Centre-Forward×1"
w:1960-04-15:burch,Михайло Бурч,GK,Волинь (Луцьк) 1992–1995; Верес (Рівне) 1994,1992-03-17,UKR1,Goalkeeper,90,1,https://www.transfermarkt.com/spielbericht/index/spielbericht/3796616,"воротар забив (пенальті); рахунок 1:0; клуб TM 4482 проти 339; позиції за кар'єру TM: Goalkeeper×81, 0×7"
w:1960-04-15:burch,Михайло Бурч,GK,Волинь (Луцьк) 1992–1995; Верес (Рівне) 1994,1992-03-29,UKR1,Goalkeeper,90,1,https://www.transfermarkt.com/spielbericht/index/spielbericht/3796650,"воротар забив (пенальті); рахунок 1:0; клуб TM 4482 проти 2712; позиції за кар'єру TM: Goalkeeper×81, 0×7"
w:1960-04-15:burch,Михайло Бурч,GK,Волинь (Луцьк) 1992–1995; Верес (Рівне) 1994,1992-04-04,UKR1,Goalkeeper,90,1,https://www.transfermarkt.com/spielbericht/index/spielbericht/3796686,"воротар забив (пенальті); рахунок 1:3; клуб TM 4482 проти 6414; позиції за кар'єру TM: Goalkeeper×81, 0×7"
w:1960-04-15:burch,Михайло Бурч,GK,Волинь (Луцьк) 1992–1995; Верес (Рівне) 1994,1992-04-15,UKR1,Goalkeeper,90,1,https://www.transfermarkt.com/spielbericht/index/spielbericht/3796754,"воротар забив (пенальті); рахунок 3:1; клуб TM 4482 проти 6414; позиції за кар'єру TM: Goalkeeper×81, 0×7"
w:1960-04-15:burch,Михайло Бурч,GK,Волинь (Луцьк) 1992–1995; Верес (Рівне) 1994,1993-03-19,UKR1,Goalkeeper,90,1,https://www.transfermarkt.com/spielbericht/index/spielbericht/3837685,"воротар забив (пенальті); рахунок 3:1; клуб TM 4482 проти 3592; позиції за кар'єру TM: Goalkeeper×81, 0×7"
w:1960-04-15:burch,Михайло Бурч,GK,Волинь (Луцьк) 1992–1995; Верес (Рівне) 1994,1999-09-23,UKR2,Goalkeeper,90,1,https://www.transfermarkt.com/spielbericht/index/spielbericht/4319628,"воротар забив (пенальті); рахунок 1:0; клуб TM 4482 проти 32443; позиції за кар'єру TM: Goalkeeper×81, 0×7"
tm:305418,Назарій Федорівський,GK,Оболонь (Київ) 2023–2025,2026-09-18,UKR1,Goalkeeper,90,1,https://www.transfermarkt.com/spielbericht/index/spielbericht/4974329,"воротар забив; рахунок 1:1; клуб TM 39097 проти 6992; позиції за кар'єру TM: Goalkeeper×146, 0×80"
w:1969-01-02:suslov,Олег Суслов,GK,Чорноморець (Одеса) 1992–1996,1996-04-06,UKR1,Goalkeeper,65,1,https://www.transfermarkt.com/spielbericht/index/spielbericht/3794702,"воротар забив (пенальті); рахунок 3:1; клуб TM 6992 проти 14809; позиції за кар'єру TM: Goalkeeper×209, 0×75"
w:1969-01-02:suslov,Олег Суслов,GK,Чорноморець (Одеса) 1992–1996,1996-04-13,UKR1,Goalkeeper,90,1,https://www.transfermarkt.com/spielbericht/index/spielbericht/3794735,"воротар забив (пенальті); рахунок 2:0; клуб TM 6992 проти 339; позиції за кар'єру TM: Goalkeeper×209, 0×75"
tm:217760,Олексій Казаков,GK,Ворскла (Полтава) 2011–2012,2023-07-29,KOG3,Goalkeeper,90,1,https://www.transfermarkt.com/spielbericht/index/spielbericht/4110796,"воротар забив (пенальті); рахунок 1:1; клуб TM 104318 проти 52229; позиції за кар'єру TM: Goalkeeper×36, 0×32"
w:1976-10-08:derenov,Сергій Деренов,GK,Кривбас (Кривий Ріг) 1994–1996,2000-04-19,RUP,Goalkeeper,90,1,https://www.transfermarkt.com/spielbericht/index/spielbericht/4524201,воротар забив; рахунок 2:0; клуб TM 15121 проти 66070; позиції за кар'єру TM: 0×62
w:1976-10-08:derenov,Сергій Деренов,GK,Кривбас (Кривий Ріг) 1994–1996,2000-05-28,RUP,Goalkeeper,90,2,https://www.transfermarkt.com/spielbericht/index/spielbericht/4524243,воротар забив (пенальті); рахунок 2:1; клуб TM 15121 проти 14590; позиції за кар'єру TM: 0×62
w:1976-10-08:derenov,Сергій Деренов,GK,Кривбас (Кривий Ріг) 1994–1996,2000-06-12,RUP,Goalkeeper,90,1,https://www.transfermarkt.com/spielbericht/index/spielbericht/4524263,воротар забив; рахунок 2:4; клуб TM 15121 проти 15717; позиції за кар'єру TM: 0×62
w:1976-10-08:derenov,Сергій Деренов,GK,Кривбас (Кривий Ріг) 1994–1996,2002-05-21,WER1,Goalkeeper,90,1,https://www.transfermarkt.com/spielbericht/index/spielbericht/2213138,воротар забив; рахунок 1:0; клуб TM 4363 проти 17959; позиції за кар'єру TM: 0×62
w:1976-10-08:derenov,Сергій Деренов,GK,Кривбас (Кривий Ріг) 1994–1996,2002-07-09,WER1,Goalkeeper,90,1,https://www.transfermarkt.com/spielbericht/index/spielbericht/2213185,воротар забив; рахунок 3:2; клуб TM 4363 проти 24015; позиції за кар'єру TM: 0×62
w:1976-10-08:derenov,Сергій Деренов,GK,Кривбас (Кривий Ріг) 1994–1996,2002-10-06,WER1,Goalkeeper,68,1,https://www.transfermarkt.com/spielbericht/index/spielbericht/2213254,воротар забив; рахунок 2:0; клуб TM 4363 проти 7964; позиції за кар'єру TM: 0×62
w:1976-10-08:derenov,Сергій Деренов,GK,Кривбас (Кривий Ріг) 1994–1996,2003-05-24,RU2,Goalkeeper,22,1,https://www.transfermarkt.com/spielbericht/index/spielbericht/3492235,воротар забив; рахунок 1:2; клуб TM 3690 проти 3715; позиції за кар'єру TM: 0×62
w:1976-10-08:derenov,Сергій Деренов,GK,Кривбас (Кривий Ріг) 1994–1996,2004-06-11,RUP,Goalkeeper,90,1,https://www.transfermarkt.com/spielbericht/index/spielbericht/4241616,воротар забив; рахунок 2:0; клуб TM 12040 проти 11128; позиції за кар'єру TM: 0×62
w:1979-01-08:pletikosa,Стіпе Плетікоса,GK,Шахтар (Донецьк) 2003–2006,2002-08-15,UEQ,Goalkeeper,90,1,https://www.transfermarkt.com/spielbericht/index/spielbericht/3977161,"воротар забив (пенальті); рахунок 3:0; клуб TM 447 проти 10537; позиції за кар'єру TM: Goalkeeper×302, 0×116"
w:1979-01-08:pletikosa,Стіпе Плетікоса,GK,Шахтар (Донецьк) 2003–2006,2002-08-29,UEQ,Goalkeeper,90,1,https://www.transfermarkt.com/spielbericht/index/spielbericht/3977374,"воротар забив (пенальті); рахунок 8:0; клуб TM 447 проти 10537; позиції за кар'єру TM: Goalkeeper×302, 0×116"
w:1979-01-08:pletikosa,Стіпе Плетікоса,GK,Шахтар (Донецьк) 2003–2006,2003-06-04,KRC,Goalkeeper,90,1,https://www.transfermarkt.com/spielbericht/index/spielbericht/4269031,"воротар забив (пенальті); рахунок 4:0; клуб TM 447 проти 999; позиції за кар'єру TM: Goalkeeper×302, 0×116"
w:1972-02-02:chopik,Тарас Чопик,GK,Олександрія 2001–2002,1999-04-08,UKR2,Goalkeeper,90,1,https://www.transfermarkt.com/spielbericht/index/spielbericht/4351142,"воротар забив (пенальті); рахунок 1:0; клуб TM 4482 проти 16239; позиції за кар'єру TM: Goalkeeper×195, 0×46"
w:1972-02-02:chopik,Тарас Чопик,GK,Олександрія 2001–2002,1999-04-22,UKR2,Goalkeeper,90,1,https://www.transfermarkt.com/spielbericht/index/spielbericht/4351168,"воротар забив (пенальті); рахунок 1:0; клуб TM 4482 проти 20423; позиції за кар'єру TM: Goalkeeper×195, 0×46"
w:1962-04-08:chumak,Юрій Чумак,GK,Кремінь (Кременчук) 1992–1996; Нива (Тернопіль) 1997–1998; Прикарпаття (Івано-Франківськ) 1999,2001-07-14,UKRP,Centre-Forward,6,0,https://www.transfermarkt.com/spielbericht/index/spielbericht/4033741,"воротар у полі; рахунок 3:4; клуб TM 29109 проти 26641; позиції за кар'єру TM: Goalkeeper×156, 0×4, Centre-Forward×1"
tm:249639,Євген Місюра,CB,СК Полтава 2025,2014-05-18,UKR2,Centre-Forward,8,0,https://www.transfermarkt.com/spielbericht/index/spielbericht/2336028,"захисник у нападі; рахунок 3:1; клуб TM 32036 проти 23611; позиції за кар'єру TM: Centre-Back×71, 0×45, Defensive Midfield×12, Centre-Forward×1"
tm:735788,Ігор Габріел,CB,ПФК Львів 2022,2024-04-07,MAL1,Second Striker,71,0,https://www.transfermarkt.com/spielbericht/index/spielbericht/4317384,"захисник у нападі; рахунок 0:0; клуб TM 10604 проти 329; позиції за кар'єру TM: Centre-Back×87, Centre-Forward×9, 0×5, Left-Back×3"
tm:735788,Ігор Габріел,CB,ПФК Львів 2022,2024-04-14,MAL1,Centre-Forward,90,0,https://www.transfermarkt.com/spielbericht/index/spielbericht/4317390,"захисник у нападі; рахунок 2:2; клуб TM 10604 проти 6335; позиції за кар'єру TM: Centre-Back×87, Centre-Forward×9, 0×5, Left-Back×3"
tm:735788,Ігор Габріел,CB,ПФК Львів 2022,2024-04-21,MAL1,Centre-Forward,90,0,https://www.transfermarkt.com/spielbericht/index/spielbericht/4317398,"захисник у нападі; рахунок 1:3; клуб TM 10604 проти 32125; позиції за кар'єру TM: Centre-Back×87, Centre-Forward×9, 0×5, Left-Back×3"
tm:735788,Ігор Габріел,CB,ПФК Львів 2022,2024-04-27,MAL1,Centre-Forward,90,0,https://www.transfermarkt.com/spielbericht/index/spielbericht/4317401,"захисник у нападі; рахунок 0:2; клуб TM 10604 проти 10605; позиції за кар'єру TM: Centre-Back×87, Centre-Forward×9, 0×5, Left-Back×3"
tm:735788,Ігор Габріел,CB,ПФК Львів 2022,2024-05-04,MAL1,Centre-Forward,90,0,https://www.transfermarkt.com/spielbericht/index/spielbericht/4338596,"захисник у нападі; рахунок 1:1; клуб TM 10604 проти 17149; позиції за кар'єру TM: Centre-Back×87, Centre-Forward×9, 0×5, Left-Back×3"
tm:735788,Ігор Габріел,CB,ПФК Львів 2022,2024-08-17,MT1N,Centre-Forward,80,0,https://www.transfermarkt.com/spielbericht/index/spielbericht/4413530,"захисник у нападі; рахунок 2:1; клуб TM 10604 проти 32130; позиції за кар'єру TM: Centre-Back×87, Centre-Forward×9, 0×5, Left-Back×3"
tm:735788,Ігор Габріел,CB,ПФК Львів 2022,2024-08-25,MT1N,Centre-Forward,90,0,https://www.transfermarkt.com/spielbericht/index/spielbericht/4413533,"захисник у нападі; рахунок 2:0; клуб TM 10604 проти 32768; позиції за кар'єру TM: Centre-Back×87, Centre-Forward×9, 0×5, Left-Back×3"
tm:735788,Ігор Габріел,CB,ПФК Львів 2022,2024-08-29,MT1N,Centre-Forward,90,0,https://www.transfermarkt.com/spielbericht/index/spielbericht/4413544,"захисник у нападі; рахунок 0:0; клуб TM 10604 проти 329; позиції за кар'єру TM: Centre-Back×87, Centre-Forward×9, 0×5, Left-Back×3"
tm:735788,Ігор Габріел,CB,ПФК Львів 2022,2024-09-14,MT1N,Centre-Forward,90,0,https://www.transfermarkt.com/spielbericht/index/spielbericht/4413538,"захисник у нападі; рахунок 0:2; клуб TM 10604 проти 10262; позиції за кар'єру TM: Centre-Back×87, Centre-Forward×9, 0×5, Left-Back×3"
tm:735788,Ігор Габріел,CB,ПФК Львів 2022,2024-09-22,MT1N,Centre-Forward,90,0,https://www.transfermarkt.com/spielbericht/index/spielbericht/4413555,"захисник у нападі; рахунок 1:1; клуб TM 10604 проти 10603; позиції за кар'єру TM: Centre-Back×87, Centre-Forward×9, 0×5, Left-Back×3"
tm:97727,Ігор Тищенко,RB,Маріуполь / Іллічівець 2008–2020; Карпати (Львів) 2013; Олімпік (Донецьк) 2014–2015,2019-08-08,ELQ,Centre-Forward,86,0,https://www.transfermarkt.com/spielbericht/index/spielbericht/3232989,"захисник у нападі; рахунок 0:0; клуб TM 6993 проти 1090; позиції за кар'єру TM: 0×127, Right-Back×39, Right Midfield×29, Left Midfield×29"
tm:97727,Ігор Тищенко,RB,Маріуполь / Іллічівець 2008–2020; Карпати (Львів) 2013; Олімпік (Донецьк) 2014–2015,2019-08-25,UKR1,Centre-Forward,90,0,https://www.transfermarkt.com/spielbericht/index/spielbericht/3229063,"захисник у нападі; рахунок 1:5; клуб TM 6993 проти 660; позиції за кар'єру TM: 0×127, Right-Back×39, Right Midfield×29, Left Midfield×29"
tm:396400,Ілля Путря,RB,Маріуполь / Іллічівець 2018–2019; Чорноморець (Одеса) 2021–2023; ЛНЗ (Черкаси) 2024–2025,2019-10-02,UKRP,Centre-Forward,82,0,https://www.transfermarkt.com/spielbericht/index/spielbericht/3251813,"захисник у нападі; рахунок 1:0; клуб TM 6993 проти 48726; позиції за кар'єру TM: Right-Back×113, Left Midfield×9, Right Midfield×8, Left-Back×8"
tm:396400,Ілля Путря,RB,Маріуполь / Іллічівець 2018–2019; Чорноморець (Одеса) 2021–2023; ЛНЗ (Черкаси) 2024–2025,2019-11-30,UKR1,Centre-Forward,88,1,https://www.transfermarkt.com/spielbericht/index/spielbericht/3263178,"захисник у нападі; рахунок 1:1; клуб TM 6993 проти 660; позиції за кар'єру TM: Right-Back×113, Left Midfield×9, Right Midfield×8, Left-Back×8"
tm:105362,Адольф Тейку,CB,Металург (Запоріжжя) 2008–2013; Чорноморець (Одеса) 2013–2014,2021-05-08,TR1,Centre-Forward,8,0,https://www.transfermarkt.com/spielbericht/index/spielbericht/3427180,"захисник у нападі; рахунок 0:1; клуб TM 39722 проти 10484; позиції за кар'єру TM: Centre-Back×242, 0×118, Defensive Midfield×11, Left-Back×2"
tm:192897,Аді Мехремич,CB,Карпати (Львів) 2018,2014-08-26,LET1,Centre-Forward,12,0,https://www.transfermarkt.com/spielbericht/index/spielbericht/2492232,"захисник у нападі; рахунок 0:0; клуб TM 28936 проти 9828; позиції за кар'єру TM: Centre-Back×153, 0×90, Left-Back×46, Left Midfield×7"
tm:192897,Аді Мехремич,CB,Карпати (Львів) 2018,2024-05-06,AZ1,Centre-Forward,6,0,https://www.transfermarkt.com/spielbericht/index/spielbericht/4336888,"захисник у нападі; рахунок 2:3; клуб TM 57890 проти 22010; позиції за кар'єру TM: Centre-Back×153, 0×90, Left-Back×46, Left Midfield×7"
tm:202659,Андрейс Циганікс,LB,Зоря (Луганськ) 2019–2020,2017-09-24,OLW3,Centre-Forward,90,0,https://www.transfermarkt.com/spielbericht/index/spielbericht/2923730,"захисник у нападі; рахунок 2:0; клуб TM 34 проти 831; позиції за кар'єру TM: 0×146, Left-Back×118, Left Midfield×92, Left Winger×28"
tm:522833,Андрій Понєдєльнік,RB,Кривбас (Кривий Ріг) 2022–2024; Колос (Ковалівка) 2025,2019-09-25,UKRP,Second Striker,90,0,https://www.transfermarkt.com/spielbericht/index/spielbericht/3251810,"захисник у нападі; рахунок 0:2; клуб TM 21903 проти 18105; позиції за кар'єру TM: Right-Back×98, 0×74, Right Winger×30, Centre-Back×12"
tm:522833,Андрій Понєдєльнік,RB,Кривбас (Кривий Ріг) 2022–2024; Колос (Ковалівка) 2025,2020-11-29,UKR2,Centre-Forward,90,0,https://www.transfermarkt.com/spielbericht/index/spielbericht/3457565,"захисник у нападі; рахунок 1:3; клуб TM 53646 проти 53629; позиції за кар'єру TM: Right-Back×98, 0×74, Right Winger×30, Centre-Back×12"
tm:522833,Андрій Понєдєльнік,RB,Кривбас (Кривий Ріг) 2022–2024; Колос (Ковалівка) 2025,2023-03-18,UKR1,Centre-Forward,10,0,https://www.transfermarkt.com/spielbericht/index/spielbericht/4031363,"захисник у нападі; рахунок 2:2; клуб TM 3592 проти 18105; позиції за кар'єру TM: Right-Back×98, 0×74, Right Winger×30, Centre-Back×12"
tm:167553,Антон Братков,CB,Зірка (Кропивницький) 2017; Десна (Чернігів) 2018; ПФК Львів 2019,2014-04-05,UKR2,Centre-Forward,1,0,https://www.transfermarkt.com/spielbericht/index/spielbericht/2336061,"захисник у нападі; рахунок 1:0; клуб TM 6249 проти 32036; позиції за кар'єру TM: Centre-Back×314, 0×86, Right-Back×6, Left-Back×2"
tm:64341,Антон Кравченко,CB,Волинь (Луцьк) 2011; Сталь (Кам'янське) 2015–2016; Олімпік (Донецьк) 2017–2018; Олександрія 2023,2013-10-27,UKR2,Centre-Forward,90,1,https://www.transfermarkt.com/spielbericht/index/spielbericht/2335887,"захисник у нападі; рахунок 1:1; клуб TM 16242 проти 21216; позиції за кар'єру TM: Centre-Back×171, 0×67, Defensive Midfield×13, Central Midfield×5"
tm:64341,Антон Кравченко,CB,Волинь (Луцьк) 2011; Сталь (Кам'янське) 2015–2016; Олімпік (Донецьк) 2017–2018; Олександрія 2023,2013-11-01,UKR2,Centre-Forward,90,0,https://www.transfermarkt.com/spielbericht/index/spielbericht/2335878,"захисник у нападі; рахунок 1:3; клуб TM 16242 проти 10468; позиції за кар'єру TM: Centre-Back×171, 0×67, Defensive Midfield×13, Central Midfield×5"
tm:64341,Антон Кравченко,CB,Волинь (Луцьк) 2011; Сталь (Кам'янське) 2015–2016; Олімпік (Донецьк) 2017–2018; Олександрія 2023,2014-04-18,UKR2,Centre-Forward,4,2,https://www.transfermarkt.com/spielbericht/index/spielbericht/2336070,"захисник у нападі; рахунок 4:2; клуб TM 26641 проти 32036; позиції за кар'єру TM: Centre-Back×171, 0×67, Defensive Midfield×13, Central Midfield×5"
w:1971-05-28:avakov,Арсен Аваков,CB,Темп (Шепетівка) 1993; Торпедо (Запоріжжя) 1994–1995,1998-03-23,RUP,Centre-Forward,39,0,https://www.transfermarkt.com/spielbericht/index/spielbericht/3331818,"захисник у нападі; рахунок 0:2; клуб TM 1186 проти 932; позиції за кар'єру TM: 0×303, Centre-Forward×3"
w:1971-05-28:avakov,Арсен Аваков,CB,Темп (Шепетівка) 1993; Торпедо (Запоріжжя) 1994–1995,1999-04-02,RU1,Centre-Forward,90,0,https://www.transfermarkt.com/spielbericht/index/spielbericht/2831589,"захисник у нападі; рахунок 0:1; клуб TM 2693 проти 2737; позиції за кар'єру TM: 0×303, Centre-Forward×3"
w:1971-05-28:avakov,Арсен Аваков,CB,Темп (Шепетівка) 1993; Торпедо (Запоріжжя) 1994–1995,2000-04-14,RU1,Centre-Forward,90,0,https://www.transfermarkt.com/spielbericht/index/spielbericht/2833185,"захисник у нападі; рахунок 2:0; клуб TM 1186 проти 2737; позиції за кар'єру TM: 0×303, Centre-Forward×3"
tm:58000,Артем Федецький,RB,Арсенал (Київ) 2006; ФК Харків 2007; Шахтар (Донецьк) 2008; Карпати (Львів) 2009–2018; Дніпро (Дніпропетровськ) 2012–2015,2011-11-19,UKR1,Centre-Forward,90,1,https://www.transfermarkt.com/spielbericht/index/spielbericht/1157774,"захисник у нападі; рахунок 2:2; клуб TM 2477 проти 6992; позиції за кар'єру TM: Right-Back×187, 0×186, Centre-Back×37, Right Midfield×10"
tm:94922,Богдан Бутко,RB,Волинь (Луцьк) 2010; Маріуполь / Іллічівець 2011–2014; Шахтар (Донецьк) 2016–2018; Зоря (Луганськ) 2022–2023; Чорноморець (Одеса) 2024; Олександрія 2025,2012-06-19,EURO,Centre-Forward,13,0,https://www.transfermarkt.com/spielbericht/index/spielbericht/1169015,"захисник у нападі; рахунок 0:1; клуб TM 3699 проти 3299; позиції за кар'єру TM: Right-Back×296, 0×44, Right Midfield×19, Left-Back×17"
tm:661776,Богдан Порох,CB,Металіст (Харків) 2022,2023-03-11,UKR1,Centre-Forward,1,0,https://www.transfermarkt.com/spielbericht/index/spielbericht/4031348,"захисник у нападі; рахунок 1:2; клуб TM 83678 проти 49364; позиції за кар'єру TM: Centre-Back×129, 0×39, Centre-Forward×3, Defensive Midfield×1"
tm:661776,Богдан Порох,CB,Металіст (Харків) 2022,2025-09-13,UKR2,Centre-Forward,45,0,https://www.transfermarkt.com/spielbericht/index/spielbericht/4693385,"захисник у нападі; рахунок 2:2; клуб TM 83678 проти 53645; позиції за кар'єру TM: Centre-Back×129, 0×39, Centre-Forward×3, Defensive Midfield×1"
tm:661776,Богдан Порох,CB,Металіст (Харків) 2022,2025-09-25,UKR2,Centre-Forward,81,0,https://www.transfermarkt.com/spielbericht/index/spielbericht/4693361,"захисник у нападі; рахунок 3:1; клуб TM 83678 проти 61761; позиції за кар'єру TM: Centre-Back×129, 0×39, Centre-Forward×3, Defensive Midfield×1"
w:1980-05-16:melnik,Вадим Мельник,CB,Борисфен (Бориспіль) 2003–2004; Металург (Донецьк) 2004–2007; Таврія (Сімферополь) 2005; Маріуполь / Іллічівець 2008–2010,2013-07-27,UKR2,Centre-Forward,90,0,https://www.transfermarkt.com/spielbericht/index/spielbericht/2335857,"захисник у нападі; рахунок 3:1; клуб TM 16239 проти 26641; позиції за кар'єру TM: 0×460, Centre-Back×78, Defensive Midfield×9, Centre-Forward×2"
w:1980-05-16:melnik,Вадим Мельник,CB,Борисфен (Бориспіль) 2003–2004; Металург (Донецьк) 2004–2007; Таврія (Сімферополь) 2005; Маріуполь / Іллічівець 2008–2010,2014-08-02,UKR2,Centre-Forward,90,0,https://www.transfermarkt.com/spielbericht/index/spielbericht/2471073,"захисник у нападі; рахунок 1:1; клуб TM 16239 проти 21216; позиції за кар'єру TM: 0×460, Centre-Back×78, Defensive Midfield×9, Centre-Forward×2"
tm:330122,Вадим Семчук,RB,Арсенал (Київ) 2018,2014-08-09,UKR2,Centre-Forward,1,0,https://www.transfermarkt.com/spielbericht/index/spielbericht/2471088,"захисник у нападі; рахунок 1:0; клуб TM 23634 проти 6249; позиції за кар'єру TM: 0×131, Right-Back×57, Left-Back×44, Right Winger×21"
tm:330122,Вадим Семчук,RB,Арсенал (Київ) 2018,2014-08-16,UKR2,Second Striker,6,0,https://www.transfermarkt.com/spielbericht/index/spielbericht/2471101,"захисник у нападі; рахунок 1:0; клуб TM 23634 проти 21903; позиції за кар'єру TM: 0×131, Right-Back×57, Left-Back×44, Right Winger×21"
tm:330122,Вадим Семчук,RB,Арсенал (Київ) 2018,2014-09-06,UKR2,Second Striker,16,0,https://www.transfermarkt.com/spielbericht/index/spielbericht/2471142,"захисник у нападі; рахунок 0:0; клуб TM 23634 проти 16239; позиції за кар'єру TM: 0×131, Right-Back×57, Left-Back×44, Right Winger×21"
tm:330122,Вадим Семчук,RB,Арсенал (Київ) 2018,2014-10-23,UKR2,Second Striker,1,0,https://www.transfermarkt.com/spielbericht/index/spielbericht/2472081,"захисник у нападі; рахунок 2:1; клуб TM 23634 проти 10468; позиції за кар'єру TM: 0×131, Right-Back×57, Left-Back×44, Right Winger×21"
tm:330122,Вадим Семчук,RB,Арсенал (Київ) 2018,2014-11-08,UKR2,Centre-Forward,15,0,https://www.transfermarkt.com/spielbericht/index/spielbericht/2506657,"захисник у нападі; рахунок 1:2; клуб TM 23634 проти 29109; позиції за кар'єру TM: 0×131, Right-Back×57, Left-Back×44, Right Winger×21"
tm:330122,Вадим Семчук,RB,Арсенал (Київ) 2018,2015-07-18,POPU,Centre-Forward,90,0,https://www.transfermarkt.com/spielbericht/index/spielbericht/2583130,"захисник у нападі; рахунок 0:1; клуб TM 31004 проти 711; позиції за кар'єру TM: 0×131, Right-Back×57, Left-Back×44, Right Winger×21"
tm:330122,Вадим Семчук,RB,Арсенал (Київ) 2018,2021-09-13,UKR2,Centre-Forward,45,0,https://www.transfermarkt.com/spielbericht/index/spielbericht/3618571,"захисник у нападі; рахунок 1:2; клуб TM 23611 проти 4482; позиції за кар'єру TM: 0×131, Right-Back×57, Left-Back×44, Right Winger×21"
tm:330122,Вадим Семчук,RB,Арсенал (Київ) 2018,2024-10-15,RLP,Centre-Forward,70,0,https://www.transfermarkt.com/spielbericht/index/spielbericht/4451567,"захисник у нападі; рахунок 2:1; клуб TM 2085 проти 21117; позиції за кар'єру TM: 0×131, Right-Back×57, Left-Back×44, Right Winger×21"
tm:522058,Василь Гакман,RB,Верес (Рівне) 2023–2024,2017-07-09,UKRP,Second Striker,86,0,https://www.transfermarkt.com/spielbericht/index/spielbericht/2873434,"захисник у нападі; рахунок 0:5; клуб TM 21903 проти 60551; позиції за кар'єру TM: 0×66, Right-Back×59, Right Midfield×4, Second Striker×1"
tm:150284,Віталійс Ягодинскіс,CB,Говерла / Закарпаття (Ужгород) 2014–2015,2011-10-11,U21Q,Centre-Forward,90,0,https://www.transfermarkt.com/spielbericht/index/spielbericht/1143663,"захисник у нападі; рахунок 0:6; клуб TM 24961 проти 24965; позиції за кар'єру TM: Centre-Back×328, 0×125, Right-Back×6, Defensive Midfield×1"
tm:521845,Гліб Грачов,CB,Сталь (Кам'янське) 2017; Чорноморець (Одеса) 2018,2019-06-08,UARP,Centre-Forward,4,0,https://www.transfermarkt.com/spielbericht/index/spielbericht/3192364,"захисник у нападі; рахунок 0:2; клуб TM 6992 проти 48332; позиції за кар'єру TM: Centre-Back×173, 0×28, Right-Back×4, Right Midfield×1"
tm:165825,Давид Хочолава,CB,Чорноморець (Одеса) 2015–2016; Шахтар (Донецьк) 2017–2020,2010-04-14,FS,Centre-Forward,90,0,https://www.transfermarkt.com/spielbericht/index/spielbericht/4681999,"захисник у нападі; рахунок 0:3; клуб TM 25740 проти 21669; позиції за кар'єру TM: Centre-Back×232, 0×45, Centre-Forward×9, Defensive Midfield×3"
tm:165825,Давид Хочолава,CB,Чорноморець (Одеса) 2015–2016; Шахтар (Донецьк) 2017–2020,2012-12-23,GEO1,Centre-Forward,89,0,https://www.transfermarkt.com/spielbericht/index/spielbericht/2261075,"захисник у нападі; рахунок 1:2; клуб TM 663 проти 10719; позиції за кар'єру TM: Centre-Back×232, 0×45, Centre-Forward×9, Defensive Midfield×3"
tm:165825,Давид Хочолава,CB,Чорноморець (Одеса) 2015–2016; Шахтар (Донецьк) 2017–2020,2013-02-25,GEPO,Centre-Forward,3,0,https://www.transfermarkt.com/spielbericht/index/spielbericht/2688046,"захисник у нападі; рахунок 1:0; клуб TM 663 проти 28971; позиції за кар'єру TM: Centre-Back×232, 0×45, Centre-Forward×9, Defensive Midfield×3"
tm:165825,Давид Хочолава,CB,Чорноморець (Одеса) 2015–2016; Шахтар (Донецьк) 2017–2020,2013-03-01,GEPO,Centre-Forward,9,0,https://www.transfermarkt.com/spielbericht/index/spielbericht/2688054,"захисник у нападі; рахунок 3:0; клуб TM 663 проти 28971; позиції за кар'єру TM: Centre-Back×232, 0×45, Centre-Forward×9, Defensive Midfield×3"
tm:165825,Давид Хочолава,CB,Чорноморець (Одеса) 2015–2016; Шахтар (Донецьк) 2017–2020,2013-08-11,GEO1,Centre-Forward,3,0,https://www.transfermarkt.com/spielbericht/index/spielbericht/2361105,"захисник у нападі; рахунок 2:1; клуб TM 663 проти 10719; позиції за кар'єру TM: Centre-Back×232, 0×45, Centre-Forward×9, Defensive Midfield×3"
tm:165825,Давид Хочолава,CB,Чорноморець (Одеса) 2015–2016; Шахтар (Донецьк) 2017–2020,2013-08-29,ELQ,Centre-Forward,12,0,https://www.transfermarkt.com/spielbericht/index/spielbericht/2360978,"захисник у нападі; рахунок 0:3; клуб TM 663 проти 148; позиції за кар'єру TM: Centre-Back×232, 0×45, Centre-Forward×9, Defensive Midfield×3"
tm:165825,Давид Хочолава,CB,Чорноморець (Одеса) 2015–2016; Шахтар (Донецьк) 2017–2020,2013-09-02,GEO1,Centre-Forward,83,0,https://www.transfermarkt.com/spielbericht/index/spielbericht/2364945,"захисник у нападі; рахунок 1:2; клуб TM 663 проти 24564; позиції за кар'єру TM: Centre-Back×232, 0×45, Centre-Forward×9, Defensive Midfield×3"
tm:165825,Давид Хочолава,CB,Чорноморець (Одеса) 2015–2016; Шахтар (Донецьк) 2017–2020,2013-11-03,GEO1,Centre-Forward,6,0,https://www.transfermarkt.com/spielbericht/index/spielbericht/2364916,"захисник у нападі; рахунок 0:0; клуб TM 663 проти 5155; позиції за кар'єру TM: Centre-Back×232, 0×45, Centre-Forward×9, Defensive Midfield×3"
tm:165825,Давид Хочолава,CB,Чорноморець (Одеса) 2015–2016; Шахтар (Донецьк) 2017–2020,2017-10-06,WMQ6,Centre-Forward,1,0,https://www.transfermarkt.com/spielbericht/index/spielbericht/2643579,"захисник у нападі; рахунок 0:1; клуб TM 3669 проти 3864; позиції за кар'єру TM: Centre-Back×232, 0×45, Centre-Forward×9, Defensive Midfield×3"
tm:492354,Денис Норенков,LB,Чорноморець (Одеса) 2017–2018; ЛНЗ (Черкаси) 2023–2024,2018-04-22,UKR2,Centre-Forward,90,0,https://www.transfermarkt.com/spielbericht/index/spielbericht/3035017,"захисник у нападі; рахунок 0:2; клуб TM 49587 проти 9007; позиції за кар'єру TM: Left-Back×66, 0×55, Left Midfield×14, Left Winger×11"
tm:492354,Денис Норенков,LB,Чорноморець (Одеса) 2017–2018; ЛНЗ (Черкаси) 2023–2024,2020-07-15,UKR2,Centre-Forward,8,0,https://www.transfermarkt.com/spielbericht/index/spielbericht/3334552,"захисник у нападі; рахунок 4:1; клуб TM 4482 проти 49306; позиції за кар'єру TM: Left-Back×66, 0×55, Left Midfield×14, Left Winger×11"
tm:92649,Дмитро Зозуля,CB,ФК Львів (2006–2012) 2008; Волинь (Луцьк) 2010; Арсенал (Київ) 2018,2014-04-05,UKR2,Centre-Forward,67,0,https://www.transfermarkt.com/spielbericht/index/spielbericht/2336048,"захисник у нападі; рахунок 2:0; клуб TM 12302 проти 26641; позиції за кар'єру TM: 0×154, Centre-Back×64, Defensive Midfield×9, Attacking Midfield×7"
tm:92649,Дмитро Зозуля,CB,ФК Львів (2006–2012) 2008; Волинь (Луцьк) 2010; Арсенал (Київ) 2018,2014-04-12,UKR2,Centre-Forward,90,0,https://www.transfermarkt.com/spielbericht/index/spielbericht/2336075,"захисник у нападі; рахунок 0:1; клуб TM 12302 проти 16242; позиції за кар'єру TM: 0×154, Centre-Back×64, Defensive Midfield×9, Attacking Midfield×7"
tm:329055,Енес Махмутович,CB,ПФК Львів 2020–2021,2014-05-29,LUCP,Centre-Forward,90,1,https://www.transfermarkt.com/spielbericht/index/spielbericht/2850926,"захисник у нападі; рахунок 1:3; клуб TM 20544 проти 20557; позиції за кар'єру TM: Centre-Back×172, 0×31, Right-Back×22, Defensive Midfield×4"
tm:373941,Жоель Бопесу,LB,ПФК Львів 2019,2019-07-17,CLQ,Centre-Forward,52,0,https://www.transfermarkt.com/spielbericht/index/spielbericht/3211530,"захисник у нападі; рахунок 4:5; клуб TM 48325 проти 6066; позиції за кар'єру TM: Left-Back×196, 0×64, Right-Back×21, Left Midfield×20"
tm:94318,Йован Крнета,CB,Чорноморець (Одеса) 2014,2009-12-14,FS,Goalkeeper,90,0,https://www.transfermarkt.com/spielbericht/index/spielbericht/1004587,"польовий у воротах; рахунок 2:3; клуб TM 21137 проти 9067; позиції за кар'єру TM: 0×117, Centre-Back×72, Right-Back×6, Goalkeeper×1"
tm:111556,Йоонас Тамм,CB,Десна (Чернігів) 2019–2020; Ворскла (Полтава) 2021,2009-09-25,U19Q,Centre-Forward,90,0,https://www.transfermarkt.com/spielbericht/index/spielbericht/3970093,"захисник у нападі; рахунок 0:5; клуб TM 25907 проти 19429; позиції за кар'єру TM: Centre-Back×369, 0×138, Centre-Forward×45, Second Striker×2"
tm:111556,Йоонас Тамм,CB,Десна (Чернігів) 2019–2020; Ворскла (Полтава) 2021,2011-05-26,U19Q,Centre-Forward,83,0,https://www.transfermarkt.com/spielbericht/index/spielbericht/3843968,"захисник у нападі; рахунок 0:3; клуб TM 25907 проти 16372; позиції за кар'єру TM: Centre-Back×369, 0×138, Centre-Forward×45, Second Striker×2"
tm:111556,Йоонас Тамм,CB,Десна (Чернігів) 2019–2020; Ворскла (Полтава) 2021,2011-06-19,FS,Centre-Forward,64,0,https://www.transfermarkt.com/spielbericht/index/spielbericht/1087201,"захисник у нападі; рахунок 0:4; клуб TM 6133 проти 3700; позиції за кар'єру TM: Centre-Back×369, 0×138, Centre-Forward×45, Second Striker×2"
tm:111556,Йоонас Тамм,CB,Десна (Чернігів) 2019–2020; Ворскла (Полтава) 2021,2012-03-01,FS,Centre-Forward,70,0,https://www.transfermarkt.com/spielbericht/index/spielbericht/1169551,"захисник у нападі; рахунок 2:0; клуб TM 6133 проти 13951; позиції за кар'єру TM: Centre-Back×369, 0×138, Centre-Forward×45, Second Striker×2"
tm:111556,Йоонас Тамм,CB,Десна (Чернігів) 2019–2020; Ворскла (Полтава) 2021,2012-05-28,FS,Centre-Forward,45,0,https://www.transfermarkt.com/spielbericht/index/spielbericht/1188821,"захисник у нападі; рахунок 0:4; клуб TM 6133 проти 3699; позиції за кар'єру TM: Centre-Back×369, 0×138, Centre-Forward×45, Second Striker×2"
tm:111556,Йоонас Тамм,CB,Десна (Чернігів) 2019–2020; Ворскла (Полтава) 2021,2013-08-25,SE3S,Centre-Forward,80,2,https://www.transfermarkt.com/spielbericht/index/spielbericht/2295470,"захисник у нападі; рахунок 4:2; клуб TM 8985 проти 701; позиції за кар'єру TM: Centre-Back×369, 0×138, Centre-Forward×45, Second Striker×2"
tm:111556,Йоонас Тамм,CB,Десна (Чернігів) 2019–2020; Ворскла (Полтава) 2021,2013-08-31,SE3S,Centre-Forward,73,1,https://www.transfermarkt.com/spielbericht/index/spielbericht/2295471,"захисник у нападі; рахунок 3:1; клуб TM 8985 проти 5965; позиції за кар'єру TM: Centre-Back×369, 0×138, Centre-Forward×45, Second Striker×2"
tm:111556,Йоонас Тамм,CB,Десна (Чернігів) 2019–2020; Ворскла (Полтава) 2021,2013-09-08,SE3S,Centre-Forward,85,0,https://www.transfermarkt.com/spielbericht/index/spielbericht/2295481,"захисник у нападі; рахунок 1:1; клуб TM 8985 проти 13653; позиції за кар'єру TM: Centre-Back×369, 0×138, Centre-Forward×45, Second Striker×2"
tm:111556,Йоонас Тамм,CB,Десна (Чернігів) 2019–2020; Ворскла (Полтава) 2021,2013-10-06,SE3S,Centre-Forward,45,0,https://www.transfermarkt.com/spielbericht/index/spielbericht/2295485,"захисник у нападі; рахунок 0:2; клуб TM 8985 проти 23738; позиції за кар'єру TM: Centre-Back×369, 0×138, Centre-Forward×45, Second Striker×2"
tm:111556,Йоонас Тамм,CB,Десна (Чернігів) 2019–2020; Ворскла (Полтава) 2021,2014-07-06,SE3S,Centre-Forward,83,0,https://www.transfermarkt.com/spielbericht/index/spielbericht/2412632,"захисник у нападі; рахунок 1:2; клуб TM 701 проти 9611; позиції за кар'єру TM: Centre-Back×369, 0×138, Centre-Forward×45, Second Striker×2"
tm:111556,Йоонас Тамм,CB,Десна (Чернігів) 2019–2020; Ворскла (Полтава) 2021,2014-07-11,SE3S,Centre-Forward,86,0,https://www.transfermarkt.com/spielbericht/index/spielbericht/2412640,"захисник у нападі; рахунок 2:0; клуб TM 701 проти 17930; позиції за кар'єру TM: Centre-Back×369, 0×138, Centre-Forward×45, Second Striker×2"
tm:111556,Йоонас Тамм,CB,Десна (Чернігів) 2019–2020; Ворскла (Полтава) 2021,2014-08-09,SE3S,Centre-Forward,71,0,https://www.transfermarkt.com/spielbericht/index/spielbericht/2412684,"захисник у нападі; рахунок 1:1; клуб TM 701 проти 20703; позиції за кар'єру TM: Centre-Back×369, 0×138, Centre-Forward×45, Second Striker×2"
tm:111556,Йоонас Тамм,CB,Десна (Чернігів) 2019–2020; Ворскла (Полтава) 2021,2014-08-17,SE3S,Centre-Forward,81,1,https://www.transfermarkt.com/spielbericht/index/spielbericht/2413413,"захисник у нападі; рахунок 3:1; клуб TM 701 проти 17381; позиції за кар'єру TM: Centre-Back×369, 0×138, Centre-Forward×45, Second Striker×2"
tm:111556,Йоонас Тамм,CB,Десна (Чернігів) 2019–2020; Ворскла (Полтава) 2021,2014-08-23,SE3S,Centre-Forward,70,0,https://www.transfermarkt.com/spielbericht/index/spielbericht/2412706,"захисник у нападі; рахунок 1:1; клуб TM 701 проти 9015; позиції за кар'єру TM: Centre-Back×369, 0×138, Centre-Forward×45, Second Striker×2"
tm:111556,Йоонас Тамм,CB,Десна (Чернігів) 2019–2020; Ворскла (Полтава) 2021,2014-08-30,SE3S,Centre-Forward,88,0,https://www.transfermarkt.com/spielbericht/index/spielbericht/2413415,"захисник у нападі; рахунок 0:1; клуб TM 701 проти 28447; позиції за кар'єру TM: Centre-Back×369, 0×138, Centre-Forward×45, Second Striker×2"
tm:111556,Йоонас Тамм,CB,Десна (Чернігів) 2019–2020; Ворскла (Полтава) 2021,2014-09-07,SE3S,Centre-Forward,65,0,https://www.transfermarkt.com/spielbericht/index/spielbericht/2412721,"захисник у нападі; рахунок 1:0; клуб TM 701 проти 8884; позиції за кар'єру TM: Centre-Back×369, 0×138, Centre-Forward×45, Second Striker×2"
tm:111556,Йоонас Тамм,CB,Десна (Чернігів) 2019–2020; Ворскла (Полтава) 2021,2014-09-20,SE3S,Centre-Forward,75,0,https://www.transfermarkt.com/spielbericht/index/spielbericht/2412672,"захисник у нападі; рахунок 0:0; клуб TM 701 проти 8485; позиції за кар'єру TM: Centre-Back×369, 0×138, Centre-Forward×45, Second Striker×2"
tm:111556,Йоонас Тамм,CB,Десна (Чернігів) 2019–2020; Ворскла (Полтава) 2021,2014-09-27,SE3S,Centre-Forward,90,0,https://www.transfermarkt.com/spielbericht/index/spielbericht/2412674,"захисник у нападі; рахунок 2:1; клуб TM 701 проти 6018; позиції за кар'єру TM: Centre-Back×369, 0×138, Centre-Forward×45, Second Striker×2"
tm:111556,Йоонас Тамм,CB,Десна (Чернігів) 2019–2020; Ворскла (Полтава) 2021,2014-10-12,SE3S,Centre-Forward,90,0,https://www.transfermarkt.com/spielbericht/index/spielbericht/2412736,"захисник у нападі; рахунок 1:2; клуб TM 701 проти 22970; позиції за кар'єру TM: Centre-Back×369, 0×138, Centre-Forward×45, Second Striker×2"
tm:111556,Йоонас Тамм,CB,Десна (Чернігів) 2019–2020; Ворскла (Полтава) 2021,2014-10-18,SE3S,Centre-Forward,90,1,https://www.transfermarkt.com/spielbericht/index/spielbericht/2412739,"захисник у нападі; рахунок 2:2; клуб TM 701 проти 17930; позиції за кар'єру TM: Centre-Back×369, 0×138, Centre-Forward×45, Second Striker×2"
tm:111556,Йоонас Тамм,CB,Десна (Чернігів) 2019–2020; Ворскла (Полтава) 2021,2014-11-01,SE3S,Centre-Forward,63,0,https://www.transfermarkt.com/spielbericht/index/spielbericht/2412733,"захисник у нападі; рахунок 4:2; клуб TM 701 проти 1118; позиції за кар'єру TM: Centre-Back×369, 0×138, Centre-Forward×45, Second Striker×2"
tm:111556,Йоонас Тамм,CB,Десна (Чернігів) 2019–2020; Ворскла (Полтава) 2021,2015-03-07,EST1,Centre-Forward,90,0,https://www.transfermarkt.com/spielbericht/index/spielbericht/2525360,"захисник у нападі; рахунок 0:3; клуб TM 32395 проти 1002; позиції за кар'єру TM: Centre-Back×369, 0×138, Centre-Forward×45, Second Striker×2"
tm:111556,Йоонас Тамм,CB,Десна (Чернігів) 2019–2020; Ворскла (Полтава) 2021,2015-03-14,EST1,Centre-Forward,90,0,https://www.transfermarkt.com/spielbericht/index/spielbericht/2525363,"захисник у нападі; рахунок 0:2; клуб TM 32395 проти 22832; позиції за кар'єру TM: Centre-Back×369, 0×138, Centre-Forward×45, Second Striker×2"
tm:111556,Йоонас Тамм,CB,Десна (Чернігів) 2019–2020; Ворскла (Полтава) 2021,2015-03-21,EST1,Centre-Forward,90,0,https://www.transfermarkt.com/spielbericht/index/spielbericht/2525367,"захисник у нападі; рахунок 2:6; клуб TM 32395 проти 22783; позиції за кар'єру TM: Centre-Back×369, 0×138, Centre-Forward×45, Second Striker×2"
tm:111556,Йоонас Тамм,CB,Десна (Чернігів) 2019–2020; Ворскла (Полтава) 2021,2015-04-04,EST1,Centre-Forward,90,1,https://www.transfermarkt.com/spielbericht/index/spielbericht/2525372,"захисник у нападі; рахунок 5:2; клуб TM 32395 проти 25408; позиції за кар'єру TM: Centre-Back×369, 0×138, Centre-Forward×45, Second Striker×2"
tm:111556,Йоонас Тамм,CB,Десна (Чернігів) 2019–2020; Ворскла (Полтава) 2021,2015-04-10,EST1,Second Striker,90,0,https://www.transfermarkt.com/spielbericht/index/spielbericht/2525381,"захисник у нападі; рахунок 0:2; клуб TM 32395 проти 5771; позиції за кар'єру TM: Centre-Back×369, 0×138, Centre-Forward×45, Second Striker×2"
tm:111556,Йоонас Тамм,CB,Десна (Чернігів) 2019–2020; Ворскла (Полтава) 2021,2015-04-14,EST1,Second Striker,90,0,https://www.transfermarkt.com/spielbericht/index/spielbericht/2525401,"захисник у нападі; рахунок 0:2; клуб TM 32395 проти 30433; позиції за кар'єру TM: Centre-Back×369, 0×138, Centre-Forward×45, Second Striker×2"
tm:111556,Йоонас Тамм,CB,Десна (Чернігів) 2019–2020; Ворскла (Полтава) 2021,2015-04-18,EST1,Centre-Forward,90,1,https://www.transfermarkt.com/spielbericht/index/spielbericht/2525404,"захисник у нападі; рахунок 1:1; клуб TM 32395 проти 7130; позиції за кар'єру TM: Centre-Back×369, 0×138, Centre-Forward×45, Second Striker×2"
tm:111556,Йоонас Тамм,CB,Десна (Чернігів) 2019–2020; Ворскла (Полтава) 2021,2015-04-24,EST1,Centre-Forward,90,1,https://www.transfermarkt.com/spielbericht/index/spielbericht/2525408,"захисник у нападі; рахунок 1:1; клуб TM 32395 проти 43214; позиції за кар'єру TM: Centre-Back×369, 0×138, Centre-Forward×45, Second Striker×2"
tm:111556,Йоонас Тамм,CB,Десна (Чернігів) 2019–2020; Ворскла (Полтава) 2021,2015-05-02,EST1,Centre-Forward,90,3,https://www.transfermarkt.com/spielbericht/index/spielbericht/2525417,"захисник у нападі; рахунок 3:0; клуб TM 32395 проти 23371; позиції за кар'єру TM: Centre-Back×369, 0×138, Centre-Forward×45, Second Striker×2"
tm:111556,Йоонас Тамм,CB,Десна (Чернігів) 2019–2020; Ворскла (Полтава) 2021,2015-05-09,EST1,Centre-Forward,90,2,https://www.transfermarkt.com/spielbericht/index/spielbericht/2525471,"захисник у нападі; рахунок 2:0; клуб TM 32395 проти 23371; позиції за кар'єру TM: Centre-Back×369, 0×138, Centre-Forward×45, Second Striker×2"
tm:111556,Йоонас Тамм,CB,Десна (Чернігів) 2019–2020; Ворскла (Полтава) 2021,2015-05-15,EST1,Centre-Forward,90,0,https://www.transfermarkt.com/spielbericht/index/spielbericht/2525473,"захисник у нападі; рахунок 3:1; клуб TM 32395 проти 43214; позиції за кар'єру TM: Centre-Back×369, 0×138, Centre-Forward×45, Second Striker×2"
tm:111556,Йоонас Тамм,CB,Десна (Чернігів) 2019–2020; Ворскла (Полтава) 2021,2015-05-22,EST1,Centre-Forward,90,0,https://www.transfermarkt.com/spielbericht/index/spielbericht/2525478,"захисник у нападі; рахунок 0:2; клуб TM 32395 проти 7130; позиції за кар'єру TM: Centre-Back×369, 0×138, Centre-Forward×45, Second Striker×2"
tm:111556,Йоонас Тамм,CB,Десна (Чернігів) 2019–2020; Ворскла (Полтава) 2021,2015-05-26,EST1,Centre-Forward,90,0,https://www.transfermarkt.com/spielbericht/index/spielbericht/2525484,"захисник у нападі; рахунок 0:0; клуб TM 32395 проти 30433; позиції за кар'єру TM: Centre-Back×369, 0×138, Centre-Forward×45, Second Striker×2"
tm:111556,Йоонас Тамм,CB,Десна (Чернігів) 2019–2020; Ворскла (Полтава) 2021,2015-06-01,EST1,Centre-Forward,90,0,https://www.transfermarkt.com/spielbericht/index/spielbericht/2525487,"захисник у нападі; рахунок 0:2; клуб TM 32395 проти 5771; позиції за кар'єру TM: Centre-Back×369, 0×138, Centre-Forward×45, Second Striker×2"
tm:111556,Йоонас Тамм,CB,Десна (Чернігів) 2019–2020; Ворскла (Полтава) 2021,2015-06-06,EST1,Centre-Forward,90,1,https://www.transfermarkt.com/spielbericht/index/spielbericht/2525496,"захисник у нападі; рахунок 1:2; клуб TM 32395 проти 25408; позиції за кар'єру TM: Centre-Back×369, 0×138, Centre-Forward×45, Second Striker×2"
tm:111556,Йоонас Тамм,CB,Десна (Чернігів) 2019–2020; Ворскла (Полтава) 2021,2015-07-02,ELQ,Centre-Forward,18,0,https://www.transfermarkt.com/spielbericht/index/spielbericht/2583529,"захисник у нападі; рахунок 1:0; клуб TM 1002 проти 4641; позиції за кар'єру TM: Centre-Back×369, 0×138, Centre-Forward×45, Second Striker×2"
tm:111556,Йоонас Тамм,CB,Десна (Чернігів) 2019–2020; Ворскла (Полтава) 2021,2015-07-05,EST1,Centre-Forward,90,0,https://www.transfermarkt.com/spielbericht/index/spielbericht/2525506,"захисник у нападі; рахунок 1:0; клуб TM 1002 проти 30433; позиції за кар'єру TM: Centre-Back×369, 0×138, Centre-Forward×45, Second Striker×2"
tm:111556,Йоонас Тамм,CB,Десна (Чернігів) 2019–2020; Ворскла (Полтава) 2021,2015-07-09,ELQ,Centre-Forward,45,0,https://www.transfermarkt.com/spielbericht/index/spielbericht/2583602,"захисник у нападі; рахунок 0:2; клуб TM 1002 проти 4641; позиції за кар'єру TM: Centre-Back×369, 0×138, Centre-Forward×45, Second Striker×2"
tm:111556,Йоонас Тамм,CB,Десна (Чернігів) 2019–2020; Ворскла (Полтава) 2021,2015-07-13,EST1,Centre-Forward,57,0,https://www.transfermarkt.com/spielbericht/index/spielbericht/2525509,"захисник у нападі; рахунок 4:0; клуб TM 1002 проти 32395; позиції за кар'єру TM: Centre-Back×369, 0×138, Centre-Forward×45, Second Striker×2"
tm:111556,Йоонас Тамм,CB,Десна (Чернігів) 2019–2020; Ворскла (Полтава) 2021,2015-07-20,EST1,Centre-Forward,55,0,https://www.transfermarkt.com/spielbericht/index/spielbericht/2525918,"захисник у нападі; рахунок 1:0; клуб TM 1002 проти 23371; позиції за кар'єру TM: Centre-Back×369, 0×138, Centre-Forward×45, Second Striker×2"
tm:111556,Йоонас Тамм,CB,Десна (Чернігів) 2019–2020; Ворскла (Полтава) 2021,2015-07-31,EST1,Centre-Forward,90,0,https://www.transfermarkt.com/spielbericht/index/spielbericht/2525934,"захисник у нападі; рахунок 0:0; клуб TM 1002 проти 30433; позиції за кар'єру TM: Centre-Back×369, 0×138, Centre-Forward×45, Second Striker×2"
tm:111556,Йоонас Тамм,CB,Десна (Чернігів) 2019–2020; Ворскла (Полтава) 2021,2015-08-03,EST1,Centre-Forward,88,0,https://www.transfermarkt.com/spielbericht/index/spielbericht/2525968,"захисник у нападі; рахунок 1:0; клуб TM 1002 проти 22832; позиції за кар'єру TM: Centre-Back×369, 0×138, Centre-Forward×45, Second Striker×2"
tm:111556,Йоонас Тамм,CB,Десна (Чернігів) 2019–2020; Ворскла (Полтава) 2021,2015-09-26,EST1,Centre-Forward,90,0,https://www.transfermarkt.com/spielbericht/index/spielbericht/2526011,"захисник у нападі; рахунок 1:0; клуб TM 1002 проти 32395; позиції за кар'єру TM: Centre-Back×369, 0×138, Centre-Forward×45, Second Striker×2"
tm:111556,Йоонас Тамм,CB,Десна (Чернігів) 2019–2020; Ворскла (Полтава) 2021,2015-09-29,ESTP,Centre-Forward,58,0,https://www.transfermarkt.com/spielbericht/index/spielbericht/2617196,"захисник у нападі; рахунок 2:0; клуб TM 1002 проти 28783; позиції за кар'єру TM: Centre-Back×369, 0×138, Centre-Forward×45, Second Striker×2"
tm:111556,Йоонас Тамм,CB,Десна (Чернігів) 2019–2020; Ворскла (Полтава) 2021,2015-10-20,ESTP,Centre-Forward,90,4,https://www.transfermarkt.com/spielbericht/index/spielbericht/2631051,"захисник у нападі; рахунок 17:0; клуб TM 1002 проти 40147; позиції за кар'єру TM: Centre-Back×369, 0×138, Centre-Forward×45, Second Striker×2"
tm:111556,Йоонас Тамм,CB,Десна (Чернігів) 2019–2020; Ворскла (Полтава) 2021,2017-10-07,WMQ6,Centre-Forward,90,3,https://www.transfermarkt.com/spielbericht/index/spielbericht/2700956,"захисник у нападі; рахунок 6:0; клуб TM 6133 проти 37574; позиції за кар'єру TM: Centre-Back×369, 0×138, Centre-Forward×45, Second Striker×2"
tm:685375,Кай Ціпот,CB,Верес (Рівне) 2025,2019-09-07,FS,Centre-Forward,10,1,https://www.transfermarkt.com/spielbericht/index/spielbericht/3256157,"захисник у нападі; рахунок 2:2; клуб TM 21142 проти 21669; позиції за кар'єру TM: Centre-Back×112, 0×72, Centre-Forward×21, Right Winger×8"
tm:685375,Кай Ціпот,CB,Верес (Рівне) 2025,2019-11-13,U19Q,Centre-Forward,90,0,https://www.transfermarkt.com/spielbericht/index/spielbericht/3254453,"захисник у нападі; рахунок 2:2; клуб TM 21142 проти 23488; позиції за кар'єру TM: Centre-Back×112, 0×72, Centre-Forward×21, Right Winger×8"
tm:685375,Кай Ціпот,CB,Верес (Рівне) 2025,2019-11-16,U19Q,Centre-Forward,90,0,https://www.transfermarkt.com/spielbericht/index/spielbericht/3254470,"захисник у нападі; рахунок 1:1; клуб TM 21142 проти 21233; позиції за кар'єру TM: Centre-Back×112, 0×72, Centre-Forward×21, Right Winger×8"
tm:685375,Кай Ціпот,CB,Верес (Рівне) 2025,2019-11-19,U19Q,Centre-Forward,87,1,https://www.transfermarkt.com/spielbericht/index/spielbericht/3254505,"захисник у нападі; рахунок 7:0; клуб TM 21142 проти 25907; позиції за кар'єру TM: Centre-Back×112, 0×72, Centre-Forward×21, Right Winger×8"
tm:685375,Кай Ціпот,CB,Верес (Рівне) 2025,2020-03-04,FS,Centre-Forward,65,0,https://www.transfermarkt.com/spielbericht/index/spielbericht/3330505,"захисник у нападі; рахунок 0:1; клуб TM 21142 проти 12519; позиції за кар'єру TM: Centre-Back×112, 0×72, Centre-Forward×21, Right Winger×8"
tm:685375,Кай Ціпот,CB,Верес (Рівне) 2025,2020-11-21,SL1,Centre-Forward,61,0,https://www.transfermarkt.com/spielbericht/index/spielbericht/3443036,"захисник у нападі; рахунок 0:1; клуб TM 4059 проти 4772; позиції за кар'єру TM: Centre-Back×112, 0×72, Centre-Forward×21, Right Winger×8"
tm:685375,Кай Ціпот,CB,Верес (Рівне) 2025,2020-12-05,SL1,Second Striker,81,1,https://www.transfermarkt.com/spielbericht/index/spielbericht/3443056,"захисник у нападі; рахунок 2:1; клуб TM 4059 проти 11033; позиції за кар'єру TM: Centre-Back×112, 0×72, Centre-Forward×21, Right Winger×8"
tm:685375,Кай Ціпот,CB,Верес (Рівне) 2025,2020-12-13,SL1,Centre-Forward,81,0,https://www.transfermarkt.com/spielbericht/index/spielbericht/3443058,"захисник у нападі; рахунок 1:1; клуб TM 4059 проти 6248; позиції за кар'єру TM: Centre-Back×112, 0×72, Centre-Forward×21, Right Winger×8"
tm:685375,Кай Ціпот,CB,Верес (Рівне) 2025,2020-12-17,SL1,Second Striker,74,0,https://www.transfermarkt.com/spielbericht/index/spielbericht/3443065,"захисник у нападі; рахунок 1:2; клуб TM 4059 проти 790; позиції за кар'єру TM: Centre-Back×112, 0×72, Centre-Forward×21, Right Winger×8"
tm:685375,Кай Ціпот,CB,Верес (Рівне) 2025,2021-07-06,CLQ,Centre-Forward,64,0,https://www.transfermarkt.com/spielbericht/index/spielbericht/3583628,"захисник у нападі; рахунок 1:0; клуб TM 4059 проти 1167; позиції за кар'єру TM: Centre-Back×112, 0×72, Centre-Forward×21, Right Winger×8"
tm:685375,Кай Ціпот,CB,Верес (Рівне) 2025,2021-07-13,CLQ,Centre-Forward,68,0,https://www.transfermarkt.com/spielbericht/index/spielbericht/3583643,"захисник у нападі; рахунок 5:0; клуб TM 4059 проти 1167; позиції за кар'єру TM: Centre-Back×112, 0×72, Centre-Forward×21, Right Winger×8"
tm:685375,Кай Ціпот,CB,Верес (Рівне) 2025,2021-07-17,SL1,Centre-Forward,45,0,https://www.transfermarkt.com/spielbericht/index/spielbericht/3593720,"захисник у нападі; рахунок 0:3; клуб TM 4059 проти 20656; позиції за кар'єру TM: Centre-Back×112, 0×72, Centre-Forward×21, Right Winger×8"
tm:685375,Кай Ціпот,CB,Верес (Рівне) 2025,2021-07-21,CLQ,Centre-Forward,81,0,https://www.transfermarkt.com/spielbericht/index/spielbericht/3615081,"захисник у нападі; рахунок 0:0; клуб TM 4059 проти 31614; позиції за кар'єру TM: Centre-Back×112, 0×72, Centre-Forward×21, Right Winger×8"
tm:685375,Кай Ціпот,CB,Верес (Рівне) 2025,2021-07-24,SL1,Centre-Forward,76,2,https://www.transfermarkt.com/spielbericht/index/spielbericht/3593747,"захисник у нападі; рахунок 2:3; клуб TM 4059 проти 433; позиції за кар'єру TM: Centre-Back×112, 0×72, Centre-Forward×21, Right Winger×8"
tm:685375,Кай Ціпот,CB,Верес (Рівне) 2025,2021-07-28,CLQ,Centre-Forward,58,0,https://www.transfermarkt.com/spielbericht/index/spielbericht/3615130,"захисник у нападі; рахунок 1:3; клуб TM 4059 проти 31614; позиції за кар'єру TM: Centre-Back×112, 0×72, Centre-Forward×21, Right Winger×8"
tm:685375,Кай Ціпот,CB,Верес (Рівне) 2025,2021-07-31,SL1,Centre-Forward,81,0,https://www.transfermarkt.com/spielbericht/index/spielbericht/3593750,"захисник у нападі; рахунок 1:1; клуб TM 4059 проти 26985; позиції за кар'єру TM: Centre-Back×112, 0×72, Centre-Forward×21, Right Winger×8"
tm:685375,Кай Ціпот,CB,Верес (Рівне) 2025,2021-08-05,ELQ,Centre-Forward,67,0,https://www.transfermarkt.com/spielbericht/index/spielbericht/3628816,"захисник у нападі; рахунок 0:0; клуб TM 4059 проти 602; позиції за кар'єру TM: Centre-Back×112, 0×72, Centre-Forward×21, Right Winger×8"
tm:685375,Кай Ціпот,CB,Верес (Рівне) 2025,2021-08-12,ELQ,Centre-Forward,64,0,https://www.transfermarkt.com/spielbericht/index/spielbericht/3629201,"захисник у нападі; рахунок 1:0; клуб TM 4059 проти 602; позиції за кар'єру TM: Centre-Back×112, 0×72, Centre-Forward×21, Right Winger×8"
tm:685375,Кай Ціпот,CB,Верес (Рівне) 2025,2021-09-02,U21Q,Centre-Forward,71,0,https://www.transfermarkt.com/spielbericht/index/spielbericht/3517527,"захисник у нападі; рахунок 0:1; клуб TM 16272 проти 8771; позиції за кар'єру TM: Centre-Back×112, 0×72, Centre-Forward×21, Right Winger×8"
tm:685375,Кай Ціпот,CB,Верес (Рівне) 2025,2021-09-11,SL1,Centre-Forward,84,0,https://www.transfermarkt.com/spielbericht/index/spielbericht/3593791,"захисник у нападі; рахунок 1:0; клуб TM 4059 проти 4772; позиції за кар'єру TM: Centre-Back×112, 0×72, Centre-Forward×21, Right Winger×8"
tm:685375,Кай Ціпот,CB,Верес (Рівне) 2025,2021-10-03,SL1,Centre-Forward,65,0,https://www.transfermarkt.com/spielbericht/index/spielbericht/3593818,"захисник у нападі; рахунок 0:0; клуб TM 4059 проти 26985; позиції за кар'єру TM: Centre-Back×112, 0×72, Centre-Forward×21, Right Winger×8"
tm:685375,Кай Ціпот,CB,Верес (Рівне) 2025,2021-10-31,SL1,Centre-Forward,45,0,https://www.transfermarkt.com/spielbericht/index/spielbericht/3593836,"захисник у нападі; рахунок 0:1; клуб TM 4059 проти 710; позиції за кар'єру TM: Centre-Back×112, 0×72, Centre-Forward×21, Right Winger×8"
tm:685375,Кай Ціпот,CB,Верес (Рівне) 2025,2021-12-12,SL1,Centre-Forward,61,0,https://www.transfermarkt.com/spielbericht/index/spielbericht/3593860,"захисник у нападі; рахунок 2:2; клуб TM 4059 проти 433; позиції за кар'єру TM: Centre-Back×112, 0×72, Centre-Forward×21, Right Winger×8"
tm:85506,Каспарс Дубра,CB,Олександрія 2019–2021,2008-10-25,LETA,Goalkeeper,90,0,https://www.transfermarkt.com/spielbericht/index/spielbericht/1184118,"польовий у воротах; рахунок 5:1; клуб TM 9057 проти 13984; позиції за кар'єру TM: Centre-Back×341, 0×146, Right-Back×2, Right Midfield×1"
tm:1153473,Крістіан Свистун,RB,Інгулець (Петрове) 2024,2023-10-06,UKR2,Centre-Forward,9,0,https://www.transfermarkt.com/spielbericht/index/spielbericht/4196408,"захисник у нападі; рахунок 2:1; клуб TM 53629 проти 83678; позиції за кар'єру TM: Right-Back×17, Right Winger×16, Left-Back×13, 0×13"
tm:42622,Леандро,RB,Арсенал (Київ) 2011–2012; Сталь (Кам'янське) 2016,2009-07-26,RU1,Centre-Forward,90,0,https://www.transfermarkt.com/spielbericht/index/spielbericht/938154,"захисник у нападі; рахунок 0:0; клуб TM 8835 проти 5268; позиції за кар'єру TM: 0×149, Right-Back×59, Left-Back×26, Defensive Midfield×25"
tm:495922,Максим Войтиховський,CB,Чорноморець (Одеса) 2022,2022-08-23,UKR1,Centre-Forward,7,0,https://www.transfermarkt.com/spielbericht/index/spielbericht/3902055,"захисник у нападі; рахунок 0:1; клуб TM 6992 проти 26459; позиції за кар'єру TM: Centre-Forward×97, 0×51, Centre-Back×36, Defensive Midfield×3"
tm:495922,Максим Войтиховський,CB,Чорноморець (Одеса) 2022,2022-11-14,UKR1,Centre-Forward,18,1,https://www.transfermarkt.com/spielbericht/index/spielbericht/3953963,"захисник у нападі; рахунок 2:0; клуб TM 6992 проти 18105; позиції за кар'єру TM: Centre-Forward×97, 0×51, Centre-Back×36, Defensive Midfield×3"
tm:495922,Максим Войтиховський,CB,Чорноморець (Одеса) 2022,2022-11-25,UKR1,Centre-Forward,45,0,https://www.transfermarkt.com/spielbericht/index/spielbericht/3953976,"захисник у нападі; рахунок 0:0; клуб TM 6992 проти 83678; позиції за кар'єру TM: Centre-Forward×97, 0×51, Centre-Back×36, Defensive Midfield×3"
tm:495922,Максим Войтиховський,CB,Чорноморець (Одеса) 2022,2022-12-02,UKR1,Centre-Forward,45,0,https://www.transfermarkt.com/spielbericht/index/spielbericht/3909966,"захисник у нападі; рахунок 0:1; клуб TM 6992 проти 3592; позиції за кар'єру TM: Centre-Forward×97, 0×51, Centre-Back×36, Defensive Midfield×3"
tm:495922,Максим Войтиховський,CB,Чорноморець (Одеса) 2022,2022-12-07,UKR1,Centre-Forward,88,0,https://www.transfermarkt.com/spielbericht/index/spielbericht/3953970,"захисник у нападі; рахунок 2:2; клуб TM 6992 проти 48726; позиції за кар'єру TM: Centre-Forward×97, 0×51, Centre-Back×36, Defensive Midfield×3"
tm:495922,Максим Войтиховський,CB,Чорноморець (Одеса) 2022,2023-04-16,UKR1,Centre-Forward,50,0,https://www.transfermarkt.com/spielbericht/index/spielbericht/4050044,"захисник у нападі; рахунок 0:1; клуб TM 6992 проти 2740; позиції за кар'єру TM: Centre-Forward×97, 0×51, Centre-Back×36, Defensive Midfield×3"
tm:495922,Максим Войтиховський,CB,Чорноморець (Одеса) 2022,2023-04-23,UKR1,Centre-Forward,1,0,https://www.transfermarkt.com/spielbericht/index/spielbericht/4050054,"захисник у нападі; рахунок 3:2; клуб TM 6992 проти 3592; позиції за кар'єру TM: Centre-Forward×97, 0×51, Centre-Back×36, Defensive Midfield×3"
tm:495922,Максим Войтиховський,CB,Чорноморець (Одеса) 2022,2023-04-29,UKR1,Centre-Forward,12,0,https://www.transfermarkt.com/spielbericht/index/spielbericht/4056027,"захисник у нападі; рахунок 1:3; клуб TM 6992 проти 10690; позиції за кар'єру TM: Centre-Forward×97, 0×51, Centre-Back×36, Defensive Midfield×3"
tm:495922,Максим Войтиховський,CB,Чорноморець (Одеса) 2022,2023-05-07,UKR1,Centre-Forward,2,0,https://www.transfermarkt.com/spielbericht/index/spielbericht/4062325,"захисник у нападі; рахунок 1:2; клуб TM 6992 проти 60551; позиції за кар'єру TM: Centre-Forward×97, 0×51, Centre-Back×36, Defensive Midfield×3"
tm:495922,Максим Войтиховський,CB,Чорноморець (Одеса) 2022,2023-05-20,UKR1,Centre-Forward,12,0,https://www.transfermarkt.com/spielbericht/index/spielbericht/4066662,"захисник у нападі; рахунок 0:1; клуб TM 6992 проти 61825; позиції за кар'єру TM: Centre-Forward×97, 0×51, Centre-Back×36, Defensive Midfield×3"
tm:495922,Максим Войтиховський,CB,Чорноморець (Одеса) 2022,2023-05-25,UKR1,Centre-Forward,7,0,https://www.transfermarkt.com/spielbericht/index/spielbericht/4066671,"захисник у нападі; рахунок 1:0; клуб TM 6992 проти 18105; позиції за кар'єру TM: Centre-Forward×97, 0×51, Centre-Back×36, Defensive Midfield×3"
tm:495922,Максим Войтиховський,CB,Чорноморець (Одеса) 2022,2023-08-19,UKR2,Centre-Forward,45,0,https://www.transfermarkt.com/spielbericht/index/spielbericht/4162065,"захисник у нападі; рахунок 0:0; клуб TM 30697 проти 84122; позиції за кар'єру TM: Centre-Forward×97, 0×51, Centre-Back×36, Defensive Midfield×3"
tm:495922,Максим Войтиховський,CB,Чорноморець (Одеса) 2022,2023-08-28,UKR2,Centre-Forward,15,0,https://www.transfermarkt.com/spielbericht/index/spielbericht/4166409,"захисник у нападі; рахунок 0:0; клуб TM 30697 проти 53629; позиції за кар'єру TM: Centre-Forward×97, 0×51, Centre-Back×36, Defensive Midfield×3"
tm:495922,Максим Войтиховський,CB,Чорноморець (Одеса) 2022,2023-09-03,UKR2,Centre-Forward,90,0,https://www.transfermarkt.com/spielbericht/index/spielbericht/4171046,"захисник у нападі; рахунок 1:2; клуб TM 30697 проти 101634; позиції за кар'єру TM: Centre-Forward×97, 0×51, Centre-Back×36, Defensive Midfield×3"
tm:495922,Максим Войтиховський,CB,Чорноморець (Одеса) 2022,2023-09-10,UKR2,Centre-Forward,90,0,https://www.transfermarkt.com/spielbericht/index/spielbericht/4171550,"захисник у нападі; рахунок 2:0; клуб TM 30697 проти 2712; позиції за кар'єру TM: Centre-Forward×97, 0×51, Centre-Back×36, Defensive Midfield×3"
tm:495922,Максим Войтиховський,CB,Чорноморець (Одеса) 2022,2023-09-15,UKR2,Centre-Forward,90,0,https://www.transfermarkt.com/spielbericht/index/spielbericht/4181660,"захисник у нападі; рахунок 1:2; клуб TM 30697 проти 85465; позиції за кар'єру TM: Centre-Forward×97, 0×51, Centre-Back×36, Defensive Midfield×3"
tm:495922,Максим Войтиховський,CB,Чорноморець (Одеса) 2022,2023-09-22,UKR2,Centre-Forward,90,0,https://www.transfermarkt.com/spielbericht/index/spielbericht/4184436,"захисник у нападі; рахунок 1:1; клуб TM 30697 проти 21903; позиції за кар'єру TM: Centre-Forward×97, 0×51, Centre-Back×36, Defensive Midfield×3"
tm:495922,Максим Войтиховський,CB,Чорноморець (Одеса) 2022,2023-09-29,UKR2,Centre-Forward,90,0,https://www.transfermarkt.com/spielbericht/index/spielbericht/4188278,"захисник у нападі; рахунок 1:1; клуб TM 30697 проти 53645; позиції за кар'єру TM: Centre-Forward×97, 0×51, Centre-Back×36, Defensive Midfield×3"
tm:495922,Максим Войтиховський,CB,Чорноморець (Одеса) 2022,2023-10-08,UKR2,Centre-Forward,85,0,https://www.transfermarkt.com/spielbericht/index/spielbericht/4196411,"захисник у нападі; рахунок 1:2; клуб TM 30697 проти 87883; позиції за кар'єру TM: Centre-Forward×97, 0×51, Centre-Back×36, Defensive Midfield×3"
tm:495922,Максим Войтиховський,CB,Чорноморець (Одеса) 2022,2023-10-20,UKR2,Centre-Forward,90,0,https://www.transfermarkt.com/spielbericht/index/spielbericht/4205281,"захисник у нападі; рахунок 2:2; клуб TM 30697 проти 84122; позиції за кар'єру TM: Centre-Forward×97, 0×51, Centre-Back×36, Defensive Midfield×3"
tm:495922,Максим Войтиховський,CB,Чорноморець (Одеса) 2022,2023-10-27,UKR2,Centre-Forward,88,0,https://www.transfermarkt.com/spielbericht/index/spielbericht/4217958,"захисник у нападі; рахунок 0:1; клуб TM 30697 проти 53629; позиції за кар'єру TM: Centre-Forward×97, 0×51, Centre-Back×36, Defensive Midfield×3"
tm:495922,Максим Войтиховський,CB,Чорноморець (Одеса) 2022,2023-11-04,UKR2,Centre-Forward,79,1,https://www.transfermarkt.com/spielbericht/index/spielbericht/4217971,"захисник у нападі; рахунок 4:1; клуб TM 30697 проти 101634; позиції за кар'єру TM: Centre-Forward×97, 0×51, Centre-Back×36, Defensive Midfield×3"
tm:495922,Максим Войтиховський,CB,Чорноморець (Одеса) 2022,2023-11-10,UKR2,Centre-Forward,90,0,https://www.transfermarkt.com/spielbericht/index/spielbericht/4217977,"захисник у нападі; рахунок 0:0; клуб TM 30697 проти 2712; позиції за кар'єру TM: Centre-Forward×97, 0×51, Centre-Back×36, Defensive Midfield×3"
tm:495922,Максим Войтиховський,CB,Чорноморець (Одеса) 2022,2023-11-18,UKR2,Centre-Forward,90,0,https://www.transfermarkt.com/spielbericht/index/spielbericht/4217990,"захисник у нападі; рахунок 0:1; клуб TM 30697 проти 85465; позиції за кар'єру TM: Centre-Forward×97, 0×51, Centre-Back×36, Defensive Midfield×3"
tm:495922,Максим Войтиховський,CB,Чорноморець (Одеса) 2022,2023-11-24,UKR2,Centre-Forward,90,1,https://www.transfermarkt.com/spielbericht/index/spielbericht/4218000,"захисник у нападі; рахунок 2:0; клуб TM 30697 проти 21903; позиції за кар'єру TM: Centre-Forward×97, 0×51, Centre-Back×36, Defensive Midfield×3"
tm:495922,Максим Войтиховський,CB,Чорноморець (Одеса) 2022,2024-03-24,UKR2,Centre-Forward,90,0,https://www.transfermarkt.com/spielbericht/index/spielbericht/4297006,"захисник у нападі; рахунок 0:0; клуб TM 53629 проти 67939; позиції за кар'єру TM: Centre-Forward×97, 0×51, Centre-Back×36, Defensive Midfield×3"
tm:495922,Максим Войтиховський,CB,Чорноморець (Одеса) 2022,2024-03-29,UKR2,Centre-Forward,90,0,https://www.transfermarkt.com/spielbericht/index/spielbericht/4297016,"захисник у нападі; рахунок 0:3; клуб TM 53629 проти 86209; позиції за кар'єру TM: Centre-Forward×97, 0×51, Centre-Back×36, Defensive Midfield×3"
tm:495922,Максим Войтиховський,CB,Чорноморець (Одеса) 2022,2024-04-06,UKR2,Centre-Forward,90,0,https://www.transfermarkt.com/spielbericht/index/spielbericht/4297026,"захисник у нападі; рахунок 1:0; клуб TM 53629 проти 49364; позиції за кар'єру TM: Centre-Forward×97, 0×51, Centre-Back×36, Defensive Midfield×3"
tm:495922,Максим Войтиховський,CB,Чорноморець (Одеса) 2022,2024-04-12,UKR2,Centre-Forward,90,0,https://www.transfermarkt.com/spielbericht/index/spielbericht/4297038,"захисник у нападі; рахунок 1:2; клуб TM 53629 проти 81401; позиції за кар'єру TM: Centre-Forward×97, 0×51, Centre-Back×36, Defensive Midfield×3"
tm:495922,Максим Войтиховський,CB,Чорноморець (Одеса) 2022,2024-04-20,UKR2,Centre-Forward,90,1,https://www.transfermarkt.com/spielbericht/index/spielbericht/4297048,"захисник у нападі; рахунок 1:1; клуб TM 53629 проти 65423; позиції за кар'єру TM: Centre-Forward×97, 0×51, Centre-Back×36, Defensive Midfield×3"
tm:495922,Максим Войтиховський,CB,Чорноморець (Одеса) 2022,2024-04-28,UKR2,Centre-Forward,90,0,https://www.transfermarkt.com/spielbericht/index/spielbericht/4297059,"захисник у нападі; рахунок 0:1; клуб TM 53629 проти 67939; позиції за кар'єру TM: Centre-Forward×97, 0×51, Centre-Back×36, Defensive Midfield×3"
tm:495922,Максим Войтиховський,CB,Чорноморець (Одеса) 2022,2024-05-03,UKR2,Centre-Forward,90,0,https://www.transfermarkt.com/spielbericht/index/spielbericht/4297069,"захисник у нападі; рахунок 0:2; клуб TM 53629 проти 86209; позиції за кар'єру TM: Centre-Forward×97, 0×51, Centre-Back×36, Defensive Midfield×3"
tm:495922,Максим Войтиховський,CB,Чорноморець (Одеса) 2022,2024-05-10,UKR2,Centre-Forward,90,0,https://www.transfermarkt.com/spielbericht/index/spielbericht/4297078,"захисник у нападі; рахунок 0:3; клуб TM 53629 проти 49364; позиції за кар'єру TM: Centre-Forward×97, 0×51, Centre-Back×36, Defensive Midfield×3"
tm:495922,Максим Войтиховський,CB,Чорноморець (Одеса) 2022,2024-08-03,UKRP,Centre-Forward,90,0,https://www.transfermarkt.com/spielbericht/index/spielbericht/4414093,"захисник у нападі; рахунок 0:1; клуб TM 53629 проти 48728; позиції за кар'єру TM: Centre-Forward×97, 0×51, Centre-Back×36, Defensive Midfield×3"
tm:495922,Максим Войтиховський,CB,Чорноморець (Одеса) 2022,2024-08-07,UKR2,Centre-Forward,90,1,https://www.transfermarkt.com/spielbericht/index/spielbericht/4424922,"захисник у нападі; рахунок 2:1; клуб TM 53629 проти 83678; позиції за кар'єру TM: Centre-Forward×97, 0×51, Centre-Back×36, Defensive Midfield×3"
tm:495922,Максим Войтиховський,CB,Чорноморець (Одеса) 2022,2024-08-17,UKR2,Centre-Forward,90,0,https://www.transfermarkt.com/spielbericht/index/spielbericht/4424940,"захисник у нападі; рахунок 1:0; клуб TM 53629 проти 21903; позиції за кар'єру TM: Centre-Forward×97, 0×51, Centre-Back×36, Defensive Midfield×3"
tm:495922,Максим Войтиховський,CB,Чорноморець (Одеса) 2022,2024-08-26,UKR2,Centre-Forward,90,0,https://www.transfermarkt.com/spielbericht/index/spielbericht/4438863,"захисник у нападі; рахунок 2:1; клуб TM 53629 проти 61825; позиції за кар'єру TM: Centre-Forward×97, 0×51, Centre-Back×36, Defensive Midfield×3"
tm:495922,Максим Войтиховський,CB,Чорноморець (Одеса) 2022,2024-08-31,UKR2,Centre-Forward,90,1,https://www.transfermarkt.com/spielbericht/index/spielbericht/4443900,"захисник у нападі; рахунок 1:0; клуб TM 53629 проти 53645; позиції за кар'єру TM: Centre-Forward×97, 0×51, Centre-Back×36, Defensive Midfield×3"
tm:495922,Максим Войтиховський,CB,Чорноморець (Одеса) 2022,2024-09-11,UKR2,Centre-Forward,82,1,https://www.transfermarkt.com/spielbericht/index/spielbericht/4453497,"захисник у нападі; рахунок 1:0; клуб TM 53629 проти 30697; позиції за кар'єру TM: Centre-Forward×97, 0×51, Centre-Back×36, Defensive Midfield×3"
tm:495922,Максим Войтиховський,CB,Чорноморець (Одеса) 2022,2024-09-15,UKR2,Centre-Forward,90,1,https://www.transfermarkt.com/spielbericht/index/spielbericht/4454905,"захисник у нападі; рахунок 3:2; клуб TM 53629 проти 2712; позиції за кар'єру TM: Centre-Forward×97, 0×51, Centre-Back×36, Defensive Midfield×3"
tm:495922,Максим Войтиховський,CB,Чорноморець (Одеса) 2022,2024-09-21,UKR2,Centre-Forward,90,0,https://www.transfermarkt.com/spielbericht/index/spielbericht/4456969,"захисник у нападі; рахунок 2:1; клуб TM 53629 проти 84122; позиції за кар'єру TM: Centre-Forward×97, 0×51, Centre-Back×36, Defensive Midfield×3"
tm:495922,Максим Войтиховський,CB,Чорноморець (Одеса) 2022,2024-10-04,UKR2,Centre-Forward,90,0,https://www.transfermarkt.com/spielbericht/index/spielbericht/4466509,"захисник у нападі; рахунок 1:0; клуб TM 53629 проти 83678; позиції за кар'єру TM: Centre-Forward×97, 0×51, Centre-Back×36, Defensive Midfield×3"
tm:495922,Максим Войтиховський,CB,Чорноморець (Одеса) 2022,2024-10-09,UKR2,Centre-Forward,90,0,https://www.transfermarkt.com/spielbericht/index/spielbericht/4470362,"захисник у нападі; рахунок 1:0; клуб TM 53629 проти 21903; позиції за кар'єру TM: Centre-Forward×97, 0×51, Centre-Back×36, Defensive Midfield×3"
tm:495922,Максим Войтиховський,CB,Чорноморець (Одеса) 2022,2024-10-13,UKR2,Centre-Forward,90,0,https://www.transfermarkt.com/spielbericht/index/spielbericht/4472448,"захисник у нападі; рахунок 1:3; клуб TM 53629 проти 61825; позиції за кар'єру TM: Centre-Forward×97, 0×51, Centre-Back×36, Defensive Midfield×3"
tm:495922,Максим Войтиховський,CB,Чорноморець (Одеса) 2022,2024-10-19,UKR2,Centre-Forward,90,0,https://www.transfermarkt.com/spielbericht/index/spielbericht/4475189,"захисник у нападі; рахунок 0:1; клуб TM 53629 проти 53645; позиції за кар'єру TM: Centre-Forward×97, 0×51, Centre-Back×36, Defensive Midfield×3"
tm:495922,Максим Войтиховський,CB,Чорноморець (Одеса) 2022,2024-11-03,UKR2,Centre-Forward,90,0,https://www.transfermarkt.com/spielbericht/index/spielbericht/4483255,"захисник у нападі; рахунок 1:1; клуб TM 53629 проти 30697; позиції за кар'єру TM: Centre-Forward×97, 0×51, Centre-Back×36, Defensive Midfield×3"
tm:495922,Максим Войтиховський,CB,Чорноморець (Одеса) 2022,2024-11-09,UKR2,Centre-Forward,90,0,https://www.transfermarkt.com/spielbericht/index/spielbericht/4486327,"захисник у нападі; рахунок 0:1; клуб TM 53629 проти 2712; позиції за кар'єру TM: Centre-Forward×97, 0×51, Centre-Back×36, Defensive Midfield×3"
tm:495922,Максим Войтиховський,CB,Чорноморець (Одеса) 2022,2024-11-16,UKR2,Centre-Forward,90,0,https://www.transfermarkt.com/spielbericht/index/spielbericht/4489866,"захисник у нападі; рахунок 0:2; клуб TM 53629 проти 84122; позиції за кар'єру TM: Centre-Forward×97, 0×51, Centre-Back×36, Defensive Midfield×3"
tm:495922,Максим Войтиховський,CB,Чорноморець (Одеса) 2022,2025-04-05,UKR2,Centre-Forward,90,0,https://www.transfermarkt.com/spielbericht/index/spielbericht/4574717,"захисник у нападі; рахунок 1:2; клуб TM 53629 проти 81401; позиції за кар'єру TM: Centre-Forward×97, 0×51, Centre-Back×36, Defensive Midfield×3"
tm:495922,Максим Войтиховський,CB,Чорноморець (Одеса) 2022,2025-04-13,UKR2,Centre-Forward,90,0,https://www.transfermarkt.com/spielbericht/index/spielbericht/4588922,"захисник у нападі; рахунок 0:0; клуб TM 53629 проти 110586; позиції за кар'єру TM: Centre-Forward×97, 0×51, Centre-Back×36, Defensive Midfield×3"
tm:495922,Максим Войтиховський,CB,Чорноморець (Одеса) 2022,2025-04-18,UKR2,Centre-Forward,90,0,https://www.transfermarkt.com/spielbericht/index/spielbericht/4593495,"захисник у нападі; рахунок 0:2; клуб TM 53629 проти 87883; позиції за кар'єру TM: Centre-Forward×97, 0×51, Centre-Back×36, Defensive Midfield×3"
tm:495922,Максим Войтиховський,CB,Чорноморець (Одеса) 2022,2025-04-26,UKR2,Centre-Forward,90,0,https://www.transfermarkt.com/spielbericht/index/spielbericht/4597815,"захисник у нападі; рахунок 0:4; клуб TM 53629 проти 55686; позиції за кар'єру TM: Centre-Forward×97, 0×51, Centre-Back×36, Defensive Midfield×3"
tm:495922,Максим Войтиховський,CB,Чорноморець (Одеса) 2022,2025-05-04,UKR2,Centre-Forward,90,0,https://www.transfermarkt.com/spielbericht/index/spielbericht/4601032,"захисник у нападі; рахунок 0:2; клуб TM 53629 проти 81401; позиції за кар'єру TM: Centre-Forward×97, 0×51, Centre-Back×36, Defensive Midfield×3"
tm:495922,Максим Войтиховський,CB,Чорноморець (Одеса) 2022,2025-05-10,UKR2,Centre-Forward,28,1,https://www.transfermarkt.com/spielbericht/index/spielbericht/4604144,"захисник у нападі; рахунок 1:0; клуб TM 53629 проти 110586; позиції за кар'єру TM: Centre-Forward×97, 0×51, Centre-Back×36, Defensive Midfield×3"
tm:495922,Максим Войтиховський,CB,Чорноморець (Одеса) 2022,2025-05-24,UKR2,Centre-Forward,90,1,https://www.transfermarkt.com/spielbericht/index/spielbericht/4608028,"захисник у нападі; рахунок 1:1; клуб TM 53629 проти 55686; позиції за кар'єру TM: Centre-Forward×97, 0×51, Centre-Back×36, Defensive Midfield×3"
tm:495922,Максим Войтиховський,CB,Чорноморець (Одеса) 2022,2025-08-01,UKR2,Centre-Forward,90,2,https://www.transfermarkt.com/spielbericht/index/spielbericht/4693359,"захисник у нападі; рахунок 2:0; клуб TM 53629 проти 86209; позиції за кар'єру TM: Centre-Forward×97, 0×51, Centre-Back×36, Defensive Midfield×3"
tm:495922,Максим Войтиховський,CB,Чорноморець (Одеса) 2022,2025-08-09,UKR2,Centre-Forward,90,0,https://www.transfermarkt.com/spielbericht/index/spielbericht/4693408,"захисник у нападі; рахунок 0:0; клуб TM 53629 проти 21903; позиції за кар'єру TM: Centre-Forward×97, 0×51, Centre-Back×36, Defensive Midfield×3"
tm:495922,Максим Войтиховський,CB,Чорноморець (Одеса) 2022,2025-08-16,UKR2,Centre-Forward,90,0,https://www.transfermarkt.com/spielbericht/index/spielbericht/4693391,"захисник у нападі; рахунок 1:0; клуб TM 53629 проти 83678; позиції за кар'єру TM: Centre-Forward×97, 0×51, Centre-Back×36, Defensive Midfield×3"
tm:495922,Максим Войтиховський,CB,Чорноморець (Одеса) 2022,2025-08-25,UKRP,Centre-Forward,17,0,https://www.transfermarkt.com/spielbericht/index/spielbericht/4705957,"захисник у нападі; рахунок 3:0; клуб TM 53629 проти 74872; позиції за кар'єру TM: Centre-Forward×97, 0×51, Centre-Back×36, Defensive Midfield×3"
tm:495922,Максим Войтиховський,CB,Чорноморець (Одеса) 2022,2025-08-31,UKR2,Centre-Forward,90,0,https://www.transfermarkt.com/spielbericht/index/spielbericht/4693375,"захисник у нападі; рахунок 0:0; клуб TM 53629 проти 2712; позиції за кар'єру TM: Centre-Forward×97, 0×51, Centre-Back×36, Defensive Midfield×3"
tm:495922,Максим Войтиховський,CB,Чорноморець (Одеса) 2022,2025-09-06,UKR2,Centre-Forward,90,1,https://www.transfermarkt.com/spielbericht/index/spielbericht/4693368,"захисник у нападі; рахунок 2:1; клуб TM 53629 проти 30697; позиції за кар'єру TM: Centre-Forward×97, 0×51, Centre-Back×36, Defensive Midfield×3"
tm:495922,Максим Войтиховський,CB,Чорноморець (Одеса) 2022,2025-09-14,UKR2,Centre-Forward,90,0,https://www.transfermarkt.com/spielbericht/index/spielbericht/4693382,"захисник у нападі; рахунок 0:0; клуб TM 53629 проти 2740; позиції за кар'єру TM: Centre-Forward×97, 0×51, Centre-Back×36, Defensive Midfield×3"
tm:495922,Максим Войтиховський,CB,Чорноморець (Одеса) 2022,2025-09-19,UKR2,Centre-Forward,90,1,https://www.transfermarkt.com/spielbericht/index/spielbericht/4693441,"захисник у нападі; рахунок 1:0; клуб TM 53629 проти 110586; позиції за кар'єру TM: Centre-Forward×97, 0×51, Centre-Back×36, Defensive Midfield×3"
tm:495922,Максим Войтиховський,CB,Чорноморець (Одеса) 2022,2025-09-23,UKRP,Centre-Forward,45,0,https://www.transfermarkt.com/spielbericht/index/spielbericht/4715282,"захисник у нападі; рахунок 2:0; клуб TM 53629 проти 132877; позиції за кар'єру TM: Centre-Forward×97, 0×51, Centre-Back×36, Defensive Midfield×3"
tm:495922,Максим Войтиховський,CB,Чорноморець (Одеса) 2022,2025-09-28,UKR2,Centre-Forward,90,0,https://www.transfermarkt.com/spielbericht/index/spielbericht/4693429,"захисник у нападі; рахунок 0:1; клуб TM 53629 проти 6992; позиції за кар'єру TM: Centre-Forward×97, 0×51, Centre-Back×36, Defensive Midfield×3"
tm:495922,Максим Войтиховський,CB,Чорноморець (Одеса) 2022,2025-10-04,UKR2,Centre-Forward,90,2,https://www.transfermarkt.com/spielbericht/index/spielbericht/4693474,"захисник у нападі; рахунок 3:0; клуб TM 53629 проти 61761; позиції за кар'єру TM: Centre-Forward×97, 0×51, Centre-Back×36, Defensive Midfield×3"
tm:495922,Максим Войтиховський,CB,Чорноморець (Одеса) 2022,2025-10-08,UKR2,Centre-Forward,90,2,https://www.transfermarkt.com/spielbericht/index/spielbericht/4693412,"захисник у нападі; рахунок 2:3; клуб TM 53629 проти 49364; позиції за кар'єру TM: Centre-Forward×97, 0×51, Centre-Back×36, Defensive Midfield×3"
tm:495922,Максим Войтиховський,CB,Чорноморець (Одеса) 2022,2025-10-14,UKR2,Centre-Forward,90,0,https://www.transfermarkt.com/spielbericht/index/spielbericht/4693459,"захисник у нападі; рахунок 1:0; клуб TM 53629 проти 65423; позиції за кар'єру TM: Centre-Forward×97, 0×51, Centre-Back×36, Defensive Midfield×3"
tm:495922,Максим Войтиховський,CB,Чорноморець (Одеса) 2022,2025-10-19,UKR2,Centre-Forward,79,0,https://www.transfermarkt.com/spielbericht/index/spielbericht/4693420,"захисник у нападі; рахунок 0:3; клуб TM 53629 проти 111182; позиції за кар'єру TM: Centre-Forward×97, 0×51, Centre-Back×36, Defensive Midfield×3"
tm:495922,Максим Войтиховський,CB,Чорноморець (Одеса) 2022,2025-10-25,UKR2,Centre-Forward,90,0,https://www.transfermarkt.com/spielbericht/index/spielbericht/4693466,"захисник у нападі; рахунок 2:1; клуб TM 53629 проти 67939; позиції за кар'єру TM: Centre-Forward×97, 0×51, Centre-Back×36, Defensive Midfield×3"
tm:495922,Максим Войтиховський,CB,Чорноморець (Одеса) 2022,2025-10-30,UKRP,Centre-Forward,90,1,https://www.transfermarkt.com/spielbericht/index/spielbericht/4738051,"захисник у нападі; рахунок 3:4; клуб TM 53629 проти 55686; позиції за кар'єру TM: Centre-Forward×97, 0×51, Centre-Back×36, Defensive Midfield×3"
tm:495922,Максим Войтиховський,CB,Чорноморець (Одеса) 2022,2025-11-03,UKR2,Centre-Forward,89,2,https://www.transfermarkt.com/spielbericht/index/spielbericht/4693551,"захисник у нападі; рахунок 3:1; клуб TM 53629 проти 53645; позиції за кар'єру TM: Centre-Forward×97, 0×51, Centre-Back×36, Defensive Midfield×3"
tm:495922,Максим Войтиховський,CB,Чорноморець (Одеса) 2022,2025-11-08,UKR2,Centre-Forward,90,1,https://www.transfermarkt.com/spielbericht/index/spielbericht/4693401,"захисник у нападі; рахунок 2:0; клуб TM 53629 проти 81169; позиції за кар'єру TM: Centre-Forward×97, 0×51, Centre-Back×36, Defensive Midfield×3"
tm:495922,Максим Войтиховський,CB,Чорноморець (Одеса) 2022,2025-11-17,UKR2,Centre-Forward,45,0,https://www.transfermarkt.com/spielbericht/index/spielbericht/4693446,"захисник у нападі; рахунок 1:4; клуб TM 53629 проти 86209; позиції за кар'єру TM: Centre-Forward×97, 0×51, Centre-Back×36, Defensive Midfield×3"
tm:495922,Максим Войтиховський,CB,Чорноморець (Одеса) 2022,2025-11-23,UKR2,Centre-Forward,90,0,https://www.transfermarkt.com/spielbericht/index/spielbericht/4693488,"захисник у нападі; рахунок 0:3; клуб TM 53629 проти 21903; позиції за кар'єру TM: Centre-Forward×97, 0×51, Centre-Back×36, Defensive Midfield×3"
tm:495922,Максим Войтиховський,CB,Чорноморець (Одеса) 2022,2025-11-30,UKR2,Centre-Forward,90,0,https://www.transfermarkt.com/spielbericht/index/spielbericht/4693576,"захисник у нападі; рахунок 1:0; клуб TM 53629 проти 83678; позиції за кар'єру TM: Centre-Forward×97, 0×51, Centre-Back×36, Defensive Midfield×3"
tm:495922,Максим Войтиховський,CB,Чорноморець (Одеса) 2022,2026-03-04,UKRP,Centre-Forward,17,0,https://www.transfermarkt.com/spielbericht/index/spielbericht/4778982,"захисник у нападі; рахунок 5:4; клуб TM 21903 проти 63007; позиції за кар'єру TM: Centre-Forward×97, 0×51, Centre-Back×36, Defensive Midfield×3"
tm:495922,Максим Войтиховський,CB,Чорноморець (Одеса) 2022,2026-03-20,UKR2,Centre-Forward,27,0,https://www.transfermarkt.com/spielbericht/index/spielbericht/4693505,"захисник у нападі; рахунок 3:1; клуб TM 21903 проти 67939; позиції за кар'єру TM: Centre-Forward×97, 0×51, Centre-Back×36, Defensive Midfield×3"
tm:495922,Максим Войтиховський,CB,Чорноморець (Одеса) 2022,2026-03-29,UKR2,Centre-Forward,89,0,https://www.transfermarkt.com/spielbericht/index/spielbericht/4693541,"захисник у нападі; рахунок 3:1; клуб TM 21903 проти 53645; позиції за кар'єру TM: Centre-Forward×97, 0×51, Centre-Back×36, Defensive Midfield×3"
tm:495922,Максим Войтиховський,CB,Чорноморець (Одеса) 2022,2026-04-03,UKR2,Centre-Forward,20,1,https://www.transfermarkt.com/spielbericht/index/spielbericht/4693594,"захисник у нападі; рахунок 1:0; клуб TM 21903 проти 81169; позиції за кар'єру TM: Centre-Forward×97, 0×51, Centre-Back×36, Defensive Midfield×3"
tm:495922,Максим Войтиховський,CB,Чорноморець (Одеса) 2022,2026-04-08,UKR2,Centre-Forward,81,0,https://www.transfermarkt.com/spielbericht/index/spielbericht/4693516,"захисник у нападі; рахунок 2:1; клуб TM 21903 проти 86209; позиції за кар'єру TM: Centre-Forward×97, 0×51, Centre-Back×36, Defensive Midfield×3"
tm:495922,Максим Войтиховський,CB,Чорноморець (Одеса) 2022,2026-04-12,UKR2,Centre-Forward,90,0,https://www.transfermarkt.com/spielbericht/index/spielbericht/4693499,"захисник у нападі; рахунок 2:1; клуб TM 21903 проти 65423; позиції за кар'єру TM: Centre-Forward×97, 0×51, Centre-Back×36, Defensive Midfield×3"
tm:495922,Максим Войтиховський,CB,Чорноморець (Одеса) 2022,2026-04-17,UKR2,Centre-Forward,90,0,https://www.transfermarkt.com/spielbericht/index/spielbericht/4693508,"захисник у нападі; рахунок 2:1; клуб TM 21903 проти 83678; позиції за кар'єру TM: Centre-Forward×97, 0×51, Centre-Back×36, Defensive Midfield×3"
tm:495922,Максим Войтиховський,CB,Чорноморець (Одеса) 2022,2026-04-21,UKRP,Centre-Forward,11,0,https://www.transfermarkt.com/spielbericht/index/spielbericht/4846681,"захисник у нападі; рахунок 0:3; клуб TM 21903 проти 338; позиції за кар'єру TM: Centre-Forward×97, 0×51, Centre-Back×36, Defensive Midfield×3"
tm:495922,Максим Войтиховський,CB,Чорноморець (Одеса) 2022,2026-05-02,UKR2,Centre-Forward,90,0,https://www.transfermarkt.com/spielbericht/index/spielbericht/4693570,"захисник у нападі; рахунок 2:0; клуб TM 21903 проти 30697; позиції за кар'єру TM: Centre-Forward×97, 0×51, Centre-Back×36, Defensive Midfield×3"
tm:495922,Максим Войтиховський,CB,Чорноморець (Одеса) 2022,2026-05-09,UKR2,Centre-Forward,83,1,https://www.transfermarkt.com/spielbericht/index/spielbericht/4693529,"захисник у нападі; рахунок 6:0; клуб TM 21903 проти 2740; позиції за кар'єру TM: Centre-Forward×97, 0×51, Centre-Back×36, Defensive Midfield×3"
tm:495922,Максим Войтиховський,CB,Чорноморець (Одеса) 2022,2026-05-15,UKR2,Centre-Forward,90,0,https://www.transfermarkt.com/spielbericht/index/spielbericht/4693534,"захисник у нападі; рахунок 5:0; клуб TM 21903 проти 110586; позиції за кар'єру TM: Centre-Forward×97, 0×51, Centre-Back×36, Defensive Midfield×3"
tm:495922,Максим Войтиховський,CB,Чорноморець (Одеса) 2022,2026-05-23,UKR2,Centre-Forward,90,0,https://www.transfermarkt.com/spielbericht/index/spielbericht/4693555,"захисник у нападі; рахунок 1:3; клуб TM 21903 проти 6992; позиції за кар'єру TM: Centre-Forward×97, 0×51, Centre-Back×36, Defensive Midfield×3"
tm:495922,Максим Войтиховський,CB,Чорноморець (Одеса) 2022,2026-06-02,UKR2,Centre-Forward,77,1,https://www.transfermarkt.com/spielbericht/index/spielbericht/4693575,"захисник у нападі; рахунок 4:0; клуб TM 21903 проти 61761; позиції за кар'єру TM: Centre-Forward×97, 0×51, Centre-Back×36, Defensive Midfield×3"
tm:495922,Максим Войтиховський,CB,Чорноморець (Одеса) 2022,2026-08-03,UKR1,Centre-Forward,33,0,https://www.transfermarkt.com/spielbericht/index/spielbericht/4905655,"захисник у нападі; рахунок 0:0; клуб TM 21903 проти 63007; позиції за кар'єру TM: Centre-Forward×97, 0×51, Centre-Back×36, Defensive Midfield×3"
tm:495922,Максим Войтиховський,CB,Чорноморець (Одеса) 2022,2026-08-08,UKR1,Centre-Forward,19,0,https://www.transfermarkt.com/spielbericht/index/spielbericht/4905669,"захисник у нападі; рахунок 0:0; клуб TM 21903 проти 39097; позиції за кар'єру TM: Centre-Forward×97, 0×51, Centre-Back×36, Defensive Midfield×3"
tm:495922,Максим Войтиховський,CB,Чорноморець (Одеса) 2022,2026-08-15,UKR1,Centre-Forward,33,0,https://www.transfermarkt.com/spielbericht/index/spielbericht/4974316,"захисник у нападі; рахунок 0:3; клуб TM 21903 проти 85465; позиції за кар'єру TM: Centre-Forward×97, 0×51, Centre-Back×36, Defensive Midfield×3"
tm:495922,Максим Войтиховський,CB,Чорноморець (Одеса) 2022,2026-08-22,UKRP,Centre-Forward,25,0,https://www.transfermarkt.com/spielbericht/index/spielbericht/5022355,"захисник у нападі; рахунок 4:0; клуб TM 21903 проти 2712; позиції за кар'єру TM: Centre-Forward×97, 0×51, Centre-Back×36, Defensive Midfield×3"
tm:495922,Максим Войтиховський,CB,Чорноморець (Одеса) 2022,2026-08-31,UKR1,Centre-Forward,23,0,https://www.transfermarkt.com/spielbericht/index/spielbericht/4974429,"захисник у нападі; рахунок 3:0; клуб TM 21903 проти 338; позиції за кар'єру TM: Centre-Forward×97, 0×51, Centre-Back×36, Defensive Midfield×3"
tm:495922,Максим Войтиховський,CB,Чорноморець (Одеса) 2022,2026-09-05,UKR2,Centre-Forward,22,0,https://www.transfermarkt.com/spielbericht/index/spielbericht/4983333,"захисник у нападі; рахунок 0:0; клуб TM 18303 проти 53645; позиції за кар'єру TM: Centre-Forward×97, 0×51, Centre-Back×36, Defensive Midfield×3"
tm:495922,Максим Войтиховський,CB,Чорноморець (Одеса) 2022,2026-09-09,UKRP,Centre-Forward,90,0,https://www.transfermarkt.com/spielbericht/index/spielbericht/5037304,"захисник у нападі; рахунок 4:2; клуб TM 18303 проти 111182; позиції за кар'єру TM: Centre-Forward×97, 0×51, Centre-Back×36, Defensive Midfield×3"
tm:495922,Максим Войтиховський,CB,Чорноморець (Одеса) 2022,2026-09-14,UKR2,Centre-Forward,90,0,https://www.transfermarkt.com/spielbericht/index/spielbericht/4983342,"захисник у нападі; рахунок 1:0; клуб TM 18303 проти 67939; позиції за кар'єру TM: Centre-Forward×97, 0×51, Centre-Back×36, Defensive Midfield×3"
tm:448783,Максим Грисьо,RB,Карпати (Львів) 2016–2017; ПФК Львів 2020–2022; Чорноморець (Одеса) 2023; Оболонь (Київ) 2023–2025,2020-11-22,UKR1,Second Striker,90,1,https://www.transfermarkt.com/spielbericht/index/spielbericht/3420673,"захисник у нападі; рахунок 1:0; клуб TM 18105 проти 16239; позиції за кар'єру TM: 0×57, Right-Back×45, Right Midfield×26, Right Winger×23"
tm:448783,Максим Грисьо,RB,Карпати (Львів) 2016–2017; ПФК Львів 2020–2022; Чорноморець (Одеса) 2023; Оболонь (Київ) 2023–2025,2023-03-06,UKR1,Centre-Forward,53,0,https://www.transfermarkt.com/spielbericht/index/spielbericht/3975250,"захисник у нападі; рахунок 1:0; клуб TM 18105 проти 61825; позиції за кар'єру TM: 0×57, Right-Back×45, Right Midfield×26, Right Winger×23"
tm:316945,Мар'ян Мисик,LB,Металург (Донецьк) 2014; Сталь (Кам'янське) 2015–2017; Ворскла (Полтава) 2018; Рух (Львів) 2020–2023; Інгулець (Петрове) 2024,2017-08-05,UKR1,Centre-Forward,67,0,https://www.transfermarkt.com/spielbericht/index/spielbericht/2882882,"захисник у нападі; рахунок 1:3; клуб TM 16247 проти 2477; позиції за кар'єру TM: Attacking Midfield×45, 0×45, Left-Back×41, Left Midfield×36"
w:1980-10-05:kashevski,Микола Кашевський,CB,Кривбас (Кривий Ріг) 2003–2005; Металург (Запоріжжя) 2003–2007; Маріуполь / Іллічівець 2008–2009; Таврія (Сімферополь) 2010,2012-11-21,WRPO,Centre-Forward,90,1,https://www.transfermarkt.com/spielbericht/index/spielbericht/2264890,"захисник у нападі; рахунок 6:5; клуб TM 10694 проти 14178; позиції за кар'єру TM: 0×221, Centre-Back×105, Left-Back×57, Defensive Midfield×12"
w:1971-02-07:sich,Микола Сич,CB,Карпати (Львів) 1992; Волинь (Луцьк) 1994–1995,2002-08-14,UNGP,Centre-Forward,90,1,https://www.transfermarkt.com/spielbericht/index/spielbericht/4614924,"захисник у нападі; рахунок 3:1; клуб TM 3233 проти 14582; позиції за кар'єру TM: 0×25, Centre-Forward×10, Left Winger×2, Right Winger×1"
w:1971-02-07:sich,Микола Сич,CB,Карпати (Львів) 1992; Волинь (Луцьк) 1994–1995,2002-08-17,UN2,Centre-Forward,60,0,https://www.transfermarkt.com/spielbericht/index/spielbericht/4628055,"захисник у нападі; рахунок 0:0; клуб TM 3233 проти 3395; позиції за кар'єру TM: 0×25, Centre-Forward×10, Left Winger×2, Right Winger×1"
w:1971-02-07:sich,Микола Сич,CB,Карпати (Львів) 1992; Волинь (Луцьк) 1994–1995,2002-08-24,UN2,Centre-Forward,64,0,https://www.transfermarkt.com/spielbericht/index/spielbericht/4628062,"захисник у нападі; рахунок 2:1; клуб TM 3233 проти 30018; позиції за кар'єру TM: 0×25, Centre-Forward×10, Left Winger×2, Right Winger×1"
w:1971-02-07:sich,Микола Сич,CB,Карпати (Львів) 1992; Волинь (Луцьк) 1994–1995,2002-09-11,UNGP,Centre-Forward,77,0,https://www.transfermarkt.com/spielbericht/index/spielbericht/4614823,"захисник у нападі; рахунок 5:2; клуб TM 3233 проти 27401; позиції за кар'єру TM: 0×25, Centre-Forward×10, Left Winger×2, Right Winger×1"
w:1971-02-07:sich,Микола Сич,CB,Карпати (Львів) 1992; Волинь (Луцьк) 1994–1995,2002-10-09,UNGP,Centre-Forward,61,0,https://www.transfermarkt.com/spielbericht/index/spielbericht/4614794,"захисник у нападі; рахунок 1:2; клуб TM 3233 проти 6049; позиції за кар'єру TM: 0×25, Centre-Forward×10, Left Winger×2, Right Winger×1"
w:1971-02-07:sich,Микола Сич,CB,Карпати (Львів) 1992; Волинь (Луцьк) 1994–1995,2002-11-23,UN2,Centre-Forward,77,2,https://www.transfermarkt.com/spielbericht/index/spielbericht/4628183,"захисник у нападі; рахунок 3:0; клуб TM 3233 проти 12423; позиції за кар'єру TM: 0×25, Centre-Forward×10, Left Winger×2, Right Winger×1"
w:1971-02-07:sich,Микола Сич,CB,Карпати (Львів) 1992; Волинь (Луцьк) 1994–1995,2003-04-19,UN2,Centre-Forward,54,0,https://www.transfermarkt.com/spielbericht/index/spielbericht/4628242,"захисник у нападі; рахунок 0:4; клуб TM 3233 проти 6052; позиції за кар'єру TM: 0×25, Centre-Forward×10, Left Winger×2, Right Winger×1"
w:1971-02-07:sich,Микола Сич,CB,Карпати (Львів) 1992; Волинь (Луцьк) 1994–1995,2003-04-23,UN2,Centre-Forward,90,1,https://www.transfermarkt.com/spielbericht/index/spielbericht/4628256,"захисник у нападі; рахунок 2:1; клуб TM 3233 проти 30000; позиції за кар'єру TM: 0×25, Centre-Forward×10, Left Winger×2, Right Winger×1"
w:1971-02-07:sich,Микола Сич,CB,Карпати (Львів) 1992; Волинь (Луцьк) 1994–1995,2003-04-27,UN2,Centre-Forward,58,0,https://www.transfermarkt.com/spielbericht/index/spielbericht/4628265,"захисник у нападі; рахунок 1:1; клуб TM 3233 проти 30913; позиції за кар'єру TM: 0×25, Centre-Forward×10, Left Winger×2, Right Winger×1"
w:1971-02-07:sich,Микола Сич,CB,Карпати (Львів) 1992; Волинь (Луцьк) 1994–1995,2003-06-14,UN2,Centre-Forward,90,1,https://www.transfermarkt.com/spielbericht/index/spielbericht/4628327,"захисник у нападі; рахунок 2:1; клуб TM 3233 проти 12647; позиції за кар'єру TM: 0×25, Centre-Forward×10, Left Winger×2, Right Winger×1"
tm:36364,Михайло Сіваков,CB,Чорноморець (Одеса) 2014; Зоря (Луганськ) 2015–2016,2016-05-31,FS,Second Striker,90,0,https://www.transfermarkt.com/spielbericht/index/spielbericht/2676912,"захисник у нападі; рахунок 2:1; клуб TM 3450 проти 3509; позиції за кар'єру TM: Centre-Back×286, 0×113, Defensive Midfield×66, Central Midfield×34"
tm:204560,Міха Горопевшек,CB,Волинь (Луцьк) 2015–2016,2019-08-17,UKR2,Centre-Forward,90,1,https://www.transfermarkt.com/spielbericht/index/spielbericht/3244324,"захисник у нападі; рахунок 2:3; клуб TM 4482 проти 6422; позиції за кар'єру TM: 0×120, Centre-Back×112, Centre-Forward×6, Defensive Midfield×4"
tm:204560,Міха Горопевшек,CB,Волинь (Луцьк) 2015–2016,2019-08-24,UKR2,Centre-Forward,90,1,https://www.transfermarkt.com/spielbericht/index/spielbericht/3247750,"захисник у нападі; рахунок 3:2; клуб TM 4482 проти 6992; позиції за кар'єру TM: 0×120, Centre-Back×112, Centre-Forward×6, Defensive Midfield×4"
tm:204560,Міха Горопевшек,CB,Волинь (Луцьк) 2015–2016,2019-08-31,UKR2,Goalkeeper,90,0,https://www.transfermarkt.com/spielbericht/index/spielbericht/3252053,"польовий у воротах; рахунок 0:0; клуб TM 4482 проти 39097; позиції за кар'єру TM: 0×120, Centre-Back×112, Centre-Forward×6, Defensive Midfield×4"
tm:204560,Міха Горопевшек,CB,Волинь (Луцьк) 2015–2016,2019-09-04,UKR2,Centre-Forward,90,1,https://www.transfermarkt.com/spielbericht/index/spielbericht/3253514,"захисник у нападі; рахунок 3:0; клуб TM 4482 проти 13017; позиції за кар'єру TM: 0×120, Centre-Back×112, Centre-Forward×6, Defensive Midfield×4"
tm:204560,Міха Горопевшек,CB,Волинь (Луцьк) 2015–2016,2019-09-15,UKR2,Centre-Forward,90,0,https://www.transfermarkt.com/spielbericht/index/spielbericht/3258877,"захисник у нападі; рахунок 2:2; клуб TM 4482 проти 49306; позиції за кар'єру TM: 0×120, Centre-Back×112, Centre-Forward×6, Defensive Midfield×4"
tm:204560,Міха Горопевшек,CB,Волинь (Луцьк) 2015–2016,2019-09-29,UKR2,Centre-Forward,83,0,https://www.transfermarkt.com/spielbericht/index/spielbericht/3264117,"захисник у нападі; рахунок 2:1; клуб TM 4482 проти 53629; позиції за кар'єру TM: 0×120, Centre-Back×112, Centre-Forward×6, Defensive Midfield×4"
tm:204560,Міха Горопевшек,CB,Волинь (Луцьк) 2015–2016,2019-11-02,UKR2,Centre-Forward,90,0,https://www.transfermarkt.com/spielbericht/index/spielbericht/3276556,"захисник у нападі; рахунок 2:1; клуб TM 4482 проти 32036; позиції за кар'єру TM: 0×120, Centre-Back×112, Centre-Forward×6, Defensive Midfield×4"
tm:354326,Навід Насімі,LB,Чорноморець (Одеса) 2015,2015-08-22,UKRP,Centre-Forward,8,0,https://www.transfermarkt.com/spielbericht/index/spielbericht/2611187,"захисник у нападі; рахунок 2:0; клуб TM 6992 проти 41127; позиції за кар'єру TM: 0×62, Centre-Forward×1"
tm:257937,Олег Данченко,RB,Чорноморець (Одеса) 2013–2016; Шахтар (Донецьк) 2018; Зоря (Луганськ) 2022–2023,2015-08-16,UKR1,Centre-Forward,90,0,https://www.transfermarkt.com/spielbericht/index/spielbericht/2597430,"захисник у нападі; рахунок 0:2; клуб TM 6992 проти 10690; позиції за кар'єру TM: Right-Back×110, Right Midfield×69, 0×40, Left Midfield×14"
w:1977-02-01:sizon,Олег Сизон,CB,Кривбас (Кривий Ріг) 1994; Маріуполь / Іллічівець 1997–1999; Борисфен (Бориспіль) 2003–2004,2003-10-01,CL,Centre-Forward,87,1,https://www.transfermarkt.com/spielbericht/index/spielbericht/211,"захисник у нападі; рахунок 2:2; клуб TM 197 проти 398; позиції за кар'єру TM: 0×373, Right Winger×117, Right Midfield×47, Left Winger×5"
w:1977-02-01:sizon,Олег Сизон,CB,Кривбас (Кривий Ріг) 1994; Маріуполь / Іллічівець 1997–1999; Борисфен (Бориспіль) 2003–2004,2003-11-26,CL,Centre-Forward,90,0,https://www.transfermarkt.com/spielbericht/index/spielbericht/216,"захисник у нападі; рахунок 0:0; клуб TM 197 проти 631; позиції за кар'єру TM: 0×373, Right Winger×117, Right Midfield×47, Left Winger×5"
tm:59322,Олександр Караваєв,RB,Севастополь 2013; Зоря (Луганськ) 2014–2018; Динамо (Київ) 2019–2025,2015-07-25,UKR1,Centre-Forward,90,0,https://www.transfermarkt.com/spielbericht/index/spielbericht/2596694,"захисник у нападі; рахунок 0:0; клуб TM 10690 проти 6414; позиції за кар'єру TM: Right Midfield×239, Right-Back×197, 0×60, Left-Back×35"
tm:419118,Олександр Климець,LB,Епіцентр (Кам'янець-Подільський) 2025,2018-08-22,UKRP,Centre-Forward,102,1,https://www.transfermarkt.com/spielbericht/index/spielbericht/3077336,"захисник у нападі; рахунок 3:2; клуб TM 4482 проти 2227; позиції за кар'єру TM: Left-Back×74, 0×58, Left Midfield×43, Central Midfield×4"
tm:899884,Олександр Чернов,RB,Оболонь (Київ) 2023–2024,2021-11-14,UKR2,Centre-Forward,90,0,https://www.transfermarkt.com/spielbericht/index/spielbericht/3619279,"захисник у нападі; рахунок 1:0; клуб TM 4482 проти 74868; позиції за кар'єру TM: Right Midfield×69, Right-Back×27, 0×23, Left Midfield×6"
tm:57888,Павло Ксьонз,RB,Говерла / Закарпаття (Ужгород) 2007–2009; ФК Харків 2008; Маріуполь / Іллічівець 2008; Карпати (Львів) 2011–2017; Олександрія 2011; Металіст (Харків) 2013; Дніпро (Дніпропетровськ) 2014; Олімпік (Донецьк) 2018–2020,2011-07-16,UKR1,Centre-Forward,87,0,https://www.transfermarkt.com/spielbericht/index/spielbericht/1121693,"захисник у нападі; рахунок 1:3; клуб TM 18303 проти 338; позиції за кар'єру TM: 0×205, Right-Back×94, Right Midfield×93, Left Midfield×18"
tm:57888,Павло Ксьонз,RB,Говерла / Закарпаття (Ужгород) 2007–2009; ФК Харків 2008; Маріуполь / Іллічівець 2008; Карпати (Львів) 2011–2017; Олександрія 2011; Металіст (Харків) 2013; Дніпро (Дніпропетровськ) 2014; Олімпік (Донецьк) 2018–2020,2011-10-14,UKR1,Centre-Forward,57,0,https://www.transfermarkt.com/spielbericht/index/spielbericht/1151766,"захисник у нападі; рахунок 1:2; клуб TM 18303 проти 6993; позиції за кар'єру TM: 0×205, Right-Back×94, Right Midfield×93, Left Midfield×18"
tm:57888,Павло Ксьонз,RB,Говерла / Закарпаття (Ужгород) 2007–2009; ФК Харків 2008; Маріуполь / Іллічівець 2008; Карпати (Львів) 2011–2017; Олександрія 2011; Металіст (Харків) 2013; Дніпро (Дніпропетровськ) 2014; Олімпік (Донецьк) 2018–2020,2014-03-30,UKR1,Centre-Forward,90,0,https://www.transfermarkt.com/spielbericht/index/spielbericht/2335835,"захисник у нападі; рахунок 2:4; клуб TM 6414 проти 660; позиції за кар'єру TM: 0×205, Right-Back×94, Right Midfield×93, Left Midfield×18"
tm:57888,Павло Ксьонз,RB,Говерла / Закарпаття (Ужгород) 2007–2009; ФК Харків 2008; Маріуполь / Іллічівець 2008; Карпати (Львів) 2011–2017; Олександрія 2011; Металіст (Харків) 2013; Дніпро (Дніпропетровськ) 2014; Олімпік (Донецьк) 2018–2020,2014-10-28,UKRP,Centre-Forward,90,0,https://www.transfermarkt.com/spielbericht/index/spielbericht/2497914,"захисник у нападі; рахунок 0:1; клуб TM 2477 проти 338; позиції за кар'єру TM: 0×205, Right-Back×94, Right Midfield×93, Left Midfield×18"
tm:57888,Павло Ксьонз,RB,Говерла / Закарпаття (Ужгород) 2007–2009; ФК Харків 2008; Маріуполь / Іллічівець 2008; Карпати (Львів) 2011–2017; Олександрія 2011; Металіст (Харків) 2013; Дніпро (Дніпропетровськ) 2014; Олімпік (Донецьк) 2018–2020,2014-12-07,UKR1,Centre-Forward,89,0,https://www.transfermarkt.com/spielbericht/index/spielbericht/2498295,"захисник у нападі; рахунок 0:0; клуб TM 2477 проти 6992; позиції за кар'єру TM: 0×205, Right-Back×94, Right Midfield×93, Left Midfield×18"
tm:57888,Павло Ксьонз,RB,Говерла / Закарпаття (Ужгород) 2007–2009; ФК Харків 2008; Маріуполь / Іллічівець 2008; Карпати (Львів) 2011–2017; Олександрія 2011; Металіст (Харків) 2013; Дніпро (Дніпропетровськ) 2014; Олімпік (Донецьк) 2018–2020,2017-03-17,UKR1,Second Striker,77,0,https://www.transfermarkt.com/spielbericht/index/spielbericht/2731839,"захисник у нападі; рахунок 0:0; клуб TM 2477 проти 339; позиції за кар'єру TM: 0×205, Right-Back×94, Right Midfield×93, Left Midfield×18"
tm:57888,Павло Ксьонз,RB,Говерла / Закарпаття (Ужгород) 2007–2009; ФК Харків 2008; Маріуполь / Іллічівець 2008; Карпати (Львів) 2011–2017; Олександрія 2011; Металіст (Харків) 2013; Дніпро (Дніпропетровськ) 2014; Олімпік (Донецьк) 2018–2020,2021-03-26,UKR2,Centre-Forward,60,1,https://www.transfermarkt.com/spielbericht/index/spielbericht/3491132,"захисник у нападі; рахунок 2:1; клуб TM 74869 проти 32036; позиції за кар'єру TM: 0×205, Right-Back×94, Right Midfield×93, Left Midfield×18"
tm:57888,Павло Ксьонз,RB,Говерла / Закарпаття (Ужгород) 2007–2009; ФК Харків 2008; Маріуполь / Іллічівець 2008; Карпати (Львів) 2011–2017; Олександрія 2011; Металіст (Харків) 2013; Дніпро (Дніпропетровськ) 2014; Олімпік (Донецьк) 2018–2020,2021-04-16,UKR2,Centre-Forward,90,0,https://www.transfermarkt.com/spielbericht/index/spielbericht/3492245,"захисник у нападі; рахунок 1:1; клуб TM 74869 проти 53645; позиції за кар'єру TM: 0×205, Right-Back×94, Right Midfield×93, Left Midfield×18"
tm:57888,Павло Ксьонз,RB,Говерла / Закарпаття (Ужгород) 2007–2009; ФК Харків 2008; Маріуполь / Іллічівець 2008; Карпати (Львів) 2011–2017; Олександрія 2011; Металіст (Харків) 2013; Дніпро (Дніпропетровськ) 2014; Олімпік (Донецьк) 2018–2020,2021-04-23,UKR2,Centre-Forward,90,0,https://www.transfermarkt.com/spielbericht/index/spielbericht/3532175,"захисник у нападі; рахунок 0:2; клуб TM 74869 проти 6992; позиції за кар'єру TM: 0×205, Right-Back×94, Right Midfield×93, Left Midfield×18"
tm:59414,Папа Гуйе,CB,Волинь (Луцьк) 2004–2005; Металіст (Харків) 2006–2014; Дніпро (Дніпропетровськ) 2014–2015; Карпати (Львів) 2018; СК Дніпро-1 2019,2017-02-11,CNAT,Centre-Forward,38,0,https://www.transfermarkt.com/spielbericht/index/spielbericht/2717797,"захисник у нападі; рахунок 0:3; клуб TM 3052 проти 12335; позиції за кар'єру TM: Centre-Back×250, 0×166, Centre-Forward×1"
w:1982-10-23:bispo,Родольфо,CB,Динамо (Київ) 2004–2006,2010-11-28,RU1,Centre-Forward,90,0,https://www.transfermarkt.com/spielbericht/index/spielbericht/1035381,"захисник у нападі; рахунок 0:0; клуб TM 932 проти 2698; позиції за кар'єру TM: Centre-Back×185, 0×170, Defensive Midfield×19, None×2"
tm:396536,Роман Вантух,LB,Олімпік (Донецьк) 2018–2019; Олександрія 2019–2020; Чорноморець (Одеса) 2021; Зоря (Луганськ) 2022–2025,2023-04-15,UKR1,Centre-Forward,5,0,https://www.transfermarkt.com/spielbericht/index/spielbericht/4050042,"захисник у нападі; рахунок 2:1; клуб TM 10690 проти 60551; позиції за кар'єру TM: Left-Back×121, Left Midfield×43, Left Winger×10, 0×5"
tm:374036,Роман Помазан,CB,Металург (Запоріжжя) 2014–2015,2015-09-27,UKR1,Centre-Forward,90,0,https://www.transfermarkt.com/spielbericht/index/spielbericht/2598837,"захисник у нападі; рахунок 0:3; клуб TM 6994 проти 16247; позиції за кар'єру TM: 0×91, Centre-Back×13, Left-Back×10, Right-Back×3"
tm:289282,Роман Попов,RB,Металург (Запоріжжя) 2014–2015; Зірка (Кропивницький) 2016,2014-03-29,UKR2,Centre-Forward,5,0,https://www.transfermarkt.com/spielbericht/index/spielbericht/2336034,"захисник у нападі; рахунок 2:1; клуб TM 6422 проти 26641; позиції за кар'єру TM: 0×90, Right-Back×20, Right Midfield×9, Left Midfield×6"
tm:289282,Роман Попов,RB,Металург (Запоріжжя) 2014–2015; Зірка (Кропивницький) 2016,2014-04-05,UKR2,Centre-Forward,45,0,https://www.transfermarkt.com/spielbericht/index/spielbericht/2336055,"захисник у нападі; рахунок 1:2; клуб TM 6422 проти 16242; позиції за кар'єру TM: 0×90, Right-Back×20, Right Midfield×9, Left Midfield×6"
tm:289282,Роман Попов,RB,Металург (Запоріжжя) 2014–2015; Зірка (Кропивницький) 2016,2014-05-27,UKR2,Second Striker,45,0,https://www.transfermarkt.com/spielbericht/index/spielbericht/2336025,"захисник у нападі; рахунок 0:2; клуб TM 6422 проти 10468; позиції за кар'єру TM: 0×90, Right-Back×20, Right Midfield×9, Left Midfield×6"
tm:28964,Саулюс Міколюнас,RB,Арсенал (Київ) 2009–2012; Севастополь 2013,2003-08-14,UEQ,Centre-Forward,69,0,https://www.transfermarkt.com/spielbericht/index/spielbericht/1065554,"захисник у нападі; рахунок 1:1; клуб TM 3850 проти 84; позиції за кар'єру TM: 0×268, Right-Back×120, Right Midfield×74, Left Midfield×60"
tm:28964,Саулюс Міколюнас,RB,Арсенал (Київ) 2009–2012; Севастополь 2013,2003-08-28,UEQ,Centre-Forward,105,0,https://www.transfermarkt.com/spielbericht/index/spielbericht/1065555,"захисник у нападі; рахунок 1:2; клуб TM 3850 проти 84; позиції за кар'єру TM: 0×268, Right-Back×120, Right Midfield×74, Left Midfield×60"
tm:28964,Саулюс Міколюнас,RB,Арсенал (Київ) 2009–2012; Севастополь 2013,2006-11-08,SCP,Centre-Forward,65,0,https://www.transfermarkt.com/spielbericht/index/spielbericht/4249321,"захисник у нападі; рахунок 0:1; клуб TM 43 проти 903; позиції за кар'єру TM: 0×268, Right-Back×120, Right Midfield×74, Left Midfield×60"
w:1979-08-01:djurichich,Саша Джурічич,CB,Ворскла (Полтава) 2005–2008; Таврія (Сімферополь) 2008–2011,2002-07-31,RS,Centre-Forward,45,0,https://www.transfermarkt.com/spielbericht/index/spielbericht/19745,"захисник у нападі; рахунок 2:1; клуб TM 63 проти 108; позиції за кар'єру TM: 0×91, Centre-Back×8, Right-Back×7, Centre-Forward×1"
w:1975-04-02:esin,Сергій Єсін,CB,Таврія (Сімферополь) 1992–2004; Металіст (Харків) 2000–2001; Говерла / Закарпаття (Ужгород) 2007–2009,1996-08-06,UEQ,Goalkeeper,90,0,https://www.transfermarkt.com/spielbericht/index/spielbericht/3196147,"польовий у воротах; рахунок 0:4; клуб TM 20845 проти 116; позиції за кар'єру TM: 0×339, Goalkeeper×7"
w:1975-04-02:esin,Сергій Єсін,CB,Таврія (Сімферополь) 1992–2004; Металіст (Харків) 2000–2001; Говерла / Закарпаття (Ужгород) 2007–2009,1996-08-20,UEQ,Goalkeeper,90,0,https://www.transfermarkt.com/spielbericht/index/spielbericht/3196172,"польовий у воротах; рахунок 2:0; клуб TM 20845 проти 116; позиції за кар'єру TM: 0×339, Goalkeeper×7"
w:1975-04-02:esin,Сергій Єсін,CB,Таврія (Сімферополь) 1992–2004; Металіст (Харків) 2000–2001; Говерла / Закарпаття (Ужгород) 2007–2009,1998-08-13,EPP,Goalkeeper,90,0,https://www.transfermarkt.com/spielbericht/index/spielbericht/3400674,"польовий у воротах; рахунок 0:1; клуб TM 20845 проти 43; позиції за кар'єру TM: 0×339, Goalkeeper×7"
w:1975-04-02:esin,Сергій Єсін,CB,Таврія (Сімферополь) 1992–2004; Металіст (Харків) 2000–2001; Говерла / Закарпаття (Ужгород) 2007–2009,1998-08-27,EPP,Goalkeeper,90,0,https://www.transfermarkt.com/spielbericht/index/spielbericht/3400675,"польовий у воротах; рахунок 0:5; клуб TM 20845 проти 43; позиції за кар'єру TM: 0×339, Goalkeeper×7"
w:1975-04-02:esin,Сергій Єсін,CB,Таврія (Сімферополь) 1992–2004; Металіст (Харків) 2000–2001; Говерла / Закарпаття (Ужгород) 2007–2009,2004-07-15,UEQ,Goalkeeper,90,0,https://www.transfermarkt.com/spielbericht/index/spielbericht/3978005,"польовий у воротах; рахунок 2:4; клуб TM 8964 проти 1231; позиції за кар'єру TM: 0×339, Goalkeeper×7"
w:1975-04-02:esin,Сергій Єсін,CB,Таврія (Сімферополь) 1992–2004; Металіст (Харків) 2000–2001; Говерла / Закарпаття (Ужгород) 2007–2009,2006-05-31,FI2,Goalkeeper,90,0,https://www.transfermarkt.com/spielbericht/index/spielbericht/2208102,"польовий у воротах; рахунок 0:0; клуб TM 11133 проти 6578; позиції за кар'єру TM: 0×339, Goalkeeper×7"
w:1975-04-02:esin,Сергій Єсін,CB,Таврія (Сімферополь) 1992–2004; Металіст (Харків) 2000–2001; Говерла / Закарпаття (Ужгород) 2007–2009,2008-10-26,LETM,Goalkeeper,90,0,https://www.transfermarkt.com/spielbericht/index/spielbericht/1183741,"польовий у воротах; рахунок 0:1; клуб TM 3810 проти 2782; позиції за кар'єру TM: 0×339, Goalkeeper×7"
tm:404844,Тимофій Сухар,LB,Колос (Ковалівка) 2024,2023-04-23,UKR2,Centre-Forward,31,0,https://www.transfermarkt.com/spielbericht/index/spielbericht/4061776,"захисник у нападі; рахунок 1:0; клуб TM 88907 проти 65423; позиції за кар'єру TM: 0×39, Right-Back×31, Left-Back×27, Right Midfield×13"
w:1977-01-17:seihan,Толга Сейхан,CB,Шахтар (Донецьк) 2005,1995-10-25,TRP,Centre-Forward,62,0,https://www.transfermarkt.com/spielbericht/index/spielbericht/3286168,"захисник у нападі; рахунок 2:5; клуб TM 20333 проти 3207; позиції за кар'єру TM: Centre-Back×248, 0×44, Defensive Midfield×9, Right Midfield×3"
w:1977-01-17:seihan,Толга Сейхан,CB,Шахтар (Донецьк) 2005,1996-10-02,TRP,Centre-Forward,90,0,https://www.transfermarkt.com/spielbericht/index/spielbericht/3392681,"захисник у нападі; рахунок 3:2; клуб TM 20333 проти 1506; позиції за кар'єру TM: Centre-Back×248, 0×44, Defensive Midfield×9, Right Midfield×3"
w:1977-01-17:seihan,Толга Сейхан,CB,Шахтар (Донецьк) 2005,1996-11-13,TRP,Centre-Forward,83,1,https://www.transfermarkt.com/spielbericht/index/spielbericht/3392636,"захисник у нападі; рахунок 2:5; клуб TM 20333 проти 2832; позиції за кар'єру TM: Centre-Back×248, 0×44, Defensive Midfield×9, Right Midfield×3"
tm:354640,Хосе Ернандес,LB,Олександрія 2023,2024-05-01,EL1A,Centre-Forward,90,0,https://www.transfermarkt.com/spielbericht/index/spielbericht/4272444,"захисник у нападі; рахунок 2:3; клуб TM 87068 проти 9855; позиції за кар'єру TM: Left-Back×151, 0×31, Left Winger×13, Left Midfield×8"
tm:130264,Юрій Бушман,LB,Арсенал (Київ) 2012–2018,2013-04-17,UKRP,Second Striker,80,0,https://www.transfermarkt.com/spielbericht/index/spielbericht/2270981,"захисник у нападі; рахунок 1:2; клуб TM 9007 проти 6992; позиції за кар'єру TM: 0×139, Left Midfield×136, Right Midfield×15, Left-Back×14"
tm:130264,Юрій Бушман,LB,Арсенал (Київ) 2012–2018,2014-05-07,UKRP,Centre-Forward,62,0,https://www.transfermarkt.com/spielbericht/index/spielbericht/2451567,"захисник у нападі; рахунок 0:3; клуб TM 33179 проти 660; позиції за кар'єру TM: 0×139, Left Midfield×136, Right Midfield×15, Left-Back×14"
tm:320953,Юрій Кравчук,CB,ПФК Львів 2020; Минай 2022–2023,2025-05-30,UKR2,Centre-Forward,12,0,https://www.transfermarkt.com/spielbericht/index/spielbericht/4613203,"захисник у нападі; рахунок 3:0; клуб TM 67939 проти 2712; позиції за кар'єру TM: Centre-Back×108, 0×98, Centre-Forward×1, Right-Back×1"
tm:322915,Юрій Павлик,RB,Ворскла (Полтава) 2013,2019-08-03,UKR2,Second Striker,76,1,https://www.transfermarkt.com/spielbericht/index/spielbericht/3232732,"захисник у нападі; рахунок 1:0; клуб TM 13017 проти 61761; позиції за кар'єру TM: 0×110, Left-Back×32, Left Midfield×11, Right Midfield×8"
tm:672616,Ян Юрчец,RB,Кривбас (Кривий Ріг) 2024–2025,2020-09-30,KR2,Centre-Forward,90,0,https://www.transfermarkt.com/spielbericht/index/spielbericht/3464132,"захисник у нападі; рахунок 0:1; клуб TM 12817 проти 59009; позиції за кар'єру TM: 0×96, Right-Back×53, Left Winger×13, Right Winger×7"
tm:672616,Ян Юрчец,RB,Кривбас (Кривий Ріг) 2024–2025,2023-07-21,ofb,Centre-Forward,62,0,https://www.transfermarkt.com/spielbericht/index/spielbericht/4092745,"захисник у нападі; рахунок 2:1; клуб TM 3551 проти 20113; позиції за кар'єру TM: 0×96, Right-Back×53, Left Winger×13, Right Winger×7"
tm:672616,Ян Юрчец,RB,Кривбас (Кривий Ріг) 2024–2025,2023-10-01,A1,Centre-Forward,71,0,https://www.transfermarkt.com/spielbericht/index/spielbericht/4100117,"захисник у нападі; рахунок 0:0; клуб TM 3551 проти 4467; позиції за кар'єру TM: 0×96, Right-Back×53, Left Winger×13, Right Winger×7"
