person_id,display_uk
w:1969-10-05:leonenko,Віктор Леоненко
w:1965-12-17:kutepov,Ігор Кутєпов
w:1970-08-09:bejenar,Сергій Беженар
w:1970-08-18:matvev,Олег Матвєєв
w:1966-09-25:topchev,Дмитро Топчієв
w:1968-08-05:lujni,Олег Лужний
w:1967-07-01:husev,Сергій Гусєв
w:1972-05-04:medin,Микола Медін
w:1972-12-16:shkapenko,Павло Шкапенко
w:1967-01-29:shmatovalenko,Сергій Шматоваленко
w:1972-01-08:atelkin,Сергій Ателькін
w:1970-08-19:muschinka,Анатолій Мущинка
w:1971-04-18:diriavka,Сергій Дірявка
w:1971-03-05:polunin,Андрій Полунін
w:1967-03-12:kolesnik,Вадим Колесник
w:1965-10-03:martinkenas,Вальдемарас Мартінкенас
w:1971-05-06:iakovenko,Дмитро Яковенко
w:1960-05-15:shevchenko,Сергій Шевченко
w:1959-02-19:demianenko,Анатолій Дем'яненко
w:1971-04-18:nichenko,Ігор Ніченко
w:1972-09-25:mizin,Сергій Мізін
w:1967-11-05:chuhleba,Олег Чухлєба
w:1965-08-12:tiapushkin,Дмитро Тяпушкін
w:1969-09-07:kosheliuk,Олег Кошелюк
w:1966-04-24:sheihametov,Толят Шейхаметов
w:1969-01-23:ponomarenko,Віталій Пономаренко
w:1968-12-08:maksimov,Юрій Максимов
w:1971-04-22:popov,Сергій Попов
w:1972-03-01:konovalov,Сергій Коновалов
w:1972-12-02:kandaurov,Сергій Кандауров
w:1971-11-25:pohlebaev,Євген Похлебаєв
w:1969-01-02:suslov,Олег Суслов
w:1969-08-18:zaets,Сергій Заєць
w:1962-03-18:hruslov,В'ячеслав Хруслов
w:1975-03-27:moroz,Геннадій Мороз
w:1962-11-13:raliuchenko,Сергій Ралюченко
w:1971-09-12:huralski,Олександр Гуральський
w:1974-09-27:mochuliak,Олег Мочуляк
w:1962-01-28:smihunov,Віктор Смігунов
w:1970-06-14:kulik,Костянтин Кулик
w:1966-09-10:tsveiba,Ахрік Цвейба
w:1966-08-01:tsitkin,Володимир Циткін
w:1966-08-14:bondarenko,Роман Бондаренко
w:1973-07-13:mihailenko,Дмитро Михайленко
w:1971-06-22:bukel,Юрій Букель
w:1965-01-12:bondarchuk,Василь Бондарчук
w:1961-06-15:panchishin,Іван Панчишин
w:1958-08-05:fedetski,Андрій Федецький
w:1974-09-11:parfonov,Дмитро Парфьонов
w:1962-02-15:diki,Володимир Дикий
w:1968-07-01:jabchenko,Ігор Жабченко
w:1971-10-11:pomazun,Олександр Помазун
w:1967-06-28:iudin,Андрій Юдін
w:1967-03-17:mazur,Дмитро Мазур
w:1969-02-13:korponai,Іван Корпонай
w:1960-08-11:biskup,Ігор Біскуп
w:1969-01-21:anenkov,Андрій Анненков
w:1969-01-21:bezsmertni,Анатолій Безсмертний
w:1964-08-09:pankratev,Ігор Панкратьєв
w:1971-01-04:filimonov,Денис Філімонов
w:1968-01-13:strontsitski,Богдан Стронціцький
w:1971-06-15:hritsina,Юрій Гріцина
w:1969-11-19:skripnik,Віктор Скрипник
w:1968-01-19:snihirov,Олексій Снігірьов
w:1964-09-16:horoshinski,Валерій Горошинський
w:1973-10-26:onopko,Сергій Онопко
w:1970-08-25:liuti,Владислав Лютий
w:1969-03-27:aleksanenkov,Андрій Алексаненков
w:1972-10-11:zuenko,Микола Зуєнко
w:1960-07-31:scherbakov,Олександр Щербаков
w:1963-01-28:fedorov,Леонід Федоров
w:1972-04-03:shutkov,Дмитро Шутков
w:1968-09-05:kovalets,Сергій Ковалець
w:1972-01-02:haschin,Володимир Гащин
w:1971-07-04:fedkov,Андрій Федьков
w:1968-07-09:babi,Олександр Бабій
w:1965-07-13:vasilitchuk,Андрій Василитчук
w:1969-11-10:iankovski,Олександр Янковський
w:1974-06-03:rebrov,Сергій Ребров
w:1970-08-29:kastorni,Олег Касторний
w:1969-06-21:pets,Роман Пець
w:1973-06-22:prudius,Владислав Прудіус
w:1961-02-14:horodov,Валерій Городов
w:1966-06-09:plotko,Ігор Плотко
w:1968-09-26:dudnik,Юрій Дуднік
w:1966-01-03:fokin,Юрій Фокін
w:1974-05-03:koval,Олександр Коваль
w:1968-01-24:huseinov,Тімєрлан Гусейнов
w:1969-08-11:zaharov,Олександр Захаров
w:1966-10-12:rusnak,Іван Руснак
w:1969-08-23:homuha,Дмитро Хомуха
w:1973-07-28:blizniuk,Ілля Близнюк
w:1967-08-07:haidash,Олександр Гайдаш
w:1971-09-18:sharan,Володимир Шаран
w:1970-10-16:mokritski,Юрій Мокрицький
w:1968-04-29:pohodin,Сергій Погодін
w:1971-09-21:holovan,Олег Головань
w:1963-12-20:leskiv,Василь Леськів
w:1971-05-27:chijevski,Олександр Чижевський
w:1964-12-19:iakovenko,Павло Яковенко
w:1968-02-02:finkel,Борис Фінкель
w:1957-11-28:alistarov,Валерій Алістаров
w:1969-02-15:kolesov,Олег Колесов
w:1968-01-08:markov,Віталій Марков
w:1963-11-12:sobotiuk,Сергій Соботюк
w:1965-01-17:danilishin,Віктор Данилишин
w:1974-07-13:pushkutsa,Віталій Пушкуца
w:1971-01-19:markin,Юрій Маркін
w:1970-04-20:shinkarov,Андрій Шинкарьов
w:1967-04-12:kozak,Ярослав Козак
w:1968-05-27:oparin,Андрій Опарін
w:1964-02-13:drahunov,Євген Драгунов
w:1971-01-11:pavliuchenko,Костянтин Павлюченко
w:1958-01-13:sivuha,Юрій Сивуха
w:1971-08-23:skish,Віталій Скиш
w:1968-02-25:dumenko,Сергій Думенко
w:1967-01-03:sak,Юрій Сак
w:1964-12-04:rudnitski,Віталій Рудницький
w:1970-01-06:iablonski,Віктор Яблонський
w:1962-03-22:zadorojniak,Василь Задорожняк
w:1971-06-21:pokladok,Андрій Покладок
w:1965-03-13:volkov,Ігор Волков
w:1972-01-06:holovko,Олександр Головко
w:1969-06-17:tsimbalar,Ілля Цимбалар
w:1973-01-14:kardash,Василь Кардаш
w:1972-06-05:maksimenko,Андрій Максименко
w:1959-06-28:iaschenko,Сергій Ященко
w:1969-07-18:sevidov,Олександр Севідов
w:1965-02-17:cherkun,Ігор Черкун
w:1973-01-31:lozovski,Андрій Лозовський
w:1964-12-13:belichenko,Юрій Бєліченко
w:1970-01-03:fursov,Володимир Фурсов
w:1966-01-16:bakalov,Юрій Бакалов
w:1972-01-23:nazarov,Євгеній Назаров
w:1961-04-23:turchinenko,Микола Турчиненко
w:1964-01-28:mozoliuk,Володимир Мозолюк
w:1969-09-09:kriachik,Євген Крячик
w:1973-08-30:svistunov,Олександр Свистунов
w:1963-02-07:protsiuk,Сергій Процюк
w:1972-12-11:husin,Андрій Гусін
w:1961-01-01:mahinia,Юрій Махиня
w:1965-09-14:esipov,Олександр Єсипов
w:1961-01-24:chernih,Геннадій Черних
w:1966-02-15:riznik,Володимир Різник
w:1970-04-29:betsa,Степан Беца
w:1970-09-16:nikiforov,Юрій Никифоров
w:1971-01-31:prizetko,Олександр Призетко
w:1971-09-23:kozar,Геннадій Козар
w:1971-04-08:zubkov,Владислав Зубков
w:1973-11-19:luchkevich,Ігор Лучкевич
w:1973-08-27:kliuchik,Сергій Ключик
w:1969-05-04:parahnevich,Віталій Парахневич
w:1967-09-29:sirotin,Павло Сіротін
w:1969-08-26:vovchuk,Любомир Вовчук
w:1963-09-28:lukash,Сергій Лукаш
w:1964-02-19:salimov,Фанас Салімов
w:1966-06-29:bondarenko,Олександр Бондаренко
w:1966-12-28:nefedov,Олександр Нефедов
w:1968-01-08:moskvin,Валентин Москвін
w:1971-08-04:lejentsev,Сергій Леженцев
w:1970-01-14:vorobiov,Валерій Воробйов
w:1960-02-15:tsiselski,Ігор Цісельський
w:1973-08-17:lebid,Володимир Лебідь
w:1967-03-06:uzakov,Руслан Узаков
w:1970-08-18:pantilov,Віталій Пантілов
w:1962-03-23:zaets,Олександр Заєць
w:1958-12-16:antoniuk,Володимир Антонюк
w:1963-12-13:fediukov,Олег Федюков
w:1969-12-06:tsokur,Валерій Цокур
w:1967-11-26:polischuk,Анатолій Поліщук
w:1969-08-29:stolovitski,Ігор Столовицький
w:1966-04-29:stelmah,Михайло Стельмах
w:1975-09-03:romanishin,Сергій Романишин
w:1972-10-29:mintenko,Віталій Мінтенко
w:1963-03-01:novak,Володимир Новак
w:1967-10-18:nikiforov,Олександр Никифоров
w:1974-10-12:romanchuk,Руслан Романчук
w:1970-02-01:irichuk,Павло Ірічук
w:1965-05-11:mustafaev,Асан Мустафаєв
w:1970-04-28:mikitin,Володимир Микитін
w:1971-09-21:shulha,Владислав Шульга
w:1970-07-23:orbu,Геннадій Орбу
w:1971-11-25:antiuhin,Олексій Антюхін
w:1972-07-24:martiuk,Олександр Мартюк
w:1967-06-25:voronejski,Сергій Воронежський
w:1972-03-28:korobchenko,Олексій Коробченко
w:1961-03-02:zolotnitski,Євгеній Золотницький
w:1970-05-23:mazur,Сергій Мазур
w:1971-01-23:kuptsov,Андрій Купцов
w:1970-10-01:sirota,Святослав Сирота
w:1969-01-15:horiachilov,Євген Горячилов
w:1972-08-29:kurilenko,Олексій Куриленко
w:1973-12-09:hrehul,Валентин Грегуль
w:1969-05-02:ternavski,Владислав Тернавський
w:1967-09-14:leonov,Ігор Леонов
w:1963-03-25:samardak,Богдан Самардак
w:1971-11-17:kucher,Олег Кучер
w:1961-08-18:polni,Іван Польний
w:1971-09-06:novikov,Владислав Новіков
w:1969-09-04:sushka,Ігор Сушка
w:1973-07-31:kriventsov,Валерій Кривенцов
w:1972-01-08:nikitin,Андрій Нікітін
w:1965-11-23:konovalchuk,Володимир Коновальчук
w:1965-12-06:fokin,Ігор Фокін
w:1965-01-17:bubis,Іван Бубісь
w:1969-09-24:humeniuk,Ігор Гуменюк
w:1963-07-10:panchik,Валерій Панчик
w:1964-01-09:litvinov,Геннадій Літвінов
w:1971-11-15:demianchuk,Михайло Дем'янчук
w:1967-02-16:zub,Роман Зуб
w:1967-03-21:marchuk,Володимир Марчук
w:1957-04-16:sorokalet,Олександр Сорокалєт
w:1969-11-27:bordiuh,Володимир Бордюг
w:1969-02-05:borovik,Олександр Боровик
w:1958-07-03:mashnin,Валерій Машнін
w:1971-09-05:kovalenko,Олександр Коваленко
w:1968-05-05:alibaev,Сефер Алібаєв
w:1964-05-16:moisev,Ігор Моісеєв
w:1965-08-01:ialovski,Віктор Яловський
w:1963-09-18:tkachuk,Валерій Ткачук
w:1965-01-05:voitiuk,Олександр Войтюк
w:1973-03-20:pavlov,Володимир Павлов
w:1973-03-20:shpirnov,Роман Шпірнов
w:1966-01-22:vernidub,Юрій Вернидуб
w:1972-03-03:kovaliuk,Володимир Ковалюк
w:1969-10-21:benko,Олег Бенько
w:1972-08-13:iliuhin,Андрій Іллюхін
w:1965-09-28:mikolaenko,Юрій Миколаєнко
w:1968-02-01:sarnavski,Ігор Сарнавський
w:1970-08-08:moroz,Юрій Мороз
w:1972-12-19:kuraev,Андрій Кураєв
w:1960-03-05:hurinovich,Ігор Гуринович
w:1959-06-09:iavorski,Ігор Яворський
w:1965-04-30:len,Юрій Лень
w:1973-08-12:boichishin,Олег Бойчишин
w:1966-04-18:korponai,Адальберт Корпонай
w:1968-12-11:tolochko,Роман Толочко
w:1972-04-27:semenov,Віталій Семенов
w:1968-10-13:litvinenko,Ігор Литвиненко
w:1970-09-03:shvirkov,Борис Швирков
w:1966-10-28:lantsfer,Ярослав Ланцфер
w:1973-02-19:huzenko,Андрій Гузенко
w:1962-05-27:chistov,Анатолій Чистов
w:1963-12-07:petrik,Анатолій Петрик
w:1967-04-12:polstianov,Сергій Полстянов
w:1974-08-03:varaksin,Кирило Вараксін
w:1973-08-01:bohunov,Сергій Богунов
w:1970-03-29:eremev,В'ячеслав Єремеєв
w:1970-03-07:knish,Володимир Книш
w:1965-03-16:rolevich,Олександр Ролевич
w:1968-05-27:sisoev,Євген Сисоєв
w:1971-05-27:burhan,Євген Бурхан
w:1974-09-09:piatenko,Володимир П'ятенко
w:1967-02-07:bidulko,Дмитро Бідулько
w:1961-11-14:troitski,Сергій Троїцький
w:1966-02-03:haria,Георгій Харя
w:1961-09-01:chervoni,Олександр Червоний
w:1971-06-19:hetikov,Юрій Гетіков
w:1970-09-21:dziubenko,Геннадій Дзюбенко
w:1969-08-25:rosliakov,Андрій Росляков
w:1971-03-07:soloviov,Сергій Соловйов
w:1969-01-04:marchak,Мирослав Марчак
w:1970-05-13:anisimkov,Віктор Анісімков
w:1973-03-21:zaichenko,Юрій Зайченко
w:1969-11-24:makohon,Ігор Макогон
w:1966-02-18:marev,Андрій Марєєв
w:1970-03-08:zadvorni,Ігор Задворний
w:1971-12-25:hrin,Володимир Гринь
w:1962-05-30:rafalchuk,Віктор Рафальчук
w:1968-04-14:kudliuk,Валерій Кудлюк
w:1965-02-03:hromov,Віктор Громов
w:1961-02-10:volkov,Олександр Волков
w:1971-01-02:zavialov,Андрій Зав'ялов
w:1966-08-10:savchenko,Сергій Савченко
w:1967-10-03:laktionov,Сергій Лактіонов
w:1968-10-04:marchenko,Андрій Марченко
w:1973-02-09:popovich,Геннадій Попович
w:1969-09-15:vishniauskas,Відмантас Вишняускас
w:1970-03-06:lobas,Володимир Лобас
w:1961-09-15:bobiliak,Ярослав Бобиляк
w:1968-05-01:ilin,Олексій Ільїн
w:1971-08-05:ishmirzaev,Садріддін Ішмірзаєв
w:1962-01-21:stepanischev,Ігор Степанищев
w:1975-04-02:esin,Сергій Єсін
w:1962-02-21:bahmut,Володимир Багмут
w:1975-01-05:andriuschenko,Анатолій Андрющенко
w:1966-07-02:buts,Петро Буц
w:1965-03-13:matiuha,Андрій Матюха
w:1972-11-27:nikitin,Руслан Нікітін
w:1974-03-03:karabuta,Олександр Карабута
w:1965-02-15:pokidko,Ігор Покідько
w:1964-07-30:rodnonok,Павло Родньонок
w:1965-02-20:medvid,В'ячеслав Медвідь
w:1964-05-07:kabanets,Ігор Кабанець
w:1969-05-21:aleksandrov,Вадим Александров
w:1973-08-13:soloviov,Олег Соловйов
w:1960-11-03:budnik,Віктор Будник
w:1971-06-11:haidamaschuk,Володимир Гайдамащук
w:1966-08-16:tibilov,Гоча Тібілов
w:1972-02-29:palianitsia,Олександр Паляниця
w:1966-06-02:mehov,Олег Мєхов
w:1968-09-06:bedni,Володимир Бєдний
w:1975-12-18:mahonin,Віталій Махонін
w:1968-05-29:petrov,Олег Петров
w:1966-05-14:krapivkin,Ігор Крапивкін
w:1976-08-12:pavliuh,Іван Павлюх
w:1971-02-07:sich,Микола Сич
w:1972-01-20:zelinski,Сергій Зелінський
w:1967-01-20:sukiasian,Ерванд Сукіасян
w:1966-03-10:hudimenko,Юрій Гудименко
w:1967-07-05:nedorostkov,В'ячеслав Недоростков
w:1965-11-23:ivanov,Олександр Іванов
w:1968-04-29:sinitski,Олег Синицький
w:1965-01-25:poliakov,Олександр Поляков
w:1972-02-03:mamchur,Сергій Мамчур
w:1962-08-17:iarovenko,Євген Яровенко
w:1960-04-15:burch,Михайло Бурч
w:1973-07-01:krukovets,Сергій Круковець
w:1968-01-19:sobol,Олександр Соболь
w:1971-10-14:manko,Євген Манько
w:1973-01-13:oshiko,Василь Ошийко
w:1962-01-09:zolotnitski,Сергій Золотницький
w:1960-08-30:olinik,Віктор Олійник
w:1970-09-14:andrev,Сергій Андреєв
w:1972-05-17:duhnovski,Ігор Духновський
w:1971-07-21:dolinovski,Олег Долиновський
w:1963-01-22:korotaev,Андрій Коротаєв
w:1963-08-22:kulish,Юрій Куліш
w:1974-08-09:nikolaichuk,Матвій Николайчук
w:1966-04-12:telesnenko,Андрій Телесненко
w:1977-03-28:fenin,Юрій Фенін
w:1967-07-20:hovoruha,Сергій Говоруха
w:1966-11-30:laba,Роман Лаба
w:1970-12-10:nohin,Олександр Ногін
w:1970-07-13:tsiura,Валерій Цюра
w:1969-06-11:demianenko,Дмитро Дем'яненко
w:1970-10-17:sasko,Олексій Сасько
w:1976-10-11:lapko,Микола Лапко
w:1964-10-24:sluka,Микола Слука
w:1960-07-20:muradian,Сергій Мурадян
w:1964-02-10:sofilkanich,Валерій Софілканич
w:1966-01-02:korzanov,Олександр Корзанов
w:1972-02-11:chirva,Олексій Чирва
w:1973-02-25:belkin,Віктор Бєлкін
w:1967-08-15:volotek,Олег Волотек
w:1971-03-10:zabranski,Руслан Забранський
w:1969-06-11:povedonok,Анатолій Поведьонок
w:1968-11-01:kunitsia,Віталій Куниця
w:1959-03-11:bashkirov,Сергій Башкиров
w:1974-08-10:horobets,Дмитро Горобець
w:1971-05-25:jihulin,Спартак Жигулін
w:1970-01-25:liubinetski,Сергій Любинецький
tm:24004,Сергій Долганський
w:1971-01-17:kurbatski,Дмитро Курбатський
w:1963-02-12:filoniuk,Павло Філонюк
w:1968-05-22:hulenkov,Дмитро Гуленков
w:1965-01-02:sartakov,Ігор Сартаков
w:1970-12-06:nosenko,Владислав Носенко
w:1971-12-27:parhomenko,Андрій Пархоменко
w:1970-07-01:pilipenko,Василь Пилипенко
w:1960-08-22:shevchenko,Сергій Шевченко
w:1968-10-25:vahanov,Андрій Ваганов
w:1961-10-21:sapronov,Сергій Сапронов
w:1968-06-24:miroshkin,Сергій Мірошкін
w:1974-02-08:rizun,Микола Різун
w:1960-01-20:suhenko,Віктор Сухенко
w:1969-09-21:androschuk,Олександр Андрощук
w:1976-10-04:sapuha,Андрій Сапуга
w:1970-08-11:shuliatitski,Юрій Шулятицький
w:1969-11-27:korobov,Андрій Коробов
w:1973-11-12:kirepko,Анатолій Кірепко
w:1967-01-03:kvitkauskas,Гінтарас Квіткаускас
w:1956-03-11:kolesnikov,Юрій Колесников
w:1958-03-24:trehubov,Віктор Трегубов
w:1964-01-16:fasahov,Тагір Фасахов
w:1972-05-15:sherabokov,Сергій Шерабоков
w:1975-09-05:tehaev,Олександр Тєгаєв
w:1972-11-26:levitski,Максим Левицький
w:1973-04-13:zaitsev,Сергій Зайцев
w:1970-02-01:sidorkin,В'ячеслав Сидоркін
w:1960-01-07:shoh,Антон Шох
w:1965-06-21:storchak,Василь Сторчак
w:1960-01-11:taran,Олег Таран
w:1976-08-18:efimov,Андрій Єфімов
w:1961-10-18:adjoev,Гурам Аджоєв
w:1972-05-17:shumski,Віталій Шумський
w:1971-10-29:malani,Руслан Маланій
w:1976-12-05:haras,Олег Гарас
w:1963-07-20:anvar,Анвар Жаббаров
w:1962-04-08:chumak,Юрій Чумак
w:1965-12-27:ovcharenko,Ігор Овчаренко
w:1971-09-25:chuprin,Дмитро Чупрін
w:1976-01-13:shischenko,Сергій Шищенко
w:1974-04-08:lutsiv,Андрій Луців
w:1969-03-16:baisarovich,Андрій Байсарович
w:1974-12-29:morhunov,Олександр Моргунов
w:1969-11-03:borisevich,Володимир Борисевич
w:1973-12-07:aleksandrov,Сергій Александров
w:1969-10-07:bohodelov,В'ячеслав Богодєлов
w:1972-08-19:tambovtsev,Олександр Тамбовцев
w:1958-12-16:orinko,Олександр Орінко
w:1969-08-03:jilkin,Геннадій Жилкін
w:1968-01-08:lupinos,Сергій Лупинос
w:1974-03-17:bender,Павло Бендер
w:1968-08-27:martiniuk,Володимир Мартинюк
w:1973-05-26:rahaev,Ігор Рахаєв
w:1973-08-17:ivanov,Олександр Іванов
w:1967-09-04:kornev,Дмитро Корнєєв
w:1972-10-30:karamustafa,Дмитро Кара-Мустафа
w:1968-05-12:sharipov,Геннадій Шаріпов
w:1968-08-15:serchenko,Валерій Серченко
w:1973-08-12:patronov,Віталій Патронов
w:1960-08-31:chaban,Сергій Чабан
w:1976-12-26:burhan,Кирило Бурхан
w:1973-03-25:miroshnichenko,Роман Мірошниченко
w:1967-05-01:samoilov,Олег Самойлов
w:1970-08-15:kurlikovski,Володимир Курліковський
w:1964-10-01:dudka,Валерій Дудка
w:1962-11-24:avdenko,Юрій Авдеєнко
w:1972-11-18:skachenko,Сергій Скаченко
w:1968-02-28:kovtun,Андрій Ковтун
w:1970-10-11:evtushok,Олександр Євтушок
w:1962-12-01:kapanadze,Таріел Капанадзе
w:1971-02-23:naduda,Олег Надуда
w:1975-01-02:vaschuk,Владислав Ващук
w:1970-12-06:hashkin,Андрій Гашкін
w:1969-05-11:bohatir,Віктор Богатир
w:1968-09-01:habiskiria,Юрій Габіскірія
w:1973-08-11:kosovski,Віталій Косовський
w:1971-05-28:avakov,Арсен Аваков
w:1970-04-18:saprikin,Євген Саприкін
w:1970-08-01:shevchuk,Віталій Шевчук
tm:9775,Олександр Шовковський
w:1971-10-13:shemetev,Олександр Шеметєв
w:1964-03-28:bonetski,Сергій Бонецький
w:1960-02-21:valenko,Едуард Валенко
w:1959-03-10:petrov,Олександр Петров
w:1972-05-11:haiduk,Олександр Гайдук
w:1976-03-21:demenko,Максим Деменко
w:1974-10-04:bulihinshramko,Сергій Булигін-Шрамко
w:1968-05-24:homin,Андрій Хомин
w:1967-10-01:chihradze,Георгій Чіхрадзе
w:1973-11-01:hnativ,Роман Гнатів
w:1962-06-05:smotrich,Юрій Смотрич
w:1963-11-05:romanov,Юрій Романов
w:1965-01-31:hula,Олег Гула
w:1976-01-26:voskoboinik,Олександр Воскобойник
w:1964-04-15:brundjadze,Ніязі Брунджадзе
w:1969-06-08:shuliatitski,Андрій Шулятицький
w:1966-07-17:derevinski,Олег Деревінський
w:1967-07-14:kornets,Ігор Корнієць
w:1975-02-03:zakotiuk,Микола Закотюк
w:1956-10-20:hamali,Іван Гамалій
w:1970-03-07:vetrov,Олег Вєтров
w:1970-03-05:tutichenko,Дмитро Тутиченко
w:1960-03-25:afsarohli,Ельхан Расулов
w:1970-08-13:tupchenko,Костянтин Тупчиєнко
w:1974-04-06:mihailiv,Євгеній Михайлів
w:1973-11-11:kundenok,Олександр Кундєнок
w:1961-06-29:homonov,Сергій Гомонов
w:1969-11-01:djishkariani,Михайло Джишкаріані
w:1973-08-14:prihodko,Геннадій Приходько
w:1973-12-22:kovalenko,Сергій Коваленко
w:1960-02-23:nakonechni,Ігор Наконечний
w:1970-02-08:horshkov,Олександр Горшков
w:1971-12-19:iakovenko,Юрій Яковенко
w:1966-03-11:kolokolov,Руслан Колоколов
w:1970-07-05:rati,Олег Ратій
w:1966-03-05:chervoni,Віктор Червоний
w:1972-02-09:nikonchuk,Валентин Никончук
w:1976-09-03:kotiuk,Андрій Котюк
w:1967-01-17:harkivschenko,Ігор Харківщенко
w:1961-09-14:bilous,Дмитро Білоус
w:1971-07-14:mehanoshin,Олександр Механошин
w:1971-09-05:nahorniak,Сергій Нагорняк
w:1969-10-05:kersteniuk,Олег Керстенюк
w:1970-06-02:chorni,Сергій Чорний
w:1971-01-20:solovenko,Юрій Солов'єнко
w:1972-08-15:martsun,Олександр Марцун
w:1961-07-29:tarasenko,Віталій Тарасенко
w:1965-09-27:jorjoliani,Гоча Жоржоліані
w:1966-01-02:timoschuk,Ігор Тімощук
w:1974-02-13:malevanov,Олександр Малєванов
w:1964-01-28:hridiushko,Олександр Гридюшко
w:1972-06-27:jenilenko,В'ячеслав Жениленко
w:1975-01-31:muhin,Андрій Мухін
w:1973-07-24:skidan,Геннадій Скідан
w:1963-01-25:petrik,Олександр Петрик
w:1972-01-14:bondarenko,Юрій Бондаренко
w:1975-12-13:anosov,Микола Аносов
w:1970-01-01:hlan,Володимир Хлань
w:1959-05-20:haidarji,Леонід Гайдаржи
w:1964-03-26:novoseltsev,Юрій Новосельцев
w:1968-06-21:kuznetsov,Ігор Кузнецов
w:1974-03-20:avramenko,Володимир Авраменко
w:1970-02-07:herasimets,Володимир Герасимець
w:1972-09-07:dichko,Володимир Дичко
w:1968-04-25:ovcharenko,Юрій Овчаренко
w:1969-01-23:nikiforov,Андрій Никифоров
w:1969-08-04:kozub,Ігор Козуб
w:1965-10-11:horili,Володимир Горілий
w:1971-05-04:scherbina,Ігор Щербина
w:1970-04-08:fihun,Іван Фігун
w:1968-09-07:zinich,Володимир Зінич
w:1968-12-10:kazmirchuk,Олег Казьмирчук
w:1975-12-10:dotsenko,Віктор Доценко
w:1973-01-05:ashurbekov,Ерік Ашурбеков
w:1969-07-08:steblovski,Андрій Стебловський
w:1968-05-03:visochanski,Ігор Височанський
w:1973-12-24:pinchuk,Костянтин Пінчук
w:1971-08-11:hvoia,Олег Хвоя
w:1968-10-29:borisenko,Анатолій Борисенко
w:1974-06-12:amilehin,Сергій Амілехін
w:1974-09-14:vozniuk,Сергій Вознюк
w:1975-08-12:potshveria,Михайло Поцхверія
w:1973-08-06:bezuhli,Юрій Безуглий
w:1971-05-23:taran,Ігор Таран
tm:85949,Ігор Шуховцев
w:1974-06-18:ustimenko,Максим Устименко
w:1974-09-06:sultanov,Ельман Султанов
w:1972-04-01:ostroushko,В'ячеслав Остроушко
w:1972-08-28:holubka,Петро Голубка
w:1976-04-06:martinov,Володимир Мартинов
w:1974-10-22:iakimenko,Олексій Якименко
w:1970-11-25:zaiarni,Володимир Заярний
w:1963-11-27:iarmolich,Сергій Ярмолич
w:1970-12-13:burlaka,Сергій Бурлака
w:1961-01-15:suslo,Віктор Сусло
w:1972-06-30:reshetnik,Павло Решетник
w:1974-03-28:nikitenko,Юрій Нікітенко
w:1971-02-04:huralik,Володимир Гуралик
w:1973-02-19:shaporenko,Руслан Шапоренко
w:1975-03-31:kuznetsov,Віктор Кузнецов
w:1972-11-13:sinitsin,Андрій Сініцин
w:1972-04-12:malik,Віталій Малик
w:1974-06-01:zaiats,Вадим Заяць
w:1976-02-20:zadorojni,Сергій Задорожний
w:1960-01-07:kondratev,Георгій Кондратьєв
w:1965-03-06:kovtun,Віталій Ковтун
tm:24054,Олег Шелаєв
w:1968-12-23:keniz,Михайло Кенийз
w:1971-06-22:maiboroda,Сергій Майборода
w:1970-01-14:poluliah,В'ячеслав Полулях
w:1968-10-29:hachatrian,Вардан Хачатрян
w:1970-06-12:burlaka,Сергій Бурлака
w:1961-01-08:kuznetsov,Віктор Кузнецов
w:1976-10-06:kundenok,Геннадій Кундєнок
w:1968-02-08:biliai,Анатолій Біляй
w:1976-08-22:hamal,Сергій Гамаль
w:1976-08-17:zakarliuka,Сергій Закарлюка
w:1975-12-22:petrov,Андрій Петров
w:1975-04-03:maltsev,Владислав Мальцев
w:1977-09-04:perhun,Сергій Перхун
w:1972-04-29:nemodruk,Євген Немодрук
w:1965-01-28:poliakov,Віталій Поляков
tm:42631,Олександр Горяінов
w:1974-03-18:hluschenko,Андрій Глущенко
w:1973-10-27:michuda,Сергій Мічуда
w:1976-01-24:holovir,Олег Головір
w:1975-11-02:osipov,Олексій Осіпов
w:1959-01-05:smolianinov,Олег Смолянинов
w:1973-10-20:mansurov,Раміс Мансуров
w:1972-02-17:rohojkin,Олександр Рогожкін
w:1971-11-22:kovalov,Сергій Ковальов
w:1971-01-13:pindev,Олександр Піндєєв
w:1971-05-14:moshevich,Ігор Мошевич
w:1960-07-16:havrilov,Володимир Гаврилов
w:1975-05-09:savenchuk,Олександр Савенчук
w:1967-01-27:daniliv,Юрій Данилів
w:1974-04-27:filipenko,Павло Филипенко
w:1972-04-05:halev,Гліб Галєєв
w:1961-01-15:morozov,Сергій Морозов
w:1974-01-10:romanenko,Олександр Романенко
w:1970-04-18:shvets,Орест Швець
w:1977-08-03:omelianovich,Сергій Омельянович
w:1969-09-04:chaika,Андрій Чайка
w:1974-07-13:unhurian,Андрій Унгурян
w:1971-06-30:chachkin,Андрій Чачкін
w:1975-09-27:borisiuk,Андрій Борисюк
w:1975-02-20:zadov,Михайло Задов
w:1972-05-20:korobov,Сергій Коробов
w:1971-01-04:suchko,Владислав Сучко
w:1960-06-12:kvasnikov,Сергій Квасніков
w:1965-10-30:chaika,Олег Чайка
w:1970-12-21:komziuk,Ярослав Комзюк
w:1975-06-18:smirnov,Денис Смірнов
w:1974-08-18:sumtsov,Олег Сумцов
w:1962-02-11:rudi,Віктор Рудий
w:1962-08-30:evsev,Василь Євсєєв
w:1975-02-18:fedorov,Сергій Федоров
w:1971-06-09:palamarchuk,Олександр Паламарчук
w:1960-07-19:sich,Олег Сич
w:1974-11-21:kirlik,Андрій Кірлік
w:1975-02-17:seleznov,Сергій Селезньов
w:1973-02-08:fadeichev,Андрій Фадеічев
w:1976-10-21:chernov,Андрій Чернов
w:1968-10-20:mojovi,Олександр Мозговий
w:1977-09-02:marich,Роман Марич
w:1977-01-28:artiuhov,Федір Артюхов
w:1970-02-25:bojenko,Вадим Боженко
w:1964-11-07:koliada,Ігор Коляда
w:1965-09-16:arakelian,Самвел Аракелян
w:1972-12-12:ohorodnik,Олександр Огороднік
w:1974-11-11:pavlovich,Віктор Павлович
w:1971-01-21:sivahin,Олександр Сівагін
w:1972-03-23:avdev,Олександр Авдєєв
w:1975-06-12:shutov,Олександр Шутов
w:1976-05-06:pedorenko,Дмитро Педоренко
w:1966-10-19:krivchenko,Юрій Кривченко
w:1974-06-01:dranitski,Сергій Драницький
w:1975-10-16:kitsak,Віталій Кіцак
w:1972-04-09:somik,Михайло Сомик
w:1977-01-01:lamtiuhin,Сергій Ламтюгін
w:1977-08-03:nazarov,Дмитро Назаров
w:1969-02-16:hudiakov,Юрій Худяков
w:1964-10-07:akbarov,Едуард Акбаров
w:1979-10-11:brovchenko,Віктор Бровченко
w:1970-04-05:savenko,Олександр Савенко
w:1972-04-15:tarasenko,Юрій Тарасенко
w:1977-01-08:shpak,Олексій Шпак
w:1973-01-16:zarutski,Олег Заруцький
w:1972-08-05:lesik,Микола Лесік
w:1961-09-30:bratchikov,Ігор Братчиков
w:1976-06-27:mihalatiuk,Ігор Мігалатюк
w:1976-09-19:vereschaka,Андрій Верещака
w:1974-10-03:hrischenko,Андрій Грищенко
w:1972-06-26:pahomov,Костянтин Пахомов
w:1973-09-09:savchenko,Володимир Савченко
w:1966-05-15:lutkov,Олег Лутков
w:1958-01-27:kriachko,Валентин Крячко
w:1974-01-31:cherepenkin,Микола Черепенькин
w:1963-12-17:tsiba,Володимир Циба
w:1960-04-29:baranov,Олександр Баранов
w:1975-05-10:iakovenko,Сергій Яковенко
w:1960-04-05:tarasov,Юрій Тарасов
w:1964-01-30:petrov,Ігор Петров
w:1960-09-05:iurchenko,Ігор Юрченко
w:1975-02-10:dmitrulin,Юрій Дмитрулін
w:1971-08-23:hrebeniuk,Тарас Гребенюк
w:1975-02-23:zotov,Олександр Зотов
w:1973-03-11:musolitin,Володимир Мусолітін
w:1975-04-18:poltavets,Валентин Полтавець
w:1968-05-05:kalitvintsev,Юрій Калитвинцев
w:1970-08-05:solodki,Вадим Солодкий
w:1970-11-20:rusak,Петро Русак
w:1973-06-10:kolesnichenko,Віталій Колесніченко
w:1975-12-18:seleznov,Юрій Селезньов
w:1970-04-03:nemeshkalo,Владислав Немешкало
w:1971-10-21:prohorenkov,Олексій Прохоренков
w:1968-01-12:androsov,Андрій Андросов
w:1962-08-24:suharev,Сергій Сухарев
w:1968-04-09:lipinski,Микола Липинський
w:1974-03-14:vanin,Володимир Ванін
w:1972-07-28:ripan,Олег Рипан
w:1976-09-04:makovei,Ігор Маковей
w:1973-05-24:kalian,Сергій Кальян
w:1971-03-14:pletnov,Андрій Плетньов
w:1977-10-13:kolchin,Денис Колчін
w:1976-01-28:holokolosov,Олександр Голоколосов
w:1975-01-01:lipski,Олег Липський
w:1973-10-13:starostiak,Михайло Старостяк
w:1966-03-31:iurchenko,Микола Юрченко
w:1972-10-29:ponomarenko,Володимир Пономаренко
w:1974-08-10:baranovski,Сергій Барановський
w:1963-05-25:vatamaniuk,Ярослав Ватаманюк
w:1972-10-08:rusanovski,Роман Русановський
w:1973-02-21:kovalchuk,Тарас Ковальчук
w:1970-02-14:shkolnikov,Ян Школьніков
w:1971-08-26:korol,Ігор Король
w:1971-04-02:laktionov,Олександр Лактіонов
w:1972-09-29:buhai,Сергій Бугай
w:1975-01-06:spivak,Олександр Співак
w:1969-07-11:tarahti,Андрій Тарахтій
w:1972-03-10:chorniavski,Олександр Чорнявський
w:1974-08-30:tischenko,Максим Тищенко
w:1971-05-02:siletski,Сергій Сілецький
w:1966-02-13:sorokin,Вадим Сорокін
w:1976-09-29:shevchenko,Андрій Шевченко
w:1977-09-12:zubov,Геннадій Зубов
w:1962-08-20:huihanov,Олександр Гуйганов
w:1971-07-05:kabachenko,Олександр Кабаченко
w:1970-12-28:travin,Дмитро Травін
w:1968-11-02:holovati,Володимир Головатий
w:1968-09-20:kochvar,Сергій Кочвар
w:1972-09-20:lomakin,Валерій Ломакін
w:1974-09-30:riabtsev,Олексій Рябцев
w:1970-04-15:matrosov,Олександр Матросов
w:1974-02-12:shevirov,Валерій Шевирьов
w:1974-02-20:hora,В'ячеслав Гора
w:1962-05-25:turianski,Сергій Турянський
w:1970-12-22:babuadze,Георгій Бабуадзе
w:1974-02-02:hadelia,Теймураз Гаделія
w:1970-11-15:kovtun,Михайло Ковтун
w:1963-01-06:kondratenko,Андрій Кондратенко
w:1968-11-26:borovski,Сергій Боровський
w:1975-04-24:bohatir,Іван Богатир
w:1969-04-14:djuheli,Іван Джугелі
w:1971-01-08:dmitrev,Євген Дмитрієв
w:1967-02-22:shubin,Сергій Шубін
w:1973-07-17:sali,Володимир Салій
w:1971-11-19:pavlik,Ігор Павлик
w:1969-06-22:kavteladze,Анзор Кавтеладзе
w:1976-12-29:mikuliak,Олександр Микуляк
w:1962-11-29:dovhalets,Олександр Довгалець
w:1978-01-22:demidiak,Василь Демидяк
w:1972-05-05:kapustnikov,Олег Капустніков
w:1969-06-03:evhlevski,Сергій Євглевський
w:1965-03-22:hrihorchuk,Роман Григорчук
w:1972-02-04:kovalov,Сергій Ковальов
w:1962-04-17:puchkov,Сергій Пучков
w:1975-12-25:bezubko,Євген Беззубко
w:1960-12-08:zaiats,Ярослав Заяць
w:1969-09-26:sosenko,Костянтин Сосенко
w:1972-05-04:husak,Богдан Гусак
w:1971-02-07:zavaliak,Ігор Заваляк
w:1970-12-13:visokos,Валерій Високос
w:1960-01-29:iakubovski,Ігор Якубовський
w:1973-04-04:petrunia,Сергій Петруня
w:1973-02-05:chunihin,Аркадій Чуніхін
w:1970-06-03:ostashov,Олександр Осташов
w:1964-09-08:isaev,Олександр Ісаєв
w:1967-09-24:shevchenko,Микола Шевченко
w:1960-09-15:cherednik,Олексій Чередник
w:1976-01-22:chaladze,Дато Чаладзе
w:1977-11-14:bilokin,Сергій Білокінь
w:1973-06-24:tsihmeistruk,Едуард Цихмейструк
w:1963-10-14:melnichuk,Ігор Мельничук
w:1965-01-29:chernishov,Сергій Чернишов
w:1970-01-09:redushko,Анатолій Редушко
w:1966-11-23:hromei,Віталій Хромей
w:1971-02-21:chmeruk,Сергій Чмерук
w:1968-01-14:andreas,Андреас Зассен
w:1970-12-16:andreiko,Роман Андрейко
w:1970-08-02:burimenko,Сергій Бурименко
w:1966-08-05:huschin,Олександр Гущин
w:1976-08-22:liashenko,Олег Ляшенко
w:1974-11-27:mamuka,Мамука Русія
w:1970-10-07:korenev,Дмитро Корєнєв
w:1976-04-04:domushkin,Сергій Дьомушкін
w:1977-09-01:dranov,Сергій Дранов
w:1971-08-15:hela,Гела Квітатіані
w:1975-05-05:hitia,Валерій Гитя
w:1972-03-03:sobeschakov,Сергій Собещаков
w:1975-12-31:aladashvili,Кахабер Аладашвілі
w:1956-09-17:hrachov,Віктор Грачов
w:1974-10-23:kotik,Олександр Котік
w:1968-08-02:katerusha,Юрій Катеруша
w:1976-10-08:derenov,Сергій Деренов
w:1965-03-18:juravlenko,Олександр Журавленко
w:1972-03-17:bohach,Володимир Богач
w:1968-03-14:kulev,Вагіф Кулієв
w:1971-01-21:bojenko,Вадим Боженко
w:1975-03-09:kosenko,Олексій Косенко
w:1968-10-25:chuichenko,Сергій Чуйченко
w:1975-11-25:kravchenko,Андрій Кравченко
w:1971-09-09:saharov,Костянтин Сахаров
w:1968-11-12:tanasiuk,Сергій Танасюк
w:1977-09-02:kuptsov,Олексій Купцов
w:1963-08-22:spitsin,Олександр Спіцин
w:1972-04-04:hvadahiani,Вахтанг Хвадагіані
w:1963-08-30:kuznetsov,Микола Кузнєцов
w:1974-08-03:rehviashvili,Александр Рехвіашвілі
w:1970-09-07:cholokava,Володимир Чолокава
w:1966-12-24:tkachov,Борис Ткачов
w:1960-04-02:prichinenko,Володимир Причиненко
w:1970-11-03:hopei,Олег Гопей
w:1974-02-01:lutsenko,Тарас Луценко
w:1972-04-08:zapishni,Андрій Запишний
w:1977-10-26:iaschuk,Олег Ящук
w:1970-03-03:machohan,Ігор Мачоган
w:1972-02-27:lastivka,Юрій Ластівка
w:1965-04-12:skala,Юрій Скала
w:1977-07-20:kariaka,Дмитро Каряка
w:1971-10-14:dimitrishvili,Темурі Дімітрішвілі
w:1971-01-30:surelo,Сергій Сурело
w:1964-10-04:merab,Мераб Тевзадзе
w:1974-01-23:semchuk,Дмитро Семчук
w:1973-02-02:babichuk,Сергій Бабійчук
w:1970-05-02:iarkov,Сергій Ярков
w:1970-05-06:sinkov,Юрій Синьков
w:1975-10-05:shahov,Альберт Шахов
w:1963-06-20:tsimbal,Сергій Цимбал
w:1975-07-25:vinokurov,Вадим Деонас
w:1977-02-01:sizon,Олег Сизон
w:1976-02-23:kuznetsov,Олексій Кузнецов
w:1974-11-15:skripka,Володимир Скрипка
w:1972-04-24:karetnik,Володимир Каретник
w:1977-10-10:karaianov,Віталій Караянов
w:1974-12-23:pertia,Ромаз Пертія
w:1974-04-24:honcharenko,Сергій Гончаренко
w:1970-04-21:melashenko,Юрій Мелашенко
w:1975-08-05:parshin,Павло Паршин
w:1975-05-04:lisakovski,Андрій Лисаковський
w:1975-08-19:sharabura,Сергій Шарабура
w:1973-01-06:matiuhin,Віталій Матюхін
w:1969-01-01:zaev,Роман Заєв
w:1970-01-23:kulakovski,Сергій Кулаковський
w:1975-11-28:nerovni,Сергій Неровний
w:1971-08-20:shikir,Олег Шикир
w:1969-04-25:kostikov,Олег Костіков
w:1978-07-24:malimon,Іван Малімон
w:1974-08-03:chistiakov,Олексій Чистяков
w:1959-01-20:prohorov,Юрій Прохоров
w:1972-10-15:zeleniuk,Ігор Зеленюк
w:1974-01-06:hamtsemlidze,Паата Гамцемлідзе
w:1967-04-11:matvichuk,Сергій Матвійчук
w:1973-02-25:iaschuk,Олег Ящук
w:1970-11-10:boiar,Руслан Бояр
w:1967-02-04:miliukin,Ігор Мілюкін
w:1968-02-09:soshko,Володимир Сошко
w:1972-06-11:hatilov,Юрій Гатилов
w:1978-09-13:besarab,Олександр Бессараб
w:1975-06-19:bilak,Іван Білак
w:1974-07-18:petrov,Юрій Петров
w:1975-02-10:vasilev,Вадим Васильєв
w:1976-03-17:chuchkevich,Віктор Чучкевич
w:1974-08-24:alsauhi,Насер Аль-Саухі
w:1962-04-01:horbenko,Юрій Горбенко
w:1974-03-11:menshikov,Андрій Меньшиков
w:1979-08-03:hapon,Володимир Гапон
w:1967-02-14:seleznov,Олег Селезньов
w:1975-08-26:burdin,Олександр Бурдін
w:1978-03-07:hrischenko,Олексій Грищенко
w:1979-07-02:kovrijkin,Сергій Коврижкін
w:1977-11-01:mitrofanov,Олександр Митрофанов
w:1977-10-29:smirnov,Андрій Смірнов
w:1978-06-08:sokolenko,Андрій Соколенко
w:1977-00-00:evhen,Євген Сєріков
w:1976-03-20:bondar,Олексій Бондар
w:1974-10-01:holovan,Олег Головань
w:1977-00-00:maiorenko,Вадим Майоренко
w:1977-09-10:marchenko,Сергій Марченко
w:1976-09-01:badlo,Сергій Бадло
w:1973-04-29:hluschenko,Анатолій Глущенко
w:1975-01-28:vorobei,Родіон Воробей
w:1976-11-04:masuliak,Андрій Масуляк
w:1969-02-18:sadovi,Сергій Садовий
w:1972-09-22:taranov,Владислав Таранов
w:1973-06-03:vasiliv,Зіновій Василів
w:1975-08-28:maherovich,Сергій Магерович
w:1973-11-04:ohrimchuk,Сергій Охрімчук
w:1969-02-18:paios,Андрій Пайос
w:1977-10-27:fedoruk,Олег Федорук
w:1972-06-15:balatski,Анатолій Балацький
w:1969-05-28:pritula,Андрій Притула
w:1976-09-07:halstian,Овік Галстян
w:1975-04-05:shubin,Олексій Шубін
w:1972-07-12:ledovskih,Костянтин Лєдовських
w:1970-05-03:kres,Володимир Кресс
w:1970-10-27:holovan,Валерій Головань
w:1969-12-22:hmel,Роман Хмель
w:1974-02-27:hudima,Руслан Гудима
w:1974-01-08:leliuk,Дмитро Лелюк
w:1974-07-19:maksimich,Сергій Максимич
w:1974-12-26:tischenko,Станіслав Тищенко
w:1977-11-20:zentsov,Денис Зенцов
w:1977-02-03:berehulia,Андрій Берегуля
w:1967-05-11:nikolaenko,Леонід Ніколаєнко
w:1976-04-27:stepanov,Віталій Степанов
w:1973-03-01:barkalov,Сергій Баркалов
w:1969-12-09:liubimov,Олександр Любимов
w:1970-06-23:kolesnikov,Ігор Колесников
w:1974-01-24:sirik,Анатолій Сірик
w:1976-01-22:ukrainets,Ігор Українець
w:1972-03-13:volosianko,Микола Волосянко
tm:9779,Віталій Рева
w:1973-07-21:emerson,Емерсон
w:1971-02-25:revut,Сергій Ревут
w:1978-06-13:kripak,Яків Кріпак
w:1974-04-17:borisenko,Сергій Борисенко
w:1970-07-08:borovski,Станіслав Боровський
w:1974-08-05:pestriakov,Олег Пестряков
w:1975-02-17:lavrinenko,Сергій Лавриненко
w:1973-01-08:vasilkiv,Руслан Васильків
w:1972-01-18:mizenko,Олександр Мизенко
w:1970-10-28:liubinski,Олександр Любинський
w:1975-05-14:matsihura,Володимир Мацігура
w:1967-08-15:kozakov,Станіслав Козаков
w:1972-08-07:ulianitski,Віктор Ульяницький
w:1975-09-14:kostiuk,Ігор Костюк
w:1963-09-11:litovchenko,Геннадій Литовченко
w:1963-03-22:kuznetsov,Олег Кузнєцов
w:1962-11-12:savka,Михайло Савка
w:1971-06-27:muraviov,Олег Муравйов
w:1975-05-06:babich,Костянтин Бабич
w:1977-08-05:holovko,Андрій Головко
w:1969-03-05:hrachov,Олексій Грачов
w:1965-06-05:martinov,Юрій Мартинов
w:1975-08-09:kozakevich,Олександр Козакевич
w:1977-03-15:zubchenko,Андрій Зубченко
w:1972-08-24:baziliak,Олександр Базиляк
w:1977-11-01:ilchenko,Сергій Ільченко
w:1968-09-24:mihailenko,Олександр Михайленко
w:1967-01-01:piskun,Едуард Піскун
w:1975-01-02:kovalenko,Костянтин Коваленко
w:1968-03-10:matviv,Степан Матвіїв
w:1969-09-24:zaporojchenko,В'ячеслав Запорожченко
w:1977-02-04:iaksmanitski,Володимир Яксманицький
w:1974-06-14:maksimiuk,Роман Максимюк
w:1976-01-27:doniushkin,Юрій Донюшкін
w:1977-05-14:shapovalov,Олексій Шаповалов
w:1973-01-28:tarabrin,Олександр Тарабрін
w:1965-04-25:krivenko,Олег Кривенко
w:1977-11-14:olinik,Олексій Олійник
w:1978-04-01:kariaka,Андрій Каряка
w:1974-08-03:efimenko,В'ячеслав Єфіменко
w:1975-09-22:derik,Олександр Дерік
w:1964-05-04:bilozerski,Олександр Білозерський
w:1964-04-01:hredil,Степан Греділь
w:1979-03-30:timoschuk,Анатолій Тимощук
w:1972-09-18:bohdanov,Юрій Богданов
w:1971-05-13:portnov,Ігор Портнов
w:1974-08-22:efremov,Ігор Єфремов
w:1976-03-24:vetrenikov,Сергій Ветренніков
w:1975-03-31:balanchuk,Сергій Баланчук
w:1978-04-12:kolodin,Дмитро Колодін
w:1970-05-13:polischuk,Костянтин Поліщук
w:1974-02-13:tofan,Василь Тофан
w:1968-10-01:kovalenko,Валерій Коваленко
w:1966-03-28:salo,Ігор Сало
w:1969-07-12:matvichenko,Павло Матвійченко
w:1967-03-25:sandul,Олег Сандул
w:1961-09-18:dunai,Віталій Дунай
tm:34771,Олександр Косирін
w:1975-09-25:boharada,Дмитро Богарада
w:1976-03-25:kian,Володимир Кіян
w:1971-04-25:blajaev,Павло Блажаєв
w:1960-09-25:belanov,Ігор Бєланов
w:1972-01-14:pronin,Сергій Пронін
w:1978-06-15:shopin,Ігор Шопін
w:1974-10-11:zablotski,Сергій Заблоцький
w:1968-09-01:stahiv,Ігор Стахів
w:1974-12-15:ushtan,Володимир Уштан
w:1971-04-29:malihin,Юрій Малигін
w:1976-08-21:baranov,Євгеній Баранов
w:1970-05-05:eschenko,Олександр Єщенко
w:1974-02-17:homa,Ярослав Хома
w:1973-12-10:iatsurak,Василь Яцурак
w:1973-06-25:hriner,Андрій Грінер
w:1971-08-03:panin,Вадим Панін
w:1978-09-03:starovik,Віталій Старовик
w:1979-11-27:malihin,Олександр Малигін
w:1976-04-01:kurilenko,Віктор Куриленко
w:1975-10-12:teodorovich,Артур Теодорович
w:1978-08-01:nesteruk,Андрій Нестерук
w:1971-08-22:suvorov,В'ячеслав Суворов
w:1969-10-12:mafumba,Мфілю Мафумба
w:1975-02-25:zbarah,Микола Збарах
w:1976-07-18:polivoda,Андрій Полівода
w:1974-02-04:hairov,Самір Хаіров
w:1965-07-23:taran,Вадим Таран
w:1979-12-23:shakun,Сергій Шакун
w:1978-08-06:veretinski,Олег Веретинський
w:1974-04-14:kopetski,Дмитро Копецький
w:1974-06-16:sonin,Євген Сонін
w:1977-01-15:platonov,Валентин Платонов
w:1969-05-22:kazmin,Олег Казьмін
w:1978-06-20:apian,Артур Апіян
w:1977-11-08:larin,Володимир Ларін
w:1971-03-21:stashko,Сергій Сташко
w:1972-01-14:bilousov,Андрій Білоусов
w:1970-05-07:chernikov,Геннадій Черніков
w:1975-11-21:hurka,Михайло Гурка
w:1972-06-13:danilko,Роман Данилко
w:1961-11-02:hrishko,Віктор Гришко
w:1976-03-13:chaplihin,Сергій Чаплигін
w:1964-10-01:azovski,Іван Азовський
tm:59266,Ілля Галюза
w:1967-08-15:zenin,Юрій Зенін
w:1971-12-16:rubanchuk,Валерій Рубанчук
w:1971-09-08:meleshko,Роман Мелешко
w:1975-06-23:zahoruiko,Сергій Загоруйко
w:1978-11-26:maschenko,Дмитро Мащенко
w:1969-04-03:skorik,Павло Скорик
w:1977-08-27:batsmanov,Олександр Бацманов
w:1979-10-20:baranov,Василь Баранов
w:1972-08-25:marashov,Олександр Марашов
w:1974-08-07:bairashevski,Роман Байрашевський
w:1973-09-07:perehrim,Дмитро Перегрім
w:1974-10-01:kiriuhin,Олександр Кірюхін
w:1970-05-21:chaika,Віталій Чайка
w:1974-02-01:kito,Станіслав Кітто
w:1966-07-19:kislov,Ігор Кислов
w:1973-10-19:hatskevich,Олександр Хацкевич
w:1975-01-22:poklonski,Олександр Поклонський
w:1972-05-09:kobzar,Віталій Кобзар
w:1957-11-24:shari,Іван Шарій
w:1963-01-03:mhlinets,Віктор Мглинець
w:1973-02-20:holovko,Олександр Головко
w:1973-01-27:bialkevich,Валентин Бялькевич
w:1975-02-07:datsishin,Віталій Дацишин
w:1970-09-22:omelchuk,Олександр Омельчук
w:1974-04-25:beno,Юрій Беньо
w:1968-06-09:kilasonia,Георгій Кіласонія
w:1974-06-18:mishenin,Олег Мішенін
w:1968-09-18:donchev,Велін Кефалов
w:1974-07-28:schekotilin,Геннадій Щекотилін
w:1976-03-24:kovalenko,Олександр Коваленко
w:1972-09-21:shevchenko,Олександр Шевченко
w:1967-06-25:pohorelov,Валерій Погорєлов
w:1977-01-08:kostishin,Руслан Костишин
w:1976-10-26:chumachenko,Ігор Чумаченко
w:1976-06-16:rimshin,Євген Римшин
w:1978-04-01:lisovi,Валерій Лісовий
w:1974-10-29:polischuk,Володимир Поліщук
w:1971-05-07:krivoruchko,Олександр Криворучко
w:1970-06-07:kut,Віталій Куть
w:1975-03-01:samoilov,Віталій Самойлов
w:1962-03-19:iaremchuk,Іван Яремчук
w:1971-10-09:karas,Ігор Карась
w:1974-11-29:venhlinski,Олександр Венглінський
w:1967-08-13:kilasonia,Варлам Кіласонія
w:1975-01-23:hrechani,Василь Гречаний
w:1972-10-27:iaremko,Володимир Яремко
w:1973-01-18:kuchirka,Роман Кучирка
w:1974-06-02:mostovi,Руслан Мостовий
w:1978-10-25:shpak,Андрій Шпак
w:1977-07-08:timchishin,Олег Тимчишин
w:1970-03-05:shushura,Юрій Шушура
w:1975-03-21:nesterchuk,Павло Нестерчук
w:1976-12-08:poliakov,Борис Поляков
w:1973-03-22:vus,Вадим Вус
w:1977-06-23:pershin,Олександр Першин
w:1977-10-27:ostapenko,Олег Остапенко
w:1975-04-16:kondratiuk,Віталій Кондратюк
w:1977-06-17:matkevich,Анатолій Маткевич
w:1973-06-24:aharin,Олександр Агарін
w:1975-10-30:maltsev,Олександр Мальцев
w:1976-04-18:homenko,Ігор Хоменко
w:1979-10-06:slabishev,Юрій Слабишев
w:1974-09-26:hritsai,Олег Грицай
w:1976-01-26:chali,Володимир Чалий
w:1978-11-11:shevchuk,Юрій Шевчук
w:1977-08-08:budhusaim,Сергій Буд-Гусаім
w:1978-11-08:simonov,Олександр Симонов
w:1978-08-31:bohorodichenko,Сергій Богородіченко
w:1970-03-09:oberemchenko,Ігор Оберемченко
w:1971-09-11:panasiuk,Костянтин Панасюк
w:1976-08-27:shapovalov,Валерій Шаповалов
w:1980-01-15:akopian,Армен Акопян
w:1976-11-29:shimanski,Сергій Шиманський
w:1978-01-03:sobko,Сергій Собко
w:1976-08-09:velichko,Сергій Величко
w:1978-07-30:poroshin,Андрій Порошин
w:1963-12-07:samara,Олександр Самара
w:1973-12-29:holemba,Роман Големба
w:1979-02-22:litovchak,Роман Литовчак
w:1979-03-09:belikov,Віталій Бєліков
w:1976-06-04:kernozenko,В'ячеслав Кернозенко
w:1978-08-21:braila,Володимир Браіла
w:1974-11-13:fedorkiv,Михайло Федорків
w:1979-09-23:eliar,Ельшад Гусейнов
w:1976-03-11:hranovski,Олександр Грановський
w:1966-03-19:ovcharov,Юрій Овчаров
w:1975-09-09:fedirchik,Богдан Федірчик
w:1979-07-21:skoropad,Павло Скоропад
w:1976-02-14:hohil,Ігор Гогіль
w:1977-03-12:lihotvorik,Сергій Ліхотворік
w:1980-10-21:teliatnikov,Олексій Телятников
w:1965-01-10:morhun,Олег Моргун
w:1977-12-10:datsenko,Сергій Даценко
w:1973-02-06:bespalih,Сергій Беспалих
w:1962-04-20:liuti,Володимир Лютий
w:1978-03-21:horban,Андрій Горбань
w:1980-01-17:monarov,Роман Монарьов
w:1966-03-19:sobol,Юрій Соболь
tm:15067,Максим Калініченко
w:1976-10-06:humeniuk,Олександр Гуменюк
w:1969-09-01:haevik,Олег Гаєвик
w:1966-10-29:huzun,Олександр Гузун
w:1973-01-16:doroshenko,Ігор Дорошенко
w:1973-10-10:zuev,Андрій Зуєв
w:1968-02-29:shtihar,Павло Штихар
w:1973-03-05:fedoriv,Василь Федорів
w:1979-02-04:volovik,Руслан Воловик
w:1976-03-13:reshetniak,Сергій Решетняк
w:1976-08-20:demchenko,Андрій Демченко
w:1971-10-05:muzika,Олег Музика
w:1975-08-08:jarkov,Ярослав Жарков
w:1978-06-25:pedchenko,Олег Педченко
w:1978-03-07:leonidov,Юрій Леонідов
w:1976-05-16:levchenko,Олексій Левченко
w:1967-08-30:postovoi,Вадим Постовой
w:1974-02-27:rihard,Данило Ріхард
w:1971-07-29:hoshovski,Роман Гошовський
w:1976-10-03:matiash,Валерій Матяш
w:1978-03-30:pidvalni,Сергій Підвальний
w:1974-09-21:shvets,Сергій Швець
w:1971-11-23:levchuk,Юрій Левчук
w:1981-01-14:riumin,Дмитро Рюмін
w:1964-02-02:raiko,Сергій Райко
w:1975-02-28:maliuta,Василь Малюта
w:1974-09-27:oksimets,Андрій Оксимець
w:1976-07-19:radchenko,Олександр Радченко
w:1974-05-04:virt,Юрій Вірт
w:1976-01-03:simakov,Олег Сімаков
w:1970-02-17:herasimenko,Олексій Герасименко
w:1974-07-08:shtoltsers,Андрій Штолцерс
w:1978-02-27:kaladze,Каха Каладзе
tm:24006,Володимир Єзерський
w:1977-04-23:makovski,Володимир Маковський
w:1970-08-15:pervak,Віталій Первак
w:1968-04-06:hetsko,Іван Гецко
w:1967-09-27:sidelnikov,Андрій Сідельніков
w:1970-05-13:junenko,Сергій Жуненко
w:1978-05-06:rikun,Олександр Рикун
w:1972-12-04:lapa,Микола Лапа
w:1970-07-03:suharev,Олександр Сухарєв
w:1979-05-13:oleksenko,Олександр Олексієнко
w:1975-04-16:anischenko,Андрій Аніщенко
w:1976-01-04:spevak,Андрій Спєвак
w:1976-03-11:hristov,Іордан Петков
w:1969-01-27:dorohov,Олександр Дорохов
w:1975-04-06:alhali,Альхалі Соума
w:1976-01-16:anikev,Володимир Анікеєв
w:1975-04-29:budnik,Андрій Будник
w:1971-07-10:tutichenko,Дмитро Тутиченко
w:1976-07-10:nazimov,Олексій Назімов
w:1971-11-04:dail,Ібрям Даїл
w:1978-08-28:horodov,Олексій Городов
w:1978-08-22:balitski,Віталій Балицький
w:1962-02-09:beloshapka,Борис Белошапка
tm:14945,Андрій Воробєй
w:1972-10-13:turkin,Валерій Туркін
w:1975-07-25:olinik,Роман Олійник
w:1971-07-02:karmeliuk,Юрій Кармелюк
w:1980-10-08:chaidjoke,Даніель Нджоку
w:1971-12-01:stroenko,Андрій Строєнко
w:1973-03-23:baharev,В'ячеслав Бахарєв
w:1977-09-08:bulhakov,Олексій Булгаков
w:1975-02-28:lukianchikov,Анатолій Лук'янчиков
w:1973-06-06:porohnenko,Андрій Порохненко
w:1976-01-10:kravchenko,Віктор Кравченко
w:1972-06-20:kamnev,Костянтин Камнєв
w:1967-04-17:tsisar,Олександр Цисар
w:1975-09-03:mahmutov,Марат Махмутов
w:1973-08-10:shashkevich,Сергій Шашкевич
w:1979-02-10:tkachenko,Сергій Ткаченко
w:1972-01-11:iaskovich,Сергій Яскович
w:1978-03-21:venhlinski,Олег Венглінський
w:1974-10-11:kril,Ігор Кріль
w:1980-03-21:matiuhin,Сергій Матюхін
w:1973-02-24:podlesni,Микола Подлєсний
w:1977-09-15:voloshin,Микола Волошин
w:1973-03-30:putria,Герман Путря
w:1976-02-11:sobkovich,Олександр Собкович
w:1977-10-25:homenko,Сергій Хоменко
w:1974-05-15:kapinus,Віталій Капінус
w:1976-04-03:bohatirov,Сергій Богатирьов
w:1970-01-28:sushko,Геннадій Сушко
w:1981-05-06:matvev,Андрій Матвеєв
w:1971-09-05:tolkach,Олександр Толкач
w:1974-03-31:nivinski,В'ячеслав Нівінський
w:1971-01-27:hetman,Юрій Гетьман
w:1978-10-27:daraselia,Віталій Дараселія
w:1975-11-14:siharulidze,Автанділ Сіхарулідзе
w:1969-05-26:buthanov,Борис Бутханов
w:1970-03-24:vasiutik,Володимир Васютик
w:1977-09-13:klimenko,Андрій Клименко
w:1977-04-10:lunhu,Владіслав Лунгу
w:1978-12-13:melaschenko,Олександр Мелащенко
w:1975-08-16:hetman,Олексій Гетьман
w:1974-10-08:lopushinski,Андрій Лопушинський
w:1975-02-05:kondakov,Юрій Кондаков
w:1965-08-07:sechin,Сергій Сечін
w:1970-11-10:kovalkov,Леонід Ковальков
w:1977-04-02:koniushenko,Андрій Конюшенко
tm:25820,В'ячеслав Шевчук
w:1975-02-07:medvedev,Геннадій Медведєв
w:1980-01-05:voinarovski,Роман Войнаровський
w:1979-08-24:volkarachevski,Денис Волк-Карачевський
tm:24061,Сергій Валяєв
w:1972-05-15:dubina,Валентин Дубина
w:1980-02-21:mikula,Євген Микула
tm:15596,Богдан Шершун
w:1965-08-13:zeiberlinsh,Арманд Зейберліньш
w:1970-11-29:zinchenko,Володимир Зінченко
w:1962-05-15:popovich,Віктор Попович
w:1973-10-23:skomorohov,Андрій Скоморохов
w:1979-08-18:molokutsko,Степан Молокуцько
w:1974-09-24:novohatski,Василь Новохацький
w:1972-09-08:burkovski,Сергій Бурковський
w:1971-08-15:makovski,Леонід Маковський
w:1978-02-01:svisch,Роман Свищ
w:1971-03-04:kovalov,Альберт Ковальов
w:1972-01-29:chipa,Сергій Чіпа
w:1977-09-10:poliarush,Олег Поляруш
w:1970-03-25:svidchenko,Сергій Свідченко
w:1979-10-03:paholiuk,Роман Пахолюк
w:1979-03-22:kozlenko,Володимир Козленко
w:1980-12-14:martiniuk,Віталій Мартинюк
w:1973-08-28:shaheldian,Армен Шахгельдян
w:1979-02-28:nesmachni,Андрій Несмачний
w:1970-04-12:iadlos,Ігор Ядлось
w:1980-05-29:sinenko,Володимир Синенко
w:1976-09-01:lisenko,Сергій Лисенко
w:1980-04-12:andrenko,Денис Андрієнко
w:1975-05-30:bahirov,Едуард Багіров
w:1976-08-15:serohin,Андрій Серьогін
w:1978-08-15:pinenko,Олександр Піненко
w:1979-12-24:rachiba,Олексій Рачиба
w:1978-04-09:pinchuk,Денис Пінчук
w:1972-03-13:storojenko,Олег Стороженко
w:1978-06-23:evsiukov,Олександр Євсюков
w:1975-03-16:kovalchuk,Микола Ковальчук
w:1962-06-07:simakovich,Валентин Сімакович
w:1972-01-17:arabadji,Дмитро Арабаджи
w:1979-03-22:strashnenko,Сергій Страшненко
w:1971-11-19:kopistianski,Микола Копистянський
w:1980-08-14:orlov,Владислав Орлов
w:1972-06-29:stoianov,Едуард Стоянов
w:1975-03-19:dobrovinski,Олександр Добровинський
w:1974-09-16:homin,Микола Хомин
w:1981-01-20:andrets,Сергій Андрієць
w:1976-11-24:skvortsov,Анатолій Скворцов
w:1977-10-20:halihuzov,Руслан Галігузов
w:1977-02-22:shevchuk,Андрій Шевчук
w:1976-09-18:hordenko,Вадим Гордієнко
w:1972-12-15:lavrentsov,Олександр Лавренцов
w:1970-08-05:ivanenko,Віктор Іваненко
w:1976-09-01:serebrenikov,Сергій Серебренников
w:1978-08-10:kotov,Євген Котов
w:1971-09-05:atamanchuk,Орест Атаманчук
w:1974-01-23:kormiltsev,Сергій Кормильцев
w:1975-03-07:morhunov,Олексій Моргунов
w:1972-11-18:holdin,Вадим Гольдін
w:1975-09-11:kostiukov,Сергій Костюков
w:1976-10-12:baharev,Олексій Бахарєв
w:1976-11-12:maiorov,Владислав Майоров
w:1975-04-29:iashkin,Артем Яшкін
w:1978-11-02:kaidarashvili,Олександр Кайдарашвілі
w:1970-06-29:rudniak,Дмитро Рудняк
w:1979-01-01:kolesnik,Сергій Колесник
w:1967-05-01:vilchinski,Володимир Вільчинський
w:1979-03-26:sokolovski,Денис Соколовський
w:1977-09-15:sliusar,Валентин Слюсар
w:1977-01-20:lots,Віталій Лоц
w:1972-04-06:lukash,Олег Лукаш
w:1977-05-03:dainius,Дайнюс Глевецкас
w:1977-10-03:krivi,Сергій Кривий
w:1975-05-14:nujni,В'ячеслав Нужний
w:1979-09-06:kovba,Денис Ковба
w:1974-12-07:aleksev,Володимир Алексєєв
w:1971-08-02:jilin,Олег Жилін
w:1975-11-21:lutsishin,Михайло Луцишин
w:1978-08-02:esip,Богдан Єсип
w:1974-09-25:suhoruchenko,Сергій Сухорученко
w:1974-09-13:plahotin,Ігор Плахотін
w:1981-02-09:batrachenko,Олександр Батраченко
w:1968-01-18:moroz,Віктор Мороз
w:1980-09-19:iaskov,Юрій Яськов
w:1974-08-23:hvianidze,Автанділ Гвіанідзе
w:1974-11-02:polischuk,Сергій Поліщук
w:1970-06-12:mardas,Геннадій Мардас
tm:57971,Андрій Березовчук
w:1979-01-25:semochko,Дмитро Семочко
w:1978-09-16:shevchenko,Олег Шевченко
w:1973-05-09:iurchenko,Дмитро Юрченко
w:1967-01-24:losev,Геннадій Лосєв
w:1972-02-26:dhebuadze,Кахабер Дгебуадзе
w:1976-12-13:stratulat,Георгій Стратулат
w:1975-11-08:hramtsov,Олексій Храмцов
w:1979-08-09:danchenko,Юрій Данченко
w:1979-07-11:kosilov,Сергій Косілов
w:1975-10-05:hudjadze,Шалва Худжадзе
w:1977-03-29:iakushev,Артур Якушев
w:1973-02-16:zalizniak,Віталій Залізняк
w:1979-09-12:rijih,Сергій Рижих
w:1972-01-05:krohan,Вадим Крохан
w:1979-07-12:onisko,Павло Онисько
w:1971-04-05:sarkisov,Едуард Саркісов
w:1975-05-03:sachko,Василь Сачко
w:1979-02-15:babich,Олександр Бабич
w:1970-07-07:kukalevich,Сергій Кукалевич
w:1971-07-26:dobrovolski,Дмитро Добровольський
w:1978-07-18:davitnidze,Георгій Давітнідзе
w:1967-04-02:kostishin,Юрій Костишин
w:1975-08-21:sopkiv,Олександр Сопків
w:1975-12-14:stasiuk,Ігор Стасюк
w:1978-08-27:olinik,Віталій Олійник
w:1967-01-03:bahmetev,Ігор Бахметьєв
w:1978-10-25:cherniak,Сергій Черняк
w:1970-01-21:serikov,Володимир Сєріков
w:1976-06-22:ibrahimov,Ельдар Ібрагімов
w:1980-05-23:korol,Костянтин Король
w:1978-09-15:onischenko,Денис Онищенко
w:1976-07-12:shkurupi,Андрій Шкурупій
w:1975-02-13:vopliushkin,Ігор Воплюшкін
w:1978-05-10:kuratov,Олег Куратов
w:1975-04-18:kriulin,Станіслав Кріулін
w:1971-07-24:krijanivski,Володимир Крижанівський
w:1974-01-21:sidenko,Анатолій Сіденко
w:1977-07-27:mitin,Сергій Мітін
w:1979-06-19:fenin,Віталій Фенін
w:1979-09-12:vasin,Денис Васін
w:1971-06-04:diak,Віктор Д'як
w:1982-01-02:chornoivan,Олексій Чорноіван
w:1980-11-25:ivaschenko,Валерій Іващенко
w:1970-04-11:tarhonski,Олексій Таргонський
w:1978-09-27:kozlov,Сергій Козлов
w:1977-02-02:matvichuk,Олександр Матвійчук
w:1978-07-24:belikov,Сергій Бєліков
w:1982-04-08:mihailenko,Валерій Михайленко
w:1981-05-29:bili,Олександр Білий
w:1978-06-28:alahverdev,Ельдар Аллахвердієв
w:1979-01-16:vakar,Денис Вакар
w:1974-04-02:tkachov,В'ячеслав Ткачов
w:1978-06-25:akinin,Костянтин Акінін
w:1969-01-06:bereski,Олег Береський
w:1980-07-09:storojev,Сергій Сторожев
w:1982-01-21:burmistrov,В'ячеслав Бурмістров
w:1978-12-25:papazov,Іван Папазов
w:1977-01-09:potapov,Сергій Потапов
w:1977-06-10:bezdolni,Ігор Бездольний
w:1980-09-20:pisni,Андрій Пісний
w:1980-12-10:ivanov,Сергій Іванов
w:1980-08-24:zapoiaska,В'ячеслав Запояска
w:1980-01-12:borovski,Дмитро Боровський
w:1970-08-28:stahov,Ігор Стахов
w:1982-01-28:borodai,Олексій Бородай
w:1982-03-30:koltsov,Дмитро Кольцов
w:1983-01-16:rusol,Андрій Русол
w:1982-06-28:romanenko,Антон Романенко
w:1981-06-25:kapustin,Віктор Капустін
w:1976-03-18:kolomets,Анатолій Коломієць
w:1977-02-20:sautin,Артем Саутін
w:1978-10-09:novikov,Петро Новіков
w:1970-11-17:franko,Владислав Франко
w:1976-02-01:kruts,Олексій Круц
w:1980-10-31:pokatilov,Євген Покатилов
w:1974-04-02:zavhorodni,Владіслав Завгородній
w:1975-01-11:klimenko,Олександр Клименко
w:1970-08-12:marhoshia,Темурі Маргошія
w:1977-09-24:paleshev,Олександр Палешев
w:1977-07-12:mishko,Денис Мишко
w:1978-06-25:raspopov,Андрій Распопов
w:1971-02-16:jovjerenko,Андрій Жовжеренко
w:1973-06-06:tepchuk,Юрій Тепчук
tm:91540,Артем Штанько
tm:9798,Максим Шацьких
w:1976-09-26:demetradze,Георгій Деметрадзе
w:1977-09-28:maziar,Володимир Мазяр
w:1972-08-21:mamedov,Раміз Мамедов
tm:14927,Олексій Бєлік
w:1970-10-30:osadchi,Сергій Осадчий
w:1973-09-25:atso,Ацо Васілєвич
w:1975-12-07:harchenkojukovski,Вадим Харченко
w:1974-07-12:abramov,Віталій Абрамов
w:1967-04-27:pilipchuk,Роман Пилипчук
w:1969-03-12:shmarko,Олександр Шмарко
w:1971-12-02:mahdev,Юрій Магдієв
w:1979-01-12:andrius,Андрюс Йокшас
tm:60323,Антон Монахов
w:1976-09-17:artemenko,Сергій Артеменко
tm:24043,Сергій Назаренко
w:1967-09-30:kose,Володимир Коссе
w:1978-11-17:chomahidze,Шота Чомахідзе
w:1974-05-08:lemishko,Костянтин Лемішко
tm:58976,Максим Старцев
w:1980-04-08:hanitski,Даніїл Ганицький
w:1975-04-21:averin,Сергій Аверін
w:1977-01-16:tereschenko,В'ячеслав Терещенко
w:1966-06-29:mokan,Василь Мокан
w:1975-12-31:shevtsov,Сергій Шевцов
w:1979-11-05:oleksenko,Іван Олексієнко
w:1973-10-20:boitsan,Олександр Бойцан
w:1977-03-24:romanenko,Всеволод Романенко
w:1978-03-24:erohin,Андрій Єрохін
w:1978-02-04:aliutse,Маріан Аліуце
tm:24010,Олександр Грицай
w:1974-04-29:ahaev,Муслім Агаєв
w:1980-02-25:honchar,Олександр Гончар
w:1981-08-20:danilovski,Сергій Даниловський
tm:24049,Руслан Ротань
w:1968-04-27:heraschenko,Володимир Геращенко
w:1977-08-10:krisanov,Дмитро Крісанов
w:1979-10-19:chernov,Андрій Чернов
w:1976-07-22:bohomol,Олег Богомол
w:1973-09-09:konopelko,Михайло Конопелько
w:1979-04-04:kozir,Сергій Козир
w:1979-08-08:hrol,Геннадій Хроль
w:1972-10-30:zaiats,Валентин Заяць
w:1981-01-23:kabanov,Тарас Кабанов
w:1978-08-18:kutsi,Павло Куций
w:1980-04-10:tarasenko,Віталій Тарасенко
w:1975-01-23:arefev,Віктор Ареф'єв
w:1964-10-01:ptashnik,Сергій Пташник
w:1981-06-23:hrebiniuk,Олександр Гребінюк
w:1978-11-30:kostiuk,Сергій Костюк
w:1978-02-26:lashuk,Євген Лашук
w:1980-01-20:pravkin,Сергій Правкін
w:1975-10-02:matiushenko,В'ячеслав Матюшенко
w:1975-04-13:cherevan,Андрій Черевань
w:1975-04-21:rak,Олег Рак
w:1981-07-07:kusli,Артем Куслій
w:1973-04-17:shukatka,Віталій Шукатка
w:1979-03-07:tlumak,Андрій Тлумак
w:1975-05-07:matsiuk,Віктор Мацюк
w:1980-04-11:taran,Євген Таран
w:1980-08-16:stejkovi,Василь Стежковий
w:1977-06-15:duhno,Анатолій Духно
w:1971-12-02:taloverov,Вадим Таловєров
w:1975-09-13:tabachun,Руслан Табачун
w:1976-09-22:vitvitski,Микола Вітвіцький
w:1976-04-19:romashev,Олександр Ромашев
w:1978-01-25:venchak,Олег Венчак
w:1979-04-18:tselih,Юрій Целих
w:1982-02-20:ponomarenko,Сергій Пономаренко
w:1976-02-23:sokorenko,Олександр Сокоренко
w:1980-12-11:zaets,Віталій Заєць
w:1980-11-11:berbat,Сергій Бербат
w:1981-06-24:kondratovich,Дмитро Кондратович
w:1981-01-03:donets,Андрій Донець
w:1978-01-02:suhomlinov,Владислав Сухомлинов
w:1980-02-07:jitski,Данило Жицький
w:1974-08-27:metreveli,Костянтин Метревелі
w:1976-02-29:prodan,Ігор Продан
w:1980-05-28:soproniuk,Іван Сопронюк
w:1977-02-05:schastlivi,Сергій Щастливий
w:1978-08-23:lahoida,Ігор Лагойда
w:1981-11-11:komar,Ярослав Комар
w:1978-07-18:martinenko,Андрій Мартиненко
w:1980-04-06:petrunia,Максим Петруня
tm:49022,Віталій Руденко
w:1975-05-10:kudinov,Юрій Кудінов
w:1979-04-25:shubin,Владислав Шубін
tm:27126,Ігор Бажан
w:1982-02-12:ahahova,Джуліус Агахова
w:1980-05-10:chernat,Флорін Чернат
w:1979-02-25:bodnar,Ласло Боднар
w:1971-12-11:shved,Василь Швед
w:1976-05-09:trapaidze,Гоча Трапаідзе
w:1978-05-01:isak,Ісаак Окоронкво
w:1972-10-11:savu,Маріан Саву
w:1979-07-15:bilozor,Сергій Білозор
w:1977-06-03:hihiadze,Васіл Гігіадзе
w:1974-08-01:asan,Ассан Ндіайе
w:1979-03-11:ivanov,Георгі Пеєв
w:1973-06-07:baston,Євген Бастон
w:1970-06-23:antonel,Іонел Пірву
w:1973-03-03:bojko,Сергій Божко
w:1979-07-28:kuzmichov,Володимир Кузьмічов
tm:24000,В'ячеслав Чечер
w:1977-11-03:jura,Сергій Згура
w:1978-11-03:dmitrev,Сергій Дмитрієв
w:1979-01-11:popov,Василь Попов
tm:24032,Віталій Лисицький
w:1975-08-16:verteletski,Анатолій Вертелецький
w:1970-01-04:polushin,Сергій Полушин
w:1978-08-02:havranchich,Горан Гавранчич
w:1981-01-07:horin,Олександр Горін
w:1983-11-30:kilikevich,Володимир Кілікевич
w:1971-02-09:tsvik,Андрій Цвік
w:1980-11-04:akobian,Ара Акобян
w:1973-08-13:levan,Леван Мікадзе
w:1975-08-08:lopatkin,Артем Лопаткін
w:1981-02-24:kravchenko,Володимир Кравченко
w:1974-10-13:marius,Маріус Скіндеріс
w:1982-03-21:strelkov,Ігор Стрєлков
w:1980-04-13:fedorchenko,Артем Федорченко
w:1975-10-19:iordanov,Васіл Колєв
w:1970-08-27:iulian,Юліян Нейчев
w:1981-04-14:litinski,Тарас Літинський
w:1982-05-27:lazarchuk,Андрій Лазарчук
w:1970-10-14:pavlish,Тарас Павліш
w:1980-07-27:ratski,Володимир Рацький
tm:44361,Олексій Гай
w:1982-12-20:iliashov,Андрій Ільяшов
w:1974-08-13:titsa,Сергій Тіца
w:1981-01-21:podust,Руслан Подуст
w:1980-03-23:rojon,Віталій Розгон
w:1978-03-22:startsev,Вадим Старцев
w:1979-04-21:kondratiuk,Петро Кондратюк
w:1981-01-08:herasimenko,Андрій Герасименко
w:1968-04-12:plotnikov,Вадим Плотников
w:1979-11-10:mihailov,Станімір Сталєв
w:1975-05-18:demirchian,Оганес Демірчян
w:1981-11-19:pshenichnih,Сергій Пшеничних
w:1981-05-09:hurin,Роман Гурін
w:1980-08-11:melnik,Віктор Мельник
w:1982-01-01:sibiriakov,Сергій Сібіряков
w:1973-01-12:buhakov,Олег Бугаков
w:1977-11-27:tanurkov,Володимир Танурков
w:1979-07-03:uchechukvu,Учечукву Увакве
w:1979-01-29:antoniuk,Олександр Антонюк
w:1979-04-16:ditkovski,Сергій Дітковський
w:1979-05-28:sanjar,Роман Санжар
w:1981-09-30:boiko,Дмитро Бойко
w:1981-08-30:sernetski,Сергій Сернецький
w:1980-08-31:horodchanin,Віталій Городчанін
w:1982-03-12:pohorelov,Іван Погорелов
w:1983-02-01:famuliak,Григорій Фамуляк
w:1983-01-11:ivanski,Любомир Іванський
tm:58035,Микола Іщенко
w:1980-08-08:lakomski,Володимир Лакомський
w:1979-05-22:altman,Геннадій Альтман
w:1983-11-02:ribak,Василь Рибак
w:1981-04-13:shenhelia,Іраклій Шенгелія
w:1981-06-30:histev,Сергій Хістєв
w:1981-07-05:ptashnik,Анатолій Пташник
w:1980-09-23:shaida,Сергій Шайда
w:1978-08-05:sokoliukorel,Андрій Соколюк-Орел
w:1977-08-16:soroka,Роман Сорока
w:1981-07-29:tenhiz,Тенгіз Угрехелідзе
w:1982-05-13:jdaha,Олександр Ждаха
w:1977-05-11:kovalevski,Войцех Ковалевський
w:1975-12-18:danel,Даніель Флоря
w:1981-11-17:hribanov,Сергій Грибанов
tm:59269,Лакі Ідахор
w:1981-06-18:hioane,Тіберіу Гіоане
w:1984-10-04:modebadze,Іраклі Модебадзе
tm:14934,Маріуш Левандовський
w:1980-08-11:bermudes,Дмитро Бермудес
w:1983-11-21:emanuel,Еммануель Окодува
w:1979-10-21:miklashevich,Руслан Міклашевич
w:1974-05-18:haldianu,Константін Галдяну
tm:35259,Валентин Ілієв
w:1978-10-10:aniamke,Едвард Аньямке
w:1972-02-02:chopik,Тарас Чопик
w:1975-11-04:marchel,Марчел Решітка
w:1978-01-09:ivanov,Олексій Іванов
w:1981-10-10:alehbe,Тоні Алегбе
w:1979-03-27:alunderis,Відас Алундеріс
tm:34670,Віталій Постранський
w:1978-09-18:andrius,Андрюс Гедгаудас
w:1979-04-19:savinov,Олексій Савінов
tm:44138,Олексій Годін
w:1978-09-05:hiom,Патрік Ібанда
w:1977-03-26:sahno,Віталій Сахно
w:1982-06-26:draholiuk,Андрій Драголюк
w:1983-01-02:hubrenko,Олександр Губрієнко
w:1976-12-22:bundash,Мирослав Бундаш
tm:68915,Олег Краснопьоров
w:1982-09-10:bredun,Євген Бредун
w:1980-07-06:shvidakov,Микола Швидаков
w:1974-04-02:frantishek,Франтішек Ганц
w:1982-01-20:kovalchuk,Сергій Ковальчук
tm:12064,Ігор Скоба
w:1981-07-06:bondarenko,Володимир Бондаренко
w:1979-04-09:valutsa,Едуард Валуца
tm:58020,Самсон Годвін
w:1981-02-02:huvanchmuhamed,Гуванчмухамед Овеков
w:1973-10-15:filimonov,Олександр Філімонов
w:1978-03-31:matsei,Мацей Налєпа
w:1980-04-15:esin,Дмитро Єсін
w:1982-03-29:karabkin,Ярослав Карабкін
w:1982-02-11:klimenko,Олександр Клименко
w:1980-07-22:dushan,Душан Сімич
w:1982-02-07:lozinski,Євгеній Лозінський
w:1977-11-10:mishkov,Омар Мішков
w:1977-11-04:jurka,Олег Журка
w:1981-10-21:ahbo,Патрік Агбо
w:1978-01-18:lukashuk,Володимир Лукашук
w:1977-08-25:muamer,Муамер Вугдалич
w:1976-04-02:hiuzelov,Ігор Гюзелов
w:1984-02-23:nesin,Віталій Несін
w:1980-01-14:klabukov,Дмитро Клабуков
w:1983-02-26:bohach,Олександр Богач
w:1978-05-27:ian,Ян Золна
w:1977-09-24:havriushov,Андрій Гаврюшов
w:1979-08-07:homutov,Денис Хомутов
w:1974-03-24:danel,Даніель Кіріце
w:1977-07-29:otsokolich,Предраг Оцокольич
w:1979-08-31:iarosh,Руслан Ярош
w:1983-04-02:veprik,Олег Веприк
tm:58103,Руслан Платон
w:1981-12-18:berlizev,Максим Берлізєв
w:1981-03-17:sizov,Кирило Сізов
w:1982-07-06:motuz,Сергій Мотуз
w:1982-01-03:dindikov,Олександр Диндіков
w:1981-06-17:pasichnichenko,Роман Пасічниченко
w:1973-03-27:deripapa,Олексій Дерипапа
w:1971-06-15:mamonov,Сергій Мамонов
w:1981-01-13:stahiv,Олександр Стахів
w:1981-04-13:berna,Роджер
w:1982-03-21:sarkis,Дмитро Саркіс
w:1976-06-03:henri,Тондерей Мутамбіква
w:1978-10-06:rozlach,Олександр Розлач
w:1978-07-03:parubin,Євген Парубін
w:1978-07-28:krivobok,Ігор Кривобок
w:1975-10-21:ianichevich,Івіца Янічевич
w:1979-12-23:verhun,Роман Вергун
w:1984-05-27:bobal,Матвій Бобаль
w:1982-02-14:afonin,Дмитро Афонін
w:1980-11-18:mazurenko,Олександр Мазуренко
w:1976-11-08:hrenko,Юрій Хрієнко
w:1979-02-15:hritsenko,Артур Гриценко
w:1975-02-16:peter,Петер Суковський
w:1978-08-05:kadar,Йосип Кадар
w:1980-03-22:zub,Сергій Зуб
w:1978-10-30:ovsenko,Володимир Овсієнко
w:1979-05-10:maruschak,Мар'ян Марущак
w:1980-12-15:kovtunov,Євген Ковтунов
tm:27172,Павло Кутас
w:1977-05-21:telehin,Сергій Тєлєгін
w:1980-04-18:dioho,Діого Рінкон
w:1980-08-14:aphazava,Шалва Апхазава
w:1973-09-13:ostrovski,Андрій Островський
w:1979-04-14:alev,Самір Алієв
w:1971-06-23:djamarauli,Гоча Джамараулі
w:1979-08-04:horan,Горан Саблич
w:1980-04-09:erko,Єрко Леко
w:1976-06-27:pavlovich,Зоран Павлович
tm:43299,Едмар
w:1976-09-02:bernar,Бернар Чутанг
w:1982-08-13:balabanov,Костянтин Балабанов
w:1980-08-08:omelianchuk,Сергій Омельянчук
w:1977-11-08:mazurenko,Олег Мазуренко
w:1974-06-22:damian,Оскар Родрігес
w:1980-06-16:evaeverson,Брандао
w:1977-12-22:lalatovich,Ненад Лалатович
w:1973-11-30:iovichevich,Ігор Йовічевич
w:1979-07-07:stolitsia,Ілія Століца
tm:24011,Бобан Грнчаров
w:1981-09-10:nakonechni,Микола Наконечний
w:1975-05-15:sarkisian,Альберт Саркісян
w:1976-11-04:hrebenojko,Олександр Гребеножко
w:1979-01-13:kerimov,Расім Керімов
w:1977-03-06:kovalchik,Мацей Ковальчик
w:1976-11-14:ahaseid,Камаль Гулієв
w:1983-11-29:orehov,Олександр Орєхов
w:1977-01-24:ivitsa,Івіца Пірич
w:1979-08-09:hunchak,Руслан Гунчак
tm:14939,Адріан Пуканич
w:1981-02-21:emako,Ернест Сіанкам
w:1978-04-27:katinsus,Валерій Катинсус
w:1971-07-09:koniushenko,Сергій Конюшенко
w:1979-06-14:esinhila,Мозес Молонго
w:1973-03-14:pajin,Предраг Пажін
w:1981-06-10:suchkov,Олексій Сучков
w:1977-01-07:hilazev,Руслан Гілазєв
w:1972-06-02:pophadze,Зураб Попхадзе
w:1977-04-09:aleksandru,Александру Поповічі
w:1976-08-26:erko,Єрко Мікулич
w:1981-12-12:harison,Гаррісон Омоко
tm:9794,Олег Гусєв
w:1980-12-09:tomislav,Томислав Вишевич
w:1982-05-16:riabih,Андрій Рябих
tm:59253,Андрій Бойко
w:1981-08-03:matos,Веслі
w:1975-11-18:bobovich,Ігор Бобович
w:1973-07-18:boshniak,Споменко Бошняк
w:1981-01-07:dodich,Маріо Додич
w:1972-02-01:beliakov,Олег Беляков
w:1977-11-25:opria,Анатолій Опря
tm:9800,Артем Мілевський
w:1981-04-18:iovanovich,Мілан Йованович
w:1976-03-22:leandro,Леандро Машаду
w:1980-02-14:duarte,Фабіо
w:1972-02-17:lutsenko,Володимир Луценко
w:1978-11-20:lavrenti,Лавренті Мікадзе
w:1974-01-09:hvostunov,Олександр Хвостунов
w:1975-02-28:miterev,Юрій Мітерєв
w:1982-01-15:chernikov,Володимир Черніков
w:1982-07-13:milosavlevich,Урош Милосавлевич
w:1982-04-08:krohmal,Володимир Крохмаль
w:1969-10-05:opria,Ігор Опря
w:1981-12-01:merkado,Пітер Меркадо
w:1975-10-18:donitsa,Юліан Доніца
w:1976-03-17:arhire,Юліан Архіре
tm:43308,Денис Голайдо
w:1977-11-11:androshich,Вальтер Андрошич
w:1982-09-04:bairamov,Назар Байрамов
w:1982-09-11:dedich,Русмін Дедич
w:1979-04-08:aparesido,Родріго Толедо
w:1985-12-02:jersh,Роман Жерш
w:1978-06-25:polischuk,Роман Поліщук
w:1984-01-04:radevich,Сергій Радевич
w:1979-08-13:melikian,Єгіше Мелікян
w:1978-06-18:oleshko,Олексій Олешко
w:1981-01-31:badr,Бадр Ель-Каддурі
w:1975-08-28:senad,Сенад Тігань
w:1982-05-04:suhina,Євген Сухина
w:1978-11-01:kornev,Андрій Корнєв
w:1979-06-15:stoliarchuk,Олександр Столярчук
w:1982-07-19:horkun,Валентин Горкун
tm:86502,Іван Кривошеєнко
w:1983-10-18:ermolenko,Руслан Єрмоленко
w:1979-05-18:bahniuk,Олексій Багнюк
w:1985-05-23:panas,Вадим Панас
w:1977-03-22:nesterenko,Роман Нестеренко
w:1982-08-27:sheveliuhin,Олександр Шевелюхін
w:1983-07-11:derevlov,Костянтин Деревльов
w:1978-08-20:smishko,Богдан Смішко
w:1979-03-21:kudria,В'ячеслав Кудря
w:1981-12-12:chukvudi,Чуквуді Нвогу
w:1981-09-18:halchuk,Любомир Гальчук
w:1981-01-17:hotsiridze,Реваз Гоцірідзе
tm:9796,Олександр Алієв
w:1978-03-24:sulimenko,Юрій Суліменко
w:1983-02-21:brushko,Томаш Брушко
w:1969-03-06:iastrebinski,Євген Ястребінський
w:1982-11-03:vasilev,Сергій Васильєв
w:1983-02-20:kiselov,Віталій Кісельов
w:1980-08-12:sanin,Анатолій Санін
w:1979-03-23:jolt,Жолт Нодь
w:1984-07-12:ferents,Володимир Ференц
w:1973-01-06:boriachinski,Андрій Борячинський
w:1984-01-17:slobodian,Михайло Слободян
w:1984-02-22:shiriaev,Євген Ширяєв
w:1985-02-24:iatsenko,Олександр Яценко
w:1979-08-04:djahanhir,Джахангір Гасанзаде
w:1978-04-14:ershov,Сергій Єршов
w:1977-08-16:fereira,Вашингтон
w:1976-05-21:chosich,Горан Чосич
w:1980-08-19:stoian,Максим Стоян
w:1984-10-25:honcharenko,Євген Гончаренко
tm:44357,Олександр Кучер
w:1981-11-22:danel,Северин Ганчаржик
w:1984-09-27:diachenko,Станіслав Дьяченко
w:1973-07-17:edin,Един Кунич
w:1983-05-06:tirkalo,Віталій Тиркало
w:1983-01-21:korobkin,Владислав Коробкін
w:1973-09-06:alen,Ален Амугу
tm:39996,Андрій П'ятов
tm:49024,Сергій Симоненко
w:1983-03-24:homutov,Сергій Хомутов
tm:91533,Віталій Неділько
w:1984-11-22:diachenko,Сергій Дяченко
w:1984-08-02:kovalevski,Антон Ковалевський
w:1978-09-14:ashkovich,Бранко Ашкович
w:1979-03-23:ansen,Матеус
w:1981-01-18:aleksandar,Александар Брджанін
w:1975-09-17:hamza,Ільхам Ядуллаєв
w:1976-01-21:shpirka,Богдан Шпирка
w:1984-10-15:kozerenko,Роман Козеренко
w:1982-05-16:iakovets,Сергій Яковець
w:1974-11-03:bolotov,Олександр Болотов
w:1978-08-30:homutovski,Василь Хомутовський
w:1982-04-05:ahramev,Артем Ахрамеєв
w:1984-05-09:cherednichenko,Ігор Чередніченко
w:1982-09-20:adam,Маріан Адам
w:1982-08-18:rostovski,Сергій Ростовський
w:1979-07-19:vukich,Звонимир Вукич
w:1979-01-08:pletikosa,Стіпе Плетікоса
tm:14940,Разван Рац
w:1979-10-15:maris,Маріс Верпаковськіс
w:1975-08-26:mischenko,Віталій Міщенко
w:1976-12-13:mladenovich,Ненад Младенович
w:1985-10-02:chiprian,Чіпріан Маріка
w:1978-09-10:kutarba,Герман Кутарба
w:1977-10-24:salahovich,Сеад Салахович
w:1976-11-24:flavius,Флавіус Стойкан
w:1981-01-05:serhev,Лев Сергеєв
w:1978-12-07:mitich,Саша Митич
w:1981-01-22:smalko,Андрій Смалько
w:1980-03-09:aristarhov,Максим Арістархов
w:1981-07-20:bidnenko,Руслан Бідненко
w:1979-06-19:koteliuh,Олег Котелюх
w:1983-06-14:karnilenka,Сергій Корніленко
w:1980-09-27:bechiri,Елвін Бечірі
w:1980-07-16:dmitruk,Олександр Дмитрук
w:1979-08-25:postolatev,Володимир Постолатьєв
tm:14942,Дарійо Срна
w:1980-05-16:melnik,Вадим Мельник
w:1984-04-30:karamushka,Олег Карамушка
w:1979-01-30:brankovich,Сініша Бранкович
w:1983-05-13:hnehneri,Яя Туре
w:1979-10-24:morozov,Андрій Морозов
w:1971-12-02:ionanidze,Зураб Іонанідзе
tm:42641,Андрій Хомин
w:1980-08-06:onikenko,Андрій Оникієнко
w:1982-02-26:boian,Боян Незірі
w:1973-09-25:chanturia,Грігол Чантурія
w:1969-01-24:zarutski,Олександр Заруцький
w:1981-08-24:stoian,Денис Стоян
tm:58008,Максим Фещук
tm:10288,Ігор Дуляй
w:1981-08-19:esteban,Карлос Фронтіні
w:1978-02-24:chetiani,Кахабер Чхетіані
w:1980-01-21:bratislav,Братислав Рістич
w:1981-01-04:arsen,Арсен Не
w:1979-11-14:arman,Арман Карамян
w:1981-06-02:kirilov,Вадим Кирилов
w:1975-02-03:stoiko,Дмитро Стойко
w:1977-04-04:lanko,Віталій Ланько
w:1979-11-15:antonio,Евертон
w:1978-11-09:markovich,Слободан Маркович
w:1983-09-03:petkovich,Ігор Петкович
w:1980-10-27:linov,Євген Ліньов
w:1982-07-22:vishniak,Ярослав Вишняк
tm:134609,Микола Гібалюк
w:1984-02-09:nazaruk,Сергій Назарук
w:1971-10-23:lobanovs,Валентінс Лобаньовс
w:1971-11-17:ahmedov,Тарлан Ахмедов
w:1979-01-22:andrius,Андрюс Бразаускас
w:1976-03-18:ihonin,Олексій Ігонін
w:1982-04-07:branimir,Бранимир Субашич
w:1980-10-02:hrihol,Грігол Імедадзе
w:1978-02-05:bunevchevich,Мирко Буньєвчевич
w:1977-12-29:cheliadzinski,Артем Челядинський
w:1975-02-03:chebotari,Борис Чеботарі
w:1976-08-23:irismetov,Жафар Ірісметов
w:1984-09-24:ivanov,Павло Іванов
w:1978-08-30:aladin,Фарух Ісмаїлов
w:1977-04-10:savelev,Олексій Савельєв
w:1982-05-23:hromih,Антон Хромих
w:1979-01-30:evmenev,Роман Євменьєв
w:1973-04-17:kabelski,Сергій Кабельський
w:1984-03-19:nevmivaka,Дмитро Невмивака
w:1978-06-22:firsov,Вадим Фірсов
w:1984-04-24:chuprina,Євгеній Чуприна
w:1977-02-07:shuha,Іван Шуга
w:1981-01-04:kirilchik,Павло Кірильчик
w:1975-10-10:avhustin,Августін Кіріце
w:1970-09-14:hela,Гела Шекіладзе
w:1978-08-19:nikitsenka,Сергій Нікітенко
w:1983-08-12:djakomase,Клебер
w:1980-10-05:kashevski,Микола Кашевський
w:1981-05-16:riahn,Тааві Ряхн
tm:43276,Жуніор
w:1973-05-10:hanlar,Махмуд Гурбанов
tm:24008,Рубен Гомес
w:1982-07-06:mihashko,Максим Мігашко
tm:23379,Володимир Польовий
w:1972-09-05:dobrianski,Андрій Добрянський
w:1981-08-02:komarnitski,Віталій Комарницький
w:1979-11-11:dombrae,Едді Домбрайе
w:1980-03-27:djinovich,Ігор Джінович
w:1979-09-06:djudovich,Міодраг Джудович
tm:59933,Станіслав Богуш
w:1981-06-01:uvarov,Олексій Уваров
w:1983-07-27:poltavets,Роман Полтавець
w:1979-01-10:alesandro,Алессандро
w:1981-08-04:adson,Адсон
w:1974-04-08:horovoi,Борис Горовой
tm:41885,Сергій Сілюк
w:1980-09-09:hrishin,Віталій Гришин
tm:17206,Александар Тришович
w:1982-02-23:nefedov,Валентин Нєфьодов
w:1986-01-03:morozov,Сергій Морозов
w:1978-07-17:braikovich,Горан Брайкович
w:1977-08-02:dzenisiuk,Дмитро Денисюк
w:1974-08-04:kachur,Василь Качур
w:1982-11-17:schepanovich,Вучіна Щепанович
w:1975-03-01:djordje,Джордже Інджич
w:1984-11-28:tretiak,Сергій Третяк
w:1978-06-11:stepanov,Андрій Степанов
w:1978-12-29:antonenko,Олександр Антоненко
w:1985-08-01:trusevich,Максим Трусевич
w:1973-05-19:tomash,Пйотр Цетнарович
w:1975-10-11:michovich,Владимир Мічович
w:1985-03-12:tovt,Андрій Товт
tm:24026,Костянтин Кравченко
w:1982-03-21:fabio,Фабіо
w:1985-03-09:morozov,Олександр Морозов
w:1979-01-09:marhel,Юрій Мархель
tm:92635,Олександр Мандзюк
w:1983-08-14:drabeniuk,Роман Драбенюк
w:1981-03-28:ribich,Владимир Рібич
tm:91465,Андрій Запорожан
w:1983-05-07:lujankov,Олександр Лужанков
w:1977-02-24:ohnenovich,Періца Огнєнович
w:1972-05-17:vasilev,Вадим Васильєв
w:1982-12-31:borenovich,Ілія Боренович
w:1981-05-01:kalachov,Тимофій Калачов
w:1984-03-27:chaban,Сергій Чабан
w:1983-12-15:kapanisti,Роман Капаністий
w:1982-01-06:pinchuk,Дмитро Пінчук
w:1986-09-19:mihailov,Сергій Михайлов
w:1985-05-14:joze,Леандро
w:1979-02-28:aleksandru,Александру Голбан
w:1982-05-07:mihailov,Андрій Михайлов
w:1985-05-28:derkach,Андрій Деркач
w:1981-10-23:skidan,Ярослав Скидан
tm:25734,Денис Кулаков
w:1980-09-10:konovalenko,Євгеній Коноваленко
w:1980-06-28:novikov,Євгені Новіков
w:1982-09-18:boiarintsev,Леонід Бояринцев
w:1979-02-03:babak,Олександр Бабак
tm:25732,Дмитро Чигринський
w:1984-02-05:chesnauskis,Едгарас Чеснаускіс
tm:25780,Аїла Юссуф
w:1982-09-14:kovhan,Олександр Ковган
w:1983-08-06:sonin,Олександр Сонін
w:1983-01-12:buriak,Ігор Буряк
w:1981-01-20:savin,Артем Савін
w:1981-10-05:alekseis,Алєксейс Колесніковс
w:1986-01-21:stepanov,Роман Степанов
w:1985-03-14:shvets,Ігор Швець
w:1981-10-24:popov,Володимир Попов
w:1986-02-16:iariuhin,Олексій Ярюхін
w:1984-08-19:ivanov,Іван Іванов
w:1986-03-05:kirenko,Ігор Кірієнко
w:1979-11-23:suslov,Кирило Суслов
w:1975-06-21:kotri,Улікс Котррі
w:1984-10-17:chetiani,Звіаді Чхетіані
w:1984-09-12:kots,Роман Коц
w:1982-10-01:shkred,Олег Шкред
w:1982-01-22:simonchuk,Володимир Симончук
w:1983-03-08:cheh,Віталій Чех
w:1984-01-05:trefilovski,Дмитро Трефіловський
w:1979-02-16:artemov,Віталій Артемов
w:1983-09-06:shubin,Артем Шубін
w:1985-01-16:polunitski,Олександр Полуницький
w:1983-01-18:popko,Олександр Попко
w:1982-10-23:bispo,Родольфо
w:1980-06-10:franselino,Матузалем
tm:28186,Ян Лаштувка
w:1983-10-05:jadson,Жадсон
w:1978-04-26:andres,Андрес Мендоса
w:1981-06-14:blumer,Елано
tm:9688,Томаш Гюбшман
w:1978-08-05:berkeuan,Космін Беркеуан
w:1979-01-28:branislav,Браніслав Круніч
w:1980-08-27:baldaso,Родріго
tm:43332,Олександр Ковпак
w:1979-01-02:lashankov,Євген Лошанков
w:1982-10-01:aruna,Аруна Бабангіда
w:1977-06-30:adev,Магомед Адієв
w:1979-11-03:kuzniatsov,Сергій Кузнецов
w:1977-11-01:buta,Корнел Бута
tm:58046,Василь Кобін
w:1981-07-02:anderson,Андерсон Рібейро
tm:42933,Аніс Бусаїді
w:1983-03-04:ilnitski,Тарас Ільницький
w:1976-09-12:epurianu,Сергій Епуряну
w:1982-06-22:milenkovich,Владимир Міленкович
w:1975-03-04:batista,Маркус
w:1979-01-30:litovchenko,Сергій Літовченко
w:1979-09-14:kozoriz,Іван Козоріз
w:1983-01-31:leviha,Руслан Левига
w:1980-08-20:djakobia,Лаша Джакобія
tm:43404,Олексій Чичиков
w:1977-11-16:andre,Андре Луїс
tm:53299,Костянтин Ярошенко
tm:48989,Дмитро Гришко
tm:59826,Олег Герасимюк
tm:43359,Павло Ребенок
w:1982-07-22:lolo,Ігор Лоло
w:1980-11-10:lutsenko,Євген Луценко
tm:59913,Артем Старгородський
w:1980-06-15:milan,Мілан Загорац
tm:59411,Марко Девич
w:1984-04-09:cherni,Сергій Черній
tm:43309,Володимир Гоменюк
tm:53270,Олександр Гладкий
tm:58051,Михайло Кополовець
w:1979-06-26:dariush,Марцін Новак
w:1979-08-13:bledi,Бледі Шкембі
tm:57987,Євген Чеберячко
tm:43297,Дебатік Цуррі
w:1980-09-10:danilav,Олександр Данилов
tm:59414,Папа Гуйе
w:1973-09-29:liubarski,Руслан Любарський
w:1981-11-13:karakevich,Роман Каракевич
w:1975-07-25:varlamov,Євген Варламов
w:1984-08-08:solianik,Руслан Соляник
tm:42621,Віталі Бордіян
w:1985-08-29:samborski,Володимир Самборський
w:1983-01-14:tovkatski,Василь Товкацький
w:1981-07-07:irimia,Крістіан Ірімія
w:1985-07-12:karpenko,Максим Карпенко
w:1980-05-15:sharaba,Здравко Шараба
tm:58956,Олександр Максимов
w:1976-11-26:schehlov,Сергій Щеглов
w:1977-08-27:vorobiov,Дмитро Воробйов
w:1980-02-26:olefir,Володимир Олефір
w:1977-05-18:sandulovich,Владимир Сандулович
w:1981-02-08:darko,Дарко Дун'їч
w:1978-08-18:meliti,Соф'єн Мелліті
w:1980-03-24:laschenkov,Сергій Лащенков
w:1983-05-30:hromtsov,Олег Хромцов
w:1984-05-11:brovkin,Дмитро Бровкін
tm:48740,Мілош Нінкович
w:1979-03-10:ramazanov,Мурад Рамазанов
tm:31776,Олександр Яковенко
w:1974-10-03:ismet,Ісмет Муніші
tm:49018,Олексій Полянський
w:1984-07-26:hanas,Андрій Ханас
w:1986-10-16:alozi,Міхаель Алозі
w:1984-10-19:pivnenko,Сергій Півненко
w:1985-10-12:hristian,Хрістіян Кіровскі
w:1978-09-05:aleksandar,Александар Недович
w:1977-05-20:trapachkin,Роман Тропачкін
w:1982-12-21:andronik,Валеріу Андронік
w:1979-11-01:frantsisko,Марсело
w:1979-11-01:savchuk,Владислав Савчук
w:1985-08-20:jura,Олександр Згура
w:1977-10-04:mor,Едуард Мор
w:1981-01-03:levchenko,Сергій Левченко
w:1985-01-01:hololobov,Дмитро Гололобов
w:1985-05-21:lisovi,Максим Лісовий
w:1987-03-31:moldovan,Дмитро Молдован
w:1981-05-15:branavitski,Євген Брановицький
w:1975-09-09:solomatin,Андрій Соломатін
w:1977-02-15:dimitrevich,Ігор Дімітрієвич
w:1974-05-21:rade,Раде Тодорович
w:1975-11-05:hahokidze,Гіоргі Гахокідзе
tm:59982,Володимир Аржанов
tm:19702,Владимир Дишленкович
w:1981-01-29:pischur,Олександр Пищур
w:1985-02-15:chuchman,Ігор Чучман
w:1985-06-16:baranov,Іван Баранов
w:1984-01-19:horbkov,Максим Горбков
w:1984-06-14:kozliuk,Юрій Козлюк
w:1981-08-20:antonio,Роберто Нанні
tm:42624,Сергій Давидов
w:1984-11-26:pilipchuk,Сергій Пилипчук
tm:59893,Олександр Романчук
tm:91376,Євген Одинцов
w:1983-06-01:musonda,Віктор Мусонда
tm:57869,Денис Дедечко
tm:85938,Андрій Оберемко
w:1982-01-18:saraiva,Іван
tm:59060,Олександр Іващенко
w:1978-12-23:dotsenko,Валерій Доценко
w:1986-12-10:sichov,Віталій Сичов
w:1979-05-07:pavlenko,Микола Павленко
w:1985-04-28:kotenko,Іван Котенко
w:1987-01-06:kucherenko,Іван Кучеренко
w:1974-10-15:matveichik,Артур Матвейчик
w:1985-03-09:suspitsin,Дмитро Суспіцин
w:1983-03-30:solomatin,Олексій Соломатін
w:1981-04-20:dushan,Душан Попович
w:1984-08-10:abliametov,Арсен Абляметов
w:1983-04-12:karmalita,Євген Кармаліта
w:1985-04-25:rojok,Сергій Рожок
w:1985-01-03:stankevich,Максим Станкевич
w:1986-10-28:batalski,Олександр Батальський
w:1981-06-29:katkov,Павло Катков
w:1984-09-28:tatarintsev,Антон Татарінцев
w:1985-08-09:dudnik,Ігор Дудник
w:1988-09-02:semenenko,Артем Семененко
w:1986-01-04:svitlichni,Роман Світличний
tm:43288,Олександр Чижов
w:1984-02-22:horbanenko,В'ячеслав Горбаненко
w:1985-03-13:chelidze,Лаша Челідзе
tm:43060,Сергій Кузнецов
w:1984-04-03:ovramenko,Максим Овраменко
w:1985-07-02:sahno,Сергій Сахно
w:1986-04-21:kudlai,Сергій Кудлай
tm:53258,Владислав Лупашко
w:1985-01-20:stadnik,Максим Стадник
w:1988-10-12:listopad,Тимофій Листопад
tm:59129,Вадим Сапай
w:1986-11-25:slobodian,Вадим Слободян
w:1982-01-25:orlati,Андрій Орлатий
w:1986-03-03:hlavina,Деніс Главіна
w:1977-01-17:seihan,Толга Сейхан
w:1982-05-06:milian,Мілян Мрдакович
tm:38297,Богдан Шуст
w:1979-07-06:karitska,Володимир Коритько
w:1984-02-09:eschenko,Андрій Єщенко
w:1977-06-20:nerius,Неріюс Васіляускас
tm:26267,Фернандіньйо
w:1974-03-26:sasha,Саша Тодич
w:1983-07-10:biurnel,Бюрнель Окана-Стазі
w:1979-08-01:djurichich,Саша Джурічич
w:1982-02-02:komaritski,Андрій Комарицький
w:1977-04-16:vishnevski,В'ячеслав Вишневський
w:1983-11-10:hiorhi,Гіоргі Цімакурідзе
w:1978-01-30:mirko,Мірко Селак
tm:35607,Арменд Даллку
tm:45196,Тарас Михалик
tm:43393,Григорій Ярмаш
w:1984-06-26:buhaiov,Ігор Бугайов
w:1979-10-04:polovkov,Олександр Половков
w:1981-12-26:kandelaki,Ілля Канделакі
w:1984-05-20:darko,Дарко Тасевський
w:1978-10-02:mjavanadze,Кахабер Мжаванадзе
w:1977-12-07:andjelkovich,Міодраг Анджелкович
tm:19619,Олександр Рибка
w:1975-03-31:snitko,Сергій Снитко
w:1979-01-08:ostroushko,Володимир Остроушко
w:1974-11-23:ihors,Ігорс Корабльовс
tm:59076,Сергій Кравченко
w:1981-01-20:katalin,Каталін Лікіою
w:1982-08-20:aleksander,Александер Амісулашвілі
w:1979-07-23:audrius,Аудрюс Вейкутіс
w:1982-05-05:perich,Іван Перич
w:1977-09-29:ioan,Богдан Мара
tm:57900,В'ячеслав Сердюк
w:1980-11-02:panforov,Андрій Панфьоров
w:1976-05-08:konstantin,Константін Шумахер
w:1982-08-25:pihur,Олександр Піхур
tm:58043,Рустам Худжамов
tm:36238,Руслан Фомін
w:1975-04-02:florin,Флорін Пірву
w:1980-01-30:hlushok,Олег Глушок
w:1978-07-10:osipov,Сергій Осіпов
w:1986-03-19:aparesido,Леонардо
w:1979-09-01:danaev,Андрій Данаєв
w:1979-02-19:mitreski,Ігор Мітреський
w:1980-09-23:hrubelich,Марко Грубелич
w:1980-06-27:dato,Дато Квірквелія
w:1973-08-13:shtaniuk,Сергій Штанюк
w:1983-12-06:koval,Андрій Коваль
w:1977-12-26:davhulevets,Павло Довгулевець
tm:57894,Владислав Микуляк
w:1979-01-01:sviderski,В'ячеслав Свідерський
w:1976-05-16:hroshev,Юрій Грошев
w:1978-05-31:malitski,Олександр Маліцький
tm:51531,Артем Касьянов
w:1986-05-31:horbushin,Дмитро Горбушин
tm:34773,Володимир Прийомов
tm:29671,Олег Шандрук
w:1982-10-09:savanchuk,Олександр Саванчук
w:1977-04-15:brhles,Даріо Брглес
w:1984-02-21:brazeiro,Жадер
tm:25758,Джаба Канкава
w:1984-02-24:tsihirlash,Ігор Цигирлаш
w:1981-11-14:ptachik,Олег Птачик
w:1984-07-14:martsvaladze,Отар Марцваладзе
tm:37303,Желько Любенович
w:1981-06-17:venans,Венанс Зезе
w:1984-02-22:krivoshev,Олексій Кривошеєв
tm:25891,Анатолій Діденко
w:1986-03-05:kostiuk,Сергій Костюк
w:1985-06-08:osmani,Тефік Османі
w:1973-12-10:liubisha,Любіша Ранкович
tm:49000,Ігор Коротецький
w:1976-09-10:marius,Маріус Міту
w:1981-04-24:prohorov,Федір Прохоров
w:1974-05-05:falemi,Нана Фалемі
w:1982-06-25:ohanian,Карен Оганян
w:1976-01-10:levan,Леван Цкітішвілі
w:1981-01-17:stasovski,Олександр Стасовський
tm:57856,Дмитро Бабенко
w:1983-12-16:dancho,Данчо Масев
tm:91366,Олександр Акименко
w:1981-02-15:djordjevich,Славолюб Джорджевич
w:1978-09-02:aleksandar,Александар Томовський
w:1985-12-22:kitsuta,Анатолій Кіцута
w:1977-08-28:kovalenko,Дмитро Коваленко
w:1984-09-22:djozef,Джозеф Еїмофе
w:1979-03-01:hbenha,Гбенга Окуново
w:1981-09-28:markovich,Мар'ян Маркович
w:1985-05-10:vorobei,Дмитро Воробей
w:1985-01-20:lutsenko,Роман Луценко
w:1985-01-14:papush,Олександр Папуш
w:1985-02-16:bashlai,Андрій Башлай
w:1977-05-11:alves,Маркос Пауло
w:1980-11-15:zaichuk,Владислав Зайчук
w:1982-01-28:sasha,Саша Ціліншек
w:1986-04-22:kruhliak,Андрій Кругляк
w:1980-05-24:ivitsa,Івіца Жулєвич
w:1985-04-01:ochuko,Очуко Оджобо
w:1987-06-25:skarlosh,Андрій Скарлош
w:1986-11-02:bondarenko,Михайло Бондаренко
w:1982-12-06:podrobaha,Анатолій Подробаха
w:1982-01-02:vokalchuk,Сергій Вокальчук
tm:72899,Олександр Ситник
w:1984-07-16:pidhaini,Артем Підгайний
w:1985-02-09:kaminski,Василь Камінський
w:1980-11-18:artomov,Сергій Артьомов
w:1989-07-12:ribkovski,Павло Рибковський
w:1989-09-25:maidan,Руслан Майдан
w:1978-07-03:barishev,Віктор Баришев
w:1984-01-15:kriuchihin,Сергій Крючихін
w:1974-07-13:florinel,Флорінел Міря
w:1986-04-17:semiriak,Іван Семиряк
w:1982-01-23:bojich,Мілан Божіч
w:1984-01-01:shpak,Сергій Шпак
w:1984-06-18:evlanov,Артем Євланов
tm:71725,Олександр Надь
w:1980-08-16:ioksimovich,Ігор Йоксімович
w:1983-06-16:buri,Олександр Бурий
w:1980-12-29:karlos,Корреа
tm:8669,Мілан Обрадович
w:1980-07-27:batista,Батіста
w:1986-07-29:kovel,Леонід Ковель
tm:25845,Олексій Антонов
w:1980-10-18:dos,Жоземар
w:1980-01-03:irmartas,Ірмартас Зельмікас
w:1977-06-07:nijehorodov,Геннадій Нижегородов
tm:15593,Сергій Самодін
w:1979-10-27:drahan,Драган Перішич
w:1983-07-20:bito,Сендлей Біто
tm:58002,Володимир Федорів
w:1981-06-07:oliveira,Сержіо
tm:49008,Віталій Мандзюк
w:1982-12-21:onischenko,Олег Онищенко
tm:58238,Микита Каменюка
tm:25823,Віталій Денисов
tm:61462,Рінар Валєєв
tm:58042,Ігор Худоб'як
w:1981-07-18:davidson,Давідсон
tm:36149,Йован Маркоскі
w:1984-09-19:aristid,Арістід Бансе
w:1980-10-26:burduli,Владімер Бурдулі
w:1984-06-29:hrumich,Мирослав Грумич
tm:28179,Младен Бартулович
w:1983-01-20:artola,Даніель Фернандес
tm:59908,Євген Селезньов
w:1985-06-07:shmakov,Євгеній Шмаков
w:1984-02-03:petrivski,Тарас Петрівський
w:1987-12-09:alan,Алан
w:1978-04-12:dias,Флавіо
tm:59038,Віталій Гавриш
w:1979-09-01:shashiashvili,Георгій Шашіашвілі
tm:59074,Петро Ковальчук
tm:59970,Тарас Степаненко
w:1981-02-28:abdulae,Абдулає Джіре
w:1977-02-07:paulo,Пауло Сезар
w:1974-02-09:iohan,Йорді Кройф
w:1984-03-10:tsiharav,Ян Тігорєв
w:1975-08-25:erve,Ерве Лембі-Нзело
w:1981-06-24:rajkov,Ігор Рожков
w:1985-07-29:artiuh,Сергій Артюх
w:1983-01-20:miroslav,Мирослав Ріканович
w:1983-03-27:henri,Генрі Ндрека
w:1975-07-25:deonas,Вадим Деонас
tm:59150,Ахмед Янузі
w:1981-04-18:pankavets,Олексій Панковець
w:1980-08-08:bilikbashi,Доріан Биликбаші
tm:59973,Віталій Вернидуб
w:1986-10-24:chelidze,Георге Челідзе
w:1983-02-28:nvoa,Онєкачі Нвоа
w:1988-09-29:diop,Серіні Діоп
w:1983-08-11:aladashvili,Кахабер Аладашвілі
tm:58970,Євген Шахов
w:1983-10-10:holoporov,Владислав Голопьоров
tm:48974,Луїс Адріано
tm:58000,Артем Федецький
w:1984-12-31:demba,Демба Туре
w:1988-04-24:balaj,Балаж Фаркаш
tm:59047,Василь Грицук
w:1980-11-24:ronald,Рональд Шіклич
tm:59984,Тарас Лазарович
w:1988-10-04:borsh,Руслан Борш
w:1978-07-01:amor,Амор Дербаль
w:1979-05-30:kutsenko,Андрій Куценко
tm:59277,Дмитро Козаченко
w:1985-10-03:salatin,Вадим Салатін
w:1982-08-12:marko,Марко Мілованович
w:1983-06-12:kaniuk,Андрій Канюк
w:1987-03-22:jeniuh,Олег Женюх
w:1989-02-07:svorak,Ярослав Сворак
tm:58150,Андрій Ткачук
w:1982-02-06:zelenbaba,Владимир Зеленбаба
w:1987-04-16:evsev,Євген Євсєєв
tm:59985,Євген Сантрапинських
w:1981-12-13:chamba,Поль Ессола
w:1986-02-25:hai,Антон Гай
w:1984-12-15:davit,Давіт Імедашвілі
tm:57895,Денис Олійник
tm:59148,Олександр Воловик
tm:59024,Євген Боровик
w:1982-02-05:ivoso,Патрік Івоссо
w:1982-12-11:aleksandar,Александар Стоймірович
w:1979-08-21:salhi,Тауфік Салхі
w:1988-10-04:barabadze,Реваз Барабадзе
w:1986-03-09:bebeindei,Руді Бебей-Ндей
w:1986-02-25:zborovski,Андрій Зборовський
w:1988-11-24:ribalchenko,Вадим Рибальченко
w:1985-11-28:patiak,Олег Патяк
w:1985-07-04:popov,Андрій Попов
tm:59964,Євген Пісоцький
w:1977-10-28:haev,Володимир Гаєв
tm:58072,Ярослав Мартинюк
w:1984-07-06:bobilev,Володимир Бобилєв
tm:58016,Олег Голодюк
w:1986-02-27:hrinchenko,Микола Грінченко
w:1986-02-10:kavatsiv,Ярема Каваців
w:1979-08-24:aimen,Аймен Бушюа
w:1983-10-05:mostovi,Артем Мостовий
tm:58392,Віталій Федорів
tm:59389,Микола Морозюк
tm:58418,Вадим Мілько
w:1986-10-04:antoniuk,Дмитро Антонюк
tm:58417,Станіслав Микицей
tm:58425,Ігор Ощипко
w:1988-01-13:shibko,Андрій Шибко
tm:58389,Олег Допілка
tm:58405,Артем Кравець
tm:58413,Володимир Лисенко
tm:58402,Максим Ковальов
tm:58403,Денис Кожанов
w:1986-11-20:sviridov,Платон Свиридов
w:1988-05-15:shavrin,Вадим Шаврін
tm:58440,Сергій Шевчук
w:1986-03-09:ermak,Олег Єрмак
tm:59407,Сергій Барілко
w:1987-09-14:nazarenko,Дмитро Назаренко
w:1989-09-05:kablash,Олександр Каблаш
w:1981-01-26:almir,Алмір Сулейманович
w:1976-08-27:andrian,Андріан Богдан
w:1986-10-12:kostishin,Віталій Костишин
w:1981-09-16:nikitski,Максим Нікитський
tm:58073,Юрій Мартищук
w:1988-03-31:hrihorik,Андрій Григорик
tm:59115,Віталій Павлов
w:1988-02-11:jadan,Артем Жадан
w:1986-03-21:kupalni,Олександр Купальний
w:1987-06-19:kondratiuk,Богдан Кондратюк
w:1989-02-01:protsiuk,Олександр Процюк
w:1977-02-09:adriano,Адріано Спадото
w:1986-01-16:timchenko,Ігор Тимченко
w:1987-01-20:ilesku,Денис Ілеску
w:1985-05-30:shevchenko,В'ячеслав Шевченко
w:1987-04-18:parhomenko,Сергій Пархоменко
w:1978-11-12:shaib,Шаїб Туре
w:1982-05-01:orbeladze,Сергі Орбеладзе
w:1984-09-20:konovalov,Роман Коновалов
w:1986-02-19:krujilin,Олександр Кружилін
w:1979-08-15:akobian,Арам Акобян
w:1985-01-02:banhura,Ісмаель Бангура
tm:52937,Ілсіньйо
w:1983-02-16:anderson,Міхаель
w:1975-10-04:kristiano,Крістіано Лукареллі
w:1980-11-04:maidana,Родріго Васкес
tm:54816,Дмитро Льопа
w:1979-05-13:alehandro,Альваро Мельо
w:1984-06-21:diakat,Пап Діакате
w:1986-02-28:avelino,Жажа
w:1983-11-30:jankarlos,Паоло де ла Аса
w:1982-02-26:damian,Даміан Гіменез
tm:52769,Віліан
w:1980-01-07:biletski,Максим Білецький
w:1989-04-27:bili,Максим Білий
w:1986-10-28:holek,Маріо Голек
tm:58961,Максим Пашаєв
w:1982-05-17:haiduchek,Павел Хайдучек
w:1977-07-16:dikan,Андрій Дикань
w:1978-08-19:hvozdenovich,Іван Гвозденович
w:1978-04-21:fernandes,Рікардо Фернандес
tm:43934,Йонуц Мазілу
w:1980-10-15:hidi,Іслі Хіді
w:1984-06-13:alberto,Нері Кастільо
w:1977-09-17:husev,Ролан Гусєв
tm:57888,Павло Ксьонз
w:1981-02-22:aurimas,Аурімас Кучис
w:1976-10-30:bulut,Ерол Булут
w:1981-05-19:karpenko,Сергій Карпенко
w:1982-04-01:arhuedas,Едгар Вільямарін
w:1981-03-03:bulku,Ервін Булку
w:1982-11-18:despotovski,Філіп Деспотовський
w:1983-01-09:danel,Осмар Феррейра
tm:59142,Олександр Ситнік
w:1976-07-22:kretov,Анатолій Кретов
tm:45343,Олег Гуменюк
w:1980-07-27:shahoika,Олександр Шагойка
w:1984-02-01:arakelian,Арарат Аракелян
w:1985-06-08:romanenko,Володимир Романенко
w:1986-09-01:sheptitski,Олег Шептицький
w:1979-08-08:iurevich,Олександр Юревич
w:1979-12-13:iuritsa,Юріца Пул'їз
w:1984-02-23:danishevski,Олександр Данішевський
w:1984-03-15:melkonian,Самвел Мелконян
w:1983-08-05:hisham,Гішам Мадуфі
tm:58606,Сергій Політило
w:1984-06-07:kikot,Андрій Кікоть
w:1988-08-16:zavarov,Валерій Заваров
w:1978-09-25:dobre,Лучіан Добре
tm:74089,Сергій Кривцов
w:1983-06-09:lazarevski,Владе Лазаревскі
w:1978-11-14:melnichuk,Андрій Мельничук
tm:85626,Сергій Зеньов
w:1989-09-24:zaharevich,Ярослав Захаревич
tm:69913,Кирило Ковальчук
w:1981-12-09:babai,Шпетім Бабай
tm:57901,В'ячеслав Шарпар
w:1973-07-19:ailton,Аїлтон
tm:49030,Денис Васін
w:1978-10-21:iovanovich,Марко Йованович
w:1986-07-25:abdulae,Ібрагім Абдулає
tm:58949,Євгеній Коноплянка
w:1981-08-31:bakovich,Бранко Бакович
w:1983-05-14:fernandes,Хосе Карлос Фернандес
w:1988-11-12:chesnakov,Володимир Чеснаков
w:1987-03-25:lutsik,Антон Луцик
w:1980-07-11:ikedia,Піус Ікедія
w:1986-07-28:lubenets,Максим Лубенець
tm:69015,Андрій Ярмоленко
w:1989-02-09:kostiuk,Василь Костюк
w:1989-02-05:hovbosha,Дмитро Ховбоша
w:1982-03-29:davidov,Олег Давидов
tm:70767,Роман Зозуля
tm:59440,Антон Поступаленко
tm:59423,Олексій Курілов
tm:56698,Александер Кобахідзе
w:1989-06-20:omelchenko,Олексій Омельченко
w:1983-06-26:ervis,Ервіс Края
w:1986-06-26:klimov,Василь Клімов
w:1988-07-29:sikorski,Ігор Сікорський
w:1984-03-02:lozo,Ігор Лозо
w:1988-05-18:krivi,Максим Кривий
tm:74843,Віталій Іванко
w:1981-02-21:vitoshinski,Андрій Вітошинський
w:1984-04-26:kazankov,Віталій Казанков
w:1987-01-11:sahniuk,Григорій Сахнюк
w:1982-06-19:zeinalov,Руслан Зейналов
w:1988-08-01:barishnikov,Євген Баришніков
w:1979-08-08:lomaia,Георгі Ломая
w:1986-06-13:zeldi,Сергій Зелді
w:1983-01-23:minia,Мінья Попович
w:1985-03-14:charlz,Чарльз Невуче
w:1983-07-18:djihani,Паріт Джіхані
tm:18445,Бетао
w:1981-07-28:leal,Маріо Сержіо
tm:15033,Велізар Дімітров
tm:27954,Огнєн Вукоєвич
tm:27108,Константінос Макрідіс
w:1981-02-02:chiprian,Чіпріан Тенасе
w:1985-07-29:djonatan,Джонатан Майдана
w:1981-09-09:eke,Санні Еке
w:1987-03-19:eremenko,Роман Єременко
w:1987-06-18:marselo,Марсело Морено
tm:82599,Валерій Федорчук
w:1980-02-14:boaventura,Вільям Боавентура
w:1984-02-22:romaniuk,Віталій Романюк
w:1986-07-22:baranets,Борис Баранець
tm:82608,Павло Худзік
tm:35908,Мірко Райчевич
tm:36934,Іван Мілошевич
w:1984-05-27:jdanov,Олександр Жданов
w:1985-03-13:alsides,Алсідес
w:1982-04-15:dos,Жоао Педро
w:1982-02-26:fabio,Фабіо
w:1981-08-04:asatiani,Малхаз Асатіані
w:1986-05-30:juk,Володимир Жук
tm:105362,Адольф Тейку
w:1981-01-09:biahanski,Павло Беганський
w:1984-02-28:kalonas,Міндаугас Калонас
w:1986-05-17:lima,Северіно
w:1986-02-16:anibal,Вальтер Асеведо
w:1985-11-09:aleksander,Александер Гурулі
tm:87097,Сергій Рудика
w:1983-03-05:melnik,Ігор Мельник
w:1985-03-15:ilkiv,Ігор Ільків
w:1983-03-02:hordenko,Дмитро Гордієнко
w:1986-08-15:bolohan,Вадим Болохан
w:1987-06-14:baha,Жюль Бага
tm:86931,Євген Опанасенко
tm:45812,Джордже Лазич
tm:85973,Андрій Гринченко
w:1978-01-04:kazaniuk,Олександр Казанюк
tm:77853,Роман Локтіонов
w:1988-03-16:rad,Андрій Радь
w:1980-10-06:nudni,Сергій Нудний
w:1983-02-24:erik,Ерік Камдем
tm:105534,Артур Каськов
w:1988-05-31:furta,Юрій Фурта
w:1985-07-09:ernesto,Пабло Вітті
w:1987-01-23:kolesnichenko,Сергій Колесниченко
w:1983-12-19:nikola,Нікола Васілєвич
w:1984-07-31:durai,Тарас Дурай
w:1984-04-08:nemania,Неманья Тубич
w:1989-03-24:fartushniak,Андрій Фартушняк
w:1988-10-22:hilerme,Гільєрме
w:1990-03-12:vladov,Дмитро Владов
tm:58947,Віталій Каверін
tm:59265,Сергій Ференчак
tm:85969,Олександр Бандура
tm:87893,Василь Прийма
w:1987-01-23:dankiv,Андрій Даньків
tm:92649,Дмитро Зозуля
w:1983-03-03:tarasenko,Євген Тарасенко
w:1987-05-03:arturs,Артурс Сілагайліс
w:1988-08-17:beka,Бека Гоцірідзе
tm:58946,Артур Карноза
tm:109314,Андрій Нестеров
w:1987-01-19:artomenko,Олександр Артьоменко
w:1989-07-15:bohomazov,Андрій Богомазов
tm:59442,Євген Селін
tm:70919,Володимир Бідловський
w:1983-09-27:shapiatovski,Віталій Шап'ятовський
tm:91450,Олег Міщенко
tm:58945,Антон Каніболоцький
w:1991-02-07:balashov,Віталій Балашов
w:1982-10-12:bulichev,Юрій Буличев
w:1991-02-27:vorobei,Максим Воробєй
tm:112953,Дмитро Безотосний
tm:82610,Михайло Козак
w:1981-09-26:kolins,Колінс Нгаха
tm:62533,Ігор Силантьєв
w:1989-11-04:kechedji,Олександр Кечеджі
w:1990-07-15:frank,Франк Теміле
w:1980-03-30:butenko,Роман Бутенко
tm:110028,Артем Чорній
w:1989-04-07:hodanovich,Ігор Ходанович
w:1988-04-03:iahno,Максим Яхно
w:1985-08-16:leonidov,Олег Леонідов
w:1989-04-10:klimavichius,Лінас Клімавічюс
w:1986-02-16:lischuk,Олександр Ліщук
tm:97567,Роман Безус
w:1984-05-09:prihodko,Сергій Приходько
tm:58954,Євген Пєсков
w:1989-06-04:nahirni,Ігор Нагірний
tm:59978,Євген Задоя
w:1988-11-06:davidov,Кирило Давидов
tm:58950,Володимир Коробка
w:1989-06-09:iavorski,Тарас Яворський
w:1989-01-02:sahaidak,Андрій Сагайдак
w:1985-10-15:deineko,Євген Дейнеко
w:1989-02-02:romanov,Руслан Романов
tm:92567,Андрій Богданов
w:1989-01-26:meporia,Іка Мепорія
w:1988-05-22:jerebtsov,Віталій Жеребцов
w:1989-02-17:sirik,Артур Сірик
tm:97727,Ігор Тищенко
tm:112364,В'ячеслав Рябов
w:1988-08-30:hurski,Андрій Гурський
w:1980-03-21:koziuberda,Сергій Козюберда
w:1983-07-24:kornutiak,Володимир Корнутяк
tm:111074,Артур Западня
w:1988-09-04:melnik,Сергій Мельник
tm:58252,Сергій Сімінін
w:1989-11-07:ushakov,Євген Ушаков
tm:58093,Андрій Новак
w:1985-05-06:shevchuk,Юрій Шевчук
w:1988-09-25:fedota,Дмитро Федота
w:1989-08-29:palamarchuk,Владислав Паламарчук
tm:91801,Олександр Скляр
w:1979-01-03:korea,Рожеріо
w:1984-05-25:lesko,Артур Лесько
w:1989-02-26:boichenko,Валерій Бойченко
w:1987-03-14:almeida,Леандро Алмейда
tm:75615,Дуглас Коста
tm:55735,Генріх Мхітарян
tm:69004,Євген Хачеріді
tm:61952,Данило Сілва
w:1985-06-13:alenkor,Герсон Маграо
tm:91549,Валерій Куценко
tm:58467,Мусавенкосі Мгуні
tm:91365,Андрій Воронков
tm:28964,Саулюс Міколюнас
w:1983-11-03:aparesido,Вінісіус
tm:120211,Максим Коваль
tm:94926,Олександр Кас'ян
tm:73769,Зе Соарес
w:1985-08-14:huardia,Маурісіо Сауседо
tm:89222,Ярослав Ракицький
tm:58958,Олександр Матвєєв
tm:55975,Уча Лобжанідзе
tm:59249,Іван Матяж
tm:91479,Сергій Яворський
w:1978-07-24:florin,Флорін Шоава
w:1978-11-09:miroshnichenko,Артем Мірошниченко
w:1978-09-08:mantas,Мантас Самусіовас
tm:76071,Леандро
w:1984-03-29:chavdar,Чавдар Янков
w:1987-05-08:vasilev,Денис Васільєв
w:1988-02-18:hustavo,Густаво Пінедо
w:1983-09-25:burkhardt,Марцін Буркхардт
tm:22378,Лео Матос
w:1983-03-24:eromenko,Олексій Єрьоменко
w:1988-08-06:karaush,Васіле Карауш
w:1983-02-22:darius,Даріус Міцейка
tm:91312,Антон Шендрік
w:1982-07-25:len,Іван Лень
w:1981-07-16:lisitsin,Євген Лисицин
tm:59434,Артем Путівцев
w:1989-10-03:habedava,Гіоргі Габедава
tm:49016,Євген Паст
w:1985-09-29:haushi,Богдан Хауші
tm:91931,Денис Бойко
tm:94923,Ігор Чайковський
tm:91259,Юрій Штурко
w:1985-04-17:ivashkevichius,Кестутіс Івашкевічюс
w:1982-10-11:aholi,Ансі Аголлі
w:1979-02-23:komlonok,Віктор Комльонок
w:1987-11-09:kim,Кім Пюнг Рае
tm:124182,Сергій Сидорчук
w:1986-05-31:aleksev,Сергій Алексєєв
tm:122088,Артем Громов
w:1980-04-19:harmash,Денис Гармаш
w:1983-07-15:malish,Ігор Малиш
w:1987-03-27:danel,Ернан Фредес
tm:91380,Дмитро Коркішко
tm:94931,Віталій Віценець
tm:66515,Алекс Тейшейра
w:1987-07-27:sirota,Максим Сирота
w:1989-11-20:artak,Артак Дашян
w:1986-01-25:ponomarov,Олександр Пономарьов
w:1984-07-29:oleksandru,Александру Оніка
w:1988-03-11:andronik,Ігор Андронік
tm:92575,Юрій Габовда
w:1988-09-05:iakimenko,Олександр Якименко
w:1983-02-13:kaschelan,Младен Кашчелан
tm:92046,Сергій Погорілий
w:1982-10-27:hediminas,Гедімінас Паулаускас
tm:134761,Олександр Волков
w:1984-08-14:luksha,Вітаутас Лукша
w:1987-04-06:hvan,Хван Хун Хі
tm:130907,Євген Зарічнюк
tm:25821,Олександр Бондаренко
w:1983-02-19:julio,Жуліо Сезар
w:1980-05-04:kolesnichenko,Владімірс Колесніченко
tm:77847,Дмитро Непогодов
w:1991-03-01:riabi,Руслан Рябий
tm:121026,Юрій Путраш
tm:97335,Ігор Пластун
w:1990-05-25:kohman,Андрій Кохман
tm:108710,Владислав Калітвінцев
tm:58427,Кирило Петров
tm:94925,Єгор Картушов
tm:111072,Владислав Огіря
tm:120996,Володимир Гудима
w:1988-06-27:bidni,Єгор Бідний
tm:59877,Руслан Черненко
tm:58977,Сергій Вовкодав
w:1990-02-08:shevchuk,Антон Шевчук
w:1990-02-12:misko,Павло Місько
w:1990-01-02:didik,Ігор Дідик
w:1990-06-05:mali,Сергій Малий
w:1990-08-17:karabaev,Дмитро Карабаєв
w:1985-04-01:boiovich,Дарко Бойович
w:1978-03-07:hudzikevich,Станіслав Гудзікевич
w:1987-08-27:bochkur,Роман Бочкур
w:1981-10-25:ilchishin,Андрій Ільчишин
w:1983-03-29:kalinichenko,Віталій Калініченко
w:1984-01-09:fedorenko,Андрій Федоренко
w:1982-11-25:arinton,Аррінтон Міна
tm:27378,Клейтон Шав'єр
tm:30803,Крістіан Вільягра
tm:76028,Тайсон
tm:53477,Джонатан Крістальдо
tm:19721,Горан Попов
tm:24633,Едуардо
w:1984-01-07:kucherenko,Сергій Кучеренко
tm:39253,Антон Шиндер
tm:9369,Айоделе Аделеє
w:1989-06-01:inkum,Самуель Інкум
tm:94922,Богдан Бутко
tm:89427,Євген Пічкур
tm:36075,Саша Стевич
w:1981-06-17:paraskiv,Сорін Парасків
tm:35633,Іржі Єслінек
tm:66472,Бесарт Ібраїмі
tm:43938,Разван Кочіш
w:1989-11-21:kiva,Андрій Ківа
w:1982-12-12:asipenka,Дмитро Осипенко
tm:91349,Олександр Жабокрицький
w:1985-03-08:lukas,Лукаш Тесак
w:1983-03-08:alehandre,Клейтон Сільва
tm:54375,Джуліано
w:1989-06-09:avelar,Даніло Авелар
tm:39799,Іван Стрінич
tm:127349,Майкон Олівейра
tm:26303,Мартін Богатінов
tm:122317,Віталій Гошкодеря
tm:36109,Дамір Кахріман
tm:59896,Дмитро Хомченовський
w:1990-10-10:fanendo,Фанендо Аді
tm:177291,Станіслав Причиненко
tm:34641,Даріян Матич
tm:97859,Євген Павлов
w:1989-05-19:tkachov,Сергій Ткачов
w:1988-05-14:borha,Борха Гомес
w:1985-04-05:emanuel,Фабіо Морейра
tm:155964,Андрій Цуріков
w:1985-11-24:fabiano,Фабіано
w:1982-10-16:veremko,Сергій Веремко
tm:99863,Пилип Будківський
w:1986-05-02:haruna,Сані Кайта
w:1987-06-17:hraf,Іван Граф
w:1987-11-08:leshko,Павло Лешко
w:1983-05-13:arbi,Мохамед Арурі
tm:73185,Лукас Перес
w:1983-10-19:dimitri,Дімітрі Татанашвілі
tm:57748,Матеус Лопес
tm:103950,Роман Ємельянов
tm:77490,Ігор Худобяк
w:1988-01-29:karkovski,Богдан Карковський
w:1985-12-12:ndoe,Ісса Ндоє
w:1987-07-05:skepski,Денис Скепський
tm:70869,Грегор Балажиц
w:1980-10-02:andrade,Філіпе Тейшейра
tm:97835,Дмитро Єременко
w:1990-08-24:berezovski,Ігор Березовський
w:1983-12-03:izvoranu,Сільвіу Ізворану
tm:42550,Мате Гвініанідзе
w:1989-07-06:nasibulin,Владислав Насібулін
tm:177688,Міхель Бабатунде
w:1990-06-30:bertohlio,Факундо Бертольйо
w:1984-03-28:kultishev,Артем Култишев
tm:123366,Роман Годований
w:1985-12-11:durovski,Маріо Джуровскі
tm:88102,Карлен Мкртчян
tm:94928,Руслан Бабенко
tm:137939,Торніке Окріашвілі
w:1991-04-17:polischuk,Олег Поліщук
w:1988-10-14:djenison,Дженісон
tm:91537,Віталій Приндета
tm:104351,Рамон Лопес
w:1990-09-27:andre,Андре
w:1984-06-20:muhovikov,Антон Муховиков
w:1987-09-15:frank,Франк Маду
tm:35245,Матеус
w:1984-12-28:piskun,Владислав Піскун
tm:85430,Джаба Ліпартія
tm:130041,Дмитро Гречишкін
tm:89556,Віталій Федотов
tm:91563,Олексій Бабир
w:1986-02-27:karpovich,Максим Карпович
w:1989-08-03:ado,Даніель Аддо
w:1988-02-24:matia,Матія Шпичич
tm:87864,Ашраф Халфауї
w:1979-06-04:adrian,Адріан Няга
w:1984-01-17:rachich,Стеван Рачич
w:1991-07-28:lukash,Лукаш Штетіна
w:1988-12-24:luhachov,Єгор Лугачов
w:1990-05-27:tsakich,Михайло Цакич
tm:114658,Сергій Воронін
w:1984-04-15:aleisho,Леонардо
w:1984-12-21:alberto,Тіаго Констанціа
w:1990-08-17:diakiv,Ростислав Дяків
tm:157373,Владлен Юрченко
tm:93105,Ігор Литовка
w:1990-02-04:tolstiak,Олександр Толстяк
tm:163481,Юрій Глушко
w:1991-04-19:bruno,Бруно Ренан
w:1983-03-25:enrike,Нельсон Рівас
w:1988-08-29:pleshakov,Юрій Плешаков
w:1990-07-16:pohoreltsev,Роллан Погорельцев
tm:59083,Олег Бараннік
w:1982-06-25:aleksandar,Александар Младенов
tm:86466,Євгеній Ткачук
w:1991-03-02:kisli,Микита Кислий
tm:164247,Степан Гірський
w:1989-05-27:tistik,Ігор Тістик
w:1990-02-21:shumilin,Сергій Шумілін
w:1984-11-18:jdankov,Дмитро Жданков
tm:59045,Павло Грищенко
tm:166584,Микита Полюлях
tm:59290,Антон Савін
tm:166586,Ян Ковалевський
w:1991-10-25:moisenko,Олексій Моісеєнко
tm:91527,Роман Карасюк
w:1988-09-12:adeni,Айодеджі Браун
tm:155843,Антон Кіча
w:1989-10-03:butenin,Артем Бутенін
w:1991-01-18:spichka,Іван Спичка
tm:91341,Андрій Шевчук
w:1989-02-13:batista,Джеферсон
w:1979-03-14:ramovich,Сід Рамовіч
w:1987-00-00:ribka,Олександр Рибка
tm:64308,Браун Ідейє
tm:36371,Нікола Калинич
tm:20137,Хосе Соса
w:1985-00-00:polevoi,Володимир Польовий
tm:140561,Майкл Одібе
w:1981-00-00:pshenichnih,Сергій Пшеничних
w:1983-00-00:jadson,Жадсон
w:1983-00-00:alvesh,Едуардо
w:1984-00-00:markos,Маркос Піццеллі
tm:39792,Марин Любичич
tm:53523,Марко Торсільєрі
w:1986-00-00:antonov,Олексій Антонов
tm:55115,Давид Таргамадзе
tm:54576,Себастьян Бланко
tm:36732,Драман Траоре
tm:18091,Дерек Боатенг
tm:52787,Дентіньйо
tm:45341,Джордже Флореску
tm:24976,Ванче Шиков
w:1988-00-00:lukas,Лукас Перес
tm:55734,Геворг Казарян
w:1983-00-00:filo,Зе Соарес
w:1991-00-00:balashov,Віталій Балашов
tm:70754,Денис Гармаш
w:1989-00-00:beli,Максим Білий
tm:58514,Еліс Бакай
tm:37301,Велі Лампі
w:1988-00-00:boiko,Денис Бойко
tm:35435,Лучан Бурдужан
tm:68778,Марлос
w:1988-00-00:chesnakov,Володимир Чеснаков
tm:91419,Олексій Довгий
tm:66058,Адмір Мехмеді
tm:62515,Іван Бобко
tm:93077,Сергій Старенький
w:1982-00-00:shimanek,Войцех Шиманек
tm:104331,Лукман Аруна
w:1989-00-00:mahnovski,Костянтин Махновський
w:1981-00-00:kabanov,Тарас Кабанов
w:1981-00-00:donets,Андрій Донець
tm:30694,Хуан Мануель Торрес
tm:23443,Ондржей Мазух
tm:41372,Ян Масло
w:1990-00-00:adi,Фанендо Аді
w:1984-00-00:andres,Себастьян Сетті
w:1979-00-00:salhi,Тауфік Салхі
w:1992-00-00:alimi,Джаміу Алімі
tm:90255,Франтішек Кубік
w:1982-00-00:enrike,Гоебер Майя
tm:26200,Крісті Вангелі
tm:64711,Пабло Фонтанельйо
w:1985-00-00:kiril,Кирило Сидоренко
tm:91727,Андрій Гітченко
w:1990-00-00:beli,Максим Білий
w:1989-00-00:shelihov,Денис Шеліхов
w:1987-00-00:ksenz,Павло Ксьонз
w:1984-00-00:tsihirlash,Ігор Цигирлаш
tm:47375,Іван Родич
tm:4678,Маркус Бергер
tm:130824,Євген Зубейко
tm:60324,Грегорі Нелсон
w:1988-00-00:borha,Борха Гомес
w:1982-00-00:zeinalov,Руслан Зейналов
tm:54565,Душан Савич
w:1986-00-00:havrish,Віталій Гавриш
w:1984-00-00:krespo,Крістобаль Маркес
w:1988-00-00:lisenko,Володимир Лисенко
w:1988-00-00:hurski,Андрій Гурський
tm:44662,Шумахер
w:1990-00-00:kampos,Данілу Соуза
w:1993-00-00:irakli,Іраклі Месхія
tm:92158,Абейку Куанса
w:1986-00-00:shendrik,Антон Шендрик
w:1976-00-00:zakarliuka,Сергій Закарлюка
w:1984-00-00:romaniuk,Віталій Романюк
w:1982-00-00:kovalchuk,Сергій Ковальчук
w:1986-00-00:haruna,Сані Кайта
w:1987-00-00:enrike,Леонардо Велозо
w:1986-00-00:timchenko,Ігор Тимченко
w:1984-00-00:cherednichenko,Ігор Чередниченко
tm:102572,Юрій Паньків
tm:42622,Леандро
w:1987-00-00:kralik,Ян Кралік
tm:90768,Ярослав Олійник
tm:43495,Сергій Пилипчук
w:1974-00-00:reva,Віталій Рева
tm:91529,Ярослав Кінаш
tm:114937,Дуду
w:1989-00-00:kovalev,Максим Ковальов
w:1989-00-00:sahnevich,Андрій Сахневич
w:1985-00-00:shevchenko,В'ячеслав Шевченко
w:1988-00-00:lepa,Дмитро Льопа
w:1984-00-00:djimi,Джиммі Франса
tm:8480,Сіто Рієра
tm:120144,Євген Будник
w:1991-00-00:artur,Артур Каськов
tm:135172,Ігор Озарків
w:1991-00-00:bruno,Бруно Ренан
w:1984-00-00:dalibor,Далибор Стеванович
tm:99490,Муртаз Даушвілі
tm:96498,Олександр Насонов
w:1991-00-00:ehor,Єгор Іванов
w:1990-00-00:miroslav,Мирослав Славов
w:1989-00-00:habovda,Юрій Габовда
tm:64104,Саша Балич
w:1991-00-00:turchanov,В'ячеслав Турчанов
w:1978-00-00:kazaniuk,Олександр Казанюк
tm:85563,Домінік Адійя
tm:217760,Олексій Казаков
w:1991-00-00:abdulvahid,Абдулвахід Афолабі
w:1981-00-00:pischur,Олександр Пищур
w:1988-00-00:henev,Віктор Генев
tm:13113,Марко Не
w:1982-00-00:osipenko,Дмитро Осипенко
tm:203074,Іван Петряк
w:1990-00-00:eremenko,Дмитро Єрьоменко
w:1984-00-00:solianik,Руслан Соляник
tm:60790,Тоні Шунич
w:1988-00-00:hoshkoderia,Віталій Гошкодеря
w:1993-00-00:miakushko,Сергій Мякушко
tm:24670,Нікола Ігнятієвич
tm:138292,Борис Тащі
tm:81649,Сергій Рибалка
w:1989-00-00:voronkov,Андрій Воронков
w:1985-00-00:kink,Тармо Кінк
tm:155275,Андрій Слінкін
tm:13028,Ерік Матуку
w:1985-00-00:erik,Ерік Перейра
w:1991-00-00:esekel,Херман Пачеко
w:1987-00-00:barilko,Сергій Барилко
w:1986-00-00:besart,Бесарт Ібраїмі
w:1991-00-00:cheremisin,Олексій Черемісін
w:1981-00-00:jelko,Желько Любенович
tm:81349,Антоніо Яколіш
tm:224736,Артем Барановський
w:1981-00-00:dino,Діно Дрпич
w:1984-00-00:romanchuk,Олександр Романчук
w:1990-00-00:iliuk,Максим Ілюк
w:1990-00-00:budnik,Євген Будник
w:1988-00-00:andre,Тьягу Террозу
w:1987-00-00:nazarenko,Дмитро Назаренко
w:1991-00-00:batischev,Олександр Батищев
w:1989-00-00:zaharevich,Ярослав Захаревич
w:1987-00-00:david,Давид Янчик
w:1990-00-00:artur,Артур Западня
w:1983-00-00:hodvin,Самсон Годвін
w:1980-00-00:smirnov,Дмитро Смирнов
w:1986-00-00:bolohan,Вадим Болохан
tm:104505,Алан Патрік
w:1992-00-00:emelianov,Роман Ємельянов
w:1989-00-00:kichak,Артем Кичак
w:1986-00-00:kravchenko,Костянтин Кравченко
tm:204406,Артем Радченко
tm:206054,Павло Мягков
tm:207074,Олександр Андрієвський
w:1994-00-00:azatski,Олександр Азацький
tm:211314,Денис Барвінко
tm:106928,Сергій Ситало
w:1990-00-00:mihalev,Ілля Михальов
tm:201671,Ігор Пердута
tm:226014,Сергій Ченбай
tm:208469,Володимир Костевич
w:1993-00-00:kiril,Кирило Ковалець
w:1980-00-00:batista,Вільям Батіста
w:1985-00-00:rojok,Сергій Рожок
w:1989-00-00:ritvar,Рітварс Ругінс
w:1989-00-00:akimov,В'ячеслав Акімов
w:1991-00-00:juk,Василь Жук
w:1988-00-00:bobuh,Артем Бобух
w:1986-00-00:barishich,Йосип Барішич
w:1982-00-00:lozinski,Євген Лозинський
w:1987-00-00:kohut,Богдан Когут
w:1987-00-00:protich,Радош Протич
w:1993-00-00:iakovenko,Юрій Яковенко
w:1986-00-00:ermak,Олег Єрмак
w:1987-00-00:kalouda,Любош Калоуда
w:1979-00-00:kovba,Денис Ковба
w:1991-00-00:kravchenko,Антон Кравченко
w:1989-00-00:tistik,Ігор Тистик
w:1986-00-00:kremenchutski,Максим Кременчуцький
w:1990-00-00:frank,Франк Теміле
w:1983-00-00:arbi,Мохаммед Арурі
w:1986-00-00:dopilka,Олег Допілка
w:1986-00-00:lavreniuk,Максим Лавренюк
w:1980-00-00:matiuhin,Сергій Матюхін
w:1984-00-00:dimitr,Димитр Макрієв
w:1984-00-00:muhovikov,Антон Муховиков
tm:131444,Артем Полярус
w:1984-00-00:davidov,Сергій Давидов
tm:52915,Жуніор Мораес
tm:43848,Мігел Велозу
tm:28922,Тайє Тайво
tm:16746,Ніко Кранчар
tm:46504,Ерік Бікфалві
tm:25618,Сергій Пшеничних
tm:85964,Андерсон Мінейро
tm:46083,Домагой Віда
tm:91377,Дмитро Трухін
tm:58930,Володимир Чеснаков
tm:51232,Данило
tm:30732,Леван Кенія
tm:48508,Махач Гаджиєв
tm:41037,Данило
tm:59950,Дам'єн Ле Таллек
tm:18860,Франк Джа Джедже
tm:44411,Фініньйо
tm:55338,Віліан
tm:46340,Семір Штилич
tm:55484,Марсіо Азеведо
tm:107803,Максим Білий
tm:19819,Раффаел
tm:65297,Данієл Суботич
tm:96455,Євген Макаренко
tm:118850,Іван Ордець
tm:60979,Янік Болі
tm:75109,Селіо Сантос
tm:101304,Дуглас
tm:1716,Давід Одонкор
tm:15463,Жорді Лопес
tm:36235,Петар Занев
tm:30825,Марко Рубен
tm:241163,Леонардо
tm:47165,Сільвіу Ізворану
tm:73094,Едуардо Нето
tm:45587,Рафаел Сантос
tm:55763,Іван Лєтава
tm:31348,Сотіріс Балафас
tm:119433,Артак Єдигарян
tm:41362,Густав Свенссон
tm:131553,В'ячеслав Чурко
tm:179624,Абайомі Сеун
tm:55737,Артур Єдигарян
tm:206717,Едуард Соболь
tm:60129,Боян Малішич
tm:244262,Денис Мірошніченко
tm:95239,Павло Щедраков
tm:82508,Лібор Грдлічка
tm:58515,Віталій Балашов
tm:50346,Кршеван Сантіні
tm:17228,Панайотіс Лагос
tm:124870,Лоренсо Ебесіліо
tm:58972,Денис Шеліхов
tm:78733,Кирило Сидоренко
tm:128813,Сергій Літовченко
tm:93976,Станіслав Печенкін
tm:121218,Євген Єлісеєв
tm:101670,Марселіньйо
tm:27245,Жажа
tm:130264,Юрій Бушман
tm:27236,Неманя Рнич
tm:24880,Артур
tm:65542,Тіагу Терросу
tm:228847,Микола Жовтюк
tm:244264,Владислав Павленко
tm:92845,Андрій Сахневич
tm:75631,Мілош Йокич
tm:99189,Пеле
tm:162952,Гаетано Монакелло
tm:263217,Руслан Кисіль
tm:117481,Роман Мисак
tm:237623,Олександр Філіппов
tm:64344,Ігор Варцаба
tm:113888,Ігор Левченко
tm:97576,Роман Кунєв
tm:257817,Дмитро Матвієнко
tm:177010,Сергій Мельник
tm:176413,Тарас Пучковський
tm:203851,Євген Трояновський
tm:24038,Єгіше Мелікян
tm:193812,Сергій Гаращенков
tm:27239,Сімон Вукчевич
tm:91359,Темур Парцванія
tm:124160,Андрій Гайдаш
tm:32306,Якуб Тосік
tm:177276,Богдан Сарнавський
tm:223319,Слім Бен Отман
tm:60941,Іванс Лук'яновс
tm:34405,Мілан Пурович
tm:136537,Олексій Шевченко
tm:124028,Ісмаїлі
tm:249217,Сергій Загідулін
tm:242854,Дмитро Юсов
tm:167722,Віталій Буяльський
tm:62610,Дмитро Хльобас
tm:166587,Віталій Квашук
tm:271513,Віталій Тимофієнко
tm:250064,Кирило Нестеренко
tm:265267,Віктор Хомченко
tm:213984,Тарас Завійський
tm:58980,В'ячеслав Турчанов
tm:249619,Ігор Бровко
tm:271228,Іван Цюпа
tm:271482,Артем Гордієнко
tm:252778,Валерій Курелех
tm:265930,Максим Приходной
tm:123279,Артем Щедрий
tm:3978,Светослав Тодоров
tm:163809,Олег Білий
tm:237655,Віктор Ряшко
tm:271435,Роберт Мольнар
tm:271432,Сергій Курта
tm:38206,Анте Розич
tm:42803,Мілан Ілич
tm:94924,Максим Імереков
tm:271514,Дмитро Ульянов
tm:87663,Максим Скороходов
tm:118022,Юнес Бельханда
tm:44624,Дьомерсі Мбокані
tm:93795,Факундо Феррейра
tm:191614,Фред
tm:80312,Микита Шевченко
tm:98536,Адіс Яхович
tm:40608,Алекс да Сілва
tm:175169,Бернард
tm:59032,Александар Драгович
tm:277777,Андрій Тотовицький
tm:38497,Джеремейн Ленс
tm:20005,Папу Гомес
tm:15568,Бруно Гама
tm:207877,Руслан Маліновський
tm:119434,Родріго Моледо
tm:156137,Редван Мемешев
tm:264063,Сергій Болбат
tm:105456,Фернандо
tm:210109,Алессандро
tm:59322,Олександр Караваєв
tm:113235,Георгій Зотов
tm:91991,Сергій Люлька
tm:13831,Маріус Нікулае
tm:257937,Олег Данченко
tm:278917,Роман Підківка
tm:84980,Александрс Фертовс
tm:59022,Євген Гальчук
tm:37430,Даррен О'Ді
tm:167556,Владислав Кулач
tm:34186,Василіос Пліацикас
tm:43290,Олег Чуваєв
tm:97808,Дмитро Козьбан
tm:106632,Санжар Турсунов
tm:147998,Флорентін Матей
tm:91358,Євген Новак
tm:39316,Серж Акакпо
tm:282280,Вадим Страшкевич
tm:43264,Бенуа Тремулінас
tm:33315,Дієго Соуза
tm:64215,Крістіан Орош
tm:230409,Євген Неплях
tm:88879,Артем Кичак
tm:51948,Даніел де Олівейра
tm:212232,Амбросій Чачуа
tm:213287,Александру Дандя
tm:120262,Дмитро Немчанінов
tm:127774,Гармоні Іканде
tm:62180,Галь Шиш
tm:256213,Максим Малишев
tm:120966,Олександр Ільющенков
tm:95707,Володимир Танчик
tm:58933,Євген Бохашвілі
tm:121988,Веллінгтон Нем
tm:213035,Амаду Мутарі
tm:204040,Александру Влад
tm:212243,Дмитро Мишньов
tm:93862,Денис Причиненко
tm:97205,Микита Безлихотнов
tm:197622,Фарлей Роза
tm:278857,Дмитро Задерецький
tm:280064,Олександр Аксьонов
tm:48206,Нуну Пінту
tm:285040,Дмитро Ярчук
tm:280076,Семен Даценко
tm:45353,Воллес
tm:293108,Руслан Мамутов
tm:156556,Венцислав Христов
tm:193323,Максим Дегтярьов
tm:51141,Александар Лазевскі
tm:37414,Давід Каяду
tm:91698,Олександр Чурілов
tm:292570,Євген Мартиненко
tm:216842,Микола Вечурко
tm:34514,Чіпріан Васілаке
tm:123214,Володимир Коваль
tm:95649,Олександр Нойок
tm:166647,Арман Елла
tm:121188,Антон Крамар
tm:222079,Руслан Степанюк
tm:297008,Ігор Кошман
tm:184930,Мохаммед Алію
tm:103600,Вісенте Арсе
tm:272903,Владислав Гевлич
tm:241687,Андрій Міщенко
tm:177818,Андрій Блізніченко
tm:213452,Юрій Ткачук
tm:213976,Ігор Харатін
tm:236468,Артем Шабанов
tm:166745,Гегам Кадимян
tm:297765,Сергій Каретник
tm:321308,Дмитро Литвиненко
tm:267396,Ігор Калінін
tm:130196,Євген Колесник
tm:322915,Юрій Павлик
tm:297009,Олег Крамаренко
tm:323664,Тарас Червонецький
tm:272934,Артем Недоля
tm:98821,Андрій Савченко
tm:322952,Роман Никитюк
tm:132999,Іван Рогач
tm:325801,Олексій Тищенко
tm:248931,Олександр Каплієнко
tm:325221,Ігор Жураховський
tm:293106,Георгій Копаліані
tm:213271,Лео
tm:321417,Микита Татарков
tm:96928,Сержіньйо
tm:44699,Антунеш
tm:157849,Лукаш Теодорчик
tm:248934,Валерій Лучкевич
tm:156128,Андрій Пилявський
tm:139943,Івиця Жунич
tm:269374,Сергій Грин
tm:193158,Сергій Мякушко
tm:91448,Кирило Дорошенко
tm:121030,Ігор Семенина
tm:215596,Шериф Іса
tm:359247,Мар'ян Швед
tm:34941,Александру Тудосе
tm:150284,Віталійс Ягодинскіс
tm:305415,Артем Бєсєдін
tm:170919,Прінс Сегбефія
tm:123216,Дмитро Рижук
tm:34390,Юриця Бульят
tm:202840,Максим Драченко
tm:36364,Михайло Сіваков
tm:183943,Габріел Араужо
tm:316280,Моха Рхарсалла
tm:127770,Нурудін Орелесі
tm:94318,Йован Крнета
tm:213865,Микита Бурда
tm:334728,Данило Маріотто
tm:335191,Валеріан Гвілія
tm:242279,Олексій Дитятьєв
tm:27151,Павло Іванов
tm:213975,Тарас Качараба
tm:232612,Євген Смирнов
tm:244271,Олександр Сваток
tm:237947,Рум'ян Овсепян
tm:364574,Артур Кузнецов
tm:144935,Валерій Гришин
tm:325420,Богдан Мишенко
tm:243841,Михайло Сергійчук
tm:143967,Артур Новотрясов
tm:193257,Владислав Гельзін
tm:294188,Дмитро Кльоц
tm:173253,Ілля Глушицький
tm:112640,Альдо Адорно
tm:211734,Артем Філімонов
tm:155861,Руслан Зубков
tm:170354,Сергій Вакуленко
tm:193270,Валерій Лебедь
tm:226208,Володимир Доронін
tm:353584,Сергій Петько
tm:207889,Михайло Писко
tm:288856,Олександр Мігунов
tm:122235,Дмитро Скоблов
tm:337198,Богдан Бойчук
tm:203842,Віктор Коваленко
tm:296366,Олексій Гуцуляк
tm:339844,Зураб Очігава
tm:325429,Максим Задерака
tm:367024,Георгій Гадрані
tm:255635,Євген Чумак
tm:354717,Євген Мурашов
tm:324521,Вадим Яворський
tm:373251,Владислав Щетінін
tm:343769,Сергій Петров
tm:59446,Денис Сидоренко
tm:308436,Денис Баланюк
tm:120543,Андрій Полтавцев
tm:173079,Олександр Васильєв
tm:166588,В'ячеслав Панфілов
tm:374036,Роман Помазан
tm:369153,Даниїл Соломаха
tm:375180,Олександр Козак
tm:264646,Олександр Осман
tm:210689,Владислав Кабаєв
tm:226093,Лоренцо Шимич
tm:368611,Микола Шапаренко
tm:245048,Василь Кравець
tm:203856,Іван Лобай
tm:342139,Богдан Суходуб
tm:348839,Сергій Кулинич
tm:166575,Заурі Махарадзе
tm:294730,Богдан Михайличенко
tm:232644,Олександр Калітов
tm:54419,Ежидіо
tm:95407,Максим Ілюк
tm:339845,Іван Янаков
tm:288853,Сергій Горбунов
tm:255639,Дмитро Луканов
tm:335192,Богдан Січкарук
tm:96957,В'ячеслав Акімов
tm:269669,Володимир Барілко
tm:295619,Євген Немтінов
tm:318361,Джемал Кизилатеш
tm:354325,Олег Луценко
tm:59136,Максим Жичиков
tm:292396,Валерій Юрчук
tm:349106,Дмитро Антонов
tm:363065,Максим Авер'янов
tm:363064,Єгор Чегурко
tm:363063,Олексій Ковтун
tm:255641,Сергій Сизий
tm:343154,Ігор Биковський
tm:244915,Олексій Зінкевич
tm:289282,Роман Попов
tm:316945,Мар'ян Мисик
tm:364038,Тимофій Шеремета
tm:376082,Данило Ігнатенко
tm:375955,Єгор Клименчук
tm:125291,Еверсон Ліма
tm:204395,В'ячеслав Лухтанов
tm:371318,Петро Переверза
tm:376227,Денис Галенков
tm:58928,Юрій Бровченко
tm:372362,Юрій Тома
tm:370399,Микита Кравченко
tm:348269,Олександр Дехтяренко
tm:359239,Микита Крюков
tm:340773,Сергій Приходько
tm:376226,Євген Цимбалюк
tm:206890,Олександр Лучик
tm:192347,Джон Хайро Руїс
tm:90769,Віталій Пономар
tm:119717,Сергій Басов
tm:54031,Андерсон Піко
tm:91425,Юрій Коломоєць
tm:244620,Владислав Леванідов
tm:91722,Антон Голенков
tm:123543,Артем Сухоцький
tm:49985,Іван Томечак
tm:242272,Євген Банада
tm:64341,Антон Кравченко
tm:181006,Густаво Бланко Лещук
tm:182577,Дерліс Гонсалес
tm:91571,Дмитро Леонов
tm:121009,Максим Каленчук
tm:273663,Володимир Адамюк
tm:107274,Сергій Чеботаєв
tm:100163,Сергій Борзенко
tm:213980,В'ячеслав Танковський
tm:296780,Антон Котляр
tm:75296,Радосав Петрович
tm:165825,Давид Хочолава
tm:104590,Рафаел Форстер
tm:104203,Євген Старіков
tm:174213,Олександр Ткаченко
tm:177280,Віталій Гемега
tm:262182,Роман Дебелко
tm:204560,Міха Горопевшек
tm:273341,Валерій Кучеров
tm:110688,Сергій Логінов
tm:140676,Кирило Ковалець
tm:213973,Дмитро Безрук
tm:206053,Гор Малакян
tm:288854,Секу Конде
tm:129646,Артур Рудько
tm:280234,Олексій Савченко
tm:201625,Ігор Гончар
tm:259461,Пауліньйо
tm:353252,Орест Кузик
tm:355130,Михайло Ряшко
tm:211313,Олександр Азацький
tm:176412,Олексій Хобленко
tm:221955,Сергій Шестаков
tm:305423,Іван Зотько
tm:141329,Акім Латіфу
tm:116302,Едгар Малакян
tm:425707,Артем Дудік
tm:371319,Габріель Окечукву
tm:248938,Максим Третьяков
tm:375657,Владислав Шаповал
tm:383623,Ілля Корнєв
tm:316946,Сергій Наполов
tm:296781,Станіслав Куліш
tm:168376,Сергій Шаповал
tm:354326,Навід Насімі
tm:369093,Андрій Ралюченко
tm:349107,Олег Синиця
tm:415859,Матеус Мендес
tm:410213,Олександр Чепелюк
tm:269371,Денис Безбородько
tm:428380,Юрій Романюк
tm:398675,Микола Квасний
tm:383211,Ярослав Деда
tm:289059,Микола Матвієнко
tm:292717,Гіоргі Арабідзе
tm:313753,Ярослав Квасов
tm:382527,Віктор Гей
tm:269677,Владислав Краєв
tm:122361,Адерінсола Есеола
tm:248930,Данило Каневцев
tm:213429,Емерсон
tm:56370,Гійон Фернандес
tm:327861,Кельвін Нвамора
tm:415860,Сілвіо Жуніор
tm:430153,Олексій Хоменко
tm:216579,Павло Полегенько
tm:272785,Андрій Маркович
tm:228846,Юрій Соломка
tm:289075,Олександр Зубков
tm:248936,Павло Оріховський
tm:244165,Микита Корзун
tm:343492,Олег Кожушко
tm:347804,Андрій Коробенко
tm:198264,Артур Загорулько
tm:395069,Володимир Одарюк
tm:427341,Данило Кучер
tm:387198,Єгор Демченко
tm:429099,Богдан Мельник
tm:95129,Євген Морозенко
tm:322912,Андрій Никитюк
tm:430154,Євген Добровольський
tm:435665,Владислав Хомутов
tm:131552,Ростислав Багдасаров
tm:328733,Артур Данієлян
tm:395068,Ян Вічний
tm:406761,Євген Іздебський
tm:405620,Фарід Алі
tm:410184,Кирило Демідов
tm:294201,Роман Стефурак
tm:432658,Юрій Копина
tm:430152,Андрій Черепко
tm:435666,Станіслав Котьо
tm:325410,Максим Бабійчук
tm:406776,Дмитро Гапончук
tm:381920,Артем Захаров
tm:411027,Владислав Ігнатьєв
tm:405621,Семен Ключик
tm:395537,Дмитро Плахтир
tm:146725,Мілош Стаменкович
tm:248932,Владислав Кочергін
tm:271665,Ігор Загальський
tm:448854,Еммануель Денніс
tm:221958,Роман Яремчук
tm:59636,Бой Деул
tm:294746,Володимир Шепелєв
tm:167093,Александар Пантич
tm:187622,Кваме Карікарі
tm:264372,Віктор Циганков
tm:89010,Сілвано Комваліус
tm:343537,Артем Довбик
tm:203854,Андрій Борячук
tm:404839,Андрій Лунін
tm:64313,Тамаш Кадар
tm:310782,Андрій Бацула
tm:448331,Ардін Даллку
tm:369155,Юрій Вакулко
tm:204348,Дмитро Білоног
tm:170245,Артем Фаворов
tm:448868,Ігор Когут
tm:422746,Федеріко Перейра
tm:448783,Максим Грисьо
tm:320247,Артем Ситало
tm:448867,Максим Лопирьонок
tm:358956,Олександр Кучеренко
tm:131257,Джонатан Моя
tm:295613,Іван Брікнер
tm:255638,Дмитро Кравченко
tm:343153,Євген Чеберко
tm:288857,Дмитро Нагієв
tm:383565,Назар Вербний
tm:355492,Жорже Еліас
tm:58922,Різван Аблітаров
tm:271635,Дмитро Фатєєв
tm:89318,Борха Екіса
tm:108709,Еріксон Дансо
tm:314571,Володимир Баєнко
tm:448869,Андрій Ляшенко
tm:498899,Тарас Саків
tm:383229,Микола Мусолітін
tm:58883,Айтор Фернандес
tm:424145,Олександр Машнін
tm:345750,Роман Льопка
tm:448870,Юрій Тетеренко
tm:405176,Олексій Збунь
tm:364831,Микита Жуков
tm:365540,Валерій Бондаренко
tm:509837,Максим Прядун
tm:501417,Кирило Дришлюк
tm:401822,Максим Луньов
tm:187115,Вахтанг Чантурішвілі
tm:501612,Юрій Климчук
tm:287792,Олександр Тимчик
tm:322383,Ярослав Котляров
tm:176406,Олексій Баштаненко
tm:453483,Ігор Богач
tm:452579,Сергій Мелінишин
tm:468735,Олександр Маткобожик
tm:497719,Шина
tm:448537,Максим Саламаха
tm:203855,Ігор Кирюханцев
tm:294780,Олександр Піхальонок
tm:524021,Роман Жмурко
tm:330030,Наїлсон
tm:121011,Олександр Кочура
tm:341485,Олег Кудрик
tm:321948,Дмитро Шаповал
tm:511669,Станіслав Біленький
tm:385416,Михайло Шершень
tm:343316,Сергій Косовський
tm:450715,Дмитро Заїкин
tm:476770,Михайло Месхі
tm:477182,Сергій Ічанський
tm:501609,Олег Остапенко
tm:401884,Руслан Марушка
tm:366446,Денис Костишин
tm:430190,Єгор Назарина
tm:464619,Владислав Дмитренко
tm:511668,Назар Виздрик
tm:483718,Олександр Зозуля
tm:366445,Андрій Марчук
tm:511121,Роман Баб'як
tm:509428,Сергій Трикош
tm:477185,Богдан Гладун
tm:483717,Роман Шандрук
tm:331216,Олег Тракало
tm:452578,Євген Котюн
tm:120991,Геннадій Ганєв
tm:501614,Роман Ільницький
tm:366450,Юрі Кастільйо
tm:181118,Томаш Кендзьора
tm:373302,Сілас
tm:45826,Йосип Піварич
tm:315237,Євген Пасіч
tm:354145,Хорхе Карраскаль
tm:315236,Геннадій Пасіч
tm:206888,Георгій Бущан
tm:331184,Ростислав Волошинович
tm:331460,Іван Сондей
tm:380691,Віталій Кольцов
tm:248935,Павло Лук'янчук
tm:216639,Фуссені Бамба
tm:171730,Гліб Рассадкін
tm:60132,Неманя Обрадович
tm:521841,Андрій Якимів
tm:521845,Гліб Грачов
tm:531456,Хішам Ель Хамдауї
tm:524966,Дмитро Копитов
tm:476072,Арно Гедж
tm:526577,Артем Хоцяновський
tm:289434,Сесе Пепе
tm:274058,Франсіско Ді Франко
tm:86269,Олександр Гутор
tm:192192,Арман Ованнісян
tm:101808,Мамаду Ваге
tm:272774,Леонід Акулінін
tm:35871,Фернандо Тіссоне
tm:123136,Алассан Ндіає
tm:384449,Гвідо Кортеджано
tm:375659,Герман Пеньков
tm:188180,Беньямін Вербич
tm:524964,Орест Лебеденко
tm:45577,Себастьян Рібас
tm:107283,Василь Палагнюк
tm:404842,Віталій Миколенко
tm:167032,Ілля Михальов
tm:140461,Артем Рахманов
tm:176562,Роже Гоміс
tm:569576,Пепі
tm:381268,Гліб Бухал
tm:397464,Леонідас
tm:526365,Гуттінер
tm:570743,Анатолій Нурієв
tm:521846,Богдан Мицик
tm:343489,Бесір Демірі
tm:272624,Давід Фопала
tm:540186,Данило Кондраков
tm:223779,Маріо Аркес
tm:567880,Євген Протасов
tm:426805,Андро Гіоргадзе
tm:569578,Жуліо Сезар
tm:167553,Антон Братков
tm:435214,Джонатан
tm:463397,Маурісіо Кортес
tm:567873,Владислав Бабогло
tm:308452,Олексій Щебетун
tm:526578,Владислав Вакула
tm:521844,Кирило Костенко
tm:548694,Олександр Тарасюк
tm:392091,Дмитро Семенів
tm:366729,Назарій Русин
tm:561974,Владислав Веремеєв
tm:178862,Ніка Сандохадзе
tm:272816,Юрій Глущук
tm:73137,Марк Кастельс
tm:483451,Бруніньйо
tm:501610,Олексій Луценко
tm:359796,Дмитро Шастал
tm:569743,Джойскім Дава
tm:244904,Артур Авагімян
tm:376485,Йонатан Бедоя
tm:497221,Андрій Ременюк
tm:166230,Йосип Вукович
tm:383567,Володимир Сениця
tm:550027,Ерікс Сантос
tm:549960,Тимур Стецков
tm:359667,Вадим Гранчар
tm:521843,Ігор Нехаєв
tm:166563,Денис Балан
tm:381812,Назар Маліновський
tm:169679,Ярослав Ямполь
tm:567756,Еберт
tm:521842,Микола Павлюк
tm:423252,Віктор Серденюк
tm:524965,Андрій Бусько
tm:449086,Назар Стасишин
tm:492354,Денис Норенков
tm:282329,Тіаго Ромуло
tm:553380,Анатолій Ульянов
tm:189637,Сергій Смородін
tm:268697,Данило Книш
tm:598629,Бруно Дуарте
tm:421935,Майкон
tm:289095,Денис Фаворов
tm:330060,Сідклей
tm:387928,Лукас Тейлор
tm:312799,Вадим Парамонов
tm:423606,Богдан Леднєв
tm:168292,Леван Арвеладзе
tm:130040,Олександр Голіков
tm:573907,Луїс Феліпе
tm:92640,Андрій Мостовий
tm:517081,Владислав Приймак
tm:598972,Марта
tm:550495,Фернандо
tm:198005,Крістіан Понде
tm:289802,Рафаел Ратао
tm:598992,Рафаел Сабіно
tm:192897,Аді Мехремич
tm:402874,Дмитро Литвин
tm:381273,Андрій Домбровський
tm:296903,Артур
tm:245021,Сергій Чоботенко
tm:364261,Тче Тче
tm:213974,Артем Габелок
tm:118283,Крістіан Ербес
tm:320265,Міккель Дуелунд
tm:396395,Олексій Биков
tm:166580,Іван Трубочкін
tm:211117,Жонатан Ліма
tm:131694,Оларенваджу Кайоде
tm:366723,Владислав Дубинчак
tm:598635,Аугусто
tm:419061,Владислав Супряга
tm:345401,Ніколас Карека
tm:315930,Максім До Куто
tm:345714,Стефан Євтоскі
tm:330574,Олег Бородай
tm:255443,Лука Коберідзе
tm:272776,Максим Банасевич
tm:169260,Віталій Єрмаков
tm:419119,Ігор Снурніцин
tm:332144,Володимир Кринський
tm:69581,Костянтин Махновський
tm:427100,Матар Дієй
tm:201628,Олексій Майданевич
tm:344399,Леонардо Руїс
tm:294876,Кевін Мендес
tm:628570,Сергій Майборода
tm:605326,Педро Вітор
tm:220807,Сергій Семенюк
tm:269351,Максим Кучинський
tm:341486,Данило Сагуткін
tm:170555,Орельєн Нгейтала
tm:396638,Манор Соломон
tm:569805,Маркіньйос Сіпріано
tm:61464,Карім Йода
tm:553056,Вадим Янчак
tm:622625,Енріке Араужо
tm:543493,Наджиб Якубу
tm:654384,Вітор Пернамбуко
tm:601285,Панамбі
tm:234820,Родріго Варгас
tm:520858,Ліпе Велозо
tm:285296,Едін Шехич
tm:164292,Фран Соль
tm:402363,Кауе Сілва
tm:543380,Ібрагім Кане
tm:396411,Владислав Бугай
tm:654385,Альваро Вієйра
tm:540469,Оскар Піріс
tm:606248,Данило Карась
tm:407014,Гаетан Міссі Мезу
tm:497190,Бетім Халімі
tm:390368,Вітор Буено
tm:343175,Ахмед Алібеков
tm:273641,Василь Білий
tm:114019,Василь Павлов
tm:389479,Роберт Мютцерс
tm:398808,Мартін Онгла
tm:628569,Роман Толочко
tm:396536,Роман Вантух
tm:654950,Мурило Кадіна
tm:537853,Андрій Стрижак
tm:404851,Денис Янаков
tm:467240,Андрій Кожухар
tm:419067,Георгій Цитаїшвілі
tm:160109,Арні Вільхамссон
tm:257461,Неманя Іванович
tm:539448,Даниїл Сухоручко
tm:468301,Маркос Антоніо
tm:573930,Євген Білокінь
tm:537860,Михайло Мудрик
tm:396532,Євген Смирний
tm:552418,Сергій Кисленко
tm:417228,Данило Сікан
tm:173933,Олександр Єрмаченко
tm:528423,Катріель Санчес
tm:583607,Вільям де Камарго
tm:567735,Владислав Хамелюк
tm:654393,Вісенте
tm:373044,Максим Казаков
tm:396524,Артем Ярмоленко
tm:529543,Марко Ніколич
tm:267388,Орест Будюк
tm:654787,Денис Тарадуда
tm:537859,Андрій Кравчук
tm:396400,Ілля Путря
tm:581782,Андрій Штогрин
tm:396530,Артем Козак
tm:330122,Вадим Семчук
tm:625144,Владислав Семотюк
tm:92030,Дмитро Башлай
tm:411149,Кертіс Єблі
tm:319143,Іван Єлич Балта
tm:107373,Сергій Даценко
tm:396535,Владислав Алексєєв
tm:401529,Додо
tm:257740,Карлос де Пена
tm:371256,Тете
tm:396394,Валерій Бондар
tm:495923,Олег Ільїн
tm:467250,Юхим Конопля
tm:85506,Каспарс Дубра
tm:267330,Джоель Абу Ханна
tm:404841,Денис Попов
tm:404846,Сергій Булеца
tm:282734,Жерсон Родрігес
tm:376228,Дмитро Іванісеня
tm:259869,Владислав Нехтій
tm:522091,Ренан Олівейра
tm:313504,Марвін Мартінс
tm:365692,Дмитро Топалов
tm:350828,Шахаб Захеді
tm:380376,Євген Морозко
tm:167555,Олександр Чорноморець
tm:495920,Олександр Назаренко
tm:226102,Фране Войкович
tm:114398,Максим Максименко
tm:166581,Євген Волинець
tm:381815,Олександр Сніжко
tm:518723,Луїзао
tm:467243,Віктор Корнієнко
tm:299973,Тім Холл
tm:269365,Олексій Зозуля
tm:467241,Олександр Сафронов
tm:442942,Мохаммед Кадірі
tm:665048,Арсеній Батагов
tm:396401,Максим Чех
tm:190190,Андрій Кліщук
tm:433219,Папе-Аліун Ндіає
tm:597880,Дмитро Ризник
tm:205758,Демір Імері
tm:358734,Александру Бойчук
tm:449084,Олег Білик
tm:533537,Ростислав Лях
tm:111556,Йоонас Тамм
tm:334126,Тодор Петрович
tm:214448,Ярослав Богунов
tm:661284,Фабіньйо
tm:654311,Велвес
tm:293253,Михайло Перович
tm:396402,Володимир Якимець
tm:317467,Ловро Цвек
tm:537854,Артем Бондаренко
tm:225632,Антон Яшков
tm:404848,Андрій Кулаков
tm:620368,Остап Притула
tm:404849,Олексій Кащук
tm:373941,Жоель Бопесу
tm:564841,Драмане Салу
tm:202659,Андрейс Циганікс
tm:576022,Владислав Ємець
tm:383294,Євген Єфремов
tm:461663,Микита Петерман
tm:342820,Рубін Хебай
tm:511909,Артем Челядін
tm:497222,Олег Веремієнко
tm:344893,Жуан Тейшейра
tm:461666,Максим Мельничук
tm:537844,Анатолій Трубін
tm:531967,Матеус Яковеллі
tm:708172,Філіпе Пахтманн
tm:248454,Нікола Василь
tm:533318,Назарій Муравський
tm:429157,Юрій Козиренко
tm:600008,Ігор Карпенко
tm:143121,Мелвін Лоренцен
tm:470265,Кирило Кириленко
tm:197078,Давид Пуцлін
tm:400719,Темур Чогадзе
tm:572399,Кирило Прокопчук
tm:622410,Денис Устименко
tm:383325,Денис Антюх
tm:380379,Олександр Поздєєв
tm:699842,Антон Байдал
tm:751988,Денис Галата
tm:694512,Хішам Лаюс
tm:523903,Назарій Нич
tm:728381,Владислав Бондар
tm:728380,Андрій Вискребенцев
tm:623321,Кирило Романюк
tm:653862,Леонардо Монтезелло
tm:295309,Алію Абубакар
tm:229320,Даніель Романовський
tm:363714,Абукар Мохамед
tm:470830,Роман Слива
tm:538773,Чінеду Джеффрі
tm:404847,Олексій Хахльов
tm:615314,Андрій Артим
tm:670000,Жуан Діого
tm:659089,Ілля Забарний
tm:376445,Маріо Чуже
tm:505463,Олександр Сирота
tm:480975,Аллахьяр Сайядманеш
tm:241700,Ніка Січінава
tm:606952,Жуніньйо
tm:428783,Вітао
tm:250416,Фране Чир'як
tm:491960,Беніто
tm:343622,Петро Стасюк
tm:460591,Агрон Руфаті
tm:287015,Олів'є Тілль
tm:708241,Олег Очеретько
tm:623325,Георгій Судаков
tm:436379,Дмитро Щербак
tm:624831,Таддеус Нкенг
tm:383198,Ілля Шевцов
tm:522327,Роман Гагун
tm:289487,Ростислав Русин
tm:359678,Ернест Антві
tm:297752,Микола Золотов
tm:186769,Андрій Попович
tm:550696,Ібрагім Каргбо
tm:95682,Євген Чепурненко
tm:177267,Ілля Коваленко
tm:380554,Євген Запорожець
tm:365195,Андрій Кухарук
tm:295429,Мохамед Бен Салем
tm:539441,Євген Ісаєнко
tm:329055,Енес Махмутович
tm:649029,Мамаду Данфа
tm:651388,Міслав Матич
tm:461653,Артем Малиш
tm:418891,Олександр Мельник
tm:460644,Маруан Міхубі
tm:730126,Микола Кухаревич
tm:432094,Шеммі Маємбе
tm:319165,Олег Синьогуб
tm:553772,Олександр Романчук
tm:284608,Ерік Гліха
tm:751363,Данило Кравчук
tm:623331,Богдан В'юнник
tm:525209,Андрій Новіков
tm:290571,Альваро Нгамба
tm:515669,Михайло Плохотнюк
tm:623319,Олександр Драмбаєв
tm:717411,Єгор Ярмолюк
tm:379977,Андрій Семенко
tm:404838,Владислав Кучерук
tm:461582,Іссіар Драме
tm:176409,Ігор Дуць
tm:320953,Юрій Кравчук
tm:469709,Давид Зец
tm:632674,Василь Пиняшко
tm:467244,Кирило Меліченко
tm:748940,Василь Рунич
tm:747315,Орест Костик
tm:167863,Донатас Казлаускас
tm:168041,Михайло Шишка
tm:198967,Міхкель Айнсалу
tm:775832,Дмитро Мацапура
tm:740732,Таллес Бренер
tm:115133,Іван Пешич
tm:712857,Марк Мампассі
tm:381430,Фабрісіо Альваренга
tm:755174,Данило Алефіренко
tm:355367,Вагнер Гонсалвес
tm:819493,Ельдар Кулієв
tm:343151,Іван Калюжний
tm:347270,Максим Гречкін
tm:313741,Бредлі де Нойєр
tm:659886,Білл
tm:388313,Терсіус Малепе
tm:417242,Руслан Нещерет
tm:830079,Родіон Плакса
tm:792844,Рустам Ахмедзаде
tm:748936,Дмитро Піддубний
tm:825450,Микита Дудка
tm:672802,В'ячеслав Велєв
tm:162783,Володимир Заставний
tm:791140,Даниїл Семилет
tm:787776,Валерій Дубко
tm:418896,Станіслав Сорокін
tm:751995,Андрій Глоба
tm:348768,Макс Челич
tm:755175,Володимир Білоцерковець
tm:461670,Богдан Білошевський
tm:372138,Юрій Захарків
tm:401987,Сіака Багайоко
tm:461657,Олександр Петрусенко
tm:379677,Олександр Мішуренко
tm:842894,Костянтин Домарацький
tm:752691,Богдан Векляк
tm:250007,Клейтон
tm:537851,Станіслав Біблик
tm:838182,Ярослав Доброхотов
tm:427668,Ігор Бойчук
tm:892053,Денис Нагнойний
tm:844373,Борис Крушинський
tm:789583,Ярослав Карабін
tm:748939,Олексій Сич
tm:779244,Іван Варфоломєєв
tm:606743,Іван Литвиненко
tm:631821,Владислав Ванат
tm:433976,Тудор Белуце
tm:339323,Хеннос Асмелаш
tm:892052,Юрій Дудник
tm:837005,Раймонд Овусу
tm:320861,Матія Ром
tm:892025,Антон Салабай
tm:789587,Олег Власов
tm:574215,Олександр Кожевников
tm:884849,Данило Хрипчук
tm:887142,Іван Нестеренко
tm:889438,Ілля Крупський
tm:771911,Ілля Гаджук
tm:775868,Денис Дем'яненко
tm:728379,Андрій Чекотун
tm:821535,Артур Ременяк
tm:771917,Максим Комарець
tm:335820,Константін Діма
tm:795201,Павло Кравцов
tm:521997,Віталій Бойко
tm:842898,Кирило Ховайко
tm:775902,Владислав Шинкаренко
tm:572309,Богдан Литвяк
tm:522577,Богдан Оринчак
tm:206889,Святослав Козловський
tm:892054,Еміль Мустафаєв
tm:842904,Сергій Заєць
tm:623330,Мирослав Трофимюк
tm:830080,Данило Дмитрієв
tm:882227,Микита Козицький
tm:537847,Дмитро Павлиш
tm:825449,В'ячеслав Борисенко
tm:892049,Марко Сапуга
tm:46478,Рагнар Сігурдссон
tm:882225,Іван Кошкош
tm:647831,Жео Данні Екра
tm:830081,Микита Фурсенко
tm:830083,Іван Мамросенко
tm:882224,Ілля Ухань
tm:537845,Павло Шушко
tm:844358,Сергій Топчій
tm:863582,Сулейман Сейтхалілов
tm:717394,Юрій-Володимир Герета
tm:568915,Йохана Мкомола
tm:341490,Олександр Глагола
tm:863203,Владислав Чушенко
tm:450196,Угочукву Одуеньї
tm:632675,Олексій Шпак
w:1998-00-00:bilik,Олег Білик
tm:551695,Лассіна Траоре
tm:515208,Педріньйо
w:1991-00-00:ihor,Ігор Солдат
w:1997-00-00:marlison,Марлісон
w:1999-00-00:vitino,Вітінью
tm:273236,Марлон
w:1995-00-00:kojokaru,Валентин Кожокару
w:1990-00-00:taras,Тарас Завійський
w:1994-00-00:lukas,Лукас Ранжел
w:1993-00-00:dmitri,Дмитро Мацапура
w:1993-00-00:henadi,Геннадій Пасіч
w:1992-00-00:ionas,Йоонас Тамм
w:1992-00-00:batiushin,Юрій Батюшин
w:1990-00-00:dmitri,Дмитро Немчанінов
w:1997-00-00:kravchenko,Микита Кравченко
w:1990-00-00:mihail,Михайло Шестаков
w:1992-00-00:aleksandr,Олександр Караваєв
tm:70923,Богдан Когут
w:2001-00-00:vikenti,Вікентій Волошин
tm:382895,Роман Гончаренко
w:2000-00-00:dmitri,Дмитро Криськів
w:2002-00-00:vanat,Владислав Ванат
tm:675878,Крістіан
w:1997-00-00:klaudio,Клаудіо Спінеллі
tm:39637,Роман Мірошник
tm:678783,Євген Підлепенець
w:1997-00-00:sharai,Владислав Шарай
w:1998-00-00:nazari,Назарій Русин
w:2001-00-00:mihailenko,Микола Михайленко
w:1996-00-00:ihor,Ігор Кірюханцев
w:1995-00-00:junior,Жуніор Рейс
w:1995-00-00:pavel,Павло Полегенько
w:1989-00-00:denis,Денис Костишин
w:1999-00-00:aleksandr,Олександр Сафронов
w:1998-00-00:lunev,Максим Луньов
w:1992-00-00:panasenko,Сергій Панасенко
w:1988-00-00:evheni,Євген Паст
w:1996-00-00:evheni,Євген Цимбалюк
w:2001-00-00:danil,Данило Кравчук
w:1993-00-00:monte,Нелсон Монте
w:1994-00-00:dmitri,Дмитро Мишньов
tm:562484,Олег Вишневський
w:1998-00-00:evheni,Євген Смирний
w:1997-00-00:danil,Данило Кучер
w:1993-00-00:evheni,Євген Пасіч
w:2000-00-00:maikl,Майкл Стефен
w:1997-00-00:buhai,Владислав Бугай
w:1996-00-00:anatoli,Анатолій Нурієв
w:1992-00-00:ermakov,Віталій Єрмаков
w:1998-00-00:deho,Дієго Каріока
w:2000-00-00:evheni,Євген Ісаєнко
tm:539738,Олег Горін
w:1988-00-00:holodiuk,Олег Голодюк
w:1996-00-00:hriso,Максим Грисьо
tm:463845,Олександр Демченко
w:1996-00-00:dmitri,Дмитро Махнєв
tm:624883,Амількар Коджові
w:1993-00-00:dehtiarev,Максим Дегтярьов
w:1993-00-00:nikita,Микита Полюлях
w:2001-00-00:dubko,Валерій Дубко
tm:702561,Роман Дідик
w:2000-00-00:heorhi,Георгій Цитаїшвілі
tm:688714,Віталій Дахновський
w:1992-00-00:chenbai,Сергій Ченбай
w:1990-00-00:evheni,Євген Опанасенко
w:1994-00-00:iurchenko,Владлен Юрченко
w:1989-00-00:politilo,Сергій Політило
w:1995-00-00:kuzik,Орест Кузик
w:1990-00-00:anton,Антон Савін
w:1993-00-00:bolbat,Сергій Болбат
tm:108866,Дмитро Поспєлов
w:1997-00-00:renan,Ренан
w:1994-00-00:nika,Ніка Сітчінава
w:1997-00-00:evheni,Євген Протасов
w:1996-00-00:fabino,Фабінью
w:1992-00-00:aleksei,Олексій Зозуля
w:1999-00-00:kucheruk,Владислав Кучерук
w:1993-00-00:timofenko,Віталій Тимофеєнко
w:1994-00-00:petko,Сергій Петько
w:2002-00-00:iuri,Юрій Тлумак
w:1992-00-00:evheni,Євген Гальчук
w:1993-00-00:hehedosh,Роберт Гегедош
w:2003-00-00:hromei,Михайло Хромей
w:1999-00-00:ilia,Ілля Шкурін
tm:393975,Ілля Зубков
tm:520517,Михаіл Гечев
w:1994-00-00:hrin,Сергій Гринь
w:1995-00-00:bohdan,Богдан Кушніренко
w:2002-00-00:denis,Денис Кузик
w:1993-00-00:hahun,Роман Гагун
w:1999-00-00:aleksei,Олексій Хахльов
w:1989-00-00:oleh,Олег Синегуб
w:1999-00-00:bohdan,Богдан Векляк
w:1996-00-00:beka,Бека Вачиберадзе
tm:695310,Максим Брагару
tm:428746,Ерік Рамірес
w:1992-00-00:leka,Міхай Лека
w:1995-00-00:bilonoh,Дмитро Білоног
w:1994-00-00:maksim,Максим Задерака
w:1996-00-00:kadiri,Мохаммед Кадірі
w:1997-00-00:sakiv,Тарас Саків
tm:751977,Кирило Фесюн
w:2003-00-00:vitali,Віталій Роман
w:2003-00-00:artur,Артур Микитишин
w:2002-00-00:bohdan,Богдан Поталов
w:2002-00-00:danil,Данило Скорко
w:1991-00-00:misak,Роман Мисак
w:1997-00-00:bohdan,Богдан Коваленко
w:1997-00-00:aleksandr,Олександр Масалов
w:1994-00-00:odariuk,Володимир Одарюк
w:2003-00-00:denis,Денис Шостак
w:1994-00-00:klimenko,Владислав Клименко
w:1990-00-00:spirovski,Стефан Спіровський
w:1998-00-00:roman,Роман Вантух
w:1992-00-00:lihovidko,Віктор Лиховидько
w:1992-00-00:kverkvelia,Соломон Кверквелія
w:2001-00-00:bilovar,Крістіан Біловар
w:1999-00-00:vakula,Владислав Вакула
w:1994-00-00:bondarenko,Валерій Бондаренко
tm:771914,Євген Павлюк
w:1991-00-00:vadim,Вадим Жук
w:1993-00-00:andrei,Андрій Семенко
w:1997-00-00:antiuh,Денис Антюх
w:2003-00-00:ocheretko,Олег Очеретько
tm:581405,Іван Головкін
w:1995-00-00:aleksei,Олексій Ковтун
w:1996-00-00:orihovski,Павло Оріховський
w:2000-00-00:dolhov,Петро Долгов
w:2004-00-00:danil,Данило Удод
w:1991-00-00:aderinsola,Адерінсола Есеола
w:1990-00-00:serhei,Сергій Шестаков
w:1996-00-00:bosanchich,Петар Босанчич
tm:860701,Микола Гайдучик
w:2000-00-00:alefirenko,Данило Алефіренко
tm:729781,Владислав Велетень
w:1987-00-00:fedik,Іван Федик
w:2001-00-00:osaze,Осазе Де Розаріо
tm:962090,Артем Смоляков
w:2000-00-00:artem,Артем Холод
w:2002-00-00:kovalenko,Максим Коваленко
w:1998-00-00:hameliuk,Владислав Хамелюк
w:2000-00-00:sorokin,Станіслав Сорокін
w:2001-00-00:belich,Євген Беліч
tm:965929,Владислав Островський
w:2002-00-00:amar,Амар Квакич
tm:560110,Іван Коваленко
tm:951690,Юрій Потімков
w:1991-00-00:aleksei,Олексій Паламарчук
tm:959399,Роман Михайлів
w:2000-00-00:maschenko,Вадим Мащенко
w:2005-00-00:danil,Данило Савін
w:2003-00-00:mahinia,Микита Махиня
w:1997-00-00:mahankov,Володимир Маханьков
w:2003-00-00:kozishkurt,Олег Козишкурт
w:2004-00-00:oleh,Олег Філонов
w:2001-00-00:ilia,Ілля Царюк
w:2003-00-00:nedes,Паоло Недес
tm:678503,Данило Варакута
w:2002-00-00:edvard,Едвард Кобак
tm:678778,Едуард Сарапій
tm:592336,Макс Валеф
tm:936008,Олександр Сапутін
tm:537852,Дмитро Криськів
tm:254985,Таулант Сефері
tm:502842,Едуардо Герреро
tm:669306,Володимир Бражко
tm:758845,Єгор Твердохліб
tm:636237,Костянтин Вівчаренко
tm:251676,Ріфет Капич
tm:629567,Яніс Амаш
tm:888023,Кевін Келсі
tm:341424,Невен Джурасек
tm:666943,Валентин Рубчинський
tm:627227,Пеглоу
tm:726034,Назар Волошин
tm:542597,Марлісон
tm:58939,Олексій Паламарчук
tm:863919,Іван Дібанго
tm:285127,Домінго Бланко
tm:470831,Вікентій Волошин
tm:540056,Георгій Гочолейшвілі
tm:880039,Владислав Рибак
tm:332132,Валерій Рогозинський
tm:295845,Ігор Курило
tm:289472,Микита Безуглий
tm:930106,Володимир Салюк
tm:726014,Максим Дячук
tm:289060,Олег Мозіль
tm:357917,Джастін Лонвейк
tm:124025,Зігі Бадібанга
tm:522833,Андрій Понєдєльнік
tm:935047,Кирило Сігеєв
tm:321146,Владислав Клименко
tm:307053,Сергій Панасенко
tm:775830,Семен Вовченко
tm:726033,Павло Ісенко
tm:391127,Вів Соломон-Отабор
tm:378972,Гай Хадіда
tm:204045,Бека Вачіберадзе
tm:765401,Назарій Воробчак
tm:718409,Владислав Погорілий
tm:389942,Хайнер
tm:641426,Вадим Вітенчук
tm:708242,Андрій Булеза
tm:626475,Микола Михайленко
tm:520400,Владислав Шарай
tm:523907,Данило Бескоровайний
tm:721511,Максим Хлань
tm:726038,Віталій Роман
tm:436833,Феліпе Родрігес
tm:530414,Кахім Перріс
tm:717390,Антон Царенко
tm:321165,Михайло Шестаков
tm:241686,Олександр Лебеденко
tm:268273,Рональд Матарріта
tm:211318,Руслан Паламар
tm:698742,Бузанелло
tm:576021,Станіслав Шарай
tm:717199,Богдан Слюбик
tm:461654,Тарас Дмитрук
tm:726036,Артур Микитишин
tm:295178,Ардіт Толі
tm:539435,Богдан Чуєв
tm:205849,Джоко Зайков
tm:774552,Денис Слюсар
tm:789478,Богдан Кобзар
tm:308778,Драган Ловрич
tm:524031,Олександр Бєляєв
tm:539444,Артем Мильченко
tm:795280,Тимур Кораблін
tm:419062,Клим Приходько
tm:718408,Дмитро Капінус
tm:951439,Максим Сміян
tm:583354,Владислав Сидоренко
tm:913115,Костянтин Бичек
tm:325386,Максим Марусич
tm:222686,Манджрекар Джеймс
tm:1045568,Данило Голуб
tm:261780,Артем Шулянський
tm:495918,Дмитро Семенов
tm:623327,Андрій Чирук
tm:512496,Василь Курко
tm:767643,Олександр Мизюк
tm:631819,Даніл Скорко
tm:771909,Алекс Чідомере
tm:432763,Івіян Сврзняк
tm:495922,Максим Войтиховський
tm:404845,Владислав Наумець
tm:909138,Даніель Сосах
tm:1050852,Віталій Холод
tm:623322,Михайло Рудавський
tm:365779,Лука Гучек
tm:936825,Ілля Квасниця
tm:812755,Денис Підгурський
tm:1112706,Іван Матюшенко
tm:913387,Данило Колесник
tm:969596,Габріел Гомес
tm:726035,Кирило Попов
tm:190333,Фарес Бахлулі
tm:746397,Артем Вовкун
tm:661776,Богдан Порох
tm:669305,Віктор Близніченко
tm:745252,Артем Кулаковський
tm:723621,Денис Кузик
tm:1050249,Денис Шевченко
tm:600003,Дмитро Касімов
tm:735788,Ігор Габріел
tm:766709,Максим Сасовський
tm:721512,Микита Кононов
tm:808113,Максим Багачанський
tm:200320,Кевін Кубемба
tm:776033,Андрій Кітела
tm:708240,Едуард Козік
tm:379714,Роберто Корраль
tm:270019,Реальдо Філі
tm:838384,Антон Боль
tm:1082915,Геннадій Синчук
tm:1134218,Артем Гусол
tm:814454,Самуел
tm:686332,Едсон Фернандо
tm:1035982,Дмитро Черниш
tm:345183,Еннур Тотре
tm:729638,Олександр Кемкін
tm:937917,Дмитро Ледвій
tm:729432,Вадим Ющишин
tm:1115271,Захар Карпус
tm:762387,Хусрав Тоїров
tm:964036,Олег Криворучко
tm:911644,Ілля Ольховий
tm:726019,Олександр Яцик
tm:487194,Паті Малумандсоко
tm:985349,Ігор Енріке
tm:1059630,Віталій Михайлів
tm:495917,Іван Пономаренко
tm:539437,Даниїл Хондак
tm:779241,Андрій Столярчук
tm:882717,Денис Теслюк
tm:725356,Валентин Горох
tm:935046,Роман Савченко
tm:938299,Дем'ян Чубатий
tm:572163,Даніїл Єрмолов
tm:1067225,Тарас Михавко
tm:724428,Ула Траоре
tm:717392,Антон Глущенко
tm:649030,Самба Діалло
tm:307308,Володимир Шопін
tm:935039,Мар'ян Фарина
tm:771912,Ілля Гулько
tm:926183,Вендел
tm:510432,Родел Річардс
tm:893187,Решат Рамадані
tm:709479,Абдулла Абдуллаєв
tm:937918,Руслан Непейпієв
tm:345772,Брайт Енобахаре
tm:491264,Сергій Суханов
tm:1130335,Дмитро Годя
tm:1116038,Дмитро Шух
tm:1038054,Ярослав Кисіль
tm:1059104,Олександр Ніколишин
tm:1074042,Данило Кайдалов
tm:774533,Дмитро Шамич
tm:1134676,Данііл Ващенко
tm:837287,Вадим Сологуб
tm:659219,Гільєрме
tm:570538,Інал Черткоєв
tm:967602,Андрій Соловйов
tm:1143823,Денис Довбецький
tm:1140603,Богдан-Юліан Вишинський
tm:1125319,Максим Вадовський
tm:576896,Владислав Тишинінов
tm:1141487,Владислав Герич
tm:1138480,Микола Киричок
tm:817885,Олег Осипенко
tm:808973,Денис Резепов
tm:1120127,Кирило Влага
tm:1143805,Олександр Цвіренко
tm:1143811,Ярослав Шандра
tm:1143809,Іван Бокало
tm:1075339,Владислав Мендрук
tm:564383,Мурило Соуза
tm:821534,Максим Мудрий
tm:1074059,Кирило Дігтярь
tm:1140587,Даніїл Приходько
tm:1048954,Ігор Потімков
tm:809617,Лео Антоніо
tm:669312,Євген Рязанцев
tm:530696,Іраклі Азарові
tm:668235,Марлон Гомес
tm:1061628,Євген Пастух
tm:634023,Луїфер Ернандес
tm:900195,Кевін
tm:357776,Хрвоє Ілич
tm:624920,Бені Макуана
tm:1083965,Жуан Безерра
tm:428603,Богдан Кушніренко
tm:831697,Яго Сікейра
tm:1045187,Ігор Краснопір
tm:418173,Джихад Бізімана
tm:705337,Марко Мрвальєвич
tm:182912,Анж-Фредді Плюмен
tm:525576,Бандейра
tm:773961,Олег Федор
tm:546532,Жордан
tm:709478,Микита Турбаєвський
tm:294723,Володимир Маханьков
tm:858712,Педро Енріке
tm:1033963,Егіналдо
tm:734799,Прінс Аду
tm:581000,Ейнел Соареш
tm:343963,Петар Мічин
tm:256942,Хайдін Саліху
tm:952943,Яків Кінарейкін
tm:627222,Таллес Коста
tm:356936,Йон Шпорн
tm:1074053,Матвій Пономаренко
tm:342609,Микола Ковталюк
tm:775709,Георгій Єрмаков
tm:681497,Арі Моура
tm:1082823,Невертон
tm:719652,Олександр Мартинюк
tm:1084065,Аріелсон
tm:585950,Натанаель Сентіні
tm:224164,Ростислав Тарануха
tm:620892,Арад Бар
tm:1158515,Рамік Гаджиєв
tm:517284,Мухаррем Яшарі
tm:809569,Єгор Гунічев
tm:335744,Мігел Кампуш
tm:569056,Жан-Морель Пое
tm:537538,Єгор Прокопенко
tm:692997,Олексій Сидоров
tm:774067,Ігор Горбач
tm:305418,Назарій Федорівський
tm:421636,Самсон Ієде
tm:808971,Денис Ндукве
tm:471638,Еміліано Пуріта
tm:363740,Євген Шевченко
tm:726016,Денис Шостак
tm:632667,Іван Тищенко
tm:656172,Яков Башич
tm:687881,Дієго Каріока
tm:834898,Вітіньйо
tm:539436,Крістіан Біловар
tm:675708,Гітіс Паулаускас
tm:442784,Ранжел
tm:522058,Василь Гакман
tm:817676,Жеовані
tm:941418,Деніл Кастільйо
tm:869465,Тіаго Сантана
tm:522328,Віталій Груша
tm:522832,Тарас Мороз
tm:342878,Ясін Фортюне
tm:320248,Олег Слободян
tm:737982,Жуліо Сезар
tm:899884,Олександр Чернов
tm:717415,Даніель Ківінда
tm:1052374,Євген Скиба
tm:546253,Дада Белмонте
tm:967981,Жан-Клод
tm:522791,Самбу Сіссоко
tm:761326,Став Лемкін
tm:1185406,Роман Ковалюк
tm:718643,Аліун Ндур
tm:243843,Олег Тарасенко
tm:537841,Євген Кучеренко
tm:227199,Ігор Солдат
tm:1159925,Сергій Корнійчук
tm:1057222,Віктор Цуканов
tm:833315,Новатус Міроші
tm:722371,Денис Світюха
tm:1115074,Молло Бессала
tm:871863,Андрій Андрейчук
tm:354640,Хосе Ернандес
tm:935095,Навін Малиш
tm:910926,Де
tm:1240467,Артем Присяжнюк
tm:342148,Зе Гоміш
tm:935109,Артем Слесар
tm:973704,Тіаго Кунья
tm:812170,Кирило Самойленко
tm:1018927,Кетелін Кукош
tm:1084075,Маркос Андре
tm:327911,Феліпе Пірес
tm:935048,Денис Твардовський
tm:570537,Вадим Червак
tm:717391,Максим Мельниченко
tm:1003436,Лукас Рамірес
tm:1262360,Владислав Крамар
tm:938300,Ярослав Базаєв
tm:1074482,Венделл
tm:1109816,Іван Демиденко
tm:928276,Сергій Копил
tm:925044,Тарас Галас
tm:707201,Павло Тищук
tm:669310,Данило Гончарук
tm:1268326,Тимур Бутенко
tm:1256101,Максим Шолупець
tm:1041334,Клайвер
tm:1266282,Ярослав Шевченко
tm:1140013,Володимир Вілівальд
tm:1237939,Ілля Баденко
tm:527967,Джек Іпалібо
tm:949337,Гільєрме Сміт
tm:1173335,Даниїл Чечер
tm:1250365,Михайло Раско
tm:1250868,Мухаммад Джурабаєв
tm:1072234,Олександр Домолега
tm:168830,Ігор Мединський
tm:1257693,Ігор Дорош
tm:1187437,Тарас Лях
tm:1136725,Денис Гаркавенко
tm:1038055,Назар Байрук
tm:1141270,Богдан Токар
tm:1244435,Єгор Капустян
tm:1028757,Артем Долбнєв
tm:748838,Юрій Тлумак
tm:1244434,Євген Писаренко
tm:978659,Богдан Хома
tm:1118450,Данило Тузенко
tm:917809,Ярослав Проценко
tm:1209124,Ростислав Баран
tm:1035981,Данило Ізотов
tm:650393,Василь Вашкеба
tm:1237999,Самуель Обінайя
tm:646153,Теді Цара
tm:577260,Факундо Батіста
tm:584083,Бруніньйо
tm:743587,Вінісіус Тобіас
tm:1083190,Іван Пахолюк
tm:1111025,Бабукарр Фаал
tm:819249,Луан Кампос
tm:648076,Джованні Болівар
tm:1159511,Денис Марченко
tm:794617,Ян Костенко
tm:608760,Арінальдо Рапай
tm:658060,Ніка Гагнідзе
tm:1052373,Артур Шах
tm:624808,Ілір Краснічі
tm:804264,Ігор Невес
tm:451788,Олександр П'ятов
tm:1090422,Жан Педрозо
tm:888342,Георгій Майсурадзе
tm:880458,Жуан Віалле
tm:1083070,Алісон
tm:527968,Пабло Альварес
tm:657796,Алаа Грам
tm:628329,Айді Дайко
tm:1263365,Єгор Поправка
tm:1083960,Кауа Пайшао
tm:469685,Жан Тронтель
tm:729196,Роман Волохатий
tm:1060543,Бакарі Конате
tm:634609,Руслан Дедух
tm:690246,Френсіс Момо
tm:717413,Олег Пушкарьов
tm:645137,Томер Йосефі
tm:1119009,Кауа Еліас
tm:522831,Максим Механів
tm:678606,Адмір Брістрич
tm:950181,Матей Матич
tm:530673,Шота Нонікашвілі
tm:717203,Іван Лосенко
tm:633850,Артур Рябов
tm:662418,Сідней
tm:620722,Деян Попара
tm:204396,Станіслав-Нурі Малиш
tm:642947,Еліас Теллес
tm:935107,Михайло Протасевич
tm:1375876,Дієго Енріке
tm:577844,Олег Соколов
tm:705058,Маттео Аморозо
tm:548993,Андре Гонсалвеш
tm:1153473,Крістіан Свистун
tm:672616,Ян Юрчец
tm:523491,Валерій Сад
tm:426011,Микола Когут
tm:412615,Георгій Куція
tm:1029207,Глейкер Мендоса
tm:837974,Патрісіо Танда
tm:796574,Стеніо
tm:370998,Бартол Франьїч
tm:702562,Ернест Астахов
tm:794896,Габріель Ескінья
tm:1293294,Олександр Каменський
tm:666614,Клемент Ікенна
tm:825229,Валерій Самар
tm:653832,Офек Бітон
tm:938681,Віталій Дубілей
tm:936859,Мозес Джарджу
tm:451603,Штефан Вледою
tm:484995,Ноа Ндомбасі
tm:809899,Лука Лацабідзе
tm:426008,Іван Когут
tm:1065123,Віталій Катрич
tm:1091519,Кайо Гомес
tm:655838,Бекназ Алмазбеков
tm:333020,Владислав Войцеховський
tm:470495,Осама Халайла
tm:928288,Олександр Дихтярук
tm:1249850,Олександр Жовтенко
tm:1290268,Олександр Пшеничнюк
tm:461595,Тео Ндіка
tm:1294033,Ярослав Караман
tm:717198,Данило Удод
tm:537850,Богдан Могильний
tm:923514,Віталій Фарасеєнко
tm:1033040,Марк Ассінор
tm:650863,Браян Себальос
tm:717196,Артем Бенедюк
tm:1126427,Майкен Гонсалес
tm:1082633,Венделл
tm:738154,Крістофер Нваезе
tm:776959,Андрій Співаков
tm:955216,Максим Василець
tm:636756,Мілот Авдилі
tm:1284125,Джеррі Йока
tm:1179284,Володимир Мулик
tm:1082832,Раян Карлос
tm:1111147,Чіджіоке Аніагбосо
tm:1293400,Роман Кузик
tm:925401,Роман Саленко
tm:387495,Андрій Різник
tm:718123,Самуель Нонго
tm:1291385,Орест Лепський
tm:983434,Георгій Робакідзе
tm:1027018,Матеус Амарал
tm:743627,Джевісон Беннетт
tm:387098,Демір Скриєль
tm:1291231,Назар Попов
tm:955213,Андрій Маткевич
tm:1180068,Данііл Денисенко
tm:597290,Анді Хадрой
tm:404844,Тимофій Сухар
tm:1302421,Жуан Нето
tm:1061626,Олексій Товарницький
tm:213424,Олександр Дударенко
tm:1061435,Андрій Ломницький
tm:965816,Станіслав Прус
tm:1176435,Іван Денисов
tm:537646,Олексій Литовченко
tm:1293390,Олексій Безручук
tm:539425,Валентин Моргун
tm:870185,Сімон Галоян
tm:955333,Назар Балаба
tm:1067497,Вадим Сидун
tm:935053,Микола Огарков
tm:1098098,Дієго Арройо
tm:1378959,Богдан Кирикович
tm:1262359,Федір Задорожний
tm:836428,Борель Томандзото
tm:1381775,Антон Видрич
tm:1074052,Владислав Калин
tm:378520,Фернан Фаеррон
tm:1073028,Іван Чабан
tm:1179117,Владислав Шершень
tm:1293455,Даніїл Юшко
tm:1291840,Ерік Калинець
tm:1259753,Арсен Залипка
tm:1295301,Єгор Клименко
tm:1059634,Костянтин Квас
tm:1272997,Данило Слива
tm:717200,Назар Русяк
tm:591619,Владимир Арсич
tm:1194386,Андрій Меленчук
tm:955349,Олексій Гусєв
tm:1293592,Давид Благодарний
tm:670309,Матей Ангелов
tm:1263951,Артем Чорний
tm:1161400,Максим Скороход
tm:1154991,Владислав Чабан
tm:1165884,Магомед Кратов
tm:924466,Антон Жилкін
tm:882696,Борис Лотоцький
tm:1105073,Анель Райс
tm:986412,Радіон Лісняк
tm:1219752,Ісаке
tm:1041630,Проспер Оба
tm:261550,Неманя Анджушич
tm:362529,Андрій Сторчоус
tm:1179658,Пітер Ітодо
tm:1007020,Хоакінете
tm:1161403,Назар Домчак
tm:885150,Карлос Парако
tm:1220143,Лука Мейреллес
tm:814830,Микола Миронюк
tm:685375,Кай Ціпот
tm:892097,Андрусв Араухо
tm:628473,Карлос Рохас
tm:567505,Константінос Стамуліс
tm:419118,Олександр Климець
tm:856056,Ассан Сек
tm:534474,Ніл Кок
tm:1138725,Богдан Редушко
tm:603126,Андрія Янич
tm:755164,Батон Заберджа
tm:892105,Ліндон Емерллаху
tm:808465,Ардіт Тахірі
tm:386659,Хон Себеріо
tm:522329,Артур Думанюк
tm:1219849,Лукас Феррейра
tm:572271,Шебер Алькайн
tm:870177,Владислав Мороз
tm:1045884,Крістіан Мба
tm:966009,Бар Лін
tm:873534,Ерен Айдин
tm:807731,Артем Мачелюк
tm:972535,Ермір Рашица
tm:730874,Андрій Ліповуз
tm:949111,Аліу Тіаре
tm:981181,Ніколас Аревало
tm:702664,Анте Бекавац
tm:618487,Хуссейн Туаті
tm:633728,Браян Кастільйо
tm:1074045,Максим Коробов
tm:1275071,Кауан Баптістелла
tm:918615,Степан Григоращук
tm:744099,Жота
tm:607249,Матіас Оєвусі
tm:1082597,Фабрісіо Ян
tm:998742,Шола Огундана
tm:603384,Арсентій Дорошенко
tm:1101761,Джовані Герберт
tm:1031575,Себастьян Кастільйо
tm:1093843,Фабіано
tm:1239140,Хоель Мая
tm:1074060,Владислав Захарченко
tm:1052387,Мирослав Сердюк
tm:798106,Руан Олівейра
tm:1053568,Джозеф Джонс
tm:1027625,Артем Лєгостаєв
tm:524572,Пауло Вітор
tm:812726,Андрій Беженар
tm:574774,Веслі Помба
tm:1195407,Салью Ба
tm:706176,Абдул Авуду
tm:568702,Папа Ндіага Яде
tm:942475,Верлей Баррера
tm:865572,Жеоване
tm:1253920,Гільєрме Баїя
tm:548653,Кая Макоссо
tm:800015,Влад Рейляну
tm:706166,Владислав Бленуце
tm:815673,Фернандо Енріке
tm:249639,Євген Місюра
tm:514623,Мауро Родрігеш
tm:1074505,Хаїр Кольяуасо
tm:1222645,Тіаго Боржес
tm:860096,Карлос Рохас
tm:1078831,Матвій Панченко
tm:807784,Жослен Беїратче
tm:1362423,Ерікі
tm:1095335,Жоннатан Сілва
tm:383758,Владислав Даниленко
tm:888190,Домагой Єлавич
tm:916226,Зураб Рухадзе
tm:647172,Алагі Олівейра
tm:1061629,Максим Бойко
tm:381299,Ігор Коцюмака
tm:581011,Микола Бужин
tm:626771,Лука Станковскі
tm:617643,Альбін Краснічі
tm:923433,Артем Оніщенко
tm:1160405,Віктор Долгий
tm:766706,Станіслав Кристін
tm:321947,Андрій Савенков
tm:917287,Вадим Підлепич
tm:623318,Ілля Каравашенко
tm:882089,Адам Якубу
tm:935094,Дмитро Кремчанін
tm:1293391,Захарій Захарків
tm:1293298,Матвій Боднар
tm:1522779,Давід Нійо
tm:1250366,Кирило Кобернюк
tm:1417090,Алагі Валлі
tm:752862,Тимур Пузанков
tm:1063685,В'ячеслав Суркіс
tm:926657,Кирило Матвєєв
tm:574229,Микита Федотов
tm:775723,Іван Бендера
tm:1293451,Олександр Фещенко
tm:707217,Албан Таїпі
tm:923512,Сергій Стень
tm:857859,Владислав Кристін
tm:726013,Гліб Савчук
tm:1159736,Вадим Сташків
tm:1031028,Олександр Вівдич
tm:1167746,Ігнат Пушкуца
tm:1346771,Володимир Ясінський
tm:1186330,Антон Демченко
tm:1241968,Назар Макаренко
tm:1291232,Дмитро Мурашко
tm:1436068,Олександр Дєдов
tm:1291835,Дмитро Себро
tm:1263950,Ростислав Лящук
tm:1295300,Олексій Товарчі
tm:1061623,Назар Касарда
tm:1448405,Віктор Адеоє
tm:1183905,Даниїл Власюк
tm:1074043,Віталій Лобко
tm:1293579,Дмитро Матківський
tm:1320347,Богдан Левицький
tm:1186332,Ростислав Баглай
tm:599224,Анхель Торрес
tm:661858,Хосе Флорес
tm:935106,Марко Подоляк
tm:1143806,Богдан Панчишин
tm:1240255,Олександр Іванов
tm:425567,Дієго Паласіос
tm:1467103,Олександр Гоч
tm:1354276,Ілля Бодак
tm:1433541,Олег Дзюринець
tm:1434799,Максим Угрик
tm:1299696,Станіслав Ярошенко
tm:1293290,Євген Маяков
tm:1291837,Михайло Дзюн
tm:1293692,Назар Прокопенко
tm:1159512,Олександр Козлов
tm:1121524,Денис Хмельовський
tm:1505395,Ілля Островський
tm:1436309,Денис Гордєєв
tm:1434798,Кирило Рибак
tm:1117106,Артур Андрейчик
tm:1218821,Гуларт
tm:1447744,Тутті
tm:1291839,Юрій Мужиловський
tm:1354272,Костянтин Кислянка
tm:1401728,Максим Нанашко
tm:1517352,Кирило Денисов
tm:1113558,Микита Мінчев
tm:317944,Ілля Ходуля
tm:294786,Святослав Шаповалов
tm:271516,Валерій Восконян
tm:383082,Євген Стрельцов
