person_id,display_uk,conf,name_uk,name_ru,name_en,nat,pos,seasons,clubs
tm:100163,Сергій Борзенко,high,,,Sergiy Borzenko,Ukraine,DF,2015–2020,Олімпік (Донецьк); Верес (Рівне); ПФК Львів
tm:1003436,Лукас Рамірес,high,,,Lucas Ramires,Brazil,DF,2023–2023,Ворскла (Полтава)
tm:1007020,Хоакінете,high,,,Joaquinete,Spain,FW,2025–2025,Епіцентр (Кам'янець-Подільський)
tm:101304,Дуглас,high,,,Douglas,Brazil,DF,2012–2020,Дніпро (Дніпропетровськ); СК Дніпро-1
tm:101670,Марселіньйо,high,,,Marcelinho,Brazil,FW,2012–2013,Карпати (Львів)
tm:101808,Мамаду Ваге,high,,,Mamadou Wagué,France,DF,2017–2017,Чорноморець (Одеса)
tm:1018927,Кетелін Кукош,check,,,Catalin Cucos,Moldova,DF,2023–2023,Колос (Ковалівка)
tm:102572,Юрій Паньків,high,,Юрий Панькив,Yuriy Pankiv,Украина,GK,2011–2022,Олександрія; Металург (Донецьк); Арсенал (Київ); Сталь (Кам'янське)
tm:1027018,Матеус Амарал,high,,,Mateus Amaral,Brazil,MF,2024–2025,Олександрія
tm:1027625,Артем Лєгостаєв,high,,,Artem Lyegostayev,Ukraine,FW,2025–2025,Кудрівка
tm:1028757,Артем Долбнєв,high,,,Artem Dolbnev,Ukraine,MF,2023–2023,Зоря (Луганськ)
tm:10288,Ігор Дуляй,high,Дуляй Ігор,,Igor Duljaj,Сербія,MF,2003–2013,Шахтар (Донецьк); Севастополь
tm:1029207,Глейкер Мендоса,high,,,Gleiker Mendoza,Venezuela,FW,2024–2025,Кривбас (Кривий Ріг)
tm:1031028,Олександр Вівдич,high,,,Oleksandr Vivdych,Ukraine,FW,2025–2025,СК Полтава
tm:1031575,Себастьян Кастільйо,high,,,Sebastián Castillo,Venezuela,FW,2025–2025,Металіст 1925 (Харків)
tm:1033040,Марк Ассінор,high,,,Mark Assinor,Ghana,FW,2024–2025,ЛНЗ (Черкаси)
tm:1033963,Егіналдо,high,,,Eguinaldo,Brazil,FW,2023–2025,Шахтар (Донецьк)
tm:1035981,Данило Ізотов,high,,,Danylo Izotov,Ukraine,DF,2023–2024,Ворскла (Полтава)
tm:1035982,Дмитро Черниш,high,,,Dmytro Chernysh,Ukraine,MF,2022–2025,Ворскла (Полтава); Олександрія
tm:103600,Вісенте Арсе,high,,,Vicente Arze,Bolivia,MF,2013–2013,Говерла / Закарпаття (Ужгород)
tm:1038054,Ярослав Кисіль,high,,,Yaroslav Kysil,Ukraine,DF,2022–2025,Зоря (Луганськ); Минай; Чорноморець (Одеса); ЛНЗ (Черкаси)
tm:1038055,Назар Байрук,high,,,Nazar Bayruk,Ukraine,DF,2023–2023,Зоря (Луганськ)
tm:103950,Роман Ємельянов,high,Ємельянов Роман Павлович,,Roman Emeljanov,Росія,MF,2010–2013,Зоря (Луганськ); Маріуполь / Іллічівець
tm:1041334,Клайвер,high,,,Klayver,Brazil,FW,2023–2025,Рух (Львів)
tm:1041630,Проспер Оба,high,,,Prosper Obah,Nigeria,FW,2025–2025,ЛНЗ (Черкаси); Шахтар (Донецьк)
tm:104203,Євген Старіков,check,,,Eugene Starikov,United States,FW,2015–2015,Чорноморець (Одеса)
tm:104331,Лукман Аруна,high,,Аруна Лукман,Lukman Haruna,Nigeria,MF,2011–2014,Динамо (Київ); Говерла / Закарпаття (Ужгород)
tm:104351,Рамон Лопес,high,Лопес де Фрейтас Рамон,Лопес де Фрейтас Рамон,Ramon Lopes,Бразилія,MF,2010–2013,Волинь (Луцьк)
tm:104505,Алан Патрік,high,,Алан Патрик,Alan Patrick,Бразилия,MF,2011–2021,Шахтар (Донецьк)
tm:1045187,Ігор Краснопір,high,,,Igor Krasnopir,Ukraine,FW,2023–2025,Оболонь (Київ); Рух (Львів); Карпати (Львів); Полісся (Житомир)
tm:1045568,Данило Голуб,high,,,Danylo Golub,Ukraine,FW,2022–2023,Минай; Чорноморець (Одеса)
tm:1045884,Крістіан Мба,high,,,Christian Mba,Nigeria,FW,2025–2025,Металіст 1925 (Харків)
tm:104590,Рафаел Форстер,high,,,Rafael Forster,Brazil,DF,2015–2017,Зоря (Луганськ)
tm:1048954,Ігор Потімков,check,,,Igor Potimkov,Ukraine,GK,2022–2022,Металіст 1925 (Харків)
tm:1050249,Денис Шевченко,high,,,Denys Shevchenko,Ukraine,MF,2022–2022,Кривбас (Кривий Ріг)
tm:1050852,Віталій Холод,high,,,Vitaliy Kholod,Ukraine,DF,2022–2025,Рух (Львів); Карпати (Львів)
tm:1052373,Артур Шах,high,,,Artur Shakh,Ukraine,MF,2024–2025,Карпати (Львів)
tm:1052374,Євген Скиба,high,,,Yevgeniy Skyba,Ukraine,DF,2023–2024,Минай; Чорноморець (Одеса)
tm:1052387,Мирослав Сердюк,high,,,Myroslav Serdyuk,Ukraine,DF,2025–2025,Кудрівка
tm:1053568,Джозеф Джонс,high,,,Joseph Jones,Panama,DF,2025–2025,Кривбас (Кривий Ріг)
tm:105362,Адольф Тейку,high,Тейку Канган Адольф,,Adolphe Teikeu,Камерун,DF,2008–2014,Металург (Запоріжжя); Чорноморець (Одеса)
tm:105456,Фернандо,high,,,Fernando,Brazil,MF,2013–2014,Шахтар (Донецьк)
tm:105534,Артур Каськов,auto,Каськов Артур Геннадійович,,Artur Kaskov,Україна,FW,2008–2012,Металург (Запоріжжя)
tm:1057222,Віктор Цуканов,high,,,Viktor Tsukanov,Ukraine,MF,2023–2025,Шахтар (Донецьк)
tm:1059104,Олександр Ніколишин,high,,,Oleksandr Nikolyshyn,Ukraine,DF,2022–2022,Металіст (Харків)
tm:1059630,Віталій Михайлів,high,,,Vitaliy Mykhayliv,Ukraine,MF,2022–2022,ПФК Львів
tm:1059634,Костянтин Квас,high,,,Kostyantyn Kvas,Ukraine,MF,2024–2025,Рух (Львів)
tm:1060543,Бакарі Конате,high,,,Bakary Konaté,Mali,DF,2024–2025,Кривбас (Кривий Ріг)
tm:1061435,Андрій Ломницький,high,,,Andriy Lomnytskyi,Ukraine,DF,2024–2025,Оболонь (Київ)
tm:1061623,Назар Касарда,high,,,Nazar Kasarda,Ukraine,FW,2025–2025,Рух (Львів)
tm:1061626,Олексій Товарницький,high,,,Oleksiy Tovarnytskyi,Ukraine,DF,2024–2025,Рух (Львів)
tm:1061628,Євген Пастух,high,,,Yevgeniy Pastukh,Ukraine,MF,2023–2025,Рух (Львів); ЛНЗ (Черкаси)
tm:1061629,Максим Бойко,high,,,Maksym Boyko,Ukraine,MF,2025–2025,Рух (Львів)
tm:1063685,В'ячеслав Суркіс,high,,,Vyacheslav Surkis,Ukraine,GK,2025–2025,Динамо (Київ)
tm:1065123,Віталій Катрич,high,,,Vitaliy Katrych,Ukraine,DF,2024–2024,Інгулець (Петрове)
tm:106632,Санжар Турсунов,high,,,Sanzhar Tursunov,Uzbekistan,FW,2013–2016,Ворскла (Полтава)
tm:1067225,Тарас Михавко,high,,,Taras Mykhavko,Ukraine,DF,2022–2025,ПФК Львів; Динамо (Київ)
tm:1067497,Вадим Сидун,high,,,Vadym Sydun,Ukraine,FW,2024–2025,Карпати (Львів); Епіцентр (Кам'янець-Подільський)
tm:106928,Сергій Ситало,high,,Ситало Сергей,Sergiy Sitalo,Ukraine,GK,2011–2018,Таврія (Сімферополь); Арсенал (Київ)
tm:1072234,Олександр Домолега,high,,,Oleksandr Domolega,Ukraine,GK,2023–2024,Ворскла (Полтава)
tm:107274,Сергій Чеботаєв,high,,,Sergiy Chebotaev,Ukraine,DF,2015–2017,Олександрія
tm:107283,Василь Палагнюк,high,,,Vasyl Palagnyuk,Ukraine,FW,2017–2017,Верес (Рівне)
tm:1073028,Іван Чабан,high,,,Ivan Chaban,Ukraine,MF,2024–2024,Карпати (Львів)
tm:107373,Сергій Даценко,high,,,Sergiy Datsenko,Ukraine,DF,2018–2018,Арсенал (Київ)
tm:1074042,Данило Кайдалов,high,,,Danylo Kaydalov,Ukraine,FW,2022–2022,Металіст (Харків)
tm:1074043,Віталій Лобко,high,,,Vitaliy Lobko,Ukraine,FW,2025–2025,Динамо (Київ)
tm:1074045,Максим Коробов,high,,,Maksym Korobov,Ukraine,DF,2025–2025,Динамо (Київ)
tm:1074052,Владислав Калин,check,,,Vladyslav Kalyn,Ukraine,FW,2024–2024,Чорноморець (Одеса)
tm:1074053,Матвій Пономаренко,high,,,Matviy Ponomarenko,Ukraine,FW,2023–2025,Динамо (Київ)
tm:1074059,Кирило Дігтярь,high,,,Kyrylo Digtyar,,DF,2022–2022,Металіст (Харків)
tm:1074060,Владислав Захарченко,high,,,Vladyslav Zakharchenko,Ukraine,DF,2025–2025,Динамо (Київ)
tm:1074482,Венделл,check,,,Wendell,Brazil,FW,2023–2023,Зоря (Луганськ)
tm:1074505,Хаїр Кольяуасо,check,,,Jair Collahuazo,Ecuador,DF,2025–2025,Кудрівка
tm:1075339,Владислав Мендрук,high,,,Vladyslav Mendruk,Ukraine,MF,2022–2022,ПФК Львів
tm:107803,Максим Білий,high,,,Maksym Bilyi,Ukraine,DF,2012–2022,Зоря (Луганськ); Маріуполь / Іллічівець; Рух (Львів); Чорноморець (Одеса)
tm:1078831,Матвій Панченко,high,,,Matviy Panchenko,Ukraine,MF,2025–2025,Металіст 1925 (Харків)
tm:1082597,Фабрісіо Ян,check,,,Fabrício Yan,Brazil,MF,2025–2025,Верес (Рівне)
tm:1082633,Венделл,check,,,Wendell,Brazil,FW,2024–2024,Полісся (Житомир); Верес (Рівне)
tm:1082823,Невертон,high,,,Newerton,Brazil,FW,2023–2025,Шахтар (Донецьк)
tm:1082832,Раян Карлос,check,,,Ryan Carlos,Brazil,DF,2024–2024,Чорноморець (Одеса)
tm:1082915,Геннадій Синчук,high,,,Gennadiy Synchuk,Ukraine,FW,2022–2022,Металіст (Харків)
tm:1083070,Алісон,high,,,Alisson,Brazil,FW,2024–2025,Шахтар (Донецьк)
tm:1083190,Іван Пахолюк,high,,,Ivan Pakholyuk,Ukraine,GK,2024–2025,Колос (Ковалівка)
tm:1083960,Кауа Пайшао,check,,,Cauã Paixão,Brazil,FW,2024–2024,Полісся (Житомир)
tm:1083965,Жуан Безерра,high,,,Juan Bezerra,Brazil,FW,2023–2025,Олександрія
tm:1084065,Аріелсон,check,,,Arielson,Brazil,FW,2023–2023,Полісся (Житомир)
tm:1084075,Маркос Андре,high,,,Marcos André,Brazil,FW,2023–2023,СК Дніпро-1
tm:108709,Еріксон Дансо,check,,,Erixon Danso,Aruba,MF,2016–2016,Сталь (Кам'янське)
tm:108710,Владислав Калітвінцев,auto,Калітвінцев Владислав Юрійович,Владислав Калитвинцев,Vladyslav Kalitvintsev,Україна,MF,2009–2025,Динамо (Київ); Чорноморець (Одеса); Зоря (Луганськ); Арсенал (Київ)
tm:108866,Дмитро Поспєлов,high,,Дмитрий Поспелов,Dmytro Pospelov,Украина,DF,2021–2022,Інгулець (Петрове)
tm:1090422,Жан Педрозо,high,,,Jean Pedroso,Brazil,DF,2024–2025,Карпати (Львів)
tm:1091519,Кайо Гомес,high,,,Caio Gomes,Brazil,DF,2024–2024,Чорноморець (Одеса)
tm:109314,Андрій Нестеров,auto,Нестеров Андрій Вячеславович,,Andriy Nesterov,Україна,DF,2008–2017,Металург (Запоріжжя); Карпати (Львів)
tm:1093843,Фабіано,high,,,Fabiano,Brazil,FW,2025–2025,Карпати (Львів)
tm:1095335,Жоннатан Сілва,check,,,Jhonnatan Silva,Brazil,FW,2025–2025,Олександрія
tm:1098098,Дієго Арройо,high,,,Diego Arroyo,Bolivia,DF,2024–2025,Шахтар (Донецьк)
tm:110028,Артем Чорній,auto,Чорній Артем Олександрович,,Artem Chorniy,Україна,FW,2008–2018,Маріуполь / Іллічівець; Олександрія; Чорноморець (Одеса)
tm:1101761,Джовані Герберт,high,,,Giovany Herbert,Panama,MF,2025–2025,Кривбас (Кривий Ріг)
tm:1105073,Анель Райс,check,,,Anel Ryce,Panama,MF,2024–2024,Чорноморець (Одеса)
tm:110688,Сергій Логінов,high,,Сергей Логинов,Sergiy Loginov,Украина,DF,2015–2024,Волинь (Луцьк); СК Дніпро-1; Олександрія
tm:1109816,Іван Демиденко,high,,,Ivan Demydenko,Ukraine,FW,2023–2023,Минай
tm:111072,Владислав Огіря,auto,Огіря Владислав Леонідович,,Vladyslav Ogirya,Україна,MF,2009–2023,Зоря (Луганськ); Олімпік (Донецьк); Олександрія; Десна (Чернігів)
tm:111074,Артур Западня,auto,Западня Артур Володимирович,,Artur Zapadnya,Україна,MF,2008–2020,Маріуполь / Іллічівець; Верес (Рівне); ПФК Львів; Десна (Чернігів)
tm:1111025,Бабукарр Фаал,check,,,Baboucarr Faal,The Gambia,FW,2024–2025,Рух (Львів); Карпати (Львів)
tm:1111147,Чіджіоке Аніагбосо,check,,,Chijioke Aniagboso,Nigeria,GK,2024–2024,Чорноморець (Одеса)
tm:1112706,Іван Матюшенко,high,,,Ivan Matyushenko,Ukraine,MF,2022–2023,Олександрія; Минай
tm:1113558,Микита Мінчев,high,,,Mykyta Minchev,Ukraine,GK,2025–2025,СК Полтава
tm:1115074,Молло Бессала,check,,,Mollo Bessala,Cameroon,FW,2023–2024,ЛНЗ (Черкаси)
tm:1115271,Захар Карпус,check,,,Zakhar Karpus,Ukraine,MF,2022–2022,Кривбас (Кривий Ріг)
tm:111556,Йоонас Тамм,high,,,Joonas Tamm,Estonia,DF,2019–2020,Десна (Чернігів)
tm:1116038,Дмитро Шух,high,,,Dmytro Shukh,Ukraine,MF,2022–2022,Верес (Рівне)
tm:1117106,Артур Андрейчик,high,,,Artur Andreichyk,Ukraine,DF,2025–2025,Олександрія
tm:1118450,Данило Тузенко,high,,,Danylo Tuzenko,Ukraine,MF,2023–2023,Ворскла (Полтава)
tm:1119009,Кауа Еліас,high,,,Kauã Elias,Brazil,FW,2024–2025,Шахтар (Донецьк)
tm:1120127,Кирило Влага,high,,,Kyrylo Vlaga,Ukraine,DF,2022–2022,Металіст (Харків)
tm:1121524,Денис Хмельовський,high,,,Denys Khmelyovskyi,Ukraine,MF,2025–2025,Олександрія
tm:112364,В'ячеслав Рябов,auto,Рябов В'ячеслав Георгійович,,Vyacheslav Ryabov,Україна,MF,2008–2023,Кривбас (Кривий Ріг); Колос (Ковалівка)
tm:1125319,Максим Вадовський,high,,,Maksym Vadovskyi,Ukraine,MF,2022–2022,Верес (Рівне)
tm:112640,Альдо Адорно,high,,,Aldo Adorno,Paraguay,FW,2014–2014,Металург (Донецьк)
tm:1126427,Майкен Гонсалес,high,,,Maiken González,Venezuela,FW,2024–2024,Кривбас (Кривий Ріг)
tm:112953,Дмитро Безотосний,auto,Безотосний Дмитро Олександрович,Безотосный Дмитрий,Dmytro Bezotosnyi,Україна,GK,2008–2014,Металург (Запоріжжя); Чорноморець (Одеса)
tm:1130335,Дмитро Годя,high,,,Dmytro Godya,Ukraine,MF,2022–2025,Верес (Рівне)
tm:113235,Георгій Зотов,high,,,Georgiy Zotov,Russia,DF,2013–2013,Металург (Донецьк)
tm:1134218,Артем Гусол,high,,,Artem Gusol,Ukraine,FW,2022–2025,Колос (Ковалівка)
tm:1134676,Данііл Ващенко,high,,,Daniil Vashchenko,Ukraine,MF,2022–2025,Олександрія
tm:1136725,Денис Гаркавенко,high,,,Denys Garkavenko,Ukraine,DF,2023–2023,Олександрія
tm:1138480,Микола Киричок,high,,,Mykola Kyrychok,Ukraine,DF,2022–2025,ПФК Львів; Рух (Львів); Карпати (Львів)
tm:1138725,Богдан Редушко,high,,,Bogdan Redushko,Ukraine,FW,2025–2025,Динамо (Київ)
tm:113888,Ігор Левченко,high,,,Igor Levchenko,Ukraine,GK,2012–2016,Зоря (Луганськ)
tm:1140013,Володимир Вілівальд,high,,,Volodymyr Vilivald,Ukraine,DF,2023–2025,Кривбас (Кривий Ріг); Інгулець (Петрове)
tm:114019,Василь Павлов,high,,,Vasiliy Pavlov,Russia,FW,2018–2018,Чорноморець (Одеса)
tm:1140587,Даніїл Приходько,check,,,Daniil Prykhodko,Ukraine,DF,2022–2022,Металіст (Харків)
tm:1140603,Богдан-Юліан Вишинський,high,,,Bogdan-Yulian Vyshynskyi,Ukraine,FW,2022–2022,ПФК Львів
tm:1141270,Богдан Токар,high,,,Bogdan Tokar,Ukraine,DF,2023–2023,Зоря (Луганськ)
tm:1141487,Владислав Герич,high,,,Vladyslav Gerych,Ukraine,FW,2022–2022,ПФК Львів
tm:1143805,Олександр Цвіренко,high,,,Oleksandr Tsvirenko,Ukraine,MF,2022–2022,Металіст (Харків)
tm:1143806,Богдан Панчишин,high,,,Bogdan Panchyshyn,Ukraine,MF,2025–2025,Полісся (Житомир)
tm:1143809,Іван Бокало,high,,,Ivan Bokalo,Ukraine,MF,2022–2022,ПФК Львів
tm:1143811,Ярослав Шандра,high,,,Yaroslav Shandra,Ukraine,DF,2022–2022,ПФК Львів
tm:1143823,Денис Довбецький,high,,,Denys Dovbetskyi,Ukraine,FW,2022–2022,ПФК Львів
tm:114398,Максим Максименко,high,,,Maksym Maksymenko,Ukraine,DF,2019–2020,Колос (Ковалівка)
tm:114658,Сергій Воронін,auto,Воронін Сергій Олександрович,,Sergiy Voronin,Україна,DF,2010–2018,Севастополь; Волинь (Луцьк); Сталь (Кам'янське); ПФК Львів
tm:114937,Дуду,high,,Дуду Перейра Родригес Эдуардо,Dudu,Brazil,FW,2011–2013,Динамо (Київ)
tm:115133,Іван Пешич,high,,Иван Пешич,Ivan Pesic,Хорватия,FW,2020–2021,Ворскла (Полтава)
tm:1153473,Крістіан Свистун,high,,,Kristian Svystun,Ukraine,FW,2024–2024,Інгулець (Петрове)
tm:1154991,Владислав Чабан,high,,,Vladyslav Chaban,Ukraine,MF,2024–2024,Інгулець (Петрове)
tm:1158515,Рамік Гаджиєв,high,,,Ramik Gadzhyev,Ukraine,FW,2023–2025,СК Дніпро-1; Металіст 1925 (Харків)
tm:1159511,Денис Марченко,high,,,Denys Marchenko,Ukraine,GK,2024–2025,Оболонь (Київ)
tm:1159512,Олександр Козлов,high,,,Oleksandr Kozlov,Ukraine,MF,2025–2025,Оболонь (Київ)
tm:1159736,Вадим Сташків,high,,,Vadym Stashkiv,Ukraine,GK,2025–2025,Оболонь (Київ)
tm:1159925,Сергій Корнійчук,high,,,Sergiy Korniychuk,Ukraine,DF,2023–2025,Минай; Верес (Рівне); Полісся (Житомир)
tm:1160405,Віктор Долгий,high,,,Viktor Dolgyi,Ukraine,GK,2025–2025,Олександрія
tm:1161400,Максим Скороход,high,,,Maksym Skorokhod,Ukraine,MF,2024–2024,Інгулець (Петрове)
tm:1161403,Назар Домчак,high,,,Nazar Domchak,Ukraine,GK,2025–2025,Карпати (Львів)
tm:116302,Едгар Малакян,high,,,Edgar Malakyan,Armenia,FW,2015–2017,Сталь (Кам'янське)
tm:1165884,Магомед Кратов,check,,,Magomed Kratov,Ukraine,DF,2024–2024,Чорноморець (Одеса)
tm:1167746,Ігнат Пушкуца,check,,,Ignat Pushkutsa,Ukraine,FW,2025–2025,Верес (Рівне)
tm:1173335,Даниїл Чечер,high,,,Danyil Checher,Ukraine,DF,2023–2025,Полісся (Житомир); Верес (Рівне)
tm:117481,Роман Мисак,high,,,Roman Mysak,Ukraine,GK,2012–2024,Карпати (Львів); Рух (Львів); Колос (Ковалівка)
tm:1176435,Іван Денисов,high,,,Ivan Denysov,Ukraine,MF,2024–2025,Рух (Львів)
tm:1179117,Владислав Шершень,high,,,Vladyslav Shershen,Ukraine,DF,2024–2024,Колос (Ковалівка)
tm:1179284,Володимир Мулик,high,,,Volodymyr Mulyk,Ukraine,FW,2024–2025,Кривбас (Кривий Ріг)
tm:1179658,Пітер Ітодо,high,,,Peter Itodo,Nigeria,FW,2025–2025,Металіст 1925 (Харків)
tm:1180068,Данііл Денисенко,high,,,Daniil Denysenko,Ukraine,MF,2024–2025,Колос (Ковалівка)
tm:118022,Юнес Бельханда,high,,,Younès Belhanda,Morocco,MF,2013–2015,Динамо (Київ)
tm:118283,Крістіан Ербес,high,,,Cristian Erbes,Argentina,MF,2018–2018,Карпати (Львів)
tm:1183905,Даниїл Власюк,high,,,Danyil Vlasyuk,Ukraine,DF,2025–2025,Олександрія
tm:1185406,Роман Ковалюк,high,,,Roman Kovalyuk,Ukraine,FW,2023–2023,Верес (Рівне)
tm:1186330,Антон Демченко,high,,,Anton Demchenko,Ukraine,FW,2025–2025,Кудрівка
tm:1186332,Ростислав Баглай,high,,,Rostyslav Baglay,Ukraine,GK,2025–2025,Шахтар (Донецьк)
tm:1187437,Тарас Лях,high,,,Taras Lyakh,Ukraine,FW,2023–2025,Оболонь (Київ)
tm:118850,Іван Ордець,high,,,Ivan Ordets,Ukraine,DF,2012–2017,Маріуполь / Іллічівець; Шахтар (Донецьк)
tm:119433,Артак Єдигарян,high,,,Artak Yedigaryan,Armenia,MF,2012–2012,Металург (Донецьк)
tm:119434,Родріго Моледо,high,,,Rodrigo Moledo,Brazil,DF,2013–2013,Металіст (Харків)
tm:1194386,Андрій Меленчук,high,,,Andriy Melenchuk,Ukraine,FW,2024–2024,Інгулець (Петрове)
tm:1195407,Салью Ба,check,,,Sallieu Bah,Sierra Leone,MF,2025–2025,Зоря (Луганськ)
tm:119717,Сергій Басов,high,,,Sergiy Basov,Ukraine,DF,2015–2017,Олександрія
tm:120144,Євген Будник,high,,Будник Евгений,Yevgen Budnik,Ukraine,FW,2011–2015,Ворскла (Полтава); Сталь (Кам'янське)
tm:120211,Максим Коваль,auto,Коваль Максим Анатолійович,Коваль Максим,Maksym Koval,Україна,GK,2009–2017,Металург (Запоріжжя); Динамо (Київ); Говерла / Закарпаття (Ужгород)
tm:120262,Дмитро Немчанінов,high,,,Dmytro Nemchaninov,Ukraine,DF,2013–2023,Волинь (Луцьк); Олімпік (Донецьк); Чорноморець (Одеса); Десна (Чернігів)
tm:120543,Андрій Полтавцев,high,,,Andriy Poltavtsev,Ukraine,GK,2014–2014,Зоря (Луганськ)
tm:12064,Ігор Скоба,auto,Скоба Ігор Олегович,Скоба Игорь,Igor Skoba,Україна,MF,2001–2013,Говерла / Закарпаття (Ужгород); Оболонь (Київ); Динамо (Київ); Арсенал (Київ)
tm:1209124,Ростислав Баран,high,,,Rostyslav Baran,Ukraine,MF,2023–2024,Верес (Рівне)
tm:120966,Олександр Ільющенков,high,,Александр Ильющенков,Oleksandr Ilyushchenkov,Украина,GK,2013–2022,Карпати (Львів); Металіст (Харків); ПФК Львів
tm:120991,Геннадій Ганєв,check,,,Gennadiy Ganev,Ukraine,GK,2016–2016,Зірка (Кропивницький)
tm:120996,Володимир Гудима,auto,Гудима Володимир Ярославович,Гудыма Владимир,Volodymyr Gudyma,Україна,FW,2009–2013,Карпати (Львів)
tm:121009,Максим Каленчук,high,,,Maksym Kalenchuk,Ukraine,MF,2015–2018,Сталь (Кам'янське); Олександрія; Верес (Рівне); ПФК Львів
tm:121011,Олександр Кочура,high,,,Oleksandr Kochura,Ukraine,MF,2016–2016,Зірка (Кропивницький)
tm:121026,Юрій Путраш,auto,Путраш Юрій Володимирович,Путраш Юрий,Yuriy Putrash,Україна,DF,2009–2018,Оболонь (Київ); Таврія (Сімферополь); Чорноморець (Одеса); Сталь (Кам'янське)
tm:121030,Ігор Семенина,high,,,Igor Semenyna,Ukraine,MF,2014–2015,Олімпік (Донецьк)
tm:121188,Антон Крамар,high,,,Anton Kramar,Ukraine,MF,2013–2013,Севастополь
tm:121218,Євген Єлісеєв,high,,,Yevgen Yeliseev,Ukraine,DF,2012–2012,Говерла / Закарпаття (Ужгород)
tm:1218821,Гуларт,check,,,Goulart,Brazil,DF,2025–2025,Олександрія
tm:1219752,Ісаке,high,,,Isaque,Brazil,MF,2025–2025,Шахтар (Донецьк)
tm:1219849,Лукас Феррейра,high,,,Lucas Ferreira,Brazil,FW,2025–2025,Шахтар (Донецьк)
tm:121988,Веллінгтон Нем,high,,,Wellington Nem,Brazil,FW,2013–2018,Шахтар (Донецьк)
tm:1220143,Лука Мейреллес,high,,,Luca Meirelles,Brazil,FW,2025–2025,Шахтар (Донецьк)
tm:122088,Артем Громов,auto,Громов Артем Ігорович,Артём Громов,Artem Gromov,Україна,MF,2009–2022,Ворскла (Полтава); Динамо (Київ); Зоря (Луганськ); СК Дніпро-1
tm:122235,Дмитро Скоблов,high,,,Dmytro Skoblov,Ukraine,MF,2014–2014,Маріуполь / Іллічівець
tm:1222645,Тіаго Боржес,check,,,Thiago Borges,Brazil,DF,2025–2025,Кривбас (Кривий Ріг)
tm:122317,Віталій Гошкодеря,auto,Гошкодеря Віталій Валерійович,,Vitaliy Goshkoderya,Україна,MF,2010–2018,Волинь (Луцьк); Олімпік (Донецьк); Чорноморець (Одеса)
tm:122361,Адерінсола Есеола,high,,,Aderinsola Habib Eseola,Ukraine,FW,2015–2022,Олександрія; Зірка (Кропивницький); ПФК Львів
tm:123136,Алассан Ндіає,check,,,Alassane N'Diaye,France,MF,2017–2017,Чорноморець (Одеса)
tm:123214,Володимир Коваль,high,,,Volodymyr Koval,Ukraine,FW,2013–2018,Севастополь; Чорноморець (Одеса)
tm:123216,Дмитро Рижук,high,,,Dmytro Ryzhuk,Ukraine,DF,2014–2018,Металіст (Харків); Чорноморець (Одеса)
tm:123279,Артем Щедрий,high,,,Artem Shchedryi,Ukraine,MF,2012–2020,Волинь (Луцьк); Зірка (Кропивницький); Олімпік (Донецьк); Інгулець (Петрове)
tm:123366,Роман Годований,auto,Годований Роман Петрович,,Roman Godovany,Україна,DF,2010–2014,Волинь (Луцьк)
tm:123543,Артем Сухоцький,high,,,Artem Sukhotskyi,Ukraine,DF,2015–2020,Олександрія; Зоря (Луганськ); Десна (Чернігів)
tm:1237939,Ілля Баденко,high,,,Ilya Badenko,Ukraine,MF,2023–2023,СК Дніпро-1
tm:1237999,Самуель Обінайя,high,,,Samuel Obinaya,Ukraine,MF,2023–2023,Металіст 1925 (Харків)
tm:1239140,Хоель Мая,check,,,Jhoel Maya,Ecuador,MF,2025–2025,Кривбас (Кривий Ріг)
tm:124025,Зігі Бадібанга,high,,,Ziguy Badibanga,Belgium,FW,2022–2023,Чорноморець (Одеса)
tm:1240255,Олександр Іванов,high,,,Oleksandr Ivanov,Ukraine,MF,2025–2025,Полісся (Житомир)
tm:124028,Ісмаїлі,high,,Исмаили,Ismaily,Бразилия,DF,2012–2021,Шахтар (Донецьк)
tm:1240467,Артем Присяжнюк,high,,,Artem Prysyazhnyuk,Ukraine,MF,2023–2023,Чорноморець (Одеса)
tm:124160,Андрій Гайдаш,high,,,Andrey Gaydash,Russia,FW,2012–2012,Металург (Запоріжжя)
tm:124182,Сергій Сидорчук,auto,Сидорчук Сергій Олександрович,Сергей Сидорчук,Sergiy Sydorchuk,Україна,MF,2009–2023,Металург (Запоріжжя); Динамо (Київ)
tm:1241968,Назар Макаренко,high,,,Nazar Makarenko,Ukraine,GK,2025–2025,Олександрія
tm:1244434,Євген Писаренко,high,,,Yevgen Pysarenko,Ukraine,MF,2023–2023,Зоря (Луганськ)
tm:1244435,Єгор Капустян,high,,,Yegor Kapustyan,Ukraine,DF,2023–2023,Зоря (Луганськ)
tm:124870,Лоренсо Ебесіліо,check,,,Lorenzo Ebecilio,Netherlands,MF,2012–2012,Металург (Донецьк)
tm:1249850,Олександр Жовтенко,high,,,Oleksandr Zhovtenko,Ukraine,DF,2024–2025,Інгулець (Петрове); Оболонь (Київ)
tm:1250365,Михайло Раско,high,,,Mykhaylo Rasko,Ukraine,MF,2023–2023,Полісся (Житомир)
tm:1250366,Кирило Кобернюк,high,,,Kiril Kobernyuk,Ukraine,DF,2025–2025,Полісся (Житомир)
tm:1250868,Мухаммад Джурабаєв,high,,,Mukhammad Dzhurabaev,Ukraine,MF,2023–2024,Рух (Львів)
tm:125291,Еверсон Ліма,high,,,Everson Lima,Brazil,DF,2014–2014,Говерла / Закарпаття (Ужгород)
tm:1253920,Гільєрме Баїя,check,,,Guilherme Bahia,Brazil,FW,2025–2025,Верес (Рівне)
tm:1256101,Максим Шолупець,high,,,Maksym Sholupets,Ukraine,FW,2023–2023,СК Дніпро-1
tm:1257693,Ігор Дорош,high,,,Igor Dorosh,Ukraine,DF,2023–2023,Колос (Ковалівка)
tm:1259753,Арсен Залипка,high,,,Arsen Zalypka,Ukraine,DF,2024–2025,Рух (Львів)
tm:1262359,Федір Задорожний,high,,,Fedir Zadorozhnyi,Ukraine,FW,2024–2025,Зоря (Луганськ)
tm:1262360,Владислав Крамар,high,,,Vladyslav Kramar,Ukraine,MF,2023–2023,Полісся (Житомир)
tm:1263365,Єгор Поправка,high,,,Yegor Popravka,Ukraine,DF,2024–2025,Колос (Ковалівка)
tm:1263950,Ростислав Лящук,high,,,Rostyslav Lyashchuk,Ukraine,DF,2025–2025,Оболонь (Київ)
tm:1263951,Артем Чорний,high,,,Artem Chornyi,Ukraine,MF,2024–2025,Оболонь (Київ)
tm:1266282,Ярослав Шевченко,high,,,Yaroslav Shevchenko,Ukraine,MF,2023–2025,Кривбас (Кривий Ріг)
tm:1268326,Тимур Бутенко,high,,,Tymur Butenko,Ukraine,FW,2023–2025,Кривбас (Кривий Ріг)
tm:1272997,Данило Слива,high,,,Danylo Slyva,Ukraine,MF,2024–2024,Рух (Львів)
tm:127349,Майкон Олівейра,high,,,Maicon Oliveira,Brazil,FW,2012–2013,Шахтар (Донецьк); Зоря (Луганськ); Маріуполь / Іллічівець
tm:1275071,Кауан Баптістелла,check,,,Cauan Baptistella,Italy,MF,2025–2025,Металіст 1925 (Харків)
tm:127770,Нурудін Орелесі,high,,,Nurudeen Orelesi,Nigeria,MF,2014–2015,Металург (Запоріжжя)
tm:127774,Гармоні Іканде,high,,,Harmony Ikande,Nigeria,MF,2013–2013,Говерла / Закарпаття (Ужгород)
tm:1284125,Джеррі Йока,high,,,Jerry Yoka,Congo,FW,2024–2024,Полісся (Житомир)
tm:128813,Сергій Літовченко,check,,,Sergiy Litovchenko,Ukraine,GK,2012–2020,Волинь (Луцьк); Олімпік (Донецьк); Чорноморець (Одеса); ПФК Львів
tm:1290268,Олександр Пшеничнюк,high,,,Oleksandr Pshenychnyuk,Ukraine,MF,2024–2024,Чорноморець (Одеса)
tm:1291231,Назар Попов,high,,,Nazar Popov,Ukraine,FW,2024–2024,Інгулець (Петрове)
tm:1291232,Дмитро Мурашко,high,,,Dmytro Murashko,Ukraine,FW,2025–2025,Верес (Рівне)
tm:1291385,Орест Лепський,high,,,Orest Lepskyi,Ukraine,FW,2024–2024,Верес (Рівне)
tm:1291835,Дмитро Себро,high,,,Dmytro Sebro,Ukraine,FW,2025–2025,Рух (Львів)
tm:1291837,Михайло Дзюн,high,,,Mykhaylo Dzyun,Ukraine,MF,2025–2025,Рух (Львів)
tm:1291839,Юрій Мужиловський,high,,,Yuriy Muzhylovskyi,Ukraine,DF,2025–2025,Рух (Львів)
tm:1291840,Ерік Калинець,check,,,Erik Kalinets,Ukraine,DF,2024–2024,Рух (Львів)
tm:1293290,Євген Маяков,high,,,Yevgen Mayakov,Ukraine,DF,2025–2025,Кривбас (Кривий Ріг)
tm:1293294,Олександр Каменський,check,,,Oleksandr Kamenskyi,Ukraine,MF,2024–2025,Кривбас (Кривий Ріг)
tm:1293298,Матвій Боднар,high,,,Matviy Bodnar,Ukraine,FW,2025–2025,Кривбас (Кривий Ріг)
tm:1293390,Олексій Безручук,high,,,Oleksiy Bezruchuk,Ukraine,MF,2024–2025,Колос (Ковалівка)
tm:1293391,Захарій Захарків,check,,,Zakhariy Zakharkiv,Ukraine,FW,2025–2025,Колос (Ковалівка)
tm:1293400,Роман Кузик,high,,,Roman Kuzyk,Ukraine,FW,2024–2024,Колос (Ковалівка)
tm:1293451,Олександр Фещенко,high,,,Oleksandr Feshchenko,Ukraine,DF,2025–2025,Оболонь (Київ)
tm:1293455,Даніїл Юшко,high,,,Daniil Yushko,Ukraine,FW,2024–2024,Оболонь (Київ)
tm:1293579,Дмитро Матківський,high,,,Dmytro Matkivskyi,Ukraine,MF,2025–2025,Верес (Рівне)
tm:1293592,Давид Благодарний,high,,,Davyd Blagodarnyi,Ukraine,MF,2024–2024,ЛНЗ (Черкаси)
tm:1293692,Назар Прокопенко,high,,,Nazar Prokopenko,Ukraine,MF,2025–2025,Олександрія
tm:1294033,Ярослав Караман,high,,,Yaroslav Karaman,Ukraine,MF,2024–2025,Полісся (Житомир)
tm:1295300,Олексій Товарчі,high,,,Oleksiy Tovarchi,Ukraine,FW,2025–2025,Оболонь (Київ)
tm:1295301,Єгор Клименко,high,,,Yegor Klymenko,Ukraine,GK,2024–2025,Рух (Львів)
tm:129646,Артур Рудько,high,,,Artur Rudko,Ukraine,GK,2015–2024,Говерла / Закарпаття (Ужгород); Динамо (Київ); Шахтар (Донецьк); Чорноморець (Одеса)
tm:1299696,Станіслав Ярошенко,high,,,Stanislav Yaroshenko,Ukraine,MF,2025–2025,Зоря (Луганськ)
tm:130040,Олександр Голіков,high,,,Oleksandr Golikov,Ukraine,DF,2018–2018,ПФК Львів; Чорноморець (Одеса)
tm:130041,Дмитро Гречишкін,auto,Гречишкін Дмитро Володимирович,Гречишкин Дмитрий,Dmytro Grechyshkin,Україна,MF,2010–2020,Маріуполь / Іллічівець; Шахтар (Донецьк); Чорноморець (Одеса); Зоря (Луганськ)
tm:130196,Євген Колесник,high,,,Yevgen Kolesnyk,Ukraine,MF,2013–2013,Арсенал (Київ)
tm:1302421,Жуан Нето,high,,,João Neto,Brazil,FW,2024–2024,Чорноморець (Одеса)
tm:130264,Юрій Бушман,high,,,Yuriy Bushman,Ukraine,DF,2012–2018,Арсенал (Київ)
tm:13028,Ерік Матуку,high,,Матуку Эрик,Eric Matoukou,Cameroon,DF,2011–2013,Арсенал (Київ); Волинь (Луцьк)
tm:130824,Євген Зубейко,high,,Зубейко Евгений,Yevgen Zubeyko,Ukraine,MF,2011–2018,Чорноморець (Одеса); Металіст (Харків); Карпати (Львів); Олімпік (Донецьк)
tm:130907,Євген Зарічнюк,auto,Зарічнюк Євген Миколайович,,Yevgen Zarichnyuk,Україна,DF,2009–2016,Оболонь (Київ); Ворскла (Полтава)
tm:13113,Марко Не,high,,Не Марко Таддей,Marco Né,Cote d'Ivoire,MF,2011–2012,Таврія (Сімферополь)
tm:131257,Джонатан Моя,check,,,Jonathan Moya,Costa Rica,FW,2016–2016,Зірка (Кропивницький)
tm:131444,Артем Полярус,high,,Полярус Артём,Artem Polyarus,Ukraine,MF,2011–2018,Олександрія
tm:131552,Ростислав Багдасаров,high,,,Rostyslav Bagdasarov,Ukraine,DF,2015–2015,Сталь (Кам'янське)
tm:131553,В'ячеслав Чурко,high,,Вячеслав Чурко,Vyacheslav Churko,Украина,MF,2012–2025,Говерла / Закарпаття (Ужгород); Маріуполь / Іллічівець; Металіст (Харків); Колос (Ковалівка)
tm:131694,Оларенваджу Кайоде,high,,,Olarenwaju Kayode,,FW,2018–2018,Шахтар (Донецьк)
tm:1320347,Богдан Левицький,high,,,Bogdan Levytskyi,Ukraine,DF,2025–2025,Рух (Львів)
tm:132999,Іван Рогач,high,,,Ivan Rogac,Serbia,DF,2013–2013,Волинь (Луцьк)
tm:134609,Микола Гібалюк,auto,Гібалюк Микола Миколайович,,Mykola Gibalyuk,Україна,DF,2003–2012,Маріуполь / Іллічівець; Говерла / Закарпаття (Ужгород)
tm:1346771,Володимир Ясінський,high,,,Volodymyr Yasinskyi,Ukraine,DF,2025–2025,Рух (Львів)
tm:134761,Олександр Волков,auto,Волков Олександр Миколайович,,Oleksandr Volkov,Україна,FW,2009–2020,Зоря (Луганськ); Олімпік (Донецьк); Десна (Чернігів); Колос (Ковалівка)
tm:135172,Ігор Озарків,high,,Озаркив Игорь,Igor Ozarkiv,Ukraine,MF,2011–2012,Карпати (Львів)
tm:1354272,Костянтин Кислянка,high,,,Kostyantyn Kyslyanka,Ukraine,DF,2025–2025,Рух (Львів)
tm:1354276,Ілля Бодак,high,,,Ilya Bodak,Ukraine,FW,2025–2025,Рух (Львів)
tm:1362423,Ерікі,check,,,Eriki,Brazil,MF,2025–2025,Карпати (Львів)
tm:136537,Олексій Шевченко,high,,,Oleksiy Shevchenko,Ukraine,GK,2012–2023,Металург (Запоріжжя); Говерла / Закарпаття (Ужгород); Зоря (Луганськ); Шахтар (Донецьк)
tm:1375876,Дієго Енріке,high,,,Diego Henrique,Brazil,MF,2024–2024,Лівий Берег (Київ)
tm:1378959,Богдан Кирикович,high,,,Bogdan Kyrykovych,Ukraine,FW,2024–2025,Рух (Львів)
tm:137939,Торніке Окріашвілі,high,Окріашвілі Торніке,Окриашвили Торнике,Tornike Okriashvili,Грузія,MF,2010–2013,Маріуполь / Іллічівець; Чорноморець (Одеса)
tm:1381775,Антон Видрич,high,,,Anton Vydrych,Ukraine,FW,2024–2024,Верес (Рівне)
tm:138292,Борис Тащі,high,,Тащи Борис,Boris Tashchy,Ukraine,MF,2011–2012,Чорноморець (Одеса)
tm:13831,Маріус Нікулае,high,,,Marius Niculae,Romania,FW,2013–2013,Говерла / Закарпаття (Ужгород)
tm:139943,Івиця Жунич,high,,,Ivica Zunic,Croatia,DF,2014–2017,Волинь (Луцьк); Чорноморець (Одеса)
tm:1401728,Максим Нанашко,high,,,Maksym Nanashko,Ukraine,DF,2025–2025,Рух (Львів)
tm:140461,Артем Рахманов,high,,,Artem Rakhmanov,Belarus,DF,2017–2017,Чорноморець (Одеса)
tm:140561,Майкл Одібе,high,,Одибе Майкл Чуквунвике,Michael Odibe,Nigeria,DF,2011–2013,Арсенал (Київ); Дніпро (Дніпропетровськ)
tm:140676,Кирило Ковалець,high,,Кирилл Ковалец,Kyrylo Kovalets,Украина,MF,2015–2025,Чорноморець (Одеса); Олександрія; Епіцентр (Кам'янець-Подільський)
tm:141329,Акім Латіфу,high,,,Akeem Latifu,Nigeria,DF,2015–2015,Сталь (Кам'янське)
tm:1417090,Алагі Валлі,check,,,Alagie Wally,The Gambia,FW,2025–2025,Верес (Рівне)
tm:143121,Мелвін Лоренцен,high,,,Melvyn Lorenzen,Uganda,FW,2019–2019,Карпати (Львів)
tm:1433541,Олег Дзюринець,high,,,Oleg Dzyurynets,Ukraine,FW,2025–2025,Рух (Львів)
tm:1434798,Кирило Рибак,high,,,Kyrylo Rybak,Ukraine,MF,2025–2025,Рух (Львів)
tm:1434799,Максим Угрик,check,,,Maksym Ugrik,Ukraine,FW,2025–2025,Рух (Львів)
tm:1436068,Олександр Дєдов,high,,,Oleksandr Dyedov,Ukraine,FW,2025–2025,Карпати (Львів)
tm:1436309,Денис Гордєєв,high,,,Denys Gordyeyev,Ukraine,MF,2025–2025,Рух (Львів)
tm:143967,Артур Новотрясов,high,,,Artur Novotryasov,Ukraine,DF,2014–2017,Карпати (Львів); Чорноморець (Одеса)
tm:1447744,Тутті,check,,,Tutti,Brazil,FW,2025–2025,Рух (Львів)
tm:1448405,Віктор Адеоє,high,,,Victor Adeoye,Nigeria,MF,2025–2025,Кудрівка
tm:144935,Валерій Гришин,high,,,Valeriy Gryshyn,Ukraine,FW,2014–2014,Говерла / Закарпаття (Ужгород)
tm:1467103,Олександр Гоч,check,,,Oleksandr Goch,Ukraine,FW,2025–2025,Рух (Львів)
tm:146725,Мілош Стаменкович,high,,Милош Стаменкович,Milos Stamenkovic,Сербия,DF,2016–2021,Сталь (Кам'янське); Рух (Львів)
tm:147998,Флорентін Матей,high,,,Florentin Matei,Romania,MF,2013–2015,Волинь (Луцьк)
tm:14927,Олексій Бєлік,auto,Бєлік Олексій Григорович,,Oleksiy Belik,Україна,FW,1999–2012,Шахтар (Донецьк); Дніпро (Дніпропетровськ); Металург (Запоріжжя)
tm:14934,Маріуш Левандовський,high,Левандовскі Маріуш,,Mariusz Lewandowski,Польща,MF,2001–2013,Шахтар (Донецьк); Севастополь
tm:14939,Адріан Пуканич,auto,Пуканич Адріан Миколайович,Пуканыч Адриан,Adrian Pukanych,Україна,MF,2002–2013,Шахтар (Донецьк); Маріуполь / Іллічівець; Ворскла (Полтава); Говерла / Закарпаття (Ужгород)
tm:14940,Разван Рац,high,Рац Дінча Разван,Рац Рэзван,Razvan Rat,Румунія,DF,2003–2012,Шахтар (Донецьк)
tm:14942,Дарійо Срна,high,Срна Дарійо,Срна Дарио,Darijo Srna,Хорватія,MF,2003–2017,Шахтар (Донецьк)
tm:14945,Андрій Воробєй,auto,Воробєй Андрій Олексійович,Воробей Андрей,Andriy Vorobey,Україна,FW,1997–2012,Шахтар (Донецьк); Дніпро (Дніпропетровськ); Арсенал (Київ); Металіст (Харків)
tm:150284,Віталійс Ягодинскіс,high,,,Vitalijs Jagodinskis,Latvia,DF,2014–2015,Говерла / Закарпаття (Ужгород)
tm:15033,Велізар Дімітров,high,Дімітров Велізар Костадінов,Димитров Велизар,Velizar Dimitrov,Болгарія,MF,2008–2013,Металург (Донецьк)
tm:1505395,Ілля Островський,high,,,Ilya Ostrovskyi,Ukraine,MF,2025–2025,Рух (Львів)
tm:15067,Максим Калініченко,auto,Калініченко Максим Сергійович,Калиниченко Максим,Maksym Kalynychenko,Україна,MF,1996–2013,Дніпро (Дніпропетровськ); Таврія (Сімферополь)
tm:1517352,Кирило Денисов,high,,,Kirill Denysov,Ukraine,DF,2025–2025,Рух (Львів)
tm:1522779,Давід Нійо,check,,,David Niyo,Rwanda,MF,2025–2025,Верес (Рівне)
tm:15463,Жорді Лопес,high,,,Jordi López,Spain,MF,2012–2012,Говерла / Закарпаття (Ужгород)
tm:155275,Андрій Слінкін,high,,Слинкин Андрей,Andriy Slinkin,Ukraine,DF,2011–2018,Чорноморець (Одеса); Десна (Чернігів)
tm:15568,Бруно Гама,high,,,Bruno Gama,Portugal,FW,2013–2015,Дніпро (Дніпропетровськ)
tm:155843,Антон Кіча,auto,Кіча Антон Владиславович,Кича Антон,Anton Kicha,Україна,MF,2010–2014,Маріуполь / Іллічівець; Чорноморець (Одеса)
tm:155861,Руслан Зубков,high,,,Ruslan Zubkov,Ukraine,DF,2014–2019,Маріуполь / Іллічівець; Зірка (Кропивницький); ПФК Львів
tm:15593,Сергій Самодін,high,Самодін Сергій Олександрович,Самодин Сергей,Sergey Samodin,Росія,FW,2006–2013,Дніпро (Дніпропетровськ); Арсенал (Київ); Кривбас (Кривий Ріг); Чорноморець (Одеса)
tm:15596,Богдан Шершун,auto,Шершун Богдан Миколайович,Шершун Богдан,Bogdan Shershun,Україна,DF,1997–2013,Дніпро (Дніпропетровськ); Арсенал (Київ); Кривбас (Кривий Ріг); Волинь (Луцьк)
tm:155964,Андрій Цуріков,auto,Цуріков Андрій Володимирович,Андрей Цуриков,Andriy Tsurikov,Україна,MF,2010–2025,Металург (Запоріжжя); Динамо (Київ); Говерла / Закарпаття (Ужгород); Олександрія
tm:156128,Андрій Пилявський,high,,,Andriy Pylyavskyi,Ukraine,DF,2014–2016,Зоря (Луганськ); Ворскла (Полтава)
tm:156137,Редван Мемешев,high,,,Redvan Memeshev,Ukraine,MF,2013–2017,Волинь (Луцьк); Карпати (Львів)
tm:156556,Венцислав Христов,high,,,Ventsislav Hristov,Bulgaria,FW,2013–2013,Металург (Донецьк)
tm:157373,Владлен Юрченко,auto,Юрченко Владлен Юрійович,,Vladlen Yurchenko,Україна,FW,2010–2023,Маріуполь / Іллічівець; Зоря (Луганськ); Ворскла (Полтава); Металіст 1925 (Харків)
tm:157849,Лукаш Теодорчик,high,,,Lukasz Teodorczyk,Poland,FW,2014–2015,Динамо (Київ)
tm:160109,Арні Вільхамссон,high,,,Árni Vilhjálmsson,Iceland,FW,2018–2019,Чорноморець (Одеса); Колос (Ковалівка)
tm:162783,Володимир Заставний,high,,,Volodymyr Zastavnyi,Ukraine,DF,2020–2020,Рух (Львів)
tm:162952,Гаетано Монакелло,high,,,Gaetano Monachello,Italy,FW,2012–2012,Металург (Донецьк)
tm:163481,Юрій Глушко,auto,Глушко Юрій Анатолійович,,Yuri Glushko,Україна,FW,2010–2012,Металург (Запоріжжя)
tm:163809,Олег Білий,high,,,Oleg Bilyi,Ukraine,DF,2012–2012,Карпати (Львів)
tm:164247,Степан Гірський,auto,Гірський Степан Богданович,Гирский Степан,Stepan Girskyi,Україна,DF,2010–2012,Карпати (Львів)
tm:164292,Фран Соль,high,,,Fran Sol,Spain,FW,2018–2020,Динамо (Київ)
tm:165825,Давид Хочолава,high,,,Davit Khocholava,Georgia,DF,2015–2020,Чорноморець (Одеса); Шахтар (Донецьк)
tm:166230,Йосип Вукович,high,,,Josip Vukovic,Croatia,MF,2017–2017,Олімпік (Донецьк)
tm:166563,Денис Балан,high,,,Denys Balan,Ukraine,DF,2017–2023,Чорноморець (Одеса); Інгулець (Петрове); Верес (Рівне)
tm:166575,Заурі Махарадзе,high,,,Zauri Makharadze,Georgia,GK,2014–2019,Олімпік (Донецьк); Зоря (Луганськ)
tm:166580,Іван Трубочкін,high,,,Ivan Trubochkin,Ukraine,DF,2018–2022,Чорноморець (Одеса); Олімпік (Донецьк); Минай
tm:166581,Євген Волинець,high,,Евгений Волынец,Yevgen Volynets,Украина,GK,2019–2025,Колос (Ковалівка); СК Дніпро-1; Полісся (Житомир)
tm:166584,Микита Полюлях,auto,Полюлях Микита Анатолійович,,Mykyta Polyulyakh,Україна,MF,2010–2013,Металург (Донецьк)
tm:166586,Ян Ковалевський,auto,Ковалевський Ян Анатолійович,,Yan Kovalevskyi,Україна,FW,2010–2015,Металург (Запоріжжя)
tm:166587,Віталій Квашук,high,,,Vitaliy Kvashuk,Ukraine,FW,2012–2012,Металург (Донецьк)
tm:166588,В'ячеслав Панфілов,high,,,Vyacheslav Panfilov,Ukraine,FW,2014–2017,Говерла / Закарпаття (Ужгород); Зірка (Кропивницький)
tm:166647,Арман Елла,check,,,Armand Ella,Cameroon,FW,2013–2013,Карпати (Львів)
tm:166745,Гегам Кадимян,high,,,Gegam Kadimyan,Armenia,FW,2013–2018,Говерла / Закарпаття (Ужгород); Олімпік (Донецьк); Карпати (Львів); Зоря (Луганськ)
tm:167032,Ілля Михальов,high,,,Ilya Mykhalyov,Ukraine,FW,2017–2017,Олімпік (Донецьк)
tm:167093,Александар Пантич,high,,,Aleksandar Pantic,Serbia,DF,2016–2017,Динамо (Київ)
tm:16746,Ніко Кранчар,high,,,Niko Kranjcar,Croatia,MF,2012–2012,Динамо (Київ)
tm:167553,Антон Братков,high,,,Anton Bratkov,Ukraine,DF,2017–2019,Зірка (Кропивницький); Десна (Чернігів); ПФК Львів
tm:167555,Олександр Чорноморець,high,,Александр Черноморец,Oleksandr Chornomorets,Украина,DF,2019–2024,Колос (Ковалівка); Ворскла (Полтава)
tm:167556,Владислав Кулач,high,,,Vladyslav Kulach,Ukraine,FW,2013–2024,Маріуполь / Іллічівець; Металург (Запоріжжя); Сталь (Кам'янське); Зоря (Луганськ)
tm:167722,Віталій Буяльський,high,,Виталий Буяльский,Vitaliy Buyalskyi,Украина,MF,2012–2025,Динамо (Київ); Говерла / Закарпаття (Ужгород)
tm:167863,Донатас Казлаускас,high,,,Donatas Kazlauskas,Lithuania,MF,2020–2020,ПФК Львів
tm:168041,Михайло Шишка,high,,Михаил Шишка,Mykhaylo Shyshka,Украина,MF,2020–2022,Інгулець (Петрове); Минай; ПФК Львів
tm:168292,Леван Арвеладзе,high,,Леван Арвеладзе,Levan Arveladze,Украина,MF,2018–2021,Зоря (Луганськ); Десна (Чернігів)
tm:168376,Сергій Шаповал,high,,,Sergiy Shapoval,Ukraine,MF,2015–2015,Чорноморець (Одеса)
tm:168830,Ігор Мединський,high,,,Igor Medynskyi,Ukraine,FW,2023–2025,Оболонь (Київ)
tm:169260,Віталій Єрмаков,high,,,Vitaliy Yermakov,Ukraine,DF,2018–2024,Десна (Чернігів); Чорноморець (Одеса)
tm:169679,Ярослав Ямполь,high,,,Yaroslav Yampol,Ukraine,MF,2017–2017,Зірка (Кропивницький)
tm:170245,Артем Фаворов,high,,,Artem Favorov,Ukraine,MF,2016–2019,Зірка (Кропивницький); Десна (Чернігів)
tm:170354,Сергій Вакуленко,high,,,Sergiy Vakulenko,Ukraine,DF,2014–2019,Маріуполь / Іллічівець; Олімпік (Донецьк); Арсенал (Київ); Карпати (Львів)
tm:170555,Орельєн Нгейтала,check,,,Aurélien Ngeyitala,DR Congo,FW,2018–2018,Арсенал (Київ)
tm:170919,Прінс Сегбефія,check,,,Prince Segbefia,Togo,MF,2014–2014,Зоря (Луганськ)
tm:1716,Давід Одонкор,high,,,David Odonkor,Germany,FW,2012–2012,Говерла / Закарпаття (Ужгород)
tm:171730,Гліб Рассадкін,high,,,Gleb Rassadkin,Belarus,FW,2017–2017,Зірка (Кропивницький)
tm:17206,Александар Тришович,high,Тришович Александар,,Aleksandar Trisovic,Сербія,MF,2003–2013,Волинь (Луцьк); Кривбас (Кривий Ріг); Металіст (Харків); Чорноморець (Одеса)
tm:17228,Панайотіс Лагос,high,,,Panagiotis Lagos,Greece,MF,2012–2013,Ворскла (Полтава)
tm:173079,Олександр Васильєв,high,,,Oleksandr Vasyliev,Ukraine,MF,2014–2024,Дніпро (Дніпропетровськ); ПФК Львів; Чорноморець (Одеса)
tm:173253,Ілля Глушицький,high,,,Ilya Glushytskyi,Ukraine,DF,2014–2014,Говерла / Закарпаття (Ужгород)
tm:173933,Олександр Єрмаченко,high,,,Oleksandr Yermachenko,Ukraine,FW,2018–2018,Арсенал (Київ)
tm:174213,Олександр Ткаченко,high,,Александр Ткаченко,Oleksandr Tkachenko,Украина,GK,2015–2021,Ворскла (Полтава)
tm:175169,Бернард,high,,,Bernard,Brazil,FW,2013–2017,Шахтар (Донецьк)
tm:176406,Олексій Баштаненко,high,,,Oleksiy Bashtanenko,Ukraine,GK,2016–2016,Дніпро (Дніпропетровськ)
tm:176409,Ігор Дуць,high,,,Igor Duts,Ukraine,DF,2020–2020,Рух (Львів)
tm:176412,Олексій Хобленко,high,,,Oleksiy Khoblenko,Ukraine,FW,2015–2024,Чорноморець (Одеса); Говерла / Закарпаття (Ужгород); СК Дніпро-1; Кривбас (Кривий Ріг)
tm:176413,Тарас Пучковський,high,,,Taras Puchkovskyi,Ukraine,FW,2012–2014,Карпати (Львів)
tm:176562,Роже Гоміс,check,,,Roger Gomis,Senegal,MF,2017–2017,Маріуполь / Іллічівець
tm:177010,Сергій Мельник,high,,,Sergey Melnik,Russia,FW,2012–2013,Таврія (Сімферополь)
tm:177267,Ілля Коваленко,high,,Илья Коваленко,Ilya Kovalenko,Украина,FW,2020–2021,Інгулець (Петрове)
tm:177276,Богдан Сарнавський,high,,,Bogdan Sarnavskyi,Ukraine,GK,2012–2022,Арсенал (Київ); Шахтар (Донецьк); Ворскла (Полтава); Верес (Рівне)
tm:177280,Віталій Гемега,high,,,Vitaliy Gemega,Ukraine,MF,2015–2016,Говерла / Закарпаття (Ужгород); Олімпік (Донецьк)
tm:177291,Станіслав Причиненко,auto,Причиненко Станіслав Володимирович,Причиненко Станислав,Stanislav Prychynenko,Україна,MF,2010–2013,Таврія (Сімферополь)
tm:177688,Міхель Бабатунде,high,Міхель Бабатунде,Бабатунде Михель,Michel Babatunde,Нігерія,MF,2010–2015,Кривбас (Кривий Ріг); Волинь (Луцьк); Дніпро (Дніпропетровськ)
tm:177818,Андрій Блізніченко,high,,,Andriy Bliznichenko,Ukraine,FW,2013–2023,Дніпро (Дніпропетровськ); Верес (Рівне); Інгулець (Петрове)
tm:178862,Ніка Сандохадзе,high,,,Nika Sandokhadze,Georgia,DF,2017–2018,Карпати (Львів)
tm:179624,Абайомі Сеун,check,,,Abayomi Seun,Nigeria,FW,2012–2012,Волинь (Луцьк)
tm:18091,Дерек Боатенг,high,,Боатенг Дерек Овусу,Derek Boateng,Ghana,MF,2011–2012,Дніпро (Дніпропетровськ)
tm:181006,Густаво Бланко Лещук,high,,,Gustavo Blanco Leschuk,Argentina,FW,2015–2019,Карпати (Львів); Шахтар (Донецьк)
tm:181118,Томаш Кендзьора,high,,Томаш Кендзёра,Tomasz Kędziora,Польша,DF,2017–2022,Динамо (Київ)
tm:182577,Дерліс Гонсалес,high,,,Derlis González,Paraguay,FW,2015–2017,Динамо (Київ)
tm:182912,Анж-Фредді Плюмен,check,,,Ange-Freddy Plumain,Guadeloupe,FW,2023–2024,Рух (Львів)
tm:183943,Габріел Араужо,check,,,Gabriel Araújo,Brazil,DF,2014–2014,Металург (Донецьк)
tm:18445,Бетао,high,,Бетао Амансио Эберт Виллиан,Betão,Brazil,DF,2011–2012,Динамо (Київ)
tm:184930,Мохаммед Алію,high,,,Mohammed Aliyu,Nigeria,DF,2013–2013,Таврія (Сімферополь)
tm:186769,Андрій Попович,high,,,Andriy Popovych,Azerbaijan,GK,2020–2020,Минай
tm:187115,Вахтанг Чантурішвілі,high,,,Vakhtang Chanturishvili,Georgia,MF,2016–2016,Олександрія
tm:187622,Кваме Карікарі,high,,,Kwame Karikari,Ghana,FW,2016–2016,Сталь (Кам'янське)
tm:188180,Беньямін Вербич,high,,Беньямин Вербич,Benjamin Verbic,Словения,FW,2017–2021,Динамо (Київ)
tm:18860,Франк Джа Джедже,high,,,Franck Dja Djédjé,Cote d'Ivoire,FW,2012–2013,Чорноморець (Одеса)
tm:189637,Сергій Смородін,high,,,Sergey Smorodin,Uzbekistan,GK,2017–2017,Чорноморець (Одеса)
tm:190190,Андрій Кліщук,high,,,Andriy Klishchuk,Ukraine,GK,2019–2025,СК Дніпро-1; Кривбас (Кривий Ріг); Карпати (Львів)
tm:190333,Фарес Бахлулі,high,,,Farès Bahlouli,France,MF,2022–2022,СК Дніпро-1
tm:191614,Фред,high,,,Fred,Brazil,MF,2013–2017,Шахтар (Донецьк)
tm:192192,Арман Ованнісян,high,,,Arman Hovhannisyan,Armenia,DF,2017–2017,Зірка (Кропивницький)
tm:192347,Джон Хайро Руїс,check,,,John Jairo Ruiz,Costa Rica,FW,2015–2015,Дніпро (Дніпропетровськ)
tm:192897,Аді Мехремич,high,,,Adi Mehremic,Bosnia-Herzegovina,DF,2018–2018,Карпати (Львів)
tm:193158,Сергій Мякушко,high,,,Sergiy Myakushko,Ukraine,FW,2014–2024,Говерла / Закарпаття (Ужгород); Динамо (Київ); Ворскла (Полтава); Карпати (Львів)
tm:193257,Владислав Гельзін,high,,,Vladyslav Gelzin,Ukraine,FW,2014–2015,Олімпік (Донецьк)
tm:193270,Валерій Лебедь,high,,,Valeriy Lebed,Ukraine,MF,2014–2015,Олімпік (Донецьк)
tm:193323,Максим Дегтярьов,high,,,Maksym Degtyarov,Ukraine,FW,2013–2020,Металург (Донецьк); Олімпік (Донецьк); Десна (Чернігів)
tm:193812,Сергій Гаращенков,high,,,Sergiy Garashchenkov,Ukraine,DF,2012–2014,Карпати (Львів); Маріуполь / Іллічівець
tm:19619,Олександр Рибка,auto,Рибка Олександр Євгенійович,,Oleksandr Rybka,Україна,GK,2005–2024,Динамо (Київ); Оболонь (Київ); Металіст (Харків); ПФК Львів
tm:19702,Владимир Дишленкович,high,Дішлєнковіч Владімір,Дишленкович Владимир,Vladimir Disljenkovic,Сербія,GK,2004–2014,Металург (Донецьк); Металіст (Харків)
tm:197078,Давид Пуцлін,check,,Давид Пуцлин,David Puclin,Хорватия,MF,2019–2021,Ворскла (Полтава)
tm:19721,Горан Попов,high,Попов Горан,Попов Горан,Goran Popov,Північна Македонія,DF,2010–2012,Динамо (Київ)
tm:197622,Фарлей Роза,check,,,Farley Rosa,Brazil,FW,2013–2013,Севастополь
tm:198005,Крістіан Понде,high,,,Cristian Ponde,Portugal,FW,2018–2019,Карпати (Львів)
tm:19819,Раффаел,high,,,Raffael,Brazil,FW,2012–2012,Динамо (Київ)
tm:198264,Артур Загорулько,high,,,Artur Zagorulko,Ukraine,FW,2015–2018,Зоря (Луганськ); Ворскла (Полтава); Олімпік (Донецьк)
tm:198967,Міхкель Айнсалу,high,,,Mihkel Ainsalu,Estonia,MF,2020–2020,ПФК Львів
tm:20005,Папу Гомес,high,,,Papu Gómez,Argentina,FW,2013–2013,Металіст (Харків)
tm:200320,Кевін Кубемба,high,,,Kevin Koubemba,Congo,FW,2022–2022,Чорноморець (Одеса)
tm:20137,Хосе Соса,high,,Соса Хосе Эрнесто,José Sosa,Argentina,MF,2011–2013,Металіст (Харків)
tm:201625,Ігор Гончар,high,,Игорь Гончар,Igor Gonchar,Украина,DF,2015–2022,Говерла / Закарпаття (Ужгород); ПФК Львів; Минай
tm:201628,Олексій Майданевич,high,,,Oleksiy Maydanevych,Ukraine,DF,2018–2018,Арсенал (Київ)
tm:201671,Ігор Пердута,high,,Игорь Пердута,Igor Perduta,Украина,MF,2011–2025,Ворскла (Полтава); Зоря (Луганськ)
tm:202659,Андрейс Циганікс,high,,,Andrejs Ciganiks,Latvia,DF,2019–2020,Зоря (Луганськ)
tm:202840,Максим Драченко,high,,,Maksym Drachenko,Ukraine,MF,2014–2017,Олімпік (Донецьк); Зірка (Кропивницький)
tm:203074,Іван Петряк,high,,Петряк Иван,Ivan Petryak,Ukraine,MF,2011–2024,Зоря (Луганськ); Шахтар (Донецьк); Полісся (Житомир); Чорноморець (Одеса)
tm:203842,Віктор Коваленко,high,,,Viktor Kovalenko,Ukraine,MF,2014–2020,Шахтар (Донецьк)
tm:203851,Євген Трояновський,high,,,Yevgen Troyanovskyi,Ukraine,MF,2012–2018,Металург (Донецьк); Олімпік (Донецьк)
tm:203854,Андрій Борячук,high,,Андрей Борячук,Andriy Boryachuk,Украина,FW,2016–2025,Шахтар (Донецьк); Маріуполь / Іллічівець; Рух (Львів); Металіст 1925 (Харків)
tm:203855,Ігор Кирюханцев,high,,,Igor Kyryukhantsev,Ukraine,DF,2016–2025,Шахтар (Донецьк); Маріуполь / Іллічівець; Зоря (Луганськ); Епіцентр (Кам'янець-Подільський)
tm:203856,Іван Лобай,high,,,Ivan Lobay,Ukraine,DF,2014–2020,Карпати (Львів); ПФК Львів
tm:204040,Александру Влад,high,,,Alexandru Vlad,Romania,DF,2013–2016,Дніпро (Дніпропетровськ)
tm:204045,Бека Вачіберадзе,high,,,Beka Vachiberadze,Georgia,MF,2022–2023,Металіст 1925 (Харків)
tm:204348,Дмитро Білоног,high,,,Dmytro Bilonog,Ukraine,FW,2016–2018,Зірка (Кропивницький); Олімпік (Донецьк)
tm:204395,В'ячеслав Лухтанов,high,,,Vyacheslav Lukhtanov,Ukraine,DF,2014–2017,Говерла / Закарпаття (Ужгород); Олімпік (Донецьк)
tm:204396,Станіслав-Нурі Малиш,high,,,Stanislav-Nuri Malysh,Ukraine,DF,2024–2024,Інгулець (Петрове)
tm:204406,Артем Радченко,high,,Радченко Артём,Artem Radchenko,Ukraine,FW,2011–2014,Металіст (Харків)
tm:204560,Міха Горопевшек,high,,,Miha Goropevsek,Slovenia,DF,2015–2016,Волинь (Луцьк)
tm:205758,Демір Імері,high,,,Demir Imeri,North Macedonia,MF,2019–2019,Олімпік (Донецьк)
tm:205849,Джоко Зайков,high,,,Gjoko Zajkov,North Macedonia,DF,2022–2022,Ворскла (Полтава)
tm:206053,Гор Малакян,high,,,Gor Malakyan,Armenia,MF,2015–2017,Сталь (Кам'янське)
tm:206054,Павло Мягков,high,,Мягков Павел,Pavlo Myagkov,Ukraine,MF,2011–2017,Зоря (Луганськ); Олександрія; Верес (Рівне)
tm:206717,Едуард Соболь,high,,,Eduard Sobol,Ukraine,DF,2012–2016,Шахтар (Донецьк); Металург (Запоріжжя); Металург (Донецьк); Металіст (Харків)
tm:206888,Георгій Бущан,high,,Георгий Бущан,Georgiy Bushchan,Украина,GK,2017–2025,Динамо (Київ); Полісся (Житомир)
tm:206889,Святослав Козловський,high,,,Svyatoslav Kozlovskyi,Ukraine,FW,2020–2020,Рух (Львів)
tm:206890,Олександр Лучик,high,,,Oleksandr Luchyk,Ukraine,MF,2014–2014,Маріуполь / Іллічівець
tm:207074,Олександр Андрієвський,high,,Александр Андриевский,Oleksandr Andriyevskyi,Украина,MF,2011–2025,Металіст (Харків); Динамо (Київ); Чорноморець (Одеса); Зоря (Луганськ)
tm:207877,Руслан Маліновський,high,,,Ruslan Malinovskyi,Ukraine,MF,2013–2015,Зоря (Луганськ)
tm:207889,Михайло Писко,high,,,Mykhaylo Pysko,Ukraine,DF,2014–2014,Зоря (Луганськ)
tm:208469,Володимир Костевич,high,,Костевич Владимир,Volodymyr Kostevych,Ukraine,FW,2011–2016,Карпати (Львів)
tm:210109,Алессандро,check,,,Alessandro Padovani Celin,Brazil,FW,2013–2014,Волинь (Луцьк)
tm:210689,Владислав Кабаєв,high,,Владислав Кабаев,Vladyslav Kabaev,Украина,FW,2014–2025,Чорноморець (Одеса); Зоря (Луганськ); Динамо (Київ)
tm:211117,Жонатан Ліма,check,,,Jonatan Lima,Brazil,MF,2018–2019,ПФК Львів
tm:211313,Олександр Азацький,high,,,Oleksandr Azatskyi,Ukraine,DF,2015–2017,Чорноморець (Одеса)
tm:211314,Денис Барвінко,high,,Барвинко Денис,Denys Barvinko,Ukraine,DF,2011–2012,Металіст (Харків)
tm:211318,Руслан Паламар,high,,,Ruslan Palamar,,MF,2022–2022,Минай
tm:211734,Артем Філімонов,high,,,Artem Filimonov,Ukraine,MF,2014–2016,Чорноморець (Одеса); Карпати (Львів)
tm:212232,Амбросій Чачуа,high,,,Ambrosiy Chachua,Ukraine,MF,2013–2025,Карпати (Львів)
tm:212243,Дмитро Мишньов,high,,,Dmytro Myshnyov,Ukraine,MF,2013–2025,Маріуполь / Іллічівець; Зоря (Луганськ); Олександрія
tm:213035,Амаду Мутарі,high,,,Amadou Moutari,Niger,FW,2013–2013,Металург (Донецьк)
tm:213271,Лео,high,,,Léo,Brazil,FW,2013–2014,Металург (Запоріжжя)
tm:213287,Александру Дандя,high,,,Alexandru Dandea,Romania,DF,2013–2013,Говерла / Закарпаття (Ужгород)
tm:213424,Олександр Дударенко,high,,,Oleksandr Dudarenko,Ukraine,DF,2024–2024,Лівий Берег (Київ)
tm:213429,Емерсон,high,,,Émerson,Congo,DF,2015–2017,Олімпік (Донецьк)
tm:213452,Юрій Ткачук,high,,,Yuriy Tkachuk,Ukraine,MF,2013–2017,Металіст (Харків); Карпати (Львів)
tm:213865,Микита Бурда,high,,,Mykyta Burda,Ukraine,DF,2014–2025,Динамо (Київ); Колос (Ковалівка)
tm:213973,Дмитро Безрук,high,,,Dmytro Bezruk,Ukraine,GK,2015–2017,Чорноморець (Одеса)
tm:213974,Артем Габелок,high,,Артём Габелок,Artem Gabelok,Украина,MF,2018–2024,Ворскла (Полтава); Металіст 1925 (Харків); Чорноморець (Одеса)
tm:213975,Тарас Качараба,high,,,Taras Kacharaba,Ukraine,DF,2014–2017,Говерла / Закарпаття (Ужгород); Зірка (Кропивницький)
tm:213976,Ігор Харатін,high,,,Igor Kharatin,Ukraine,MF,2013–2025,Динамо (Київ); Металіст (Харків); Зоря (Луганськ); Верес (Рівне)
tm:213980,В'ячеслав Танковський,high,,,Vyacheslav Tankovskyi,Ukraine,MF,2015–2025,Зоря (Луганськ); Шахтар (Донецьк); Маріуполь / Іллічівець; Арсенал (Київ)
tm:213984,Тарас Завійський,high,,,Taras Zaviyskyi,Ukraine,DF,2012–2020,Карпати (Львів); Олімпік (Донецьк)
tm:214448,Ярослав Богунов,high,,,Yaroslav Bogunov,Ukraine,FW,2019–2024,ПФК Львів; Інгулець (Петрове)
tm:215596,Шериф Іса,high,,,Sheriff Isa,Nigeria,MF,2014–2016,Олімпік (Донецьк); Чорноморець (Одеса)
tm:216579,Павло Полегенько,high,,,Pavlo Polegenko,Ukraine,DF,2015–2025,Говерла / Закарпаття (Ужгород); Зірка (Кропивницький); Маріуполь / Іллічівець; Десна (Чернігів)
tm:216639,Фуссені Бамба,high,,,Fousseni Bamba,Guinea,MF,2017–2017,Чорноморець (Одеса)
tm:216842,Микола Вечурко,high,,,Mykola Vechurko,Ukraine,MF,2013–2014,Арсенал (Київ); Говерла / Закарпаття (Ужгород)
tm:217760,Олексій Казаков,high,,Казаков Алексей,Oleksiy Kazakov,Ukraine,GK,2011–2012,Ворскла (Полтава)
tm:220807,Сергій Семенюк,high,,,Sergiy Semenyuk,Ukraine,DF,2018–2018,Арсенал (Київ)
tm:221955,Сергій Шестаков,high,,,Sergiy Shestakov,Ukraine,MF,2015–2023,Олімпік (Донецьк); Верес (Рівне); ЛНЗ (Черкаси)
tm:221958,Роман Яремчук,high,,,Roman Yaremchuk,Ukraine,FW,2016–2016,Олександрія; Динамо (Київ)
tm:222079,Руслан Степанюк,high,,Руслан Степанюк,Ruslan Stepanyuk,Украина,FW,2013–2024,Говерла / Закарпаття (Ужгород); Олександрія; Олімпік (Донецьк); Верес (Рівне)
tm:222686,Манджрекар Джеймс,high,,,Manjrekar James,Canada,DF,2022–2022,Чорноморець (Одеса)
tm:223319,Слім Бен Отман,check,,,Mohamed Slim Ben Othman,Tunisia,FW,2012–2012,Металург (Запоріжжя)
tm:223779,Маріо Аркес,high,,,Mario Arqués,Spain,MF,2017–2017,Карпати (Львів)
tm:22378,Лео Матос,high,,Матос Крус Леонардо де,Léo Matos,Brazil,DF,2011–2015,Чорноморець (Одеса); Дніпро (Дніпропетровськ)
tm:224164,Ростислав Тарануха,high,,,Rostyslav Taranukha,Ukraine,FW,2023–2025,Оболонь (Київ); Верес (Рівне)
tm:224736,Артем Барановський,high,,Барановский Артём,Artem Baranovskyi,Ukraine,DF,2011–2016,Металург (Донецьк); Сталь (Кам'янське); Олімпік (Донецьк)
tm:225632,Антон Яшков,high,,,Anton Yashkov,Ukraine,GK,2019–2025,Колос (Ковалівка); Кудрівка
tm:226014,Сергій Ченбай,high,,Ченбай Сергей,Sergiy Chenbay,Ukraine,MF,2011–2022,Ворскла (Полтава); Інгулець (Петрове)
tm:226093,Лоренцо Шимич,high,,,Lorenco Simic,Croatia,DF,2014–2014,Говерла / Закарпаття (Ужгород)
tm:226102,Фране Войкович,high,,,Frane Vojkovic,Croatia,MF,2019–2019,Карпати (Львів)
tm:226208,Володимир Доронін,high,,,Volodymyr Doronin,Ukraine,MF,2014–2018,Олімпік (Донецьк); Арсенал (Київ)
tm:227199,Ігор Солдат,high,,,Igor Soldat,Ukraine,DF,2023–2023,Минай
tm:228846,Юрій Соломка,high,,,Yuriy Solomka,Ukraine,MF,2015–2015,Чорноморець (Одеса)
tm:228847,Микола Жовтюк,high,,,Mykola Zhovtyuk,Ukraine,DF,2012–2012,Карпати (Львів)
tm:229320,Даніель Романовський,check,,,Daniel Romanovskij,Lithuania,MF,2019–2020,Олімпік (Донецьк)
tm:230409,Євген Неплях,high,,,Yevgen Neplyakh,Ukraine,DF,2013–2020,Севастополь; Карпати (Львів); Маріуполь / Іллічівець; Олімпік (Донецьк)
tm:232612,Євген Смирнов,high,,,Yevgen Smirnov,Ukraine,DF,2014–2018,Чорноморець (Одеса)
tm:232644,Олександр Калітов,high,,,Oleksandr Kalitov,Ukraine,MF,2014–2015,Чорноморець (Одеса)
tm:23379,Володимир Польовий,auto,Польовий Володимир Олександрович,,Volodymyr Polyovyi,Україна,MF,2003–2019,Металург (Запоріжжя); Арсенал (Київ); Металург (Донецьк); Волинь (Луцьк)
tm:23443,Ондржей Мазух,high,,Мазух Онджей,Ondrej Mazuch,Czech Republic,DF,2011–2014,Дніпро (Дніпропетровськ)
tm:234820,Родріго Варгас,high,,,Rodrigo Vargas,Bolivia,FW,2018–2018,Карпати (Львів)
tm:236468,Артем Шабанов,high,,Артём Шабанов,Artem Shabanov,Украина,DF,2013–2025,Волинь (Луцьк); Арсенал (Київ); Сталь (Кам'янське); Олімпік (Донецьк)
tm:237623,Олександр Філіппов,high,,,Oleksandr Filippov,Ukraine,FW,2012–2025,Арсенал (Київ); Десна (Чернігів); СК Дніпро-1; Олександрія
tm:237655,Віктор Ряшко,high,,,Viktor Ryashko,Ukraine,MF,2012–2012,Говерла / Закарпаття (Ужгород)
tm:237947,Рум'ян Овсепян,high,,,Rumyan Hovsepyan,Armenia,MF,2014–2015,Металург (Донецьк); Сталь (Кам'янське)
tm:24000,В'ячеслав Чечер,fixed,Чечер Вячеслав Леонідович,Чечер Вячеслав,Vyacheslav Checher,Україна,DF,2000–2018,Кривбас (Кривий Ріг); Металург (Донецьк); Карпати (Львів); Зоря (Луганськ)
tm:24004,Сергій Долганський,auto,Долганський Сергій Миколайович,Долганский Сергей,Sergiy Dolganskyi,Україна,GK,1992–2012,Верес (Рівне); Металіст (Харків); Чорноморець (Одеса); Ворскла (Полтава)
tm:24006,Володимир Єзерський,auto,Єзерський Володимир Іванович,Езерский Владимир,Volodymyr Yezerskyi,Україна,DF,1997–2013,Карпати (Львів); Динамо (Київ); Кривбас (Кривий Ріг); Дніпро (Дніпропетровськ)
tm:24008,Рубен Гомес,high,Гомес Гарсія Рубен Марсело,Гомес Гарсия Рубен Марсело,Rubén Gomez,Аргентина,MF,2003–2013,Металург (Донецьк); Сталь (Алчевськ); Зоря (Луганськ); Говерла / Закарпаття (Ужгород)
tm:24010,Олександр Грицай,auto,Грицай Олександр Анатолійович,Грицай Александр,Oleksandr Grytsay,Україна,DF,1999–2014,Дніпро (Дніпропетровськ); Кривбас (Кривий Ріг); Арсенал (Київ); Зоря (Луганськ)
tm:24011,Бобан Грнчаров,high,Грнчаров Бобан,,Boban Grncarov,Північна Македонія,DF,2002–2013,Металург (Донецьк); Сталь (Алчевськ); Таврія (Сімферополь)
tm:24026,Костянтин Кравченко,auto,Кравченко Костянтин Сергійович,,Kostyantyn Kravchenko,Україна,MF,2003–2013,Дніпро (Дніпропетровськ); Шахтар (Донецьк); Маріуполь / Іллічівець
tm:24032,Віталій Лисицький,auto,Лисицький Віталій Сергійович,Лисицкий Виталий,Vitaliy Lysytskyi,Україна,MF,2000–2015,Динамо (Київ); Чорноморець (Одеса); Дніпро (Дніпропетровськ); Кривбас (Кривий Ріг)
tm:24038,Єгіше Мелікян,high,,,Eghishe Melikyan,Armenia,DF,2012–2012,Говерла / Закарпаття (Ужгород)
tm:24043,Сергій Назаренко,auto,Назаренко Сергій Юрійович,Назаренко Сергей,Sergiy Nazarenko,Україна,MF,1999–2016,Дніпро (Дніпропетровськ); Таврія (Сімферополь); Металіст (Харків); Чорноморець (Одеса)
tm:24049,Руслан Ротань,auto,Ротань Руслан Петрович,Ротань Руслан,Ruslan Rotan,Україна,MF,1999–2017,Дніпро (Дніпропетровськ); Динамо (Київ)
tm:24054,Олег Шелаєв,auto,Шелаєв Олег Миколайович,Шелаев Олег,Oleg Shelayev,Україна,MF,1993–2013,Зоря (Луганськ); Шахтар (Донецьк); Дніпро (Дніпропетровськ); Металург (Донецьк)
tm:24061,Сергій Валяєв,auto,Валяєв Сергій Валентинович,Валяев Сергей,Sergiy Valyaev,Україна,FW,1997–2012,Дніпро (Дніпропетровськ); Кривбас (Кривий Ріг); Металіст (Харків); Арсенал (Київ)
tm:241163,Леонардо,high,,,Leonardo,Brazil,FW,2012–2012,Металург (Донецьк)
tm:241686,Олександр Лебеденко,high,,,Oleksandr Lebedenko,,MF,2022–2022,Верес (Рівне)
tm:241687,Андрій Міщенко,high,,,Andriy Mishchenko,Ukraine,DF,2013–2018,Севастополь; Олімпік (Донецьк); Чорноморець (Одеса)
tm:241700,Ніка Січінава,high,,,Nika Sichinava,Georgia,FW,2020–2020,Інгулець (Петрове)
tm:242272,Євген Банада,high,,,Yevgen Banada,Ukraine,MF,2015–2024,Олександрія; Кривбас (Кривий Ріг); Верес (Рівне); ЛНЗ (Черкаси)
tm:242279,Олексій Дитятьєв,high,,,Oleksiy Dytyatyev,Ukraine,DF,2014–2022,Олімпік (Донецьк); Ворскла (Полтава); Карпати (Львів); ПФК Львів
tm:242854,Дмитро Юсов,high,,,Dmytro Yusov,Ukraine,FW,2012–2023,Металург (Запоріжжя); Чорноморець (Одеса); Металіст 1925 (Харків)
tm:243841,Михайло Сергійчук,high,,Михаил Сергийчук,Mykhaylo Sergiychuk,Украина,FW,2014–2022,Карпати (Львів); Говерла / Закарпаття (Ужгород); Олімпік (Донецьк); Верес (Рівне)
tm:243843,Олег Тарасенко,high,,,Oleg Tarasenko,Ukraine,DF,2023–2023,ЛНЗ (Черкаси)
tm:244165,Микита Корзун,high,,,Nikita Korzun,Belarus,MF,2015–2017,Динамо (Київ)
tm:244262,Денис Мірошніченко,high,,Денис Мирошниченко,Denys Miroshnichenko,Украина,DF,2012–2025,Кривбас (Кривий Ріг); Карпати (Львів); Олександрія; СК Дніпро-1
tm:244264,Владислав Павленко,high,,,Vladyslav Pavlenko,Ukraine,MF,2012–2014,Таврія (Сімферополь); Говерла / Закарпаття (Ужгород)
tm:244271,Олександр Сваток,high,,Александр Сваток,Oleksandr Svatok,Украина,DF,2014–2023,Дніпро (Дніпропетровськ); Волинь (Луцьк); Зоря (Луганськ); СК Дніпро-1
tm:244620,Владислав Леванідов,high,,,Vladyslav Levanidov,Ukraine,GK,2015–2017,Олександрія
tm:244904,Артур Авагімян,high,,Артур Авагимян,Artur Avagimyan,Украина,MF,2017–2025,Маріуполь / Іллічівець; Арсенал (Київ); Чорноморець (Одеса); Олександрія
tm:244915,Олексій Зінкевич,high,,,Oleksiy Zinkevych,Ukraine,MF,2014–2014,Волинь (Луцьк)
tm:245021,Сергій Чоботенко,high,,Сергей Чоботенко,Sergiy Chobotenko,Украина,DF,2018–2025,Маріуполь / Іллічівець; Колос (Ковалівка); Полісся (Житомир)
tm:245048,Василь Кравець,high,,,Vasyl Kravets,Ukraine,DF,2014–2023,Карпати (Львів); Ворскла (Полтава); СК Дніпро-1; Полісся (Житомир)
tm:24633,Едуардо,high,,,Eduardo,Croatia,FW,2012–2016,Шахтар (Донецьк)
tm:24670,Нікола Ігнятієвич,high,,Игнатевич Никола,Nikola Ignjatijevic,Serbia,DF,2011–2014,Зоря (Луганськ)
tm:248454,Нікола Василь,high,,,Nikola Vasilj,Bosnia-Herzegovina,GK,2019–2020,Зоря (Луганськ)
tm:24880,Артур,high,,,Artur,Portugal,MF,2012–2012,Чорноморець (Одеса)
tm:248930,Данило Каневцев,high,,,Danylo Kanevtsev,Ukraine,GK,2015–2019,Металіст (Харків); Чорноморець (Одеса); Ворскла (Полтава)
tm:248931,Олександр Каплієнко,high,,,Oleksandr Kapliyenko,Ukraine,DF,2013–2024,Металург (Запоріжжя); Металіст (Харків); Чорноморець (Одеса); СК Дніпро-1
tm:248932,Владислав Кочергін,high,,Владислав Кочергин,Vladyslav Kochergin,Украина,MF,2016–2021,Дніпро (Дніпропетровськ); Зоря (Луганськ)
tm:248934,Валерій Лучкевич,high,,Валерий Лучкевич,Valeriy Luchkevych,Украина,DF,2014–2025,Дніпро (Дніпропетровськ); Олександрія; СК Дніпро-1; Колос (Ковалівка)
tm:248935,Павло Лук'янчук,high,,,Pavlo Lukyanchuk,Ukraine,DF,2017–2024,Олімпік (Донецьк); Верес (Рівне); Оболонь (Київ)
tm:248936,Павло Оріховський,high,,,Pavlo Orikhovskyi,Ukraine,MF,2015–2024,Динамо (Київ); Чорноморець (Одеса); Арсенал (Київ); Колос (Ковалівка)
tm:248938,Максим Третьяков,high,,Максим Третьяков,Maksym Tretyakov,Украина,FW,2015–2025,Металіст (Харків); Чорноморець (Одеса); Олександрія; СК Дніпро-1
tm:249217,Сергій Загідулін,check,,,Sergiy Zagidulin,Ukraine,MF,2012–2012,Карпати (Львів)
tm:249619,Ігор Бровко,high,,,Igor Brovko,Ukraine,MF,2012–2012,Арсенал (Київ)
tm:249639,Євген Місюра,high,,,Yevgen Misyura,Ukraine,DF,2025–2025,СК Полтава
tm:24976,Ванче Шиков,high,,Шиков Ванче,Vance Sikov,North Macedonia,DF,2011–2013,Волинь (Луцьк)
tm:250007,Клейтон,high,,,Clayton,Brazil,FW,2020–2020,Динамо (Київ)
tm:250064,Кирило Нестеренко,high,,,Kyrylo Nesterenko,Ukraine,MF,2012–2012,Металург (Донецьк)
tm:250416,Фране Чир'як,check,,Фране Чирьяк,Frane Cirjak,Хорватия,MF,2020–2021,ПФК Львів
tm:251676,Ріфет Капич,high,,,Rifet Kapic,Bosnia-Herzegovina,MF,2022–2022,Кривбас (Кривий Ріг)
tm:252778,Валерій Курелех,high,,,Valeriy Kurelekh,Ukraine,DF,2012–2012,Ворскла (Полтава)
tm:254985,Таулант Сефері,high,,,Taulant Seferi,Albania,FW,2022–2022,Ворскла (Полтава)
tm:255443,Лука Коберідзе,high,,,Luka Koberidze,Georgia,MF,2018–2018,Десна (Чернігів)
tm:255635,Євген Чумак,high,,,Yevgen Chumak,Ukraine,MF,2014–2016,Динамо (Київ); Говерла / Закарпаття (Ужгород); Зірка (Кропивницький); Карпати (Львів)
tm:255638,Дмитро Кравченко,high,,Дмитрий Кравченко,Dmytro Kravchenko,Украина,MF,2016–2023,Ворскла (Полтава); Металіст 1925 (Харків)
tm:255639,Дмитро Луканов,high,,,Dmytro Lukanov,Ukraine,FW,2014–2015,Зоря (Луганськ)
tm:255641,Сергій Сизий,high,,,Sergiy Syzyi,Ukraine,MF,2014–2014,Металіст (Харків)
tm:25618,Сергій Пшеничних,high,,,Sergiy Pshenychnykh,Ukraine,DF,2012–2015,Металіст (Харків); Сталь (Кам'янське)
tm:256213,Максим Малишев,high,,,Maksym Malyshev,Ukraine,MF,2013–2018,Зоря (Луганськ); Шахтар (Донецьк)
tm:256942,Хайдін Саліху,high,,,Hajdin Salihu,Kosovo,DF,2023–2024,ЛНЗ (Черкаси)
tm:25732,Дмитро Чигринський,auto,Чигринський Дмитро Анатолійович,Чигринский Дмитрий,Dmytro Chygrynskyi,Україна,DF,2003–2023,Шахтар (Донецьк); Металург (Запоріжжя); Дніпро (Дніпропетровськ)
tm:25734,Денис Кулаков,auto,Кулаков Денис Єрмилович,Кулаков Денис,Denys Kulakov,Україна,MF,2003–2014,Шахтар (Донецьк); Маріуполь / Іллічівець; Ворскла (Полтава); Дніпро (Дніпропетровськ)
tm:257461,Неманя Іванович,high,,,Nemanja Ivanovic,Serbia,FW,2018–2018,Зоря (Луганськ)
tm:25758,Джаба Канкава,high,Канкава Джаба Георгійович,Канкава Джаба,Jaba Kankava,Грузія,MF,2005–2015,Арсенал (Київ); Дніпро (Дніпропетровськ); Кривбас (Кривий Ріг)
tm:257740,Карлос де Пена,high,,,Carlos de Pena,Uruguay,MF,2019–2020,Динамо (Київ)
tm:25780,Аїла Юссуф,high,Юссуф Атанда Аїла,Юссуф Атанда Айила,Ayila Yussuf,Нігерія,MF,2003–2014,Динамо (Київ); Металіст (Харків)
tm:257817,Дмитро Матвієнко,high,,,Dmitriy Matvienko,Russia,DF,2012–2013,Таврія (Сімферополь)
tm:257937,Олег Данченко,high,,,Oleg Danchenko,Ukraine,DF,2013–2023,Чорноморець (Одеса); Шахтар (Донецьк); Зоря (Луганськ)
tm:25820,В'ячеслав Шевчук,auto,Шевчук В'ячеслав Анатолійович,Шевчук Вячеслав,Vyacheslav Shevchuk,Україна,DF,1997–2015,Металург (Запоріжжя); Шахтар (Донецьк); Металург (Донецьк); Дніпро (Дніпропетровськ)
tm:25821,Олександр Бондаренко,auto,Бондаренко Олександр Ігорович,Бондаренко Александр,Oleksandr Bondarenko,Україна,FW,2009–2020,Оболонь (Київ); Колос (Ковалівка)
tm:25823,Віталій Денисов,high,Дєнісов Віталій Гєннадьєвіч,Денисов Виталий,Vitaliy Denisov,Узбекистан,DF,2006–2012,Дніпро (Дніпропетровськ)
tm:25845,Олексій Антонов,auto,Антонов Олексій Геннадійович,Антонов Алексей,Oleksiy Antonov,Україна,FW,2006–2017,Металіст (Харків); Зоря (Луганськ); Маріуполь / Іллічівець; Кривбас (Кривий Ріг)
tm:25891,Анатолій Діденко,auto,Діденко Анатолій Олександрович,Диденко Анатолий,Anatoliy Didenko,Україна,FW,2005–2018,Металіст (Харків); Говерла / Закарпаття (Ужгород); Чорноморець (Одеса); Зоря (Луганськ)
tm:259461,Пауліньйо,high,,,Paulinho,Brazil,FW,2015–2017,Зоря (Луганськ)
tm:259869,Владислав Нехтій,high,,,Vladyslav Nekhtiy,Ukraine,MF,2019–2019,Колос (Ковалівка)
tm:261550,Неманя Анджушич,high,,,Nemanja Andjusic,Bosnia-Herzegovina,MF,2025–2025,Зоря (Луганськ)
tm:261780,Артем Шулянський,high,,,Artem Shulyanskyi,Ukraine,FW,2022–2025,Олександрія
tm:26200,Крісті Вангелі,high,,Вангели Кристи,Kristi Vangjeli,Albania,DF,2011–2013,Чорноморець (Одеса)
tm:262182,Роман Дебелко,high,,,Roman Debelko,Ukraine,FW,2015–2023,Сталь (Кам'янське); Карпати (Львів); Кривбас (Кривий Ріг)
tm:26267,Фернандіньйо,high,,Фернандиньо,Fernandinho,Brazil,MF,2011–2012,Шахтар (Донецьк)
tm:26303,Мартін Богатінов,high,Богатінов Мартін,Богатинов Мартин,Martin Bogatinov,Північна Македонія,GK,2010–2012,Карпати (Львів)
tm:263217,Руслан Кисіль,high,,,Ruslan Kisil,Ukraine,FW,2012–2018,Маріуполь / Іллічівець; Олімпік (Донецьк); Десна (Чернігів)
tm:264063,Сергій Болбат,high,,,Sergiy Bolbat,Ukraine,FW,2013–2023,Металург (Донецьк); Металіст (Харків); Шахтар (Донецьк); Маріуполь / Іллічівець
tm:264372,Віктор Циганков,high,,Виктор Цыганков,Viktor Tsygankov,Украина,FW,2016–2022,Динамо (Київ)
tm:264646,Олександр Осман,high,,,Oleksandr Osman,Ukraine,DF,2014–2024,Металіст (Харків); Карпати (Львів); Арсенал (Київ); Оболонь (Київ)
tm:265267,Віктор Хомченко,high,,,Viktor Khomchenko,Ukraine,FW,2012–2016,Волинь (Луцьк); Карпати (Львів)
tm:265930,Максим Приходной,check,,,Maksim Prikhodnoy,Russia,MF,2012–2013,Таврія (Сімферополь)
tm:267330,Джоель Абу Ханна,high,,,Joel Abu Hanna,Israel,DF,2019–2020,Зоря (Луганськ)
tm:267388,Орест Будюк,high,,,Orest Budyuk,Ukraine,GK,2018–2018,Арсенал (Київ)
tm:267396,Ігор Калінін,high,,,Igor Kalinin,Russia,DF,2013–2016,Маріуполь / Іллічівець; Зоря (Луганськ); Зірка (Кропивницький)
tm:268273,Рональд Матарріта,check,,,Ronald Matarrita,Costa Rica,DF,2022–2022,СК Дніпро-1
tm:268697,Данило Книш,high,,Даниил Кныш,Danylo Knysh,Украина,FW,2017–2022,Сталь (Кам'янське); Минай; Металіст (Харків)
tm:269351,Максим Кучинський,high,,,Maksym Kuchynskyi,Ukraine,GK,2018–2018,Карпати (Львів)
tm:269365,Олексій Зозуля,high,,,Oleksiy Zozulya,Ukraine,DF,2019–2022,Колос (Ковалівка)
tm:269371,Денис Безбородько,high,,Денис Безбородько,Denys Bezborodko,Украина,FW,2015–2025,Зоря (Луганськ); Десна (Чернігів); Олександрія; Колос (Ковалівка)
tm:269374,Сергій Грин,high,,,Sergiy Gryn,Ukraine,FW,2014–2022,Маріуполь / Іллічівець; Олімпік (Донецьк); Верес (Рівне); Арсенал (Київ)
tm:269669,Володимир Барілко,high,,,Volodymyr Barilko,Ukraine,FW,2014–2016,Металіст (Харків); Чорноморець (Одеса)
tm:269677,Владислав Краєв,high,,,Vladyslav Kraev,Ukraine,MF,2015–2015,Металіст (Харків)
tm:270019,Реальдо Філі,high,,,Realdo Fili,Albania,FW,2022–2022,Чорноморець (Одеса)
tm:27108,Константінос Макрідіс,high,Макрідіс Константінос,,Konstantinos Makridis,Кіпр,MF,2008–2014,Металург (Донецьк)
tm:271228,Іван Цюпа,high,,,Ivan Tsyupa,Ukraine,DF,2012–2017,Маріуполь / Іллічівець; Зірка (Кропивницький)
tm:27126,Ігор Бажан,auto,Бажан Ігор Миколайович,Бажан Игорь,Igor Bazhan,Україна,GK,1999–2013,Зірка (Кропивницький); Таврія (Сімферополь); Арсенал (Київ); Кривбас (Кривий Ріг)
tm:271432,Сергій Курта,high,,,Sergiy Kurta,Ukraine,MF,2012–2012,Говерла / Закарпаття (Ужгород)
tm:271435,Роберт Мольнар,high,,,Róbert Molnár,Hungary,DF,2012–2012,Говерла / Закарпаття (Ужгород)
tm:271482,Артем Гордієнко,high,,,Artem Gordienko,Ukraine,MF,2012–2020,Зоря (Луганськ); Олександрія
tm:27151,Павло Іванов,high,,,Pavlo Ivanov,Ukraine,DF,2014–2015,Олімпік (Донецьк); Говерла / Закарпаття (Ужгород)
tm:271513,Віталій Тимофієнко,high,,,Vitaliy Tymofienko,Ukraine,MF,2012–2013,Металург (Донецьк)
tm:271514,Дмитро Ульянов,high,,,Dmytro Ulyanov,Ukraine,DF,2012–2014,Металург (Запоріжжя)
tm:271516,Валерій Восконян,high,,,Valeriy Voskonyan,Armenia,GK,2025–2025,СК Полтава
tm:271635,Дмитро Фатєєв,high,,,Dmytro Fateev,Ukraine,DF,2016–2023,Зірка (Кропивницький); Інгулець (Петрове); Оболонь (Київ)
tm:271665,Ігор Загальський,high,,,Igor Zagalskyi,Ukraine,MF,2016–2019,Зірка (Кропивницький); СК Дніпро-1
tm:27172,Павло Кутас,auto,Кутас Павло Віталійович,Кутас Павел,Pavlo Kutas,Україна,DF,2001–2015,Говерла / Закарпаття (Ужгород); Оболонь (Київ); Чорноморець (Одеса)
tm:27236,Неманя Рнич,high,,,Nemanja Rnic,Serbia,DF,2012–2013,Говерла / Закарпаття (Ужгород)
tm:27239,Сімон Вукчевич,high,,,Simon Vukcevic,Montenegro,FW,2012–2012,Карпати (Львів)
tm:27245,Жажа,high,,,Jajá,Brazil,FW,2012–2014,Металіст (Харків)
tm:272624,Давід Фопала,check,,,David Faupala,France,FW,2017–2017,Зоря (Луганськ)
tm:272774,Леонід Акулінін,high,,,Leonid Akulinin,Ukraine,FW,2017–2018,Карпати (Львів); Арсенал (Київ)
tm:272776,Максим Банасевич,high,,,Maksym Banasevych,Ukraine,MF,2018–2018,Десна (Чернігів)
tm:272785,Андрій Маркович,high,,,Andriy Markovych,Ukraine,DF,2015–2016,Карпати (Львів)
tm:272816,Юрій Глущук,high,,,Yuriy Glushchuk,Ukraine,MF,2017–2017,Ворскла (Полтава)
tm:272903,Владислав Гевлич,high,,,Vladislav Gevlich,Russia,DF,2013–2013,Севастополь
tm:272934,Артем Недоля,high,,,Artem Nedolya,Ukraine,MF,2013–2014,Севастополь; Олімпік (Донецьк)
tm:273236,Марлон,high,,Марлон,Marlon,Бразилия,DF,2021–2025,Шахтар (Донецьк)
tm:273341,Валерій Кучеров,high,,Валерий Кучеров,Valeriy Kucherov,Украина,MF,2015–2025,Сталь (Кам'янське); Верес (Рівне)
tm:273641,Василь Білий,high,,,Vasyl Bilyi,Ukraine,DF,2018–2018,ПФК Львів
tm:273663,Володимир Адамюк,high,,Владимир Адамюк,Volodymyr Adamyuk,Украина,DF,2015–2025,Сталь (Кам'янське); Дніпро (Дніпропетровськ); Верес (Рівне); ПФК Львів
tm:27378,Клейтон Шав'єр,high,,,Cleiton Xavier,Brazil,MF,2012–2014,Металіст (Харків)
tm:274058,Франсіско Ді Франко,high,,,Francisco Di Franco,Argentina,MF,2017–2020,Карпати (Львів); СК Дніпро-1
tm:277777,Андрій Тотовицький,high,,Андрей Тотовицкий,Andriy Totovytskyi,Украина,MF,2013–2025,Маріуполь / Іллічівець; Зоря (Луганськ); Шахтар (Донецьк); Десна (Чернігів)
tm:278857,Дмитро Задерецький,high,,,Dmytro Zaderetskyi,Ukraine,MF,2013–2016,Волинь (Луцьк)
tm:278917,Роман Підківка,high,,,Roman Pidkivka,Ukraine,GK,2013–2022,Карпати (Львів); Арсенал (Київ); Інгулець (Петрове)
tm:27954,Огнєн Вукоєвич,high,Вукоєвіч Огнєн,Вукоевич Огнен,Ognjen Vukojevic,Хорватія,MF,2008–2013,Динамо (Київ)
tm:280064,Олександр Аксьонов,high,,,Oleksandr Aksyonov,Ukraine,DF,2013–2014,Таврія (Сімферополь); Маріуполь / Іллічівець
tm:280076,Семен Даценко,high,,,Semen Datsenko,Ukraine,DF,2013–2015,Таврія (Сімферополь); Маріуполь / Іллічівець; Металіст (Харків)
tm:280234,Олексій Савченко,high,,,Oleksiy Savchenko,Ukraine,MF,2015–2018,Говерла / Закарпаття (Ужгород); Чорноморець (Одеса)
tm:28179,Младен Бартулович,high,Бартуловіч Младен,Младен Бартулович,Mladen Bartulovic,Хорватія,MF,2006–2021,Дніпро (Дніпропетровськ); Кривбас (Кривий Ріг); Арсенал (Київ); Карпати (Львів)
tm:28186,Ян Лаштувка,high,Лаштувка Ян,Лаштувка Ян,Jan Lastuvka,Чехія,GK,2004–2015,Шахтар (Донецьк); Дніпро (Дніпропетровськ)
tm:282280,Вадим Страшкевич,high,,,Vadym Strashkevych,Ukraine,MF,2013–2016,Карпати (Львів)
tm:282329,Тіаго Ромуло,check,,,Thiago Rômulo,Brazil,MF,2017–2017,Сталь (Кам'янське)
tm:282734,Жерсон Родрігес,high,,Жерсон Родригеш,Gerson Rodrigues,Люксембург,FW,2019–2021,Динамо (Київ)
tm:284608,Ерік Гліха,high,,,Erik Gliha,Slovenia,DF,2020–2020,Рух (Львів)
tm:285040,Дмитро Ярчук,high,,,Dmytro Yarchuk,Ukraine,MF,2013–2013,Таврія (Сімферополь)
tm:285127,Домінго Бланко,high,,,Domingo Blanco,Argentina,FW,2022–2023,СК Дніпро-1
tm:285296,Едін Шехич,high,,,Edin Sehic,Bosnia-Herzegovina,DF,2018–2019,Ворскла (Полтава)
tm:287015,Олів'є Тілль,high,,Оливье Тилль,Olivier Thill,Люксембург,MF,2020–2024,Ворскла (Полтава); ЛНЗ (Черкаси)
tm:287792,Олександр Тимчик,high,,,Oleksandr Tymchyk,Ukraine,DF,2016–2025,Динамо (Київ); Сталь (Кам'янське); Зоря (Луганськ)
tm:288853,Сергій Горбунов,high,,Сергей Горбунов,Sergiy Gorbunov,Украина,DF,2014–2023,Дніпро (Дніпропетровськ); Маріуполь / Іллічівець; СК Дніпро-1
tm:288854,Секу Конде,high,,,Sékou Condé,Guinea,DF,2015–2015,Олімпік (Донецьк)
tm:288856,Олександр Мігунов,high,,,Oleksandr Migunov,Ukraine,DF,2014–2019,Дніпро (Дніпропетровськ); Олімпік (Донецьк); Колос (Ковалівка)
tm:288857,Дмитро Нагієв,high,,,Dmitriy Nagiyev,Azerbaijan,DF,2016–2023,Дніпро (Дніпропетровськ); Інгулець (Петрове); Оболонь (Київ)
tm:289059,Микола Матвієнко,high,,Николай Матвиенко,Mykola Matvienko,Украина,DF,2015–2025,Шахтар (Донецьк); Карпати (Львів); Ворскла (Полтава)
tm:289060,Олег Мозіль,high,,,Oleg Mozil,Ukraine,GK,2022–2023,Металіст 1925 (Харків)
tm:289075,Олександр Зубков,high,,,Oleksandr Zubkov,Ukraine,FW,2015–2024,Шахтар (Донецьк); Маріуполь / Іллічівець
tm:289095,Денис Фаворов,high,,Денис Фаворов,Denys Favorov,Украина,DF,2018–2021,Десна (Чернігів); Зоря (Луганськ)
tm:28922,Тайє Тайво,high,,,Taye Taiwo,Nigeria,DF,2012–2012,Динамо (Київ)
tm:289282,Роман Попов,high,,,Roman Popov,Ukraine,DF,2014–2016,Металург (Запоріжжя); Зірка (Кропивницький)
tm:289434,Сесе Пепе,check,,,Cécé Pepe,France,DF,2017–2017,Зірка (Кропивницький)
tm:289472,Микита Безуглий,high,,,Mykyta Bezuglyi,Ukraine,DF,2022–2023,Металіст 1925 (Харків)
tm:289487,Ростислав Русин,high,,,Rostyslav Rusyn,Ukraine,FW,2020–2023,Рух (Львів); Металіст 1925 (Харків)
tm:28964,Саулюс Міколюнас,high,Міколюнас Саулюс,Миколюнас Саулюс,Saulius Mikoliunas,Литва,MF,2009–2013,Арсенал (Київ); Севастополь
tm:289802,Рафаел Ратао,high,,,Rafael Ratão,Brazil,FW,2018–2018,Зоря (Луганськ)
tm:290571,Альваро Нгамба,check,,Альваро Нгамба,Alvaro Ngamba,Франция,MF,2020–2021,Колос (Ковалівка)
tm:292396,Валерій Юрчук,high,,,Valeriy Yurchuk,Ukraine,GK,2014–2022,Металург (Запоріжжя); СК Дніпро-1; ПФК Львів
tm:292570,Євген Мартиненко,high,,Евгений Мартыненко,Yevgen Martynenko,Украина,DF,2013–2021,Чорноморець (Одеса); Ворскла (Полтава)
tm:292717,Гіоргі Арабідзе,high,,,Giorgi Arabidze,Georgia,MF,2015–2016,Шахтар (Донецьк)
tm:293106,Георгій Копаліані,check,,,Georgi Kopaliani,Ukraine,GK,2013–2013,Арсенал (Київ)
tm:293108,Руслан Мамутов,high,,,Ruslan Mamutov,Ukraine,DF,2013–2013,Металург (Донецьк)
tm:293253,Михайло Перович,high,,,Mihailo Perovic,Montenegro,FW,2019–2020,Зоря (Луганськ)
tm:294188,Дмитро Кльоц,high,,,Dmytro Klyots,Ukraine,MF,2014–2025,Карпати (Львів); Верес (Рівне)
tm:294201,Роман Стефурак,high,,,Roman Stefurak,Ukraine,MF,2015–2015,Металург (Запоріжжя)
tm:294723,Володимир Маханьков,check,,,Volodymyr Makhankov,Ukraine,GK,2023–2025,Кривбас (Кривий Ріг)
tm:294730,Богдан Михайличенко,high,,,Bogdan Mykhaylichenko,Ukraine,DF,2014–2025,Динамо (Київ); Сталь (Кам'янське); Зоря (Луганськ); Шахтар (Донецьк)
tm:294746,Володимир Шепелєв,high,,Владимир Шепелев,Volodymyr Shepelev,Украина,MF,2016–2025,Динамо (Київ); Олександрія; Полісся (Житомир)
tm:294780,Олександр Піхальонок,high,,Александр Пихалёнок,Oleksandr Pikhalyonok,Украина,MF,2016–2025,Шахтар (Донецьк); Маріуполь / Іллічівець; СК Дніпро-1; Динамо (Київ)
tm:294786,Святослав Шаповалов,high,,,Svyatoslav Shapovalov,Ukraine,MF,2025–2025,СК Полтава
tm:294876,Кевін Мендес,high,,,Kevin Méndez,Uruguay,FW,2018–2018,Карпати (Львів)
tm:295178,Ардіт Толі,high,,,Ardit Toli,Albania,MF,2022–2023,Ворскла (Полтава)
tm:295309,Алію Абубакар,high,,,Aliyu Abubakar,Nigeria,DF,2019–2019,Олімпік (Донецьк)
tm:295429,Мохамед Бен Салем,check,,Мохамед Салем,Mohamed Ali Ben Salem,Тунис,DF,2020–2021,Інгулець (Петрове)
tm:295613,Іван Брікнер,high,,Иван Брикнер,Ivan Brikner,Украина,MF,2016–2021,Олімпік (Донецьк); ПФК Львів; Рух (Львів)
tm:295619,Євген Немтінов,high,,,Yevgeniy Nemtinov,Ukraine,MF,2014–2014,Маріуполь / Іллічівець
tm:295845,Ігор Курило,high,,,Igor Kurylo,Ukraine,DF,2022–2023,Металіст 1925 (Харків)
tm:296366,Олексій Гуцуляк,high,,Алексей Гуцуляк,Oleksiy Gutsulyak,Украина,FW,2014–2025,Карпати (Львів); Десна (Чернігів); СК Дніпро-1; Полісся (Житомир)
tm:29671,Олег Шандрук,auto,Шандрук Олег Миколайович,Шандрук Олег,Oleg Shandruk,Україна,DF,2005–2012,Арсенал (Київ); Чорноморець (Одеса); Севастополь; Волинь (Луцьк)
tm:296780,Антон Котляр,high,,,Anton Kotlyar,Ukraine,MF,2015–2017,Сталь (Кам'янське); Верес (Рівне)
tm:296781,Станіслав Куліш,high,,,Stanislav Kulish,Ukraine,FW,2015–2019,Олександрія; Металіст (Харків); Верес (Рівне); СК Дніпро-1
tm:296903,Артур,high,,,Artur,Brazil,DF,2018–2019,Ворскла (Полтава)
tm:297008,Ігор Кошман,high,,,Igor Koshman,Ukraine,MF,2013–2020,Таврія (Сімферополь); Металург (Донецьк); Металіст (Харків); ПФК Львів
tm:297009,Олег Крамаренко,high,,,Oleg Kramarenko,Ukraine,FW,2013–2013,Таврія (Сімферополь)
tm:297752,Микола Золотов,high,,Николай Золотов,Nikolay Zolotov,Беларусь,DF,2020–2023,Колос (Ковалівка)
tm:297765,Сергій Каретник,high,,,Sergey Karetnik,Russia,MF,2013–2013,Металург (Донецьк)
tm:299973,Тім Холл,high,,,Tim Hall,Luxembourg,DF,2019–2019,Карпати (Львів)
tm:305415,Артем Бєсєдін,high,,,Artem Besedin,Ukraine,FW,2014–2022,Металіст (Харків); Динамо (Київ)
tm:305418,Назарій Федорівський,high,,,Nazariy Fedorivskyi,Ukraine,GK,2023–2025,Оболонь (Київ)
tm:305423,Іван Зотько,high,,,Ivan Zotko,Ukraine,DF,2015–2022,Металіст (Харків); Олімпік (Донецьк); Кривбас (Кривий Ріг)
tm:30694,Хуан Мануель Торрес,high,,Торрес Хуан Мануэль,Juan Manuel Torres,Argentina,MF,2011–2014,Металіст (Харків)
tm:307053,Сергій Панасенко,high,,,Sergiy Panasenko,Ukraine,MF,2022–2023,Металіст (Харків); Минай
tm:307308,Володимир Шопін,high,,,Volodymyr Shopin,Ukraine,DF,2022–2022,Металіст (Харків)
tm:30732,Леван Кенія,high,,,Levan Kenia,Georgia,MF,2012–2012,Карпати (Львів)
tm:30803,Крістіан Вільягра,high,Вільягра Крістіан Карлос,Вильягра Кристиан Карлос,Cristian Villagra,Україна,DF,2010–2014,Металіст (Харків)
tm:30825,Марко Рубен,high,,,Marco Ruben,Argentina,FW,2012–2012,Динамо (Київ)
tm:308436,Денис Баланюк,high,,,Denys Balanyuk,Ukraine,FW,2014–2020,Дніпро (Дніпропетровськ); Арсенал (Київ); Олімпік (Донецьк)
tm:308452,Олексій Щебетун,high,,,Oleksiy Shchebetun,Ukraine,FW,2017–2017,Сталь (Кам'янське)
tm:308778,Драган Ловрич,high,,,Dragan Lovric,Croatia,DF,2022–2022,Кривбас (Кривий Ріг)
tm:310782,Андрій Бацула,high,,,Andriy Batsula,Ukraine,DF,2016–2024,Зірка (Кропивницький); Олександрія; Ворскла (Полтава)
tm:312799,Вадим Парамонов,high,,,Vadym Paramonov,Ukraine,DF,2018–2020,ПФК Львів; Колос (Ковалівка); Рух (Львів)
tm:31348,Сотіріс Балафас,high,,,Sotiris Balafas,Greece,DF,2012–2013,Говерла / Закарпаття (Ужгород)
tm:313504,Марвін Мартінс,check,,,Marvin Martins,Luxembourg,DF,2019–2019,Карпати (Львів)
tm:313741,Бредлі де Нойєр,check,,,Bradley de Nooijer,Netherlands,DF,2020–2020,Ворскла (Полтава)
tm:313753,Ярослав Квасов,high,,,Yaroslav Kvasov,Ukraine,FW,2015–2016,Зоря (Луганськ)
tm:314571,Володимир Баєнко,high,,,Volodymyr Bayenko,Ukraine,DF,2016–2019,Зірка (Кропивницький); Ворскла (Полтава)
tm:315236,Геннадій Пасіч,high,,,Gennadiy Pasich,Ukraine,MF,2017–2025,Верес (Рівне); Олімпік (Донецьк); Карпати (Львів); ЛНЗ (Черкаси)
tm:315237,Євген Пасіч,high,,,Yevgeniy Pasich,Ukraine,DF,2017–2025,Верес (Рівне); Олімпік (Донецьк); СК Дніпро-1; Ворскла (Полтава)
tm:315930,Максім До Куто,check,,,Maxime Do Couto,France,FW,2018–2020,Олімпік (Донецьк)
tm:316280,Моха Рхарсалла,high,,,Mohammed Rharsalla,Morocco,FW,2014–2017,Олімпік (Донецьк)
tm:316945,Мар'ян Мисик,high,,Марьян Мысык,Maryan Mysyk,Украина,MF,2014–2024,Металург (Донецьк); Сталь (Кам'янське); Ворскла (Полтава); Рух (Львів)
tm:316946,Сергій Наполов,high,,,Sergiy Napolov,Ukraine,FW,2015–2015,Металіст (Харків)
tm:317467,Ловро Цвек,high,,Ловро Цвек,Lovro Cvek,Хорватия,MF,2019–2021,Зоря (Луганськ)
tm:31776,Олександр Яковенко,auto,Яковенко Олександр Павлович,,Oleksandr Yakovenko,Україна,MF,2004–2015,Металіст (Харків); Динамо (Київ)
tm:317944,Ілля Ходуля,high,,,Ilya Khodulya,Ukraine,DF,2025–2025,СК Полтава
tm:318361,Джемал Кизилатеш,high,,,Dzhemal Kyzylatesh,Ukraine,MF,2014–2019,Ворскла (Полтава); Колос (Ковалівка)
tm:319143,Іван Єлич Балта,high,,,Ivan Borna Jelic Balta,Croatia,MF,2018–2018,Арсенал (Київ)
tm:319165,Олег Синьогуб,high,,,Oleg Synyogub,Ukraine,DF,2020–2020,Інгулець (Петрове)
tm:320247,Артем Ситало,high,,Артём Ситало,Artem Sitalo,Украина,FW,2016–2024,Зірка (Кропивницький); Олександрія; Інгулець (Петрове)
tm:320248,Олег Слободян,high,,,Oleg Slobodyan,Ukraine,MF,2023–2025,Оболонь (Київ)
tm:320265,Міккель Дуелунд,high,,,Mikkel Duelund,Denmark,FW,2018–2020,Динамо (Київ)
tm:320861,Матія Ром,high,,Матия Ром,Matija Rom,Словения,DF,2020–2021,Колос (Ковалівка)
tm:320953,Юрій Кравчук,high,,,Yuriy Kravchuk,Ukraine,DF,2020–2023,ПФК Львів; Минай
tm:321146,Владислав Клименко,high,,,Vladyslav Klymenko,Ukraine,MF,2022–2025,Інгулець (Петрове); Карпати (Львів)
tm:321165,Михайло Шестаков,high,,,Mykhaylo Shestakov,Ukraine,FW,2022–2023,Верес (Рівне)
tm:321308,Дмитро Литвиненко,high,,,Dmytro Litvinenko,Ukraine,FW,2013–2013,Волинь (Луцьк)
tm:321417,Микита Татарков,high,,,Mykyta Tatarkov,Ukraine,MF,2013–2023,Металург (Запоріжжя); Чорноморець (Одеса); ПФК Львів; Ворскла (Полтава)
tm:321947,Андрій Савенков,high,,,Andriy Savenkov,Ukraine,DF,2025–2025,СК Полтава
tm:321948,Дмитро Шаповал,high,,,Dmytro Shapoval,Ukraine,FW,2016–2017,Ворскла (Полтава)
tm:322383,Ярослав Котляров,high,,,Yaroslav Kotlyarov,Ukraine,GK,2016–2016,Олімпік (Донецьк)
tm:322912,Андрій Никитюк,high,,,Andriy Nykytyuk,Ukraine,MF,2015–2016,Волинь (Луцьк)
tm:322915,Юрій Павлик,high,,,Yuriy Pavlyk,Ukraine,DF,2013–2013,Ворскла (Полтава)
tm:322952,Роман Никитюк,high,,,Roman Nykytyuk,Ukraine,DF,2013–2022,Волинь (Луцьк); ПФК Львів
tm:32306,Якуб Тосік,high,,,Jakub Tosik,Poland,MF,2012–2012,Карпати (Львів)
tm:323664,Тарас Червонецький,high,,,Taras Chervonetskyi,Ukraine,MF,2013–2013,Севастополь
tm:324521,Вадим Яворський,high,,,Vadym Yavorskyi,Ukraine,FW,2014–2015,Чорноморець (Одеса)
tm:325221,Ігор Жураховський,high,,,Igor Zhurakhovskyi,Ukraine,MF,2013–2016,Металург (Запоріжжя); Олімпік (Донецьк)
tm:325386,Максим Марусич,high,,,Maksym Marusych,Ukraine,FW,2022–2025,Інгулець (Петрове); Верес (Рівне); СК Полтава
tm:325410,Максим Бабійчук,high,,,Maksym Babiychuk,Ukraine,GK,2015–2015,Металург (Запоріжжя)
tm:325420,Богдан Мишенко,high,,,Bogdan Myshenko,Ukraine,MF,2014–2022,Металург (Донецьк); Олександрія; ПФК Львів
tm:325429,Максим Задерака,high,,,Maksym Zaderaka,Ukraine,MF,2014–2025,Металург (Донецьк); Сталь (Кам'янське); Олександрія; Кривбас (Кривий Ріг)
tm:325801,Олексій Тищенко,high,,,Oleksiy Tyshchenko,Ukraine,MF,2013–2013,Таврія (Сімферополь)
tm:327861,Кельвін Нвамора,check,,,Kelvin Ebuka Nwamora,Nigeria,FW,2015–2015,Олімпік (Донецьк)
tm:327911,Феліпе Пірес,high,,,Felipe Pires,Brazil,FW,2023–2023,СК Дніпро-1
tm:328733,Артур Данієлян,high,,,Artur Danielyan,Armenia,DF,2015–2017,Сталь (Кам'янське)
tm:329055,Енес Махмутович,high,,Энес Махмутович,Enes Mahmutovic,Люксембург,DF,2020–2021,ПФК Львів
tm:330030,Наїлсон,check,,,Nailson,Brazil,DF,2016–2016,Зірка (Кропивницький)
tm:330060,Сідклей,high,,Сидклей,Sidcley,Бразилия,DF,2018–2021,Динамо (Київ)
tm:330122,Вадим Семчук,high,,,Vadym Semchuk,Ukraine,MF,2018–2018,Арсенал (Київ)
tm:330574,Олег Бородай,high,,,Oleg Boroday,Ukraine,DF,2018–2018,Карпати (Львів)
tm:331184,Ростислав Волошинович,high,,,Rostyslav Voloshynovych,Ukraine,FW,2017–2018,Верес (Рівне); ПФК Львів
tm:331216,Олег Тракало,high,,,Oleh Trakalo,Ukraine,DF,2016–2016,Волинь (Луцьк)
tm:331460,Іван Сондей,high,,,Ivan Sondey,Ukraine,MF,2017–2018,Олімпік (Донецьк)
tm:332132,Валерій Рогозинський,high,,,Valeriy Rogozynskyi,Ukraine,DF,2022–2025,Минай; Кудрівка
tm:332144,Володимир Кринський,high,,,Volodymyr Krynskyi,Ukraine,GK,2018–2020,Олімпік (Донецьк); Інгулець (Петрове)
tm:333020,Владислав Войцеховський,high,,,Vladyslav Voytsekhovskyi,Ukraine,FW,2024–2024,Лівий Берег (Київ)
tm:33315,Дієго Соуза,high,,,Diego Souza,Brazil,FW,2013–2013,Металіст (Харків)
tm:334126,Тодор Петрович,high,,,Todor Petrovic,Serbia,MF,2019–2019,Ворскла (Полтава)
tm:334728,Данило Маріотто,check,,,Danilo Mariotto,Brazil,FW,2014–2014,Волинь (Луцьк)
tm:335191,Валеріан Гвілія,high,,,Valeriane Gvilia,Georgia,MF,2014–2015,Металург (Запоріжжя)
tm:335192,Богдан Січкарук,high,,,Bogdan Sichkaruk,Ukraine,FW,2014–2014,Ворскла (Полтава)
tm:335744,Мігел Кампуш,check,,,Miguel Campos,Portugal,DF,2023–2025,Олександрія
tm:335820,Константін Діма,high,,,Constantin Dima,Romania,DF,2020–2020,Десна (Чернігів)
tm:337198,Богдан Бойчук,high,,Богдан Бойчук,Bogdan Boychuk,Украина,FW,2014–2023,Металіст (Харків); Рух (Львів); Чорноморець (Одеса)
tm:339323,Хеннос Асмелаш,high,,Хеннос Асмелаш,Hennos Asmelash,Нидерланды,DF,2020–2021,Інгулець (Петрове)
tm:339844,Зураб Очігава,high,,,Zurab Ochigava,Ukraine,DF,2014–2019,Маріуполь / Іллічівець; Динамо (Київ); Олімпік (Донецьк); Ворскла (Полтава)
tm:339845,Іван Янаков,high,,,Ivan Yanakov,Ukraine,FW,2014–2014,Маріуполь / Іллічівець
tm:340773,Сергій Приходько,high,,,Sergiy Prykhodko,Ukraine,MF,2014–2014,Маріуполь / Іллічівець
tm:341424,Невен Джурасек,high,,,Neven Djurasek,Croatia,MF,2022–2022,Шахтар (Донецьк)
tm:341485,Олег Кудрик,high,,Олег Кудрик,Oleg Kudryk,Украина,GK,2016–2025,Шахтар (Донецьк); Карпати (Львів); Маріуполь / Іллічівець; Полісся (Житомир)
tm:341486,Данило Сагуткін,high,,,Danila Sagutkin,Russia,DF,2018–2020,Арсенал (Київ); Маріуполь / Іллічівець
tm:341490,Олександр Глагола,high,,,Oleksandr Glagola,Ukraine,MF,2020–2020,Минай
tm:34186,Василіос Пліацикас,check,,,Vasilios Pliatsikas,Greece,DF,2013–2014,Металург (Донецьк)
tm:342139,Богдан Суходуб,high,,,Bogdan Sukhodub,Ukraine,DF,2014–2014,Маріуполь / Іллічівець
tm:342148,Зе Гоміш,check,,,Zé Gomes,Portugal,FW,2023–2023,Чорноморець (Одеса)
tm:342609,Микола Ковталюк,high,,,Mykola Kovtalyuk,Ukraine,FW,2023–2024,Ворскла (Полтава); Колос (Ковалівка)
tm:342820,Рубін Хебай,high,,,Rubin Hebaj,Albania,FW,2019–2019,Ворскла (Полтава)
tm:342878,Ясін Фортюне,high,,,Yassin Fortuné,Haiti,FW,2023–2023,Полісся (Житомир)
tm:343151,Іван Калюжний,high,,Иван Калюжный,Ivan Kalyuzhnyi,Украина,MF,2020–2025,Олександрія; Рух (Львів); ЛНЗ (Черкаси); Металіст 1925 (Харків)
tm:343153,Євген Чеберко,high,,,Yevgen Cheberko,Ukraine,DF,2016–2019,Дніпро (Дніпропетровськ); Зоря (Луганськ)
tm:343154,Ігор Биковський,high,,,Igor Bykovskyi,Ukraine,FW,2014–2018,Маріуполь / Іллічівець
tm:343175,Ахмед Алібеков,high,,Ахмед Алибеков,Akhmed Alibekov,Украина,MF,2018–2022,Динамо (Київ); Зоря (Луганськ); ПФК Львів
tm:343316,Сергій Косовський,high,,,Sergiy Kosovskyi,Ukraine,MF,2016–2024,Ворскла (Полтава); Оболонь (Київ); Лівий Берег (Київ)
tm:343489,Бесір Демірі,high,,,Besir Demiri,Albania,DF,2017–2018,Маріуполь / Іллічівець
tm:343492,Олег Кожушко,high,,Олег Кожушко,Oleg Kozhushko,Украина,FW,2015–2024,Дніпро (Дніпропетровськ); Колос (Ковалівка); Олександрія; Кривбас (Кривий Ріг)
tm:343537,Артем Довбик,high,,Артём Довбик,Artem Dovbyk,Украина,FW,2016–2022,Дніпро (Дніпропетровськ); СК Дніпро-1
tm:343622,Петро Стасюк,high,,Пётр Стасюк,Petro Stasyuk,Украина,DF,2020–2024,Маріуполь / Іллічівець; ЛНЗ (Черкаси); Оболонь (Київ)
tm:343769,Сергій Петров,high,,,Sergiy Petrov,Ukraine,FW,2014–2018,Волинь (Луцьк); Зірка (Кропивницький); ПФК Львів
tm:34390,Юриця Бульят,high,,,Jurica Buljat,Croatia,DF,2014–2014,Металіст (Харків)
tm:343963,Петар Мічин,high,,,Petar Micin,Serbia,MF,2023–2025,Зоря (Луганськ)
tm:34405,Мілан Пурович,high,,,Milan Purovic,Montenegro,FW,2012–2012,Металург (Запоріжжя)
tm:344399,Леонардо Руїс,high,,,Leonardo Ruiz,Colombia,FW,2018–2018,Зоря (Луганськ)
tm:344893,Жуан Тейшейра,high,,,João Teixeira,Portugal,MF,2019–2019,Олександрія
tm:34514,Чіпріан Васілаке,check,,,Ciprian Vasilache,Romania,MF,2013–2013,Ворскла (Полтава)
tm:345183,Еннур Тотре,high,,,Ennur Totre,North Macedonia,MF,2022–2022,Ворскла (Полтава)
tm:345401,Ніколас Карека,high,,,Nicolas Careca,Brazil,FW,2018–2018,Ворскла (Полтава)
tm:345714,Стефан Євтоскі,check,,,Stefan Jevtoski,North Macedonia,MF,2018–2018,Арсенал (Київ)
tm:345750,Роман Льопка,high,,,Roman Lyopka,Ukraine,GK,2016–2025,Зірка (Кропивницький); Кудрівка
tm:345772,Брайт Енобахаре,high,,,Bright Enobakhare,,FW,2022–2022,Рух (Львів)
tm:34641,Даріян Матич,high,Матіч Даріян,Матич Дариян,Darijan Matic,Словенія,MF,2010–2012,Кривбас (Кривий Ріг)
tm:34670,Віталій Постранський,auto,Постранський Віталій Михайлович,Постранский Виталий,Vitaliy Postranskyi,Україна,GK,2001–2013,Ворскла (Полтава); Кривбас (Кривий Ріг); Волинь (Луцьк); Металург (Запоріжжя)
tm:347270,Максим Гречкін,high,,,Maksim Grechkin,Israel,DF,2020–2020,Зоря (Луганськ)
tm:34771,Олександр Косирін,auto,Косирін Олександр Михайлович,,Oleksandr Kosyrin,Україна,FW,1995–2012,Торпедо (Запоріжжя); Динамо (Київ); ЦСКА (Київ); Арсенал (Київ)
tm:34773,Володимир Прийомов,auto,Прийомов Володимир Володимирович,,Volodymyr Pryiomov,Україна,FW,2005–2017,Металург (Донецьк); Чорноморець (Одеса); Шахтар (Донецьк); Кривбас (Кривий Ріг)
tm:347804,Андрій Коробенко,high,,Андрей Коробенко,Andriy Korobenko,Украина,MF,2015–2022,Шахтар (Донецьк); Маріуполь / Іллічівець; Інгулець (Петрове)
tm:348269,Олександр Дехтяренко,high,,,Oleksandr Dekhtiarenko,Ukraine,MF,2014–2014,Маріуполь / Іллічівець
tm:348768,Макс Челич,high,,,Maks Celic,Croatia,DF,2020–2020,ПФК Львів
tm:348839,Сергій Кулинич,high,,,Sergiy Kulynych,Ukraine,DF,2014–2017,Металург (Запоріжжя); Олімпік (Донецьк)
tm:349106,Дмитро Антонов,high,,,Dmytro Antonov,Ukraine,DF,2014–2014,Металіст (Харків)
tm:349107,Олег Синиця,high,,,Oleg Synytsya,Ukraine,FW,2015–2024,Металіст (Харків); Рух (Львів); Лівий Берег (Київ)
tm:34941,Александру Тудосе,high,,,Alexandru Tudose,Romania,DF,2014–2014,Говерла / Закарпаття (Ужгород)
tm:350828,Шахаб Захеді,high,,Шахаб Захеди,Shahab Zahedi,Иран,FW,2019–2021,Олімпік (Донецьк); Зоря (Луганськ)
tm:35245,Матеус,high,,,Matheus,Brazil,FW,2012–2015,Дніпро (Дніпропетровськ)
tm:35259,Валентин Ілієв,high,,,Valentin Iliev,Bulgaria,DF,2012–2012,Волинь (Луцьк)
tm:353252,Орест Кузик,high,,,Orest Kuzyk,Ukraine,FW,2015–2024,Говерла / Закарпаття (Ужгород); Сталь (Кам'янське); Десна (Чернігів); Чорноморець (Одеса)
tm:353584,Сергій Петько,check,,,Sergiy Petko,Ukraine,MF,2014–2024,Чорноморець (Одеса); Минай; Інгулець (Петрове)
tm:354145,Хорхе Карраскаль,high,,,Jorge Carrascal,Colombia,MF,2017–2018,Карпати (Львів)
tm:354325,Олег Луценко,high,,,Oleg Lutsenko,Ukraine,MF,2014–2014,Чорноморець (Одеса)
tm:354326,Навід Насімі,high,,,Navid Nasimi,Ukraine,DF,2015–2015,Чорноморець (Одеса)
tm:35435,Лучан Бурдужан,high,,Бурдужан Лучан,Lucian Burdujan,Romania,FW,2011–2014,Чорноморець (Одеса); Таврія (Сімферополь); Говерла / Закарпаття (Ужгород)
tm:354640,Хосе Ернандес,high,,,José Hernández,Ecuador,DF,2023–2023,Олександрія
tm:354717,Євген Мурашов,high,,,Yevgen Murashov,Ukraine,FW,2014–2016,Чорноморець (Одеса)
tm:355130,Михайло Ряшко,high,,,Mykhaylo Ryashko,Ukraine,DF,2015–2015,Говерла / Закарпаття (Ужгород)
tm:355367,Вагнер Гонсалвес,high,,,Vagner Gonçalves,Brazil,FW,2020–2020,СК Дніпро-1
tm:355492,Жорже Еліас,high,,,Jorge Elias,Brazil,FW,2016–2016,Чорноморець (Одеса)
tm:35607,Арменд Даллку,high,Даллку Арменд,Далку Арменд,Armend Dallku,Албанія,DF,2005–2015,Ворскла (Полтава)
tm:35633,Іржі Єслінек,high,Єслінек Іржі,Еслинек Иржи,Jiri Jeslinek,Чехія,MF,2010–2012,Кривбас (Кривий Ріг)
tm:356936,Йон Шпорн,high,,,Jon Sporn,Slovenia,MF,2023–2024,Чорноморець (Одеса)
tm:357776,Хрвоє Ілич,high,,,Hrvoje Ilic,Croatia,MF,2023–2025,Кривбас (Кривий Ріг)
tm:357917,Джастін Лонвейк,high,,,Justin Lonwijk,Suriname,MF,2022–2024,Динамо (Київ)
tm:35871,Фернандо Тіссоне,high,,,Fernando Tissone,Argentina,MF,2017–2017,Карпати (Львів)
tm:358734,Александру Бойчук,high,,,Alexandru Boiciuc,Moldova,FW,2019–2019,Карпати (Львів)
tm:358956,Олександр Кучеренко,high,,,Oleksandr Kucherenko,Ukraine,MF,2016–2023,Зірка (Кропивницький); Інгулець (Петрове); Верес (Рівне)
tm:35908,Мірко Райчевич,high,Райчевіч Мірко,,Mirko Raicevic,Чорногорія,MF,2008–2014,Зоря (Луганськ); Чорноморець (Одеса); Говерла / Закарпаття (Ужгород)
tm:359239,Микита Крюков,high,,,Mykyta Kryukov,Ukraine,GK,2014–2014,Маріуполь / Іллічівець
tm:359247,Мар'ян Швед,high,,,Maryan Shved,Ukraine,FW,2014–2025,Карпати (Львів); Шахтар (Донецьк)
tm:359667,Вадим Гранчар,check,,,Vadym Granchar,Ukraine,MF,2017–2017,Олександрія
tm:359678,Ернест Антві,high,,Эрнест Антви,Ernest Antwi,Гана,FW,2020–2021,ПФК Львів; Рух (Львів)
tm:359796,Дмитро Шастал,high,,Дмитрий Шастал,Dmytro Shastal,Украина,FW,2017–2024,Олександрія; Полісся (Житомир); Верес (Рівне); Лівий Берег (Київ)
tm:36075,Саша Стевич,high,Стевіч Саша,Стевич Саша,Sasa Stevic,Сербія,MF,2010–2012,Волинь (Луцьк)
tm:36109,Дамір Кахріман,high,Кахріман Дамір,Кахриман Дамир,Damir Kahriman,Сербія,GK,2010–2013,Таврія (Сімферополь)
tm:36149,Йован Маркоскі,high,Маркоскі Йован,Маркоски Йован,Jovan Markoski,Сербія,MF,2006–2014,Ворскла (Полтава)
tm:36235,Петар Занев,high,,,Petar Zanev,Bulgaria,DF,2012–2012,Волинь (Луцьк)
tm:36238,Руслан Фомін,auto,Фомін Руслан Миколайович,Фомин Руслан,Ruslan Fomin,Україна,FW,2005–2019,Шахтар (Донецьк); Металіст (Харків); Зоря (Луганськ); Маріуполь / Іллічівець
tm:362529,Андрій Сторчоус,high,,,Andriy Storchous,Ukraine,MF,2025–2025,Кудрівка
tm:363063,Олексій Ковтун,high,,,Oleksiy Kovtun,Ukraine,DF,2014–2020,Металіст (Харків); Карпати (Львів); Минай
tm:363064,Єгор Чегурко,high,,,Yegor Chegurko,Ukraine,MF,2014–2014,Металіст (Харків)
tm:363065,Максим Авер'янов,high,,,Maksym Averyanov,Ukraine,MF,2014–2017,Металіст (Харків); Зірка (Кропивницький)
tm:36364,Михайло Сіваков,high,,,Mikhail Sivakov,Belarus,DF,2014–2016,Чорноморець (Одеса); Зоря (Луганськ)
tm:36371,Нікола Калинич,high,,Калинич Никола,Nikola Kalinic,Croatia,FW,2011–2015,Дніпро (Дніпропетровськ)
tm:363714,Абукар Мохамед,high,,,Abukar Mohamed,Finland,MF,2019–2019,Карпати (Львів)
tm:363740,Євген Шевченко,high,,,Yevgeniy Shevchenko,Ukraine,DF,2023–2025,Верес (Рівне); Оболонь (Київ)
tm:364038,Тимофій Шеремета,high,,,Tymofiy Sheremeta,Ukraine,GK,2014–2015,Металург (Запоріжжя)
tm:364261,Тче Тче,high,,,Tchê Tchê,Brazil,MF,2018–2018,Динамо (Київ)
tm:364574,Артур Кузнецов,high,,,Artur Kuznetsov,Ukraine,DF,2014–2015,Металург (Запоріжжя)
tm:364831,Микита Жуков,high,,,Mykyta Zhukov,Ukraine,MF,2016–2016,Зірка (Кропивницький)
tm:365195,Андрій Кухарук,high,,Андрей Кухарук,Andriy Kukharuk,Украина,MF,2020–2023,Рух (Львів); Інгулець (Петрове); Верес (Рівне)
tm:365540,Валерій Бондаренко,high,,,Valeriy Bondarenko,Ukraine,DF,2016–2025,Олександрія; Колос (Ковалівка)
tm:365692,Дмитро Топалов,high,,Дмитрий Топалов,Dmytro Topalov,Украина,FW,2019–2024,Маріуполь / Іллічівець; Шахтар (Донецьк); Колос (Ковалівка); ЛНЗ (Черкаси)
tm:365779,Лука Гучек,high,,,Luka Gucek,Slovenia,DF,2022–2024,Чорноморець (Одеса); Ворскла (Полтава)
tm:366445,Андрій Марчук,high,,,Andriy Marchuk,Ukraine,GK,2016–2016,Волинь (Луцьк)
tm:366446,Денис Костишин,high,,,Denys Kostyshyn,Ukraine,MF,2016–2024,Дніпро (Дніпропетровськ); Колос (Ковалівка); Олександрія
tm:366450,Юрі Кастільйо,check,,,Iury Castilho,Brazil,FW,2017–2017,Зоря (Луганськ)
tm:366723,Владислав Дубинчак,high,,Владислав Дубинчак,Vladyslav Dubinchak,Украина,DF,2018–2025,Арсенал (Київ); Карпати (Львів); СК Дніпро-1; Динамо (Київ)
tm:366729,Назарій Русин,high,,,Nazariy Rusyn,Ukraine,FW,2017–2023,Динамо (Київ); Зоря (Луганськ)
tm:367024,Георгій Гадрані,check,,,Giorgi Gadrani,Georgia,DF,2014–2015,Чорноморець (Одеса)
tm:36732,Драман Траоре,high,,Траоре Драман,Dramane Traoré,Mali,FW,2011–2012,Металург (Донецьк)
tm:368611,Микола Шапаренко,high,,Николай Шапаренко,Mykola Shaparenko,Украина,MF,2014–2025,Маріуполь / Іллічівець; Динамо (Київ)
tm:369093,Андрій Ралюченко,high,,,Andriy Ralyuchenko,Ukraine,MF,2015–2023,Металіст (Харків); Минай
tm:369153,Даниїл Соломаха,check,,,Daniil Solomakha,Ukraine,FW,2014–2014,Металіст (Харків)
tm:369155,Юрій Вакулко,high,,,Yuriy Vakulko,Ukraine,MF,2016–2024,Дніпро (Дніпропетровськ); Арсенал (Київ); СК Дніпро-1; Кривбас (Кривий Ріг)
tm:36934,Іван Мілошевич,high,Мілошевіч Іван,Милошевич Иван,Ivan Milosevic,Сербія,DF,2008–2012,Карпати (Львів)
tm:370399,Микита Кравченко,high,,,Mykyta Kravchenko,Ukraine,DF,2014–2025,Маріуполь / Іллічівець; Динамо (Київ); Олімпік (Донецьк); Колос (Ковалівка)
tm:370998,Бартол Франьїч,high,,,Bartol Franjic,Croatia,DF,2024–2024,Шахтар (Донецьк)
tm:371256,Тете,high,,Тете,Tetê,Бразилия,FW,2019–2021,Шахтар (Донецьк)
tm:371318,Петро Переверза,high,,,Petro Pereverza,Ukraine,MF,2014–2015,Чорноморець (Одеса)
tm:371319,Габріель Окечукву,high,,,Gabriel Okechukwu,Nigeria,FW,2015–2016,Карпати (Львів)
tm:372138,Юрій Захарків,high,,,Yuriy Zakharkiv,Ukraine,FW,2020–2020,ПФК Львів
tm:372362,Юрій Тома,high,,,Yuriy Toma,Ukraine,MF,2014–2015,Говерла / Закарпаття (Ужгород)
tm:37301,Велі Лампі,high,,Лампи Вели Микко,Veli Lampi,Finland,DF,2011–2013,Арсенал (Київ)
tm:37303,Желько Любенович,high,Любенович Желько,Любенович Желько,Zeljko Ljubenovic,Сербія,MF,2005–2017,Кривбас (Кривий Ріг); Таврія (Сімферополь); Зоря (Луганськ)
tm:373044,Максим Казаков,high,,Максим Казаков,Maksym Kazakov,Украина,MF,2018–2021,Зоря (Луганськ)
tm:373251,Владислав Щетінін,high,,,Vladyslav Shchetinin,Ukraine,DF,2014–2014,Чорноморець (Одеса)
tm:373302,Сілас,high,,,Silas,Brazil,MF,2017–2018,Зоря (Луганськ)
tm:373941,Жоель Бопесу,high,,,Joël Bopesu,France,DF,2019–2019,ПФК Львів
tm:374036,Роман Помазан,high,,,Roman Pomazan,Ukraine,DF,2014–2015,Металург (Запоріжжя)
tm:37414,Давід Каяду,check,,,David Caiado,Portugal,MF,2013–2014,Таврія (Сімферополь); Металіст (Харків)
tm:37430,Даррен О'Ді,high,,,Darren O'Dea,Ireland,DF,2013–2013,Металург (Донецьк)
tm:375180,Олександр Козак,high,,Александр Козак,Oleksandr Kozak,Украина,FW,2014–2025,Металург (Донецьк); Сталь (Кам'янське); Інгулець (Петрове); Кудрівка
tm:375657,Владислав Шаповал,high,,,Vladyslav Shapoval,Ukraine,DF,2015–2025,Волинь (Луцьк); СК Дніпро-1; Полісся (Житомир); Чорноморець (Одеса)
tm:375659,Герман Пеньков,high,,Герман Пеньков,German Penkov,Украина,GK,2017–2024,Сталь (Кам'янське); Карпати (Львів); Олімпік (Донецьк); ПФК Львів
tm:375955,Єгор Клименчук,high,,,Yegor Klymenchuk,Ukraine,DF,2014–2022,Металург (Запоріжжя); Олімпік (Донецьк); ПФК Львів; Металіст (Харків)
tm:376082,Данило Ігнатенко,high,,Даниил Игнатенко,Danylo Ignatenko,Украина,MF,2014–2021,Металург (Запоріжжя); Маріуполь / Іллічівець; СК Дніпро-1
tm:376226,Євген Цимбалюк,high,,,Yevgen Tsymbalyuk,Ukraine,DF,2014–2020,Олімпік (Донецьк)
tm:376227,Денис Галенков,high,,,Denys Galenkov,Ukraine,MF,2014–2025,Олімпік (Донецьк); СК Полтава
tm:376228,Дмитро Іванісеня,high,,,Dmytro Ivanisenya,Ukraine,MF,2019–2020,Зоря (Луганськ)
tm:376445,Маріо Чуже,high,,Марио Чуже,Mario Cuze,Хорватия,FW,2020–2021,СК Дніпро-1
tm:376485,Йонатан Бедоя,check,,,Yhonatan Bedoya,Colombia,FW,2017–2017,Карпати (Львів)
tm:378520,Фернан Фаеррон,high,,,Fernán Faerron,Costa Rica,DF,2024–2024,Ворскла (Полтава)
tm:378972,Гай Хадіда,high,,,Guy Hadida,Israel,MF,2022–2023,Чорноморець (Одеса)
tm:379677,Олександр Мішуренко,high,,,Oleksandr Mishurenko,Ukraine,FW,2020–2020,Інгулець (Петрове)
tm:379714,Роберто Корраль,high,,,Roberto Corral,Spain,DF,2022–2022,Металіст (Харків)
tm:379977,Андрій Семенко,high,,,Andriy Semenko,Ukraine,DF,2020–2020,Інгулець (Петрове)
tm:380376,Євген Морозко,high,,,Yevgeniy Morozko,Ukraine,DF,2019–2025,Колос (Ковалівка); Верес (Рівне); Полісся (Житомир); Кудрівка
tm:380379,Олександр Поздєєв,high,,,Oleksandr Pozdeev,Ukraine,MF,2019–2019,Колос (Ковалівка)
tm:380554,Євген Запорожець,high,,Евгений Запорожец,Yevgen Zaporozhets,Украина,MF,2020–2025,Інгулець (Петрове); Оболонь (Київ); Епіцентр (Кам'янець-Подільський)
tm:380691,Віталій Кольцов,high,,,Vitaliy Koltsov,Ukraine,MF,2017–2018,Маріуполь / Іллічівець; Олімпік (Донецьк)
tm:381268,Гліб Бухал,high,,Глеб Бухал,Glib Bukhal,Украина,DF,2017–2021,Олександрія
tm:381273,Андрій Домбровський,high,,Андрей Домбровский,Andriy Dombrovskyi,Украина,MF,2018–2021,Арсенал (Київ); Десна (Чернігів)
tm:381299,Ігор Коцюмака,high,,,Igor Kotsyumaka,Ukraine,DF,2025–2025,СК Полтава
tm:381430,Фабрісіо Альваренга,high,,Фабрисио Альваренга,Fabricio Alvarenga,Аргентина,FW,2020–2023,Олімпік (Донецьк); Рух (Львів); Чорноморець (Одеса)
tm:381812,Назар Маліновський,high,,,Nazar Malinovskyi,Ukraine,MF,2017–2017,Зірка (Кропивницький)
tm:381815,Олександр Сніжко,high,,,Oleksandr Snizhko,Ukraine,MF,2019–2020,СК Дніпро-1; Минай
tm:381920,Артем Захаров,high,,,Artem Zakharov,Ukraine,MF,2015–2015,Металург (Запоріжжя)
tm:38206,Анте Розич,high,,,Ante Rozic,Croatia,DF,2012–2012,Металург (Запоріжжя)
tm:382527,Віктор Гей,high,,,Viktor Gey,Ukraine,DF,2015–2015,Говерла / Закарпаття (Ужгород)
tm:382895,Роман Гончаренко,high,,Роман Гончаренко,Roman Goncharenko,Украина,DF,2021–2025,Верес (Рівне); Колос (Ковалівка)
tm:38297,Богдан Шуст,auto,Шуст Богдан Романович,Богдан Шуст,Bogdan Shust,Україна,GK,2005–2021,Шахтар (Донецьк); Металург (Донецьк); Зоря (Луганськ); Маріуполь / Іллічівець
tm:383082,Євген Стрельцов,high,,,Yevgen Streltsov,Ukraine,FW,2025–2025,СК Полтава
tm:383198,Ілля Шевцов,high,,Илья Шевцов,Ilya Shevtsov,Украина,FW,2020–2024,Інгулець (Петрове); Десна (Чернігів); Чорноморець (Одеса)
tm:383211,Ярослав Деда,high,,,Yaroslav Deda,Ukraine,FW,2015–2019,Волинь (Луцьк); Карпати (Львів)
tm:383229,Микола Мусолітін,high,,,Mykola Musolitin,Ukraine,MF,2016–2018,Чорноморець (Одеса)
tm:383294,Євген Єфремов,high,,,Yevgen Yefremov,Ukraine,DF,2019–2019,Колос (Ковалівка)
tm:383325,Денис Антюх,high,,,Denys Antyukh,Ukraine,FW,2019–2025,Колос (Ковалівка); Зоря (Луганськ); Металіст 1925 (Харків)
tm:383565,Назар Вербний,high,,,Nazar Verbnyi,Ukraine,MF,2016–2019,Карпати (Львів); Олімпік (Донецьк)
tm:383567,Володимир Сениця,high,,,Volodymyr Senytsya,Ukraine,DF,2017–2017,Карпати (Львів)
tm:383623,Ілля Корнєв,high,,,Ilya Kornev,Ukraine,FW,2015–2016,Металіст (Харків); Металург (Запоріжжя); Олімпік (Донецьк)
tm:383758,Владислав Даниленко,high,,,Vladyslav Danylenko,Ukraine,MF,2025–2025,СК Полтава
tm:384449,Гвідо Кортеджано,check,,,Guido Corteggiano,Argentina,MF,2017–2017,Карпати (Львів)
tm:38497,Джеремейн Ленс,high,,,Jeremain Lens,Netherlands,FW,2013–2014,Динамо (Київ)
tm:385416,Михайло Шершень,high,,Михаил Шершень,Mykhaylo Shershen,Украина,DF,2016–2024,Зоря (Луганськ); Металіст 1925 (Харків); Інгулець (Петрове)
tm:386659,Хон Себеріо,check,,,Jon Ceberio,Spain,MF,2025–2025,Епіцентр (Кам'янець-Подільський)
tm:387098,Демір Скриєль,check,,,Demir Skrijelj,Montenegro,MF,2024–2024,Ворскла (Полтава)
tm:387198,Єгор Демченко,high,,,Yegor Demchenko,Ukraine,MF,2015–2025,Металург (Запоріжжя); Колос (Ковалівка); Металіст (Харків); Епіцентр (Кам'янець-Подільський)
tm:387495,Андрій Різник,high,,,Andriy Riznyk,Ukraine,FW,2024–2024,Лівий Берег (Київ)
tm:387928,Лукас Тейлор,high,,,Lucas Taylor,Brazil,DF,2018–2024,ПФК Львів; СК Дніпро-1; Шахтар (Донецьк); Полісся (Житомир)
tm:388313,Терсіус Малепе,check,,,Tercious Malepe,South Africa,MF,2020–2020,Минай
tm:389479,Роберт Мютцерс,check,,,Robert Mutzers,Netherlands,FW,2018–2018,Чорноморець (Одеса)
tm:389942,Хайнер,high,,,Hayner,Brazil,DF,2022–2022,СК Дніпро-1
tm:390368,Вітор Буено,high,,,Vitor Bueno,Brazil,MF,2018–2018,Динамо (Київ)
tm:391127,Вів Соломон-Отабор,high,,,Viv Solomon-Otabor,Nigeria,FW,2022–2023,Рух (Львів)
tm:392091,Дмитро Семенів,high,,Дмитрий Семенив,Dmytro Semeniv,Украина,FW,2017–2021,Чорноморець (Одеса); ПФК Львів
tm:39253,Антон Шиндер,auto,Шиндер Антон Павлович,Шиндер Антон,Anton Shynder,Україна,MF,2010–2020,Таврія (Сімферополь); Ворскла (Полтава); Чорноморець (Одеса); Олімпік (Донецьк)
tm:39316,Серж Акакпо,high,,,Serge Akakpo,Togo,DF,2013–2018,Говерла / Закарпаття (Ужгород); Арсенал (Київ)
tm:393975,Ілля Зубков,high,,Илья Зубков,Ilya Zubkov,Украина,FW,2021–2022,Металіст 1925 (Харків)
tm:395068,Ян Вічний,high,,,Yan Vichnyi,Ukraine,GK,2015–2015,Ворскла (Полтава)
tm:395069,Володимир Одарюк,high,,,Volodymyr Odaryuk,Ukraine,FW,2015–2025,Ворскла (Полтава); Інгулець (Петрове); Минай; СК Полтава
tm:395537,Дмитро Плахтир,high,,,Dmytro Plakhtyr,Ukraine,MF,2015–2025,Металург (Запоріжжя); СК Полтава
tm:39637,Роман Мірошник,check,,Роман Мирошник,Roman Miroshnyk,Украина,DF,2021–2022,Верес (Рівне)
tm:396394,Валерій Бондар,high,,Валерий Бондарь,Valeriy Bondar,Украина,DF,2019–2025,Шахтар (Донецьк)
tm:396395,Олексій Биков,high,,,Oleksiy Bykov,Ukraine,DF,2018–2020,Маріуполь / Іллічівець
tm:396400,Ілля Путря,high,,Илья Путря,Ilya Putrya,Украина,DF,2018–2025,Маріуполь / Іллічівець; Чорноморець (Одеса); ЛНЗ (Черкаси)
tm:396401,Максим Чех,high,,Максим Чех,Maksym Chekh,Украина,MF,2019–2025,Маріуполь / Іллічівець; Оболонь (Київ)
tm:396402,Володимир Якимець,high,,Владимир Якимец,Volodymyr Yakimets,Украина,DF,2019–2022,Карпати (Львів); ПФК Львів; Кривбас (Кривий Ріг)
tm:396411,Владислав Бугай,high,,,Vladyslav Bugay,Ukraine,FW,2018–2023,Маріуполь / Іллічівець; ПФК Львів; Зоря (Луганськ)
tm:396524,Артем Ярмоленко,high,,,Artem Yarmolenko,Ukraine,DF,2018–2018,Чорноморець (Одеса)
tm:396530,Артем Козак,high,,,Artem Kozak,Ukraine,MF,2018–2025,Арсенал (Київ); Карпати (Львів); Полісся (Житомир); Олександрія
tm:396532,Євген Смирний,high,,,Yevgeniy Smyrnyi,Ukraine,MF,2018–2025,Динамо (Київ); Маріуполь / Іллічівець; Колос (Ковалівка); Олександрія
tm:396535,Владислав Алексєєв,check,,,Vladyslav Alekseyev,Ukraine,FW,2018–2018,Арсенал (Київ)
tm:396536,Роман Вантух,high,,,Roman Vantukh,Ukraine,DF,2018–2025,Олімпік (Донецьк); Олександрія; Зоря (Луганськ)
tm:396638,Манор Соломон,high,,Манор Соломон,Manor Solomon,Израиль,FW,2018–2021,Шахтар (Донецьк)
tm:397464,Леонідас,high,,,Leônidas,Brazil,MF,2017–2017,Олімпік (Донецьк); Зоря (Луганськ)
tm:3978,Светослав Тодоров,high,,,Svetoslav Todorov,Bulgaria,FW,2012–2012,Говерла / Закарпаття (Ужгород)
tm:39792,Марин Любичич,check,,Любичич Марин,Marin Ljubicic,Croatia,MF,2011–2013,Таврія (Сімферополь)
tm:39799,Іван Стрінич,high,Стрініч Іван,Стринич Иван,Ivan Strinic,Хорватія,DF,2010–2014,Дніпро (Дніпропетровськ)
tm:398675,Микола Квасний,high,,,Mykola Kvasnyi,Ukraine,DF,2015–2022,Ворскла (Полтава); ПФК Львів; Інгулець (Петрове); Верес (Рівне)
tm:398808,Мартін Онгла,high,,,Martin Hongla,Cameroon,MF,2018–2018,Карпати (Львів)
tm:39996,Андрій П'ятов,fixed,Пятов Андрій Валерійович,Андрей Пятов,Andriy Pyatov,Україна,GK,2002–2022,Ворскла (Полтава); Шахтар (Донецьк)
tm:400719,Темур Чогадзе,high,,,Temur Chogadze,Georgia,FW,2019–2020,Олімпік (Донецьк)
tm:401529,Додо,high,,Додо,Dodô,Бразилия,DF,2019–2021,Шахтар (Донецьк)
tm:401822,Максим Луньов,high,,,Maksym Lunyov,Ukraine,FW,2016–2024,Дніпро (Дніпропетровськ); Зоря (Луганськ); Кривбас (Кривий Ріг)
tm:401884,Руслан Марушка,high,,,Ruslan Marushka,Ukraine,DF,2016–2016,Волинь (Луцьк)
tm:401987,Сіака Багайоко,high,,Сиака Багайоко,Siaka Bagayoko,Мали,DF,2020–2021,Минай
tm:402363,Кауе Сілва,check,,,Kauê Silva,Brazil,FW,2018–2018,ПФК Львів
tm:402874,Дмитро Литвин,high,,,Dmytro Lytvyn,Ukraine,DF,2018–2019,Зоря (Луганськ); Олімпік (Донецьк)
tm:404838,Владислав Кучерук,high,,,Vladyslav Kucheruk,Ukraine,GK,2020–2020,Колос (Ковалівка)
tm:404839,Андрій Лунін,high,,,Andriy Lunin,Ukraine,GK,2016–2017,Дніпро (Дніпропетровськ); Зоря (Луганськ)
tm:404841,Денис Попов,high,,Денис Попов,Denys Popov,Украина,DF,2019–2025,Динамо (Київ)
tm:404842,Віталій Миколенко,high,,Виталий Миколенко,Vitaliy Mykolenko,Украина,DF,2017–2021,Динамо (Київ)
tm:404844,Тимофій Сухар,high,,,Tymofiy Sukhar,Ukraine,DF,2024–2024,Колос (Ковалівка)
tm:404845,Владислав Наумець,high,,,Vladyslav Naumets,Ukraine,FW,2022–2024,Чорноморець (Одеса); Металіст (Харків); ЛНЗ (Черкаси)
tm:404846,Сергій Булеца,high,,Сергей Булеца,Sergiy Buletsa,Украина,MF,2019–2025,СК Дніпро-1; Зоря (Луганськ); Олександрія
tm:404847,Олексій Хахльов,high,,,Oleksiy Khakhlyov,Ukraine,MF,2019–2025,Карпати (Львів); Минай; Зоря (Луганськ); СК Полтава
tm:404848,Андрій Кулаков,high,,Андрей Кулаков,Andriy Kulakov,Украина,FW,2019–2025,Маріуполь / Іллічівець; Олександрія
tm:404849,Олексій Кащук,high,,Алексей Кащук,Oleksiy Kashchuk,Украина,FW,2019–2023,Маріуполь / Іллічівець; Шахтар (Донецьк)
tm:404851,Денис Янаков,high,,,Denis Yanakov,Ukraine,FW,2018–2025,Арсенал (Київ); Інгулець (Петрове); Зоря (Луганськ); Верес (Рівне)
tm:405176,Олексій Збунь,high,,,Oleksiy Zbun,Ukraine,FW,2016–2017,Зірка (Кропивницький)
tm:405620,Фарід Алі,high,,,Farid Ali,Ukraine,FW,2015–2015,Металург (Запоріжжя)
tm:405621,Семен Ключик,high,,,Semen Klyuchyk,Ukraine,DF,2015–2015,Металург (Запоріжжя)
tm:40608,Алекс да Сілва,check,,,Alex da Silva,Brazil,MF,2013–2014,Металург (Донецьк)
tm:406761,Євген Іздебський,high,,,Yevgeniy Izdebskyi,Ukraine,DF,2015–2015,Металург (Запоріжжя)
tm:406776,Дмитро Гапончук,high,,,Dmytro Gaponchuk,Ukraine,DF,2015–2015,Металург (Запоріжжя)
tm:407014,Гаетан Міссі Мезу,check,,,Gaëtan Missi Mezu,Gabon,FW,2018–2018,Арсенал (Київ)
tm:410184,Кирило Демідов,high,,,Kyrylo Demidov,Ukraine,FW,2015–2015,Металург (Запоріжжя)
tm:410213,Олександр Чепелюк,high,,,Oleksandr Chepelyuk,Ukraine,MF,2015–2016,Волинь (Луцьк)
tm:41037,Данило,check,,,Danilo,Brazil,FW,2012–2013,Зоря (Луганськ)
tm:411027,Владислав Ігнатьєв,high,,,Vladyslav Ignatyev,Ukraine,MF,2015–2015,Металург (Запоріжжя)
tm:411149,Кертіс Єблі,check,,,Curtis Yebli,France,MF,2018–2018,Арсенал (Київ)
tm:412615,Георгій Куція,check,,,Giorgi Kutsia,Georgia,MF,2024–2025,Верес (Рівне)
tm:41362,Густав Свенссон,high,,,Gustav Svensson,Sweden,DF,2012–2013,Таврія (Сімферополь)
tm:41372,Ян Масло,high,,Масло Ян,Jan Maslo,Slovakia,DF,2011–2013,Волинь (Луцьк)
tm:415859,Матеус Мендес,high,,,Mateus Mendes,Brazil,DF,2015–2015,Чорноморець (Одеса)
tm:415860,Сілвіо Жуніор,check,,,Sílvio Junior,Brazil,FW,2015–2017,Чорноморець (Одеса)
tm:417228,Данило Сікан,high,,Даниил Сикан,Danylo Sikan,Украина,FW,2018–2024,Маріуполь / Іллічівець; Шахтар (Донецьк)
tm:417242,Руслан Нещерет,high,,,Ruslan Neshcheret,Ukraine,GK,2020–2025,Динамо (Київ)
tm:418173,Джихад Бізімана,high,,,Djihad Bizimana,Rwanda,MF,2023–2024,Кривбас (Кривий Ріг)
tm:41885,Сергій Сілюк,auto,Сілюк Сергій Володимирович,Силюк Сергей,Sergiy Silyuk,Україна,MF,2003–2013,Металург (Запоріжжя); Зоря (Луганськ); Ворскла (Полтава)
tm:418891,Олександр Мельник,high,,Александр Мельник,Oleksandr Melnyk,Украина,DF,2020–2024,Олександрія; Минай; Верес (Рівне)
tm:418896,Станіслав Сорокін,high,,Станислав Сорокин,Stanislav Sorokin,Украина,MF,2020–2021,Колос (Ковалівка)
tm:419061,Владислав Супряга,high,,Владислав Супряга,Vladyslav Supryaga,Украина,FW,2018–2025,Динамо (Київ); СК Дніпро-1; Зоря (Луганськ); Епіцентр (Кам'янець-Подільський)
tm:419062,Клим Приходько,high,,,Klim Prykhodko,Ukraine,MF,2022–2024,Кривбас (Кривий Ріг); Лівий Берег (Київ)
tm:419067,Георгій Цитаїшвілі,high,,,Giorgi Tsitaishvili,Georgia,FW,2018–2020,Динамо (Київ); Ворскла (Полтава)
tm:419118,Олександр Климець,high,,,Oleksandr Klymets,Ukraine,DF,2025–2025,Епіцентр (Кам'янець-Подільський)
tm:419119,Ігор Снурніцин,high,,Игорь Снурницын,Igor Snurnitsyn,Украина,DF,2018–2023,Олімпік (Донецьк); Зоря (Луганськ)
tm:421636,Самсон Ієде,check,,,Samson Iyede,Nigeria,FW,2023–2024,Чорноморець (Одеса); Ворскла (Полтава)
tm:421935,Майкон,high,,Майкон,Maycon,Бразилия,MF,2018–2021,Шахтар (Донецьк)
tm:422746,Федеріко Перейра,high,,,Federico Pereyra,Argentina,DF,2016–2017,Зірка (Кропивницький); Карпати (Львів)
tm:423252,Віктор Серденюк,high,,,Viktor Serdenyuk,Ukraine,MF,2017–2017,Чорноморець (Одеса)
tm:423606,Богдан Леднєв,high,,Богдан Леднев,Bogdan Lednev,Украина,MF,2018–2025,Зоря (Луганськ); Динамо (Київ); СК Дніпро-1; Полісся (Житомир)
tm:424145,Олександр Машнін,high,,,Oleksandr Mashnin,Ukraine,FW,2016–2017,Чорноморець (Одеса)
tm:42550,Мате Гвініанідзе,high,Гвініанідзе Мате,,Mate Ghvinianidze,Грузія,DF,2010–2013,Севастополь
tm:425567,Дієго Паласіос,high,,,Diego Palacios,Ecuador,DF,2025–2025,Карпати (Львів)
tm:425707,Артем Дудік,high,,,Artem Dudik,Ukraine,FW,2015–2022,Волинь (Луцьк); Металіст 1925 (Харків)
tm:426008,Іван Когут,high,,,Ivan Kogut,Ukraine,MF,2024–2024,Лівий Берег (Київ)
tm:426011,Микола Когут,high,,,Mykola Kogut,Ukraine,MF,2024–2024,Лівий Берег (Київ)
tm:42621,Віталі Бордіян,high,Бордіян Віталі,Бордиян Виталий,Vitalie Bordian,Молдова,MF,2004–2012,Металіст (Харків); Говерла / Закарпаття (Ужгород)
tm:42622,Леандро,high,,,Leandro,Brazil,DF,2012–2016,Арсенал (Київ); Сталь (Кам'янське)
tm:42624,Сергій Давидов,auto,Давидов Сергій Вікторович,,Sergiy Davydov,Україна,FW,2004–2014,Металіст (Харків); Говерла / Закарпаття (Ужгород)
tm:42631,Олександр Горяінов,auto,Горяінов Олександр Сергійович,Горяинов Александр,Oleksandr Goryainov,Україна,GK,1993–2014,Металіст (Харків); ЦСКА (Київ); Кривбас (Кривий Ріг)
tm:42641,Андрій Хомин,auto,Хомин Андрій Михайлович,Хомин Андрей,Andriy Khomyn,Україна,MF,2003–2014,Борисфен (Бориспіль); Металіст (Харків); Арсенал (Київ); Говерла / Закарпаття (Ужгород)
tm:426805,Андро Гіоргадзе,high,,,Andro Giorgadze,Georgia,DF,2017–2019,Ворскла (Полтава); Карпати (Львів)
tm:427100,Матар Дієй,check,,,Matar Dieye,Senegal,FW,2018–2019,Олімпік (Донецьк); Карпати (Львів)
tm:427341,Данило Кучер,high,,,Danylo Kucher,Ukraine,GK,2015–2022,Дніпро (Дніпропетровськ); Інгулець (Петрове)
tm:427668,Ігор Бойчук,high,,,Igor Boychuk,Ukraine,DF,2020–2020,Рух (Львів)
tm:42803,Мілан Ілич,high,,,Milan Ilic,Serbia,DF,2012–2012,Металург (Запоріжжя)
tm:428380,Юрій Романюк,high,,,Yuriy Romanyuk,Ukraine,DF,2015–2022,Волинь (Луцьк); Чорноморець (Одеса); СК Дніпро-1; Металіст (Харків)
tm:428603,Богдан Кушніренко,high,,,Bogdan Kushnirenko,Ukraine,MF,2023–2025,Полісся (Житомир); ЛНЗ (Черкаси); Зоря (Луганськ)
tm:428746,Ерік Рамірес,high,,Эрик Рамирес,Eric Ramírez,Венесуэла,FW,2021–2022,Динамо (Київ)
tm:428783,Вітао,high,,Витао,Vitão,Бразилия,DF,2020–2021,Шахтар (Донецьк)
tm:429099,Богдан Мельник,high,,,Bogdan Melnyk,Ukraine,MF,2015–2015,Ворскла (Полтава)
tm:429157,Юрій Козиренко,high,,,Yuriy Kozyrenko,Ukraine,FW,2019–2024,Ворскла (Полтава); Інгулець (Петрове)
tm:42933,Аніс Бусаїді,high,Бусаіді Аніс,Буссаиди Анис,Anis Boussaidi,Туніс,MF,2004–2013,Металург (Донецьк); Таврія (Сімферополь)
tm:430152,Андрій Черепко,high,,,Andriy Cherepko,Ukraine,GK,2015–2015,Говерла / Закарпаття (Ужгород)
tm:430153,Олексій Хоменко,high,,,Oleksiy Khomenko,Ukraine,MF,2015–2015,Говерла / Закарпаття (Ужгород)
tm:430154,Євген Добровольський,high,,,Yevgen Dobrovolskyi,Ukraine,MF,2015–2015,Говерла / Закарпаття (Ужгород)
tm:430190,Єгор Назарина,high,,Егор Назарина,Yegor Nazaryna,Украина,MF,2016–2025,Дніпро (Дніпропетровськ); Карпати (Львів); Зоря (Луганськ); Шахтар (Донецьк)
tm:43060,Сергій Кузнецов,auto,Кузнецов Сергій Сергійович,Кузнецов Сергей,Sergey Kuznetsov,Україна,FW,2004–2014,Ворскла (Полтава); Карпати (Львів); Севастополь; Говерла / Закарпаття (Ужгород)
tm:432094,Шеммі Маємбе,check,,,Shemmy Mayembe,Zambia,DF,2020–2020,Минай
tm:43264,Бенуа Тремулінас,high,,,Benoît Trémoulinas,France,DF,2013–2014,Динамо (Київ)
tm:432658,Юрій Копина,high,,Юрий Копына,Yuriy Kopyna,Украина,DF,2015–2025,Металіст (Харків); Рух (Львів); Олександрія
tm:43276,Жуніор,check,,,Junior,Brazil,MF,2012–2013,Металург (Запоріжжя)
tm:432763,Івіян Сврзняк,check,,,Ivijan Svrznjak,Croatia,MF,2022–2022,ПФК Львів
tm:43288,Олександр Чижов,auto,Чижов Олександр Олександрович,Чижов Александр,Oleksandr Chyzhov,Україна,DF,2004–2018,Ворскла (Полтава); Шахтар (Донецьк); Маріуполь / Іллічівець; Севастополь
tm:43290,Олег Чуваєв,high,,,Oleg Chuvaev,Ukraine,GK,2013–2016,Севастополь; Зоря (Луганськ)
tm:43297,Дебатік Цуррі,high,Цуррі Дебатік,,Debatik Curri,Албанія,DF,2004–2013,Ворскла (Полтава); Севастополь; Говерла / Закарпаття (Ужгород)
tm:43299,Едмар,high,,,Edmar Galovskyi,Ukraine,MF,2012–2015,Металіст (Харків); Дніпро (Дніпропетровськ)
tm:43308,Денис Голайдо,auto,Голайдо Денис Олександрович,Голайдо Денис,Denys Golaydo,Україна,MF,2002–2014,Таврія (Сімферополь); Говерла / Закарпаття (Ужгород); Металург (Донецьк)
tm:43309,Володимир Гоменюк,auto,Гоменюк Володимир Михайлович,Гоменюк Владимир,Volodymyr Gomenyuk,Україна,FW,2004–2015,Таврія (Сімферополь); Дніпро (Дніпропетровськ); Арсенал (Київ); Металіст (Харків)
tm:433219,Папе-Аліун Ндіає,check,,,Pape-Alioune Ndiaye,France,DF,2019–2020,Ворскла (Полтава)
tm:43332,Олександр Ковпак,auto,Ковпак Олександр Олександрович,Ковпак Александр,Oleksandr Kovpak,Україна,FW,2004–2018,Таврія (Сімферополь); Арсенал (Київ); Севастополь; Ворскла (Полтава)
tm:43359,Павло Ребенок,auto,Ребенок Павло Вікторович,Ребенок Павел,Pavlo Rebenok,Україна,MF,2004–2020,Ворскла (Полтава); Металіст (Харків); Чорноморець (Одеса)
tm:43393,Григорій Ярмаш,auto,Ярмаш Григорій Петрович,Ярмаш Григорий,Grygoriy Yarmash,Україна,DF,2005–2016,Ворскла (Полтава); Зоря (Луганськ)
tm:433976,Тудор Белуце,check,,,Tudor Băluță,Romania,MF,2020–2020,Динамо (Київ)
tm:43404,Олексій Чичиков,auto,Чичиков Олексій Григорович,Чичиков Алексей,Oleksiy Chychykov,Україна,FW,2004–2020,Ворскла (Полтава); Дніпро (Дніпропетровськ); Зірка (Кропивницький); СК Дніпро-1
tm:43495,Сергій Пилипчук,high,,Пилипчук Сергей,Sergiy Pylypchuk,Ukraine,MF,2011–2012,Волинь (Луцьк)
tm:435214,Джонатан,check,,,Johnathan,Brazil,DF,2017–2017,Сталь (Кам'янське)
tm:435665,Владислав Хомутов,high,,,Vladyslav Khomutov,Ukraine,MF,2015–2017,Олімпік (Донецьк)
tm:435666,Станіслав Котьо,high,,,Stanislav Kotyo,Ukraine,MF,2015–2015,Говерла / Закарпаття (Ужгород)
tm:436379,Дмитро Щербак,high,,,Dmytro Shcherbak,Ukraine,MF,2020–2020,Ворскла (Полтава)
tm:436833,Феліпе Родрігес,high,,,Felipe Rodrigues,Brazil,DF,2022–2023,Ворскла (Полтава)
tm:43848,Мігел Велозу,high,,,Miguel Veloso,Portugal,MF,2012–2015,Динамо (Київ)
tm:43934,Йонуц Мазілу,high,Мазілу Йонуц Костінел,Мазилу Йонуц Костинел,Ionut Mazilu,Румунія,FW,2007–2012,Дніпро (Дніпропетровськ); Арсенал (Київ)
tm:43938,Разван Кочіш,high,Кочіш Разван Васіле,,Razvan Cocis,Румунія,FW,2010–2013,Карпати (Львів); Говерла / Закарпаття (Ужгород)
tm:44138,Олексій Годін,auto,Годін Олексій Вячеславович,Годин Алексей,Oleksiy Godin,Україна,MF,2001–2013,Металург (Запоріжжя); Таврія (Сімферополь); Металург (Донецьк)
tm:442784,Ранжел,check,,,Rangel,Brazil,FW,2023–2023,Колос (Ковалівка)
tm:442942,Мохаммед Кадірі,high,,,Mohammed Kadiri,Ghana,MF,2019–2019,Динамо (Київ)
tm:44357,Олександр Кучер,auto,Кучер Олександр Миколайович,Кучер Александр,Oleksandr Kucher,Україна,DF,2002–2019,Металург (Донецьк); Металіст (Харків); Шахтар (Донецьк); Карпати (Львів)
tm:44361,Олексій Гай,auto,Гай Олексій Анатолійович,Гай Алексей,Oleksiy Gay,Україна,MF,2000–2018,Шахтар (Донецьк); Маріуполь / Іллічівець; Чорноморець (Одеса); Олімпік (Донецьк)
tm:44411,Фініньйо,high,,,Fininho,Brazil,DF,2012–2012,Металіст (Харків)
tm:44624,Дьомерсі Мбокані,high,,,Dieumerci Mbokani,DR Congo,FW,2013–2017,Динамо (Київ)
tm:44662,Шумахер,high,,Шумахер Майер Сантос Тьяго,Schumacher,Brazil,FW,2011–2013,Волинь (Луцьк)
tm:44699,Антунеш,high,,,Antunes,Portugal,DF,2014–2016,Динамо (Київ)
tm:448331,Ардін Даллку,high,,,Ardin Dallku,Kosovo,DF,2016–2018,Ворскла (Полтава)
tm:448537,Максим Саламаха,high,,,Maksym Salamakha,Ukraine,FW,2016–2016,Карпати (Львів)
tm:448783,Максим Грисьо,high,,,Maksym Grysyo,Ukraine,DF,2016–2025,Карпати (Львів); ПФК Львів; Оболонь (Київ); Чорноморець (Одеса)
tm:448854,Еммануель Денніс,high,,,Emmanuel Dennis,Nigeria,FW,2016–2016,Зоря (Луганськ)
tm:448867,Максим Лопирьонок,high,,,Maksym Lopyryonok,Ukraine,DF,2016–2023,Дніпро (Дніпропетровськ); СК Дніпро-1; Минай; ЛНЗ (Черкаси)
tm:448868,Ігор Когут,high,,Игорь Когут,Igor Kogut,Украина,MF,2016–2025,Дніпро (Дніпропетровськ); СК Дніпро-1; Чорноморець (Одеса); Металіст 1925 (Харків)
tm:448869,Андрій Ляшенко,high,,,Andriy Lyashenko,Ukraine,MF,2016–2025,Волинь (Луцьк); Епіцентр (Кам'янець-Подільський)
tm:448870,Юрій Тетеренко,high,,,Yuriy Teterenko,Ukraine,MF,2016–2016,Волинь (Луцьк)
tm:449084,Олег Білик,high,,,Oleg Bilyk,Ukraine,GK,2019–2025,Олександрія; Інгулець (Петрове); Чорноморець (Одеса); Епіцентр (Кам'янець-Подільський)
tm:449086,Назар Стасишин,high,,,Nazar Stasyshyn,Ukraine,DF,2017–2017,Карпати (Львів)
tm:450196,Угочукву Одуеньї,check,,,Ugochukwu Oduenyi,Nigeria,FW,2020–2020,Минай
tm:450715,Дмитро Заїкин,check,,,Dmytro Zaikyn,Ukraine,FW,2016–2016,Карпати (Львів)
tm:451603,Штефан Вледою,high,,,Ștefan Vlădoiu,Romania,DF,2024–2024,Колос (Ковалівка)
tm:451788,Олександр П'ятов,high,,,Oleksandr Pyatov,Ukraine,MF,2024–2025,Інгулець (Петрове); СК Полтава
tm:45196,Тарас Михалик,auto,Михалик Тарас Володимирович,Михалик Тарас,Taras Mykhalyk,Україна,MF,2005–2012,Говерла / Закарпаття (Ужгород); Динамо (Київ)
tm:452578,Євген Котюн,high,,,Yevgen Kotyun,Ukraine,MF,2016–2016,Волинь (Луцьк)
tm:452579,Сергій Мелінишин,high,,,Sergiy Melinyshyn,Ukraine,DF,2016–2018,Волинь (Луцьк); Олімпік (Донецьк)
tm:45341,Джордже Флореску,check,,Флореску Георге Михай,George Florescu,Romania,MF,2011–2012,Арсенал (Київ)
tm:45343,Олег Гуменюк,auto,Гуменюк Олег Анатолійович,Гуменюк Олег,Oleg Gumenyuk,Україна,DF,2007–2016,Чорноморець (Одеса); Таврія (Сімферополь); Волинь (Луцьк)
tm:453483,Ігор Богач,high,,,Igor Bogach,Ukraine,FW,2016–2016,Карпати (Львів)
tm:45353,Воллес,check,,,Wallace,Brazil,DF,2013–2013,Говерла / Закарпаття (Ужгород)
tm:45577,Себастьян Рібас,high,,,Sebastián Ribas,Uruguay,FW,2017–2017,Карпати (Львів)
tm:45587,Рафаел Сантос,high,,,Rafael Santos,Brazil,DF,2012–2013,Арсенал (Київ)
tm:45812,Джордже Лазич,high,Лазіч Джордже,Лазич Джордже,Djordje Lazic,Сербія,MF,2008–2015,Металург (Донецьк); Сталь (Кам'янське)
tm:45826,Йосип Піварич,high,,,Josip Pivaric,Croatia,DF,2017–2019,Динамо (Київ)
tm:460591,Агрон Руфаті,check,,Агрон Руфати,Agron Rufati,Хорватия,DF,2020–2021,Зоря (Луганськ)
tm:460644,Маруан Міхубі,check,,Маруан Михоби,Maroine Mihoubi,Франция,DF,2020–2021,ПФК Львів
tm:46083,Домагой Віда,high,,,Domagoj Vida,Croatia,DF,2012–2017,Динамо (Київ)
tm:461582,Іссіар Драме,high,,,Issiar Dramé,Mali,DF,2020–2020,Олімпік (Донецьк)
tm:461595,Тео Ндіка,high,,,Théo Ndicka,France,DF,2024–2025,Олександрія
tm:461653,Артем Малиш,high,,,Artem Malysh,Ukraine,GK,2020–2020,Інгулець (Петрове)
tm:461654,Тарас Дмитрук,high,,,Taras Dmytruk,Ukraine,DF,2022–2023,Минай
tm:461657,Олександр Петрусенко,high,,Александр Петрусенко,Oleksandr Petrusenko,Украина,MF,2020–2021,Минай
tm:461663,Микита Петерман,high,,Никита Петерман,Mykyta Peterman,Украина,MF,2019–2021,Маріуполь / Іллічівець
tm:461666,Максим Мельничук,high,,Максим Мельничук,Maksym Melnychuk,Украина,DF,2019–2025,Ворскла (Полтава); Інгулець (Петрове); Кудрівка
tm:461670,Богдан Білошевський,high,,Богдан Билошевский,Bogdan Biloshevskyi,Украина,MF,2020–2025,Десна (Чернігів); Чорноморець (Одеса); Олександрія; СК Полтава
tm:463397,Маурісіо Кортес,high,,,Mauricio Cortés,Colombia,FW,2017–2017,Карпати (Львів)
tm:46340,Семір Штилич,high,,,Semir Stilic,Bosnia-Herzegovina,MF,2012–2012,Карпати (Львів)
tm:463845,Олександр Демченко,high,,Александр Павловец,Oleksandr Demchenko,Украина,MF,2021–2025,Олександрія; Колос (Ковалівка); Чорноморець (Одеса)
tm:464619,Владислав Дмитренко,high,,Владислав Дмитренко,Vladyslav Dmytrenko,Украина,FW,2016–2023,Волинь (Луцьк); Металіст 1925 (Харків)
tm:46478,Рагнар Сігурдссон,high,,,Ragnar Sigurdsson,Iceland,DF,2020–2020,Рух (Львів)
tm:46504,Ерік Бікфалві,high,,,Eric Bicfalvi,Romania,MF,2012–2014,Волинь (Луцьк)
tm:467240,Андрій Кожухар,high,,,Andriy Kozhukhar,Moldova,GK,2018–2025,Динамо (Київ); Десна (Чернігів); Верес (Рівне)
tm:467241,Олександр Сафронов,high,,,Oleksandr Safronov,Ukraine,DF,2019–2020,СК Дніпро-1
tm:467243,Віктор Корнієнко,high,,Виктор Корниенко,Viktor Korniyenko,Украина,DF,2019–2024,Маріуполь / Іллічівець; Шахтар (Донецьк); Ворскла (Полтава)
tm:467244,Кирило Меліченко,high,,Кирилл Меличенко,Kyrylo Melichenko,Украина,DF,2020–2021,Маріуполь / Іллічівець; Минай
tm:467250,Юхим Конопля,high,,Ефим Конопля,Yukhym Konoplya,Украина,DF,2019–2025,Десна (Чернігів); Шахтар (Донецьк)
tm:4678,Маркус Бергер,high,,Бергер Маркус,Markus Berger,Austria,DF,2011–2013,Чорноморець (Одеса)
tm:468301,Маркос Антоніо,high,,Маркос Антонио,Marcos Antônio,Бразилия,MF,2018–2021,Шахтар (Донецьк)
tm:468735,Олександр Маткобожик,high,,,Oleksandr Matkobozhyk,Ukraine,DF,2016–2022,Зірка (Кропивницький); Минай; Верес (Рівне)
tm:469685,Жан Тронтель,high,,,Zan Trontelj,Slovenia,DF,2024–2024,Зоря (Луганськ)
tm:469709,Давид Зец,check,,,David Zec,Slovenia,DF,2020–2020,Рух (Львів)
tm:470265,Кирило Кириленко,high,,,Kirill Kirilenko,Belarus,FW,2019–2020,Карпати (Львів); Олімпік (Донецьк)
tm:470495,Осама Халайла,high,,,Osama Khalaila,Israel,FW,2024–2024,ЛНЗ (Черкаси)
tm:470830,Роман Слива,high,,,Roman Slyva,Ukraine,DF,2019–2019,Карпати (Львів)
tm:470831,Вікентій Волошин,high,,,Vikentiy Voloshyn,Ukraine,MF,2022–2024,Олександрія; Зоря (Луганськ)
tm:471638,Еміліано Пуріта,high,,,Emiliano Purita,Argentina,DF,2023–2023,СК Дніпро-1
tm:47165,Сільвіу Ізворану,high,,,Silviu Izvoranu,Romania,DF,2012–2012,Волинь (Луцьк)
tm:47375,Іван Родич,high,,Родич Иван,Ivan Rodic,Croatia,FW,2011–2015,Зоря (Луганськ); Говерла / Закарпаття (Ужгород); Металіст (Харків)
tm:476072,Арно Гедж,check,,,Arnaud Guedj,France,MF,2017–2017,Зірка (Кропивницький)
tm:476770,Михайло Месхі,high,,,Mykhaylo Meskhi,Ukraine,MF,2016–2017,Сталь (Кам'янське)
tm:477182,Сергій Ічанський,high,,,Sergiy Ichanskyi,Ukraine,DF,2016–2016,Ворскла (Полтава)
tm:477185,Богдан Гладун,high,,,Bogdan Gladun,Ukraine,MF,2016–2016,Волинь (Луцьк)
tm:480975,Аллахьяр Сайядманеш,high,,Аллахьяр Сайядманеш,Allahyar Sayyadmanesh,Иран,FW,2020–2021,Зоря (Луганськ)
tm:48206,Нуну Пінту,high,,,Nuno Pinto,Portugal,DF,2013–2013,Таврія (Сімферополь)
tm:483451,Бруніньйо,high,,,Bruninho,Brazil,MF,2017–2017,Зірка (Кропивницький)
tm:483717,Роман Шандрук,high,,,Roman Shandruk,Ukraine,DF,2016–2016,Волинь (Луцьк)
tm:483718,Олександр Зозуля,high,,,Oleksandr Zozulya,Ukraine,DF,2016–2016,Зірка (Кропивницький)
tm:484995,Ноа Ндомбасі,check,,,Noha Ndombasi,France,FW,2024–2025,Кривбас (Кривий Ріг)
tm:48508,Махач Гаджиєв,high,,,Makhach Gadzhiev,Russia,MF,2012–2012,Таврія (Сімферополь)
tm:487194,Паті Малумандсоко,check,,,Pathy Malumandsoko,France,DF,2022–2022,Металіст (Харків)
tm:48740,Мілош Нінкович,high,Нінковіч Мілош,Нинкович Милош,Milos Ninkovic,Сербія,MF,2004–2012,Динамо (Київ)
tm:48974,Луїс Адріано,high,,,Luiz Adriano,Brazil,FW,2012–2014,Шахтар (Донецьк)
tm:48989,Дмитро Гришко,auto,Гришко Дмитро Сергійович,,Dmytro Gryshko,Україна,DF,2004–2020,Чорноморець (Одеса); Олімпік (Донецьк)
tm:49000,Ігор Коротецький,auto,Коротецький Ігор Олександрович,Коротецкий Игорь,Igor Korotetskyi,Україна,DF,2005–2014,Шахтар (Донецьк); Кривбас (Кривий Ріг); Зоря (Луганськ); Маріуполь / Іллічівець
tm:49008,Віталій Мандзюк,auto,Мандзюк Віталій Васильович,Мандзюк Виталий,Vitaliy Mandzyuk,Україна,DF,2006–2013,Динамо (Київ); Арсенал (Київ); Дніпро (Дніпропетровськ)
tm:49016,Євген Паст,auto,Паст Євген Сергійович,Паст Евгений,Yevgen Past,Україна,GK,2009–2023,Чорноморець (Одеса); Зірка (Кропивницький); Десна (Чернігів); Верес (Рівне)
tm:49018,Олексій Полянський,auto,Полянський Олексій Володимирович,Полянский Алексей,Oleksiy Polyanskyi,Україна,MF,2004–2015,Металург (Донецьк); Шахтар (Донецьк); Маріуполь / Іллічівець; Зоря (Луганськ)
tm:49022,Віталій Руденко,auto,Руденко Віталій Миколайович,,Vitaliy Rudenko,Україна,GK,1999–2012,Чорноморець (Одеса); Карпати (Львів); Металург (Запоріжжя)
tm:49024,Сергій Симоненко,auto,Симоненко Сергій Юрійович,Симоненко Сергей,Sergiy Symonenko,Україна,DF,2002–2013,Чорноморець (Одеса); Арсенал (Київ); Севастополь
tm:49030,Денис Васін,auto,Васін Денис Геннадійович,Васин Денис,Denys Vasin,Україна,FW,2007–2020,Чорноморець (Одеса); Карпати (Львів); Маріуполь / Іллічівець; Сталь (Кам'янське)
tm:491264,Сергій Суханов,high,,,Sergiy Sukhanov,Ukraine,FW,2022–2025,Чорноморець (Одеса); Оболонь (Київ)
tm:491960,Беніто,high,,,Benito,Nigeria,FW,2020–2024,Олімпік (Донецьк); Динамо (Київ); Зоря (Луганськ)
tm:492354,Денис Норенков,high,,,Denys Norenkov,Ukraine,DF,2017–2024,Чорноморець (Одеса); ЛНЗ (Черкаси)
tm:495917,Іван Пономаренко,high,,,Ivan Ponomarenko,Ukraine,GK,2022–2022,ПФК Львів
tm:495918,Дмитро Семенов,high,,,Dmytro Semenov,Ukraine,DF,2022–2025,Кривбас (Кривий Ріг); Лівий Берег (Київ); Оболонь (Київ)
tm:495920,Олександр Назаренко,high,,Александр Назаренко,Oleksandr Nazarenko,Украина,FW,2019–2025,СК Дніпро-1; Полісся (Житомир)
tm:495922,Максим Войтиховський,high,,,Maksym Voytikhovskyi,Ukraine,DF,2022–2022,Чорноморець (Одеса)
tm:495923,Олег Ільїн,high,,Олег Ильин,Oleg Ilyin,Украина,MF,2019–2025,Колос (Ковалівка); Оболонь (Київ)
tm:497190,Бетім Халімі,high,,,Betim Halimi,Kosovo,GK,2018–2020,Олімпік (Донецьк)
tm:497221,Андрій Ременюк,high,,Андрей Ременюк,Andriy Remenyuk,Украина,FW,2017–2023,Карпати (Львів); Металіст 1925 (Харків)
tm:497222,Олег Веремієнко,high,,,Oleg Veremiyenko,Ukraine,DF,2019–2025,Карпати (Львів); Рух (Львів); СК Полтава
tm:497719,Шина,high,,Шина,China,Бразилия,FW,2016–2021,Карпати (Львів); ПФК Львів
tm:498899,Тарас Саків,high,,,Taras Sakiv,Ukraine,DF,2016–2024,Ворскла (Полтава); Минай; Рух (Львів); Інгулець (Петрове)
tm:49985,Іван Томечак,high,,,Ivan Tomecak,Croatia,DF,2015–2015,Дніпро (Дніпропетровськ)
tm:501417,Кирило Дришлюк,high,,Кирилл Дришлюк,Kyrylo Dryshlyuk,Украина,MF,2016–2025,Зірка (Кропивницький); Олександрія; Зоря (Луганськ)
tm:501609,Олег Остапенко,high,,,Oleg Ostapenko,Ukraine,DF,2016–2018,Ворскла (Полтава); Чорноморець (Одеса)
tm:501610,Олексій Луценко,high,,,Oleksiy Lutsenko,Ukraine,DF,2017–2017,Ворскла (Полтава)
tm:501612,Юрій Климчук,high,,Юрий Климчук,Yuriy Klymchuk,Украина,FW,2016–2025,Сталь (Кам'янське); Рух (Львів); Колос (Ковалівка)
tm:501614,Роман Ільницький,high,,,Roman Ilnytskyi,Ukraine,MF,2016–2016,Волинь (Луцьк)
tm:502842,Едуардо Герреро,high,,,Eduardo Guerrero,Panama,FW,2022–2025,Зоря (Луганськ); Динамо (Київ)
tm:50346,Кршеван Сантіні,check,,,Krsevan Santini,Croatia,GK,2012–2015,Зоря (Луганськ)
tm:505463,Олександр Сирота,high,,Александр Сирота,Oleksandr Syrota,Украина,DF,2020–2023,Динамо (Київ)
tm:509428,Сергій Трикош,high,,,Sergiy Trykosh,Ukraine,MF,2016–2016,Волинь (Луцьк)
tm:509837,Максим Прядун,high,,,Maksym Pryadun,Ukraine,FW,2016–2023,Зірка (Кропивницький); Металіст (Харків); ЛНЗ (Черкаси)
tm:510432,Родел Річардс,high,,,Rodel Richards,England,FW,2022–2022,Ворскла (Полтава)
tm:511121,Роман Баб'як,check,,,Roman Babyak,Ukraine,MF,2016–2016,Волинь (Луцьк)
tm:51141,Александар Лазевскі,check,,,Aleksandar Lazevski,North Macedonia,DF,2013–2013,Говерла / Закарпаття (Ужгород)
tm:511668,Назар Виздрик,high,,,Nazar Vyzdryk,Ukraine,DF,2016–2016,Карпати (Львів)
tm:511669,Станіслав Біленький,high,,,Stanislav Bilenkyi,Ukraine,FW,2016–2018,Олімпік (Донецьк)
tm:511909,Артем Челядін,high,,Артем Челядин,Artem Chelyadin,Украина,MF,2019–2025,Ворскла (Полтава); Колос (Ковалівка)
tm:51232,Данило,check,,,Danilo,Belgium,MF,2012–2015,Металург (Донецьк); Дніпро (Дніпропетровськ)
tm:512496,Василь Курко,high,,,Vasyl Kurko,Ukraine,MF,2022–2025,Верес (Рівне); Оболонь (Київ)
tm:514623,Мауро Родрігеш,check,,,Mauro Rodrigues,Guinea-Bissau,FW,2025–2025,Олександрія
tm:515208,Педріньйо,high,,Педриньо,Pedrinho,Бразилия,MF,2021–2025,Шахтар (Донецьк)
tm:51531,Артем Касьянов,auto,Касьянов Артем Андрійович,,Artem Kasyanov,Україна,MF,2005–2015,Сталь (Алчевськ); Металург (Донецьк); ФК Харків; Чорноморець (Одеса)
tm:515669,Михайло Плохотнюк,high,,Михаил Плохотнюк,Mykhaylo Plokhotnyuk,Украина,FW,2020–2021,Інгулець (Петрове)
tm:517081,Владислав Приймак,high,,,Vladyslav Pryimak,Ukraine,DF,2018–2025,ПФК Львів; Оболонь (Київ)
tm:517284,Мухаррем Яшарі,high,,,Muharrem Jashari,Kosovo,MF,2023–2025,ЛНЗ (Черкаси)
tm:518723,Луїзао,high,,Луизао,Luizão,Бразилия,MF,2019–2021,Ворскла (Полтава)
tm:51948,Даніел де Олівейра,check,,,Daniel de Oliveira,Brazil,FW,2013–2013,Металург (Донецьк)
tm:520400,Владислав Шарай,high,,,Vladyslav Sharay,Ukraine,FW,2022–2025,Верес (Рівне)
tm:520517,Михаіл Гечев,check,,Михаил Месхи,Mihail Ghecev,Молдова,MF,2021–2023,Верес (Рівне); Минай
tm:520858,Ліпе Велозо,check,,,Lipe Veloso,Brazil,MF,2018–2018,ПФК Львів
tm:521841,Андрій Якимів,high,,,Andriy Yakymiv,Ukraine,DF,2017–2024,Сталь (Кам'янське); Десна (Чернігів); ПФК Львів; Лівий Берег (Київ)
tm:521842,Микола Павлюк,high,,,Mykola Pavlyuk,Ukraine,DF,2017–2017,Сталь (Кам'янське)
tm:521843,Ігор Нехаєв,high,,,Igor Nekhaev,Russia,FW,2017–2017,Сталь (Кам'янське)
tm:521844,Кирило Костенко,high,,,Kyrylo Kostenko,Ukraine,MF,2017–2017,Сталь (Кам'янське)
tm:521845,Гліб Грачов,high,,,Glib Grachov,Ukraine,DF,2017–2018,Сталь (Кам'янське); Чорноморець (Одеса)
tm:521846,Богдан Мицик,high,,,Bogdan Mytsyk,Ukraine,DF,2017–2017,Сталь (Кам'янське)
tm:521997,Віталій Бойко,high,,,Vitaliy Boyko,Ukraine,MF,2020–2025,Минай; ПФК Львів; ЛНЗ (Черкаси); Верес (Рівне)
tm:522058,Василь Гакман,high,,,Vasyl Gakman,Ukraine,DF,2023–2024,Верес (Рівне)
tm:522091,Ренан Олівейра,check,,Ренан,Renan Oliveira,Бразилия,FW,2019–2021,ПФК Львів
tm:522327,Роман Гагун,high,,,Roman Gagun,Ukraine,DF,2020–2023,Рух (Львів); Верес (Рівне)
tm:522328,Віталій Груша,high,,,Vitaliy Grusha,Ukraine,MF,2023–2024,Оболонь (Київ)
tm:522329,Артур Думанюк,high,,,Artur Dumanyuk,Ukraine,MF,2025–2025,Кудрівка
tm:522577,Богдан Оринчак,high,,,Bogdan Orynchak,Ukraine,FW,2020–2020,Рух (Львів)
tm:522791,Самбу Сіссоко,high,,,Sambou Sissoko,France,MF,2023–2023,Ворскла (Полтава)
tm:522831,Максим Механів,high,,,Maksym Mekhaniv,Ukraine,GK,2024–2024,Лівий Берег (Київ)
tm:522832,Тарас Мороз,high,,,Taras Moroz,Ukraine,MF,2023–2025,Оболонь (Київ)
tm:522833,Андрій Понєдєльнік,high,,,Andriy Ponedelnik,Ukraine,DF,2022–2025,Кривбас (Кривий Ріг); Колос (Ковалівка)
tm:523491,Валерій Сад,high,,,Valeriy Sad,Ukraine,MF,2024–2025,Інгулець (Петрове); СК Полтава
tm:523903,Назарій Нич,high,,Назарий Ныч,Nazariy Nych,Украина,FW,2019–2023,ПФК Львів; ЛНЗ (Черкаси)
tm:523907,Данило Бескоровайний,high,,,Danylo Beskorovaynyi,Ukraine,DF,2022–2025,Кривбас (Кривий Ріг); Полісся (Житомир)
tm:524021,Роман Жмурко,high,,,Roman Zhmurko,Ukraine,GK,2016–2016,Волинь (Луцьк)
tm:524031,Олександр Бєляєв,high,,,Oleksandr Belyaev,Ukraine,MF,2022–2025,ПФК Львів; Олександрія; Кудрівка
tm:524572,Пауло Вітор,high,,,Paulo Vítor,Brazil,FW,2025–2025,Карпати (Львів)
tm:524964,Орест Лебеденко,high,,,Orest Lebedenko,Ukraine,DF,2017–2020,Карпати (Львів); Олімпік (Донецьк)
tm:524965,Андрій Бусько,high,,Андрей Бусько,Andriy Busko,Украина,DF,2017–2022,Карпати (Львів); ПФК Львів
tm:524966,Дмитро Копитов,high,,,Dmytro Kopytov,Ukraine,MF,2017–2017,Сталь (Кам'янське)
tm:525209,Андрій Новіков,high,,Андрей Новиков,Andriy Novikov,Украина,FW,2020–2021,Олександрія
tm:525576,Бандейра,high,,,Bandeira,Portugal,DF,2023–2025,Кривбас (Кривий Ріг)
tm:526365,Гуттінер,check,,,Guttiner,Brazil,MF,2017–2017,Олімпік (Донецьк); Чорноморець (Одеса)
tm:526577,Артем Хоцяновський,high,,,Artem Khotsyanovskyi,Ukraine,FW,2017–2017,Сталь (Кам'янське)
tm:526578,Владислав Вакула,high,,,Vladyslav Vakula,Ukraine,FW,2017–2025,Сталь (Кам'янське); Маріуполь / Іллічівець; Шахтар (Донецьк); Минай
tm:52769,Віліан,high,,Виллиан,Willian,Brazil,MF,2011–2012,Шахтар (Донецьк)
tm:52787,Дентіньйо,high,,Дентиньо,Dentinho,Бразилия,FW,2011–2021,Шахтар (Донецьк)
tm:527967,Джек Іпалібо,high,,,Jack Ipalibo,Nigeria,MF,2023–2023,Чорноморець (Одеса)
tm:527968,Пабло Альварес,high,,,Pablo Álvarez,Spain,MF,2024–2025,Карпати (Львів)
tm:528423,Катріель Санчес,high,,,Catriel Sánchez,Argentina,FW,2018–2018,Карпати (Львів)
tm:52915,Жуніор Мораес,high,,Жуниор Мораес,Júnior Moraes,Украина,FW,2012–2021,Металург (Донецьк); Динамо (Київ); Шахтар (Донецьк)
tm:52937,Ілсіньйо,high,,,Ilsinho,Brazil,MF,2012–2014,Шахтар (Донецьк)
tm:529543,Марко Ніколич,high,,,Marko Nikolic,Serbia,DF,2018–2018,Арсенал (Київ)
tm:530414,Кахім Перріс,high,,,Kaheem Parris,Jamaica,FW,2022–2022,Динамо (Київ)
tm:530673,Шота Нонікашвілі,high,,,Shota Nonikashvili,Georgia,MF,2024–2025,ЛНЗ (Черкаси)
tm:530696,Іраклі Азарові,high,,,Irakli Azarovi,Georgia,DF,2023–2025,Шахтар (Донецьк)
tm:531456,Хішам Ель Хамдауї,check,,,Hicham El Hamdaoui,France,FW,2017–2017,Зірка (Кропивницький)
tm:531967,Матеус Яковеллі,check,,,Matheus Iacovelli,Brazil,FW,2019–2019,ПФК Львів
tm:53258,Владислав Лупашко,auto,Лупашко Владислав Вікторович,Владислав Лупашко,Vladyslav Lupashko,Україна,MF,2004–2021,Борисфен (Бориспіль); Металург (Донецьк); ФК Львів (2006–2012); Оболонь (Київ)
tm:53270,Олександр Гладкий,auto,Гладкий Олександр Миколайович,Александр Гладкий,Oleksandr Gladkyi,Україна,FW,2004–2022,Металіст (Харків); ФК Харків; Шахтар (Донецьк); Дніпро (Дніпропетровськ)
tm:53299,Костянтин Ярошенко,auto,Ярошенко Костянтин Юрійович,Ярошенко Константин,Kostyantyn Yaroshenko,Україна,MF,2004–2016,Металіст (Харків); Арсенал (Київ); Чорноморець (Одеса); Маріуполь / Іллічівець
tm:533318,Назарій Муравський,high,,,Nazariy Muravskyi,Ukraine,DF,2019–2025,Маріуполь / Іллічівець; ПФК Львів; ЛНЗ (Черкаси)
tm:533537,Ростислав Лях,high,,Ростислав Лях,Rostyslav Lyakh,Украина,DF,2019–2025,Карпати (Львів); Рух (Львів)
tm:534474,Ніл Кок,check,,,Nil Coch,Spain,DF,2025–2025,Епіцентр (Кам'янець-Подільський)
tm:53477,Джонатан Крістальдо,high,Крістальдо Джонатан Езекель,Кристальдо Джонатан Эсекель,Jonathan Cristaldo,Аргентина,FW,2010–2013,Металіст (Харків)
tm:53523,Марко Торсільєрі,high,,Торсильери Марко Натанель,Marco Torsiglieri,Argentina,DF,2011–2014,Металіст (Харків)
tm:537538,Єгор Прокопенко,high,,,Yegor Prokopenko,Ukraine,DF,2023–2025,Оболонь (Київ)
tm:537646,Олексій Литовченко,high,,,Oleksiy Lytovchenko,Ukraine,FW,2024–2025,Лівий Берег (Київ); Кудрівка
tm:537841,Євген Кучеренко,high,,,Yevgeniy Kucherenko,Ukraine,GK,2023–2024,ЛНЗ (Черкаси)
tm:537844,Анатолій Трубін,high,,Анатолий Трубин,Anatoliy Trubin,Украина,GK,2019–2022,Шахтар (Донецьк)
tm:537845,Павло Шушко,high,,,Pavlo Shushko,Ukraine,DF,2020–2020,Маріуполь / Іллічівець
tm:537847,Дмитро Павлиш,high,,,Dmitriy Pavlish,Ukraine,DF,2020–2020,Минай
tm:537850,Богдан Могильний,high,,,Bogdan Mogylnyi,Ukraine,FW,2024–2024,Інгулець (Петрове)
tm:537851,Станіслав Біблик,high,,,Stanislav Biblyk,Ukraine,FW,2020–2020,Маріуполь / Іллічівець
tm:537852,Дмитро Криськів,high,,,Dmytro Kryskiv,Ukraine,MF,2022–2025,Шахтар (Донецьк)
tm:537853,Андрій Стрижак,high,,,Andriy Stryzhak,Ukraine,MF,2018–2019,Арсенал (Київ); Ворскла (Полтава)
tm:537854,Артем Бондаренко,high,,Артём Бондаренко,Artem Bondarenko,Украина,MF,2019–2025,Шахтар (Донецьк); Маріуполь / Іллічівець
tm:537859,Андрій Кравчук,high,,,Andriy Kravchuk,Ukraine,MF,2018–2022,Олімпік (Донецьк); Ворскла (Полтава)
tm:537860,Михайло Мудрик,high,,Михаил Мудрик,Mykhaylo Mudryk,Украина,FW,2018–2022,Арсенал (Київ); Десна (Чернігів); Шахтар (Донецьк)
tm:538773,Чінеду Джеффрі,high,,,Chinedu Geoffrey,Nigeria,FW,2019–2019,Олімпік (Донецьк)
tm:539425,Валентин Моргун,high,,,Valentyn Morgun,Ukraine,GK,2024–2025,Динамо (Київ)
tm:539435,Богдан Чуєв,high,,,Bogdan Chuev,Ukraine,DF,2022–2023,Минай
tm:539436,Крістіан Біловар,high,,,Kristian Bilovar,Ukraine,DF,2023–2025,Динамо (Київ)
tm:539437,Даниїл Хондак,high,,,Danyil Khondak,Ukraine,DF,2022–2023,Верес (Рівне)
tm:539441,Євген Ісаєнко,high,,,Yevgeniy Isaenko,Ukraine,FW,2020–2022,Колос (Ковалівка)
tm:539444,Артем Мильченко,high,,,Artem Mylchenko,Ukraine,MF,2022–2022,ПФК Львів
tm:539448,Даниїл Сухоручко,high,,,Danyil Sukhoruchko,Ukraine,FW,2018–2025,Зоря (Луганськ); Лівий Берег (Київ); СК Полтава
tm:539738,Олег Горін,high,,Олег Горин,Oleg Gorin,Украина,DF,2021–2025,Минай; СК Дніпро-1; Рух (Львів); ЛНЗ (Черкаси)
tm:540056,Георгій Гочолейшвілі,high,,,Giorgi Gocholeishvili,Georgia,DF,2022–2025,Шахтар (Донецьк)
tm:540186,Данило Кондраков,high,,Даниил Кондраков,Daniil Kondrakov,Украина,FW,2017–2021,Зірка (Кропивницький); Рух (Львів)
tm:54031,Андерсон Піко,high,,,Anderson Pico,Brazil,DF,2015–2022,Дніпро (Дніпропетровськ); Металіст (Харків)
tm:540469,Оскар Піріс,high,,,Oscar Piris,Argentina,DF,2018–2018,Арсенал (Київ)
tm:542597,Марлісон,high,,,Marlyson,,FW,2022–2022,Ворскла (Полтава)
tm:543380,Ібрагім Кане,high,,Ибрахим Кане,Ibrahim Kane,Мали,MF,2018–2025,Ворскла (Полтава); Колос (Ковалівка)
tm:543493,Наджиб Якубу,high,,Наджиб Якубу,Najeeb Yakubu,Гана,MF,2018–2023,Ворскла (Полтава)
tm:54375,Джуліано,high,,,Giuliano,Brazil,MF,2012–2013,Дніпро (Дніпропетровськ)
tm:54419,Ежидіо,high,,,Egídio,Brazil,DF,2014–2014,Дніпро (Дніпропетровськ)
tm:54565,Душан Савич,high,,Савич Душан,Dusan Savic,North Macedonia,FW,2011–2013,Волинь (Луцьк); Говерла / Закарпаття (Ужгород)
tm:54576,Себастьян Бланко,high,,Бланко Себастьян Марсело,Sebastián Blanco,Argentina,MF,2011–2013,Металіст (Харків)
tm:546253,Дада Белмонте,check,,,Dadá Belmonte,Brazil,FW,2023–2023,Чорноморець (Одеса)
tm:546532,Жордан,high,,,Jordan,Brazil,DF,2023–2025,Зоря (Луганськ)
tm:54816,Дмитро Льопа,auto,Льопа Дмитро Сергійович,,Dmytro Lyopa,Україна,MF,2007–2015,Дніпро (Дніпропетровськ); Кривбас (Кривий Ріг); Карпати (Львів); Металург (Запоріжжя)
tm:548653,Кая Макоссо,check,,,Kaya Makosso,Congo,MF,2025–2025,Кудрівка
tm:548694,Олександр Тарасюк,high,,,Oleksandr Tarasyuk,Ukraine,FW,2017–2017,Зірка (Кропивницький)
tm:548993,Андре Гонсалвеш,high,,,André Gonçalves,Portugal,FW,2024–2025,Полісся (Житомир); Верес (Рівне)
tm:549960,Тимур Стецков,high,,Тимур Стецков,Tymur Stetskov,Украина,DF,2017–2025,Олександрія; Кривбас (Кривий Ріг); Карпати (Львів)
tm:550027,Ерікс Сантос,check,,,Eriks Santos,Brazil,DF,2017–2017,Маріуполь / Іллічівець
tm:550495,Фернандо,high,,Фернандо,Fernando,Бразилия,FW,2018–2021,Шахтар (Донецьк)
tm:550696,Ібрагім Каргбо,check,,,Ibrahim Kargbo Jr.,Belgium,FW,2020–2020,Олімпік (Донецьк)
tm:55115,Давид Таргамадзе,high,,Таргамадзе Давид,David Targamadze,Georgia,MF,2011–2015,Олександрія; Маріуполь / Іллічівець
tm:551695,Лассіна Траоре,high,,Лассина Траоре,Lassina Traoré,Буркина-Фасо,FW,2021–2025,Шахтар (Донецьк)
tm:552418,Сергій Кисленко,high,,,Sergiy Kyslenko,Ukraine,FW,2018–2024,Маріуполь / Іллічівець; Інгулець (Петрове)
tm:553056,Вадим Янчак,high,,,Vadym Yanchak,Ukraine,MF,2018–2020,ПФК Львів; Олександрія
tm:55338,Віліан,high,,,Willian,Brazil,FW,2012–2012,Металіст (Харків)
tm:553380,Анатолій Ульянов,high,,,Anatoliy Ulyanov,Ukraine,MF,2017–2017,Сталь (Кам'янське)
tm:553772,Олександр Романчук,high,,Александр Романчук,Oleksandr Romanchuk,Украина,DF,2020–2024,ПФК Львів; Кривбас (Кривий Ріг)
tm:55484,Марсіо Азеведо,high,,,Márcio Azevedo,Brazil,DF,2012–2017,Металіст (Харків); Шахтар (Донецьк)
tm:55734,Геворг Казарян,high,,Газарян Геворг,Gevorg Ghazaryan,Armenia,MF,2011–2013,Металург (Донецьк)
tm:55735,Генріх Мхітарян,high,Мхітарян Генріх Гамлетович,Мхитарян Генрих,Henrikh Mkhitaryan,Вірменія,FW,2009–2012,Металург (Донецьк); Шахтар (Донецьк)
tm:55737,Артур Єдигарян,high,,,Artur Yedigaryan,Armenia,MF,2012–2012,Говерла / Закарпаття (Ужгород)
tm:55763,Іван Лєтава,check,,,Ivan Lietava,Slovakia,FW,2012–2012,Ворскла (Полтава)
tm:55975,Уча Лобжанідзе,high,Лобжанідзе Уча,Лобжанидзе Уча,Ucha Lobzhanidze,Грузія,DF,2009–2013,Дніпро (Дніпропетровськ); Кривбас (Кривий Ріг)
tm:560110,Іван Коваленко,high,,Иван Коваленко,Ivan Kovalenko,Украина,DF,2021–2023,Металіст 1925 (Харків)
tm:561974,Владислав Веремеєв,high,,,Vladyslav Veremeev,Ukraine,DF,2017–2017,Зірка (Кропивницький)
tm:562484,Олег Вишневський,high,,Олег Вишневский,Oleg Vyshnevskyi,Украина,DF,2021–2023,Минай; Оболонь (Київ)
tm:56370,Гійон Фернандес,check,,,Guyon Fernandez,Curacao,FW,2015–2015,Сталь (Кам'янське)
tm:564383,Мурило Соуза,check,,,Murilo Souza,Brazil,MF,2022–2022,ПФК Львів
tm:564841,Драмане Салу,check,,,Dramane Salou,Burkina Faso,MF,2019–2019,Олімпік (Донецьк)
tm:56698,Александер Кобахідзе,high,Кобахідзе Александер,Кобахидзе Александр,Aleksandre Kobakhidze,Грузія,MF,2007–2019,Дніпро (Дніпропетровськ); Кривбас (Кривий Ріг); Арсенал (Київ); Волинь (Луцьк)
tm:567505,Константінос Стамуліс,high,,,Konstantinos Stamoulis,Greece,DF,2025–2025,Верес (Рівне)
tm:567735,Владислав Хамелюк,high,,,Vladyslav Khamelyuk,Ukraine,MF,2018–2023,Чорноморець (Одеса); Олімпік (Донецьк); ЛНЗ (Черкаси)
tm:567756,Еберт,check,,,Ebert,Brazil,DF,2017–2017,Сталь (Кам'янське)
tm:567873,Владислав Бабогло,high,,Владислав Бабогло,Vladyslav Baboglo,Украина,DF,2017–2025,Олександрія; Карпати (Львів)
tm:567880,Євген Протасов,high,,,Yevgen Protasov,Ukraine,MF,2017–2019,Олександрія
tm:568702,Папа Ндіага Яде,check,,,Papa Ndiaga Yade,Mauritania,FW,2025–2025,Олександрія
tm:568915,Йохана Мкомола,check,,,Yohana Oscar Mkomola,Tanzania,FW,2020–2020,Інгулець (Петрове)
tm:569056,Жан-Морель Пое,high,,,Jean-Morel Poé,Cote d'Ivoire,FW,2023–2024,Кривбас (Кривий Ріг)
tm:569576,Пепі,check,,,Pepi,Brazil,DF,2017–2017,Верес (Рівне)
tm:569578,Жуліо Сезар,high,,,Julio Cesar,Brazil,FW,2017–2018,Верес (Рівне); ПФК Львів
tm:569743,Джойскім Дава,high,,,Joyskim Dawa,Cameroon,DF,2017–2019,Маріуполь / Іллічівець
tm:569805,Маркіньйос Сіпріано,high,,,Marquinhos Cipriano,Brazil,DF,2018–2020,Шахтар (Донецьк)
tm:570537,Вадим Червак,high,,,Vadym Chervak,Ukraine,DF,2023–2023,Металіст 1925 (Харків)
tm:570538,Інал Черткоєв,check,,,Inal Chertkoev,Ukraine,MF,2022–2022,Чорноморець (Одеса)
tm:570743,Анатолій Нурієв,high,,,Anatoliy Nuriyev,Azerbaijan,MF,2017–2020,Сталь (Кам'янське); Минай
tm:572163,Даніїл Єрмолов,high,,,Daniil Yermolov,Ukraine,GK,2022–2025,Металіст (Харків); СК Полтава
tm:572271,Шебер Алькайн,check,,,Xeber Alkain,Spain,FW,2025–2025,Карпати (Львів)
tm:572309,Богдан Литвяк,high,,,Bogdan Lytvyak,Ukraine,MF,2020–2020,Інгулець (Петрове)
tm:572399,Кирило Прокопчук,high,,,Kyrylo Prokopchuk,Ukraine,DF,2019–2023,Олександрія; Минай
tm:573907,Луїс Феліпе,high,,,Luiz Felipe,Brazil,GK,2018–2018,Зоря (Луганськ)
tm:573930,Євген Білокінь,check,,,Yevgeniy Bilokin,Ukraine,MF,2018–2018,Шахтар (Донецьк); Маріуполь / Іллічівець
tm:574215,Олександр Кожевников,high,,,Oleksandr Kozhevnikov,Ukraine,FW,2020–2020,Ворскла (Полтава); Маріуполь / Іллічівець
tm:574229,Микита Федотов,high,,,Nikita Fedotov,Ukraine,GK,2025–2025,Епіцентр (Кам'янець-Подільський)
tm:574774,Веслі Помба,check,,,Wesley Pomba,Brazil,FW,2025–2025,Верес (Рівне)
tm:576021,Станіслав Шарай,high,,,Stanislav Sharay,Ukraine,MF,2022–2023,Верес (Рівне)
tm:576022,Владислав Ємець,high,,,Vladyslav Yemets,Ukraine,DF,2019–2023,Колос (Ковалівка); Зоря (Луганськ)
tm:576896,Владислав Тишинінов,high,,,Vladyslav Tyshyninov,Ukraine,MF,2022–2022,Верес (Рівне)
tm:577260,Факундо Батіста,high,,,Facundo Batista,Uruguay,FW,2024–2024,Полісся (Житомир)
tm:57748,Матеус Лопес,high,,,Matheus Lopes,Brazil,DF,2012–2013,Металург (Запоріжжя)
tm:577844,Олег Соколов,high,,,Oleg Sokolov,Ukraine,DF,2024–2024,Лівий Берег (Київ)
tm:57856,Дмитро Бабенко,auto,Бабенко Дмитро Олегович,,Dmytro Babenko,Україна,GK,2005–2015,Говерла / Закарпаття (Ужгород)
tm:57869,Денис Дедечко,auto,Дедечко Денис Михайлович,,Denys Dedechko,Україна,MF,2004–2018,Динамо (Київ); Нафтовик-Укрнафта (Охтирка); Кривбас (Кривий Ріг); Ворскла (Полтава)
tm:57888,Павло Ксьонз,auto,Ксьонз Павло Сергійович,Ксёнз Павел,Pavlo Ksyonz,Україна,MF,2007–2020,Говерла / Закарпаття (Ужгород); ФК Харків; Маріуполь / Іллічівець; Карпати (Львів)
tm:57894,Владислав Микуляк,auto,Микуляк Владислав Степанович,,Vladyslav Mykulyak,Україна,MF,2005–2013,Говерла / Закарпаття (Ужгород)
tm:57895,Денис Олійник,auto,Олійник Денис Вікторович,Олейник Денис,Denys Oliynyk,Україна,MF,2006–2024,Динамо (Київ); Нафтовик-Укрнафта (Охтирка); Арсенал (Київ); Металіст (Харків)
tm:57900,В'ячеслав Сердюк,fixed,Сердюк Вячеслав Олександрович,Сердюк Вячеслав,Vyacheslav Serdyuk,Україна,DF,2005–2013,Дніпро (Дніпропетровськ); Нафтовик-Укрнафта (Охтирка); Кривбас (Кривий Ріг); Арсенал (Київ)
tm:57901,В'ячеслав Шарпар,auto,Шарпар В'ячеслав Володимирович,Шарпар Вячеслав,Vyacheslav Sharpar,Україна,MF,2007–2018,Нафтовик-Укрнафта (Охтирка); Металіст (Харків); Волинь (Луцьк); Арсенал (Київ)
tm:57971,Андрій Березовчук,auto,Березовчук Андрій Володимирович,Березовчук Андрей,Andriy Berezovchuk,Україна,MF,1998–2014,СК Миколаїв; Металіст (Харків); ФК Харків; Металург (Донецьк)
tm:57987,Євгеній Чеберячко,auto,Чеберячко Євгеній Олександрович,Чеберячко Евгений,Yevgen Cheberyachko,Україна,DF,2004–2016,Говерла / Закарпаття (Ужгород); ФК Харків; Дніпро (Дніпропетровськ)
tm:58000,Артем Федецький,auto,Федецький Артем Андрійович,Федецкий Артём,Artem Fedetskyi,Україна,MF,2006–2018,Арсенал (Київ); ФК Харків; Шахтар (Донецьк); Карпати (Львів)
tm:58002,Володимир Федорів,auto,Федорів Володимир Миколайович,,Volodymyr Fedoriv,Україна,DF,2006–2013,Карпати (Львів); Чорноморець (Одеса); Севастополь
tm:58008,Максим Фещук,auto,Фещук Максим Ігорович,Фещук Максим,Maksym Feshchuk,Україна,FW,2003–2018,Карпати (Львів); Таврія (Сімферополь); Говерла / Закарпаття (Ужгород); Арсенал (Київ)
tm:58016,Олег Голодюк,auto,Голодюк Олег Юрійович,Голодюк Олег,Oleg Golodyuk,Україна,MF,2006–2020,Карпати (Львів); Ворскла (Полтава); Минай
tm:58020,Самсон Годвін,high,Годвін Самсон,Годвин Самсон,Samson Godwin,Нігерія,MF,2001–2013,Карпати (Львів)
tm:58035,Микола Іщенко,auto,Іщенко Микола Анатолійович,Ищенко Николай,Mykola Ishchenko,Україна,DF,2000–2017,Карпати (Львів); Шахтар (Донецьк); Маріуполь / Іллічівець; Металіст (Харків)
tm:58042,Ігор Худоб'як,auto,Худоб'як Ігор Ярославович,Худобяк Игорь,Igor Khudobyak,Україна,MF,2006–2017,Карпати (Львів)
tm:58043,Рустам Худжамов,auto,Худжамов Рустам Махмудкулович,Худжамов Рустам,Rustam Khudzhamov,Україна,GK,2005–2019,ФК Харків; Говерла / Закарпаття (Ужгород); Шахтар (Донецьк); Маріуполь / Іллічівець
tm:58046,Василь Кобін,auto,Кобін Василь Васильович,Кобин Василий,Vasyl Kobin,Україна,MF,2004–2017,Говерла / Закарпаття (Ужгород); Карпати (Львів); Шахтар (Донецьк); Металіст (Харків)
tm:58051,Михайло Кополовець,auto,Кополовець Михайло Михайлович,Кополовец Михаил,Mykhaylo Kopolovets,Україна,DF,2004–2020,Говерла / Закарпаття (Ужгород); Карпати (Львів); Минай
tm:58072,Ярослав Мартинюк,auto,Мартинюк Ярослав Петрович,Ярослав Мартынюк,Yaroslav Martynyuk,Україна,FW,2006–2023,Карпати (Львів); Арсенал (Київ); Рух (Львів); Металіст 1925 (Харків)
tm:58073,Юрій Мартищук,auto,Мартищук Юрій Васильович,,Yuriy Martyshchuk,Україна,GK,2006–2014,Карпати (Львів); Зоря (Луганськ); Чорноморець (Одеса)
tm:58093,Андрій Новак,auto,Новак Андрій Юрійович,,Andriy Novak,Україна,GK,2008–2017,Карпати (Львів); Олександрія; Чорноморець (Одеса)
tm:581000,Ейнел Соареш,check,,,Eynel Soares,Cape Verde,FW,2023–2025,ЛНЗ (Черкаси)
tm:581011,Микола Бужин,high,,,Mykola Buzhyn,Ukraine,DF,2025–2025,СК Полтава
tm:58103,Руслан Платон,auto,Платон Руслан Сергійович,Платон Руслан,Ruslan Platon,Україна,MF,2001–2015,Карпати (Львів); Говерла / Закарпаття (Ужгород); ФК Харків; Таврія (Сімферополь)
tm:581405,Іван Головкін,high,,Иван Головкин,Ivan Golovkin,Украина,MF,2021–2025,Інгулець (Петрове); Зоря (Луганськ)
tm:58150,Андрій Ткачук,auto,Ткачук Андрій Миколайович,Ткачук Андрей,Andriy Tkachuk,Україна,MF,2006–2023,Карпати (Львів); Арсенал (Київ); Ворскла (Полтава); Минай
tm:581782,Андрій Штогрин,high,,Андрей Штогрин,Andriy Shtogrin,Украина,FW,2018–2023,Чорноморець (Одеса)
tm:58238,Микита Каменюка,auto,Каменюка Микита Олександрович,Каменюка Никита,Mykyta Kamenyuka,Україна,MF,2006–2019,Зоря (Луганськ); Верес (Рівне)
tm:58252,Сергій Сімінін,auto,Сімінін Сергій Федорович,Симинин Сергей,Sergiy Siminin,Україна,DF,2008–2022,Зоря (Луганськ); Волинь (Луцьк); Ворскла (Полтава); Олександрія
tm:583354,Владислав Сидоренко,high,,,Vladyslav Sydorenko,Ukraine,DF,2022–2024,Інгулець (Петрове)
tm:583607,Вільям де Камарго,high,,,William de Camargo,Brazil,FW,2018–2018,Карпати (Львів)
tm:58389,Олег Допілка,auto,Допілка Олег Васильович,,Oleg Dopilka,Україна,DF,2006–2020,Динамо (Київ); Кривбас (Кривий Ріг); Севастополь; Говерла / Закарпаття (Ужгород)
tm:58392,Віталій Федорів,auto,Федорів Віталій Миколайович,,Vitaliy Fedoriv,Україна,DF,2006–2022,Динамо (Київ); Кривбас (Кривий Ріг); Говерла / Закарпаття (Ужгород); Олімпік (Донецьк)
tm:58402,Максим Ковальов,auto,Ковальов Максим Сергійович,Максим Ковалёв,Maksym Kovalyov,Україна,MF,2006–2023,Шахтар (Донецьк); Зоря (Луганськ); Зірка (Кропивницький); Інгулець (Петрове)
tm:58403,Денис Кожанов,auto,Кожанов Денис Станіславович,Кожанов Денис,Denys Kozhanov,Україна,FW,2006–2020,Шахтар (Донецьк); Карпати (Львів); Маріуполь / Іллічівець; Севастополь
tm:58405,Артем Кравець,auto,Кравець Артем Анатолійович,,Artem Kravets,Україна,FW,2006–2020,Динамо (Київ); Арсенал (Київ)
tm:584083,Бруніньйо,high,,,Bruninho,Brazil,MF,2024–2025,Карпати (Львів)
tm:58413,Володимир Лисенко,auto,Лисенко Володимир Володимирович,Владимир Лысенко,Volodymyr Lysenko,Україна,FW,2006–2022,Динамо (Київ); Арсенал (Київ); Металіст (Харків); Волинь (Луцьк)
tm:58417,Станіслав Микицей,auto,Микицей Станіслав Ігорович,Станислав Микицей,Stanislav Mykytsey,Україна,DF,2006–2021,Шахтар (Донецьк); Маріуполь / Іллічівець; Зоря (Луганськ); Олександрія
tm:58418,Вадим Мілько,auto,Мілько Вадим Іванович,Вадим Милько,Vadym Milko,Україна,MF,2006–2023,Динамо (Київ); ФК Харків; Зоря (Луганськ); Ворскла (Полтава)
tm:58425,Ігор Ощипко,auto,Ощипко Ігор Дмитрович,Ощипко Игорь,Igor Oshchypko,Україна,DF,2006–2017,Шахтар (Донецьк); Карпати (Львів); Сталь (Кам'янське)
tm:58427,Кирило Петров,auto,Петров Кирило Валентинович,Кирилл Петров,Kyrylo Petrov,Україна,MF,2009–2021,Динамо (Київ); Кривбас (Кривий Ріг); Говерла / Закарпаття (Ужгород); Арсенал (Київ)
tm:58440,Сергій Шевчук,auto,Шевчук Сергій Миколайович,Шевчук Сергей,Sergiy Shevchuk,Україна,MF,2006–2014,Шахтар (Донецьк); Зоря (Луганськ); Маріуполь / Іллічівець
tm:58467,Мусавенкосі Мгуні,high,Мгуні Мусавенкосі,,Musa Mguni,Зімбабве,FW,2009–2013,Металург (Донецьк)
tm:58514,Еліс Бакай,high,,Бакай Элис,Elis Bakaj,Albania,FW,2011–2013,Чорноморець (Одеса)
tm:58515,Віталій Балашов,high,,,Vitaliy Balashov,Ukraine,FW,2012–2019,Чорноморець (Одеса); Говерла / Закарпаття (Ужгород); Олімпік (Донецьк)
tm:585950,Натанаель Сентіні,check,,,Nathanaël Saintini,Guadeloupe,DF,2023–2023,Кривбас (Кривий Ріг)
tm:58606,Сергій Політило,auto,Політило Сергій Олегович,Политыло Сергей,Sergiy Politylo,Україна,MF,2007–2022,Чорноморець (Одеса); Дніпро (Дніпропетровськ); Волинь (Луцьк); Олімпік (Донецьк)
tm:58883,Айтор Фернандес,high,,,Aitor Fernández,Spain,DF,2016–2016,Зірка (Кропивницький)
tm:58922,Різван Аблітаров,high,,,Rizvan Ablitarov,Ukraine,DF,2016–2020,Чорноморець (Одеса); Олімпік (Донецьк)
tm:58928,Юрій Бровченко,high,,,Yuriy Brovchenko,Ukraine,DF,2014–2014,Олімпік (Донецьк)
tm:58930,Володимир Чеснаков,high,,,Volodymyr Chesnakov,Ukraine,DF,2012–2023,Ворскла (Полтава)
tm:58933,Євген Бохашвілі,high,,,Yevgen Bokhashvili,Ukraine,FW,2013–2016,Карпати (Львів); Дніпро (Дніпропетровськ); Волинь (Луцьк)
tm:58939,Олексій Паламарчук,high,,,Oleksiy Palamarchuk,Ukraine,GK,2022–2025,Інгулець (Петрове); ЛНЗ (Черкаси)
tm:58945,Антон Каніболоцький,auto,Каніболоцький Антон Олегович,Каниболоцкий Антон,Anton Kanibolotskyi,Україна,GK,2008–2020,Дніпро (Дніпропетровськ); Кривбас (Кривий Ріг); Шахтар (Донецьк); Карпати (Львів)
tm:58946,Артур Карноза,auto,Карноза Артур Олександрович,,Artur Karnoza,Україна,MF,2008–2020,Дніпро (Дніпропетровськ); Севастополь; Карпати (Львів); Чорноморець (Одеса)
tm:58947,Віталій Каверін,auto,Каверін Віталій Вікторович,Каверин Виталий,Vitaliy Kaverin,Україна,FW,2008–2017,Дніпро (Дніпропетровськ); Кривбас (Кривий Ріг); Металург (Запоріжжя); Говерла / Закарпаття (Ужгород)
tm:58949,Євгеній Коноплянка,auto,Коноплянка Євгеній Олегович,Коноплянка Евгений,Yevgen Konoplyanka,Україна,FW,2007–2020,Дніпро (Дніпропетровськ); Шахтар (Донецьк)
tm:58950,Володимир Коробка,auto,Коробка Володимир Геннадійович,Коробка Владимир,Volodymyr Korobka,Україна,MF,2008–2013,Таврія (Сімферополь); Металург (Запоріжжя)
tm:58954,Євген Пєсков,auto,Пєсков Євген Віталійович,Песков Евгений,Yevgen Peskov,Україна,DF,2008–2012,Ворскла (Полтава)
tm:58956,Олександр Максимов,auto,Максимов Олександр Олександрович,Максимов Александр,Oleksandr Maksymov,Україна,MF,2004–2013,Металіст (Харків); ФК Харків; Дніпро (Дніпропетровськ); Кривбас (Кривий Ріг)
tm:58958,Олександр Матвєєв,auto,Матвєєв Олександр Ігорович,Матвеев Александр,Oleksandr Matveyev,Україна,DF,2009–2015,Ворскла (Полтава); Маріуполь / Іллічівець; Олександрія
tm:58961,Павло Пашаєв,auto,Пашаєв Павло Вагіфович,,Pavlo Pashayev,Україна,MF,2007–2020,Кривбас (Кривий Ріг); Дніпро (Дніпропетровськ); Карпати (Львів); Металург (Запоріжжя)
tm:58970,Євген Шахов,auto,Шахов Євген Євгенович,Шахов Евгений,Yevgen Shakhov,Україна,MF,2006–2022,Дніпро (Дніпропетровськ); Арсенал (Київ); Зоря (Луганськ)
tm:58972,Денис Шеліхов,high,,,Denys Shelikhov,Ukraine,GK,2012–2016,Дніпро (Дніпропетровськ)
tm:58976,Максим Старцев,auto,Старцев Максим Олександрович,Старцев Максим,Maksim Startsev,Україна,GK,1999–2015,Дніпро (Дніпропетровськ); Кривбас (Кривий Ріг); Таврія (Сімферополь); Металіст (Харків)
tm:58977,Сергій Вовкодав,auto,Вовкодав Сергій Васильович,Вовкодав Сергей,Sergiy Vovkodav,Україна,DF,2009–2014,Ворскла (Полтава); Маріуполь / Іллічівець
tm:58980,В'ячеслав Турчанов,high,,,Vyacheslav Turchanov,Ukraine,MF,2012–2012,Арсенал (Київ)
tm:59022,Євген Гальчук,high,,,Yevgen Galchuk,Ukraine,GK,2013–2020,Маріуполь / Іллічівець
tm:59024,Євген Боровик,auto,Боровик Євген Анатолійович,Боровик Евгений,Yevgen Borovyk,Україна,GK,2006–2016,Кривбас (Кривий Ріг); Дніпро (Дніпропетровськ); Арсенал (Київ); Металург (Запоріжжя)
tm:59032,Александар Драгович,high,,,Aleksandar Dragovic,Austria,DF,2013–2016,Динамо (Київ)
tm:59038,Віталій Гавриш,auto,Гавриш Віталій Володимирович,Виталий Гавриш,Vitaliy Gavrysh,Україна,MF,2006–2021,Сталь (Алчевськ); Металург (Донецьк); Металург (Запоріжжя); Говерла / Закарпаття (Ужгород)
tm:59045,Павло Грищенко,auto,Грищенко Павло Олександрович,Грищенко Павел,Pavlo Gryshchenko,Україна,MF,2010–2012,Металург (Донецьк)
tm:59047,Василь Грицук,auto,Грицук Василь Васильович,,Vasyl Grytsuk,Україна,MF,2006–2023,Кривбас (Кривий Ріг); Олександрія; Полісся (Житомир)
tm:59060,Олександр Іващенко,auto,Іващенко Олександр Володимирович,Иващенко Александр,Oleksandr Ivashchenko,Україна,FW,2004–2012,Оболонь (Київ); Кривбас (Кривий Ріг); Маріуполь / Іллічівець; Арсенал (Київ)
tm:59074,Петро Ковальчук,auto,Ковальчук Петро Ярославович,Ковальчук Пётр,Petro Kovalchuk,Україна,DF,2006–2013,Кривбас (Кривий Ріг); Чорноморець (Одеса)
tm:59076,Сергій Кравченко,auto,Кравченко Сергій Сергійович,Сергей Кравченко,Sergiy Kravchenko,Україна,MF,2005–2022,Ворскла (Полтава); Динамо (Київ); Дніпро (Дніпропетровськ); Волинь (Луцьк)
tm:59083,Олег Бараннік,auto,Бараннік Олег Васильович,Баранник Олег,Oleg Barannik,Україна,FW,2010–2016,Ворскла (Полтава)
tm:59115,Віталій Павлов,auto,Павлов Віталій Сергійович,Виталий Павлов,Vitaliy Pavlov,Україна,MF,2006–2022,Кривбас (Кривий Ріг); Інгулець (Петрове)
tm:59129,Вадим Сапай,auto,Сапай Вадим Вікторович,Сапай Вадим,Vadym Sapay,Україна,MF,2004–2020,Борисфен (Бориспіль); Металург (Донецьк); Оболонь (Київ); Ворскла (Полтава)
tm:59136,Максим Жичиков,high,,Максим Жичиков,Maksym Zhychykov,Украина,DF,2014–2023,Маріуполь / Іллічівець; Олександрія; Арсенал (Київ); Металіст 1925 (Харків)
tm:59142,Олександр Ситнік,auto,Ситнік Олександр Сергійович,,Oleksandr Sytnik,Україна,MF,2007–2014,Металург (Донецьк); Говерла / Закарпаття (Ужгород); Олімпік (Донецьк)
tm:59148,Олександр Воловик,auto,Воловик Олександр Ігорович,Воловик Александр,Oleksandr Volovyk,Україна,DF,2006–2013,Металург (Донецьк); Шахтар (Донецьк)
tm:59150,Ахмед Янузі,high,Янузі Ахмед,Янузи Ахмед,Ahmed Januzi,Албанія,FW,2006–2014,Ворскла (Полтава)
tm:591619,Владимир Арсич,high,,,Vladimir Arsic,Bosnia-Herzegovina,DF,2024–2024,Чорноморець (Одеса)
tm:592336,Макс Валеф,check,,,Max Walef,Brazil,GK,2022–2022,СК Дніпро-1
tm:59249,Іван Матяж,auto,Матяж Іван Сергійович,,Ivan Matyazh,Україна,MF,2009–2017,Таврія (Сімферополь); Металург (Запоріжжя); Маріуполь / Іллічівець; Олімпік (Донецьк)
tm:59253,Андрій Бойко,auto,Бойко Андрій Борисович,,Andriy Boyko,Україна,DF,2002–2012,Маріуполь / Іллічівець; Кривбас (Кривий Ріг); Сталь (Алчевськ); Таврія (Сімферополь)
tm:59265,Сергій Ференчак,auto,Ференчак Сергій Володимирович,Ференчак Сергей,Sergey Ferenchak,Україна,DF,2008–2012,Таврія (Сімферополь); Севастополь; Зоря (Луганськ)
tm:59266,Ілля Галюза,auto,Галюза Ілля Сергійович,Галюза Илья,Ilya Galyuza,Україна,MF,1995–2013,Зоря (Луганськ); Чорноморець (Одеса); Таврія (Сімферополь)
tm:59269,Лакі Ідахор,high,Ідахор Ісі Лаки,Идахор Лаки Иси,Lucky Idahor,Нігерія,FW,2001–2013,Динамо (Київ); Ворскла (Полтава); Таврія (Сімферополь); Карпати (Львів)
tm:59277,Дмитро Козаченко,auto,Козаченко Дмитро Анатолійович,Козаченко Дмитрий,Dmytro Kozachenko,Україна,GK,2006–2012,Зоря (Луганськ); Таврія (Сімферополь)
tm:59290,Антон Савін,auto,Савін Антон Васильович,,Anton Savin,Україна,MF,2010–2023,Металург (Донецьк); ЛНЗ (Черкаси)
tm:59322,Олександр Караваєв,high,,,Oleksandr Karavaev,Ukraine,DF,2013–2025,Севастополь; Зоря (Луганськ); Динамо (Київ)
tm:59389,Микола Морозюк,auto,Морозюк Микола Миколайович,Морозюк Николай,Mykola Morozyuk,Україна,MF,2006–2018,Динамо (Київ); Кривбас (Кривий Ріг); Оболонь (Київ); Металург (Донецьк)
tm:59407,Сергій Барілко,auto,Барілко Сергій Володимирович,,Sergiy Barilko,Україна,MF,2006–2015,Металіст (Харків)
tm:59411,Марко Девич,high,Девіч Марко,Девич Марко,Marko Devic,Україна,MF,2004–2013,Волинь (Луцьк); Металіст (Харків); Шахтар (Донецьк)
tm:59414,Папа Гуйе,high,Папа Гуйе,Гуйе Папа,Papa Gueye,Сенегал,DF,2004–2019,Волинь (Луцьк); Металіст (Харків); Дніпро (Дніпропетровськ); Карпати (Львів)
tm:59423,Олексій Курілов,auto,Курілов Олексій Миколайович,Курилов Алексей,Aleksey Kurilov,Україна,DF,2007–2015,Металіст (Харків); Зоря (Луганськ); Ворскла (Полтава); Таврія (Сімферополь)
tm:59434,Артем Путівцев,auto,Путівцев Артем Олександрович,Путивцев Артём,Artem Putivtsev,Україна,MF,2009–2015,Металіст (Харків); Маріуполь / Іллічівець; Металург (Донецьк)
tm:59440,Антон Поступаленко,auto,Поступаленко Антон Андрійович,,Anton Postupalenko,Україна,MF,2007–2017,Металіст (Харків); Говерла / Закарпаття (Ужгород); Металург (Донецьк); Олімпік (Донецьк)
tm:59442,Євген Селін,auto,Селін Євген Сергійович,Селин Евгений,Yevgen Selin,Україна,DF,2008–2023,Металіст (Харків); Ворскла (Полтава); Динамо (Київ); Чорноморець (Одеса)
tm:59446,Денис Сидоренко,high,,Денис Шелихов,Denys Sydorenko,Украина,GK,2014–2023,Металіст (Харків); Металіст 1925 (Харків)
tm:59636,Бой Деул,check,,,Boy Deul,Curacao,MF,2016–2016,Сталь (Кам'янське)
tm:597290,Анді Хадрой,check,,,Andi Hadroj,Albania,DF,2024–2025,Полісся (Житомир)
tm:597880,Дмитро Ризник,high,,Дмитрий Ризнык,Dmytro Riznyk,Украина,GK,2019–2025,Ворскла (Полтава); Шахтар (Донецьк)
tm:59826,Олег Герасимюк,auto,Герасимюк Олег Вікторович,Герасимюк Олег,Oleg Gerasymyuk,Україна,MF,2004–2016,Волинь (Луцьк); Динамо (Київ); Арсенал (Київ); Говерла / Закарпаття (Ужгород)
tm:598629,Бруно Дуарте,high,,,Bruno Duarte,Brazil,FW,2018–2019,ПФК Львів
tm:598635,Аугусто,high,,,Augusto,Brazil,MF,2018–2018,ПФК Львів
tm:59877,Руслан Черненко,auto,Черненко Руслан Сергійович,,Ruslan Chernenko,Україна,MF,2009–2025,Арсенал (Київ); Оболонь (Київ)
tm:59893,Олександр Романчук,auto,Романчук Олександр Володимирович,Романчук Александр,Oleksandr Romanchuk,Україна,DF,2004–2014,Динамо (Київ); Арсенал (Київ); Дніпро (Дніпропетровськ); Металіст (Харків)
tm:59896,Дмитро Хомченовський,auto,Хомченовський Дмитро Геннадійович,Дмитрий Хомченовский,Dmytro Khomchenovskyi,Україна,MF,2010–2024,Зоря (Луганськ); Кривбас (Кривий Ріг)
tm:598972,Марта,check,,,Marthã,Brazil,MF,2018–2019,ПФК Львів
tm:598992,Рафаел Сабіно,high,,,Rafael Sabino,Brazil,MF,2018–2020,ПФК Львів
tm:59908,Євген Селезньов,auto,Селезньов Євген Олександрович,Евгений Селезнёв,Yevgen Seleznyov,Україна,FW,2006–2022,Арсенал (Київ); Шахтар (Донецьк); Дніпро (Дніпропетровськ); Колос (Ковалівка)
tm:59913,Артем Старгородський,auto,Старгородський Артем Сергійович,Старгородский Артём,Artem Stargorodskyi,Україна,MF,2004–2013,Таврія (Сімферополь); Арсенал (Київ); Чорноморець (Одеса)
tm:599224,Анхель Торрес,high,,,Ángel Torres,Colombia,FW,2025–2025,Динамо (Київ)
tm:59933,Станіслав Богуш,auto,Богуш Станіслав Олександрович,,Stanislav Bogush,Україна,GK,2003–2015,Металург (Запоріжжя); Динамо (Київ); Ворскла (Полтава); Арсенал (Київ)
tm:59950,Дам'єн Ле Таллек,high,,,Damien Le Tallec,France,MF,2012–2013,Говерла / Закарпаття (Ужгород)
tm:59964,Євген Пісоцький,auto,Пісоцький Євген Валерійович,,Yevgen Pisotskyi,Україна,MF,2006–2013,Металург (Запоріжжя)
tm:59970,Тарас Степаненко,auto,Степаненко Тарас Миколайович,Тарас Степаненко,Taras Stepanenko,Україна,MF,2006–2025,Металург (Запоріжжя); Шахтар (Донецьк); Колос (Ковалівка)
tm:59973,Віталій Вернидуб,auto,Вернидуб Віталій Юрійович,Виталий Вернидуб,Vitaliy Vernydub,Україна,DF,2006–2022,Кривбас (Кривий Ріг); Металург (Запоріжжя); Зоря (Луганськ)
tm:59978,Євген Задоя,auto,Задоя Євген Ігорович,Евгений Задоя,Yevgen Zadoya,Україна,MF,2008–2022,Металург (Запоріжжя); Колос (Ковалівка); Чорноморець (Одеса)
tm:59982,Володимир Аржанов,auto,Аржанов Володимир Олександрович,Аржанов Владимир,Volodymyr Arzhanov,Україна,MF,2004–2018,Металург (Запоріжжя); Арсенал (Київ); Волинь (Луцьк); Чорноморець (Одеса)
tm:59984,Тарас Лазарович,auto,Лазарович Тарас Михайлович,Лазарович Тарас,Taras Lazarovych,Україна,FW,2006–2013,Металург (Запоріжжя); Зоря (Луганськ)
tm:59985,Євген Сантрапинських,auto,Сантрапинських Євген Костянтинович,,Yevgen Santrapynskykh,Україна,FW,2006–2013,Металург (Запоріжжя); Таврія (Сімферополь)
tm:600003,Дмитро Касімов,high,,,Dmytro Kasimov,Ukraine,MF,2022–2022,Минай
tm:600008,Ігор Карпенко,high,,,Igor Karpenko,Ukraine,FW,2019–2019,Карпати (Львів)
tm:601285,Панамбі,check,,,Panambi,Brazil,FW,2018–2018,ПФК Львів
tm:60129,Боян Малішич,high,,,Bojan Malisic,Serbia,DF,2012–2012,Говерла / Закарпаття (Ужгород)
tm:60132,Неманя Обрадович,high,,,Nemanja Obradovic,Serbia,FW,2017–2017,Сталь (Кам'янське)
tm:603126,Андрія Янич,high,,,Andrija Janjic,Bosnia-Herzegovina,DF,2025–2025,Зоря (Луганськ)
tm:60323,Антон Монахов,auto,Монахов Антон Олександрович,Монахов Антон,Anton Monakhov,Україна,DF,1999–2013,Кривбас (Кривий Ріг); Таврія (Сімферополь); Ворскла (Полтава); Нафтовик-Укрнафта (Охтирка)
tm:60324,Грегорі Нелсон,high,,Нелсон Грегори,Gregory Nelson,Netherlands,MF,2011–2014,Металург (Донецьк)
tm:603384,Арсентій Дорошенко,high,,,Arsentiy Doroshenko,Ukraine,MF,2025–2025,СК Полтава
tm:605326,Педро Вітор,high,,,Pedro Vitor,Brazil,FW,2018–2019,ПФК Львів
tm:606248,Данило Карась,high,,,Danylo Karas,Ukraine,DF,2018–2024,Арсенал (Київ); Минай; Оболонь (Київ)
tm:606743,Іван Литвиненко,high,,,Ivan Lytvynenko,Ukraine,MF,2020–2025,Рух (Львів); Чорноморець (Одеса); Металіст 1925 (Харків)
tm:606952,Жуніньйо,high,,,Juninho,Brazil,DF,2020–2025,Зоря (Луганськ)
tm:607249,Матіас Оєвусі,check,,,Mathias Oyewusi,Nigeria,FW,2025–2025,Колос (Ковалівка)
tm:60790,Тоні Шунич,high,,Шунич Тони,Toni Sunjic,Bosnia-Herzegovina,DF,2011–2013,Зоря (Луганськ)
tm:608760,Арінальдо Рапай,check,,,Arinaldo Rrapaj,Albania,MF,2024–2025,Колос (Ковалівка)
tm:60941,Іванс Лук'яновс,high,,,Ivans Lukjanovs,Latvia,FW,2012–2012,Металург (Запоріжжя)
tm:60979,Янік Болі,high,,,Yannick Boli,Cote d'Ivoire,FW,2012–2013,Зоря (Луганськ)
tm:61462,Рінар Валєєв,auto,Валєєв Рінар Салаватович,Валеев Ринар,Rinar Valeev,Україна,FW,2006–2014,Чорноморець (Одеса); Оболонь (Київ); Кривбас (Кривий Ріг); Маріуполь / Іллічівець
tm:61464,Карім Йода,high,,,Karim Yoda,France,FW,2018–2018,Карпати (Львів)
tm:615314,Андрій Артим,high,,,Andriy Artym,Ukraine,GK,2019–2019,Карпати (Львів)
tm:617643,Альбін Краснічі,high,,,Albin Krasniqi,Kosovo,MF,2025–2025,Колос (Ковалівка)
tm:618487,Хуссейн Туаті,check,,,Hussayn Touati,France,FW,2025–2025,Олександрія
tm:61952,Данило Сілва,high,,,Danilo Silva,Brazil,DF,2012–2016,Динамо (Київ)
tm:620368,Остап Притула,high,,Остап Притула,Ostap Prytula,Украина,MF,2019–2025,Карпати (Львів); Рух (Львів)
tm:620722,Деян Попара,high,,,Dejan Popara,Bosnia-Herzegovina,MF,2024–2025,Зоря (Луганськ)
tm:620892,Арад Бар,high,,,Arad Bar,Israel,MF,2023–2024,ЛНЗ (Черкаси)
tm:62180,Галь Шиш,high,,,Gal Shish,Israel,DF,2013–2015,Волинь (Луцьк)
tm:622410,Денис Устименко,high,,Денис Устименко,Denys Ustymenko,Украина,FW,2019–2025,Олександрія; Кривбас (Кривий Ріг); Минай; Карпати (Львів)
tm:622625,Енріке Араужо,high,,,Henrique Araujo,Brazil,FW,2018–2018,ПФК Львів
tm:623318,Ілля Каравашенко,check,,,llya Karavashchenko,Ukraine,GK,2025–2025,Кудрівка
tm:623319,Олександр Драмбаєв,high,,Александр Драмбаев,Oleksandr Drambayev,Украина,DF,2020–2025,Маріуполь / Іллічівець; Кривбас (Кривий Ріг); ЛНЗ (Черкаси)
tm:623321,Кирило Романюк,high,,,Kyrylo Romanyuk,Ukraine,DF,2019–2019,Маріуполь / Іллічівець
tm:623322,Михайло Рудавський,high,,,Mykhaylo Rudavskyi,Ukraine,DF,2022–2022,Металіст 1925 (Харків)
tm:623325,Георгій Судаков,high,,Георгий Судаков,Georgiy Sudakov,Украина,MF,2020–2025,Шахтар (Донецьк)
tm:623327,Андрій Чирук,high,,,Andriy Chyruk,Ukraine,FW,2022–2023,Металіст 1925 (Харків)
tm:623330,Мирослав Трофимюк,high,,,Myroslav Trofymyuk,Ukraine,FW,2020–2020,Маріуполь / Іллічівець
tm:623331,Богдан В'юнник,high,,,Bogdan Viunnyk,Ukraine,MF,2020–2023,Шахтар (Донецьк)
tm:624808,Ілір Краснічі,high,,,Ilir Krasniqi,Kosovo,DF,2024–2025,Колос (Ковалівка); Полісся (Житомир)
tm:624831,Таддеус Нкенг,check,,,Taddeus Nkeng,Cameroon,FW,2020–2020,Олімпік (Донецьк)
tm:624883,Амількар Коджові,high,,Амилкар Коджови,Amilcar Djau Codjovi,Испания,MF,2021–2023,Ворскла (Полтава)
tm:624920,Бені Макуана,high,,,Béni Makouana,Congo,FW,2023–2024,Полісся (Житомир); ЛНЗ (Черкаси)
tm:625144,Владислав Семотюк,high,,,Vladyslav Semotyuk,Ukraine,MF,2018–2024,Арсенал (Київ); Кривбас (Кривий Ріг); Минай; Рух (Львів)
tm:62515,Іван Бобко,high,,Бобко Иван,Ivan Bobko,,MF,2011–2022,Чорноморець (Одеса); Металіст (Харків)
tm:62533,Ігор Силантьєв,auto,Силантьєв Ігор Ігорович,Силантьев Игорь,Igor Sylantjev,Україна,MF,2008–2012,Чорноморець (Одеса)
tm:62610,Дмитро Хльобас,high,,,Dmytro Khlyobas,Ukraine,FW,2012–2020,Динамо (Київ); Говерла / Закарпаття (Ужгород); Ворскла (Полтава); Десна (Чернігів)
tm:626475,Микола Михайленко,high,,,Mykola Mykhaylenko,Ukraine,MF,2022–2025,Олександрія; Зоря (Луганськ); Динамо (Київ)
tm:626771,Лука Станковскі,check,,,Luka Stankovski,North Macedonia,MF,2025–2025,Колос (Ковалівка)
tm:627222,Таллес Коста,high,,,Talles Costa,Brazil,MF,2023–2025,Полісся (Житомир)
tm:627227,Пеглоу,check,,,Peglow,Brazil,FW,2022–2022,СК Дніпро-1
tm:628329,Айді Дайко,high,,,Ajdi Dajko,Albania,DF,2024–2025,ЛНЗ (Черкаси)
tm:628473,Карлос Рохас,high,,,Carlos Rojas,Spain,FW,2025–2025,Епіцентр (Кам'янець-Подільський)
tm:628569,Роман Толочко,high,,,Roman Tolochko,Ukraine,MF,2018–2019,Карпати (Львів)
tm:628570,Сергій Майборода,high,,,Sergiy Mayboroda,Ukraine,FW,2018–2018,Зоря (Луганськ)
tm:629567,Яніс Амаш,high,,,Yanis Hamache,Algeria,DF,2022–2022,СК Дніпро-1
tm:631819,Даніл Скорко,high,,,Danil Skorko,Ukraine,DF,2022–2025,Олександрія
tm:631821,Владислав Ванат,high,,,Vladyslav Vanat,Ukraine,FW,2020–2025,Динамо (Київ)
tm:632667,Іван Тищенко,high,,,Ivan Tyshchenko,Ukraine,MF,2023–2023,ЛНЗ (Черкаси)
tm:632674,Василь Пиняшко,high,,,Vasyl Pynyashko,Ukraine,FW,2020–2020,Минай
tm:632675,Олексій Шпак,high,,,Oleksiy Shpak,Ukraine,MF,2020–2020,Минай
tm:633728,Браян Кастільйо,high,,,Bryan Castillo,Venezuela,FW,2025–2025,Олександрія
tm:633850,Артур Рябов,high,,,Artur Ryabov,Ukraine,MF,2024–2025,Рух (Львів); Карпати (Львів); ЛНЗ (Черкаси)
tm:634023,Луїфер Ернандес,check,,,Luifer Hernández,Venezuela,FW,2023–2024,Полісся (Житомир)
tm:634609,Руслан Дедух,high,,,Ruslan Dedukh,Ukraine,MF,2024–2024,Лівий Берег (Київ)
tm:636237,Костянтин Вівчаренко,high,,,Kostyantyn Vivcharenko,Ukraine,DF,2022–2025,Динамо (Київ)
tm:636756,Мілот Авдилі,check,,,Milot Avdyli,Kosovo,FW,2024–2024,Ворскла (Полтава)
tm:64104,Саша Балич,high,,Балич Саша,Sasa Balic,Montenegro,DF,2011–2014,Кривбас (Кривий Ріг); Металург (Запоріжжя)
tm:641426,Вадим Вітенчук,high,,,Vadym Vitenchuk,Ukraine,MF,2022–2024,Минай; Оболонь (Київ)
tm:64215,Крістіан Орош,high,,,Cristian Oros,Romania,DF,2013–2013,Говерла / Закарпаття (Ужгород)
tm:642947,Еліас Теллес,high,,,Elias Telles,Brazil,MF,2024–2025,Колос (Ковалівка)
tm:64308,Браун Ідейє,high,,Идейе Браун Аиде,Brown Ideye,Nigeria,FW,2011–2013,Динамо (Київ)
tm:64313,Тамаш Кадар,high,,,Tamás Kádár,Hungary,DF,2016–2019,Динамо (Київ)
tm:64341,Антон Кравченко,high,,,Anton Kravchenko,Ukraine,DF,2015–2023,Сталь (Кам'янське); Олімпік (Донецьк); Олександрія
tm:64344,Ігор Варцаба,high,,,Igor Vartsaba,Ukraine,GK,2012–2012,Дніпро (Дніпропетровськ)
tm:645137,Томер Йосефі,high,,,Tomer Yosefi,Israel,MF,2024–2025,Полісся (Житомир)
tm:646153,Теді Цара,check,,,Tedi Cara,Albania,FW,2024–2025,Олександрія
tm:64711,Пабло Фонтанельйо,high,,Фонтанельо Пабло Эсекьель,Pablo Fontanello,Argentina,DF,2011–2013,Чорноморець (Одеса)
tm:647172,Алагі Олівейра,check,,,Alagy Oliveira,Spain,DF,2025–2025,Епіцентр (Кам'янець-Подільський)
tm:647831,Жео Данні Екра,check,,,Geo Danny Ekra,Cote d'Ivoire,MF,2020–2020,Олімпік (Донецьк)
tm:648076,Джованні Болівар,check,,,Jovanny Bolívar,Venezuela,FW,2024–2024,Колос (Ковалівка)
tm:649029,Мамаду Данфа,high,,Мамаду Данфа,Mamadou Danfa,Сенегал,FW,2020–2021,Колос (Ковалівка)
tm:649030,Самба Діалло,high,,,Samba Diallo,Senegal,FW,2022–2025,Динамо (Київ); Рух (Львів)
tm:650393,Василь Вашкеба,high,,,Vasyl Vashkeba,Ukraine,MF,2023–2023,Минай
tm:650863,Браян Себальос,check,,,Brayan Ceballos,Colombia,DF,2024–2024,Динамо (Київ)
tm:651388,Міслав Матич,high,,Мислав Матич,Mislav Matic,Хорватия,DF,2020–2021,Минай
tm:65297,Данієл Суботич,check,,,Danijel Subotic,Switzerland,FW,2012–2012,Волинь (Луцьк)
tm:653832,Офек Бітон,high,,,Ofek Biton,Israel,MF,2024–2024,Полісся (Житомир)
tm:653862,Леонардо Монтезелло,check,,,Leonardo Montezello,Brazil,MF,2019–2019,ПФК Львів
tm:654311,Велвес,check,,,Welves,Brazil,FW,2019–2020,ПФК Львів
tm:654384,Вітор Пернамбуко,check,,,Vitor Pernambuco,Brazil,FW,2018–2019,ПФК Львів
tm:654385,Альваро Вієйра,check,,Алваро,Álvaro Vieira,Бразилия,MF,2018–2021,ПФК Львів
tm:654393,Вісенте,check,,,Vicente,Brazil,DF,2018–2019,ПФК Львів
tm:654787,Денис Тарадуда,high,,,Denys Taraduda,Ukraine,DF,2018–2018,Ворскла (Полтава)
tm:654950,Мурило Кадіна,check,,,Murilo Cadina,Brazil,MF,2018–2018,ПФК Львів
tm:65542,Тіагу Терросу,high,,,Tiago Terroso,Portugal,MF,2012–2012,Чорноморець (Одеса)
tm:655838,Бекназ Алмазбеков,high,,,Beknaz Almazbekov,Kyrgyzstan,FW,2024–2025,Рух (Львів)
tm:656172,Яков Башич,high,,,Jakov Basic,Croatia,MF,2023–2025,Зоря (Луганськ)
tm:657796,Алаа Грам,high,,,Alaa Ghram,Tunisia,DF,2024–2025,Шахтар (Донецьк)
tm:658060,Ніка Гагнідзе,high,,,Nika Gagnidze,Georgia,MF,2024–2025,Колос (Ковалівка)
tm:659089,Ілля Забарний,high,,Илья Забарный,Ilya Zabarnyi,Украина,DF,2020–2022,Динамо (Київ)
tm:659219,Гільєрме,high,,,Guilherme,Brazil,DF,2022–2022,ПФК Львів
tm:659886,Білл,high,,Билл,Bill,Бразилия,FW,2020–2023,СК Дніпро-1
tm:66058,Адмір Мехмеді,high,,Мехмеди Адмир,Admir Mehmedi,Switzerland,FW,2011–2012,Динамо (Київ)
tm:661284,Фабіньйо,high,,,Fabinho,Brazil,MF,2019–2019,Олімпік (Донецьк)
tm:661776,Богдан Порох,high,,,Bogdan Porokh,Ukraine,DF,2022–2022,Металіст (Харків)
tm:661858,Хосе Флорес,high,,,José Flores,Bolivia,FW,2025–2025,Кривбас (Кривий Ріг)
tm:662418,Сідней,check,,,Sidnney,Brazil,DF,2024–2024,Лівий Берег (Київ)
tm:66472,Бесарт Ібраїмі,check,Ібраімі Бесарт,,Besart Ibraimi,Північна Македонія,FW,2010–2012,Севастополь; Металург (Запоріжжя)
tm:665048,Арсеній Батагов,high,,Арсений Батагов,Arseniy Batagov,Украина,DF,2019–2023,СК Дніпро-1; Зоря (Луганськ)
tm:66515,Алекс Тейшейра,high,Тейшейра Сантос Алекс,Тейшейра Сантос Алекс,Alex Teixeira,Бразилія,MF,2009–2015,Шахтар (Донецьк)
tm:666614,Клемент Ікенна,high,,,Clement Ikenna,Nigeria,MF,2024–2024,Кривбас (Кривий Ріг)
tm:666943,Валентин Рубчинський,high,,,Valentyn Rubchynskyi,Ukraine,MF,2022–2025,СК Дніпро-1; Динамо (Київ); Карпати (Львів)
tm:668235,Марлон Гомес,high,,,Marlon Gomes,Brazil,MF,2023–2025,Шахтар (Донецьк)
tm:669305,Віктор Близніченко,high,,,Viktor Bliznichenko,Ukraine,FW,2022–2025,Інгулець (Петрове); Кривбас (Кривий Ріг); Оболонь (Київ)
tm:669306,Володимир Бражко,high,,,Volodymyr Brazhko,Ukraine,MF,2022–2025,Зоря (Луганськ); Динамо (Київ)
tm:669310,Данило Гончарук,high,,,Danylo Goncharuk,Ukraine,FW,2023–2023,Кривбас (Кривий Ріг)
tm:669312,Євген Рязанцев,high,,,Yevgeniy Ryazantsev,Ukraine,FW,2022–2022,Металіст (Харків)
tm:670000,Жуан Діого,high,,,João Diogo,Brazil,FW,2019–2019,Карпати (Львів)
tm:670309,Матей Ангелов,high,,,Matej Angelov,North Macedonia,MF,2024–2024,ЛНЗ (Черкаси)
tm:672616,Ян Юрчец,high,,,Jan Jurcec,Croatia,DF,2024–2025,Кривбас (Кривий Ріг)
tm:672802,В'ячеслав Велєв,high,,,Vyacheslav Velev,Ukraine,DF,2020–2020,Маріуполь / Іллічівець
tm:675708,Гітіс Паулаускас,high,,,Gytis Paulauskas,Lithuania,FW,2023–2024,Колос (Ковалівка)
tm:675878,Крістіан,high,,Кристиан,Cristian,Бразилия,MF,2021–2022,Зоря (Луганськ)
tm:678503,Данило Варакута,high,,Даниил Варакута,Danylo Varakuta,Украина,GK,2021–2025,Чорноморець (Одеса); Металіст 1925 (Харків)
tm:678606,Адмір Брістрич,high,,,Admir Bristric,Bosnia-Herzegovina,FW,2024–2024,Полісся (Житомир)
tm:678778,Едуард Сарапій,high,,,Eduard Sarapiy,Ukraine,DF,2022–2025,СК Дніпро-1; Полісся (Житомир)
tm:678783,Євген Підлепенець,high,,Невен Джурасек,Yevgen Pidlepenets,Хорватия,MF,2021–2024,СК Дніпро-1; Металіст (Харків); Карпати (Львів)
tm:681497,Арі Моура,high,,,Ari Moura,Brazil,FW,2023–2025,Металіст 1925 (Харків)
tm:685375,Кай Ціпот,high,,,Kai Cipot,Slovenia,DF,2025–2025,Верес (Рівне)
tm:686332,Едсон Фернандо,high,,,Edson Fernando,Brazil,MF,2022–2025,Рух (Львів); Карпати (Львів)
tm:68778,Марлос,high,,Марлос,Marlos,Украина,FW,2012–2021,Металіст (Харків); Шахтар (Донецьк)
tm:687881,Дієго Каріока,high,,,Diego Carioca,Brazil,FW,2023–2024,Колос (Ковалівка)
tm:688714,Віталій Дахновський,high,,Виталий Дахновский,Vitaliy Dakhnovskyi,Украина,MF,2021–2024,Верес (Рівне)
tm:68915,Олег Краснопьоров,auto,Краснопьоров Олег Володимирович,Краснопёров Олег,Oleg Krasnopyorov,Україна,MF,2001–2014,Говерла / Закарпаття (Ужгород); Маріуполь / Іллічівець; Ворскла (Полтава); Металіст (Харків)
tm:69004,Євген Хачеріді,auto,Хачеріді Євген Григорович,Хачериди Евгений,Yevgen Khacheridi,Україна,DF,2009–2017,Динамо (Київ)
tm:69015,Андрій Ярмоленко,auto,Ярмоленко Андрій Миколайович,Ярмоленко Андрей,Andriy Yarmolenko,Україна,FW,2007–2025,Динамо (Київ)
tm:690246,Френсіс Момо,check,,,Francis Momoh,Nigeria,FW,2024–2025,ЛНЗ (Черкаси)
tm:692997,Олексій Сидоров,high,,,Oleksiy Sydorov,Ukraine,FW,2023–2024,Металіст 1925 (Харків); Колос (Ковалівка)
tm:694512,Хішам Лаюс,check,,,Hisham Layous,Israel,FW,2019–2019,Карпати (Львів)
tm:695310,Максим Брагару,high,,Максим Брагару,Maksym Bragaru,Украина,MF,2021–2025,Чорноморець (Одеса); Динамо (Київ); Полісся (Житомир)
tm:69581,Костянтин Махновський,high,,,Kostyantyn Makhnovskyi,Ukraine,GK,2018–2018,Олімпік (Донецьк)
tm:698742,Бузанелло,check,,,Busanello,Brazil,DF,2022–2022,СК Дніпро-1
tm:69913,Кирило Ковальчук,auto,Ковальчук Кирило Сергійович,Ковальчук Кирилл,Kyrylo Kovalchuk,Україна,MF,2007–2015,Таврія (Сімферополь); Чорноморець (Одеса); Металіст (Харків)
tm:699842,Антон Байдал,high,,Антон Байдал,Anton Baydal,Украина,FW,2019–2022,Маріуполь / Іллічівець; Минай
tm:702561,Роман Дідик,high,,Роман Дидык,Roman Didyk,Украина,DF,2021–2025,Рух (Львів); ЛНЗ (Черкаси)
tm:702562,Ернест Астахов,high,,,Ernest Astakhov,Ukraine,DF,2024–2024,Лівий Берег (Київ)
tm:702664,Анте Бекавац,high,,,Ante Bekavac,Croatia,DF,2025–2025,Кривбас (Кривий Ріг)
tm:705058,Маттео Аморозо,check,,,Matteo Amoroso,Brazil,MF,2024–2024,Кривбас (Кривий Ріг)
tm:705337,Марко Мрвальєвич,high,,,Marko Mrvaljevic,Montenegro,FW,2023–2024,Верес (Рівне)
tm:706166,Владислав Бленуце,high,,,Vladislav Blănuță,Romania,FW,2025–2025,Динамо (Київ)
tm:706176,Абдул Авуду,high,,,Abdul Awudu,Ghana,FW,2025–2025,ЛНЗ (Черкаси)
tm:707201,Павло Тищук,high,,,Pavlo Tyshchuk,Ukraine,FW,2023–2023,Минай
tm:707217,Албан Таїпі,check,,,Alban Taipi,North Macedonia,FW,2025–2025,Кудрівка
tm:70754,Денис Гармаш,high,,Денис Гармаш,Denys Garmash,Украина,MF,2011–2023,Динамо (Київ); Металіст 1925 (Харків)
tm:70767,Роман Зозуля,auto,Зозуля Роман Вячеславович,Зозуля Роман,Roman Zozulya,Україна,FW,2007–2015,Динамо (Київ); Дніпро (Дніпропетровськ)
tm:708172,Філіпе Пахтманн,check,,,Filipe Pachtmann,Brazil,FW,2019–2020,ПФК Львів
tm:708240,Едуард Козік,high,,,Eduard Kozik,Ukraine,DF,2022–2025,Шахтар (Донецьк); Колос (Ковалівка)
tm:708241,Олег Очеретько,high,,,Oleg Ocheretko,Ukraine,MF,2020–2025,Маріуполь / Іллічівець; Шахтар (Донецьк); СК Дніпро-1; Карпати (Львів)
tm:708242,Андрій Булеза,high,,,Andriy Buleza,Ukraine,DF,2022–2025,Минай; Карпати (Львів)
tm:70869,Грегор Балажиц,high,Балажіц Грегор,Балажиц Грегор,Gregor Balazic,Словенія,DF,2010–2014,Карпати (Львів)
tm:70919,Володимир Бідловський,auto,Бідловський Володимир Зіновійович,,Volodymyr Bidlovskyi,Україна,MF,2008–2012,Карпати (Львів)
tm:70923,Богдан Когут,high,,Богдан Когут,Bogdan Kogut,Украина,GK,2021–2024,Верес (Рівне)
tm:709478,Микита Турбаєвський,high,,,Mykyta Turbayevskyi,Ukraine,GK,2023–2025,Зоря (Луганськ)
tm:709479,Абдулла Абдуллаєв,high,,,Abdulla Abdullaev,Ukraine,FW,2022–2023,Металіст 1925 (Харків)
tm:712857,Марк Мампассі,high,,Марк Мампасси,Mark Mampassi,Украина,DF,2020–2021,Маріуполь / Іллічівець
tm:717196,Артем Бенедюк,high,,,Artem Benedyuk,Ukraine,DF,2024–2024,Інгулець (Петрове)
tm:717198,Данило Удод,high,,,Danylo Udod,Ukraine,DF,2024–2024,Чорноморець (Одеса)
tm:717199,Богдан Слюбик,high,,,Bogdan Slyubyk,Ukraine,DF,2022–2025,Рух (Львів)
tm:717200,Назар Русяк,high,,,Nazar Rusyak,Ukraine,MF,2024–2024,Рух (Львів)
tm:717203,Іван Лосенко,high,,,Ivan Losenko,Ukraine,MF,2024–2025,Інгулець (Петрове); Кудрівка
tm:71725,Олександр Надь,auto,Надь Олександр Арпадович,,Oleksandr Nad,Україна,GK,2005–2014,Говерла / Закарпаття (Ужгород)
tm:717390,Антон Царенко,high,,,Anton Tsarenko,Ukraine,MF,2022–2023,Динамо (Київ)
tm:717391,Максим Мельниченко,high,,,Maksym Melnychenko,Ukraine,MF,2023–2025,СК Дніпро-1; Полісся (Житомир)
tm:717392,Антон Глущенко,high,,,Anton Glushchenko,Ukraine,MF,2022–2025,Шахтар (Донецьк); Ворскла (Полтава); Кудрівка
tm:717394,Юрій-Володимир Герета,high,,,Yuriy-Volodymyr Gereta,Ukraine,GK,2020–2025,Рух (Львів)
tm:717411,Єгор Ярмолюк,high,,Егор Ярмолюк,Yegor Yarmolyuk,Украина,MF,2020–2021,СК Дніпро-1
tm:717413,Олег Пушкарьов,high,,,Oleg Pushkaryov,Ukraine,FW,2024–2025,Інгулець (Петрове); Кудрівка
tm:717415,Даніель Ківінда,high,,,Daniel Kivinda,Ukraine,FW,2023–2023,СК Дніпро-1
tm:718123,Самуель Нонго,high,,,Samuel Nongoh,Cameroon,FW,2024–2025,Верес (Рівне)
tm:718408,Дмитро Капінус,high,,,Dmytro Kapinus,Ukraine,DF,2022–2025,Металіст 1925 (Харків)
tm:718409,Владислав Погорілий,high,,,Vladyslav Pogorilyi,Ukraine,FW,2022–2024,Зоря (Луганськ); Олександрія; Рух (Львів)
tm:718643,Аліун Ндур,high,,,Alioune Ndour,Senegal,FW,2023–2024,Зоря (Луганськ)
tm:719652,Олександр Мартинюк,high,,,Oleksandr Martynyuk,Ukraine,DF,2023–2025,Олександрія; Металіст 1925 (Харків)
tm:721511,Максим Хлань,high,,,Maksym Khlan,Ukraine,FW,2022–2022,Зоря (Луганськ)
tm:721512,Микита Кононов,high,,,Mykyta Kononov,Ukraine,DF,2022–2025,СК Дніпро-1; СК Полтава
tm:722371,Денис Світюха,high,,,Denys Svityukha,Ukraine,FW,2023–2025,Верес (Рівне); Кудрівка
tm:723621,Денис Кузик,high,,,Denys Kuzyk,Ukraine,MF,2022–2025,ПФК Львів; Колос (Ковалівка); Кривбас (Кривий Ріг); ЛНЗ (Черкаси)
tm:724428,Ула Траоре,check,,,Oula Traoré,Burkina Faso,DF,2022–2022,ПФК Львів
tm:725356,Валентин Горох,high,,,Valentyn Gorokh,Ukraine,GK,2022–2025,Олександрія; Колос (Ковалівка); Верес (Рівне)
tm:726013,Гліб Савчук,high,,,Glib Savchuk,Ukraine,DF,2025–2025,Епіцентр (Кам'янець-Подільський)
tm:726014,Максим Дячук,high,,,Maksym Dyachuk,Ukraine,DF,2022–2024,Динамо (Київ); Олександрія
tm:726016,Денис Шостак,high,,,Denys Shostak,Ukraine,MF,2023–2025,Олександрія
tm:726019,Олександр Яцик,high,,,Oleksandr Yatsyk,Ukraine,MF,2022–2025,Динамо (Київ); Зоря (Луганськ)
tm:726033,Павло Ісенко,high,,,Pavlo Isenko,Ukraine,GK,2022–2024,Ворскла (Полтава)
tm:726034,Назар Волошин,high,,,Nazar Voloshyn,Ukraine,FW,2022–2025,Кривбас (Кривий Ріг); Динамо (Київ)
tm:726035,Кирило Попов,high,,,Kiril Popov,Ukraine,FW,2022–2024,Колос (Ковалівка); Минай; Чорноморець (Одеса)
tm:726036,Артур Микитишин,high,,,Artur Mykytyshyn,Ukraine,FW,2022–2025,Кривбас (Кривий Ріг); Олександрія; ЛНЗ (Черкаси)
tm:726038,Віталій Роман,high,,,Vitaliy Roman,Ukraine,DF,2022–2025,Рух (Львів)
tm:728379,Андрій Чекотун,high,,,Andriy Chekotun,Ukraine,GK,2020–2020,Олімпік (Донецьк)
tm:728380,Андрій Вискребенцев,high,,,Andrey Vyskrebentsev,Russia,MF,2019–2020,Маріуполь / Іллічівець
tm:728381,Владислав Бондар,high,,,Vladyslav Bondar,Ukraine,MF,2019–2019,Маріуполь / Іллічівець
tm:72899,Олександр Ситник,auto,Ситник Олександр Борисович,,Oleksandr Sytnyk,Україна,MF,2005–2012,Арсенал (Київ); ФК Харків; Карпати (Львів); Маріуполь / Іллічівець
tm:729196,Роман Волохатий,high,,,Roman Volokhatyi,Ukraine,MF,2024–2025,Інгулець (Петрове); Оболонь (Київ)
tm:729432,Вадим Ющишин,high,,,Vadym Yushchyshyn,Ukraine,GK,2022–2023,Верес (Рівне)
tm:729638,Олександр Кемкін,high,,,Oleksandr Kemkin,Ukraine,GK,2022–2025,Минай; Карпати (Львів); Кривбас (Кривий Ріг)
tm:729781,Владислав Велетень,high,,Владислав Велетень,Vladyslav Veleten,Украина,MF,2021–2025,Колос (Ковалівка); Полісся (Житомир)
tm:730126,Микола Кухаревич,high,,,Mykola Kukharevych,Ukraine,FW,2020–2020,Рух (Львів)
tm:730874,Андрій Ліповуз,high,,,Andriy Lipovuz,Ukraine,MF,2025–2025,Епіцентр (Кам'янець-Подільський)
tm:73094,Едуардо Нето,high,,,Eduardo Neto,Brazil,MF,2012–2012,Таврія (Сімферополь)
tm:73137,Марк Кастельс,high,,,Marc Castells,Spain,MF,2017–2017,Зірка (Кропивницький)
tm:73185,Лукас Перес,high,Перес Мартінес Лукас,Перес Мартинес Лукас,Lucas Pérez,Іспанія,FW,2010–2012,Карпати (Львів)
tm:734799,Прінс Аду,high,,,Prince Adu,Ghana,FW,2023–2024,Кривбас (Кривий Ріг)
tm:735788,Ігор Габріел,check,,,Higor Gabriel,Brazil,DF,2022–2022,ПФК Львів
tm:73769,Зе Соарес,high,Соарес да Сільва Філ Жозе,Соарес ла Силва Фильо Жозе,Zé Soares,Бразилія,MF,2009–2013,Металург (Донецьк)
tm:737982,Жуліо Сезар,high,,,Julio Cesar,Brazil,DF,2023–2023,Верес (Рівне)
tm:738154,Крістофер Нваезе,high,,,Christopher Nwaeze,Nigeria,DF,2024–2024,Зоря (Луганськ)
tm:740732,Таллес Бренер,high,,Таллес,Talles Brener,Бразилия,MF,2020–2025,Олімпік (Донецьк); Рух (Львів)
tm:74089,Сергій Кривцов,auto,Кривцов Сергій Андрійович,Сергей Кривцов,Sergiy Kryvtsov,Україна,DF,2007–2022,Металург (Запоріжжя); Шахтар (Донецьк)
tm:743587,Вінісіус Тобіас,high,,,Vinícius Tobias,Brazil,DF,2024–2025,Шахтар (Донецьк)
tm:743627,Джевісон Беннетт,check,,,Jewison Bennette,Costa Rica,FW,2024–2025,ЛНЗ (Черкаси)
tm:744099,Жота,high,,,Jota,Portugal,FW,2025–2025,Олександрія
tm:745252,Артем Кулаковський,high,,,Artem Kulakovskyi,Ukraine,MF,2022–2025,Ворскла (Полтава); Олександрія; Оболонь (Київ)
tm:746397,Артем Вовкун,high,,,Artem Vovkun,Ukraine,DF,2022–2023,ПФК Львів; Оболонь (Київ)
tm:747315,Орест Костик,high,,Орест Костик,Orest Kostyk,Украина,GK,2020–2022,ПФК Львів; Металіст (Харків)
tm:74843,Віталій Іванко,auto,Іванко Віталій Миколайович,Иванко Виталий,Vitaliy Ivanko,Україна,MF,2007–2012,Металург (Донецьк)
tm:748838,Юрій Тлумак,high,,,Yuriy Tlumak,Ukraine,MF,2023–2024,Зоря (Луганськ); Карпати (Львів); Рух (Львів)
tm:748936,Дмитро Піддубний,high,,,Dmytro Piddubnyi,Ukraine,DF,2020–2023,Зоря (Луганськ); Минай
tm:748939,Олексій Сич,high,,Алексей Сыч,Oleksiy Sych,Украина,DF,2020–2025,Рух (Львів); Карпати (Львів)
tm:748940,Василь Рунич,high,,Василий Рунич,Vasyl Runich,Украина,FW,2020–2025,Рух (Львів)
tm:75109,Селіо Сантос,high,,,Célio Santos,Brazil,DF,2012–2013,Таврія (Сімферополь)
tm:751363,Данило Кравчук,high,,,Danylo Kravchuk,Ukraine,FW,2020–2025,Ворскла (Полтава); Інгулець (Петрове); ЛНЗ (Черкаси)
tm:751977,Кирило Фесюн,high,,Кирилл Фесюн,Kiril Fesyun,Украина,GK,2021–2025,Колос (Ковалівка); Шахтар (Донецьк)
tm:751988,Денис Галата,high,,,Denys Galata,Ukraine,FW,2019–2019,Ворскла (Полтава)
tm:751995,Андрій Глоба,high,,,Andriy Globa,Ukraine,FW,2020–2020,Олександрія
tm:752691,Богдан Векляк,high,,,Bogdan Veklyak,Ukraine,DF,2020–2025,Олімпік (Донецьк); Карпати (Львів); Кудрівка
tm:752862,Тимур Пузанков,high,,,Tymur Puzankov,Ukraine,GK,2025–2025,Колос (Ковалівка)
tm:75296,Радосав Петрович,high,,,Radosav Petrovic,Serbia,MF,2015–2015,Динамо (Київ)
tm:755164,Батон Заберджа,check,,,Baton Zabergja,Kosovo,FW,2025–2025,Металіст 1925 (Харків)
tm:755174,Данило Алефіренко,check,,Даниил Сухоручко,Danyil Alefirenko,Украина,FW,2020–2025,Зоря (Луганськ); Чорноморець (Одеса); Колос (Ковалівка)
tm:755175,Володимир Білоцерковець,high,,,Volodymyr Bilotserkovets,Ukraine,FW,2020–2024,Інгулець (Петрове); Зоря (Луганськ)
tm:75615,Дуглас Коста,high,Коста де Соуза Дуглас,Коста де Соуза Дуглас,Douglas Costa,Бразилія,MF,2009–2014,Шахтар (Донецьк)
tm:75631,Мілош Йокич,high,,,Milos Jokic,Serbia,MF,2012–2013,Металург (Запоріжжя)
tm:758845,Єгор Твердохліб,high,,,Yegor Tverdokhlib,Ukraine,MF,2022–2025,Минай; Кривбас (Кривий Ріг); ЛНЗ (Черкаси)
tm:76028,Тайсон,high,,,Taison,Brazil,FW,2012–2020,Металіст (Харків); Шахтар (Донецьк)
tm:76071,Леандро,high,,,Leandro,Brazil,DF,2013–2013,Говерла / Закарпаття (Ужгород); Волинь (Луцьк)
tm:761326,Став Лемкін,high,,,Stav Lemkin,Israel,DF,2023–2023,Шахтар (Донецьк)
tm:762387,Хусрав Тоїров,high,,,Khusrav Toirov,Tajikistan,FW,2022–2024,Шахтар (Донецьк); Чорноморець (Одеса)
tm:765401,Назарій Воробчак,high,,,Nazariy Vorobchak,Ukraine,MF,2022–2023,Минай
tm:766706,Станіслав Кристін,high,,,Stanislav Krystin,Ukraine,MF,2025–2025,Епіцентр (Кам'янець-Подільський)
tm:766709,Максим Сасовський,high,,,Maksym Sasovskyi,Ukraine,DF,2022–2022,ПФК Львів
tm:767643,Олександр Мизюк,high,,,Oleksandr Myzyuk,Ukraine,DF,2022–2022,Металіст (Харків)
tm:771909,Алекс Чідомере,high,,,Aleks Chidomere,Ukraine,MF,2022–2022,Металіст (Харків)
tm:771911,Ілля Гаджук,high,,,Ilya Gadzhuk,Ukraine,MF,2020–2024,Ворскла (Полтава); Інгулець (Петрове)
tm:771912,Ілля Гулько,check,,,Ilya Gulko,Ukraine,MF,2022–2023,Зоря (Луганськ)
tm:771914,Євген Павлюк,high,,Евгений Павлюк,Yevgen Pavlyuk,Украина,DF,2021–2025,Ворскла (Полтава); Металіст 1925 (Харків)
tm:771917,Максим Комарець,high,,,Maksym Komarets,Ukraine,DF,2020–2020,ПФК Львів
tm:773961,Олег Федор,high,,,Oleg Fedor,Ukraine,MF,2023–2025,Рух (Львів); Карпати (Львів); Полісся (Житомир)
tm:774067,Ігор Горбач,high,,,Igor Gorbach,Ukraine,FW,2023–2025,Зоря (Луганськ)
tm:774533,Дмитро Шамич,high,,,Dmytro Shamych,,FW,2022–2022,Металіст (Харків)
tm:774552,Денис Слюсар,high,,,Denys Slyusar,Ukraine,DF,2022–2025,Рух (Львів)
tm:77490,Ігор Худобяк,auto,Худобяк Ігор Орестович,,Igor Khudobyak,Україна,FW,2010–2015,Севастополь; Говерла / Закарпаття (Ужгород)
tm:775709,Георгій Єрмаков,high,,,Georgiy Yermakov,Ukraine,GK,2023–2024,Олександрія
tm:775723,Іван Бендера,high,,,Ivan Bendera,Ukraine,FW,2025–2025,Епіцентр (Кам'янець-Подільський)
tm:775830,Семен Вовченко,high,,,Semen Vovchenko,Ukraine,DF,2022–2025,Верес (Рівне)
tm:775832,Дмитро Мацапура,high,,,Dmytro Matsapura,Ukraine,GK,2020–2025,Зоря (Луганськ); Колос (Ковалівка)
tm:775868,Денис Дем'яненко,high,,,Denys Demyanenko,Ukraine,MF,2020–2020,Десна (Чернігів)
tm:775902,Владислав Шинкаренко,high,,,Vladyslav Shynkarenko,Ukraine,MF,2020–2020,СК Дніпро-1
tm:776033,Андрій Кітела,high,,,Andriy Kitela,Ukraine,DF,2022–2025,Рух (Львів)
tm:776959,Андрій Співаков,high,,,Andriy Spivakov,Ukraine,MF,2024–2024,Лівий Берег (Київ)
tm:77847,Дмитро Непогодов,auto,Непогодов Дмитро Михайлович,,Dmitriy Nepogodov,Україна,GK,2009–2022,Металург (Донецьк); Ворскла (Полтава); Чорноморець (Одеса)
tm:77853,Роман Локтіонов,auto,Локтіонов Роман Борисович,,Roman Loktionov,Україна,FW,2008–2016,Ворскла (Полтава); Зірка (Кропивницький)
tm:779241,Андрій Столярчук,high,,,Andriy Stolyarchuk,Ukraine,FW,2022–2022,Рух (Львів)
tm:779244,Іван Варфоломєєв,high,,,Ivan Varfolomeev,Ukraine,MF,2020–2020,Рух (Львів)
tm:78733,Кирило Сидоренко,high,,,Kyrylo Sydorenko,Ukraine,DF,2012–2012,Арсенал (Київ)
tm:787776,Валерій Дубко,high,,,Valeriy Dubko,Ukraine,DF,2020–2025,Ворскла (Полтава); Оболонь (Київ); Металіст 1925 (Харків)
tm:789478,Богдан Кобзар,high,,,Bogdan Kobzar,Ukraine,FW,2022–2025,Олександрія; Лівий Берег (Київ); СК Полтава
tm:789583,Ярослав Карабін,high,,Ярослав Карабин,Yaroslav Karabin,Украина,FW,2020–2025,Рух (Львів); Карпати (Львів)
tm:789587,Олег Власов,high,,,Oleg Vlasov,Ukraine,FW,2020–2020,Ворскла (Полтава)
tm:791140,Даниїл Семилет,check,,,Daniil Semilet,Ukraine,DF,2020–2020,Ворскла (Полтава)
tm:792844,Рустам Ахмедзаде,check,,Рустам Ахмедзаде,Rüstam Ahmadzada,Украина,FW,2020–2021,Минай
tm:794617,Ян Костенко,high,,,Yan Kostenko,Ukraine,MF,2024–2025,Карпати (Львів)
tm:794896,Габріель Ескінья,high,,,Gabriel Eskinja,Austria,DF,2024–2025,Зоря (Луганськ)
tm:795201,Павло Кравцов,high,,,Pavlo Kravtsov,Ukraine,GK,2020–2020,Маріуполь / Іллічівець
tm:795280,Тимур Кораблін,high,,,Tymur Korablin,Ukraine,MF,2022–2024,Кривбас (Кривий Ріг); Минай; Зоря (Луганськ)
tm:796574,Стеніо,high,,,Stênio,Brazil,FW,2024–2025,Карпати (Львів)
tm:798106,Руан Олівейра,high,,,Ruan Oliveira,Brazil,MF,2025–2025,Зоря (Луганськ)
tm:800015,Влад Рейляну,check,,,Vlad Raileanu,Moldova,MF,2025–2025,Рух (Львів)
tm:80312,Микита Шевченко,high,,Никита Шевченко,Mykyta Shevchenko,Украина,GK,2013–2025,Зоря (Луганськ); Шахтар (Донецьк); Карпати (Львів); Олександрія
tm:804264,Ігор Невес,high,,,Igor Neves,Brazil,FW,2024–2025,Карпати (Львів); Рух (Львів)
tm:807731,Артем Мачелюк,high,,,Artem Machelyuk,Ukraine,DF,2025–2025,Кудрівка
tm:807784,Жослен Беїратче,check,,,Jocelin Behiratche,Cote d'Ivoire,DF,2025–2025,Олександрія
tm:808113,Максим Багачанський,high,,,Maksym Bagachanskyi,Ukraine,MF,2022–2022,Металіст (Харків)
tm:808465,Ардіт Тахірі,high,,,Ardit Tahiri,Kosovo,FW,2025–2025,Колос (Ковалівка)
tm:808971,Денис Ндукве,high,,,Denys Ndukve,Ukraine,FW,2023–2025,Полісся (Житомир); Ворскла (Полтава); Верес (Рівне)
tm:808973,Денис Резепов,high,,,Denys Rezepov,Ukraine,FW,2022–2024,Інгулець (Петрове)
tm:809569,Єгор Гунічев,high,,,Yegor Gunichev,Ukraine,FW,2023–2023,Минай
tm:809617,Лео Антоніо,check,,,Léo Antônio,Brazil,MF,2022–2022,ПФК Львів
tm:809899,Лука Лацабідзе,high,,,Luka Latsabidze,Georgia,DF,2024–2024,Чорноморець (Одеса)
tm:812170,Кирило Самойленко,high,,,Kirill Samoylenko,Ukraine,GK,2023–2024,ЛНЗ (Черкаси)
tm:812726,Андрій Беженар,high,,,Andriy Bezhenar,Ukraine,MF,2025–2025,Епіцентр (Кам'янець-Подільський)
tm:812755,Денис Підгурський,high,,,Denys Pidgurskyi,Ukraine,MF,2022–2025,Рух (Львів)
tm:81349,Антоніо Яколіш,high,,Яколиш Антонио,Antonio Jakolis,Croatia,FW,2011–2012,Кривбас (Кривий Ріг)
tm:814454,Самуел,check,,,Samuel,Brazil,DF,2022–2022,Металіст (Харків)
tm:814830,Микола Миронюк,high,,,Mykola Myronyuk,Ukraine,MF,2025–2025,Епіцентр (Кам'янець-Подільський)
tm:815673,Фернандо Енріке,high,,,Fernando Henrique,Brazil,MF,2025–2025,Олександрія
tm:81649,Сергій Рибалка,high,,Сергей Рыбалка,Sergiy Rybalka,Украина,MF,2011–2023,Динамо (Київ); Олександрія; ЛНЗ (Черкаси)
tm:817676,Жеовані,check,,,Geovani,Brazil,FW,2023–2024,Олександрія
tm:817885,Олег Осипенко,high,,,Oleg Osypenko,Ukraine,MF,2022–2022,Інгулець (Петрове)
tm:819249,Луан Кампос,high,,,Luan Campos,Brazil,FW,2024–2024,Верес (Рівне)
tm:819493,Ельдар Кулієв,high,,Эльдар Кулиев,Eldar Kuliev,Украина,MF,2020–2022,Маріуполь / Іллічівець; Минай
tm:821534,Максим Мудрий,high,,,Maksym Mudryi,Ukraine,MF,2022–2022,ПФК Львів
tm:821535,Артур Ременяк,high,,Артур Ременяк,Artur Remenyak,Украина,FW,2020–2024,ПФК Львів; Минай; Рух (Львів)
tm:82508,Лібор Грдлічка,high,,,Libor Hrdlicka,Slovakia,GK,2012–2014,Металург (Запоріжжя)
tm:825229,Валерій Самар,high,,,Valeriy Samar,Ukraine,DF,2024–2024,Лівий Берег (Київ)
tm:825449,В'ячеслав Борисенко,high,,,Vyacheslav Borysenko,Ukraine,GK,2020–2020,Олександрія
tm:825450,Микита Дудка,high,,,Mykyta Dudka,Ukraine,MF,2020–2020,Олександрія
tm:82599,Валерій Федорчук,auto,Федорчук Валерій Юрійович,Валерий Федорчук,Valeriy Fedorchuk,Україна,MF,2008–2022,ФК Львів (2006–2012); Кривбас (Кривий Ріг); Дніпро (Дніпропетровськ); Карпати (Львів)
tm:82608,Павло Худзік,auto,Худзік Павло Олександрович,Худзик Павел,Pavlo Khudzik,Україна,FW,2008–2014,ФК Львів (2006–2012); Оболонь (Київ); Зоря (Луганськ)
tm:82610,Михайло Козак,auto,Козак Михайло Степанович,,Mykhaylo Kozak,Україна,FW,2008–2018,ФК Львів (2006–2012); Олександрія; Десна (Чернігів)
tm:830079,Родіон Плакса,high,,Родион Плакса,Rodion Plaksa,Украина,MF,2020–2024,Маріуполь / Іллічівець; Чорноморець (Одеса); Олександрія
tm:830080,Данило Дмитрієв,high,,,Danylo Dmytriev,Ukraine,FW,2020–2020,Маріуполь / Іллічівець
tm:830081,Микита Фурсенко,high,,,Nikita Fursenko,Ukraine,DF,2020–2020,Маріуполь / Іллічівець
tm:830083,Іван Мамросенко,high,,,Ivan Mamrosenko,Ukraine,DF,2020–2025,Маріуполь / Іллічівець; Кудрівка
tm:831697,Яго Сікейра,high,,,Iago Siqueira,Brazil,MF,2023–2024,Верес (Рівне)
tm:833315,Новатус Міроші,high,,,Novatus Miroshi,Tanzania,MF,2023–2023,Шахтар (Донецьк)
tm:834898,Вітіньйо,high,,,Vitinho,Brazil,MF,2023–2023,СК Дніпро-1
tm:836428,Борель Томандзото,high,,,Borel Tomandzoto,Congo,MF,2024–2025,Полісся (Житомир)
tm:837005,Раймонд Овусу,high,,Раймонд Овусу,Raymond Owusu,Гана,FW,2020–2025,Зоря (Луганськ); Металіст 1925 (Харків); Кудрівка
tm:837287,Вадим Сологуб,high,,,Vadym Sologub,Ukraine,FW,2022–2022,Металіст 1925 (Харків)
tm:837974,Патрісіо Танда,high,,,Patricio Tanda,Argentina,MF,2024–2025,Карпати (Львів)
tm:838182,Ярослав Доброхотов,high,,,Yaroslav Dobrokhotov,Ukraine,MF,2020–2020,Маріуполь / Іллічівець
tm:838384,Антон Боль,high,,,Anton Bol,Ukraine,DF,2022–2025,Динамо (Київ); Зоря (Луганськ); Олександрія
tm:842894,Костянтин Домарацький,high,,,Kostyantyn Domaratskyi,Ukraine,MF,2020–2020,СК Дніпро-1
tm:842898,Кирило Ховайко,high,,,Kyrylo Khovayko,Ukraine,FW,2020–2020,СК Дніпро-1
tm:842904,Сергій Заєць,high,,,Sergiy Zayets,Ukraine,DF,2020–2020,СК Дніпро-1
tm:844358,Сергій Топчій,high,,,Sergiy Topchiy,Ukraine,MF,2020–2020,ПФК Львів
tm:844373,Борис Крушинський,high,,Борис Крушинский,Borys Krushynskyi,Украина,MF,2020–2025,ПФК Львів; Полісся (Житомир)
tm:8480,Сіто Рієра,high,,Риера Ортега Лоренцо,Sito Riera,Spain,FW,2011–2013,Чорноморець (Одеса)
tm:84980,Александрс Фертовс,high,,,Aleksandrs Fertovs,Latvia,MF,2013–2013,Севастополь
tm:85430,Джаба Ліпартія,high,Ліпартія Джаба,Липартия Джаба,Jaba Lipartia,Грузія,FW,2010–2018,Зоря (Луганськ); Арсенал (Київ)
tm:85506,Каспарс Дубра,high,,Каспар Дубра,Kaspars Dubra,Латвия,DF,2019–2021,Олександрія
tm:85563,Домінік Адійя,high,,Адийя Доминик,Dominic Adiyiah,Ghana,FW,2011–2013,Арсенал (Київ)
tm:856056,Ассан Сек,check,,,Assane Seck,Senegal,FW,2025–2025,Кривбас (Кривий Ріг)
tm:85626,Сергій Зеньов,fixed,Зеньов Сергей,Зенёв Сергей,Sergei Zenjov,Естонія,FW,2007–2013,Карпати (Львів)
tm:857859,Владислав Кристін,high,,,Vladyslav Krystin,Ukraine,DF,2025–2025,Епіцентр (Кам'янець-Подільський)
tm:858712,Педро Енріке,high,,,Pedro Henrique,Brazil,DF,2023–2025,Шахтар (Донецьк)
tm:85938,Андрій Оберемко,auto,Оберемко Андрій Олександрович,Оберемко Андрей,Andriy Oberemko,Україна,MF,2004–2014,Динамо (Київ); Борисфен (Бориспіль); ФК Харків; Маріуполь / Іллічівець
tm:85949,Ігор Шуховцев,auto,Шуховцев Ігор Вікторович,Шуховцев Игорь,Igor Shukhovtsev,Україна,GK,1993–2012,Нива (Вінниця); Маріуполь / Іллічівець; Арсенал (Київ); Таврія (Сімферополь)
tm:85964,Андерсон Мінейро,high,,,Anderson Mineiro,Brazil,DF,2012–2013,Чорноморець (Одеса)
tm:85969,Олександр Бандура,auto,Бандура Олександр Вікторович,Александр Бандура,Oleksandr Bandura,Україна,GK,2008–2023,Таврія (Сімферополь); Металург (Донецьк); Сталь (Кам'янське); Верес (Рівне)
tm:85973,Андрій Гринченко,auto,Гринченко Андрій Вікторович,Гринченко Андрей,Andriy Grynchenko,Україна,DF,2008–2012,Зоря (Луганськ); Волинь (Луцьк); Говерла / Закарпаття (Ужгород)
tm:860096,Карлос Рохас,high,,,Carlos Rojas,Venezuela,DF,2025–2025,Кривбас (Кривий Ріг)
tm:860701,Микола Гайдучик,high,,Николай Гайдучик,Mykola Gayduchyk,Украина,FW,2021–2025,Верес (Рівне); Полісся (Житомир)
tm:86269,Олександр Гутор,high,,,Aleksandr Gutor,Belarus,GK,2017–2017,Чорноморець (Одеса)
tm:863203,Владислав Чушенко,high,,,Vladyslav Chushenko,Ukraine,DF,2020–2020,Минай
tm:863582,Сулейман Сейтхалілов,high,,,Suleyman Seytkhalilov,Ukraine,MF,2020–2020,Інгулець (Петрове)
tm:863919,Іван Дібанго,check,,,Yvan Dibango,Cameroon,DF,2022–2025,Кривбас (Кривий Ріг)
tm:86466,Євгеній Ткачук,auto,Ткачук Євгеній Олегович,Евгений Ткачук,Yevgeniy Tkachuk,Україна,DF,2010–2023,Ворскла (Полтава); Зоря (Луганськ); Сталь (Кам'янське); Металіст 1925 (Харків)
tm:86502,Іван Кривошеєнко,auto,Кривошеєнко Іван Васильович,Кривошеенко Иван,Ivan Kryvosheenko,Україна,FW,2002–2014,Металург (Донецьк); Маріуполь / Іллічівець; Ворскла (Полтава)
tm:865572,Жеоване,check,,,Geovane,Brazil,MF,2025–2025,Епіцентр (Кам'янець-Подільський)
tm:8669,Мілан Обрадович,high,Обрадовіч Мілан,Обрадович Милан,Milan Obradovic,Сербія,DF,2006–2012,Металіст (Харків); Арсенал (Київ)
tm:86931,Євген Опанасенко,auto,Опанасенко Євген Володимирович,,Yevgen Opanasenko,Україна,MF,2008–2025,Металург (Запоріжжя); Зоря (Луганськ); Чорноморець (Одеса); Ворскла (Полтава)
tm:869465,Тіаго Сантана,high,,,Tiago Santana,Brazil,DF,2023–2023,Ворскла (Полтава)
tm:870177,Владислав Мороз,high,,,Vladyslav Moroz,Ukraine,DF,2025–2025,Епіцентр (Кам'янець-Подільський)
tm:870185,Сімон Галоян,high,,,Simon Galoyan,Ukraine,MF,2024–2024,Олександрія
tm:87097,Сергій Рудика,auto,Рудика Сергій Олександрович,,Sergiy Rudyka,Україна,MF,2008–2017,Металург (Запоріжжя); Зоря (Луганськ); Металіст (Харків); Карпати (Львів)
tm:871863,Андрій Андрейчук,high,,,Andriy Andreychuk,Ukraine,FW,2023–2023,Олександрія
tm:873534,Ерен Айдин,high,,,Eren Aydın,Türkiye,FW,2025–2025,Верес (Рівне)
tm:87663,Максим Скороходов,high,,,Maksym Skorokhodov,Ukraine,MF,2012–2012,Металург (Запоріжжя)
tm:87864,Ашраф Халфауї,check,Халфауї Мохамед Ашраф,,Mohamed Achraf Khalfaoui,Туніс,MF,2010–2012,Металург (Запоріжжя)
tm:87893,Василь Прийма,auto,Прийма Василь Миронович,Прыйма Василий,Vasyl Pryima,Україна,DF,2008–2019,Металург (Донецьк); Зоря (Луганськ); Карпати (Львів)
tm:880039,Владислав Рибак,high,,,Vladyslav Rybak,Ukraine,GK,2022–2022,СК Дніпро-1
tm:880458,Жуан Віалле,check,,,João Vialle,Brazil,DF,2024–2025,Полісся (Житомир)
tm:88102,Карлен Мкртчян,high,Мкртчян Карлен Вардкесович,Мкртчан Карлен,Karlen Mkrtchyan,Вірменія,MF,2010–2013,Металург (Донецьк)
tm:882089,Адам Якубу,high,,,Adam Yakubu,Nigeria,MF,2025–2025,ЛНЗ (Черкаси)
tm:882224,Ілля Ухань,high,,,Ilya Ukhan,Ukraine,DF,2020–2025,Маріуполь / Іллічівець; Чорноморець (Одеса); Олександрія; СК Полтава
tm:882225,Іван Кошкош,high,,Иван Кошкош,Ivan Koshkosh,Украина,MF,2020–2021,Маріуполь / Іллічівець
tm:882227,Микита Козицький,high,,Никита Козицкий,Mykyta Kozytskyi,Украина,FW,2020–2021,Маріуполь / Іллічівець
tm:882696,Борис Лотоцький,high,,,Borys Lototskyi,Ukraine,DF,2024–2024,Чорноморець (Одеса)
tm:882717,Денис Теслюк,high,,,Denys Teslyuk,Ukraine,FW,2022–2025,Рух (Львів); Оболонь (Київ)
tm:884849,Данило Хрипчук,high,,Даниил Хрипчук,Daniil Khrypchuk,Украина,DF,2020–2025,Ворскла (Полтава); Колос (Ковалівка)
tm:885150,Карлос Парако,high,,,Carlos Paraco,Venezuela,FW,2025–2025,Кривбас (Кривий Ріг)
tm:887142,Іван Нестеренко,high,,Иван Нестеренко,Ivan Nesterenko,Украина,MF,2020–2025,Ворскла (Полтава); Оболонь (Київ)
tm:888023,Кевін Келсі,high,,,Kevin Kelsy,Venezuela,FW,2022–2023,Шахтар (Донецьк)
tm:888190,Домагой Єлавич,high,,,Domagoj Jelavic,Croatia,FW,2025–2025,Зоря (Луганськ)
tm:888342,Георгій Майсурадзе,check,,,Giorgi Maisuradze,Georgia,DF,2024–2025,Полісся (Житомир)
tm:88879,Артем Кичак,high,,,Artem Kychak,Ukraine,GK,2013–2023,Волинь (Луцьк); Олімпік (Донецьк); Оболонь (Київ)
tm:889438,Ілля Крупський,high,,Илья Крупский,Ilya Krupskyi,Украина,DF,2020–2025,Ворскла (Полтава); Металіст 1925 (Харків)
tm:89010,Сілвано Комваліус,high,,,Sylvano Comvalius,Netherlands,FW,2016–2016,Сталь (Кам'янське)
tm:892025,Антон Салабай,high,,Антон Салабай,Anton Salabay,Украина,FW,2020–2025,Колос (Ковалівка); Ворскла (Полтава)
tm:892049,Марко Сапуга,high,,Марк Сапуга,Marko Sapuga,Украина,MF,2020–2025,Рух (Львів); Карпати (Львів)
tm:892052,Юрій Дудник,high,,,Yuriy Dudnyk,Ukraine,DF,2020–2020,Зоря (Луганськ)
tm:892053,Денис Нагнойний,high,,Денис Нагнойный,Denys Nagnoynyi,Украина,MF,2020–2025,Зоря (Луганськ); Кудрівка
tm:892054,Еміль Мустафаєв,high,,Эмиль Мустафаев,Emil Mustafayev,Украина,MF,2020–2024,Олександрія; Полісся (Житомир); Чорноморець (Одеса)
tm:892097,Андрусв Араухо,check,,,Andrusw Araujo,Venezuela,MF,2025–2025,Кривбас (Кривий Ріг)
tm:892105,Ліндон Емерллаху,check,,,Lindon Emërllahu,Kosovo,MF,2025–2025,Полісся (Житомир)
tm:89222,Ярослав Ракицький,fixed,Ракіцький Ярослав Володимирович,Ракицкий Ярослав,Yaroslav Rakitskyi,Україна,MF,2009–2024,Шахтар (Донецьк); Чорноморець (Одеса)
tm:89318,Борха Екіса,high,,,Borja Ekiza,Spain,DF,2016–2016,Зірка (Кропивницький)
tm:893187,Решат Рамадані,high,,,Reshat Ramadani,North Macedonia,MF,2022–2023,Динамо (Київ)
tm:89427,Євген Пічкур,auto,Пічкур Євген Анатолійович,Пичкур Евгений,Yevgen Pichkur,Україна,MF,2010–2012,Волинь (Луцьк); Ворскла (Полтава)
tm:89556,Віталій Федотов,auto,Федотов Віталій Андрійович,Федотов Виталий,Vitaliy Fedotov,Україна,MF,2010–2014,Маріуполь / Іллічівець; Металург (Донецьк)
tm:899884,Олександр Чернов,high,,,Oleksandr Chernov,Ukraine,DF,2023–2024,Оболонь (Київ)
tm:900195,Кевін,high,,,Kevin,Brazil,FW,2023–2024,Шахтар (Донецьк)
tm:90255,Франтішек Кубік,high,,Кубик Франтишек,Frantisek Kubik,Slovakia,DF,2011–2013,Таврія (Сімферополь); Арсенал (Київ)
tm:90768,Ярослав Олійник,high,,Олейник Ярослав,Yaroslav Oliynyk,Ukraine,MF,2011–2016,Зоря (Луганськ); Чорноморець (Одеса); Олімпік (Донецьк)
tm:90769,Віталій Пономар,high,,Виталий Пономарь,Vitaliy Ponomar,Украина,FW,2015–2022,Олександрія; Металіст 1925 (Харків)
tm:909138,Даніель Сосах,high,,,Daniel Sosah,Niger,FW,2022–2024,Кривбас (Кривий Ріг)
tm:910926,Де,check,,,Dé,Brazil,FW,2023–2023,Олександрія
tm:911644,Ілля Ольховий,high,,,Ilya Olkhovyi,Ukraine,GK,2022–2023,ПФК Львів; Минай
tm:91259,Юрій Штурко,auto,Штурко Юрій Юрійович,,Yuri Shturko,Україна,FW,2009–2014,Кривбас (Кривий Ріг); Металург (Запоріжжя)
tm:913115,Костянтин Бичек,high,,,Kostyantyn Bychek,Ukraine,FW,2022–2025,Металіст 1925 (Харків); Оболонь (Київ)
tm:91312,Антон Шендрік,auto,Шендрік Антон Сергійович,,Anton Shendrik,Україна,DF,2009–2019,Говерла / Закарпаття (Ужгород); Олександрія
tm:913387,Данило Колесник,high,,,Danylo Kolesnyk,Ukraine,FW,2022–2024,Минай; Лівий Берег (Київ)
tm:91341,Андрій Шевчук,auto,Шевчук Андрій Володимирович,,Andriy Shevchuk,Україна,FW,2010–2013,Севастополь; Металург (Запоріжжя)
tm:91349,Олександр Жабокрицький,auto,Жабокрицький Олександр Сергійович,,Aleksandr Zhabokritskiy,Україна,MF,2010–2013,Севастополь
tm:91358,Євген Новак,high,,Евгений Новак,Yevgen Novak,Украина,DF,2013–2022,Севастополь; Волинь (Луцьк); Колос (Ковалівка)
tm:91359,Темур Парцванія,high,,,Temur Partsvaniya,Ukraine,DF,2012–2018,Металург (Запоріжжя); Волинь (Луцьк); Олімпік (Донецьк); Десна (Чернігів)
tm:91365,Андрій Воронков,high,Варанков Андрей Мікалаєвіч,,Andrey Voronkov,Білорусь,FW,2009–2012,Кривбас (Кривий Ріг); Оболонь (Київ); Металург (Запоріжжя)
tm:91366,Олександр Акименко,auto,Акименко Олександр Олександрович,,Oleksandr Akymenko,Україна,MF,2005–2016,Сталь (Алчевськ); Металург (Донецьк); Зірка (Кропивницький)
tm:91376,Євген Одинцов,auto,Одинцов Євген Юрійович,,Evgeni Odintsov,Україна,MF,2004–2014,Таврія (Сімферополь); Олімпік (Донецьк)
tm:91377,Дмитро Трухін,high,,,Dmytro Trukhin,Ukraine,MF,2012–2014,Говерла / Закарпаття (Ужгород)
tm:91380,Дмитро Коркішко,auto,Коркішко Дмитро Юрійович,,Dmytro Korkishko,Україна,MF,2009–2025,Арсенал (Київ); Чорноморець (Одеса); СК Дніпро-1; Металіст (Харків)
tm:91419,Олексій Довгий,high,,Алексей Довгий,Oleksiy Dovgyi,Украина,MF,2011–2022,Олександрія; Маріуполь / Іллічівець; Металіст (Харків); Ворскла (Полтава)
tm:91425,Юрій Коломоєць,high,,,Yuriy Kolomoets,Ukraine,FW,2015–2022,Ворскла (Полтава); Олександрія; Минай
tm:91448,Кирило Дорошенко,high,,,Kyrylo Doroshenko,Ukraine,MF,2014–2015,Олімпік (Донецьк); Зоря (Луганськ)
tm:91450,Олег Міщенко,auto,Міщенко Олег Володимирович,Мищенко Олег,Oleg Mishchenko,Україна,MF,2008–2015,Металург (Донецьк); Говерла / Закарпаття (Ужгород); Ворскла (Полтава)
tm:91465,Андрій Запорожан,auto,Запорожан Андрій Юрійович,Запорожан Андрей,Andriy Zaporozhan,Україна,MF,2003–2019,Борисфен (Бориспіль); Олександрія
tm:91479,Сергій Яворський,auto,Яворський Сергій Олександрович,Сергей Яворский,Sergiy Yavorskyi,Україна,DF,2009–2022,Оболонь (Київ); Маріуполь / Іллічівець; Ворскла (Полтава)
tm:91527,Роман Карасюк,auto,Карасюк Роман Іванович,Роман Карасюк,Roman Karasyuk,Україна,MF,2010–2021,Волинь (Луцьк); Сталь (Кам'янське); Верес (Рівне); Рух (Львів)
tm:91529,Ярослав Кінаш,high,,Кинаш Ярослав,Yaroslav Kinash,Ukraine,MF,2011–2013,Волинь (Луцьк)
tm:91533,Віталій Неділько,auto,Неділько Віталій Михайлович,Неделько Виталий,Vitaliy Nedilko,Україна,GK,2002–2016,Волинь (Луцьк)
tm:91537,Віталій Приндета,auto,Приндета Віталій Валерійович,Приндета Виталий,Vitaliy Pryndeta,Україна,MF,2010–2019,Волинь (Луцьк); Десна (Чернігів)
tm:91540,Артем Штанько,auto,Штанько Артем Анатолійович,Штанько Артём,Artem Shtanko,Україна,GK,1998–2012,СК Миколаїв; Кривбас (Кривий Ріг)
tm:91549,Валерій Куценко,auto,Куценко Валерій Вікторович,Куценко Валерий,Valeriy Kutsenko,Україна,MF,2009–2016,Оболонь (Київ); Кривбас (Кривий Ріг); Ворскла (Полтава); Чорноморець (Одеса)
tm:91563,Олексій Бабир,auto,Бабир Олексій Олегович,Бабырь Алексей,Aleksey Babyr,Україна,FW,2010–2013,Волинь (Луцьк); Говерла / Закарпаття (Ужгород)
tm:91571,Дмитро Леонов,high,,,Dmytro Leonov,Ukraine,MF,2015–2018,Олександрія; Чорноморець (Одеса)
tm:916226,Зураб Рухадзе,high,,,Zurab Rukhadze,Georgia,DF,2025–2025,Колос (Ковалівка)
tm:91698,Олександр Чурілов,check,,,Oleksandr Churilov,Ukraine,GK,2013–2014,Говерла / Закарпаття (Ужгород); Маріуполь / Іллічівець
tm:91722,Антон Голенков,high,,,Anton Golenkov,Russia,MF,2015–2015,Олександрія
tm:91727,Андрій Гітченко,high,,Гитченко Андрей,Andriy Gitchenko,Ukraine,DF,2011–2023,Олександрія; Кривбас (Кривий Ріг); Арсенал (Київ); Карпати (Львів)
tm:917287,Вадим Підлепич,high,,,Vadym Pidlepych,Ukraine,DF,2025–2025,СК Полтава
tm:917809,Ярослав Проценко,high,,,Yaroslav Protsenko,Ukraine,GK,2023–2025,Металіст 1925 (Харків)
tm:91801,Олександр Скляр,auto,Скляр Олександр Сергійович,Александр Скляр,Oleksandr Sklyar,Україна,MF,2008–2024,ФК Харків; Ворскла (Полтава)
tm:918615,Степан Григоращук,high,,,Stepan Grygorashchuk,Ukraine,DF,2025–2025,Епіцентр (Кам'янець-Подільський)
tm:91931,Денис Бойко,auto,Бойко Денис Олександрович,Денис Бойко,Denys Boyko,Україна,GK,2009–2023,Оболонь (Київ); Динамо (Київ); Дніпро (Дніпропетровськ); Полісся (Житомир)
tm:91991,Сергій Люлька,high,,,Sergiy Lyulka,Ukraine,DF,2013–2019,Говерла / Закарпаття (Ужгород); Чорноморець (Одеса); Десна (Чернігів); ПФК Львів
tm:92030,Дмитро Башлай,high,,,Dmytro Bashlay,Ukraine,DF,2018–2018,Арсенал (Київ)
tm:92046,Сергій Погорілий,auto,Погорілий Сергій Петрович,Погорилый Сергей,Sergiy Pogorilyi,Україна,GK,2009–2015,Арсенал (Київ); Таврія (Сімферополь); Металіст (Харків)
tm:92158,Абейку Куанса,check,,Куанса Абейку,Abeiku Quansah,Ghana,MF,2011–2012,Арсенал (Київ)
tm:923433,Артем Оніщенко,high,,,Artem Onishchenko,Ukraine,MF,2025–2025,СК Полтава
tm:923512,Сергій Стень,high,,,Sergiy Sten,Ukraine,FW,2025–2025,Верес (Рівне)
tm:923514,Віталій Фарасеєнко,high,,,Vitaliy Faraseyenko,Ukraine,MF,2024–2024,Інгулець (Петрове)
tm:924466,Антон Жилкін,high,,,Anton Zhylkin,Ukraine,GK,2024–2024,Інгулець (Петрове)
tm:925044,Тарас Галас,high,,,Taras Galas,Ukraine,MF,2023–2024,Ворскла (Полтава); Лівий Берег (Київ)
tm:925401,Роман Саленко,high,,,Roman Salenko,Ukraine,MF,2024–2025,Динамо (Київ); Зоря (Луганськ)
tm:92567,Андрій Богданов,auto,Богданов Андрій Євгенович,Андрей Богданов,Andriy Bogdanov,Україна,MF,2008–2023,Арсенал (Київ); Динамо (Київ); Металіст (Харків); Волинь (Луцьк)
tm:92575,Юрій Габовда,auto,Габовда Юрій Вікторович,,Yuriy Gabovda,Україна,FW,2009–2013,Карпати (Львів); Таврія (Сімферополь)
tm:926183,Вендел,high,,,Wendel,Brazil,MF,2022–2022,Металіст 1925 (Харків)
tm:92635,Олександр Мандзюк,auto,Мандзюк Олександр Васильович,Мандзюк Александр,Oleksandr Mandzyuk,Україна,FW,2003–2014,Оболонь (Київ); ФК Львів (2006–2012); Маріуполь / Іллічівець
tm:92640,Андрій Мостовий,high,,,Andriy Mostovyi,Ukraine,DF,2018–2020,Десна (Чернігів)
tm:92649,Дмитро Зозуля,auto,Зозуля Дмитро Володимирович,,Dmytro Zozulya,Україна,MF,2008–2018,ФК Львів (2006–2012); Волинь (Луцьк); Арсенал (Київ)
tm:926657,Кирило Матвєєв,high,,,Kyrylo Matveev,Ukraine,MF,2025–2025,Кудрівка
tm:928276,Сергій Копил,high,,,Sergiy Kopyl,Ukraine,MF,2023–2023,ЛНЗ (Черкаси)
tm:928288,Олександр Дихтярук,high,,,Oleksandr Dykhtyaruk,Ukraine,DF,2024–2024,Інгулець (Петрове)
tm:92845,Андрій Сахневич,high,,,Andriy Sakhnevych,Ukraine,DF,2012–2019,Металург (Запоріжжя); Колос (Ковалівка)
tm:930106,Володимир Салюк,high,,,Volodymyr Salyuk,Ukraine,DF,2022–2025,Чорноморець (Одеса); Металіст 1925 (Харків)
tm:93077,Сергій Старенький,high,,Старенький Сергей,Sergiy Starenkyi,Ukraine,MF,2011–2020,Олександрія; Арсенал (Київ); Десна (Чернігів)
tm:93105,Ігор Литовка,auto,Литовка Ігор Юрійович,Игорь Литовка,Igor Lytovka,Україна,GK,2010–2021,Севастополь; Олімпік (Донецьк); Десна (Чернігів)
tm:935039,Мар'ян Фарина,high,,,Maryan Faryna,Ukraine,DF,2022–2025,Шахтар (Донецьк); Металіст 1925 (Харків); Кудрівка
tm:935046,Роман Савченко,high,,,Roman Savchenko,Ukraine,DF,2022–2024,Олександрія; Чорноморець (Одеса)
tm:935047,Кирило Сігеєв,check,,,Kyrylo Sigeev,Ukraine,MF,2022–2024,Олександрія; Чорноморець (Одеса)
tm:935048,Денис Твардовський,high,,,Denys Tvardovskyi,Ukraine,GK,2023–2025,Шахтар (Донецьк)
tm:935053,Микола Огарков,high,,,Mykola Ogarkov,Ukraine,DF,2024–2025,Шахтар (Донецьк); Олександрія
tm:935094,Дмитро Кремчанін,high,,,Dmitriy Kremchanin,Ukraine,FW,2025–2025,Олександрія
tm:935095,Навін Малиш,high,,,Navin Malysh,Ukraine,MF,2023–2025,Динамо (Київ); Ворскла (Полтава); Зоря (Луганськ)
tm:935106,Марко Подоляк,high,,,Marko Podolyak,Ukraine,MF,2025–2025,ЛНЗ (Черкаси)
tm:935107,Михайло Протасевич,high,,,Mykhaylo Protasevych,Ukraine,DF,2024–2025,Верес (Рівне)
tm:935109,Артем Слесар,high,,,Artem Slesar,Ukraine,FW,2023–2025,Зоря (Луганськ)
tm:936008,Олександр Сапутін,high,,,Oleksandr Saputin,Ukraine,GK,2022–2025,Зоря (Луганськ)
tm:936825,Ілля Квасниця,high,,,Ilya Kvasnytsya,Ukraine,FW,2022–2025,Рух (Львів); Карпати (Львів)
tm:936859,Мозес Джарджу,high,,,Moses Jarju,The Gambia,DF,2024–2024,Чорноморець (Одеса)
tm:9369,Айоделе Аделеє,high,Аделеє Айоделе,Аделейе Айоделе,Dele Adeleye,Нігерія,DF,2010–2012,Металург (Донецьк); Таврія (Сімферополь)
tm:937917,Дмитро Ледвій,high,,,Dmytro Ledviy,Ukraine,GK,2022–2025,Рух (Львів); ЛНЗ (Черкаси)
tm:937918,Руслан Непейпієв,high,,,Ruslan Nepeypiev,Ukraine,FW,2022–2024,Рух (Львів); Лівий Берег (Київ)
tm:93795,Факундо Феррейра,high,,,Facundo Ferreyra,Argentina,FW,2013–2017,Шахтар (Донецьк)
tm:938299,Дем'ян Чубатий,high,,,Demyan Chubatyi,Ukraine,DF,2022–2022,Олександрія
tm:938300,Ярослав Базаєв,high,,,Yaroslav Bazaev,Ukraine,FW,2023–2025,Олександрія
tm:93862,Денис Причиненко,high,,,Denis Prychynenko,Germany,DF,2013–2013,Севастополь
tm:938681,Віталій Дубілей,high,,,Vitaliy Dubiley,Ukraine,DF,2024–2024,Інгулець (Петрове)
tm:93976,Станіслав Печенкін,high,,,Stanislav Pechenkin,Russia,MF,2012–2012,Говерла / Закарпаття (Ужгород)
tm:941418,Деніл Кастільйо,high,,,Denil Castillo,Ecuador,MF,2023–2023,Шахтар (Донецьк)
tm:942475,Верлей Баррера,check,,,Reynaldiño Verley,Panama,FW,2025–2025,Зоря (Луганськ)
tm:94318,Йован Крнета,high,,,Jovan Krneta,Serbia,DF,2014–2014,Чорноморець (Одеса)
tm:949111,Аліу Тіаре,check,,,Aliou Thiaré,Senegal,DF,2025–2025,Динамо (Київ)
tm:94922,Богдан Бутко,auto,Бутко Богдан Євгенович,Бутко Богдан,Bogdan Butko,Україна,DF,2010–2025,Волинь (Луцьк); Маріуполь / Іллічівець; Шахтар (Донецьк); Зоря (Луганськ)
tm:94923,Ігор Чайковський,auto,Чайковський Ігор Геннадійович,Чайковский Игорь,Igor Chaykovskyi,Україна,MF,2009–2022,Зоря (Луганськ); Маріуполь / Іллічівець; Інгулець (Петрове); Металіст (Харків)
tm:94924,Максим Імереков,high,,Максим Имереков,Maksym Imerekov,Украина,DF,2012–2023,Металург (Запоріжжя); Олександрія; Десна (Чернігів); Зоря (Луганськ)
tm:94925,Єгор Картушов,auto,Картушов Єгор Олександрович,Егор Картушов,Yegor Kartushov,Україна,FW,2009–2022,Зоря (Луганськ); Маріуполь / Іллічівець; Десна (Чернігів); Металіст (Харків)
tm:94926,Олександр Кас'ян,auto,Кас'ян Олександр Юрійович,Касьян Александр,Oleksandr Kasyan,Україна,FW,2009–2012,Маріуполь / Іллічівець; Зоря (Луганськ); Карпати (Львів)
tm:94928,Руслан Бабенко,auto,Бабенко Руслан Олександрович,Бабенко Руслан,Ruslan Babenko,Україна,MF,2010–2025,Дніпро (Дніпропетровськ); Волинь (Луцьк); Сталь (Кам'янське); Зоря (Луганськ)
tm:94931,Віталій Віценець,auto,Віценець Віталій Володимирович,Виценец Виталий,Vitaliy Vitsenets,Україна,MF,2009–2017,Зоря (Луганськ); Шахтар (Донецьк); Маріуполь / Іллічівець; Севастополь
tm:949337,Гільєрме Сміт,high,,,Guilherme Smith,Brazil,FW,2023–2023,Зоря (Луганськ)
tm:950181,Матей Матич,high,,,Matej Matic,Croatia,DF,2024–2024,Полісся (Житомир)
tm:95129,Євген Морозенко,high,,,Yevgen Morozenko,Ukraine,MF,2015–2018,Олександрія; Верес (Рівне); Чорноморець (Одеса); Олімпік (Донецьк)
tm:951439,Максим Сміян,high,,,Maksym Smiyan,Ukraine,DF,2022–2025,Зоря (Луганськ); Верес (Рівне)
tm:951690,Юрій Потімков,check,,Юрий Потимков,Yuriy Potimkov,Украина,DF,2021–2025,Металіст 1925 (Харків); Кудрівка
tm:95239,Павло Щедраков,high,,,Pavlo Shchedrakov,Ukraine,DF,2012–2012,Говерла / Закарпаття (Ужгород)
tm:952943,Яків Кінарейкін,high,,,Yakiv Kinareykin,Ukraine,GK,2023–2024,СК Дніпро-1; Карпати (Львів)
tm:95407,Максим Ілюк,high,,,Maksym Ilyuk,Ukraine,FW,2014–2014,Маріуполь / Іллічівець
tm:955213,Андрій Маткевич,high,,,Andriy Matkevych,Ukraine,FW,2024–2025,Зоря (Луганськ); Епіцентр (Кам'янець-Подільський)
tm:955216,Максим Василець,high,,,Maksym Vasylets,Ukraine,MF,2024–2024,Зоря (Луганськ)
tm:955333,Назар Балаба,high,,,Nazar Balaba,Ukraine,DF,2024–2024,Верес (Рівне)
tm:955349,Олексій Гусєв,high,,,Oleksiy Gusev,Ukraine,DF,2024–2025,Зоря (Луганськ); Кудрівка
tm:95649,Олександр Нойок,high,,,Oleksandr Noyok,Ukraine,MF,2013–2015,Металіст (Харків); Металург (Донецьк)
tm:95682,Євген Чепурненко,high,,,Yevgeniy Chepurnenko,Ukraine,MF,2020–2020,Десна (Чернігів)
tm:95707,Володимир Танчик,high,,,Volodymyr Tanchyk,Ukraine,DF,2013–2025,Севастополь; Олімпік (Донецьк); Чорноморець (Одеса); СК Дніпро-1
tm:959399,Роман Михайлів,high,,Роман Михайлив,Roman Mykhayliv,Украина,MF,2021–2022,ПФК Львів
tm:962090,Артем Смоляков,high,,Артём Смоляков,Artem Smolyakov,Украина,DF,2021–2024,Інгулець (Петрове); Полісся (Житомир)
tm:964036,Олег Криворучко,high,,,Oleg Kryvoruchko,Ukraine,MF,2022–2024,Колос (Ковалівка)
tm:96455,Євген Макаренко,high,,,Yevgen Makarenko,Ukraine,MF,2012–2016,Говерла / Закарпаття (Ужгород); Динамо (Київ)
tm:96498,Олександр Насонов,high,,Насонов Александр,Oleksandr Nasonov,Ukraine,DF,2011–2023,Волинь (Луцьк); Металург (Донецьк); Маріуполь / Іллічівець; ПФК Львів
tm:965816,Станіслав Прус,high,,,Stanislav Prus,Ukraine,FW,2024–2024,Ворскла (Полтава)
tm:965929,Владислав Островський,high,,Владислав Островский,Vladyslav Ostrovskyi,Украина,FW,2021–2024,Металіст 1925 (Харків); Ворскла (Полтава)
tm:966009,Бар Лін,high,,,Bar Lin,Israel,FW,2025–2025,Кривбас (Кривий Ріг)
tm:967602,Андрій Соловйов,high,,,Andriy Solovyov,Ukraine,MF,2022–2022,Колос (Ковалівка)
tm:967981,Жан-Клод,check,,,Jean Claude,Togo,MF,2023–2023,Зоря (Луганськ)
tm:9688,Томаш Гюбшман,high,Хюбшман Томаш,Хюбшман Томаш,Tomas Hübschman,Чехія,DF,2004–2013,Шахтар (Донецьк)
tm:96928,Сержіньйо,high,,,Serginho,Portugal,FW,2013–2014,Металург (Запоріжжя)
tm:96957,В'ячеслав Акімов,high,,,Vyacheslav Akimov,Ukraine,MF,2014–2014,Говерла / Закарпаття (Ужгород)
tm:969596,Габріел Гомес,high,,,Gabriel Gomes,Brazil,DF,2022–2022,СК Дніпро-1
tm:97205,Микита Безлихотнов,high,,,Nikita Bezlikhotnov,Russia,FW,2013–2013,Металург (Донецьк)
tm:972535,Ермір Рашица,high,,,Ermir Rashica,Albania,FW,2025–2025,Металіст 1925 (Харків)
tm:97335,Ігор Пластун,auto,Пластун Ігор Володимирович,Пластун Игорь,Igor Plastun,Україна,MF,2009–2015,Оболонь (Київ); Карпати (Львів)
tm:973704,Тіаго Кунья,high,,,Thiago Cunha,Brazil,FW,2023–2023,Ворскла (Полтава)
tm:97567,Роман Безус,auto,Безус Роман Анатолійович,Безус Роман,Roman Bezus,Україна,MF,2008–2015,Ворскла (Полтава); Динамо (Київ); Дніпро (Дніпропетровськ)
tm:97576,Роман Кунєв,high,,,Roman Kunev,Ukraine,MF,2012–2016,Ворскла (Полтава)
tm:97727,Ігор Тищенко,auto,Тищенко Ігор Сергійович,Тищенко Игорь,Igor Tyshchenko,Україна,MF,2008–2020,Маріуполь / Іллічівець; Карпати (Львів); Олімпік (Донецьк)
tm:9775,Олександр Шовковський,auto,Шовковський Олександр Володимирович,Шовковский Александр,Oleksandr Shovkovskyi,Україна,GK,1993–2016,Динамо (Київ)
tm:9779,Віталій Рева,auto,Рева Віталій Григорович,,Vitaliy Reva,Україна,GK,1995–2013,ЦСКА (Київ); Динамо (Київ); Таврія (Сімферополь); Арсенал (Київ)
tm:97808,Дмитро Козьбан,high,,,Dmytro Kozban,Ukraine,FW,2013–2016,Волинь (Луцьк)
tm:97835,Дмитро Єременко,auto,Єременко Дмитро Сергійович,,Dmytro Yeremenko,Україна,MF,2010–2015,Металург (Запоріжжя); Ворскла (Полтава); Олімпік (Донецьк); Говерла / Закарпаття (Ужгород)
tm:97859,Євген Павлов,auto,Павлов Євген Степанович,Павлов Евгений,Evgeniy Pavlov,Україна,FW,2010–2013,Волинь (Луцьк); Севастополь
tm:978659,Богдан Хома,high,,,Bogdan Khoma,Ukraine,GK,2023–2023,Кривбас (Кривий Ріг)
tm:9794,Олег Гусєв,auto,Гусєв Олег Анатолійович,Гусев Олег,Oleg Gusev,Україна,FW,2002–2017,Арсенал (Київ); Динамо (Київ)
tm:9796,Олександр Алієв,auto,Алієв Олександр Олександрович,Алиев Александр,Oleksandr Aliyev,Україна,MF,2002–2012,Динамо (Київ); Металург (Запоріжжя); Дніпро (Дніпропетровськ)
tm:9798,Максим Шацьких,high,Шацьких Максим Олександрович,Шацких Максим,Maksim Shatskikh,Узбекистан,FW,1999–2014,Динамо (Київ); Арсенал (Київ); Чорноморець (Одеса); Говерла / Закарпаття (Ужгород)
tm:9800,Артем Мілевський,auto,Мілевський Артем Володимирович,Милевский Артём,Artem Milevskyi,Україна,FW,2002–2020,Динамо (Київ); Минай
tm:981181,Ніколас Аревало,high,,,Nicolás Arévalo,Colombia,MF,2025–2025,Металіст 1925 (Харків)
tm:983434,Георгій Робакідзе,check,,,Giorgi Robakidze,Georgia,MF,2024–2024,Чорноморець (Одеса)
tm:985349,Ігор Енріке,high,,,Igor Henrique,Brazil,FW,2022–2023,Металіст 1925 (Харків)
tm:98536,Адіс Яхович,high,,,Adis Jahovic,North Macedonia,FW,2013–2013,Ворскла (Полтава)
tm:986412,Радіон Лісняк,high,,,Radion Lisnyak,Ukraine,FW,2024–2024,Інгулець (Петрове)
tm:98821,Андрій Савченко,high,,,Andriy Savchenko,Ukraine,DF,2013–2013,Карпати (Львів)
tm:99189,Пеле,high,,,Pelé,Guinea-Bissau,MF,2012–2012,Арсенал (Київ)
tm:99490,Муртаз Даушвілі,high,,Даушвили Муртаз,Murtaz Daushvili,Georgia,MF,2011–2015,Карпати (Львів)
tm:99863,Пилип Будківський,auto,Будківський Пилип Вячеславович,Филипп Будковский,Pylyp Budkivskyi,Україна,FW,2010–2025,Маріуполь / Іллічівець; Севастополь; Зоря (Луганськ); Десна (Чернігів)
tm:998742,Шола Огундана,high,,,Shola Ogundana,Nigeria,FW,2025–2025,Динамо (Київ)
w:1945-00-00:luchesku,Мірча Луческу,high,,Мирча Луческу,,Румыния,MF,2011–2021,Шахтар (Донецьк); Динамо (Київ)
w:1946-00-00:altman,Семен Альтман,high,,Альтман Семён,,,MF,2011–2011,Таврія (Сімферополь)
w:1947-00-00:diachukstavitski,Юрій Дячук-Ставицький,high,,Дьячук-Ставицкий Юрий,,,MF,2011–2011,Карпати (Львів)
w:1947-00-00:iaremchenko,Валерій Яремченко,high,,Яремченко Валерий,,,MF,2011–2011,Маріуполь / Іллічівець
w:1947-00-00:semin,Юрій Сьомін,high,,Сёмин Юрий,,,MF,2011–2011,Динамо (Київ)
w:1951-00-00:markevich,Мирон Маркевич,high,,Маркевич Мирон,,,MF,2011–2011,Металіст (Харків)
w:1953-00-00:buriak,Леонід Буряк,high,,Буряк Леонид,,,MF,2011–2011,Олександрія
w:1953-00-00:kvartsiani,Віталій Кварцяний,high,,Кварцяный Виталий,,,MF,2011–2011,Волинь (Луцьк)
w:1954-00-00:pavlov,Микола Павлов,high,,Павлов Николай,,,MF,2011–2011,Ворскла (Полтава)
w:1954-00-00:ramos,Хуанде Рамос,high,,Рамос Кано Хуан де ла Крус,,,MF,2011–2011,Дніпро (Дніпропетровськ)
w:1956-03-11:kolesnikov,Юрій Колесников,auto,Колесников Юрій Васильович,,,Україна,FW,1992–1992,Зоря (Луганськ)
w:1956-09-17:hrachov,Віктор Грачов,auto,Грачов Віктор Олександрович,,,Україна,FW,1994–1994,Шахтар (Донецьк)
w:1956-10-20:hamali,Іван Гамалій,auto,Гамалій Іван Павлович,,,Україна,MF,1993–1993,Карпати (Львів)
w:1957-04-16:sorokalet,Олександр Сорокалєт,auto,Сорокалєт Олександр Іванович,,,Україна,DF,1992–1994,Металург (Запоріжжя); Торпедо (Запоріжжя); СК Миколаїв
w:1957-11-24:shari,Іван Шарій,auto,Шарій Іван Григорович,,,Україна,FW,1996–1998,Ворскла (Полтава)
w:1957-11-28:alistarov,Валерій Алістаров,auto,Алістаров Валерій Михайлович,,,Україна,MF,1992–1993,Буковина (Чернівці); Кремінь (Кременчук)
w:1958-00-00:chantsev,Анатолій Чанцев,high,,Чанцев Анатолий,,,MF,2011–2011,Зоря (Луганськ)
w:1958-01-13:sivuha,Юрій Сивуха,auto,Сивуха Юрій Петрович,,,Україна,GK,1992–1994,Металург (Запоріжжя); Торпедо (Запоріжжя)
w:1958-01-27:kriachko,Валентин Крячко,auto,Крячко Валентин Миколайович,,,Україна,DF,1993–1993,Металіст (Харків)
w:1958-03-24:trehubov,Віктор Трегубов,auto,Трегубов Віктор Васильович,,,Україна,DF,1992–1992,Кривбас (Кривий Ріг)
w:1958-07-03:mashnin,Валерій Машнін,auto,Машнін Валерій Олексійович,,,Україна,MF,1992–1992,Торпедо (Запоріжжя)
w:1958-08-05:fedetski,Андрій Федецький,auto,Федецький Андрій Стефанович,,,Україна,MF,1992–1995,Волинь (Луцьк)
w:1958-12-16:antoniuk,Володимир Антонюк,auto,Антонюк Володимир Георгійович,,,Україна,DF,1992–1993,Волинь (Луцьк)
w:1958-12-16:orinko,Олександр Орінко,high,Орінко Олександр Миколайович,,,Литва,GK,1992–1992,Верес (Рівне)
w:1959-00-00:demianenko,Анатолій Дем'яненко,high,,Демьяненко Анатолий,,,MF,2011–2011,Волинь (Луцьк)
w:1959-00-00:kuchuk,Леонід Кучук,high,,Леонид Кучук,,Беларусь,MF,2011–2021,Арсенал (Київ); Рух (Львів)
w:1959-01-05:smolianinov,Олег Смолянинов,auto,Смолянинов Олег Олексійович,,,Україна,FW,1993–1993,Зоря (Луганськ)
w:1959-01-20:prohorov,Юрій Прохоров,auto,Прохоров Юрій Іванович,,,Україна,GK,1994–1994,Нива (Тернопіль)
w:1959-02-19:demianenko,Анатолій Дем'яненко,auto,Дем'яненко Анатолій Васильович,,,Україна,DF,1992–1992,Динамо (Київ)
w:1959-03-10:petrov,Олександр Петров,auto,Петров Олександр Валерійович,,,Україна,GK,1993–1993,Таврія (Сімферополь)
w:1959-03-11:bashkirov,Сергій Башкиров,auto,Башкиров Сергій Геннадійович,,,Україна,DF,1992–1992,Металург (Запоріжжя)
w:1959-05-20:haidarji,Леонід Гайдаржи,auto,Гайдаржи Леонід Васильович,,,Україна,DF,1993–1996,Нива (Вінниця); Металург (Запоріжжя)
w:1959-06-09:iavorski,Ігор Яворський,auto,Яворський Ігор Петрович,,,Україна,FW,1992–1996,Верес (Рівне); Нива (Тернопіль)
w:1959-06-28:iaschenko,Сергій Ященко,auto,Ященко Сергій Володимирович,,,Україна,MF,1992–1994,Шахтар (Донецьк)
w:1960-01-07:kondratev,Георгій Кондратьєв,high,Кондратьев Георгій Петрович,,,Білорусь,FW,1993–1993,Темп (Шепетівка)
w:1960-01-07:shoh,Антон Шох,auto,Шох Антон Рохусович,,,Україна,MF,1992–1994,Кремінь (Кременчук); СК Миколаїв
w:1960-01-11:taran,Олег Таран,auto,Таран Олег Анатолійович,,,Україна,FW,1992–1994,Металург (Запоріжжя); Дніпро (Дніпропетровськ)
w:1960-01-20:suhenko,Віктор Сухенко,auto,Сухенко Віктор Миколайович,,,Україна,MF,1992–1992,Нива (Тернопіль)
w:1960-01-29:iakubovski,Ігор Якубовський,auto,Якубовський Ігор Кузьмич,,,Україна,MF,1994–1994,Темп (Шепетівка)
w:1960-02-15:tsiselski,Ігор Цісельський,auto,Цісельський Ігор Петрович,,,Україна,DF,1992–1993,Нива (Тернопіль); Верес (Рівне)
w:1960-02-21:valenko,Едуард Валенко,auto,Валенко Едуард Анатолійович,,,Україна,FW,1993–1994,Карпати (Львів)
w:1960-02-23:nakonechni,Ігор Наконечний,auto,Наконечний Ігор Анатолійович,,,Україна,MF,1993–1994,Металург (Запоріжжя)
w:1960-03-05:hurinovich,Ігор Гуринович,high,Гуринович Ігор Миколайович,,,Білорусь,FW,1992–1992,Верес (Рівне)
w:1960-03-25:rasulov,Ельхан Расулов,high,Расулов Ельхан Афсар-огли,,,Україна,GK,1993–1997,Карпати (Львів)
w:1960-04-02:prichinenko,Володимир Причиненко,auto,Причиненко Володимир Олексійович,,,Україна,DF,1994–1994,Темп (Шепетівка)
w:1960-04-05:tarasov,Юрій Тарасов,auto,Тарасов Юрій Іванович,,,Україна,FW,1993–1993,Металіст (Харків)
w:1960-04-15:burch,Михайло Бурч,auto,Бурч Михайло Васильович,,,Україна,GK,1992–1995,Волинь (Луцьк); Верес (Рівне)
w:1960-04-29:baranov,Олександр Баранов,auto,Баранов Олександр Іванович,,,Україна,MF,1993–1993,Металіст (Харків)
w:1960-05-15:shevchenko,Сергій Шевченко,auto,Шевченко Сергій Якович,,,Україна,MF,1992–1993,Таврія (Сімферополь); Металіст (Харків)
w:1960-06-12:kvasnikov,Сергій Квасніков,auto,Квасніков Сергій Вікторович,,,Україна,GK,1993–1993,Верес (Рівне)
w:1960-07-16:havrilov,Володимир Гаврилов,auto,Гаврилов Володимир Миколайович,,,Україна,GK,1993–1994,Шахтар (Донецьк)
w:1960-07-19:sich,Олег Сич,auto,Сич Олег Андрійович,,,Україна,MF,1993–1995,Металург (Запоріжжя); СК Миколаїв
w:1960-07-20:muradian,Сергій Мурадян,auto,Мурадян Сергій Вардкесович,,,Україна,FW,1992–1996,Кремінь (Кременчук)
w:1960-07-31:scherbakov,Олександр Щербаков,auto,Щербаков Олександр Іванович,,,Україна,FW,1992–1992,Чорноморець (Одеса)
w:1960-08-11:biskup,Ігор Біскуп,auto,Біскуп Ігор Іванович,,,Україна,DF,1992–2000,Нива (Тернопіль)
w:1960-08-22:shevchenko,Сергій Шевченко,auto,Шевченко Сергій Миколайович,,,Україна,DF,1992–1992,Кремінь (Кременчук)
w:1960-08-30:olinik,Віктор Олійник,auto,Олійник Віктор Борисович,,,Україна,DF,1992–1995,Буковина (Чернівці); Зірка (Кропивницький)
w:1960-08-31:chaban,Сергій Чабан,auto,Чабан Сергій Федорович,,,Україна,GK,1992–1992,Карпати (Львів)
w:1960-09-05:iurchenko,Ігор Юрченко,auto,Юрченко Ігор Миколайович,,,Україна,MF,1994–1997,Прикарпаття (Івано-Франківськ)
w:1960-09-15:cherednik,Олексій Чередник,auto,Чередник Олексій Валентинович,,,Україна,DF,1994–1995,Металург (Запоріжжя); Чорноморець (Одеса); Кривбас (Кривий Ріг)
w:1960-09-25:belanov,Ігор Бєланов,high,Бєланов Ігор,,,Україна,FW,1995–1995,Чорноморець (Одеса)
w:1960-11-03:budnik,Віктор Будник,auto,Будник Віктор Миколайович,,,Україна,MF,1992–1993,Буковина (Чернівці); Нива (Вінниця)
w:1960-12-08:zaiats,Ярослав Заяць,auto,Заяць Ярослав Миколайович,,,Україна,DF,1994–1994,Нива (Вінниця)
w:1961-00-00:rats,Василь Рац,high,,Рац Василий,,,MF,2011–2011,Оболонь (Київ)
w:1961-01-01:mahinia,Юрій Махиня,auto,Махиня Юрій Олександрович,,,Україна,DF,1992–1992,Кремінь (Кременчук)
w:1961-01-08:kuznetsov,Віктор Кузнецов,auto,Кузнецов Віктор Михайлович,,,Україна,MF,1993–1993,Торпедо (Запоріжжя)
w:1961-01-15:morozov,Сергій Морозов,auto,Морозов Сергій Миколайович,,,Україна,FW,1993–1993,Металург (Запоріжжя)
w:1961-01-15:suslo,Віктор Сусло,auto,Сусло Віктор Володимирович,,,Україна,DF,1993–1993,Темп (Шепетівка)
w:1961-01-24:chernih,Геннадій Черних,auto,Черних Геннадій Володимирович,,,Україна,MF,1992–1993,Верес (Рівне)
w:1961-02-10:volkov,Олександр Волков,auto,Волков Олександр Миколайович,,,Україна,MF,1992–1996,Торпедо (Запоріжжя); Зірка (Кропивницький)
w:1961-02-14:horodov,Валерій Городов,auto,Городов Валерій Васильович,,,Україна,GK,1992–1997,Дніпро (Дніпропетровськ); Кривбас (Кривий Ріг)
w:1961-03-02:zolotnitski,Євгеній Золотницький,auto,Золотницький Євгеній Олексійович,,,Україна,DF,1992–1992,Кремінь (Кременчук)
w:1961-04-23:turchinenko,Микола Турчиненко,auto,Турчиненко Микола Іванович,,,Україна,DF,1992–1994,Таврія (Сімферополь); Нива (Вінниця); Темп (Шепетівка)
w:1961-06-15:panchishin,Іван Панчишин,auto,Панчишин Іван Миколайович,,,Україна,DF,1992–1996,Металіст (Харків); Карпати (Львів)
w:1961-06-29:homonov,Сергій Гомонов,auto,Гомонов Сергій Анатолійович,,,Україна,MF,1993–1994,Темп (Шепетівка)
w:1961-07-29:tarasenko,Віталій Тарасенко,auto,Тарасенко Віталій Іванович,,,Україна,DF,1993–1995,Нива (Вінниця); Волинь (Луцьк)
w:1961-08-18:polni,Іван Польний,auto,Польний Іван Броніславович,,,Україна,DF,1992–1992,Волинь (Луцьк)
w:1961-09-01:chervoni,Олександр Червоний,auto,Червоний Олександр Володимирович,,,Україна,DF,1992–1997,Верес (Рівне); Дніпро (Дніпропетровськ); Зоря (Луганськ); Нива (Вінниця)
w:1961-09-14:bilous,Дмитро Білоус,auto,Білоус Дмитро Іванович,,,Україна,MF,1993–1993,Буковина (Чернівці)
w:1961-09-15:bobiliak,Ярослав Бобиляк,auto,Бобиляк Ярослав Іванович,,,Україна,MF,1992–1992,Кремінь (Кременчук)
w:1961-09-18:dunai,Віталій Дунай,auto,Дунай Віталій Олександрович,,,Україна,MF,1995–1995,Зоря (Луганськ)
w:1961-09-30:bratchikov,Ігор Братчиков,auto,Братчиков Ігор Анатолійович,,,Україна,MF,1993–1993,Металург (Запоріжжя)
w:1961-10-18:adjoev,Гурам Аджоєв,auto,Аджоєв Гурам Захарович,,,Україна,FW,1992–1992,Металіст (Харків)
w:1961-10-21:sapronov,Сергій Сапронов,auto,Сапронов Сергій Валентинович,,,Україна,DF,1992–1994,Верес (Рівне); Нива (Вінниця)
w:1961-11-02:hrishko,Віктор Гришко,auto,Гришко Віктор Васильович,,,Україна,GK,1995–1999,СК Миколаїв; Чорноморець (Одеса)
w:1961-11-14:troitski,Сергій Троїцький,high,Троїцький Сергій Геннадійович,,,Росія,DF,1992–1995,Кремінь (Кременчук)
w:1962-01-09:zolotnitski,Сергій Золотницький,auto,Золотницький Сергій Юрійович,,,Україна,GK,1992–1996,Кремінь (Кременчук); Зірка (Кропивницький)
w:1962-01-21:stepanischev,Ігор Степанищев,high,Степанищев Ігор Валентинович,,,Казахстан,MF,1992–1992,Зоря (Луганськ)
w:1962-01-28:smihunov,Віктор Смігунов,auto,Смігунов Віктор Іванович,,,Україна,DF,1992–1999,Шахтар (Донецьк); Таврія (Сімферополь)
w:1962-02-09:beloshapka,Борис Белошапка,auto,Белошапка Борис Іванович,,,Україна,GK,1997–1999,Зірка (Кропивницький)
w:1962-02-11:rudi,Віктор Рудий,auto,Рудий Віктор Володимирович,,,Україна,MF,1993–1993,Нива (Вінниця)
w:1962-02-15:diki,Володимир Дикий,auto,Дикий Володимир Петрович,,,Україна,FW,1992–1995,Волинь (Луцьк)
w:1962-02-21:bahmut,Володимир Багмут,auto,Багмут Володимир Миколайович,,,Україна,MF,1992–1996,Дніпро (Дніпропетровськ); Торпедо (Запоріжжя)
w:1962-03-18:hruslov,В'ячеслав Хруслов,fixed,Хруслов Вячеслав Михайлович,,,Україна,DF,1992–1993,Динамо (Київ)
w:1962-03-19:iaremchuk,Іван Яремчук,auto,Яремчук Іван Іванович,,,Україна,MF,1996–1998,Ворскла (Полтава); Прикарпаття (Івано-Франківськ)
w:1962-03-22:zadorojniak,Василь Задорожняк,auto,Задорожняк Василь Григорович,,,Україна,MF,1992–1993,Буковина (Чернівці)
w:1962-03-23:zaets,Олександр Заєць,auto,Заєць Олександр Леонідович,,,Україна,FW,1992–1994,Торпедо (Запоріжжя)
w:1962-04-01:horbenko,Юрій Горбенко,auto,Горбенко Юрій Володимирович,,,Україна,FW,1994–1994,Темп (Шепетівка)
w:1962-04-08:chumak,Юрій Чумак,auto,Чумак Юрій Олександрович,,,Україна,GK,1992–1999,Кремінь (Кременчук); Нива (Тернопіль); Прикарпаття (Івано-Франківськ)
w:1962-04-17:puchkov,Сергій Пучков,auto,Пучков Сергій Валентинович,,,Україна,DF,1994–1995,СК Миколаїв
w:1962-04-20:liuti,Володимир Лютий,auto,Лютий Володимир Іванович,,,Україна,FW,1996–1996,Дніпро (Дніпропетровськ)
w:1962-05-15:popovich,Віктор Попович,auto,Попович Віктор Миколайович,,,Україна,DF,1997–1997,Торпедо (Запоріжжя)
w:1962-05-25:turianski,Сергій Турянський,auto,Турянський Сергій Миронович,,,Україна,FW,1994–1997,Прикарпаття (Івано-Франківськ); Нива (Тернопіль)
w:1962-05-27:chistov,Анатолій Чистов,auto,Чистов Анатолій Володимирович,,,Україна,GK,1992–1999,Кривбас (Кривий Ріг); Дніпро (Дніпропетровськ); Чорноморець (Одеса)
w:1962-05-30:rafalchuk,Віктор Рафальчук,auto,Рафальчук Віктор Казимирович,,,Україна,MF,1992–1993,Карпати (Львів)
w:1962-06-05:smotrich,Юрій Смотрич,auto,Смотрич Юрій Іванович,,,Україна,DF,1993–1995,Чорноморець (Одеса); СК Миколаїв; Прикарпаття (Івано-Франківськ)
w:1962-06-07:simakovich,Валентин Сімакович,auto,Сімакович Валентин Борисович,,,Україна,GK,1997–1997,Зірка (Кропивницький)
w:1962-08-17:iarovenko,Євген Яровенко,auto,Яровенко Євген Вікторович,,,Україна,DF,1992–1996,Дніпро (Дніпропетровськ); Металург (Запоріжжя); Кривбас (Кривий Ріг)
w:1962-08-20:huihanov,Олександр Гуйганов,auto,Гуйганов Олександр Михайлович,,,Україна,DF,1994–1995,Металург (Запоріжжя)
w:1962-08-24:suharev,Сергій Сухарев,auto,Сухарев Сергій Віталійович,,,Україна,DF,1994–1995,Нива (Тернопіль); Волинь (Луцьк)
w:1962-08-30:evsev,Василь Євсєєв,auto,Євсєєв Василь Аркадійович,,,Україна,DF,1993–1994,Буковина (Чернівці); Нива (Вінниця)
w:1962-11-12:savka,Михайло Савка,auto,Савка Михайло Степанович,,,Україна,DF,1995–1997,Прикарпаття (Івано-Франківськ)
w:1962-11-13:raliuchenko,Сергій Ралюченко,auto,Ралюченко Сергій Петрович,,,Україна,MF,1992–1997,Торпедо (Запоріжжя); Темп (Шепетівка); Зірка (Кропивницький)
w:1962-11-24:avdenko,Юрій Авдеєнко,auto,Авдеєнко Юрій Петрович,,,Україна,FW,1992–1993,Зоря (Луганськ)
w:1962-11-29:dovhalets,Олександр Довгалець,auto,Довгалець Олександр Леонідович,,,Україна,MF,1994–1994,Верес (Рівне)
w:1962-12-01:kapanadze,Таріел Капанадзе,high,Капанадзе Таріел Давидович,,,Грузія,MF,1993–2000,Темп (Шепетівка); Нива (Тернопіль)
w:1963-01-03:mhlinets,Віктор Мглинець,auto,Мглинець Віктор Іванович,,,Україна,MF,1996–1997,Чорноморець (Одеса)
w:1963-01-06:kondratenko,Андрій Кондратенко,auto,Кондратенко Андрій Вікторович,,,Україна,MF,1994–1995,Зоря (Луганськ)
w:1963-01-22:korotaev,Андрій Коротаєв,auto,Коротаєв Андрій Олексійович,,,Україна,MF,1992–1993,Волинь (Луцьк); Верес (Рівне)
w:1963-01-25:petrik,Олександр Петрик,auto,Петрик Олександр Геннадійович,,,Україна,FW,1993–1994,Металург (Запоріжжя)
w:1963-01-28:fedorov,Леонід Федоров,auto,Федоров Леонід Володимирович,,,Україна,MF,1992–1999,Буковина (Чернівці); Зірка (Кропивницький)
w:1963-02-07:protsiuk,Сергій Процюк,auto,Процюк Сергій Анатолійович,,,Україна,DF,1992–1994,Чорноморець (Одеса); Верес (Рівне)
w:1963-02-12:filoniuk,Павло Філонюк,auto,Філонюк Павло Олександрович,,,Україна,FW,1992–1992,Волинь (Луцьк)
w:1963-03-01:novak,Володимир Новак,auto,Новак Володимир Петрович,,,Україна,DF,1992–1994,Верес (Рівне)
w:1963-03-22:kuznetsov,Олег Кузнєцов,auto,Кузнєцов Олег Володимирович,,,Україна,DF,1995–1995,ЦСКА (Київ)
w:1963-03-25:samardak,Богдан Самардак,auto,Самардак Богдан Миколайович,,,Україна,FW,1992–1998,Верес (Рівне); Нива (Тернопіль)
w:1963-05-25:vatamaniuk,Ярослав Ватаманюк,auto,Ватаманюк Ярослав Петрович,,,Україна,DF,1994–1999,Прикарпаття (Івано-Франківськ)
w:1963-06-20:tsimbal,Сергій Цимбал,auto,Цимбал Сергій Юрійович,,,Україна,DF,1994–1994,СК Миколаїв
w:1963-07-10:panchik,Валерій Панчик,auto,Панчик Валерій Станіславович,,,Україна,DF,1992–1992,Металіст (Харків)
w:1963-07-20:anvar,Анвар Жаббаров,high,Жаббаров Анвар,,,Узбекистан,GK,1992–1992,Кривбас (Кривий Ріг)
w:1963-08-22:kulish,Юрій Куліш,high,Куліш Юрій Петрович,,,Росія,MF,1992–1995,Нива (Тернопіль); СК Миколаїв
w:1963-08-22:spitsin,Олександр Спіцин,auto,Спіцин Олександр Сергійович,,,Україна,DF,1994–1999,СК Миколаїв; Чорноморець (Одеса)
w:1963-08-30:kuznetsov,Микола Кузнєцов,auto,Кузнєцов Микола Миколайович,,,Україна,MF,1994–1994,Темп (Шепетівка)
w:1963-09-11:litovchenko,Геннадій Литовченко,auto,Литовченко Геннадій Володимирович,,,Україна,MF,1995–1995,Чорноморець (Одеса)
w:1963-09-18:tkachuk,Валерій Ткачук,auto,Ткачук Валерій Андрійович,,,Україна,MF,1992–1994,Торпедо (Запоріжжя); Металург (Запоріжжя)
w:1963-09-28:lukash,Сергій Лукаш,auto,Лукаш Сергій Митрофанович,,,Україна,DF,1992–1996,Кремінь (Кременчук)
w:1963-10-14:melnichuk,Ігор Мельничук,auto,Мельничук Ігор Васильович,,,Україна,MF,1994–1994,Верес (Рівне)
w:1963-11-05:romanov,Юрій Романов,auto,Романов Юрій Володимирович,,,Україна,DF,1993–1995,Темп (Шепетівка); Торпедо (Запоріжжя)
w:1963-11-12:sobotiuk,Сергій Соботюк,auto,Соботюк Сергій Анатолійович,,,Україна,DF,1992–1994,Буковина (Чернівці); Нива (Вінниця); Торпедо (Запоріжжя)
w:1963-11-27:iarmolich,Сергій Ярмолич,auto,Ярмолич Сергій Федорович,,,Україна,DF,1993–1995,Зоря (Луганськ); Металург (Запоріжжя)
w:1963-12-07:petrik,Анатолій Петрик,auto,Петрик Анатолій Степанович,,,Україна,MF,1992–1997,Карпати (Львів)
w:1963-12-07:samara,Олександр Самара,auto,Самара Олександр Юрійович,,,Україна,MF,1996–1996,Кремінь (Кременчук)
w:1963-12-13:fediukov,Олег Федюков,auto,Федюков Олег Іванович,,,Україна,DF,1992–2003,Волинь (Луцьк); Карпати (Львів)
w:1963-12-17:tsiba,Володимир Циба,auto,Циба Володимир Борисович,,,Україна,FW,1993–1993,Металіст (Харків)
w:1963-12-20:leskiv,Василь Леськів,auto,Леськів Василь Іванович,,,Україна,MF,1992–2001,Карпати (Львів)
w:1964-00-00:aleksandr,Олександр Рябоконь,high,,Александр Рябоконь,,Украина,FW,2021–2021,Десна (Чернігів)
w:1964-00-00:kucherov,Павло Кучеров,high,,Кучеров Павел,,,MF,2011–2011,Карпати (Львів)
w:1964-01-09:litvinov,Геннадій Літвінов,auto,Літвінов Геннадій Юрійович,,,Україна,DF,1992–1993,Зоря (Луганськ)
w:1964-01-16:fasahov,Тагір Фасахов,high,Фасахов Тагір Рівкатович,,,Киргизстан,FW,1992–1994,Нива (Тернопіль); Прикарпаття (Івано-Франківськ)
w:1964-01-28:hridiushko,Олександр Гридюшко,auto,Гридюшко Олександр Станіславович,,,Україна,FW,1993–1994,Зоря (Луганськ)
w:1964-01-28:mozoliuk,Володимир Мозолюк,auto,Мозолюк Володимир Данилович,,,Україна,FW,1992–1995,Волинь (Луцьк); Карпати (Львів)
w:1964-01-30:petrov,Ігор Петров,auto,Петров Ігор Григорович,,,Україна,MF,1994–1997,Шахтар (Донецьк); Металург (Донецьк)
w:1964-02-02:raiko,Сергій Райко,auto,Райко Сергій Іванович,,,Україна,MF,1996–1996,Нива (Вінниця)
w:1964-02-10:sofilkanich,Валерій Софілканич,auto,Софілканич Валерій Михайлович,,,Україна,FW,1992–1992,Кремінь (Кременчук)
w:1964-02-13:drahunov,Євген Драгунов,auto,Драгунов Євген Іванович,,,Україна,DF,1992–1993,Шахтар (Донецьк); Таврія (Сімферополь)
w:1964-02-19:salimov,Фанас Салімов,high,Салімов Фанас Нагімович,,,Казахстан,MF,1992–1995,Нива (Тернопіль); Кривбас (Кривий Ріг); СК Миколаїв
w:1964-03-26:novoseltsev,Юрій Новосельцев,auto,Новосельцев Юрій Євгенович,,,Україна,MF,1993–1993,Металург (Запоріжжя)
w:1964-03-28:bonetski,Сергій Бонецький,auto,Бонецький Сергій Романович,,,Україна,MF,1993–1994,Торпедо (Запоріжжя); Волинь (Луцьк)
w:1964-04-01:hredil,Степан Греділь,auto,Греділь Степан Осипович,,,Україна,DF,1995–1996,Кривбас (Кривий Ріг)
w:1964-04-15:brundjadze,Ніязі Брунджадзе,high,Брунджадзе Ніязі Ізетович,,,Грузія,MF,1993–1994,Темп (Шепетівка); СК Миколаїв
w:1964-05-04:bilozerski,Олександр Білозерський,auto,Білозерський Олександр Павлович,,,Україна,DF,1995–1999,Кривбас (Кривий Ріг); Кремінь (Кременчук); Зірка (Кропивницький)
w:1964-05-07:kabanets,Ігор Кабанець,auto,Кабанець Ігор Леонідович,,,Україна,MF,1992–1994,Верес (Рівне)
w:1964-05-16:moisev,Ігор Моісеєв,auto,Моісеєв Ігор Олександрович,,,Україна,GK,1992–1992,Торпедо (Запоріжжя); Дніпро (Дніпропетровськ)
w:1964-07-30:rodnonok,Павло Родньонок,high,Родньонок Павло Петрович,,,Білорусь,DF,1992–1992,Верес (Рівне)
w:1964-08-09:pankratev,Ігор Панкратьєв,check,Панкратьев Ігор Панкратійович,,,Литва,MF,1992–1996,Динамо (Київ); Зоря (Луганськ); Нива (Тернопіль)
w:1964-09-08:isaev,Олександр Ісаєв,auto,Ісаєв Олександр Вікторович,,,Україна,DF,1994–1994,Темп (Шепетівка)
w:1964-09-16:horoshinski,Валерій Горошинський,auto,Горошинський Валерій Володимирович,,,Україна,DF,1992–1993,Нива (Тернопіль); Верес (Рівне)
w:1964-10-01:azovski,Іван Азовський,auto,Азовський Іван Геннадійович,,,Україна,MF,1995–1995,Кривбас (Кривий Ріг)
w:1964-10-01:dudka,Валерій Дудка,auto,Дудка Валерій Олександрович,,,Україна,GK,1992–1997,Кремінь (Кременчук); СК Миколаїв; Кривбас (Кривий Ріг)
w:1964-10-01:ptashnik,Сергій Пташник,auto,Пташник Сергій Володимирович,,,Україна,MF,1999–1999,Прикарпаття (Івано-Франківськ)
w:1964-10-04:merab,Мераб Тевзадзе,high,Тевзадзе Мераб,,,Грузія,MF,1994–1994,Темп (Шепетівка)
w:1964-10-07:akbarov,Едуард Акбаров,auto,Акбаров Едуард Ільдусович,,,Україна,MF,1993–1993,Нива (Вінниця)
w:1964-10-24:sluka,Микола Слука,auto,Слука Микола Васильович,,,Україна,MF,1992–1992,Карпати (Львів); Волинь (Луцьк)
w:1964-11-07:koliada,Ігор Коляда,auto,Коляда Ігор Васильович,,,Україна,FW,1993–1994,Темп (Шепетівка); Металург (Запоріжжя)
w:1964-12-04:rudnitski,Віталій Рудницький,auto,Рудницький Віталій Павлович,,,Україна,DF,1992–1996,Нива (Тернопіль)
w:1964-12-13:belichenko,Юрій Бєліченко,auto,Бєліченко Юрій Олександрович,,,Україна,MF,1992–1998,Шахтар (Донецьк); Зірка (Кропивницький); Металург (Донецьк)
w:1964-12-19:iakovenko,Павло Яковенко,auto,Яковенко Павло Олександрович,,,Україна,MF,1992–1992,Динамо (Київ)
w:1965-00-00:dulub,Олег Дулуб,high,,Олег Дулуб,,Беларусь,FW,2021–2021,ПФК Львів
w:1965-00-00:hrihorchuk,Роман Григорчук,high,,Григорчук Роман,,,MF,2011–2011,Чорноморець (Одеса)
w:1965-01-02:sartakov,Ігор Сартаков,high,Сартаков Ігор Анатолійович,,,Росія,MF,1992–1992,Волинь (Луцьк)
w:1965-01-05:voitiuk,Олександр Войтюк,auto,Войтюк Олександр Ростиславович,,,Україна,DF,1992–1993,Буковина (Чернівці); Торпедо (Запоріжжя); Верес (Рівне)
w:1965-01-10:morhun,Олег Моргун,auto,Моргун Олег Анатолійович,,,Україна,GK,1996–1997,Ворскла (Полтава)
w:1965-01-12:bondarchuk,Василь Бондарчук,auto,Бондарчук Василь Васильович,,,Україна,MF,1992–1995,Буковина (Чернівці); Карпати (Львів); Зірка (Кропивницький)
w:1965-01-17:bubis,Іван Бубісь,auto,Бубісь Іван Антонович,,,Україна,MF,1992–1993,Буковина (Чернівці)
w:1965-01-17:danilishin,Віктор Данилишин,auto,Данилишин Віктор Богданович,,,Україна,MF,1992–1993,Кремінь (Кременчук); Нива (Вінниця)
w:1965-01-25:poliakov,Олександр Поляков,auto,Поляков Олександр Федорович,,,Україна,DF,1992–1992,Кремінь (Кременчук)
w:1965-01-28:poliakov,Віталій Поляков,auto,Поляков Віталій Васильович,,,Україна,FW,1993–1993,Зоря (Луганськ)
w:1965-01-29:chernishov,Сергій Чернишов,high,Чернишов Сергій Дмитрович,,,Білорусь,MF,1994–1994,Зоря (Луганськ)
w:1965-01-31:hula,Олег Гула,auto,Гула Олег Володимирович,,,Україна,DF,1993–1993,Волинь (Луцьк)
w:1965-02-03:hromov,Віктор Громов,auto,Громов Віктор Олексійович,,,Україна,FW,1992–1998,Кривбас (Кривий Ріг); Металург (Запоріжжя)
w:1965-02-15:pokidko,Ігор Покідько,auto,Покідько Ігор Романович,,,Україна,DF,1992–1993,Верес (Рівне); Нива (Тернопіль)
w:1965-02-17:cherkun,Ігор Черкун,auto,Черкун Ігор Валентинович,,,Україна,DF,1992–1997,Торпедо (Запоріжжя); Зірка (Кропивницький)
w:1965-02-20:medvid,В'ячеслав Медвідь,auto,Медвідь В'ячеслав Йосипович,,,Україна,MF,1992–1992,Нива (Тернопіль)
w:1965-03-06:kovtun,Віталій Ковтун,auto,Ковтун Віталій Анатолійович,,,Україна,MF,1993–1993,Зоря (Луганськ)
w:1965-03-13:matiuha,Андрій Матюха,auto,Матюха Андрій Володимирович,,,Україна,MF,1992–1992,Торпедо (Запоріжжя)
w:1965-03-13:volkov,Ігор Волков,auto,Волков Ігор Миколайович,,,Україна,DF,1992–1997,Таврія (Сімферополь)
w:1965-03-16:rolevich,Олександр Ролевич,auto,Ролевич Олександр Георгійович,,,Україна,DF,1992–1994,Кривбас (Кривий Ріг); Верес (Рівне); Темп (Шепетівка)
w:1965-03-18:juravlenko,Олександр Журавленко,auto,Журавленко Олександр Анатолійович,,,Україна,MF,1994–1994,СК Миколаїв
w:1965-03-22:hrihorchuk,Роман Григорчук,auto,Григорчук Роман Йосипович,,,Україна,FW,1994–1995,Прикарпаття (Івано-Франківськ); Кривбас (Кривий Ріг)
w:1965-04-12:skala,Юрій Скала,auto,Скала Юрій Васильович,,,Україна,MF,1994–1994,Зоря (Луганськ)
w:1965-04-25:krivenko,Олег Кривенко,auto,Кривенко Олег Миколайович,,,Україна,DF,1995–1996,Кремінь (Кременчук); Ворскла (Полтава)
w:1965-04-30:len,Юрій Лень,auto,Лень Юрій Олександрович,,,Україна,MF,1992–1994,Верес (Рівне); Кремінь (Кременчук)
w:1965-05-11:mustafaev,Асан Мустафаєв,auto,Мустафаєв Асан Сеферович,,,Україна,DF,1992–1995,Металіст (Харків); Буковина (Чернівці); Кремінь (Кременчук); Зоря (Луганськ)
w:1965-06-05:martinov,Юрій Мартинов,auto,Мартинов Юрій Петрович,,,Україна,MF,1995–1999,Зірка (Кропивницький)
w:1965-06-21:storchak,Василь Сторчак,auto,Сторчак Василь Валерійович,,,Україна,FW,1992–1998,Металург (Запоріжжя); Торпедо (Запоріжжя); СК Миколаїв
w:1965-07-13:vasilitchuk,Андрій Василитчук,auto,Василитчук Андрій Миколайович,,,Україна,DF,1992–1996,Нива (Тернопіль); Карпати (Львів); Нива (Вінниця)
w:1965-07-23:taran,Вадим Таран,auto,Таран Вадим Володимирович,,,Україна,DF,1995–1995,Волинь (Луцьк)
w:1965-08-01:ialovski,Віктор Яловський,auto,Яловський Віктор Михайлович,,,Україна,MF,1992–1997,Торпедо (Запоріжжя); Кремінь (Кременчук); Темп (Шепетівка); Кривбас (Кривий Ріг)
w:1965-08-07:sechin,Сергій Сечін,auto,Сечін Сергій Миколайович,,,Україна,DF,1997–1997,Зірка (Кропивницький)
w:1965-08-12:tiapushkin,Дмитро Тяпушкін,auto,Тяпушкін Дмитро Альбертович,,,Україна,GK,1992–1993,Нива (Тернопіль)
w:1965-08-13:zeiberlinsh,Арманд Зейберліньш,high,Зейберліньш Арманд Янович,,,Латвія,FW,1997–1997,Металург (Запоріжжя)
w:1965-09-14:esipov,Олександр Єсипов,auto,Єсипов Олександр Геннадійович,,,Україна,MF,1992–1994,Торпедо (Запоріжжя); Кремінь (Кременчук); Металіст (Харків); СК Миколаїв
w:1965-09-16:arakelian,Самвел Аракелян,high,Аракелян Самвел Вашикторович,,,Вірменія,FW,1993–1993,Металіст (Харків)
w:1965-09-27:jorjoliani,Гоча Жоржоліані,high,Жоржоліані Гоча Теймурович,,,Грузія,GK,1993–1993,Темп (Шепетівка)
w:1965-09-28:mikolaenko,Юрій Миколаєнко,auto,Миколаєнко Юрій Петрович,,,Україна,MF,1992–1999,Металіст (Харків); Нива (Вінниця); СК Миколаїв; Кривбас (Кривий Ріг)
w:1965-10-03:martinkenas,Вальдемарас Мартінкенас,high,Мартінкенас Вальдемарас Адольфович,,,Литва,GK,1992–1992,Динамо (Київ)
w:1965-10-11:horili,Володимир Горілий,auto,Горілий Володимир Іванович,,,Україна,FW,1993–1995,Дніпро (Дніпропетровськ)
w:1965-10-30:chaika,Олег Чайка,auto,Чайка Олег Миколайович,,,Україна,MF,1993–1993,Темп (Шепетівка)
w:1965-11-23:ivanov,Олександр Іванов,auto,Іванов Олександр Михайлович,,,Україна,FW,1992–1992,Торпедо (Запоріжжя)
w:1965-11-23:konovalchuk,Володимир Коновальчук,auto,Коновальчук Володимир Дмитрович,,,Україна,MF,1992–1998,Кремінь (Кременчук); Ворскла (Полтава); Металург (Запоріжжя)
w:1965-12-06:fokin,Ігор Фокін,auto,Фокін Ігор Петрович,,,Україна,DF,1992–1997,Зоря (Луганськ); Кривбас (Кривий Ріг); Металург (Запоріжжя); Торпедо (Запоріжжя)
w:1965-12-17:kutepov,Ігор Кутєпов,auto,Кутєпов Ігор Миколайович,,,Україна,GK,1992–1996,Динамо (Київ)
w:1965-12-27:ovcharenko,Ігор Овчаренко,auto,Овчаренко Ігор Вячеславович,,,Україна,MF,1992–1992,Торпедо (Запоріжжя)
w:1966-00-00:kononov,Олег Кононов,high,,Кононов Олег,,,MF,2011–2011,Карпати (Львів)
w:1966-00-00:vernidub,Юрій Вернидуб,high,,Вернидуб Юрий,,,MF,2011–2011,Зоря (Луганськ)
w:1966-01-02:korzanov,Олександр Корзанов,high,Корзанов Олександр Іванович,,,Киргизстан,DF,1992–1993,Кремінь (Кременчук)
w:1966-01-02:timoschuk,Ігор Тімощук,auto,Тімощук Ігор Іванович,,,Україна,DF,1993–1994,Темп (Шепетівка)
w:1966-01-03:fokin,Юрій Фокін,auto,Фокін Юрій Тенгісович,,,Україна,MF,1992–2001,Шахтар (Донецьк); Таврія (Сімферополь); Нива (Тернопіль); Металург (Донецьк)
w:1966-01-16:bakalov,Юрій Бакалов,auto,Бакалов Юрій Михайлович,,,Україна,MF,1992–1992,Торпедо (Запоріжжя)
w:1966-01-22:vernidub,Юрій Вернидуб,auto,Вернидуб Юрій Миколайович,,,Україна,MF,1992–1996,Металург (Запоріжжя); Торпедо (Запоріжжя)
w:1966-02-03:haria,Георгій Харя,auto,Харя Георгій Георгійович,,,Україна,MF,1992–1992,Металіст (Харків)
w:1966-02-13:sorokin,Вадим Сорокін,auto,Сорокін Вадим Євгенович,,,Україна,MF,1994–1998,СК Миколаїв; Зірка (Кропивницький)
w:1966-02-15:riznik,Володимир Різник,auto,Різник Володимир Йосипович,,,Україна,MF,1992–2001,Карпати (Львів)
w:1966-02-18:marev,Андрій Марєєв,auto,Марєєв Андрій Олексійович,,,Україна,MF,1992–1992,Торпедо (Запоріжжя)
w:1966-03-05:chervoni,Віктор Червоний,auto,Червоний Віктор Володимирович,,,Україна,MF,1993–1997,Верес (Рівне); Нива (Тернопіль); Маріуполь / Іллічівець
w:1966-03-10:hudimenko,Юрій Гудименко,high,Гудименко Юрій Аркадійович,,,Росія,MF,1992–1992,Таврія (Сімферополь)
w:1966-03-11:kolokolov,Руслан Колоколов,auto,Колоколов Руслан Миколайович,,,Україна,DF,1993–1998,Темп (Шепетівка); Металург (Запоріжжя); Кривбас (Кривий Ріг); Металіст (Харків)
w:1966-03-19:ovcharov,Юрій Овчаров,auto,Овчаров Юрій Миколайович,,,Україна,GK,1996–1996,Зірка (Кропивницький)
w:1966-03-19:sobol,Юрій Соболь,auto,Соболь Юрій Олексійович,,,Україна,MF,1996–1996,Ворскла (Полтава); Кремінь (Кременчук)
w:1966-03-28:salo,Ігор Сало,auto,Сало Ігор Іванович,,,Україна,DF,1995–1995,Кремінь (Кременчук)
w:1966-03-31:iurchenko,Микола Юрченко,auto,Юрченко Микола Миколайович,,,Україна,MF,1994–1994,Прикарпаття (Івано-Франківськ)
w:1966-04-12:telesnenko,Андрій Телесненко,auto,Телесненко Андрій Васильович,,,Україна,DF,1992–1994,Чорноморець (Одеса)
w:1966-04-18:korponai,Адальберт Корпонай,auto,Корпонай Адальберт Тиберійович,,,Україна,MF,1992–1996,Металург (Запоріжжя); Кремінь (Кременчук); СК Миколаїв
w:1966-04-24:sheihametov,Толят Шейхаметов,auto,Шейхаметов Толят Абдулганієвич,,,Україна,FW,1992–1996,Таврія (Сімферополь); Кремінь (Кременчук)
w:1966-04-29:stelmah,Михайло Стельмах,auto,Стельмах Михайло Андрійович,,,Україна,MF,1992–1997,Карпати (Львів); ЦСКА (Київ)
w:1966-05-14:krapivkin,Ігор Крапивкін,auto,Крапивкін Ігор Євгенійович,,,Україна,GK,1992–1998,Буковина (Чернівці); Прикарпаття (Івано-Франківськ); СК Миколаїв
w:1966-05-15:lutkov,Олег Лутков,auto,Лутков Олег Анатолійович,,,Україна,GK,1993–1997,Металург (Запоріжжя); Кривбас (Кривий Ріг)
w:1966-06-02:mehov,Олег Мєхов,high,Мєхов Олег Іванович,,,Росія,FW,1992–1992,Верес (Рівне)
w:1966-06-09:plotko,Ігор Плотко,auto,Плотко Ігор Володимирович,,,Україна,FW,1992–2002,Карпати (Львів); Дніпро (Дніпропетровськ); Торпедо (Запоріжжя); Кривбас (Кривий Ріг)
w:1966-06-29:bondarenko,Олександр Бондаренко,auto,Бондаренко Олександр Миколайович,,,Україна,DF,1992–1999,Чорноморець (Одеса); Торпедо (Запоріжжя); Зірка (Кропивницький)
w:1966-06-29:mokan,Василь Мокан,auto,Мокан Василь Іванович,,,Україна,MF,1999–1999,Чорноморець (Одеса)
w:1966-07-02:buts,Петро Буц,auto,Буц Петро Миколайович,,,Україна,DF,1992–1994,Кривбас (Кривий Ріг); СК Миколаїв
w:1966-07-17:derevinski,Олег Деревінський,auto,Деревінський Олег Михайлович,,,Україна,DF,1993–1996,Темп (Шепетівка); Металург (Запоріжжя); Кривбас (Кривий Ріг)
w:1966-07-19:kislov,Ігор Кислов,auto,Кислов Ігор Миколайович,,,Україна,MF,1996–2000,Ворскла (Полтава); Зірка (Кропивницький); Таврія (Сімферополь)
w:1966-08-01:tsitkin,Володимир Циткін,auto,Циткін Володимир Борисович,,,Україна,GK,1992–2002,Буковина (Чернівці); Нива (Вінниця); Прикарпаття (Івано-Франківськ); Оболонь (Київ)
w:1966-08-05:huschin,Олександр Гущин,auto,Гущин Олександр Сергійович,,,Україна,FW,1994–1995,Зоря (Луганськ); Кремінь (Кременчук)
w:1966-08-10:savchenko,Сергій Савченко,auto,Савченко Сергій Вікторович,,,Україна,MF,1992–1992,Торпедо (Запоріжжя)
w:1966-08-14:bondarenko,Роман Бондаренко,auto,Бондаренко Роман Дмитрійович,,,Україна,FW,1992–1999,Торпедо (Запоріжжя); Металург (Запоріжжя)
w:1966-08-16:tibilov,Гоча Тібілов,auto,Тібілов Гоча Казбекович,,,Україна,FW,1992–1992,Волинь (Луцьк)
w:1966-09-10:tsveiba,Ахрік Цвейба,high,Цвейба Ахрік Сократович,,,Росія,DF,1992–1992,Динамо (Київ)
w:1966-09-25:topchev,Дмитро Топчієв,auto,Топчієв Дмитро Миколайович,,,Україна,MF,1992–2002,Динамо (Київ); Карпати (Львів); Дніпро (Дніпропетровськ); Зірка (Кропивницький)
w:1966-10-12:rusnak,Іван Руснак,auto,Руснак Іван Іванович,,,Україна,DF,1992–1998,Буковина (Чернівці); Зірка (Кропивницький)
w:1966-10-19:krivchenko,Юрій Кривченко,auto,Кривченко Юрій Михайлович,,,Україна,MF,1993–1997,Темп (Шепетівка); Зірка (Кропивницький)
w:1966-10-28:lantsfer,Ярослав Ланцфер,auto,Ланцфер Ярослав Йосипович,,,Україна,DF,1992–1993,Торпедо (Запоріжжя); Верес (Рівне); Металіст (Харків)
w:1966-10-29:huzun,Олександр Гузун,auto,Гузун Олександр Дмитрович,,,Україна,DF,1996–1999,Нива (Вінниця); Дніпро (Дніпропетровськ)
w:1966-11-23:hromei,Віталій Хромей,auto,Хромей Віталій Михайлович,,,Україна,MF,1994–1994,Нива (Тернопіль)
w:1966-11-30:laba,Роман Лаба,auto,Лаба Роман Романович,,,Україна,FW,1992–1994,Буковина (Чернівці); Верес (Рівне); Кремінь (Кременчук)
w:1966-12-24:tkachov,Борис Ткачов,auto,Ткачов Борис Сергійович,,,Україна,GK,1994–1994,Таврія (Сімферополь)
w:1966-12-28:nefedov,Олександр Нефедов,auto,Нефедов Олександр Миколайович,,,Україна,DF,1992–1996,Торпедо (Запоріжжя); Нива (Вінниця); Кривбас (Кривий Ріг)
w:1967-00-00:ihor,Ігор Леонов,high,,Игорь Леонов,,Украина,FW,2021–2021,Минай
w:1967-00-00:leonov,Ігор Леонов,high,,Леонов Игорь,,,MF,2011–2011,Маріуполь / Іллічівець
w:1967-01-01:piskun,Едуард Піскун,auto,Піскун Едуард Олександрович,,,Україна,MF,1995–1995,Зірка (Кропивницький)
w:1967-01-03:bahmetev,Ігор Бахметьєв,auto,Бахметьєв Ігор Олександрович,,,Україна,DF,1998–1998,СК Миколаїв
w:1967-01-03:kvitkauskas,Гінтарас Квіткаускас,high,Квіткаускас Гінтарас Вікторович,,,Литва,DF,1992–1992,Верес (Рівне)
w:1967-01-03:sak,Юрій Сак,auto,Сак Юрій Миколайович,,,Україна,MF,1992–2002,Чорноморець (Одеса); Маріуполь / Іллічівець; Оболонь (Київ)
w:1967-01-17:harkivschenko,Ігор Харківщенко,auto,Харківщенко Ігор Олександрович,,,Україна,DF,1993–1997,Верес (Рівне); Дніпро (Дніпропетровськ)
w:1967-01-20:sukiasian,Ерванд Сукіасян,high,Сукіасян Ерванд Гарсеванович,,,Вірменія,DF,1992–1992,Динамо (Київ)
w:1967-01-24:losev,Геннадій Лосєв,auto,Лосєв Геннадій Іванович,,,Україна,GK,1998–2000,Нива (Тернопіль)
w:1967-01-27:daniliv,Юрій Данилів,auto,Данилів Юрій Миколайович,,,Україна,FW,1993–1993,Карпати (Львів)
w:1967-01-29:shmatovalenko,Сергій Шматоваленко,auto,Шматоваленко Сергій Сергійович,,,Україна,DF,1992–1997,Динамо (Київ)
w:1967-02-04:miliukin,Ігор Мілюкін,auto,Мілюкін Ігор Петрович,,,Україна,DF,1994–1994,СК Миколаїв
w:1967-02-07:bidulko,Дмитро Бідулько,auto,Бідулько Дмитро Васильович,,,Україна,MF,1992–1995,Буковина (Чернівці); Кривбас (Кривий Ріг)
w:1967-02-14:seleznov,Олег Селезньов,auto,Селезньов Олег Миколайович,,,Україна,DF,1994–1994,Кремінь (Кременчук)
w:1967-02-16:zub,Роман Зуб,auto,Зуб Роман Іванович,,,Україна,MF,1992–2002,Волинь (Луцьк); Карпати (Львів); Прикарпаття (Івано-Франківськ); Олександрія
w:1967-02-22:shubin,Сергій Шубін,auto,Шубін Сергій Анатолійович,,,Україна,FW,1994–1994,Нива (Вінниця); Волинь (Луцьк)
w:1967-03-06:uzakov,Руслан Узаков,high,Узаков Руслан Яркулович,,,Узбекистан,DF,1992–1993,Торпедо (Запоріжжя); Шахтар (Донецьк)
w:1967-03-12:kolesnik,Вадим Колесник,auto,Колесник Вадим Леонідович,,,Україна,FW,1992–1998,Металіст (Харків); Карпати (Львів); Маріуполь / Іллічівець
w:1967-03-17:mazur,Дмитро Мазур,auto,Мазур Дмитро Анатолійович,,,Україна,MF,1992–2000,Карпати (Львів); Прикарпаття (Івано-Франківськ); Нива (Тернопіль)
w:1967-03-21:marchuk,Володимир Марчук,auto,Марчук Володимир Володимирович,,,Україна,GK,1992–1996,Волинь (Луцьк); Прикарпаття (Івано-Франківськ); Зірка (Кропивницький)
w:1967-03-25:sandul,Олег Сандул,auto,Сандул Олег Олександрович,,,Україна,DF,1995–1995,СК Миколаїв
w:1967-04-02:kostishin,Юрій Костишин,auto,Костишин Юрій Степанович,,,Україна,MF,1998–1998,Прикарпаття (Івано-Франківськ)
w:1967-04-11:matvichuk,Сергій Матвійчук,auto,Матвійчук Сергій Віталійович,,,Україна,MF,1994–1994,Темп (Шепетівка)
w:1967-04-12:kozak,Ярослав Козак,auto,Козак Ярослав Миколайович,,,Україна,FW,1992–1994,Карпати (Львів); СК Миколаїв
w:1967-04-12:polstianov,Сергій Полстянов,high,Полстянов Сергій Миколайович,,,Росія,FW,1992–1992,Таврія (Сімферополь)
w:1967-04-17:tsisar,Олександр Цисар,high,Цисар Олександр Вікторович,,,Молдова,DF,1997–1998,Прикарпаття (Івано-Франківськ)
w:1967-04-27:pilipchuk,Роман Пилипчук,auto,Пилипчук Роман Михайлович,,,Україна,FW,1999–2002,Металург (Донецьк)
w:1967-05-01:samoilov,Олег Самойлов,high,Самойлов Олег Володимирович,,,Казахстан,MF,1992–1992,Зоря (Луганськ)
w:1967-05-01:vilchinski,Володимир Вільчинський,auto,Вільчинський Володимир Нестерович,,,Україна,DF,1998–2001,Карпати (Львів)
w:1967-05-11:nikolaenko,Леонід Ніколаєнко,auto,Ніколаєнко Леонід Миколайович,,,Україна,DF,1994–1994,СК Миколаїв
w:1967-06-25:pohorelov,Валерій Погорєлов,high,Погорєлов Валерій Іванович,,,Молдова,DF,1996–1997,Чорноморець (Одеса)
w:1967-06-25:voronejski,Сергій Воронежський,auto,Воронежський Сергій Петрович,,,Україна,DF,1992–1992,Чорноморець (Одеса); Таврія (Сімферополь)
w:1967-06-28:iudin,Андрій Юдін,high,Юдін Андрій Вікторович,,,Росія,DF,1992–1997,Дніпро (Дніпропетровськ); Кривбас (Кривий Ріг)
w:1967-07-01:husev,Сергій Гусєв,auto,Гусєв Сергій Євгенійович,,,Україна,FW,1992–1998,Чорноморець (Одеса); Зірка (Кропивницький)
w:1967-07-05:nedorostkov,В'ячеслав Недоростков,high,Недоростков Вячеслав Валерійович,,,Росія,MF,1992–1992,Нива (Тернопіль)
w:1967-07-14:kornets,Ігор Корнієць,auto,Корнієць Ігор Васильович,,,Україна,MF,1993–1994,Чорноморець (Одеса)
w:1967-07-20:hovoruha,Сергій Говоруха,high,Говоруха Сергій Олександрович,,,Латвія,FW,1992–1992,Волинь (Луцьк)
w:1967-08-07:haidash,Олександр Гайдаш,auto,Гайдаш Олександр Миколайович,,,Україна,FW,1992–2003,Таврія (Сімферополь); Маріуполь / Іллічівець
w:1967-08-13:kilasonia,Варлам Кіласонія,high,Кіласонія Варлам,,,Грузія,FW,1996–1997,Дніпро (Дніпропетровськ)
w:1967-08-15:kozakov,Станіслав Козаков,auto,Козаков Станіслав Володимирович,,,Україна,MF,1995–1998,Зірка (Кропивницький)
w:1967-08-15:volotek,Олег Волотек,auto,Волотек Олег Вікторович,,,Україна,MF,1992–2001,Динамо (Київ); Кривбас (Кривий Ріг); СК Миколаїв; Говерла / Закарпаття (Ужгород)
w:1967-08-15:zenin,Юрій Зенін,auto,Зенін Юрій Леонідович,,,Україна,MF,1995–1995,Зоря (Луганськ)
w:1967-08-30:postovoi,Вадим Постовой,auto,Постовой Вадим Володимирович,,,Україна,MF,1996–1996,Прикарпаття (Івано-Франківськ)
w:1967-09-04:kornev,Дмитро Корнєєв,auto,Корнєєв Дмитро Анатолійович,,,Україна,DF,1992–1992,Верес (Рівне)
w:1967-09-14:leonov,Ігор Леонов,auto,Леонов Ігор Іванович,,,Україна,MF,1992–1999,Шахтар (Донецьк); Кремінь (Кременчук); Металург (Донецьк)
w:1967-09-24:shevchenko,Микола Шевченко,auto,Шевченко Микола Миколайович,,,Україна,DF,1994–1996,Нива (Вінниця); Ворскла (Полтава)
w:1967-09-27:sidelnikov,Андрій Сідельніков,auto,Сідельніков Андрій Анатолійович,,,Україна,DF,1997–1998,Дніпро (Дніпропетровськ)
w:1967-09-29:sirotin,Павло Сіротін,high,Сіротін Павло Анатолійович,,,Киргизстан,GK,1992–2000,Кремінь (Кременчук); Прикарпаття (Івано-Франківськ); Нива (Тернопіль)
w:1967-09-30:kose,Володимир Коссе,high,Коссе Володимир Дмитрович,,,Молдова,FW,1999–2000,Зірка (Кропивницький); Таврія (Сімферополь)
w:1967-10-01:chihradze,Георгій Чіхрадзе,high,Чіхрадзе Георгій Олександрович,,,Грузія,DF,1993–1996,Темп (Шепетівка); Шахтар (Донецьк)
w:1967-10-03:laktionov,Сергій Лактіонов,auto,Лактіонов Сергій Володимирович,,,Україна,MF,1992–1992,Кремінь (Кременчук)
w:1967-10-18:nikiforov,Олександр Никифоров,auto,Никифоров Олександр Валерійович,,,Україна,MF,1992–1994,Чорноморець (Одеса); СК Миколаїв
w:1967-11-05:chuhleba,Олег Чухлєба,auto,Чухлєба Олег Миколайович,,,Україна,DF,1992–1993,Дніпро (Дніпропетровськ)
w:1967-11-26:polischuk,Анатолій Поліщук,auto,Поліщук Анатолій Олегович,,,Україна,MF,1992–1994,Верес (Рівне); Карпати (Львів); Волинь (Луцьк)
w:1968-00-00:iuri,Юрій Максимов,high,,Юрий Максимов,,Украина,FW,2021–2021,Ворскла (Полтава)
w:1968-00-00:maksimov,Юрій Максимов,high,,Максимов Юрий,,,MF,2011–2011,Кривбас (Кривий Ріг)
w:1968-01-08:lupinos,Сергій Лупинос,auto,Лупинос Сергій Вікторович,,,Україна,DF,1992–1992,Кремінь (Кременчук)
w:1968-01-08:markov,Віталій Марков,high,Марков Віталій Олександрович,,,Росія,DF,1992–1993,Буковина (Чернівці)
w:1968-01-08:moskvin,Валентин Москвін,auto,Москвін Валентин Артурович,,,Україна,FW,1992–1996,Дніпро (Дніпропетровськ); Кривбас (Кривий Ріг)
w:1968-01-12:androsov,Андрій Андросов,auto,Андросов Андрій Анатолійович,,,Україна,FW,1994–1997,СК Миколаїв; Маріуполь / Іллічівець
w:1968-01-13:strontsitski,Богдан Стронціцький,auto,Стронціцький Богдан Едуардович,,,Україна,GK,1992–2002,Карпати (Львів); Таврія (Сімферополь)
w:1968-01-14:andreas,Андреас Зассен,high,Зассен Андреас,,,Німеччина,MF,1994–1995,Дніпро (Дніпропетровськ)
w:1968-01-18:moroz,Віктор Мороз,auto,Мороз Віктор Васильович,,,Україна,MF,1998–1999,ЦСКА (Київ)
w:1968-01-19:snihirov,Олексій Снігірьов,high,Снігірьов Олексій Анатолійович,,,Росія,FW,1992–1992,Верес (Рівне)
w:1968-01-19:sobol,Олександр Соболь,auto,Соболь Олександр Іванович,,,Україна,DF,1992–2001,Торпедо (Запоріжжя); Зірка (Кропивницький); Олександрія
w:1968-01-24:huseinov,Тімєрлан Гусейнов,auto,Гусейнов Тімєрлан Рустамович,,,Україна,FW,1992–1999,Зоря (Луганськ); Чорноморець (Одеса)
w:1968-02-01:sarnavski,Ігор Сарнавський,auto,Сарнавський Ігор Григорович,,,Україна,DF,1992–1994,Волинь (Луцьк)
w:1968-02-02:finkel,Борис Фінкель,auto,Фінкель Борис Аркадійович,,,Україна,FW,1992–1994,Буковина (Чернівці); Дніпро (Дніпропетровськ)
w:1968-02-08:biliai,Анатолій Біляй,auto,Біляй Анатолій Григорович,,,Україна,DF,1993–1994,Металург (Запоріжжя)
w:1968-02-09:soshko,Володимир Сошко,auto,Сошко Володимир Петрович,,,Україна,MF,1994–1994,Волинь (Луцьк)
w:1968-02-25:dumenko,Сергій Думенко,auto,Думенко Сергій Валерійович,,,Україна,FW,1992–1998,Дніпро (Дніпропетровськ); СК Миколаїв; Маріуполь / Іллічівець
w:1968-02-28:kovtun,Андрій Ковтун,auto,Ковтун Андрій Олександрович,,,Україна,GK,1993–2001,Динамо (Київ); Кривбас (Кривий Ріг); Ворскла (Полтава); Говерла / Закарпаття (Ужгород)
w:1968-02-29:shtihar,Павло Штихар,auto,Штихар Павло Вікторович,,,Україна,DF,1996–1996,Кривбас (Кривий Ріг)
w:1968-03-10:matviv,Степан Матвіїв,auto,Матвіїв Степан Олексійович,,,Україна,MF,1995–1999,Прикарпаття (Івано-Франківськ); ЦСКА (Київ)
w:1968-03-14:kulev,Вагіф Кулієв,high,Кулієв Вагіф Джабраілович,,,Таджикистан,FW,1994–1995,Зоря (Луганськ)
w:1968-04-06:hetsko,Іван Гецко,auto,Гецко Іван Михайлович,,,Україна,FW,1997–2001,Дніпро (Дніпропетровськ); Карпати (Львів); Кривбас (Кривий Ріг); Металіст (Харків)
w:1968-04-09:lipinski,Микола Липинський,auto,Липинський Микола Дмитрович,,,Україна,FW,1994–1997,Карпати (Львів); Торпедо (Запоріжжя)
w:1968-04-12:plotnikov,Вадим Плотников,auto,Плотников Вадим Вячеславович,,,Україна,MF,2000–2000,Сталь (Алчевськ)
w:1968-04-14:kudliuk,Валерій Кудлюк,auto,Кудлюк Валерій Ігорович,,,Україна,MF,1992–1995,Нива (Тернопіль); СК Миколаїв
w:1968-04-25:ovcharenko,Юрій Овчаренко,auto,Овчаренко Юрій Миколайович,,,Україна,FW,1993–1995,Нива (Вінниця)
w:1968-04-27:heraschenko,Володимир Геращенко,auto,Геращенко Володимир Васильович,,,Україна,DF,1999–2001,Дніпро (Дніпропетровськ)
w:1968-04-29:pohodin,Сергій Погодін,auto,Погодін Сергій Анатолійович,,,Україна,MF,1992–1994,Шахтар (Донецьк)
w:1968-04-29:sinitski,Олег Синицький,auto,Синицький Олег Васильович,,,Україна,DF,1992–1994,Волинь (Луцьк); Верес (Рівне); Нива (Вінниця)
w:1968-05-01:ilin,Олексій Ільїн,auto,Ільїн Олексій Вікторович,,,Україна,DF,1992–1992,Верес (Рівне)
w:1968-05-03:visochanski,Ігор Височанський,auto,Височанський Ігор Броніславович,,,Україна,MF,1993–1993,Волинь (Луцьк)
w:1968-05-05:alibaev,Сефер Алібаєв,auto,Алібаєв Сефер Енверович,,,Україна,DF,1992–1994,Таврія (Сімферополь); Кремінь (Кременчук)
w:1968-05-05:kalitvintsev,Юрій Калитвинцев,auto,Калитвинцев Юрій Миколайович,,,Україна,MF,1994–1999,Динамо (Київ); ЦСКА (Київ)
w:1968-05-12:sharipov,Геннадій Шаріпов,high,Шаріпов Геннадій Михайлович,,,Росія,MF,1992–1992,Зоря (Луганськ)
w:1968-05-22:hulenkov,Дмитро Гуленков,high,Гуленков Дмитро Валентинович,,,Росія,GK,1992–1992,Таврія (Сімферополь)
w:1968-05-24:homin,Андрій Хомин,auto,Хомин Андрій Романович,,,Україна,MF,1993–1999,Динамо (Київ); Прикарпаття (Івано-Франківськ); Ворскла (Полтава)
w:1968-05-27:oparin,Андрій Опарін,auto,Опарін Андрій Станіславович,,,Україна,MF,1992–2000,Таврія (Сімферополь)
w:1968-05-27:sisoev,Євген Сисоєв,high,Сисоєв Євген Васильович,,,Казахстан,DF,1992–1995,Кривбас (Кривий Ріг)
w:1968-05-29:petrov,Олег Петров,high,Петров Олег Львович,,,Росія,DF,1992–1992,Верес (Рівне)
w:1968-06-09:kilasonia,Георгій Кіласонія,high,Кіласонія Георгій,,,Грузія,MF,1996–1997,Дніпро (Дніпропетровськ)
w:1968-06-21:kuznetsov,Ігор Кузнецов,auto,Кузнецов Ігор Васильович,,,Україна,DF,1993–1994,Зоря (Луганськ)
w:1968-06-24:miroshkin,Сергій Мірошкін,high,Мірошкін Сергій Миколайович,,,Білорусь,DF,1992–1992,Зоря (Луганськ)
w:1968-07-01:jabchenko,Ігор Жабченко,auto,Жабченко Ігор Валентинович,,,Україна,MF,1992–1998,Кремінь (Кременчук); Чорноморець (Одеса); Шахтар (Донецьк); Металург (Донецьк)
w:1968-07-09:babi,Олександр Бабій,auto,Бабій Олександр Миколайович,,,Україна,MF,1992–2000,Нива (Тернопіль); Шахтар (Донецьк); Металург (Запоріжжя); Торпедо (Запоріжжя)
w:1968-08-02:katerusha,Юрій Катеруша,auto,Катеруша Юрій Анатолійович,,,Україна,MF,1994–1994,Кремінь (Кременчук)
w:1968-08-05:lujni,Олег Лужний,auto,Лужний Олег Романович,,,Україна,DF,1992–1998,Динамо (Київ)
w:1968-08-15:serchenko,Валерій Серченко,auto,Серченко Валерій Анатолійович,,,Україна,GK,1992–1995,Зоря (Луганськ)
w:1968-08-27:martiniuk,Володимир Мартинюк,auto,Мартинюк Володимир Володимирович,,,Україна,MF,1992–1992,Кривбас (Кривий Ріг)
w:1968-09-01:habiskiria,Юрій Габіскірія,high,Габіскірія Юрій Важикович,,,Грузія,MF,1993–1995,Темп (Шепетівка); Кривбас (Кривий Ріг); Шахтар (Донецьк)
w:1968-09-01:stahiv,Ігор Стахів,auto,Стахів Ігор Іванович,,,Україна,MF,1995–1997,Прикарпаття (Івано-Франківськ); Торпедо (Запоріжжя)
w:1968-09-05:kovalets,Сергій Ковалець,auto,Ковалець Сергій Іванович,Ковалец Сергей,,Україна,MF,1992–2011,Динамо (Київ); Дніпро (Дніпропетровськ); Чорноморець (Одеса); Карпати (Львів)
w:1968-09-06:bedni,Володимир Бєдний,auto,Бєдний Володимир Анатолійович,,,Україна,DF,1992–1994,Зоря (Луганськ)
w:1968-09-07:zinich,Володимир Зінич,auto,Зінич Володимир Миколайович,,,Україна,FW,1993–1993,Торпедо (Запоріжжя)
w:1968-09-18:kefalov,Велін Кефалов,high,Кефалов Велін Дончев,,,Болгарія,DF,1996–1997,Ворскла (Полтава)
w:1968-09-20:kochvar,Сергій Кочвар,auto,Кочвар Сергій Володимирович,,,Україна,DF,1994–1998,Нива (Тернопіль); Шахтар (Донецьк); Кривбас (Кривий Ріг); СК Миколаїв
w:1968-09-24:mihailenko,Олександр Михайленко,auto,Михайленко Олександр Станіславович,,,Україна,DF,1995–1996,Зірка (Кропивницький); Кривбас (Кривий Ріг)
w:1968-09-26:dudnik,Юрій Дуднік,auto,Дуднік Юрій Володимирович,,,Україна,MF,1992–2005,Металург (Запоріжжя); Кривбас (Кривий Ріг); Карпати (Львів); Сталь (Алчевськ)
w:1968-10-01:kovalenko,Валерій Коваленко,auto,Коваленко Валерій Іванович,,,Україна,DF,1995–1998,Кремінь (Кременчук); Металург (Запоріжжя)
w:1968-10-04:marchenko,Андрій Марченко,auto,Марченко Андрій Вікторович,,,Україна,MF,1992–1996,Кремінь (Кременчук); Торпедо (Запоріжжя); Ворскла (Полтава)
w:1968-10-13:litvinenko,Ігор Литвиненко,auto,Литвиненко Ігор Миколайович,,,Україна,FW,1992–1993,Кривбас (Кривий Ріг)
w:1968-10-20:mojovi,Олександр Мозговий,auto,Мозговий Олександр Іванович,,,Україна,DF,1993–1993,Зоря (Луганськ)
w:1968-10-25:chuichenko,Сергій Чуйченко,auto,Чуйченко Сергій Олександрович,,,Україна,FW,1994–2002,Дніпро (Дніпропетровськ); Ворскла (Полтава); Олександрія; Металіст (Харків)
w:1968-10-25:vahanov,Андрій Ваганов,high,Ваганов Андрій Геннадійович,,,Казахстан,MF,1992–1992,Кривбас (Кривий Ріг)
w:1968-10-29:borisenko,Анатолій Борисенко,auto,Борисенко Анатолій Анатолійович,,,Україна,FW,1993–1997,Металург (Запоріжжя); Карпати (Львів); Маріуполь / Іллічівець
w:1968-10-29:hachatrian,Вардан Хачатрян,high,Хачатрян Вардан Барегалевич,,,Вірменія,DF,1993–1994,Металург (Запоріжжя)
w:1968-11-01:kunitsia,Віталій Куниця,auto,Куниця Віталій Вікторович,,,Україна,GK,1992–1992,Буковина (Чернівці)
w:1968-11-02:holovati,Володимир Головатий,auto,Головатий Володимир Мирославович,,,Україна,MF,1994–1994,Прикарпаття (Івано-Франківськ)
w:1968-11-12:tanasiuk,Сергій Танасюк,auto,Танасюк Сергій Анатолійович,,,Україна,DF,1994–2001,Верес (Рівне); Нива (Тернопіль); Карпати (Львів); Торпедо (Запоріжжя)
w:1968-11-26:borovski,Сергій Боровський,auto,Боровський Сергій Миколайович,,,Україна,MF,1994–1996,Торпедо (Запоріжжя)
w:1968-12-08:maksimov,Юрій Максимов,auto,Максимов Юрій Вільйович,,,Україна,MF,1992–2004,Дніпро (Дніпропетровськ); Динамо (Київ); Борисфен (Бориспіль); Металург (Запоріжжя)
w:1968-12-10:kazmirchuk,Олег Казьмирчук,high,Казьмирчук Олег Васильович,,,Киргизстан,MF,1993–1996,Кремінь (Кременчук); Нива (Тернопіль)
w:1968-12-11:tolochko,Роман Толочко,auto,Толочко Роман Любомирович,,,Україна,MF,1992–2002,Карпати (Львів); Волинь (Луцьк)
w:1968-12-23:keniz,Михайло Кенийз,auto,Кенийз Михайло Михайлович,,,Україна,MF,1993–1993,Карпати (Львів)
w:1969-00-00:anatoli,Анатолій Безсмертний,high,,Анатолий Бессмертный,,Украина,FW,2021–2021,ПФК Львів
w:1969-00-00:skripnik,Віктор Скрипник,high,,Виктор Скрипник,,Украина,FW,2021–2021,Зоря (Луганськ)
w:1969-01-01:zaev,Роман Заєв,auto,Заєв Роман Миколайович,,,Україна,MF,1994–1994,Торпедо (Запоріжжя); Зоря (Луганськ)
w:1969-01-02:suslov,Олег Суслов,auto,Суслов Олег Анатолійович,,,Україна,GK,1992–1996,Чорноморець (Одеса)
w:1969-01-04:marchak,Мирослав Марчак,auto,Марчак Мирослав Петрович,,,Україна,MF,1992–1992,Буковина (Чернівці)
w:1969-01-06:bereski,Олег Береський,auto,Береський Олег Іванович,,,Україна,GK,1998–1999,Карпати (Львів); Металург (Запоріжжя)
w:1969-01-15:horiachilov,Євген Горячилов,high,Горячилов Євген Юрійович,,,Латвія,FW,1992–1992,Металург (Запоріжжя)
w:1969-01-21:anenkov,Андрій Анненков,auto,Анненков Андрій Михайлович,,,Україна,MF,1992–2004,Динамо (Київ); ЦСКА (Київ); Дніпро (Дніпропетровськ); Кривбас (Кривий Ріг)
w:1969-01-21:bezsmertni,Анатолій Безсмертний,auto,Безсмертний Анатолій Петрович,,,Україна,DF,1992–1993,Динамо (Київ)
w:1969-01-23:nikiforov,Андрій Никифоров,auto,Никифоров Андрій Вікторович,,,Україна,MF,1993–1999,Таврія (Сімферополь); Нива (Вінниця); Зірка (Кропивницький)
w:1969-01-23:ponomarenko,Віталій Пономаренко,auto,Пономаренко Віталій Миколайович,,,Україна,DF,1992–1993,Динамо (Київ)
w:1969-01-24:zarutski,Олександр Заруцький,high,Заруцькій Александр Станіславовіч,,,Росія,DF,2003–2004,Таврія (Сімферополь)
w:1969-01-27:dorohov,Олександр Дорохов,auto,Дорохов Олександр Олександрович,,,Україна,MF,1997–2000,Металург (Донецьк)
w:1969-02-05:borovik,Олександр Боровик,auto,Боровик Олександр Іванович,,,Україна,DF,1992–1992,Металіст (Харків)
w:1969-02-13:korponai,Іван Корпонай,auto,Корпонай Іван Тиберійович,,,Україна,FW,1992–1999,Металург (Запоріжжя); Нива (Тернопіль); Кремінь (Кременчук); Дніпро (Дніпропетровськ)
w:1969-02-15:kolesov,Олег Колесов,auto,Колесов Олег Анатолійович,,,Україна,GK,1992–1999,Таврія (Сімферополь); Темп (Шепетівка); Торпедо (Запоріжжя); Металург (Запоріжжя)
w:1969-02-16:hudiakov,Юрій Худяков,high,Худяков Юрій Володимирович,,,Латвія,FW,1993–1993,Металург (Запоріжжя)
w:1969-02-18:paios,Андрій Пайос,auto,Пайос Андрій Іванович,,,Україна,MF,1994–1994,Нива (Вінниця)
w:1969-02-18:sadovi,Сергій Садовий,auto,Садовий Сергій Васильович,,,Україна,MF,1994–1994,Нива (Тернопіль)
w:1969-03-05:hrachov,Олексій Грачов,auto,Грачов Олексій Вікторович,,,Україна,FW,1995–2000,Зірка (Кропивницький); Таврія (Сімферополь)
w:1969-03-06:iastrebinski,Євген Ястребінський,auto,Ястребінський Євген Іванович,,,Україна,FW,2002–2002,Оболонь (Київ)
w:1969-03-12:shmarko,Олександр Шмарко,high,Шмарко Олександр Миколайович,,,Росія,DF,1999–2000,Шахтар (Донецьк)
w:1969-03-16:baisarovich,Андрій Байсарович,auto,Байсарович Андрій Володимирович,,,Україна,GK,1992–1994,Волинь (Луцьк)
w:1969-03-27:aleksanenkov,Андрій Алексаненков,high,Алексаненков Андрій Миколайович,,,Росія,DF,1992–1994,Динамо (Київ); СК Миколаїв
w:1969-04-03:skorik,Павло Скорик,auto,Скорик Павло Георгійович,,,Україна,DF,1995–1995,Кривбас (Кривий Ріг)
w:1969-04-14:djuheli,Іван Джугелі,high,Джугелі Іван Рамазович,,,Грузія,FW,1994–1998,Темп (Шепетівка); Зоря (Луганськ); Таврія (Сімферополь); Прикарпаття (Івано-Франківськ)
w:1969-04-25:kostikov,Олег Костіков,auto,Костіков Олег Євгенович,,,Україна,FW,1994–1994,СК Миколаїв; Таврія (Сімферополь)
w:1969-05-02:ternavski,Владислав Тернавський,high,Тернавський Владислав Михайлович,,,Росія,DF,1992–1995,Нива (Тернопіль); Чорноморець (Одеса)
w:1969-05-04:parahnevich,Віталій Парахневич,auto,Парахневич Віталій Валерійович,,,Україна,FW,1992–2003,Чорноморець (Одеса)
w:1969-05-11:bohatir,Віктор Богатир,auto,Богатир Віктор Миколайович,,,Україна,MF,1993–1999,Чорноморець (Одеса); Кривбас (Кривий Ріг); Ворскла (Полтава); Зірка (Кропивницький)
w:1969-05-21:aleksandrov,Вадим Александров,high,Александров Вадим Олексійович,,,Росія,DF,1992–1993,Зоря (Луганськ)
w:1969-05-22:kazmin,Олег Казьмін,auto,Казьмін Олег Анатолійович,,,Україна,DF,1995–1996,Кремінь (Кременчук)
w:1969-05-26:buthanov,Борис Бутханов,auto,Бутханов Борис Володимирович,,,Україна,DF,1997–1998,Дніпро (Дніпропетровськ)
w:1969-05-28:pritula,Андрій Притула,auto,Притула Андрій Архипович,,,Україна,DF,1994–1994,Нива (Тернопіль)
w:1969-06-03:evhlevski,Сергій Євглевський,auto,Євглевський Сергій Юрійович,,,Україна,MF,1994–1999,Прикарпаття (Івано-Франківськ); Карпати (Львів)
w:1969-06-08:shuliatitski,Андрій Шулятицький,auto,Шулятицький Андрій Тарасович,,,Україна,MF,1993–1996,Карпати (Львів)
w:1969-06-11:demianenko,Дмитро Дем'яненко,auto,Дем'яненко Дмитро Володимирович,,,Україна,DF,1992–2000,Дніпро (Дніпропетровськ); Таврія (Сімферополь)
w:1969-06-11:povedonok,Анатолій Поведьонок,high,Поведьонок Анатолій Геннадійович,,,Казахстан,MF,1992–1993,Зоря (Луганськ)
w:1969-06-17:tsimbalar,Ілля Цимбалар,auto,Цимбалар Ілля Володимирович,,,Україна,MF,1992–1992,Чорноморець (Одеса)
w:1969-06-21:pets,Роман Пець,auto,Пець Роман Васильович,,,Україна,DF,1992–2002,Металіст (Харків); Чорноморець (Одеса)
w:1969-06-22:kavteladze,Анзор Кавтеладзе,high,Кавтеладзе Анзор Джадулієвич,,,Грузія,MF,1994–1995,Кремінь (Кременчук)
w:1969-07-08:steblovski,Андрій Стебловський,auto,Стебловський Андрій Миколайович,,,Україна,FW,1993–1993,Зоря (Луганськ)
w:1969-07-11:tarahti,Андрій Тарахтій,auto,Тарахтій Андрій Володимирович,,,Україна,GK,1994–2003,Кривбас (Кривий Ріг); Маріуполь / Іллічівець
w:1969-07-12:matvichenko,Павло Матвійченко,auto,Матвійченко Павло Васильович,,,Україна,FW,1995–1996,Нива (Вінниця)
w:1969-07-18:sevidov,Олександр Севідов,auto,Севідов Олександр Володимирович,,,Україна,FW,1992–2000,Зоря (Луганськ); Металург (Запоріжжя); Кривбас (Кривий Ріг); Металург (Донецьк)
w:1969-08-03:jilkin,Геннадій Жилкін,auto,Жилкін Геннадій Володимирович,,,Україна,GK,1992–1997,Карпати (Львів); Дніпро (Дніпропетровськ); Таврія (Сімферополь); Нива (Вінниця)
w:1969-08-04:kozub,Ігор Козуб,auto,Козуб Ігор Романович,,,Україна,MF,1993–1993,Буковина (Чернівці); Нива (Тернопіль)
w:1969-08-11:zaharov,Олександр Захаров,auto,Захаров Олександр Вікторович,,,Україна,MF,1992–1998,Дніпро (Дніпропетровськ); Кривбас (Кривий Ріг)
w:1969-08-18:zaets,Сергій Заєць,auto,Заєць Сергій Анатолійович,,,Україна,DF,1992–1993,Динамо (Київ); Нива (Вінниця)
w:1969-08-23:homuha,Дмитро Хомуха,auto,Хомуха Дмитро Іванович,,,Україна,MF,1992–1993,Металіст (Харків)
w:1969-08-25:rosliakov,Андрій Росляков,auto,Росляков Андрій Вячеславович,,,Україна,MF,1992–1995,Таврія (Сімферополь)
w:1969-08-26:vovchuk,Любомир Вовчук,auto,Вовчук Любомир Євгенович,,,Україна,MF,1992–2002,Волинь (Луцьк); Карпати (Львів)
w:1969-08-29:stolovitski,Ігор Столовицький,auto,Столовицький Ігор Михайлович,,,Україна,FW,1992–2003,Шахтар (Донецьк); Торпедо (Запоріжжя); Зірка (Кропивницький)
w:1969-09-01:haevik,Олег Гаєвик,auto,Гаєвик Олег Іванович,,,Україна,DF,1996–1996,Нива (Вінниця)
w:1969-09-04:chaika,Андрій Чайка,auto,Чайка Андрій Іванович,,,Україна,MF,1993–1993,Металург (Запоріжжя)
w:1969-09-04:sushka,Ігор Сушка,auto,Сушка Ігор Володимирович,,,Україна,DF,1992–2000,Кремінь (Кременчук); Нива (Тернопіль); Чорноморець (Одеса)
w:1969-09-07:kosheliuk,Олег Кошелюк,auto,Кошелюк Олег Борисович,,,Україна,MF,1992–1997,Чорноморець (Одеса); Маріуполь / Іллічівець
w:1969-09-09:kriachik,Євген Крячик,auto,Крячик Євген Олександрович,,,Україна,MF,1992–1993,Кремінь (Кременчук)
w:1969-09-15:vishniauskas,Відмантас Вишняускас,high,Вишняускас Відмантас Вітаутович,,,Литва,MF,1992–1992,Таврія (Сімферополь)
w:1969-09-21:androschuk,Олександр Андрощук,auto,Андрощук Олександр Анатолійович,,,Україна,MF,1992–1993,Зоря (Луганськ); Торпедо (Запоріжжя)
w:1969-09-24:humeniuk,Ігор Гуменюк,auto,Гуменюк Ігор Іванович,,,Україна,MF,1992–1993,Кремінь (Кременчук)
w:1969-09-24:zaporojchenko,В'ячеслав Запорожченко,fixed,Запорожченко Вячеслав Юрійович,,,Україна,DF,1995–1996,Нива (Вінниця)
w:1969-09-26:sosenko,Костянтин Сосенко,auto,Сосенко Костянтин Федорович,,,Україна,DF,1994–1999,Нива (Вінниця); Дніпро (Дніпропетровськ); ЦСКА (Київ); Прикарпаття (Івано-Франківськ)
w:1969-10-05:kersteniuk,Олег Керстенюк,auto,Керстенюк Олег Володимирович,,,Україна,MF,1993–1993,Буковина (Чернівці)
w:1969-10-05:leonenko,Віктор Леоненко,auto,Леоненко Віктор Євгенович,,,Україна,FW,1992–2001,Динамо (Київ); ЦСКА (Київ); Говерла / Закарпаття (Ужгород)
w:1969-10-05:opria,Ігор Опря,high,Опря Ігор Васильович,,,Молдова,DF,2002–2002,Чорноморець (Одеса)
w:1969-10-07:bohodelov,В'ячеслав Богодєлов,fixed,Богодєлов Вячеслав Павлович,,,Україна,GK,1992–2000,Нива (Тернопіль); Металург (Донецьк); Ворскла (Полтава); Металіст (Харків)
w:1969-10-12:mafumba,Мфілю Мафумба,high,Мфіло Мафумба,,,Заїр,MF,1995–1995,ЦСКА (Київ)
w:1969-10-21:benko,Олег Бенько,auto,Бенько Олег Іванович,,,Україна,DF,1992–1997,Карпати (Львів); Волинь (Луцьк); Металург (Запоріжжя)
w:1969-11-01:djishkariani,Михайло Джишкаріані,high,Джишкаріані Михайло Дмитрович,,,Грузія,FW,1993–1994,Динамо (Київ)
w:1969-11-03:borisevich,Володимир Борисевич,auto,Борисевич Володимир Миколайович,,,Україна,FW,1992–1992,Волинь (Луцьк)
w:1969-11-10:iankovski,Олександр Янковський,auto,Янковський Олександр Леонідович,,,Україна,MF,1992–1997,Кремінь (Кременчук); Металург (Запоріжжя)
w:1969-11-19:skripnik,Віктор Скрипник,auto,Скрипник Віктор Анатолійович,,,Україна,DF,1992–1996,Металург (Запоріжжя); Дніпро (Дніпропетровськ)
w:1969-11-24:makohon,Ігор Макогон,auto,Макогон Ігор Васильович,,,Україна,DF,1992–1999,Кремінь (Кременчук); Зірка (Кропивницький)
w:1969-11-27:bordiuh,Володимир Бордюг,auto,Бордюг Володимир Миколайович,,,Україна,MF,1992–1992,Нива (Тернопіль)
w:1969-11-27:korobov,Андрій Коробов,auto,Коробов Андрій Юрійович,,,Україна,MF,1992–1992,Волинь (Луцьк)
w:1969-12-06:tsokur,Валерій Цокур,auto,Цокур Валерій Іванович,,,Україна,MF,1992–1992,Металург (Запоріжжя)
w:1969-12-09:liubimov,Олександр Любимов,auto,Любимов Олександр Миколайович,,,Україна,MF,1994–1994,Верес (Рівне)
w:1969-12-22:hmel,Роман Хмель,auto,Хмель Роман Валентинович,,,Україна,FW,1994–1995,Верес (Рівне); Волинь (Луцьк)
w:1970-01-01:hlan,Володимир Хлань,auto,Хлань Володимир Володимирович,,,Україна,DF,1993–1993,Кремінь (Кременчук)
w:1970-01-03:fursov,Володимир Фурсов,auto,Фурсов Володимир Володимирович,,,Україна,FW,1992–1997,Зоря (Луганськ); Таврія (Сімферополь)
w:1970-01-04:polushin,Сергій Полушин,auto,Полушин Сергій Миколайович,,,Україна,DF,2000–2000,Сталь (Алчевськ)
w:1970-01-06:iablonski,Віктор Яблонський,auto,Яблонський Віктор Вікторович,,,Україна,MF,1992–1994,Чорноморець (Одеса)
w:1970-01-09:redushko,Анатолій Редушко,auto,Редушко Анатолій Ярославович,,,Україна,FW,1994–1999,Прикарпаття (Івано-Франківськ)
w:1970-01-14:poluliah,В'ячеслав Полулях,fixed,Полулях Вячеслав Владиславович,,,Україна,FW,1993–1993,Торпедо (Запоріжжя)
w:1970-01-14:vorobiov,Валерій Воробйов,auto,Воробйов Валерій Олександрович,,,Україна,GK,1992–1996,Кривбас (Кривий Ріг); Динамо (Київ)
w:1970-01-21:serikov,Володимир Сєріков,auto,Сєріков Володимир Ілліч,,,Україна,MF,1998–2001,Металіст (Харків); Олександрія
w:1970-01-23:kulakovski,Сергій Кулаковський,auto,Кулаковський Сергій Аркадійович,,,Україна,MF,1994–1994,Металург (Запоріжжя)
w:1970-01-25:liubinetski,Сергій Любинецький,auto,Любинецький Сергій Святославович,,,Україна,FW,1992–1993,Буковина (Чернівці)
w:1970-01-28:sushko,Геннадій Сушко,auto,Сушко Геннадій Миколайович,,,Україна,MF,1997–1997,Маріуполь / Іллічівець
w:1970-02-01:irichuk,Павло Ірічук,auto,Ірічук Павло Васильович,,,Україна,FW,1992–1999,Буковина (Чернівці); Прикарпаття (Івано-Франківськ); Дніпро (Дніпропетровськ)
w:1970-02-01:sidorkin,В'ячеслав Сидоркін,fixed,Сидоркін Вячеслав Євгенович,,,Україна,DF,1992–1993,Торпедо (Запоріжжя); Металіст (Харків)
w:1970-02-07:herasimets,Володимир Герасимець,auto,Герасимець Володимир Григорович,,,Україна,DF,1993–1993,Нива (Вінниця)
w:1970-02-08:horshkov,Олександр Горшков,auto,Горшков Олександр Вікторович,,,Україна,MF,1993–1995,Нива (Вінниця); Чорноморець (Одеса)
w:1970-02-14:shkolnikov,Ян Школьніков,auto,Школьніков Ян Нафтулович,,,Україна,MF,1994–2000,Прикарпаття (Івано-Франківськ); Металіст (Харків)
w:1970-02-17:herasimenko,Олексій Герасименко,high,Герасименко Олексій Петрович,,,Росія,DF,1997–2000,Динамо (Київ)
w:1970-02-25:bojenko,Вадим Боженко,auto,Боженко Вадим Владиславович,,,Україна,GK,1993–1993,Темп (Шепетівка)
w:1970-03-03:machohan,Ігор Мачоган,auto,Мачоган Ігор Петрович,,,Україна,DF,1994–2001,Карпати (Львів); Ворскла (Полтава)
w:1970-03-05:shushura,Юрій Шушура,auto,Шушура Юрій Станіславович,,,Україна,MF,1996–1997,Торпедо (Запоріжжя)
w:1970-03-05:tutichenko,Дмитро Тутиченко,auto,Тутиченко Дмитро Павлович,,,Україна,MF,1993–1995,Нива (Тернопіль)
w:1970-03-06:lobas,Володимир Лобас,auto,Лобас Володимир Демидович,,,Україна,FW,1992–1995,Нива (Тернопіль); ЦСКА (Київ)
w:1970-03-07:knish,Володимир Книш,auto,Книш Володимир Миколайович,,,Україна,DF,1992–1993,Кривбас (Кривий Ріг); Верес (Рівне)
w:1970-03-07:vetrov,Олег Вєтров,auto,Вєтров Олег Миколайович,,,Україна,FW,1993–1996,Торпедо (Запоріжжя); Металург (Запоріжжя)
w:1970-03-08:zadvorni,Ігор Задворний,auto,Задворний Ігор Іванович,,,Україна,FW,1992–1992,Нива (Тернопіль)
w:1970-03-09:oberemchenko,Ігор Оберемченко,auto,Оберемченко Ігор Вікторович,,,Україна,FW,1996–1997,Таврія (Сімферополь)
w:1970-03-24:vasiutik,Володимир Васютик,auto,Васютик Володимир Богданович,,,Україна,GK,1997–1997,Зірка (Кропивницький)
w:1970-03-25:svidchenko,Сергій Свідченко,auto,Свідченко Сергій Олександрович,,,Україна,DF,1997–1997,Маріуполь / Іллічівець
w:1970-03-29:eremev,В'ячеслав Єремеєв,fixed,Єремеєв Вячеслав Миколайович,,,Україна,MF,1992–1994,Чорноморець (Одеса)
w:1970-04-03:nemeshkalo,Владислав Немешкало,auto,Немешкало Владислав Григорович,,,Україна,FW,1994–1997,Нива (Вінниця); Таврія (Сімферополь)
w:1970-04-05:savenko,Олександр Савенко,auto,Савенко Олександр Анатолійович,,,Україна,FW,1993–1993,Металіст (Харків)
w:1970-04-08:fihun,Іван Фігун,auto,Фігун Іван Михайлович,,,Україна,MF,1993–1994,Волинь (Луцьк)
w:1970-04-11:tarhonski,Олексій Таргонський,auto,Таргонський Олексій Олександрович,,,Україна,DF,1998–1998,Металіст (Харків)
w:1970-04-12:iadlos,Ігор Ядлось,auto,Ядлось Ігор Іванович,,,Україна,FW,1997–1997,Карпати (Львів)
w:1970-04-15:matrosov,Олександр Матросов,auto,Матросов Олександр Анатолійович,,,Україна,DF,1994–1995,СК Миколаїв
w:1970-04-18:saprikin,Євген Саприкін,auto,Саприкін Євген Олександрович,,,Україна,FW,1993–1994,Металург (Запоріжжя)
w:1970-04-18:shvets,Орест Швець,auto,Швець Орест Зеновійович,,,Україна,DF,1993–1993,Буковина (Чернівці)
w:1970-04-20:shinkarov,Андрій Шинкарьов,auto,Шинкарьов Андрій Вікторович,,,Україна,MF,1992–1993,Металіст (Харків)
w:1970-04-21:melashenko,Юрій Мелашенко,auto,Мелашенко Юрій Михайлович,,,Україна,GK,1994–1994,Кривбас (Кривий Ріг)
w:1970-04-28:mikitin,Володимир Микитін,auto,Микитін Володимир Богданович,,,Україна,DF,1992–2000,Зоря (Луганськ); Карпати (Львів); Шахтар (Донецьк); Ворскла (Полтава)
w:1970-04-29:betsa,Степан Беца,auto,Беца Степан Степанович,,,Україна,MF,1992–1992,Динамо (Київ)
w:1970-05-02:iarkov,Сергій Ярков,auto,Ярков Сергій Іванович,,,Україна,FW,1994–1994,Нива (Тернопіль)
w:1970-05-03:kres,Володимир Кресс,auto,Кресс Володимир Вікторович,,,Україна,MF,1994–1994,СК Миколаїв
w:1970-05-05:eschenko,Олександр Єщенко,auto,Єщенко Олександр Олексійович,,,Україна,MF,1995–1995,Волинь (Луцьк)
w:1970-05-06:sinkov,Юрій Синьков,auto,Синьков Юрій Михайлович,,,Україна,MF,1994–1994,Волинь (Луцьк)
w:1970-05-07:chernikov,Геннадій Черніков,auto,Черніков Геннадій Юрійович,,,Україна,GK,1995–1997,Прикарпаття (Івано-Франківськ); Торпедо (Запоріжжя)
w:1970-05-13:anisimkov,Віктор Анісімков,auto,Анісімков Віктор Семенович,,,Україна,DF,1992–1993,Металург (Запоріжжя); Кривбас (Кривий Ріг)
w:1970-05-13:junenko,Сергій Жуненко,auto,Жуненко Сергій Миколайович,,,Україна,DF,1997–1999,Шахтар (Донецьк); Металург (Донецьк)
w:1970-05-13:polischuk,Костянтин Поліщук,auto,Поліщук Костянтин Володимирович,,,Україна,DF,1995–1998,Кремінь (Кременчук); СК Миколаїв
w:1970-05-21:chaika,Віталій Чайка,auto,Чайка Віталій Олександрович,,,Україна,DF,1995–1995,Зоря (Луганськ)
w:1970-05-23:mazur,Сергій Мазур,auto,Мазур Сергій Миколайович,,,Україна,DF,1992–1995,Зоря (Луганськ); Кривбас (Кривий Ріг)
w:1970-06-02:chorni,Сергій Чорний,auto,Чорний Сергій Васильович,,,Україна,MF,1993–1995,Дніпро (Дніпропетровськ); СК Миколаїв
w:1970-06-03:ostashov,Олександр Осташов,auto,Осташов Олександр Сергійович,,,Україна,FW,1994–1999,Шахтар (Донецьк); Металург (Запоріжжя)
w:1970-06-07:kut,Віталій Куть,auto,Куть Віталій Дмитрович,,,Україна,DF,1996–1997,Нива (Тернопіль)
w:1970-06-12:burlaka,Сергій Бурлака,auto,Бурлака Сергій Васильович,,,Україна,MF,1993–1993,Буковина (Чернівці)
w:1970-06-12:mardas,Геннадій Мардас,high,Мардас Геннадій Олександрович,,,Білорусь,MF,1998–1999,Таврія (Сімферополь)
w:1970-06-14:kulik,Костянтин Кулик,auto,Кулик Костянтин Анатолійович,,,Україна,MF,1992–2002,Чорноморець (Одеса)
w:1970-06-23:kolesnikov,Ігор Колесников,auto,Колесников Ігор Анатолійович,,,Україна,GK,1994–1994,Прикарпаття (Івано-Франківськ)
w:1970-06-23:pirvu,Іонел Пірву,check,Пірву Іонел Антонел,,,Румунія,MF,2000–2004,Металург (Запоріжжя); Таврія (Сімферополь)
w:1970-06-29:rudniak,Дмитро Рудняк,auto,Рудняк Дмитро Геннадійович,,,Україна,FW,1998–2002,Металіст (Харків)
w:1970-07-01:pilipenko,Василь Пилипенко,auto,Пилипенко Василь Володимирович,,,Україна,FW,1992–1997,Волинь (Луцьк); Торпедо (Запоріжжя)
w:1970-07-03:suharev,Олександр Сухарєв,high,Сухарєв Олександр Анатолійович,,,Молдова,FW,1997–1999,Дніпро (Дніпропетровськ)
w:1970-07-05:rati,Олег Ратій,auto,Ратій Олег Борисович,,,Україна,DF,1993–2005,Кремінь (Кременчук); Металург (Запоріжжя); Олександрія; Волинь (Луцьк)
w:1970-07-07:kukalevich,Сергій Кукалевич,high,Кукалевич Сергій Олександрович,,,Білорусь,MF,1998–1998,Таврія (Сімферополь)
w:1970-07-08:borovski,Станіслав Боровський,auto,Боровський Станіслав Миколайович,,,Україна,DF,1995–1996,Зірка (Кропивницький); Ворскла (Полтава)
w:1970-07-13:tsiura,Валерій Цюра,auto,Цюра Валерій Вікторович,,,Україна,MF,1992–1992,Торпедо (Запоріжжя)
w:1970-07-23:orbu,Геннадій Орбу,auto,Орбу Геннадій Григорович,,,Україна,MF,1992–2000,Шахтар (Донецьк); Ворскла (Полтава)
w:1970-08-01:shevchuk,Віталій Шевчук,auto,Шевчук Віталій Іванович,,,Україна,MF,1993–1995,Волинь (Луцьк)
w:1970-08-02:burimenko,Сергій Бурименко,auto,Бурименко Сергій Леонідович,,,Україна,DF,1994–1998,СК Миколаїв; Кремінь (Кременчук)
w:1970-08-05:ivanenko,Віктор Іваненко,auto,Іваненко Віктор Валерійович,,,Україна,DF,1998–2001,Металіст (Харків)
w:1970-08-05:solodki,Вадим Солодкий,auto,Солодкий Вадим Петрович,,,Україна,FW,1994–1998,Волинь (Луцьк); Металург (Донецьк)
w:1970-08-08:moroz,Юрій Мороз,auto,Мороз Юрій Леонтійович,,,Україна,DF,1992–2002,Верес (Рівне); Динамо (Київ); Говерла / Закарпаття (Ужгород); Ворскла (Полтава)
w:1970-08-09:bejenar,Сергій Беженар,auto,Беженар Сергій Миколайович,,,Україна,DF,1992–2002,Дніпро (Дніпропетровськ); Динамо (Київ); ЦСКА (Київ); Ворскла (Полтава)
w:1970-08-11:shuliatitski,Юрій Шулятицький,auto,Шулятицький Юрій Юрій-Йосипович,,,Україна,DF,1992–1997,Карпати (Львів); Зірка (Кропивницький)
w:1970-08-12:marhoshia,Темурі Маргошія,high,Маргошія Темурі Корнелович,,,Грузія,MF,1998–1998,СК Миколаїв
w:1970-08-13:tupchenko,Костянтин Тупчиєнко,auto,Тупчиєнко Костянтин Веніамінович,,,Україна,MF,1993–1998,Карпати (Львів); Зірка (Кропивницький)
w:1970-08-15:kurlikovski,Володимир Курліковський,auto,Курліковський Володимир Михайлович,,,Україна,DF,1992–1992,Волинь (Луцьк)
w:1970-08-15:pervak,Віталій Первак,auto,Первак Віталій Миколайович,,,Україна,DF,1997–2002,Нива (Тернопіль); Прикарпаття (Івано-Франківськ); Олександрія
w:1970-08-18:matvev,Олег Матвєєв,auto,Матвєєв Олег Юрійович,,,Україна,MF,1992–2002,Шахтар (Донецьк); Кремінь (Кременчук); Металург (Запоріжжя); Металург (Донецьк)
w:1970-08-18:pantilov,Віталій Пантілов,auto,Пантілов Віталій Олексійович,,,Україна,MF,1992–2000,Кривбас (Кривий Ріг); Зірка (Кропивницький); Маріуполь / Іллічівець
w:1970-08-19:muschinka,Анатолій Мущинка,auto,Мущинка Анатолій Михайлович,,,Україна,MF,1992–1992,Металург (Запоріжжя)
w:1970-08-25:liuti,Владислав Лютий,auto,Лютий Владислав Олексійович,,,Україна,MF,1992–1998,Кривбас (Кривий Ріг); Металург (Запоріжжя); Прикарпаття (Івано-Франківськ)
w:1970-08-27:neichev,Юліян Нейчев,high,Нейчев Юліян Нейчев,,,Болгарія,FW,2000–2000,Нива (Тернопіль)
w:1970-08-28:stahov,Ігор Стахов,auto,Стахов Ігор Борисович,,,Україна,FW,1998–1998,СК Миколаїв
w:1970-08-29:kastorni,Олег Касторний,auto,Касторний Олег Вікторович,,,Україна,DF,1992–1995,Металіст (Харків); Шахтар (Донецьк)
w:1970-09-03:shvirkov,Борис Швирков,high,Швирков Борис Євгенович,,,Казахстан,DF,1992–1992,Кривбас (Кривий Ріг)
w:1970-09-07:cholokava,Володимир Чолокава,high,Чолокава Володимир Анзорович,,,Грузія,MF,1994–1994,Верес (Рівне)
w:1970-09-14:andrev,Сергій Андреєв,high,Андреєв Сергій Миколайович,,,Узбекистан,FW,1992–1992,Таврія (Сімферополь)
w:1970-09-14:hela,Гела Шекіладзе,high,Шекіладзе Гела,,,Грузія,DF,2003–2003,Арсенал (Київ)
w:1970-09-16:nikiforov,Юрій Никифоров,auto,Никифоров Юрій Валерійович,,,Україна,DF,1992–1992,Чорноморець (Одеса)
w:1970-09-21:dziubenko,Геннадій Дзюбенко,high,Дзюбенко Геннадій Ігорович,,,Росія,MF,1992–1994,Таврія (Сімферополь)
w:1970-09-22:omelchuk,Олександр Омельчук,auto,Омельчук Олександр Макарович,,,Україна,MF,1996–2002,Ворскла (Полтава); Кривбас (Кривий Ріг)
w:1970-10-01:sirota,Святослав Сирота,auto,Сирота Святослав Анатолійович,,,Україна,GK,1992–1995,Верес (Рівне); Дніпро (Дніпропетровськ)
w:1970-10-07:korenev,Дмитро Корєнєв,auto,Корєнєв Дмитро Віталійович,,,Україна,FW,1994–1999,Нива (Вінниця); ЦСКА (Київ); Ворскла (Полтава)
w:1970-10-11:evtushok,Олександр Євтушок,auto,Євтушок Олександр Васильович,,,Україна,DF,1993–2000,Карпати (Львів); Дніпро (Дніпропетровськ); ЦСКА (Київ)
w:1970-10-14:pavlish,Тарас Павліш,auto,Павліш Тарас Романович,,,Україна,DF,2000–2000,Нива (Тернопіль)
w:1970-10-16:mokritski,Юрій Мокрицький,auto,Мокрицький Юрій Ярославович,,,Україна,DF,1992–2002,Карпати (Львів); Ворскла (Полтава); Прикарпаття (Івано-Франківськ); Олександрія
w:1970-10-17:sasko,Олексій Сасько,auto,Сасько Олексій Вікторович,,,Україна,DF,1992–1992,Дніпро (Дніпропетровськ)
w:1970-10-27:holovan,Валерій Головань,auto,Головань Валерій Миколайович,,,Україна,MF,1994–1994,Темп (Шепетівка)
w:1970-10-28:liubinski,Олександр Любинський,auto,Любинський Олександр Валентинович,,,Україна,MF,1995–1996,Нива (Вінниця)
w:1970-10-30:osadchi,Сергій Осадчий,auto,Осадчий Сергій Миколайович,,,Україна,DF,1999–2002,Металург (Донецьк); Металіст (Харків)
w:1970-11-03:hopei,Олег Гопей,auto,Гопей Олег Олексійович,,,Україна,MF,1994–1994,Шахтар (Донецьк)
w:1970-11-10:boiar,Руслан Бояр,auto,Бояр Руслан Леонідович,,,Україна,FW,1994–1995,Кремінь (Кременчук)
w:1970-11-10:kovalkov,Леонід Ковальков,auto,Ковальков Леонід Вячеславович,,,Україна,DF,1997–1998,Металург (Запоріжжя)
w:1970-11-15:kovtun,Михайло Ковтун,auto,Ковтун Михайло Васильович,,,Україна,DF,1994–1994,Верес (Рівне)
w:1970-11-17:franko,Владислав Франко,auto,Франко Владислав Андрійович,,,Україна,MF,1998–1998,Прикарпаття (Івано-Франківськ)
w:1970-11-20:rusak,Петро Русак,auto,Русак Петро Романович,,,Україна,FW,1994–1998,Прикарпаття (Івано-Франківськ)
w:1970-11-25:zaiarni,Володимир Заярний,auto,Заярний Володимир Анатолійович,,,Україна,MF,1993–1994,Металург (Запоріжжя); Нива (Вінниця)
w:1970-11-29:zinchenko,Володимир Зінченко,auto,Зінченко Володимир Геннадійович,,,Україна,DF,1997–1997,Торпедо (Запоріжжя)
w:1970-12-06:hashkin,Андрій Гашкін,high,Гашкін Андрій Олександрович,,,Росія,MF,1993–1995,Нива (Тернопіль); Чорноморець (Одеса)
w:1970-12-06:nosenko,Владислав Носенко,high,Носенко Владислав Валерійович,,,Азербайджан,DF,1992–1999,Кривбас (Кривий Ріг); Зірка (Кропивницький)
w:1970-12-10:nohin,Олександр Ногін,auto,Ногін Олександр Васильович,,,Україна,GK,1992–2000,Торпедо (Запоріжжя); Сталь (Алчевськ)
w:1970-12-13:burlaka,Сергій Бурлака,auto,Бурлака Сергій Петрович,,,Україна,GK,1993–1993,Кривбас (Кривий Ріг)
w:1970-12-13:visokos,Валерій Високос,auto,Високос Валерій Леонтійович,,,Україна,MF,1994–1994,СК Миколаїв
w:1970-12-16:andreiko,Роман Андрейко,auto,Андрейко Роман Іванович,,,Україна,FW,1994–1995,СК Миколаїв; Кремінь (Кременчук)
w:1970-12-21:komziuk,Ярослав Комзюк,auto,Комзюк Ярослав Васильович,,,Україна,DF,1993–2003,Волинь (Луцьк)
w:1970-12-22:babuadze,Георгій Бабуадзе,high,Бабуадзе Георгій Аміранович,,,Грузія,GK,1994–1994,Темп (Шепетівка)
w:1970-12-28:travin,Дмитро Травін,auto,Травін Дмитро Олегович,,,Україна,MF,1994–1994,Темп (Шепетівка)
w:1971-00-00:iuri,Юрій Мороз,high,,Юрий Мороз,,Украина,FW,2021–2021,Чорноморець (Одеса)
w:1971-00-00:kuptsov,Андрій Купцов,high,,Купцов Андрей,,,MF,2011–2011,Олександрія
w:1971-01-02:zavialov,Андрій Зав'ялов,auto,Зав'ялов Андрій Олександрович,,,Україна,FW,1992–2001,Динамо (Київ); Нива (Вінниця); Прикарпаття (Івано-Франківськ); Металург (Донецьк)
w:1971-01-04:filimonov,Денис Філімонов,auto,Філімонов Денис Володимирович,,,Україна,FW,1992–1999,Дніпро (Дніпропетровськ); Верес (Рівне); Кривбас (Кривий Ріг)
w:1971-01-04:suchko,Владислав Сучко,auto,Сучко Владислав Вікторович,,,Україна,MF,1993–1993,Торпедо (Запоріжжя)
w:1971-01-08:dmitrev,Євген Дмитрієв,auto,Дмитрієв Євген Миколайович,,,Україна,DF,1994–1997,Дніпро (Дніпропетровськ); ЦСКА (Київ)
w:1971-01-11:pavliuchenko,Костянтин Павлюченко,auto,Павлюченко Костянтин Володимирович,,,Україна,MF,1992–1997,Дніпро (Дніпропетровськ); Кривбас (Кривий Ріг)
w:1971-01-13:pindev,Олександр Піндєєв,auto,Піндєєв Олександр Валерійович,,,Україна,FW,1993–1994,Кремінь (Кременчук)
w:1971-01-17:kurbatski,Дмитро Курбатський,auto,Курбатський Дмитро Володимирович,,,Україна,MF,1992–1993,Зоря (Луганськ)
w:1971-01-19:markin,Юрій Маркін,auto,Маркін Юрій Володимирович,,,Україна,DF,1992–2000,Металург (Запоріжжя); Таврія (Сімферополь); Зірка (Кропивницький); Сталь (Алчевськ)
w:1971-01-20:solovenko,Юрій Солов'єнко,auto,Солов'єнко Юрій Леонідович,,,Україна,MF,1993–2000,Нива (Вінниця); Металург (Донецьк); Маріуполь / Іллічівець
w:1971-01-21:bojenko,Вадим Боженко,high,Боженко Вадим Євгенович,,,Росія,MF,1994–1994,Зоря (Луганськ)
w:1971-01-21:sivahin,Олександр Сівагін,auto,Сівагін Олександр Валентинович,,,Україна,MF,1993–1993,Кривбас (Кривий Ріг)
w:1971-01-23:kuptsov,Андрій Купцов,auto,Купцов Андрій Сергійович,,,Україна,MF,1992–2000,Шахтар (Донецьк); Кремінь (Кременчук); Кривбас (Кривий Ріг); Карпати (Львів)
w:1971-01-27:hetman,Юрій Гетьман,auto,Гетьман Юрій Олексійович,,,Україна,FW,1997–1997,Маріуполь / Іллічівець
w:1971-01-30:surelo,Сергій Сурело,auto,Сурело Сергій Григорович,,,Україна,DF,1994–1994,Нива (Тернопіль)
w:1971-01-31:prizetko,Олександр Призетко,auto,Призетко Олександр Сергійович,,,Україна,FW,1992–2004,Металіст (Харків); Динамо (Київ)
w:1971-02-04:huralik,Володимир Гуралик,auto,Гуралик Володимир Степанович,,,Україна,MF,1993–1993,Буковина (Чернівці)
w:1971-02-07:sich,Микола Сич,auto,Сич Микола Анатолійович,,,Україна,DF,1992–1995,Карпати (Львів); Волинь (Луцьк)
w:1971-02-07:zavaliak,Ігор Заваляк,auto,Заваляк Ігор Дмитрович,,,Україна,DF,1994–1994,Волинь (Луцьк)
w:1971-02-09:tsvik,Андрій Цвік,auto,Цвік Андрій Степанович,,,Україна,MF,2000–2000,Сталь (Алчевськ)
w:1971-02-16:jovjerenko,Андрій Жовжеренко,auto,Жовжеренко Андрій Іванович,,,Україна,MF,1998–1998,СК Миколаїв
w:1971-02-21:chmeruk,Сергій Чмерук,auto,Чмерук Сергій Андрійович,,,Україна,MF,1994–1995,СК Миколаїв
w:1971-02-23:naduda,Олег Надуда,auto,Надуда Олег Миколайович,,,Україна,MF,1993–1993,Нива (Вінниця)
w:1971-02-25:revut,Сергій Ревут,auto,Ревут Сергій Анатолійович,,,Україна,DF,1995–2001,ЦСКА (Київ); Арсенал (Київ)
w:1971-03-04:kovalov,Альберт Ковальов,auto,Ковальов Альберт Сергійович,,,Україна,DF,1997–2003,Металург (Донецьк); Ворскла (Полтава); Кривбас (Кривий Ріг)
w:1971-03-05:polunin,Андрій Полунін,auto,Полунін Андрій Вікторович,,,Україна,MF,1992–2003,Дніпро (Дніпропетровськ); ЦСКА (Київ); Кривбас (Кривий Ріг); Карпати (Львів)
w:1971-03-07:soloviov,Сергій Соловйов,auto,Соловйов Сергій Миколайович,,,Україна,DF,1992–1998,Кривбас (Кривий Ріг); СК Миколаїв
w:1971-03-10:zabranski,Руслан Забранський,auto,Забранський Руслан Михайлович,,,Україна,FW,1992–2001,Карпати (Львів); СК Миколаїв; Прикарпаття (Івано-Франківськ); Кривбас (Кривий Ріг)
w:1971-03-14:pletnov,Андрій Плетньов,auto,Плетньов Андрій Володимирович,,,Україна,FW,1994–1994,Зоря (Луганськ)
w:1971-03-21:stashko,Сергій Сташко,auto,Сташко Сергій Романович,,,Україна,GK,1995–1997,Прикарпаття (Івано-Франківськ); Торпедо (Запоріжжя)
w:1971-04-02:laktionov,Олександр Лактіонов,auto,Лактіонов Олександр Юрійович,,,Україна,MF,1994–1996,Нива (Вінниця)
w:1971-04-05:sarkisov,Едуард Саркісов,auto,Саркісов Едуард Рачикович,,,Україна,MF,1998–1998,Прикарпаття (Івано-Франківськ)
w:1971-04-08:zubkov,Владислав Зубков,auto,Зубков Владислав Вікторович,,,Україна,MF,1992–2002,Металург (Запоріжжя); Чорноморець (Одеса); Дніпро (Дніпропетровськ)
w:1971-04-18:diriavka,Сергій Дірявка,auto,Дірявка Сергій Георгійович,,,Україна,DF,1992–2003,Дніпро (Дніпропетровськ); ЦСКА (Київ); Кривбас (Кривий Ріг); Маріуполь / Іллічівець
w:1971-04-18:nichenko,Ігор Ніченко,auto,Ніченко Ігор Григорович,,,Україна,FW,1992–1994,Кривбас (Кривий Ріг)
w:1971-04-22:popov,Сергій Попов,auto,Попов Сергій Олександрович,,,Україна,DF,1992–2005,Шахтар (Донецьк); Металург (Запоріжжя)
w:1971-04-25:blajaev,Павло Блажаєв,auto,Блажаєв Павло Олексійович,,,Україна,GK,1995–1999,Волинь (Луцьк); ЦСКА (Київ)
w:1971-04-29:malihin,Юрій Малигін,auto,Малигін Юрій Володимирович,,,Україна,GK,1995–1997,Зоря (Луганськ); Маріуполь / Іллічівець
w:1971-05-02:siletski,Сергій Сілецький,auto,Сілецький Сергій Валерійович,,,Україна,DF,1994–1999,СК Миколаїв; Ворскла (Полтава)
w:1971-05-04:scherbina,Ігор Щербина,auto,Щербина Ігор Миколайович,,,Україна,DF,1993–1993,Шахтар (Донецьк)
w:1971-05-06:iakovenko,Дмитро Яковенко,auto,Яковенко Дмитро Олександрович,,,Україна,DF,1992–1996,Дніпро (Дніпропетровськ); Кривбас (Кривий Ріг)
w:1971-05-07:krivoruchko,Олександр Криворучко,auto,Криворучко Олександр Юрійович,,,Україна,FW,1996–1996,Нива (Вінниця)
w:1971-05-13:portnov,Ігор Портнов,auto,Портнов Ігор Вячеславович,,,Україна,MF,1995–1997,Кривбас (Кривий Ріг); Кремінь (Кременчук); Торпедо (Запоріжжя)
w:1971-05-14:moshevich,Ігор Мошевич,auto,Мошевич Ігор Володимирович,,,Україна,DF,1993–1998,Торпедо (Запоріжжя); Зірка (Кропивницький)
w:1971-05-23:taran,Ігор Таран,auto,Таран Ігор Петрович,,,Україна,MF,1993–1994,Буковина (Чернівці); СК Миколаїв
w:1971-05-25:jihulin,Спартак Жигулін,auto,Жигулін Спартак Володимирович,,,Україна,FW,1992–1997,Торпедо (Запоріжжя); СК Миколаїв; Металург (Донецьк)
w:1971-05-27:burhan,Євген Бурхан,auto,Бурхан Євген Юрійович,,,Україна,FW,1992–1999,Торпедо (Запоріжжя); Металург (Запоріжжя); Нива (Вінниця); Зірка (Кропивницький)
w:1971-05-27:chijevski,Олександр Чижевський,auto,Чижевський Олександр Арсенійович,,,Україна,DF,1992–2009,Карпати (Львів); Шахтар (Донецьк); Металург (Запоріжжя); Таврія (Сімферополь)
w:1971-05-28:avakov,Арсен Аваков,auto,Аваков Арсен Георгійович,,,Україна,DF,1993–1995,Темп (Шепетівка); Торпедо (Запоріжжя)
w:1971-06-04:diak,Віктор Д'як,auto,Д'як Віктор Іванович,,,Україна,MF,1998–1999,Металург (Донецьк)
w:1971-06-09:palamarchuk,Олександр Паламарчук,auto,Паламарчук Олександр Михайлович,,,Україна,MF,1993–1993,Торпедо (Запоріжжя)
w:1971-06-11:haidamaschuk,Володимир Гайдамащук,high,Гайдамащук Володимир Пилипович,,,Молдова,MF,1992–1992,Буковина (Чернівці)
w:1971-06-15:hritsina,Юрій Гріцина,auto,Гріцина Юрій Васильович,,,Україна,MF,1992–1993,Динамо (Київ)
w:1971-06-15:mamonov,Сергій Мамонов,auto,Мамонов Сергій Миколайович,,,Україна,FW,2001–2001,Таврія (Сімферополь)
w:1971-06-19:hetikov,Юрій Гетіков,high,Гетіков Юрій Олексійович,,,Росія,MF,1992–1994,Таврія (Сімферополь); Темп (Шепетівка)
w:1971-06-21:pokladok,Андрій Покладок,auto,Покладок Андрій Ярославович,,,Україна,FW,1992–2002,Карпати (Львів); Металург (Донецьк); Олександрія
w:1971-06-22:bukel,Юрій Букель,auto,Букель Юрій Олександрович,,,Україна,DF,1992–1999,Чорноморець (Одеса); Маріуполь / Іллічівець
w:1971-06-22:maiboroda,Сергій Майборода,auto,Майборода Сергій Іванович,,,Україна,DF,1993–1995,Металіст (Харків); СК Миколаїв
w:1971-06-23:djamarauli,Гоча Джамараулі,high,Джамараулі Гоча,,,Грузія,MF,2002–2004,Металург (Донецьк)
w:1971-06-27:muraviov,Олег Муравйов,auto,Муравйов Олег Вікторович,,,Україна,DF,1995–1997,Таврія (Сімферополь)
w:1971-06-30:chachkin,Андрій Чачкін,auto,Чачкін Андрій Валерійович,,,Україна,FW,1993–1993,Волинь (Луцьк)
w:1971-07-02:karmeliuk,Юрій Кармелюк,auto,Кармелюк Юрій Анатолійович,,,Україна,MF,1997–1997,Металург (Донецьк)
w:1971-07-04:fedkov,Андрій Федьков,auto,Федьков Андрій Юрійович,,,Україна,FW,1992–1996,Кремінь (Кременчук); Шахтар (Донецьк)
w:1971-07-05:kabachenko,Олександр Кабаченко,auto,Кабаченко Олександр Олександрович,,,Україна,DF,1994–1995,Металург (Запоріжжя)
w:1971-07-09:koniushenko,Сергій Конюшенко,auto,Конюшенко Сергій Вікторович,Конюшенко Сергей,,Україна,DF,2002–2011,Оболонь (Київ)
w:1971-07-10:tutichenko,Дмитро Тутиченко,auto,Тутиченко Дмитро Павлович,,,Україна,MF,1997–1998,Дніпро (Дніпропетровськ)
w:1971-07-14:mehanoshin,Олександр Механошин,auto,Механошин Олександр Михайлович,,,Україна,MF,1993–2001,Нива (Вінниця); Прикарпаття (Івано-Франківськ); Маріуполь / Іллічівець
w:1971-07-21:dolinovski,Олег Долиновський,auto,Долиновський Олег Вікторович,,,Україна,DF,1992–1992,Металург (Запоріжжя)
w:1971-07-24:krijanivski,Володимир Крижанівський,auto,Крижанівський Володимир Романович,,,Україна,FW,1998–1998,Прикарпаття (Івано-Франківськ)
w:1971-07-26:dobrovolski,Дмитро Добровольський,auto,Добровольський Дмитро Вікторович,,,Україна,DF,1998–1998,СК Миколаїв
w:1971-07-29:hoshovski,Роман Гошовський,auto,Гошовський Роман Володимирович,,,Україна,DF,1996–1996,Прикарпаття (Івано-Франківськ)
w:1971-08-02:jilin,Олег Жилін,auto,Жилін Олег Миколайович,,,Україна,DF,1998–2002,Зірка (Кропивницький); Металіст (Харків); Олександрія
w:1971-08-03:panin,Вадим Панін,auto,Панін Вадим Миколайович,,,Україна,MF,1995–1996,Торпедо (Запоріжжя)
w:1971-08-04:lejentsev,Сергій Леженцев,auto,Леженцев Сергій Борисович,,,Україна,DF,1992–2001,Кремінь (Кременчук); Нива (Тернопіль); Динамо (Київ); Чорноморець (Одеса)
w:1971-08-05:ishmirzaev,Садріддін Ішмірзаєв,high,Ішмірзаєв Садріддін Саідмуратович,,,Узбекистан,MF,1992–1992,Таврія (Сімферополь)
w:1971-08-11:hvoia,Олег Хвоя,auto,Хвоя Олег Михайлович,,,Україна,DF,1993–1993,Нива (Вінниця)
w:1971-08-15:hela,Гела Квітатіані,high,Квітатіані Гела,,,Грузія,DF,1994–1995,Зоря (Луганськ)
w:1971-08-15:makovski,Леонід Маковський,auto,Маковський Леонід Петрович,,,Україна,MF,1997–1997,Прикарпаття (Івано-Франківськ)
w:1971-08-20:shikir,Олег Шикир,auto,Шикир Олег Анатолійович,,,Україна,DF,1994–1994,Нива (Вінниця)
w:1971-08-22:suvorov,В'ячеслав Суворов,fixed,Суворов Вячеслав Валерійович,,,Україна,FW,1995–1995,Зоря (Луганськ)
w:1971-08-23:hrebeniuk,Тарас Гребенюк,auto,Гребенюк Тарас Олександрович,,,Україна,GK,1994–2000,Металург (Запоріжжя)
w:1971-08-23:skish,Віталій Скиш,auto,Скиш Віталій Володимирович,,,Україна,DF,1992–2000,Чорноморець (Одеса); Прикарпаття (Івано-Франківськ); Зірка (Кропивницький); Металіст (Харків)
w:1971-08-26:korol,Ігор Король,auto,Король Ігор Євгенович,,,Україна,DF,1994–1999,Нива (Тернопіль); Металург (Донецьк)
w:1971-09-05:atamanchuk,Орест Атаманчук,auto,Атаманчук Орест Богданович,,,Україна,FW,1998–2001,Кривбас (Кривий Ріг); Прикарпаття (Івано-Франківськ)
w:1971-09-05:kovalenko,Олександр Коваленко,auto,Коваленко Олександр Анатолійович,,,Україна,GK,1992–1995,Торпедо (Запоріжжя); СК Миколаїв
w:1971-09-05:nahorniak,Сергій Нагорняк,auto,Нагорняк Сергій Миколайович,,,Україна,FW,1993–2005,Нива (Вінниця); Дніпро (Дніпропетровськ); Шахтар (Донецьк); Арсенал (Київ)
w:1971-09-05:tolkach,Олександр Толкач,high,Толкач Олександр Леонідович,,,Білорусь,DF,1997–2000,Кривбас (Кривий Ріг); Зірка (Кропивницький)
w:1971-09-06:novikov,Владислав Новіков,high,Новіков Владислав Михайлович,,,Росія,MF,1992–1997,Таврія (Сімферополь); Кремінь (Кременчук); ЦСКА (Київ); Шахтар (Донецьк)
w:1971-09-08:meleshko,Роман Мелешко,high,Мелешко Роман Іванович,,,Білорусь,MF,1995–1995,Зоря (Луганськ)
w:1971-09-09:saharov,Костянтин Сахаров,auto,Сахаров Костянтин Анатолійович,,,Україна,MF,1994–2003,Верес (Рівне); Маріуполь / Іллічівець
w:1971-09-11:panasiuk,Костянтин Панасюк,auto,Панасюк Костянтин Юрійович,,,Україна,DF,1996–1996,ЦСКА (Київ)
w:1971-09-12:huralski,Олександр Гуральський,auto,Гуральський Олександр Петрович,,,Україна,MF,1992–1998,Металург (Запоріжжя); Торпедо (Запоріжжя); СК Миколаїв; Металург (Донецьк)
w:1971-09-18:sharan,Володимир Шаран,auto,Шаран Володимир Богданович,Шаран Владимир,,Україна,MF,1992–2011,Динамо (Київ); Дніпро (Дніпропетровськ); Карпати (Львів); Олександрія
w:1971-09-21:holovan,Олег Головань,auto,Головань Олег Михайлович,,,Україна,FW,1992–1992,Металург (Запоріжжя)
w:1971-09-21:shulha,Владислав Шульга,auto,Шульга Владислав Іванович,,,Україна,MF,1992–1994,Кривбас (Кривий Ріг)
w:1971-09-23:kozar,Геннадій Козар,auto,Козар Геннадій Васильович,,,Україна,DF,1992–2002,Кривбас (Кривий Ріг); Дніпро (Дніпропетровськ); Олександрія
w:1971-09-25:chuprin,Дмитро Чупрін,auto,Чупрін Дмитро Олександрович,,,Україна,MF,1992–1999,Металіст (Харків)
w:1971-10-05:muzika,Олег Музика,auto,Музика Олег Михайлович,,,Україна,MF,1996–1996,Нива (Тернопіль)
w:1971-10-09:karas,Ігор Карась,auto,Карась Ігор Миколайович,,,Україна,DF,1996–1998,Прикарпаття (Івано-Франківськ)
w:1971-10-11:pomazun,Олександр Помазун,auto,Помазун Олександр Васильович,,,Україна,GK,1992–1992,Металіст (Харків)
w:1971-10-13:shemetev,Олександр Шеметєв,auto,Шеметєв Олександр Васильович,,,Україна,FW,1993–1994,Таврія (Сімферополь)
w:1971-10-14:dimitrishvili,Темурі Дімітрішвілі,high,Дімітрішвілі Темурі Георгійович,,,Грузія,DF,1994–1995,Зоря (Луганськ)
w:1971-10-14:manko,Євген Манько,auto,Манько Євген Валентинович,,,Україна,FW,1992–2000,Шахтар (Донецьк); Сталь (Алчевськ)
w:1971-10-21:prohorenkov,Олексій Прохоренков,auto,Прохоренков Олексій Олексійович,,,Україна,FW,1994–1995,Нива (Тернопіль)
w:1971-10-23:lobanovs,Валентінс Лобаньовс,high,Лобаньовс Валентінс,,,Латвія,MF,2003–2004,Металург (Запоріжжя)
w:1971-10-29:malani,Руслан Маланій,auto,Маланій Руслан Миколайович,,,Україна,MF,1992–1992,Волинь (Луцьк)
w:1971-11-04:dail,Ібрям Даїл,high,Даїл Ібрям,,,Болгарія,DF,1997–1997,Ворскла (Полтава)
w:1971-11-15:demianchuk,Михайло Дем'янчук,auto,Дем'янчук Михайло Михайлович,,,Україна,FW,1992–1999,Нива (Тернопіль)
w:1971-11-17:ahmedov,Тарлан Ахмедов,high,Ахмедов Тарлан Муса оглу,,,Азербайджан,DF,2003–2003,Волинь (Луцьк)
w:1971-11-17:kucher,Олег Кучер,auto,Кучер Олег Миколайович,,,Україна,MF,1992–2002,Верес (Рівне); Металіст (Харків)
w:1971-11-19:kopistianski,Микола Копистянський,auto,Копистянський Микола Іванович,,,Україна,MF,1997–1997,Прикарпаття (Івано-Франківськ)
w:1971-11-19:pavlik,Ігор Павлик,auto,Павлик Ігор Васильович,,,Україна,MF,1994–2003,Металург (Запоріжжя); Торпедо (Запоріжжя); Зірка (Кропивницький)
w:1971-11-22:kovalov,Сергій Ковальов,auto,Ковальов Сергій Миколайович,,,Україна,MF,1993–2000,Шахтар (Донецьк)
w:1971-11-23:levchuk,Юрій Левчук,auto,Левчук Юрій Миколайович,,,Україна,DF,1996–1996,Кремінь (Кременчук)
w:1971-11-25:antiuhin,Олексій Антюхін,auto,Антюхін Олексій Володимирович,,,Україна,FW,1992–2000,Металург (Запоріжжя); Таврія (Сімферополь); Динамо (Київ); Ворскла (Полтава)
w:1971-11-25:pohlebaev,Євген Похлебаєв,auto,Похлебаєв Євген Васильович,,,Україна,MF,1992–1996,Дніпро (Дніпропетровськ); Динамо (Київ)
w:1971-12-01:stroenko,Андрій Строєнко,auto,Строєнко Андрій Васильович,,,Україна,MF,1997–1998,Кривбас (Кривий Ріг)
w:1971-12-02:ionanidze,Зураб Іонанідзе,high,Іонанідзе Зураб Давидович,,,Грузія,FW,2003–2004,Таврія (Сімферополь)
w:1971-12-02:mahdev,Юрій Магдієв,high,Магдієв Юрій Загірбекович,,,Туркменістан,MF,1999–1999,Нива (Тернопіль)
w:1971-12-02:taloverov,Вадим Таловєров,auto,Таловєров Вадим Миколайович,,,Україна,MF,1999–1999,Металург (Донецьк)
w:1971-12-11:shved,Василь Швед,auto,Швед Василь Васильович,,,Україна,FW,2000–2003,Карпати (Львів)
w:1971-12-16:rubanchuk,Валерій Рубанчук,auto,Рубанчук Валерій Миколайович,,,Україна,MF,1995–1995,Зоря (Луганськ)
w:1971-12-19:iakovenko,Юрій Яковенко,auto,Яковенко Юрій Вікторович,,,Україна,FW,1993–2003,Кривбас (Кривий Ріг); Зірка (Кропивницький)
w:1971-12-25:hrin,Володимир Гринь,auto,Гринь Володимир Дмитрович,,,Україна,MF,1992–1999,Кривбас (Кривий Ріг); Зірка (Кропивницький)
w:1971-12-27:parhomenko,Андрій Пархоменко,auto,Пархоменко Андрій Вікторович,,,Україна,MF,1992–1995,Таврія (Сімферополь); Нива (Тернопіль)
w:1972-00-00:chopik,Тарас Чопик,high,,Тарас Чопик,,Украина,FW,2021–2021,ПФК Львів
w:1972-01-02:haschin,Володимир Гащин,auto,Гащин Володимир Володимирович,,,Україна,DF,1992–2005,Волинь (Луцьк); Дніпро (Дніпропетровськ); Кривбас (Кривий Ріг); Зірка (Кропивницький)
w:1972-01-05:krohan,Вадим Крохан,auto,Крохан Вадим Валерійович,,,Україна,MF,1998–1999,Металург (Донецьк)
w:1972-01-06:holovko,Олександр Головко,auto,Головко Олександр Борисович,,,Україна,DF,1992–2005,Таврія (Сімферополь); Динамо (Київ)
w:1972-01-08:atelkin,Сергій Ателькін,auto,Ателькін Сергій Валерійович,,,Україна,FW,1992–2002,Шахтар (Донецьк); Кремінь (Кременчук); Металург (Донецьк)
w:1972-01-08:nikitin,Андрій Нікітін,auto,Нікітін Андрій Дмитрович,,,Україна,GK,1992–2006,Зоря (Луганськ); Шахтар (Донецьк); Металург (Донецьк); Маріуполь / Іллічівець
w:1972-01-11:iaskovich,Сергій Яскович,high,Яскович Сергій Іванович,,,Білорусь,DF,1997–1997,Шахтар (Донецьк)
w:1972-01-14:bilousov,Андрій Білоусов,auto,Білоусов Андрій Володимирович,,,Україна,DF,1995–1996,Кривбас (Кривий Ріг)
w:1972-01-14:bondarenko,Юрій Бондаренко,auto,Бондаренко Юрій Володимирович,,,Україна,DF,1993–1996,Торпедо (Запоріжжя)
w:1972-01-14:pronin,Сергій Пронін,auto,Пронін Сергій Васильович,,,Україна,MF,1995–1995,Карпати (Львів)
w:1972-01-17:arabadji,Дмитро Арабаджи,auto,Арабаджи Дмитро Костянтинович,,,Україна,MF,1997–1997,Маріуполь / Іллічівець
w:1972-01-18:mizenko,Олександр Мизенко,auto,Мизенко Олександр Вікторович,,,Україна,FW,1995–2003,Зірка (Кропивницький); Металург (Донецьк)
w:1972-01-20:zelinski,Сергій Зелінський,auto,Зелінський Сергій Леонідович,,,Україна,MF,1992–1992,Торпедо (Запоріжжя)
w:1972-01-23:nazarov,Євгеній Назаров,auto,Назаров Євгеній Миколайович,,,Україна,MF,1992–2003,Металіст (Харків); Карпати (Львів); Зоря (Луганськ); Волинь (Луцьк)
w:1972-01-29:chipa,Сергій Чіпа,auto,Чіпа Сергій Степанович,,,Україна,DF,1997–1997,Торпедо (Запоріжжя)
w:1972-02-01:beliakov,Олег Беляков,high,Беляков Олег Геннадійович,,,Узбекистан,GK,2002–2002,Кривбас (Кривий Ріг)
w:1972-02-02:chopik,Тарас Чопик,auto,Чопик Тарас Володимирович,,,Україна,GK,2001–2002,Олександрія
w:1972-02-03:mamchur,Сергій Мамчур,auto,Мамчур Сергій Миколайович,,,Україна,DF,1992–1992,Дніпро (Дніпропетровськ)
w:1972-02-04:kovalov,Сергій Ковальов,auto,Ковальов Сергій Вікторович,,,Україна,MF,1994–1995,Кремінь (Кременчук)
w:1972-02-09:nikonchuk,Валентин Никончук,auto,Никончук Валентин Іванович,,,Україна,FW,1993–1994,Темп (Шепетівка)
w:1972-02-11:chirva,Олексій Чирва,auto,Чирва Олексій Володимирович,,,Україна,DF,1992–1998,Металіст (Харків); СК Миколаїв
w:1972-02-17:lutsenko,Володимир Луценко,auto,Луценко Володимир Володимирович,,,Україна,MF,2002–2002,Волинь (Луцьк)
w:1972-02-17:rohojkin,Олександр Рогожкін,auto,Рогожкін Олександр Миколайович,,,Україна,GK,1993–1993,Карпати (Львів)
w:1972-02-26:dhebuadze,Кахабер Дгебуадзе,high,Дгебуадзе Кахабер Віссаріонович,,,Грузія,MF,1998–2000,Нива (Тернопіль)
w:1972-02-27:lastivka,Юрій Ластівка,auto,Ластівка Юрій Васильович,,,Україна,FW,1994–1994,Кремінь (Кременчук)
w:1972-02-29:palianitsia,Олександр Паляниця,auto,Паляниця Олександр Віталійович,,,Україна,FW,1992–2002,Дніпро (Дніпропетровськ); Верес (Рівне); Кривбас (Кривий Ріг); Карпати (Львів)
w:1972-03-01:konovalov,Сергій Коновалов,auto,Коновалов Сергій Борисович,,,Україна,FW,1992–2005,Дніпро (Дніпропетровськ); Динамо (Київ); Арсенал (Київ); Борисфен (Бориспіль)
w:1972-03-03:kovaliuk,Володимир Ковалюк,auto,Ковалюк Володимир Васильович,,,Україна,MF,1992–2010,Карпати (Львів); Прикарпаття (Івано-Франківськ); Дніпро (Дніпропетровськ); Динамо (Київ)
w:1972-03-03:sobeschakov,Сергій Собещаков,auto,Собещаков Сергій Михайлович,,,Україна,GK,1994–1998,СК Миколаїв
w:1972-03-10:chorniavski,Олександр Чорнявський,auto,Чорнявський Олександр Анатолійович,,,Україна,DF,1994–1999,Металург (Запоріжжя)
w:1972-03-13:storojenko,Олег Стороженко,auto,Стороженко Олег Володимирович,,,Україна,GK,1997–1997,Ворскла (Полтава)
w:1972-03-13:volosianko,Микола Волосянко,auto,Волосянко Микола Миколайович,,,Україна,DF,1995–2004,ЦСКА (Київ); Динамо (Київ); Маріуполь / Іллічівець; Арсенал (Київ)
w:1972-03-17:bohach,Володимир Богач,auto,Богач Володимир Володимирович,,,Україна,DF,1994–1995,Верес (Рівне); ЦСКА (Київ)
w:1972-03-23:avdev,Олександр Авдєєв,auto,Авдєєв Олександр Борисович,,,Україна,MF,1993–1993,Таврія (Сімферополь)
w:1972-03-28:korobchenko,Віталій Левченко,check,Левченко Віталій Григорович,,,Росія,MF,1992–2000,Зоря (Луганськ); ЦСКА (Київ); Таврія (Сімферополь)
w:1972-04-01:ostroushko,В'ячеслав Остроушко,fixed,Остроушко Вячеслав Валерійович,,,Україна,MF,1993–1996,Кремінь (Кременчук); ЦСКА (Київ)
w:1972-04-03:shutkov,Дмитро Шутков,auto,Шутков Дмитро Анатолійович,,,Україна,GK,1992–2007,Шахтар (Донецьк)
w:1972-04-04:hvadahiani,Вахтанг Хвадагіані,high,Хвадагіані Вахтанг Абессаломович,,,Грузія,DF,1994–1994,Верес (Рівне)
w:1972-04-05:halev,Гліб Галєєв,auto,Галєєв Гліб Далродович,,,Україна,FW,1993–1993,Кривбас (Кривий Ріг)
w:1972-04-06:lukash,Олег Лукаш,auto,Лукаш Олег Михайлович,,,Україна,MF,1998–2000,СК Миколаїв; Металіст (Харків)
w:1972-04-08:zapishni,Андрій Запишний,auto,Запишний Андрій Васильович,,,Україна,MF,1994–1994,СК Миколаїв
w:1972-04-09:somik,Михайло Сомик,auto,Сомик Михайло Миколайович,,,Україна,MF,1993–1993,Волинь (Луцьк)
w:1972-04-12:malik,Віталій Малик,auto,Малик Віталій Іванович,,,Україна,FW,1993–1993,Карпати (Львів)
w:1972-04-15:tarasenko,Юрій Тарасенко,auto,Тарасенко Юрій Васильович,,,Україна,FW,1993–1993,Буковина (Чернівці)
w:1972-04-24:karetnik,Володимир Каретник,auto,Каретник Володимир Володимирович,,,Україна,MF,1994–1996,Зоря (Луганськ); Прикарпаття (Івано-Франківськ); Кремінь (Кременчук); Нива (Тернопіль)
w:1972-04-27:semenov,Віталій Семенов,auto,Семенов Віталій Іванович,,,Україна,DF,1992–1993,Металург (Запоріжжя)
w:1972-04-29:nemodruk,Євген Немодрук,auto,Немодрук Євген Анатолійович,,,Україна,GK,1993–1995,Чорноморець (Одеса); Нива (Вінниця)
w:1972-05-04:husak,Богдан Гусак,auto,Гусак Богдан Ярославович,,,Україна,MF,1994–1995,Прикарпаття (Івано-Франківськ)
w:1972-05-04:medin,Микола Медін,auto,Медін Микола Олександрович,,,Україна,GK,1992–2005,Дніпро (Дніпропетровськ)
w:1972-05-05:kapustnikov,Олег Капустніков,auto,Капустніков Олег Юрійович,,,Україна,DF,1994–1994,Металург (Запоріжжя)
w:1972-05-09:kobzar,Віталій Кобзар,auto,Кобзар Віталій Юрійович,,,Україна,MF,1996–2004,Ворскла (Полтава); Оболонь (Київ)
w:1972-05-11:haiduk,Олександр Гайдук,auto,Гайдук Олександр Володимирович,,,Україна,FW,1993–1993,Нива (Вінниця)
w:1972-05-15:dubina,Валентин Дубина,auto,Дубина Валентин Вікторович,,,Україна,MF,1997–1997,Кривбас (Кривий Ріг)
w:1972-05-15:sherabokov,Сергій Шерабоков,auto,Шерабоков Сергій Олексійович,,,Україна,MF,1992–1994,Таврія (Сімферополь); Кремінь (Кременчук)
w:1972-05-17:duhnovski,Ігор Духновський,auto,Духновський Ігор Олександрович,,,Україна,FW,1992–1998,Таврія (Сімферополь); Зірка (Кропивницький); Маріуполь / Іллічівець
w:1972-05-17:shumski,Віталій Шумський,auto,Шумський Віталій Іванович,,,Україна,MF,1992–1998,Нива (Тернопіль); Карпати (Львів); Дніпро (Дніпропетровськ); Прикарпаття (Івано-Франківськ)
w:1972-05-17:vasilev,Вадим Васильєв,high,Васильєв Вадим Вікторович,,,Азербайджан,FW,2003–2003,Таврія (Сімферополь)
w:1972-05-20:korobov,Сергій Коробов,auto,Коробов Сергій Миколайович,,,Україна,MF,1993–1994,Таврія (Сімферополь); Кремінь (Кременчук)
w:1972-06-02:pophadze,Зураб Попхадзе,high,Попхадзе Зураб,,,Грузія,DF,2002–2002,Кривбас (Кривий Ріг)
w:1972-06-05:maksimenko,Андрій Максименко,auto,Максименко Андрій Юрійович,,,Україна,DF,1992–1997,Металург (Запоріжжя); Торпедо (Запоріжжя); Маріуполь / Іллічівець
w:1972-06-11:hatilov,Юрій Гатилов,auto,Гатилов Юрій Валентинович,,,Україна,FW,1994–1994,Волинь (Луцьк)
w:1972-06-13:danilko,Роман Данилко,auto,Данилко Роман Ярославович,,,Україна,MF,1995–1995,Прикарпаття (Івано-Франківськ)
w:1972-06-15:balatski,Анатолій Балацький,auto,Балацький Анатолій Васильович,,,Україна,DF,1994–2002,Нива (Тернопіль); Нива (Вінниця); ЦСКА (Київ); Олександрія
w:1972-06-20:kamnev,Костянтин Камнєв,auto,Камнєв Костянтин Миколайович,,,Україна,FW,1997–1997,Чорноморець (Одеса)
w:1972-06-26:pahomov,Костянтин Пахомов,auto,Пахомов Костянтин Миколайович,,,Україна,MF,1993–1993,Металіст (Харків)
w:1972-06-27:jenilenko,В'ячеслав Жениленко,fixed,Жениленко Вячеслав Миколайович,,,Україна,DF,1993–1998,Кремінь (Кременчук); СК Миколаїв
w:1972-06-29:stoianov,Едуард Стоянов,auto,Стоянов Едуард Миколайович,,,Україна,MF,1997–1999,Чорноморець (Одеса)
w:1972-06-30:reshetnik,Павло Решетник,auto,Решетник Павло Миколайович,,,Україна,GK,1993–1993,Буковина (Чернівці)
w:1972-07-12:ledovskih,Костянтин Лєдовських,high,Лєдовських Костянтин Вячеславович,,,Росія,GK,1994–1994,Дніпро (Дніпропетровськ)
w:1972-07-24:martiuk,Олександр Мартюк,auto,Мартюк Олександр Леонідович,,,Україна,DF,1992–2001,Шахтар (Донецьк); Торпедо (Запоріжжя); Металург (Донецьк); Кривбас (Кривий Ріг)
w:1972-07-28:ripan,Олег Рипан,auto,Рипан Олег Павлович,,,Україна,GK,1994–2001,Прикарпаття (Івано-Франківськ); Ворскла (Полтава)
w:1972-08-05:lesik,Микола Лесік,auto,Лесік Микола Андрійович,,,Україна,MF,1993–1993,Буковина (Чернівці)
w:1972-08-07:ulianitski,Віктор Ульяницький,auto,Ульяницький Віктор Васильович,,,Україна,DF,1995–1999,ЦСКА (Київ)
w:1972-08-13:iliuhin,Андрій Іллюхін,auto,Іллюхін Андрій Миколайович,,,Україна,MF,1992–1992,Металіст (Харків)
w:1972-08-15:martsun,Олександр Марцун,auto,Марцун Олександр Миколайович,,,Україна,DF,1993–1994,Темп (Шепетівка)
w:1972-08-19:tambovtsev,Олександр Тамбовцев,auto,Тамбовцев Олександр Анатолійович,,,Україна,FW,1992–1992,Зоря (Луганськ)
w:1972-08-21:mamedov,Раміз Мамедов,high,Мамедов Раміз Мехманович,,,Росія,DF,1999–1999,Динамо (Київ)
w:1972-08-24:baziliak,Олександр Базиляк,auto,Базиляк Олександр Юрійович,,,Україна,MF,1995–1995,Торпедо (Запоріжжя)
w:1972-08-25:marashov,Олександр Марашов,high,Марашов Олександр Володимирович,,,Естонія,MF,1995–1995,Зоря (Луганськ)
w:1972-08-28:holubka,Петро Голубка,auto,Голубка Петро Михайлович,,,Україна,FW,1993–1998,Таврія (Сімферополь); Карпати (Львів); Нива (Тернопіль)
w:1972-08-29:kurilenko,Олексій Куриленко,auto,Куриленко Олексій Вікторович,,,Україна,MF,1992–1997,Кривбас (Кривий Ріг); Дніпро (Дніпропетровськ); Металург (Запоріжжя); Торпедо (Запоріжжя)
w:1972-09-05:dobrianski,Андрій Добрянський,auto,Добрянський Андрій Миколайович,,,Україна,MF,2003–2003,Зірка (Кропивницький)
w:1972-09-07:dichko,Володимир Дичко,auto,Дичко Володимир Вікторович,,,Україна,MF,1993–2001,Кремінь (Кременчук); Ворскла (Полтава); Маріуполь / Іллічівець
w:1972-09-08:burkovski,Сергій Бурковський,auto,Бурковський Сергій Збиславович,,,Україна,DF,1997–1997,Торпедо (Запоріжжя)
w:1972-09-18:bohdanov,Юрій Богданов,auto,Богданов Юрій Вікторович,,,Україна,FW,1995–1999,Зірка (Кропивницький)
w:1972-09-20:lomakin,Валерій Ломакін,auto,Ломакін Валерій Олексійович,,,Україна,FW,1994–1994,Волинь (Луцьк)
w:1972-09-21:shevchenko,Олександр Шевченко,auto,Шевченко Олександр Миколайович,,,Україна,MF,1996–1996,Нива (Вінниця)
w:1972-09-22:taranov,Владислав Таранов,auto,Таранов Владислав Вікторович,,,Україна,FW,1994–1994,Нива (Тернопіль)
w:1972-09-25:mizin,Сергій Мізін,auto,Мізін Сергій Григорович,,,Україна,MF,1992–2007,Динамо (Київ); Дніпро (Дніпропетровськ); ЦСКА (Київ); Чорноморець (Одеса)
w:1972-09-29:buhai,Сергій Бугай,auto,Бугай Сергій Іванович,,,Україна,DF,1994–2002,СК Миколаїв; Кривбас (Кривий Ріг); Металург (Запоріжжя)
w:1972-10-08:rusanovski,Роман Русановський,auto,Русановський Роман Євгенович,,,Україна,DF,1994–2003,Прикарпаття (Івано-Франківськ); Маріуполь / Іллічівець
w:1972-10-11:savu,Маріан Саву,high,Саву Маріан,,,Румунія,FW,2000–2000,Шахтар (Донецьк); Металург (Донецьк)
w:1972-10-11:zuenko,Микола Зуєнко,auto,Зуєнко Микола Миколайович,,,Україна,DF,1992–1999,Динамо (Київ); Металург (Запоріжжя); Нива (Вінниця); Прикарпаття (Івано-Франківськ)
w:1972-10-13:turkin,Валерій Туркін,auto,Туркін Валерій Валентинович,,,Україна,MF,1997–1997,Маріуполь / Іллічівець
w:1972-10-15:zeleniuk,Ігор Зеленюк,auto,Зеленюк Ігор Михайлович,,,Україна,DF,1994–1998,Нива (Тернопіль); Нива (Вінниця); СК Миколаїв
w:1972-10-27:iaremko,Володимир Яремко,auto,Яремко Володимир Миколайович,,,Україна,MF,1996–1997,ЦСКА (Київ)
w:1972-10-29:mintenko,Віталій Мінтенко,auto,Мінтенко Віталій Георгійович,,,Україна,FW,1992–2002,Динамо (Київ); Прикарпаття (Івано-Франківськ); Металург (Донецьк); Кривбас (Кривий Ріг)
w:1972-10-29:ponomarenko,Володимир Пономаренко,auto,Пономаренко Володимир Миколайович,,,Україна,MF,1994–2004,СК Миколаїв; Кривбас (Кривий Ріг); Металург (Донецьк); Таврія (Сімферополь)
w:1972-10-30:karamustafa,Дмитро Кара-Мустафа,auto,Кара-Мустафа Дмитро Олексійович,,,Україна,MF,1992–1993,Зоря (Луганськ)
w:1972-10-30:zaiats,Валентин Заяць,auto,Заяць Валентин Григорович,,,Україна,DF,1999–1999,Нива (Тернопіль)
w:1972-11-13:sinitsin,Андрій Сініцин,auto,Сініцин Андрій Вадимович,,,Україна,MF,1993–1994,Нива (Вінниця)
w:1972-11-18:holdin,Вадим Гольдін,auto,Гольдін Вадим Якович,,,Україна,MF,1998–2002,Металіст (Харків)
w:1972-11-18:skachenko,Сергій Скаченко,auto,Скаченко Сергій Вікторович,,,Україна,FW,1993–2003,Темп (Шепетівка); Динамо (Київ); Карпати (Львів)
w:1972-11-26:levitski,Максим Левицький,auto,Левицький Максим Анатолійович,,,Україна,GK,1992–1998,Таврія (Сімферополь)
w:1972-11-27:nikitin,Руслан Нікітін,auto,Нікітін Руслан Анатолійович,,,Україна,MF,1992–1995,Волинь (Луцьк)
w:1972-12-02:kandaurov,Сергій Кандауров,auto,Кандауров Сергій Вікторович,,,Україна,MF,1992–2001,Металіст (Харків)
w:1972-12-04:lapa,Микола Лапа,auto,Лапа Микола Петрович,,,Україна,DF,1997–2000,Нива (Тернопіль)
w:1972-12-11:husin,Андрій Гусін,auto,Гусін Андрій Леонідович,,,Україна,FW,1992–2004,Карпати (Львів); ЦСКА (Київ); Динамо (Київ)
w:1972-12-12:ohorodnik,Олександр Огороднік,auto,Огороднік Олександр Валентинович,,,Україна,DF,1993–1993,Нива (Тернопіль)
w:1972-12-15:lavrentsov,Олександр Лавренцов,auto,Лавренцов Олександр Сергійович,,,Україна,GK,1998–1999,Кривбас (Кривий Ріг)
w:1972-12-16:shkapenko,Павло Шкапенко,auto,Шкапенко Павло Леонідович,,,Україна,MF,1992–1998,Динамо (Київ); ЦСКА (Київ)
w:1972-12-19:kuraev,Андрій Кураєв,auto,Кураєв Андрій Вадимович,,,Україна,GK,1992–2005,Шахтар (Донецьк); Нива (Тернопіль); Металург (Донецьк); Ворскла (Полтава)
w:1973-00-00:ihor,Ігор Йовичевич,high,,Игор Йовичевич,,Хорватия,FW,2021–2021,СК Дніпро-1
w:1973-00-00:kriventsov,Валерій Кривенцов,high,,Валерий Кривенцов,,Украина,FW,2021–2021,Металіст 1925 (Харків)
w:1973-01-05:ashurbekov,Ерік Ашурбеков,auto,Ашурбеков Ерік Магомедсалімович,,,Україна,MF,1993–1993,Металіст (Харків)
w:1973-01-06:boriachinski,Андрій Борячинський,auto,Борячинський Андрій Юрійович,,,Україна,GK,2002–2002,Оболонь (Київ)
w:1973-01-06:matiuhin,Віталій Матюхін,auto,Матюхін Віталій Володимирович,,,Україна,DF,1994–1994,Металург (Запоріжжя)
w:1973-01-08:vasilkiv,Руслан Васильків,auto,Васильків Руслан Борисович,,,Україна,MF,1995–1999,Чорноморець (Одеса); СК Миколаїв
w:1973-01-12:buhakov,Олег Бугаков,auto,Бугаков Олег Петрович,,,Україна,MF,2000–2000,Сталь (Алчевськ)
w:1973-01-13:oshiko,Василь Ошийко,auto,Ошийко Василь Любомирович,,,Україна,MF,1992–1992,Карпати (Львів)
w:1973-01-14:kardash,Василь Кардаш,auto,Кардаш Василь Ярославович,,,Україна,FW,1992–2005,Карпати (Львів); Чорноморець (Одеса); Динамо (Київ); Арсенал (Київ)
w:1973-01-16:doroshenko,Ігор Дорошенко,auto,Дорошенко Ігор Миколайович,,,Україна,DF,1996–2000,Кривбас (Кривий Ріг)
w:1973-01-16:zarutski,Олег Заруцький,auto,Заруцький Олег Валентинович,,,Україна,MF,1993–1996,Буковина (Чернівці); Темп (Шепетівка); Таврія (Сімферополь)
w:1973-01-18:kuchirka,Роман Кучирка,auto,Кучирка Роман Михайлович,,,Україна,MF,1996–2000,ЦСКА (Київ); Сталь (Алчевськ)
w:1973-01-27:bialkevich,Валентин Бялькевич,high,Бялькевіч Валянцін Мікалаєвіч,,,Білорусь,MF,1996–2007,Динамо (Київ)
w:1973-01-28:tarabrin,Олександр Тарабрін,auto,Тарабрін Олександр Юрійович,,,Україна,MF,1995–1995,Таврія (Сімферополь)
w:1973-01-31:lozovski,Андрій Лозовський,auto,Лозовський Андрій Миколайович,,,Україна,MF,1992–2002,Чорноморець (Одеса)
w:1973-02-02:babichuk,Сергій Бабійчук,auto,Бабійчук Сергій Олександрович,,,Україна,FW,1994–1997,Нива (Вінниця); Торпедо (Запоріжжя)
w:1973-02-05:chunihin,Аркадій Чуніхін,auto,Чуніхін Аркадій Анатолійович,,,Україна,MF,1994–1994,СК Миколаїв
w:1973-02-06:bespalih,Сергій Беспалих,high,Беспалих Сергій Олексійович,,,Росія,FW,1996–1998,Дніпро (Дніпропетровськ); Прикарпаття (Івано-Франківськ)
w:1973-02-08:fadeichev,Андрій Фадеічев,auto,Фадеічев Андрій Станіславович,,,Україна,MF,1993–1993,Дніпро (Дніпропетровськ)
w:1973-02-09:popovich,Геннадій Попович,auto,Попович Геннадій Іванович,,,Україна,FW,1992–1996,Кривбас (Кривий Ріг); Шахтар (Донецьк)
w:1973-02-16:zalizniak,Віталій Залізняк,auto,Залізняк Віталій Олександрович,,,Україна,DF,1998–1999,Маріуполь / Іллічівець
w:1973-02-19:huzenko,Андрій Гузенко,auto,Гузенко Андрій Леонідович,,,Україна,MF,1992–2002,Карпати (Львів); Торпедо (Запоріжжя); СК Миколаїв; Ворскла (Полтава)
w:1973-02-19:shaporenko,Руслан Шапоренко,auto,Шапоренко Руслан Васильович,,,Україна,FW,1993–1994,Верес (Рівне)
w:1973-02-20:holovko,Олександр Головко,auto,Головко Олександр Миколайович,,,Україна,DF,1996–2001,Ворскла (Полтава)
w:1973-02-21:kovalchuk,Тарас Ковальчук,auto,Ковальчук Тарас Степанович,,,Україна,MF,1994–2004,Прикарпаття (Івано-Франківськ); Борисфен (Бориспіль)
w:1973-02-24:podlesni,Микола Подлєсний,auto,Подлєсний Микола Юрійович,,,Україна,DF,1997–1997,Маріуполь / Іллічівець
w:1973-02-25:belkin,Віктор Бєлкін,auto,Бєлкін Віктор Володимирович,,,Україна,MF,1992–1997,Динамо (Київ); ЦСКА (Київ); Дніпро (Дніпропетровськ)
w:1973-02-25:iaschuk,Олег Ящук,auto,Ящук Олег Петрович,,,Україна,MF,1994–1994,Темп (Шепетівка)
w:1973-03-01:barkalov,Сергій Баркалов,auto,Баркалов Сергій Миколайович,,,Україна,GK,1994–1995,Кремінь (Кременчук)
w:1973-03-03:bojko,Сергій Божко,auto,Божко Сергій Юрійович,,,Україна,MF,2000–2000,Сталь (Алчевськ)
w:1973-03-05:fedoriv,Василь Федорів,auto,Федорів Василь Васильович,,,Україна,MF,1996–1996,Прикарпаття (Івано-Франківськ)
w:1973-03-11:musolitin,Володимир Мусолітін,auto,Мусолітін Володимир Миколайович,,,Україна,MF,1994–2003,Чорноморець (Одеса); Ворскла (Полтава); ЦСКА (Київ); Кривбас (Кривий Ріг)
w:1973-03-14:pajin,Предраг Пажін,high,Пажін Предраг,,,Болгарія,DF,2002–2003,Шахтар (Донецьк)
w:1973-03-20:pavlov,Володимир Павлов,auto,Павлов Володимир Вікторович,,,Україна,DF,1992–1993,Буковина (Чернівці)
w:1973-03-20:shpirnov,Роман Шпірнов,auto,Шпірнов Роман Вікторович,,,Україна,DF,1992–1993,Буковина (Чернівці)
w:1973-03-21:zaichenko,Юрій Зайченко,auto,Зайченко Юрій Володимирович,,,Україна,FW,1992–1995,Торпедо (Запоріжжя); СК Миколаїв
w:1973-03-22:vus,Вадим Вус,auto,Вус Вадим Михайлович,,,Україна,FW,1996–1996,ЦСКА (Київ)
w:1973-03-23:baharev,В'ячеслав Бахарєв,auto,Бахарєв В'ячеслав Володимирович,,,Україна,DF,1997–1997,Чорноморець (Одеса)
w:1973-03-25:miroshnichenko,Роман Мірошниченко,auto,Мірошниченко Роман Іванович,,,Україна,FW,1992–1995,Зоря (Луганськ)
w:1973-03-27:deripapa,Олексій Дерипапа,auto,Дерипапа Олексій Володимирович,,,Україна,FW,2001–2003,Металіст (Харків); Зірка (Кропивницький)
w:1973-03-30:putria,Герман Путря,auto,Путря Герман Геннадійович,,,Україна,MF,1997–1997,Маріуполь / Іллічівець
w:1973-04-04:petrunia,Сергій Петруня,auto,Петруня Сергій Олександрович,,,Україна,DF,1994–1994,СК Миколаїв
w:1973-04-13:zaitsev,Сергій Зайцев,auto,Зайцев Сергій Ларіонович,,,Україна,DF,1992–1994,Торпедо (Запоріжжя); Металург (Запоріжжя)
w:1973-04-17:kabelski,Сергій Кабельський,check,Кабельскі Сяргєй Мар'янавіч,,,Білорусь,DF,2003–2004,Металург (Запоріжжя)
w:1973-04-17:shukatka,Віталій Шукатка,auto,Шукатка Віталій Йосипович,,,Україна,MF,1999–2000,Карпати (Львів)
w:1973-04-29:hluschenko,Анатолій Глущенко,auto,Глущенко Анатолій Олександрович,,,Україна,GK,1994–1994,Темп (Шепетівка)
w:1973-05-09:iurchenko,Дмитро Юрченко,auto,Юрченко Дмитро Олександрович,,,Україна,FW,1998–1998,СК Миколаїв
w:1973-05-10:hurbanov,Махмуд Гурбанов,high,Гурбанов Махмуд Ханлар оглу,,,Азербайджан,MF,2003–2003,Таврія (Сімферополь)
w:1973-05-19:tsetnarovich,Пйотр Цетнарович,high,Цетнарович Пйотр Томаш,,,Польща,FW,2003–2003,Кривбас (Кривий Ріг)
w:1973-05-24:kalian,Сергій Кальян,auto,Кальян Сергій Миколайович,,,Україна,DF,1994–1997,Темп (Шепетівка); Таврія (Сімферополь); Маріуполь / Іллічівець
w:1973-05-26:rahaev,Ігор Рахаєв,auto,Рахаєв Ігор Володимирович,,,Україна,FW,1992–1993,Торпедо (Запоріжжя)
w:1973-06-03:vasiliv,Зіновій Василів,auto,Василів Зіновій Васильович,,,Україна,FW,1994–1997,Прикарпаття (Івано-Франківськ)
w:1973-06-06:porohnenko,Андрій Порохненко,auto,Порохненко Андрій Васильович,,,Україна,DF,1997–1997,Маріуполь / Іллічівець
w:1973-06-06:tepchuk,Юрій Тепчук,auto,Тепчук Юрій Васильович,,,Україна,MF,1998–1998,СК Миколаїв
w:1973-06-07:baston,Євген Бастон,check,Бастон Євген Даніель,,,Румунія,FW,2000–2002,Металург (Запоріжжя)
w:1973-06-10:kolesnichenko,Віталій Колесніченко,auto,Колесніченко Віталій Віталійович,,,Україна,MF,1994–2002,Чорноморець (Одеса)
w:1973-06-22:prudius,Владислав Прудіус,auto,Прудіус Владислав Миколайович,,,Україна,MF,1992–2004,Металіст (Харків); Динамо (Київ); ЦСКА (Київ); Ворскла (Полтава)
w:1973-06-24:aharin,Олександр Агарін,auto,Агарін Олександр Миколайович,,,Україна,FW,1996–1996,Ворскла (Полтава)
w:1973-06-24:tsihmeistruk,Едуард Цихмейструк,auto,Цихмейструк Едуард Миколайович,,,Україна,MF,1994–2007,Нива (Вінниця); ЦСКА (Київ); Металург (Донецьк); Маріуполь / Іллічівець
w:1973-06-25:hriner,Андрій Грінер,auto,Грінер Андрій Михайлович,,,Україна,MF,1995–1995,Карпати (Львів)
w:1973-07-01:krukovets,Сергій Круковець,auto,Круковець Сергій Михайлович,,,Україна,DF,1992–1995,Волинь (Луцьк)
w:1973-07-13:mihailenko,Дмитро Михайленко,auto,Михайленко Дмитро Станіславович,,,Україна,MF,1992–2006,Дніпро (Дніпропетровськ); Нива (Вінниця); Динамо (Київ); Металург (Запоріжжя)
w:1973-07-17:edin,Един Кунич,high,Кунич Един,,,Боснія і Герцеговина,MF,2002–2002,Карпати (Львів)
w:1973-07-17:sali,Володимир Салій,auto,Салій Володимир Богданович,,,Україна,DF,1994–1995,Прикарпаття (Івано-Франківськ)
w:1973-07-18:boshniak,Споменко Бошняк,high,Бошняк Споменко,,,Хорватія,DF,2002–2005,Металург (Запоріжжя)
w:1973-07-19:honsalvesh,Аїлтон,check,Гонсалвеш да Сільва Аілтон,,,Бразилія,FW,2007–2007,Металург (Донецьк)
w:1973-07-21:emerson,Емерсон,check,Емерсон Луіс Ферміно,,,Бразилія,FW,1995–1995,Дніпро (Дніпропетровськ)
w:1973-07-24:skidan,Геннадій Скідан,auto,Скідан Геннадій Вікторович,,,Україна,MF,1993–1998,Таврія (Сімферополь); Кривбас (Кривий Ріг); Прикарпаття (Івано-Франківськ); Карпати (Львів)
w:1973-07-28:blizniuk,Ілля Близнюк,auto,Близнюк Ілля Владіславович,,,Україна,GK,1992–2005,Металург (Запоріжжя); Зірка (Кропивницький); Дніпро (Дніпропетровськ); Динамо (Київ)
w:1973-07-31:kriventsov,Валерій Кривенцов,auto,Кривенцов Валерій Сергійович,,,Україна,FW,1992–2005,Шахтар (Донецьк); Металург (Донецьк); Волинь (Луцьк); Металург (Запоріжжя)
w:1973-08-01:bohunov,Сергій Богунов,auto,Богунов Сергій Анатолійович,,,Україна,MF,1992–1995,Волинь (Луцьк)
w:1973-08-06:bezuhli,Юрій Безуглий,auto,Безуглий Юрій Леонідович,,,Україна,MF,1993–1996,Металіст (Харків); Кремінь (Кременчук)
w:1973-08-10:shashkevich,Сергій Шашкевич,auto,Шашкевич Сергій Вікторович,,,Україна,DF,1997–1998,Зірка (Кропивницький)
w:1973-08-11:kosovski,Віталій Косовський,auto,Косовський Віталій Владиславович,,,Україна,FW,1993–2001,Нива (Вінниця); Динамо (Київ)
w:1973-08-12:boichishin,Олег Бойчишин,auto,Бойчишин Олег Іванович,,,Україна,DF,1992–1992,Карпати (Львів)
w:1973-08-12:patronov,Віталій Патронов,auto,Патронов Віталій Петрович,,,Україна,MF,1992–1992,Зоря (Луганськ)
w:1973-08-13:levan,Леван Мікадзе,high,Мікадзе Леван,,,Грузія,MF,2000–2001,ЦСКА (Київ); Арсенал (Київ)
w:1973-08-13:shtaniuk,Сергій Штанюк,high,Штанюк Сяргєй Петрович,,,Білорусь,DF,2005–2005,Металург (Запоріжжя)
w:1973-08-13:soloviov,Олег Соловйов,auto,Соловйов Олег Миколайович,,,Україна,FW,1992–1992,Металіст (Харків)
w:1973-08-14:prihodko,Геннадій Приходько,auto,Приходько Геннадій Миколайович,,,Україна,MF,1993–2002,Кривбас (Кривий Ріг); Дніпро (Дніпропетровськ); Зірка (Кропивницький); Олександрія
w:1973-08-17:ivanov,Олександр Іванов,auto,Іванов Олександр Анатолійович,,,Україна,MF,1992–1996,Буковина (Чернівці); СК Миколаїв; Волинь (Луцьк); Металург (Запоріжжя)
w:1973-08-17:lebid,Володимир Лебідь,auto,Лебідь Володимир Анатолійович,,,Україна,FW,1992–1993,Чорноморець (Одеса)
w:1973-08-27:kliuchik,Сергій Ключик,auto,Ключик Сергій Леонідович,,,Україна,DF,1992–2004,Металург (Запоріжжя); Таврія (Сімферополь); Сталь (Алчевськ); Кривбас (Кривий Ріг)
w:1973-08-28:shaheldian,Армен Шахгельдян,high,Шахгельдян Армен Андронікович,,,Вірменія,FW,1997–1997,Чорноморець (Одеса)
w:1973-08-30:svistunov,Олександр Свистунов,auto,Свистунов Олександр Вікторович,,,Україна,MF,1992–2004,Верес (Рівне); ЦСКА (Київ); Металург (Донецьк); Ворскла (Полтава)
w:1973-09-06:amuhu,Ален Амугу,high,Амугу Ален Сільвен,,,Камерун,FW,2002–2002,Металіст (Харків)
w:1973-09-07:perehrim,Дмитро Перегрім,auto,Перегрім Дмитро Павлович,,,Україна,DF,1995–1995,Зоря (Луганськ)
w:1973-09-09:konopelko,Михайло Конопелько,high,Конопелько Михайло Миколайович,,,Білорусь,MF,1999–1999,Таврія (Сімферополь)
w:1973-09-09:savchenko,Володимир Савченко,auto,Савченко Володимир Миколайович,,,Україна,GK,1993–1995,Металіст (Харків); ЦСКА (Київ)
w:1973-09-13:ostrovski,Андрій Островський,high,Островський Андрій Миколайович,,,Білорусь,DF,2002–2006,Арсенал (Київ); Чорноморець (Одеса)
w:1973-09-25:atso,Ацо Васілєвич,check,Васілєвич Ацо,,,Югославія,FW,1999–2001,Металург (Запоріжжя)
w:1973-09-25:chanturia,Грігол Чантурія,high,Чантурія Грігол,,,Грузія,GK,2003–2004,Таврія (Сімферополь); Говерла / Закарпаття (Ужгород)
w:1973-09-29:liubarski,Руслан Любарський,auto,Любарський Руслан Миколайович,,,Україна,FW,2004–2007,Металург (Запоріжжя)
w:1973-10-10:zuev,Андрій Зуєв,auto,Зуєв Андрій Євгенович,,,Україна,DF,1996–1997,Кривбас (Кривий Ріг)
w:1973-10-13:starostiak,Михайло Старостяк,auto,Старостяк Михайло Володимирович,,,Україна,DF,1994–2006,Прикарпаття (Івано-Франківськ); Шахтар (Донецьк); Кривбас (Кривий Ріг)
w:1973-10-15:filimonov,Олександр Філімонов,high,Філімонов Олександр Володимирович,,,Росія,GK,2001–2001,Динамо (Київ)
w:1973-10-19:hatskevich,Олександр Хацкевич,high,Хацкевіч Аляксандр Мікалаєвіч,,,Білорусь,DF,1996–2003,Динамо (Київ)
w:1973-10-20:boitsan,Олександр Бойцан,auto,Бойцан Олександр Володимирович,,,Україна,DF,1999–2002,Нива (Тернопіль); Таврія (Сімферополь); Волинь (Луцьк)
w:1973-10-20:mansurov,Раміс Мансуров,auto,Мансуров Раміс Фарідович,,,Україна,MF,1993–1993,Кремінь (Кременчук)
w:1973-10-23:skomorohov,Андрій Скоморохов,auto,Скоморохов Андрій Валерійович,,,Україна,MF,1997–1997,Маріуполь / Іллічівець
w:1973-10-26:onopko,Сергій Онопко,auto,Онопко Сергій Савелійович,,,Україна,MF,1992–2004,Шахтар (Донецьк); Ворскла (Полтава); СК Миколаїв
w:1973-10-27:michuda,Сергій Мічуда,auto,Мічуда Сергій Миколайович,,,Україна,DF,1993–1997,Верес (Рівне); Торпедо (Запоріжжя)
w:1973-11-01:hnativ,Роман Гнатів,auto,Гнатів Роман Михайлович,,,Україна,MF,1993–2000,Карпати (Львів); Торпедо (Запоріжжя)
w:1973-11-04:ohrimchuk,Сергій Охрімчук,auto,Охрімчук Сергій Анатолійович,,,Україна,MF,1994–1994,Нива (Вінниця)
w:1973-11-11:kundenok,Олександр Кундєнок,auto,Кундєнок Олександр Миколайович,,,Україна,FW,1993–2001,Таврія (Сімферополь); Металіст (Харків)
w:1973-11-12:kirepko,Анатолій Кірепко,auto,Кірепко Анатолій Павлович,,,Україна,MF,1992–1993,Волинь (Луцьк)
w:1973-11-19:luchkevich,Ігор Лучкевич,auto,Лучкевич Ігор Валерійович,,,Україна,MF,1992–2005,Металург (Запоріжжя); Металург (Донецьк); Карпати (Львів); Таврія (Сімферополь)
w:1973-11-30:iovichevich,Ігор Йовічевич,high,Йовічевіч Ігор,,,Хорватія,MF,2002–2003,Карпати (Львів)
w:1973-12-07:aleksandrov,Сергій Александров,high,Александров Сергій Леонідович,,,Росія,GK,1992–1992,Нива (Тернопіль)
w:1973-12-09:hrehul,Валентин Грегуль,auto,Грегуль Валентин Миколайович,,,Україна,DF,1992–2001,Нива (Тернопіль); Металург (Донецьк); ЦСКА (Київ); Прикарпаття (Івано-Франківськ)
w:1973-12-10:iatsurak,Василь Яцурак,auto,Яцурак Василь Іванович,,,Україна,DF,1995–1999,Волинь (Луцьк); Чорноморець (Одеса)
w:1973-12-10:liubisha,Любіша Ранкович,high,Ранковіч Любіша,,,Сербія та Чорногорія,DF,2005–2005,Металург (Запоріжжя)
w:1973-12-22:kovalenko,Сергій Коваленко,auto,Коваленко Сергій Григорович,,,Україна,FW,1993–1998,Дніпро (Дніпропетровськ); Металург (Запоріжжя)
w:1973-12-24:pinchuk,Костянтин Пінчук,auto,Пінчук Костянтин Миколайович,,,Україна,DF,1993–1997,Зоря (Луганськ); Маріуполь / Іллічівець
w:1973-12-29:holemba,Роман Големба,auto,Големба Роман Дмитрович,,,Україна,FW,1996–1997,Нива (Тернопіль)
w:1974-00-00:iuri,Юрій Вірт,high,,Юрий Вирт,,Украина,FW,2021–2021,Верес (Рівне)
w:1974-00-00:reva,Віталій Рева,high,,Рева Виталий,,,GK,2011–2011,Оболонь (Київ)
w:1974-01-06:hamtsemlidze,Паата Гамцемлідзе,high,Гамцемлідзе Паата,,,Грузія,MF,1994–1994,Темп (Шепетівка)
w:1974-01-08:leliuk,Дмитро Лелюк,auto,Лелюк Дмитро Валерійович,,,Україна,DF,1994–1996,Нива (Вінниця)
w:1974-01-09:hvostunov,Олександр Хвостунов,high,Хвостунов Олександр Володимирович,,,Узбекистан,DF,2002–2004,Чорноморець (Одеса); Говерла / Закарпаття (Ужгород)
w:1974-01-10:romanenko,Олександр Романенко,auto,Романенко Олександр Іванович,,,Україна,FW,1993–1994,Зоря (Луганськ)
w:1974-01-21:sidenko,Анатолій Сіденко,auto,Сіденко Анатолій Васильович,,,Україна,FW,1998–1998,Прикарпаття (Івано-Франківськ)
w:1974-01-23:kormiltsev,Сергій Кормильцев,auto,Кормильцев Сергій Геннадійович,,,Україна,MF,1998–2006,Динамо (Київ); Зоря (Луганськ)
w:1974-01-23:semchuk,Дмитро Семчук,auto,Семчук Дмитро Анатолійович,,,Україна,DF,1994–2003,Нива (Вінниця); ЦСКА (Київ); Прикарпаття (Івано-Франківськ); Арсенал (Київ)
w:1974-01-24:sirik,Анатолій Сірик,auto,Сірик Анатолій Андрійович,,,Україна,DF,1994–1994,Зоря (Луганськ)
w:1974-01-31:cherepenkin,Микола Черепенькин,auto,Черепенькин Микола Васильович,,,Україна,DF,1993–1993,Металіст (Харків)
w:1974-02-01:kito,Станіслав Кітто,high,Кітто Станіслав Едуардович,,,Естонія,MF,1995–1995,Зоря (Луганськ)
w:1974-02-01:lutsenko,Тарас Луценко,auto,Луценко Тарас Володимирович,,,Україна,GK,1994–2007,Нива (Вінниця); Говерла / Закарпаття (Ужгород); Динамо (Київ)
w:1974-02-02:hadelia,Теймураз Гаделія,auto,Гаделія Теймураз Отарович,,,Україна,FW,1994–1994,Верес (Рівне)
w:1974-02-04:hairov,Самір Хаіров,high,Хаіров Самір Іскендерович,,,Азербайджан,DF,1995–1995,Зоря (Луганськ)
w:1974-02-08:rizun,Микола Різун,auto,Різун Микола Леонідович,,,Україна,DF,1992–1995,Зоря (Луганськ)
w:1974-02-09:kruif,Йорді Кройф,high,Круіфф Йохан Йорді,,,Нідерланди,DF,2006–2007,Металург (Донецьк)
w:1974-02-12:shevirov,Валерій Шевирьов,auto,Шевирьов Валерій Володимирович,,,Україна,DF,1994–1994,Металург (Запоріжжя)
w:1974-02-13:malevanov,Олександр Малєванов,auto,Малєванов Олександр Васильович,,,Україна,DF,1993–1997,Шахтар (Донецьк); Волинь (Луцьк); Металург (Донецьк)
w:1974-02-13:tofan,Василь Тофан,auto,Тофан Василь Васильович,,,Україна,MF,1995–2001,Прикарпаття (Івано-Франківськ); Металіст (Харків)
w:1974-02-17:homa,Ярослав Хома,auto,Хома Ярослав Богданович,,,Україна,MF,1995–2005,Волинь (Луцьк); Карпати (Львів); Шахтар (Донецьк); Металург (Запоріжжя)
w:1974-02-20:hora,В'ячеслав Гора,fixed,Гора Вячеслав Володимирович,,,Україна,MF,1994–1994,Нива (Вінниця)
w:1974-02-27:hudima,Руслан Гудима,auto,Гудима Руслан Петрович,,,Україна,MF,1994–1994,Волинь (Луцьк)
w:1974-02-27:rihard,Данило Ріхард,auto,Ріхард Данило Робертович,,,Україна,GK,1996–1996,Нива (Вінниця)
w:1974-03-03:karabuta,Олександр Карабута,auto,Карабута Олександр Петрович,,,Україна,FW,1992–2000,Металіст (Харків); Карпати (Львів)
w:1974-03-11:menshikov,Андрій Меньшиков,auto,Меньшиков Андрій Миколайович,,,Україна,MF,1994–1994,Темп (Шепетівка)
w:1974-03-14:vanin,Володимир Ванін,auto,Ванін Володимир Вікторович,,,Україна,FW,1994–1995,Металург (Запоріжжя)
w:1974-03-17:bender,Павло Бендер,auto,Бендер Павло Якович,,,Україна,MF,1992–1992,Кривбас (Кривий Ріг)
w:1974-03-18:hluschenko,Андрій Глущенко,auto,Глущенко Андрій Олександрович,,,Україна,GK,1993–2008,Торпедо (Запоріжжя); Зірка (Кропивницький); Металург (Запоріжжя); Маріуполь / Іллічівець
w:1974-03-20:avramenko,Володимир Авраменко,auto,Авраменко Володимир Олександрович,,,Україна,MF,1993–1993,Дніпро (Дніпропетровськ)
w:1974-03-24:danel,Даніель Кіріце,high,Кіріце Даніель,,,Румунія,DF,2001–2005,Шахтар (Донецьк); Сталь (Алчевськ)
w:1974-03-26:sasha,Саша Тодич,high,Тодіч Саша,,,Сербія,GK,2005–2008,Таврія (Сімферополь)
w:1974-03-28:nikitenko,Юрій Нікітенко,auto,Нікітенко Юрій Миколайович,,,Україна,GK,1993–2004,Нива (Тернопіль); Волинь (Луцьк)
w:1974-03-31:nivinski,В'ячеслав Нівінський,fixed,Нівінський Вячеслав Миколайович,,,Україна,DF,1997–2005,Металург (Запоріжжя); Оболонь (Київ); Кривбас (Кривий Ріг)
w:1974-04-02:frantishek,Франтішек Ганц,high,Ганц Франтішек,,,Словаччина,DF,2001–2001,Карпати (Львів)
w:1974-04-02:tkachov,В'ячеслав Ткачов,fixed,Ткачов Вячеслав Володимирович,,,Україна,MF,1998–1998,Дніпро (Дніпропетровськ)
w:1974-04-02:zavhorodni,Владіслав Завгородній,auto,Завгородній Владіслав Євгенович,,,Україна,MF,1998–1998,СК Миколаїв
w:1974-04-06:mihailiv,Євгеній Михайлів,auto,Михайлів Євгеній Євгенійович,,,Україна,DF,1993–2001,Волинь (Луцьк); Металург (Донецьк); Нива (Тернопіль); Карпати (Львів)
w:1974-04-08:horovoi,Борис Горовой,high,Горовой Борис Олеговіч,,,Білорусь,MF,2003–2004,Металург (Запоріжжя)
w:1974-04-08:lutsiv,Андрій Луців,auto,Луців Андрій Михайлович,,,Україна,FW,1992–1992,Буковина (Чернівці)
w:1974-04-14:kopetski,Дмитро Копецький,auto,Копецький Дмитро Володимирович,,,Україна,MF,1995–1995,Нива (Вінниця)
w:1974-04-17:borisenko,Сергій Борисенко,auto,Борисенко Сергій Миколайович,,,Україна,FW,1995–2002,Зірка (Кропивницький); ЦСКА (Київ); Таврія (Сімферополь); Кривбас (Кривий Ріг)
w:1974-04-24:honcharenko,Сергій Гончаренко,auto,Гончаренко Сергій Григорович,,,Україна,MF,1994–2005,Кривбас (Кривий Ріг); ЦСКА (Київ); Маріуполь / Іллічівець; Нива (Тернопіль)
w:1974-04-25:beno,Юрій Беньо,auto,Беньо Юрій Володимирович,,,Україна,DF,1996–2008,Карпати (Львів); Шахтар (Донецьк); Металург (Запоріжжя); Арсенал (Київ)
w:1974-04-27:filipenko,Павло Филипенко,auto,Филипенко Павло Олексійович,,,Україна,DF,1993–2000,Шахтар (Донецьк); Нива (Тернопіль)
w:1974-04-29:ahaev,Муслім Агаєв,high,Агаєв Муслім Байрамович,,,Узбекистан,FW,1999–1999,Нива (Тернопіль)
w:1974-05-03:koval,Олександр Коваль,auto,Коваль Олександр Миколайович,,,Україна,DF,1992–1999,Шахтар (Донецьк); Металург (Донецьк)
w:1974-05-04:virt,Юрій Вірт,auto,Вірт Юрій Миколайович,,,Україна,GK,1997–2006,Металург (Донецьк); Шахтар (Донецьк); Борисфен (Бориспіль)
w:1974-05-05:nhasam,Нана Фалемі,check,Нгассам Нана Фалемі,,,Румунія,MF,2005–2005,Волинь (Луцьк)
w:1974-05-08:lemishko,Костянтин Лемішко,auto,Лемішко Костянтин Львович,,,Україна,MF,1999–2002,Нива (Тернопіль); Олександрія; Ворскла (Полтава)
w:1974-05-15:kapinus,Віталій Капінус,auto,Капінус Віталій Олександрович,,,Україна,GK,1997–1997,Маріуполь / Іллічівець
w:1974-05-18:haldianu,Константін Галдяну,check,Галдяну Константін Дан,,,Румунія,MF,2001–2001,Дніпро (Дніпропетровськ); Кривбас (Кривий Ріг)
w:1974-05-21:rade,Раде Тодорович,high,Тодоровіч Раде,,,Сербія,MF,2004–2004,Кривбас (Кривий Ріг)
w:1974-06-01:dranitski,Сергій Драницький,auto,Драницький Сергій Миколайович,,,Україна,MF,1993–1999,Волинь (Луцьк); Чорноморець (Одеса)
w:1974-06-01:zaiats,Вадим Заяць,auto,Заяць Вадим Григорович,,,Україна,MF,1993–2005,Буковина (Чернівці); Зірка (Кропивницький); Металург (Запоріжжя); Таврія (Сімферополь)
w:1974-06-02:mostovi,Руслан Мостовий,auto,Мостовий Руслан Іванович,,,Україна,DF,1996–1998,Прикарпаття (Івано-Франківськ)
w:1974-06-03:rebrov,Сергій Ребров,auto,Ребров Сергій Станіславович,,,Україна,FW,1992–2007,Динамо (Київ)
w:1974-06-12:amilehin,Сергій Амілехін,auto,Амілехін Сергій Володимирович,,,Україна,FW,1993–1997,Карпати (Львів); Прикарпаття (Івано-Франківськ); ЦСКА (Київ); Зірка (Кропивницький)
w:1974-06-14:maksimiuk,Роман Максимюк,auto,Максимюк Роман Васильович,Максимюк Роман,,Україна,MF,1995–2011,Прикарпаття (Івано-Франківськ); Динамо (Київ); Дніпро (Дніпропетровськ); Волинь (Луцьк)
w:1974-06-16:sonin,Євген Сонін,auto,Сонін Євген Юрійович,,,Україна,FW,1995–1997,СК Миколаїв; Кривбас (Кривий Ріг); Дніпро (Дніпропетровськ)
w:1974-06-18:mishenin,Олег Мішенін,auto,Мішенін Олег Володимирович,,,Україна,DF,1996–1999,Нива (Тернопіль)
w:1974-06-18:ustimenko,Максим Устименко,auto,Устименко Максим Вікторович,,,Україна,FW,1993–1994,Таврія (Сімферополь)
w:1974-06-22:rodrihes,Оскар Родрігес,check,Родрігес Кантос Оскар Даміан,,,Уругвай,DF,2002–2002,Шахтар (Донецьк)
w:1974-07-08:shtoltsers,Андрій Штолцерс,high,Штолцерс Андрій Янович,,,Латвія,FW,1997–1999,Шахтар (Донецьк)
w:1974-07-12:abramov,Віталій Абрамов,high,Абрамов Віталій Сергійович,,,Росія,MF,1999–2001,Шахтар (Донецьк); Металург (Донецьк)
w:1974-07-13:miria,Флорінел Міря,check,Міря Флорінел Крісті,,,Румунія,DF,2005–2005,Сталь (Алчевськ)
w:1974-07-13:pushkutsa,Віталій Пушкуца,auto,Пушкуца Віталій Георгійович,,,Україна,FW,1992–2004,Металіст (Харків); ЦСКА (Київ); Маріуполь / Іллічівець; Ворскла (Полтава)
w:1974-07-13:unhurian,Андрій Унгурян,auto,Унгурян Андрій Штефанович,,,Україна,FW,1993–1993,Буковина (Чернівці)
w:1974-07-18:petrov,Юрій Петров,auto,Петров Юрій Анатолійович,,,Україна,MF,1994–2005,СК Миколаїв; Волинь (Луцьк); Металіст (Харків)
w:1974-07-19:maksimich,Сергій Максимич,auto,Максимич Сергій Васильович,,,Україна,MF,1994–1998,Зоря (Луганськ); Дніпро (Дніпропетровськ)
w:1974-07-28:schekotilin,Геннадій Щекотилін,auto,Щекотилін Геннадій Анатолійович,,,Україна,MF,1996–2003,Чорноморець (Одеса); Кривбас (Кривий Ріг); Говерла / Закарпаття (Ужгород)
w:1974-08-01:asan,Ассан Ндіайе,high,Ндіайе Ассан,,,Сенегал,DF,2000–2002,Шахтар (Донецьк)
w:1974-08-03:chistiakov,Олексій Чистяков,auto,Чистяков Олексій Олексійович,,,Україна,MF,1994–1994,Зоря (Луганськ)
w:1974-08-03:efimenko,В'ячеслав Єфіменко,fixed,Єфіменко Вячеслав Миколайович,,,Україна,FW,1995–1997,Карпати (Львів); Торпедо (Запоріжжя)
w:1974-08-03:rehviashvili,Александр Рехвіашвілі,high,Рехвіашвілі Александр Роландович,,,Грузія,MF,1994–1994,Темп (Шепетівка)
w:1974-08-03:varaksin,Кирило Вараксін,high,Вараксін Кирило Олександрович,,,Росія,MF,1992–1993,Металург (Запоріжжя)
w:1974-08-04:kachur,Василь Качур,auto,Качур Василь Михайлович,,,Україна,DF,2003–2003,Борисфен (Бориспіль)
w:1974-08-05:pestriakov,Олег Пестряков,auto,Пестряков Олег Ігорович,,,Україна,MF,1995–2005,ЦСКА (Київ); Шахтар (Донецьк); Таврія (Сімферополь); Металург (Запоріжжя)
w:1974-08-07:bairashevski,Роман Байрашевський,auto,Байрашевський Роман Валерійович,,,Україна,GK,1995–2005,Волинь (Луцьк); ЦСКА (Київ); Арсенал (Київ)
w:1974-08-09:nikolaichuk,Матвій Николайчук,auto,Николайчук Матвій Михайлович,,,Україна,FW,1992–2000,Нива (Тернопіль); Чорноморець (Одеса); Динамо (Київ); Маріуполь / Іллічівець
w:1974-08-10:baranovski,Сергій Барановський,auto,Барановський Сергій Вікторович,,,Україна,FW,1994–1997,Темп (Шепетівка); Прикарпаття (Івано-Франківськ); Зірка (Кропивницький)
w:1974-08-10:horobets,Дмитро Горобець,auto,Горобець Дмитро Іванович,,,Україна,FW,1992–1998,Торпедо (Запоріжжя); СК Миколаїв
w:1974-08-13:titsa,Сергій Тіца,fixed,Тица Сергей,,,Боснія і Герцеговина,DF,2000–2000,Сталь (Алчевськ)
w:1974-08-18:sumtsov,Олег Сумцов,auto,Сумцов Олег Володимирович,,,Україна,DF,1993–1994,Торпедо (Запоріжжя); СК Миколаїв
w:1974-08-22:efremov,Ігор Єфремов,auto,Єфремов Ігор Геннадійович,,,Україна,FW,1995–1995,Кремінь (Кременчук)
w:1974-08-23:hvianidze,Автанділ Гвіанідзе,auto,Гвіанідзе Автанділ Отарович,,,Україна,FW,1998–2000,Нива (Тернопіль)
w:1974-08-24:alsauhi,Насер Аль-Саухі,check,АльСаухі Насер Амер,,,Кувейт,FW,1994–1994,Динамо (Київ)
w:1974-08-27:metreveli,Костянтин Метревелі,high,Метревелі Костянтин Юрійович,,,Грузія,MF,1999–1999,Нива (Тернопіль)
w:1974-08-30:tischenko,Максим Тищенко,auto,Тищенко Максим Вікторович,,,Україна,MF,1994–1994,Металург (Запоріжжя)
w:1974-09-06:sultanov,Ельман Султанов,auto,Султанов Ельман Байрамович,,,Україна,DF,1993–1993,Торпедо (Запоріжжя)
w:1974-09-09:piatenko,Володимир П'ятенко,fixed,Пятенко Володимир Миколайович,Пятенко Владимир,,Україна,DF,1992–2011,Таврія (Сімферополь); Шахтар (Донецьк); Металіст (Харків); Металург (Донецьк)
w:1974-09-11:parfonov,Дмитро Парфьонов,auto,Парфьонов Дмитро Володимирович,,,Україна,DF,1992–2007,Чорноморець (Одеса); Дніпро (Дніпропетровськ); Арсенал (Київ)
w:1974-09-13:plahotin,Ігор Плахотін,auto,Плахотін Ігор Сергійович,,,Україна,MF,1998–2001,Металіст (Харків)
w:1974-09-14:vozniuk,Сергій Вознюк,auto,Вознюк Сергій Васильович,,,Україна,FW,1993–1993,Верес (Рівне)
w:1974-09-16:homin,Микола Хомин,auto,Хомин Микола Лук'янович,,,Україна,GK,1997–1998,Прикарпаття (Івано-Франківськ)
w:1974-09-21:shvets,Сергій Швець,auto,Швець Сергій Володимирович,,,Україна,MF,1996–1996,Нива (Вінниця)
w:1974-09-24:novohatski,Василь Новохацький,auto,Новохацький Василь Михайлович,,,Україна,FW,1997–1998,ЦСКА (Київ)
w:1974-09-25:suhoruchenko,Сергій Сухорученко,auto,Сухорученко Сергій Григорович,,,Україна,DF,1998–2000,Кривбас (Кривий Ріг)
w:1974-09-26:hritsai,Олег Грицай,auto,Грицай Олег Анатолійович,,,Україна,MF,1996–2000,Прикарпаття (Івано-Франківськ); Дніпро (Дніпропетровськ)
w:1974-09-27:mochuliak,Олег Мочуляк,auto,Мочуляк Олег Леонідович,,,Україна,FW,1992–2001,Нива (Тернопіль); Чорноморець (Одеса); Таврія (Сімферополь)
w:1974-09-27:oksimets,Андрій Оксимець,auto,Оксимець Андрій Григорович,,,Україна,DF,1997–2004,Металург (Донецьк); Кривбас (Кривий Ріг); Говерла / Закарпаття (Ужгород); Борисфен (Бориспіль)
w:1974-09-30:riabtsev,Олексій Рябцев,auto,Рябцев Олексій Васильович,,,Україна,MF,1994–1996,Нива (Вінниця)
w:1974-10-01:holovan,Олег Головань,auto,Головань Олег Дмитрович,,,Україна,MF,1994–1996,Металург (Запоріжжя); Кривбас (Кривий Ріг)
w:1974-10-01:kiriuhin,Олександр Кірюхін,auto,Кірюхін Олександр Григорович,,,Україна,DF,1995–2004,Зоря (Луганськ); Динамо (Київ); Кривбас (Кривий Ріг); Борисфен (Бориспіль)
w:1974-10-03:hrischenko,Андрій Грищенко,auto,Грищенко Андрій Валентинович,,,Україна,MF,1993–1993,Металіст (Харків)
w:1974-10-03:ismet,Ісмет Муніші,high,Муніші Ісмет,,,Сербія та Чорногорія,MF,2004–2004,Ворскла (Полтава)
w:1974-10-04:bulihinshramko,Сергій Булигін-Шрамко,auto,Булигін-Шрамко Сергій Віталійович,,,Україна,DF,1993–1999,Чорноморець (Одеса); Нива (Вінниця)
w:1974-10-08:lopushinski,Андрій Лопушинський,auto,Лопушинський Андрій Іванович,,,Україна,MF,1997–1997,Кривбас (Кривий Ріг)
w:1974-10-11:kril,Ігор Кріль,auto,Кріль Ігор Іванович,,,Україна,MF,1997–2003,Прикарпаття (Івано-Франківськ); Зірка (Кропивницький)
w:1974-10-11:zablotski,Сергій Заблоцький,auto,Заблоцький Сергій Петрович,,,Україна,MF,1995–1995,Металург (Запоріжжя)
w:1974-10-12:romanchuk,Руслан Романчук,auto,Романчук Руслан Володимирович,,,Україна,MF,1992–2002,Чорноморець (Одеса); Кремінь (Кременчук); Нива (Вінниця)
w:1974-10-13:marius,Маріус Скіндеріс,high,Скіндеріс Маріус,,,Литва,DF,2000–2001,Сталь (Алчевськ); Металург (Донецьк)
w:1974-10-15:matveichik,Артур Матвейчик,high,Матвейчик Артур Барисавіч,,,Білорусь,MF,2004–2004,Кривбас (Кривий Ріг)
w:1974-10-22:iakimenko,Олексій Якименко,auto,Якименко Олексій Володимирович,,,Україна,MF,1993–2000,Торпедо (Запоріжжя); СК Миколаїв; Кривбас (Кривий Ріг)
w:1974-10-23:kotik,Олександр Котік,auto,Котік Олександр Леонтійович,,,Україна,DF,1994–1995,Волинь (Луцьк)
w:1974-10-29:polischuk,Володимир Поліщук,auto,Поліщук Володимир Васильович,,,Україна,DF,1996–2004,ЦСКА (Київ); Маріуполь / Іллічівець; Таврія (Сімферополь); Чорноморець (Одеса)
w:1974-11-02:polischuk,Сергій Поліщук,auto,Поліщук Сергій Болеславович,,,Україна,GK,1998–1999,Прикарпаття (Івано-Франківськ)
w:1974-11-03:bolotov,Олександр Болотов,auto,Болотов Олександр Олександрович,,,Україна,DF,2002–2002,Олександрія
w:1974-11-11:pavlovich,Віктор Павлович,auto,Павлович Віктор Теодозійович,,,Україна,DF,1993–1996,Нива (Тернопіль)
w:1974-11-13:fedorkiv,Михайло Федорків,auto,Федорків Михайло Михайлович,,,Україна,DF,1996–1996,Нива (Тернопіль)
w:1974-11-15:skripka,Володимир Скрипка,auto,Скрипка Володимир Едуардович,,,Україна,DF,1994–1994,Таврія (Сімферополь)
w:1974-11-21:kirlik,Андрій Кірлік,auto,Кірлік Андрій Яношевич,,,Україна,MF,1993–2007,Металіст (Харків); Кремінь (Кременчук); Нива (Тернопіль); ЦСКА (Київ)
w:1974-11-23:ihors,Ігорс Корабльовс,high,Корабльовс Ігорс,,,Латвія,DF,2005–2005,Кривбас (Кривий Ріг)
w:1974-11-27:mamuka,Мамука Русія,high,Русія Мамука,,,Грузія,MF,1994–1994,Темп (Шепетівка)
w:1974-11-29:venhlinski,Олександр Венглінський,auto,Венглінський Олександр Миколайович,,,Україна,MF,1996–1999,Ворскла (Полтава); Металург (Донецьк); Прикарпаття (Івано-Франківськ)
w:1974-12-07:aleksev,Володимир Алексєєв,auto,Алексєєв Володимир Вікторович,,,Україна,DF,1998–1998,Таврія (Сімферополь)
w:1974-12-15:ushtan,Володимир Уштан,auto,Уштан Володимир Романович,,,Україна,MF,1995–2000,Волинь (Луцьк); Торпедо (Запоріжжя); Карпати (Львів)
w:1974-12-23:pertia,Ромаз Пертія,high,Пертія Ромаз Ревазович,,,Грузія,MF,1994–1994,Темп (Шепетівка)
w:1974-12-26:tischenko,Станіслав Тищенко,auto,Тищенко Станіслав Миколайович,,,Україна,GK,1994–1994,Волинь (Луцьк)
w:1974-12-29:morhunov,Олександр Моргунов,auto,Моргунов Олександр Юрійович,,,Україна,MF,1992–1992,Металург (Запоріжжя)
w:1975-00-00:lavrinenko,Сергій Лавриненко,high,,Сергей Лавриненко,,Украина,FW,2021–2021,Інгулець (Петрове)
w:1975-01-01:lipski,Олег Липський,auto,Липський Олег Леонідович,,,Україна,FW,1994–1998,Металург (Запоріжжя)
w:1975-01-02:kovalenko,Костянтин Коваленко,auto,Коваленко Костянтин Валерійович,,,Україна,MF,1995–1995,Кремінь (Кременчук)
w:1975-01-02:vaschuk,Владислав Ващук,auto,Ващук Владислав Вікторович,,,Україна,DF,1993–2010,Динамо (Київ); Чорноморець (Одеса); ФК Львів (2006–2012); Волинь (Луцьк)
w:1975-01-05:andriuschenko,Анатолій Андрющенко,auto,Андрющенко Анатолій Анатолійович,,,Україна,DF,1992–1995,Кривбас (Кривий Ріг); Зоря (Луганськ)
w:1975-01-06:spivak,Олександр Співак,auto,Співак Олександр Сергійович,,,Україна,MF,1994–1999,Чорноморець (Одеса); Шахтар (Донецьк); Зірка (Кропивницький); Металург (Запоріжжя)
w:1975-01-11:klimenko,Олександр Клименко,auto,Клименко Олександр Іванович,,,Україна,MF,1998–1998,СК Миколаїв
w:1975-01-22:poklonski,Олександр Поклонський,auto,Поклонський Олександр Володимирович,,,Україна,DF,1996–2006,Дніпро (Дніпропетровськ); Таврія (Сімферополь); Кривбас (Кривий Ріг); Зоря (Луганськ)
w:1975-01-23:arefev,Віктор Ареф'єв,auto,Ареф'єв Віктор Леонідович,,,Україна,FW,1999–2000,ЦСКА (Київ); Сталь (Алчевськ)
w:1975-01-23:hrechani,Василь Гречаний,auto,Гречаний Василь Володимирович,,,Україна,DF,1996–2000,Ворскла (Полтава); Карпати (Львів)
w:1975-01-28:vorobei,Родіон Воробей,auto,Воробей Родіон Олексійович,,,Україна,MF,1994–1994,Волинь (Луцьк)
w:1975-01-31:muhin,Андрій Мухін,auto,Мухін Андрій Олександрович,,,Україна,MF,1993–1999,Зоря (Луганськ); Металург (Запоріжжя); Металург (Донецьк)
w:1975-02-03:chebotari,Борис Чеботарі,high,Чеботарі Борис,,,Молдова,MF,2003–2005,Волинь (Луцьк)
w:1975-02-03:stoiko,Дмитро Стойко,auto,Стойко Дмитро Вікторович,,,Україна,GK,2003–2010,Зірка (Кропивницький); Ворскла (Полтава); ФК Харків; Таврія (Сімферополь)
w:1975-02-03:zakotiuk,Микола Закотюк,auto,Закотюк Микола Степанович,,,Україна,MF,1993–2004,Верес (Рівне); ЦСКА (Київ); Нива (Тернопіль); Карпати (Львів)
w:1975-02-05:kondakov,Юрій Кондаков,auto,Кондаков Юрій Миколайович,,,Україна,DF,1997–2006,Металург (Донецьк); Волинь (Луцьк); Сталь (Алчевськ); Зоря (Луганськ)
w:1975-02-07:datsishin,Віталій Дацишин,auto,Дацишин Віталій Олександрович,,,Україна,MF,1996–2004,Дніпро (Дніпропетровськ); Прикарпаття (Івано-Франківськ); Говерла / Закарпаття (Ужгород)
w:1975-02-07:medvedev,Геннадій Медведєв,auto,Медведєв Геннадій Миколайович,,,Україна,FW,1997–2010,Зірка (Кропивницький); Ворскла (Полтава)
w:1975-02-10:dmitrulin,Юрій Дмитрулін,auto,Дмитрулін Юрій Михайлович,,,Україна,DF,1994–2005,Динамо (Київ); Таврія (Сімферополь)
w:1975-02-10:vasilev,Вадим Васильєв,auto,Васильєв Вадим В'ячеславович,,,Україна,MF,1994–1994,Верес (Рівне)
w:1975-02-13:vopliushkin,Ігор Воплюшкін,auto,Воплюшкін Ігор Леонідович,,,Україна,MF,1998–1998,Таврія (Сімферополь)
w:1975-02-16:peter,Петер Суковський,high,Суковський Петер,,,Словаччина,DF,2001–2001,Карпати (Львів)
w:1975-02-17:lavrinenko,Сергій Лавриненко,auto,Лавриненко Сергій Дмитрович,,,Україна,DF,1995–2003,Зірка (Кропивницький); Металург (Запоріжжя)
w:1975-02-17:seleznov,Сергій Селезньов,auto,Селезньов Сергій Анатолійович,,,Україна,MF,1993–2005,Металіст (Харків); ЦСКА (Київ); Кривбас (Кривий Ріг); Олександрія
w:1975-02-18:fedorov,Сергій Федоров,auto,Федоров Сергій Владиславович,,,Україна,DF,1993–2008,Динамо (Київ); ЦСКА (Київ); Чорноморець (Одеса)
w:1975-02-20:zadov,Михайло Задов,auto,Задов Михайло Адамович,,,Україна,MF,1993–1993,Таврія (Сімферополь)
w:1975-02-23:zotov,Олександр Зотов,auto,Зотов Олександр Сергійович,,,Україна,MF,1994–2009,Чорноморець (Одеса); Кривбас (Кривий Ріг); Ворскла (Полтава); Металург (Донецьк)
w:1975-02-25:zbarah,Микола Збарах,auto,Збарах Микола Миколайович,,,Україна,GK,1995–2002,Таврія (Сімферополь); Кривбас (Кривий Ріг); Дніпро (Дніпропетровськ)
w:1975-02-28:lukianchikov,Анатолій Лук'янчиков,auto,Лук'янчиков Анатолій Єгорович,,,Україна,MF,1997–1997,Кривбас (Кривий Ріг)
w:1975-02-28:maliuta,Василь Малюта,auto,Малюта Василь Миколайович,,,Україна,FW,1996–1996,Нива (Вінниця)
w:1975-02-28:miterev,Юрій Мітерєв,high,Мітерєв Юрій,,,Молдова,FW,2002–2006,Чорноморець (Одеса); Зоря (Луганськ)
w:1975-03-01:djordje,Джордже Інджич,high,Джордже Інджич,,,Боснія і Герцеговина,MF,2003–2003,Чорноморець (Одеса)
w:1975-03-01:samoilov,Віталій Самойлов,auto,Самойлов Віталій Олегович,,,Україна,MF,1996–2003,Ворскла (Полтава); Динамо (Київ); Оболонь (Київ)
w:1975-03-04:kasemiro,Маркус,check,Касеміро Маркус Жоао Батіста,,,Бразилія,MF,2004–2004,Шахтар (Донецьк)
w:1975-03-07:morhunov,Олексій Моргунов,auto,Моргунов Олексій Борисович,,,Україна,FW,1998–2000,Металург (Запоріжжя); Металург (Донецьк); Сталь (Алчевськ)
w:1975-03-09:kosenko,Олексій Косенко,auto,Косенко Олексій Юрійович,,,Україна,MF,1994–2000,Металург (Запоріжжя); Торпедо (Запоріжжя); Ворскла (Полтава); Таврія (Сімферополь)
w:1975-03-16:kovalchuk,Микола Ковальчук,auto,Ковальчук Микола Станіславович,,,Україна,FW,1997–1997,ЦСКА (Київ)
w:1975-03-19:dobrovinski,Олександр Добровинський,auto,Добровинський Олександр Вячеславович,,,Україна,MF,1997–1997,Зірка (Кропивницький)
w:1975-03-21:nesterchuk,Павло Нестерчук,auto,Нестерчук Павло Петрович,,,Україна,FW,1996–1998,Прикарпаття (Івано-Франківськ); Зірка (Кропивницький); Ворскла (Полтава)
w:1975-03-27:moroz,Геннадій Мороз,auto,Мороз Геннадій Григорович,,,Україна,FW,1992–2004,Дніпро (Дніпропетровськ); Кривбас (Кривий Ріг); Динамо (Київ); Оболонь (Київ)
w:1975-03-31:balanchuk,Сергій Баланчук,auto,Баланчук Сергій Олександрович,,,Україна,DF,1995–2002,Динамо (Київ); Ворскла (Полтава); Металіст (Харків)
w:1975-03-31:kuznetsov,Віктор Кузнецов,auto,Кузнецов Віктор Вікторович,,,Україна,MF,1993–1994,Зоря (Луганськ); Таврія (Сімферополь); Кривбас (Кривий Ріг)
w:1975-03-31:snitko,Сергій Снитко,auto,Снитко Сергій Миколайович,,,Україна,DF,2005–2007,Таврія (Сімферополь); Нафтовик-Укрнафта (Охтирка)
w:1975-04-02:esin,Сергій Єсін,auto,Єсін Сергій Олександрович,,,Україна,MF,1992–2009,Таврія (Сімферополь); Металіст (Харків); Говерла / Закарпаття (Ужгород)
w:1975-04-02:pirvu,Флорін Пірву,check,Пірву Флорін Крістіан,,,Румунія,MF,2005–2005,Сталь (Алчевськ)
w:1975-04-03:maltsev,Владислав Мальцев,auto,Мальцев Владислав Анатолійович,,,Україна,FW,1993–1998,Кривбас (Кривий Ріг); Прикарпаття (Івано-Франківськ)
w:1975-04-05:shubin,Олексій Шубін,auto,Шубін Олексій Вікторович,,,Україна,DF,1994–1997,Торпедо (Запоріжжя)
w:1975-04-06:alhali,Альхалі Соума,high,Соума Альхалі,,,Гвінея,FW,1997–1998,Карпати (Львів)
w:1975-04-13:cherevan,Андрій Черевань,auto,Черевань Андрій Валерійович,,,Україна,MF,1999–2001,Металург (Запоріжжя)
w:1975-04-16:anischenko,Андрій Аніщенко,auto,Аніщенко Андрій Анатолійович,,,Україна,DF,1997–2002,Кривбас (Кривий Ріг)
w:1975-04-16:kondratiuk,Віталій Кондратюк,auto,Кондратюк Віталій Дмитрович,,,Україна,DF,1996–1996,Нива (Вінниця)
w:1975-04-18:kriulin,Станіслав Кріулін,auto,Кріулін Станіслав Володимирович,,,Україна,MF,1998–2000,Кривбас (Кривий Ріг)
w:1975-04-18:poltavets,Валентин Полтавець,auto,Полтавець Валентин Миколайович,,,Україна,MF,1994–2007,Металург (Запоріжжя); Дніпро (Дніпропетровськ); Арсенал (Київ); Чорноморець (Одеса)
w:1975-04-21:averin,Сергій Аверін,auto,Аверін Сергій Сергійович,,,Україна,MF,1999–1999,Таврія (Сімферополь)
w:1975-04-21:rak,Олег Рак,auto,Рак Олег Віталійович,,,Україна,MF,1999–1999,Прикарпаття (Івано-Франківськ)
w:1975-04-24:bohatir,Іван Богатир,auto,Богатир Іван Олександрович,,,Україна,MF,1994–2003,Металург (Запоріжжя); Таврія (Сімферополь); Металіст (Харків)
w:1975-04-29:budnik,Андрій Будник,auto,Будник Андрій Іванович,,,Україна,MF,1997–1998,Прикарпаття (Івано-Франківськ)
w:1975-04-29:iashkin,Артем Яшкін,auto,Яшкін Артем Олександрович,,,Україна,MF,1998–2005,Динамо (Київ); Арсенал (Київ); Чорноморець (Одеса)
w:1975-05-03:sachko,Василь Сачко,auto,Сачко Василь Вікторович,Сачко Василий,,Україна,FW,1998–2011,Таврія (Сімферополь); Волинь (Луцьк); Кривбас (Кривий Ріг); Ворскла (Полтава)
w:1975-05-04:lisakovski,Андрій Лисаковський,auto,Лисаковський Андрій Анатолійович,,,Україна,MF,1994–1994,СК Миколаїв
w:1975-05-05:hitia,Валерій Гитя,auto,Гитя Валерій Валерійович,,,Україна,MF,1994–1998,Нива (Вінниця); Таврія (Сімферополь)
w:1975-05-06:babich,Костянтин Бабич,auto,Бабич Костянтин Миколайович,,,Україна,FW,1995–2007,ЦСКА (Київ); Дніпро (Дніпропетровськ); Чорноморець (Одеса); Ворскла (Полтава)
w:1975-05-07:matsiuk,Віктор Мацюк,auto,Мацюк Віктор Миколайович,,,Україна,FW,1999–2004,Шахтар (Донецьк); Говерла / Закарпаття (Ужгород)
w:1975-05-09:savenchuk,Олександр Савенчук,auto,Савенчук Олександр Михайлович,,,Україна,MF,1993–1999,Торпедо (Запоріжжя); Дніпро (Дніпропетровськ)
w:1975-05-10:iakovenko,Сергій Яковенко,auto,Яковенко Сергій Сергійович,,,Україна,MF,1993–1993,Металіст (Харків)
w:1975-05-10:kudinov,Юрій Кудінов,auto,Кудінов Юрій Олексійович,,,Україна,FW,1999–2004,Зірка (Кропивницький); Кривбас (Кривий Ріг); Карпати (Львів); Говерла / Закарпаття (Ужгород)
w:1975-05-14:matsihura,Володимир Мацігура,auto,Мацігура Володимир Васильович,,,Україна,DF,1995–2002,ЦСКА (Київ); Металіст (Харків)
w:1975-05-14:nujni,В'ячеслав Нужний,auto,Нужний В'ячеслав Олександрович,,,Україна,MF,1998–1998,СК Миколаїв
w:1975-05-15:sarkisian,Альберт Саркісян,high,Саркісян Альберт Ельвадікович,,,Вірменія,MF,2002–2002,Арсенал (Київ)
w:1975-05-18:demirchian,Оганес Демірчян,high,Демірчян Оганес Самвелович,,,Вірменія,DF,2000–2000,Сталь (Алчевськ)
w:1975-05-30:bahirov,Едуард Багіров,auto,Багіров Едуард Олександрович,,,Україна,MF,1997–2001,Торпедо (Запоріжжя); Чорноморець (Одеса); Кривбас (Кривий Ріг)
w:1975-06-12:shutov,Олександр Шутов,auto,Шутов Олександр Валентинович,,,Україна,MF,1993–2006,Таврія (Сімферополь); Зоря (Луганськ); Чорноморець (Одеса)
w:1975-06-18:smirnov,Денис Смірнов,auto,Смірнов Денис Анатолійович,,,Україна,DF,1993–2007,Торпедо (Запоріжжя); Таврія (Сімферополь); Металург (Запоріжжя); Говерла / Закарпаття (Ужгород)
w:1975-06-19:bilak,Іван Білак,auto,Білак Іван Іванович,,,Україна,FW,1994–1997,Нива (Вінниця); Нива (Тернопіль)
w:1975-06-21:kotri,Улікс Котррі,high,Котррі Улікс,,,Албанія,DF,2003–2003,Таврія (Сімферополь)
w:1975-06-23:zahoruiko,Сергій Загоруйко,auto,Загоруйко Сергій Володимирович,,,Україна,DF,1995–1995,Кремінь (Кременчук)
w:1975-07-25:deonas,Вадим Деонас,auto,Деонас Вадим Володимирович,,,Україна,GK,2006–2008,Арсенал (Київ)
w:1975-07-25:olinik,Роман Олійник,auto,Олійник Роман Анатолійович,,,Україна,DF,1997–2004,Металург (Донецьк); Оболонь (Київ)
w:1975-07-25:varlamov,Євген Варламов,high,Варламов Євген Володимирович,,,Росія,DF,2004–2005,Металіст (Харків)
w:1975-07-25:vinokurov,Вадим Деонас,auto,Деонас Вадим Володимирович,,,Україна,GK,1994–2009,Чорноморець (Одеса); СК Миколаїв; Прикарпаття (Івано-Франківськ); Борисфен (Бориспіль)
w:1975-08-05:parshin,Павло Паршин,auto,Паршин Павло Анатолійович,,,Україна,FW,1994–1996,Нива (Вінниця)
w:1975-08-08:jarkov,Ярослав Жарков,auto,Жарков Ярослав Іванович,,,Україна,FW,1996–1996,Кремінь (Кременчук)
w:1975-08-08:lopatkin,Артем Лопаткін,auto,Лопаткін Артем Євгенович,,,Україна,FW,2000–2000,Сталь (Алчевськ)
w:1975-08-09:kozakevich,Олександр Козакевич,auto,Козакевич Олександр Володимирович,,,Україна,FW,1995–2002,Чорноморець (Одеса); Олександрія
w:1975-08-12:potshveria,Михайло Поцхверія,high,Поцхверія Михайло Іванович,,,Грузія,FW,1993–2000,Зоря (Луганськ); Металург (Запоріжжя); Шахтар (Донецьк); Дніпро (Дніпропетровськ)
w:1975-08-16:hetman,Олексій Гетьман,auto,Гетьман Олексій Олексійович,,,Україна,DF,1997–1997,Маріуполь / Іллічівець
w:1975-08-16:verteletski,Анатолій Вертелецький,auto,Вертелецький Анатолій Анатолійович,,,Україна,MF,2000–2000,Сталь (Алчевськ)
w:1975-08-19:sharabura,Сергій Шарабура,auto,Шарабура Сергій Володимирович,,,Україна,MF,1994–1994,СК Миколаїв
w:1975-08-21:sopkiv,Олександр Сопків,auto,Сопків Олександр Васильович,,,Україна,MF,1998–1998,Прикарпаття (Івано-Франківськ)
w:1975-08-25:erve,Ерве Лембі-Нзело,check,Лембі-Нзело Ерве,,,Бельгія,MF,2006–2006,Металург (Донецьк)
w:1975-08-26:burdin,Олександр Бурдін,auto,Бурдін Олександр Васильович,,,Україна,MF,1994–2002,Таврія (Сімферополь); Оболонь (Київ)
w:1975-08-26:mischenko,Віталій Міщенко,auto,Міщенко Віталій Миколайович,,,Україна,MF,2003–2004,Оболонь (Київ)
w:1975-08-28:maherovich,Сергій Магерович,auto,Магерович Сергій Богданович,,,Україна,MF,1994–1994,Прикарпаття (Івано-Франківськ)
w:1975-08-28:senad,Сенад Тігань,high,Тігань Сенад,,,Словенія,FW,2002–2003,Карпати (Львів)
w:1975-09-03:mahmutov,Марат Махмутов,auto,Махмутов Марат Максутович,,,Україна,DF,1997–1997,Чорноморець (Одеса)
w:1975-09-03:romanishin,Сергій Романишин,auto,Романишин Сергій Володимирович,,,Україна,DF,1992–1996,Карпати (Львів); Кремінь (Кременчук); Прикарпаття (Івано-Франківськ)
w:1975-09-05:tehaev,Олександр Тєгаєв,auto,Тєгаєв Олександр Вячеславович,,,Україна,FW,1992–1992,Дніпро (Дніпропетровськ)
w:1975-09-09:fedirchik,Богдан Федірчик,auto,Федірчик Богдан Миколайович,,,Україна,MF,1996–1996,Зірка (Кропивницький)
w:1975-09-09:solomatin,Андрій Соломатін,high,Соломатін Андрій Юр'євіч,,,Росія,MF,2004–2004,Оболонь (Київ)
w:1975-09-11:kostiukov,Сергій Костюков,auto,Костюков Сергій Миколайович,,,Україна,MF,1998–2002,Металіст (Харків)
w:1975-09-13:tabachun,Руслан Табачун,auto,Табачун Руслан Миколайович,,,Україна,FW,1999–1999,Таврія (Сімферополь)
w:1975-09-14:kostiuk,Ігор Костюк,auto,Костюк Ігор Володимирович,,,Україна,MF,1995–2005,Динамо (Київ); Ворскла (Полтава); Говерла / Закарпаття (Ужгород); Арсенал (Київ)
w:1975-09-17:iadulaev,Ільхам Ядуллаєв,high,Ядуллаєв Ільхам Хамза оглу,,,Азербайджан,DF,2002–2003,Волинь (Луцьк); Таврія (Сімферополь)
w:1975-09-22:derik,Олександр Дерік,auto,Дерік Олександр Анатолійович,,,Україна,DF,1995–1995,Нива (Вінниця)
w:1975-09-25:boharada,Дмитро Богарада,auto,Богарада Дмитро Вікторович,,,Україна,DF,1995–1997,Волинь (Луцьк); Маріуполь / Іллічівець
w:1975-09-27:borisiuk,Андрій Борисюк,auto,Борисюк Андрій Віталійович,,,Україна,FW,1993–1995,Нива (Вінниця)
w:1975-10-02:matiushenko,В'ячеслав Матюшенко,fixed,Матюшенко Вячеслав Вікторович,,,Україна,DF,1999–1999,Чорноморець (Одеса)
w:1975-10-04:kristiano,Крістіано Лукареллі,high,Лукареллі Крістіано,,,Італія,FW,2007–2007,Шахтар (Донецьк)
w:1975-10-05:hudjadze,Шалва Худжадзе,high,Худжадзе Шалва Теймуразович,,,Грузія,DF,1998–1998,Нива (Тернопіль)
w:1975-10-05:shahov,Альберт Шахов,auto,Шахов Альберт Георгійович,,,Україна,DF,1994–1996,Дніпро (Дніпропетровськ); Нива (Вінниця); Кремінь (Кременчук)
w:1975-10-10:kiritse,Августін Кіріце,check,Кіріце Августін Едвар,,,Румунія,MF,2003–2003,Карпати (Львів)
w:1975-10-11:michovich,Владимир Мічович,high,Мічовіч Владімір,,,Сербія та Чорногорія,GK,2003–2003,Таврія (Сімферополь)
w:1975-10-12:teodorovich,Артур Теодорович,auto,Теодорович Артур Юрійович,,,Україна,MF,1995–1995,Дніпро (Дніпропетровськ)
w:1975-10-16:kitsak,Віталій Кіцак,auto,Кіцак Віталій Михайлович,,,Україна,MF,1993–1996,Волинь (Луцьк); Нива (Вінниця)
w:1975-10-18:donitsa,Юліан Доніца,high,Доніца Юліан,,,Румунія,DF,2002–2004,Таврія (Сімферополь); Металіст (Харків)
w:1975-10-19:kolev,Васіл Колєв,high,Колєв Васіл Йорданов,,,Болгарія,MF,2000–2000,Нива (Тернопіль)
w:1975-10-21:ianichevich,Івіца Янічевич,high,Янічевіч Івіца,,,Сербія та Чорногорія,MF,2001–2002,Карпати (Львів)
w:1975-10-30:maltsev,Олександр Мальцев,auto,Мальцев Олександр Володимирович,,,Україна,DF,1996–2006,ЦСКА (Київ); Арсенал (Київ); Маріуполь / Іллічівець
w:1975-11-02:osipov,Олексій Осіпов,auto,Осіпов Олексій Рудольфович,,,Україна,MF,1993–2005,Таврія (Сімферополь); Арсенал (Київ)
w:1975-11-04:reshitka,Марчел Решітка,high,Решітка Марчел Петру,,,Молдова,FW,2001–2004,Металург (Запоріжжя); Говерла / Закарпаття (Ужгород)
w:1975-11-05:hahokidze,Гіоргі Гахокідзе,high,Гахокідзе Гіоргі,,,Грузія,MF,2004–2004,Металург (Донецьк)
w:1975-11-08:hramtsov,Олексій Храмцов,auto,Храмцов Олексій Володимирович,,,Україна,DF,1998–2009,Прикарпаття (Івано-Франківськ); Таврія (Сімферополь); Сталь (Алчевськ); Зоря (Луганськ)
w:1975-11-14:siharulidze,Автанділ Сіхарулідзе,high,Сіхарулідзе Автанділ Тамазович,,,Грузія,FW,1997–2000,Нива (Тернопіль)
w:1975-11-18:bobovich,Ігор Бобович,auto,Бобович Ігор Михайлович,,,Україна,FW,2002–2002,Чорноморець (Одеса)
w:1975-11-21:hurka,Михайло Гурка,auto,Гурка Михайло Петрович,,,Україна,DF,1995–2005,Карпати (Львів); Ворскла (Полтава); Говерла / Закарпаття (Ужгород)
w:1975-11-21:lutsishin,Михайло Луцишин,auto,Луцишин Михайло Михайлович,,,Україна,MF,1998–2001,Карпати (Львів)
w:1975-11-25:kravchenko,Андрій Кравченко,auto,Кравченко Андрій Гарійович,,,Україна,FW,1994–1995,Зоря (Луганськ)
w:1975-11-28:nerovni,Сергій Неровний,auto,Неровний Сергій Вікторович,,,Україна,MF,1994–1994,Металург (Запоріжжя)
w:1975-12-07:harchenkojukovski,Вадим Харченко,auto,Харченко Вадим Степанович,,,Україна,MF,1999–2007,Металіст (Харків); Нафтовик-Укрнафта (Охтирка)
w:1975-12-10:dotsenko,Віктор Доценко,auto,Доценко Віктор Петрович,,,Україна,DF,1993–2006,Карпати (Львів); Нива (Тернопіль); Кривбас (Кривий Ріг); Ворскла (Полтава)
w:1975-12-13:anosov,Микола Аносов,auto,Аносов Микола Вікторович,,,Україна,FW,1993–1994,Зоря (Луганськ)
w:1975-12-14:stasiuk,Ігор Стасюк,auto,Стасюк Ігор Валерійович,,,Україна,FW,1998–1998,Металург (Донецьк)
w:1975-12-18:danel,Даніель Флоря,high,Флоря Даніель,,,Румунія,DF,2001–2005,Шахтар (Донецьк); Металург (Запоріжжя); Металург (Донецьк)
w:1975-12-18:mahonin,Віталій Махонін,auto,Махонін Віталій Володимирович,,,Україна,FW,1992–1994,Зоря (Луганськ); Таврія (Сімферополь)
w:1975-12-18:seleznov,Юрій Селезньов,auto,Селезньов Юрій Олександрович,,,Україна,MF,1994–2005,Чорноморець (Одеса); Шахтар (Донецьк); Металург (Донецьк); Кривбас (Кривий Ріг)
w:1975-12-22:petrov,Андрій Петров,auto,Петров Андрій Володимирович,,,Україна,MF,1993–1993,Дніпро (Дніпропетровськ)
w:1975-12-25:bezubko,Євген Беззубко,auto,Беззубко Євген Миколайович,,,Україна,MF,1994–1995,Нива (Тернопіль)
w:1975-12-31:aladashvili,Кахабер Аладашвілі,high,Аладашвілі Кахабер Ясонович,,,Грузія,MF,1994–1994,Темп (Шепетівка)
w:1975-12-31:shevtsov,Сергій Шевцов,auto,Шевцов Сергій Анатолійович,,,Україна,FW,1999–2004,Дніпро (Дніпропетровськ); Ворскла (Полтава); Говерла / Закарпаття (Ужгород); Таврія (Сімферополь)
w:1976-00-00:hura,Юрій Гура,high,,Юрий Гура,,Украина,FW,2021–2021,Олександрія
w:1976-00-00:zakarliuka,Сергій Закарлюка,high,,Закарлюка Сергей,,,MF,2011–2011,Ворскла (Полтава)
w:1976-01-03:simakov,Олег Сімаков,high,Сімаков Олег Олександрович,,,Росія,MF,1997–2001,Кривбас (Кривий Ріг)
w:1976-01-04:spevak,Андрій Спєвак,auto,Спєвак Андрій Олександрович,,,Україна,MF,1997–2005,Металург (Донецьк); Прикарпаття (Івано-Франківськ); Дніпро (Дніпропетровськ); Кривбас (Кривий Ріг)
w:1976-01-10:kravchenko,Віктор Кравченко,auto,Кравченко Віктор Миколайович,,,Україна,MF,1997–2002,Металург (Запоріжжя); Таврія (Сімферополь)
w:1976-01-10:levan,Леван Цкітішвілі,high,Цкітішвілі Леван,,,Грузія,MF,2005–2005,Металург (Донецьк)
w:1976-01-13:shischenko,Сергій Шищенко,auto,Шищенко Сергій Юрійович,,,Україна,MF,1992–2009,Металіст (Харків); Шахтар (Донецьк); Нива (Тернопіль); Кривбас (Кривий Ріг)
w:1976-01-16:anikev,Володимир Анікеєв,auto,Анікеєв Володимир Юрійович,,,Україна,DF,1997–2005,Маріуполь / Іллічівець; Арсенал (Київ)
w:1976-01-21:shpirka,Богдан Шпирка,auto,Шпирка Богдан Петрович,,,Україна,MF,2002–2002,Олександрія
w:1976-01-22:chaladze,Дато Чаладзе,high,Чаладзе Дато Амарович,,,Грузія,FW,1994–1994,Темп (Шепетівка)
w:1976-01-22:ukrainets,Ігор Українець,auto,Українець Ігор Васильович,,,Україна,FW,1994–1994,Верес (Рівне)
w:1976-01-24:holovir,Олег Головір,auto,Головір Олег Віталійович,,,Україна,DF,1993–1993,Дніпро (Дніпропетровськ)
w:1976-01-26:chali,Володимир Чалий,auto,Чалий Володимир Володимирович,,,Україна,MF,1996–2002,Зірка (Кропивницький); Кривбас (Кривий Ріг)
w:1976-01-26:voskoboinik,Олександр Воскобойник,auto,Воскобойник Олександр Володимирович,,,Україна,FW,1993–2002,Шахтар (Донецьк); Кривбас (Кривий Ріг); Металург (Донецьк); Ворскла (Полтава)
w:1976-01-27:doniushkin,Юрій Донюшкін,auto,Донюшкін Юрій Олексійович,,,Україна,DF,1995–2003,Таврія (Сімферополь)
w:1976-01-28:holokolosov,Олександр Голоколосов,auto,Голоколосов Олександр Олександрович,,,Україна,FW,1994–1999,Нива (Вінниця); Чорноморець (Одеса)
w:1976-02-01:kruts,Олексій Круц,high,Круц Олексій Анатолійович,,,Латвія,GK,1998–2000,Ворскла (Полтава)
w:1976-02-11:sobkovich,Олександр Собкович,auto,Собкович Олександр Дмитрович,,,Україна,MF,1997–2002,Маріуполь / Іллічівець; ЦСКА (Київ); Чорноморець (Одеса); Оболонь (Київ)
w:1976-02-14:hohil,Ігор Гогіль,auto,Гогіль Ігор Михайлович,,,Україна,FW,1996–2003,ЦСКА (Київ); Прикарпаття (Івано-Франківськ); Борисфен (Бориспіль)
w:1976-02-20:zadorojni,Сергій Задорожний,auto,Задорожний Сергій Михайлович,,,Україна,FW,1993–2006,Дніпро (Дніпропетровськ); Кремінь (Кременчук); Кривбас (Кривий Ріг); Зоря (Луганськ)
w:1976-02-23:kuznetsov,Олексій Кузнецов,auto,Кузнецов Олексій Миколайович,,,Україна,DF,1994–1999,Таврія (Сімферополь)
w:1976-02-23:sokorenko,Олександр Сокоренко,auto,Сокоренко Олександр Миколайович,,,Україна,GK,1999–2010,Таврія (Сімферополь); Севастополь
w:1976-02-29:prodan,Ігор Продан,auto,Продан Ігор Вячеславович,,,Україна,FW,1999–2005,Зірка (Кропивницький); Говерла / Закарпаття (Ужгород); Оболонь (Київ)
w:1976-03-11:hranovski,Олександр Грановський,auto,Грановський Олександр Анатолійович,,,Україна,MF,1996–2009,Нива (Вінниця); Кривбас (Кривий Ріг); Карпати (Львів); Металіст (Харків)
w:1976-03-11:petkov,Іордан Петков,check,Петков Іордан Хрістов,,,Болгарія,DF,1997–1999,Ворскла (Полтава)
w:1976-03-13:chaplihin,Сергій Чаплигін,auto,Чаплигін Сергій Вікторович,,,Україна,DF,1995–1995,Шахтар (Донецьк)
w:1976-03-13:reshetniak,Сергій Решетняк,auto,Решетняк Сергій Володимирович,,,Україна,MF,1996–1996,Таврія (Сімферополь)
w:1976-03-17:arhire,Юліан Архіре,high,Юліан Архіре,,,Румунія,MF,2002–2003,Металург (Донецьк); Волинь (Луцьк)
w:1976-03-17:chuchkevich,Віктор Чучкевич,auto,Чучкевич Віктор Андрійович,,,Україна,FW,1994–1994,Верес (Рівне)
w:1976-03-18:ihonin,Олексій Ігонін,high,Ігонін Олексій Андрєєвіч,,,Росія,MF,2003–2003,Чорноморець (Одеса)
w:1976-03-18:kolomets,Анатолій Коломієць,auto,Коломієць Анатолій Анатолійович,,,Україна,MF,1998–1998,Прикарпаття (Івано-Франківськ)
w:1976-03-20:bondar,Олексій Бондар,auto,Бондар Олексій Вікторович,,,Україна,MF,1994–2001,Кривбас (Кривий Ріг)
w:1976-03-21:demenko,Максим Деменко,auto,Деменко Максим Володимирович,,,Україна,DF,1993–1994,Динамо (Київ)
w:1976-03-22:leandro,Леандро Машаду,high,Машаду Леандро,,,Бразилія,FW,2002–2002,Динамо (Київ)
w:1976-03-24:kovalenko,Олександр Коваленко,auto,Коваленко Олександр Олександрович,,,Україна,MF,1996–2003,Дніпро (Дніпропетровськ); Шахтар (Донецьк); Металург (Донецьк); Кривбас (Кривий Ріг)
w:1976-03-24:vetrenikov,Сергій Ветренніков,auto,Ветренніков Сергій Юрійович,,,Україна,MF,1995–2006,Таврія (Сімферополь); Сталь (Алчевськ); Металіст (Харків); ФК Харків
w:1976-03-25:kian,Володимир Кіян,auto,Кіян Володимир Віталійович,,,Україна,MF,1995–1995,Зоря (Луганськ)
w:1976-04-01:kurilenko,Віктор Куриленко,auto,Куриленко Віктор Сергійович,,,Україна,MF,1995–1995,Волинь (Луцьк)
w:1976-04-02:hiuzelov,Ігор Гюзелов,high,Гюзелов Ігор,,,Північна Македонія,DF,2001–2005,Шахтар (Донецьк); Металург (Донецьк)
w:1976-04-03:bohatirov,Сергій Богатирьов,auto,Богатирьов Сергій Борисович,,,Україна,MF,1997–2002,Маріуполь / Іллічівець; Говерла / Закарпаття (Ужгород); Арсенал (Київ)
w:1976-04-04:domushkin,Сергій Дьомушкін,auto,Дьомушкін Сергій Володимирович,,,Україна,DF,1994–1994,Верес (Рівне)
w:1976-04-06:martinov,Володимир Мартинов,auto,Мартинов Володимир Володимирович,,,Україна,FW,1993–2001,Таврія (Сімферополь); Прикарпаття (Івано-Франківськ); Металург (Донецьк)
w:1976-04-18:homenko,Ігор Хоменко,auto,Хоменко Ігор Юрійович,,,Україна,MF,1996–2003,Зірка (Кропивницький); Дніпро (Дніпропетровськ); Таврія (Сімферополь)
w:1976-04-19:romashev,Олександр Ромашев,auto,Ромашев Олександр Валерійович,,,Україна,DF,1999–1999,Зірка (Кропивницький)
w:1976-04-27:stepanov,Віталій Степанов,auto,Степанов Віталій Юрійович,,,Україна,MF,1994–1994,Верес (Рівне)
w:1976-05-06:pedorenko,Дмитро Педоренко,auto,Педоренко Дмитро Петрович,,,Україна,DF,1993–1994,Металург (Запоріжжя)
w:1976-05-08:konstantin,Константін Шумахер,high,Константін Шумахер,,,Румунія,MF,2005–2005,Волинь (Луцьк)
w:1976-05-09:trapaidze,Гоча Трапаідзе,high,Трапаідзе Гоча Важайович,,,Грузія,MF,2000–2003,Таврія (Сімферополь); Волинь (Луцьк)
w:1976-05-16:hroshev,Юрій Грошев,auto,Грошев Юрій Валерійович,,,Україна,MF,2005–2006,Кривбас (Кривий Ріг)
w:1976-05-16:levchenko,Олексій Левченко,auto,Левченко Олексій Валерійович,,,Україна,DF,1996–1999,Нива (Вінниця); Торпедо (Запоріжжя); Маріуполь / Іллічівець
w:1976-05-21:chosich,Горан Чосич,high,Чосіч Горан,,,Сербія та Чорногорія,DF,2002–2002,Кривбас (Кривий Ріг)
w:1976-06-03:mutambikva,Тондерей Мутамбіква,check,Мутамбіква Тондерей Хенрі,,,Зімбабве,FW,2001–2001,Карпати (Львів)
w:1976-06-04:kernozenko,В'ячеслав Кернозенко,fixed,Кернозенко Вячеслав Сергійович,,,Україна,GK,1996–2009,Динамо (Київ); Арсенал (Київ); Дніпро (Дніпропетровськ); Кривбас (Кривий Ріг)
w:1976-06-16:rimshin,Євген Римшин,auto,Римшин Євген Леонідович,,,Україна,FW,1996–2003,Зірка (Кропивницький); Дніпро (Дніпропетровськ); Прикарпаття (Івано-Франківськ); Кривбас (Кривий Ріг)
w:1976-06-22:ibrahimov,Ельдар Ібрагімов,high,Ібрагімов Ельдар Саїдович,,,Узбекистан,FW,1998–2006,Прикарпаття (Івано-Франківськ); Металіст (Харків); ФК Харків
w:1976-06-27:mihalatiuk,Ігор Мігалатюк,auto,Мігалатюк Ігор Володимирович,,,Україна,MF,1993–2002,Буковина (Чернівці); Чорноморець (Одеса)
w:1976-06-27:pavlovich,Зоран Павлович,high,Павловіч Зоран,,,Словенія,MF,2002–2003,Ворскла (Полтава)
w:1976-07-10:nazimov,Олексій Назімов,auto,Назімов Олексій Миколайович,,,Україна,MF,1997–1997,Маріуполь / Іллічівець
w:1976-07-12:shkurupi,Андрій Шкурупій,auto,Шкурупій Андрій Віталійович,,,Україна,MF,1998–1998,СК Миколаїв
w:1976-07-18:polivoda,Андрій Полівода,auto,Полівода Андрій Анатолійович,,,Україна,MF,1995–1995,Торпедо (Запоріжжя)
w:1976-07-19:radchenko,Олександр Радченко,auto,Радченко Олександр Борисович,,,Україна,DF,1997–2008,Динамо (Київ); Говерла / Закарпаття (Ужгород); Дніпро (Дніпропетровськ); Кривбас (Кривий Ріг)
w:1976-07-22:bohomol,Олег Богомол,auto,Богомол Олег Вікторович,,,Україна,MF,1999–1999,Таврія (Сімферополь)
w:1976-07-22:kretov,Анатолій Кретов,auto,Кретов Анатолій Вікторович,,,Україна,MF,2007–2007,Нафтовик-Укрнафта (Охтирка)
w:1976-08-09:velichko,Сергій Величко,auto,Величко Сергій Миколайович,Величко Сергей,,Україна,GK,1996–2011,Таврія (Сімферополь); Говерла / Закарпаття (Ужгород); Нафтовик-Укрнафта (Охтирка); Ворскла (Полтава)
w:1976-08-12:pavliuh,Іван Павлюх,auto,Павлюх Іван Богданович,,,Україна,DF,1992–2001,Карпати (Львів); Дніпро (Дніпропетровськ)
w:1976-08-15:serohin,Андрій Серьогін,auto,Серьогін Андрій Олександрович,,,Україна,FW,1997–1997,Чорноморець (Одеса)
w:1976-08-17:zakarliuka,Сергій Закарлюка,auto,Закарлюка Сергій Володимирович,,,Україна,MF,1993–2010,Дніпро (Дніпропетровськ); ЦСКА (Київ); Арсенал (Київ); Металург (Донецьк)
w:1976-08-18:efimov,Андрій Єфімов,auto,Єфімов Андрій Олександрович,,,Україна,FW,1992–1994,Металіст (Харків); Темп (Шепетівка)
w:1976-08-20:demchenko,Андрій Демченко,auto,Демченко Андрій Анатолійович,,,Україна,DF,1996–2009,Торпедо (Запоріжжя); Металург (Запоріжжя)
w:1976-08-21:baranov,Євгеній Баранов,auto,Баранов Євгеній Олександрович,,,Україна,MF,1995–1995,Кремінь (Кременчук)
w:1976-08-22:hamal,Сергій Гамаль,auto,Гамаль Сергій Миколайович,,,Україна,MF,1993–1993,Буковина (Чернівці)
w:1976-08-22:liashenko,Олег Ляшенко,auto,Ляшенко Олег Володимирович,,,Україна,DF,1994–1995,СК Миколаїв
w:1976-08-23:irismetov,Жафар Ірісметов,high,Ірісметов Жафар Турсунбаєвич,,,Узбекистан,FW,2003–2003,Кривбас (Кривий Ріг)
w:1976-08-26:erko,Єрко Мікулич,high,Мікуліч Єрко,,,Хорватія,DF,2002–2003,Карпати (Львів)
w:1976-08-27:andrian,Андріан Богдан,high,Богдан Андріан,,,Молдова,GK,2006–2006,Зоря (Луганськ)
w:1976-08-27:shapovalov,Валерій Шаповалов,auto,Шаповалов Валерій Валерійович,,,Україна,DF,1996–2000,Зірка (Кропивницький); Дніпро (Дніпропетровськ); Кривбас (Кривий Ріг); Металург (Запоріжжя)
w:1976-09-01:badlo,Сергій Бадло,auto,Бадло Сергій Миколайович,,,Україна,DF,1994–1994,Металург (Запоріжжя)
w:1976-09-01:lisenko,Сергій Лисенко,auto,Лисенко Сергій Анатолійович,,,Україна,DF,1997–1997,Чорноморець (Одеса)
w:1976-09-01:serebrenikov,Сергій Серебренников,auto,Серебренников Сергій Олександрович,,,Україна,FW,1998–2001,Динамо (Київ)
w:1976-09-02:chutanh,Бернар Чутанг,high,Чутанг Бернар Самуель,,,Камерун,MF,2002–2002,Металург (Донецьк)
w:1976-09-03:kotiuk,Андрій Котюк,auto,Котюк Андрій Валерійович,,,Україна,FW,1993–2003,Дніпро (Дніпропетровськ); Кривбас (Кривий Ріг); Маріуполь / Іллічівець; Таврія (Сімферополь)
w:1976-09-04:makovei,Ігор Маковей,auto,Маковей Ігор Юрійович,,,Україна,MF,1994–2004,Карпати (Львів); Кривбас (Кривий Ріг); Ворскла (Полтава); Говерла / Закарпаття (Ужгород)
w:1976-09-07:halstian,Овік Галстян,auto,Галстян Овік Саргісович,,,Україна,FW,1994–1999,СК Миколаїв; Чорноморець (Одеса)
w:1976-09-10:mitu,Маріус Міту,check,Міту Дан Маріус,,,Румунія,MF,2005–2007,Металург (Донецьк)
w:1976-09-12:epurianu,Сергій Епуряну,fixed,Єпуряну Сергей,,,Молдова,MF,2004–2006,Ворскла (Полтава); Кривбас (Кривий Ріг)
w:1976-09-17:artemenko,Сергій Артеменко,auto,Артеменко Сергій Володимирович,,,Україна,DF,1999–2003,Чорноморець (Одеса); Маріуполь / Іллічівець; Таврія (Сімферополь)
w:1976-09-18:hordenko,Вадим Гордієнко,auto,Гордієнко Вадим Миколайович,,,Україна,MF,1997–1997,Торпедо (Запоріжжя)
w:1976-09-19:vereschaka,Андрій Верещака,auto,Верещака Андрій Іванович,,,Україна,DF,1993–1993,Металіст (Харків)
w:1976-09-22:vitvitski,Микола Вітвіцький,auto,Вітвіцький Микола Станіславович,,,Україна,MF,1999–1999,Чорноморець (Одеса)
w:1976-09-26:demetradze,Георгій Деметрадзе,check,Деметрадзе Георге,,,Грузія,FW,1999–2007,Динамо (Київ); Металург (Донецьк); Арсенал (Київ)
w:1976-09-29:shevchenko,Андрій Шевченко,auto,Шевченко Андрій Миколайович,Шевченко Андрей,,Україна,FW,1994–2011,Динамо (Київ)
w:1976-10-03:matiash,Валерій Матяш,auto,Матяш Валерій Анатолійович,,,Україна,DF,1996–1996,Торпедо (Запоріжжя)
w:1976-10-04:sapuha,Андрій Сапуга,auto,Сапуга Андрій Михайлович,,,Україна,DF,1992–2005,Карпати (Львів); Говерла / Закарпаття (Ужгород)
w:1976-10-06:humeniuk,Олександр Гуменюк,auto,Гуменюк Олександр Анатолійович,,,Україна,GK,1996–2005,Дніпро (Дніпропетровськ); Чорноморець (Одеса); Волинь (Луцьк); Металіст (Харків)
w:1976-10-06:kundenok,Геннадій Кундєнок,auto,Кундєнок Геннадій Миколайович,,,Україна,MF,1993–2001,Таврія (Сімферополь)
w:1976-10-08:derenov,Сергій Деренов,auto,Деренов Сергій Ісидорович,,,Україна,GK,1994–1996,Кривбас (Кривий Ріг)
w:1976-10-11:lapko,Микола Лапко,auto,Лапко Микола Романович,,,Україна,MF,1992–2007,Карпати (Львів); Ворскла (Полтава); Прикарпаття (Івано-Франківськ); Металург (Запоріжжя)
w:1976-10-12:baharev,Олексій Бахарєв,auto,Бахарєв Олексій Олександрович,,,Україна,MF,1998–2004,Шахтар (Донецьк)
w:1976-10-21:chernov,Андрій Чернов,auto,Чернов Андрій Володимирович,,,Україна,MF,1993–1997,Дніпро (Дніпропетровськ); Кремінь (Кременчук); Кривбас (Кривий Ріг)
w:1976-10-26:chumachenko,Ігор Чумаченко,auto,Чумаченко Ігор Гаврилович,,,Україна,MF,1996–1997,Чорноморець (Одеса)
w:1976-10-30:bulut,Ерол Булут,high,Булут Ерол,,,Німеччина,MF,2007–2007,Металург (Донецьк)
w:1976-11-04:hrebenojko,Олександр Гребеножко,auto,Гребеножко Олександр Олександрович,,,Україна,FW,2002–2005,Волинь (Луцьк); Оболонь (Київ); Говерла / Закарпаття (Ужгород)
w:1976-11-04:masuliak,Андрій Масуляк,auto,Масуляк Андрій Зіновійович,,,Україна,MF,1994–1994,Волинь (Луцьк)
w:1976-11-08:hrenko,Юрій Хрієнко,auto,Хрієнко Юрій Володимирович,,,Україна,GK,2001–2005,Олександрія; Металург (Запоріжжя)
w:1976-11-12:maiorov,Владислав Майоров,high,Майоров Владислав Миколайович,,,Росія,FW,1998–1998,Кривбас (Кривий Ріг)
w:1976-11-14:hulev,Камаль Гулієв,high,Гулієв Камаль Агасеїд огли,,,Азербайджан,MF,2002–2003,Волинь (Луцьк)
w:1976-11-24:skvortsov,Анатолій Скворцов,auto,Скворцов Анатолій Олександрович,,,Україна,MF,1997–1998,Таврія (Сімферополь)
w:1976-11-24:stoikan,Флавіус Стойкан,high,Стойкан Владімір Флавіус,,,Румунія,DF,2003–2006,Шахтар (Донецьк); Металіст (Харків)
w:1976-11-26:schehlov,Сергій Щеглов,auto,Щеглов Сергій Євгенович,,,Україна,MF,2004–2005,Кривбас (Кривий Ріг)
w:1976-11-29:shimanski,Сергій Шиманський,auto,Шиманський Сергій Михайлович,,,Україна,MF,1996–2000,Нива (Тернопіль)
w:1976-12-05:haras,Олег Гарас,auto,Гарас Олег Зіновійович,,,Україна,FW,1992–2002,Карпати (Львів)
w:1976-12-08:poliakov,Борис Поляков,auto,Поляков Борис Маркович,,,Україна,DF,1996–2005,ЦСКА (Київ); Таврія (Сімферополь); Волинь (Луцьк)
w:1976-12-13:mladenovich,Ненад Младенович,high,Младеновіч Ненад,,,Сербія,FW,2003–2004,Металург (Донецьк)
w:1976-12-13:stratulat,Георгій Стратулат,high,Стратулат Георгій Ніканорович,,,Молдова,MF,1998–1999,Дніпро (Дніпропетровськ)
w:1976-12-22:bundash,Мирослав Бундаш,auto,Бундаш Мирослав Омелянович,,,Україна,FW,2001–2007,Говерла / Закарпаття (Ужгород)
w:1976-12-26:burhan,Кирило Бурхан,auto,Бурхан Кирило Юрійович,,,Україна,DF,1992–1997,Торпедо (Запоріжжя)
w:1976-12-29:mikuliak,Олександр Микуляк,auto,Микуляк Олександр Васильович,,,Україна,FW,1994–2002,Прикарпаття (Івано-Франківськ); Металург (Запоріжжя); Таврія (Сімферополь)
w:1977-00-00:evhen,Євген Сєріков,high,Сєріков Євген,,,Україна,MF,1994–1994,Таврія (Сімферополь)
w:1977-00-00:kostishin,Руслан Костишин,high,,Руслан Костышин,,Украина,FW,2021–2021,Колос (Ковалівка)
w:1977-00-00:maiorenko,Вадим Майоренко,high,Майоренко Вадим,,,Україна,MF,1994–1994,Металург (Запоріжжя)
w:1977-01-01:lamtiuhin,Сергій Ламтюгін,auto,Ламтюгін Сергій Євгенович,,,Україна,DF,1993–1998,Таврія (Сімферополь); Дніпро (Дніпропетровськ)
w:1977-01-07:hilazev,Руслан Гілазєв,auto,Гілазєв Руслан Накіфович,,,Україна,MF,2002–2008,Чорноморець (Одеса)
w:1977-01-08:kostishin,Руслан Костишин,auto,Костишин Руслан Володимирович,Костышин Руслан,,Україна,FW,1996–2011,ЦСКА (Київ); Арсенал (Київ); Дніпро (Дніпропетровськ); Кривбас (Кривий Ріг)
w:1977-01-08:shpak,Олексій Шпак,auto,Шпак Олексій Андрійович,,,Україна,GK,1993–1993,Таврія (Сімферополь)
w:1977-01-09:potapov,Сергій Потапов,auto,Потапов Сергій Вікторович,,,Україна,MF,1998–1998,Металург (Донецьк)
w:1977-01-15:platonov,Валентин Платонов,auto,Платонов Валентин Вікторович,,,Україна,MF,1995–2009,Дніпро (Дніпропетровськ); Кривбас (Кривий Ріг); Маріуполь / Іллічівець; Зоря (Луганськ)
w:1977-01-16:tereschenko,В'ячеслав Терещенко,fixed,Терещенко Вячеслав Володимирович,,,Україна,FW,1999–2005,Чорноморець (Одеса); Оболонь (Київ); Говерла / Закарпаття (Ужгород)
w:1977-01-17:seihan,Толга Сейхан,high,Сейхан Толга,,,Туреччина,DF,2005–2005,Шахтар (Донецьк)
w:1977-01-20:lots,Віталій Лоц,auto,Лоц Віталій Михайлович,,,Україна,DF,1998–1999,Металіст (Харків)
w:1977-01-24:ivitsa,Івіца Пірич,high,Піріч Івіца,,,Хорватія,DF,2002–2006,Арсенал (Київ)
w:1977-01-28:artiuhov,Федір Артюхов,auto,Артюхов Федір Анатолійович,,,Україна,FW,1993–1993,Таврія (Сімферополь)
w:1977-02-01:sizon,Олег Сизон,auto,Сизон Олег Федорович,,,Україна,DF,1994–2004,Кривбас (Кривий Ріг); Маріуполь / Іллічівець; Борисфен (Бориспіль)
w:1977-02-02:matvichuk,Олександр Матвійчук,auto,Матвійчук Олександр Вікторович,,,Україна,DF,1998–2000,Таврія (Сімферополь); Сталь (Алчевськ)
w:1977-02-03:berehulia,Андрій Берегуля,auto,Берегуля Андрій Володимирович,,,Україна,DF,1994–1998,СК Миколаїв
w:1977-02-04:iaksmanitski,Володимир Яксманицький,auto,Яксманицький Володимир Іванович,,,Україна,DF,1995–2006,Шахтар (Донецьк); Металург (Донецьк); Кривбас (Кривий Ріг); Маріуполь / Іллічівець
w:1977-02-05:schastlivi,Сергій Щастливий,auto,Щастливий Сергій Миколайович,,,Україна,DF,1999–2003,Зірка (Кропивницький)
w:1977-02-07:ramos,Пауло Сезар,check,Рамос Вог Пауло Сезар,,,Бразилія,FW,2006–2007,Металург (Донецьк); Сталь (Алчевськ)
w:1977-02-07:shuha,Іван Шуга,auto,Шуга Іван Семенович,,,Україна,MF,2003–2007,Зірка (Кропивницький); Сталь (Алчевськ); Говерла / Закарпаття (Ужгород)
w:1977-02-09:spadoto,Адріано Спадото,check,Спадото Адріано Луіс,,,Бразилія,MF,2006–2006,Зоря (Луганськ)
w:1977-02-15:dimitrevich,Ігор Дімітрієвич,high,Дімітрієвіч Ігор,,,Сербія,GK,2004–2004,Кривбас (Кривий Ріг)
w:1977-02-20:sautin,Артем Саутін,auto,Саутін Артем Володимирович,,,Україна,DF,1998–2002,Зірка (Кропивницький); Говерла / Закарпаття (Ужгород); Таврія (Сімферополь)
w:1977-02-22:shevchuk,Андрій Шевчук,auto,Шевчук Андрій Романович,,,Україна,DF,1997–1997,Торпедо (Запоріжжя)
w:1977-02-24:ohnenovich,Періца Огнєнович,high,Огнєновіч Періца,,,Сербія,MF,2003–2003,Динамо (Київ)
w:1977-03-06:kovalchik,Мацей Ковальчик,high,Ковальчик Мацей,,,Польща,FW,2002–2005,Арсенал (Київ)
w:1977-03-12:lihotvorik,Сергій Ліхотворік,auto,Ліхотворік Сергій Олександрович,,,Україна,DF,1996–1996,Прикарпаття (Івано-Франківськ)
w:1977-03-15:zubchenko,Андрій Зубченко,auto,Зубченко Андрій Володимирович,,,Україна,MF,1995–2004,Торпедо (Запоріжжя); Дніпро (Дніпропетровськ); Металург (Запоріжжя)
w:1977-03-22:nesterenko,Роман Нестеренко,auto,Нестеренко Роман Григорович,,,Україна,GK,2002–2003,Волинь (Луцьк)
w:1977-03-24:romanenko,Всеволод Романенко,auto,Романенко Всеволод Вадимович,Романенко Всеволод,,Україна,GK,1999–2011,Таврія (Сімферополь); Говерла / Закарпаття (Ужгород); Оболонь (Київ); Волинь (Луцьк)
w:1977-03-26:sahno,Віталій Сахно,auto,Сахно Віталій Вікторович,,,Україна,MF,2001–2003,Олександрія; Карпати (Львів)
w:1977-03-28:fenin,Юрій Фенін,auto,Фенін Юрій Анатолійович,,,Україна,MF,1992–1995,Таврія (Сімферополь)
w:1977-03-29:iakushev,Артур Якушев,auto,Якушев Артур Юрійович,,,Україна,DF,1998–1998,Прикарпаття (Івано-Франківськ)
w:1977-04-02:koniushenko,Андрій Конюшенко,auto,Конюшенко Андрій Вікторович,Конюшенко Андрей,,Україна,DF,1997–2011,Металург (Запоріжжя); Шахтар (Донецьк); Волинь (Луцьк); Маріуполь / Іллічівець
w:1977-04-04:lanko,Віталій Ланько,high,Ланько Вітал Аляксандравіч,,,Білорусь,MF,2003–2003,Волинь (Луцьк)
w:1977-04-09:aleksandru,Александру Поповічі,high,Поповічі Александру,,,Молдова,FW,2002–2007,Дніпро (Дніпропетровськ); Кривбас (Кривий Ріг); Зоря (Луганськ)
w:1977-04-10:lunhu,Владіслав Лунгу,high,Лунгу Владіслав Валерійович,,,Молдова,MF,1997–1998,Ворскла (Полтава)
w:1977-04-10:savelev,Олексій Савельєв,high,Савельєв Олексій Віталійович,,,Росія,MF,2003–2003,Ворскла (Полтава)
w:1977-04-15:brhles,Даріо Брглес,high,Брглес Даріо,,,Хорватія,MF,2005–2006,Арсенал (Київ)
w:1977-04-16:vishnevski,В'ячеслав Вишневський,high,Вишневський Вячеслав Миколайович,,,Росія,FW,2005–2006,Таврія (Сімферополь)
w:1977-04-23:makovski,Володимир Маковський,high,Маковський Владзімір Міхайлавіч,,,Білорусь,FW,1997–2001,Динамо (Київ); Ворскла (Полтава); ЦСКА (Київ); Говерла / Закарпаття (Ужгород)
w:1977-05-03:hlevetskas,Дайнюс Глевецкас,high,Глевецкас Дайнюс Юлюс,,,Литва,DF,1998–2004,Шахтар (Донецьк); Маріуполь / Іллічівець
w:1977-05-11:alves,Маркос Пауло,check,Алвес Маркос Пауло,,,Бразилія,MF,2005–2005,Металіст (Харків)
w:1977-05-11:kovalevski,Войцех Ковалевський,high,Ковалевський Войцех,,,Польща,GK,2001–2002,Шахтар (Донецьк)
w:1977-05-14:shapovalov,Олексій Шаповалов,auto,Шаповалов Олексій Валерійович,,,Україна,FW,1995–1995,СК Миколаїв
w:1977-05-18:sandulovich,Владимир Сандулович,high,Сандуловіч Владімір,,,Сербія,DF,2004–2004,Ворскла (Полтава)
w:1977-05-20:trapachkin,Роман Тропачкін,check,Трапачкін Раман Валєр'євіч,,,Білорусь,MF,2004–2004,Кривбас (Кривий Ріг)
w:1977-05-21:telehin,Сергій Тєлєгін,auto,Тєлєгін Сергій Анатолійович,,,Україна,MF,2001–2001,Говерла / Закарпаття (Ужгород)
w:1977-06-03:hihiadze,Васіл Гігіадзе,high,Гігіадзе Васіл,Гигиадзе Васил,,Грузія,FW,2000–2011,Таврія (Сімферополь); Кривбас (Кривий Ріг); Нафтовик-Укрнафта (Охтирка)
w:1977-06-07:nijehorodov,Геннадій Нижегородов,high,Нижегородов Геннадій Олександрович,,,Росія,DF,2006–2008,Чорноморець (Одеса)
w:1977-06-10:bezdolni,Ігор Бездольний,auto,Бездольний Ігор Юрійович,,,Україна,FW,1998–2001,Дніпро (Дніпропетровськ); СК Миколаїв
w:1977-06-15:duhno,Анатолій Духно,auto,Духно Анатолій Іванович,,,Україна,FW,1999–2000,Маріуполь / Іллічівець
w:1977-06-17:matkevich,Анатолій Маткевич,auto,Маткевич Анатолій Анатолійович,,,Україна,DF,1996–2004,Кремінь (Кременчук); Металург (Запоріжжя); Дніпро (Дніпропетровськ); Кривбас (Кривий Ріг)
w:1977-06-20:nerius,Неріюс Васіляускас,high,Васіляускас Неріюс,,,Литва,MF,2005–2007,Таврія (Сімферополь)
w:1977-06-23:pershin,Олександр Першин,auto,Першин Олександр Валентинович,,,Україна,DF,1996–2007,Дніпро (Дніпропетровськ); Ворскла (Полтава); Арсенал (Київ); Таврія (Сімферополь)
w:1977-06-30:adev,Магомед Адієв,high,Адієв Магомед Мусаєвіч,,,Росія,FW,2004–2005,Кривбас (Кривий Ріг)
w:1977-07-08:timchishin,Олег Тимчишин,auto,Тимчишин Олег Миронович,,,Україна,DF,1996–2006,Карпати (Львів); Оболонь (Київ)
w:1977-07-12:mishko,Денис Мишко,auto,Мишко Денис Олександрович,,,Україна,DF,1998–1998,СК Миколаїв
w:1977-07-16:dikan,Андрій Дикань,auto,Дикань Андрій Олександрович,,,Україна,GK,2007–2008,Таврія (Сімферополь)
w:1977-07-20:kariaka,Дмитро Каряка,auto,Каряка Дмитро Вікторович,,,Україна,MF,1994–2004,Металург (Запоріжжя); Чорноморець (Одеса); Оболонь (Київ)
w:1977-07-27:mitin,Сергій Мітін,auto,Мітін Сергій Анатолійович,,,Україна,DF,1998–2003,Маріуполь / Іллічівець; Кривбас (Кривий Ріг)
w:1977-07-29:otsokolich,Предраг Оцокольич,check,Оцокольіч Предраг,,,Югославія,DF,2001–2001,Шахтар (Донецьк)
w:1977-08-02:dzenisiuk,Дмитро Денисюк,check,Дзенісюк Дзмітрий Васільєвіч,,,Білорусь,MF,2003–2003,Металург (Запоріжжя)
w:1977-08-03:nazarov,Дмитро Назаров,auto,Назаров Дмитро Аркадійович,,,Україна,DF,1993–2008,Таврія (Сімферополь); Маріуполь / Іллічівець
w:1977-08-03:omelianovich,Сергій Омельянович,auto,Омельянович Сергій Леонідович,,,Україна,MF,1993–1994,Зоря (Луганськ)
w:1977-08-05:holovko,Андрій Головко,auto,Головко Андрій Валентинович,,,Україна,FW,1995–2006,Нива (Вінниця); Дніпро (Дніпропетровськ); ЦСКА (Київ); Ворскла (Полтава)
w:1977-08-08:budhusaim,Сергій Буд-Гусаім,auto,Буд-Гусаім Сергій Олександрович,,,Україна,MF,1996–1996,Таврія (Сімферополь)
w:1977-08-10:krisanov,Дмитро Крісанов,auto,Крісанов Дмитро Володимирович,,,Україна,MF,1999–1999,Чорноморець (Одеса)
w:1977-08-16:fereira,Вашингтон,check,Феррейра Вашінгтон Тейкс,,,Бразилія,FW,2002–2002,Металург (Запоріжжя)
w:1977-08-16:soroka,Роман Сорока,auto,Сорока Роман Ігорович,,,Україна,DF,2000–2000,Нива (Тернопіль)
w:1977-08-25:muamer,Муамер Вугдалич,high,Вугдаліч Муамер,,,Словенія,DF,2001–2001,Шахтар (Донецьк)
w:1977-08-27:batsmanov,Олександр Бацманов,auto,Бацманов Олександр Григорович,,,Україна,MF,1995–1995,Зоря (Луганськ)
w:1977-08-27:vorobiov,Дмитро Воробйов,auto,Воробйов Дмитро Олександрович,Воробьёв Дмитрий,,Україна,GK,2004–2011,Металург (Донецьк); Металург (Запоріжжя)
w:1977-08-28:kovalenko,Дмитро Коваленко,auto,Коваленко Дмитро Геннадійович,,,Україна,MF,2005–2005,Металург (Запоріжжя)
w:1977-09-01:dranov,Сергій Дранов,auto,Дранов Сергій Геннадійович,,,Україна,FW,1994–2004,Шахтар (Донецьк); СК Миколаїв; Дніпро (Дніпропетровськ); Металург (Донецьк)
w:1977-09-02:kuptsov,Олексій Купцов,auto,Купцов Олексій Сергійович,,,Україна,DF,1994–2003,Дніпро (Дніпропетровськ); Кривбас (Кривий Ріг)
w:1977-09-02:marich,Роман Марич,auto,Марич Роман Ростиславович,,,Україна,FW,1993–1993,Карпати (Львів)
w:1977-09-04:perhun,Сергій Перхун,auto,Перхун Сергій Володимирович,,,Україна,GK,1993–1998,Дніпро (Дніпропетровськ)
w:1977-09-08:bulhakov,Олексій Булгаков,auto,Булгаков Олексій Володимирович,,,Україна,MF,1997–2002,Металург (Донецьк); Маріуполь / Іллічівець
w:1977-09-10:marchenko,Сергій Марченко,auto,Марченко Сергій Анатолійович,,,Україна,MF,1994–1994,Металург (Запоріжжя)
w:1977-09-10:poliarush,Олег Поляруш,auto,Поляруш Олег Миколайович,,,Україна,MF,1997–2002,ЦСКА (Київ); Арсенал (Київ); Таврія (Сімферополь)
w:1977-09-12:zubov,Геннадій Зубов,auto,Зубов Геннадій Олександрович,,,Україна,MF,1994–2006,Шахтар (Донецьк); Маріуполь / Іллічівець; Сталь (Алчевськ); Зоря (Луганськ)
w:1977-09-13:klimenko,Андрій Клименко,auto,Клименко Андрій Віталійович,,,Україна,MF,1997–2004,Ворскла (Полтава); Зірка (Кропивницький); Металург (Донецьк); Кривбас (Кривий Ріг)
w:1977-09-15:sliusar,Валентин Слюсар,auto,Слюсар Валентин Васильович,Слюсар Валентин,,Україна,FW,1998–2011,Металург (Донецьк); Говерла / Закарпаття (Ужгород); Олександрія; Металіст (Харків)
w:1977-09-15:voloshin,Микола Волошин,auto,Волошин Микола Миколайович,,,Україна,MF,1997–2005,Металург (Донецьк); ФК Харків
w:1977-09-17:husev,Ролан Гусєв,high,Гусєв Ролан Олександрович,,,Росія,MF,2007–2010,Дніпро (Дніпропетровськ); Арсенал (Київ)
w:1977-09-24:havriushov,Андрій Гаврюшов,auto,Гаврюшов Андрій Валерійович,,,Україна,DF,2001–2009,Олександрія; Сталь (Алчевськ); Металург (Донецьк); Зоря (Луганськ)
w:1977-09-24:paleshev,Олександр Палешев,auto,Палешев Олександр Юрійович,,,Україна,MF,1998–1998,СК Миколаїв
w:1977-09-28:maziar,Володимир Мазяр,auto,Мазяр Володимир Іванович,,,Україна,FW,1999–2009,Ворскла (Полтава); Дніпро (Дніпропетровськ); Олександрія; Таврія (Сімферополь)
w:1977-09-29:mara,Богдан Мара,high,Мара Іоан Богдан,,,Румунія,FW,2005–2005,Сталь (Алчевськ)
w:1977-10-03:krivi,Сергій Кривий,auto,Кривий Сергій Петрович,,,Україна,MF,1998–2003,Нива (Тернопіль); Волинь (Луцьк)
w:1977-10-04:mor,Едуард Мор,auto,Мор Едуард Володимирович,,,Україна,MF,2004–2004,Волинь (Луцьк)
w:1977-10-10:karaianov,Віталій Караянов,auto,Караянов Віталій Анатолійович,,,Україна,MF,1994–1996,Нива (Вінниця)
w:1977-10-13:kolchin,Денис Колчін,auto,Колчін Денис Борисович,,,Україна,DF,1994–2005,Чорноморець (Одеса); Кривбас (Кривий Ріг)
w:1977-10-20:halihuzov,Руслан Галігузов,auto,Галігузов Руслан Володимирович,,,Україна,GK,1997–1997,Торпедо (Запоріжжя)
w:1977-10-24:salahovich,Сеад Салахович,high,Салаховіч Сеад,,,Сербія,FW,2003–2004,Кривбас (Кривий Ріг)
w:1977-10-25:homenko,Сергій Хоменко,auto,Хоменко Сергій Леонідович,,,Україна,FW,1997–2000,Нива (Тернопіль)
w:1977-10-26:iaschuk,Олег Ящук,auto,Ящук Олег Ростиславович,,,Україна,FW,1994–1995,Нива (Тернопіль)
w:1977-10-27:fedoruk,Олег Федорук,auto,Федорук Олег Євгенійович,,,Україна,MF,1994–1994,Нива (Вінниця)
w:1977-10-27:ostapenko,Олег Остапенко,auto,Остапенко Олег Володимирович,,,Україна,GK,1996–2010,Нива (Вінниця); Кривбас (Кривий Ріг); Металіст (Харків); Ворскла (Полтава)
w:1977-10-28:haev,Володимир Гаєв,high,Гаєв Володимир Станіславович,,,Білорусь,GK,2006–2006,Чорноморець (Одеса)
w:1977-10-29:smirnov,Андрій Смірнов,auto,Смірнов Андрій Вікторович,,,Україна,MF,1994–1994,Таврія (Сімферополь)
w:1977-11-01:buta,Корнел Бута,high,Бута Корнел,Бута Корнел,,Румунія,MF,2004–2011,Волинь (Луцьк)
w:1977-11-01:ilchenko,Сергій Ільченко,auto,Ільченко Сергій Олександрович,,,Україна,DF,1995–1998,Металург (Запоріжжя); ЦСКА (Київ)
w:1977-11-01:mitrofanov,Олександр Митрофанов,auto,Митрофанов Олександр Володимирович,,,Україна,MF,1994–2003,Таврія (Сімферополь); Волинь (Луцьк)
w:1977-11-03:jura,Сергій Згура,auto,Згура Сергій Олександрович,,,Україна,MF,2000–2006,Металург (Донецьк); Чорноморець (Одеса); Кривбас (Кривий Ріг)
w:1977-11-04:jurka,Олег Журка,auto,Журка Олег Васильович,,,Україна,DF,2001–2002,Говерла / Закарпаття (Ужгород); Олександрія
w:1977-11-08:larin,Володимир Ларін,auto,Ларін Володимир Миколайович,,,Україна,FW,1995–1999,Прикарпаття (Івано-Франківськ)
w:1977-11-08:mazurenko,Олег Мазуренко,auto,Мазуренко Олег Миколайович,,,Україна,MF,2002–2010,Оболонь (Київ); Маріуполь / Іллічівець
w:1977-11-10:mishkov,Омар Мішков,auto,Мішков Омар Фауазович,,,Україна,DF,2001–2001,Олександрія
w:1977-11-11:androshich,Вальтер Андрошич,high,Андрошіч Вальтер,,,Хорватія,DF,2002–2003,Ворскла (Полтава)
w:1977-11-14:bilokin,Сергій Білокінь,auto,Білокінь Сергій Вікторович,,,Україна,DF,1994–1996,Кривбас (Кривий Ріг); Дніпро (Дніпропетровськ)
w:1977-11-14:olinik,Олексій Олійник,auto,Олійник Олексій Степанович,,,Україна,MF,1995–2006,Металург (Запоріжжя); ЦСКА (Київ); Металіст (Харків)
w:1977-11-16:marselino,Андре Луїс,check,Марселіно Консесао Андре Луіз,,,Бразилія,MF,2004–2004,Металіст (Харків)
w:1977-11-20:zentsov,Денис Зенцов,auto,Зенцов Денис Леонідович,,,Україна,MF,1994–1994,Зоря (Луганськ)
w:1977-11-25:opria,Анатолій Опря,auto,Опря Анатолій Олександрович,,,Україна,DF,2002–2009,Чорноморець (Одеса); Металіст (Харків); ФК Харків; Кривбас (Кривий Ріг)
w:1977-11-27:tanurkov,Володимир Танурков,high,Танурков Володимир Іванович,,,Молдова,MF,2000–2000,Сталь (Алчевськ)
w:1977-12-07:andjelkovich,Міодраг Анджелкович,high,Анджелковіч Міодраг,,,Сербія та Чорногорія,FW,2005–2005,Металург (Запоріжжя)
w:1977-12-10:datsenko,Сергій Даценко,auto,Даценко Сергій Анатолійович,,,Україна,MF,1996–1999,Динамо (Київ); Металург (Донецьк); Кривбас (Кривий Ріг)
w:1977-12-22:lalatovich,Ненад Лалатович,high,Лалатовіч Ненад,,,Сербія та Чорногорія,DF,2002–2004,Шахтар (Донецьк)
w:1977-12-26:davhulevets,Павло Довгулевець,check,Давгулевец Павел Аляксандравіч,,,Білорусь,DF,2005–2005,Кривбас (Кривий Ріг)
w:1977-12-29:cheliadzinski,Артем Челядинський,high,Челядзінський Арцьом Віктаравіч,,,Білорусь,DF,2003–2008,Металург (Запоріжжя)
w:1978-00-00:kazaniuk,Олександр Казанюк,high,,Казанюк Александр,,,DF,2011–2011,Олександрія
w:1978-00-00:markevich,Остап Маркевич,high,,Остап Маркевич,,Украина,FW,2021–2021,Маріуполь / Іллічівець
w:1978-01-02:suhomlinov,Владислав Сухомлинов,auto,Сухомлинов Владислав Валерійович,,,Україна,DF,1999–2004,Чорноморець (Одеса); Кривбас (Кривий Ріг); Металіст (Харків); Борисфен (Бориспіль)
w:1978-01-03:sobko,Сергій Собко,auto,Собко Сергій Григорович,,,Україна,MF,1996–1997,Зірка (Кропивницький)
w:1978-01-04:kazaniuk,Олександр Казанюк,auto,Казанюк Олександр Федорович,,,Україна,MF,2008–2008,Таврія (Сімферополь)
w:1978-01-09:ivanov,Олексій Іванов,auto,Іванов Олексій Володимирович,,,Україна,FW,2001–2009,Олександрія; Карпати (Львів); Арсенал (Київ); Таврія (Сімферополь)
w:1978-01-18:lukashuk,Володимир Лукашук,auto,Лукашук Володимир Павлович,,,Україна,MF,2001–2001,Кривбас (Кривий Ріг)
w:1978-01-22:demidiak,Василь Демидяк,auto,Демидяк Василь Ярославович,,,Україна,FW,1994–1996,Нива (Тернопіль); Нива (Вінниця); Чорноморець (Одеса); ЦСКА (Київ)
w:1978-01-25:venchak,Олег Венчак,auto,Венчак Олег Васильович,,,Україна,GK,1999–2000,Карпати (Львів)
w:1978-01-30:mirko,Мірко Селак,high,Селак Мірко,,,Хорватія,FW,2005–2006,Металург (Запоріжжя)
w:1978-02-01:svisch,Роман Свищ,auto,Свищ Роман Іванович,,,Україна,DF,1997–1998,Прикарпаття (Івано-Франківськ)
w:1978-02-04:aliutse,Маріан Аліуце,check,Аліуце Маріан,,,Румунія,MF,1999–2005,Шахтар (Донецьк); Металург (Донецьк)
w:1978-02-05:bunevchevich,Мирко Буньєвчевич,high,Буньєвчевич Мирко,,,Сербія,DF,2003–2007,Арсенал (Київ); Зоря (Луганськ)
w:1978-02-24:chetiani,Кахабер Чхетіані,high,Чхетіані Кахабер,,,Грузія,DF,2003–2004,Таврія (Сімферополь)
w:1978-02-26:lashuk,Євген Лашук,auto,Лашук Євген Віталійович,,,Україна,FW,1999–1999,Нива (Тернопіль)
w:1978-02-27:kaladze,Каха Каладзе,high,Каладзе Каха Карлович,,,Грузія,MF,1997–2000,Динамо (Київ)
w:1978-03-07:hrischenko,Олексій Грищенко,auto,Грищенко Олексій Володимирович,,,Україна,MF,1994–2003,Таврія (Сімферополь)
w:1978-03-07:hudzikevich,Станіслав Гудзікевич,auto,Гудзікевич Станіслав Олександрович,,,Україна,MF,2009–2009,Маріуполь / Іллічівець
w:1978-03-07:leonidov,Юрій Леонідов,auto,Леонідов Юрій Анатолійович,,,Україна,DF,1996–1996,Металург (Запоріжжя)
w:1978-03-21:horban,Андрій Горбань,auto,Горбань Андрій Павлович,,,Україна,MF,1996–2003,Зірка (Кропивницький)
w:1978-03-21:venhlinski,Олег Венглінський,auto,Венглінський Олег Миколайович,,,Україна,FW,1997–2008,Динамо (Київ); Дніпро (Дніпропетровськ); Чорноморець (Одеса)
w:1978-03-22:startsev,Вадим Старцев,auto,Старцев Вадим Володимирович,,,Україна,GK,2000–2006,Сталь (Алчевськ)
w:1978-03-24:erohin,Андрій Єрохін,auto,Єрохін Андрій Анатолійович,,,Україна,DF,1999–2002,Чорноморець (Одеса)
w:1978-03-24:sulimenko,Юрій Суліменко,auto,Суліменко Юрій Миколайович,,,Україна,FW,2002–2002,Ворскла (Полтава)
w:1978-03-30:pidvalni,Сергій Підвальний,auto,Підвальний Сергій Васильович,,,Україна,DF,1996–1996,Нива (Вінниця)
w:1978-03-31:nalepa,Мацей Налєпа,high,Мацей Налєпа,,,Польща,GK,2001–2008,Карпати (Львів); ФК Харків
w:1978-04-01:kariaka,Андрій Каряка,auto,Каряка Андрій Костянтинович,,,Україна,MF,1995–1999,Металург (Запоріжжя); ЦСКА (Київ)
w:1978-04-01:lisovi,Валерій Лісовий,auto,Лісовий Валерій Миколайович,,,Україна,MF,1996–1997,Кривбас (Кривий Ріг)
w:1978-04-09:pinchuk,Денис Пінчук,auto,Пінчук Денис Валерійович,,,Україна,FW,1997–1997,Кривбас (Кривий Ріг)
w:1978-04-12:kolodin,Дмитро Колодін,auto,Колодін Дмитро Вікторович,,,Україна,MF,1995–2000,Металург (Запоріжжя); Кривбас (Кривий Ріг)
w:1978-04-12:ribeiro,Флавіо,check,Рібейро Флавіо Діас,,,Бразилія,FW,2006–2006,Зоря (Луганськ)
w:1978-04-14:ershov,Сергій Єршов,high,Єршов Сергій Валерійович,,,Росія,MF,2002–2003,Металург (Запоріжжя)
w:1978-04-21:ribeiro,Рікардо Фернандес,high,Рібейро Фернандес Рікардо,Рибейру Фернандеш Рикарду,,Португалія,MF,2007–2011,Металург (Донецьк)
w:1978-04-26:mendosa,Андрес Мендоса,high,Мендоса Асеведо Андрес Аугусто,,,Перу,FW,2004–2007,Металург (Донецьк)
w:1978-04-27:katinsus,Валерій Катинсус,high,Катинсус Валерій,,,Молдова,DF,2002–2003,Чорноморець (Одеса)
w:1978-05-01:isak,Ісаак Окоронкво,high,Окоронкво Ісаак,,,Нігерія,DF,2000–2002,Шахтар (Донецьк)
w:1978-05-06:rikun,Олександр Рикун,auto,Рикун Олександр Валерійович,,,Україна,MF,1997–2010,Дніпро (Дніпропетровськ); Маріуполь / Іллічівець; Металіст (Харків); Ворскла (Полтава)
w:1978-05-10:kuratov,Олег Куратов,auto,Куратов Олег Костянтинович,,,Україна,MF,1998–1998,Таврія (Сімферополь)
w:1978-05-27:ian,Ян Золна,high,Ян Золна,,,Словаччина,GK,2001–2004,Металург (Запоріжжя); Волинь (Луцьк)
w:1978-05-31:malitski,Олександр Маліцький,auto,Маліцький Олександр Вікторович,,,Україна,MF,2005–2005,Говерла / Закарпаття (Ужгород)
w:1978-06-08:sokolenko,Андрій Соколенко,auto,Соколенко Андрій Євгенович,,,Україна,DF,1994–2008,Таврія (Сімферополь); Прикарпаття (Івано-Франківськ); Волинь (Луцьк); ФК Харків
w:1978-06-11:stepanov,Андрій Степанов,auto,Степанов Андрій Володимирович,,,Україна,FW,2003–2010,Таврія (Сімферополь); Волинь (Луцьк); Севастополь
w:1978-06-13:kripak,Яків Кріпак,auto,Кріпак Яків Вікторович,,,Україна,FW,1995–2002,Металург (Запоріжжя); ЦСКА (Київ); Металург (Донецьк); Шахтар (Донецьк)
w:1978-06-15:shopin,Ігор Шопін,auto,Шопін Ігор Вікторович,,,Україна,MF,1995–2009,Зоря (Луганськ); Металіст (Харків); ФК Харків; Говерла / Закарпаття (Ужгород)
w:1978-06-18:oleshko,Олексій Олешко,auto,Олешко Олексій Миколайович,,,Україна,MF,2002–2002,Оболонь (Київ)
w:1978-06-20:apian,Артур Апіян,auto,Апіян Артур Нептунович,,,Україна,FW,1995–1997,Прикарпаття (Івано-Франківськ)
w:1978-06-22:firsov,Вадим Фірсов,high,Фірсов Вадим Миколайович,,,Росія,MF,2003–2003,Зірка (Кропивницький)
w:1978-06-23:evsiukov,Олександр Євсюков,auto,Євсюков Олександр Сергійович,,,Україна,MF,1997–1999,Кривбас (Кривий Ріг)
w:1978-06-25:akinin,Костянтин Акінін,auto,Акінін Костянтин Юрійович,,,Україна,FW,1998–1998,Шахтар (Донецьк)
w:1978-06-25:pedchenko,Олег Педченко,auto,Педченко Олег Володимирович,,,Україна,FW,1996–1996,Кремінь (Кременчук)
w:1978-06-25:polischuk,Роман Поліщук,auto,Поліщук Роман Володимирович,,,Україна,DF,2002–2002,Чорноморець (Одеса)
w:1978-06-25:raspopov,Андрій Распопов,auto,Распопов Андрій Миколайович,,,Україна,DF,1998–2008,СК Миколаїв; Карпати (Львів); Арсенал (Київ)
w:1978-06-28:alahverdev,Ельдар Аллахвердієв,auto,Аллахвердієв Ельдар Гафарович,,,Україна,FW,1998–1998,СК Миколаїв
w:1978-07-01:amor,Амор Дербаль,high,Дербаль Амор,,,Туніс,DF,2006–2006,ФК Харків
w:1978-07-03:barishev,Віктор Баришев,high,Баришев Віктор,,,Молдова,MF,2005–2005,ФК Харків
w:1978-07-03:parubin,Євген Парубін,auto,Парубін Євген Володимирович,,,Україна,MF,2001–2001,Таврія (Сімферополь)
w:1978-07-10:osipov,Сергій Осіпов,high,Осіпов Сергій Олександрович,,,Росія,FW,2005–2006,Чорноморець (Одеса)
w:1978-07-17:braikovich,Горан Брайкович,high,Брайковіч Горан,,,Хорватія,MF,2003–2003,Арсенал (Київ)
w:1978-07-18:davitnidze,Георгій Давітнідзе,high,Давітнідзе Георгій,,,Грузія,MF,1998–1998,Нива (Тернопіль)
w:1978-07-18:martinenko,Андрій Мартиненко,auto,Мартиненко Андрій Анатолійович,,,Україна,MF,1999–2003,Зірка (Кропивницький); Олександрія
w:1978-07-24:belikov,Сергій Бєліков,auto,Бєліков Сергій Вікторович,,,Україна,FW,1998–1998,СК Миколаїв
w:1978-07-24:florin,Флорін Шоава,check,Шоава Флорін,Шоавэ Костин Флорин,,Румунія,DF,2009–2011,Арсенал (Київ)
w:1978-07-24:malimon,Іван Малімон,auto,Малімон Іван Іванович,,,Україна,FW,1994–2002,Темп (Шепетівка); Торпедо (Запоріжжя); ЦСКА (Київ); Металіст (Харків)
w:1978-07-28:krivobok,Ігор Кривобок,auto,Кривобок Ігор Федорович,,,Україна,FW,2001–2001,Кривбас (Кривий Ріг)
w:1978-07-30:poroshin,Андрій Порошин,auto,Порошин Андрій Михайлович,,,Україна,FW,1996–1998,Зірка (Кропивницький)
w:1978-08-01:nesteruk,Андрій Нестерук,auto,Нестерук Андрій Петрович,,,Україна,MF,1995–2005,Прикарпаття (Івано-Франківськ); Таврія (Сімферополь); Сталь (Алчевськ)
w:1978-08-02:esip,Богдан Єсип,auto,Єсип Богдан Борисович,,,Україна,FW,1998–2007,Зірка (Кропивницький); Карпати (Львів); Говерла / Закарпаття (Ужгород); Нафтовик-Укрнафта (Охтирка)
w:1978-08-02:havranchich,Горан Гавранчич,high,Гавранчіч Горан,,,Сербія та Чорногорія,DF,2000–2007,Динамо (Київ)
w:1978-08-05:berkeuan,Космін Беркеуан,high,Беркеуан Космін,,,Румунія,DF,2004–2005,Шахтар (Донецьк)
w:1978-08-05:kadar,Йосип Кадар,auto,Кадар Йосип Йосипович,,,Україна,MF,2001–2001,Арсенал (Київ)
w:1978-08-05:sokoliukorel,Андрій Соколюк-Орел,auto,Соколюк-Орел Андрій Леонідович,,,Україна,DF,2000–2000,Нива (Тернопіль)
w:1978-08-06:veretinski,Олег Веретинський,auto,Веретинський Олег Анатолійович,,,Україна,MF,1995–1996,Нива (Вінниця)
w:1978-08-10:kotov,Євген Котов,auto,Котов Євген Валентинович,,,Україна,DF,1998–2004,Шахтар (Донецьк); Металург (Донецьк); Сталь (Алчевськ); Кривбас (Кривий Ріг)
w:1978-08-15:pinenko,Олександр Піненко,auto,Піненко Олександр Сергійович,,,Україна,MF,1997–1999,Дніпро (Дніпропетровськ)
w:1978-08-18:kutsi,Павло Куций,auto,Куций Павло Павлович,,,Україна,DF,1999–2003,Таврія (Сімферополь)
w:1978-08-18:meliti,Соф'єн Мелліті,high,Мелліті Соф'єн,,,Туніс,MF,2004–2005,Ворскла (Полтава)
w:1978-08-19:hvozdenovich,Іван Гвозденович,high,Гвозденовіч Іван,,,Сербія,MF,2007–2007,Металург (Донецьк)
w:1978-08-19:nikitsenka,Сергій Нікітенко,check,Нікіценка Сяргєй Віктаравіч,,,Білорусь,MF,2003–2005,Кривбас (Кривий Ріг)
w:1978-08-20:smishko,Богдан Смішко,auto,Смішко Богдан Володимирович,,,Україна,DF,2002–2003,Чорноморець (Одеса); Зірка (Кропивницький)
w:1978-08-21:braila,Володимир Браіла,auto,Браіла Володимир Леонідович,,,Україна,MF,1996–2009,Нива (Вінниця); Маріуполь / Іллічівець; Таврія (Сімферополь); Ворскла (Полтава)
w:1978-08-22:balitski,Віталій Балицький,auto,Балицький Віталій Вікторович,,,Україна,DF,1997–2003,ЦСКА (Київ); Арсенал (Київ); Зірка (Кропивницький); Волинь (Луцьк)
w:1978-08-23:lahoida,Ігор Лагойда,auto,Лагойда Ігор Ярославович,,,Україна,MF,1999–1999,Зірка (Кропивницький)
w:1978-08-27:olinik,Віталій Олійник,auto,Олійник Віталій Юрійович,,,Україна,GK,1998–1998,Металург (Запоріжжя)
w:1978-08-28:horodov,Олексій Городов,auto,Городов Олексій Анатолійович,,,Україна,MF,1997–2009,ЦСКА (Київ); Прикарпаття (Івано-Франківськ); Олександрія; Маріуполь / Іллічівець
w:1978-08-30:homutovski,Василь Хомутовський,high,Хомутовський Василь Йосипович,,,Білорусь,GK,2002–2010,Металіст (Харків); Таврія (Сімферополь)
w:1978-08-30:ismailov,Фарух Ісмаїлов,high,Ісмаїлов Фарух Аладдін огли,,,Азербайджан,MF,2003–2003,Волинь (Луцьк)
w:1978-08-31:bohorodichenko,Сергій Богородіченко,auto,Богородіченко Сергій Анатолійович,,,Україна,MF,1996–1999,Нива (Тернопіль); Металург (Донецьк)
w:1978-09-02:tomovski,Александар Томовський,high,Томовський Александар Томаш,,,Болгарія,DF,2005–2005,Металург (Запоріжжя)
w:1978-09-03:starovik,Віталій Старовик,auto,Старовик Віталій Вікторович,,,Україна,DF,1995–2000,Зоря (Луганськ); Карпати (Львів)
w:1978-09-05:aleksandar,Александар Недович,high,Александар Недович,,,Сербія,MF,2004–2004,Волинь (Луцьк)
w:1978-09-05:ibanda,Патрік Ібанда,high,Ібанда Патрік Гійом,,,Камерун,MF,2001–2008,Ворскла (Полтава); Арсенал (Київ); Зоря (Луганськ); Кривбас (Кривий Ріг)
w:1978-09-08:mantas,Мантас Самусіовас,high,Самусіовас Мантас,,,Литва,DF,2009–2010,Маріуполь / Іллічівець
w:1978-09-10:kutarba,Герман Кутарба,high,Кутарба Герман Васильович,,,Росія,MF,2003–2007,Арсенал (Київ); Металург (Запоріжжя); Таврія (Сімферополь)
w:1978-09-13:besarab,Олександр Бессараб,auto,Бессараб Олександр Миколайович,,,Україна,FW,1994–2002,Нива (Вінниця); Ворскла (Полтава)
w:1978-09-14:ashkovich,Бранко Ашкович,high,Ашковіч Бранко,,,Сербія та Чорногорія,MF,2002–2002,Кривбас (Кривий Ріг)
w:1978-09-15:onischenko,Денис Онищенко,auto,Онищенко Денис Анатолійович,,,Україна,MF,1998–2006,Динамо (Київ); Дніпро (Дніпропетровськ); Ворскла (Полтава); Зоря (Луганськ)
w:1978-09-16:shevchenko,Олег Шевченко,auto,Шевченко Олег Вікторович,,,Україна,FW,1998–2006,Металіст (Харків); Зоря (Луганськ)
w:1978-09-18:andrius,Андрюс Гедгаудас,high,Гедгаудас Андрюс,,,Литва,MF,2001–2001,Металург (Донецьк)
w:1978-09-20:hodoi,Годой,check,Годой Алвеш Жуніор Луіс Антоніо,,,Бразилія,MF,2003–2010,Таврія (Сімферополь); Зоря (Луганськ); Металург (Запоріжжя)
w:1978-09-25:dobre,Лучіан Добре,high,Добре Лучіан Міхаіл,,,Румунія,DF,2007–2008,Таврія (Сімферополь)
w:1978-09-27:kozlov,Сергій Козлов,auto,Козлов Сергій Олександрович,,,Україна,FW,1998–1998,СК Миколаїв
w:1978-10-02:mjavanadze,Кахабер Мжаванадзе,high,Мжаванадзе Кахабер Нодарович,,,Грузія,DF,2005–2008,Чорноморець (Одеса)
w:1978-10-06:rozlach,Олександр Розлач,auto,Розлач Олександр Віталійович,,,Україна,FW,2001–2002,Олександрія
w:1978-10-09:novikov,Петро Новіков,auto,Новіков Петро Миколайович,,,Україна,MF,1998–1998,Прикарпаття (Івано-Франківськ)
w:1978-10-10:aniamke,Едвард Аньямке,high,Аньямке Едвард,,,Нігерія,FW,2001–2003,Карпати (Львів)
w:1978-10-21:iovanovich,Марко Йованович,high,Йовановіч Марко,,,Сербія,FW,2007–2007,Чорноморець (Одеса)
w:1978-10-25:cherniak,Сергій Черняк,auto,Черняк Сергій Володимирович,,,Україна,DF,1998–2003,Динамо (Київ); Ворскла (Полтава)
w:1978-10-25:shpak,Андрій Шпак,auto,Шпак Андрій Володимирович,,,Україна,FW,1996–2000,Нива (Тернопіль); Металург (Запоріжжя)
w:1978-10-27:daraselia,Віталій Дараселія,high,Дараселія Віталій Віталійович,,,Грузія,MF,1997–2000,ЦСКА (Київ)
w:1978-10-30:ovsenko,Володимир Овсієнко,auto,Овсієнко Володимир Володимирович,,,Україна,GK,2001–2005,Говерла / Закарпаття (Ужгород); Металіст (Харків)
w:1978-11-01:kornev,Андрій Корнєв,auto,Корнєв Андрій Володимирович,Корнев Андрей,,Україна,MF,2002–2011,Оболонь (Київ); Таврія (Сімферополь); Чорноморець (Одеса)
w:1978-11-02:kaidarashvili,Олександр Кайдарашвілі,high,Кайдарашвілі Олександр,,,Грузія,MF,1998–2000,Нива (Тернопіль); Кривбас (Кривий Ріг)
w:1978-11-03:dmitrev,Сергій Дмитрієв,auto,Дмитрієв Сергій Олександрович,,,Україна,DF,2000–2006,Металург (Донецьк); Кривбас (Кривий Ріг); Зоря (Луганськ)
w:1978-11-08:simonov,Олександр Симонов,auto,Симонов Олександр Вікторович,,,Україна,MF,1996–1999,Торпедо (Запоріжжя); Металіст (Харків)
w:1978-11-09:markovich,Слободан Маркович,high,Марковіч Слободан,Маркович Слободан,,Сербія,MF,2003–2011,Металург (Донецьк); Таврія (Сімферополь)
w:1978-11-09:miroshnichenko,Артем Мірошниченко,auto,Мірошниченко Артем Володимирович,,,Україна,MF,2009–2010,Оболонь (Київ)
w:1978-11-11:shevchuk,Юрій Шевчук,auto,Шевчук Юрій Васильович,,,Україна,MF,1996–2003,Кривбас (Кривий Ріг); Олександрія; Оболонь (Київ)
w:1978-11-12:shaib,Шаїб Туре,check,Шаїб Туре,,,Кот-д'Івуар,DF,2006–2006,Сталь (Алчевськ)
w:1978-11-14:melnichuk,Андрій Мельничук,auto,Мельничук Андрій Ярославович,,,Україна,GK,2007–2007,Нафтовик-Укрнафта (Охтирка)
w:1978-11-17:chomahidze,Шота Чомахідзе,high,Чомахідзе Шота,,,Грузія,MF,1999–2003,Нива (Тернопіль); Таврія (Сімферополь)
w:1978-11-20:lavrenti,Лавренті Мікадзе,high,Мікадзе Лавренті,,,Грузія,DF,2002–2003,Кривбас (Кривий Ріг)
w:1978-11-26:maschenko,Дмитро Мащенко,auto,Мащенко Дмитро Олександрович,,,Україна,FW,1995–1995,Зоря (Луганськ)
w:1978-11-30:kostiuk,Сергій Костюк,auto,Костюк Сергій Анатолійович,,,Україна,MF,1999–2001,Чорноморець (Одеса); Ворскла (Полтава)
w:1978-12-07:mitich,Саша Митич,high,Саша Митич,,,Сербія,FW,2003–2005,Волинь (Луцьк)
w:1978-12-13:melaschenko,Олександр Мелащенко,auto,Мелащенко Олександр Петрович,,,Україна,MF,1997–2009,Ворскла (Полтава); Динамо (Київ); Дніпро (Дніпропетровськ); Кривбас (Кривий Ріг)
w:1978-12-23:dotsenko,Валерій Доценко,auto,Доценко Валерій Анатолійович,,,Україна,DF,2004–2004,Ворскла (Полтава)
w:1978-12-25:papazov,Іван Папазов,auto,Папазов Іван Васильович,,,Україна,MF,1998–1998,Маріуполь / Іллічівець
w:1978-12-29:antonenko,Олександр Антоненко,auto,Антоненко Олександр Сергійович,,,Україна,FW,2003–2009,Маріуполь / Іллічівець; Оболонь (Київ)
w:1979-00-00:kovba,Денис Ковба,high,,Ковба Денис,,,MF,2011–2011,Олександрія
w:1979-00-00:kuznetsov,Сергій Кузнецов,high,,Сергей Кузнецов,,Беларусь,FW,2021–2021,Колос (Ковалівка)
w:1979-00-00:roberto,Роберто Де Дзербі,high,,Роберто Де Дзерби,,Италия,FW,2021–2021,Шахтар (Донецьк)
w:1979-00-00:salhi,Тауфік Салхі,check,,Салхи Таофик,,,MF,2011–2011,Олександрія
w:1979-01-01:kolesnik,Сергій Колесник,auto,Колесник Сергій Олександрович,,,Україна,MF,1998–2002,Маріуполь / Іллічівець
w:1979-01-01:sviderski,В'ячеслав Свідерський,fixed,Свідерський Вячеслав Михайлович,,,Україна,DF,2005–2009,Арсенал (Київ); Чорноморець (Одеса); Шахтар (Донецьк); Дніпро (Дніпропетровськ)
w:1979-01-02:lashankov,Євген Лошанков,check,Лашанков Явгеній Іванавіч,,,Білорусь,MF,2004–2006,Чорноморець (Одеса); ФК Харків
w:1979-01-03:de,Рожеріо,check,Де Олівейра Корреа Рожеріо,,,Бразилія,DF,2008–2008,Маріуполь / Іллічівець
w:1979-01-08:ostroushko,Володимир Остроушко,auto,Остроушко Володимир Миколайович,,,Україна,DF,2005–2005,Чорноморець (Одеса)
w:1979-01-08:pletikosa,Стіпе Плетікоса,high,Плетікоса Стіпе,,,Хорватія,GK,2003–2006,Шахтар (Донецьк)
w:1979-01-09:marhel,Юрій Мархель,high,Мархель Юрий Міхайлавіч,,,Білорусь,FW,2003–2003,Металург (Запоріжжя)
w:1979-01-10:alesandro,Алессандро,check,Алессандро Морі,,,Бразилія,DF,2003–2003,Динамо (Київ)
w:1979-01-11:popov,Василь Попов,auto,Попов Василь Юрійович,,,Україна,FW,2000–2000,Металіст (Харків); Кривбас (Кривий Ріг)
w:1979-01-12:andrius,Андрюс Йокшас,high,Йокшас Андрюс,,,Литва,MF,1999–2009,Кривбас (Кривий Ріг); Арсенал (Київ); Ворскла (Полтава); Таврія (Сімферополь)
w:1979-01-13:kerimov,Расім Керімов,high,Керімов Расім Рафікович,,,Туркменістан,MF,2002–2003,Ворскла (Полтава)
w:1979-01-16:vakar,Денис Вакар,auto,Вакар Денис Миколайович,,,Україна,FW,1998–1998,СК Миколаїв
w:1979-01-22:andrius,Андрюс Бразаускас,high,Бразаускас Андрюс,,,Литва,FW,2003–2003,Металург (Запоріжжя)
w:1979-01-25:semochko,Дмитро Семочко,auto,Семочко Дмитро Дмитрович,,,Україна,FW,1998–2010,Карпати (Львів); Дніпро (Дніпропетровськ); Металіст (Харків); Говерла / Закарпаття (Ужгород)
w:1979-01-28:branislav,Браніслав Круніч,high,Круніч Браніслав,,,Боснія і Герцеговина,MF,2004–2005,Волинь (Луцьк)
w:1979-01-29:antoniuk,Олександр Антонюк,auto,Антонюк Олександр Андрійович,,,Україна,DF,2000–2005,Нива (Тернопіль); Говерла / Закарпаття (Ужгород)
w:1979-01-30:brankovich,Сініша Бранкович,check,Бранковіч Сініша,,,Сербія,MF,2003–2004,Чорноморець (Одеса)
w:1979-01-30:evmenev,Роман Євменьєв,high,Євменьєв Роман Владіміровіч,,,Росія,MF,2003–2003,Зірка (Кропивницький)
w:1979-01-30:litovchenko,Сергій Літовченко,auto,Літовченко Сергій Вікторович,,,Україна,DF,2004–2009,Таврія (Сімферополь); Арсенал (Київ)
w:1979-02-03:babak,Олександр Бабак,auto,Бабак Олександр Михайлович,,,Україна,GK,2003–2006,Борисфен (Бориспіль); Сталь (Алчевськ)
w:1979-02-04:volovik,Руслан Воловик,auto,Воловик Руслан Володимирович,,,Україна,MF,1996–1996,Таврія (Сімферополь)
w:1979-02-10:tkachenko,Сергій Ткаченко,auto,Ткаченко Сергій Вікторович,,,Україна,FW,1997–2010,Чорноморець (Одеса); ЦСКА (Київ); Арсенал (Київ); Металург (Донецьк)
w:1979-02-15:babich,Олександр Бабич,auto,Бабич Олександр Олександрович,,,Україна,FW,1998–2009,Дніпро (Дніпропетровськ); Олександрія; Металіст (Харків); Чорноморець (Одеса)
w:1979-02-15:hritsenko,Артур Гриценко,auto,Гриценко Артур Володимирович,,,Україна,DF,2001–2001,Карпати (Львів)
w:1979-02-16:artemov,Віталій Артемов,auto,Артемов Віталій Павлович,,,Україна,DF,2003–2003,Зірка (Кропивницький)
w:1979-02-19:mitreski,Ігор Мітреський,high,Мітреський Ігор,,,Північна Македонія,DF,2005–2005,Металург (Запоріжжя)
w:1979-02-22:litovchak,Роман Литовчак,auto,Литовчак Роман Миколайович,,,Україна,MF,1996–2004,Нива (Тернопіль); Оболонь (Київ); Борисфен (Бориспіль)
w:1979-02-23:komlonok,Віктор Комльонок,high,Комльонок Віктор Миколайович,,,Молдова,MF,2009–2009,Оболонь (Київ)
w:1979-02-25:bodnar,Ласло Боднар,high,Боднар Ласло,,,Угорщина,DF,2000–2003,Динамо (Київ); Арсенал (Київ)
w:1979-02-28:holban,Александру Голбан,high,Голбан Александру Георге,,,Молдова,FW,2003–2006,Карпати (Львів)
w:1979-02-28:nesmachni,Андрій Несмачний,auto,Несмачний Андрій Миколайович,,,Україна,DF,1997–2010,Динамо (Київ)
w:1979-03-01:okunovo,Гбенга Окуново,high,Окуново Гбенга Самуель,,,Нігерія,DF,2005–2006,Металург (Донецьк); Сталь (Алчевськ)
w:1979-03-07:tlumak,Андрій Тлумак,auto,Тлумак Андрій Богданович,Тлумак Андрей,,Україна,GK,1999–2011,Карпати (Львів); Металург (Запоріжжя); Зоря (Луганськ); Металіст (Харків)
w:1979-03-09:belikov,Віталій Бєліков,auto,Бєліков Віталій Петрович,,,Україна,MF,1996–2002,Торпедо (Запоріжжя); Дніпро (Дніпропетровськ); Кривбас (Кривий Ріг)
w:1979-03-10:ramazanov,Мурад Рамазанов,high,Рамазанов Мурад Сергійович,,,Росія,MF,2004–2005,Кривбас (Кривий Ріг)
w:1979-03-11:pev,Георгі Пеєв,high,Пеєв Георгі Іванов,,,Болгарія,MF,2000–2005,Динамо (Київ); Дніпро (Дніпропетровськ)
w:1979-03-14:ramovich,Сід Рамовіч,high,Рамовіч Сід,,,Німеччина,GK,2010–2010,Металург (Запоріжжя)
w:1979-03-21:kudria,В'ячеслав Кудря,fixed,Кудря Вячеслав Миколайович,,,Україна,MF,2002–2002,Чорноморець (Одеса)
w:1979-03-22:kozlenko,Володимир Козленко,auto,Козленко Володимир Анатолійович,,,Україна,MF,1997–1998,Металург (Запоріжжя)
w:1979-03-22:strashnenko,Сергій Страшненко,auto,Страшненко Сергій Сергійович,,,Україна,GK,1997–1997,Металург (Запоріжжя)
w:1979-03-23:bianshim,Матеус,check,Біаншім Ансен Матеус,,,Бразилія,DF,2002–2002,Металург (Запоріжжя)
w:1979-03-23:jolt,Жолт Нодь,high,Нодь Жолт,,,Угорщина,MF,2002–2005,Олександрія; Говерла / Закарпаття (Ужгород); Чорноморець (Одеса)
w:1979-03-26:sokolovski,Денис Соколовський,auto,Соколовський Денис Михайлович,,,Україна,MF,1998–2004,Металург (Донецьк); Ворскла (Полтава); Оболонь (Київ); Зірка (Кропивницький)
w:1979-03-27:alunderis,Відас Алундеріс,high,Алундеріс Відас,,,Литва,MF,2001–2008,Металіст (Харків); Таврія (Сімферополь)
w:1979-03-30:timoschuk,Анатолій Тимощук,auto,Тимощук Анатолій Олександрович,,,Україна,MF,1995–2006,Волинь (Луцьк); Шахтар (Донецьк)
w:1979-04-04:kozir,Сергій Козир,auto,Козир Сергій Васильович,,,Україна,MF,1999–2004,Прикарпаття (Івано-Франківськ); Борисфен (Бориспіль); Чорноморець (Одеса); Оболонь (Київ)
w:1979-04-08:toledo,Родріго Толедо,check,Толєдо Родріго Апаресідо,,,Бразилія,FW,2002–2002,Металург (Запоріжжя)
w:1979-04-09:valutsa,Едуард Валуца,high,Валуца Едуард,,,Молдова,DF,2001–2007,Металург (Запоріжжя); Нафтовик-Укрнафта (Охтирка)
w:1979-04-14:alev,Самір Алієв,high,Алієв Самір Якуб огли,,,Азербайджан,FW,2002–2003,Волинь (Луцьк)
w:1979-04-16:ditkovski,Сергій Дітковський,auto,Дітковський Сергій Станіславович,,,Україна,DF,2000–2002,ЦСКА (Київ); Оболонь (Київ)
w:1979-04-18:tselih,Юрій Целих,auto,Целих Юрій Миколайович,,,Україна,MF,1999–2007,Динамо (Київ); Ворскла (Полтава); Говерла / Закарпаття (Ужгород); Оболонь (Київ)
w:1979-04-19:savinov,Олексій Савінов,high,Савінов Олексій,,,Молдова,MF,2001–2005,Металург (Запоріжжя); Волинь (Луцьк); Говерла / Закарпаття (Ужгород)
w:1979-04-21:kondratiuk,Петро Кондратюк,auto,Кондратюк Петро Петрович,,,Україна,FW,2000–2006,Ворскла (Полтава); Сталь (Алчевськ)
w:1979-04-25:shubin,Владислав Шубін,auto,Шубін Владислав Вікторович,,,Україна,MF,1999–1999,Зірка (Кропивницький)
w:1979-05-07:pavlenko,Микола Павленко,auto,Павленко Микола Миколайович,,,Україна,GK,2004–2004,Арсенал (Київ)
w:1979-05-10:maruschak,Мар'ян Марущак,auto,Марущак Мар'ян Осипович,,,Україна,GK,2001–2010,Говерла / Закарпаття (Ужгород); Оболонь (Київ); ФК Львів (2006–2012); Севастополь
w:1979-05-13:melo,Альваро Мельо,check,Мельо Сільвейра Альваро Алехандро,,,Уругвай,FW,2007–2009,Чорноморець (Одеса)
w:1979-05-13:oleksenko,Олександр Олексієнко,auto,Олексієнко Олександр Миколайович,,,Україна,FW,1997–2005,ЦСКА (Київ); Шахтар (Донецьк); Металург (Донецьк)
w:1979-05-18:bahniuk,Олексій Багнюк,auto,Багнюк Олексій Сергійович,,,Україна,MF,2002–2002,Чорноморець (Одеса)
w:1979-05-22:altman,Геннадій Альтман,auto,Альтман Геннадій Семенович,,,Україна,GK,2000–2006,Металург (Донецьк); Чорноморець (Одеса)
w:1979-05-28:sanjar,Роман Санжар,auto,Санжар Роман Миколайович,,,Україна,MF,2000–2002,Металург (Донецьк); Кривбас (Кривий Ріг)
w:1979-05-30:kutsenko,Андрій Куценко,auto,Куценко Андрій Сергійович,,,Україна,DF,2006–2007,ФК Харків; Нафтовик-Укрнафта (Охтирка)
w:1979-06-04:niaha,Адріан Няга,high,Няга Адріан Константін,,,Румунія,FW,2010–2010,Волинь (Луцьк)
w:1979-06-14:mozes,Мозес Молонго,high,Мозес Есінгіла Молонго,,,Камерун,FW,2002–2003,Ворскла (Полтава); Волинь (Луцьк)
w:1979-06-15:stoliarchuk,Олександр Столярчук,auto,Столярчук Олександр Михайлович,,,Україна,MF,2002–2002,Волинь (Луцьк)
w:1979-06-19:fenin,Віталій Фенін,auto,Фенін Віталій Олександрович,,,Україна,DF,1998–1999,Маріуполь / Іллічівець
w:1979-06-19:koteliuh,Олег Котелюх,auto,Котелюх Олег Дмитрович,,,Україна,DF,2003–2008,Борисфен (Бориспіль); Кривбас (Кривий Ріг); Нафтовик-Укрнафта (Охтирка)
w:1979-06-26:novak,Марцін Новак,high,Новак Марцін Даріуш,,,Польща,DF,2004–2004,Волинь (Луцьк)
w:1979-07-02:kovrijkin,Сергій Коврижкін,auto,Коврижкін Сергій Євгенович,,,Україна,MF,1994–1999,Таврія (Сімферополь); Чорноморець (Одеса)
w:1979-07-03:uchechukvu,Учечукву Увакве,high,Увакве Учечукву,,,Нігерія,FW,2000–2002,Таврія (Сімферополь)
w:1979-07-06:karitska,Володимир Коритько,high,Карицька Владзімір Міхайлавіч,,,Білорусь,MF,2005–2008,Металург (Запоріжжя); Чорноморець (Одеса); Металург (Донецьк)
w:1979-07-07:stolitsia,Ілія Століца,high,Століца Ілія,,,Сербія та Чорногорія,FW,2002–2004,Металург (Донецьк)
w:1979-07-11:kosilov,Сергій Косілов,high,Косілов Сергій Сергійович,,,Росія,MF,1998–2003,Дніпро (Дніпропетровськ); Олександрія; Таврія (Сімферополь)
w:1979-07-12:onisko,Павло Онисько,auto,Онисько Павло Степанович,,,Україна,FW,1998–2009,Карпати (Львів); Маріуполь / Іллічівець; Оболонь (Київ); Ворскла (Полтава)
w:1979-07-15:bilozor,Сергій Білозор,auto,Білозор Сергій Володимирович,,,Україна,DF,2000–2009,ЦСКА (Київ); Арсенал (Київ); Чорноморець (Одеса); Металург (Донецьк)
w:1979-07-19:vukich,Звонимир Вукич,high,Вукіч Звонімір,,,Сербія,MF,2003–2007,Шахтар (Донецьк)
w:1979-07-21:skoropad,Павло Скоропад,auto,Скоропад Павло Васильович,,,Україна,DF,1996–2004,Чорноморець (Одеса); ЦСКА (Київ); Ворскла (Полтава); Кривбас (Кривий Ріг)
w:1979-07-23:audrius,Аудрюс Вейкутіс,high,Вейкутіс Аудрюс,,,Литва,DF,2005–2007,Таврія (Сімферополь)
w:1979-07-28:kuzmichov,Володимир Кузьмічов,high,Кузьмічов Володимир Володимирович,,,Росія,FW,2000–2000,Динамо (Київ)
w:1979-08-01:djurichich,Саша Джурічич,high,Джурічіч Саша,Джуричич Саша,,Хорватія,DF,2005–2011,Ворскла (Полтава); Таврія (Сімферополь)
w:1979-08-03:hapon,Володимир Гапон,auto,Гапон Володимир Аркадійович,,,Україна,MF,1994–1999,Волинь (Луцьк); Чорноморець (Одеса)
w:1979-08-04:hasanzade,Джахангір Гасанзаде,high,Гасанзаде Джахангір Алі оглу,,,Азербайджан,GK,2002–2003,Волинь (Луцьк); Таврія (Сімферополь)
w:1979-08-04:horan,Горан Саблич,high,Сабліч Горан,,,Хорватія,DF,2002–2008,Динамо (Київ)
w:1979-08-07:homutov,Денис Хомутов,auto,Хомутов Денис Олександрович,,,Україна,MF,2001–2003,Олександрія; Зірка (Кропивницький)
w:1979-08-08:hrol,Геннадій Хроль,auto,Хроль Геннадій Юрійович,,,Україна,MF,1999–2004,Чорноморець (Одеса); Карпати (Львів); Ворскла (Полтава)
w:1979-08-08:iurevich,Олександр Юревич,check,Юрєвіч Аляксандр Владзіміравіч,,,Білорусь,DF,2007–2007,Карпати (Львів)
w:1979-08-08:lomaia,Георгі Ломая,check,Ломая Георгі,,,Грузія,GK,2007–2007,Карпати (Львів)
w:1979-08-09:danchenko,Юрій Данченко,auto,Данченко Юрій Володимирович,,,Україна,FW,1998–2004,Шахтар (Донецьк); Металург (Донецьк); Сталь (Алчевськ); Олександрія
w:1979-08-09:hunchak,Руслан Гунчак,auto,Гунчак Руслан Іванович,,,Україна,MF,2002–2008,Маріуполь / Іллічівець; Металіст (Харків); ФК Харків
w:1979-08-13:bledi,Бледі Шкембі,high,Шкембі Бледі,,,Албанія,MF,2004–2006,Металург (Запоріжжя); Кривбас (Кривий Ріг)
w:1979-08-13:melikian,Єгіше Мелікян,high,Мелікян Єгіше Мєлікович,,,Вірменія,MF,2002–2009,Металург (Донецьк); Сталь (Алчевськ); Зоря (Луганськ)
w:1979-08-15:akobian,Арам Акобян,high,Акобян Арам,,,Вірменія,FW,2006–2006,Маріуполь / Іллічівець
w:1979-08-18:molokutsko,Степан Молокуцько,auto,Молокуцько Степан Костянтинович,,,Україна,FW,1997–2002,Маріуполь / Іллічівець
w:1979-08-21:salhi,Тауфік Салі,high,Салі Тауфік,,,Туніс,MF,2006–2010,Зоря (Луганськ); Севастополь
w:1979-08-24:aimen,Аймен Бушюа,check,Бушюа Аймен,,,Туніс,FW,2006–2006,Зоря (Луганськ)
w:1979-08-24:volkarachevski,Денис Волк-Карачевський,auto,Волк-Карачевський Денис Сергійович,,,Україна,DF,1997–1998,Таврія (Сімферополь)
w:1979-08-25:postolatev,Володимир Постолатьєв,auto,Постолатьєв Володимир Володимирович,,,Україна,FW,2003–2005,Зірка (Кропивницький); Таврія (Сімферополь)
w:1979-08-31:iarosh,Руслан Ярош,auto,Ярош Руслан Леонідович,,,Україна,FW,2001–2007,Олександрія; Говерла / Закарпаття (Ужгород); Металіст (Харків); Маріуполь / Іллічівець
w:1979-09-01:danaev,Андрій Данаєв,auto,Данаєв Андрій Валерійович,,,Україна,MF,2005–2005,Сталь (Алчевськ)
w:1979-09-01:shashiashvili,Георгій Шашіашвілі,high,Шашіашвілі Георгій,,,Грузія,DF,2006–2006,Чорноморець (Одеса)
w:1979-09-06:djudovich,Міодраг Джудович,high,Джудовіч Міодраг,,,Сербія,DF,2003–2005,Волинь (Луцьк)
w:1979-09-06:kovba,Денис Ковба,high,Ковба Денис Юрійович,,,Росія,MF,1998–1999,Зірка (Кропивницький)
w:1979-09-12:rijih,Сергій Рижих,auto,Рижих Сергій Володимирович,,,Україна,FW,1998–2009,Металіст (Харків); Говерла / Закарпаття (Ужгород)
w:1979-09-12:vasin,Денис Васін,auto,Васін Денис Юрійович,,,Україна,MF,1998–2003,СК Миколаїв; Таврія (Сімферополь)
w:1979-09-14:kozoriz,Іван Козоріз,auto,Козоріз Іван Миколайович,,,Україна,MF,2004–2010,Таврія (Сімферополь); Говерла / Закарпаття (Ужгород); ФК Харків; Маріуполь / Іллічівець
w:1979-09-23:huseinov,Ельшад Гусейнов,high,Гусейнов Ельшад Ельяр огли,,,Україна,MF,1996–1996,Прикарпаття (Івано-Франківськ)
w:1979-10-03:paholiuk,Роман Пахолюк,auto,Пахолюк Роман Васильович,,,Україна,FW,1997–2003,ЦСКА (Київ); Арсенал (Київ); Чорноморець (Одеса)
w:1979-10-04:polovkov,Олександр Половков,auto,Половков Олександр Іванович,,,Україна,DF,2005–2009,Сталь (Алчевськ); Зоря (Луганськ)
w:1979-10-06:slabishev,Юрій Слабишев,auto,Слабишев Юрій Олександрович,,,Україна,FW,1996–2004,Торпедо (Запоріжжя); Дніпро (Дніпропетровськ); Кривбас (Кривий Ріг); Борисфен (Бориспіль)
w:1979-10-11:brovchenko,Віктор Бровченко,auto,Бровченко Віктор Валерійович,,,Україна,MF,1993–2003,Нива (Вінниця); Карпати (Львів)
w:1979-10-15:maris,Маріс Верпаковськіс,high,Верпаковськийс Маріс,,,Латвія,FW,2003–2006,Динамо (Київ)
w:1979-10-19:chernov,Андрій Чернов,auto,Чернов Андрій Анатолійович,,,Україна,MF,1999–2004,Чорноморець (Одеса); Карпати (Львів); Арсенал (Київ)
w:1979-10-20:baranov,Василь Баранов,auto,Баранов Василь Анатолійович,,,Україна,MF,1995–1995,Зоря (Луганськ)
w:1979-10-21:miklashevich,Руслан Міклашевич,auto,Міклашевич Руслан Сергійович,,,Україна,DF,2001–2003,Маріуполь / Іллічівець
w:1979-10-24:morozov,Андрій Морозов,high,Морозов Андрій Петрович,,,Білорусь,MF,2003–2004,Кривбас (Кривий Ріг)
w:1979-10-27:drahan,Драган Перішич,high,Перішіч Драган,,,Сербія,DF,2006–2008,Металург (Запоріжжя)
w:1979-11-01:monteiro,Марсело,check,Монтейро да Сільва Марсело Франціско,,,Бразилія,FW,2004–2004,Металіст (Харків)
w:1979-11-01:savchuk,Владислав Савчук,auto,Савчук Владислав Валерійович,,,Україна,DF,2004–2004,Металіст (Харків)
w:1979-11-03:kuzniatsov,Сергій Кузнецов,high,Кузнецов Сергій В'ячеславович,,,Білорусь,MF,2004–2008,Металіст (Харків); Таврія (Сімферополь); Арсенал (Київ)
w:1979-11-05:oleksenko,Іван Олексієнко,auto,Олексієнко Іван Іванович,,,Україна,DF,1999–2000,Металург (Запоріжжя)
w:1979-11-10:stalev,Станімір Сталєв,high,Сталєв Станімір Міхайлов,,,Болгарія,DF,2000–2000,Нива (Тернопіль)
w:1979-11-11:dombrae,Едді Домбрайе,check,Домбрайе Едді Лорд,,,Нігерія,MF,2003–2007,Волинь (Луцьк); Говерла / Закарпаття (Ужгород)
w:1979-11-14:arman,Артавазд Карамян,high,Карамян Артавазд,,,Вірменія,MF,2003–2003,Арсенал (Київ)
w:1979-11-15:pereira,Евертон,check,Перейра Евертон Антоніо,,,Бразилія,DF,2003–2004,Таврія (Сімферополь)
w:1979-11-23:suslov,Кирило Суслов,auto,Суслов Кирило Анатолійович,,,Україна,GK,2003–2003,Маріуполь / Іллічівець
w:1979-11-27:malihin,Олександр Малигін,high,Малигін Олександр Володимирович,,,Росія,MF,1995–2009,Зоря (Луганськ); Маріуполь / Іллічівець; Говерла / Закарпаття (Ужгород)
w:1979-12-13:iuritsa,Юріца Пул'їз,check,Пул'їз Юріца,,,Хорватія,DF,2007–2007,Зоря (Луганськ)
w:1979-12-23:shakun,Сергій Шакун,auto,Шакун Сергій Олександрович,,,Україна,MF,1995–1995,Зоря (Луганськ)
w:1979-12-23:verhun,Роман Вергун,auto,Вергун Роман Богданович,,,Україна,MF,2001–2001,Кривбас (Кривий Ріг)
w:1979-12-24:rachiba,Олексій Рачиба,auto,Рачиба Олексій Іванович,,,Україна,MF,1997–1999,Дніпро (Дніпропетровськ)
w:1980-00-00:batista,Вільям Батіста,check,,Батиста Вильям Роша,,,FW,2011–2011,Карпати (Львів); Оболонь (Київ)
w:1980-00-00:laserda,Едмар,high,,Ласерда Апаресида Эдмар де,,,MF,2011–2011,Металіст (Харків)
w:1980-00-00:matiuhin,Сергій Матюхін,high,,Матюхин Сергей,,,DF,2011–2011,Олександрія
w:1980-00-00:smirnov,Дмитро Смирнов,high,,Смирнов Дмитрий,,,MF,2011–2011,Волинь (Луцьк)
w:1980-01-03:irmartas,Ірмартас Зельмікас,high,Зельмікас Ірмартас,,,Литва,DF,2006–2007,Таврія (Сімферополь)
w:1980-01-05:voinarovski,Роман Войнаровський,auto,Войнаровський Роман Васильович,,,Україна,MF,1997–2010,Таврія (Сімферополь); Сталь (Алчевськ); Севастополь
w:1980-01-07:biletski,Максим Білецький,auto,Білецький Максим Андрійович,,,Україна,MF,2007–2009,Чорноморець (Одеса)
w:1980-01-12:borovski,Дмитро Боровський,auto,Боровський Дмитро Леонідович,,,Україна,MF,1998–1998,СК Миколаїв
w:1980-01-14:klabukov,Дмитро Клабуков,high,Клабуков Дмитро Васильович,,,Росія,DF,2001–2001,Металіст (Харків)
w:1980-01-15:akopian,Армен Акопян,auto,Акопян Армен Антонович,,,Україна,FW,1996–2006,Металург (Запоріжжя); Металург (Донецьк); Кривбас (Кривий Ріг)
w:1980-01-17:monarov,Роман Монарьов,auto,Монарьов Роман Геннадійович,,,Україна,MF,1996–2003,Зірка (Кропивницький); Кривбас (Кривий Ріг); ЦСКА (Київ); Арсенал (Київ)
w:1980-01-20:pravkin,Сергій Правкін,auto,Правкін Сергій Миколайович,,,Україна,GK,1999–2000,Кривбас (Кривий Ріг)
w:1980-01-21:bratislav,Братислав Рістич,high,Рістіч Братіслав,,,Сербія,MF,2003–2007,Металург (Донецьк)
w:1980-01-30:hlushok,Олег Глушок,auto,Глушок Олег Анатолійович,,,Україна,DF,2005–2005,Металіст (Харків)
w:1980-02-07:jitski,Данило Жицький,auto,Жицький Данило Анатолійович,,,Україна,FW,1999–1999,Чорноморець (Одеса)
w:1980-02-14:boaventura,Вільям Боавентура,check,Боавентура Вільям Клейт,,,Бразилія,DF,2008–2009,Металург (Донецьк)
w:1980-02-14:vaskontselos,Фабіо,check,Васконцелос Фабіо Дуарте,,,Бразилія,MF,2002–2003,Металург (Запоріжжя)
w:1980-02-21:mikula,Євген Микула,auto,Микула Євген Іванович,,,Україна,DF,1997–1999,Дніпро (Дніпропетровськ)
w:1980-02-25:honchar,Олександр Гончар,auto,Гончар Олександр Борисович,,,Україна,MF,1999–2006,Прикарпаття (Івано-Франківськ); Ворскла (Полтава); Борисфен (Бориспіль); Металіст (Харків)
w:1980-02-26:olefir,Володимир Олефір,auto,Олефір Володимир Андрійович,,,Україна,DF,2004–2009,Ворскла (Полтава); Кривбас (Кривий Ріг); Маріуполь / Іллічівець; Нафтовик-Укрнафта (Охтирка)
w:1980-03-09:aristarhov,Максим Арістархов,high,Арістархов Максим Юрійович,,,Росія,FW,2003–2006,Арсенал (Київ); Металург (Запоріжжя); Зоря (Луганськ)
w:1980-03-21:koziuberda,Сергій Козюберда,auto,Козюберда Сергій Сергійович,,,Україна,MF,2008–2008,ФК Харків
w:1980-03-21:matiuhin,Сергій Матюхін,auto,Матюхін Сергій Володимирович,,,Україна,DF,1997–2010,Дніпро (Дніпропетровськ); Кривбас (Кривий Ріг); Арсенал (Київ)
w:1980-03-22:zub,Сергій Зуб,auto,Зуб Сергій Леонідович,,,Україна,MF,2001–2001,Ворскла (Полтава)
w:1980-03-23:rojon,Віталій Розгон,auto,Розгон Віталій Вікторович,,,Україна,DF,2000–2008,Нива (Тернопіль); Волинь (Луцьк); Арсенал (Київ); Таврія (Сімферополь)
w:1980-03-24:laschenkov,Сергій Лащенков,high,Лащенков Сергій Миколайович,,,Молдова,DF,2004–2007,Металіст (Харків); Маріуполь / Іллічівець; Карпати (Львів)
w:1980-03-27:djinovich,Ігор Джінович,high,Джіновіч Ігор,,,Сербія,DF,2003–2004,Ворскла (Полтава); Кривбас (Кривий Ріг)
w:1980-03-30:butenko,Роман Бутенко,auto,Бутенко Роман Анатолійович,,,Україна,FW,2008–2008,Металіст (Харків)
w:1980-04-06:petrunia,Максим Петруня,auto,Петруня Максим Михайлович,,,Україна,MF,1999–2003,Зірка (Кропивницький)
w:1980-04-08:hanitski,Даніїл Ганицький,auto,Ганицький Даніїл Ігорович,,,Україна,MF,1999–1999,Маріуполь / Іллічівець
w:1980-04-09:erko,Єрко Леко,high,Леко Єрко,,,Хорватія,MF,2002–2005,Динамо (Київ)
w:1980-04-10:tarasenko,Віталій Тарасенко,auto,Тарасенко Віталій Юрійович,,,Україна,MF,1999–2000,Дніпро (Дніпропетровськ)
w:1980-04-11:taran,Євген Таран,auto,Таран Євген Миколайович,,,Україна,DF,1999–2002,Маріуполь / Іллічівець
w:1980-04-12:andrenko,Денис Андрієнко,auto,Андрієнко Денис Андрійович,,,Україна,DF,1997–2010,Таврія (Сімферополь); Металург (Донецьк); Олександрія; Кривбас (Кривий Ріг)
w:1980-04-13:fedorchenko,Артем Федорченко,auto,Федорченко Артем Володимирович,,,Україна,DF,2000–2000,Сталь (Алчевськ)
w:1980-04-15:esin,Дмитро Єсін,auto,Єсін Дмитро Олександрович,Есин Дмитрий,,Україна,MF,2001–2011,Маріуполь / Іллічівець; Ворскла (Полтава)
w:1980-04-18:dioho,Діого Рінкон,high,Діого Рінкон,,,Бразилія,MF,2002–2002,Динамо (Київ)
w:1980-04-18:pacheko,Діого Рінкон,high,Пачеко да Фонтура Діого Аугусто,,,Бразилія,MF,2003–2007,Динамо (Київ)
w:1980-04-19:harmash,Денис Гармаш,auto,Гармаш Денис Вікторович,,,Україна,MF,2009–2010,Динамо (Київ)
w:1980-05-04:kolesnichenko,Владімірс Колесніченко,high,Колесніченко Владімірс,,,Латвія,MF,2009–2009,Чорноморець (Одеса)
w:1980-05-10:chernat,Флорін Чернат,high,Чернат Флорін Лучіан,,,Румунія,MF,2000–2008,Динамо (Київ)
w:1980-05-15:sharaba,Здравко Шараба,high,Здравко Шараба,,,Боснія і Герцеговина,DF,2004–2005,Волинь (Луцьк)
w:1980-05-16:melnik,Вадим Мельник,auto,Мельник Вадим Васильович,,,Україна,FW,2003–2010,Борисфен (Бориспіль); Металург (Донецьк); Таврія (Сімферополь); Маріуполь / Іллічівець
w:1980-05-23:korol,Костянтин Король,auto,Король Костянтин Миколайович,,,Україна,FW,1998–2003,Таврія (Сімферополь)
w:1980-05-24:ivitsa,Івіца Жулєвич,high,Жулєвіч Івіца,,,Хорватія,MF,2005–2005,Металург (Донецьк)
w:1980-05-28:soproniuk,Іван Сопронюк,auto,Сопронюк Іван Анатолійович,,,Україна,DF,1999–1999,Нива (Тернопіль)
w:1980-05-29:sinenko,Володимир Синенко,auto,Синенко Володимир Вікторович,,,Україна,FW,1997–1997,Дніпро (Дніпропетровськ)
w:1980-06-10:franselino,Матузалем,high,Франселіно да Сільва Матузалем,,,Бразилія,MF,2004–2006,Шахтар (Донецьк)
w:1980-06-15:milan,Мілан Загорац,high,Загорац Мілан,,,Сербія,DF,2004–2004,Кривбас (Кривий Ріг)
w:1980-06-16:de,Едмар,high,Де Ласерда Апаресіда Едмар,,,Бразилія,MF,2002–2010,Таврія (Сімферополь); Металіст (Харків)
w:1980-06-16:lemos,Брандао,high,Лемос да Сільва Еваеверсон,,,Бразилія,FW,2002–2008,Шахтар (Донецьк)
w:1980-06-27:dato,Дато Квірквелія,high,Квірквелія Дато,,,Грузія,DF,2005–2007,Металург (Запоріжжя)
w:1980-06-28:novikov,Євгені Новіков,high,Новіков Євгені,,,Естонія,FW,2003–2003,Зірка (Кропивницький)
w:1980-07-06:shvidakov,Микола Швидаков,high,Швидаков Микола Олександрович,,,Білорусь,MF,2001–2002,Металіст (Харків)
w:1980-07-09:storojev,Сергій Сторожев,auto,Сторожев Сергій Леонідович,,,Україна,MF,1998–2000,Кривбас (Кривий Ріг)
w:1980-07-11:ikedia,Піус Ікедія,high,Ікедія Піус Нельсон,,,Нігерія,FW,2007–2007,Металург (Донецьк)
w:1980-07-11:ivanov,Валентін Іванов,check,Іванов Валентін Ілієв,,,Болгарія,DF,2001–2003,Металург (Запоріжжя)
w:1980-07-16:dmitruk,Олександр Дмитрук,auto,Дмитрук Олександр Миколайович,,,Україна,MF,2003–2004,Борисфен (Бориспіль)
w:1980-07-22:dushan,Душан Сімич,high,Сіміч Душан,,,Югославія,MF,2001–2002,Карпати (Львів)
w:1980-07-27:ratski,Володимир Рацький,auto,Рацький Володимир Богданович,,,Україна,MF,2000–2000,Карпати (Львів)
w:1980-07-27:rosha,Батіста,check,Роша Батіста Вільям,,,Бразилія,FW,2006–2010,Карпати (Львів); ФК Харків
w:1980-07-27:shahoika,Олександр Шагойка,high,Шагойка Олександр Олександрович,,,Білорусь,DF,2007–2008,Кривбас (Кривий Ріг)
w:1980-08-06:onikenko,Андрій Оникієнко,auto,Оникієнко Андрій Анатолійович,,,Україна,GK,2003–2005,Борисфен (Бориспіль); Металіст (Харків); ФК Харків
w:1980-08-08:bilikbashi,Доріан Биликбаші,check,Биликбаші Доріан,,,Албанія,MF,2006–2009,Кривбас (Кривий Ріг)
w:1980-08-08:lakomski,Володимир Лакомський,auto,Лакомський Володимир Володимирович,,,Україна,DF,2000–2000,Карпати (Львів)
w:1980-08-08:omelianchuk,Сергій Омельянчук,high,Омельянчук Сергій Петрович,,,Білорусь,DF,2002–2004,Арсенал (Київ)
w:1980-08-11:bermudes,Дмитро Бермудес,auto,Бермудес Дмитро Валерійович,,,Україна,MF,2001–2002,Металіст (Харків)
w:1980-08-11:melnik,Віктор Мельник,auto,Мельник Віктор Володимирович,,,Україна,MF,2000–2010,Металург (Запоріжжя); Оболонь (Київ); Металіст (Харків); Кривбас (Кривий Ріг)
w:1980-08-12:sanin,Анатолій Санін,auto,Санін Анатолій Анатолійович,,,Україна,MF,2002–2002,Металіст (Харків)
w:1980-08-14:aphazava,Шалва Апхазава,high,Апхазава Шалва,,,Грузія,FW,2002–2003,Арсенал (Київ)
w:1980-08-14:orlov,Владислав Орлов,auto,Орлов Владислав Михайлович,,,Україна,MF,1997–1997,Чорноморець (Одеса)
w:1980-08-16:ioksimovich,Ігор Йоксімович,high,Йоксімовіч Ігор,,,Сербія та Чорногорія,MF,2005–2005,Говерла / Закарпаття (Ужгород)
w:1980-08-16:stejkovi,Василь Стежковий,auto,Стежковий Василь Вікторович,,,Україна,DF,1999–2002,Чорноморець (Одеса)
w:1980-08-19:stoian,Максим Стоян,auto,Стоян Максим Анатолійович,,,Україна,DF,2002–2004,Арсенал (Київ); Борисфен (Бориспіль); Чорноморець (Одеса); Оболонь (Київ)
w:1980-08-20:djakobia,Лаша Джакобія,high,Джакобія Лаша,,,Грузія,FW,2004–2009,Металіст (Харків); Арсенал (Київ)
w:1980-08-24:zapoiaska,В'ячеслав Запояска,fixed,Запояска Вячеслав Олексійович,,,Україна,MF,1998–2001,Металіст (Харків)
w:1980-08-27:da,Родріго,high,Да Коста Родріго Балдассо,,,Бразилія,DF,2004–2007,Динамо (Київ)
w:1980-08-31:horodchanin,Віталій Городчанін,auto,Городчанін Віталій Анатолійович,,,Україна,MF,2000–2000,Ворскла (Полтава)
w:1980-09-09:hrishin,Віталій Гришин,high,Гришин Віталій Миколайович,,,Росія,MF,2003–2003,Ворскла (Полтава)
w:1980-09-10:danilav,Олександр Данилов,high,Данилов Олександр Анатолійович,,,Білорусь,MF,2004–2010,Металіст (Харків); Металург (Донецьк); Арсенал (Київ)
w:1980-09-10:konovalenko,Євгеній Коноваленко,auto,Коноваленко Євгеній Леонідович,,,Україна,MF,2003–2003,Металург (Запоріжжя)
w:1980-09-19:iaskov,Юрій Яськов,auto,Яськов Юрій Володимирович,,,Україна,FW,1998–1998,Кривбас (Кривий Ріг)
w:1980-09-20:pisni,Андрій Пісний,auto,Пісний Андрій Миколайович,,,Україна,FW,1998–2007,Дніпро (Дніпропетровськ); Волинь (Луцьк); Нафтовик-Укрнафта (Охтирка); Говерла / Закарпаття (Ужгород)
w:1980-09-23:hrubelich,Марсіо Глад,high,Глад Марсіо,,,Сербія,DF,2005–2007,Металург (Донецьк); Сталь (Алчевськ)
w:1980-09-23:shaida,Сергій Шайда,auto,Шайда Сергій Семенович,,,Україна,MF,2000–2000,Нива (Тернопіль)
w:1980-09-27:bechiri,Елвін Бечірі,high,Бечірі Елвін,,,Албанія,DF,2003–2006,Металург (Донецьк)
w:1980-10-02:de,Філіпе Тейшейра,high,Де Андраде Тейшейра Філіпе,,,Португалія,MF,2010–2010,Металург (Донецьк)
w:1980-10-02:hrihol,Грігол Імедадзе,high,Імедадзе Грігол,,,Грузія,FW,2003–2003,Таврія (Сімферополь)
w:1980-10-05:kashevski,Микола Кашевський,high,Кашевський Микола Миколайович,,,Білорусь,MF,2003–2010,Металург (Запоріжжя); Кривбас (Кривий Ріг); Маріуполь / Іллічівець; Таврія (Сімферополь)
w:1980-10-06:nudni,Сергій Нудний,auto,Нудний Сергій Вікторович,,,Україна,MF,2008–2010,Чорноморець (Одеса); Севастополь
w:1980-10-08:ndjoku,Даніель Нджоку,high,Нджоку Даніель Чайджоке,,,Нігерія,MF,1997–1998,Ворскла (Полтава)
w:1980-10-15:hidi,Іслі Хіді,high,Хіді Іслі,,,Албанія,GK,2007–2009,Кривбас (Кривий Ріг)
w:1980-10-18:dos,Жоземар,high,Дос Сантос Сільва Жоземар,,,Бразилія,FW,2006–2009,Сталь (Алчевськ); Арсенал (Київ)
w:1980-10-21:teliatnikov,Олексій Телятников,auto,Телятников Олексій Леонідович,,,Україна,FW,1996–2003,Торпедо (Запоріжжя); Дніпро (Дніпропетровськ); СК Миколаїв; Кривбас (Кривий Ріг)
w:1980-10-26:burduli,Владімер Бурдулі,high,Бурдулі Владімер,,,Грузія,MF,2006–2009,Кривбас (Кривий Ріг); Зоря (Луганськ); Таврія (Сімферополь); Говерла / Закарпаття (Ужгород)
w:1980-10-27:linov,Євген Ліньов,high,Ліньов Явгеній Владзіміравіч,,,Білорусь,MF,2003–2007,Металург (Запоріжжя); Таврія (Сімферополь)
w:1980-10-31:pokatilov,Євген Покатилов,auto,Покатилов Євген Георгійович,,,Україна,DF,1998–1998,Металург (Донецьк)
w:1980-11-02:panforov,Андрій Панфьоров,high,Панфьоров Андрій Вікторович,,,Росія,MF,2005–2005,Кривбас (Кривий Ріг)
w:1980-11-04:akobian,Ара Акобян,high,Акобян Ара,,,Вірменія,MF,2000–2006,Сталь (Алчевськ); Металург (Донецьк); Маріуполь / Іллічівець
w:1980-11-04:vaskez,Родріго Васкес,check,Васкез Майдана Родріго Себастьян,,,Уругвай,MF,2007–2009,Чорноморець (Одеса)
w:1980-11-10:lutsenko,Євген Луценко,auto,Луценко Євген Валентинович,,,Україна,MF,2004–2010,Чорноморець (Одеса); Зоря (Луганськ); Таврія (Сімферополь)
w:1980-11-11:berbat,Сергій Бербат,auto,Бербат Сергій Костянтинович,,,Україна,FW,1999–2004,Дніпро (Дніпропетровськ); Ворскла (Полтава)
w:1980-11-15:zaichuk,Владислав Зайчук,auto,Зайчук Владислав Леонідович,,,Україна,MF,2005–2007,ФК Харків; Нафтовик-Укрнафта (Охтирка)
w:1980-11-18:artomov,Сергій Артьомов,auto,Артьомов Сергій Вікторович,,,Україна,MF,2005–2005,Сталь (Алчевськ)
w:1980-11-18:mazurenko,Олександр Мазуренко,auto,Мазуренко Олександр Олександрович,,,Україна,MF,2001–2001,Маріуполь / Іллічівець
w:1980-11-24:ronald,Рональд Шіклич,high,Шікліч Рональд,,,Хорватія,MF,2006–2006,Кривбас (Кривий Ріг)
w:1980-11-25:ivaschenko,Валерій Іващенко,auto,Іващенко Валерій Володимирович,Иващенко Валерий,,Україна,MF,1998–2011,Металург (Запоріжжя); Оболонь (Київ)
w:1980-12-09:tomislav,Томислав Вишевич,high,Вишевич Томислав,,,Боснія і Герцеговина,DF,2002–2003,Металург (Запоріжжя)
w:1980-12-10:ivanov,Сергій Іванов,auto,Іванов Сергій Володимирович,,,Україна,MF,1998–1998,Металург (Запоріжжя)
w:1980-12-11:zaets,Віталій Заєць,auto,Заєць Віталій Васильович,,,Україна,MF,1999–1999,Металіст (Харків)
w:1980-12-14:martiniuk,Віталій Мартинюк,auto,Мартинюк Віталій Вікторович,,,Україна,FW,1997–1997,Чорноморець (Одеса)
w:1980-12-15:kovtunov,Євген Ковтунов,auto,Ковтунов Євген Геннадійович,,,Україна,DF,2001–2002,Маріуполь / Іллічівець
w:1980-12-29:korea,Корреа,high,Корреа Карлос Родріго,Корреа Карлос Родригес,,Бразилія,MF,2006–2011,Динамо (Київ)
w:1981-00-00:badr,Бадр Ель-Каддурі,high,,Эль-Каддури Бадр,,,DF,2011–2011,Динамо (Київ)
w:1981-00-00:dino,Діно Дрпич,high,,Дрпич Дино,,,DF,2011–2011,Волинь (Луцьк)
w:1981-00-00:donets,Андрій Донець,high,,Донец Андрей,,,DF,2011–2011,Чорноморець (Одеса)
w:1981-00-00:jelko,Желько Любенович,high,,Любенович Желько,,,MF,2011–2011,Олександрія
w:1981-00-00:kabanov,Тарас Кабанов,high,,Кабанов Тарас,,,FW,2011–2011,Олександрія
w:1981-00-00:pischur,Олександр Пищур,high,,Пищур Александр,,,FW,2011–2011,Таврія (Сімферополь)
w:1981-00-00:pshenichnih,Сергій Пшеничних,high,,Пшеничных Сергей,,,DF,2011–2011,Металіст (Харків)
w:1981-01-03:donets,Андрій Донець,auto,Донець Андрій Анатолійович,,,Україна,DF,1999–2010,Карпати (Львів); Волинь (Луцьк); Говерла / Закарпаття (Ужгород); Таврія (Сімферополь)
w:1981-01-03:levchenko,Сергій Левченко,auto,Левченко Сергій Миколайович,,,Україна,FW,2004–2004,Металург (Запоріжжя)
w:1981-01-04:arsen,Арсен Не,high,Не Арсен,,,Кот-д'Івуар,DF,2003–2006,Металург (Донецьк)
w:1981-01-04:kirilchik,Павло Кірильчик,high,Кірильчик Павел Васільєвіч,,,Білорусь,DF,2003–2009,Кривбас (Кривий Ріг); Чорноморець (Одеса); Карпати (Львів); Маріуполь / Іллічівець
w:1981-01-05:serhev,Лев Сергеєв,auto,Сергеєв Лев Володимирович,,,Україна,MF,2003–2004,Оболонь (Київ); Чорноморець (Одеса); Говерла / Закарпаття (Ужгород)
w:1981-01-07:dodich,Маріо Додич,high,Додіч Маріо,,,Хорватія,DF,2002–2002,Металург (Запоріжжя)
w:1981-01-07:horin,Олександр Горін,high,Горін Олександр Володимирович,,,Росія,DF,2000–2000,Кривбас (Кривий Ріг)
w:1981-01-08:herasimenko,Андрій Герасименко,auto,Герасименко Андрій Олександрович,,,Україна,FW,2000–2001,Кривбас (Кривий Ріг); Говерла / Закарпаття (Ужгород)
w:1981-01-09:biahanski,Павло Беганський,check,Бяганський Павєл Вікєнцьєвіч,,,Білорусь,FW,2008–2008,Маріуполь / Іллічівець
w:1981-01-13:stahiv,Олександр Стахів,auto,Стахів Олександр Володимирович,,,Україна,FW,2001–2001,Таврія (Сімферополь)
w:1981-01-14:riumin,Дмитро Рюмін,auto,Рюмін Дмитро Сергійович,,,Україна,DF,1996–1997,Торпедо (Запоріжжя)
w:1981-01-17:hotsiridze,Реваз Гоцірідзе,high,Гоцірідзе Реваз,,,Грузія,FW,2002–2002,Кривбас (Кривий Ріг)
w:1981-01-17:stasovski,Олександр Стасовський,auto,Стасовський Олександр Миколайович,,,Україна,DF,2005–2005,Сталь (Алчевськ)
w:1981-01-18:aleksandar,Александар Брджанін,high,Брджанін Александар,,,Боснія і Герцеговина,FW,2002–2002,Металург (Запоріжжя)
w:1981-01-20:andrets,Сергій Андрієць,auto,Андрієць Сергій Анатолійович,,,Україна,MF,1997–1997,Таврія (Сімферополь)
w:1981-01-20:likioiu,Каталін Лікіою,high,Лікіою Каталін Сергіу,,,Румунія,FW,2005–2007,Ворскла (Полтава)
w:1981-01-20:savin,Артем Савін,auto,Савін Артем Сергійович,Савин Артём,,Україна,MF,2003–2011,Металург (Донецьк); Маріуполь / Іллічівець; Кривбас (Кривий Ріг); Зоря (Луганськ)
w:1981-01-21:podust,Руслан Подуст,auto,Подуст Руслан Валерійович,,,Україна,FW,2000–2001,Металіст (Харків)
w:1981-01-22:smalko,Андрій Смалько,auto,Смалько Андрій Олексійович,,,Україна,MF,2003–2007,Чорноморець (Одеса); Борисфен (Бориспіль); Таврія (Сімферополь); ФК Харків
w:1981-01-23:kabanov,Тарас Кабанов,auto,Кабанов Тарас Володимирович,,,Україна,FW,1999–2008,Карпати (Львів); Кривбас (Кривий Ріг); Металург (Запоріжжя); ФК Харків
w:1981-01-26:almir,Алмір Сулейманович,high,Алмір Сулеймановіч,,,Словенія,MF,2006–2006,Зоря (Луганськ)
w:1981-01-29:pischur,Олександр Пищур,auto,Пищур Олександр Віталійович,Пищур Александр,,Україна,FW,2004–2011,Говерла / Закарпаття (Ужгород); Ворскла (Полтава); Волинь (Луцьк); Зоря (Луганськ)
w:1981-01-31:el,Бадр Ель-Каддурі,high,Ель Каддурі Бадр,,,Марокко,MF,2002–2010,Динамо (Київ)
w:1981-02-02:chiprian,Чіпріан Тенасе,check,Чіпріан Йон Тенасе,,,Румунія,FW,2008–2009,Металург (Донецьк)
w:1981-02-02:huvanchmuhamed,Гуванчмухамед Овеков,high,Овеков Гуванчмухамед,,,Туркменістан,MF,2001–2007,Арсенал (Київ); Ворскла (Полтава); Зоря (Луганськ); ФК Харків
w:1981-02-02:tanasa,Чіпріан Тенасе,check,Танаса Чіпріан Іоан,,,Румунія,FW,2010–2010,Металург (Донецьк)
w:1981-02-08:darko,Дарко Дун'їч,check,Дун'їч Дарко,,,Сербія,MF,2004–2007,Кривбас (Кривий Ріг); Зоря (Луганськ)
w:1981-02-09:batrachenko,Олександр Батраченко,auto,Батраченко Олександр Миколайович,,,Україна,DF,1998–2003,Металург (Запоріжжя)
w:1981-02-15:djordjevich,Славолюб Джорджевич,high,Джорджевіч Славолюб,,,Сербія та Чорногорія,MF,2005–2006,Волинь (Луцьк); Кривбас (Кривий Ріг)
w:1981-02-21:siankam,Ернест Сіанкам,check,Сіанкам Емако Ернест,,,Камерун,FW,2002–2004,Волинь (Луцьк)
w:1981-02-21:vitoshinski,Андрій Вітошинський,auto,Вітошинський Андрій Юрійович,,,Україна,MF,2007–2007,Говерла / Закарпаття (Ужгород)
w:1981-02-22:aurimas,Аурімас Кучис,high,Кучис Аурімас,,,Литва,MF,2007–2009,Нафтовик-Укрнафта (Охтирка); Говерла / Закарпаття (Ужгород)
w:1981-02-24:kravchenko,Володимир Кравченко,auto,Кравченко Володимир Олександрович,,,Україна,MF,2000–2005,Металіст (Харків); Говерла / Закарпаття (Ужгород)
w:1981-02-28:abdulae,Абдулає Джіре,high,Джіре Абдулає,,,Кот-д'Івуар,MF,2006–2008,Металург (Донецьк); Металіст (Харків)
w:1981-03-03:bulku,Ервін Булку,high,Булку Ервін,,,Албанія,MF,2007–2009,Кривбас (Кривий Ріг)
w:1981-03-17:sizov,Кирило Сізов,fixed,Сізов Кирилл Сергійович,,,Україна,FW,2001–2001,Маріуполь / Іллічівець
w:1981-03-28:ribich,Владимир Рібич,high,Рібіч Владімір,,,Сербія,FW,2003–2006,Арсенал (Київ)
w:1981-04-13:de,Роджер,check,Де Олівейра Роджер Франклін Берна,,,Бразилія,DF,2001–2002,Таврія (Сімферополь)
w:1981-04-13:shenhelia,Іраклій Шенгелія,high,Шенгелія Іраклій Атарович,,,Грузія,FW,2000–2000,Нива (Тернопіль)
w:1981-04-14:litinski,Тарас Літинський,auto,Літинський Тарас Зіновійович,,,Україна,FW,2000–2000,Нива (Тернопіль)
w:1981-04-18:iovanovich,Мілан Йованович,high,Йовановіч Мілан,,,Сербія та Чорногорія,FW,2002–2002,Шахтар (Донецьк)
w:1981-04-18:pankavets,Олексій Панковець,check,Панкавец Аляксєй Юр'євіч,,,Білорусь,DF,2006–2008,ФК Харків
w:1981-04-20:dushan,Душан Попович,high,Душан Попович,,,Сербія,FW,2004–2004,Волинь (Луцьк)
w:1981-04-24:prohorov,Федір Прохоров,auto,Прохоров Федір Вікторович,,,Україна,DF,2005–2005,Таврія (Сімферополь)
w:1981-05-01:kalachov,Тимофій Калачов,high,Калачов Цімафей,,,Білорусь,MF,2003–2003,Маріуполь / Іллічівець; Шахтар (Донецьк)
w:1981-05-06:matvev,Андрій Матвеєв,auto,Матвеєв Андрій Іванович,,,Україна,FW,1997–1999,Дніпро (Дніпропетровськ)
w:1981-05-09:hurin,Роман Гурін,auto,Гурін Роман Вікторович,,,Україна,GK,2000–2000,Нива (Тернопіль)
w:1981-05-15:branavitski,Євген Брановицький,check,Бранавіцкі Явгеній Віктаравіч,,,Білорусь,DF,2004–2004,Ворскла (Полтава)
w:1981-05-16:riahn,Тааві Ряхн,high,Ряхн Тааві,,,Естонія,DF,2003–2005,Волинь (Луцьк)
w:1981-05-19:karpenko,Сергій Карпенко,auto,Карпенко Сергій Васильович,,,Україна,DF,2007–2009,Нафтовик-Укрнафта (Охтирка); Кривбас (Кривий Ріг)
w:1981-05-29:bili,Олександр Білий,auto,Білий Олександр Володимирович,,,Україна,FW,1998–1998,СК Миколаїв
w:1981-06-01:uvarov,Олексій Уваров,high,Уваров Олексій Міхайловіч,,,Росія,MF,2003–2005,Чорноморець (Одеса); Арсенал (Київ)
w:1981-06-02:kirilov,Вадим Кирилов,auto,Кирилов Вадим Васильович,,,Україна,FW,2003–2007,Зірка (Кропивницький); Металург (Запоріжжя); Зоря (Луганськ); Нафтовик-Укрнафта (Охтирка)
w:1981-06-07:pacheko,Сержіо,check,Пачеко де Олівейра Сержіо,,,Бразилія,MF,2006–2007,Металург (Донецьк)
w:1981-06-10:suchkov,Олексій Сучков,high,Сучков Аляксєй Вячаслававіч,,,Білорусь,DF,2002–2008,Карпати (Львів); ФК Харків
w:1981-06-14:blumer,Елано,high,Блумер Елано,,,Бразилія,MF,2004–2006,Шахтар (Донецьк)
w:1981-06-17:paraskiv,Сорін Парасків,high,Парасків Іон Сорін,,,Румунія,MF,2010–2010,Волинь (Луцьк)
w:1981-06-17:pasichnichenko,Роман Пасічниченко,auto,Пасічниченко Роман Сергійович,,,Україна,DF,2001–2002,Дніпро (Дніпропетровськ); Олександрія
w:1981-06-17:venans,Венанс Зезе,high,Зезе Венанс,,,Кот-д'Івуар,FW,2005–2009,Металург (Донецьк); Металіст (Харків)
w:1981-06-18:hioane,Тіберіу Гіоане,high,Гіоане Тіберіу,,,Румунія,MF,2001–2010,Динамо (Київ)
w:1981-06-23:hrebiniuk,Олександр Гребінюк,auto,Гребінюк Олександр Вікторович,,,Україна,FW,1999–2002,Кривбас (Кривий Ріг)
w:1981-06-24:kondratovich,Дмитро Кондратович,auto,Кондратович Дмитро Андрійович,,,Україна,FW,1999–2001,Дніпро (Дніпропетровськ)
w:1981-06-24:rajkov,Ігор Рожков,check,Ражков Ігар Аляксандравіч,,,Білорусь,MF,2006–2008,Кривбас (Кривий Ріг)
w:1981-06-25:kapustin,Віктор Капустін,auto,Капустін Віктор Вікторович,,,Україна,DF,1998–1998,Металург (Запоріжжя)
w:1981-06-29:katkov,Павло Катков,auto,Катков Павло Валерійович,,,Україна,DF,2004–2004,Таврія (Сімферополь)
w:1981-06-30:histev,Сергій Хістєв,auto,Хістєв Сергій Олександрович,,,Україна,DF,2000–2004,Сталь (Алчевськ); Ворскла (Полтава)
w:1981-07-02:ribeiro,Андерсон Рібейро,check,Рібейро Андерсон Мендес,,,Бразилія,FW,2004–2010,Металіст (Харків); ФК Харків; Металург (Запоріжжя)
w:1981-07-05:ptashnik,Анатолій Пташник,auto,Пташник Анатолій Ігорович,,,Україна,FW,2000–2000,Нива (Тернопіль)
w:1981-07-06:bondarenko,Володимир Бондаренко,auto,Бондаренко Володимир Петрович,,,Україна,MF,2001–2009,Арсенал (Київ); Волинь (Луцьк); Чорноморець (Одеса)
w:1981-07-07:irimia,Крістіан Ірімія,high,Ірімія Крістіан,,,Румунія,DF,2004–2004,Динамо (Київ)
w:1981-07-07:kusli,Артем Куслій,auto,Куслій Артем Володимирович,,,Україна,GK,1999–2008,Дніпро (Дніпропетровськ); Нафтовик-Укрнафта (Охтирка); Кривбас (Кривий Ріг)
w:1981-07-16:lisitsin,Євген Лисицин,auto,Лисицин Євген Анатолійович,,,Україна,MF,2009–2009,Говерла / Закарпаття (Ужгород)
w:1981-07-18:de,Давідсон,high,Де Олівейра Мораіс Давідсон,,,Бразилія,MF,2006–2008,Дніпро (Дніпропетровськ)
w:1981-07-20:bidnenko,Руслан Бідненко,auto,Бідненко Руслан Михайлович,,,Україна,MF,2003–2009,Борисфен (Бориспіль); Динамо (Київ); Дніпро (Дніпропетровськ); Нафтовик-Укрнафта (Охтирка)
w:1981-07-28:leal,Маріо Сержіо,high,Леал Ногуейра Маріо Сержіо,Леал Ногейра Мариу Сержиу,,Португалія,DF,2008–2011,Металург (Донецьк)
w:1981-07-29:tenhiz,Тенгіз Угрехелідзе,high,Угрехелідзе Тенгіз,,,Україна,MF,2000–2000,Нива (Тернопіль)
w:1981-08-02:komarnitski,Віталій Комарницький,auto,Комарницький Віталій Станіславович,,,Україна,DF,2003–2009,Дніпро (Дніпропетровськ); Металіст (Харків); ФК Харків; Говерла / Закарпаття (Ужгород)
w:1981-08-03:vesli,Веслі,check,Веслі Рібейру де Матос,,,Бразилія,FW,2002–2002,Кривбас (Кривий Ріг)
w:1981-08-04:asatiani,Малхаз Асатіані,high,Асатіані Малхаз,,,Грузія,MF,2008–2008,Динамо (Київ)
w:1981-08-04:da,Адсон,check,Да Сільва Нері Адсон,,,Бразилія,MF,2003–2004,Таврія (Сімферополь)
w:1981-08-19:frontini,Карлос Фронтіні,check,Фронтіні Карлос Естебан,,,Бразилія,FW,2003–2003,Ворскла (Полтава)
w:1981-08-20:danilovski,Сергій Даниловський,auto,Даниловський Сергій Юрійович,,,Україна,MF,1999–2010,Карпати (Львів); Чорноморець (Одеса); Металург (Донецьк); Кривбас (Кривий Ріг)
w:1981-08-20:nani,Роберто Нанні,high,Нанні Роберто Антоніо,,,Аргентина,FW,2004–2004,Динамо (Київ)
w:1981-08-24:stoian,Денис Стоян,auto,Стоян Денис Анатолійович,,,Україна,DF,2003–2007,Борисфен (Бориспіль); Чорноморець (Одеса); Ворскла (Полтава); Таврія (Сімферополь)
w:1981-08-30:sernetski,Сергій Сернецький,auto,Сернецький Сергій Миколайович,,,Україна,MF,2000–2006,ЦСКА (Київ); Сталь (Алчевськ)
w:1981-08-31:bakovich,Бранко Бакович,high,Баковіч Бранко,,,Сербія,MF,2007–2007,Нафтовик-Укрнафта (Охтирка)
w:1981-09-09:eke,Санні Еке,check,Еке Санні Кінгслі,,,Нігерія,MF,2008–2009,Металург (Донецьк)
w:1981-09-10:nakonechni,Микола Наконечний,auto,Наконечний Микола Леонідович,,,Україна,MF,2002–2004,Арсенал (Київ); Оболонь (Київ)
w:1981-09-16:nikitski,Максим Нікитський,auto,Нікитський Максим Євгенович,,,Україна,FW,2006–2006,Металург (Донецьк)
w:1981-09-18:halchuk,Любомир Гальчук,auto,Гальчук Любомир Богданович,,,Україна,DF,2002–2008,Волинь (Луцьк); ФК Львів (2006–2012)
w:1981-09-26:nhaha,Колінс Нгаха,check,Нгаха Пунгу Колінс Стробель,,,Камерун,FW,2008–2008,Зоря (Луганськ)
w:1981-09-28:markovich,Мар'ян Маркович,high,Марковіч Мар'ян,,,Сербія,DF,2005–2007,Динамо (Київ)
w:1981-09-30:boiko,Дмитро Бойко,auto,Бойко Дмитро В'ячеславович,,,Україна,FW,2000–2005,Сталь (Алчевськ)
w:1981-10-05:alekseis,Алєксейс Колесніковс,check,Колесніковс Алєксейс,,,Латвія,MF,2003–2003,Металург (Запоріжжя)
w:1981-10-10:alehbe,Тоні Алегбе,high,Алегбе Тоні,,,Нігерія,MF,2001–2005,Металург (Донецьк); Кривбас (Кривий Ріг)
w:1981-10-21:ahbo,Патрік Агбо,high,Агбо Патрік Умомо,,,Нігерія,FW,2001–2001,Металург (Донецьк)
w:1981-10-23:skidan,Ярослав Скидан,auto,Скидан Ярослав Олександрович,,,Україна,MF,2003–2003,Маріуполь / Іллічівець
w:1981-10-24:popov,Володимир Попов,auto,Попов Володимир Васильович,,,Україна,FW,2003–2006,Ворскла (Полтава)
w:1981-10-25:ilchishin,Андрій Ільчишин,auto,Ільчишин Андрій Ярославович,,,Україна,DF,2009–2009,Говерла / Закарпаття (Ужгород)
w:1981-11-11:komar,Ярослав Комар,auto,Комар Ярослав Володимирович,,,Україна,MF,1999–2003,Зірка (Кропивницький)
w:1981-11-13:karakevich,Роман Каракевич,auto,Каракевич Роман Васильович,,,Україна,FW,2004–2009,Металург (Запоріжжя); Нафтовик-Укрнафта (Охтирка); Кривбас (Кривий Ріг)
w:1981-11-14:ptachik,Олег Птачик,auto,Птачик Олег Іванович,,,Україна,DF,2005–2007,Чорноморець (Одеса); Нафтовик-Укрнафта (Охтирка)
w:1981-11-17:hribanov,Сергій Грибанов,auto,Грибанов Сергій Олегович,,,Україна,MF,2001–2006,Маріуполь / Іллічівець; Таврія (Сімферополь); Сталь (Алчевськ)
w:1981-11-19:pshenichnih,Сергій Пшеничних,auto,Пшеничних Сергій Миколайович,,,Україна,MF,2000–2010,Ворскла (Полтава); Борисфен (Бориспіль); Карпати (Львів); Металіст (Харків)
w:1981-11-22:hancharjik,Северин Ганчаржик,high,Ганчаржик Северин Даніель,,,Польща,MF,2002–2009,Арсенал (Київ); Волинь (Луцьк); Металіст (Харків)
w:1981-12-01:merkado,Пітер Меркадо,check,Меркадо Назарен Пітер Тейлор,,,Еквадор,MF,2002–2003,Ворскла (Полтава)
w:1981-12-09:babai,Шпетім Бабай,high,Бабай Шпетім,,,Хорватія,MF,2007–2007,Зоря (Луганськ)
w:1981-12-12:chukvudi,Чуквуді Нвогу,high,Нвогу Чуквуді,,,Нігерія,FW,2002–2003,Ворскла (Полтава); Кривбас (Кривий Ріг)
w:1981-12-12:omoko,Гаррісон Омоко,high,Омоко Оровіанор Гаррісон,,,Нігерія,DF,2002–2010,Ворскла (Полтава); Арсенал (Київ); Волинь (Луцьк); Таврія (Сімферополь)
w:1981-12-13:esola,Поль Ессола,high,Ессола Чамба Пауль Ерве,,,Франція,MF,2006–2009,Сталь (Алчевськ); Арсенал (Київ); Дніпро (Дніпропетровськ)
w:1981-12-18:berlizev,Максим Берлізєв,auto,Берлізєв Максим Анатолійович,,,Україна,MF,2001–2003,Ворскла (Полтава)
w:1981-12-26:kandelaki,Ілля Канделакі,high,Канделакі Ілля,,,Грузія,MF,2005–2006,Чорноморець (Одеса)
w:1982-00-00:iaroslav,Ярослав Вишняк,high,,Ярослав Вишняк,,Украина,FW,2021–2021,Колос (Ковалівка)
w:1982-00-00:kovalchuk,Сергій Ковальчук,high,,Ковальчук Сергей,,,MF,2011–2011,Чорноморець (Одеса)
w:1982-00-00:lozinski,Євген Лозинський,high,,Лозинский Евгений,,,DF,2011–2011,Зоря (Луганськ)
w:1982-00-00:maia,Гоебер Майя,check,,Майя Гоэбер Энрике,,,MF,2011–2011,Волинь (Луцьк)
w:1982-00-00:osipenko,Дмитро Осипенко,high,,Осипенко Дмитрий,,,FW,2011–2011,Ворскла (Полтава)
w:1982-00-00:santush,Жуан Педру,high,,Сантуш Гонсалвеш Жуан Педру душ,,,DF,2011–2011,Металург (Донецьк)
w:1982-00-00:shimanek,Войцех Шиманек,high,,Шиманек Войцех,,,DF,2011–2011,Чорноморець (Одеса)
w:1982-00-00:zeinalov,Руслан Зейналов,high,,Зейналов Руслан,,,MF,2011–2011,Олександрія
w:1982-01-01:sibiriakov,Сергій Сібіряков,auto,Сібіряков Сергій Олександрович,Сибиряков Сергей,,Україна,FW,2000–2011,Дніпро (Дніпропетровськ); Олександрія; Таврія (Сімферополь); Оболонь (Київ)
w:1982-01-02:chornoivan,Олексій Чорноіван,auto,Чорноіван Олексій Олександрович,,,Україна,FW,1998–1999,Зірка (Кропивницький)
w:1982-01-02:vokalchuk,Сергій Вокальчук,auto,Вокальчук Сергій Євгенович,,,Україна,GK,2005–2005,Арсенал (Київ)
w:1982-01-03:dindikov,Олександр Диндіков,auto,Диндіков Олександр Леонідович,,,Україна,MF,2001–2001,Металург (Донецьк)
w:1982-01-06:pinchuk,Дмитро Пінчук,auto,Пінчук Дмитро Миколайович,,,Україна,FW,2003–2003,Борисфен (Бориспіль)
w:1982-01-15:chernikov,Володимир Черніков,auto,Черніков Володимир Валерійович,,,Україна,DF,2002–2006,Оболонь (Київ); Арсенал (Київ)
w:1982-01-18:saraiva,Іван,check,Сарайва де Соуза Іван,,,Бразилія,DF,2004–2004,Шахтар (Донецьк)
w:1982-01-20:kovalchuk,Сергій Ковальчук,high,Ковальчук Сергій Сергійович,,,Молдова,MF,2001–2003,Карпати (Львів)
w:1982-01-21:burmistrov,В'ячеслав Бурмістров,auto,Бурмістров В'ячеслав Олександрович,,,Україна,FW,1998–1998,Таврія (Сімферополь)
w:1982-01-22:simonchuk,Володимир Симончук,auto,Симончук Володимир Петрович,,,Україна,MF,2003–2003,Таврія (Сімферополь)
w:1982-01-23:bojich,Мілан Божіч,high,Божіч Мілан,,,Канада,DF,2005–2005,Волинь (Луцьк)
w:1982-01-25:orlati,Андрій Орлатий,auto,Орлатий Андрій Миколайович,,,Україна,DF,2004–2004,Оболонь (Київ)
w:1982-01-28:borodai,Олексій Бородай,auto,Бородай Олексій Вікторович,,,Україна,MF,1998–1998,Таврія (Сімферополь)
w:1982-01-28:sasha,Саша Ціліншек,high,Ціліншек Саша,,,Сербія та Чорногорія,DF,2005–2006,Таврія (Сімферополь)
w:1982-02-02:komaritski,Андрій Комарицький,auto,Комарицький Андрій Андрійович,,,Україна,GK,2005–2009,Сталь (Алчевськ); Зоря (Луганськ)
w:1982-02-05:ivoso,Патрік Івоссо,high,Івоссо Патрік,,,Республіка Конго,DF,2006–2006,Зоря (Луганськ)
w:1982-02-06:zelenbaba,Владимир Зеленбаба,high,Зеленбаба Владімір,,,Сербія,MF,2006–2006,Зоря (Луганськ)
w:1982-02-07:lozinski,Євгеній Лозінський,auto,Лозінський Євгеній Петрович,,,Україна,MF,2001–2010,Говерла / Закарпаття (Ужгород); Металург (Запоріжжя); Оболонь (Київ)
w:1982-02-11:klimenko,Олександр Клименко,auto,Клименко Олександр Віталійович,,,Україна,DF,2001–2009,Арсенал (Київ); Борисфен (Бориспіль); Чорноморець (Одеса); Оболонь (Київ)
w:1982-02-12:ahahova,Джуліус Агахова,high,Агахова Джуліус,,,Нігерія,FW,2000–2010,Шахтар (Донецьк); Севастополь
w:1982-02-14:afonin,Дмитро Афонін,auto,Афонін Дмитро Миколайович,,,Україна,MF,2001–2001,Маріуполь / Іллічівець
w:1982-02-20:ponomarenko,Сергій Пономаренко,auto,Пономаренко Сергій Іванович,,,Україна,FW,1999–2004,Чорноморець (Одеса); Борисфен (Бориспіль)
w:1982-02-23:nefedov,Валентин Нєфьодов,check,Нєфєдов Валєнтін Валєнтіновіч,,,Росія,MF,2003–2008,Чорноморець (Одеса); Нафтовик-Укрнафта (Охтирка); Маріуполь / Іллічівець
w:1982-02-26:boian,Боян Незірі,high,Незірі Боян,,,Сербія,DF,2003–2007,Металург (Донецьк)
w:1982-02-26:de,Фабіо,check,Де Матос Перейра Фабіо,,,Бразилія,MF,2008–2009,Металург (Донецьк)
w:1982-02-26:himenez,Даміан Гіменез,check,Гіменез Даміан Жоель,,,Італія,DF,2007–2008,Чорноморець (Одеса)
w:1982-03-12:pohorelov,Іван Погорелов,auto,Погорелов Іван Анатолійович,,,Україна,MF,2000–2006,Металіст (Харків); Зірка (Кропивницький); Металург (Запоріжжя); Зоря (Луганськ)
w:1982-03-21:pereira,Фабіо,check,Перейра да Сільва Фабіо,,,Бразилія,DF,2003–2003,Ворскла (Полтава)
w:1982-03-21:sarkis,Дмитро Саркіс,auto,Саркіс Дмитро Маркович,,,Україна,MF,2001–2001,Ворскла (Полтава)
w:1982-03-21:strelkov,Ігор Стрєлков,high,Стрєлков Ігор Сергійович,,,Росія,FW,2000–2000,Шахтар (Донецьк)
w:1982-03-29:davidov,Олег Давидов,auto,Давидов Олег Олегович,,,Україна,DF,2007–2007,Нафтовик-Укрнафта (Охтирка)
w:1982-03-29:karabkin,Ярослав Карабкін,auto,Карабкін Ярослав Станіславович,,,Україна,DF,2001–2002,Говерла / Закарпаття (Ужгород); Арсенал (Київ)
w:1982-03-30:koltsov,Дмитро Кольцов,auto,Кольцов Дмитро Миколайович,,,Україна,MF,1998–1998,Таврія (Сімферополь)
w:1982-04-01:viliamarin,Едгар Вільямарін,high,Вільямарін Аргуедас Едгар Гаррі,,,Перу,DF,2007–2007,Чорноморець (Одеса)
w:1982-04-05:ahramev,Артем Ахрамеєв,auto,Ахрамеєв Артем Євгенійович,,,Україна,DF,2002–2002,Металіст (Харків)
w:1982-04-07:branimir,Бранимир Субашич,high,Субашіч Бранімір,,,Сербія,FW,2003–2003,Чорноморець (Одеса)
w:1982-04-08:krohmal,Володимир Крохмаль,auto,Крохмаль Володимир Олександрович,,,Україна,MF,2002–2004,Оболонь (Київ)
w:1982-04-08:mihailenko,Валерій Михайленко,auto,Михайленко Валерій Володимирович,,,Україна,MF,1998–1998,Зірка (Кропивницький)
w:1982-04-15:dos,Жоао Педро,check,Дос Сантос Госалвеш Жоао Педро,,,Португалія,DF,2008–2010,Металург (Донецьк)
w:1982-05-01:orbeladze,Сергі Орбеладзе,high,Орбеладзе Сергі,,,Грузія,DF,2006–2006,Маріуполь / Іллічівець
w:1982-05-04:suhina,Євген Сухина,auto,Сухина Євген Васильович,,,Україна,GK,2002–2004,Оболонь (Київ)
w:1982-05-05:perich,Іван Перич,high,Періч Іван,,,Сербія,FW,2005–2006,Арсенал (Київ)
w:1982-05-06:milian,Мілян Мрдакович,high,Мрдаковіч Мілян,,,Сербія та Чорногорія,FW,2005–2006,Металіст (Харків)
w:1982-05-07:mihailov,Андрій Михайлов,auto,Михайлов Андрій Михайлович,,,Україна,GK,2003–2004,Зірка (Кропивницький); Борисфен (Бориспіль)
w:1982-05-13:jdaha,Олександр Ждаха,auto,Ждаха Олександр Олександрович,,,Україна,FW,2000–2000,Нива (Тернопіль)
w:1982-05-16:iakovets,Сергій Яковець,auto,Яковець Сергій Володимирович,,,Україна,GK,2002–2002,Маріуполь / Іллічівець
w:1982-05-16:riabih,Андрій Рябих,high,Рябих Андрій Митрофанович,,,Росія,MF,2002–2005,Арсенал (Київ)
w:1982-05-17:haiduchek,Павел Хайдучек,high,Хайдучек Павел,,,Польща,MF,2007–2010,Таврія (Сімферополь); Металург (Запоріжжя)
w:1982-05-23:hromih,Антон Хромих,auto,Хромих Антон Георгійович,,,Україна,MF,2003–2004,Чорноморець (Одеса)
w:1982-05-27:lazarchuk,Андрій Лазарчук,auto,Лазарчук Андрій Андрійович,,,Україна,GK,2000–2001,Кривбас (Кривий Ріг)
w:1982-06-19:zeinalov,Руслан Зейналов,auto,Зейналов Руслан Бахтіярович,,,Україна,MF,2007–2007,Нафтовик-Укрнафта (Охтирка)
w:1982-06-22:milenkovich,Владимир Міленкович,high,Міленковіч Владімір,,,Сербія та Чорногорія,FW,2004–2004,Ворскла (Полтава)
w:1982-06-25:mladenov,Александар Младенов,high,Младенов Александар Стойчев,,,Болгарія,DF,2010–2010,Севастополь
w:1982-06-25:ohanian,Карен Оганян,high,Оганян Карен Геннадьєвіч,,,Росія,FW,2005–2005,Металіст (Харків)
w:1982-06-26:draholiuk,Андрій Драголюк,auto,Драголюк Андрій Вікторович,,,Україна,FW,2001–2004,Карпати (Львів); Оболонь (Київ)
w:1982-06-28:romanenko,Антон Романенко,auto,Романенко Антон Юрійович,,,Україна,DF,1998–1998,Таврія (Сімферополь)
w:1982-07-06:mihashko,Максим Мігашко,auto,Мігашко Максим Михайлович,,,Україна,DF,2003–2003,Зірка (Кропивницький)
w:1982-07-06:motuz,Сергій Мотуз,auto,Мотуз Сергій Сергійович,,,Україна,MF,2001–2010,Говерла / Закарпаття (Ужгород); Оболонь (Київ); Дніпро (Дніпропетровськ); Ворскла (Полтава)
w:1982-07-13:milosavlevich,Урош Милосавлевич,high,Урош Милосавлевич,,,Сербія та Чорногорія,MF,2002–2004,Металург (Запоріжжя); Волинь (Луцьк)
w:1982-07-19:horkun,Валентин Горкун,auto,Горкун Валентин Миколайович,,,Україна,FW,2002–2004,Чорноморець (Одеса); Металіст (Харків)
w:1982-07-22:lolo,Ігор Лоло,high,Лоло Ігор,,,Кот-д'Івуар,DF,2004–2008,Металург (Донецьк); Дніпро (Дніпропетровськ)
w:1982-07-22:vishniak,Ярослав Вишняк,auto,Вишняк Ярослав Васильович,,,Україна,DF,2003–2007,Зірка (Кропивницький); Металург (Запоріжжя); Зоря (Луганськ); Говерла / Закарпаття (Ужгород)
w:1982-07-25:len,Іван Лень,auto,Лень Іван Анатолійович,,,Україна,DF,2009–2009,Оболонь (Київ)
w:1982-08-12:marko,Марко Мілованович,high,Міловановіч Марко,,,Сербія,DF,2006–2006,Таврія (Сімферополь)
w:1982-08-13:balabanov,Костянтин Балабанов,auto,Балабанов Костянтин Олексійович,,,Україна,FW,2002–2008,Чорноморець (Одеса); Дніпро (Дніпропетровськ); Нафтовик-Укрнафта (Охтирка); Кривбас (Кривий Ріг)
w:1982-08-18:rostovski,Сергій Ростовський,auto,Ростовський Сергій Анатолійович,,,Україна,MF,2002–2002,Металіст (Харків)
w:1982-08-20:aleksander,Александер Амісулашвілі,high,Амісулашвілі Александер,,,Грузія,DF,2005–2005,Таврія (Сімферополь)
w:1982-08-25:pihur,Олександр Піхур,auto,Піхур Олександр Віталійович,,,Україна,FW,2005–2008,Говерла / Закарпаття (Ужгород); ФК Харків
w:1982-08-27:sheveliuhin,Олександр Шевелюхін,auto,Шевелюхін Олександр Анатолійович,,,Україна,MF,2002–2010,Кривбас (Кривий Ріг); Ворскла (Полтава); Говерла / Закарпаття (Ужгород); ФК Львів (2006–2012)
w:1982-09-04:bairamov,Назар Байрамов,high,Байрамов Назар Караджаєвіч,,,Туркменістан,MF,2002–2003,Ворскла (Полтава)
w:1982-09-10:bredun,Євген Бредун,auto,Бредун Євген Дмитрович,,,Україна,DF,2001–2010,Шахтар (Донецьк); Маріуполь / Іллічівець; Металург (Запоріжжя); Борисфен (Бориспіль)
w:1982-09-11:dedich,Русмін Дедич,high,Дедіч Русмін,,,Словенія,MF,2002–2003,Ворскла (Полтава)
w:1982-09-14:kovhan,Олександр Ковган,auto,Ковган Олександр Олександрович,,,Україна,FW,2003–2003,Зірка (Кропивницький)
w:1982-09-18:boiarintsev,Леонід Бояринцев,auto,Бояринцев Леонід Андрійович,,,Україна,DF,2003–2006,Маріуполь / Іллічівець
w:1982-09-20:adam,Маріан Адам,high,Адам Маріан,,,Словаччина,FW,2002–2002,Металіст (Харків)
w:1982-10-01:aruna,Аруна Бабангіда,high,Бабангіда Аруна,,,Нігерія,MF,2004–2005,Металург (Донецьк)
w:1982-10-01:shkred,Олег Шкред,auto,Шкред Олег Васильович,,,Україна,DF,2003–2007,Маріуполь / Іллічівець; Карпати (Львів)
w:1982-10-09:savanchuk,Олександр Саванчук,auto,Саванчук Олександр Володимирович,,,Україна,MF,2005–2005,Сталь (Алчевськ)
w:1982-10-11:aholi,Ансі Аголлі,high,Аголлі Ансі,,,Албанія,MF,2009–2009,Кривбас (Кривий Ріг)
w:1982-10-12:bulichev,Юрій Буличев,auto,Буличев Юрій Петрович,,,Україна,MF,2008–2008,Кривбас (Кривий Ріг)
w:1982-10-16:veremko,Сергій Веремко,high,Вєремко Сяргей Мікалаєвіч,,,Білорусь,GK,2010–2010,Севастополь
w:1982-10-23:dantas,Родольфо,high,Дантас Біспо Родольфо,,,Бразилія,DF,2004–2006,Динамо (Київ)
w:1982-10-27:hediminas,Гедімінас Паулаускас,high,Паулаускас Гедімінас,,,Литва,DF,2009–2009,Маріуполь / Іллічівець
w:1982-11-03:vasilev,Сергій Васильєв,high,Васильєв Сергій Анатолійович,,,Росія,MF,2002–2002,Металіст (Харків)
w:1982-11-17:schepanovich,Вучіна Щепанович,high,Щепановіч Вучіна,,,Сербія та Чорногорія,FW,2003–2003,Кривбас (Кривий Ріг)
w:1982-11-18:despotovski,Філіп Деспотовський,high,Філіп Деспотовський,,,Північна Македонія,MF,2007–2009,Ворскла (Полтава)
w:1982-11-25:mina,Аррінтон Міна,check,Міна Вільялба Аррінтон Нарцісо,,,Україна,FW,2009–2009,Чорноморець (Одеса)
w:1982-12-06:podrobaha,Анатолій Подробаха,auto,Подробаха Анатолій Олександрович,,,Україна,FW,2005–2005,Ворскла (Полтава)
w:1982-12-11:aleksandar,Александар Стоймірович,high,Стойміровіч Александар,,,Сербія,MF,2006–2007,Ворскла (Полтава)
w:1982-12-12:asipenka,Дмитро Осипенко,check,Асіпенка Дмітрий Міхайлавіч,,,Білорусь,FW,2010–2010,Ворскла (Полтава)
w:1982-12-20:iliashov,Андрій Ільяшов,auto,Ільяшов Андрій Степанович,,,Україна,FW,2000–2004,Металург (Запоріжжя)
w:1982-12-21:andronik,Валеріу Андронік,high,Андронік Валеріу Міхаіл,,,Молдова,FW,2004–2004,Металіст (Харків)
w:1982-12-21:onischenko,Олег Онищенко,auto,Онищенко Олег Олегович,,,Україна,MF,2006–2006,Зоря (Луганськ)
w:1982-12-31:borenovich,Ілія Боренович,high,Бореновіч Ілія,,,Сербія та Чорногорія,FW,2003–2003,Кривбас (Кривий Ріг)
w:1983-00-00:aruri,Мохаммед Арурі,check,,Арури Мохаммед Арби,,,DF,2011–2011,Олександрія
w:1983-00-00:hodvin,Самсон Годвін,high,,Годвин Самсон,,,MF,2011–2011,Волинь (Луцьк)
w:1983-00-00:mesias,Леандро Мессіас,check,,Месиас дос Сантос Леандро,,,DF,2011–2011,Волинь (Луцьк)
w:1983-01-02:hubrenko,Олександр Губрієнко,auto,Губрієнко Олександр Анатолійович,,,Україна,MF,2001–2001,Металург (Запоріжжя)
w:1983-01-09:fereira,Осмар Феррейра,high,Феррейра Осмар Даніель,,,Аргентина,MF,2007–2010,Дніпро (Дніпропетровськ)
w:1983-01-11:ivanski,Любомир Іванський,auto,Іванський Любомир Михайлович,,,Україна,DF,2000–2002,Карпати (Львів)
w:1983-01-12:buriak,Ігор Буряк,auto,Буряк Ігор Васильович,,,Україна,MF,2003–2009,Металург (Донецьк); ФК Харків; Таврія (Сімферополь)
w:1983-01-14:tovkatski,Василь Товкацький,auto,Товкацький Василь Сергійович,,,Україна,MF,2004–2007,Говерла / Закарпаття (Ужгород); Волинь (Луцьк); Нафтовик-Укрнафта (Охтирка)
w:1983-01-15:leite,Матеус,high,Лейте Насіменто Матеус,Лейте Насименто Матеус,,Бразилія,FW,2010–2011,Дніпро (Дніпропетровськ)
w:1983-01-16:rusol,Андрій Русол,auto,Русол Андрій Анатолійович,Русол Андрей,,Україна,MF,1998–2011,Зірка (Кропивницький); Кривбас (Кривий Ріг); Дніпро (Дніпропетровськ)
w:1983-01-18:popko,Олександр Попко,auto,Попко Олександр Вікторович,,,Україна,DF,2003–2003,Ворскла (Полтава)
w:1983-01-20:fernandes,Даніель Фернандес,check,Фернандес Артола Даніель,,,Іспанія,DF,2006–2007,Металург (Донецьк)
w:1983-01-20:miroslav,Мирослав Ріканович,high,Рікановіч Мірослав,,,Сербія,FW,2006–2006,Зоря (Луганськ)
w:1983-01-21:korobkin,Владислав Коробкін,auto,Коробкін Владислав Володимирович,,,Україна,FW,2002–2004,Оболонь (Київ)
w:1983-01-23:minia,Мінья Попович,high,Поповіч Мінья,,,Сербія,MF,2007–2007,Говерла / Закарпаття (Ужгород)
w:1983-01-31:leviha,Руслан Левига,auto,Левига Руслан Іванович,,,Україна,FW,2004–2009,Борисфен (Бориспіль); Маріуполь / Іллічівець; Ворскла (Полтава); Чорноморець (Одеса)
w:1983-02-01:famuliak,Григорій Фамуляк,auto,Фамуляк Григорій Васильович,,,Україна,MF,2000–2000,Карпати (Львів)
w:1983-02-13:kaschelan,Младен Кашчелан,high,Кашчелан Младен,,,Чорногорія,MF,2009–2009,Карпати (Львів)
w:1983-02-16:pereira,Міхаель,check,Перейра да Сільва Міхаель Андерсон,,,Бразилія,MF,2007–2007,Динамо (Київ)
w:1983-02-19:mendes,Жуліо Сезар,check,Мендес Морейра Жуліо Сезар,,,Україна,DF,2009–2009,Металург (Донецьк)
w:1983-02-20:kiselov,Віталій Кісельов,auto,Кісельов Віталій Миколайович,,,Україна,MF,2002–2002,Металіст (Харків)
w:1983-02-21:brushko,Томаш Брушко,high,Брушко Томаш,,,Словаччина,MF,2002–2002,Ворскла (Полтава)
w:1983-02-22:darius,Даріус Міцейка,high,Міцейка Даріус,,,Литва,MF,2009–2009,Металург (Запоріжжя)
w:1983-02-24:kamdem,Ерік Камдем,check,Камдем Камдем Ерік,,,Камерун,DF,2008–2008,Маріуполь / Іллічівець
w:1983-02-25:alvesh,Едуардо,high,Алвеш да Сілва Едуардо,Алвеш да Силва Эдуардо,,Хорватія,FW,2010–2011,Шахтар (Донецьк)
w:1983-02-26:bohach,Олександр Богач,auto,Богач Олександр Анатолійович,,,Україна,DF,2001–2001,Таврія (Сімферополь)
w:1983-02-28:nvoa,Онєкачі Нвоа,high,Онєкачі Нвоа,,,Нігерія,FW,2006–2007,Металіст (Харків); Зоря (Луганськ)
w:1983-03-02:hordenko,Дмитро Гордієнко,auto,Гордієнко Дмитро Олександрович,,,Україна,FW,2008–2008,ФК Львів (2006–2012)
w:1983-03-03:tarasenko,Євген Тарасенко,auto,Тарасенко Євген Володимирович,,,Україна,DF,2008–2010,Карпати (Львів)
w:1983-03-04:ilnitski,Тарас Ільницький,auto,Ільницький Тарас Іванович,,,Україна,DF,2004–2009,Говерла / Закарпаття (Ужгород); Арсенал (Київ); Таврія (Сімферополь)
w:1983-03-05:melnik,Ігор Мельник,auto,Мельник Ігор Миколайович,,,Україна,FW,2008–2008,Маріуполь / Іллічівець
w:1983-03-08:cheh,Віталій Чех,auto,Чех Віталій Ростиславович,,,Україна,MF,2003–2003,Таврія (Сімферополь)
w:1983-03-08:silva,Клейтон Сільва,check,Сільва Клейтон Алехандре Енріке,,,Італія,MF,2010–2010,Металург (Донецьк)
w:1983-03-23:ribeiro,Клейтон Шав'єр,check,Рібейро Хав'єр Клейтон,Рибейро Шавьер Клейтон,,Бразилія,MF,2010–2011,Металіст (Харків)
w:1983-03-24:eromenko,Олексій Єрьоменко,high,Єрьоменко Олексій Олексійович,,,Фінляндія,FW,2009–2009,Металіст (Харків)
w:1983-03-24:homutov,Сергій Хомутов,auto,Хомутов Сергій Володимирович,,,Україна,MF,2002–2002,Таврія (Сімферополь)
w:1983-03-25:rivas,Нельсон Рівас,high,Рівас Лопес Нельсон Енріке,,,Колумбія,DF,2010–2010,Дніпро (Дніпропетровськ)
w:1983-03-27:henri,Генрі Ндрека,high,Ндрека Генрі,,,Албанія,DF,2006–2007,Кривбас (Кривий Ріг)
w:1983-03-29:kalinichenko,Віталій Калініченко,auto,Калініченко Віталій Леонідович,,,Україна,DF,2009–2009,Говерла / Закарпаття (Ужгород)
w:1983-03-30:solomatin,Олексій Соломатін,auto,Соломатін Олексій Олександрович,,,Україна,FW,2004–2004,Чорноморець (Одеса)
w:1983-04-02:veprik,Олег Веприк,auto,Веприк Олег Олексійович,,,Україна,MF,2001–2003,Карпати (Львів)
w:1983-04-12:karmalita,Євген Кармаліта,auto,Кармаліта Євген Олегович,,,Україна,MF,2004–2009,Таврія (Сімферополь); Оболонь (Київ)
w:1983-05-06:tirkalo,Віталій Тиркало,auto,Тиркало Віталій Євгенійович,,,Україна,MF,2002–2002,Карпати (Львів)
w:1983-05-07:lujankov,Олександр Лужанков,high,Лужанков Олександр Олександрович,,,Білорусь,FW,2003–2005,Волинь (Луцьк)
w:1983-05-13:aruri,Мохамед Арурі,check,Арурі Мохамед Арбі,,,Туніс,DF,2010–2010,Металург (Запоріжжя)
w:1983-05-13:ture,Яя Туре,high,Туре Яя Гнегнері,,,Кот-д'Івуар,MF,2003–2004,Металург (Донецьк)
w:1983-05-14:fernandes,Хосе Карлос Фернандес,high,Фернандес Пєдра Хосе Карлос,,,Перу,FW,2007–2007,Чорноморець (Одеса)
w:1983-05-30:hromtsov,Олег Хромцов,high,Хромцов Олег Віталійович,,,Молдова,FW,2004–2004,Борисфен (Бориспіль)
w:1983-06-01:musonda,Віктор Мусонда,auto,Мусонда Віктор Петерович,,,Україна,MF,2004–2004,Металург (Запоріжжя)
w:1983-06-09:lazarevski,Владе Лазаревскі,high,Лазаревскі Владе,,,Північна Македонія,DF,2007–2009,Металіст (Харків); Карпати (Львів)
w:1983-06-12:kaniuk,Андрій Канюк,auto,Канюк Андрій Володимирович,,,Україна,DF,2006–2006,Зоря (Луганськ)
w:1983-06-14:karnilenka,Сергій Корніленко,high,Корніленко Сергій Олександрович,,,Білорусь,FW,2003–2008,Динамо (Київ); Дніпро (Дніпропетровськ)
w:1983-06-16:buri,Олександр Бурий,auto,Бурий Олександр Васильович,,,Україна,FW,2005–2007,Говерла / Закарпаття (Ужгород)
w:1983-06-26:ervis,Ервіс Края,high,Края Ервіс,,,Албанія,DF,2007–2007,Говерла / Закарпаття (Ужгород)
w:1983-07-10:biurnel,Бюрнель Окана-Стазі,high,Окана-Стазі Бюрнель,,,Республіка Конго,MF,2005–2006,Сталь (Алчевськ)
w:1983-07-11:derevlov,Костянтин Деревльов,auto,Деревльов Костянтин Миколайович,,,Україна,FW,2002–2002,Арсенал (Київ)
w:1983-07-15:malish,Ігор Малиш,auto,Малиш Ігор Анатолійович,,,Україна,MF,2009–2009,Оболонь (Київ); Говерла / Закарпаття (Ужгород)
w:1983-07-18:djihani,Паріт Джіхані,high,Джіхані Паріт,,,Албанія,MF,2008–2010,Зоря (Луганськ)
w:1983-07-20:bito,Сендлей Біто,high,Біто Сендлей Сідней,,,Нідерландські Антильські острови,MF,2006–2010,Сталь (Алчевськ); Арсенал (Київ); Говерла / Закарпаття (Ужгород); Таврія (Сімферополь)
w:1983-07-24:kornutiak,Володимир Корнутяк,auto,Корнутяк Володимир Петрович,,,Україна,DF,2008–2008,ФК Харків
w:1983-07-27:poltavets,Роман Полтавець,auto,Полтавець Роман Вадимович,,,Україна,MF,2003–2008,Таврія (Сімферополь); ФК Львів (2006–2012)
w:1983-08-05:hisham,Гішам Мадуфі,high,Мадуфі Гішам,,,Марокко,DF,2007–2007,Металіст (Харків)
w:1983-08-06:sonin,Олександр Сонін,auto,Сонін Олександр Миколайович,,,Україна,FW,2003–2003,Арсенал (Київ)
w:1983-08-11:aladashvili,Кахабер Аладашвілі,high,Аладашвілі Кахабер,,,Грузія,DF,2006–2007,Дніпро (Дніпропетровськ); Динамо (Київ); ФК Харків; Говерла / Закарпаття (Ужгород)
w:1983-08-12:de,Клебер,high,Де Соуза Фрейтас Клебер Джакомасе,,,Бразилія,FW,2003–2007,Динамо (Київ)
w:1983-08-14:drabeniuk,Роман Драбенюк,auto,Драбенюк Роман Миколайович,,,Україна,FW,2003–2003,Борисфен (Бориспіль)
w:1983-09-03:petkovich,Ігор Петкович,high,Петковіч Ігор,,,Сербія,MF,2003–2007,Ворскла (Полтава); Зоря (Луганськ)
w:1983-09-06:shubin,Артем Шубін,auto,Шубін Артем Юрійович,,,Україна,MF,2003–2004,Ворскла (Полтава); Кривбас (Кривий Ріг)
w:1983-09-25:burkhardt,Марцін Буркхардт,high,Марцін Буркхардт,,,Польща,MF,2009–2009,Металіст (Харків)
w:1983-09-27:shapiatovski,Віталій Шап'ятовський,check,Шапятовський Віталь Вітальєвіч,,,Білорусь,FW,2008–2008,Кривбас (Кривий Ріг)
w:1983-10-05:mostovi,Артем Мостовий,auto,Мостовий Артем Олександрович,,,Україна,FW,2006–2008,Сталь (Алчевськ); ФК Львів (2006–2012)
w:1983-10-05:rodrihes,Жадсон,high,Родрігес да Сільва Жадсон,Родригес да Силва Жадсон,,Бразилія,MF,2004–2011,Шахтар (Донецьк)
w:1983-10-10:holoporov,Владислав Голопьоров,auto,Голопьоров Владислав Юрійович,,,Україна,MF,2006–2007,Зоря (Луганськ)
w:1983-10-18:ermolenko,Руслан Єрмоленко,auto,Єрмоленко Руслан Миколайович,,,Україна,MF,2002–2005,Оболонь (Київ); Сталь (Алчевськ)
w:1983-10-19:dimitri,Дімітрі Татанашвілі,high,Татанашвілі Дімітрі,,,Грузія,FW,2010–2010,Металург (Запоріжжя)
w:1983-11-02:ribak,Василь Рибак,auto,Рибак Василь Іванович,,,Україна,FW,2000–2000,Нива (Тернопіль)
w:1983-11-03:pereira,Вінісіус,check,Перейра де Сантан Вінісіус Апаресідо,Перейра де Сантана Винисиус Апаресидо,,Бразилія,DF,2009–2011,Металіст (Харків)
w:1983-11-10:hiorhi,Гіоргі Цімакурідзе,high,Цімакурідзе Гіоргі,,,Грузія,MF,2005–2009,Сталь (Алчевськ); Маріуполь / Іллічівець; Зоря (Луганськ)
w:1983-11-11:amansio,Бетао,high,Амансіо Еберт Вілліан,,,Бразилія,DF,2008–2010,Динамо (Київ)
w:1983-11-21:okoduva,Еммануель Окодува,high,Окодува Еммануель Осеї,,,Нігерія,FW,2001–2007,Ворскла (Полтава); Арсенал (Київ); Металург (Донецьк); Шахтар (Донецьк)
w:1983-11-29:orehov,Олександр Орєхов,high,Орєхов Олександр Олександрович,,,Росія,DF,2002–2003,Арсенал (Київ)
w:1983-11-30:de,Паоло де ла Аса,high,Де ла Аса Уркуіза Паоло Жанкарлос,,,Перу,MF,2007–2008,Чорноморець (Одеса)
w:1983-11-30:kilikevich,Володимир Кілікевич,auto,Кілікевич Володимир Володимирович,,,Україна,MF,2000–2006,Маріуполь / Іллічівець
w:1983-12-03:izvoranu,Сільвіу Ізворану,high,Ізворану Сільвіу,Изворану Силвиу,,Румунія,DF,2010–2011,Волинь (Луцьк)
w:1983-12-06:koval,Андрій Коваль,auto,Коваль Андрій Анатолійович,,,Україна,FW,2005–2009,Говерла / Закарпаття (Ужгород)
w:1983-12-15:kapanisti,Роман Капаністий,auto,Капаністий Роман Васильович,,,Україна,FW,2003–2004,Ворскла (Полтава)
w:1983-12-16:dancho,Данчо Масев,high,Масев Данчо,,,Північна Македонія,MF,2005–2006,Металург (Запоріжжя)
w:1983-12-19:nikola,Нікола Васілєвич,check,Васілєвіч Нікола,,,Сербія,DF,2008–2008,Металург (Запоріжжя)
w:1983-12-29:mesias,Леандро,check,Мессіас дос Сантос Леандро,,,Бразилія,DF,2009–2010,Говерла / Закарпаття (Ужгород); Таврія (Сімферополь)
w:1984-00-00:cherednichenko,Ігор Чередниченко,high,,Чередниченко Игорь,,,DF,2011–2011,Олександрія
w:1984-00-00:dalibor,Далибор Стеванович,high,,Стеванович Далибор,,,MF,2011–2011,Волинь (Луцьк)
w:1984-00-00:davidov,Сергій Давидов,high,,Давыдов Сергей,,,FW,2011–2011,Олександрія
w:1984-00-00:dimitr,Димитр Макрієв,high,,Макриев Димитр,,,FW,2011–2011,Олександрія
w:1984-00-00:duhlas,Джиммі Франса,check,,Дуглас Франса Джимми,,,FW,2011–2011,Чорноморець (Одеса)
w:1984-00-00:krespo,Крістобаль Маркес,check,,Креспо Кристобаль Маркес,,,MF,2011–2011,Карпати (Львів)
w:1984-00-00:muhovikov,Антон Муховиков,high,,Муховиков Антон,,,MF,2011–2011,Олександрія
w:1984-00-00:nikolai,Микола Цимбал,high,,Николай Цымбал,,Украина,FW,2021–2021,Минай
w:1984-00-00:pap,Папе Діакате,check,,Пап Малику Диакате,,,DF,2011–2011,Динамо (Київ)
w:1984-00-00:pineiro,Маркос Піццеллі,high,,Пинейро Пиззелли Маркос,,,MF,2011–2011,Металург (Донецьк)
w:1984-00-00:romanchuk,Олександр Романчук,high,,Романчук Александр,,,DF,2011–2011,Волинь (Луцьк)
w:1984-00-00:romaniuk,Віталій Романюк,high,,Романюк Виталий,,,DF,2011–2011,Оболонь (Київ)
w:1984-00-00:seti,Себастьян Сетті,check,,Сетти Себастьян Андрес,,,DF,2011–2011,Чорноморець (Одеса)
w:1984-00-00:solianik,Руслан Соляник,high,,Соляник Руслан,,,MF,2011–2011,Чорноморець (Одеса)
w:1984-00-00:tsihirlash,Ігор Цигирлаш,high,,Цыгырлаш Игорь,,,FW,2011–2011,Чорноморець (Одеса)
w:1984-01-01:shpak,Сергій Шпак,auto,Шпак Сергій Федорович,,,Україна,DF,2005–2005,Волинь (Луцьк)
w:1984-01-04:radevich,Сергій Радевич,auto,Радевич Сергій Анатолійович,,,Україна,MF,2002–2005,Ворскла (Полтава)
w:1984-01-05:trefilovski,Дмитро Трефіловський,auto,Трефіловський Дмитро Сергійович,,,Україна,MF,2003–2003,Волинь (Луцьк)
w:1984-01-07:kucherenko,Сергій Кучеренко,auto,Кучеренко Сергій Сергійович,Кучеренко Сергей,,Україна,MF,2010–2011,Оболонь (Київ)
w:1984-01-09:fedorenko,Андрій Федоренко,auto,Федоренко Андрій Степанович,,,Україна,GK,2009–2009,Кривбас (Кривий Ріг)
w:1984-01-15:kriuchihin,Сергій Крючихін,high,Крючихін Сергій Павлович,,,Росія,DF,2005–2005,Арсенал (Київ)
w:1984-01-17:rachich,Стеван Рачич,high,Рачіч Стеван,,,Сербія,FW,2010–2010,Волинь (Луцьк)
w:1984-01-17:slobodian,Михайло Слободян,auto,Слободян Михайло Петрович,,,Україна,FW,2002–2003,Оболонь (Київ)
w:1984-01-19:horbkov,Максим Горбков,auto,Горбков Максим Станіславович,,,Україна,FW,2004–2004,Ворскла (Полтава)
w:1984-02-01:arakelian,Арарат Аракелян,high,Аракелян Арарат,,,Вірменія,DF,2007–2009,Металург (Донецьк)
w:1984-02-03:petrivski,Тарас Петрівський,auto,Петрівський Тарас Степанович,Петровский Тарас,,Україна,DF,2006–2011,Карпати (Львів)
w:1984-02-05:chesnauskis,Едгарас Чеснаускіс,high,Чеснауськийс Едгарас,,,Литва,MF,2003–2005,Динамо (Київ)
w:1984-02-09:eschenko,Андрій Єщенко,high,Єщенко Андрій Олегович,,,Росія,DF,2005–2010,Динамо (Київ); Дніпро (Дніпропетровськ); Арсенал (Київ)
w:1984-02-09:nazaruk,Сергій Назарук,auto,Назарук Сергій Васильович,,,Україна,DF,2003–2004,Оболонь (Київ)
w:1984-02-21:da,Жадер,check,Да Сільва Бразейро Жадер,,,Бразилія,MF,2005–2005,Металіст (Харків)
w:1984-02-22:horbanenko,В'ячеслав Горбаненко,fixed,Горбаненко Вячеслав Олександрович,,,Україна,MF,2004–2004,Кривбас (Кривий Ріг)
w:1984-02-22:krivoshev,Олексій Кривошеєв,auto,Кривошеєв Олексій Анатолійович,,,Україна,DF,2005–2007,Металіст (Харків); Говерла / Закарпаття (Ужгород)
w:1984-02-22:romaniuk,Віталій Романюк,auto,Романюк Віталій Вікторович,,,Україна,DF,2008–2008,ФК Львів (2006–2012)
w:1984-02-22:shiriaev,Євген Ширяєв,auto,Ширяєв Євген Юрійович,,,Україна,GK,2002–2009,Чорноморець (Одеса)
w:1984-02-23:danishevski,Олександр Данішевський,high,Данішевський Олександр Володимирович,,,Росія,FW,2007–2007,Арсенал (Київ)
w:1984-02-23:nesin,Віталій Несін,auto,Несін Віталій Леонідович,,,Україна,FW,2001–2004,Дніпро (Дніпропетровськ); Борисфен (Бориспіль); Ворскла (Полтава)
w:1984-02-24:tsihirlash,Ігор Цигирлаш,high,Цигирлаш Ігор Іванович,,,Молдова,MF,2005–2010,ФК Харків; Металург (Запоріжжя)
w:1984-02-28:kalonas,Міндаугас Калонас,high,Калонас Міндаугас,,,Литва,FW,2008–2010,Металург (Запоріжжя)
w:1984-03-02:lozo,Ігор Лозо,high,Лозо Ігор,,,Хорватія,DF,2007–2007,Чорноморець (Одеса)
w:1984-03-10:tsiharav,Ян Тігорєв,check,Цігарав Ян Аляксандравіч,,,Білорусь,DF,2006–2010,Металург (Запоріжжя)
w:1984-03-15:melkonian,Самвел Мелконян,high,Мелконян Самвел,,,Вірменія,MF,2007–2008,Металург (Донецьк)
w:1984-03-19:nevmivaka,Дмитро Невмивака,auto,Невмивака Дмитро Васильович,Невмывака Дмитрий,,Україна,DF,2003–2011,Металург (Запоріжжя); Маріуполь / Іллічівець
w:1984-03-27:chaban,Сергій Чабан,auto,Чабан Сергій Миколайович,,,Україна,FW,2003–2003,Карпати (Львів)
w:1984-03-28:kultishev,Артем Култишев,auto,Култишев Артем Сергійович,,,Україна,MF,2010–2010,Севастополь
w:1984-03-29:iankov,Чавдар Янков,high,Янков Чавдар Кірілов,Янков Чавдар,,Болгарія,MF,2009–2011,Металург (Донецьк)
w:1984-04-03:ovramenko,Максим Овраменко,auto,Овраменко Максим Володимирович,,,Україна,GK,2004–2004,Оболонь (Київ)
w:1984-04-08:nemania,Неманья Тубич,high,Тубіч Неманья,,,Сербія,FW,2008–2010,Карпати (Львів)
w:1984-04-09:cherni,Сергій Черній,auto,Черній Сергій Олександрович,,,Україна,DF,2004–2004,Борисфен (Бориспіль)
w:1984-04-15:aleisho,Леонардо,check,Алейшо да Коста Леонардо,,,Бразилія,FW,2010–2010,Волинь (Луцьк)
w:1984-04-24:chuprina,Євгеній Чуприна,auto,Чуприна Євгеній Михайлович,,,Україна,MF,2003–2004,Оболонь (Київ)
w:1984-04-26:kazankov,Віталій Казанков,auto,Казанков Віталій Юрійович,,,Україна,MF,2007–2007,Зоря (Луганськ)
w:1984-04-30:karamushka,Олег Карамушка,auto,Карамушка Олег Олександрович,,,Україна,DF,2003–2010,Борисфен (Бориспіль); Металург (Запоріжжя); Шахтар (Донецьк); ФК Харків
w:1984-05-09:cherednichenko,Ігор Чередніченко,auto,Чередніченко Ігор Вікторович,,,Україна,DF,2002–2002,Металіст (Харків)
w:1984-05-09:prihodko,Сергій Приходько,check,Пріходько Сергій Сергійович,,,Росія,GK,2008–2008,Чорноморець (Одеса)
w:1984-05-11:brovkin,Дмитро Бровкін,auto,Бровкін Дмитро Валерійович,,,Україна,FW,2004–2007,Металіст (Харків); Оболонь (Київ); Ворскла (Полтава); Зоря (Луганськ)
w:1984-05-20:darko,Дарко Тасевський,high,Тасевський Дарко,,,Північна Македонія,MF,2005–2006,Металург (Запоріжжя)
w:1984-05-25:lesko,Артур Лесько,high,Лесько Артур Андреєвіч,,,Білорусь,GK,2008–2008,Кривбас (Кривий Ріг)
w:1984-05-27:bobal,Матвій Бобаль,auto,Бобаль Матвій Матвійович,,,Україна,FW,2001–2009,Говерла / Закарпаття (Ужгород); Таврія (Сімферополь)
w:1984-05-27:jdanov,Олександр Жданов,auto,Жданов Олександр Миколайович,Жданов Александр,,Україна,DF,2008–2011,ФК Львів (2006–2012); Кривбас (Кривий Ріг)
w:1984-06-07:kikot,Андрій Кікоть,auto,Кікоть Андрій Ярославович,,,Україна,MF,2007–2007,Нафтовик-Укрнафта (Охтирка)
w:1984-06-13:kastilo,Нері Кастільо,high,Кастільо Нері Альберто,,,Мексика,FW,2007–2009,Шахтар (Донецьк); Дніпро (Дніпропетровськ)
w:1984-06-14:kozliuk,Юрій Козлюк,auto,Козлюк Юрій Володимирович,,,Україна,FW,2004–2004,Ворскла (Полтава)
w:1984-06-18:evlanov,Артем Євланов,auto,Євланов Артем Володимирович,,,Україна,MF,2005–2005,Говерла / Закарпаття (Ужгород)
w:1984-06-20:muhovikov,Антон Муховиков,auto,Муховиков Антон Володимирович,,,Україна,MF,2010–2010,Таврія (Сімферополь)
w:1984-06-21:diakat,Пап Діакате,high,Діакат Папа Маліку,,,Франція,DF,2007–2009,Динамо (Київ)
w:1984-06-26:buhaiov,Ігор Бугайов,high,Бугайов Ігор Віталійович,,,Молдова,FW,2005–2009,Чорноморець (Одеса); Металург (Запоріжжя)
w:1984-06-29:hrumich,Мирослав Грумич,high,Груміч Мірослав,,,Сербія,FW,2006–2007,Ворскла (Полтава)
w:1984-07-06:bobilev,Володимир Бобилєв,auto,Бобилєв Володимир Володимирович,,,Україна,MF,2006–2006,Карпати (Львів)
w:1984-07-12:ferents,Володимир Ференц,auto,Ференц Володимир Ігорович,,,Україна,FW,2002–2002,Ворскла (Полтава)
w:1984-07-14:martsvaladze,Отар Марцваладзе,high,Марцваладзе Отар,,,Грузія,FW,2005–2007,Динамо (Київ); Говерла / Закарпаття (Ужгород)
w:1984-07-16:pidhaini,Артем Підгайний,auto,Підгайний Артем Ігорович,,,Україна,DF,2005–2005,Металург (Донецьк)
w:1984-07-26:hanas,Андрій Ханас,auto,Ханас Андрій Петрович,,,Україна,DF,2004–2005,Металіст (Харків)
w:1984-07-29:oleksandru,Алєксандру Оніка,check,Оніка Алєксандру Арсекійович,,,Молдова,MF,2009–2010,Ворскла (Полтава)
w:1984-07-31:durai,Тарас Дурай,auto,Дурай Тарас Богданович,,,Україна,DF,2008–2009,Зоря (Луганськ)
w:1984-08-02:kovalevski,Антон Ковалевський,auto,Ковалевський Антон Анатолійович,,,Україна,MF,2002–2005,Ворскла (Полтава)
w:1984-08-08:solianik,Руслан Соляник,auto,Соляник Руслан Олексійович,,,Україна,MF,2004–2008,Ворскла (Полтава); Таврія (Сімферополь); Маріуполь / Іллічівець
w:1984-08-10:abliametov,Арсен Абляметов,auto,Абляметов Арсен Шавкатович,,,Україна,MF,2004–2004,Таврія (Сімферополь)
w:1984-08-14:luksha,Вітаутас Лукша,high,Лукша Вітаутас,,,Литва,MF,2009–2010,Маріуполь / Іллічівець; Арсенал (Київ)
w:1984-08-19:ivanov,Іван Іванов,auto,Іванов Іван Олександрович,,,Україна,MF,2003–2003,Маріуполь / Іллічівець
w:1984-09-12:kots,Роман Коц,auto,Коц Роман Миколайович,,,Україна,DF,2003–2005,Волинь (Луцьк)
w:1984-09-19:aristid,Арістід Бансе,high,Арістід Бансе,,,Буркіна-Фасо,FW,2006–2006,Металург (Донецьк)
w:1984-09-20:konovalov,Роман Коновалов,auto,Коновалов Роман Віталійович,,,Україна,MF,2006–2006,Сталь (Алчевськ)
w:1984-09-22:djozef,Джозеф Еїмофе,high,Еїмофе Джозеф,,,Нігерія,DF,2005–2005,Металург (Донецьк)
w:1984-09-24:ivanov,Павло Іванов,auto,Іванов Павло Олександрович,,,Україна,DF,2003–2004,Оболонь (Київ)
w:1984-09-27:diachenko,Станіслав Дьяченко,auto,Дьяченко Станіслав Володимирович,,,Україна,MF,2002–2002,Волинь (Луцьк)
w:1984-09-28:tatarintsev,Антон Татарінцев,auto,Татарінцев Антон Юрійович,,,Україна,DF,2004–2004,Таврія (Сімферополь)
w:1984-10-04:modebadze,Іраклі Модебадзе,high,Модебадзе Іраклі Іузайович,,,Грузія,FW,2001–2009,Металург (Запоріжжя); Чорноморець (Одеса)
w:1984-10-15:kozerenko,Роман Козеренко,auto,Козеренко Роман Андрійович,,,Україна,MF,2002–2004,Оболонь (Київ)
w:1984-10-17:chetiani,Звіаді Чхетіані,high,Чхетіані Звіаді,,,Грузія,DF,2003–2003,Таврія (Сімферополь)
w:1984-10-19:pivnenko,Сергій Півненко,auto,Півненко Сергій Сергійович,,,Україна,FW,2004–2008,Маріуполь / Іллічівець; Арсенал (Київ)
w:1984-10-25:honcharenko,Євген Гончаренко,auto,Гончаренко Євген Геннадійович,,,Україна,MF,2002–2003,Кривбас (Кривий Ріг)
w:1984-11-18:jdankov,Дмитро Жданков,auto,Жданков Дмитро Сергійович,,,Україна,GK,2010–2010,Металіст (Харків)
w:1984-11-22:diachenko,Сергій Дяченко,auto,Дяченко Сергій Анатолійович,,,Україна,MF,2002–2007,Ворскла (Полтава)
w:1984-11-26:pilipchuk,Сергій Пилипчук,auto,Пилипчук Сергій Валерійович,,,Україна,FW,2004–2004,Металіст (Харків)
w:1984-11-28:tretiak,Сергій Третяк,auto,Третяк Сергій Вікторович,,,Україна,FW,2003–2005,Оболонь (Київ); Сталь (Алчевськ)
w:1984-12-15:davit,Давіт Імедашвілі,high,Імедашвілі Давіт,,,Грузія,DF,2006–2006,Динамо (Київ)
w:1984-12-21:konstantsia,Тіаго Констанціа,check,Констанціа Тіаго Альберто,,,Бразилія,MF,2010–2010,Карпати (Львів)
w:1984-12-28:piskun,Владислав Піскун,auto,Піскун Владислав Едуардович,,,Україна,DF,2010–2010,Севастополь
w:1984-12-31:demba,Демба Туре,high,Туре Демба,,,Сенегал,FW,2006–2006,Динамо (Київ)
w:1985-00-00:ilson,Ілсіньйо,high,,Илсон Перейра Диас Жуниор,,,MF,2011–2011,Шахтар (Донецьк)
w:1985-00-00:kink,Тармо Кінк,high,,Кинк Тармо,,,FW,2011–2011,Карпати (Львів)
w:1985-00-00:kiril,Кирило Сидоренко,high,,Сидоренко Кирилл,,,DF,2011–2011,Олександрія
w:1985-00-00:oliveira,Ерік Перейра,high,,Оливейра Перейра Эрик де,,,FW,2011–2011,Карпати (Львів)
w:1985-00-00:polevoi,Володимир Польовий,high,,Полевой Владимир,,,DF,2011–2011,Арсенал (Київ)
w:1985-00-00:rojok,Сергій Рожок,high,,Рожок Сергей,,,MF,2011–2011,Чорноморець (Одеса)
w:1985-00-00:shevchenko,В'ячеслав Шевченко,high,,Шевченко Вячеслав,,,FW,2011–2011,Олександрія
w:1985-00-00:silva,Леандро да Сілва,check,,Силва Леандро да,,,MF,2011–2011,Арсенал (Київ)
w:1985-01-01:hololobov,Дмитро Гололобов,auto,Гололобов Дмитро Вікторович,,,Україна,DF,2004–2010,Оболонь (Київ); ФК Харків; Севастополь
w:1985-01-02:banhura,Ісмаель Бангура,high,Бангура Ісмаель,,,Гвінея,FW,2007–2008,Динамо (Київ)
w:1985-01-03:stankevich,Максим Станкевич,auto,Станкевич Максим Олегович,,,Україна,DF,2004–2004,Борисфен (Бориспіль)
w:1985-01-14:papush,Олександр Папуш,auto,Папуш Олександр Сергійович,,,Україна,MF,2005–2006,Маріуполь / Іллічівець
w:1985-01-16:polunitski,Олександр Полуницький,auto,Полуницький Олександр Віталійович,,,Україна,DF,2003–2004,Ворскла (Полтава)
w:1985-01-20:lutsenko,Роман Луценко,auto,Луценко Роман Васильович,,,Україна,MF,2005–2007,Чорноморець (Одеса); Металург (Запоріжжя)
w:1985-01-20:stadnik,Максим Стадник,auto,Стадник Максим Олександрович,,,Україна,MF,2004–2004,Борисфен (Бориспіль)
w:1985-02-09:kaminski,Василь Камінський,auto,Камінський Василь Васильович,,,Україна,FW,2005–2005,Говерла / Закарпаття (Ужгород)
w:1985-02-15:chuchman,Ігор Чучман,auto,Чучман Ігор Романович,,,Україна,MF,2004–2010,Говерла / Закарпаття (Ужгород); Маріуполь / Іллічівець
w:1985-02-16:bashlai,Андрій Башлай,auto,Башлай Андрій Олександрович,,,Україна,DF,2005–2005,Арсенал (Київ)
w:1985-02-24:iatsenko,Олександр Яценко,auto,Яценко Олександр Іванович,,,Україна,DF,2002–2010,Динамо (Київ); ФК Харків; Чорноморець (Одеса); Маріуполь / Іллічівець
w:1985-03-08:do,Матеус,check,До Кармо Лопес Матеус Енріке,,,Бразилія,DF,2010–2010,Металург (Запоріжжя)
w:1985-03-08:lukas,Лукаш Тесак,high,Тесак Лукас,Тесак Лукаш,,Словаччина,DF,2010–2011,Зоря (Луганськ)
w:1985-03-09:morozov,Олександр Морозов,auto,Морозов Олександр Олександрович,,,Україна,FW,2003–2004,Таврія (Сімферополь)
w:1985-03-09:suspitsin,Дмитро Суспіцин,auto,Суспіцин Дмитро Анатолійович,,,Україна,MF,2004–2004,Кривбас (Кривий Ріг)
w:1985-03-12:tovt,Андрій Товт,auto,Товт Андрій Володимирович,,,Україна,GK,2003–2009,Оболонь (Київ)
w:1985-03-13:chelidze,Лаша Челідзе,high,Челідзе Лаша,,,Грузія,DF,2004–2004,Металург (Запоріжжя)
w:1985-03-13:mendes,Алсідес,high,Мендес де Арауйо Алв Алсідес Едуардо,,,Бразилія,DF,2008–2010,Дніпро (Дніпропетровськ)
w:1985-03-14:nevuche,Чарльз Невуче,high,Невуче Чарльз Ннаемека,,,Нігерія,FW,2007–2009,Говерла / Закарпаття (Ужгород)
w:1985-03-14:shvets,Ігор Швець,auto,Швець Ігор Богданович,,,Україна,MF,2003–2007,Борисфен (Бориспіль); Ворскла (Полтава)
w:1985-03-15:ilkiv,Ігор Ільків,auto,Ільків Ігор Богданович,Илькив Игорь,,Україна,DF,2008–2011,ФК Львів (2006–2012); Оболонь (Київ)
w:1985-04-01:boiovich,Дарко Бойович,high,Бойович Дарко,,,Словенія,MF,2009–2009,Маріуполь / Іллічівець
w:1985-04-01:ochuko,Очуко Оджобо,high,Оджобо Очуко,,,Нігерія,MF,2005–2005,Металург (Донецьк)
w:1985-04-05:moreira,Фабіо Морейра,check,Морейра Сільва Фабіо Емануель,,,Португалія,MF,2010–2010,Металург (Запоріжжя)
w:1985-04-17:ivashkevichius,Кестутіс Івашкевічюс,high,Івашкевічюс Кестутіс,,,Литва,MF,2009–2009,Кривбас (Кривий Ріг)
w:1985-04-25:rojok,Сергій Рожок,auto,Рожок Сергій Володимирович,,,Україна,MF,2004–2010,Таврія (Сімферополь); Говерла / Закарпаття (Ужгород); ФК Харків; Оболонь (Київ)
w:1985-04-28:kotenko,Іван Котенко,auto,Котенко Іван Петрович,Котенко Иван,,Україна,FW,2004–2011,Дніпро (Дніпропетровськ); Кривбас (Кривий Ріг); Нафтовик-Укрнафта (Охтирка); ФК Львів (2006–2012)
w:1985-05-04:roza,Фернандіньйо,high,Роза Фернандо Луіз,,,Бразилія,MF,2005–2010,Шахтар (Донецьк)
w:1985-05-06:shevchuk,Юрій Шевчук,auto,Шевчук Юрій Степанович,,,Україна,GK,2008–2008,ФК Львів (2006–2012)
w:1985-05-10:vorobei,Дмитро Воробей,auto,Воробей Дмитро Сергійович,,,Україна,MF,2005–2009,Арсенал (Київ); Зоря (Луганськ); Маріуполь / Іллічівець; Кривбас (Кривий Ріг)
w:1985-05-14:de,Леандро,check,Де Соуза Жозе Леандро,,,Бразилія,DF,2003–2007,Металург (Донецьк)
w:1985-05-21:lisovi,Максим Лісовий,auto,Лісовий Максим Олексійович,,,Україна,FW,2004–2010,Борисфен (Бориспіль); Волинь (Луцьк); Севастополь
w:1985-05-23:panas,Вадим Панас,auto,Панас Вадим Володимирович,Панас Вадим,,Україна,MF,2002–2011,Волинь (Луцьк); Карпати (Львів); ФК Львів (2006–2012); Оболонь (Київ)
w:1985-05-28:derkach,Андрій Деркач,auto,Деркач Андрій Володимирович,,,Україна,MF,2003–2004,Борисфен (Бориспіль)
w:1985-05-30:shevchenko,В'ячеслав Шевченко,auto,Шевченко В'ячеслав Тарасович,,,Україна,MF,2006–2006,Маріуполь / Іллічівець
w:1985-06-07:shmakov,Євген Шмаков,auto,Шмаков Євген Вікторович,,,Україна,MF,2006–2009,Карпати (Львів); Зоря (Луганськ); Таврія (Сімферополь); Арсенал (Київ)
w:1985-06-08:osmani,Тефік Османі,high,Османі Тефік,,,Албанія,DF,2005–2005,Металург (Запоріжжя)
w:1985-06-08:romanenko,Володимир Романенко,auto,Романенко Володимир Олександрович,,,Україна,MF,2007–2007,Металург (Донецьк)
w:1985-06-13:de,Герсон Маграо,check,Де Ліма Герсон Аленкор Жуніо,,,Бразилія,MF,2009–2010,Динамо (Київ)
w:1985-06-16:baranov,Іван Баранов,auto,Баранов Іван Олександрович,,,Україна,MF,2004–2005,Арсенал (Київ)
w:1985-07-02:sahno,Сергій Сахно,auto,Сахно Сергій Миколайович,,,Україна,DF,2004–2004,Борисфен (Бориспіль)
w:1985-07-04:popov,Андрій Попов,auto,Попов Андрій Сергійович,,,Україна,MF,2006–2006,Металург (Запоріжжя)
w:1985-07-09:viti,Пабло Вітті,high,Вітті Пабло Ернесто,,,Аргентина,FW,2008–2008,Чорноморець (Одеса)
w:1985-07-12:karpenko,Максим Карпенко,auto,Карпенко Максим Васильович,,,Україна,MF,2004–2005,Ворскла (Полтава)
w:1985-07-29:artiuh,Сергій Артюх,auto,Артюх Сергій Валентинович,,,Україна,MF,2006–2007,Ворскла (Полтава)
w:1985-07-29:maidana,Джонатан Майдана,high,Майдана Джонатан Рамон,,,Аргентина,DF,2008–2009,Металіст (Харків)
w:1985-08-01:trusevich,Максим Трусевич,auto,Трусевич Максим Павлович,,,Україна,MF,2003–2009,Борисфен (Бориспіль); Металург (Запоріжжя); Шахтар (Донецьк); Оболонь (Київ)
w:1985-08-09:dudnik,Ігор Дудник,auto,Дудник Ігор Анатолійович,,,Україна,MF,2004–2006,Металург (Запоріжжя)
w:1985-08-14:sausedo,Маурісіо Сауседо,high,Сауседо Гуардіа Маурісіо,,,Болівія,MF,2009–2009,Чорноморець (Одеса)
w:1985-08-16:leonidov,Олег Леонідов,auto,Леонідов Олег Анатолійович,Леонидов Олег,,Україна,DF,2008–2011,ФК Львів (2006–2012); Оболонь (Київ)
w:1985-08-20:jura,Олександр Згура,auto,Згура Олександр Олександрович,,,Україна,FW,2004–2006,Чорноморець (Одеса)
w:1985-08-29:samborski,Володимир Самборський,auto,Самборський Володимир Сергійович,,,Україна,DF,2004–2008,Металіст (Харків); ФК Харків
w:1985-09-29:haushi,Богдан Хауші,check,Хауши Богдан,,,Румунія,DF,2009–2009,Говерла / Закарпаття (Ужгород)
w:1985-10-02:marika,Чіпріан Маріка,high,Маріка Чіпріан Андрей,,,Румунія,FW,2003–2007,Шахтар (Донецьк)
w:1985-10-03:salatin,Вадим Салатін,auto,Салатін Вадим Євгенович,,,Україна,DF,2006–2006,Маріуполь / Іллічівець
w:1985-10-12:hristian,Хрістіян Кіровскі,high,Кіровскі Хрістіян,,,Північна Македонія,FW,2004–2004,Металург (Запоріжжя)
w:1985-10-12:pereira,Ілсіньйо,high,Перейра Діас Жуніор Ілсон,,,Бразилія,DF,2007–2009,Шахтар (Донецьк)
w:1985-10-15:deineko,Євген Дейнеко,auto,Дейнеко Євген Анатолійович,,,Україна,GK,2008–2008,Кривбас (Кривий Ріг)
w:1985-11-09:aleksander,Александер Гурулі,high,Гурулі Александер,Гурули Александр,,Грузія,FW,2008–2011,Карпати (Львів)
w:1985-11-24:fabiano,Фабіано,check,Фабіано де Ліма Кампос Марія,,,Бразилія,FW,2010–2010,Металург (Запоріжжя)
w:1985-11-28:patiak,Олег Патяк,auto,Патяк Олег Станіславович,,,Україна,MF,2006–2006,Металург (Запоріжжя)
w:1985-12-02:jersh,Роман Жерш,auto,Жерш Роман Валерійович,,,Україна,MF,2002–2005,Волинь (Луцьк)
w:1985-12-11:durovski,Маріо Джуровскі,check,Дуровскі Маріо,Джуровски Марио,,Сербія,MF,2010–2011,Металург (Донецьк)
w:1985-12-12:ndoe,Ісса Ндоє,check,Ндоє Ісса,,,Сенегал,GK,2010–2010,Волинь (Луцьк)
w:1985-12-22:kitsuta,Анатолій Кіцута,auto,Кіцута Анатолій Вікторович,Кицута Анатолий,,Україна,DF,2005–2011,Говерла / Закарпаття (Ужгород); ФК Харків; Арсенал (Київ); ФК Львів (2006–2012)
w:1986-00-00:antonov,Олексій Антонов,high,,Антонов Алексей,,,FW,2011–2011,Дніпро (Дніпропетровськ)
w:1986-00-00:aparesido,Данило Сілва,high,,Апаресидо да Силва Данило,,,DF,2011–2011,Динамо (Київ)
w:1986-00-00:barishich,Йосип Барішич,check,,Баришич Йосип,,,FW,2011–2011,Олександрія
w:1986-00-00:besart,Бесарт Ібраїмі,check,,Ибраими Бесарт,,,FW,2011–2011,Таврія (Сімферополь)
w:1986-00-00:bolohan,Вадим Болохан,high,,Болохан Вадим,,,DF,2011–2011,Карпати (Львів)
w:1986-00-00:dopilka,Олег Допілка,high,,Допилка Олег,,,DF,2011–2011,Олександрія
w:1986-00-00:ermak,Олег Єрмак,high,,Ермак Олег,,,MF,2011–2011,Олександрія
w:1986-00-00:havrish,Віталій Гавриш,high,,Гавриш Виталий,,,MF,2011–2011,Олександрія
w:1986-00-00:kaita,Сані Кайта,high,,Кайта Харуна Сани,,,MF,2011–2011,Таврія (Сімферополь)
w:1986-00-00:kravchenko,Костянтин Кравченко,high,,Кравченко Константин,,,MF,2011–2011,Карпати (Львів)
w:1986-00-00:kremenchutski,Максим Кременчуцький,high,,Кременьчуцкий Максим,,,MF,2011–2011,Олександрія
w:1986-00-00:lavreniuk,Максим Лавренюк,high,,Лавренюк Максим,,,GK,2011–2011,Ворскла (Полтава)
w:1986-00-00:shendrik,Антон Шендрик,high,,Шендрик Антон,,,DF,2011–2011,Оболонь (Київ)
w:1986-00-00:timchenko,Ігор Тимченко,high,,Тимченко Игорь,,,FW,2011–2011,Оболонь (Київ)
w:1986-01-03:morozov,Сергій Морозов,auto,Морозов Сергій Олександрович,,,Україна,MF,2003–2005,Металург (Запоріжжя)
w:1986-01-04:svitlichni,Роман Світличний,auto,Світличний Роман Петрович,,,Україна,MF,2004–2006,Металіст (Харків)
w:1986-01-16:timchenko,Ігор Тимченко,auto,Тимченко Ігор Вікторович,,,Україна,FW,2006–2010,Сталь (Алчевськ); Металург (Донецьк); Говерла / Закарпаття (Ужгород); Ворскла (Полтава)
w:1986-01-21:stepanov,Роман Степанов,auto,Степанов Роман Анатолійович,,,Україна,FW,2003–2003,Волинь (Луцьк)
w:1986-01-25:ponomarov,Олександр Пономарьов,high,Пономарьов Олександр Владіміровіч,,,Росія,DF,2009–2009,Чорноморець (Одеса)
w:1986-02-10:kavatsiv,Ярема Каваців,auto,Каваців Ярема Володимирович,,,Україна,DF,2006–2009,Металург (Запоріжжя); ФК Львів (2006–2012); Маріуполь / Іллічівець
w:1986-02-16:asevedo,Вальтер Асеведо,high,Асеведо Вальтер Анібал,,,Аргентина,MF,2008–2008,Металіст (Харків)
w:1986-02-16:iariuhin,Олексій Ярюхін,auto,Ярюхін Олексій Олексійович,,,Україна,MF,2003–2003,Зірка (Кропивницький)
w:1986-02-16:lischuk,Олександр Ліщук,auto,Ліщук Олександр Сергійович,,,Україна,FW,2008–2008,ФК Львів (2006–2012)
w:1986-02-19:krujilin,Олександр Кружилін,auto,Кружилін Олександр Сергійович,,,Україна,MF,2006–2006,Сталь (Алчевськ)
w:1986-02-25:hai,Антон Гай,auto,Гай Антон Анатолійович,,,Україна,MF,2006–2009,Металург (Запоріжжя); Маріуполь / Іллічівець
w:1986-02-25:zborovski,Андрій Зборовський,auto,Зборовський Андрій Олегович,,,Україна,FW,2006–2010,Таврія (Сімферополь); Севастополь
w:1986-02-27:hrinchenko,Микола Грінченко,auto,Грінченко Микола Володимирович,,,Україна,MF,2006–2008,ФК Харків
w:1986-02-27:karpovich,Максим Карпович,high,Карпович Максим Петрович,,,Білорусь,MF,2010–2010,Ворскла (Полтава)
w:1986-02-28:avelino,Жажа,high,Авеліно Коельо Джексон,,,Бразилія,FW,2007–2010,Металіст (Харків)
w:1986-03-03:hlavina,Деніс Главіна,high,Главіна Деніс,,,Хорватія,MF,2005–2009,Ворскла (Полтава); Дніпро (Дніпропетровськ)
w:1986-03-05:kirenko,Ігор Кірієнко,auto,Кірієнко Ігор Сергійович,,,Україна,MF,2003–2003,Маріуполь / Іллічівець
w:1986-03-05:kostiuk,Сергій Костюк,auto,Костюк Сергій Володимирович,,,Україна,MF,2005–2010,Металіст (Харків); Волинь (Луцьк)
w:1986-03-09:bebeindei,Руді Бебей-Ндей,high,Руді Бебей-Ндей,,,Республіка Конго,FW,2006–2006,Зоря (Луганськ)
w:1986-03-09:ermak,Олег Єрмак,auto,Єрмак Олег Васильович,,,Україна,MF,2006–2008,Арсенал (Київ); Зоря (Луганськ)
w:1986-03-19:aparesido,Леонардо,check,Апаресідо Моура Леонардо Жозе,,,Бразилія,DF,2005–2006,Шахтар (Донецьк)
w:1986-03-21:kupalni,Олександр Купальний,auto,Купальний Олександр Анатолійович,,,Україна,GK,2006–2006,Шахтар (Донецьк)
w:1986-04-02:de,Леонардо,check,Де Матос Круз Леонардо,,,Бразилія,DF,2009–2009,Чорноморець (Одеса)
w:1986-04-17:semiriak,Іван Семиряк,auto,Семиряк Іван Миколайович,,,Україна,MF,2005–2005,Волинь (Луцьк)
w:1986-04-21:kudlai,Сергій Кудлай,auto,Кудлай Сергій Валерійович,,,Україна,DF,2004–2004,Кривбас (Кривий Ріг)
w:1986-04-22:kruhliak,Андрій Кругляк,auto,Кругляк Андрій Олександрович,,,Україна,FW,2005–2005,Металург (Запоріжжя)
w:1986-05-02:kaita,Сані Кайта,high,Кайта Харуна Сані,,,Нігерія,MF,2010–2010,Металіст (Харків)
w:1986-05-17:lima,Северіно,check,Ліма де Моура Северіно,,,Бразилія,FW,2008–2009,Маріуполь / Іллічівець
w:1986-05-30:juk,Володимир Жук,auto,Жук Володимир Миколайович,,,Україна,GK,2008–2009,Металург (Запоріжжя)
w:1986-05-31:aleksev,Сергій Алексєєв,high,Алексєєв Сергій Вікторович,,,Молдова,FW,2009–2009,Говерла / Закарпаття (Ужгород)
w:1986-05-31:horbushin,Дмитро Горбушин,auto,Горбушин Дмитро Андрійович,,,Україна,MF,2005–2007,Сталь (Алчевськ); Зоря (Луганськ)
w:1986-06-13:zeldi,Сергій Зелді,auto,Зелді Сергій Володимирович,,,Україна,MF,2007–2009,Говерла / Закарпаття (Ужгород); Таврія (Сімферополь)
w:1986-06-26:klimov,Василь Клімов,auto,Клімов Василь Ігорович,,,Україна,MF,2007–2007,Ворскла (Полтава)
w:1986-07-22:baranets,Борис Баранець,auto,Баранець Борис Григорович,Баранец Борис,,Україна,MF,2008–2011,ФК Львів (2006–2012); Оболонь (Київ); Карпати (Львів)
w:1986-07-25:abdulae,Ібрагім Абдулає,check,Ібрагім Абдулає,,,Того,FW,2007–2007,ФК Харків
w:1986-07-28:lubenets,Максим Лубенець,auto,Лубенець Максим Олексійович,,,Україна,FW,2007–2007,Ворскла (Полтава)
w:1986-07-29:kovel,Леонід Ковель,high,Ковєль Лєанід Лєанідавіч,,,Білорусь,FW,2006–2007,Карпати (Львів)
w:1986-08-15:bolohan,Вадим Болохан,high,Болохан Вадим,,,Молдова,DF,2008–2010,Зоря (Луганськ); Говерла / Закарпаття (Ужгород); Севастополь
w:1986-09-01:sheptitski,Олег Шептицький,auto,Шептицький Олег Романович,,,Україна,FW,2007–2007,Нафтовик-Укрнафта (Охтирка)
w:1986-09-19:mihailov,Сергій Михайлов,auto,Михайлов Сергій Олександрович,,,Україна,MF,2003–2003,Металург (Запоріжжя)
w:1986-10-04:antoniuk,Дмитро Антонюк,auto,Антонюк Дмитро Григорович,,,Україна,DF,2006–2006,Шахтар (Донецьк)
w:1986-10-12:kostishin,Віталій Костишин,auto,Костишин Віталій Володимирович,,,Україна,FW,2006–2006,Кривбас (Кривий Ріг)
w:1986-10-16:alozi,Міхаель Алозі,check,Алозі Міхаель Чіді,,,Нігерія,FW,2004–2010,Волинь (Луцьк); Металург (Запоріжжя)
w:1986-10-24:chelidze,Георге Челідзе,check,Челідзе Георге,,,Грузія,FW,2006–2006,Зоря (Луганськ)
w:1986-10-28:batalski,Олександр Батальський,auto,Батальський Олександр Анатолійович,,,Україна,MF,2004–2007,Арсенал (Київ)
w:1986-10-28:holek,Маріо Голек,high,Холек Маріо,Голек Марио,,Чехія,MF,2007–2011,Дніпро (Дніпропетровськ)
w:1986-11-02:bondarenko,Михайло Бондаренко,auto,Бондаренко Михайло Ігорович,,,Україна,FW,2005–2005,Ворскла (Полтава)
w:1986-11-20:sviridov,Платон Свиридов,auto,Свиридов Платон Миколайович,,,Україна,MF,2006–2009,Шахтар (Донецьк); Кривбас (Кривий Ріг)
w:1986-11-24:da,Даніло Сілва,check,Да Сільва Даніло Апаресідо,,,Бразилія,DF,2009–2010,Динамо (Київ)
w:1986-11-25:slobodian,Вадим Слободян,auto,Слободян Вадим Олександрович,,,Україна,MF,2004–2004,Оболонь (Київ)
w:1986-12-10:sichov,Віталій Сичов,auto,Сичов Віталій Олексійович,,,Україна,FW,2004–2004,Металург (Донецьк)
w:1987-00-00:barilko,Сергій Барилко,high,,Барилко Сергей,,,MF,2011–2011,Оболонь (Київ)
w:1987-00-00:david,Давид Янчик,high,,Янчик Давид,,,FW,2011–2011,Олександрія
w:1987-00-00:fedik,Іван Федик,high,,Иван Федык,,Украина,FW,2021–2021,Рух (Львів)
w:1987-00-00:kalouda,Любош Калоуда,high,,Калоуда Любош,,,MF,2011–2011,Олександрія
w:1987-00-00:kohut,Богдан Когут,high,,Когут Богдан,,,GK,2011–2011,Оболонь (Київ)
w:1987-00-00:kralik,Ян Кралік,check,,Кралик Ян,,,FW,2011–2011,Олександрія
w:1987-00-00:ksenz,Павло Ксьонз,high,,Ксёнз Павел,,,MF,2011–2011,Олександрія
w:1987-00-00:nazarenko,Дмитро Назаренко,high,,Назаренко Дмитрий,,,DF,2011–2011,Олександрія
w:1987-00-00:protich,Радош Протич,high,,Протич Радош,,,DF,2011–2011,Олександрія
w:1987-00-00:ribka,Олександр Рибка,high,,Рыбка Александр,,,GK,2011–2011,Шахтар (Донецьк)
w:1987-00-00:velozo,Леонардо Велозо,check,,Велозо Леонардо Энрике,,,DF,2011–2011,Чорноморець (Одеса)
w:1987-01-06:kucherenko,Іван Кучеренко,auto,Кучеренко Іван Васильович,,,Україна,MF,2004–2006,Кривбас (Кривий Ріг)
w:1987-01-11:sahniuk,Григорій Сахнюк,auto,Сахнюк Григорій Вікторович,,,Україна,DF,2007–2007,Кривбас (Кривий Ріг)
w:1987-01-19:artomenko,Олександр Артьоменко,auto,Артьоменко Олександр Петрович,,,Україна,DF,2008–2009,Таврія (Сімферополь); Говерла / Закарпаття (Ужгород)
w:1987-01-20:ilesku,Денис Ілеску,high,Ілеску Денис,,,Молдова,DF,2006–2006,Кривбас (Кривий Ріг)
w:1987-01-23:dankiv,Андрій Даньків,auto,Даньків Андрій Ігорович,,,Україна,MF,2008–2008,ФК Львів (2006–2012)
w:1987-01-23:kolesnichenko,Сергій Колесниченко,auto,Колесниченко Сергій Геннадійович,,,Україна,MF,2008–2009,Зоря (Луганськ)
w:1987-03-14:almeida,Леандро Алмейда,high,Алмейда да Сільва Леандро,Алмейда да Силва Леандро,,Бразилія,DF,2009–2011,Динамо (Київ)
w:1987-03-19:eremenko,Роман Єременко,high,Єременко Роман,Ерёменко Роман,,Фінляндія,MF,2008–2011,Динамо (Київ)
w:1987-03-22:jeniuh,Олег Женюх,auto,Женюх Олег Васильович,,,Україна,MF,2006–2010,Карпати (Львів); Волинь (Луцьк)
w:1987-03-25:lutsik,Антон Луцик,auto,Луцик Антон Васильович,,,Україна,MF,2007–2007,Карпати (Львів)
w:1987-03-27:fredes,Ернан Фредес,high,Фредес Ернан Даніель,,,Аргентина,MF,2009–2009,Металіст (Харків)
w:1987-03-31:moldovan,Дмитро Молдован,auto,Молдован Дмитро Васильович,,,Україна,FW,2004–2008,Шахтар (Донецьк); Металург (Запоріжжя); Зоря (Луганськ)
w:1987-04-06:hvan,Хван Хун Хі,check,Хван Хун Хі,,,Південна Корея,FW,2009–2009,Металург (Запоріжжя)
w:1987-04-12:souza,Луїс Адріано,high,Соуза да Сільва Луіс Адріано,Соуза да Силва Луис Адриано,,Бразилія,FW,2006–2011,Шахтар (Донецьк)
w:1987-04-16:evsev,Євген Євсєєв,auto,Євсєєв Євген Васильович,,,Україна,DF,2006–2009,Арсенал (Київ)
w:1987-04-18:parhomenko,Сергій Пархоменко,auto,Пархоменко Сергій Олександрович,,,Україна,DF,2006–2006,Сталь (Алчевськ)
w:1987-05-03:arturs,Артурс Сілагайліс,high,Сілагайліс Артурс,,,Латвія,DF,2008–2009,Кривбас (Кривий Ріг)
w:1987-05-08:vasilev,Денис Васільєв,auto,Васільєв Денис Олександрович,Васильев Денис,,Україна,DF,2009–2011,Оболонь (Київ); Кривбас (Кривий Ріг)
w:1987-06-14:baha,Жюль Бага,high,Бага Жюль Ів Стефан,,,Камерун,FW,2008–2008,Зоря (Луганськ)
w:1987-06-17:hraf,Іван Граф,high,Граф Іван,Граф Иван,,Хорватія,DF,2010–2011,Таврія (Сімферополь)
w:1987-06-18:moreno,Марсело Морено,high,Морено Мартінс Марсело,,,Бразилія,FW,2008–2010,Шахтар (Донецьк)
w:1987-06-19:kondratiuk,Богдан Кондратюк,auto,Кондратюк Богдан Олександрович,,,Україна,DF,2006–2006,Металург (Донецьк)
w:1987-06-25:skarlosh,Андрій Скарлош,auto,Скарлош Андрій Володимирович,,,Україна,MF,2005–2005,Металург (Донецьк)
w:1987-07-05:skepski,Денис Скепський,auto,Скепський Денис Володимирович,,,Україна,MF,2010–2010,Металург (Запоріжжя)
w:1987-07-27:sirota,Максим Сирота,auto,Сирота Максим Олександрович,,,Україна,MF,2009–2009,Таврія (Сімферополь)
w:1987-08-27:bochkur,Роман Бочкур,auto,Бочкур Роман Романович,,,Україна,DF,2009–2009,Чорноморець (Одеса)
w:1987-09-14:nazarenko,Дмитро Назаренко,auto,Назаренко Дмитро Миколайович,,,Україна,DF,2006–2006,Металург (Донецьк)
w:1987-09-15:madu,Франк Маду,high,Маду Франк- Олів'є,Маду Франк,,Франція,FW,2010–2011,Зоря (Луганськ)
w:1987-11-08:leshko,Павло Лешко,auto,Лешко Павло Любомирович,,,Україна,DF,2010–2010,Ворскла (Полтава)
w:1987-11-09:kim,Кім Пюнг Рае,check,Кім Пюнг Рае,,,Південна Корея,MF,2009–2009,Металург (Запоріжжя)
w:1987-12-09:da,Алан,check,Да Сільва Соуза Алан,,,Бразилія,FW,2006–2008,Сталь (Алчевськ); Металург (Донецьк); Арсенал (Київ)
w:1988-00-00:bobuh,Артем Бобух,high,,Бобух Артём,,,DF,2011–2011,Оболонь (Київ)
w:1988-00-00:boiko,Денис Бойко,high,,Бойко Денис,,,GK,2011–2011,Кривбас (Кривий Ріг)
w:1988-00-00:chesnakov,Володимир Чеснаков,high,,Владимир Чеснаков,,Украина,DF,2011–2021,Ворскла (Полтава)
w:1988-00-00:evheni,Євген Паст,high,,Евгений Паст,,Украина,DF,2021–2021,Десна (Чернігів); СК Дніпро-1
w:1988-00-00:henev,Віктор Генев,high,,Генев Виктор,,,DF,2011–2011,Олександрія
w:1988-00-00:holodiuk,Олег Голодюк,high,,Олег Голодюк,,Украина,MF,2021–2021,Металіст 1925 (Харків)
w:1988-00-00:hoshkoderia,Віталій Гошкодеря,high,,Гошкодеря Виталий,,,MF,2011–2011,Кривбас (Кривий Ріг)
w:1988-00-00:hurski,Андрій Гурський,high,,Гурский Андрей,,,DF,2011–2011,Оболонь (Київ)
w:1988-00-00:lepa,Дмитро Льопа,high,,Лёпа Дмитрий,,,MF,2011–2011,Кривбас (Кривий Ріг); Дніпро (Дніпропетровськ)
w:1988-00-00:lisenko,Володимир Лисенко,high,,Лысенко Владимир,,,FW,2011–2011,Кривбас (Кривий Ріг)
w:1988-00-00:romero,Марлос,high,,Ромеро Бонфим Марлос,,,MF,2011–2011,Металіст (Харків)
w:1988-00-00:terozu,Тьягу Террозу,check,,Террозу Тьягу Андре Рамуш,,,MF,2011–2011,Чорноморець (Одеса)
w:1988-01-13:barselos,Тайсон,high,Барсельос Фреда Тайсон,Барселлос Фреда Тайсон,,Бразилія,FW,2010–2011,Металіст (Харків)
w:1988-01-13:shibko,Андрій Шибко,auto,Шибко Андрій Володимирович,,,Україна,DF,2006–2006,Шахтар (Донецьк)
w:1988-01-29:karkovski,Богдан Карковський,auto,Карковський Богдан Михайлович,Карковский Богдан,,Україна,DF,2010–2011,Волинь (Луцьк)
w:1988-02-11:jadan,Артем Жадан,auto,Жадан Артем Володимирович,,,Україна,FW,2006–2006,Сталь (Алчевськ)
w:1988-02-18:pinedo,Густаво Пінедо,high,Пінедо Забала Густаво,,,Болівія,MF,2009–2009,Чорноморець (Одеса)
w:1988-02-24:matia,Матія Шпичич,high,Шпичич Матія,,,Хорватія,MF,2010–2010,Таврія (Сімферополь)
w:1988-03-11:andronik,Ігор Андронік,high,Андронік Ігор,,,Молдова,DF,2009–2009,Говерла / Закарпаття (Ужгород)
w:1988-03-16:rad,Андрій Радь,auto,Радь Андрій Володимирович,,,Україна,GK,2008–2008,ФК Львів (2006–2012)
w:1988-03-31:hrihorik,Андрій Григорик,auto,Григорик Андрій В'ячеславович,,,Україна,MF,2006–2009,Кривбас (Кривий Ріг); Маріуполь / Іллічівець
w:1988-04-03:iahno,Максим Яхно,auto,Яхно Максим Анатолійович,,,Україна,DF,2008–2008,Металіст (Харків)
w:1988-04-24:balaj,Балаж Фаркаш,high,Фаркаш Балаж,,,Угорщина,FW,2006–2007,Динамо (Київ)
w:1988-05-08:pereira,Майкон,high,Перейра де Олівейра Майкон,Перейра де Оливейра Майкон,,Бразилія,FW,2010–2011,Волинь (Луцьк)
w:1988-05-14:homes,Борха Гомес,high,Гомес Перес Борха,Гомес Перес Борха,,Іспанія,DF,2010–2011,Карпати (Львів)
w:1988-05-15:shavrin,Вадим Шаврін,auto,Шаврін Вадим Олегович,,,Україна,FW,2006–2006,Шахтар (Донецьк)
w:1988-05-18:krivi,Максим Кривий,auto,Кривий Максим Вікторович,,,Україна,MF,2007–2008,Металург (Запоріжжя)
w:1988-05-22:jerebtsov,Віталій Жеребцов,auto,Жеребцов Віталій Сергійович,,,Україна,FW,2008–2008,ФК Харків
w:1988-05-31:furta,Юрій Фурта,auto,Фурта Юрій Ярославович,,,Україна,FW,2008–2009,Карпати (Львів)
w:1988-06-27:bidni,Єгор Бідний,auto,Бідний Єгор Павлович,,,Україна,DF,2009–2009,Чорноморець (Одеса)
w:1988-07-29:sikorski,Ігор Сікорський,auto,Сікорський Ігор Олександрович,,,Україна,MF,2007–2009,Зоря (Луганськ)
w:1988-08-01:barishnikov,Євген Баришніков,auto,Баришніков Євген Віталійович,,,Україна,DF,2007–2007,Нафтовик-Укрнафта (Охтирка)
w:1988-08-06:karaush,Васіле Карауш,high,Карауш Васіле,,,Молдова,MF,2009–2010,Металург (Запоріжжя)
w:1988-08-09:borjes,Віліан,high,Боржес да Сільва Вілліан,,,Бразилія,MF,2007–2010,Шахтар (Донецьк)
w:1988-08-16:zavarov,Валерій Заваров,auto,Заваров Валерій Олександрович,,,Україна,MF,2007–2009,Арсенал (Київ)
w:1988-08-17:beka,Бека Гоцірідзе,high,Гоцірідзе Бека,,,Грузія,MF,2008–2010,Дніпро (Дніпропетровськ); Кривбас (Кривий Ріг)
w:1988-08-29:pleshakov,Юрій Плешаков,auto,Плешаков Юрій Сергійович,,,Україна,FW,2010–2010,Севастополь
w:1988-08-30:hurski,Андрій Гурський,auto,Гурський Андрій Петрович,,,Україна,DF,2008–2009,Карпати (Львів)
w:1988-09-02:semenenko,Артем Семененко,auto,Семененко Артем Андрійович,Семененко Артём,,Україна,MF,2004–2011,Металург (Запоріжжя); Зоря (Луганськ)
w:1988-09-04:melnik,Сергій Мельник,auto,Мельник Сергій Анатолійович,,,Україна,DF,2008–2009,Чорноморець (Одеса)
w:1988-09-05:iakimenko,Олександр Якименко,auto,Якименко Олександр Валерійович,,,Україна,MF,2009–2009,Чорноморець (Одеса)
w:1988-09-12:aiodeji,Айодеджі Браун,high,Айодежі Аденії Браун,,,Нігерія,DF,2010–2010,Таврія (Сімферополь)
w:1988-09-25:fedota,Дмитро Федота,auto,Федота Дмитро Валерійович,,,Україна,DF,2008–2008,ФК Харків
w:1988-09-29:diop,Серіні Діоп,check,Діоп Серіні Мор,,,Франція,FW,2006–2006,Сталь (Алчевськ)
w:1988-10-04:barabadze,Реваз Барабадзе,check,Барабадзе Ревазі,,,Україна,FW,2006–2006,Дніпро (Дніпропетровськ)
w:1988-10-04:borsh,Руслан Борш,auto,Борш Руслан Віталійович,,,Україна,FW,2006–2006,Металург (Запоріжжя)
w:1988-10-12:listopad,Тимофій Листопад,auto,Листопад Тимофій Андрійович,,,Україна,MF,2004–2004,Борисфен (Бориспіль)
w:1988-10-14:piachentini,Дженісон,check,Пьячентіні де Куадра Дженісон,,,Бразилія,MF,2010–2010,Севастополь; Карпати (Львів)
w:1988-10-22:hilermi,Гільєрме,high,Гільєрмі Мільомен Гусмау,,,Бразилія,FW,2009–2009,Динамо (Київ)
w:1988-10-22:milomem,Гільєрме,high,Мільомем Гусмао Гіл'єрме,,,Бразилія,FW,2008–2010,Динамо (Київ)
w:1988-11-06:davidov,Кирило Давидов,auto,Давидов Кирило Юрійович,,,Україна,MF,2008–2010,Таврія (Сімферополь)
w:1988-11-12:chesnakov,Володимир Чеснаков,auto,Чеснаков Володимир Геннадійович,,,Україна,DF,2007–2010,Ворскла (Полтава)
w:1988-11-24:ribalchenko,Вадим Рибальченко,auto,Рибальченко Вадим Валерійович,,,Україна,FW,2006–2008,Арсенал (Київ)
w:1988-12-24:luhachov,Єгор Лугачов,auto,Лугачов Єгор Юрійович,,,Україна,MF,2010–2010,Арсенал (Київ)
w:1989-00-00:akimov,В'ячеслав Акімов,check,,Акимов Вячеслав,,,MF,2011–2011,Волинь (Луцьк)
w:1989-00-00:beli,Максим Білий,high,,Белый Максим Иванович,,,MF,2011–2011,Зоря (Луганськ)
w:1989-00-00:denis,Денис Костишин,high,,Денис Костышин,,Украина,MF,2021–2021,Колос (Ковалівка)
w:1989-00-00:habovda,Юрій Габовда,high,,Габовда Юрий,,,FW,2011–2011,Кривбас (Кривий Ріг)
w:1989-00-00:kichak,Артем Кичак,high,,Кичак Артём,,,GK,2011–2011,Динамо (Київ)
w:1989-00-00:kovalev,Максим Ковальов,high,,Ковалёв Максим,,,DF,2011–2011,Маріуполь / Іллічівець
w:1989-00-00:mahnovski,Костянтин Махновський,high,,Махновский Константин,,,GK,2011–2011,Оболонь (Київ)
w:1989-00-00:oleh,Олег Синегуб,high,,Олег Синегуб,,Украина,MF,2021–2021,Минай
w:1989-00-00:politilo,Сергій Політило,high,,Сергей Политыло,,Украина,MF,2021–2021,ПФК Львів
w:1989-00-00:ritvar,Рітварс Ругінс,check,,Ругин Ритвар,,,MF,2011–2011,Маріуполь / Іллічівець
w:1989-00-00:sahnevich,Андрій Сахневич,high,,Сахневич Андрей,,,DF,2011–2011,Олександрія
w:1989-00-00:shelihov,Денис Шеліхов,high,,Шелихов Денис,,,GK,2011–2011,Волинь (Луцьк)
w:1989-00-00:tistik,Ігор Тистик,high,,Тистык Игорь,,,DF,2011–2011,Оболонь (Київ)
w:1989-00-00:voronkov,Андрій Воронков,high,,Воронков Андрей,,,FW,2011–2011,Карпати (Львів)
w:1989-00-00:zaharevich,Ярослав Захаревич,high,,Захаревич Ярослав,,,MF,2011–2011,Кривбас (Кривий Ріг); Оболонь (Київ)
w:1989-01-02:sahaidak,Андрій Сагайдак,auto,Сагайдак Андрій Васильович,,,Україна,MF,2008–2010,Карпати (Львів)
w:1989-01-26:meporia,Іка Мепорія,auto,Мепорія Іка Гурамович,,,Україна,MF,2008–2010,Арсенал (Київ)
w:1989-02-01:protsiuk,Олександр Процюк,auto,Процюк Олександр Сергійович,,,Україна,MF,2006–2006,ФК Харків
w:1989-02-02:romanov,Руслан Романов,auto,Романов Руслан Ігоревич,,,Україна,FW,2008–2008,Маріуполь / Іллічівець
w:1989-02-05:hovbosha,Дмитро Ховбоша,auto,Ховбоша Дмитро Вікторович,,,Україна,DF,2007–2009,Зоря (Луганськ)
w:1989-02-07:svorak,Ярослав Сворак,auto,Сворак Ярослав Любомирович,,,Україна,MF,2006–2006,Карпати (Львів)
w:1989-02-09:kostiuk,Василь Костюк,auto,Костюк Василь Євгенович,,,Україна,FW,2007–2008,Зоря (Луганськ)
w:1989-02-13:dos,Джеферсон,check,Дос Сантос Батіста Джеферсон Дуглас,,,Бразилія,MF,2010–2010,Металург (Запоріжжя)
w:1989-02-17:sirik,Артур Сірик,auto,Сірик Артур Володимирович,,,Україна,FW,2008–2010,ФК Харків; Маріуполь / Іллічівець
w:1989-02-26:boichenko,Валерій Бойченко,auto,Бойченко Валерій Вікторович,,,Україна,MF,2008–2008,ФК Харків
w:1989-03-24:fartushniak,Андрій Фартушняк,auto,Фартушняк Андрій Петрович,,,Україна,DF,2008–2009,ФК Харків; Оболонь (Київ)
w:1989-04-07:hodanovich,Ігор Ходанович,auto,Ходанович Ігор Олексійович,,,Україна,GK,2008–2008,ФК Харків
w:1989-04-10:klimavichius,Лінас Клімавічюс,high,Клімавічюс Лінас,,,Литва,DF,2008–2008,Дніпро (Дніпропетровськ)
w:1989-04-27:bili,Максим Білий,auto,Білий Максим Іванович,,,Україна,MF,2007–2010,ФК Харків; Зоря (Луганськ); Металург (Запоріжжя)
w:1989-05-19:tkachov,Сергій Ткачов,high,Ткачов Сергій Анатолійович,Ткачёв Сергей,,Росія,MF,2010–2011,Металіст (Харків)
w:1989-05-27:tistik,Ігор Тістик,auto,Тістик Ігор Володимирович,,,Україна,DF,2010–2010,Карпати (Львів)
w:1989-06-01:inkum,Самуель Інкум,high,Інкум Самуель,Инкум Самуэль,,Гана,DF,2010–2011,Дніпро (Дніпропетровськ)
w:1989-06-04:nahirni,Ігор Нагірний,auto,Нагірний Ігор Михайлович,,,Україна,MF,2008–2008,Кривбас (Кривий Ріг)
w:1989-06-09:avelar,Даніло Авелар,high,Авелар Даніло Фернандо,Авелар Данило Фернандо,,Бразилія,MF,2010–2011,Карпати (Львів)
w:1989-06-09:iavorski,Тарас Яворський,auto,Яворський Тарас Ярославович,,,Україна,FW,2008–2008,ФК Львів (2006–2012)
w:1989-06-20:omelchenko,Олексій Омельченко,auto,Омельченко Олексій Сергійович,,,Україна,FW,2007–2007,Карпати (Львів)
w:1989-07-06:nasibulin,Владислав Насібулін,auto,Насібулін Владислав Олегович,,,Україна,MF,2010–2010,Маріуполь / Іллічівець
w:1989-07-12:ribkovski,Павло Рибковський,auto,Рибковський Павло Володимирович,,,Україна,MF,2005–2005,Волинь (Луцьк)
w:1989-07-15:bohomazov,Андрій Богомазов,auto,Богомазов Андрій Юрійович,,,Україна,MF,2008–2009,Кривбас (Кривий Ріг)
w:1989-08-03:ado,Даніель Аддо,high,Аддо Даніель,Аддо Даниель,,Гана,DF,2010–2011,Зоря (Луганськ)
w:1989-08-29:palamarchuk,Владислав Паламарчук,auto,Паламарчук Владислав Вікторович,,,Україна,MF,2008–2008,ФК Харків
w:1989-09-05:kablash,Олександр Каблаш,auto,Каблаш Олександр Геннадійович,,,Україна,FW,2006–2010,Чорноморець (Одеса); Таврія (Сімферополь)
w:1989-09-24:zaharevich,Ярослав Захаревич,auto,Захаревич Ярослав Олегович,,,Україна,MF,2007–2010,Арсенал (Київ)
w:1989-09-25:maidan,Руслан Майдан,auto,Майдан Руслан Леонідович,,,Україна,FW,2005–2005,Волинь (Луцьк)
w:1989-10-03:butenin,Артем Бутенін,auto,Бутенін Артем Олексійович,,,Україна,DF,2010–2010,Волинь (Луцьк)
w:1989-10-03:habedava,Гіоргі Габедава,high,Габедава Гіоргі,,,Грузія,FW,2009–2010,Маріуполь / Іллічівець
w:1989-11-04:kechedji,Олександр Кечеджі,auto,Кечеджі Олександр Ігорович,,,Україна,FW,2008–2008,Маріуполь / Іллічівець
w:1989-11-07:ushakov,Євген Ушаков,auto,Ушаков Євген Сергійович,,,Україна,FW,2008–2008,ФК Харків
w:1989-11-20:artak,Артак Дашян,high,Дашян Артак,,,Вірменія,MF,2009–2010,Металург (Донецьк)
w:1989-11-21:kiva,Андрій Ківа,auto,Ківа Андрій Ігорович,,,Україна,MF,2010–2010,Севастополь
w:1990-00-00:adi,Фанендо Аді,high,,Ади Фанендо,,,FW,2011–2011,Таврія (Сімферополь); Динамо (Київ)
w:1990-00-00:anton,Антон Савін,high,,Антон Савин,,Украина,MF,2021–2021,Металіст 1925 (Харків)
w:1990-00-00:artur,Артур Западня,high,,Артур Западня,,Украина,DF,2011–2021,Ворскла (Полтава); Металіст 1925 (Харків)
w:1990-00-00:beli,Максим Білий,high,,Максим Белый,,Украина,DF,2011–2021,Зоря (Луганськ); Рух (Львів)
w:1990-00-00:budnik,Євген Будник,high,,Будник Евгений,,,MF,2011–2011,Металіст (Харків)
w:1990-00-00:dmitri,Дмитро Немчанінов,high,,Дмитрий Немчанинов,,Украина,DF,2021–2021,Верес (Рівне)
w:1990-00-00:eremenko,Дмитро Єрьоменко,high,,Ерёменко Дмитрий,,,MF,2011–2011,Металіст (Харків)
w:1990-00-00:evheni,Євген Опанасенко,high,,Евгений Опанасенко,,Украина,DF,2021–2021,Інгулець (Петрове)
w:1990-00-00:frank,Франк Теміле,high,,Темиле Франк,,,MF,2011–2011,Олександрія
w:1990-00-00:iliuk,Максим Ілюк,high,,Илюк Максим,,,FW,2011–2011,Зоря (Луганськ)
w:1990-00-00:mihail,Михайло Шестаков,high,,Михаил Шестаков,,Украина,FW,2021–2021,Верес (Рівне)
w:1990-00-00:mihalev,Ілля Михальов,high,,Михалёв Илья,,,MF,2011–2011,Карпати (Львів)
w:1990-00-00:miroslav,Мирослав Славов,high,,Славов Мирослав,,,FW,2011–2011,Металург (Донецьк)
w:1990-00-00:serhei,Сергій Шестаков,high,,Сергей Шестаков,,Украина,DF,2021–2021,Верес (Рівне)
w:1990-00-00:souza,Данілу Соуза,check,,Соуза Кампос Данило,,,MF,2011–2011,Металург (Донецьк)
w:1990-00-00:spirovski,Стефан Спіровський,high,,Стефан Спировский,,Северная Македония,MF,2021–2021,Маріуполь / Іллічівець
w:1990-00-00:taras,Тарас Завійський,high,,Тарас Завийский,,Украина,MF,2021–2021,Десна (Чернігів)
w:1990-00-00:viktor,Жуліано,high,,Виктор де Паула Жулиано,,,MF,2011–2011,Дніпро (Дніпропетровськ)
w:1990-01-02:didik,Ігор Дідик,auto,Дідик Ігор Миколайович,,,Україна,DF,2009–2009,Арсенал (Київ)
w:1990-02-04:tolstiak,Олександр Толстяк,auto,Толстяк Олександр Аркадійович,Толстяк Александр,,Україна,MF,2010–2011,Оболонь (Київ)
w:1990-02-08:shevchuk,Антон Шевчук,auto,Шевчук Антон Юрійович,Шевчук Антон,,Україна,FW,2009–2011,Оболонь (Київ)
w:1990-02-12:misko,Павло Місько,auto,Місько Павло Анатолійович,,,Україна,FW,2009–2009,Кривбас (Кривий Ріг)
w:1990-02-21:shumilin,Сергій Шумілін,high,Шумілін Сергій Іванович,,,Росія,FW,2010–2010,Кривбас (Кривий Ріг)
w:1990-03-12:vladov,Дмитро Владов,auto,Владов Дмитро Михайлович,,,Україна,MF,2008–2009,Чорноморець (Одеса)
w:1990-05-25:kohman,Андрій Кохман,auto,Кохман Андрій Володимирович,,,Україна,FW,2009–2009,Зоря (Луганськ)
w:1990-05-27:tsakich,Михайло Цакич,check,Цакіч Міхайло,Цакич Михайло,,Сербія,MF,2010–2011,Зоря (Луганськ)
w:1990-05-31:de,Джуліано,high,Де Паула Джуліано Віктор,,,Бразилія,MF,2010–2010,Дніпро (Дніпропетровськ)
w:1990-06-05:mali,Сергій Малий,auto,Малий Сергій Вікторович,,,Україна,DF,2009–2009,Зоря (Луганськ)
w:1990-06-30:bertohlio,Факундо Бертольйо,high,Бертогліо Факундо Даніель,,,Україна,MF,2010–2010,Динамо (Київ)
w:1990-07-15:frank,Франк Теміле,high,Теміле Франк,,,Нігерія,MF,2008–2008,Динамо (Київ)
w:1990-07-16:pohoreltsev,Роллан Погорельцев,auto,Погорельцев Роллан Сергійович,Погорельцев Роллан,,Україна,DF,2010–2011,Таврія (Сімферополь)
w:1990-08-17:diakiv,Ростислав Дяків,auto,Дяків Ростислав Васильович,,,Україна,FW,2010–2010,Кривбас (Кривий Ріг)
w:1990-08-17:karabaev,Дмитро Карабаєв,auto,Карабаєв Дмитро Володимирович,,,Україна,MF,2009–2009,Оболонь (Київ)
w:1990-08-24:berezovski,Ігор Березовський,auto,Березовський Ігор Олегович,Березовский Игорь,,Україна,GK,2010–2011,Оболонь (Київ)
w:1990-09-27:ribeiro,Андре,high,Рібейро де Соуза Андре Феліпе,,,Бразилія,FW,2010–2010,Динамо (Київ)
w:1990-10-10:fanendo,Фанендо Аді,high,Фанендо Аді,,,Нігерія,FW,2010–2010,Металург (Донецьк)
w:1991-00-00:abdulvahid,Абдулвахід Афолабі,check,,Афолаби Абдулвахид,,,FW,2011–2011,Таврія (Сімферополь)
w:1991-00-00:aderinsola,Адерінсола Есеола,high,,Адеринсола Эсеола,,Украина,FW,2021–2021,Ворскла (Полтава)
w:1991-00-00:aleksei,Олексій Паламарчук,high,,Алексей Паламарчук,,Украина,GK,2021–2021,Чорноморець (Одеса)
w:1991-00-00:artur,Артур Каськов,high,,Каськов Артур,,,FW,2011–2011,Чорноморець (Одеса)
w:1991-00-00:balashov,Віталій Балашов,high,,Балашов Виталий,,,FW,2011–2011,Чорноморець (Одеса)
w:1991-00-00:batischev,Олександр Батищев,high,,Батищев Александр,,,MF,2011–2011,Зоря (Луганськ)
w:1991-00-00:cheremisin,Олексій Черемісін,check,,Черемисин Алексей,,,DF,2011–2011,Оболонь (Київ)
w:1991-00-00:ehor,Єгор Іванов,high,,Иванов Егор,,,FW,2011–2011,Маріуполь / Іллічівець
w:1991-00-00:ihor,Ігор Солдат,high,,Игорь Солдат,,Украина,DF,2021–2021,Верес (Рівне)
w:1991-00-00:juk,Василь Жук,high,,Жук Василий,,,MF,2011–2011,Волинь (Луцьк)
w:1991-00-00:kravchenko,Антон Кравченко,high,,Кравченко Антон,,,DF,2011–2011,Волинь (Луцьк)
w:1991-00-00:misak,Роман Мисак,high,,Роман Мысак,,Украина,GK,2021–2021,Десна (Чернігів)
w:1991-00-00:pacheko,Херман Пачеко,high,,Пачеко Херман Эсекель,,,FW,2011–2011,Карпати (Львів)
w:1991-00-00:trombeli,Бруно Ренан,high,,Тромбелли Бруно Ренан,,,MF,2011–2011,Зоря (Луганськ)
w:1991-00-00:turchanov,В'ячеслав Турчанов,high,,Турчанов Вячеслав,,,MF,2011–2011,Оболонь (Київ)
w:1991-00-00:vadim,Вадим Жук,high,,Вадим Жук,,Украина,DF,2021–2021,Десна (Чернігів)
w:1991-01-18:spichka,Іван Спичка,auto,Спичка Іван Миколайович,,,Україна,MF,2010–2010,Металург (Запоріжжя)
w:1991-02-07:balashov,Віталій Балашов,auto,Балашов Віталій Юрійович,,,Україна,FW,2008–2009,Чорноморець (Одеса)
w:1991-02-27:vorobei,Максим Воробєй,auto,Воробєй Максим Вікторович,,,Україна,MF,2008–2008,Металург (Запоріжжя)
w:1991-03-01:riabi,Руслан Рябий,auto,Рябий Руслан Валентинович,,,Україна,FW,2009–2009,Оболонь (Київ)
w:1991-03-02:kisli,Микита Кислий,auto,Кислий Микита Григорович,,,Україна,FW,2010–2010,Зоря (Луганськ)
w:1991-04-17:polischuk,Олег Поліщук,auto,Поліщук Олег Леонідович,,,Україна,MF,2010–2010,Севастополь
w:1991-04-19:trombeli,Бруно Ренан,check,Тромбеллі Бруно Ренан,,,Бразилія,MF,2010–2010,Шахтар (Донецьк)
w:1991-07-28:lukash,Лукаш Штетіна,high,Штетіна Лукаш,,,Словаччина,DF,2010–2010,Металіст (Харків)
w:1991-10-25:moisenko,Олексій Моісеєнко,auto,Моісеєнко Олексій Анатолійович,,,Україна,FW,2010–2010,Металург (Запоріжжя)
w:1992-00-00:aleksandr,Олександр Караваєв,high,,Александр Караваев,,Украина,MF,2021–2021,Динамо (Київ)
w:1992-00-00:aleksei,Олексій Зозуля,high,,Алексей Зозуля,,Украина,DF,2021–2021,ПФК Львів
w:1992-00-00:alimi,Джаміу Алімі,high,,Алими Джамиу,,,DF,2011–2011,Таврія (Сімферополь)
w:1992-00-00:batiushin,Юрій Батюшин,high,,Юрий Батюшин,,Украина,MF,2021–2021,Металіст 1925 (Харків)
w:1992-00-00:chenbai,Сергій Ченбай,high,,Сергей Ченбай,,Украина,DF,2021–2021,Металіст 1925 (Харків)
w:1992-00-00:emelianov,Роман Ємельянов,high,,Емельянов Роман,,,MF,2011–2011,Шахтар (Донецьк)
w:1992-00-00:ermakov,Віталій Єрмаков,high,,Виталий Ермаков,,Украина,DF,2021–2021,Металіст 1925 (Харків)
w:1992-00-00:evheni,Євген Гальчук,high,,Евгений Гальчук,,Украина,GK,2021–2021,Інгулець (Петрове)
w:1992-00-00:ionas,Йоонас Тамм,high,,Йоонас Тамм,,Эстония,DF,2021–2021,Ворскла (Полтава)
w:1992-00-00:karlos,Карлос де Пена,high,,Карлос де Пена,,Италия,MF,2021–2021,Динамо (Київ)
w:1992-00-00:kverkvelia,Соломон Кверквелія,high,,Соломон Кверквелия,,Грузия,DF,2021–2021,Металіст 1925 (Харків)
w:1992-00-00:leka,Міхай Лека,high,,Михай Лека,,Румыния,DF,2021–2021,ПФК Львів
w:1992-00-00:lihovidko,Віктор Лиховидько,high,,Виктор Лиховидько,,Украина,DF,2021–2021,Минай
w:1992-00-00:panasenko,Сергій Панасенко,high,,Сергей Панасенко,,Украина,MF,2021–2021,Верес (Рівне)
w:1993-00-00:andrei,Андрій Семенко,high,,Андрей Семенко,,Украина,DF,2021–2021,Минай
w:1993-00-00:bolbat,Сергій Болбат,high,,Сергей Болбат,,Украина,MF,2021–2021,Десна (Чернігів)
w:1993-00-00:dehtiarev,Максим Дегтярьов,high,,Максим Дегтярёв,,Украина,FW,2021–2021,Десна (Чернігів)
w:1993-00-00:dmitri,Дмитро Мацапура,high,,Дмитрий Мацапура,,Украина,GK,2021–2021,Зоря (Луганськ)
w:1993-00-00:evheni,Євген Пасіч,high,,Евгений Пасич,,Украина,MF,2021–2021,Верес (Рівне)
w:1993-00-00:hahun,Роман Гагун,high,,Роман Гагун,,Украина,DF,2021–2021,Рух (Львів)
w:1993-00-00:hehedosh,Роберт Гегедош,high,,Роберт Гегедош,,Украина,FW,2021–2021,Верес (Рівне)
w:1993-00-00:henadi,Геннадій Пасіч,high,,Геннадий Пасич,,Украина,MF,2021–2021,Верес (Рівне)
w:1993-00-00:iakovenko,Юрій Яковенко,high,,Яковенко Юрий,,,FW,2011–2011,Оболонь (Київ)
w:1993-00-00:irakli,Іраклі Месхія,high,,Месхия Иракли,,,MF,2011–2011,Оболонь (Київ)
w:1993-00-00:kiril,Кирило Ковалець,high,,Ковалец Кирилл,,,MF,2011–2011,Оболонь (Київ)
w:1993-00-00:kulach,Владислав Кулач,high,,Владислав Кулач,,Украина,FW,2021–2021,Динамо (Київ)
w:1993-00-00:miakushko,Сергій Мякушко,high,,Сергей Мякушко,,Украина,MF,2011–2021,Оболонь (Київ); Минай
w:1993-00-00:monte,Нелсон Монте,high,,Нелсон Монте,,Португалия,DF,2021–2021,СК Дніпро-1
w:1993-00-00:nikita,Микита Полюлях,high,,Никита Полюлях,,Украина,MF,2021–2021,Верес (Рівне)
w:1993-00-00:timofenko,Віталій Тимофеєнко,high,,Виталий Тимофеенко,,Украина,MF,2021–2021,Верес (Рівне)
w:1994-00-00:azatski,Олександр Азацький,high,,Азацкий Александр,,,DF,2011–2011,Металіст (Харків)
w:1994-00-00:bondarenko,Валерій Бондаренко,high,,Валерий Бондаренко,,Украина,DF,2021–2021,Ворскла (Полтава)
w:1994-00-00:dmitri,Дмитро Мишньов,high,,Дмитрий Мишнёв,,Украина,MF,2021–2021,Маріуполь / Іллічівець
w:1994-00-00:hrin,Сергій Гринь,high,,Сергей Гринь,,Украина,FW,2021–2021,Олександрія
w:1994-00-00:iurchenko,Владлен Юрченко,high,,Владлен Юрченко,,Украина,MF,2021–2021,Десна (Чернігів)
w:1994-00-00:klimenko,Владислав Клименко,high,,Владислав Клименко,,Украина,MF,2021–2021,Маріуполь / Іллічівець
w:1994-00-00:lukas,Лукас Ранжел,high,,Лукас Ранжел,,Бразилия,FW,2021–2021,Ворскла (Полтава)
w:1994-00-00:maksim,Максим Задерака,high,,Максим Задерака,,Украина,MF,2021–2021,Металіст 1925 (Харків)
w:1994-00-00:nika,Ніка Сітчінава,high,,Ника Ситчинава,,Грузия,FW,2021–2021,Колос (Ковалівка)
w:1994-00-00:odariuk,Володимир Одарюк,high,,Владимир Одарюк,,Украина,FW,2021–2021,Олександрія
w:1994-00-00:petko,Сергій Петько,high,,Сергей Петько,,Украина,MF,2021–2021,Верес (Рівне)
w:1995-00-00:aleksei,Олексій Ковтун,high,,Алексей Ковтун,,Украина,DF,2021–2021,Десна (Чернігів)
w:1995-00-00:bilonoh,Дмитро Білоног,high,,Дмитрий Билоног,,Украина,FW,2021–2021,Минай
w:1995-00-00:bohdan,Богдан Кушніренко,high,,Богдан Кушниренко,,Украина,DF,2021–2021,Ворскла (Полтава)
w:1995-00-00:fransisko,Франсіско Ді Франко,high,,Франсиско ди Франко,,Аргентина,MF,2021–2021,СК Дніпро-1
w:1995-00-00:junior,Жуніор Рейс,high,,Жуниор Рейс,,Бразилия,DF,2021–2021,Зоря (Луганськ)
w:1995-00-00:kojokaru,Валентин Кожокару,high,,Валентин Кожокару,,Румыния,GK,2021–2021,СК Дніпро-1
w:1995-00-00:kuzik,Орест Кузик,high,,Орест Кузык,,Украина,FW,2021–2021,Рух (Львів)
w:1995-00-00:pavel,Павло Полегенько,high,,Павел Полегенько,,Украина,DF,2021–2021,Інгулець (Петрове)
w:1996-00-00:anatoli,Анатолій Нурієв,high,,Анатолий Нуриев,,Украина,MF,2021–2021,Колос (Ковалівка)
w:1996-00-00:beka,Бека Вачиберадзе,high,,Бека Вачиберадзе,,Украина,MF,2021–2021,Чорноморець (Одеса)
w:1996-00-00:bosanchich,Петар Босанчич,check,,Петар Босанчич,,Хорватия,DF,2021–2021,Маріуполь / Іллічівець
w:1996-00-00:dmitri,Дмитро Махнєв,high,,Дмитрий Махнев,,Украина,MF,2021–2021,Верес (Рівне)
w:1996-00-00:evheni,Євген Цимбалюк,high,,Евгений Цымбалюк,,Украина,DF,2021–2021,Десна (Чернігів)
w:1996-00-00:fabino,Фабінью,high,,Фабиньо,,Бразилия,MF,2021–2021,Металіст 1925 (Харків)
w:1996-00-00:hriso,Максим Грисьо,high,,Максим Грисьо,,Украина,MF,2021–2021,ПФК Львів
w:1996-00-00:ihor,Ігор Кірюханцев,high,,Игорь Кирюханцев,,Украина,DF,2021–2021,Олександрія
w:1996-00-00:kadiri,Мохаммед Кадірі,high,,Мохаммед Кадири,,Гана,MF,2021–2021,Чорноморець (Одеса)
w:1996-00-00:orihovski,Павло Оріховський,high,,Павел Ориховский,,Украина,MF,2021–2021,Рух (Львів)
w:1997-00-00:aleksandr,Олександр Масалов,high,,Александр Масалов,,Украина,DF,2021–2021,Динамо (Київ); Десна (Чернігів)
w:1997-00-00:antiuh,Денис Антюх,high,,Денис Антюх,,Украина,FW,2021–2021,Динамо (Київ)
w:1997-00-00:bohdan,Богдан Коваленко,high,,Богдан Коваленко,,Украина,MF,2021–2021,Минай
w:1997-00-00:buhai,Владислав Бугай,high,,Владислав Бугай,,Украина,FW,2021–2021,Чорноморець (Одеса)
w:1997-00-00:danil,Данило Кучер,high,,Даниил Кучер,,Украина,GK,2021–2021,Минай
w:1997-00-00:evheni,Євген Протасов,high,,Евгений Протасов,,Украина,MF,2021–2021,Металіст 1925 (Харків)
w:1997-00-00:klaudio,Клаудіо Спінеллі,high,,Клаудио Спинелли,,Италия,FW,2021–2021,Олександрія
w:1997-00-00:kravchenko,Микита Кравченко,high,,Никита Кравченко,,Украина,DF,2021–2021,СК Дніпро-1
w:1997-00-00:mahankov,Володимир Маханьков,high,,Владимир Маханьков,,Украина,GK,2021–2021,Колос (Ковалівка)
w:1997-00-00:marlison,Марлісон,high,,Марлисон,,Бразилия,FW,2021–2021,Металіст 1925 (Харків)
w:1997-00-00:renan,Ренан,high,,Ренан,,Бразилия,FW,2021–2021,Колос (Ковалівка)
w:1997-00-00:sakiv,Тарас Саків,high,,Тарас Сакив,,Украина,DF,2021–2021,Колос (Ковалівка)
w:1997-00-00:sharai,Владислав Шарай,high,,Владислав Шарай,,Украина,MF,2021–2021,Інгулець (Петрове)
w:1998-00-00:bilik,Олег Білик,high,,Олег Билык,,Украина,GK,2021–2021,Олександрія
w:1998-00-00:deho,Дієго Каріока,high,,Диего Кариока,,Бразилия,MF,2021–2021,Колос (Ковалівка)
w:1998-00-00:evheni,Євген Смирний,high,,Евгений Смирный,,Украина,MF,2021–2021,Чорноморець (Одеса)
w:1998-00-00:hameliuk,Владислав Хамелюк,high,,Владислав Хамелюк,,Украина,MF,2021–2021,ПФК Львів
w:1998-00-00:lunev,Максим Луньов,high,,Максим Лунёв,,Украина,FW,2021–2021,Зоря (Луганськ)
w:1998-00-00:nazari,Назарій Русин,high,,Назарий Русин,,Украина,FW,2021–2021,СК Дніпро-1
w:1998-00-00:roman,Роман Вантух,high,,Роман Вантух,,Украина,DF,2021–2021,Чорноморець (Одеса)
w:1999-00-00:aleksandr,Олександр Сафронов,high,,Александр Сафронов,,Украина,DF,2021–2021,Десна (Чернігів)
w:1999-00-00:aleksei,Олексій Хахльов,high,,Алексей Хахлёв,,Украина,MF,2021–2021,Минай
w:1999-00-00:bohdan,Богдан Векляк,high,,Богдан Векляк,,Украина,DF,2021–2021,Минай
w:1999-00-00:ilia,Ілля Шкурін,high,,Илья Шкурин,,Беларусь,FW,2021–2021,Динамо (Київ)
w:1999-00-00:kucheruk,Владислав Кучерук,high,,Владислав Кучерук,,Украина,GK,2021–2021,Чорноморець (Одеса)
w:1999-00-00:vakula,Владислав Вакула,high,,Владислав Вакула,,Украина,FW,2021–2021,Ворскла (Полтава)
w:1999-00-00:vitino,Вітінью,high,,Витиньо,,Бразилия,FW,2021–2021,Динамо (Київ)
w:2000-00-00:alefirenko,Данило Алефіренко,high,,Даниил Алефиренко,,Украина,FW,2021–2021,Зоря (Луганськ)
w:2000-00-00:artem,Артем Холод,high,,Артём Холод,,Украина,DF,2021–2021,Маріуполь / Іллічівець
w:2000-00-00:dmitri,Дмитро Криськів,high,,Дмитрий Крыськив,,Украина,MF,2021–2021,Металіст 1925 (Харків)
w:2000-00-00:dolhov,Петро Долгов,high,,Пётр Долгов,,Украина,MF,2021–2021,Чорноморець (Одеса)
w:2000-00-00:evheni,Євген Ісаєнко,high,,Евгений Исаенко,,Украина,FW,2021–2021,Чорноморець (Одеса)
w:2000-00-00:heorhi,Георгій Цитаїшвілі,high,,Георгий Цитаишвили,,Грузия,MF,2021–2021,Чорноморець (Одеса)
w:2000-00-00:maikl,Майкл Стефен,high,,Майкл Стефен,,Нигерия,FW,2021–2021,Інгулець (Петрове)
w:2000-00-00:maschenko,Вадим Мащенко,high,,Вадим Мащенко,,Украина,MF,2021–2021,Чорноморець (Одеса)
w:2000-00-00:sorokin,Станіслав Сорокін,high,,Станислав Сорокин,,Украина,MF,2021–2021,ПФК Львів
w:2001-00-00:belich,Євген Беліч,check,,Евгений Белич,,Украина,MF,2021–2021,Десна (Чернігів)
w:2001-00-00:bilovar,Крістіан Біловар,high,,Кристиан Биловар,,Украина,DF,2021–2021,Чорноморець (Одеса); Десна (Чернігів)
w:2001-00-00:danil,Данило Кравчук,high,,Даниил Кравчук,,Украина,FW,2021–2021,Ворскла (Полтава)
w:2001-00-00:dubko,Валерій Дубко,high,,Валерий Дубко,,Украина,DF,2021–2021,Чорноморець (Одеса)
w:2001-00-00:ilia,Ілля Царюк,high,,Илья Царюк,,Украина,DF,2021–2021,Маріуполь / Іллічівець
w:2001-00-00:mihailenko,Микола Михайленко,high,,Николай Михайленко,,Украина,MF,2021–2021,Чорноморець (Одеса)
w:2001-00-00:osaze,Осазе Де Розаріо,high,,Осазе Де Розарио,,США,FW,2021–2021,Рух (Львів)
w:2001-00-00:vikenti,Вікентій Волошин,high,,Викентий Волошин,,Украина,MF,2021–2021,Десна (Чернігів)
w:2002-00-00:amar,Амар Квакич,high,,Амар Квакич,,Австрия,DF,2021–2021,Металіст 1925 (Харків)
w:2002-00-00:bohdan,Богдан Поталов,high,,Богдан Поталов,,Украина,FW,2021–2021,Маріуполь / Іллічівець
w:2002-00-00:danil,Данило Скорко,high,,Данил Скорко,,Украина,DF,2021–2021,Чорноморець (Одеса)
w:2002-00-00:denis,Денис Кузик,high,,Денис Кузык,,Украина,FW,2021–2021,Маріуполь / Іллічівець; Чорноморець (Одеса)
w:2002-00-00:edvard,Едвард Кобак,high,,Эдвард Кобак,,Украина,FW,2021–2021,Минай
w:2002-00-00:iuri,Юрій Тлумак,high,,Юрий Тлумак,,Украина,DF,2021–2021,Чорноморець (Одеса)
w:2002-00-00:kovalenko,Максим Коваленко,high,,Максим Коваленко,,Украина,GK,2021–2021,Металіст 1925 (Харків)
w:2002-00-00:vanat,Владислав Ванат,high,,Владислав Ванат,,Украина,FW,2021–2021,Чорноморець (Одеса)
w:2003-00-00:artur,Артур Микитишин,high,,Артур Микитишин,,Украина,FW,2021–2021,Маріуполь / Іллічівець
w:2003-00-00:denis,Денис Шостак,high,,Денис Шостак,,Украина,MF,2021–2021,Маріуполь / Іллічівець
w:2003-00-00:hromei,Михайло Хромей,high,,Михаил Хромей,,Украина,MF,2021–2021,Маріуполь / Іллічівець
w:2003-00-00:kozishkurt,Олег Козишкурт,high,,Олег Козишкурт,,Украина,MF,2021–2021,Маріуполь / Іллічівець
w:2003-00-00:mahinia,Микита Махиня,high,,Никита Махиня,,Украина,FW,2021–2021,Маріуполь / Іллічівець
w:2003-00-00:nedes,Паоло Недес,high,,Паоло Недес,,Украина,DF,2021–2021,Маріуполь / Іллічівець
w:2003-00-00:ocheretko,Олег Очеретько,high,,Олег Очеретько,,Украина,MF,2021–2021,Маріуполь / Іллічівець
w:2003-00-00:vitali,Віталій Роман,high,,Виталий Роман,,Украина,DF,2021–2021,Рух (Львів)
w:2004-00-00:danil,Данило Удод,high,,Даниил Удод,,Украина,DF,2021–2021,Маріуполь / Іллічівець
w:2004-00-00:oleh,Олег Філонов,high,,Олег Филонов,,Украина,MF,2021–2021,Маріуполь / Іллічівець
w:2005-00-00:danil,Данило Савін,high,,Даниил Савин,,Украина,FW,2021–2021,Маріуполь / Іллічівець
w:ru:богданов_андрей,Андрій Богданов,high,,Богданов Андрей,,—,MF,2011–2011,Шахтар (Донецьк)
w:ru:бордиян_виталий,Віталій Бордіян,check,,Бордиян Виталий,,—,MF,2011–2011,Ворскла (Полтава)
w:ru:бутко_богдан,Богдан Бутко,high,,Бутко Богдан,,—,MF,2011–2011,Динамо (Київ)
w:ru:гирский_степан,Степан Гірський,high,,Гирский Степан,,—,MF,2011–2011,Таврія (Сімферополь)
w:ru:гринченко_андрей,Андрій Грінченко,check,,Гринченко Андрей,,—,MF,2011–2011,Кривбас (Кривий Ріг)
w:ru:донец_андрей,Андрій Донець,high,,Донец Андрей,,—,MF,2011–2011,Металург (Донецьк)
w:ru:игнатевич_никола,Нікола Ігнятієвич,check,,Игнатевич Никола,,—,MF,2011–2011,Дніпро (Дніпропетровськ)
w:ru:ковальчук_пётр,Петро Ковальчук,high,,Ковальчук Пётр,,—,MF,2011–2011,Арсенал (Київ)
w:ru:корнев_андрей,Андрій Корнєв,check,,Корнев Андрей,,—,MF,2011–2011,Металург (Донецьк)
w:ru:матвеев_александр,Олександр Матвєєв,high,,Матвеев Александр,,—,MF,2011–2011,Арсенал (Київ)
w:ru:матюхин_сергей,Сергій Матюхін,high,,Матюхин Сергей,,—,MF,2011–2011,Таврія (Сімферополь)
w:ru:монахов_антон,Антон Монахов,high,,Монахов Антон,,—,MF,2011–2011,Ворскла (Полтава)
w:ru:назаренко_дмитрий,Дмитро Назаренко,high,,Назаренко Дмитрий,,—,MF,2011–2011,Динамо (Київ)
w:ru:ощипко_игорь,Ігор Ощипко,high,,Ощипко Игорь,,—,MF,2011–2011,Зоря (Луганськ)
w:ru:петров_кирилл,Кирило Петров,high,,Петров Кирилл,,—,MF,2011–2011,Металург (Донецьк); Маріуполь / Іллічівець
w:ru:пластун_игорь,Ігор Пластун,high,,Пластун Игорь,,—,MF,2011–2011,Металіст (Харків)
w:ru:полянский_алексей,Олексій Полянський,high,,Полянский Алексей,,—,MF,2011–2011,Чорноморець (Одеса)
w:ru:ротань_руслан,Руслан Ротань,high,,Ротань Руслан,,—,MF,2011–2011,Арсенал (Київ)
w:ru:симоненко_сергей,Сергій Симоненко,high,,Симоненко Сергей,,—,MF,2011–2011,Таврія (Сімферополь)
w:ru:тищенко_игорь,Ігор Тищенко,high,,Тищенко Игорь,,—,MF,2011–2011,Металург (Донецьк)
w:ru:чайковский_игорь,Ігор Чайковський,high,,Чайковский Игорь,,—,MF,2011–2011,Чорноморець (Одеса)
w:ru:чечер_вячеслав,В'ячеслав Чечер,high,,Чечер Вячеслав,,—,MF,2011–2011,Зоря (Луганськ)
w:ru:шунич_тони,Тоні Шуніч,high,,Шунич Тони,,—,MF,2011–2011,Арсенал (Київ)
